ISIN,conId,Symbol,Currency,date,open,high,low,close,volume,barCount,average
CA6993202069,14893089,POU,CAD,2019-01-02,6.9535,7.3765,6.7665,7.15,852286,4431,7.146111
CA6993202069,14893089,POU,CAD,2019-01-03,7.2385,8.055,7.1795,7.7695,1404320,4813,7.704739
CA6993202069,14893089,POU,CAD,2019-01-04,8.035,8.2415,7.7695,8.1825,728782,3788,8.11830075
CA6993202069,14893089,POU,CAD,2019-01-07,8.2615,8.4975,8.0845,8.281,645395,3373,8.316476
CA6993202069,14893089,POU,CAD,2019-01-08,8.409,8.4285,7.8385,8.153,748276,4048,8.10846575
CA6993202069,14893089,POU,CAD,2019-01-09,8.232,8.694,8.163,8.5565,637243,3575,8.45564125
CA6993202069,14893089,POU,CAD,2019-01-10,8.5075,8.753,8.3695,8.596,403835,2287,8.59431475
CA6993202069,14893089,POU,CAD,2019-01-11,8.527,8.6845,8.3105,8.478,325634,1714,8.45465775
CA6993202069,14893089,POU,CAD,2019-01-14,8.36,8.478,8.173,8.281,261368,1629,8.3528655
CA6993202069,14893089,POU,CAD,2019-01-15,8.34,8.5465,8.2515,8.3105,192385,1245,8.34155525
CA6993202069,14893089,POU,CAD,2019-01-16,8.3005,8.399,8.1335,8.35,161286,1141,8.29139675
CA6993202069,14893089,POU,CAD,2019-01-17,8.2415,8.517,8.094,8.409,317732,1217,8.34647275
CA6993202069,14893089,POU,CAD,2019-01-18,8.3895,8.989,8.3895,8.6745,436944,2266,8.73495525
CA6993202069,14893089,POU,CAD,2019-01-21,8.812,9.0185,8.6745,8.9795,78334,344,8.9055925
CA6993202069,14893089,POU,CAD,2019-01-22,8.9005,8.9595,8.3795,8.409,256890,1436,8.51170075
CA6993202069,14893089,POU,CAD,2019-01-23,8.4875,8.537,8.094,8.35,530828,2791,8.28254525
CA6993202069,14893089,POU,CAD,2019-01-24,8.291,8.6155,8.291,8.3795,162697,1215,8.444331
CA6993202069,14893089,POU,CAD,2019-01-25,8.458,8.5565,8.291,8.3205,366892,1410,8.4315455
CA6993202069,14893089,POU,CAD,2019-01-28,8.2025,8.212,7.799,7.937,401996,2054,7.919142
CA6993202069,14893089,POU,CAD,2019-01-29,7.976,8.281,7.9465,8.094,323739,1783,8.096172
CA6993202069,14893089,POU,CAD,2019-01-30,8.2025,8.2515,8.0745,8.173,275191,1322,8.17436025
CA6993202069,14893089,POU,CAD,2019-01-31,8.222,8.222,7.5435,7.622,689584,2419,7.801122
CA6993202069,14893089,POU,CAD,2019-02-01,7.6515,7.917,7.5535,7.878,402232,1968,7.7253925
CA6993202069,14893089,POU,CAD,2019-02-04,7.7695,8.173,7.5925,8.114,443870,1812,7.97077575
CA6993202069,14893089,POU,CAD,2019-02-05,8.0745,8.0745,7.8485,7.976,220411,847,7.94225425
CA6993202069,14893089,POU,CAD,2019-02-06,7.937,8.3205,7.8385,8.0155,410646,1570,8.111908
CA6993202069,14893089,POU,CAD,2019-02-07,7.976,7.986,7.622,7.75,293309,1324,7.7706335
CA6993202069,14893089,POU,CAD,2019-02-08,7.8285,7.8285,7.3565,7.406,440846,2057,7.531643
CA6993202069,14893089,POU,CAD,2019-02-11,7.327,7.76,7.2285,7.642,421532,1835,7.5090225
CA6993202069,14893089,POU,CAD,2019-02-12,7.917,8.0645,7.799,8.045,471942,2097,7.9555315
CA6993202069,14893089,POU,CAD,2019-02-13,8.104,8.7825,8.055,8.5565,596673,2474,8.48022875
CA6993202069,14893089,POU,CAD,2019-02-14,8.527,8.753,8.419,8.7335,347970,2005,8.59923225
CA6993202069,14893089,POU,CAD,2019-02-15,8.704,9.5795,8.704,9.54,4000428,22427,9.34275825
CA6993202069,14893089,POU,CAD,2019-02-19,9.727,9.727,9.2545,9.373,426219,1985,9.44012475
CA6993202069,14893089,POU,CAD,2019-02-20,9.353,9.5595,9.1955,9.432,341414,2007,9.40668575
CA6993202069,14893089,POU,CAD,2019-02-21,9.3825,9.481,9.1565,9.363,336651,1779,9.37029625
CA6993202069,14893089,POU,CAD,2019-02-22,9.4415,9.5595,9.2545,9.412,332237,1511,9.423897
CA6993202069,14893089,POU,CAD,2019-02-25,9.294,9.54,9.294,9.53,233406,1289,9.445534
CA6993202069,14893089,POU,CAD,2019-02-26,9.5205,9.8055,9.3925,9.422,308874,1758,9.58568275
CA6993202069,14893089,POU,CAD,2019-02-27,9.481,9.648,9.1955,9.2645,449612,2524,9.36341175
CA6993202069,14893089,POU,CAD,2019-02-28,9.225,9.348,8.7235,8.832,412689,2194,8.88641425
CA6993202069,14893089,POU,CAD,2019-03-01,8.8515,9.245,8.832,9.058,462457,2632,9.07721325
CA6993202069,14893089,POU,CAD,2019-03-04,9.166,9.225,8.6055,8.95,416768,2163,8.78609725
CA6993202069,14893089,POU,CAD,2019-03-05,8.989,9.048,8.7435,8.763,211682,1220,8.8446155
CA6993202069,14893089,POU,CAD,2019-03-06,8.7335,8.832,8.4875,8.773,408252,1892,8.62972075
CA6993202069,14893089,POU,CAD,2019-03-07,8.596,8.596,7.5435,7.8875,914232,4415,7.9476635
CA6993202069,14893089,POU,CAD,2019-03-08,7.3765,7.455,6.9975,7.2875,1090294,3882,7.18987675
CA6993202069,14893089,POU,CAD,2019-03-11,7.3075,7.4255,7.1105,7.15,457526,2327,7.26363925
CA6993202069,14893089,POU,CAD,2019-03-12,7.209,7.2285,7.0125,7.1695,441162,1938,7.157913
CA6993202069,14893089,POU,CAD,2019-03-13,7.2285,7.455,7.1795,7.268,685633,2349,7.3300255
CA6993202069,14893089,POU,CAD,2019-03-14,7.2875,7.4255,7.1305,7.16,264407,1277,7.2100385
CA6993202069,14893089,POU,CAD,2019-03-15,7.199,7.2335,6.983,7.032,519447,1870,7.05120325
CA6993202069,14893089,POU,CAD,2019-03-18,7.0715,7.455,6.983,7.3665,427464,2407,7.29609475
CA6993202069,14893089,POU,CAD,2019-03-19,7.4155,7.6125,7.278,7.4255,472532,2496,7.46328975
CA6993202069,14893089,POU,CAD,2019-03-20,7.455,7.917,7.258,7.701,455452,1946,7.6270425
CA6993202069,14893089,POU,CAD,2019-03-21,7.691,8.0255,7.573,7.858,426947,2164,7.86750825
CA6993202069,14893089,POU,CAD,2019-03-22,7.7795,7.7795,7.406,7.504,398513,2257,7.58819425
CA6993202069,14893089,POU,CAD,2019-03-25,7.4155,7.4945,7.2285,7.2975,267233,1358,7.33838525
CA6993202069,14893089,POU,CAD,2019-03-26,7.524,7.6615,7.3765,7.4255,244577,1212,7.4972205
CA6993202069,14893089,POU,CAD,2019-03-27,7.4155,7.4745,7.081,7.1695,260897,1179,7.2159395
CA6993202069,14893089,POU,CAD,2019-03-28,7.1105,7.14,6.924,7.0025,283698,1126,7.01186325
CA6993202069,14893089,POU,CAD,2019-03-29,7.1305,7.1305,6.855,7.0025,500455,1867,6.98285
CA6993202069,14893089,POU,CAD,2019-04-01,7.081,7.7105,7.081,7.5925,561107,2578,7.500171
CA6993202069,14893089,POU,CAD,2019-04-02,7.6515,7.7305,7.406,7.5925,304725,1757,7.59114475
CA6993202069,14893089,POU,CAD,2019-04-03,7.6125,7.6515,7.3075,7.3565,430249,1883,7.4746
CA6993202069,14893089,POU,CAD,2019-04-04,7.337,7.524,7.15,7.4255,309981,1490,7.3654315
CA6993202069,14893089,POU,CAD,2019-04-05,7.455,7.76,7.4255,7.7305,590509,2553,7.65212175
CA6993202069,14893089,POU,CAD,2019-04-08,7.7695,8.163,7.76,8.1435,295263,1439,8.03371975
CA6993202069,14893089,POU,CAD,2019-04-09,8.104,8.3105,7.9465,8.153,261224,1360,8.08781225
CA6993202069,14893089,POU,CAD,2019-04-10,8.2025,8.4975,8.153,8.3895,224109,1239,8.3410635
CA6993202069,14893089,POU,CAD,2019-04-11,8.3005,8.7435,8.2415,8.33,345242,1878,8.43990525
CA6993202069,14893089,POU,CAD,2019-04-12,8.6055,8.655,8.3105,8.586,342628,1366,8.51661825
CA6993202069,14893089,POU,CAD,2019-04-15,8.527,8.5565,8.33,8.3795,287949,1343,8.450232
CA6993202069,14893089,POU,CAD,2019-04-16,8.419,8.5565,8.1335,8.4975,260378,1245,8.3449975
CA6993202069,14893089,POU,CAD,2019-04-17,8.5565,8.9595,8.458,8.891,536991,1945,8.737414
CA6993202069,14893089,POU,CAD,2019-04-18,8.9695,9.117,8.7925,8.9205,340582,1616,8.9193615
CA6993202069,14893089,POU,CAD,2019-04-22,8.999,9.3235,8.9695,9.1465,394925,1581,9.1199955
CA6993202069,14893089,POU,CAD,2019-04-23,9.1565,9.363,8.989,9.176,345162,1548,9.15195925
CA6993202069,14893089,POU,CAD,2019-04-24,9.1465,9.2055,8.832,8.9005,286731,1306,8.95722625
CA6993202069,14893089,POU,CAD,2019-04-25,8.8415,8.94,8.6745,8.7435,321124,1157,8.7757705
CA6993202069,14893089,POU,CAD,2019-04-26,8.6055,8.655,8.36,8.409,254901,1327,8.4315455
CA6993202069,14893089,POU,CAD,2019-04-29,8.409,9.009,8.33,8.9795,465535,2074,8.7561005
CA6993202069,14893089,POU,CAD,2019-04-30,8.999,8.999,8.655,8.773,134836,741,8.7777375
CA6993202069,14893089,POU,CAD,2019-05-01,8.773,8.773,8.281,8.3205,386281,1431,8.452199
CA6993202069,14893089,POU,CAD,2019-05-02,8.1825,8.2615,7.937,8.173,284822,1147,8.15370675
CA6993202069,14893089,POU,CAD,2019-05-03,8.2415,8.5665,8.114,8.517,204696,1038,8.40154875
CA6993202069,14893089,POU,CAD,2019-05-06,8.291,8.596,8.158,8.5565,384138,1417,8.410892
CA6993202069,14893089,POU,CAD,2019-05-07,8.3895,8.7435,8.173,8.271,460811,2216,8.37499425
CA6993202069,14893089,POU,CAD,2019-05-08,8.3105,9.0975,8.153,8.222,831966,3742,8.464001
CA6993202069,14893089,POU,CAD,2019-05-09,8.4485,9.009,8.222,8.468,1015205,4876,8.63660525
CA6993202069,14893089,POU,CAD,2019-05-10,8.6055,9.3235,8.458,9.2745,709662,3567,8.89624925
CA6993202069,14893089,POU,CAD,2019-05-13,9.235,9.304,8.694,8.773,312244,1603,8.89723275
CA6993202069,14893089,POU,CAD,2019-05-14,8.891,9.186,8.753,9.0285,289382,1492,8.99558275
CA6993202069,14893089,POU,CAD,2019-05-15,8.881,9.107,8.635,8.9795,230694,1160,8.89133175
CA6993202069,14893089,POU,CAD,2019-05-16,9.107,9.304,8.9795,9.0975,261499,1170,9.144583
CA6993202069,14893089,POU,CAD,2019-05-17,8.999,9.0975,8.812,8.9795,363451,1175,8.957718
CA6993202069,14893089,POU,CAD,2019-05-21,8.989,9.0975,8.832,9.0185,279577,1247,8.99853325
CA6993202069,14893089,POU,CAD,2019-05-22,8.8615,8.9595,8.5665,8.6055,340540,1778,8.70840075
CA6993202069,14893089,POU,CAD,2019-05-23,8.3695,8.4385,7.7895,7.819,799068,2167,8.01306625
CA6993202069,14893089,POU,CAD,2019-05-24,7.9075,7.937,7.5925,7.74,306172,1550,7.75932325
CA6993202069,14893089,POU,CAD,2019-05-27,7.7205,7.868,7.701,7.858,182889,1028,7.8060395
CA6993202069,14893089,POU,CAD,2019-05-28,7.878,7.878,7.642,7.7205,388457,1528,7.71899975
CA6993202069,14893089,POU,CAD,2019-05-29,7.583,7.8875,7.5435,7.74,495549,2026,7.70818125
CA6993202069,14893089,POU,CAD,2019-05-30,7.819,7.858,7.455,7.514,609133,2213,7.60688075
CA6993202069,14893089,POU,CAD,2019-05-31,7.2975,7.386,7.14,7.2385,309480,1777,7.27150725
CA6993202069,14893089,POU,CAD,2019-06-03,7.3565,7.6025,7.0615,7.14,562913,2862,7.244461
CA6993202069,14893089,POU,CAD,2019-06-04,7.209,7.337,7.032,7.1205,337085,2014,7.14561925
CA6993202069,14893089,POU,CAD,2019-06-05,7.032,7.091,6.6975,6.7765,428700,1996,6.821556
CA6993202069,14893089,POU,CAD,2019-06-06,6.796,7.0025,6.57,6.9335,696530,2962,6.8048365
CA6993202069,14893089,POU,CAD,2019-06-07,6.8945,6.9335,6.7565,6.786,219218,1219,6.82598175
CA6993202069,14893089,POU,CAD,2019-06-10,6.7765,6.786,6.2945,6.373,586952,2662,6.43651575
CA6993202069,14893089,POU,CAD,2019-06-11,6.4025,6.4615,6.265,6.383,318202,1505,6.3838985
CA6993202069,14893089,POU,CAD,2019-06-12,6.255,6.2945,5.9305,6.009,901874,2575,6.0691785
CA6993202069,14893089,POU,CAD,2019-06-13,6.1765,6.2745,6.029,6.0585,522986,1591,6.08048875
CA6993202069,14893089,POU,CAD,2019-06-14,6.088,6.088,5.7045,5.8225,503495,1998,5.8429735
CA6993202069,14893089,POU,CAD,2019-06-17,5.793,6.068,5.7045,6.0485,211337,1273,5.9531255
CA6993202069,14893089,POU,CAD,2019-06-18,6.1075,6.383,6.0585,6.3435,317225,1588,6.24079925
CA6993202069,14893089,POU,CAD,2019-06-19,6.3435,6.3435,6.088,6.127,220675,1281,6.182281
CA6993202069,14893089,POU,CAD,2019-06-20,6.314,6.4715,6.2155,6.314,317912,1583,6.33128125
CA6993202069,14893089,POU,CAD,2019-06-21,6.3335,6.3335,6.1175,6.1565,386970,1435,6.16703675
CA6993202069,14893089,POU,CAD,2019-06-24,6.1765,6.206,5.9995,6.137,327524,1162,6.11786175
CA6993202069,14893089,POU,CAD,2019-06-25,6.1075,6.196,6.0435,6.1565,255153,989,6.14441625
CA6993202069,14893089,POU,CAD,2019-06-26,6.245,6.609,6.1665,6.5305,524721,2065,6.46110325
CA6993202069,14893089,POU,CAD,2019-06-27,6.5305,6.56,5.9895,6.196,404387,1908,6.296367
CA6993202069,14893089,POU,CAD,2019-06-28,6.57,6.904,6.3535,6.4225,1292560,4664,6.5019185
CA6993202069,14893089,POU,CAD,2019-07-02,6.442,6.4615,6.019,6.2155,1088030,2468,6.19359125
CA6993202069,14893089,POU,CAD,2019-07-03,6.2745,6.324,6.0975,6.2845,422743,1152,6.2265385
CA6993202069,14893089,POU,CAD,2019-07-04,6.245,6.55,6.147,6.4225,208715,1060,6.41979625
CA6993202069,14893089,POU,CAD,2019-07-05,6.4125,6.904,6.324,6.7765,386330,1830,6.65386925
CA6993202069,14893089,POU,CAD,2019-07-08,6.7175,6.8845,6.7175,6.7665,340983,1632,6.7831995
CA6993202069,14893089,POU,CAD,2019-07-09,6.737,6.737,6.619,6.678,489504,2154,6.6809155
CA6993202069,14893089,POU,CAD,2019-07-10,6.786,7.2535,6.727,7.0615,550530,2776,7.00497875
CA6993202069,14893089,POU,CAD,2019-07-11,7.081,7.1105,6.8355,7.022,279065,1681,6.9523615
CA6993202069,14893089,POU,CAD,2019-07-12,7.0125,7.15,6.914,7.091,206824,1176,7.059563
CA6993202069,14893089,POU,CAD,2019-07-15,7.101,7.46,7.0565,7.3565,332419,1455,7.33051725
CA6993202069,14893089,POU,CAD,2019-07-16,7.3465,7.3465,6.973,7.081,347888,1806,7.08857625
CA6993202069,14893089,POU,CAD,2019-07-17,7.091,7.1695,6.7175,6.7565,484785,2305,6.82991575
CA6993202069,14893089,POU,CAD,2019-07-18,6.6485,6.6485,6.4715,6.57,271132,1461,6.54175025
CA6993202069,14893089,POU,CAD,2019-07-19,6.5895,6.6975,6.501,6.609,200402,1003,6.622889
CA6993202069,14893089,POU,CAD,2019-07-22,6.619,6.7175,6.5895,6.609,222136,1105,6.61452925
CA6993202069,14893089,POU,CAD,2019-07-23,6.629,6.6975,6.5405,6.629,367083,1201,6.6160045
CA6993202069,14893089,POU,CAD,2019-07-24,6.5795,6.7665,6.491,6.6485,318896,1355,6.636658
CA6993202069,14893089,POU,CAD,2019-07-25,6.6975,6.747,6.4815,6.55,180898,1095,6.5569945
CA6993202069,14893089,POU,CAD,2019-07-26,6.56,6.7075,6.511,6.57,208602,1167,6.60666125
CA6993202069,14893089,POU,CAD,2019-07-29,6.5795,6.7075,6.4715,6.5895,147092,803,6.56928825
CA6993202069,14893089,POU,CAD,2019-07-30,6.56,7.445,6.4665,7.337,716732,2867,6.98727575
CA6993202069,14893089,POU,CAD,2019-07-31,7.3765,8.0155,7.3565,7.809,711500,3851,7.791287
CA6993202069,14893089,POU,CAD,2019-08-01,7.7305,7.74,7.337,7.524,425689,2082,7.51394
CA6993202069,14893089,POU,CAD,2019-08-02,7.622,7.622,7.268,7.2975,203067,1152,7.360514
CA6993202069,14893089,POU,CAD,2019-08-06,6.924,7.209,6.7175,6.855,265548,1364,6.89482675
CA6993202069,14893089,POU,CAD,2019-08-07,6.6485,6.7075,6.206,6.373,732965,3853,6.3819315
CA6993202069,14893089,POU,CAD,2019-08-08,5.95,6.442,5.891,5.9895,936004,4376,6.05836
CA6993202069,14893089,POU,CAD,2019-08-09,6.1765,6.324,5.901,6.2745,424191,2184,6.103601
CA6993202069,14893089,POU,CAD,2019-08-12,6.2355,6.255,5.911,5.9995,473415,2110,5.99099025
CA6993202069,14893089,POU,CAD,2019-08-13,5.9995,6.2255,5.911,6.0585,352072,1921,6.0986835
CA6993202069,14893089,POU,CAD,2019-08-14,5.891,5.9995,5.478,5.498,911195,3853,5.65463325
CA6993202069,14893089,POU,CAD,2019-08-15,5.4585,5.5615,5.3205,5.429,533404,2728,5.4338375
CA6993202069,14893089,POU,CAD,2019-08-16,5.498,5.665,5.488,5.6355,377637,1700,5.62316125
CA6993202069,14893089,POU,CAD,2019-08-19,5.734,5.8025,5.675,5.793,256005,1238,5.75888425
CA6993202069,14893089,POU,CAD,2019-08-20,5.7435,6.029,5.675,5.95,200164,1127,5.86510225
CA6993202069,14893089,POU,CAD,2019-08-21,6.019,6.186,5.8815,5.9795,212843,1198,5.987548
CA6993202069,14893089,POU,CAD,2019-08-22,5.9795,6.127,5.8715,5.9205,191985,1125,5.9649275
CA6993202069,14893089,POU,CAD,2019-08-23,5.8225,5.901,5.5075,5.5665,280376,1678,5.64774875
CA6993202069,14893089,POU,CAD,2019-08-26,5.655,5.6845,5.36,5.3795,189560,736,5.4869465
CA6993202069,14893089,POU,CAD,2019-08-27,5.4685,5.4685,5.173,5.232,320304,1592,5.27008475
CA6993202069,14893089,POU,CAD,2019-08-28,5.3305,5.5865,5.252,5.5275,405891,1711,5.41859325
CA6993202069,14893089,POU,CAD,2019-08-29,5.596,5.734,5.4585,5.7045,694204,2948,5.62119425
CA6993202069,14893089,POU,CAD,2019-08-30,5.665,5.665,5.429,5.5765,310763,1530,5.54251425
CA6993202069,14893089,POU,CAD,2019-09-03,5.4685,5.5665,5.3895,5.5275,212193,1064,5.51595975
CA6993202069,14893089,POU,CAD,2019-09-04,5.616,6.0485,5.557,5.783,386850,1945,5.78543875
CA6993202069,14893089,POU,CAD,2019-09-05,5.8615,6.206,5.8125,6.1565,355359,1691,6.09425775
CA6993202069,14893089,POU,CAD,2019-09-06,6.127,6.3535,6.029,6.265,272775,1154,6.2245715
CA6993202069,14893089,POU,CAD,2019-09-09,6.373,6.491,6.2745,6.4125,399366,1549,6.4114365
CA6993202069,14893089,POU,CAD,2019-09-10,6.4225,6.8155,6.383,6.688,282836,1668,6.66272075
CA6993202069,14893089,POU,CAD,2019-09-11,6.747,7.0025,6.442,6.511,439959,2703,6.67648975
CA6993202069,14893089,POU,CAD,2019-09-12,6.363,6.904,6.2745,6.845,310752,1694,6.719272
CA6993202069,14893089,POU,CAD,2019-09-13,6.8845,7.032,6.747,6.983,198167,1026,6.8815495
CA6993202069,14893089,POU,CAD,2019-09-16,7.7205,7.996,7.4745,7.858,872193,3290,7.751947
CA6993202069,14893089,POU,CAD,2019-09-17,7.7695,7.809,7.4255,7.4945,350881,2079,7.59606225
CA6993202069,14893089,POU,CAD,2019-09-18,7.3765,7.4745,7.1305,7.4745,38937,238,7.3555965
CA6993202069,14893089,POU,CAD,2019-09-19,7.4845,7.632,7.258,7.2975,204570,1323,7.38460975
CA6993202069,14893089,POU,CAD,2019-09-20,7.3665,7.4255,7.1895,7.2875,177371,1007,7.2887185
CA6993202069,14893089,POU,CAD,2019-09-23,7.1695,7.3665,7.1305,7.2485,94543,649,7.2651145
CA6993202069,14893089,POU,CAD,2019-09-24,7.1205,7.14,6.688,6.747,347327,1824,6.89187625
CA6993202069,14893089,POU,CAD,2019-09-25,6.688,6.8945,6.619,6.8155,218486,1190,6.8009025
CA6993202069,14893089,POU,CAD,2019-09-26,6.7665,6.7765,6.57,6.5995,173473,915,6.64305075
CA6993202069,14893089,POU,CAD,2019-09-27,6.4715,6.7075,6.442,6.511,144374,813,6.55256875
CA6993202069,14893089,POU,CAD,2019-09-30,6.4715,6.55,6.304,6.3335,219565,1111,6.3720965
CA6993202069,14893089,POU,CAD,2019-10-01,6.373,6.4225,5.8815,5.891,263135,1309,6.0731125
CA6993202069,14893089,POU,CAD,2019-10-02,5.8815,5.9205,5.596,5.616,303418,1691,5.7033165
CA6993202069,14893089,POU,CAD,2019-10-03,5.557,5.6255,5.4485,5.547,429332,1638,5.550874
CA6993202069,14893089,POU,CAD,2019-10-04,5.5865,5.6455,5.4095,5.478,212540,1200,5.474161
CA6993202069,14893089,POU,CAD,2019-10-07,5.478,5.498,5.311,5.4585,418404,1871,5.42842825
CA6993202069,14893089,POU,CAD,2019-10-08,5.36,5.3795,5.0455,5.0845,550580,2198,5.16976775
CA6993202069,14893089,POU,CAD,2019-10-09,5.183,5.2715,5.0455,5.1635,650864,1685,5.1545235
CA6993202069,14893089,POU,CAD,2019-10-10,5.2025,5.2715,5.0845,5.242,329523,1321,5.18255325
CA6993202069,14893089,POU,CAD,2019-10-11,5.311,5.5075,5.311,5.3995,337068,1202,5.41564275
CA6993202069,14893089,POU,CAD,2019-10-15,5.36,5.5865,5.311,5.488,236395,1104,5.489897
CA6993202069,14893089,POU,CAD,2019-10-16,5.478,5.6455,5.3795,5.478,1480989,1928,5.5852965
CA6993202069,14893089,POU,CAD,2019-10-17,5.429,5.5765,5.35,5.429,220702,1075,5.46383425
CA6993202069,14893089,POU,CAD,2019-10-18,5.4585,5.4585,5.1535,5.193,447815,1652,5.2312365
CA6993202069,14893089,POU,CAD,2019-10-21,5.173,5.3305,5.1045,5.193,321394,1230,5.2371375
CA6993202069,14893089,POU,CAD,2019-10-22,5.232,5.301,5.065,5.183,361290,1564,5.18845425
CA6993202069,14893089,POU,CAD,2019-10-23,5.1635,5.242,5.0455,5.232,600384,1745,5.1997645
CA6993202069,14893089,POU,CAD,2019-10-24,5.311,5.35,5.114,5.193,290770,1053,5.20123975
CA6993202069,14893089,POU,CAD,2019-10-25,5.1635,5.242,5.07,5.232,255537,977,5.18353675
CA6993202069,14893089,POU,CAD,2019-10-28,5.2125,5.3895,5.2125,5.2615,615548,1096,5.30745775
CA6993202069,14893089,POU,CAD,2019-10-29,5.2225,5.3995,5.1435,5.311,361476,1204,5.31139175
CA6993202069,14893089,POU,CAD,2019-10-30,5.37,5.37,5.124,5.173,171526,1083,5.1918965
CA6993202069,14893089,POU,CAD,2019-10-31,5.1435,5.193,4.829,5.055,501480,2217,5.01585
CA6993202069,14893089,POU,CAD,2019-11-01,5.006,5.252,5.006,5.2025,353259,1567,5.186979
CA6993202069,14893089,POU,CAD,2019-11-04,5.3305,5.655,5.2815,5.6455,648976,2498,5.5203855
CA6993202069,14893089,POU,CAD,2019-11-05,5.6845,5.852,5.665,5.6945,288034,1363,5.75003275
CA6993202069,14893089,POU,CAD,2019-11-06,5.655,5.7535,5.5175,5.547,198970,1047,5.5951315
CA6993202069,14893089,POU,CAD,2019-11-07,5.6355,6.186,5.5665,6.1765,806560,3284,6.01656125
CA6993202069,14893089,POU,CAD,2019-11-08,6.1075,6.452,5.97,6.265,349954,2058,6.2324395
CA6993202069,14893089,POU,CAD,2019-11-11,6.137,6.3335,6.068,6.1665,568629,3673,6.178347
CA6993202069,14893089,POU,CAD,2019-11-12,6.2155,6.452,6.147,6.1765,565622,2361,6.264895
CA6993202069,14893089,POU,CAD,2019-11-13,6.1765,6.245,6.009,6.0385,353406,1743,6.08540625
CA6993202069,14893089,POU,CAD,2019-11-14,6.009,6.137,5.852,5.8815,425327,2143,5.96935325
CA6993202069,14893089,POU,CAD,2019-11-15,5.9205,6.2155,5.901,6.0485,601087,2294,6.07950525
CA6993202069,14893089,POU,CAD,2019-11-18,5.6355,5.9995,5.6355,5.8615,315894,1374,5.86706925
CA6993202069,14893089,POU,CAD,2019-11-19,5.8225,5.8225,5.5665,5.724,385317,1697,5.69397325
CA6993202069,14893089,POU,CAD,2019-11-20,5.734,5.891,5.5865,5.8225,398567,1969,5.8213365
CA6993202069,14893089,POU,CAD,2019-11-21,5.852,6.088,5.8125,6.0385,401240,2014,6.00180875
CA6993202069,14893089,POU,CAD,2019-11-22,6.078,6.2155,5.96,6.088,282581,1760,6.0927825
CA6993202069,14893089,POU,CAD,2019-11-25,6.088,6.1565,5.9995,6.127,365871,1656,6.1026175
CA6993202069,14893089,POU,CAD,2019-11-26,6.147,6.1565,6.019,6.1175,324971,1569,6.11687825
CA6993202069,14893089,POU,CAD,2019-11-27,6.1075,6.206,5.9995,6.196,189724,1299,6.1458915
CA6993202069,14893089,POU,CAD,2019-11-28,6.196,6.196,6.0585,6.127,69960,370,6.1340895
CA6993202069,14893089,POU,CAD,2019-11-29,6.009,6.0485,5.842,5.9895,208438,1062,5.9491915
CA6993202069,14893089,POU,CAD,2019-12-02,5.9995,6.068,5.714,5.8815,285892,1513,5.8685445
CA6993202069,14893089,POU,CAD,2019-12-03,5.773,5.8025,5.596,5.773,1644556,1824,5.76281825
CA6993202069,14893089,POU,CAD,2019-12-04,5.842,6.2155,5.842,6.147,1866963,3364,6.1321225
CA6993202069,14893089,POU,CAD,2019-12-05,6.2155,6.5405,6.2155,6.383,365200,1657,6.388816
CA6993202069,14893089,POU,CAD,2019-12-06,6.1765,6.688,6.1765,6.629,318232,1421,6.607153
CA6993202069,14893089,POU,CAD,2019-12-09,6.5995,6.7075,6.501,6.57,238024,1400,6.60666125
CA6993202069,14893089,POU,CAD,2019-12-10,6.5405,6.668,6.5405,6.5895,323079,1802,6.61059525
CA6993202069,14893089,POU,CAD,2019-12-11,6.5895,6.6585,6.432,6.5205,139129,909,6.5432255
CA6993202069,14893089,POU,CAD,2019-12-12,6.5305,7.0515,6.4615,7.0125,622419,2700,6.8736815
CA6993202069,14893089,POU,CAD,2019-12-13,7.042,7.455,6.924,7.3075,2736975,2606,7.2985535
CA6993202069,14893089,POU,CAD,2019-12-16,7.4945,7.676,7.4945,7.632,604274,2440,7.608356
CA6993202069,14893089,POU,CAD,2019-12-17,7.7305,7.7695,7.622,7.7105,301043,1664,7.706706
CA6993202069,14893089,POU,CAD,2019-12-18,7.6615,7.75,7.5335,7.6025,364719,1493,7.641795
CA6993202069,14893089,POU,CAD,2019-12-19,7.573,7.632,7.3765,7.504,394351,2216,7.48099275
CA6993202069,14893089,POU,CAD,2019-12-20,7.4745,7.5435,7.2385,7.2485,407138,1817,7.31576475
CA6993202069,14893089,POU,CAD,2019-12-23,7.258,7.3465,7.1305,7.327,575782,2771,7.271999
CA6993202069,14893089,POU,CAD,2019-12-24,7.3565,7.6615,7.3465,7.504,186948,1099,7.5463955
CA6993202069,14893089,POU,CAD,2019-12-27,7.563,7.632,7.3075,7.3465,237403,982,7.40723025
CA6993202069,14893089,POU,CAD,2019-12-30,7.3565,7.5335,7.327,7.4155,216366,1332,7.43771875
CA6993202069,14893089,POU,CAD,2019-12-31,7.337,7.5335,7.278,7.4155,250640,1244,7.40821375
CA6993202069,14893089,POU,CAD,2020-01-02,7.514,7.7305,7.1895,7.199,351958,1473,7.3024875
CA6993202069,14893089,POU,CAD,2020-01-03,7.3765,7.455,7.2285,7.278,254211,1199,7.31724
CA6993202069,14893089,POU,CAD,2020-01-06,7.2975,7.406,7.219,7.278,1525294,1941,7.25773825
CA6993202069,14893089,POU,CAD,2020-01-07,7.278,7.4155,7.1795,7.3765,319077,1334,7.3005205
CA6993202069,14893089,POU,CAD,2020-01-08,7.2975,7.4355,6.963,7.081,500817,2156,7.1234905
CA6993202069,14893089,POU,CAD,2020-01-09,7.0715,7.258,6.737,7.1695,340963,1786,7.071365
CA6993202069,14893089,POU,CAD,2020-01-10,7.16,7.16,6.9335,7.042,226802,1194,7.0526785
CA6993202069,14893089,POU,CAD,2020-01-13,6.963,7.0125,6.7665,6.9535,245959,1312,6.9012195
CA6993202069,14893089,POU,CAD,2020-01-14,6.914,6.973,6.806,6.963,1399406,1314,6.914005
CA6993202069,14893089,POU,CAD,2020-01-15,6.904,7.0615,6.855,6.9925,409801,2632,6.973015
CA6993202069,14893089,POU,CAD,2020-01-16,7.0515,7.4355,7.032,7.327,696694,3255,7.29757
CA6993202069,14893089,POU,CAD,2020-01-17,7.514,7.524,7.14,7.317,490390,2843,7.301504
CA6993202069,14893089,POU,CAD,2020-01-20,7.1695,7.327,7.081,7.2385,151543,762,7.191352
CA6993202069,14893089,POU,CAD,2020-01-21,7.1205,7.1795,6.7565,6.973,573008,3229,6.974982
CA6993202069,14893089,POU,CAD,2020-01-22,6.845,7.0025,6.6585,6.7565,582749,3346,6.77975725
CA6993202069,14893089,POU,CAD,2020-01-23,6.668,6.668,6.393,6.5795,544823,3446,6.534374
CA6993202069,14893089,POU,CAD,2020-01-24,6.5895,6.5895,6.2845,6.4225,473831,3169,6.36963775
CA6993202069,14893089,POU,CAD,2020-01-27,6.206,6.393,6.078,6.196,548706,3449,6.26833725
CA6993202069,14893089,POU,CAD,2020-01-28,6.2745,6.3485,6.147,6.255,340326,2556,6.27030425
CA6993202069,14893089,POU,CAD,2020-01-29,6.304,6.3535,6.127,6.196,329553,2641,6.20047575
CA6993202069,14893089,POU,CAD,2020-01-30,6.078,6.245,5.9795,6.1075,385547,2617,6.095733
CA6993202069,14893089,POU,CAD,2020-01-31,6.029,6.127,5.8715,5.9405,492066,2943,5.96050175
CA6993202069,14893089,POU,CAD,2020-02-03,5.9305,5.97,5.724,5.8225,437375,3044,5.83067975
CA6993202069,14893089,POU,CAD,2020-02-04,5.9995,6.0485,5.537,5.5765,665732,4064,5.7092175
CA6993202069,14893089,POU,CAD,2020-02-05,5.793,6.1175,5.783,5.911,992584,3433,5.97427075
CA6993202069,14893089,POU,CAD,2020-02-06,5.891,5.96,5.7045,5.783,245783,1366,5.8174025
CA6993202069,14893089,POU,CAD,2020-02-07,5.665,5.6845,5.5075,5.5765,270487,1260,5.57398625
CA6993202069,14893089,POU,CAD,2020-02-10,5.547,5.547,5.4435,5.478,166587,811,5.48153725
CA6993202069,14893089,POU,CAD,2020-02-11,5.616,5.66,5.478,5.478,333291,1790,5.55923375
CA6993202069,14893089,POU,CAD,2020-02-12,5.842,5.842,5.35,5.4095,455079,1853,5.44121375
CA6993202069,14893089,POU,CAD,2020-02-13,5.3995,5.439,5.232,5.2615,474609,2072,5.31827625
CA6993202069,14893089,POU,CAD,2020-02-14,5.2815,5.3405,5.0455,5.1045,454834,2194,5.14321325
CA6993202069,14893089,POU,CAD,2020-02-18,5.055,5.065,4.937,5.0455,247215,1244,5.00945725
CA6993202069,14893089,POU,CAD,2020-02-19,5.0945,5.4095,5.0455,5.37,1187451,2466,5.2253355
CA6993202069,14893089,POU,CAD,2020-02-20,5.3995,5.429,5.2715,5.2815,292342,1334,5.332537
CA6993202069,14893089,POU,CAD,2020-02-21,5.2125,5.232,5.0945,5.114,186257,886,5.15501525
CA6993202069,14893089,POU,CAD,2020-02-24,4.9275,4.937,4.7305,4.78,399143,1626,4.82652625
CA6993202069,14893089,POU,CAD,2020-02-25,4.78,4.819,4.4355,4.5735,646878,2735,4.55803075
CA6993202069,14893089,POU,CAD,2020-02-26,4.5535,4.721,4.465,4.475,330659,1604,4.5545885
CA6993202069,14893089,POU,CAD,2020-02-27,4.337,4.347,4.0125,4.1305,331752,1299,4.1867595
CA6993202069,14893089,POU,CAD,2020-02-28,3.9535,4.2095,3.924,4.2095,544343,1807,4.10070325
CA6993202069,14893089,POU,CAD,2020-03-02,4.337,4.337,3.934,4.229,403178,1862,4.13807625
CA6993202069,14893089,POU,CAD,2020-03-03,4.278,4.278,4.042,4.042,536182,2259,4.1474195
CA6993202069,14893089,POU,CAD,2020-03-04,4.1505,4.16,3.629,3.688,1000762,3349,3.766805
CA6993202069,14893089,POU,CAD,2020-03-05,3.6585,3.6585,3.108,3.1765,1251971,4100,3.32668875
CA6993202069,14893089,POU,CAD,2020-03-06,2.852,3.1275,2.6655,2.872,1550411,4169,2.83985625
CA6993202069,14893089,POU,CAD,2020-03-09,1.967,2.252,1.623,1.623,1629612,4643,1.8893035
CA6993202069,14893089,POU,CAD,2020-03-10,1.918,1.9275,1.3865,1.5835,1639327,4479,1.53868575
CA6993202069,14893089,POU,CAD,2020-03-11,1.623,1.8,1.3865,1.4555,1221426,3299,1.5214745
CA6993202069,14893089,POU,CAD,2020-03-12,1.3375,1.623,1.239,1.298,878895,2355,1.414273
CA6993202069,14893089,POU,CAD,2020-03-13,1.416,1.495,1.2885,1.4655,593608,1925,1.38624325
CA6993202069,14893089,POU,CAD,2020-03-16,1.318,1.377,1.082,1.1705,794085,2343,1.22396575
CA6993202069,14893089,POU,CAD,2020-03-17,1.1605,1.357,1.121,1.1505,760734,2712,1.221507
CA6993202069,14893089,POU,CAD,2020-03-18,1.1015,1.18,0.7965,0.964,1137810,2367,1.007104
CA6993202069,14893089,POU,CAD,2020-03-19,0.9835,1.1605,0.954,0.9835,480855,666,1.0572625
CA6993202069,14893089,POU,CAD,2020-03-20,1.0325,1.2295,0.9935,1.013,890961,2501,1.08332525
CA6993202069,14893089,POU,CAD,2020-03-23,1.003,1.0915,0.944,1.023,421938,1970,1.044477
CA6993202069,14893089,POU,CAD,2020-03-24,1.1505,1.18,1.0525,1.141,446702,1335,1.09906125
CA6993202069,14893089,POU,CAD,2020-03-25,1.2095,1.416,1.062,1.2,836348,2140,1.209705
CA6993202069,14893089,POU,CAD,2020-03-26,1.2095,1.357,1.131,1.1605,744747,1872,1.2264245
CA6993202069,14893089,POU,CAD,2020-03-27,1.131,1.131,0.905,0.954,626311,1985,1.009071
CA6993202069,14893089,POU,CAD,2020-03-30,0.964,1.0325,0.8555,0.964,691381,649,0.9530115
CA6993202069,14893089,POU,CAD,2020-03-31,0.9935,1.1115,0.9835,1.1115,842965,882,1.0415265
CA6993202069,14893089,POU,CAD,2020-04-01,1.062,1.072,0.944,0.9935,509558,891,1.005137
CA6993202069,14893089,POU,CAD,2020-04-02,1.062,1.4555,1.023,1.18,1500329,2299,1.18462575
CA6993202069,14893089,POU,CAD,2020-04-03,1.3375,1.3375,1.0425,1.19,1505659,2547,1.1497115
CA6993202069,14893089,POU,CAD,2020-04-06,1.1505,1.239,1.1015,1.2195,741830,1672,1.18364225
CA6993202069,14893089,POU,CAD,2020-04-07,1.2885,1.367,1.2095,1.259,731931,1202,1.2893685
CA6993202069,14893089,POU,CAD,2020-04-08,1.2785,1.357,1.2195,1.3375,545626,1075,1.28789325
CA6993202069,14893089,POU,CAD,2020-04-09,1.416,1.564,1.2785,1.367,1229202,1871,1.4034545
CA6993202069,14893089,POU,CAD,2020-04-13,1.416,1.426,1.239,1.2785,464998,648,1.325758
CA6993202069,14893089,POU,CAD,2020-04-14,1.2785,1.318,1.19,1.2195,411197,715,1.23921
CA6993202069,14893089,POU,CAD,2020-04-15,1.131,1.2095,1.082,1.1605,431969,740,1.1418435
CA6993202069,14893089,POU,CAD,2020-04-16,1.18,1.239,1.1705,1.1705,332774,765,1.203804
CA6993202069,14893089,POU,CAD,2020-04-17,1.18,1.3275,1.1605,1.249,312328,716,1.2598635
CA6993202069,14893089,POU,CAD,2020-04-20,1.131,1.3275,1.131,1.2785,392581,1039,1.2342925
CA6993202069,14893089,POU,CAD,2020-04-21,1.1705,1.3375,1.1705,1.3375,230573,684,1.300187
CA6993202069,14893089,POU,CAD,2020-04-22,1.3965,1.4555,1.377,1.3865,424349,1064,1.4113225
CA6993202069,14893089,POU,CAD,2020-04-23,1.4755,1.839,1.4755,1.8,703746,1714,1.681785
CA6993202069,14893089,POU,CAD,2020-04-24,1.8,1.9275,1.5735,1.7015,677476,1615,1.693587
CA6993202069,14893089,POU,CAD,2020-04-27,1.6325,1.6915,1.544,1.6525,341647,898,1.6198245
CA6993202069,14893089,POU,CAD,2020-04-28,1.682,1.8,1.6525,1.78,473340,947,1.758498
CA6993202069,14893089,POU,CAD,2020-04-29,1.898,1.967,1.859,1.9275,578376,1450,1.919792
CA6993202069,14893089,POU,CAD,2020-04-30,2.036,2.0655,1.8295,1.8685,834685,1613,1.923726
CA6993202069,14893089,POU,CAD,2020-05-01,1.8785,1.8885,1.608,1.721,578913,1411,1.74128675
CA6993202069,14893089,POU,CAD,2020-05-04,1.682,1.8295,1.6425,1.741,551485,1245,1.74423725
CA6993202069,14893089,POU,CAD,2020-05-05,1.859,2.016,1.8095,1.8685,622419,1734,1.90356425
CA6993202069,14893089,POU,CAD,2020-05-06,1.898,1.918,1.7705,1.8095,532153,1106,1.817508
CA6993202069,14893089,POU,CAD,2020-05-07,1.8785,1.8885,1.721,1.79,297209,891,1.7811185
CA6993202069,14893089,POU,CAD,2020-05-08,1.859,1.8685,1.7705,1.8685,263972,653,1.8204585
CA6993202069,14893089,POU,CAD,2020-05-11,1.859,1.8685,1.7505,1.7705,252408,581,1.80029675
CA6993202069,14893089,POU,CAD,2020-05-12,1.79,1.908,1.7605,1.7705,380569,670,1.79341225
CA6993202069,14893089,POU,CAD,2020-05-13,1.721,1.721,1.564,1.5935,597000,1117,1.610973
CA6993202069,14893089,POU,CAD,2020-05-14,1.554,1.7505,1.4065,1.554,402591,883,1.536227
CA6993202069,14893089,POU,CAD,2020-05-15,1.741,1.741,1.5145,1.603,354632,597,1.58589375
CA6993202069,14893089,POU,CAD,2020-05-19,1.672,1.741,1.6525,1.662,345335,922,1.6729335
CA6993202069,14893089,POU,CAD,2020-05-20,1.7115,1.849,1.6915,1.78,370469,861,1.7948875
CA6993202069,14893089,POU,CAD,2020-05-21,1.839,1.8685,1.7015,1.8,178851,489,1.786036
CA6993202069,14893089,POU,CAD,2020-05-22,1.7505,1.7505,1.682,1.721,184881,444,1.72063325
CA6993202069,14893089,POU,CAD,2020-05-25,1.6915,1.78,1.662,1.721,147948,322,1.6847355
CA6993202069,14893089,POU,CAD,2020-05-26,1.721,1.8,1.7015,1.7705,437966,1685,1.742762
CA6993202069,14893089,POU,CAD,2020-05-27,1.721,1.8195,1.672,1.7505,402249,1511,1.7299765
CA6993202069,14893089,POU,CAD,2020-05-28,1.7015,1.721,1.672,1.672,364956,1466,1.69407875
CA6993202069,14893089,POU,CAD,2020-05-29,1.623,1.672,1.5735,1.5835,1605557,2469,1.59179475
CA6993202069,14893089,POU,CAD,2020-06-01,1.5735,1.662,1.5735,1.5935,257748,1663,1.61539875
CA6993202069,14893089,POU,CAD,2020-06-02,1.6325,1.7115,1.618,1.7115,511301,2340,1.6630985
CA6993202069,14893089,POU,CAD,2020-06-03,1.7115,1.7115,1.544,1.5935,887127,2705,1.60654725
CA6993202069,14893089,POU,CAD,2020-06-04,1.662,1.662,1.5145,1.6525,882550,3459,1.60064625
CA6993202069,14893089,POU,CAD,2020-06-05,1.682,2.272,1.677,2.1245,1902001,4757,1.9876535
CA6993202069,14893089,POU,CAD,2020-06-08,2.38,2.7145,2.262,2.6655,1689728,5045,2.45334075
CA6993202069,14893089,POU,CAD,2020-06-09,2.557,2.5965,2.272,2.3405,1395245,4241,2.42383575
CA6993202069,14893089,POU,CAD,2020-06-10,2.2815,2.2815,2.016,2.0655,1183549,3780,2.092888
CA6993202069,14893089,POU,CAD,2020-06-11,1.662,1.898,1.6325,1.731,1028797,3090,1.76390725
CA6993202069,14893089,POU,CAD,2020-06-12,1.8195,1.898,1.682,1.7605,785741,2695,1.774234
CA6993202069,14893089,POU,CAD,2020-06-15,1.672,1.7605,1.623,1.672,737814,2531,1.67735925
CA6993202069,14893089,POU,CAD,2020-06-16,1.8195,1.8295,1.603,1.613,888142,2703,1.68424375
CA6993202069,14893089,POU,CAD,2020-06-17,1.613,1.6325,1.4655,1.4655,768144,2661,1.53475175
CA6993202069,14893089,POU,CAD,2020-06-18,1.4555,1.5735,1.436,1.4755,617347,2171,1.487052
CA6993202069,14893089,POU,CAD,2020-06-19,1.5245,1.6325,1.505,1.544,807143,2297,1.56720725
CA6993202069,14893089,POU,CAD,2020-06-22,1.554,1.623,1.485,1.5835,490803,2048,1.54557025
CA6993202069,14893089,POU,CAD,2020-06-23,1.603,1.7015,1.5935,1.623,541606,2075,1.646379
CA6993202069,14893089,POU,CAD,2020-06-24,1.5935,1.613,1.485,1.544,699616,2235,1.53081775
CA6993202069,14893089,POU,CAD,2020-06-25,1.4755,1.5735,1.4555,1.5345,547821,1931,1.51213125
CA6993202069,14893089,POU,CAD,2020-06-26,1.495,1.564,1.4555,1.485,677930,2359,1.49836225
CA6993202069,14893089,POU,CAD,2020-06-29,1.485,1.554,1.485,1.505,467316,2289,1.5234415
CA6993202069,14893089,POU,CAD,2020-06-30,1.495,1.5735,1.4555,1.564,599996,2173,1.5214745
CA6993202069,14893089,POU,CAD,2020-07-02,1.544,1.6915,1.544,1.613,679543,2282,1.62916775
CA6993202069,14893089,POU,CAD,2020-07-03,1.5835,1.6525,1.5245,1.6425,66428,156,1.6158905
CA6993202069,14893089,POU,CAD,2020-07-06,1.6525,1.672,1.5835,1.6525,521675,2041,1.6375275
CA6993202069,14893089,POU,CAD,2020-07-07,1.6325,1.741,1.623,1.682,426199,1039,1.6965375
CA6993202069,14893089,POU,CAD,2020-07-08,1.7015,1.7115,1.603,1.662,230707,718,1.650313
CA6993202069,14893089,POU,CAD,2020-07-09,1.662,1.682,1.5735,1.5935,220843,531,1.601138
CA6993202069,14893089,POU,CAD,2020-07-10,1.5935,1.6915,1.5245,1.672,691339,1928,1.62621725
CA6993202069,14893089,POU,CAD,2020-07-13,1.6915,1.6915,1.564,1.5735,364498,819,1.622775
CA6993202069,14893089,POU,CAD,2020-07-14,1.5735,1.603,1.505,1.5835,683895,1369,1.56720725
CA6993202069,14893089,POU,CAD,2020-07-15,1.721,1.721,1.613,1.672,883553,1980,1.67195
CA6993202069,14893089,POU,CAD,2020-07-16,1.6525,1.741,1.6425,1.672,416736,1127,1.70293025
CA6993202069,14893089,POU,CAD,2020-07-17,1.6915,1.7605,1.6525,1.6915,329177,733,1.69604575
CA6993202069,14893089,POU,CAD,2020-07-20,1.682,1.721,1.6425,1.682,228214,605,1.6945705
CA6993202069,14893089,POU,CAD,2020-07-21,1.7115,1.967,1.7015,1.839,819432,1843,1.843079
CA6993202069,14893089,POU,CAD,2020-07-22,1.8,1.8295,1.7605,1.8095,320128,615,1.79046175
CA6993202069,14893089,POU,CAD,2020-07-23,1.8785,1.9475,1.8195,1.8685,692835,1526,1.8814355
CA6993202069,14893089,POU,CAD,2020-07-24,1.8685,1.908,1.8195,1.859,338785,670,1.86619125
CA6993202069,14893089,POU,CAD,2020-07-27,1.8885,1.8885,1.8,1.859,170888,555,1.84062025
CA6993202069,14893089,POU,CAD,2020-07-28,1.849,1.8785,1.8295,1.839,170793,509,1.84750475
CA6993202069,14893089,POU,CAD,2020-07-29,1.839,1.967,1.8095,1.9375,359955,947,1.8893035
CA6993202069,14893089,POU,CAD,2020-07-30,1.908,1.908,1.8,1.8685,279372,1170,1.8401285
CA6993202069,14893089,POU,CAD,2020-07-31,1.839,1.918,1.8095,1.849,211756,704,1.83766975
CA6993202069,14893089,POU,CAD,2020-08-04,1.859,1.9965,1.859,1.967,571057,1181,1.95470625
CA6993202069,14893089,POU,CAD,2020-08-05,2.075,2.2225,1.9915,2.0455,698294,1693,2.0958385
CA6993202069,14893089,POU,CAD,2020-08-06,2.144,2.1635,2.026,2.1245,586214,1069,2.11501675
CA6993202069,14893089,POU,CAD,2020-08-07,2.134,2.4095,2.1145,2.3405,709836,1953,2.3004065
CA6993202069,14893089,POU,CAD,2020-08-10,2.4095,2.6455,2.4095,2.508,711928,1971,2.54382275
CA6993202069,14893089,POU,CAD,2020-08-11,2.6555,2.675,2.429,2.459,664435,1284,2.4951395
CA6993202069,14893089,POU,CAD,2020-08-12,2.4785,2.734,2.4785,2.7145,864309,2116,2.6662685
CA6993202069,14893089,POU,CAD,2020-08-13,2.695,2.7045,2.5275,2.557,514483,1360,2.60578325
CA6993202069,14893089,POU,CAD,2020-08-14,2.5375,3.088,2.518,3.049,1359669,2649,2.7469155
CA6993202069,14893089,POU,CAD,2020-08-17,3.108,3.59,3.049,3.1765,1358090,4049,3.2760385
CA6993202069,14893089,POU,CAD,2020-08-18,3.206,3.334,2.99,3.039,978410,2725,3.12212075
CA6993202069,14893089,POU,CAD,2020-08-19,3.039,3.1175,2.97,3.098,516903,1600,3.060652
CA6993202069,14893089,POU,CAD,2020-08-20,3.0785,3.1765,2.911,3.049,377049,1361,3.056718
CA6993202069,14893089,POU,CAD,2020-08-21,3.0195,3.029,2.67,2.7835,668366,2273,2.797074
CA6993202069,14893089,POU,CAD,2020-08-24,2.803,2.9405,2.734,2.8225,493677,1788,2.8551005
CA6993202069,14893089,POU,CAD,2020-08-25,2.872,2.931,2.7635,2.8815,291946,1342,2.83690575
CA6993202069,14893089,POU,CAD,2020-08-26,2.8815,2.921,2.695,2.7635,442118,1476,2.749866
CA6993202069,14893089,POU,CAD,2020-08-27,2.744,2.7635,2.5475,2.577,411280,1523,2.59004725
CA6993202069,14893089,POU,CAD,2020-08-28,2.5865,2.636,2.5375,2.6065,286465,1030,2.57922875
CA6993202069,14893089,POU,CAD,2020-08-31,2.5965,2.636,2.518,2.6065,277550,1210,2.58414625
CA6993202069,14893089,POU,CAD,2020-09-01,2.5865,2.695,2.557,2.636,505105,1041,2.63430475
CA6993202069,14893089,POU,CAD,2020-09-02,2.636,2.6455,2.439,2.5275,553930,1683,2.50153225
CA6993202069,14893089,POU,CAD,2020-09-03,2.508,2.6065,2.439,2.5475,224436,1166,2.50841675
CA6993202069,14893089,POU,CAD,2020-09-04,2.5375,2.636,2.37,2.4685,340508,1285,2.4420305
CA6993202069,14893089,POU,CAD,2020-09-08,2.37,2.38,2.2225,2.311,307698,1521,2.3023735
CA6993202069,14893089,POU,CAD,2020-09-09,2.3015,2.38,2.272,2.321,323403,1466,2.32056825
CA6993202069,14893089,POU,CAD,2020-09-10,2.2915,2.3605,2.262,2.3015,250198,1016,2.29696425
CA6993202069,14893089,POU,CAD,2020-09-11,2.262,2.311,2.213,2.2225,270644,997,2.244347
CA6993202069,14893089,POU,CAD,2020-09-14,2.2325,2.2425,2.154,2.1735,488917,1381,2.18976275
CA6993202069,14893089,POU,CAD,2020-09-15,2.213,2.3405,2.1835,2.2225,367991,1322,2.248281
CA6993202069,14893089,POU,CAD,2020-09-16,2.252,2.498,2.2325,2.4685,630032,2211,2.39433075
CA6993202069,14893089,POU,CAD,2020-09-17,2.439,2.5275,2.3505,2.4685,366487,1572,2.46809325
CA6993202069,14893089,POU,CAD,2020-09-18,2.429,2.4635,2.311,2.3405,2785741,2471,2.35007325
CA6993202069,14893089,POU,CAD,2020-09-21,2.272,2.272,2.1635,2.203,300167,800,2.2138585
CA6993202069,14893089,POU,CAD,2020-09-22,2.2325,2.272,2.1835,2.252,179549,691,2.228611
CA6993202069,14893089,POU,CAD,2020-09-23,2.262,2.3405,2.252,2.252,303290,1464,2.28712925
CA6993202069,14893089,POU,CAD,2020-09-24,2.262,2.2815,2.1735,2.193,258447,1129,2.2295945
CA6993202069,14893089,POU,CAD,2020-09-25,2.1635,2.213,2.0555,2.1835,473432,1326,2.1430465
CA6993202069,14893089,POU,CAD,2020-09-28,2.2225,2.262,2.154,2.193,249367,1340,2.2000895
CA6993202069,14893089,POU,CAD,2020-09-29,2.1835,2.1835,2.0555,2.1045,252063,951,2.10419825
CA6993202069,14893089,POU,CAD,2020-09-30,2.1045,2.1735,1.9865,2.0455,537140,1114,2.04420475
CA6993202069,14893089,POU,CAD,2020-10-01,2.036,2.075,1.977,2.0555,287458,1221,2.02453475
CA6993202069,14893089,POU,CAD,2020-10-02,2.0065,2.075,1.9275,2.016,502510,1724,2.00879875
CA6993202069,14893089,POU,CAD,2020-10-05,2.1145,2.1735,1.9865,2.1635,572525,1564,2.08846225
CA6993202069,14893089,POU,CAD,2020-10-06,2.1735,2.321,2.085,2.095,240106,889,2.153865
CA6993202069,14893089,POU,CAD,2020-10-07,2.1145,2.2225,2.085,2.2225,240894,736,2.153865
CA6993202069,14893089,POU,CAD,2020-10-08,2.311,2.5475,2.2325,2.4785,344483,1225,2.409575
CA6993202069,14893089,POU,CAD,2020-10-09,2.508,2.508,2.331,2.459,367916,1333,2.431212
CA6993202069,14893089,POU,CAD,2020-10-13,2.4095,2.4885,2.3405,2.3995,828471,1556,2.38056175
CA6993202069,14893089,POU,CAD,2020-10-14,2.38,2.5375,2.3605,2.4785,478480,1208,2.47202725
CA6993202069,14893089,POU,CAD,2020-10-15,2.3605,2.508,2.2915,2.429,626986,1114,2.44055525
CA6993202069,14893089,POU,CAD,2020-10-16,2.5375,2.636,2.4195,2.439,516608,1694,2.5167765
CA6993202069,14893089,POU,CAD,2020-10-19,2.439,2.498,2.37,2.3995,216108,1028,2.4302285
CA6993202069,14893089,POU,CAD,2020-10-20,2.4195,2.567,2.37,2.5275,397225,1412,2.4912055
CA6993202069,14893089,POU,CAD,2020-10-21,2.508,2.626,2.4785,2.518,345229,1127,2.525628
CA6993202069,14893089,POU,CAD,2020-10-22,2.498,2.626,2.459,2.5965,344757,1404,2.55857525
CA6993202069,14893089,POU,CAD,2020-10-23,2.5865,2.6455,2.557,2.6455,145156,618,2.612176
CA6993202069,14893089,POU,CAD,2020-10-26,2.5865,2.5865,2.449,2.4785,302331,808,2.49661475
CA6993202069,14893089,POU,CAD,2020-10-27,2.4785,2.518,2.439,2.4685,182341,738,2.46907675
CA6993202069,14893089,POU,CAD,2020-10-28,2.3605,2.39,2.2225,2.2325,294148,1008,2.3122085
CA6993202069,14893089,POU,CAD,2020-10-29,2.144,2.262,2.1045,2.2425,184974,567,2.181403
CA6993202069,14893089,POU,CAD,2020-10-30,2.1835,2.3015,2.144,2.203,140741,548,2.19172975
CA6993202069,14893089,POU,CAD,2020-11-02,2.213,2.272,2.134,2.213,218672,634,2.2059905
CA6993202069,14893089,POU,CAD,2020-11-03,2.2425,2.331,2.203,2.262,179608,433,2.267951
CA6993202069,14893089,POU,CAD,2020-11-04,2.252,2.311,2.193,2.311,177940,543,2.27532725
CA6993202069,14893089,POU,CAD,2020-11-05,2.262,2.3995,2.262,2.38,146514,623,2.35892475
CA6993202069,14893089,POU,CAD,2020-11-06,2.498,2.8225,2.4095,2.744,803774,2113,2.65692525
CA6993202069,14893089,POU,CAD,2020-11-09,2.8225,3.147,2.803,2.9995,621070,2191,2.987873
CA6993202069,14893089,POU,CAD,2020-11-10,2.9995,3.2945,2.9015,3.157,657289,1921,3.155068
CA6993202069,14893089,POU,CAD,2020-11-11,3.265,3.334,2.9605,3.0685,600683,1760,3.1472
CA6993202069,14893089,POU,CAD,2020-11-12,2.9995,3.1965,2.911,2.97,466663,1232,3.04737475
CA6993202069,14893089,POU,CAD,2020-11-13,2.9995,3.1175,2.9405,3.088,211281,789,3.05130875
CA6993202069,14893089,POU,CAD,2020-11-16,3.1375,3.285,3.1175,3.1965,239019,665,3.20866875
CA6993202069,14893089,POU,CAD,2020-11-17,3.147,3.4125,3.088,3.3735,232084,965,3.31291975
CA6993202069,14893089,POU,CAD,2020-11-18,3.393,3.6095,3.324,3.3635,531592,1953,3.493392
CA6993202069,14893089,POU,CAD,2020-11-19,3.3635,3.4915,3.344,3.4125,345880,1141,3.39258325
CA6993202069,14893089,POU,CAD,2020-11-20,3.393,3.521,3.3735,3.472,174437,689,3.4452005
CA6993202069,14893089,POU,CAD,2020-11-23,3.5405,3.826,3.5405,3.6195,424947,1519,3.66697975
CA6993202069,14893089,POU,CAD,2020-11-24,3.708,3.934,3.5505,3.639,603392,1716,3.77024725
CA6993202069,14893089,POU,CAD,2020-11-25,3.5995,3.7865,3.511,3.7175,439682,1254,3.633049
CA6993202069,14893089,POU,CAD,2020-11-26,3.688,3.7965,3.688,3.7175,113485,371,3.72697325
CA6993202069,14893089,POU,CAD,2020-11-27,3.688,4.0325,3.688,3.9635,405187,1191,3.902528
CA6993202069,14893089,POU,CAD,2020-11-30,3.944,4.0325,3.7375,3.747,214090,985,3.8071285
CA6993202069,14893089,POU,CAD,2020-12-01,3.767,3.865,3.757,3.8555,232193,987,3.80565325
CA6993202069,14893089,POU,CAD,2020-12-02,3.816,4.347,3.816,4.288,848793,1544,4.11742275
CA6993202069,14893089,POU,CAD,2020-12-03,4.298,4.357,3.934,4.0225,397216,1544,4.09381875
CA6993202069,14893089,POU,CAD,2020-12-04,4.042,4.485,4.042,4.2485,434335,1809,4.31215575
CA6993202069,14893089,POU,CAD,2020-12-07,4.229,4.4355,4.18,4.3175,468613,1245,4.30773
CA6993202069,14893089,POU,CAD,2020-12-08,4.278,4.3865,4.2485,4.3275,338741,1115,4.311664
CA6993202069,14893089,POU,CAD,2020-12-09,4.416,4.416,4.1505,4.2095,393732,1049,4.22560775
CA6993202069,14893089,POU,CAD,2020-12-10,4.1995,4.4945,4.1995,4.4455,530809,1700,4.36919875
CA6993202069,14893089,POU,CAD,2020-12-11,4.465,4.524,4.298,4.5045,745120,956,4.42427475
CA6993202069,14893089,POU,CAD,2020-12-14,4.593,4.662,4.357,4.3665,357694,961,4.443453
CA6993202069,14893089,POU,CAD,2020-12-15,4.406,4.4945,4.337,4.465,126091,545,4.42034075
CA6993202069,14893089,POU,CAD,2020-12-16,4.534,4.534,4.3075,4.3275,202381,893,4.36133075
CA6993202069,14893089,POU,CAD,2020-12-17,4.4945,4.4945,4.2585,4.465,292194,1324,4.39083575
CA6993202069,14893089,POU,CAD,2020-12-18,4.396,4.7505,4.396,4.5535,309597,1303,4.60523875
CA6993202069,14893089,POU,CAD,2020-12-21,4.3275,4.475,4.2095,4.347,576600,1892,4.341169
CA6993202069,14893089,POU,CAD,2020-12-22,4.3175,4.524,4.2095,4.485,296676,1423,4.4424695
CA6993202069,14893089,POU,CAD,2020-12-23,4.406,4.819,4.396,4.711,267388,1259,4.63966125
CA6993202069,14893089,POU,CAD,2020-12-24,4.662,4.7405,4.5045,4.652,100262,516,4.60523875
CA6993202069,14893089,POU,CAD,2020-12-29,4.652,4.8585,4.534,4.7895,337084,1257,4.69080325
CA6993202069,14893089,POU,CAD,2020-12-30,4.7995,5.0945,4.7405,4.8485,434693,1608,4.8988135
CA6993202069,14893089,POU,CAD,2020-12-31,4.839,4.996,4.839,4.9175,214245,838,4.91602475
CA6993202069,14893089,POU,CAD,2021-01-04,5.016,5.2715,4.8685,4.937,536308,1728,5.01585
CA6993202069,14893089,POU,CAD,2021-01-05,4.937,5.6845,4.937,5.3795,672049,2404,5.4122005
CA6993202069,14893089,POU,CAD,2021-01-06,5.5665,5.6945,5.35,5.4095,292327,1303,5.44908175
CA6993202069,14893089,POU,CAD,2021-01-07,5.419,5.6845,5.419,5.616,451429,1232,5.607917
CA6993202069,14893089,POU,CAD,2021-01-08,5.675,5.6945,5.4685,5.5865,314291,1213,5.578412
CA6993202069,14893089,POU,CAD,2021-01-11,5.4685,5.6355,5.3995,5.596,181027,785,5.562676
CA6993202069,14893089,POU,CAD,2021-01-12,5.616,5.97,5.616,5.793,433812,1351,5.816419
CA6993202069,14893089,POU,CAD,2021-01-13,5.7635,5.911,5.6255,5.7635,251666,965,5.70184125
CA6993202069,14893089,POU,CAD,2021-01-14,5.773,6.088,5.7635,5.9895,392036,1348,5.99099025
CA6993202069,14893089,POU,CAD,2021-01-15,5.95,5.9795,5.783,5.901,224406,956,5.88133
CA6993202069,14893089,POU,CAD,2021-01-18,5.8025,5.9895,5.665,5.773,697261,595,5.77265325
CA6993202069,14893089,POU,CAD,2021-01-19,5.9305,6.4125,5.8715,6.324,348278,1487,6.2147365
CA6993202069,14893089,POU,CAD,2021-01-20,6.304,6.4815,6.2945,6.393,195885,1092,6.375047
CA6993202069,14893089,POU,CAD,2021-01-21,6.3435,6.501,6.1565,6.245,260919,1120,6.27915575
CA6993202069,14893089,POU,CAD,2021-01-22,6.009,6.2945,5.9795,6.0975,610187,876,6.1085185
CA6993202069,14893089,POU,CAD,2021-01-25,6.1665,6.2745,5.9995,6.147,2313173,1247,6.10605975
CA6993202069,14893089,POU,CAD,2021-01-26,6.2255,6.265,5.9305,5.96,177322,880,6.05196725
CA6993202069,14893089,POU,CAD,2021-01-27,5.901,6.304,5.734,6.1765,725514,2139,5.9806635
CA6993202069,14893089,POU,CAD,2021-01-28,6.196,6.432,6.127,6.2355,443075,1796,6.2147365
CA6993202069,14893089,POU,CAD,2021-01-29,6.2745,6.5795,6.2355,6.314,689116,2638,6.38930775
CA6993202069,14893089,POU,CAD,2021-02-01,6.393,7.327,6.373,7.1205,492103,2098,6.88892575
CA6993202069,14893089,POU,CAD,2021-02-02,7.337,7.691,7.2485,7.455,646590,1985,7.45738875
CA6993202069,14893089,POU,CAD,2021-02-03,7.5925,7.9075,7.5925,7.8485,417922,1651,7.7903035
CA6993202069,14893089,POU,CAD,2021-02-04,7.878,8.163,7.799,8.0645,370243,1528,7.97470975
CA6993202069,14893089,POU,CAD,2021-02-05,8.34,8.4975,8.2025,8.3695,479239,2275,8.3607335
CA6993202069,14893089,POU,CAD,2021-02-08,8.5075,9.6285,8.5075,9.4615,1130592,4277,9.37029625
CA6993202069,14893089,POU,CAD,2021-02-09,9.5695,10.14,9.2745,10.022,877277,3799,9.69288425
CA6993202069,14893089,POU,CAD,2021-02-10,9.9925,10.5825,9.9135,10.425,1131075,2678,10.3237995
CA6993202069,14893089,POU,CAD,2021-02-11,10.297,10.563,9.9925,10.081,426694,2199,10.2372515
CA6993202069,14893089,POU,CAD,2021-02-12,9.845,11.0545,9.835,10.602,1279165,5301,10.667041
CA6993202069,14893089,POU,CAD,2021-02-16,11.3005,11.3005,10.8185,10.9365,505051,2553,10.99553
CA6993202069,14893089,POU,CAD,2021-02-17,11.035,11.251,10.4055,10.6415,704231,3300,10.74719625
CA6993202069,14893089,POU,CAD,2021-02-18,10.5825,10.966,10.4745,10.494,344941,1669,10.70982325
CA6993202069,14893089,POU,CAD,2021-02-19,10.504,10.6415,10.238,10.484,340833,1568,10.49246975
CA6993202069,14893089,POU,CAD,2021-02-22,10.435,11.6445,10.435,10.956,688628,2627,11.154857
CA6993202069,14893089,POU,CAD,2021-02-23,10.838,11.1035,10.3565,11.0055,330445,1262,10.8234175
CA6993202069,14893089,POU,CAD,2021-02-24,11.192,11.517,10.8675,11.4285,274405,1439,11.320085
CA6993202069,14893089,POU,CAD,2021-02-25,11.153,11.4285,10.5725,10.671,386477,1575,10.8863615
CA6993202069,14893089,POU,CAD,2021-02-26,10.3365,10.8085,10.1105,10.622,403987,1774,10.57508375
CA6993202069,14893089,POU,CAD,2021-03-01,10.6315,10.9855,10.553,10.5925,357422,1520,10.7211335
CA6993202069,14893089,POU,CAD,2021-03-02,10.681,11.202,10.435,10.8185,295441,1281,10.95619
CA6993202069,14893089,POU,CAD,2021-03-03,10.7495,11.0545,10.494,10.7595,515435,2128,10.80227225
CA6993202069,14893089,POU,CAD,2021-03-04,10.7595,11.0645,10.248,10.494,824290,2737,10.60213
CA6993202069,14893089,POU,CAD,2021-03-05,10.6515,10.8875,10.3565,10.7495,736709,2843,10.59475375
CA6993202069,14893089,POU,CAD,2021-03-08,10.543,10.917,10.327,10.386,397849,1584,10.576559
CA6993202069,14893089,POU,CAD,2021-03-09,10.376,10.8085,10.2775,10.6905,294682,1597,10.61147325
CA6993202069,14893089,POU,CAD,2021-03-10,10.4545,11.6445,10.445,11.497,620883,2645,11.19960625
CA6993202069,14893089,POU,CAD,2021-03-11,11.507,11.7135,11.2315,11.3105,678460,2505,11.339755
CA6993202069,14893089,POU,CAD,2021-03-12,11.192,11.2805,10.8285,10.966,444714,1704,10.99012075
CA6993202069,14893089,POU,CAD,2021-03-15,11.0645,11.0645,10.543,10.612,228723,920,10.7781765
CA6993202069,14893089,POU,CAD,2021-03-16,10.5135,10.848,10.13,10.6515,490788,1638,10.48951925
CA6993202069,14893089,POU,CAD,2021-03-17,10.622,11.035,10.612,10.956,327802,1660,10.93504475
CA6993202069,14893089,POU,CAD,2021-03-18,10.8775,10.976,10.2675,10.376,249728,1369,10.613932
CA6993202069,14893089,POU,CAD,2021-03-19,10.366,10.848,10.179,10.789,318475,1382,10.643437
CA6993202069,14893089,POU,CAD,2021-03-22,10.8185,11.458,10.6315,11.3695,443294,1842,11.207966
CA6993202069,14893089,POU,CAD,2021-03-23,10.858,11.025,10.199,10.4645,467308,2101,10.49640375
CA6993202069,14893089,POU,CAD,2021-03-24,10.543,10.838,10.3955,10.445,285742,1693,10.5834435
CA6993202069,14893089,POU,CAD,2021-03-25,10.0515,10.5335,10.012,10.504,186457,983,10.2726575
CA6993202069,14893089,POU,CAD,2021-03-26,10.661,10.7595,10.4155,10.5825,150864,986,10.57213325
CA6993202069,14893089,POU,CAD,2021-03-29,10.484,10.5825,10.2775,10.3955,259539,980,10.4182155
CA6993202069,14893089,POU,CAD,2021-03-30,10.258,10.4155,10.1105,10.2285,182196,1056,10.21905675
CA6993202069,14893089,POU,CAD,2021-03-31,10.1595,10.327,9.9825,10.002,353271,1891,10.1172645
CA6993202069,14893089,POU,CAD,2021-04-01,10.0315,10.7495,10.012,10.7005,282993,1739,10.507714
CA6993202069,14893089,POU,CAD,2021-04-05,10.376,10.6315,10.366,10.5135,129415,756,10.495912
CA6993202069,14893089,POU,CAD,2021-04-06,10.671,10.8875,10.504,10.612,160857,984,10.6640905
CA6993202069,14893089,POU,CAD,2021-04-07,10.5825,10.5925,10.317,10.366,88260,585,10.43050925
CA6993202069,14893089,POU,CAD,2021-04-08,10.317,10.366,9.9825,10.071,203620,950,10.12267375
CA6993202069,14893089,POU,CAD,2021-04-09,10.0415,10.0415,9.766,9.835,208391,974,9.87089775
CA6993202069,14893089,POU,CAD,2021-04-12,9.884,9.9925,9.481,9.668,224223,880,9.6628875
CA6993202069,14893089,POU,CAD,2021-04-13,9.6285,9.7955,9.5005,9.6385,268163,856,9.63682475
CA6993202069,14893089,POU,CAD,2021-04-14,9.7465,10.1695,9.7465,9.894,193688,1024,9.95252825
CA6993202069,14893089,POU,CAD,2021-04-15,9.835,10.002,9.6385,9.7365,197503,1127,9.7887755
CA6993202069,14893089,POU,CAD,2021-04-16,9.658,9.8055,9.412,9.6385,238157,979,9.61518775
CA6993202069,14893089,POU,CAD,2021-04-19,9.55,9.835,9.471,9.668,297702,1123,9.69681825
CA6993202069,14893089,POU,CAD,2021-04-20,9.6875,9.6975,9.2745,9.373,253710,1337,9.41750425
CA6993202069,14893089,POU,CAD,2021-04-21,9.166,9.491,9.166,9.412,177244,958,9.38259
CA6993202069,14893089,POU,CAD,2021-04-22,9.4025,9.589,9.284,9.373,232059,1108,9.36144475
CA6993202069,14893089,POU,CAD,2021-04-23,9.3135,9.7565,9.2745,9.284,255707,1219,9.42242175
CA6993202069,14893089,POU,CAD,2021-04-26,9.245,9.668,9.1465,9.5595,165407,833,9.5212635
CA6993202069,14893089,POU,CAD,2021-04-27,9.5595,10.012,9.5595,9.943,174381,1025,9.909746
CA6993202069,14893089,POU,CAD,2021-04-28,10.002,11.3105,9.963,11.1725,1033388,2506,10.6876945
CA6993202069,14893089,POU,CAD,2021-04-29,11.2905,11.566,10.8185,10.8875,699117,2730,10.9925795
CA6993202069,14893089,POU,CAD,2021-04-30,10.6515,11.3005,10.5725,11.251,310739,1921,11.09142125
CA6993202069,14893089,POU,CAD,2021-05-03,11.32,11.9595,11.1235,11.93,374562,1888,11.66873575
CA6993202069,14893089,POU,CAD,2021-05-04,12.0185,12.166,11.6055,11.989,316930,1839,11.8560925
CA6993202069,14893089,POU,CAD,2021-05-05,12.0575,12.9725,12.0575,12.5595,684016,3126,12.5937175
CA6993202069,14893089,POU,CAD,2021-05-06,12.7955,13.3855,12.4905,12.992,501300,2482,12.868114
CA6993202069,14893089,POU,CAD,2021-05-07,12.982,13.2675,12.7855,13.1,345256,2232,13.086451
CA6993202069,14893089,POU,CAD,2021-05-10,13.1,13.651,12.6675,12.6775,497150,2538,12.960563
CA6993202069,14893089,POU,CAD,2021-05-11,12.333,12.9035,12.107,12.8345,301053,1882,12.6704305
CA6993202069,14893089,POU,CAD,2021-05-12,12.9725,13.169,12.7165,12.9135,307165,1957,12.91581375
CA6993202069,14893089,POU,CAD,2021-05-13,12.569,12.982,12.294,12.392,302674,1862,12.57355575
CA6993202069,14893089,POU,CAD,2021-05-14,12.4905,12.864,12.4905,12.7955,500741,2115,12.72993225
CA6993202069,14893089,POU,CAD,2021-05-17,12.7855,13.1885,12.7165,13.1395,352814,2054,13.00137825
CA6993202069,14893089,POU,CAD,2021-05-18,13.0905,13.484,13.0315,13.218,308631,1712,13.245778
CA6993202069,14893089,POU,CAD,2021-05-19,12.7955,13.1395,12.7855,13.1,152205,854,13.00432875
CA6993202069,14893089,POU,CAD,2021-05-20,13.12,13.218,12.825,13.179,188790,1072,13.07022325
CA6993202069,14893089,POU,CAD,2021-05-21,13.3165,13.405,13.002,13.12,471626,2435,13.188735
CA6993202069,14893089,POU,CAD,2021-05-25,13.1,13.7,13.1,13.238,383224,2172,13.35347125
CA6993202069,14893089,POU,CAD,2021-05-26,13.1885,13.936,13.12,13.7985,412493,2194,13.72228375
CA6993202069,14893089,POU,CAD,2021-05-27,13.956,14.2115,13.759,14.1525,1957537,3319,14.10486525
CA6993202069,14893089,POU,CAD,2021-05-28,14.0935,14.3985,13.9855,14.133,371005,2056,14.1279775
CA6993202069,14893089,POU,CAD,2021-05-31,14.123,14.5165,14.123,14.2705,154608,917,14.39794825
CA6993202069,14893089,POU,CAD,2021-06-01,14.6345,14.772,14.3495,14.4085,580546,2681,14.59956575
CA6993202069,14893089,POU,CAD,2021-06-02,14.5165,14.723,13.877,13.9065,446640,1772,14.1181425
CA6993202069,14893089,POU,CAD,2021-06-03,13.897,14.054,13.356,13.474,344167,1765,13.57770925
CA6993202069,14893089,POU,CAD,2021-06-04,13.6215,13.877,13.12,13.2085,321381,1414,13.28659325
CA6993202069,14893089,POU,CAD,2021-06-07,13.3755,13.405,12.992,13.0315,172688,921,13.09481075
CA6993202069,14893089,POU,CAD,2021-06-08,13.2775,13.3755,12.884,12.9135,268102,1303,13.062847
CA6993202069,14893089,POU,CAD,2021-06-09,12.8935,13.1,12.697,12.992,475218,2038,12.8631965
CA6993202069,14893089,POU,CAD,2021-06-10,13.1495,13.543,13.0215,13.425,343239,1604,13.22955025
CA6993202069,14893089,POU,CAD,2021-06-11,13.5725,13.779,13.425,13.641,318918,1663,13.5732835
CA6993202069,14893089,POU,CAD,2021-06-14,13.592,14.0445,13.464,13.523,251140,1528,13.62885125
CA6993202069,14893089,POU,CAD,2021-06-15,13.5625,14.5065,13.5625,14.2905,473690,2203,14.23862125
CA6993202069,14893089,POU,CAD,2021-06-16,14.2905,14.5065,13.897,14.261,215390,1087,14.28779625
CA6993202069,14893089,POU,CAD,2021-06-17,14.241,14.241,13.159,13.533,497055,2370,13.489686
CA6993202069,14893089,POU,CAD,2021-06-18,13.818,14.5065,13.769,14.005,1038838,4517,14.17371025
CA6993202069,14893089,POU,CAD,2021-06-21,14.261,16.218,14.261,16.041,960530,4852,15.6307655
CA6993202069,14893089,POU,CAD,2021-06-22,15.972,16.0505,15.49,15.9325,285650,1871,15.82205625
CA6993202069,14893089,POU,CAD,2021-06-23,16.1,16.4835,16.0115,16.346,291141,1693,16.3192155
CA6993202069,14893089,POU,CAD,2021-06-24,16.228,16.582,16.041,16.4735,230203,1203,16.39346975
CA6993202069,14893089,POU,CAD,2021-06-25,16.4735,16.916,16.021,16.798,260676,1584,16.58426875
CA6993202069,14893089,POU,CAD,2021-06-28,16.6605,16.7195,16.277,16.513,221760,1286,16.487394
CA6993202069,14893089,POU,CAD,2021-06-29,16.582,16.7785,16.3755,16.395,259013,1491,16.51050625
CA6993202069,14893089,POU,CAD,2021-06-30,16.4345,16.916,16.3555,16.877,248470,1635,16.72687625
CA6993202069,14893089,POU,CAD,2021-07-02,16.9655,17.2115,16.287,17.1225,331867,1944,16.86751675
CA6993202069,14893089,POU,CAD,2021-07-05,17.2015,17.2115,16.9455,17.2115,133868,825,17.11044125
CA6993202069,14893089,POU,CAD,2021-07-06,17.054,17.0835,16.6705,16.926,348455,1826,16.87538475
CA6993202069,14893089,POU,CAD,2021-07-07,16.798,17.162,16.4245,16.6015,323216,2035,16.6949125
CA6993202069,14893089,POU,CAD,2021-07-08,16.267,16.7785,15.9325,16.562,272026,1613,16.50313
CA6993202069,14893089,POU,CAD,2021-07-09,16.857,17.1425,16.5325,16.818,134513,964,16.835553
CA6993202069,14893089,POU,CAD,2021-07-12,16.6115,16.857,16.3755,16.454,108532,723,16.5788595
CA6993202069,14893089,POU,CAD,2021-07-13,16.5425,16.9455,16.4345,16.798,176513,1155,16.735236
CA6993202069,14893089,POU,CAD,2021-07-14,16.877,17.093,16.572,16.621,259082,1580,16.77408425
CA6993202069,14893089,POU,CAD,2021-07-15,16.4245,16.6115,15.923,16.1095,291306,1606,16.21742325
CA6993202069,14893089,POU,CAD,2021-07-16,16.287,16.572,15.431,15.5395,336083,1810,15.8333665
CA6993202069,14893089,POU,CAD,2021-07-19,14.831,15.205,14.713,14.8115,398626,1883,14.854784
CA6993202069,14893089,POU,CAD,2021-07-20,14.8015,16.1095,14.7425,15.864,293280,1832,15.7074785
CA6993202069,14893089,POU,CAD,2021-07-21,16.228,16.6705,16.0605,16.326,241569,1377,16.355605
CA6993202069,14893089,POU,CAD,2021-07-22,16.444,16.6705,16.1885,16.4835,163848,1090,16.45838075
CA6993202069,14893089,POU,CAD,2021-07-23,16.523,16.523,16.159,16.198,191093,1180,16.35904725
CA6993202069,14893089,POU,CAD,2021-07-26,16.267,16.6705,16.031,16.208,194506,1060,16.3821595
CA6993202069,14893089,POU,CAD,2021-07-27,15.9915,16.4145,15.2445,15.4115,174607,988,15.4812735
CA6993202069,14893089,POU,CAD,2021-07-28,15.5195,15.726,15.2345,15.569,127593,779,15.5166795
CA6993202069,14893089,POU,CAD,2021-07-29,15.7555,16.0115,15.5195,15.6375,72199,540,15.718297
CA6993202069,14893089,POU,CAD,2021-07-30,15.5295,15.982,15.254,15.8835,186584,1048,15.7133795
CA6993202069,14893089,POU,CAD,2021-08-03,15.3525,15.923,14.949,15.795,224985,1204,15.50536925
CA6993202069,14893089,POU,CAD,2021-08-04,15.1755,15.628,13.6115,13.9855,1063457,4067,14.199773
CA6993202069,14893089,POU,CAD,2021-08-05,14.1625,14.4575,13.71,14.0935,230836,1463,14.1889545
CA6993202069,14893089,POU,CAD,2021-08-06,14.123,14.6935,13.9065,14.605,270908,1847,14.42351925
CA6993202069,14893089,POU,CAD,2021-08-09,14.32,14.556,13.71,14.0345,196255,1391,14.04880575
CA6993202069,14893089,POU,CAD,2021-08-10,14.2805,14.959,14.231,14.8605,264137,1420,14.69889925
CA6993202069,14893089,POU,CAD,2021-08-11,14.654,14.7625,14.2805,14.379,304459,1542,14.465318
CA6993202069,14893089,POU,CAD,2021-08-12,14.369,14.4575,14.0295,14.074,244614,1774,14.17272675
CA6993202069,14893089,POU,CAD,2021-08-13,14.261,14.2705,13.8575,13.9655,220717,1132,13.98537
CA6993202069,14893089,POU,CAD,2021-08-16,13.7495,13.769,13.2775,13.307,215449,890,13.4316595
CA6993202069,14893089,POU,CAD,2021-08-17,12.992,13.1985,12.825,12.9625,304735,1161,13.011705
CA6993202069,14893089,POU,CAD,2021-08-18,12.7955,13.051,12.51,12.7265,383234,1995,12.79189275
CA6993202069,14893089,POU,CAD,2021-08-19,12.3035,12.638,11.93,12.028,392733,1662,12.1157365
CA6993202069,14893089,POU,CAD,2021-08-20,11.9495,12.156,11.7725,12.087,200487,1114,11.9465745
CA6993202069,14893089,POU,CAD,2021-08-23,12.628,12.707,12.3135,12.52,155213,933,12.4934005
CA6993202069,14893089,POU,CAD,2021-08-24,12.8345,13.366,12.6675,13.1495,209607,1160,13.09874475
CA6993202069,14893089,POU,CAD,2021-08-25,13.307,13.366,12.864,13.1495,125459,632,13.15578775
CA6993202069,14893089,POU,CAD,2021-08-26,13.11,13.3855,13.0215,13.2085,114212,647,13.21283075
CA6993202069,14893089,POU,CAD,2021-08-27,13.2085,13.769,13.11,13.582,377527,1260,13.5791845
CA6993202069,14893089,POU,CAD,2021-08-30,13.661,13.661,13.3855,13.5725,89094,513,13.55213825
CA6993202069,14893089,POU,CAD,2021-08-31,13.3755,13.4935,13.2085,13.307,232756,743,13.350029
CA6993202069,14893089,POU,CAD,2021-09-01,13.218,13.7,13.1295,13.6215,496642,1092,13.34560325
CA6993202069,14893089,POU,CAD,2021-09-02,13.7495,14.4675,13.7495,14.3,195497,1123,14.20223175
CA6993202069,14893089,POU,CAD,2021-09-03,14.192,14.5165,14.0445,14.4575,225200,1380,14.305991
CA6993202069,14893089,POU,CAD,2021-09-07,14.3295,14.674,14.064,14.487,200725,1239,14.49433125
CA6993202069,14893089,POU,CAD,2021-09-08,14.615,14.792,14.0445,14.713,341740,1536,14.540064
CA6993202069,14893089,POU,CAD,2021-09-09,14.8705,15.8345,14.831,15.018,586935,2600,15.34800925
CA6993202069,14893089,POU,CAD,2021-09-10,15.4115,15.5395,14.7625,14.8115,269276,1310,15.0662365
CA6993202069,14893089,POU,CAD,2021-09-13,14.851,15.785,14.851,15.736,368293,1667,15.4832405
CA6993202069,14893089,POU,CAD,2021-09-14,15.618,16.326,15.618,16.09,445673,2427,16.0910435
CA6993202069,14893089,POU,CAD,2021-09-15,16.2965,16.7785,16.2965,16.69,365964,2039,16.6280345
CA6993202069,14893089,POU,CAD,2021-09-16,16.5915,16.7295,16.2575,16.5915,214100,1378,16.5198495
CA6993202069,14893089,POU,CAD,2021-09-17,16.405,16.7195,16.08,16.2575,414507,1491,16.2680735
CA6993202069,14893089,POU,CAD,2021-09-20,15.7555,15.9525,15.4115,15.618,242062,1344,15.61060375
CA6993202069,14893089,POU,CAD,2021-09-21,15.864,15.8835,15.333,15.441,223120,842,15.5324155
CA6993202069,14893089,POU,CAD,2021-09-22,15.903,16.2375,15.569,15.9325,319221,1525,15.95482875
CA6993202069,14893089,POU,CAD,2021-09-23,16.159,16.5915,15.795,16.4345,519003,2163,16.29610325
CA6993202069,14893089,POU,CAD,2021-09-24,16.1885,16.916,16.1885,16.7195,309012,1381,16.6477045
CA6993202069,14893089,POU,CAD,2021-09-27,16.995,18.3915,16.995,18.2735,710340,2812,17.96510275
CA6993202069,14893089,POU,CAD,2021-09-28,18.4015,19.08,17.7325,18.2835,531252,3071,18.32801425
CA6993202069,14893089,POU,CAD,2021-09-29,18.3815,18.716,18.008,18.421,258457,1698,18.49914325
CA6993202069,14893089,POU,CAD,2021-09-30,18.421,18.6275,18.126,18.47,260943,1443,18.4062025
CA6993202069,14893089,POU,CAD,2021-10-01,18.48,18.6865,18.303,18.3815,145109,945,18.45046
CA6993202069,14893089,POU,CAD,2021-10-04,18.7355,19.08,18.3915,18.657,438241,2000,18.7346915
CA6993202069,14893089,POU,CAD,2021-10-05,18.883,19.257,18.588,18.893,282866,1409,18.946144
CA6993202069,14893089,POU,CAD,2021-10-06,18.549,19.0995,18.126,18.8145,231932,1175,18.7268235
CA6993202069,14893089,POU,CAD,2021-10-07,18.6965,19.621,18.6765,19.4045,293356,1571,19.3267585
CA6993202069,14893089,POU,CAD,2021-10-08,19.6305,20.28,19.5715,19.837,278445,1547,19.83670325
CA6993202069,14893089,POU,CAD,2021-10-12,19.847,20.339,19.601,19.6995,264961,1524,19.976852
CA6993202069,14893089,POU,CAD,2021-10-13,19.5715,19.67,18.7355,18.903,216603,1307,19.0494115
CA6993202069,14893089,POU,CAD,2021-10-14,19.208,19.67,19.119,19.621,223945,1260,19.49936275
CA6993202069,14893089,POU,CAD,2021-10-15,19.8075,20.1025,19.621,19.8275,213863,1340,19.8401455
CA6993202069,14893089,POU,CAD,2021-10-18,19.9355,20.26,19.3555,19.5125,166499,1066,19.71376575
CA6993202069,14893089,POU,CAD,2021-10-19,19.4635,19.4685,18.834,19.2175,359376,2129,19.19841175
CA6993202069,14893089,POU,CAD,2021-10-20,19.1095,19.67,18.834,19.306,199313,1303,19.22398275
CA6993202069,14893089,POU,CAD,2021-10-21,19.444,19.4535,18.7945,18.9715,183838,1061,18.9845005
CA6993202069,14893089,POU,CAD,2021-10-22,19.1095,20.0045,19.1095,19.9455,282963,1492,19.7909705
CA6993202069,14893089,POU,CAD,2021-10-25,20.162,20.506,19.9845,20.26,177435,905,20.22813625
CA6993202069,14893089,POU,CAD,2021-10-26,20.211,20.447,20.024,20.0635,105029,691,20.22026825
CA6993202069,14893089,POU,CAD,2021-10-27,19.8075,20.211,19.562,19.788,205736,1090,19.90604
CA6993202069,14893089,POU,CAD,2021-10-28,19.7095,20.1025,19.7095,20.0535,161197,966,19.980786
CA6993202069,14893089,POU,CAD,2021-10-29,19.975,20.4175,19.8275,20.3485,248964,1329,20.1863375
CA6993202069,14893089,POU,CAD,2021-11-01,20.6045,21.155,20.506,21.027,214072,1367,20.930847
CA6993202069,14893089,POU,CAD,2021-11-02,20.87,21.3615,20.496,21.224,206076,1324,21.023296
CA6993202069,14893089,POU,CAD,2021-11-03,20.909,21.391,20.742,21.1255,229308,1207,21.06116075
CA6993202069,14893089,POU,CAD,2021-11-04,21.627,22.7385,21.4405,22.6205,478917,2421,22.36429825
CA6993202069,14893089,POU,CAD,2021-11-05,23.073,23.24,22.1485,23.0435,302824,2110,22.79015375
CA6993202069,14893089,POU,CAD,2021-11-08,23.358,23.7025,23.2105,23.5055,262595,1389,23.48253775
CA6993202069,14893089,POU,CAD,2021-11-09,23.535,23.7025,23.132,23.5155,145525,1193,23.32222725
CA6993202069,14893089,POU,CAD,2021-11-10,23.2795,23.771,23.1615,23.594,276550,1608,23.52777875
CA6993202069,14893089,POU,CAD,2021-11-11,23.594,24.2435,23.5745,23.85,340315,1600,23.87987175
CA6993202069,14893089,POU,CAD,2021-11-12,23.5845,24.568,23.417,24.3415,316103,1946,24.217704
CA6993202069,14893089,POU,CAD,2021-11-15,24.2335,24.8975,23.9975,24.6955,364058,2021,24.53881675
CA6993202069,14893089,POU,CAD,2021-11-16,24.6365,24.804,24.096,24.273,264998,1708,24.422272
CA6993202069,14893089,POU,CAD,2021-11-17,24.096,24.4005,23.545,23.6235,339930,1935,23.90445925
CA6993202069,14893089,POU,CAD,2021-11-18,23.6435,23.9775,23.486,23.5055,317289,1305,23.604
CA6993202069,14893089,POU,CAD,2021-11-19,22.876,23.25,22.1585,22.5515,320541,2032,22.543787
CA6993202069,14893089,POU,CAD,2021-11-22,22.355,22.7875,22.2075,22.5615,202269,1228,22.563457
CA6993202069,14893089,POU,CAD,2021-11-23,23.0235,23.26,22.424,22.6105,232124,1300,22.648038
CA6993202069,14893089,POU,CAD,2021-11-24,22.4435,22.709,22.2565,22.473,129619,858,22.467074
CA6993202069,14893089,POU,CAD,2021-11-25,22.4435,22.9645,22.345,22.827,103845,672,22.81867525
CA6993202069,14893089,POU,CAD,2021-11-26,22.188,22.188,20.9485,21.8435,624839,1696,21.6812575
CA6993202069,14893089,POU,CAD,2021-11-29,22.3355,22.424,21.578,21.873,210047,1411,21.93352525
CA6993202069,14893089,POU,CAD,2021-11-30,21.3615,21.696,19.965,21.096,770893,3759,20.9101935
CA6993202069,14893089,POU,CAD,2021-12-01,21.4405,21.7355,19.719,19.8075,254874,1454,20.4499155
CA6993202069,14893089,POU,CAD,2021-12-02,19.6305,20.496,19.139,20.4665,241652,1687,20.16125825
CA6993202069,14893089,POU,CAD,2021-12-03,20.801,21.332,20.162,20.5945,415484,2881,20.6348135
CA6993202069,14893089,POU,CAD,2021-12-06,21.027,21.293,20.201,20.9485,481534,3658,20.94904175
CA6993202069,14893089,POU,CAD,2021-12-07,21.706,21.932,21.3715,21.46,323065,2113,21.601594
CA6993202069,14893089,POU,CAD,2021-12-08,21.529,22.0105,21.4405,21.863,235630,1773,21.80075275
CA6993202069,14893089,POU,CAD,2021-12-09,21.5975,22.05,21.47,21.4995,187799,1444,21.67289775
CA6993202069,14893089,POU,CAD,2021-12-10,21.942,21.9515,21.342,21.686,165362,1275,21.5848745
CA6993202069,14893089,POU,CAD,2021-12-13,21.627,21.7745,20.9385,21.1155,331833,2446,21.21557025
CA6993202069,14893089,POU,CAD,2021-12-14,20.7225,21.1845,20.211,20.388,3902838,2062,20.40418275
CA6993202069,14893089,POU,CAD,2021-12-15,20.162,20.624,19.6995,20.4665,341768,2337,20.13667075
CA6993202069,14893089,POU,CAD,2021-12-16,20.909,22.8075,20.8995,21.4405,3188107,4704,21.55094375
CA6993202069,14893089,POU,CAD,2021-12-17,21.2435,21.4305,20.1225,21.027,4179362,5127,20.99133225
CA6993202069,14893089,POU,CAD,2021-12-20,19.8765,21.4305,19.8765,21.3715,404724,1976,20.891507
CA6993202069,14893089,POU,CAD,2021-12-21,21.7945,23.2695,21.7945,23.2105,457025,2694,22.79900525
CA6993202069,14893089,POU,CAD,2021-12-22,23.053,24.2235,22.876,23.889,569657,3327,23.847908
CA6993202069,14893089,POU,CAD,2021-12-23,24.2235,24.2235,23.358,23.6825,293469,2150,23.7387395
CA6993202069,14893089,POU,CAD,2021-12-24,23.771,24.027,23.604,23.8205,48763,313,23.8252875
CA6993202069,14893089,POU,CAD,2021-12-29,24.5875,24.7745,24.1745,24.4695,177364,1230,24.4743975
CA6993202069,14893089,POU,CAD,2021-12-30,24.5875,24.686,23.8105,23.8795,118946,839,24.05001725
CA6993202069,14893089,POU,CAD,2021-12-31,23.8595,24.2435,23.5845,24.1845,115749,783,23.91527775
CA6993202069,14893089,POU,CAD,2022-01-04,25.0695,25.0795,24.027,24.548,287944,1766,24.44145025
CA6993202069,14893089,POU,CAD,2022-01-05,24.5875,24.853,23.8255,23.9775,243411,1640,24.3465425
CA6993202069,14893089,POU,CAD,2022-01-06,24.4695,24.735,23.9285,24.44,206914,1312,24.35195175
CA6993202069,14893089,POU,CAD,2022-01-07,24.499,24.7745,24.0565,24.2335,142634,1023,24.39424225
CA6993202069,14893089,POU,CAD,2022-01-10,24.0465,24.371,23.545,24.3615,208283,1583,23.99789175
CA6993202069,14893089,POU,CAD,2022-01-11,24.5385,26.0235,24.509,25.994,3230326,2757,25.9103075
CA6993202069,14893089,POU,CAD,2022-01-12,26.22,26.9575,26.112,26.594,3938855,2219,26.59334825
CA6993202069,14893089,POU,CAD,2022-01-13,26.5545,26.7215,25.4235,25.561,308920,1598,26.0125915
CA6993202069,14893089,POU,CAD,2022-01-14,25.443,25.9645,24.912,25.8365,471303,1627,25.6978715
CA6993202069,14893089,POU,CAD,2022-01-17,25.6695,26.889,25.6695,26.3875,158169,928,26.44090575
CA6993202069,14893089,POU,CAD,2022-01-18,26.5645,26.83,25.807,25.8365,328359,1858,26.09569725
CA6993202069,14893089,POU,CAD,2022-01-19,26.1905,26.3875,25.4135,25.6695,160759,1195,25.63738625
CA6993202069,14893089,POU,CAD,2022-01-20,25.4135,26.2005,25.276,25.325,133870,919,25.70229725
CA6993202069,14893089,POU,CAD,2022-01-21,25.02,25.0795,23.9385,24.007,334883,2114,24.3721135
CA6993202069,14893089,POU,CAD,2022-01-24,23.2205,23.6235,22.3255,23.496,460757,2920,22.9676755
CA6993202069,14893089,POU,CAD,2022-01-25,23.2205,24.017,22.6305,23.85,313239,2277,23.5046665
CA6993202069,14893089,POU,CAD,2022-01-26,23.948,24.568,23.319,23.4565,366453,2448,23.97428775
CA6993202069,14893089,POU,CAD,2022-01-27,23.7515,24.6955,23.378,23.84,272292,1903,23.90347575
CA6993202069,14893089,POU,CAD,2022-01-28,24.096,24.4055,23.732,24.145,346745,2103,24.04608325
CA6993202069,14893089,POU,CAD,2022-01-31,24.391,24.8825,24.204,24.5775,204831,1391,24.5530775
CA6993202069,14893089,POU,CAD,2022-02-01,24.7055,25.0795,24.086,25.04,352253,2340,24.62929875
CA6993202069,14893089,POU,CAD,2022-02-02,25.0595,25.817,24.8825,25.4725,206880,1525,25.401838
CA6993202069,14893089,POU,CAD,2022-02-03,25.089,25.856,24.666,25.7285,265355,1709,25.36692375
CA6993202069,14893089,POU,CAD,2022-02-04,26.161,27.1055,25.866,26.24,208958,1364,26.44090575
CA6993202069,14893089,POU,CAD,2022-02-07,26.1515,26.476,25.4335,25.581,319586,1539,25.7962215
CA6993202069,14893089,POU,CAD,2022-02-08,25.394,25.561,24.1055,24.3515,356221,2164,24.50046025
CA6993202069,14893089,POU,CAD,2022-02-09,24.4595,25.4825,24.3415,25.4335,322581,1682,25.211039
CA6993202069,14893089,POU,CAD,2022-02-10,25.148,25.62,24.853,25.0005,305138,1512,25.11859
CA6993202069,14893089,POU,CAD,2022-02-11,25.276,26.466,25.276,26.3185,1130317,2102,26.10061475
CA6993202069,14893089,POU,CAD,2022-02-14,25.925,26.4265,25.109,26.033,1015876,2240,25.919159
CA6993202069,14893089,POU,CAD,2022-02-15,25.463,26.338,24.9515,26.279,521633,2105,25.952598
CA6993202069,14893089,POU,CAD,2022-02-16,26.456,27.0465,25.7085,25.8265,391142,2208,26.206341
CA6993202069,14893089,POU,CAD,2022-02-17,25.807,25.984,24.6465,24.843,672491,1432,24.9543455
CA6993202069,14893089,POU,CAD,2022-02-18,24.44,24.5875,23.968,24.017,508528,1456,24.08935725
CA6993202069,14893089,POU,CAD,2022-02-22,25.4235,26.761,24.8335,25.866,727250,4845,25.954565
CA6993202069,14893089,POU,CAD,2022-02-23,25.8955,26.358,25.8955,26.1515,436867,2996,26.13995475
CA6993202069,14893089,POU,CAD,2022-02-24,26.6035,26.6135,24.9315,26.033,376047,2454,25.6172245
CA6993202069,14893089,POU,CAD,2022-02-25,25.9645,27.0165,25.689,26.8985,388737,1614,26.64153975
CA6993202069,14893089,POU,CAD,2022-02-28,26.584,27.784,26.584,27.656,614465,2040,27.573406
CA6993202069,14893089,POU,CAD,2022-03-01,28.5215,28.797,27.774,28.5905,400914,2784,28.39413675
CA6993202069,14893089,POU,CAD,2022-03-02,29.0525,29.456,28.374,28.62,366627,2376,28.77081725
CA6993202069,14893089,POU,CAD,2022-03-03,28.423,28.61,27.5775,27.843,296329,2348,28.00565425
CA6993202069,14893089,POU,CAD,2022-03-04,27.9315,29.1115,27.9215,29.0135,439224,2624,28.7801605
CA6993202069,14893089,POU,CAD,2022-03-07,29.1115,29.9575,28.7085,29.574,1333808,4065,29.355508
CA6993202069,14893089,POU,CAD,2022-03-08,29.8,30.2035,28.7675,29.161,811495,4108,29.58417175
CA6993202069,14893089,POU,CAD,2022-03-09,28.5215,29.259,27.8525,28.5115,468954,3311,28.59673775
CA6993202069,14893089,POU,CAD,2022-03-10,28.492,29.849,28.4525,29.495,770174,3603,29.371244
CA6993202069,14893089,POU,CAD,2022-03-11,29.1315,29.3575,28.5315,28.6885,746330,1602,28.7388535
CA6993202069,14893089,POU,CAD,2022-03-14,28.2855,28.2855,26.122,26.535,571348,2804,26.60121625
CA6993202069,14893089,POU,CAD,2022-03-15,24.745,26.181,24.4005,26.033,640517,4075,25.3438115
CA6993202069,14893089,POU,CAD,2022-03-16,26.5445,27.066,26.171,26.879,449519,2742,26.7344805
CA6993202069,14893089,POU,CAD,2022-03-17,27.3805,28.079,27.3805,27.951,751123,2056,27.897961
CA6993202069,14893089,POU,CAD,2022-03-18,27.843,29.259,27.833,28.423,3335746,3525,28.4556055
CA6993202069,14893089,POU,CAD,2022-03-21,29.0725,30.3115,28.738,29.918,700526,3242,29.78382225
CA6993202069,14893089,POU,CAD,2022-03-22,29.751,30.223,29.554,29.672,350700,1943,29.7872645
CA6993202069,14893089,POU,CAD,2022-03-23,30.213,30.921,29.997,30.0655,455984,1478,30.26770425
CA6993202069,14893089,POU,CAD,2022-03-24,30.0265,30.8425,29.81,30.292,424098,1590,30.31982975
CA6993202069,14893089,POU,CAD,2022-03-25,30.2525,31.413,30.2425,31.2755,372496,1880,31.08695975
CA6993202069,14893089,POU,CAD,2022-03-28,30.5965,30.9115,29.9475,30.4885,190609,1293,30.31589575
CA6993202069,14893089,POU,CAD,2022-03-29,29.869,30.9805,28.6,30.8915,695276,1509,30.66602175
CA6993202069,14893089,POU,CAD,2022-03-30,31.472,32.1115,30.4985,30.9605,680948,1720,31.0422105
CA6993202069,14893089,POU,CAD,2022-03-31,30.685,31.4525,30.4885,30.695,518389,1246,30.838626
CA6993202069,14893089,POU,CAD,2022-04-01,30.695,31.295,30.4985,30.8325,210194,1354,30.77814075
CA6993202069,14893089,POU,CAD,2022-04-04,31.0885,31.2755,30.508,30.9705,273829,1581,30.85288675
CA6993202069,14893089,POU,CAD,2022-04-05,31.0295,31.472,30.3215,30.39,469843,1810,30.61684675
CA6993202069,14893089,POU,CAD,2022-04-06,30.7835,31.1475,29.7215,29.8985,445386,2653,30.33064825
CA6993202069,14893089,POU,CAD,2022-04-07,29.9575,30.577,29.4265,30.449,871953,1385,30.38769125
CA6993202069,14893089,POU,CAD,2022-04-08,30.4985,31.413,30.3215,31.354,969378,3037,31.16957375
CA6993202069,14893089,POU,CAD,2022-04-11,29.8785,31.2065,29.505,30.3015,321742,1893,30.0410075
CA6993202069,14893089,POU,CAD,2022-04-12,30.872,31.3245,30.1835,30.331,276582,1507,30.5622625
CA6993202069,14893089,POU,CAD,2022-04-13,30.636,30.803,29.8295,30.3605,156036,1007,30.38375725
CA6993202069,14893089,POU,CAD,2022-04-14,30.3705,30.5375,29.8985,30.469,288074,936,30.39260875
CA6993202069,14893089,POU,CAD,2022-04-18,30.4885,32.6425,30.4885,32.003,488333,2740,31.87572675
CA6993202069,14893089,POU,CAD,2022-04-19,31.472,32.1505,31.0395,31.177,183389,1205,31.440528
CA6993202069,14893089,POU,CAD,2022-04-20,31.2755,31.5705,30.518,30.7935,317444,1965,30.9281245
CA6993202069,14893089,POU,CAD,2022-04-21,31.0395,31.1965,28.954,29.1705,224468,1564,29.81824475
CA6993202069,14893089,POU,CAD,2022-04-22,28.8165,29.5445,27.9115,28.2955,247226,1747,28.51609075
CA6993202069,14893089,POU,CAD,2022-04-25,27.056,27.961,26.358,27.6755,412960,2781,27.26507875
CA6993202069,14893089,POU,CAD,2022-04-26,27.941,29.1705,27.5575,28.3345,506971,1790,28.38233475
CA6993202069,14893089,POU,CAD,2022-04-27,28.61,28.8655,27.764,28.6495,191718,1172,28.53084325
CA6993202069,14893089,POU,CAD,2022-04-28,28.915,29.633,28.148,29.456,193635,1400,28.991613
CA6993202069,14893089,POU,CAD,2022-04-29,29.4855,30.803,29.4165,30.5475,798238,2560,30.45260225
CA6993202069,14893089,POU,CAD,2022-05-02,30.0065,30.3015,28.836,29.495,391860,2672,29.61170975
CA6993202069,14893089,POU,CAD,2022-05-03,29.564,31.944,29.269,31.462,445826,2407,31.4474125
CA6993202069,14893089,POU,CAD,2022-05-04,32.2785,35.411,32.0325,35.239,633439,3999,34.06696475
CA6993202069,14893089,POU,CAD,2022-05-05,35.3075,35.652,33.026,33.8915,598408,2316,33.9022285
CA6993202069,14893089,POU,CAD,2022-05-06,34.4225,34.4715,32.8585,33.7535,275894,2087,33.4517855
CA6993202069,14893089,POU,CAD,2022-05-09,32.6815,32.9865,29.741,29.849,354629,2316,30.872065
CA6993202069,14893089,POU,CAD,2022-05-10,30.4885,30.813,29.1805,30.0755,457930,3125,29.93774
CA6993202069,14893089,POU,CAD,2022-05-11,30.7345,32.1705,30.7345,31.354,942095,2833,31.50691425
CA6993202069,14893089,POU,CAD,2022-05-12,30.9705,31.5115,30.233,30.6655,227007,1616,30.69355975
CA6993202069,14893089,POU,CAD,2022-05-13,31.472,32.416,31.285,32.1605,275292,1846,32.016859
CA6993202069,14893089,POU,CAD,2022-05-16,32.1605,33.3505,32.1605,32.5145,347232,1896,32.72448725
CA6993202069,14893089,POU,CAD,2022-05-17,33.262,33.8915,32.9275,33.272,413259,1445,33.29688425
CA6993202069,14893089,POU,CAD,2022-05-18,33.439,33.9605,31.3935,31.895,263801,1977,32.0434135
CA6993202069,14893089,POU,CAD,2022-05-19,31.0195,34.049,30.7345,33.685,497725,2907,33.1429665
CA6993202069,14893089,POU,CAD,2022-05-20,33.901,34.452,33.311,33.685,541335,3486,33.79158475
CA6993202069,14893089,POU,CAD,2022-05-24,33.783,35.2685,33.734,34.5895,1250515,3051,34.72197575
CA6993202069,14893089,POU,CAD,2022-05-25,34.9145,35.534,34.1865,34.8455,2345934,1828,34.8581905
CA6993202069,14893089,POU,CAD,2022-05-26,35.406,35.878,35.16,35.711,311010,2162,35.571228
CA6993202069,14893089,POU,CAD,2022-05-27,35.7405,36.2615,35.3865,36.2125,258945,1200,35.88250575
CA6993202069,14893089,POU,CAD,2022-05-30,36.596,37.6385,36.4385,37.5205,166200,952,37.41479875
CA6993202069,14893089,POU,CAD,2022-05-31,38.0715,38.3465,36.606,37.1565,699947,2961,37.3307095
CA6993202069,14893089,POU,CAD,2022-06-01,37.127,37.9925,36.4585,37.0585,290146,1495,37.05680475
CA6993202069,14893089,POU,CAD,2022-06-02,36.3895,37.4025,36.3895,37.196,121742,832,37.08827675
CA6993202069,14893089,POU,CAD,2022-06-03,37.2255,37.3535,36.4975,37.196,131021,928,37.0769665
CA6993202069,14893089,POU,CAD,2022-06-06,37.5695,38.789,37.196,38.4255,334742,2119,38.25864175
CA6993202069,14893089,POU,CAD,2022-06-07,38.3565,38.996,37.865,38.8185,240575,1433,38.70810125
CA6993202069,14893089,POU,CAD,2022-06-08,38.996,40.0775,38.878,39.3105,779168,1999,39.4334325
CA6993202069,14893089,POU,CAD,2022-06-09,38.878,39.281,38.101,38.9075,302573,1967,38.7725205
CA6993202069,14893089,POU,CAD,2022-06-10,38.4845,39.2415,37.5795,38.4055,611397,1962,38.3378135
CA6993202069,14893089,POU,CAD,2022-06-13,36.8815,37.8845,35.3075,37.0975,2877637,1784,37.06663975
CA6993202069,14893089,POU,CAD,2022-06-14,37.8255,39.635,35.16,35.957,968614,5296,37.1910525
CA6993202069,14893089,POU,CAD,2022-06-15,35.7995,36.773,34.993,36.016,273198,2138,36.1505095
CA6993202069,14893089,POU,CAD,2022-06-16,34.442,35.4255,33.685,33.9605,666231,4288,34.50265525
CA6993202069,14893089,POU,CAD,2022-06-17,33.685,34.049,30.823,31.8655,1015364,5641,31.7719675
CA6993202069,14893089,POU,CAD,2022-06-20,31.472,32.1115,29.977,31.9935,373022,2074,30.97582425
CA6993202069,14893089,POU,CAD,2022-06-21,32.4655,33.252,32.2,33.0455,313343,1834,32.80906825
CA6993202069,14893089,POU,CAD,2022-06-22,31.0,31.482,30.341,30.469,449783,2427,30.750111
CA6993202069,14893089,POU,CAD,2022-06-23,30.5375,31.0395,27.528,27.6265,637128,3473,28.3415195
CA6993202069,14893089,POU,CAD,2022-06-24,28.207,29.328,27.7935,28.541,411883,2325,28.57608425
CA6993202069,14893089,POU,CAD,2022-06-27,29.092,30.3805,28.62,30.3215,881037,2019,30.13001425
CA6993202069,14893089,POU,CAD,2022-06-28,31.482,32.829,31.108,32.298,295580,1952,32.03111975
CA6993202069,14893089,POU,CAD,2022-06-29,32.7605,33.203,30.7935,30.9605,384200,2535,31.839829
CA6993202069,14893089,POU,CAD,2022-06-30,30.1245,31.1575,29.564,30.233,884510,2246,30.28639075
CA6993202069,14893089,POU,CAD,2022-07-04,30.9705,32.0525,30.7245,31.2655,147156,994,31.2369435
CA6993202069,14893089,POU,CAD,2022-07-05,29.81,29.8785,26.9675,27.902,362541,2453,28.03515925
CA6993202069,14893089,POU,CAD,2022-07-06,27.538,28.089,24.6465,26.7805,705808,4012,26.14143
CA6993202069,14893089,POU,CAD,2022-07-07,28.069,28.954,27.548,28.61,362279,1976,28.47281675
CA6993202069,14893089,POU,CAD,2022-07-08,29.1115,29.377,27.892,28.5115,586285,2119,28.5539555
CA6993202069,14893089,POU,CAD,2022-07-11,27.3215,28.4135,26.9675,27.0265,366552,2283,27.317696
CA6993202069,14893089,POU,CAD,2022-07-12,26.102,26.7415,25.62,26.358,1099223,1940,26.3430475
CA6993202069,14893089,POU,CAD,2022-07-13,25.925,26.771,25.699,25.9445,233058,1409,26.104057
CA6993202069,14893089,POU,CAD,2022-07-14,24.794,25.758,23.614,25.64,398658,2583,24.7419095
CA6993202069,14893089,POU,CAD,2022-07-15,26.299,26.299,25.2955,25.7675,307901,2023,25.771634
CA6993202069,14893089,POU,CAD,2022-07-18,26.6135,27.823,26.584,27.1545,503391,2171,27.2399995
CA6993202069,14893089,POU,CAD,2022-07-19,27.0365,28.2165,27.0365,27.8135,202988,1395,27.7828915
CA6993202069,14893089,POU,CAD,2022-07-20,27.42,27.9805,26.869,27.8725,245901,1679,27.461287
CA6993202069,14893089,POU,CAD,2022-07-21,26.889,27.243,26.5055,27.0955,168186,1170,26.95232575
CA6993202069,14893089,POU,CAD,2022-07-22,27.233,27.3415,26.407,26.6135,147807,1017,26.786606
CA6993202069,14893089,POU,CAD,2022-07-25,26.8495,28.482,26.348,28.384,340153,1374,28.15317925
CA6993202069,14893089,POU,CAD,2022-07-26,29.0035,29.377,28.089,28.207,197336,1357,28.4890445
CA6993202069,14893089,POU,CAD,2022-07-27,28.148,28.9835,27.9115,28.7675,183810,1273,28.56428225
CA6993202069,14893089,POU,CAD,2022-07-28,29.495,29.908,29.0625,29.859,222580,1487,29.60482525
CA6993202069,14893089,POU,CAD,2022-07-29,30.4885,31.3345,30.1345,31.285,406871,2583,30.8966525
CA6993202069,14893089,POU,CAD,2022-08-02,30.7245,30.7835,29.564,29.918,354259,1780,30.00019225
CA6993202069,14893089,POU,CAD,2022-08-03,30.3705,30.3705,27.2035,27.2035,859710,4773,27.81780575
CA6993202069,14893089,POU,CAD,2022-08-04,27.194,27.489,25.394,25.6695,520818,2807,26.16454225
CA6993202069,14893089,POU,CAD,2022-08-05,25.3545,27.5185,25.286,27.312,283820,1987,26.99264925
CA6993202069,14893089,POU,CAD,2022-08-08,27.125,27.725,26.9185,27.233,330012,1341,27.2754055
CA6993202069,14893089,POU,CAD,2022-08-09,27.5575,28.0,27.1055,27.243,399998,1103,27.30048475
CA6993202069,14893089,POU,CAD,2022-08-10,27.3415,27.9905,26.889,27.666,293018,1347,27.602911
CA6993202069,14893089,POU,CAD,2022-08-11,28.2165,28.974,28.069,28.5905,230876,1233,28.5795265
CA6993202069,14893089,POU,CAD,2022-08-12,28.1775,28.7475,27.833,28.364,207539,1239,28.2707075
CA6993202069,14893089,POU,CAD,2022-08-15,27.184,28.325,26.525,28.2265,492024,2095,27.795677
CA6993202069,14893089,POU,CAD,2022-08-16,28.3445,29.259,27.9905,28.0495,238923,1706,28.48216
CA6993202069,14893089,POU,CAD,2022-08-17,27.951,28.669,27.823,28.384,220049,923,28.28988575
CA6993202069,14893089,POU,CAD,2022-08-18,28.8655,29.908,28.8165,29.6525,199798,1177,29.5118845
CA6993202069,14893089,POU,CAD,2022-08-19,29.3575,29.977,29.092,29.2395,174778,1175,29.2837125
CA6993202069,14893089,POU,CAD,2022-08-22,29.0625,29.7605,28.6495,29.741,243301,1602,29.21142525
CA6993202069,14893089,POU,CAD,2022-08-23,30.4785,31.0195,29.977,30.341,155618,1055,30.46735475
CA6993202069,14893089,POU,CAD,2022-08-24,30.41,31.059,30.056,30.8525,197445,1027,30.661596
CA6993202069,14893089,POU,CAD,2022-08-25,31.167,31.4425,30.2425,30.3115,97552,635,30.716672
CA6993202069,14893089,POU,CAD,2022-08-26,30.331,30.7145,29.918,29.918,81418,673,30.171813
CA6993202069,14893089,POU,CAD,2022-08-29,29.7805,31.2165,29.613,31.167,136982,1008,30.80567875
CA6993202069,14893089,POU,CAD,2022-08-30,30.4885,30.5965,28.905,29.269,165558,1310,29.4528745
CA6993202069,14893089,POU,CAD,2022-08-31,28.4725,29.997,28.2365,29.446,146436,920,29.38943875
CA6993202069,14893089,POU,CAD,2022-09-01,28.777,29.033,27.9315,28.2955,348023,1244,28.35086275
CA6993202069,14893089,POU,CAD,2022-09-02,29.1705,29.4655,28.738,28.9245,244263,932,29.0102995
CA6993202069,14893089,POU,CAD,2022-09-06,29.3475,29.436,27.43,27.5575,324075,1624,27.81485525
CA6993202069,14893089,POU,CAD,2022-09-07,26.751,27.1055,25.6695,26.0725,288783,1848,26.1266775
CA6993202069,14893089,POU,CAD,2022-09-08,26.358,26.712,25.9545,26.653,133026,982,26.41238425
CA6993202069,14893089,POU,CAD,2022-09-09,27.666,27.666,27.0165,27.3905,234351,856,27.35162675
CA6993202069,14893089,POU,CAD,2022-09-12,27.941,29.151,27.6855,28.62,300619,1466,28.63411075
CA6993202069,14893089,POU,CAD,2022-09-13,27.292,28.718,27.292,28.5215,228000,998,28.3651235
CA6993202069,14893089,POU,CAD,2022-09-14,28.8065,29.8295,28.62,29.161,390929,2054,29.26945175
CA6993202069,14893089,POU,CAD,2022-09-15,28.6295,28.964,28.266,28.3345,232616,1276,28.5932955
CA6993202069,14893089,POU,CAD,2022-09-16,28.128,28.551,27.0265,27.5085,645070,2147,27.54242575
CA6993202069,14893089,POU,CAD,2022-09-19,26.574,28.0,26.5645,27.774,297563,1615,27.57291425
CA6993202069,14893089,POU,CAD,2022-09-20,27.7445,28.1775,26.997,27.43,345755,1159,27.32507225
CA6993202069,14893089,POU,CAD,2022-09-21,27.784,27.882,26.751,26.9185,250743,1319,27.14312475
CA6993202069,14893089,POU,CAD,2022-09-22,27.42,27.823,25.5515,25.63,380333,1930,26.00816575
CA6993202069,14893089,POU,CAD,2022-09-23,24.6465,24.804,22.896,23.0235,593230,3539,23.33993025
CA6993202069,14893089,POU,CAD,2022-09-26,22.9055,23.319,21.7945,21.991,591266,3559,22.38446
CA6993202069,14893089,POU,CAD,2022-09-27,22.4335,23.437,22.2665,22.7385,414408,2667,22.7847445
CA6993202069,14893089,POU,CAD,2022-09-28,22.945,24.155,22.5125,23.9875,361471,2364,23.6875975
CA6993202069,14893089,POU,CAD,2022-09-29,23.781,23.9975,22.827,23.8105,247827,1584,23.59170625
CA6993202069,14893089,POU,CAD,2022-09-30,23.535,24.2435,22.876,23.9975,267793,1876,23.853809
CA6993202069,14893089,POU,CAD,2022-10-03,24.981,25.699,24.981,25.276,461701,2072,25.3339765
CA6993202069,14893089,POU,CAD,2022-10-04,26.358,26.4365,25.3155,26.3285,235412,1594,26.0283275
CA6993202069,14893089,POU,CAD,2022-10-05,26.5445,27.538,25.4825,27.5085,362045,1743,27.00838525
CA6993202069,14893089,POU,CAD,2022-10-06,27.194,28.5805,27.135,28.256,301607,1925,28.065156
CA6993202069,14893089,POU,CAD,2022-10-07,28.197,28.659,27.6855,27.892,235336,1751,28.196945
CA6993202069,14893089,POU,CAD,2022-10-11,26.82,27.2825,26.161,26.24,457796,1734,26.3578
CA6993202069,14893089,POU,CAD,2022-10-12,25.9645,26.358,25.3745,26.1315,367191,2067,26.0558655
CA6993202069,14893089,POU,CAD,2022-10-13,25.571,27.3215,25.345,26.8395,467195,2935,26.79988325
CA6993202069,14893089,POU,CAD,2022-10-14,26.1415,26.8005,25.384,25.4135,221889,1586,25.7490135
CA6993202069,14893089,POU,CAD,2022-10-17,25.856,26.2105,25.158,25.1775,245376,1382,25.500188
CA6993202069,14893089,POU,CAD,2022-10-18,25.2365,26.063,25.2365,25.9055,219428,1622,25.651647
CA6993202069,14893089,POU,CAD,2022-10-19,25.994,26.2595,25.522,25.935,335778,2120,25.771634
CA6993202069,14893089,POU,CAD,2022-10-20,26.358,27.174,25.9545,26.5445,263349,1335,26.6695695
CA6993202069,14893089,POU,CAD,2022-10-21,26.4955,26.6725,26.063,26.407,231547,1437,26.38582975
CA6993202069,14893089,POU,CAD,2022-10-24,26.3775,26.8005,26.0725,26.5055,267469,1555,26.399107
CA6993202069,14893089,POU,CAD,2022-10-25,26.5545,27.115,26.3085,27.076,206784,1286,26.84020675
CA6993202069,14893089,POU,CAD,2022-10-26,27.2725,28.374,27.2725,28.0595,239241,1597,27.980575
CA6993202069,14893089,POU,CAD,2022-10-27,28.3445,28.679,27.7935,27.941,228353,1609,28.179242
CA6993202069,14893089,POU,CAD,2022-10-28,28.1085,28.1775,27.489,27.8625,323317,1640,27.83747575
CA6993202069,14893089,POU,CAD,2022-10-31,27.7545,28.8655,27.548,28.384,490827,2243,28.263823
CA6993202069,14893089,POU,CAD,2022-11-01,30.036,30.9605,29.9375,30.626,399518,2473,30.48014025
CA6993202069,14893089,POU,CAD,2022-11-02,30.518,30.9805,29.9375,30.4295,437233,2447,30.55882025
CA6993202069,14893089,POU,CAD,2022-11-03,30.0165,31.58,29.8785,31.5015,556412,2433,31.12039875
CA6993202069,14893089,POU,CAD,2022-11-04,32.4555,32.593,30.9015,31.482,516549,2935,31.52560075
CA6993202069,14893089,POU,CAD,2022-11-07,31.472,32.2685,31.2165,31.6295,231040,1618,31.6578815
CA6993202069,14893089,POU,CAD,2022-11-08,31.6295,31.8065,31.1375,31.177,144811,983,31.4611815
CA6993202069,14893089,POU,CAD,2022-11-09,30.7735,31.0785,29.092,29.092,312021,1890,29.77792125
CA6993202069,14893089,POU,CAD,2022-11-10,29.6625,30.105,29.397,29.6425,409920,1877,29.727271
CA6993202069,14893089,POU,CAD,2022-11-11,30.105,31.3835,30.105,30.941,233918,1698,30.92861625
CA6993202069,14893089,POU,CAD,2022-11-14,30.2425,30.764,30.1445,30.4295,257088,1713,30.433424
CA6993202069,14893089,POU,CAD,2022-11-15,30.469,31.777,29.997,31.7275,403690,2075,31.405122
CA6993202069,14893089,POU,CAD,2022-11-16,31.698,31.708,30.0265,30.1445,239245,1682,30.3675295
CA6993202069,14893089,POU,CAD,2022-11-17,29.505,30.2035,28.669,29.9575,392691,2026,29.56056775
CA6993202069,14893089,POU,CAD,2022-11-18,29.0525,30.115,28.797,29.9575,416319,1593,29.70514225
CA6993202069,14893089,POU,CAD,2022-11-21,29.633,29.731,28.1775,29.574,349662,2390,29.0299695
CA6993202069,14893089,POU,CAD,2022-11-22,29.997,30.4885,29.7015,30.272,279048,1626,30.065595
CA6993202069,14893089,POU,CAD,2022-11-23,29.741,30.3705,29.554,29.9475,196629,1424,29.994783
CA6993202069,14893089,POU,CAD,2022-11-24,29.9475,30.1445,29.7015,29.7805,89825,446,29.890532
CA6993202069,14893089,POU,CAD,2022-11-25,29.928,29.997,29.3675,29.5835,447773,2402,29.695799
CA6993202069,14893089,POU,CAD,2022-11-28,29.1705,29.751,28.541,29.1115,196858,1363,29.2424055
CA6993202069,14893089,POU,CAD,2022-11-29,29.751,30.351,29.082,29.613,288747,1264,29.66481875
CA6993202069,14893089,POU,CAD,2022-11-30,30.174,30.41,29.2885,29.5245,362427,1630,29.59695725
CA6993202069,14893089,POU,CAD,2022-12-01,29.751,30.0855,29.318,29.387,150427,1135,29.6063005
CA6993202069,14893089,POU,CAD,2022-12-02,29.377,30.046,29.151,29.2395,235600,1071,29.37468625
CA6993202069,14893089,POU,CAD,2022-12-05,29.5345,29.977,28.5115,28.836,498334,2319,29.021118
CA6993202069,14893089,POU,CAD,2022-12-06,28.62,29.0135,26.8005,26.869,416422,2412,27.4307985
CA6993202069,14893089,POU,CAD,2022-12-07,26.9085,27.6265,26.643,27.371,297588,2134,27.221313
CA6993202069,14893089,POU,CAD,2022-12-08,27.823,28.0595,26.8495,26.9575,269871,1810,27.14115775
CA6993202069,14893089,POU,CAD,2022-12-09,26.8985,28.6295,26.8985,28.2265,453358,3086,28.092694
CA6993202069,14893089,POU,CAD,2022-12-12,28.5215,29.141,27.5185,28.0985,507887,2958,28.17186575
CA6993202069,14893089,POU,CAD,2022-12-13,28.541,28.669,27.538,27.666,312349,2151,27.86304675
CA6993202069,14893089,POU,CAD,2022-12-14,27.705,28.502,27.2725,28.128,260426,1770,27.99385225
CA6993202069,14893089,POU,CAD,2022-12-15,27.833,28.364,27.076,27.7445,298411,1850,27.5488185
CA6993202069,14893089,POU,CAD,2022-12-16,27.1055,27.312,25.9445,26.358,576244,2687,26.37894525
CA6993202069,14893089,POU,CAD,2022-12-19,26.4855,26.712,24.8825,25.4725,538639,3284,25.42101625
CA6993202069,14893089,POU,CAD,2022-12-20,25.4725,25.807,24.863,25.443,377243,2311,25.4992045
CA6993202069,14893089,POU,CAD,2022-12-21,26.112,27.135,25.797,27.0955,248028,1523,26.72513725
CA6993202069,14893089,POU,CAD,2022-12-22,27.0955,27.0955,25.689,26.289,183701,1309,26.27174375
CA6993202069,14893089,POU,CAD,2022-12-23,26.653,27.892,26.643,27.8035,316282,1183,27.6215975
CA6993202069,14893089,POU,CAD,2022-12-28,27.587,27.7345,26.3285,26.535,348650,2091,26.62973775
CA6993202069,14893089,POU,CAD,2022-12-29,26.358,27.705,26.358,27.5575,501046,1602,27.41850475
CA6993202069,14893089,POU,CAD,2022-12-30,27.587,28.2365,27.469,28.1675,243594,1536,27.95549575
CA6993202069,14893089,POU,CAD,2023-01-03,27.882,28.03,24.784,25.1975,786475,3720,25.769667
CA6993202069,14893089,POU,CAD,2023-01-04,24.961,25.7285,24.6365,24.863,479925,2520,25.0782665
CA6993202069,14893089,POU,CAD,2023-01-05,24.7545,25.581,24.6365,25.109,348681,1570,25.1884185
CA6993202069,14893089,POU,CAD,2023-01-06,25.6005,26.9575,25.581,26.7315,753336,3232,26.5535165
CA6993202069,14893089,POU,CAD,2023-01-09,27.7345,27.764,27.0365,27.43,523610,1989,27.41162025
CA6993202069,14893089,POU,CAD,2023-01-10,27.6755,28.1185,27.115,27.9805,477185,2286,27.86894775
CA6993202069,14893089,POU,CAD,2023-01-11,28.256,29.6425,28.197,29.2295,568933,3627,29.11995975
CA6993202069,14893089,POU,CAD,2023-01-12,29.692,30.508,29.505,30.508,585080,3062,30.20672725
CA6993202069,14893089,POU,CAD,2023-01-13,30.459,31.344,30.1835,31.3245,584161,2767,30.93058325
CA6993202069,14893089,POU,CAD,2023-01-16,31.403,31.403,30.4,31.059,429848,1301,31.07614125
CA6993202069,14893089,POU,CAD,2023-01-17,30.449,31.423,29.9375,30.823,391768,2431,30.4678465
CA6993202069,14893089,POU,CAD,2023-01-18,31.187,31.4525,30.1245,30.1835,316144,2017,30.62569825
CA6993202069,14893089,POU,CAD,2023-01-19,30.154,30.331,29.4655,29.7605,349356,1699,29.892499
CA6993202069,14893089,POU,CAD,2023-01-20,29.79,30.577,29.6625,29.997,264960,1474,30.13886575
CA6993202069,14893089,POU,CAD,2023-01-23,30.41,30.862,30.174,30.626,250863,1630,30.5898005
CA6993202069,14893089,POU,CAD,2023-01-24,30.4885,30.508,30.1345,30.3805,199316,1214,30.3616285
CA6993202069,14893089,POU,CAD,2023-01-25,30.164,30.7835,29.5835,30.4785,344998,1936,30.30114325
CA6993202069,14893089,POU,CAD,2023-01-26,30.862,30.941,30.036,30.754,173877,939,30.573081
CA6993202069,14893089,POU,CAD,2023-01-27,30.8325,31.2655,30.4985,31.0295,229538,1081,31.00237875
CA6993202069,14893089,POU,CAD,2023-01-30,30.4195,30.7735,29.564,29.6625,305236,1564,29.9092185
CA6993202069,14893089,POU,CAD,2023-01-31,29.6525,30.4885,29.446,30.2525,199666,1323,30.057727
CA6993202069,14893089,POU,CAD,2023-02-01,30.115,30.272,28.8755,29.4855,384789,1648,29.3505905
CA6993202069,14893089,POU,CAD,2023-02-02,29.495,29.515,28.846,29.279,235561,1474,29.198148
CA6993202069,14893089,POU,CAD,2023-02-03,29.279,30.105,28.4525,28.8655,397502,2009,28.99308825
CA6993202069,14893089,POU,CAD,2023-02-06,28.8755,28.9245,28.3935,28.8755,303887,933,28.8214675
CA6993202069,14893089,POU,CAD,2023-02-07,29.0135,30.1985,28.836,30.0655,481804,1890,29.86643625
CA6993202069,14893089,POU,CAD,2023-02-08,30.174,30.6655,29.81,30.292,332269,1928,30.3517935
CA6993202069,14893089,POU,CAD,2023-02-09,30.272,30.449,29.7015,29.987,823300,1908,30.1196875
CA6993202069,14893089,POU,CAD,2023-02-10,30.2525,31.0395,30.0855,30.931,352302,1578,30.7471605
CA6993202069,14893089,POU,CAD,2023-02-13,30.941,30.941,30.341,30.8325,163743,1230,30.73880075
CA6993202069,14893089,POU,CAD,2023-02-14,30.292,31.2165,30.0855,31.118,249170,1474,30.917306
CA6993202069,14893089,POU,CAD,2023-02-15,31.0195,31.0195,30.1445,30.508,367519,1071,30.47227225
CA6993202069,14893089,POU,CAD,2023-02-16,30.3015,30.695,30.095,30.4,179020,1175,30.4835825
CA6993202069,14893089,POU,CAD,2023-02-17,29.8985,29.8985,28.561,28.8755,425243,2343,28.987679
CA6993202069,14893089,POU,CAD,2023-02-21,28.6885,29.1705,28.03,28.2165,303359,1841,28.33709375
CA6993202069,14893089,POU,CAD,2023-02-22,28.2165,28.62,27.951,28.207,255350,1729,28.20678
CA6993202069,14893089,POU,CAD,2023-02-23,28.669,29.3675,28.561,29.092,133378,958,28.9925965
CA6993202069,14893089,POU,CAD,2023-02-24,28.738,29.495,28.561,29.4065,197135,1474,29.137171
CA6993202069,14893089,POU,CAD,2023-02-27,29.564,29.918,29.2495,29.7115,317525,1317,29.68940625
CA6993202069,14893089,POU,CAD,2023-02-28,30.095,30.208,29.21,29.3085,377880,1306,29.34616475
CA6993202069,14893089,POU,CAD,2023-03-01,29.377,30.056,29.1905,30.0065,141396,1064,29.88708975
CA6993202069,14893089,POU,CAD,2023-03-02,30.341,30.803,29.564,30.587,199008,1384,30.45456925
CA6993202069,14893089,POU,CAD,2023-03-03,30.587,31.01,30.4885,30.8525,195700,1401,30.79289325
CA6993202069,14893089,POU,CAD,2023-03-06,30.587,30.9705,30.095,30.7935,235009,1092,30.63356625
CA6993202069,14893089,POU,CAD,2023-03-07,30.7835,30.7935,29.092,29.338,632017,2668,29.7656275
CA6993202069,14893089,POU,CAD,2023-03-08,29.318,30.036,29.3085,29.515,265474,1999,29.5984325
CA6993202069,14893089,POU,CAD,2023-03-09,29.731,30.459,29.436,29.4755,345826,2603,29.949542
CA6993202069,14893089,POU,CAD,2023-03-10,29.397,30.1445,28.8065,29.5835,486916,2464,29.56646875
CA6993202069,14893089,POU,CAD,2023-03-13,28.6985,29.1705,28.069,28.443,334561,2603,28.72852675
CA6993202069,14893089,POU,CAD,2023-03-14,28.551,29.4165,28.315,28.7675,270915,1860,28.91244125
CA6993202069,14893089,POU,CAD,2023-03-15,27.361,27.725,26.1515,27.2825,601083,4019,26.9547845
CA6993202069,14893089,POU,CAD,2023-03-16,26.6825,28.0395,26.397,28.02,368376,2091,27.85616225
CA6993202069,14893089,POU,CAD,2023-03-17,28.03,28.561,26.594,27.194,623337,2761,27.17558025
CA6993202069,14893089,POU,CAD,2023-03-20,27.253,28.2755,27.194,28.2365,366273,1628,27.9658225
CA6993202069,14893089,POU,CAD,2023-03-21,29.161,29.7115,28.5215,29.22,482301,2611,29.28027025
CA6993202069,14893089,POU,CAD,2023-03-22,29.318,29.8195,28.787,28.846,284044,1895,29.16028325
CA6993202069,14893089,POU,CAD,2023-03-23,29.0625,29.456,27.656,28.0,476875,2367,28.18760175
CA6993202069,14893089,POU,CAD,2023-03-24,27.479,28.384,27.2035,28.148,274320,1836,27.858621
CA6993202069,14893089,POU,CAD,2023-03-27,28.5315,28.7475,27.764,28.679,235680,1319,28.450688
CA6993202069,14893089,POU,CAD,2023-03-28,28.61,29.1905,28.4135,28.9445,339901,1744,28.960141
CA6993202069,14893089,POU,CAD,2023-03-29,29.1805,29.397,28.8755,29.1315,187846,1466,29.12389375
CA6993202069,14893089,POU,CAD,2023-03-30,29.4265,29.505,28.9935,29.0035,280766,1890,29.123402
CA6993202069,14893089,POU,CAD,2023-03-31,29.141,29.456,29.023,29.1115,211839,1245,29.21535925
CA6993202069,14893089,POU,CAD,2023-04-03,30.6755,31.28,30.174,30.9805,813772,3897,30.81748075
CA6993202069,14893089,POU,CAD,2023-04-04,30.9805,31.0785,30.4195,30.685,328544,1865,30.6901175
CA6993202069,14893089,POU,CAD,2023-04-05,30.4885,30.754,30.2625,30.508,268827,1480,30.516038
CA6993202069,14893089,POU,CAD,2023-04-06,30.272,30.8425,30.0655,30.4785,481042,1447,30.51849675
CA6993202069,14893089,POU,CAD,2023-04-10,30.5575,31.108,30.449,30.931,419311,1818,30.948778
CA6993202069,14893089,POU,CAD,2023-04-11,30.9505,31.354,30.872,31.2165,254991,1307,31.1228575
CA6993202069,14893089,POU,CAD,2023-04-12,31.3735,32.062,31.0,31.8655,379114,2262,31.7837695
CA6993202069,14893089,POU,CAD,2023-04-13,31.816,32.8785,31.659,32.5635,428553,2475,32.36255925
CA6993202069,14893089,POU,CAD,2023-04-14,32.849,32.908,32.121,32.5635,394979,1421,32.58581375
CA6993202069,14893089,POU,CAD,2023-04-17,32.672,32.9175,32.2685,32.416,409898,1350,32.51106775
CA6993202069,14893089,POU,CAD,2023-04-18,32.367,32.416,31.875,32.2195,234653,1428,32.10684925
CA6993202069,14893089,POU,CAD,2023-04-19,31.7965,32.023,31.4525,32.023,214122,1380,31.73705325
CA6993202069,14893089,POU,CAD,2023-04-20,31.482,31.8455,31.167,31.4425,264163,1621,31.45183825
CA6993202069,14893089,POU,CAD,2023-04-21,31.5705,31.757,30.931,31.2655,241196,1010,31.25907225
CA6993202069,14893089,POU,CAD,2023-04-24,30.99,31.934,30.9805,31.757,342677,1447,31.73115225
CA6993202069,14893089,POU,CAD,2023-04-25,31.4325,31.934,30.8325,31.1375,308539,1701,31.15285425
CA6993202069,14893089,POU,CAD,2023-04-26,30.6755,31.1375,29.9475,30.4295,490707,2495,30.45161875
CA6993202069,14893089,POU,CAD,2023-04-27,30.39,30.8425,29.967,30.331,211825,1223,30.3753975
CA6993202069,14893089,POU,CAD,2023-04-28,30.41,31.7375,30.292,31.5505,237177,1574,31.39184475
CA6993202069,14893089,POU,CAD,2023-05-01,30.9705,31.6,30.9505,31.2755,223855,1191,31.30726375
CA6993202069,14893089,POU,CAD,2023-05-02,30.9605,31.3935,29.328,29.859,539315,3308,29.9426575
CA6993202069,14893089,POU,CAD,2023-05-03,29.0035,30.1345,28.728,29.495,463567,3284,29.361409
CA6993202069,14893089,POU,CAD,2023-05-04,30.3115,30.3115,29.1705,29.623,282633,1937,29.70317525
CA6993202069,14893089,POU,CAD,2023-05-05,30.282,30.941,29.7805,30.744,191209,1383,30.66012075
CA6993202069,14893089,POU,CAD,2023-05-08,30.9805,31.108,30.046,30.341,488743,2956,30.39064175
CA6993202069,14893089,POU,CAD,2023-05-09,29.977,30.813,29.7215,30.6655,203462,1331,30.4363745
CA6993202069,14893089,POU,CAD,2023-05-10,30.7835,30.872,29.6525,30.2035,378476,1652,30.138374
CA6993202069,14893089,POU,CAD,2023-05-11,29.8885,30.1935,29.5345,29.79,151833,1157,29.7813635
CA6993202069,14893089,POU,CAD,2023-05-12,29.9575,30.272,29.21,29.5345,250743,1721,29.56401
CA6993202069,14893089,POU,CAD,2023-05-15,29.6035,29.849,28.5805,28.8655,410759,2817,28.9866955
CA6993202069,14893089,POU,CAD,2023-05-16,28.6395,29.259,28.433,28.551,413762,1602,28.613949
CA6993202069,14893089,POU,CAD,2023-05-17,28.62,29.1115,28.443,29.0135,352173,1783,28.88391975
CA6993202069,14893089,POU,CAD,2023-05-18,28.8755,29.446,28.5705,29.446,282301,1642,29.09045475
CA6993202069,14893089,POU,CAD,2023-05-19,29.7115,29.849,29.259,29.731,204729,1197,29.68203
CA6993202069,14893089,POU,CAD,2023-05-23,29.7215,29.997,29.3475,29.81,196462,1111,29.8384065
CA6993202069,14893089,POU,CAD,2023-05-24,29.9375,29.9375,29.4165,29.5935,217404,1399,29.58023775
CA6993202069,14893089,POU,CAD,2023-05-25,29.033,29.505,28.8755,28.9245,327315,2362,29.10619075
CA6993202069,14893089,POU,CAD,2023-05-26,29.2495,29.2495,28.7475,28.9935,155960,1143,28.94292975
CA6993202069,14893089,POU,CAD,2023-05-29,28.7575,29.564,28.7475,29.456,103905,555,29.42287775
CA6993202069,14893089,POU,CAD,2023-05-30,29.1315,29.682,28.3935,28.5115,286412,2002,28.62624275
CA6993202069,14893089,POU,CAD,2023-05-31,28.2855,28.3545,27.597,28.02,327360,1903,27.92107325
CA6993202069,14893089,POU,CAD,2023-06-01,28.02,28.5905,27.715,28.1675,287947,1329,28.234318
CA6993202069,14893089,POU,CAD,2023-06-02,29.102,29.5245,28.895,29.436,292945,2131,29.20945825
CA6993202069,14893089,POU,CAD,2023-06-05,29.751,29.997,28.7475,28.9345,665258,2341,29.06685075
CA6993202069,14893089,POU,CAD,2023-06-06,28.6495,29.2395,28.551,29.1905,145441,929,29.0476725
CA6993202069,14893089,POU,CAD,2023-06-07,29.377,29.731,28.895,29.574,243185,1713,29.562043
CA6993202069,14893089,POU,CAD,2023-06-08,29.613,29.7705,28.61,29.0725,319976,1988,29.1086495
CA6993202069,14893089,POU,CAD,2023-06-09,29.151,29.397,28.61,28.777,166589,1208,28.844088
CA6993202069,14893089,POU,CAD,2023-06-12,28.423,28.895,28.2365,28.718,256486,1507,28.552972
CA6993202069,14893089,POU,CAD,2023-06-13,29.1215,29.3475,29.023,29.102,212278,1445,29.20060675
CA6993202069,14893089,POU,CAD,2023-06-14,29.22,29.22,27.9315,28.207,378038,1734,28.31840725
CA6993202069,14893089,POU,CAD,2023-06-15,28.3445,28.797,28.325,28.787,163344,1211,28.65378075
CA6993202069,14893089,POU,CAD,2023-06-16,28.895,29.4265,28.4035,29.328,414823,2288,29.13766275
CA6993202069,14893089,POU,CAD,2023-06-19,28.964,29.338,28.6495,29.2295,71509,544,29.08652075
CA6993202069,14893089,POU,CAD,2023-06-20,28.915,29.0135,28.5805,28.954,261836,1471,28.851956
CA6993202069,14893089,POU,CAD,2023-06-21,28.9445,29.5245,28.561,29.2985,262407,1884,29.2758445
CA6993202069,14893089,POU,CAD,2023-06-22,28.482,29.0035,28.1185,28.3935,425414,2451,28.53477725
CA6993202069,14893089,POU,CAD,2023-06-23,28.079,28.443,27.9115,28.3445,154571,1103,28.25349625
CA6993202069,14893089,POU,CAD,2023-06-26,28.256,28.846,28.0395,28.492,207742,1454,28.56084
CA6993202069,14893089,POU,CAD,2023-06-27,28.3935,28.6495,28.207,28.2755,196525,928,28.350371
CA6993202069,14893089,POU,CAD,2023-06-28,28.246,28.62,27.892,28.305,159139,1205,28.2982455
CA6993202069,14893089,POU,CAD,2023-06-29,28.2165,28.2955,27.489,27.9115,384919,2652,27.862555
CA6993202069,14893089,POU,CAD,2023-06-30,28.0395,28.4625,27.607,28.325,265974,1885,28.1349845
CA6993202069,14893089,POU,CAD,2023-07-04,28.197,28.9985,28.187,28.61,155707,998,28.76885025
CA6993202069,14893089,POU,CAD,2023-07-05,28.787,28.8755,28.3345,28.551,104041,695,28.54756275
CA6993202069,14893089,POU,CAD,2023-07-06,28.2855,28.4475,27.253,27.8135,288629,1789,27.76174625
CA6993202069,14893089,POU,CAD,2023-07-07,27.6365,28.5115,27.6365,28.305,281000,1465,28.2726745
CA6993202069,14893089,POU,CAD,2023-07-10,28.2755,28.738,28.1775,28.2365,319390,1484,28.316932
CA6993202069,14893089,POU,CAD,2023-07-11,28.502,28.915,28.315,28.502,274702,1467,28.5500215
CA6993202069,14893089,POU,CAD,2023-07-12,28.61,28.974,28.502,28.836,243841,1301,28.80425625
CA6993202069,14893089,POU,CAD,2023-07-13,28.915,29.1115,28.384,29.1115,170656,1098,28.885395
CA6993202069,14893089,POU,CAD,2023-07-14,28.8755,28.9245,28.3445,28.492,296912,1715,28.56919975
CA6993202069,14893089,POU,CAD,2023-07-17,28.325,28.5215,27.784,28.0,221159,1112,28.02532425
CA6993202069,14893089,POU,CAD,2023-07-18,28.0985,28.728,27.9805,28.551,391594,1051,28.54657925
CA6993202069,14893089,POU,CAD,2023-07-19,28.669,29.397,28.6395,29.0525,248176,1333,29.141105
CA6993202069,14893089,POU,CAD,2023-07-20,29.2395,29.2395,28.61,28.9245,229679,971,28.76098225
CA6993202069,14893089,POU,CAD,2023-07-21,29.023,29.141,28.7085,28.728,137374,843,28.8372035
CA6993202069,14893089,POU,CAD,2023-07-24,28.9245,29.338,28.895,29.023,190371,1223,29.135204
CA6993202069,14893089,POU,CAD,2023-07-25,28.9245,29.102,28.433,28.7575,309684,1762,28.781144
CA6993202069,14893089,POU,CAD,2023-07-26,28.551,29.082,28.5215,28.8265,128903,697,28.8372035
CA6993202069,14893089,POU,CAD,2023-07-27,29.0725,29.2885,28.6495,28.7675,191679,1042,28.97636875
CA6993202069,14893089,POU,CAD,2023-07-28,28.7675,30.449,28.6295,30.41,487488,2017,29.7833305
CA6993202069,14893089,POU,CAD,2023-07-31,30.4,31.01,30.2425,30.6555,366353,1980,30.700936
CA6993202069,14893089,POU,CAD,2023-08-01,30.6165,31.354,30.223,31.344,270924,1629,31.04270225
CA6993202069,14893089,POU,CAD,2023-08-02,31.187,31.4325,30.2525,30.7345,308505,1737,30.7668305
CA6993202069,14893089,POU,CAD,2023-08-03,30.9805,31.462,30.6165,31.1965,226704,1656,31.1071215
CA6993202069,14893089,POU,CAD,2023-08-04,31.4425,32.082,31.049,31.885,235912,1448,31.8703175
CA6993202069,14893089,POU,CAD,2023-08-08,31.6,31.836,31.344,31.6685,203356,1325,31.64903
CA6993202069,14893089,POU,CAD,2023-08-09,31.954,32.475,31.718,32.1015,327488,1794,32.22880325
CA6993202069,14893089,POU,CAD,2023-08-10,32.2,32.2195,31.895,32.082,213304,1087,32.060133
CA6993202069,14893089,POU,CAD,2023-08-11,32.082,32.5045,32.003,32.3275,223982,1200,32.351249
CA6993202069,14893089,POU,CAD,2023-08-14,32.141,32.436,31.836,32.2195,92160,531,32.11766775
CA6993202069,14893089,POU,CAD,2023-08-15,31.9835,32.0425,31.5115,31.6685,238910,1199,31.74492125
CA6993202069,14893089,POU,CAD,2023-08-16,31.6685,32.19,31.3835,31.4425,193775,1117,31.682469
CA6993202069,14893089,POU,CAD,2023-08-17,31.718,31.885,31.482,31.59,176272,864,31.63280225
CA6993202069,14893089,POU,CAD,2023-08-18,31.4525,31.6195,31.1965,31.344,222782,1119,31.326442
CA6993202069,14893089,POU,CAD,2023-08-21,31.462,31.7865,31.128,31.236,211536,1302,31.38397675
CA6993202069,14893089,POU,CAD,2023-08-22,31.305,31.6095,31.0885,31.177,171546,1026,31.308739
CA6993202069,14893089,POU,CAD,2023-08-23,30.9605,31.0,30.4985,30.6165,292712,2027,30.689134
CA6993202069,14893089,POU,CAD,2023-08-24,30.4785,30.6165,29.79,29.869,212199,1464,30.07493825
CA6993202069,14893089,POU,CAD,2023-08-25,29.8885,30.346,29.869,30.0655,171173,1315,30.06510325
CA6993202069,14893089,POU,CAD,2023-08-28,30.1445,30.528,30.0265,30.1245,94802,636,30.2318065
CA6993202069,14893089,POU,CAD,2023-08-29,30.223,30.567,30.0855,30.4195,210344,1456,30.3990015
CA6993202069,14893089,POU,CAD,2023-08-30,30.5575,30.803,30.459,30.4885,115549,884,30.582916
CA6993202069,14893089,POU,CAD,2023-08-31,30.7835,30.921,30.577,30.7835,169204,900,30.77125625
CA6993202069,14893089,POU,CAD,2023-09-01,31.1575,31.8705,31.1475,31.6785,174318,1096,31.57182525
CA6993202069,14893089,POU,CAD,2023-09-05,31.777,32.298,31.767,32.1015,210599,1286,32.1102915
CA6993202069,14893089,POU,CAD,2023-09-06,31.9935,32.416,31.964,32.298,143402,1045,32.2656845
CA6993202069,14893089,POU,CAD,2023-09-07,32.3275,32.8585,32.259,32.4655,330118,1945,32.5922065
CA6993202069,14893089,POU,CAD,2023-09-08,32.5835,33.07,32.554,32.711,284168,1336,32.81595275
CA6993202069,14893089,POU,CAD,2023-09-11,32.829,33.1635,32.3375,32.3965,128442,852,32.64679075
CA6993202069,14893089,POU,CAD,2023-09-12,32.5835,33.026,32.5045,32.77,137529,872,32.78989
CA6993202069,14893089,POU,CAD,2023-09-13,32.9375,33.213,31.9735,32.2095,250836,1491,32.23470425
CA6993202069,14893089,POU,CAD,2023-09-14,32.4655,33.0455,32.436,32.967,145941,942,32.7948075
CA6993202069,14893089,POU,CAD,2023-09-15,32.849,33.2425,32.79,32.9475,284130,876,33.016095
CA6993202069,14893089,POU,CAD,2023-09-18,32.9475,33.2425,32.2195,32.426,218695,1172,32.46877725
CA6993202069,14893089,POU,CAD,2023-09-19,32.554,32.78,31.8655,31.9735,206587,1302,32.091605
CA6993202069,14893089,POU,CAD,2023-09-20,31.757,32.436,31.521,31.885,250372,1753,31.83245275
CA6993202069,14893089,POU,CAD,2023-09-21,31.895,31.934,31.177,31.305,267290,1865,31.36430675
CA6993202069,14893089,POU,CAD,2023-09-22,31.5115,31.718,31.236,31.3245,184859,1231,31.371683
CA6993202069,14893089,POU,CAD,2023-09-25,31.236,31.826,31.2165,31.6,258413,1752,31.56985825
CA6993202069,14893089,POU,CAD,2023-09-26,31.3735,31.944,31.3735,31.6295,196710,1241,31.65345575
CA6993202069,14893089,POU,CAD,2023-09-27,32.013,32.2785,31.836,31.895,200389,1368,32.020793
CA6993202069,14893089,POU,CAD,2023-09-28,31.964,32.377,31.816,32.023,220669,1429,32.07636075
CA6993202069,14893089,POU,CAD,2023-09-29,32.062,32.239,31.639,31.718,206247,1185,31.90719875
CA6993202069,14893089,POU,CAD,2023-10-02,31.7865,32.121,30.1245,30.3705,486457,2255,30.58832525
CA6993202069,14893089,POU,CAD,2023-10-03,30.1935,31.0,30.1935,30.9705,231880,1384,30.70437825
CA6993202069,14893089,POU,CAD,2023-10-04,30.567,30.9115,29.377,29.456,436446,2388,29.81037675
CA6993202069,14893089,POU,CAD,2023-10-05,29.21,29.8785,28.915,29.269,248684,1605,29.282729
CA6993202069,14893089,POU,CAD,2023-10-06,29.3085,29.682,28.7675,29.5345,203105,1341,29.290597
CA6993202069,14893089,POU,CAD,2023-10-10,30.2035,30.528,29.977,30.3015,354876,1537,30.31392875
CA6993202069,14893089,POU,CAD,2023-10-11,30.0855,30.39,29.4855,29.692,259840,1581,29.8187365
CA6993202069,14893089,POU,CAD,2023-10-12,29.9475,30.0265,29.2295,29.436,241010,1513,29.49467325
CA6993202069,14893089,POU,CAD,2023-10-13,30.0165,30.0165,29.505,29.6525,474715,2506,29.658426
CA6993202069,14893089,POU,CAD,2023-10-16,29.8395,29.8885,29.2395,29.692,326738,1708,29.579746
CA6993202069,14893089,POU,CAD,2023-10-17,29.81,30.41,29.613,30.4,273724,1938,30.21361175
CA6993202069,14893089,POU,CAD,2023-10-18,30.518,31.836,30.518,31.767,362036,2253,31.54428725
CA6993202069,14893089,POU,CAD,2023-10-19,31.462,32.023,31.364,31.9835,245197,1592,31.7444295
CA6993202069,14893089,POU,CAD,2023-10-20,31.944,32.003,31.7275,31.8065,128785,968,31.83638675
CA6993202069,14893089,POU,CAD,2023-10-23,31.472,32.2095,31.403,31.9935,188510,1382,31.93670375
CA6993202069,14893089,POU,CAD,2023-10-24,32.082,32.2195,31.7275,32.121,187496,1364,32.0827535
CA6993202069,14893089,POU,CAD,2023-10-25,32.131,32.4555,31.6195,32.18,223724,1617,32.0611165
CA6993202069,14893089,POU,CAD,2023-10-26,32.062,32.5735,31.826,32.318,332634,2037,32.378787
CA6993202069,14893089,POU,CAD,2023-10-27,32.4555,32.7405,32.013,32.721,206982,1513,32.5449985
CA6993202069,14893089,POU,CAD,2023-10-30,32.849,33.09,32.495,32.593,127387,939,32.70383375
CA6993202069,14893089,POU,CAD,2023-10-31,32.9475,33.2425,32.5835,32.78,299382,1255,32.8695535
CA6993202069,14893089,POU,CAD,2023-11-01,32.79,33.075,32.5635,33.0065,216001,1054,32.93692325
CA6993202069,14893089,POU,CAD,2023-11-02,32.7405,32.9475,31.423,32.4655,694163,4572,32.087671
CA6993202069,14893089,POU,CAD,2023-11-03,32.6425,32.6815,30.8325,30.9115,603726,3382,31.21284775
CA6993202069,14893089,POU,CAD,2023-11-06,31.118,31.246,30.292,30.744,361006,2845,30.78109125
CA6993202069,14893089,POU,CAD,2023-11-07,30.449,30.872,28.8065,28.856,476617,2914,29.471561
CA6993202069,14893089,POU,CAD,2023-11-08,28.669,28.915,27.725,27.882,458446,2944,28.11088875
CA6993202069,14893089,POU,CAD,2023-11-09,28.089,28.905,27.892,27.941,331552,2331,28.3552885
CA6993202069,14893089,POU,CAD,2023-11-10,28.1775,28.433,28.0395,28.325,219760,1571,28.2313675
CA6993202069,14893089,POU,CAD,2023-11-13,28.2165,28.5215,27.646,27.7545,245114,1630,27.85517875
CA6993202069,14893089,POU,CAD,2023-11-14,27.8525,28.1185,27.4935,27.646,291368,1911,27.72338975
CA6993202069,14893089,POU,CAD,2023-11-15,27.43,27.715,27.0955,27.135,202146,1277,27.3324485
CA6993202069,14893089,POU,CAD,2023-11-16,26.948,27.1645,26.1415,26.6035,332354,2033,26.5377805
CA6993202069,14893089,POU,CAD,2023-11-17,26.948,27.479,26.7315,27.194,185655,1237,27.209511
CA6993202069,14893089,POU,CAD,2023-11-20,27.538,27.7445,27.2035,27.292,263134,1825,27.429815
CA6993202069,14893089,POU,CAD,2023-11-21,27.5085,27.5185,26.594,26.7315,295941,1556,26.83627275
CA6993202069,14893089,POU,CAD,2023-11-22,26.5055,26.7905,26.24,26.5545,263313,1646,26.58744725
CA6993202069,14893089,POU,CAD,2023-11-23,26.6035,26.6035,26.358,26.5545,114916,566,26.50680025
CA6993202069,14893089,POU,CAD,2023-11-24,26.6035,27.0465,26.456,26.643,153254,992,26.58351325
CA6993202069,14893089,POU,CAD,2023-11-27,26.4955,26.7805,26.1415,26.358,202384,1178,26.450249
CA6993202069,14893089,POU,CAD,2023-11-28,26.5055,26.7905,26.181,26.289,218426,1527,26.428612
CA6993202069,14893089,POU,CAD,2023-11-29,26.456,26.6035,26.1315,26.4955,185148,1225,26.47926225
CA6993202069,14893089,POU,CAD,2023-11-30,26.6825,26.869,26.053,26.279,355147,1653,26.45369125
CA6993202069,14893089,POU,CAD,2023-12-01,26.2595,26.574,26.0135,26.161,223536,1328,26.38779675
CA6993202069,14893089,POU,CAD,2023-12-04,25.915,26.063,25.4335,25.5315,263459,1482,25.66689125
CA6993202069,14893089,POU,CAD,2023-12-05,25.5315,25.743,24.9315,25.0105,264426,1712,25.1667815
CA6993202069,14893089,POU,CAD,2023-12-06,24.843,25.4335,24.6365,25.0005,417551,2204,25.0507285
CA6993202069,14893089,POU,CAD,2023-12-07,25.1285,25.4825,24.863,24.9415,317647,2023,25.0959695
CA6993202069,14893089,POU,CAD,2023-12-08,25.207,25.7675,25.148,25.689,244981,1688,25.616241
CA6993202069,14893089,POU,CAD,2023-12-11,25.571,25.817,24.981,25.4925,261964,1878,25.2670985
CA6993202069,14893089,POU,CAD,2023-12-12,25.089,25.561,24.6955,25.148,441866,2749,25.016306
CA6993202069,14893089,POU,CAD,2023-12-13,25.158,25.856,24.8925,25.6695,342065,2226,25.51543225
CA6993202069,14893089,POU,CAD,2023-12-14,26.2105,26.358,25.797,25.9445,214852,1290,25.980136
CA6993202069,14893089,POU,CAD,2023-12-15,25.9645,26.063,25.266,25.4825,230986,1277,25.49182825
CA6993202069,14893089,POU,CAD,2023-12-18,25.6005,25.925,25.522,25.738,184604,1142,25.746063
CA6993202069,14893089,POU,CAD,2023-12-19,25.8365,26.24,25.7675,26.171,160231,1078,26.06914275
CA6993202069,14893089,POU,CAD,2023-12-20,26.2105,26.6035,25.8855,25.8855,140437,1026,26.24125525
CA6993202069,14893089,POU,CAD,2023-12-21,25.7675,26.122,25.7675,25.8955,151832,1070,25.8729345
CA6993202069,14893089,POU,CAD,2023-12-22,26.053,26.2005,25.689,25.876,140003,980,25.90194775
CA6993202069,14893089,POU,CAD,2023-12-27,25.7875,26.0725,25.571,25.6105,124641,809,25.783436
CA6993202069,14893089,POU,CAD,2023-12-28,25.6105,25.9545,25.325,25.5515,142591,899,25.616241
CA6993202069,14893089,POU,CAD,2023-12-29,25.62,25.8265,25.463,25.502,170065,932,25.561165
