ISIN,conId,Symbol,Currency,date,open,high,low,close,volume,barCount,average
DE000A41YEV7,881108707,D6H0,EUR,2019-01-02,29.9,31.0,29.84,30.7,5284,48,30.508
DE000A41YEV7,881108707,D6H0,EUR,2019-01-03,30.6,31.16,29.9,30.0,3993,52,30.25
DE000A41YEV7,881108707,D6H0,EUR,2019-01-04,30.46,31.2,30.0,30.8,7710,72,30.642
DE000A41YEV7,881108707,D6H0,EUR,2019-01-07,31.2,32.46,31.1,32.0,8849,83,31.898
DE000A41YEV7,881108707,D6H0,EUR,2019-01-08,32.0,33.36,31.74,32.6,5133,82,32.644
DE000A41YEV7,881108707,D6H0,EUR,2019-01-09,32.8,33.3,32.4,32.6,6141,77,32.85
DE000A41YEV7,881108707,D6H0,EUR,2019-01-10,33.0,33.0,32.44,32.64,2727,30,32.656
DE000A41YEV7,881108707,D6H0,EUR,2019-01-11,32.86,33.5,32.84,33.26,3867,40,33.236
DE000A41YEV7,881108707,D6H0,EUR,2019-01-14,33.7,33.7,32.04,32.36,3933,47,32.924
DE000A41YEV7,881108707,D6H0,EUR,2019-01-15,32.6,32.86,31.7,32.0,4717,43,32.282
DE000A41YEV7,881108707,D6H0,EUR,2019-01-16,32.1,33.2,31.64,31.9,32473,171,32.536
DE000A41YEV7,881108707,D6H0,EUR,2019-01-17,32.2,32.36,31.6,32.0,3451,45,31.958
DE000A41YEV7,881108707,D6H0,EUR,2019-01-18,32.36,33.0,31.7,31.96,17461,190,32.382
DE000A41YEV7,881108707,D6H0,EUR,2019-01-21,32.1,34.56,32.0,34.36,11836,96,33.36
DE000A41YEV7,881108707,D6H0,EUR,2019-01-22,34.4,36.4,34.24,36.1,28380,150,35.286
DE000A41YEV7,881108707,D6H0,EUR,2019-01-23,36.26,36.66,35.5,35.96,6281,45,36.174
DE000A41YEV7,881108707,D6H0,EUR,2019-01-24,36.26,36.46,35.04,35.8,6295,54,35.856
DE000A41YEV7,881108707,D6H0,EUR,2019-01-25,35.8,36.56,35.7,36.36,3002,32,36.146
DE000A41YEV7,881108707,D6H0,EUR,2019-01-28,36.56,36.56,35.64,35.8,4034,57,36.146
DE000A41YEV7,881108707,D6H0,EUR,2019-01-29,35.9,36.06,35.24,35.6,2581,30,35.672
DE000A41YEV7,881108707,D6H0,EUR,2019-01-30,35.76,35.8,33.84,34.4,8176,82,34.548
DE000A41YEV7,881108707,D6H0,EUR,2019-01-31,34.8,36.2,34.8,35.76,5060,70,35.606
DE000A41YEV7,881108707,D6H0,EUR,2019-02-01,36.36,36.36,34.8,35.0,7667,105,35.426
DE000A41YEV7,881108707,D6H0,EUR,2019-02-04,35.6,35.96,35.0,35.1,5867,40,35.464
DE000A41YEV7,881108707,D6H0,EUR,2019-02-05,35.26,36.0,35.14,35.86,5605,46,35.59
DE000A41YEV7,881108707,D6H0,EUR,2019-02-06,35.56,36.36,35.3,35.6,2503,49,35.644
DE000A41YEV7,881108707,D6H0,EUR,2019-02-07,36.3,36.36,35.2,35.8,2925,45,35.534
DE000A41YEV7,881108707,D6H0,EUR,2019-02-08,35.6,35.6,34.04,34.96,20105,136,34.71
DE000A41YEV7,881108707,D6H0,EUR,2019-02-11,34.46,36.46,34.24,35.4,17057,118,35.192
DE000A41YEV7,881108707,D6H0,EUR,2019-02-12,35.2,35.56,34.54,35.0,6617,51,35.034
DE000A41YEV7,881108707,D6H0,EUR,2019-02-13,34.9,35.8,34.9,35.06,8665,68,35.42
DE000A41YEV7,881108707,D6H0,EUR,2019-02-14,35.5,35.7,35.04,35.46,8683,65,35.476
DE000A41YEV7,881108707,D6H0,EUR,2019-02-15,35.56,36.0,35.0,35.96,8859,48,35.466
DE000A41YEV7,881108707,D6H0,EUR,2019-02-18,35.8,37.0,35.44,36.56,13545,75,36.576
DE000A41YEV7,881108707,D6H0,EUR,2019-02-19,36.56,37.0,36.5,36.7,6775,38,36.75
DE000A41YEV7,881108707,D6H0,EUR,2019-02-20,36.8,37.0,35.5,35.96,11772,90,36.388
DE000A41YEV7,881108707,D6H0,EUR,2019-02-21,36.86,37.8,35.5,35.7,16692,126,36.432
DE000A41YEV7,881108707,D6H0,EUR,2019-02-22,35.7,35.86,35.14,35.56,12824,85,35.59
DE000A41YEV7,881108707,D6H0,EUR,2019-02-25,35.76,37.4,35.74,36.3,17899,111,36.792
DE000A41YEV7,881108707,D6H0,EUR,2019-02-26,36.5,36.76,35.84,36.0,8909,81,36.188
DE000A41YEV7,881108707,D6H0,EUR,2019-02-27,36.4,36.4,35.54,35.9,3974,55,35.872
DE000A41YEV7,881108707,D6H0,EUR,2019-02-28,35.76,35.8,34.4,34.86,10511,79,35.226
DE000A41YEV7,881108707,D6H0,EUR,2019-03-01,35.0,35.86,34.5,35.5,14440,106,35.296
DE000A41YEV7,881108707,D6H0,EUR,2019-03-04,36.26,36.26,34.4,34.7,15166,98,34.886
DE000A41YEV7,881108707,D6H0,EUR,2019-03-05,34.9,35.3,34.6,34.96,11529,51,34.914
DE000A41YEV7,881108707,D6H0,EUR,2019-03-06,35.1,35.46,35.0,35.4,6066,42,35.142
DE000A41YEV7,881108707,D6H0,EUR,2019-03-07,35.4,35.5,34.9,35.14,3759,47,35.144
DE000A41YEV7,881108707,D6H0,EUR,2019-03-08,35.0,35.36,34.84,35.0,8053,52,34.98
DE000A41YEV7,881108707,D6H0,EUR,2019-03-11,34.8,35.4,34.74,35.36,3469,30,35.118
DE000A41YEV7,881108707,D6H0,EUR,2019-03-12,35.1,36.56,35.1,36.0,4871,68,35.77
DE000A41YEV7,881108707,D6H0,EUR,2019-03-13,36.14,36.86,36.14,36.6,7939,68,36.604
DE000A41YEV7,881108707,D6H0,EUR,2019-03-14,36.56,36.6,35.4,35.64,4220,60,35.966
DE000A41YEV7,881108707,D6H0,EUR,2019-03-15,34.96,37.36,34.94,36.4,11035,73,36.09
DE000A41YEV7,881108707,D6H0,EUR,2019-03-18,36.6,36.9,35.8,36.0,3988,59,36.314
DE000A41YEV7,881108707,D6H0,EUR,2019-03-19,36.0,36.5,35.8,36.0,8151,77,36.014
DE000A41YEV7,881108707,D6H0,EUR,2019-03-20,36.2,36.9,35.8,36.0,10016,70,36.466
DE000A41YEV7,881108707,D6H0,EUR,2019-03-21,35.9,36.76,35.9,36.0,5369,54,36.164
DE000A41YEV7,881108707,D6H0,EUR,2019-03-22,36.0,36.26,35.84,35.86,3372,74,35.948
DE000A41YEV7,881108707,D6H0,EUR,2019-03-25,36.0,36.1,35.0,35.9,8930,87,35.492
DE000A41YEV7,881108707,D6H0,EUR,2019-03-26,36.1,36.16,35.5,35.96,3701,54,35.778
DE000A41YEV7,881108707,D6H0,EUR,2019-03-27,36.1,36.26,35.74,36.0,4533,44,35.904
DE000A41YEV7,881108707,D6H0,EUR,2019-03-28,36.0,37.4,35.8,37.36,9102,75,36.228
DE000A41YEV7,881108707,D6H0,EUR,2019-03-29,36.4,37.26,36.14,36.14,4137,44,36.626
DE000A41YEV7,881108707,D6H0,EUR,2019-04-01,36.64,37.5,36.5,36.7,12108,100,36.932
DE000A41YEV7,881108707,D6H0,EUR,2019-04-02,37.1,38.2,36.8,37.8,11482,102,37.666
DE000A41YEV7,881108707,D6H0,EUR,2019-04-03,37.7,38.2,37.34,37.5,8631,79,37.8
DE000A41YEV7,881108707,D6H0,EUR,2019-04-04,37.5,38.7,37.5,38.06,7947,77,38.084
DE000A41YEV7,881108707,D6H0,EUR,2019-04-05,38.5,38.5,36.5,36.86,18230,159,37.164
DE000A41YEV7,881108707,D6H0,EUR,2019-04-08,37.2,37.46,36.74,36.86,2243,34,37.068
DE000A41YEV7,881108707,D6H0,EUR,2019-04-09,37.46,38.0,37.1,37.3,8396,96,37.596
DE000A41YEV7,881108707,D6H0,EUR,2019-04-10,37.5,39.4,37.4,39.0,13561,198,38.362
DE000A41YEV7,881108707,D6H0,EUR,2019-04-11,39.05,39.7,38.3,38.8,7971,80,39.255
DE000A41YEV7,881108707,D6H0,EUR,2019-04-12,38.8,39.05,38.5,38.6,5545,70,38.685
DE000A41YEV7,881108707,D6H0,EUR,2019-04-15,38.8,40.35,38.7,39.55,15853,107,39.59
DE000A41YEV7,881108707,D6H0,EUR,2019-04-16,39.75,40.9,39.4,40.05,11738,94,40.255
DE000A41YEV7,881108707,D6H0,EUR,2019-04-17,40.25,40.25,38.05,40.05,16322,197,39.195
DE000A41YEV7,881108707,D6H0,EUR,2019-04-18,40.05,40.05,39.3,39.45,2686,48,39.64
DE000A41YEV7,881108707,D6H0,EUR,2019-04-23,39.1,40.15,39.1,39.65,6839,81,39.84
DE000A41YEV7,881108707,D6H0,EUR,2019-04-24,39.85,40.2,39.3,39.5,2358,31,39.93
DE000A41YEV7,881108707,D6H0,EUR,2019-04-25,40.2,40.2,38.8,39.2,3228,44,39.25
DE000A41YEV7,881108707,D6H0,EUR,2019-04-26,39.45,40.0,39.15,39.35,3271,33,39.655
DE000A41YEV7,881108707,D6H0,EUR,2019-04-29,39.4,40.3,38.85,39.1,4524,43,39.145
DE000A41YEV7,881108707,D6H0,EUR,2019-04-30,39.15,40.65,39.0,40.05,7191,72,39.6
DE000A41YEV7,881108707,D6H0,EUR,2019-05-02,40.15,40.55,39.15,39.65,8783,91,40.035
DE000A41YEV7,881108707,D6H0,EUR,2019-05-03,39.85,39.95,38.9,39.2,6007,68,39.39
DE000A41YEV7,881108707,D6H0,EUR,2019-05-06,39.2,39.2,37.15,38.35,17441,149,37.99
DE000A41YEV7,881108707,D6H0,EUR,2019-05-07,38.9,39.2,37.85,38.05,3903,60,38.505
DE000A41YEV7,881108707,D6H0,EUR,2019-05-08,38.25,38.8,37.65,38.25,5744,66,38.02
DE000A41YEV7,881108707,D6H0,EUR,2019-05-09,38.95,39.7,38.4,38.4,8220,82,39.135
DE000A41YEV7,881108707,D6H0,EUR,2019-05-10,39.4,39.55,38.8,39.35,2998,41,39.15
DE000A41YEV7,881108707,D6H0,EUR,2019-05-13,39.55,39.55,38.0,38.0,4608,49,38.385
DE000A41YEV7,881108707,D6H0,EUR,2019-05-14,38.2,38.7,38.0,38.5,12114,71,38.47
DE000A41YEV7,881108707,D6H0,EUR,2019-05-15,38.5,39.15,38.3,38.75,3958,40,38.615
DE000A41YEV7,881108707,D6H0,EUR,2019-05-16,38.7,40.5,38.7,40.3,14875,91,40.005
DE000A41YEV7,881108707,D6H0,EUR,2019-05-17,40.4,40.9,39.15,39.95,28780,134,39.87
DE000A41YEV7,881108707,D6H0,EUR,2019-05-20,40.35,43.2,40.25,42.55,61645,392,41.985
DE000A41YEV7,881108707,D6H0,EUR,2019-05-21,42.95,43.25,42.1,42.9,28305,210,42.595
DE000A41YEV7,881108707,D6H0,EUR,2019-05-22,43.05,43.75,42.55,43.0,23196,177,43.13
DE000A41YEV7,881108707,D6H0,EUR,2019-05-23,43.15,43.3,42.15,42.45,12307,137,42.68
DE000A41YEV7,881108707,D6H0,EUR,2019-05-24,42.3,42.7,41.75,42.2,20261,206,42.165
DE000A41YEV7,881108707,D6H0,EUR,2019-05-27,42.7,44.25,42.35,43.6,11264,132,43.655
DE000A41YEV7,881108707,D6H0,EUR,2019-05-28,43.35,45.1,43.2,45.05,16815,181,44.07
DE000A41YEV7,881108707,D6H0,EUR,2019-05-29,44.85,45.95,44.05,44.8,19246,165,45.07
DE000A41YEV7,881108707,D6H0,EUR,2019-05-30,44.5,44.5,43.65,44.1,4106,61,44.16
DE000A41YEV7,881108707,D6H0,EUR,2019-05-31,44.05,44.6,42.45,43.15,14470,203,43.04
DE000A41YEV7,881108707,D6H0,EUR,2019-06-03,41.55,42.95,41.55,42.45,13206,129,42.36
DE000A41YEV7,881108707,D6H0,EUR,2019-06-04,42.45,43.25,41.9,42.05,11483,125,42.315
DE000A41YEV7,881108707,D6H0,EUR,2019-06-05,42.95,44.3,42.95,44.1,24582,202,43.54
DE000A41YEV7,881108707,D6H0,EUR,2019-06-06,44.15,44.8,43.8,44.5,10934,148,44.44
DE000A41YEV7,881108707,D6H0,EUR,2019-06-07,44.45,45.0,44.3,44.85,4300,67,44.625
DE000A41YEV7,881108707,D6H0,EUR,2019-06-11,44.9,45.0,43.25,43.95,13064,186,44.06
DE000A41YEV7,881108707,D6H0,EUR,2019-06-12,43.8,44.0,43.25,43.35,5460,118,43.735
DE000A41YEV7,881108707,D6H0,EUR,2019-06-13,43.2,43.75,43.1,43.5,1766,49,43.335
DE000A41YEV7,881108707,D6H0,EUR,2019-06-14,43.5,43.8,43.0,43.5,4678,78,43.46
DE000A41YEV7,881108707,D6H0,EUR,2019-06-17,44.1,44.65,42.95,44.4,12041,181,44.005
DE000A41YEV7,881108707,D6H0,EUR,2019-06-18,44.95,45.0,44.0,44.35,5727,137,44.55
DE000A41YEV7,881108707,D6H0,EUR,2019-06-19,44.8,44.85,44.05,44.3,4910,96,44.6
DE000A41YEV7,881108707,D6H0,EUR,2019-06-20,44.05,44.2,43.5,44.0,3945,78,43.935
DE000A41YEV7,881108707,D6H0,EUR,2019-06-21,43.25,44.5,43.2,44.1,9128,106,43.9
DE000A41YEV7,881108707,D6H0,EUR,2019-06-24,44.45,44.45,43.05,43.55,18017,173,43.905
DE000A41YEV7,881108707,D6H0,EUR,2019-06-25,43.3,43.5,42.85,42.95,5810,112,43.04
DE000A41YEV7,881108707,D6H0,EUR,2019-06-26,42.85,43.75,42.85,43.0,2042,81,43.165
DE000A41YEV7,881108707,D6H0,EUR,2019-06-27,43.25,43.3,42.8,42.9,6243,98,43.115
DE000A41YEV7,881108707,D6H0,EUR,2019-06-28,42.8,43.15,41.95,41.95,8793,133,42.23
DE000A41YEV7,881108707,D6H0,EUR,2019-07-01,42.6,43.45,42.3,43.25,4126,76,42.98
DE000A41YEV7,881108707,D6H0,EUR,2019-07-02,43.3,43.5,43.0,43.1,2268,49,43.28
DE000A41YEV7,881108707,D6H0,EUR,2019-07-03,42.75,43.7,41.9,43.5,25793,150,42.735
DE000A41YEV7,881108707,D6H0,EUR,2019-07-04,43.7,43.7,42.55,43.5,5668,71,43.225
DE000A41YEV7,881108707,D6H0,EUR,2019-07-05,43.45,43.9,43.0,43.7,7144,65,43.505
DE000A41YEV7,881108707,D6H0,EUR,2019-07-08,43.8,44.5,43.4,44.05,2883,46,43.93
DE000A41YEV7,881108707,D6H0,EUR,2019-07-09,43.8,44.35,43.25,43.6,13280,149,43.725
DE000A41YEV7,881108707,D6H0,EUR,2019-07-10,43.7,44.5,43.6,44.05,8957,88,44.015
DE000A41YEV7,881108707,D6H0,EUR,2019-07-11,44.35,44.8,43.55,44.55,4996,75,44.48
DE000A41YEV7,881108707,D6H0,EUR,2019-07-12,43.75,44.8,43.6,44.1,12335,85,44.09
DE000A41YEV7,881108707,D6H0,EUR,2019-07-15,44.3,44.6,43.7,44.15,4281,51,44.175
DE000A41YEV7,881108707,D6H0,EUR,2019-07-16,44.0,44.45,43.45,44.2,12024,175,43.835
DE000A41YEV7,881108707,D6H0,EUR,2019-07-17,44.55,44.8,44.05,44.5,11778,125,44.5
DE000A41YEV7,881108707,D6H0,EUR,2019-07-18,43.9,45.8,43.9,45.05,15789,147,44.98
DE000A41YEV7,881108707,D6H0,EUR,2019-07-19,45.75,45.95,45.2,45.3,2613,47,45.54
DE000A41YEV7,881108707,D6H0,EUR,2019-07-22,45.4,46.2,45.05,45.75,6714,97,45.465
DE000A41YEV7,881108707,D6H0,EUR,2019-07-23,45.8,46.85,45.75,46.1,5289,78,46.17
DE000A41YEV7,881108707,D6H0,EUR,2019-07-24,46.05,46.9,45.75,46.0,17914,159,46.235
DE000A41YEV7,881108707,D6H0,EUR,2019-07-25,46.25,46.75,45.8,46.35,5164,52,46.195
DE000A41YEV7,881108707,D6H0,EUR,2019-07-26,46.7,47.95,46.15,47.2,6602,76,46.925
DE000A41YEV7,881108707,D6H0,EUR,2019-07-29,47.6,48.4,47.0,47.55,13277,155,47.77
DE000A41YEV7,881108707,D6H0,EUR,2019-07-30,47.95,48.35,45.3,46.5,11149,159,46.845
DE000A41YEV7,881108707,D6H0,EUR,2019-07-31,45.3,47.15,45.3,46.95,7990,53,46.48
DE000A41YEV7,881108707,D6H0,EUR,2019-08-01,46.8,47.15,46.15,46.4,3096,54,46.685
DE000A41YEV7,881108707,D6H0,EUR,2019-08-02,46.3,46.3,44.3,44.9,5834,78,45.335
DE000A41YEV7,881108707,D6H0,EUR,2019-08-05,44.05,44.8,43.25,43.55,10340,127,43.665
DE000A41YEV7,881108707,D6H0,EUR,2019-08-06,43.5,44.2,42.5,42.7,21378,233,43.63
DE000A41YEV7,881108707,D6H0,EUR,2019-08-07,43.3,45.05,43.0,44.0,10228,95,44.155
DE000A41YEV7,881108707,D6H0,EUR,2019-08-08,43.8,45.0,42.9,43.25,3515,74,43.995
DE000A41YEV7,881108707,D6H0,EUR,2019-08-09,42.85,43.8,41.5,42.5,16330,180,42.795
DE000A41YEV7,881108707,D6H0,EUR,2019-08-12,42.3,42.6,40.8,41.1,13174,171,41.38
DE000A41YEV7,881108707,D6H0,EUR,2019-08-13,41.25,41.8,40.7,40.7,11055,112,41.065
DE000A41YEV7,881108707,D6H0,EUR,2019-08-14,40.55,41.3,40.0,40.35,5169,85,40.68
DE000A41YEV7,881108707,D6H0,EUR,2019-08-15,40.3,41.45,40.3,41.0,6154,93,40.605
DE000A41YEV7,881108707,D6H0,EUR,2019-08-16,41.2,43.3,41.0,42.8,8729,134,42.325
DE000A41YEV7,881108707,D6H0,EUR,2019-08-19,43.25,44.55,42.85,44.15,5772,87,43.81
DE000A41YEV7,881108707,D6H0,EUR,2019-08-20,44.35,46.0,42.5,42.9,14798,182,44.59
DE000A41YEV7,881108707,D6H0,EUR,2019-08-21,43.5,45.3,43.15,45.0,8870,122,44.26
DE000A41YEV7,881108707,D6H0,EUR,2019-08-22,45.25,46.4,44.55,44.55,10497,120,45.625
DE000A41YEV7,881108707,D6H0,EUR,2019-08-23,44.85,45.5,44.1,44.75,7763,85,45.125
DE000A41YEV7,881108707,D6H0,EUR,2019-08-26,44.75,45.6,44.2,45.4,7599,91,44.905
DE000A41YEV7,881108707,D6H0,EUR,2019-08-27,45.45,45.9,44.0,44.8,2648,59,45.15
DE000A41YEV7,881108707,D6H0,EUR,2019-08-28,44.9,45.8,43.55,43.55,4732,61,44.465
DE000A41YEV7,881108707,D6H0,EUR,2019-08-29,44.05,45.75,43.35,45.1,2490,54,44.895
DE000A41YEV7,881108707,D6H0,EUR,2019-08-30,44.9,47.0,44.85,46.95,11150,117,46.13
DE000A41YEV7,881108707,D6H0,EUR,2019-09-02,46.65,47.6,45.4,45.9,8000,114,46.805
DE000A41YEV7,881108707,D6H0,EUR,2019-09-03,46.8,46.8,45.25,45.8,3643,97,46.435
DE000A41YEV7,881108707,D6H0,EUR,2019-09-04,46.0,46.55,45.15,45.2,1617,46,45.845
DE000A41YEV7,881108707,D6H0,EUR,2019-09-05,45.8,46.0,45.1,45.5,3420,58,45.515
DE000A41YEV7,881108707,D6H0,EUR,2019-09-06,46.05,46.65,44.9,45.3,3227,69,45.685
DE000A41YEV7,881108707,D6H0,EUR,2019-09-09,45.6,46.6,45.2,45.55,3702,68,46.045
DE000A41YEV7,881108707,D6H0,EUR,2019-09-10,45.45,46.35,43.8,43.8,5510,92,44.835
DE000A41YEV7,881108707,D6H0,EUR,2019-09-11,45.0,45.15,43.5,43.7,9543,125,44.25
DE000A41YEV7,881108707,D6H0,EUR,2019-09-12,43.6,45.0,43.5,45.0,11942,134,44.09
DE000A41YEV7,881108707,D6H0,EUR,2019-09-13,44.85,45.9,44.55,45.3,3295,56,45.105
DE000A41YEV7,881108707,D6H0,EUR,2019-09-16,45.45,47.5,45.45,46.1,9934,123,46.485
DE000A41YEV7,881108707,D6H0,EUR,2019-09-17,46.4,47.5,46.3,47.5,10771,128,46.995
DE000A41YEV7,881108707,D6H0,EUR,2019-09-18,46.5,47.95,46.5,47.05,5554,101,47.38
DE000A41YEV7,881108707,D6H0,EUR,2019-09-19,47.1,47.5,45.1,45.35,4817,94,46.165
DE000A41YEV7,881108707,D6H0,EUR,2019-09-20,46.15,46.45,45.55,46.05,2049,52,46.005
DE000A41YEV7,881108707,D6H0,EUR,2019-09-23,45.85,46.75,45.35,46.45,4446,96,45.86
DE000A41YEV7,881108707,D6H0,EUR,2019-09-24,46.6,46.75,45.65,46.05,2675,74,46.04
DE000A41YEV7,881108707,D6H0,EUR,2019-09-25,46.15,47.0,45.5,47.0,4755,97,46.03
DE000A41YEV7,881108707,D6H0,EUR,2019-09-26,46.0,47.7,46.0,47.0,4383,83,47.255
DE000A41YEV7,881108707,D6H0,EUR,2019-09-27,47.4,49.65,46.4,48.75,9448,120,48.11
DE000A41YEV7,881108707,D6H0,EUR,2019-09-30,48.35,49.25,47.85,48.55,10631,148,48.26
DE000A41YEV7,881108707,D6H0,EUR,2019-10-01,48.25,50.2,47.25,48.95,32175,249,49.01
DE000A41YEV7,881108707,D6H0,EUR,2019-10-02,48.75,50.1,48.75,49.3,11471,216,49.4
DE000A41YEV7,881108707,D6H0,EUR,2019-10-04,49.45,50.7,48.5,50.7,27751,503,49.47
DE000A41YEV7,881108707,D6H0,EUR,2019-10-07,49.95,50.5,49.25,49.75,10679,143,49.785
DE000A41YEV7,881108707,D6H0,EUR,2019-10-08,49.75,50.4,49.35,49.95,22194,204,49.875
DE000A41YEV7,881108707,D6H0,EUR,2019-10-09,49.5,50.8,49.5,50.4,8270,118,50.12
DE000A41YEV7,881108707,D6H0,EUR,2019-10-10,50.8,51.9,50.2,50.4,16611,196,50.755
DE000A41YEV7,881108707,D6H0,EUR,2019-10-11,50.1,51.1,49.35,50.0,7987,102,50.095
DE000A41YEV7,881108707,D6H0,EUR,2019-10-14,50.1,50.3,48.85,49.85,6746,127,49.585
DE000A41YEV7,881108707,D6H0,EUR,2019-10-15,49.85,51.4,49.45,50.9,11269,200,50.195
DE000A41YEV7,881108707,D6H0,EUR,2019-10-16,51.0,51.3,50.0,51.2,8690,170,50.775
DE000A41YEV7,881108707,D6H0,EUR,2019-10-17,50.9,53.0,50.9,51.8,11453,142,51.995
DE000A41YEV7,881108707,D6H0,EUR,2019-10-18,52.0,52.3,49.6,50.1,9166,128,50.465
DE000A41YEV7,881108707,D6H0,EUR,2019-10-21,50.2,51.7,49.3,51.0,7419,142,50.97
DE000A41YEV7,881108707,D6H0,EUR,2019-10-22,51.6,52.0,50.6,51.0,6135,120,51.3
DE000A41YEV7,881108707,D6H0,EUR,2019-10-23,51.3,51.3,50.2,50.4,3416,124,50.56
DE000A41YEV7,881108707,D6H0,EUR,2019-10-24,50.8,50.9,49.85,50.4,3049,69,50.225
DE000A41YEV7,881108707,D6H0,EUR,2019-10-25,50.2,51.3,50.2,50.9,5206,259,50.855
DE000A41YEV7,881108707,D6H0,EUR,2019-10-28,51.1,51.5,51.0,51.5,6068,126,51.355
DE000A41YEV7,881108707,D6H0,EUR,2019-10-29,51.3,52.0,50.9,51.8,11130,315,51.535
DE000A41YEV7,881108707,D6H0,EUR,2019-10-30,51.6,54.2,51.5,54.0,18134,238,52.51
DE000A41YEV7,881108707,D6H0,EUR,2019-10-31,53.6,54.0,52.6,52.7,7903,160,53.135
DE000A41YEV7,881108707,D6H0,EUR,2019-11-01,53.2,54.2,52.6,53.9,5181,129,53.635
DE000A41YEV7,881108707,D6H0,EUR,2019-11-04,54.1,55.6,53.9,54.3,17874,276,54.66
DE000A41YEV7,881108707,D6H0,EUR,2019-11-05,54.8,55.6,53.8,55.4,14474,208,54.675
DE000A41YEV7,881108707,D6H0,EUR,2019-11-06,56.0,57.1,54.6,56.9,11081,217,55.575
DE000A41YEV7,881108707,D6H0,EUR,2019-11-07,57.2,58.2,56.2,56.5,8041,180,57.12
DE000A41YEV7,881108707,D6H0,EUR,2019-11-08,56.9,57.15,53.4,54.4,22243,406,55.33
DE000A41YEV7,881108707,D6H0,EUR,2019-11-11,53.8,57.4,52.6,57.0,12715,217,55.2
DE000A41YEV7,881108707,D6H0,EUR,2019-11-12,57.0,57.1,56.0,56.5,8950,246,56.8
DE000A41YEV7,881108707,D6H0,EUR,2019-11-13,56.0,56.4,55.1,55.5,8745,759,55.675
DE000A41YEV7,881108707,D6H0,EUR,2019-11-14,55.5,57.4,55.0,56.8,5182,146,56.38
DE000A41YEV7,881108707,D6H0,EUR,2019-11-15,57.3,58.6,57.2,57.6,11660,168,57.805
DE000A41YEV7,881108707,D6H0,EUR,2019-11-18,57.6,59.0,57.2,57.5,11784,220,58.205
DE000A41YEV7,881108707,D6H0,EUR,2019-11-19,57.9,58.6,56.5,56.5,10533,171,57.33
DE000A41YEV7,881108707,D6H0,EUR,2019-11-20,56.3,57.8,55.2,56.9,16114,332,56.175
DE000A41YEV7,881108707,D6H0,EUR,2019-11-21,57.1,58.9,55.7,58.5,17361,249,57.255
DE000A41YEV7,881108707,D6H0,EUR,2019-11-22,58.7,58.8,57.5,57.5,6434,161,58.035
DE000A41YEV7,881108707,D6H0,EUR,2019-11-25,58.0,59.6,56.1,59.4,21343,341,58.155
DE000A41YEV7,881108707,D6H0,EUR,2019-11-26,59.3,60.0,58.9,59.5,88847,288,59.51
DE000A41YEV7,881108707,D6H0,EUR,2019-11-27,59.8,62.9,59.6,62.2,15738,232,60.82
DE000A41YEV7,881108707,D6H0,EUR,2019-11-28,61.8,61.8,60.4,60.6,17065,254,60.815
DE000A41YEV7,881108707,D6H0,EUR,2019-11-29,60.9,61.2,59.6,59.8,14365,243,60.38
DE000A41YEV7,881108707,D6H0,EUR,2019-12-02,60.1,61.0,58.3,59.0,14503,283,59.45
DE000A41YEV7,881108707,D6H0,EUR,2019-12-03,59.9,59.9,57.1,57.8,14954,282,58.49
DE000A41YEV7,881108707,D6H0,EUR,2019-12-04,58.0,59.9,57.4,59.4,17988,332,58.46
DE000A41YEV7,881108707,D6H0,EUR,2019-12-05,59.8,60.8,58.7,59.6,18925,380,59.99
DE000A41YEV7,881108707,D6H0,EUR,2019-12-06,60.1,61.5,60.0,60.6,12793,190,60.945
DE000A41YEV7,881108707,D6H0,EUR,2019-12-09,61.2,61.4,59.8,60.5,15495,200,60.475
DE000A41YEV7,881108707,D6H0,EUR,2019-12-10,61.2,61.2,59.4,60.0,11958,152,59.925
DE000A41YEV7,881108707,D6H0,EUR,2019-12-11,60.2,61.0,59.5,60.2,11641,165,60.105
DE000A41YEV7,881108707,D6H0,EUR,2019-12-12,60.5,61.3,59.3,59.5,14619,176,60.4
DE000A41YEV7,881108707,D6H0,EUR,2019-12-13,60.0,61.6,59.6,61.2,14498,290,60.94
DE000A41YEV7,881108707,D6H0,EUR,2019-12-16,61.4,62.2,60.4,60.8,15037,237,61.505
DE000A41YEV7,881108707,D6H0,EUR,2019-12-17,61.4,61.5,59.5,59.8,13217,275,60.2
DE000A41YEV7,881108707,D6H0,EUR,2019-12-18,60.2,61.9,59.1,60.0,28400,346,60.325
DE000A41YEV7,881108707,D6H0,EUR,2019-12-19,60.1,62.0,59.9,62.0,6004,129,61.135
DE000A41YEV7,881108707,D6H0,EUR,2019-12-20,61.7,62.0,60.9,62.0,6465,164,61.575
DE000A41YEV7,881108707,D6H0,EUR,2019-12-23,61.8,63.0,61.2,62.2,10552,150,61.95
DE000A41YEV7,881108707,D6H0,EUR,2019-12-27,62.3,64.9,62.2,64.1,13546,220,63.47
DE000A41YEV7,881108707,D6H0,EUR,2019-12-30,64.6,65.4,64.0,65.4,7657,147,64.575
DE000A41YEV7,881108707,D6H0,EUR,2020-01-02,65.5,65.6,62.5,62.9,18173,404,63.56
DE000A41YEV7,881108707,D6H0,EUR,2020-01-03,63.3,63.7,63.1,63.1,8634,194,63.405
DE000A41YEV7,881108707,D6H0,EUR,2020-01-06,63.3,63.4,60.5,60.8,15642,286,61.715
DE000A41YEV7,881108707,D6H0,EUR,2020-01-07,61.3,62.7,61.0,61.1,20100,327,61.59
DE000A41YEV7,881108707,D6H0,EUR,2020-01-08,61.1,61.8,59.6,61.6,15852,326,60.88
DE000A41YEV7,881108707,D6H0,EUR,2020-01-09,61.7,63.9,61.7,62.2,14641,257,62.845
DE000A41YEV7,881108707,D6H0,EUR,2020-01-10,62.9,63.5,62.5,62.8,13470,292,63.055
DE000A41YEV7,881108707,D6H0,EUR,2020-01-13,63.5,63.7,61.3,62.5,7513,136,62.53
DE000A41YEV7,881108707,D6H0,EUR,2020-01-14,62.7,63.0,61.4,62.0,6673,147,61.915
DE000A41YEV7,881108707,D6H0,EUR,2020-01-15,61.7,62.4,60.7,61.3,8676,170,61.455
DE000A41YEV7,881108707,D6H0,EUR,2020-01-16,61.3,62.5,61.2,62.2,5085,139,61.805
DE000A41YEV7,881108707,D6H0,EUR,2020-01-17,62.4,63.3,62.0,62.6,4264,106,62.79
DE000A41YEV7,881108707,D6H0,EUR,2020-01-20,62.5,70.0,62.5,65.0,16786,309,64.74
DE000A41YEV7,881108707,D6H0,EUR,2020-01-21,68.0,71.8,66.0,68.2,30792,624,68.27
DE000A41YEV7,881108707,D6H0,EUR,2020-01-22,68.2,71.4,68.2,70.0,24092,475,70.07
DE000A41YEV7,881108707,D6H0,EUR,2020-01-23,69.4,70.0,68.7,69.0,13601,325,69.455
DE000A41YEV7,881108707,D6H0,EUR,2020-01-24,70.3,70.4,67.3,68.0,17081,353,69.31
DE000A41YEV7,881108707,D6H0,EUR,2020-01-27,67.3,68.5,62.3,63.6,55670,701,64.91
DE000A41YEV7,881108707,D6H0,EUR,2020-01-28,64.8,65.3,62.6,63.9,30830,499,64.065
DE000A41YEV7,881108707,D6H0,EUR,2020-01-29,65.0,68.1,64.2,66.2,30586,424,65.645
DE000A41YEV7,881108707,D6H0,EUR,2020-01-30,67.6,68.4,65.2,67.9,27741,421,66.4
DE000A41YEV7,881108707,D6H0,EUR,2020-01-31,68.2,68.5,64.4,64.5,29344,435,65.55
DE000A41YEV7,881108707,D6H0,EUR,2020-02-03,64.9,68.4,64.4,67.2,30252,429,65.775
DE000A41YEV7,881108707,D6H0,EUR,2020-02-04,68.3,72.4,67.3,70.3,30088,523,70.39
DE000A41YEV7,881108707,D6H0,EUR,2020-02-05,72.5,72.5,69.4,70.6,18088,321,70.83
DE000A41YEV7,881108707,D6H0,EUR,2020-02-06,71.2,71.6,68.5,68.8,15268,257,69.835
DE000A41YEV7,881108707,D6H0,EUR,2020-02-07,70.4,70.4,68.3,69.3,6726,143,69.195
DE000A41YEV7,881108707,D6H0,EUR,2020-02-10,69.8,71.9,69.3,70.6,20441,274,70.395
DE000A41YEV7,881108707,D6H0,EUR,2020-02-11,71.2,72.2,67.6,69.5,34319,619,69.4
DE000A41YEV7,881108707,D6H0,EUR,2020-02-12,69.5,70.7,68.0,68.4,16571,331,69.185
DE000A41YEV7,881108707,D6H0,EUR,2020-02-13,68.1,69.8,68.1,68.6,14957,258,69.035
DE000A41YEV7,881108707,D6H0,EUR,2020-02-14,69.2,70.0,67.6,67.9,13818,313,68.175
DE000A41YEV7,881108707,D6H0,EUR,2020-02-17,68.7,71.0,67.9,68.3,14875,250,68.82
DE000A41YEV7,881108707,D6H0,EUR,2020-02-18,69.9,71.0,67.5,67.7,17440,264,68.27
DE000A41YEV7,881108707,D6H0,EUR,2020-02-19,69.5,69.5,66.6,67.7,15676,211,68.0
DE000A41YEV7,881108707,D6H0,EUR,2020-02-20,67.5,68.2,66.1,67.8,21796,304,66.88
DE000A41YEV7,881108707,D6H0,EUR,2020-02-21,67.4,69.9,66.9,69.0,24254,395,68.685
DE000A41YEV7,881108707,D6H0,EUR,2020-02-24,66.0,67.5,60.6,63.2,56858,871,63.35
DE000A41YEV7,881108707,D6H0,EUR,2020-02-25,64.8,66.0,58.2,62.8,51616,832,63.175
DE000A41YEV7,881108707,D6H0,EUR,2020-02-26,60.1,62.4,57.1,60.5,72110,1020,59.835
DE000A41YEV7,881108707,D6H0,EUR,2020-02-27,58.9,60.3,53.0,56.5,66096,1006,56.83
DE000A41YEV7,881108707,D6H0,EUR,2020-02-28,52.4,60.0,50.5,55.2,125653,1574,52.93
DE000A41YEV7,881108707,D6H0,EUR,2020-03-02,58.2,59.2,55.0,55.6,50069,848,56.79
DE000A41YEV7,881108707,D6H0,EUR,2020-03-03,59.4,62.1,57.3,58.4,64458,996,58.98
DE000A41YEV7,881108707,D6H0,EUR,2020-03-04,57.8,60.0,55.3,55.4,45567,627,56.82
DE000A41YEV7,881108707,D6H0,EUR,2020-03-05,58.2,59.0,55.2,57.6,32056,480,56.6
DE000A41YEV7,881108707,D6H0,EUR,2020-03-06,57.5,58.1,55.0,55.2,34580,560,56.045
DE000A41YEV7,881108707,D6H0,EUR,2020-03-09,54.0,55.0,50.0,51.1,66033,817,52.025
DE000A41YEV7,881108707,D6H0,EUR,2020-03-10,53.5,54.0,50.9,51.0,31824,556,52.31
DE000A41YEV7,881108707,D6H0,EUR,2020-03-11,52.3,52.3,46.85,48.65,41379,655,49.46
DE000A41YEV7,881108707,D6H0,EUR,2020-03-12,46.0,46.15,38.5,41.35,54274,781,43.35
DE000A41YEV7,881108707,D6H0,EUR,2020-03-13,42.0,47.7,42.0,42.55,47951,896,44.915
DE000A41YEV7,881108707,D6H0,EUR,2020-03-16,43.95,44.0,38.05,41.5,40607,616,40.615
DE000A41YEV7,881108707,D6H0,EUR,2020-03-17,42.55,43.85,38.05,42.9,33561,542,40.64
DE000A41YEV7,881108707,D6H0,EUR,2020-03-18,42.0,43.95,39.45,40.2,30351,410,40.495
DE000A41YEV7,881108707,D6H0,EUR,2020-03-19,40.55,41.55,38.5,40.35,30983,423,40.175
DE000A41YEV7,881108707,D6H0,EUR,2020-03-20,42.0,46.95,41.8,42.85,45442,612,43.245
DE000A41YEV7,881108707,D6H0,EUR,2020-03-23,43.0,43.9,40.0,40.0,23818,409,41.56
DE000A41YEV7,881108707,D6H0,EUR,2020-03-24,43.35,50.8,42.55,46.75,38312,597,45.855
DE000A41YEV7,881108707,D6H0,EUR,2020-03-25,47.95,56.9,47.95,55.7,58002,1129,52.905
DE000A41YEV7,881108707,D6H0,EUR,2020-03-26,52.5,54.0,49.05,51.2,42373,662,50.7
DE000A41YEV7,881108707,D6H0,EUR,2020-03-27,52.2,52.7,47.65,48.2,26974,412,49.55
DE000A41YEV7,881108707,D6H0,EUR,2020-03-30,47.9,50.8,46.15,50.3,20217,402,48.43
DE000A41YEV7,881108707,D6H0,EUR,2020-03-31,51.1,52.9,50.5,51.0,25822,360,51.57
DE000A41YEV7,881108707,D6H0,EUR,2020-04-01,51.6,51.8,47.6,49.35,27799,387,49.375
DE000A41YEV7,881108707,D6H0,EUR,2020-04-02,49.8,51.3,49.05,49.8,12044,241,49.845
DE000A41YEV7,881108707,D6H0,EUR,2020-04-03,51.0,51.5,49.15,49.9,19412,256,50.23
DE000A41YEV7,881108707,D6H0,EUR,2020-04-06,50.5,53.0,50.5,52.6,28048,423,52.24
DE000A41YEV7,881108707,D6H0,EUR,2020-04-07,53.6,57.3,53.2,56.5,30841,452,55.615
DE000A41YEV7,881108707,D6H0,EUR,2020-04-08,56.6,56.8,54.6,56.4,16708,218,55.955
DE000A41YEV7,881108707,D6H0,EUR,2020-04-09,56.5,58.8,55.3,56.5,25598,413,57.41
DE000A41YEV7,881108707,D6H0,EUR,2020-04-14,57.3,61.0,55.0,59.6,62951,648,58.73
DE000A41YEV7,881108707,D6H0,EUR,2020-04-15,59.3,59.4,52.9,55.2,24792,417,56.93
DE000A41YEV7,881108707,D6H0,EUR,2020-04-16,54.7,58.3,54.7,58.1,19235,328,57.16
DE000A41YEV7,881108707,D6H0,EUR,2020-04-17,58.8,59.7,56.8,57.8,14794,283,58.216
DE000A41YEV7,881108707,D6H0,EUR,2020-04-20,60.4,60.8,57.6,59.3,15624,299,58.956
DE000A41YEV7,881108707,D6H0,EUR,2020-04-21,59.7,59.7,56.4,57.1,20940,364,57.456
DE000A41YEV7,881108707,D6H0,EUR,2020-04-22,57.4,57.8,56.2,57.4,8700,193,57.12
DE000A41YEV7,881108707,D6H0,EUR,2020-04-23,57.5,59.1,56.7,58.6,16338,208,57.664
DE000A41YEV7,881108707,D6H0,EUR,2020-04-24,58.0,58.7,56.3,56.6,5821,150,57.168
DE000A41YEV7,881108707,D6H0,EUR,2020-04-27,57.8,60.0,52.4,53.9,46477,749,55.112
DE000A41YEV7,881108707,D6H0,EUR,2020-04-28,54.2,55.0,51.2,51.6,32938,520,52.0
DE000A41YEV7,881108707,D6H0,EUR,2020-04-29,52.8,55.7,51.4,53.6,30354,492,53.336
DE000A41YEV7,881108707,D6H0,EUR,2020-04-30,55.2,55.7,53.5,54.1,21815,339,54.634
DE000A41YEV7,881108707,D6H0,EUR,2020-05-04,53.0,53.8,51.6,52.7,17146,265,52.388
DE000A41YEV7,881108707,D6H0,EUR,2020-05-05,53.4,56.1,52.9,55.5,8901,200,54.446
DE000A41YEV7,881108707,D6H0,EUR,2020-05-06,55.0,56.5,54.5,55.6,9112,178,55.366
DE000A41YEV7,881108707,D6H0,EUR,2020-05-07,55.5,57.6,55.2,57.0,10675,349,56.486
DE000A41YEV7,881108707,D6H0,EUR,2020-05-08,57.2,59.2,56.0,58.8,15153,273,57.806
DE000A41YEV7,881108707,D6H0,EUR,2020-05-11,59.3,59.7,58.5,58.5,11203,243,58.972
DE000A41YEV7,881108707,D6H0,EUR,2020-05-12,58.6,61.2,58.6,60.5,25485,323,60.308
DE000A41YEV7,881108707,D6H0,EUR,2020-05-13,60.5,61.2,57.6,59.0,17601,224,59.422
DE000A41YEV7,881108707,D6H0,EUR,2020-05-14,59.9,60.0,54.0,55.0,32344,445,55.654
DE000A41YEV7,881108707,D6H0,EUR,2020-05-15,56.3,57.5,52.1,52.6,35375,425,53.796
DE000A41YEV7,881108707,D6H0,EUR,2020-05-18,55.2,56.7,53.3,53.9,37618,512,53.972
DE000A41YEV7,881108707,D6H0,EUR,2020-05-19,54.8,55.8,53.5,54.4,19784,265,54.024
DE000A41YEV7,881108707,D6H0,EUR,2020-05-20,54.7,55.7,52.6,53.1,22364,365,53.5
DE000A41YEV7,881108707,D6H0,EUR,2020-05-21,54.4,55.1,53.0,53.6,9132,220,54.252
DE000A41YEV7,881108707,D6H0,EUR,2020-05-22,54.0,55.4,52.5,52.5,21093,306,53.266
DE000A41YEV7,881108707,D6H0,EUR,2020-05-25,53.8,54.1,52.4,53.1,31507,460,53.332
DE000A41YEV7,881108707,D6H0,EUR,2020-05-26,53.5,54.9,53.2,53.8,17367,328,54.092
DE000A41YEV7,881108707,D6H0,EUR,2020-05-27,54.7,55.5,52.5,53.0,18779,285,53.764
DE000A41YEV7,881108707,D6H0,EUR,2020-05-28,53.8,54.2,53.0,53.1,11778,248,53.546
DE000A41YEV7,881108707,D6H0,EUR,2020-05-29,52.9,53.3,52.1,52.5,27066,472,52.602
DE000A41YEV7,881108707,D6H0,EUR,2020-06-02,52.9,54.1,50.2,50.8,51558,653,51.0
DE000A41YEV7,881108707,D6H0,EUR,2020-06-03,51.8,52.6,49.6,51.9,49107,504,50.674
DE000A41YEV7,881108707,D6H0,EUR,2020-06-04,52.1,53.5,51.5,53.0,37222,419,52.414
DE000A41YEV7,881108707,D6H0,EUR,2020-06-05,53.1,53.9,52.0,52.0,14336,259,52.924
DE000A41YEV7,881108707,D6H0,EUR,2020-06-08,53.5,53.9,51.6,52.0,16841,309,52.064
DE000A41YEV7,881108707,D6H0,EUR,2020-06-09,52.0,52.6,51.0,51.6,14989,248,51.524
DE000A41YEV7,881108707,D6H0,EUR,2020-06-10,51.9,53.3,51.6,52.5,17614,267,52.438
DE000A41YEV7,881108707,D6H0,EUR,2020-06-11,52.0,52.6,50.9,51.1,11205,239,51.396
DE000A41YEV7,881108707,D6H0,EUR,2020-06-12,51.2,52.1,50.7,51.1,11606,212,51.272
DE000A41YEV7,881108707,D6H0,EUR,2020-06-15,51.0,51.7,49.9,51.1,18647,243,50.386
DE000A41YEV7,881108707,D6H0,EUR,2020-06-16,51.9,53.9,51.2,52.5,29730,318,52.672
DE000A41YEV7,881108707,D6H0,EUR,2020-06-17,52.2,53.3,51.8,52.8,11823,132,52.562
DE000A41YEV7,881108707,D6H0,EUR,2020-06-18,52.5,53.1,52.1,52.4,7403,133,52.58
DE000A41YEV7,881108707,D6H0,EUR,2020-06-19,52.1,52.3,50.9,51.8,21702,238,51.496
DE000A41YEV7,881108707,D6H0,EUR,2020-06-22,51.8,52.9,48.5,49.86,35472,471,49.844
DE000A41YEV7,881108707,D6H0,EUR,2020-06-23,51.0,51.2,49.8,50.2,20886,295,50.366
DE000A41YEV7,881108707,D6H0,EUR,2020-06-24,50.6,51.5,50.1,50.6,13084,194,50.832
DE000A41YEV7,881108707,D6H0,EUR,2020-06-25,50.9,51.4,49.94,50.9,9939,190,50.31
DE000A41YEV7,881108707,D6H0,EUR,2020-06-26,51.4,51.9,50.5,51.0,10551,168,51.086
DE000A41YEV7,881108707,D6H0,EUR,2020-06-29,50.7,53.7,50.7,53.1,19359,261,52.61
DE000A41YEV7,881108707,D6H0,EUR,2020-06-30,52.8,54.5,52.8,53.4,10178,219,53.808
DE000A41YEV7,881108707,D6H0,EUR,2020-07-01,53.6,54.8,51.7,52.5,19584,191,53.016
DE000A41YEV7,881108707,D6H0,EUR,2020-07-02,52.8,52.8,51.5,52.0,8418,203,52.166
DE000A41YEV7,881108707,D6H0,EUR,2020-07-03,52.2,52.9,51.5,52.3,5240,134,52.242
DE000A41YEV7,881108707,D6H0,EUR,2020-07-06,52.9,54.0,52.1,53.7,8818,238,52.984
DE000A41YEV7,881108707,D6H0,EUR,2020-07-07,53.8,53.9,52.3,53.3,10351,220,53.116
DE000A41YEV7,881108707,D6H0,EUR,2020-07-08,53.5,54.0,52.9,53.2,7908,141,53.482
DE000A41YEV7,881108707,D6H0,EUR,2020-07-09,53.5,55.1,52.9,53.5,15366,322,54.01
DE000A41YEV7,881108707,D6H0,EUR,2020-07-10,54.0,54.0,52.7,52.8,7127,139,53.34
DE000A41YEV7,881108707,D6H0,EUR,2020-07-13,53.6,55.0,52.6,54.0,8996,164,53.658
DE000A41YEV7,881108707,D6H0,EUR,2020-07-14,53.5,54.8,53.0,53.5,8435,156,53.454
DE000A41YEV7,881108707,D6H0,EUR,2020-07-15,54.0,55.0,53.5,54.3,9159,184,54.226
DE000A41YEV7,881108707,D6H0,EUR,2020-07-16,53.7,55.5,53.7,55.3,18115,223,54.986
DE000A41YEV7,881108707,D6H0,EUR,2020-07-17,55.0,55.4,54.2,54.5,5886,114,54.912
DE000A41YEV7,881108707,D6H0,EUR,2020-07-20,55.0,56.0,53.9,55.2,12298,255,55.184
DE000A41YEV7,881108707,D6H0,EUR,2020-07-21,55.8,57.8,55.2,57.5,20984,268,57.19
DE000A41YEV7,881108707,D6H0,EUR,2020-07-22,57.7,58.1,57.1,57.9,12331,196,57.708
DE000A41YEV7,881108707,D6H0,EUR,2020-07-23,58.0,59.9,57.6,58.7,29349,354,58.668
DE000A41YEV7,881108707,D6H0,EUR,2020-07-24,59.0,59.3,55.9,56.6,27584,373,57.098
DE000A41YEV7,881108707,D6H0,EUR,2020-07-27,56.7,57.6,56.1,56.3,11868,198,56.902
DE000A41YEV7,881108707,D6H0,EUR,2020-07-28,56.1,57.0,55.0,55.8,13259,193,55.896
DE000A41YEV7,881108707,D6H0,EUR,2020-07-29,56.1,56.1,55.3,55.8,5179,120,55.714
DE000A41YEV7,881108707,D6H0,EUR,2020-07-30,56.2,56.2,52.4,52.9,22334,394,54.356
DE000A41YEV7,881108707,D6H0,EUR,2020-07-31,53.3,56.0,52.6,55.8,7879,129,54.868
DE000A41YEV7,881108707,D6H0,EUR,2020-08-03,55.3,56.0,54.1,55.0,7594,192,54.892
DE000A41YEV7,881108707,D6H0,EUR,2020-08-04,55.4,55.9,54.3,55.6,9870,155,54.822
DE000A41YEV7,881108707,D6H0,EUR,2020-08-05,55.9,56.8,55.1,56.4,14809,210,55.99
DE000A41YEV7,881108707,D6H0,EUR,2020-08-06,56.6,57.4,56.4,57.0,5743,152,56.916
DE000A41YEV7,881108707,D6H0,EUR,2020-08-07,57.2,57.9,56.3,57.4,13838,178,57.304
DE000A41YEV7,881108707,D6H0,EUR,2020-08-10,57.7,58.0,55.6,55.8,6103,161,56.434
DE000A41YEV7,881108707,D6H0,EUR,2020-08-11,55.6,57.4,55.4,57.0,22937,295,56.09
DE000A41YEV7,881108707,D6H0,EUR,2020-08-12,57.3,57.5,56.1,57.4,14713,178,57.014
DE000A41YEV7,881108707,D6H0,EUR,2020-08-13,57.5,58.0,56.2,56.9,7606,157,56.966
DE000A41YEV7,881108707,D6H0,EUR,2020-08-14,56.4,57.4,56.1,57.0,19480,327,56.716
DE000A41YEV7,881108707,D6H0,EUR,2020-08-17,56.5,57.9,56.4,57.3,8497,193,57.218
DE000A41YEV7,881108707,D6H0,EUR,2020-08-18,57.1,57.4,56.3,56.9,6759,143,56.808
DE000A41YEV7,881108707,D6H0,EUR,2020-08-19,57.0,57.0,54.9,55.3,9678,216,55.864
DE000A41YEV7,881108707,D6H0,EUR,2020-08-20,55.6,55.6,53.4,54.0,9395,178,54.33
DE000A41YEV7,881108707,D6H0,EUR,2020-08-21,54.3,55.3,53.6,55.0,9018,214,54.402
DE000A41YEV7,881108707,D6H0,EUR,2020-08-24,54.5,55.1,53.4,53.7,8232,217,54.104
DE000A41YEV7,881108707,D6H0,EUR,2020-08-25,54.4,55.2,54.0,54.9,7744,164,54.822
DE000A41YEV7,881108707,D6H0,EUR,2020-08-26,54.7,56.7,54.4,56.4,19279,393,55.538
DE000A41YEV7,881108707,D6H0,EUR,2020-08-27,56.8,56.8,54.7,55.1,3977,97,55.726
DE000A41YEV7,881108707,D6H0,EUR,2020-08-28,55.3,55.6,53.8,54.0,12240,258,54.532
DE000A41YEV7,881108707,D6H0,EUR,2020-08-31,53.9,54.5,50.4,51.9,31908,466,52.13
DE000A41YEV7,881108707,D6H0,EUR,2020-09-01,51.6,51.6,41.6,49.2,121061,1796,48.016
DE000A41YEV7,881108707,D6H0,EUR,2020-09-02,49.86,50.7,47.74,48.16,57608,1103,49.098
DE000A41YEV7,881108707,D6H0,EUR,2020-09-03,48.6,52.1,48.2,50.3,47869,588,50.576
DE000A41YEV7,881108707,D6H0,EUR,2020-09-04,50.6,51.8,49.0,49.3,60479,535,50.052
DE000A41YEV7,881108707,D6H0,EUR,2020-09-07,50.0,51.8,49.7,51.3,16286,350,50.576
DE000A41YEV7,881108707,D6H0,EUR,2020-09-08,51.2,51.2,49.84,50.1,10589,176,50.394
DE000A41YEV7,881108707,D6H0,EUR,2020-09-09,50.1,50.9,50.0,50.5,7520,163,50.38
DE000A41YEV7,881108707,D6H0,EUR,2020-09-10,50.7,51.4,50.2,50.5,6635,171,50.516
DE000A41YEV7,881108707,D6H0,EUR,2020-09-11,50.9,50.9,48.6,48.86,22357,460,49.692
DE000A41YEV7,881108707,D6H0,EUR,2020-09-14,49.8,50.0,48.5,48.5,18618,484,48.822
DE000A41YEV7,881108707,D6H0,EUR,2020-09-15,48.86,49.46,48.3,48.56,15632,262,48.68
DE000A41YEV7,881108707,D6H0,EUR,2020-09-16,48.56,49.1,47.9,48.2,14563,247,48.516
DE000A41YEV7,881108707,D6H0,EUR,2020-09-17,48.06,48.86,46.6,47.26,13156,285,47.644
DE000A41YEV7,881108707,D6H0,EUR,2020-09-18,47.5,48.7,47.3,48.4,14427,183,48.14
DE000A41YEV7,881108707,D6H0,EUR,2020-09-21,48.1,48.96,46.0,47.36,21168,447,47.226
DE000A41YEV7,881108707,D6H0,EUR,2020-09-22,46.56,47.96,46.5,46.9,6875,183,47.072
DE000A41YEV7,881108707,D6H0,EUR,2020-09-23,47.4,47.86,46.0,46.2,9652,263,46.856
DE000A41YEV7,881108707,D6H0,EUR,2020-09-24,46.6,47.1,44.24,45.5,18441,330,45.354
DE000A41YEV7,881108707,D6H0,EUR,2020-09-25,45.8,45.9,42.2,43.96,20753,265,43.792
DE000A41YEV7,881108707,D6H0,EUR,2020-09-28,43.0,44.96,41.94,43.14,54619,547,43.26
DE000A41YEV7,881108707,D6H0,EUR,2020-09-29,42.9,44.2,42.74,43.76,26411,579,43.344
DE000A41YEV7,881108707,D6H0,EUR,2020-09-30,44.0,45.3,43.1,44.6,24450,403,44.272
DE000A41YEV7,881108707,D6H0,EUR,2020-10-01,44.4,46.3,43.84,44.2,17377,403,44.872
DE000A41YEV7,881108707,D6H0,EUR,2020-10-02,44.56,44.76,43.84,44.46,8505,221,44.276
DE000A41YEV7,881108707,D6H0,EUR,2020-10-05,45.0,45.26,44.4,44.7,10132,201,44.718
DE000A41YEV7,881108707,D6H0,EUR,2020-10-06,44.86,45.7,44.7,45.2,10872,231,45.22
DE000A41YEV7,881108707,D6H0,EUR,2020-10-07,45.7,45.76,44.1,44.2,10465,318,44.552
DE000A41YEV7,881108707,D6H0,EUR,2020-10-08,44.76,45.96,44.24,45.5,12572,279,45.17
DE000A41YEV7,881108707,D6H0,EUR,2020-10-09,45.96,47.0,45.5,46.4,13241,287,46.062
DE000A41YEV7,881108707,D6H0,EUR,2020-10-12,46.56,47.56,45.04,46.5,23411,452,46.184
DE000A41YEV7,881108707,D6H0,EUR,2020-10-13,46.26,47.06,46.0,46.8,8471,208,46.58
DE000A41YEV7,881108707,D6H0,EUR,2020-10-14,46.46,47.5,46.3,47.2,11691,262,46.96
DE000A41YEV7,881108707,D6H0,EUR,2020-10-15,47.06,47.06,44.5,44.9,15827,358,45.29
DE000A41YEV7,881108707,D6H0,EUR,2020-10-16,45.4,45.4,43.84,44.56,12102,252,44.58
DE000A41YEV7,881108707,D6H0,EUR,2020-10-19,44.56,44.9,43.8,44.2,13026,232,44.222
DE000A41YEV7,881108707,D6H0,EUR,2020-10-20,43.96,44.7,43.8,44.26,7118,120,44.222
DE000A41YEV7,881108707,D6H0,EUR,2020-10-21,44.6,44.6,43.44,44.0,12750,260,43.966
DE000A41YEV7,881108707,D6H0,EUR,2020-10-22,43.86,44.5,42.74,42.76,15170,267,43.444
DE000A41YEV7,881108707,D6H0,EUR,2020-10-23,43.1,44.4,42.74,43.86,6709,170,43.756
DE000A41YEV7,881108707,D6H0,EUR,2020-10-26,43.86,44.5,41.0,41.2,30251,503,42.202
DE000A41YEV7,881108707,D6H0,EUR,2020-10-27,41.1,41.86,40.0,40.26,17033,309,40.788
DE000A41YEV7,881108707,D6H0,EUR,2020-10-28,40.3,40.76,37.9,38.9,31148,473,39.122
DE000A41YEV7,881108707,D6H0,EUR,2020-10-29,38.6,40.5,38.1,39.5,13830,282,39.398
DE000A41YEV7,881108707,D6H0,EUR,2020-10-30,40.5,40.5,38.44,38.96,12974,251,38.736
DE000A41YEV7,881108707,D6H0,EUR,2020-11-02,39.56,40.2,38.14,39.9,13164,178,39.484
DE000A41YEV7,881108707,D6H0,EUR,2020-11-03,39.86,40.46,38.54,39.06,16211,326,39.264
DE000A41YEV7,881108707,D6H0,EUR,2020-11-04,38.8,41.7,38.8,41.0,24828,328,39.692
DE000A41YEV7,881108707,D6H0,EUR,2020-11-05,41.7,44.46,40.9,43.56,16739,317,42.832
DE000A41YEV7,881108707,D6H0,EUR,2020-11-06,44.46,44.46,41.34,41.5,18318,383,42.916
DE000A41YEV7,881108707,D6H0,EUR,2020-11-09,43.06,45.76,43.04,44.5,36315,572,44.484
DE000A41YEV7,881108707,D6H0,EUR,2020-11-10,45.0,47.06,44.3,46.5,14266,315,45.802
DE000A41YEV7,881108707,D6H0,EUR,2020-11-11,46.66,48.6,46.04,48.26,22429,291,47.582
DE000A41YEV7,881108707,D6H0,EUR,2020-11-12,47.9,48.66,47.3,48.4,20962,332,48.132
DE000A41YEV7,881108707,D6H0,EUR,2020-11-13,48.5,48.5,46.74,47.1,9623,201,47.636
DE000A41YEV7,881108707,D6H0,EUR,2020-11-16,46.76,48.46,42.1,44.0,80752,956,44.324
DE000A41YEV7,881108707,D6H0,EUR,2020-11-17,42.76,44.9,42.5,44.14,32242,384,43.338
DE000A41YEV7,881108707,D6H0,EUR,2020-11-18,44.4,44.46,43.3,43.86,13104,217,43.912
DE000A41YEV7,881108707,D6H0,EUR,2020-11-19,43.5,44.56,43.4,44.06,20806,271,43.932
DE000A41YEV7,881108707,D6H0,EUR,2020-11-20,43.6,44.6,43.44,43.96,12385,241,43.806
DE000A41YEV7,881108707,D6H0,EUR,2020-11-23,44.5,44.5,43.2,44.0,17585,288,43.926
DE000A41YEV7,881108707,D6H0,EUR,2020-11-24,43.8,44.86,43.7,44.26,17140,286,44.306
DE000A41YEV7,881108707,D6H0,EUR,2020-11-25,44.86,45.8,44.5,45.4,27984,378,45.076
DE000A41YEV7,881108707,D6H0,EUR,2020-11-26,45.2,45.66,44.94,45.5,9883,166,45.342
DE000A41YEV7,881108707,D6H0,EUR,2020-11-27,45.56,45.56,43.54,44.7,15312,210,44.738
DE000A41YEV7,881108707,D6H0,EUR,2020-11-30,44.26,45.8,44.1,45.2,16331,223,44.96
DE000A41YEV7,881108707,D6H0,EUR,2020-12-01,45.16,46.86,45.0,45.3,18625,311,46.042
DE000A41YEV7,881108707,D6H0,EUR,2020-12-02,45.66,45.66,44.1,44.3,5236,123,44.566
DE000A41YEV7,881108707,D6H0,EUR,2020-12-03,44.7,45.3,44.24,44.86,6424,167,44.864
DE000A41YEV7,881108707,D6H0,EUR,2020-12-04,45.4,47.0,45.0,46.3,22284,244,46.136
DE000A41YEV7,881108707,D6H0,EUR,2020-12-07,46.5,47.3,46.3,47.0,8910,180,46.684
DE000A41YEV7,881108707,D6H0,EUR,2020-12-08,46.7,47.9,46.7,47.76,7477,158,47.356
DE000A41YEV7,881108707,D6H0,EUR,2020-12-09,48.56,48.56,46.3,47.3,9145,241,47.268
DE000A41YEV7,881108707,D6H0,EUR,2020-12-10,46.96,47.4,44.34,44.9,12139,233,45.426
DE000A41YEV7,881108707,D6H0,EUR,2020-12-11,45.2,46.36,44.2,44.9,13167,215,44.922
DE000A41YEV7,881108707,D6H0,EUR,2020-12-14,44.5,46.5,44.44,46.0,13303,206,45.108
DE000A41YEV7,881108707,D6H0,EUR,2020-12-15,45.36,46.36,44.84,45.06,2937,107,45.61
DE000A41YEV7,881108707,D6H0,EUR,2020-12-16,45.0,46.5,44.54,46.5,14268,213,45.48
DE000A41YEV7,881108707,D6H0,EUR,2020-12-17,46.2,46.5,45.1,46.1,11073,173,45.552
DE000A41YEV7,881108707,D6H0,EUR,2020-12-18,45.66,46.3,45.0,45.9,4347,105,45.732
DE000A41YEV7,881108707,D6H0,EUR,2020-12-21,45.46,45.76,44.24,44.6,15950,211,44.626
DE000A41YEV7,881108707,D6H0,EUR,2020-12-22,44.6,45.2,43.84,45.2,7119,125,44.718
DE000A41YEV7,881108707,D6H0,EUR,2020-12-23,45.16,46.36,44.64,46.2,16749,345,45.464
DE000A41YEV7,881108707,D6H0,EUR,2020-12-28,46.46,47.96,46.04,47.9,27351,342,47.248
DE000A41YEV7,881108707,D6H0,EUR,2020-12-29,47.7,49.5,47.14,49.4,35576,326,48.816
DE000A41YEV7,881108707,D6H0,EUR,2020-12-30,48.7,50.2,48.7,50.1,16892,212,49.822
DE000A41YEV7,881108707,D6H0,EUR,2021-01-04,49.8,52.2,49.7,52.0,34786,375,51.265
DE000A41YEV7,881108707,D6H0,EUR,2021-01-05,50.9,54.0,50.9,51.8,29554,368,52.465
DE000A41YEV7,881108707,D6H0,EUR,2021-01-06,51.8,58.8,51.8,58.5,87898,1055,56.69
DE000A41YEV7,881108707,D6H0,EUR,2021-01-07,57.7,58.5,56.8,58.4,29090,398,58.015
DE000A41YEV7,881108707,D6H0,EUR,2021-01-08,58.2,59.5,57.1,58.3,23147,344,58.48
DE000A41YEV7,881108707,D6H0,EUR,2021-01-11,57.5,58.3,54.1,56.8,30120,357,57.01
DE000A41YEV7,881108707,D6H0,EUR,2021-01-12,54.9,57.7,54.4,57.3,31097,390,56.44
DE000A41YEV7,881108707,D6H0,EUR,2021-01-13,57.4,57.4,55.2,56.4,27943,384,56.475
DE000A41YEV7,881108707,D6H0,EUR,2021-01-14,55.9,59.2,55.9,59.0,19234,286,58.005
DE000A41YEV7,881108707,D6H0,EUR,2021-01-15,58.7,59.3,56.0,58.5,17339,249,58.07
DE000A41YEV7,881108707,D6H0,EUR,2021-01-18,56.0,58.2,56.0,57.8,11895,160,57.78
DE000A41YEV7,881108707,D6H0,EUR,2021-01-19,57.5,58.7,57.5,58.3,13089,193,58.11
DE000A41YEV7,881108707,D6H0,EUR,2021-01-20,59.0,59.4,58.1,59.0,16935,226,58.885
DE000A41YEV7,881108707,D6H0,EUR,2021-01-21,58.8,59.5,58.5,58.9,15815,300,59.09
DE000A41YEV7,881108707,D6H0,EUR,2021-01-22,59.1,59.5,58.5,58.9,8256,154,58.91
DE000A41YEV7,881108707,D6H0,EUR,2021-01-25,58.6,59.5,57.1,58.0,20572,276,58.67
DE000A41YEV7,881108707,D6H0,EUR,2021-01-26,57.8,58.8,55.3,58.1,23151,407,57.79
DE000A41YEV7,881108707,D6H0,EUR,2021-01-27,57.5,58.4,57.0,58.0,18826,318,57.745
DE000A41YEV7,881108707,D6H0,EUR,2021-01-28,57.3,57.7,55.5,56.8,15587,268,56.595
DE000A41YEV7,881108707,D6H0,EUR,2021-01-29,55.9,56.8,55.9,56.5,5956,146,56.465
DE000A41YEV7,881108707,D6H0,EUR,2021-02-01,56.7,56.8,55.6,56.1,12666,203,56.25
DE000A41YEV7,881108707,D6H0,EUR,2021-02-02,56.3,56.8,55.7,56.4,10291,254,56.37
DE000A41YEV7,881108707,D6H0,EUR,2021-02-03,56.6,57.0,55.6,56.7,10599,167,56.32
DE000A41YEV7,881108707,D6H0,EUR,2021-02-04,56.0,57.3,56.0,56.8,4578,133,56.55
DE000A41YEV7,881108707,D6H0,EUR,2021-02-05,56.2,56.7,55.1,55.8,13578,175,55.88
DE000A41YEV7,881108707,D6H0,EUR,2021-02-08,56.0,56.7,54.7,55.7,23450,304,55.76
DE000A41YEV7,881108707,D6H0,EUR,2021-02-09,55.5,56.9,55.5,56.7,9702,156,56.415
DE000A41YEV7,881108707,D6H0,EUR,2021-02-10,57.2,57.2,55.9,56.6,8156,162,56.565
DE000A41YEV7,881108707,D6H0,EUR,2021-02-11,56.4,57.1,55.9,56.9,7280,166,56.615
DE000A41YEV7,881108707,D6H0,EUR,2021-02-12,56.0,57.5,56.0,57.2,5466,88,56.985
DE000A41YEV7,881108707,D6H0,EUR,2021-02-15,57.7,59.0,57.4,58.7,18881,253,58.27
DE000A41YEV7,881108707,D6H0,EUR,2021-02-16,58.8,59.4,58.5,59.1,10330,151,58.99
DE000A41YEV7,881108707,D6H0,EUR,2021-02-17,58.5,59.3,57.2,57.9,7991,168,58.23
DE000A41YEV7,881108707,D6H0,EUR,2021-02-18,57.9,58.3,56.5,57.1,5880,91,57.09
DE000A41YEV7,881108707,D6H0,EUR,2021-02-19,58.5,64.4,58.2,63.6,62183,733,61.355
DE000A41YEV7,881108707,D6H0,EUR,2021-02-22,63.0,63.0,58.5,62.5,29273,394,61.32
DE000A41YEV7,881108707,D6H0,EUR,2021-02-23,62.7,63.7,59.8,60.6,22253,409,62.25
DE000A41YEV7,881108707,D6H0,EUR,2021-02-24,60.1,64.3,60.1,64.3,13225,263,62.93
DE000A41YEV7,881108707,D6H0,EUR,2021-02-25,64.2,65.2,63.2,64.1,14350,302,64.44
DE000A41YEV7,881108707,D6H0,EUR,2021-02-26,63.4,65.0,62.0,64.6,19480,340,64.31
DE000A41YEV7,881108707,D6H0,EUR,2021-03-01,63.5,66.2,63.5,65.5,10145,225,65.19
DE000A41YEV7,881108707,D6H0,EUR,2021-03-02,65.8,65.9,63.6,65.5,18517,262,65.39
DE000A41YEV7,881108707,D6H0,EUR,2021-03-03,65.0,66.4,65.0,65.6,12544,216,65.94
DE000A41YEV7,881108707,D6H0,EUR,2021-03-04,65.9,65.9,61.3,62.5,18864,457,63.265
DE000A41YEV7,881108707,D6H0,EUR,2021-03-05,60.3,62.0,58.2,59.6,31717,429,59.455
DE000A41YEV7,881108707,D6H0,EUR,2021-03-08,60.1,61.7,57.5,61.7,13043,210,60.065
DE000A41YEV7,881108707,D6H0,EUR,2021-03-09,61.9,61.9,60.4,61.1,7559,163,60.98
DE000A41YEV7,881108707,D6H0,EUR,2021-03-10,60.9,62.3,60.8,62.0,8525,150,61.635
DE000A41YEV7,881108707,D6H0,EUR,2021-03-11,62.0,62.9,61.7,62.2,8631,162,62.15
DE000A41YEV7,881108707,D6H0,EUR,2021-03-12,62.9,63.8,61.3,63.6,8558,155,63.145
DE000A41YEV7,881108707,D6H0,EUR,2021-03-15,63.8,63.8,60.4,61.7,24345,336,61.395
DE000A41YEV7,881108707,D6H0,EUR,2021-03-16,61.2,64.1,59.8,63.8,14777,217,62.63
DE000A41YEV7,881108707,D6H0,EUR,2021-03-17,63.5,63.8,60.8,61.3,11609,235,62.54
DE000A41YEV7,881108707,D6H0,EUR,2021-03-18,61.7,62.3,61.0,61.7,5868,102,61.835
DE000A41YEV7,881108707,D6H0,EUR,2021-03-19,61.9,62.3,60.5,62.0,9004,160,61.51
DE000A41YEV7,881108707,D6H0,EUR,2021-03-22,62.4,64.5,61.4,64.3,13434,200,63.185
DE000A41YEV7,881108707,D6H0,EUR,2021-03-23,64.4,64.5,62.6,62.9,4818,109,63.82
DE000A41YEV7,881108707,D6H0,EUR,2021-03-24,62.4,64.1,62.0,62.4,11084,256,62.835
DE000A41YEV7,881108707,D6H0,EUR,2021-03-25,62.1,63.2,62.0,63.2,6253,120,62.655
DE000A41YEV7,881108707,D6H0,EUR,2021-03-26,63.5,63.5,60.0,61.0,10912,244,61.145
DE000A41YEV7,881108707,D6H0,EUR,2021-03-29,60.5,62.5,60.5,62.5,9979,179,61.865
DE000A41YEV7,881108707,D6H0,EUR,2021-03-30,61.5,62.7,61.3,61.9,4917,108,61.865
DE000A41YEV7,881108707,D6H0,EUR,2021-03-31,62.4,62.4,60.3,61.2,4893,113,60.98
DE000A41YEV7,881108707,D6H0,EUR,2021-04-01,61.4,61.9,60.3,61.2,5620,136,61.1
DE000A41YEV7,881108707,D6H0,EUR,2021-04-06,61.5,63.2,60.2,63.2,8829,148,61.97
DE000A41YEV7,881108707,D6H0,EUR,2021-04-07,62.9,62.9,59.7,60.3,4500,82,60.97
DE000A41YEV7,881108707,D6H0,EUR,2021-04-08,60.4,61.0,60.0,60.8,7767,146,60.225
DE000A41YEV7,881108707,D6H0,EUR,2021-04-09,60.6,60.9,60.1,60.6,4171,85,60.37
DE000A41YEV7,881108707,D6H0,EUR,2021-04-12,60.1,62.4,59.5,62.3,13240,139,60.7
DE000A41YEV7,881108707,D6H0,EUR,2021-04-13,62.0,62.6,61.9,62.5,4035,95,62.16
DE000A41YEV7,881108707,D6H0,EUR,2021-04-14,62.4,63.6,61.7,63.1,10070,163,63.04
DE000A41YEV7,881108707,D6H0,EUR,2021-04-15,62.1,63.8,62.1,63.7,7599,118,63.11
DE000A41YEV7,881108707,D6H0,EUR,2021-04-16,62.7,64.1,62.7,63.5,6674,124,63.785
DE000A41YEV7,881108707,D6H0,EUR,2021-04-19,62.9,64.7,62.7,64.2,14099,265,63.765
DE000A41YEV7,881108707,D6H0,EUR,2021-04-20,64.3,64.3,62.7,63.4,7350,98,63.495
DE000A41YEV7,881108707,D6H0,EUR,2021-04-21,62.8,64.2,62.8,63.6,4490,100,63.25
DE000A41YEV7,881108707,D6H0,EUR,2021-04-22,63.7,64.8,63.2,64.5,8575,134,64.28
DE000A41YEV7,881108707,D6H0,EUR,2021-04-23,64.3,64.6,63.6,64.0,3692,62,64.16
DE000A41YEV7,881108707,D6H0,EUR,2021-04-26,63.8,64.5,63.3,64.2,7260,138,64.105
DE000A41YEV7,881108707,D6H0,EUR,2021-04-27,64.4,64.4,63.4,63.6,4178,84,63.65
DE000A41YEV7,881108707,D6H0,EUR,2021-04-28,64.0,64.5,63.5,64.0,2272,63,64.085
DE000A41YEV7,881108707,D6H0,EUR,2021-04-29,63.6,64.7,63.4,64.3,3799,78,63.79
DE000A41YEV7,881108707,D6H0,EUR,2021-04-30,64.1,64.6,63.2,63.2,5906,106,63.95
DE000A41YEV7,881108707,D6H0,EUR,2021-05-03,64.2,64.6,63.0,64.6,7658,125,63.58
DE000A41YEV7,881108707,D6H0,EUR,2021-05-04,64.4,64.8,62.8,62.8,9252,199,63.74
DE000A41YEV7,881108707,D6H0,EUR,2021-05-05,62.8,63.9,62.3,62.8,5212,95,63.005
DE000A41YEV7,881108707,D6H0,EUR,2021-05-06,63.1,63.4,59.0,60.1,12264,229,60.68
DE000A41YEV7,881108707,D6H0,EUR,2021-05-07,60.5,60.6,59.5,59.9,10481,212,59.83
DE000A41YEV7,881108707,D6H0,EUR,2021-05-10,60.4,60.7,54.2,56.4,29589,437,57.02
DE000A41YEV7,881108707,D6H0,EUR,2021-05-11,55.9,58.5,54.6,57.7,15847,305,55.885
DE000A41YEV7,881108707,D6H0,EUR,2021-05-12,58.0,59.3,56.6,59.3,5153,116,57.89
DE000A41YEV7,881108707,D6H0,EUR,2021-05-13,59.1,59.6,57.2,57.8,6179,165,58.17
DE000A41YEV7,881108707,D6H0,EUR,2021-05-14,58.2,62.4,57.5,62.0,7825,132,60.295
DE000A41YEV7,881108707,D6H0,EUR,2021-05-17,61.9,62.5,59.3,60.5,5886,190,60.385
DE000A41YEV7,881108707,D6H0,EUR,2021-05-18,60.5,61.1,59.1,59.6,12382,93,59.91
DE000A41YEV7,881108707,D6H0,EUR,2021-05-19,59.1,59.8,57.5,58.8,4394,85,58.57
DE000A41YEV7,881108707,D6H0,EUR,2021-05-20,58.3,58.7,57.4,58.2,2882,89,58.065
DE000A41YEV7,881108707,D6H0,EUR,2021-05-21,58.6,60.1,58.0,60.1,4345,90,59.38
DE000A41YEV7,881108707,D6H0,EUR,2021-05-25,63.0,63.6,60.9,62.0,23459,384,62.38
DE000A41YEV7,881108707,D6H0,EUR,2021-05-26,62.8,64.0,62.1,62.8,13395,263,62.83
DE000A41YEV7,881108707,D6H0,EUR,2021-05-27,62.5,63.5,62.1,63.0,10427,214,62.695
DE000A41YEV7,881108707,D6H0,EUR,2021-05-28,63.3,65.0,62.6,65.0,17100,368,64.295
DE000A41YEV7,881108707,D6H0,EUR,2021-05-31,64.9,65.2,63.8,64.3,14859,318,64.605
DE000A41YEV7,881108707,D6H0,EUR,2021-06-01,64.5,67.1,64.2,67.1,15575,331,66.325
DE000A41YEV7,881108707,D6H0,EUR,2021-06-02,66.9,67.2,65.3,66.3,6465,136,66.1
DE000A41YEV7,881108707,D6H0,EUR,2021-06-03,65.7,66.9,64.3,65.0,6617,203,66.02
DE000A41YEV7,881108707,D6H0,EUR,2021-06-04,64.3,67.7,64.3,66.6,11625,236,65.94
DE000A41YEV7,881108707,D6H0,EUR,2021-06-07,66.6,67.5,64.5,67.0,12987,342,65.82
DE000A41YEV7,881108707,D6H0,EUR,2021-06-08,66.3,69.4,65.8,68.7,19915,349,68.31
DE000A41YEV7,881108707,D6H0,EUR,2021-06-09,67.4,69.5,67.3,68.0,6317,138,68.255
DE000A41YEV7,881108707,D6H0,EUR,2021-06-10,67.3,68.5,67.3,68.3,3471,89,68.05
DE000A41YEV7,881108707,D6H0,EUR,2021-06-11,68.3,69.2,67.5,68.8,14894,222,68.28
DE000A41YEV7,881108707,D6H0,EUR,2021-06-14,69.2,69.7,68.1,69.7,14935,228,69.305
DE000A41YEV7,881108707,D6H0,EUR,2021-06-15,68.8,70.2,67.9,68.3,25824,352,69.585
DE000A41YEV7,881108707,D6H0,EUR,2021-06-16,68.9,70.1,67.5,70.0,12577,245,69.1
DE000A41YEV7,881108707,D6H0,EUR,2021-06-17,69.3,69.7,66.0,67.0,14618,294,67.34
DE000A41YEV7,881108707,D6H0,EUR,2021-06-18,67.1,67.2,66.2,67.0,9102,201,66.885
DE000A41YEV7,881108707,D6H0,EUR,2021-06-21,66.4,67.2,64.4,66.3,16570,366,65.635
DE000A41YEV7,881108707,D6H0,EUR,2021-06-22,66.4,66.4,64.5,65.4,8690,160,65.115
DE000A41YEV7,881108707,D6H0,EUR,2021-06-23,64.8,65.1,63.5,64.2,8309,295,64.42
DE000A41YEV7,881108707,D6H0,EUR,2021-06-24,64.7,64.8,62.5,63.3,11099,221,63.37
DE000A41YEV7,881108707,D6H0,EUR,2021-06-25,62.6,64.0,61.8,63.2,22119,415,62.835
DE000A41YEV7,881108707,D6H0,EUR,2021-06-28,64.0,66.0,63.9,65.6,15707,273,64.855
DE000A41YEV7,881108707,D6H0,EUR,2021-06-29,65.5,66.5,64.9,65.3,5602,121,65.47
DE000A41YEV7,881108707,D6H0,EUR,2021-06-30,65.8,65.8,63.6,65.0,9086,217,64.635
DE000A41YEV7,881108707,D6H0,EUR,2021-07-01,64.5,65.3,64.5,65.1,5699,171,64.905
DE000A41YEV7,881108707,D6H0,EUR,2021-07-02,65.6,67.3,64.6,66.1,9115,212,66.195
DE000A41YEV7,881108707,D6H0,EUR,2021-07-05,65.6,66.9,65.0,65.7,5413,117,65.62
DE000A41YEV7,881108707,D6H0,EUR,2021-07-06,66.2,66.6,64.7,65.2,3821,114,65.6
DE000A41YEV7,881108707,D6H0,EUR,2021-07-07,65.2,66.7,64.6,65.3,5614,140,65.39
DE000A41YEV7,881108707,D6H0,EUR,2021-07-08,65.9,68.0,63.3,65.1,11444,330,64.56
DE000A41YEV7,881108707,D6H0,EUR,2021-07-09,65.1,66.4,62.3,65.5,8579,233,64.8
DE000A41YEV7,881108707,D6H0,EUR,2021-07-12,65.6,68.2,65.5,66.7,7655,195,66.555
DE000A41YEV7,881108707,D6H0,EUR,2021-07-13,66.7,67.1,65.1,65.1,2622,93,65.885
DE000A41YEV7,881108707,D6H0,EUR,2021-07-14,64.3,65.7,62.9,64.3,16250,257,63.5
DE000A41YEV7,881108707,D6H0,EUR,2021-07-15,64.5,64.5,62.8,63.8,8550,231,63.56
DE000A41YEV7,881108707,D6H0,EUR,2021-07-16,63.7,64.1,62.3,62.4,7176,372,63.03
DE000A41YEV7,881108707,D6H0,EUR,2021-07-19,62.4,62.8,60.0,60.6,15242,419,61.225
DE000A41YEV7,881108707,D6H0,EUR,2021-07-20,61.4,62.1,59.9,61.0,4735,116,60.98
DE000A41YEV7,881108707,D6H0,EUR,2021-07-21,61.1,63.0,60.3,62.0,5315,148,61.895
DE000A41YEV7,881108707,D6H0,EUR,2021-07-22,62.7,63.3,61.9,62.5,3031,75,62.49
DE000A41YEV7,881108707,D6H0,EUR,2021-07-23,62.6,64.5,62.1,63.2,7198,227,63.075
DE000A41YEV7,881108707,D6H0,EUR,2021-07-26,64.5,64.5,63.0,64.0,7244,186,63.695
DE000A41YEV7,881108707,D6H0,EUR,2021-07-27,64.3,64.8,62.4,64.2,8788,245,63.78
DE000A41YEV7,881108707,D6H0,EUR,2021-07-28,63.7,64.9,63.5,64.6,4062,101,64.28
DE000A41YEV7,881108707,D6H0,EUR,2021-07-29,64.6,66.2,64.6,66.0,6624,131,65.68
DE000A41YEV7,881108707,D6H0,EUR,2021-07-30,65.4,66.6,64.5,66.0,8263,263,65.735
DE000A41YEV7,881108707,D6H0,EUR,2021-08-02,66.2,67.1,65.6,67.0,11167,229,66.385
DE000A41YEV7,881108707,D6H0,EUR,2021-08-03,67.0,67.1,65.0,65.9,12395,162,65.965
DE000A41YEV7,881108707,D6H0,EUR,2021-08-04,66.5,67.4,65.1,67.3,10718,162,66.18
DE000A41YEV7,881108707,D6H0,EUR,2021-08-05,67.4,68.0,66.3,67.6,7975,195,67.405
DE000A41YEV7,881108707,D6H0,EUR,2021-08-06,67.1,67.4,66.1,66.4,3163,59,66.655
DE000A41YEV7,881108707,D6H0,EUR,2021-08-09,66.9,67.4,66.6,66.9,2084,70,67.005
DE000A41YEV7,881108707,D6H0,EUR,2021-08-10,67.4,67.9,66.7,67.4,2607,57,67.34
DE000A41YEV7,881108707,D6H0,EUR,2021-08-11,67.2,68.0,66.5,67.8,4075,104,67.3
DE000A41YEV7,881108707,D6H0,EUR,2021-08-12,67.7,68.5,67.6,68.2,9766,167,68.03
DE000A41YEV7,881108707,D6H0,EUR,2021-08-13,68.7,68.8,65.7,66.6,4971,179,66.89
DE000A41YEV7,881108707,D6H0,EUR,2021-08-16,67.6,67.6,63.8,65.3,4394,136,65.245
DE000A41YEV7,881108707,D6H0,EUR,2021-08-17,64.8,65.8,64.5,65.4,2290,79,65.335
DE000A41YEV7,881108707,D6H0,EUR,2021-08-18,65.5,67.7,65.3,67.2,4056,135,66.18
DE000A41YEV7,881108707,D6H0,EUR,2021-08-19,67.0,67.0,64.7,65.4,5193,150,65.45
DE000A41YEV7,881108707,D6H0,EUR,2021-08-20,64.9,65.9,63.3,64.7,25444,281,64.85
DE000A41YEV7,881108707,D6H0,EUR,2021-08-23,64.8,69.5,64.8,69.5,16886,229,67.02
DE000A41YEV7,881108707,D6H0,EUR,2021-08-24,68.9,72.3,67.9,71.2,19614,373,70.35
DE000A41YEV7,881108707,D6H0,EUR,2021-08-25,70.7,72.3,69.7,71.6,16043,243,71.41
DE000A41YEV7,881108707,D6H0,EUR,2021-08-26,70.2,77.0,70.1,76.1,27985,590,74.58
DE000A41YEV7,881108707,D6H0,EUR,2021-08-27,75.1,78.5,75.0,78.5,11550,358,76.64
DE000A41YEV7,881108707,D6H0,EUR,2021-08-30,78.1,78.3,75.6,77.5,13473,213,76.84
DE000A41YEV7,881108707,D6H0,EUR,2021-08-31,77.5,78.8,76.3,77.5,9526,608,77.43
DE000A41YEV7,881108707,D6H0,EUR,2021-09-01,77.9,78.7,76.3,77.4,3004,102,77.315
DE000A41YEV7,881108707,D6H0,EUR,2021-09-02,76.5,78.2,76.5,77.8,4127,166,77.39
DE000A41YEV7,881108707,D6H0,EUR,2021-09-03,77.4,78.6,77.1,78.5,5636,142,77.98
DE000A41YEV7,881108707,D6H0,EUR,2021-09-06,78.2,79.0,77.0,77.4,5665,167,78.225
DE000A41YEV7,881108707,D6H0,EUR,2021-09-07,77.9,78.6,76.5,78.0,8049,210,77.535
DE000A41YEV7,881108707,D6H0,EUR,2021-09-08,77.8,77.9,75.2,76.0,6996,223,76.12
DE000A41YEV7,881108707,D6H0,EUR,2021-09-09,75.4,75.4,72.6,73.5,13507,488,74.11
DE000A41YEV7,881108707,D6H0,EUR,2021-09-10,74.0,75.4,73.3,74.4,5370,173,74.635
DE000A41YEV7,881108707,D6H0,EUR,2021-09-13,72.8,74.2,72.8,73.4,5771,228,73.605
DE000A41YEV7,881108707,D6H0,EUR,2021-09-14,73.9,75.1,73.2,74.9,5084,126,73.97
DE000A41YEV7,881108707,D6H0,EUR,2021-09-15,73.6,74.1,72.3,73.4,5306,228,73.435
DE000A41YEV7,881108707,D6H0,EUR,2021-09-16,72.9,74.0,72.6,73.6,5292,154,73.41
DE000A41YEV7,881108707,D6H0,EUR,2021-09-17,74.1,75.4,72.5,74.4,8011,350,73.895
DE000A41YEV7,881108707,D6H0,EUR,2021-09-20,75.2,75.2,70.5,73.0,9131,268,72.84
DE000A41YEV7,881108707,D6H0,EUR,2021-09-21,74.2,74.9,73.0,73.1,3177,120,73.865
DE000A41YEV7,881108707,D6H0,EUR,2021-09-22,72.7,76.6,72.7,75.8,6738,277,75.205
DE000A41YEV7,881108707,D6H0,EUR,2021-09-23,77.1,79.2,76.5,78.1,6301,292,78.38
DE000A41YEV7,881108707,D6H0,EUR,2021-09-24,78.2,78.8,77.5,78.3,6617,201,78.135
DE000A41YEV7,881108707,D6H0,EUR,2021-09-27,78.7,82.4,77.6,81.8,10088,314,80.195
DE000A41YEV7,881108707,D6H0,EUR,2021-09-28,82.0,82.0,74.4,75.9,27184,643,78.825
DE000A41YEV7,881108707,D6H0,EUR,2021-09-29,76.9,78.7,76.0,76.5,20748,708,77.455
DE000A41YEV7,881108707,D6H0,EUR,2021-09-30,75.0,80.2,75.0,79.2,5666,245,78.87
DE000A41YEV7,881108707,D6H0,EUR,2021-10-01,78.9,79.6,76.6,77.9,7020,296,78.635
DE000A41YEV7,881108707,D6H0,EUR,2021-10-04,78.0,78.0,74.9,75.3,9074,289,76.26
DE000A41YEV7,881108707,D6H0,EUR,2021-10-05,75.4,75.7,74.2,75.0,6653,156,74.84
DE000A41YEV7,881108707,D6H0,EUR,2021-10-06,74.2,74.5,72.6,74.0,5613,168,73.405
DE000A41YEV7,881108707,D6H0,EUR,2021-10-07,74.5,75.1,72.5,72.9,4468,165,73.515
DE000A41YEV7,881108707,D6H0,EUR,2021-10-08,73.3,73.9,72.2,72.3,1730,73,73.005
DE000A41YEV7,881108707,D6H0,EUR,2021-10-11,72.8,73.5,71.0,71.0,9998,221,71.66
DE000A41YEV7,881108707,D6H0,EUR,2021-10-12,71.1,72.8,70.0,72.4,5533,190,71.585
DE000A41YEV7,881108707,D6H0,EUR,2021-10-13,73.6,75.6,72.7,74.4,5274,179,74.48
DE000A41YEV7,881108707,D6H0,EUR,2021-10-14,75.3,77.8,74.4,77.3,11816,396,76.27
DE000A41YEV7,881108707,D6H0,EUR,2021-10-15,77.0,79.9,76.95,79.4,8074,253,78.31
DE000A41YEV7,881108707,D6H0,EUR,2021-10-18,78.9,81.9,78.3,81.7,5750,214,80.085
DE000A41YEV7,881108707,D6H0,EUR,2021-10-19,80.0,81.1,77.7,79.5,14735,331,79.1
DE000A41YEV7,881108707,D6H0,EUR,2021-10-20,79.8,79.8,78.1,78.1,2408,104,78.93
DE000A41YEV7,881108707,D6H0,EUR,2021-10-21,78.2,79.3,77.6,77.7,3519,75,78.55
DE000A41YEV7,881108707,D6H0,EUR,2021-10-22,77.8,78.5,76.5,77.9,8800,264,77.465
DE000A41YEV7,881108707,D6H0,EUR,2021-10-25,77.2,79.4,77.2,78.7,4136,152,78.9
DE000A41YEV7,881108707,D6H0,EUR,2021-10-26,78.1,78.3,77.2,77.6,2497,87,77.89
DE000A41YEV7,881108707,D6H0,EUR,2021-10-27,78.1,78.1,76.1,76.2,3509,178,77.025
DE000A41YEV7,881108707,D6H0,EUR,2021-10-28,76.3,77.0,74.8,75.5,3765,143,75.88
DE000A41YEV7,881108707,D6H0,EUR,2021-10-29,75.0,76.2,73.6,75.8,5113,152,74.57
DE000A41YEV7,881108707,D6H0,EUR,2021-11-01,76.3,77.4,75.8,76.6,5805,253,76.385
DE000A41YEV7,881108707,D6H0,EUR,2021-11-02,76.6,76.6,74.5,75.1,2312,99,75.225
DE000A41YEV7,881108707,D6H0,EUR,2021-11-03,75.8,77.7,73.8,77.2,12218,420,76.385
DE000A41YEV7,881108707,D6H0,EUR,2021-11-04,78.0,78.3,76.5,77.4,7244,183,77.37
DE000A41YEV7,881108707,D6H0,EUR,2021-11-05,78.0,79.9,77.0,78.3,5359,164,78.78
DE000A41YEV7,881108707,D6H0,EUR,2021-11-08,78.1,81.6,78.0,81.1,27557,845,79.9
DE000A41YEV7,881108707,D6H0,EUR,2021-11-09,81.4,82.6,80.2,82.2,18305,377,81.565
DE000A41YEV7,881108707,D6H0,EUR,2021-11-10,82.6,83.7,80.9,83.0,25838,510,82.175
DE000A41YEV7,881108707,D6H0,EUR,2021-11-11,83.5,84.7,81.9,84.5,13977,270,82.9
DE000A41YEV7,881108707,D6H0,EUR,2021-11-12,83.3,86.0,82.4,86.0,11286,357,84.79
DE000A41YEV7,881108707,D6H0,EUR,2021-11-15,85.5,87.0,82.5,83.0,6276,265,83.965
DE000A41YEV7,881108707,D6H0,EUR,2021-11-16,83.5,83.6,81.9,83.1,7881,180,82.39
DE000A41YEV7,881108707,D6H0,EUR,2021-11-17,83.1,84.4,81.9,82.3,5901,281,82.915
DE000A41YEV7,881108707,D6H0,EUR,2021-11-18,82.1,82.7,81.6,82.0,6522,154,82.085
DE000A41YEV7,881108707,D6H0,EUR,2021-11-19,81.6,83.2,81.6,82.6,6871,210,82.17
DE000A41YEV7,881108707,D6H0,EUR,2021-11-22,82.1,83.7,81.2,83.5,12811,294,82.58
DE000A41YEV7,881108707,D6H0,EUR,2021-11-23,84.7,86.4,81.8,84.6,21363,543,84.245
DE000A41YEV7,881108707,D6H0,EUR,2021-11-24,84.1,85.5,81.5,82.3,19669,531,83.765
DE000A41YEV7,881108707,D6H0,EUR,2021-11-25,81.9,85.9,81.9,85.2,8704,241,84.5
DE000A41YEV7,881108707,D6H0,EUR,2021-11-26,84.9,86.1,77.5,82.2,36339,763,84.145
DE000A41YEV7,881108707,D6H0,EUR,2021-11-29,79.8,84.3,78.0,83.8,16118,546,82.76
DE000A41YEV7,881108707,D6H0,EUR,2021-11-30,83.1,85.3,82.2,83.1,11880,284,83.575
DE000A41YEV7,881108707,D6H0,EUR,2021-12-01,83.8,86.8,82.8,86.6,20088,396,85.295
DE000A41YEV7,881108707,D6H0,EUR,2021-12-02,84.5,86.0,81.6,81.9,12115,384,83.115
DE000A41YEV7,881108707,D6H0,EUR,2021-12-03,81.9,83.2,81.0,82.2,8600,289,82.325
DE000A41YEV7,881108707,D6H0,EUR,2021-12-06,81.7,84.2,81.0,83.2,15244,426,82.545
DE000A41YEV7,881108707,D6H0,EUR,2021-12-07,84.0,88.0,84.0,87.5,14358,379,86.56
DE000A41YEV7,881108707,D6H0,EUR,2021-12-08,87.9,89.9,85.9,86.5,15043,431,88.195
DE000A41YEV7,881108707,D6H0,EUR,2021-12-09,86.9,87.35,85.1,85.1,6531,155,85.695
DE000A41YEV7,881108707,D6H0,EUR,2021-12-10,85.7,85.7,83.7,84.5,6877,226,84.495
DE000A41YEV7,881108707,D6H0,EUR,2021-12-13,85.6,87.1,83.9,84.5,11346,384,85.14
DE000A41YEV7,881108707,D6H0,EUR,2021-12-14,85.0,85.2,82.0,82.5,6882,228,83.26
DE000A41YEV7,881108707,D6H0,EUR,2021-12-15,82.1,83.1,81.7,82.3,5708,293,82.325
DE000A41YEV7,881108707,D6H0,EUR,2021-12-16,85.0,87.8,84.0,85.0,20328,528,85.75
DE000A41YEV7,881108707,D6H0,EUR,2021-12-17,85.1,87.7,84.0,87.4,22524,416,85.14
DE000A41YEV7,881108707,D6H0,EUR,2021-12-20,86.7,87.7,85.2,87.3,22604,677,86.57
DE000A41YEV7,881108707,D6H0,EUR,2021-12-21,87.8,91.5,87.4,90.3,16718,390,89.935
DE000A41YEV7,881108707,D6H0,EUR,2021-12-22,91.2,94.6,89.8,93.6,9710,276,92.055
DE000A41YEV7,881108707,D6H0,EUR,2021-12-23,93.8,95.1,92.2,95.0,13925,312,94.11
DE000A41YEV7,881108707,D6H0,EUR,2021-12-27,94.7,97.1,94.0,95.7,12805,308,95.64
DE000A41YEV7,881108707,D6H0,EUR,2021-12-28,96.8,97.0,95.0,95.1,7126,225,95.99
DE000A41YEV7,881108707,D6H0,EUR,2021-12-29,95.3,95.8,93.1,94.5,7307,312,94.225
DE000A41YEV7,881108707,D6H0,EUR,2021-12-30,95.0,97.0,93.4,97.0,7557,217,96.03
DE000A41YEV7,881108707,D6H0,EUR,2022-01-03,96.7,98.5,96.3,97.0,6927,235,97.22
DE000A41YEV7,881108707,D6H0,EUR,2022-01-04,98.4,98.4,93.0,94.3,19629,509,95.575
DE000A41YEV7,881108707,D6H0,EUR,2022-01-05,94.2,96.9,93.5,95.0,10040,322,95.125
DE000A41YEV7,881108707,D6H0,EUR,2022-01-06,94.5,95.0,91.3,94.2,12808,305,93.22
DE000A41YEV7,881108707,D6H0,EUR,2022-01-07,95.7,95.7,91.85,93.1,12578,388,92.695
DE000A41YEV7,881108707,D6H0,EUR,2022-01-10,92.5,93.6,92.0,93.1,14724,490,92.795
DE000A41YEV7,881108707,D6H0,EUR,2022-01-11,92.8,94.8,92.4,93.3,11203,320,93.325
DE000A41YEV7,881108707,D6H0,EUR,2022-01-12,94.8,97.5,92.6,93.2,20993,579,94.54
DE000A41YEV7,881108707,D6H0,EUR,2022-01-13,93.7,96.3,93.0,93.0,11921,427,94.38
DE000A41YEV7,881108707,D6H0,EUR,2022-01-14,92.6,93.2,90.2,91.2,17565,464,91.445
DE000A41YEV7,881108707,D6H0,EUR,2022-01-17,91.2,93.9,91.0,92.7,8134,220,91.9
DE000A41YEV7,881108707,D6H0,EUR,2022-01-18,93.0,93.0,90.1,92.3,11995,340,91.335
DE000A41YEV7,881108707,D6H0,EUR,2022-01-19,91.7,93.0,90.1,91.4,7242,212,91.855
DE000A41YEV7,881108707,D6H0,EUR,2022-01-20,92.5,93.7,91.0,92.7,11353,263,92.44
DE000A41YEV7,881108707,D6H0,EUR,2022-01-21,92.3,93.2,89.6,92.0,22411,401,90.94
DE000A41YEV7,881108707,D6H0,EUR,2022-01-24,91.8,91.8,80.5,83.5,53233,1321,85.775
DE000A41YEV7,881108707,D6H0,EUR,2022-01-25,83.2,86.5,82.9,84.1,19545,723,84.88
DE000A41YEV7,881108707,D6H0,EUR,2022-01-26,84.8,86.8,84.1,85.6,19893,369,85.395
DE000A41YEV7,881108707,D6H0,EUR,2022-01-27,85.0,85.8,81.0,83.8,9623,351,83.205
DE000A41YEV7,881108707,D6H0,EUR,2022-01-28,83.4,84.0,80.2,83.0,15981,395,82.0
DE000A41YEV7,881108707,D6H0,EUR,2022-01-31,84.3,86.5,83.8,85.8,9702,335,85.26
DE000A41YEV7,881108707,D6H0,EUR,2022-02-01,86.4,89.4,86.4,87.5,7506,308,88.32
DE000A41YEV7,881108707,D6H0,EUR,2022-02-02,88.4,89.7,87.3,87.8,9406,315,88.54
DE000A41YEV7,881108707,D6H0,EUR,2022-02-03,88.4,88.4,83.6,84.1,7236,295,85.235
DE000A41YEV7,881108707,D6H0,EUR,2022-02-04,83.6,85.2,82.0,84.0,7597,192,83.67
DE000A41YEV7,881108707,D6H0,EUR,2022-02-07,84.5,85.2,83.4,84.1,4421,141,83.96
DE000A41YEV7,881108707,D6H0,EUR,2022-02-08,84.2,85.0,82.4,83.4,9752,229,83.23
DE000A41YEV7,881108707,D6H0,EUR,2022-02-09,83.5,85.8,83.5,84.6,6039,170,84.95
DE000A41YEV7,881108707,D6H0,EUR,2022-02-10,85.2,85.2,82.8,84.1,5458,138,83.645
DE000A41YEV7,881108707,D6H0,EUR,2022-02-11,83.6,84.5,82.9,83.6,4283,182,83.68
DE000A41YEV7,881108707,D6H0,EUR,2022-02-14,83.0,83.0,76.0,82.0,20486,405,80.525
DE000A41YEV7,881108707,D6H0,EUR,2022-02-15,82.8,85.8,82.5,85.2,8768,268,84.305
DE000A41YEV7,881108707,D6H0,EUR,2022-02-16,84.6,85.8,83.1,84.3,4834,169,84.365
DE000A41YEV7,881108707,D6H0,EUR,2022-02-17,84.7,84.7,81.1,81.4,7717,134,82.5
DE000A41YEV7,881108707,D6H0,EUR,2022-02-18,81.0,81.9,79.8,80.5,8952,228,80.59
DE000A41YEV7,881108707,D6H0,EUR,2022-02-21,79.7,81.3,72.1,78.8,23888,483,78.575
DE000A41YEV7,881108707,D6H0,EUR,2022-02-22,71.2,82.5,68.6,81.6,26821,661,77.625
DE000A41YEV7,881108707,D6H0,EUR,2022-02-23,80.6,84.6,80.6,82.2,13738,431,83.325
DE000A41YEV7,881108707,D6H0,EUR,2022-02-24,83.0,85.5,73.8,82.7,40776,1132,82.4
DE000A41YEV7,881108707,D6H0,EUR,2022-02-25,82.5,87.6,82.0,86.7,16668,495,85.745
DE000A41YEV7,881108707,D6H0,EUR,2022-02-28,86.9,88.8,84.5,87.9,13215,330,86.51
DE000A41YEV7,881108707,D6H0,EUR,2022-03-01,88.4,89.3,85.3,86.6,22667,507,87.385
DE000A41YEV7,881108707,D6H0,EUR,2022-03-02,88.0,89.4,85.3,87.6,16262,413,86.985
DE000A41YEV7,881108707,D6H0,EUR,2022-03-03,87.7,89.0,82.8,83.2,7070,257,85.675
DE000A41YEV7,881108707,D6H0,EUR,2022-03-04,83.0,83.6,77.7,78.8,15130,441,79.67
DE000A41YEV7,881108707,D6H0,EUR,2022-03-07,79.1,83.7,74.7,77.0,28193,611,76.11
DE000A41YEV7,881108707,D6H0,EUR,2022-03-08,76.0,79.4,75.7,76.7,10353,424,77.135
DE000A41YEV7,881108707,D6H0,EUR,2022-03-09,77.6,82.4,77.3,81.9,12660,372,79.47
DE000A41YEV7,881108707,D6H0,EUR,2022-03-10,82.6,82.6,78.9,80.9,9467,321,80.24
DE000A41YEV7,881108707,D6H0,EUR,2022-03-11,81.7,82.3,77.8,80.0,10885,361,80.215
DE000A41YEV7,881108707,D6H0,EUR,2022-03-14,80.3,82.4,79.8,80.7,9924,244,81.61
DE000A41YEV7,881108707,D6H0,EUR,2022-03-15,81.1,82.3,79.0,81.3,6224,215,80.845
DE000A41YEV7,881108707,D6H0,EUR,2022-03-16,82.6,86.9,82.6,85.8,15389,399,85.165
DE000A41YEV7,881108707,D6H0,EUR,2022-03-17,86.0,88.2,85.5,86.4,8726,279,86.37
DE000A41YEV7,881108707,D6H0,EUR,2022-03-18,87.0,88.5,86.4,87.0,12663,269,87.185
DE000A41YEV7,881108707,D6H0,EUR,2022-03-21,87.2,87.2,84.7,86.2,7195,200,85.895
DE000A41YEV7,881108707,D6H0,EUR,2022-03-22,86.4,88.1,85.4,87.1,9216,212,87.115
DE000A41YEV7,881108707,D6H0,EUR,2022-03-23,87.1,90.5,86.4,90.2,9511,280,88.655
DE000A41YEV7,881108707,D6H0,EUR,2022-03-24,90.1,91.1,88.4,88.4,5950,184,89.88
DE000A41YEV7,881108707,D6H0,EUR,2022-03-25,88.2,89.2,85.5,85.8,4743,154,87.415
DE000A41YEV7,881108707,D6H0,EUR,2022-03-28,86.5,86.5,83.1,83.5,7369,212,84.47
DE000A41YEV7,881108707,D6H0,EUR,2022-03-29,84.5,86.2,84.0,84.8,5834,243,85.135
DE000A41YEV7,881108707,D6H0,EUR,2022-03-30,85.4,85.4,83.3,84.1,3547,172,84.0
DE000A41YEV7,881108707,D6H0,EUR,2022-03-31,83.3,84.9,82.2,82.7,5260,315,83.225
DE000A41YEV7,881108707,D6H0,EUR,2022-04-01,83.2,84.7,82.0,83.6,7789,286,83.725
DE000A41YEV7,881108707,D6H0,EUR,2022-04-04,84.3,86.1,83.1,85.9,7242,241,84.85
DE000A41YEV7,881108707,D6H0,EUR,2022-04-05,86.8,86.8,83.0,83.6,3268,157,84.475
DE000A41YEV7,881108707,D6H0,EUR,2022-04-06,83.7,84.1,80.1,81.0,5994,264,81.3
DE000A41YEV7,881108707,D6H0,EUR,2022-04-07,81.5,82.1,78.8,79.0,4227,127,80.475
DE000A41YEV7,881108707,D6H0,EUR,2022-04-08,80.1,80.9,79.2,79.5,4975,156,79.945
DE000A41YEV7,881108707,D6H0,EUR,2022-04-11,80.0,80.8,77.8,78.4,15832,360,79.34
DE000A41YEV7,881108707,D6H0,EUR,2022-04-12,77.7,78.9,77.0,78.5,3294,166,78.235
DE000A41YEV7,881108707,D6H0,EUR,2022-04-13,78.6,80.0,77.6,78.7,6753,349,78.295
DE000A41YEV7,881108707,D6H0,EUR,2022-04-14,79.0,80.2,77.7,78.3,7856,248,79.125
DE000A41YEV7,881108707,D6H0,EUR,2022-04-19,78.5,78.9,77.1,77.9,6091,236,77.815
DE000A41YEV7,881108707,D6H0,EUR,2022-04-20,77.6,79.8,77.0,79.1,5493,245,78.675
DE000A41YEV7,881108707,D6H0,EUR,2022-04-21,79.4,79.8,78.4,79.0,5946,217,79.125
DE000A41YEV7,881108707,D6H0,EUR,2022-04-22,78.9,80.5,78.7,79.2,4772,194,79.545
DE000A41YEV7,881108707,D6H0,EUR,2022-04-25,79.2,79.8,77.9,78.0,10837,253,78.91
DE000A41YEV7,881108707,D6H0,EUR,2022-04-26,78.0,78.5,75.4,75.5,4209,154,76.92
DE000A41YEV7,881108707,D6H0,EUR,2022-04-27,77.3,79.0,75.3,78.0,5515,233,77.89
DE000A41YEV7,881108707,D6H0,EUR,2022-04-28,78.0,79.6,77.9,78.8,7354,315,78.73
DE000A41YEV7,881108707,D6H0,EUR,2022-04-29,79.7,81.3,78.9,79.2,3045,129,79.91
DE000A41YEV7,881108707,D6H0,EUR,2022-05-02,78.9,81.0,78.7,79.5,5329,157,79.88
DE000A41YEV7,881108707,D6H0,EUR,2022-05-03,80.1,80.1,78.6,79.1,5329,161,79.375
DE000A41YEV7,881108707,D6H0,EUR,2022-05-04,80.1,80.1,75.7,76.5,3908,146,77.35
DE000A41YEV7,881108707,D6H0,EUR,2022-05-05,78.0,78.8,72.7,73.3,5557,187,74.89
DE000A41YEV7,881108707,D6H0,EUR,2022-05-06,73.4,74.8,72.6,74.3,6207,243,73.62
DE000A41YEV7,881108707,D6H0,EUR,2022-05-09,75.0,75.0,72.6,73.2,8816,309,74.02
DE000A41YEV7,881108707,D6H0,EUR,2022-05-10,73.0,75.2,73.0,74.6,4405,124,74.09
DE000A41YEV7,881108707,D6H0,EUR,2022-05-11,73.3,75.7,73.3,74.7,8134,318,74.81
DE000A41YEV7,881108707,D6H0,EUR,2022-05-12,73.5,74.7,71.4,73.8,8410,223,72.94
DE000A41YEV7,881108707,D6H0,EUR,2022-05-13,73.2,75.4,73.2,74.2,3702,132,74.08
DE000A41YEV7,881108707,D6H0,EUR,2022-05-16,74.9,75.6,74.2,74.8,3458,135,74.985
DE000A41YEV7,881108707,D6H0,EUR,2022-05-17,75.0,77.9,75.0,77.6,6349,233,76.53
DE000A41YEV7,881108707,D6H0,EUR,2022-05-18,76.0,77.8,75.7,76.7,4650,143,76.725
DE000A41YEV7,881108707,D6H0,EUR,2022-05-19,75.6,75.9,74.5,75.4,2616,98,75.16
DE000A41YEV7,881108707,D6H0,EUR,2022-05-20,76.0,79.2,76.0,77.4,3957,160,78.0
DE000A41YEV7,881108707,D6H0,EUR,2022-05-23,78.6,79.8,77.1,78.4,5478,185,78.1
DE000A41YEV7,881108707,D6H0,EUR,2022-05-24,78.8,80.0,75.5,76.4,4434,175,77.91
DE000A41YEV7,881108707,D6H0,EUR,2022-05-25,77.2,78.7,76.2,78.0,10893,350,77.87
DE000A41YEV7,881108707,D6H0,EUR,2022-05-26,78.7,78.7,75.0,76.0,7769,321,76.37
DE000A41YEV7,881108707,D6H0,EUR,2022-05-27,75.8,78.4,75.4,78.0,7931,186,77.475
DE000A41YEV7,881108707,D6H0,EUR,2022-05-30,77.9,80.8,77.9,80.0,5769,158,79.79
DE000A41YEV7,881108707,D6H0,EUR,2022-05-31,80.2,80.8,77.9,78.0,9161,272,79.465
DE000A41YEV7,881108707,D6H0,EUR,2022-06-01,78.9,79.2,76.9,77.4,6704,277,78.125
DE000A41YEV7,881108707,D6H0,EUR,2022-06-02,78.2,78.2,76.1,76.5,2454,112,76.955
DE000A41YEV7,881108707,D6H0,EUR,2022-06-03,77.3,77.3,76.0,76.1,2139,76,76.545
DE000A41YEV7,881108707,D6H0,EUR,2022-06-06,76.7,77.6,76.2,76.5,3408,163,77.125
DE000A41YEV7,881108707,D6H0,EUR,2022-06-07,76.1,76.1,73.6,74.0,9539,353,74.455
DE000A41YEV7,881108707,D6H0,EUR,2022-06-08,73.8,74.7,73.0,74.0,4205,158,73.81
DE000A41YEV7,881108707,D6H0,EUR,2022-06-09,73.5,74.3,72.5,73.7,4186,146,73.3
DE000A41YEV7,881108707,D6H0,EUR,2022-06-10,73.4,73.8,70.3,70.8,6580,186,71.865
DE000A41YEV7,881108707,D6H0,EUR,2022-06-13,70.4,70.4,65.0,66.9,35563,609,66.785
DE000A41YEV7,881108707,D6H0,EUR,2022-06-14,67.4,67.9,63.3,64.0,11234,271,65.315
DE000A41YEV7,881108707,D6H0,EUR,2022-06-15,65.8,68.5,65.4,67.0,20577,600,66.835
DE000A41YEV7,881108707,D6H0,EUR,2022-06-16,67.3,67.5,66.0,67.0,9766,292,66.765
DE000A41YEV7,881108707,D6H0,EUR,2022-06-17,68.0,71.1,66.9,70.4,21341,459,68.735
DE000A41YEV7,881108707,D6H0,EUR,2022-06-20,71.1,71.1,68.2,69.2,5518,205,69.28
DE000A41YEV7,881108707,D6H0,EUR,2022-06-21,68.7,70.4,68.3,68.3,4418,89,69.43
DE000A41YEV7,881108707,D6H0,EUR,2022-06-22,68.3,68.7,66.2,68.2,3110,126,67.37
DE000A41YEV7,881108707,D6H0,EUR,2022-06-23,67.9,68.1,67.0,67.7,2971,74,67.67
DE000A41YEV7,881108707,D6H0,EUR,2022-06-24,67.5,70.5,67.5,70.1,5954,156,69.095
DE000A41YEV7,881108707,D6H0,EUR,2022-06-27,70.5,71.6,70.2,71.0,4529,196,71.16
DE000A41YEV7,881108707,D6H0,EUR,2022-06-28,70.8,72.6,70.4,71.1,3997,134,71.435
DE000A41YEV7,881108707,D6H0,EUR,2022-06-29,71.5,71.5,67.1,67.7,6385,194,68.335
DE000A41YEV7,881108707,D6H0,EUR,2022-06-30,67.8,69.3,66.5,68.6,6733,279,67.685
DE000A41YEV7,881108707,D6H0,EUR,2022-07-01,68.5,68.8,66.8,68.1,2753,99,67.7
DE000A41YEV7,881108707,D6H0,EUR,2022-07-04,67.4,68.4,66.0,66.4,1559,67,66.655
DE000A41YEV7,881108707,D6H0,EUR,2022-07-05,66.7,67.4,65.7,66.1,7692,162,66.73
DE000A41YEV7,881108707,D6H0,EUR,2022-07-06,65.8,68.6,65.8,67.8,2519,84,67.6
DE000A41YEV7,881108707,D6H0,EUR,2022-07-07,68.7,70.2,67.9,69.7,3892,157,69.07
DE000A41YEV7,881108707,D6H0,EUR,2022-07-08,69.2,70.6,69.0,70.5,3123,147,69.865
DE000A41YEV7,881108707,D6H0,EUR,2022-07-11,70.4,72.3,69.8,70.8,6431,275,71.09
DE000A41YEV7,881108707,D6H0,EUR,2022-07-12,71.0,71.0,67.9,68.5,2986,94,69.095
DE000A41YEV7,881108707,D6H0,EUR,2022-07-13,68.8,68.8,66.9,67.5,1309,54,67.6
DE000A41YEV7,881108707,D6H0,EUR,2022-07-14,67.0,67.3,65.7,66.2,3786,117,66.58
DE000A41YEV7,881108707,D6H0,EUR,2022-07-15,67.2,69.1,66.5,68.2,2223,86,67.74
DE000A41YEV7,881108707,D6H0,EUR,2022-07-18,69.0,70.0,68.2,69.0,2858,130,69.01
DE000A41YEV7,881108707,D6H0,EUR,2022-07-19,68.4,69.5,68.4,69.2,2555,65,68.875
DE000A41YEV7,881108707,D6H0,EUR,2022-07-20,68.8,70.0,68.4,69.0,2370,120,69.09
DE000A41YEV7,881108707,D6H0,EUR,2022-07-21,69.0,69.8,67.8,68.4,4710,202,68.56
DE000A41YEV7,881108707,D6H0,EUR,2022-07-22,68.2,71.0,67.9,70.0,1985,86,69.81
DE000A41YEV7,881108707,D6H0,EUR,2022-07-25,69.4,70.3,67.8,69.7,3655,203,69.235
DE000A41YEV7,881108707,D6H0,EUR,2022-07-26,70.0,70.8,68.8,69.4,2425,110,69.885
DE000A41YEV7,881108707,D6H0,EUR,2022-07-27,69.0,70.7,69.0,69.9,1225,40,69.955
DE000A41YEV7,881108707,D6H0,EUR,2022-07-28,69.5,71.9,69.3,71.8,2582,91,70.81
DE000A41YEV7,881108707,D6H0,EUR,2022-07-29,71.7,75.3,71.7,74.5,6409,167,73.375
DE000A41YEV7,881108707,D6H0,EUR,2022-08-01,74.8,76.2,72.7,72.8,2667,105,73.78
DE000A41YEV7,881108707,D6H0,EUR,2022-08-02,72.1,72.6,70.7,72.0,4382,166,71.73
DE000A41YEV7,881108707,D6H0,EUR,2022-08-03,72.0,73.0,70.2,72.5,3145,111,71.09
DE000A41YEV7,881108707,D6H0,EUR,2022-08-04,73.0,74.5,72.1,74.0,1536,61,73.71
DE000A41YEV7,881108707,D6H0,EUR,2022-08-05,73.9,73.9,71.1,71.1,3395,124,72.16
DE000A41YEV7,881108707,D6H0,EUR,2022-08-08,71.0,72.4,71.0,71.8,2701,97,71.575
DE000A41YEV7,881108707,D6H0,EUR,2022-08-09,71.3,73.6,70.9,71.8,1942,392,72.015
DE000A41YEV7,881108707,D6H0,EUR,2022-08-10,72.1,72.8,70.6,72.2,1372,50,72.04
DE000A41YEV7,881108707,D6H0,EUR,2022-08-11,73.9,73.9,71.5,72.2,1637,116,72.27
DE000A41YEV7,881108707,D6H0,EUR,2022-08-12,72.7,72.7,71.3,71.3,744,33,72.04
DE000A41YEV7,881108707,D6H0,EUR,2022-08-15,71.8,71.8,70.0,70.5,2531,104,71.02
DE000A41YEV7,881108707,D6H0,EUR,2022-08-16,70.4,71.0,69.6,70.9,3315,135,70.48
DE000A41YEV7,881108707,D6H0,EUR,2022-08-17,70.8,71.3,67.8,69.0,3929,134,69.39
DE000A41YEV7,881108707,D6H0,EUR,2022-08-18,68.3,70.2,68.1,69.8,3615,136,69.32
DE000A41YEV7,881108707,D6H0,EUR,2022-08-19,69.2,69.2,67.7,68.4,1404,78,68.43
DE000A41YEV7,881108707,D6H0,EUR,2022-08-22,67.8,68.5,64.6,65.8,6306,167,66.295
DE000A41YEV7,881108707,D6H0,EUR,2022-08-23,66.3,66.7,63.4,64.5,8550,225,65.475
DE000A41YEV7,881108707,D6H0,EUR,2022-08-24,64.6,64.9,63.3,64.0,5247,191,64.03
DE000A41YEV7,881108707,D6H0,EUR,2022-08-25,64.7,65.3,63.5,64.5,2801,98,64.2
DE000A41YEV7,881108707,D6H0,EUR,2022-08-26,65.3,65.4,63.4,64.7,3340,100,64.215
DE000A41YEV7,881108707,D6H0,EUR,2022-08-29,64.8,65.1,63.5,64.7,1877,61,64.31
DE000A41YEV7,881108707,D6H0,EUR,2022-08-30,64.5,67.7,64.2,66.5,6735,180,65.625
DE000A41YEV7,881108707,D6H0,EUR,2022-08-31,68.2,68.2,65.0,65.4,3008,123,65.975
DE000A41YEV7,881108707,D6H0,EUR,2022-09-01,65.6,66.2,60.5,60.9,6034,176,62.47
DE000A41YEV7,881108707,D6H0,EUR,2022-09-02,61.6,63.1,61.4,62.4,3351,98,62.04
DE000A41YEV7,881108707,D6H0,EUR,2022-09-05,62.0,62.0,60.0,60.9,2370,112,60.97
DE000A41YEV7,881108707,D6H0,EUR,2022-09-06,60.1,60.3,58.6,59.4,4676,135,59.61
DE000A41YEV7,881108707,D6H0,EUR,2022-09-07,59.3,60.0,58.0,59.4,11386,197,59.01
DE000A41YEV7,881108707,D6H0,EUR,2022-09-08,60.0,60.0,58.2,59.8,6754,111,59.56
DE000A41YEV7,881108707,D6H0,EUR,2022-09-09,60.2,61.9,59.8,61.0,8749,238,61.135
DE000A41YEV7,881108707,D6H0,EUR,2022-09-12,61.5,62.0,60.9,62.0,4113,132,61.485
DE000A41YEV7,881108707,D6H0,EUR,2022-09-13,61.65,62.0,58.7,59.2,5883,156,60.7
DE000A41YEV7,881108707,D6H0,EUR,2022-09-14,59.7,60.0,58.9,59.1,3847,111,59.39
DE000A41YEV7,881108707,D6H0,EUR,2022-09-15,59.5,61.3,58.2,60.0,5925,288,59.875
DE000A41YEV7,881108707,D6H0,EUR,2022-09-16,59.5,59.7,57.6,58.1,5249,147,58.325
DE000A41YEV7,881108707,D6H0,EUR,2022-09-19,58.6,58.8,56.6,58.3,7961,205,57.575
DE000A41YEV7,881108707,D6H0,EUR,2022-09-20,58.8,58.8,55.9,56.7,5664,220,56.81
DE000A41YEV7,881108707,D6H0,EUR,2022-09-21,56.0,58.0,55.8,57.4,7028,187,56.43
DE000A41YEV7,881108707,D6H0,EUR,2022-09-22,58.0,58.0,55.1,55.2,2679,108,55.885
DE000A41YEV7,881108707,D6H0,EUR,2022-09-23,55.9,55.9,53.4,53.9,7147,230,54.575
DE000A41YEV7,881108707,D6H0,EUR,2022-09-26,53.6,55.3,51.3,53.4,9576,197,53.96
DE000A41YEV7,881108707,D6H0,EUR,2022-09-27,53.0,54.4,51.7,53.8,3802,139,53.55
DE000A41YEV7,881108707,D6H0,EUR,2022-09-28,52.8,53.4,51.5,52.7,7816,167,52.255
DE000A41YEV7,881108707,D6H0,EUR,2022-09-29,53.1,53.1,50.5,52.3,6520,208,52.06
DE000A41YEV7,881108707,D6H0,EUR,2022-09-30,50.8,54.7,50.8,53.7,4038,131,53.015
DE000A41YEV7,881108707,D6H0,EUR,2022-10-03,53.1,54.6,52.9,54.6,5086,125,53.51
DE000A41YEV7,881108707,D6H0,EUR,2022-10-04,54.4,57.3,54.4,56.8,4365,117,56.065
DE000A41YEV7,881108707,D6H0,EUR,2022-10-05,57.3,58.7,56.5,57.3,5940,118,57.265
DE000A41YEV7,881108707,D6H0,EUR,2022-10-06,59.1,59.1,57.1,58.3,4496,128,58.15
DE000A41YEV7,881108707,D6H0,EUR,2022-10-07,58.6,60.1,56.5,56.5,3221,139,58.4
DE000A41YEV7,881108707,D6H0,EUR,2022-10-10,56.8,58.0,55.8,56.8,2274,83,56.84
DE000A41YEV7,881108707,D6H0,EUR,2022-10-11,56.9,57.2,55.7,56.4,2874,70,56.32
DE000A41YEV7,881108707,D6H0,EUR,2022-10-12,55.7,56.75,54.7,55.2,2712,80,55.905
DE000A41YEV7,881108707,D6H0,EUR,2022-10-13,55.2,56.0,53.95,55.2,5149,183,55.125
DE000A41YEV7,881108707,D6H0,EUR,2022-10-14,54.4,56.3,53.2,53.4,5768,183,54.58
DE000A41YEV7,881108707,D6H0,EUR,2022-10-17,54.2,55.7,53.6,54.4,6876,259,54.635
DE000A41YEV7,881108707,D6H0,EUR,2022-10-18,55.5,56.0,54.5,55.4,7630,277,55.06
DE000A41YEV7,881108707,D6H0,EUR,2022-10-19,55.9,55.9,52.6,53.6,8446,225,53.52
DE000A41YEV7,881108707,D6H0,EUR,2022-10-20,53.5,54.9,53.5,54.1,3419,101,54.385
DE000A41YEV7,881108707,D6H0,EUR,2022-10-21,54.7,55.0,53.6,54.1,5473,185,54.08
DE000A41YEV7,881108707,D6H0,EUR,2022-10-24,54.1,55.4,53.5,54.9,7865,168,54.365
DE000A41YEV7,881108707,D6H0,EUR,2022-10-25,54.7,55.9,54.5,55.0,20763,267,54.905
DE000A41YEV7,881108707,D6H0,EUR,2022-10-26,55.4,58.9,54.9,58.1,7730,204,56.985
DE000A41YEV7,881108707,D6H0,EUR,2022-10-27,58.8,59.3,57.5,58.5,5120,133,58.02
DE000A41YEV7,881108707,D6H0,EUR,2022-10-28,57.7,58.4,56.7,57.2,2807,102,57.42
DE000A41YEV7,881108707,D6H0,EUR,2022-10-31,57.5,57.5,55.1,55.1,5055,163,56.015
DE000A41YEV7,881108707,D6H0,EUR,2022-11-01,56.3,56.7,55.5,55.5,6546,166,56.135
DE000A41YEV7,881108707,D6H0,EUR,2022-11-02,56.6,56.6,54.6,55.1,2471,96,55.265
DE000A41YEV7,881108707,D6H0,EUR,2022-11-03,54.5,55.9,53.8,54.0,1225,57,54.495
DE000A41YEV7,881108707,D6H0,EUR,2022-11-04,54.3,56.8,54.1,56.4,8190,180,55.54
DE000A41YEV7,881108707,D6H0,EUR,2022-11-07,56.1,58.2,55.8,58.2,3684,89,57.73
DE000A41YEV7,881108707,D6H0,EUR,2022-11-08,58.0,64.8,58.0,64.0,13653,382,61.84
DE000A41YEV7,881108707,D6H0,EUR,2022-11-09,63.6,63.6,59.2,59.7,7938,191,60.945
DE000A41YEV7,881108707,D6H0,EUR,2022-11-10,59.2,61.8,57.0,61.5,7399,234,59.255
DE000A41YEV7,881108707,D6H0,EUR,2022-11-11,61.0,61.8,60.2,60.7,5709,247,60.98
DE000A41YEV7,881108707,D6H0,EUR,2022-11-14,61.2,62.0,60.0,61.5,5955,163,61.02
DE000A41YEV7,881108707,D6H0,EUR,2022-11-15,62.0,62.8,60.7,62.0,2288,68,61.77
DE000A41YEV7,881108707,D6H0,EUR,2022-11-16,62.1,62.3,60.0,60.5,4626,137,60.91
DE000A41YEV7,881108707,D6H0,EUR,2022-11-17,61.3,61.9,60.0,61.3,2175,77,60.725
DE000A41YEV7,881108707,D6H0,EUR,2022-11-18,61.8,63.0,60.9,62.6,3855,92,62.1
DE000A41YEV7,881108707,D6H0,EUR,2022-11-21,62.3,63.3,61.4,62.7,2880,83,62.295
DE000A41YEV7,881108707,D6H0,EUR,2022-11-22,63.5,65.8,63.1,64.2,10426,217,64.41
DE000A41YEV7,881108707,D6H0,EUR,2022-11-23,64.7,66.3,63.7,65.5,7079,200,64.845
DE000A41YEV7,881108707,D6H0,EUR,2022-11-24,65.8,69.3,65.8,68.8,7100,235,67.635
DE000A41YEV7,881108707,D6H0,EUR,2022-11-25,68.4,69.8,67.5,68.2,4505,162,68.23
DE000A41YEV7,881108707,D6H0,EUR,2022-11-28,69.4,72.0,68.0,70.0,7371,190,69.845
DE000A41YEV7,881108707,D6H0,EUR,2022-11-29,70.7,70.8,68.7,69.6,5435,171,69.58
DE000A41YEV7,881108707,D6H0,EUR,2022-11-30,69.9,70.0,69.2,69.5,5653,130,69.585
DE000A41YEV7,881108707,D6H0,EUR,2022-12-01,69.4,71.2,69.4,70.1,5349,210,70.22
DE000A41YEV7,881108707,D6H0,EUR,2022-12-02,70.5,71.0,68.5,69.2,5272,155,69.66
DE000A41YEV7,881108707,D6H0,EUR,2022-12-05,69.6,69.8,68.0,69.3,4259,135,69.05
DE000A41YEV7,881108707,D6H0,EUR,2022-12-06,69.2,69.7,66.1,67.1,8268,170,68.065
DE000A41YEV7,881108707,D6H0,EUR,2022-12-07,66.1,66.9,65.8,66.1,3671,58,66.31
DE000A41YEV7,881108707,D6H0,EUR,2022-12-08,65.9,66.8,65.2,66.4,2417,66,65.87
DE000A41YEV7,881108707,D6H0,EUR,2022-12-09,66.1,67.4,66.1,67.1,1837,57,66.895
DE000A41YEV7,881108707,D6H0,EUR,2022-12-12,66.5,66.9,65.9,66.0,1418,63,66.24
DE000A41YEV7,881108707,D6H0,EUR,2022-12-13,65.4,68.3,65.4,66.4,7930,193,66.75
DE000A41YEV7,881108707,D6H0,EUR,2022-12-14,66.5,66.9,65.1,66.4,1677,40,66.34
DE000A41YEV7,881108707,D6H0,EUR,2022-12-15,65.6,66.1,63.4,63.7,7576,215,64.825
DE000A41YEV7,881108707,D6H0,EUR,2022-12-16,64.2,66.4,62.7,65.9,10029,213,64.305
DE000A41YEV7,881108707,D6H0,EUR,2022-12-19,65.8,66.6,65.0,65.1,1115,45,65.625
DE000A41YEV7,881108707,D6H0,EUR,2022-12-20,63.8,65.5,63.1,64.6,2760,118,64.525
DE000A41YEV7,881108707,D6H0,EUR,2022-12-21,64.3,66.6,64.3,66.1,1675,72,65.815
DE000A41YEV7,881108707,D6H0,EUR,2022-12-22,66.6,66.8,63.5,64.1,2199,91,65.855
DE000A41YEV7,881108707,D6H0,EUR,2022-12-23,63.6,65.5,63.5,64.8,1748,50,64.515
DE000A41YEV7,881108707,D6H0,EUR,2022-12-27,65.3,66.0,63.6,63.9,2040,84,64.705
DE000A41YEV7,881108707,D6H0,EUR,2022-12-28,63.9,64.5,63.4,64.2,2114,72,63.95
DE000A41YEV7,881108707,D6H0,EUR,2022-12-29,64.9,65.2,63.8,64.2,2007,68,64.585
DE000A41YEV7,881108707,D6H0,EUR,2022-12-30,64.9,64.9,63.0,63.0,487,28,64.135
DE000A41YEV7,881108707,D6H0,EUR,2023-01-02,63.2,64.9,63.0,63.7,2545,66,63.725
DE000A41YEV7,881108707,D6H0,EUR,2023-01-03,64.6,65.1,63.0,63.0,1213,56,63.855
DE000A41YEV7,881108707,D6H0,EUR,2023-01-04,63.3,64.9,63.1,63.5,1168,44,63.925
DE000A41YEV7,881108707,D6H0,EUR,2023-01-05,62.7,64.2,62.4,63.6,2802,83,63.32
DE000A41YEV7,881108707,D6H0,EUR,2023-01-06,63.4,64.6,63.3,64.0,746,22,63.85
DE000A41YEV7,881108707,D6H0,EUR,2023-01-09,64.6,65.3,63.6,64.2,1613,69,64.335
DE000A41YEV7,881108707,D6H0,EUR,2023-01-10,63.3,65.1,63.3,64.3,2777,73,64.295
DE000A41YEV7,881108707,D6H0,EUR,2023-01-11,64.0,65.0,64.0,64.3,1147,47,64.745
DE000A41YEV7,881108707,D6H0,EUR,2023-01-12,65.5,65.5,63.3,64.5,1920,77,64.34
DE000A41YEV7,881108707,D6H0,EUR,2023-01-13,65.0,66.5,64.5,65.2,3516,91,65.54
DE000A41YEV7,881108707,D6H0,EUR,2023-01-16,65.8,67.3,65.4,66.7,5334,114,66.56
DE000A41YEV7,881108707,D6H0,EUR,2023-01-17,66.2,68.0,66.0,66.9,5438,148,66.98
DE000A41YEV7,881108707,D6H0,EUR,2023-01-18,67.4,69.8,66.0,68.5,5016,134,67.975
DE000A41YEV7,881108707,D6H0,EUR,2023-01-19,69.2,73.0,68.2,69.1,18366,414,70.14
DE000A41YEV7,881108707,D6H0,EUR,2023-01-20,69.8,73.1,69.4,71.6,4008,137,70.69
DE000A41YEV7,881108707,D6H0,EUR,2023-01-23,71.4,75.9,71.4,73.7,11081,289,74.255
DE000A41YEV7,881108707,D6H0,EUR,2023-01-24,74.4,75.6,73.9,74.3,6700,173,74.89
DE000A41YEV7,881108707,D6H0,EUR,2023-01-25,74.9,75.0,71.5,71.7,7613,206,72.835
DE000A41YEV7,881108707,D6H0,EUR,2023-01-26,72.3,74.7,71.5,73.7,6079,171,72.665
DE000A41YEV7,881108707,D6H0,EUR,2023-01-27,74.2,74.6,71.7,72.9,3690,112,72.685
DE000A41YEV7,881108707,D6H0,EUR,2023-01-30,73.7,73.7,72.0,72.6,4079,114,72.96
DE000A41YEV7,881108707,D6H0,EUR,2023-01-31,72.9,73.1,70.4,71.5,3501,123,71.68
DE000A41YEV7,881108707,D6H0,EUR,2023-02-01,71.3,73.5,71.3,72.4,2918,70,72.37
DE000A41YEV7,881108707,D6H0,EUR,2023-02-02,72.6,74.7,71.4,72.2,7264,219,72.19
DE000A41YEV7,881108707,D6H0,EUR,2023-02-03,72.2,72.2,68.8,70.2,10952,335,70.025
DE000A41YEV7,881108707,D6H0,EUR,2023-02-06,69.5,71.8,69.5,70.9,3287,93,70.22
DE000A41YEV7,881108707,D6H0,EUR,2023-02-07,71.0,72.1,70.0,71.2,2010,65,71.145
DE000A41YEV7,881108707,D6H0,EUR,2023-02-08,72.3,74.5,71.0,73.2,3080,125,73.13
DE000A41YEV7,881108707,D6H0,EUR,2023-02-09,74.3,74.3,70.7,71.6,4743,186,71.985
DE000A41YEV7,881108707,D6H0,EUR,2023-02-10,71.4,74.0,71.0,73.7,4286,152,72.89
DE000A41YEV7,881108707,D6H0,EUR,2023-02-13,73.8,73.8,70.8,71.2,2823,108,71.46
DE000A41YEV7,881108707,D6H0,EUR,2023-02-14,71.4,72.5,70.8,71.4,3753,82,71.54
DE000A41YEV7,881108707,D6H0,EUR,2023-02-15,71.5,72.8,71.5,72.3,597,30,72.21
DE000A41YEV7,881108707,D6H0,EUR,2023-02-16,72.9,72.9,71.5,72.2,1701,47,72.085
DE000A41YEV7,881108707,D6H0,EUR,2023-02-17,72.4,72.4,71.0,71.4,1116,53,71.32
DE000A41YEV7,881108707,D6H0,EUR,2023-02-20,72.0,73.5,71.6,72.7,2561,84,72.65
DE000A41YEV7,881108707,D6H0,EUR,2023-02-21,73.5,73.8,69.2,70.4,9407,217,71.305
DE000A41YEV7,881108707,D6H0,EUR,2023-02-22,69.9,70.7,68.2,69.1,6830,196,69.305
DE000A41YEV7,881108707,D6H0,EUR,2023-02-23,69.8,70.1,67.9,68.0,5988,153,68.785
DE000A41YEV7,881108707,D6H0,EUR,2023-02-24,67.9,68.9,65.0,65.7,11297,251,66.485
DE000A41YEV7,881108707,D6H0,EUR,2023-02-27,66.8,67.2,65.5,66.2,5262,156,66.555
DE000A41YEV7,881108707,D6H0,EUR,2023-02-28,66.1,67.0,65.6,66.4,4418,116,66.35
DE000A41YEV7,881108707,D6H0,EUR,2023-03-01,66.9,70.6,66.7,68.5,6720,170,68.235
DE000A41YEV7,881108707,D6H0,EUR,2023-03-02,68.9,69.8,66.4,68.8,1243,54,68.63
DE000A41YEV7,881108707,D6H0,EUR,2023-03-03,69.5,70.3,68.55,69.4,3229,96,69.31
DE000A41YEV7,881108707,D6H0,EUR,2023-03-06,69.8,70.9,68.6,69.8,3267,126,69.73
DE000A41YEV7,881108707,D6H0,EUR,2023-03-07,69.6,70.7,68.0,68.2,9716,209,68.64
DE000A41YEV7,881108707,D6H0,EUR,2023-03-08,68.3,68.3,66.3,66.3,5845,156,67.315
DE000A41YEV7,881108707,D6H0,EUR,2023-03-09,68.1,68.3,65.4,65.9,5669,116,66.295
DE000A41YEV7,881108707,D6H0,EUR,2023-03-10,65.6,67.3,62.4,62.9,6954,235,63.865
DE000A41YEV7,881108707,D6H0,EUR,2023-03-13,65.5,65.5,62.3,64.1,9592,247,63.585
DE000A41YEV7,881108707,D6H0,EUR,2023-03-14,64.2,66.5,63.8,66.0,6385,135,65.435
DE000A41YEV7,881108707,D6H0,EUR,2023-03-15,66.8,66.8,65.0,65.4,5300,122,65.535
DE000A41YEV7,881108707,D6H0,EUR,2023-03-16,65.2,66.7,64.8,66.2,2847,104,65.565
DE000A41YEV7,881108707,D6H0,EUR,2023-03-17,66.4,67.3,63.5,64.0,4501,167,65.64
DE000A41YEV7,881108707,D6H0,EUR,2023-03-20,63.4,64.9,60.9,61.4,6113,124,62.525
DE000A41YEV7,881108707,D6H0,EUR,2023-03-21,61.9,65.0,61.9,63.1,4583,104,63.255
DE000A41YEV7,881108707,D6H0,EUR,2023-03-22,63.2,64.7,62.9,64.2,3457,80,63.87
DE000A41YEV7,881108707,D6H0,EUR,2023-03-23,64.0,64.9,63.5,64.8,1018,37,64.42
DE000A41YEV7,881108707,D6H0,EUR,2023-03-24,64.2,64.8,64.0,64.2,2553,76,64.21
DE000A41YEV7,881108707,D6H0,EUR,2023-03-27,64.1,65.0,63.6,64.3,3521,85,64.44
DE000A41YEV7,881108707,D6H0,EUR,2023-03-28,63.7,65.2,62.0,62.8,7098,120,63.045
DE000A41YEV7,881108707,D6H0,EUR,2023-03-29,63.5,63.9,62.7,63.4,1845,147,63.185
DE000A41YEV7,881108707,D6H0,EUR,2023-03-30,63.1,65.1,63.1,65.0,6180,111,64.18
DE000A41YEV7,881108707,D6H0,EUR,2023-03-31,64.9,66.5,64.4,65.8,10422,159,65.315
DE000A41YEV7,881108707,D6H0,EUR,2023-04-03,66.0,69.1,65.7,68.7,5620,186,67.585
DE000A41YEV7,881108707,D6H0,EUR,2023-04-04,69.0,69.3,66.8,68.2,4654,150,67.89
DE000A41YEV7,881108707,D6H0,EUR,2023-04-05,67.8,69.4,65.7,66.5,3865,69,67.48
DE000A41YEV7,881108707,D6H0,EUR,2023-04-06,68.6,69.8,66.8,67.5,3093,104,67.62
DE000A41YEV7,881108707,D6H0,EUR,2023-04-11,68.1,69.3,66.9,68.7,3485,89,68.15
DE000A41YEV7,881108707,D6H0,EUR,2023-04-12,68.7,69.7,67.6,68.6,5488,146,68.695
DE000A41YEV7,881108707,D6H0,EUR,2023-04-13,68.4,69.7,67.8,68.9,3230,108,68.745
DE000A41YEV7,881108707,D6H0,EUR,2023-04-14,68.2,69.7,66.8,67.3,1935,48,68.145
DE000A41YEV7,881108707,D6H0,EUR,2023-04-17,67.7,68.5,66.9,67.2,607,27,67.29
DE000A41YEV7,881108707,D6H0,EUR,2023-04-18,67.4,67.5,65.3,66.3,2149,82,66.31
DE000A41YEV7,881108707,D6H0,EUR,2023-04-19,65.6,68.0,65.5,67.5,3472,114,67.025
DE000A41YEV7,881108707,D6H0,EUR,2023-04-20,67.2,68.1,65.9,66.8,2965,72,67.095
DE000A41YEV7,881108707,D6H0,EUR,2023-04-21,67.4,67.4,65.1,65.3,1754,97,65.84
DE000A41YEV7,881108707,D6H0,EUR,2023-04-24,65.5,67.3,65.4,66.0,2222,85,66.145
DE000A41YEV7,881108707,D6H0,EUR,2023-04-25,66.4,67.8,64.0,64.8,5974,120,65.505
DE000A41YEV7,881108707,D6H0,EUR,2023-04-26,64.6,66.0,63.5,65.3,3833,110,64.485
DE000A41YEV7,881108707,D6H0,EUR,2023-04-27,64.4,66.6,64.4,65.7,2187,73,65.43
DE000A41YEV7,881108707,D6H0,EUR,2023-04-28,65.2,67.2,65.2,66.7,1881,83,66.57
DE000A41YEV7,881108707,D6H0,EUR,2023-05-02,67.2,67.8,64.0,64.4,4799,140,65.235
DE000A41YEV7,881108707,D6H0,EUR,2023-05-03,64.1,64.5,63.1,64.3,4426,96,63.955
DE000A41YEV7,881108707,D6H0,EUR,2023-05-04,64.2,64.7,63.0,63.6,1672,63,64.23
DE000A41YEV7,881108707,D6H0,EUR,2023-05-05,64.0,64.5,63.0,64.0,1036,49,63.635
DE000A41YEV7,881108707,D6H0,EUR,2023-05-08,63.9,64.2,63.1,64.0,815,24,63.745
DE000A41YEV7,881108707,D6H0,EUR,2023-05-09,63.9,63.9,62.1,62.5,1936,58,62.715
DE000A41YEV7,881108707,D6H0,EUR,2023-05-10,62.1,62.4,61.6,62.1,2708,75,62.045
DE000A41YEV7,881108707,D6H0,EUR,2023-05-11,61.7,62.2,60.2,60.7,5253,100,61.42
DE000A41YEV7,881108707,D6H0,EUR,2023-05-12,60.7,62.5,60.4,62.1,4352,103,61.2
DE000A41YEV7,881108707,D6H0,EUR,2023-05-15,62.0,62.4,61.1,61.3,2053,50,61.595
DE000A41YEV7,881108707,D6H0,EUR,2023-05-16,61.7,64.5,61.7,63.8,3336,124,62.935
DE000A41YEV7,881108707,D6H0,EUR,2023-05-17,63.9,63.9,61.8,62.8,4322,103,62.495
DE000A41YEV7,881108707,D6H0,EUR,2023-05-18,62.8,62.8,61.5,62.1,1019,29,62.08
DE000A41YEV7,881108707,D6H0,EUR,2023-05-19,62.6,63.0,60.3,60.8,4270,113,61.34
DE000A41YEV7,881108707,D6H0,EUR,2023-05-22,61.2,61.2,57.6,59.1,10342,210,59.525
DE000A41YEV7,881108707,D6H0,EUR,2023-05-23,62.0,63.2,56.3,56.4,22240,367,58.73
DE000A41YEV7,881108707,D6H0,EUR,2023-05-24,57.8,58.0,55.0,55.8,14913,241,56.15
DE000A41YEV7,881108707,D6H0,EUR,2023-05-25,56.6,56.8,54.6,55.0,10866,240,55.35
DE000A41YEV7,881108707,D6H0,EUR,2023-05-26,55.2,56.8,54.4,55.9,7353,157,55.305
DE000A41YEV7,881108707,D6H0,EUR,2023-05-29,56.8,57.0,55.1,56.0,5571,133,55.95
DE000A41YEV7,881108707,D6H0,EUR,2023-05-30,57.0,57.5,55.1,55.3,5783,155,56.21
DE000A41YEV7,881108707,D6H0,EUR,2023-05-31,55.9,56.5,55.0,55.6,8900,131,55.795
DE000A41YEV7,881108707,D6H0,EUR,2023-06-01,56.1,56.5,55.3,55.4,2442,75,55.785
DE000A41YEV7,881108707,D6H0,EUR,2023-06-02,55.6,58.4,55.0,57.8,7897,124,55.93
DE000A41YEV7,881108707,D6H0,EUR,2023-06-05,58.0,61.9,57.8,60.3,6425,190,59.995
DE000A41YEV7,881108707,D6H0,EUR,2023-06-06,60.7,61.4,58.4,59.5,11592,174,59.7
DE000A41YEV7,881108707,D6H0,EUR,2023-06-07,58.8,60.6,58.8,59.9,3819,88,59.82
DE000A41YEV7,881108707,D6H0,EUR,2023-06-08,59.8,60.8,59.1,59.5,3754,122,59.77
DE000A41YEV7,881108707,D6H0,EUR,2023-06-09,60.2,61.1,59.7,60.2,3258,46,60.245
DE000A41YEV7,881108707,D6H0,EUR,2023-06-12,61.1,61.8,60.1,60.1,2761,66,60.98
DE000A41YEV7,881108707,D6H0,EUR,2023-06-13,61.3,62.8,60.4,62.3,5620,125,62.035
DE000A41YEV7,881108707,D6H0,EUR,2023-06-14,62.7,62.7,61.5,61.7,1382,44,62.2
DE000A41YEV7,881108707,D6H0,EUR,2023-06-15,62.0,62.4,61.3,62.2,1492,61,61.805
DE000A41YEV7,881108707,D6H0,EUR,2023-06-16,62.7,62.7,61.2,61.9,2361,74,61.925
DE000A41YEV7,881108707,D6H0,EUR,2023-06-19,61.3,62.5,60.5,60.9,2369,78,61.09
DE000A41YEV7,881108707,D6H0,EUR,2023-06-20,61.7,61.7,59.9,60.2,2940,113,60.475
DE000A41YEV7,881108707,D6H0,EUR,2023-06-21,60.2,60.9,59.4,60.5,2115,46,60.0
DE000A41YEV7,881108707,D6H0,EUR,2023-06-22,60.0,60.0,58.5,58.8,3767,110,58.795
DE000A41YEV7,881108707,D6H0,EUR,2023-06-23,58.5,59.7,58.3,58.7,2441,72,58.88
DE000A41YEV7,881108707,D6H0,EUR,2023-06-26,59.4,60.7,58.4,59.6,2482,47,59.405
DE000A41YEV7,881108707,D6H0,EUR,2023-06-27,60.0,60.1,58.2,58.6,2289,54,58.845
DE000A41YEV7,881108707,D6H0,EUR,2023-06-28,58.7,58.8,57.5,57.9,3236,62,58.135
DE000A41YEV7,881108707,D6H0,EUR,2023-06-29,57.8,59.5,57.7,59.0,1005,33,58.725
DE000A41YEV7,881108707,D6H0,EUR,2023-06-30,59.4,59.4,56.1,58.4,3225,65,57.845
DE000A41YEV7,881108707,D6H0,EUR,2023-07-03,57.5,59.0,55.7,57.2,7967,215,57.15
DE000A41YEV7,881108707,D6H0,EUR,2023-07-04,57.3,59.0,57.3,58.8,4360,57,58.615
DE000A41YEV7,881108707,D6H0,EUR,2023-07-05,59.2,59.2,56.6,57.0,3094,98,57.645
DE000A41YEV7,881108707,D6H0,EUR,2023-07-06,58.5,58.5,56.8,57.7,2414,65,57.42
DE000A41YEV7,881108707,D6H0,EUR,2023-07-07,58.2,58.7,56.4,56.9,1785,44,57.015
DE000A41YEV7,881108707,D6H0,EUR,2023-07-10,57.3,57.3,55.5,56.1,2219,76,56.13
DE000A41YEV7,881108707,D6H0,EUR,2023-07-11,55.8,57.0,55.6,56.3,3464,92,56.065
DE000A41YEV7,881108707,D6H0,EUR,2023-07-12,56.6,57.1,55.8,56.7,1991,79,56.575
DE000A41YEV7,881108707,D6H0,EUR,2023-07-13,56.6,57.2,56.3,56.8,780,47,56.765
DE000A41YEV7,881108707,D6H0,EUR,2023-07-14,56.5,57.5,52.7,55.8,23213,389,55.39
DE000A41YEV7,881108707,D6H0,EUR,2023-07-17,55.4,57.8,55.1,57.4,8205,154,56.45
DE000A41YEV7,881108707,D6H0,EUR,2023-07-18,57.6,57.6,55.8,56.7,6255,83,56.155
DE000A41YEV7,881108707,D6H0,EUR,2023-07-19,55.6,57.7,55.6,57.7,7818,81,56.51
DE000A41YEV7,881108707,D6H0,EUR,2023-07-20,57.6,58.8,57.0,58.5,2388,58,57.61
DE000A41YEV7,881108707,D6H0,EUR,2023-07-21,57.5,58.3,55.9,56.1,7141,69,57.385
DE000A41YEV7,881108707,D6H0,EUR,2023-07-24,56.1,56.2,55.0,55.6,4270,114,55.675
DE000A41YEV7,881108707,D6H0,EUR,2023-07-25,55.9,56.1,55.2,55.7,1584,62,55.635
DE000A41YEV7,881108707,D6H0,EUR,2023-07-26,55.6,56.4,55.6,56.1,1313,31,55.855
DE000A41YEV7,881108707,D6H0,EUR,2023-07-27,55.7,60.2,55.7,58.2,25887,480,58.295
DE000A41YEV7,881108707,D6H0,EUR,2023-07-28,58.5,60.0,57.6,59.0,6781,163,58.59
DE000A41YEV7,881108707,D6H0,EUR,2023-07-31,59.3,59.5,57.8,58.1,7819,140,58.85
DE000A41YEV7,881108707,D6H0,EUR,2023-08-01,58.3,59.0,57.7,57.8,1924,71,58.15
DE000A41YEV7,881108707,D6H0,EUR,2023-08-02,58.0,58.3,56.8,56.8,4127,74,57.665
DE000A41YEV7,881108707,D6H0,EUR,2023-08-03,57.1,58.2,54.7,55.7,13645,225,55.73
DE000A41YEV7,881108707,D6H0,EUR,2023-08-04,55.2,56.5,55.2,55.7,5061,99,55.885
DE000A41YEV7,881108707,D6H0,EUR,2023-08-07,55.3,56.2,55.0,55.8,2308,68,55.575
DE000A41YEV7,881108707,D6H0,EUR,2023-08-08,55.2,56.2,55.0,55.8,1066,31,55.415
DE000A41YEV7,881108707,D6H0,EUR,2023-08-09,55.6,56.7,55.1,56.1,4883,66,55.83
DE000A41YEV7,881108707,D6H0,EUR,2023-08-10,55.5,55.9,54.6,55.5,6177,141,55.195
DE000A41YEV7,881108707,D6H0,EUR,2023-08-11,55.0,56.8,55.0,55.5,7946,87,55.905
DE000A41YEV7,881108707,D6H0,EUR,2023-08-14,55.8,56.5,54.9,55.9,3372,62,55.545
DE000A41YEV7,881108707,D6H0,EUR,2023-08-15,56.1,56.9,55.3,56.4,5938,68,56.075
DE000A41YEV7,881108707,D6H0,EUR,2023-08-16,56.8,56.8,55.3,55.9,5821,145,56.185
DE000A41YEV7,881108707,D6H0,EUR,2023-08-17,56.9,56.9,54.6,56.3,7174,134,55.32
DE000A41YEV7,881108707,D6H0,EUR,2023-08-18,55.8,57.2,54.9,57.0,3963,107,55.92
DE000A41YEV7,881108707,D6H0,EUR,2023-08-21,56.7,57.0,54.5,55.0,3465,88,56.39
DE000A41YEV7,881108707,D6H0,EUR,2023-08-22,56.0,56.0,54.4,54.6,6501,121,54.785
DE000A41YEV7,881108707,D6H0,EUR,2023-08-23,54.8,55.0,54.1,54.6,3519,70,54.655
DE000A41YEV7,881108707,D6H0,EUR,2023-08-24,53.3,54.9,53.2,53.7,6917,98,54.125
DE000A41YEV7,881108707,D6H0,EUR,2023-08-25,53.7,54.1,53.1,53.1,2755,80,53.405
DE000A41YEV7,881108707,D6H0,EUR,2023-08-28,52.9,55.1,52.9,53.6,3480,73,54.1
DE000A41YEV7,881108707,D6H0,EUR,2023-08-29,53.4,54.4,51.5,52.0,7812,132,52.83
DE000A41YEV7,881108707,D6H0,EUR,2023-08-30,51.9,53.9,51.9,52.9,5842,123,52.7
DE000A41YEV7,881108707,D6H0,EUR,2023-08-31,52.6,54.9,52.6,54.0,3060,69,53.59
DE000A41YEV7,881108707,D6H0,EUR,2023-09-01,54.0,54.9,53.0,54.4,3540,92,53.955
DE000A41YEV7,881108707,D6H0,EUR,2023-09-04,54.9,55.4,52.6,53.0,3625,140,53.91
DE000A41YEV7,881108707,D6H0,EUR,2023-09-05,53.4,53.9,52.7,53.0,1418,54,53.4
DE000A41YEV7,881108707,D6H0,EUR,2023-09-06,53.0,53.7,53.0,53.3,655,23,53.37
DE000A41YEV7,881108707,D6H0,EUR,2023-09-07,53.6,53.9,52.0,52.0,2568,67,52.58
DE000A41YEV7,881108707,D6H0,EUR,2023-09-08,52.5,52.5,51.9,51.9,1006,35,52.16
DE000A41YEV7,881108707,D6H0,EUR,2023-09-11,52.3,52.5,51.9,51.9,4099,89,52.0
DE000A41YEV7,881108707,D6H0,EUR,2023-09-12,51.6,52.0,50.6,51.0,5194,96,51.515
DE000A41YEV7,881108707,D6H0,EUR,2023-09-13,50.4,50.7,48.9,49.8,9670,150,50.09
DE000A41YEV7,881108707,D6H0,EUR,2023-09-14,50.1,50.2,48.9,49.5,8846,151,49.48
DE000A41YEV7,881108707,D6H0,EUR,2023-09-15,49.2,50.2,48.0,48.0,14011,220,48.875
DE000A41YEV7,881108707,D6H0,EUR,2023-09-18,48.75,48.8,45.6,46.0,17088,351,46.495
DE000A41YEV7,881108707,D6H0,EUR,2023-09-19,46.25,47.5,45.1,45.5,19262,378,46.175
DE000A41YEV7,881108707,D6H0,EUR,2023-09-20,45.65,46.3,45.2,45.25,7222,202,45.53
DE000A41YEV7,881108707,D6H0,EUR,2023-09-21,45.6,45.6,43.7,44.5,9175,211,44.655
DE000A41YEV7,881108707,D6H0,EUR,2023-09-22,44.5,45.8,44.1,45.5,4840,113,44.86
DE000A41YEV7,881108707,D6H0,EUR,2023-09-25,45.9,46.2,44.2,45.65,5723,139,45.25
DE000A41YEV7,881108707,D6H0,EUR,2023-09-26,45.25,46.0,44.4,44.8,6268,136,45.28
DE000A41YEV7,881108707,D6H0,EUR,2023-09-27,45.25,45.6,44.9,45.0,4470,79,45.075
DE000A41YEV7,881108707,D6H0,EUR,2023-09-28,46.05,46.1,44.5,44.8,5870,112,44.95
DE000A41YEV7,881108707,D6H0,EUR,2023-09-29,45.35,46.1,44.5,45.3,11227,157,45.325
DE000A41YEV7,881108707,D6H0,EUR,2023-10-02,45.8,47.1,45.3,46.7,17650,275,46.355
DE000A41YEV7,881108707,D6H0,EUR,2023-10-03,46.1,47.1,44.5,44.85,13407,226,45.415
DE000A41YEV7,881108707,D6H0,EUR,2023-10-04,45.35,45.8,44.8,44.9,9090,132,45.02
DE000A41YEV7,881108707,D6H0,EUR,2023-10-05,45.55,47.6,45.2,46.85,8523,199,46.595
DE000A41YEV7,881108707,D6H0,EUR,2023-10-06,47.1,47.7,46.0,46.85,11706,211,46.76
DE000A41YEV7,881108707,D6H0,EUR,2023-10-09,47.25,50.4,46.8,49.65,12047,235,48.785
DE000A41YEV7,881108707,D6H0,EUR,2023-10-10,50.2,50.9,49.1,50.3,8720,164,50.12
DE000A41YEV7,881108707,D6H0,EUR,2023-10-11,50.7,52.4,50.1,51.4,11247,197,51.29
DE000A41YEV7,881108707,D6H0,EUR,2023-10-12,52.0,55.0,50.0,52.5,19774,295,52.395
DE000A41YEV7,881108707,D6H0,EUR,2023-10-13,52.2,53.4,49.8,50.3,8409,144,51.21
DE000A41YEV7,881108707,D6H0,EUR,2023-10-16,50.1,53.3,50.1,52.3,5263,174,52.025
DE000A41YEV7,881108707,D6H0,EUR,2023-10-17,53.0,53.5,49.5,50.7,8770,220,51.05
DE000A41YEV7,881108707,D6H0,EUR,2023-10-18,50.9,51.4,48.0,50.7,6482,140,50.23
DE000A41YEV7,881108707,D6H0,EUR,2023-10-19,50.2,51.8,50.2,50.8,5510,130,50.96
DE000A41YEV7,881108707,D6H0,EUR,2023-10-20,50.5,52.0,50.2,51.5,3016,79,51.055
DE000A41YEV7,881108707,D6H0,EUR,2023-10-23,51.9,51.9,50.0,50.9,5709,115,50.615
DE000A41YEV7,881108707,D6H0,EUR,2023-10-24,50.7,51.0,49.3,49.85,4962,117,49.97
DE000A41YEV7,881108707,D6H0,EUR,2023-10-25,49.95,50.0,48.7,49.2,4015,133,49.13
DE000A41YEV7,881108707,D6H0,EUR,2023-10-26,48.5,50.3,48.5,49.45,4226,104,49.585
DE000A41YEV7,881108707,D6H0,EUR,2023-10-27,49.05,50.5,49.0,50.1,1243,34,49.975
DE000A41YEV7,881108707,D6H0,EUR,2023-10-30,49.65,52.8,49.6,50.9,6535,148,51.39
DE000A41YEV7,881108707,D6H0,EUR,2023-10-31,51.1,52.3,50.7,52.0,5817,153,51.625
DE000A41YEV7,881108707,D6H0,EUR,2023-11-01,51.7,52.8,50.8,51.3,2774,64,51.685
DE000A41YEV7,881108707,D6H0,EUR,2023-11-02,51.0,52.4,50.5,51.2,1730,60,51.605
DE000A41YEV7,881108707,D6H0,EUR,2023-11-03,51.0,54.2,51.0,53.8,2539,78,52.99
DE000A41YEV7,881108707,D6H0,EUR,2023-11-06,54.1,54.3,53.0,54.0,4175,91,53.52
DE000A41YEV7,881108707,D6H0,EUR,2023-11-07,53.9,54.2,53.3,53.8,2787,62,53.76
DE000A41YEV7,881108707,D6H0,EUR,2023-11-08,54.0,55.1,53.5,54.5,6234,112,54.35
DE000A41YEV7,881108707,D6H0,EUR,2023-11-09,53.9,54.8,53.9,54.1,2642,55,54.235
DE000A41YEV7,881108707,D6H0,EUR,2023-11-10,53.5,54.8,53.4,54.2,2434,81,53.995
DE000A41YEV7,881108707,D6H0,EUR,2023-11-13,54.9,54.9,53.9,54.6,2163,66,54.48
DE000A41YEV7,881108707,D6H0,EUR,2023-11-14,54.8,55.0,54.0,54.6,4084,61,54.26
DE000A41YEV7,881108707,D6H0,EUR,2023-11-15,54.7,56.0,54.4,54.9,9346,194,55.085
DE000A41YEV7,881108707,D6H0,EUR,2023-11-16,55.0,55.4,54.4,54.9,1397,32,54.885
DE000A41YEV7,881108707,D6H0,EUR,2023-11-17,55.4,55.6,53.3,53.8,4515,67,54.25
DE000A41YEV7,881108707,D6H0,EUR,2023-11-20,54.2,54.2,53.0,53.3,2683,66,53.52
DE000A41YEV7,881108707,D6H0,EUR,2023-11-21,55.5,55.5,52.8,53.4,7042,139,53.47
DE000A41YEV7,881108707,D6H0,EUR,2023-11-22,53.7,55.8,53.4,55.5,8784,179,54.83
DE000A41YEV7,881108707,D6H0,EUR,2023-11-23,55.4,55.4,53.8,54.5,1835,64,54.505
DE000A41YEV7,881108707,D6H0,EUR,2023-11-24,54.2,55.1,53.0,53.8,3045,79,54.32
DE000A41YEV7,881108707,D6H0,EUR,2023-11-27,53.0,53.8,52.7,53.5,3883,85,53.315
DE000A41YEV7,881108707,D6H0,EUR,2023-11-28,53.4,53.4,51.7,53.3,2864,74,52.61
DE000A41YEV7,881108707,D6H0,EUR,2023-11-29,52.8,54.5,52.8,54.4,1096,33,54.06
DE000A41YEV7,881108707,D6H0,EUR,2023-11-30,54.4,54.9,52.7,53.1,8528,109,53.205
DE000A41YEV7,881108707,D6H0,EUR,2023-12-01,53.8,53.8,52.3,52.8,3149,63,52.885
DE000A41YEV7,881108707,D6H0,EUR,2023-12-04,53.7,54.5,52.3,52.7,10947,162,53.475
DE000A41YEV7,881108707,D6H0,EUR,2023-12-05,52.6,53.2,51.9,52.6,2688,93,52.555
DE000A41YEV7,881108707,D6H0,EUR,2023-12-06,53.0,53.0,51.4,52.2,5051,138,52.02
DE000A41YEV7,881108707,D6H0,EUR,2023-12-07,51.7,54.4,51.4,53.9,7988,141,52.645
DE000A41YEV7,881108707,D6H0,EUR,2023-12-08,53.5,54.0,52.5,53.3,11448,179,53.14
DE000A41YEV7,881108707,D6H0,EUR,2023-12-11,53.7,53.7,52.2,52.9,7600,142,52.75
DE000A41YEV7,881108707,D6H0,EUR,2023-12-12,52.5,53.2,51.4,52.0,7603,120,52.015
DE000A41YEV7,881108707,D6H0,EUR,2023-12-13,51.6,52.7,50.7,51.4,6418,116,51.42
DE000A41YEV7,881108707,D6H0,EUR,2023-12-14,50.9,52.4,50.5,51.7,4427,123,51.71
DE000A41YEV7,881108707,D6H0,EUR,2023-12-15,52.4,55.7,51.8,54.9,10921,205,53.83
DE000A41YEV7,881108707,D6H0,EUR,2023-12-18,52.8,55.0,52.8,54.7,7632,159,54.05
DE000A41YEV7,881108707,D6H0,EUR,2023-12-19,54.8,56.9,54.6,56.1,9118,196,55.52
DE000A41YEV7,881108707,D6H0,EUR,2023-12-20,55.9,56.8,54.4,55.0,5479,136,55.52
DE000A41YEV7,881108707,D6H0,EUR,2023-12-21,54.9,55.4,53.5,53.5,5292,127,54.215
DE000A41YEV7,881108707,D6H0,EUR,2023-12-22,53.0,54.9,53.0,54.5,5541,91,54.095
DE000A41YEV7,881108707,D6H0,EUR,2023-12-27,54.0,56.9,54.0,56.2,6468,125,56.145
DE000A41YEV7,881108707,D6H0,EUR,2023-12-28,56.7,56.9,55.7,56.5,3235,75,56.33
DE000A41YEV7,881108707,D6H0,EUR,2023-12-29,56.5,57.4,56.3,57.4,2929,64,57.055
