ISIN,conId,Symbol,Currency,date,open,high,low,close,volume,barCount,average
DE0007314007,4097038,HDD,EUR,2019-01-02,1.63,1.669,1.565,1.621,1303715,687,1.62575
DE0007314007,4097038,HDD,EUR,2019-01-03,1.619,1.65,1.547,1.551,1915646,705,1.58815
DE0007314007,4097038,HDD,EUR,2019-01-04,1.57,1.63,1.551,1.611,2326977,1124,1.5958
DE0007314007,4097038,HDD,EUR,2019-01-07,1.648,1.673,1.62,1.662,1300114,474,1.6495
DE0007314007,4097038,HDD,EUR,2019-01-08,1.669,1.74,1.652,1.703,1885326,820,1.69515
DE0007314007,4097038,HDD,EUR,2019-01-09,1.733,1.75,1.693,1.702,832420,433,1.72285
DE0007314007,4097038,HDD,EUR,2019-01-10,1.702,1.732,1.682,1.703,599968,310,1.70365
DE0007314007,4097038,HDD,EUR,2019-01-11,1.698,1.721,1.65,1.709,854918,466,1.69325
DE0007314007,4097038,HDD,EUR,2019-01-14,1.716,1.726,1.67,1.7,1015330,756,1.694
DE0007314007,4097038,HDD,EUR,2019-01-15,1.702,1.761,1.681,1.751,968205,560,1.74235
DE0007314007,4097038,HDD,EUR,2019-01-16,1.752,1.785,1.714,1.773,1156086,418,1.7523
DE0007314007,4097038,HDD,EUR,2019-01-17,1.786,1.814,1.75,1.801,1082453,680,1.79245
DE0007314007,4097038,HDD,EUR,2019-01-18,1.819,1.875,1.819,1.852,1374699,797,1.8473
DE0007314007,4097038,HDD,EUR,2019-01-21,1.849,1.883,1.802,1.822,1185495,678,1.84235
DE0007314007,4097038,HDD,EUR,2019-01-22,1.826,1.826,1.711,1.726,2117622,957,1.75185
DE0007314007,4097038,HDD,EUR,2019-01-23,1.745,2.132,1.695,1.975,11511406,4529,2.0119
DE0007314007,4097038,HDD,EUR,2019-01-24,2.024,2.054,1.948,1.983,3296070,1600,1.9985
DE0007314007,4097038,HDD,EUR,2019-01-25,1.984,2.028,1.901,1.95,2047318,1266,1.9562
DE0007314007,4097038,HDD,EUR,2019-01-28,1.946,1.975,1.89,1.894,1363463,713,1.92585
DE0007314007,4097038,HDD,EUR,2019-01-29,1.914,1.915,1.851,1.866,1556401,828,1.8749
DE0007314007,4097038,HDD,EUR,2019-01-30,1.869,1.878,1.82,1.827,1222644,661,1.84225
DE0007314007,4097038,HDD,EUR,2019-01-31,1.85,1.859,1.759,1.764,2168193,1297,1.7915
DE0007314007,4097038,HDD,EUR,2019-02-01,1.779,1.783,1.72,1.73,1528675,862,1.7517
DE0007314007,4097038,HDD,EUR,2019-02-04,1.76,1.795,1.74,1.767,1125724,785,1.76685
DE0007314007,4097038,HDD,EUR,2019-02-05,1.782,1.827,1.742,1.794,1550864,881,1.77465
DE0007314007,4097038,HDD,EUR,2019-02-06,1.824,1.859,1.786,1.794,1485461,907,1.8152
DE0007314007,4097038,HDD,EUR,2019-02-07,1.837,1.848,1.635,1.637,4991147,2876,1.69355
DE0007314007,4097038,HDD,EUR,2019-02-08,1.678,1.68,1.551,1.566,4105778,2135,1.6047
DE0007314007,4097038,HDD,EUR,2019-02-11,1.595,1.64,1.55,1.604,2579769,1486,1.5931
DE0007314007,4097038,HDD,EUR,2019-02-12,1.614,1.659,1.611,1.641,2159769,984,1.63975
DE0007314007,4097038,HDD,EUR,2019-02-13,1.665,1.67,1.582,1.604,1515223,782,1.60995
DE0007314007,4097038,HDD,EUR,2019-02-14,1.604,1.628,1.561,1.584,1472395,879,1.5764
DE0007314007,4097038,HDD,EUR,2019-02-15,1.593,1.63,1.563,1.625,1161700,557,1.6072
DE0007314007,4097038,HDD,EUR,2019-02-18,1.629,1.665,1.612,1.649,1561361,1001,1.6386
DE0007314007,4097038,HDD,EUR,2019-02-19,1.639,1.68,1.638,1.66,1025955,723,1.65305
DE0007314007,4097038,HDD,EUR,2019-02-20,1.651,1.681,1.639,1.667,1263981,743,1.66395
DE0007314007,4097038,HDD,EUR,2019-02-21,1.66,1.687,1.645,1.658,875649,490,1.66045
DE0007314007,4097038,HDD,EUR,2019-02-22,1.672,1.684,1.641,1.654,848660,381,1.66285
DE0007314007,4097038,HDD,EUR,2019-02-25,1.668,1.69,1.65,1.68,810487,545,1.6778
DE0007314007,4097038,HDD,EUR,2019-02-26,1.68,1.681,1.622,1.625,1263496,600,1.6402
DE0007314007,4097038,HDD,EUR,2019-02-27,1.639,1.64,1.55,1.609,2930233,1102,1.6027
DE0007314007,4097038,HDD,EUR,2019-02-28,1.615,1.616,1.562,1.573,2028388,952,1.57735
DE0007314007,4097038,HDD,EUR,2019-03-01,1.578,1.63,1.565,1.628,1661156,957,1.607
DE0007314007,4097038,HDD,EUR,2019-03-04,1.642,1.666,1.619,1.632,1293131,810,1.63875
DE0007314007,4097038,HDD,EUR,2019-03-05,1.639,1.644,1.572,1.595,1565733,1239,1.59515
DE0007314007,4097038,HDD,EUR,2019-03-06,1.594,1.619,1.576,1.599,1468513,963,1.5993
DE0007314007,4097038,HDD,EUR,2019-03-07,1.605,1.605,1.51,1.537,3237649,1942,1.5467
DE0007314007,4097038,HDD,EUR,2019-03-08,1.533,1.551,1.509,1.521,1459892,817,1.5209
DE0007314007,4097038,HDD,EUR,2019-03-11,1.552,1.577,1.5,1.577,1229974,730,1.55175
DE0007314007,4097038,HDD,EUR,2019-03-12,1.58,1.63,1.554,1.571,1153039,788,1.57965
DE0007314007,4097038,HDD,EUR,2019-03-13,1.559,1.605,1.544,1.593,1028201,669,1.58245
DE0007314007,4097038,HDD,EUR,2019-03-14,1.599,1.625,1.574,1.576,888802,617,1.59805
DE0007314007,4097038,HDD,EUR,2019-03-15,1.591,1.597,1.524,1.57,2365710,1134,1.55565
DE0007314007,4097038,HDD,EUR,2019-03-18,1.58,1.601,1.552,1.586,1842973,970,1.5837
DE0007314007,4097038,HDD,EUR,2019-03-19,1.589,1.6,1.564,1.581,1477791,1415,1.58855
DE0007314007,4097038,HDD,EUR,2019-03-20,1.561,1.603,1.561,1.597,1229651,762,1.58375
DE0007314007,4097038,HDD,EUR,2019-03-21,1.584,1.597,1.561,1.572,1592132,778,1.5739
DE0007314007,4097038,HDD,EUR,2019-03-22,1.566,1.589,1.519,1.527,1553036,849,1.54115
DE0007314007,4097038,HDD,EUR,2019-03-25,1.527,1.568,1.492,1.537,2467871,1551,1.51875
DE0007314007,4097038,HDD,EUR,2019-03-26,1.545,1.548,1.476,1.527,2085427,999,1.51225
DE0007314007,4097038,HDD,EUR,2019-03-27,1.531,1.547,1.486,1.501,1214801,783,1.51435
DE0007314007,4097038,HDD,EUR,2019-03-28,1.527,1.55,1.492,1.527,1271482,649,1.52285
DE0007314007,4097038,HDD,EUR,2019-03-29,1.528,1.574,1.52,1.552,1344193,705,1.549
DE0007314007,4097038,HDD,EUR,2019-04-01,1.561,1.61,1.526,1.57,2249900,939,1.5645
DE0007314007,4097038,HDD,EUR,2019-04-02,1.56,1.626,1.559,1.612,2763542,1091,1.60765
DE0007314007,4097038,HDD,EUR,2019-04-03,1.615,1.66,1.615,1.659,3066437,1413,1.64795
DE0007314007,4097038,HDD,EUR,2019-04-04,1.656,1.716,1.648,1.683,3065128,1155,1.6859
DE0007314007,4097038,HDD,EUR,2019-04-05,1.692,1.698,1.673,1.685,665801,383,1.68685
DE0007314007,4097038,HDD,EUR,2019-04-08,1.673,1.696,1.641,1.651,815551,489,1.6658
DE0007314007,4097038,HDD,EUR,2019-04-09,1.661,1.677,1.636,1.643,988125,729,1.6516
DE0007314007,4097038,HDD,EUR,2019-04-10,1.65,1.669,1.636,1.643,499007,326,1.64825
DE0007314007,4097038,HDD,EUR,2019-04-11,1.669,1.688,1.636,1.675,910655,499,1.66285
DE0007314007,4097038,HDD,EUR,2019-04-12,1.675,1.719,1.653,1.706,1389110,737,1.70275
DE0007314007,4097038,HDD,EUR,2019-04-15,1.708,1.77,1.689,1.743,1953227,1038,1.7364
DE0007314007,4097038,HDD,EUR,2019-04-16,1.732,1.788,1.719,1.74,1887250,920,1.74705
DE0007314007,4097038,HDD,EUR,2019-04-17,1.739,1.742,1.688,1.712,1875165,940,1.70875
DE0007314007,4097038,HDD,EUR,2019-04-18,1.707,1.77,1.694,1.742,2044568,1126,1.744
DE0007314007,4097038,HDD,EUR,2019-04-23,1.76,1.77,1.725,1.736,777901,486,1.7409
DE0007314007,4097038,HDD,EUR,2019-04-24,1.76,1.76,1.692,1.698,997325,524,1.72065
DE0007314007,4097038,HDD,EUR,2019-04-25,1.712,1.716,1.662,1.676,815432,533,1.6891
DE0007314007,4097038,HDD,EUR,2019-04-26,1.689,1.694,1.642,1.661,1263149,609,1.65835
DE0007314007,4097038,HDD,EUR,2019-04-29,1.669,1.683,1.65,1.673,550367,387,1.6653
DE0007314007,4097038,HDD,EUR,2019-04-30,1.661,1.696,1.66,1.665,600842,382,1.67395
DE0007314007,4097038,HDD,EUR,2019-05-02,1.66,1.691,1.641,1.67,1346240,746,1.66515
DE0007314007,4097038,HDD,EUR,2019-05-03,1.679,1.728,1.663,1.709,885491,428,1.6927
DE0007314007,4097038,HDD,EUR,2019-05-06,1.699,1.699,1.637,1.67,1003735,441,1.6563
DE0007314007,4097038,HDD,EUR,2019-05-07,1.688,1.688,1.543,1.622,1795510,870,1.6326
DE0007314007,4097038,HDD,EUR,2019-05-08,1.598,1.629,1.495,1.523,4853096,2190,1.53805
DE0007314007,4097038,HDD,EUR,2019-05-09,1.538,1.538,1.42,1.444,5084681,2281,1.4576
DE0007314007,4097038,HDD,EUR,2019-05-10,1.459,1.467,1.404,1.445,3448990,1550,1.4285
DE0007314007,4097038,HDD,EUR,2019-05-13,1.45,1.45,1.345,1.361,4457545,1824,1.3768
DE0007314007,4097038,HDD,EUR,2019-05-14,1.399,1.405,1.36,1.387,2005943,892,1.3788
DE0007314007,4097038,HDD,EUR,2019-05-15,1.401,1.413,1.288,1.336,4170843,1795,1.32545
DE0007314007,4097038,HDD,EUR,2019-05-16,1.338,1.374,1.31,1.365,2036051,864,1.3471
DE0007314007,4097038,HDD,EUR,2019-05-17,1.368,1.369,1.31,1.324,1853913,937,1.3301
DE0007314007,4097038,HDD,EUR,2019-05-20,1.337,1.347,1.29,1.296,1304658,630,1.3102
DE0007314007,4097038,HDD,EUR,2019-05-21,1.309,1.368,1.301,1.355,1121238,559,1.33635
DE0007314007,4097038,HDD,EUR,2019-05-22,1.342,1.374,1.335,1.352,900795,521,1.355
DE0007314007,4097038,HDD,EUR,2019-05-23,1.349,1.349,1.311,1.321,947052,673,1.3264
DE0007314007,4097038,HDD,EUR,2019-05-24,1.311,1.364,1.311,1.332,939603,620,1.3417
DE0007314007,4097038,HDD,EUR,2019-05-27,1.346,1.367,1.326,1.355,501902,342,1.3461
DE0007314007,4097038,HDD,EUR,2019-05-28,1.35,1.382,1.334,1.382,1010910,470,1.3699
DE0007314007,4097038,HDD,EUR,2019-05-29,1.368,1.377,1.327,1.349,1560857,683,1.35385
DE0007314007,4097038,HDD,EUR,2019-05-30,1.336,1.376,1.317,1.322,666515,528,1.3311
DE0007314007,4097038,HDD,EUR,2019-05-31,1.311,1.33,1.278,1.316,1894159,943,1.3001
DE0007314007,4097038,HDD,EUR,2019-06-03,1.313,1.329,1.252,1.258,1828450,960,1.2701
DE0007314007,4097038,HDD,EUR,2019-06-04,1.271,1.373,1.256,1.355,1450879,842,1.31545
DE0007314007,4097038,HDD,EUR,2019-06-05,1.359,1.368,1.313,1.331,1044425,604,1.34805
DE0007314007,4097038,HDD,EUR,2019-06-06,1.369,1.369,1.285,1.337,1607774,711,1.32395
DE0007314007,4097038,HDD,EUR,2019-06-07,1.339,1.406,1.328,1.376,1836408,727,1.37785
DE0007314007,4097038,HDD,EUR,2019-06-11,1.394,1.504,1.39,1.449,2631758,1298,1.44265
DE0007314007,4097038,HDD,EUR,2019-06-12,1.456,1.459,1.363,1.393,1129238,813,1.39345
DE0007314007,4097038,HDD,EUR,2019-06-13,1.389,1.389,1.339,1.38,1425370,749,1.3704
DE0007314007,4097038,HDD,EUR,2019-06-14,1.367,1.394,1.354,1.382,927066,448,1.37395
DE0007314007,4097038,HDD,EUR,2019-06-17,1.373,1.402,1.335,1.346,949013,539,1.35455
DE0007314007,4097038,HDD,EUR,2019-06-18,1.334,1.392,1.321,1.378,1017536,634,1.3578
DE0007314007,4097038,HDD,EUR,2019-06-19,1.372,1.399,1.361,1.394,1154489,646,1.3838
DE0007314007,4097038,HDD,EUR,2019-06-20,1.397,1.437,1.397,1.414,678202,393,1.41895
DE0007314007,4097038,HDD,EUR,2019-06-21,1.428,1.43,1.377,1.411,1575414,479,1.40525
DE0007314007,4097038,HDD,EUR,2019-06-24,1.416,1.419,1.363,1.37,472970,283,1.37785
DE0007314007,4097038,HDD,EUR,2019-06-25,1.372,1.386,1.341,1.376,746535,435,1.3616
DE0007314007,4097038,HDD,EUR,2019-06-26,1.382,1.395,1.355,1.375,386166,310,1.37115
DE0007314007,4097038,HDD,EUR,2019-06-27,1.356,1.42,1.356,1.402,1310845,829,1.4014
DE0007314007,4097038,HDD,EUR,2019-06-28,1.392,1.434,1.382,1.412,561202,432,1.4005
DE0007314007,4097038,HDD,EUR,2019-07-01,1.426,1.499,1.416,1.428,1757820,892,1.44875
DE0007314007,4097038,HDD,EUR,2019-07-02,1.451,1.451,1.395,1.411,574930,336,1.4096
DE0007314007,4097038,HDD,EUR,2019-07-03,1.404,1.423,1.38,1.415,565122,451,1.40075
DE0007314007,4097038,HDD,EUR,2019-07-04,1.427,1.441,1.404,1.422,596656,422,1.42035
DE0007314007,4097038,HDD,EUR,2019-07-05,1.43,1.43,1.403,1.414,608888,1510,1.4166
DE0007314007,4097038,HDD,EUR,2019-07-08,1.393,1.42,1.381,1.397,1047748,585,1.39595
DE0007314007,4097038,HDD,EUR,2019-07-09,1.393,1.393,1.331,1.347,1461698,631,1.35365
DE0007314007,4097038,HDD,EUR,2019-07-10,1.371,1.371,1.327,1.352,501581,463,1.352
DE0007314007,4097038,HDD,EUR,2019-07-11,1.365,1.365,1.29,1.337,1233830,618,1.31535
DE0007314007,4097038,HDD,EUR,2019-07-12,1.337,1.346,1.315,1.327,585998,364,1.33085
DE0007314007,4097038,HDD,EUR,2019-07-15,1.333,1.356,1.32,1.341,606824,433,1.3374
DE0007314007,4097038,HDD,EUR,2019-07-16,1.344,1.39,1.333,1.362,1120469,564,1.36105
DE0007314007,4097038,HDD,EUR,2019-07-17,1.373,1.373,1.332,1.341,794989,346,1.34765
DE0007314007,4097038,HDD,EUR,2019-07-18,1.25,1.26,1.076,1.131,8928979,3028,1.1404
DE0007314007,4097038,HDD,EUR,2019-07-19,1.131,1.16,0.952,0.998,10210646,3261,1.01385
DE0007314007,4097038,HDD,EUR,2019-07-22,0.9715,1.008,0.923,0.975,4939724,1789,0.96135
DE0007314007,4097038,HDD,EUR,2019-07-23,0.9705,0.989,0.95,0.97,3091977,1549,0.9674
DE0007314007,4097038,HDD,EUR,2019-07-24,0.9815,0.985,0.912,0.93,4228696,1542,0.94365
DE0007314007,4097038,HDD,EUR,2019-07-25,0.9535,0.98,0.918,0.9525,3313569,1235,0.95325
DE0007314007,4097038,HDD,EUR,2019-07-26,0.9785,1.036,0.955,1.013,2016888,776,0.99365
DE0007314007,4097038,HDD,EUR,2019-07-29,1.01,1.03,0.941,0.954,2232946,871,0.96835
DE0007314007,4097038,HDD,EUR,2019-07-30,0.966,0.986,0.92,0.9815,2355644,873,0.955
DE0007314007,4097038,HDD,EUR,2019-07-31,0.9755,1.0,0.936,0.989,1443265,555,0.98385
DE0007314007,4097038,HDD,EUR,2019-08-01,0.9895,0.99,0.944,0.961,1419218,616,0.962
DE0007314007,4097038,HDD,EUR,2019-08-02,0.9585,0.969,0.92,0.9505,1805103,699,0.94285
DE0007314007,4097038,HDD,EUR,2019-08-05,0.94,0.985,0.925,0.939,2040710,850,0.9553
DE0007314007,4097038,HDD,EUR,2019-08-06,0.96,0.997,0.944,0.961,1605972,807,0.9735
DE0007314007,4097038,HDD,EUR,2019-08-07,0.9565,0.985,0.947,0.96,1502370,903,0.96625
DE0007314007,4097038,HDD,EUR,2019-08-08,0.9655,0.984,0.927,0.959,1320284,628,0.9493
DE0007314007,4097038,HDD,EUR,2019-08-09,0.95,0.96,0.91,0.9215,2049361,1011,0.92895
DE0007314007,4097038,HDD,EUR,2019-08-12,0.9445,0.948,0.85,0.8825,2642229,944,0.8969
DE0007314007,4097038,HDD,EUR,2019-08-13,0.8735,0.93,0.867,0.9235,1275405,563,0.8907
DE0007314007,4097038,HDD,EUR,2019-08-14,0.91,0.93,0.867,0.88,1104601,506,0.88775
DE0007314007,4097038,HDD,EUR,2019-08-15,0.887,0.91,0.836,0.8625,2147750,781,0.8601
DE0007314007,4097038,HDD,EUR,2019-08-16,0.864,0.93,0.856,0.9295,1435590,529,0.89715
DE0007314007,4097038,HDD,EUR,2019-08-19,0.9345,0.97,0.919,0.9665,1387469,517,0.95605
DE0007314007,4097038,HDD,EUR,2019-08-20,0.9675,1.019,0.955,1.006,996802,421,0.98795
DE0007314007,4097038,HDD,EUR,2019-08-21,1.0,1.019,0.997,1.011,684560,244,1.00965
DE0007314007,4097038,HDD,EUR,2019-08-22,1.018,1.04,0.995,1.018,969186,371,1.01915
DE0007314007,4097038,HDD,EUR,2019-08-23,1.027,1.044,0.983,1.007,693463,287,1.01595
DE0007314007,4097038,HDD,EUR,2019-08-26,0.9905,1.046,0.99,1.038,908046,337,1.0273
DE0007314007,4097038,HDD,EUR,2019-08-27,1.044,1.066,1.021,1.066,1053588,322,1.0514
DE0007314007,4097038,HDD,EUR,2019-08-28,1.045,1.09,1.041,1.07,1038876,464,1.06035
DE0007314007,4097038,HDD,EUR,2019-08-29,1.061,1.127,1.061,1.101,2013981,503,1.1025
DE0007314007,4097038,HDD,EUR,2019-08-30,1.091,1.129,1.091,1.115,872517,321,1.1076
DE0007314007,4097038,HDD,EUR,2019-09-02,1.124,1.129,1.065,1.09,664644,215,1.0946
DE0007314007,4097038,HDD,EUR,2019-09-03,1.087,1.087,1.001,1.013,655534,304,1.0403
DE0007314007,4097038,HDD,EUR,2019-09-04,1.015,1.077,1.001,1.056,708439,378,1.04335
DE0007314007,4097038,HDD,EUR,2019-09-05,1.066,1.122,1.066,1.117,1002004,428,1.1022
DE0007314007,4097038,HDD,EUR,2019-09-06,1.108,1.15,1.095,1.125,1944686,659,1.13415
DE0007314007,4097038,HDD,EUR,2019-09-09,1.135,1.184,1.125,1.168,1217870,508,1.15635
DE0007314007,4097038,HDD,EUR,2019-09-10,1.176,1.2,1.155,1.174,1043583,455,1.1863
DE0007314007,4097038,HDD,EUR,2019-09-11,1.168,1.205,1.16,1.192,1116076,427,1.1829
DE0007314007,4097038,HDD,EUR,2019-09-12,1.181,1.209,1.176,1.19,1033089,345,1.18955
DE0007314007,4097038,HDD,EUR,2019-09-13,1.18,1.257,1.18,1.243,2210614,692,1.2246
DE0007314007,4097038,HDD,EUR,2019-09-16,1.244,1.25,1.21,1.235,772263,423,1.23015
DE0007314007,4097038,HDD,EUR,2019-09-17,1.246,1.247,1.201,1.211,589431,271,1.22285
DE0007314007,4097038,HDD,EUR,2019-09-18,1.22,1.225,1.174,1.187,965367,305,1.19965
DE0007314007,4097038,HDD,EUR,2019-09-19,1.164,1.201,1.164,1.18,586764,218,1.1867
DE0007314007,4097038,HDD,EUR,2019-09-20,1.181,1.193,1.109,1.13,828574,269,1.14485
DE0007314007,4097038,HDD,EUR,2019-09-23,1.147,1.147,1.07,1.084,671743,260,1.09655
DE0007314007,4097038,HDD,EUR,2019-09-24,1.081,1.109,1.081,1.085,285440,155,1.0914
DE0007314007,4097038,HDD,EUR,2019-09-25,1.093,1.101,1.038,1.088,617085,235,1.06905
DE0007314007,4097038,HDD,EUR,2019-09-26,1.101,1.101,1.045,1.045,530395,339,1.0647
DE0007314007,4097038,HDD,EUR,2019-09-27,1.077,1.181,1.055,1.134,854730,348,1.12915
DE0007314007,4097038,HDD,EUR,2019-09-30,1.16,1.179,1.119,1.131,765238,456,1.14795
DE0007314007,4097038,HDD,EUR,2019-10-01,1.143,1.162,1.106,1.124,451489,285,1.1349
DE0007314007,4097038,HDD,EUR,2019-10-02,1.127,1.136,1.09,1.093,528274,379,1.1027
DE0007314007,4097038,HDD,EUR,2019-10-04,1.094,1.111,1.068,1.081,587854,323,1.087
DE0007314007,4097038,HDD,EUR,2019-10-07,1.07,1.115,1.06,1.087,521936,321,1.0792
DE0007314007,4097038,HDD,EUR,2019-10-08,1.09,1.126,1.064,1.116,596185,403,1.1036
DE0007314007,4097038,HDD,EUR,2019-10-09,1.102,1.146,1.102,1.107,469520,284,1.1237
DE0007314007,4097038,HDD,EUR,2019-10-10,1.11,1.136,1.1,1.132,419382,311,1.12345
DE0007314007,4097038,HDD,EUR,2019-10-11,1.121,1.144,1.117,1.136,525981,334,1.1312
DE0007314007,4097038,HDD,EUR,2019-10-14,1.143,1.19,1.125,1.176,831073,405,1.15475
DE0007314007,4097038,HDD,EUR,2019-10-15,1.177,1.19,1.152,1.16,610406,320,1.1671
DE0007314007,4097038,HDD,EUR,2019-10-16,1.157,1.188,1.151,1.171,811303,396,1.17345
DE0007314007,4097038,HDD,EUR,2019-10-17,1.179,1.186,1.155,1.163,906482,416,1.17225
DE0007314007,4097038,HDD,EUR,2019-10-18,1.164,1.188,1.149,1.167,448151,268,1.1701
DE0007314007,4097038,HDD,EUR,2019-10-21,1.17,1.204,1.161,1.201,963307,434,1.19
DE0007314007,4097038,HDD,EUR,2019-10-22,1.199,1.217,1.158,1.16,671283,390,1.18375
DE0007314007,4097038,HDD,EUR,2019-10-23,1.171,1.181,1.155,1.16,345279,199,1.1632
DE0007314007,4097038,HDD,EUR,2019-10-24,1.15,1.181,1.137,1.145,640735,334,1.15995
DE0007314007,4097038,HDD,EUR,2019-10-25,1.142,1.16,1.142,1.153,321335,195,1.1516
DE0007314007,4097038,HDD,EUR,2019-10-28,1.141,1.171,1.141,1.152,832282,266,1.158
DE0007314007,4097038,HDD,EUR,2019-10-29,1.143,1.2,1.136,1.186,1408375,597,1.1711
DE0007314007,4097038,HDD,EUR,2019-10-30,1.173,1.19,1.17,1.186,388206,290,1.1804
DE0007314007,4097038,HDD,EUR,2019-10-31,1.177,1.186,1.153,1.165,558069,388,1.1674
DE0007314007,4097038,HDD,EUR,2019-11-01,1.156,1.174,1.141,1.149,480986,293,1.1549
DE0007314007,4097038,HDD,EUR,2019-11-04,1.162,1.199,1.147,1.19,941718,490,1.1769
DE0007314007,4097038,HDD,EUR,2019-11-05,1.194,1.204,1.161,1.193,943058,523,1.18965
DE0007314007,4097038,HDD,EUR,2019-11-06,1.233,1.377,1.233,1.33,5967753,2847,1.3199
DE0007314007,4097038,HDD,EUR,2019-11-07,1.285,1.377,1.26,1.352,3080407,2013,1.3534
DE0007314007,4097038,HDD,EUR,2019-11-08,1.341,1.377,1.32,1.339,1029243,674,1.3467
DE0007314007,4097038,HDD,EUR,2019-11-11,1.352,1.37,1.32,1.344,740210,408,1.34915
DE0007314007,4097038,HDD,EUR,2019-11-12,1.332,1.355,1.328,1.347,730948,366,1.34235
DE0007314007,4097038,HDD,EUR,2019-11-13,1.349,1.359,1.305,1.308,929621,824,1.3307
DE0007314007,4097038,HDD,EUR,2019-11-14,1.311,1.325,1.3,1.305,577966,330,1.3099
DE0007314007,4097038,HDD,EUR,2019-11-15,1.305,1.321,1.26,1.31,832709,452,1.28875
DE0007314007,4097038,HDD,EUR,2019-11-18,1.299,1.345,1.283,1.288,650130,417,1.3083
DE0007314007,4097038,HDD,EUR,2019-11-19,1.286,1.324,1.286,1.314,686438,479,1.30965
DE0007314007,4097038,HDD,EUR,2019-11-20,1.304,1.309,1.249,1.27,520509,377,1.2789
DE0007314007,4097038,HDD,EUR,2019-11-21,1.28,1.335,1.27,1.307,858243,673,1.31085
DE0007314007,4097038,HDD,EUR,2019-11-22,1.295,1.321,1.263,1.266,1142668,694,1.2774
DE0007314007,4097038,HDD,EUR,2019-11-25,1.257,1.289,1.255,1.271,457680,261,1.2666
DE0007314007,4097038,HDD,EUR,2019-11-26,1.263,1.28,1.242,1.261,841504,374,1.2574
DE0007314007,4097038,HDD,EUR,2019-11-27,1.244,1.272,1.241,1.26,411628,240,1.2567
DE0007314007,4097038,HDD,EUR,2019-11-28,1.266,1.266,1.239,1.245,320170,214,1.2505
DE0007314007,4097038,HDD,EUR,2019-11-29,1.246,1.256,1.231,1.249,377667,247,1.24665
DE0007314007,4097038,HDD,EUR,2019-12-02,1.229,1.245,1.193,1.207,1711573,581,1.21205
DE0007314007,4097038,HDD,EUR,2019-12-03,1.207,1.225,1.194,1.207,663860,581,1.20825
DE0007314007,4097038,HDD,EUR,2019-12-04,1.205,1.258,1.2,1.233,858041,360,1.24015
DE0007314007,4097038,HDD,EUR,2019-12-05,1.247,1.25,1.211,1.217,374894,231,1.23125
DE0007314007,4097038,HDD,EUR,2019-12-06,1.238,1.248,1.218,1.231,369232,259,1.23565
DE0007314007,4097038,HDD,EUR,2019-12-09,1.221,1.253,1.201,1.216,1090002,378,1.21805
DE0007314007,4097038,HDD,EUR,2019-12-10,1.226,1.226,1.167,1.2,914350,577,1.1951
DE0007314007,4097038,HDD,EUR,2019-12-11,1.183,1.206,1.18,1.193,615762,463,1.1908
DE0007314007,4097038,HDD,EUR,2019-12-12,1.199,1.217,1.181,1.191,489848,305,1.19545
DE0007314007,4097038,HDD,EUR,2019-12-13,1.215,1.236,1.195,1.232,920149,572,1.2206
DE0007314007,4097038,HDD,EUR,2019-12-16,1.211,1.238,1.191,1.195,1270192,520,1.2156
DE0007314007,4097038,HDD,EUR,2019-12-17,1.206,1.237,1.181,1.23,1045981,449,1.20905
DE0007314007,4097038,HDD,EUR,2019-12-18,1.218,1.238,1.213,1.227,529469,404,1.2264
DE0007314007,4097038,HDD,EUR,2019-12-19,1.213,1.216,1.169,1.178,1590807,746,1.18785
DE0007314007,4097038,HDD,EUR,2019-12-20,1.2,1.2,1.161,1.175,1430370,448,1.1729
DE0007314007,4097038,HDD,EUR,2019-12-23,1.163,1.186,1.115,1.139,2315973,873,1.14425
DE0007314007,4097038,HDD,EUR,2019-12-27,1.146,1.206,1.118,1.183,1719616,728,1.17465
DE0007314007,4097038,HDD,EUR,2019-12-30,1.157,1.184,1.137,1.15,949007,339,1.15465
DE0007314007,4097038,HDD,EUR,2020-01-02,1.139,1.19,1.139,1.19,673524,333,1.17328
DE0007314007,4097038,HDD,EUR,2020-01-03,1.181,1.192,1.149,1.151,610723,314,1.15932
DE0007314007,4097038,HDD,EUR,2020-01-06,1.149,1.151,1.105,1.114,753132,361,1.12112
DE0007314007,4097038,HDD,EUR,2020-01-07,1.112,1.177,1.111,1.16,989696,469,1.15306
DE0007314007,4097038,HDD,EUR,2020-01-08,1.144,1.165,1.128,1.137,403458,269,1.14868
DE0007314007,4097038,HDD,EUR,2020-01-09,1.121,1.147,1.111,1.12,705089,363,1.12796
DE0007314007,4097038,HDD,EUR,2020-01-10,1.129,1.13,1.102,1.113,614329,291,1.1169
DE0007314007,4097038,HDD,EUR,2020-01-13,1.101,1.124,1.071,1.102,1297698,626,1.09492
DE0007314007,4097038,HDD,EUR,2020-01-14,1.087,1.119,1.071,1.105,998560,387,1.10122
DE0007314007,4097038,HDD,EUR,2020-01-15,1.1,1.121,1.063,1.075,827907,495,1.08778
DE0007314007,4097038,HDD,EUR,2020-01-16,1.07,1.09,1.059,1.07,747454,395,1.07198
DE0007314007,4097038,HDD,EUR,2020-01-17,1.071,1.098,1.052,1.067,625070,286,1.07614
DE0007314007,4097038,HDD,EUR,2020-01-20,1.051,1.081,0.9264,1.068,889620,421,1.03808
DE0007314007,4097038,HDD,EUR,2020-01-21,0.888,1.038,0.888,0.982,3002480,1058,0.99742
DE0007314007,4097038,HDD,EUR,2020-01-22,1.0,1.018,0.9254,0.953,3514157,1758,0.94958
DE0007314007,4097038,HDD,EUR,2020-01-23,0.954,0.9656,0.918,0.9334,2283549,997,0.9395
DE0007314007,4097038,HDD,EUR,2020-01-24,0.9304,0.9496,0.9184,0.92,1539776,588,0.93168
DE0007314007,4097038,HDD,EUR,2020-01-27,0.9206,0.939,0.882,0.9246,1470474,675,0.91018
DE0007314007,4097038,HDD,EUR,2020-01-28,0.9354,0.9596,0.91,0.9526,1382875,548,0.93466
DE0007314007,4097038,HDD,EUR,2020-01-29,0.96,0.964,0.925,0.934,960454,485,0.9389
DE0007314007,4097038,HDD,EUR,2020-01-30,0.941,0.948,0.896,0.901,1680595,714,0.91284
DE0007314007,4097038,HDD,EUR,2020-01-31,0.9254,0.926,0.8824,0.892,1065705,430,0.9014
DE0007314007,4097038,HDD,EUR,2020-02-03,0.923,0.9396,0.87,0.873,2109493,861,0.88158
DE0007314007,4097038,HDD,EUR,2020-02-04,0.9006,0.9136,0.8804,0.9016,961163,425,0.89922
DE0007314007,4097038,HDD,EUR,2020-02-05,0.9006,0.936,0.892,0.9046,963859,405,0.91164
DE0007314007,4097038,HDD,EUR,2020-02-06,0.8936,0.9306,0.8934,0.93,553910,349,0.92194
DE0007314007,4097038,HDD,EUR,2020-02-07,0.918,0.9296,0.899,0.9156,766405,318,0.9097
DE0007314007,4097038,HDD,EUR,2020-02-10,0.9284,0.9286,0.875,0.8986,2934065,1010,0.89092
DE0007314007,4097038,HDD,EUR,2020-02-11,0.9206,0.9286,0.889,0.921,1522602,657,0.90908
DE0007314007,4097038,HDD,EUR,2020-02-12,0.912,0.957,0.9024,0.94,2063685,1008,0.94016
DE0007314007,4097038,HDD,EUR,2020-02-13,0.9476,0.9526,0.9144,0.92,1427488,645,0.92794
DE0007314007,4097038,HDD,EUR,2020-02-14,0.9136,0.946,0.9104,0.9156,1141578,504,0.92726
DE0007314007,4097038,HDD,EUR,2020-02-17,0.928,0.945,0.908,0.913,637138,313,0.91602
DE0007314007,4097038,HDD,EUR,2020-02-18,0.92,0.922,0.8894,0.8986,1833478,657,0.90006
DE0007314007,4097038,HDD,EUR,2020-02-19,0.8916,0.91,0.89,0.902,900938,410,0.9015
DE0007314007,4097038,HDD,EUR,2020-02-20,0.9,0.9146,0.89,0.89,1176915,447,0.90196
DE0007314007,4097038,HDD,EUR,2020-02-21,0.9196,0.9196,0.875,0.892,1101378,428,0.88924
DE0007314007,4097038,HDD,EUR,2020-02-24,0.878,0.89,0.8264,0.8266,2275046,941,0.8477
DE0007314007,4097038,HDD,EUR,2020-02-25,0.852,0.8576,0.81,0.846,1394086,564,0.82778
DE0007314007,4097038,HDD,EUR,2020-02-26,0.8296,0.8796,0.803,0.8756,2098134,1095,0.84784
DE0007314007,4097038,HDD,EUR,2020-02-27,0.8406,0.869,0.8054,0.8206,1674679,730,0.82904
DE0007314007,4097038,HDD,EUR,2020-02-28,0.8,0.82,0.7774,0.796,2187346,788,0.79542
DE0007314007,4097038,HDD,EUR,2020-03-02,0.8126,0.8246,0.76,0.773,2177709,815,0.78634
DE0007314007,4097038,HDD,EUR,2020-03-03,0.83,0.831,0.7814,0.803,1949831,685,0.80604
DE0007314007,4097038,HDD,EUR,2020-03-04,0.7944,0.817,0.7544,0.76,1536707,720,0.78318
DE0007314007,4097038,HDD,EUR,2020-03-05,0.7676,0.7876,0.67,0.7016,3864652,1048,0.71828
DE0007314007,4097038,HDD,EUR,2020-03-06,0.6936,0.7116,0.661,0.7006,3359429,1158,0.68786
DE0007314007,4097038,HDD,EUR,2020-03-09,0.65,0.669,0.6214,0.63,2283488,1083,0.6453
DE0007314007,4097038,HDD,EUR,2020-03-10,0.646,0.685,0.625,0.648,3163929,1054,0.65892
DE0007314007,4097038,HDD,EUR,2020-03-11,0.6694,0.6846,0.621,0.635,1670026,652,0.64796
DE0007314007,4097038,HDD,EUR,2020-03-12,0.62,0.631,0.51,0.5484,3441649,1076,0.58628
DE0007314007,4097038,HDD,EUR,2020-03-13,0.546,0.601,0.5124,0.561,2764437,1016,0.57054
DE0007314007,4097038,HDD,EUR,2020-03-16,0.58,0.58,0.4884,0.5354,1963721,993,0.5156
DE0007314007,4097038,HDD,EUR,2020-03-17,0.501,0.67,0.4834,0.5444,3146645,851,0.5244
DE0007314007,4097038,HDD,EUR,2020-03-18,0.5726,0.7136,0.56,0.6126,5009157,1783,0.63746
DE0007314007,4097038,HDD,EUR,2020-03-19,0.6156,0.6486,0.5364,0.607,3018048,947,0.58574
DE0007314007,4097038,HDD,EUR,2020-03-20,0.595,0.634,0.5324,0.5494,3844400,1023,0.56178
DE0007314007,4097038,HDD,EUR,2020-03-23,0.5544,0.559,0.51,0.5464,1555187,605,0.52976
DE0007314007,4097038,HDD,EUR,2020-03-24,0.572,0.5816,0.55,0.563,2141978,731,0.56774
DE0007314007,4097038,HDD,EUR,2020-03-25,0.5766,0.65,0.5624,0.6066,2851591,825,0.59484
DE0007314007,4097038,HDD,EUR,2020-03-26,0.5906,0.608,0.57,0.5876,1781542,597,0.58786
DE0007314007,4097038,HDD,EUR,2020-03-27,0.582,0.6,0.542,0.5514,1886154,568,0.56916
DE0007314007,4097038,HDD,EUR,2020-03-30,0.566,0.567,0.506,0.5454,1513153,483,0.53032
DE0007314007,4097038,HDD,EUR,2020-03-31,0.5504,0.5766,0.5304,0.56,3428459,1236,0.54964
DE0007314007,4097038,HDD,EUR,2020-04-01,0.547,0.5876,0.539,0.573,1665430,550,0.5646
DE0007314007,4097038,HDD,EUR,2020-04-02,0.5786,0.593,0.5514,0.593,1098043,376,0.5815
DE0007314007,4097038,HDD,EUR,2020-04-03,0.5946,0.6,0.5754,0.5936,728415,319,0.58946
DE0007314007,4097038,HDD,EUR,2020-04-06,0.606,0.6256,0.583,0.6096,1298249,507,0.60982
DE0007314007,4097038,HDD,EUR,2020-04-07,0.63,0.6586,0.6034,0.649,1809420,603,0.63584
DE0007314007,4097038,HDD,EUR,2020-04-08,0.6654,0.6656,0.6024,0.612,1329829,593,0.6223
DE0007314007,4097038,HDD,EUR,2020-04-09,0.6286,0.64,0.5974,0.62,1333046,575,0.62408
DE0007314007,4097038,HDD,EUR,2020-04-14,0.6496,0.6686,0.6244,0.647,1228856,453,0.65098
DE0007314007,4097038,HDD,EUR,2020-04-15,0.637,0.659,0.617,0.626,748069,424,0.62826
DE0007314007,4097038,HDD,EUR,2020-04-16,0.632,0.6466,0.617,0.63,732788,353,0.63092
DE0007314007,4097038,HDD,EUR,2020-04-17,0.6694,0.6796,0.6364,0.6506,1150965,488,0.6542
DE0007314007,4097038,HDD,EUR,2020-04-20,0.645,0.6816,0.6364,0.658,484860,268,0.6572
DE0007314007,4097038,HDD,EUR,2020-04-21,0.63,0.65,0.611,0.62,1673241,600,0.6236
DE0007314007,4097038,HDD,EUR,2020-04-22,0.614,0.64,0.612,0.6246,356733,269,0.62556
DE0007314007,4097038,HDD,EUR,2020-04-23,0.6186,0.65,0.6184,0.6366,509056,228,0.63478
DE0007314007,4097038,HDD,EUR,2020-04-24,0.6306,0.6616,0.6104,0.62,677564,323,0.62726
DE0007314007,4097038,HDD,EUR,2020-04-27,0.635,0.64,0.612,0.6276,509005,324,0.6245
DE0007314007,4097038,HDD,EUR,2020-04-28,0.6216,0.644,0.6194,0.64,483852,309,0.63136
DE0007314007,4097038,HDD,EUR,2020-04-29,0.646,0.6846,0.628,0.6734,1607389,702,0.66258
DE0007314007,4097038,HDD,EUR,2020-04-30,0.676,0.706,0.6334,0.65,762393,393,0.65744
DE0007314007,4097038,HDD,EUR,2020-05-04,0.6366,0.6636,0.6184,0.6516,924118,534,0.63778
DE0007314007,4097038,HDD,EUR,2020-05-05,0.6576,0.682,0.627,0.67,645861,295,0.66734
DE0007314007,4097038,HDD,EUR,2020-05-06,0.6684,0.68,0.6504,0.66,419643,418,0.67052
DE0007314007,4097038,HDD,EUR,2020-05-07,0.6506,0.685,0.6454,0.668,527193,428,0.66064
DE0007314007,4097038,HDD,EUR,2020-05-08,0.6744,0.698,0.6694,0.688,612873,398,0.68654
DE0007314007,4097038,HDD,EUR,2020-05-11,0.6946,0.71,0.673,0.676,755878,348,0.68982
DE0007314007,4097038,HDD,EUR,2020-05-12,0.6926,0.6926,0.6514,0.66,405235,239,0.6691
DE0007314007,4097038,HDD,EUR,2020-05-13,0.6536,0.673,0.626,0.65,1154148,579,0.64048
DE0007314007,4097038,HDD,EUR,2020-05-14,0.639,0.6496,0.625,0.6356,1280967,605,0.6314
DE0007314007,4097038,HDD,EUR,2020-05-15,0.6286,0.6476,0.6124,0.6136,1297936,523,0.62718
DE0007314007,4097038,HDD,EUR,2020-05-18,0.6206,0.6526,0.607,0.6116,1563373,663,0.6184
DE0007314007,4097038,HDD,EUR,2020-05-19,0.6266,0.6526,0.6014,0.616,1406750,792,0.613
DE0007314007,4097038,HDD,EUR,2020-05-20,0.647,0.651,0.5944,0.65,1538137,620,0.62924
DE0007314007,4097038,HDD,EUR,2020-05-21,0.6396,0.6486,0.602,0.6056,1680548,959,0.62168
DE0007314007,4097038,HDD,EUR,2020-05-22,0.6136,0.6236,0.5904,0.6076,1079058,520,0.60388
DE0007314007,4097038,HDD,EUR,2020-05-25,0.619,0.6326,0.596,0.598,1911678,719,0.60214
DE0007314007,4097038,HDD,EUR,2020-05-26,0.6006,0.61,0.579,0.5946,2137726,735,0.59578
DE0007314007,4097038,HDD,EUR,2020-05-27,0.6,0.6216,0.5914,0.603,2421462,1098,0.61032
DE0007314007,4097038,HDD,EUR,2020-05-28,0.6006,0.619,0.588,0.5996,1394724,494,0.60104
DE0007314007,4097038,HDD,EUR,2020-05-29,0.6006,0.6146,0.559,0.5646,7496297,1130,0.56868
DE0007314007,4097038,HDD,EUR,2020-06-02,0.6096,0.6266,0.5854,0.609,2052631,830,0.61418
DE0007314007,4097038,HDD,EUR,2020-06-03,0.621,0.6446,0.601,0.6336,2684704,895,0.631
DE0007314007,4097038,HDD,EUR,2020-06-04,0.6396,0.641,0.615,0.628,1100403,528,0.62916
DE0007314007,4097038,HDD,EUR,2020-06-05,0.639,0.6496,0.61,0.646,1441713,572,0.64
DE0007314007,4097038,HDD,EUR,2020-06-08,0.638,0.7076,0.628,0.684,1873268,626,0.67038
DE0007314007,4097038,HDD,EUR,2020-06-09,0.7006,0.7436,0.646,0.655,2892192,933,0.69112
DE0007314007,4097038,HDD,EUR,2020-06-10,0.675,0.7026,0.6544,0.6624,1279765,532,0.67456
DE0007314007,4097038,HDD,EUR,2020-06-11,0.6634,0.6636,0.62,0.62,1230442,514,0.6372
DE0007314007,4097038,HDD,EUR,2020-06-12,0.622,0.644,0.6174,0.62,959412,412,0.62516
DE0007314007,4097038,HDD,EUR,2020-06-15,0.62,0.6536,0.6,0.6236,842352,370,0.61172
DE0007314007,4097038,HDD,EUR,2020-06-16,0.653,0.653,0.62,0.637,540440,247,0.63378
DE0007314007,4097038,HDD,EUR,2020-06-17,0.6216,0.639,0.614,0.623,682789,404,0.62524
DE0007314007,4097038,HDD,EUR,2020-06-18,0.6206,0.6376,0.596,0.604,1233759,438,0.61344
DE0007314007,4097038,HDD,EUR,2020-06-19,0.617,0.6176,0.5874,0.604,937571,330,0.5974
DE0007314007,4097038,HDD,EUR,2020-06-22,0.6096,0.6186,0.5654,0.582,1530846,578,0.5783
DE0007314007,4097038,HDD,EUR,2020-06-23,0.576,0.6106,0.5654,0.5976,935537,375,0.59168
DE0007314007,4097038,HDD,EUR,2020-06-24,0.6086,0.6086,0.575,0.579,656094,236,0.58354
DE0007314007,4097038,HDD,EUR,2020-06-25,0.5756,0.5926,0.5654,0.5826,719229,357,0.5797
DE0007314007,4097038,HDD,EUR,2020-06-26,0.5796,0.5986,0.5704,0.58,467977,323,0.58126
DE0007314007,4097038,HDD,EUR,2020-06-29,0.59,0.5996,0.566,0.5946,468096,277,0.58092
DE0007314007,4097038,HDD,EUR,2020-06-30,0.5826,0.62,0.5624,0.57,1561326,538,0.5867
DE0007314007,4097038,HDD,EUR,2020-07-01,0.5626,0.5856,0.5564,0.572,683631,313,0.57088
DE0007314007,4097038,HDD,EUR,2020-07-02,0.5846,0.6,0.5694,0.595,909371,521,0.5855
DE0007314007,4097038,HDD,EUR,2020-07-03,0.5996,0.609,0.58,0.5856,400571,217,0.59284
DE0007314007,4097038,HDD,EUR,2020-07-06,0.5846,0.6096,0.573,0.596,966680,394,0.58872
DE0007314007,4097038,HDD,EUR,2020-07-07,0.6076,0.6126,0.583,0.5956,613391,324,0.59596
DE0007314007,4097038,HDD,EUR,2020-07-08,0.58,0.61,0.58,0.592,512219,247,0.60018
DE0007314007,4097038,HDD,EUR,2020-07-09,0.5996,0.5996,0.5704,0.585,378031,188,0.58938
DE0007314007,4097038,HDD,EUR,2020-07-10,0.59,0.5996,0.5614,0.599,699152,418,0.57852
DE0007314007,4097038,HDD,EUR,2020-07-13,0.5776,0.613,0.576,0.5916,947667,390,0.59354
DE0007314007,4097038,HDD,EUR,2020-07-14,0.569,0.6056,0.569,0.605,776424,356,0.59446
DE0007314007,4097038,HDD,EUR,2020-07-15,0.5986,0.62,0.5884,0.614,1330972,699,0.61038
DE0007314007,4097038,HDD,EUR,2020-07-16,0.6026,0.6416,0.587,0.637,1159496,606,0.62446
DE0007314007,4097038,HDD,EUR,2020-07-17,0.641,0.65,0.617,0.6396,596028,255,0.63946
DE0007314007,4097038,HDD,EUR,2020-07-20,0.6306,0.6526,0.61,0.612,591415,237,0.6284
DE0007314007,4097038,HDD,EUR,2020-07-21,0.5976,0.6496,0.5974,0.638,514894,225,0.63126
DE0007314007,4097038,HDD,EUR,2020-07-22,0.6486,0.718,0.6294,0.6486,1492809,425,0.66196
DE0007314007,4097038,HDD,EUR,2020-07-23,0.6946,0.733,0.66,0.7126,2630397,954,0.69906
DE0007314007,4097038,HDD,EUR,2020-07-24,0.7,0.7286,0.681,0.7126,1200302,412,0.70588
DE0007314007,4097038,HDD,EUR,2020-07-27,0.7106,0.732,0.696,0.7296,837849,382,0.71048
DE0007314007,4097038,HDD,EUR,2020-07-28,0.734,0.736,0.6994,0.7116,613768,244,0.72102
DE0007314007,4097038,HDD,EUR,2020-07-29,0.72,0.7236,0.6974,0.714,471869,245,0.7029
DE0007314007,4097038,HDD,EUR,2020-07-30,0.7036,0.721,0.677,0.7,1404495,433,0.69586
DE0007314007,4097038,HDD,EUR,2020-07-31,0.6886,0.7326,0.6884,0.7116,1010469,447,0.7123
DE0007314007,4097038,HDD,EUR,2020-08-03,0.7236,0.812,0.7104,0.812,1944707,634,0.7626
DE0007314007,4097038,HDD,EUR,2020-08-04,0.8034,0.8086,0.7394,0.76,1037505,454,0.77176
DE0007314007,4097038,HDD,EUR,2020-08-05,0.7826,0.8076,0.7624,0.79,800481,389,0.78398
DE0007314007,4097038,HDD,EUR,2020-08-06,0.799,0.812,0.75,0.772,809641,387,0.76664
DE0007314007,4097038,HDD,EUR,2020-08-07,0.7706,0.7706,0.729,0.739,1208551,393,0.74974
DE0007314007,4097038,HDD,EUR,2020-08-10,0.762,0.772,0.7244,0.737,788110,286,0.73902
DE0007314007,4097038,HDD,EUR,2020-08-11,0.7446,0.7606,0.73,0.7366,746652,350,0.7485
DE0007314007,4097038,HDD,EUR,2020-08-12,0.7256,0.7436,0.7104,0.7136,557525,319,0.72462
DE0007314007,4097038,HDD,EUR,2020-08-13,0.693,0.757,0.693,0.7466,791051,470,0.73386
DE0007314007,4097038,HDD,EUR,2020-08-14,0.757,0.7596,0.719,0.754,785625,378,0.74266
DE0007314007,4097038,HDD,EUR,2020-08-17,0.7406,0.76,0.7244,0.745,391326,377,0.73886
DE0007314007,4097038,HDD,EUR,2020-08-18,0.728,0.7486,0.7264,0.731,394076,237,0.73618
DE0007314007,4097038,HDD,EUR,2020-08-19,0.7486,0.7486,0.6954,0.7056,873614,407,0.71524
DE0007314007,4097038,HDD,EUR,2020-08-20,0.714,0.715,0.67,0.6704,724715,335,0.6856
DE0007314007,4097038,HDD,EUR,2020-08-21,0.7,0.7,0.6564,0.67,985506,460,0.66724
DE0007314007,4097038,HDD,EUR,2020-08-24,0.684,0.684,0.66,0.669,659027,403,0.66838
DE0007314007,4097038,HDD,EUR,2020-08-25,0.6704,0.69,0.642,0.653,1162780,353,0.66622
DE0007314007,4097038,HDD,EUR,2020-08-26,0.668,0.672,0.62,0.6286,1080687,499,0.6403
DE0007314007,4097038,HDD,EUR,2020-08-27,0.6426,0.6426,0.6114,0.622,945656,494,0.6247
DE0007314007,4097038,HDD,EUR,2020-08-28,0.632,0.6416,0.6,0.622,976069,505,0.6148
DE0007314007,4097038,HDD,EUR,2020-08-31,0.614,0.629,0.5984,0.602,1319000,544,0.61044
DE0007314007,4097038,HDD,EUR,2020-09-01,0.6166,0.6216,0.5854,0.605,1038845,686,0.6046
DE0007314007,4097038,HDD,EUR,2020-09-02,0.6156,0.652,0.5984,0.61,996094,533,0.62678
DE0007314007,4097038,HDD,EUR,2020-09-03,0.628,0.6386,0.602,0.6076,871772,394,0.62164
DE0007314007,4097038,HDD,EUR,2020-09-04,0.6026,0.6326,0.6,0.61,673805,477,0.61458
DE0007314007,4097038,HDD,EUR,2020-09-07,0.6106,0.63,0.6,0.6166,1424055,556,0.61132
DE0007314007,4097038,HDD,EUR,2020-09-08,0.6106,0.635,0.605,0.6146,1056032,450,0.61376
DE0007314007,4097038,HDD,EUR,2020-09-09,0.6106,0.6266,0.5874,0.6026,1158076,434,0.60374
DE0007314007,4097038,HDD,EUR,2020-09-10,0.615,0.621,0.5974,0.6046,586397,381,0.60404
DE0007314007,4097038,HDD,EUR,2020-09-11,0.61,0.6156,0.5874,0.592,761373,299,0.5977
DE0007314007,4097038,HDD,EUR,2020-09-14,0.6106,0.6106,0.58,0.5916,694722,579,0.59502
DE0007314007,4097038,HDD,EUR,2020-09-15,0.602,0.6026,0.5544,0.561,2012952,724,0.5744
DE0007314007,4097038,HDD,EUR,2020-09-16,0.579,0.5796,0.5444,0.5686,1091088,476,0.55866
DE0007314007,4097038,HDD,EUR,2020-09-17,0.5786,0.5786,0.5344,0.542,1943936,919,0.5522
DE0007314007,4097038,HDD,EUR,2020-09-18,0.578,0.578,0.4994,0.4994,9920588,1008,0.50518
DE0007314007,4097038,HDD,EUR,2020-09-21,0.5166,0.546,0.4928,0.508,1808399,758,0.5143
DE0007314007,4097038,HDD,EUR,2020-09-22,0.5216,0.5276,0.48,0.5006,596374,382,0.5088
DE0007314007,4097038,HDD,EUR,2020-09-23,0.52,0.523,0.501,0.5056,716027,380,0.51184
DE0007314007,4097038,HDD,EUR,2020-09-24,0.5006,0.5206,0.48,0.5096,898944,459,0.50836
DE0007314007,4097038,HDD,EUR,2020-09-25,0.501,0.5266,0.4926,0.5176,915582,373,0.51308
DE0007314007,4097038,HDD,EUR,2020-09-28,0.5146,0.538,0.5124,0.5196,459282,277,0.52534
DE0007314007,4097038,HDD,EUR,2020-09-29,0.5106,0.555,0.5104,0.5464,1120739,452,0.53592
DE0007314007,4097038,HDD,EUR,2020-09-30,0.5484,0.576,0.54,0.564,1008142,353,0.55684
DE0007314007,4097038,HDD,EUR,2020-10-01,0.5696,0.5826,0.5534,0.5646,464934,332,0.56824
DE0007314007,4097038,HDD,EUR,2020-10-02,0.553,0.5706,0.533,0.5554,574357,300,0.54766
DE0007314007,4097038,HDD,EUR,2020-10-05,0.57,0.57,0.5334,0.549,893836,280,0.54406
DE0007314007,4097038,HDD,EUR,2020-10-06,0.54,0.5696,0.537,0.55,661475,256,0.55206
DE0007314007,4097038,HDD,EUR,2020-10-07,0.553,0.5646,0.529,0.5646,710956,256,0.55292
DE0007314007,4097038,HDD,EUR,2020-10-08,0.5614,0.578,0.549,0.564,837824,270,0.55836
DE0007314007,4097038,HDD,EUR,2020-10-09,0.577,0.5846,0.5524,0.572,2359668,513,0.56586
DE0007314007,4097038,HDD,EUR,2020-10-12,0.579,0.59,0.5624,0.5776,734349,408,0.57764
DE0007314007,4097038,HDD,EUR,2020-10-13,0.5666,0.575,0.5544,0.561,921415,265,0.56678
DE0007314007,4097038,HDD,EUR,2020-10-14,0.5736,0.574,0.5524,0.559,628133,292,0.55754
DE0007314007,4097038,HDD,EUR,2020-10-15,0.5524,0.554,0.522,0.535,1200553,617,0.53394
DE0007314007,4097038,HDD,EUR,2020-10-16,0.53,0.55,0.5284,0.545,496233,400,0.5389
DE0007314007,4097038,HDD,EUR,2020-10-19,0.55,0.56,0.5284,0.5414,510680,315,0.54526
DE0007314007,4097038,HDD,EUR,2020-10-20,0.5414,0.55,0.531,0.5394,240432,155,0.54202
DE0007314007,4097038,HDD,EUR,2020-10-21,0.54,0.5506,0.5254,0.53,601779,179,0.53476
DE0007314007,4097038,HDD,EUR,2020-10-22,0.5256,0.5476,0.52,0.5216,338750,151,0.52794
DE0007314007,4097038,HDD,EUR,2020-10-23,0.5206,0.545,0.5204,0.544,435184,203,0.53524
DE0007314007,4097038,HDD,EUR,2020-10-26,0.54,0.5446,0.5,0.507,842697,268,0.5187
DE0007314007,4097038,HDD,EUR,2020-10-27,0.5256,0.5356,0.4984,0.504,1521089,443,0.50976
DE0007314007,4097038,HDD,EUR,2020-10-28,0.5116,0.512,0.4702,0.49,1254104,605,0.4934
DE0007314007,4097038,HDD,EUR,2020-10-29,0.5,0.507,0.4802,0.4952,563440,366,0.48638
DE0007314007,4097038,HDD,EUR,2020-10-30,0.4802,0.5046,0.4752,0.48,573978,315,0.4901
DE0007314007,4097038,HDD,EUR,2020-11-02,0.492,0.522,0.4832,0.509,631845,303,0.50958
DE0007314007,4097038,HDD,EUR,2020-11-03,0.5196,0.5376,0.503,0.5136,730016,362,0.52174
DE0007314007,4097038,HDD,EUR,2020-11-04,0.5056,0.534,0.5054,0.52,487209,212,0.52244
DE0007314007,4097038,HDD,EUR,2020-11-05,0.5324,0.5366,0.5054,0.5206,333829,173,0.52586
DE0007314007,4097038,HDD,EUR,2020-11-06,0.5206,0.5406,0.5094,0.512,265299,193,0.51644
DE0007314007,4097038,HDD,EUR,2020-11-09,0.5196,0.561,0.5124,0.5484,1579249,594,0.5427
DE0007314007,4097038,HDD,EUR,2020-11-10,0.5636,0.5936,0.5554,0.5646,1771583,700,0.57496
DE0007314007,4097038,HDD,EUR,2020-11-11,0.577,0.592,0.5524,0.5896,1599680,499,0.58098
DE0007314007,4097038,HDD,EUR,2020-11-12,0.59,0.6586,0.5854,0.626,3529591,920,0.61914
DE0007314007,4097038,HDD,EUR,2020-11-13,0.61,0.651,0.6054,0.65,1495960,583,0.641
DE0007314007,4097038,HDD,EUR,2020-11-16,0.673,0.68,0.6254,0.6306,2884052,831,0.65624
DE0007314007,4097038,HDD,EUR,2020-11-17,0.6426,0.65,0.623,0.6416,1350599,818,0.64232
DE0007314007,4097038,HDD,EUR,2020-11-18,0.647,0.6866,0.632,0.666,1803793,550,0.6706
DE0007314007,4097038,HDD,EUR,2020-11-19,0.679,0.687,0.6504,0.6556,1300271,478,0.67026
DE0007314007,4097038,HDD,EUR,2020-11-20,0.6556,0.684,0.6514,0.6774,979552,407,0.676
DE0007314007,4097038,HDD,EUR,2020-11-23,0.667,0.794,0.6664,0.782,5289078,1366,0.73672
DE0007314007,4097038,HDD,EUR,2020-11-24,0.7866,0.814,0.742,0.75,4557456,1511,0.77794
DE0007314007,4097038,HDD,EUR,2020-11-25,0.752,0.8206,0.7404,0.81,3382043,1219,0.79138
DE0007314007,4097038,HDD,EUR,2020-11-26,0.8126,0.839,0.7904,0.8146,1978021,651,0.81938
DE0007314007,4097038,HDD,EUR,2020-11-27,0.8146,0.8296,0.7904,0.8126,1399864,624,0.81892
DE0007314007,4097038,HDD,EUR,2020-11-30,0.813,0.8396,0.7964,0.801,1585690,689,0.81378
DE0007314007,4097038,HDD,EUR,2020-12-01,0.808,0.8226,0.7644,0.7716,2123017,744,0.78634
DE0007314007,4097038,HDD,EUR,2020-12-02,0.7766,0.8196,0.757,0.807,2520469,1071,0.79772
DE0007314007,4097038,HDD,EUR,2020-12-03,0.824,0.826,0.787,0.789,1216130,633,0.80592
DE0007314007,4097038,HDD,EUR,2020-12-04,0.796,0.8236,0.79,0.815,1037935,456,0.80906
DE0007314007,4097038,HDD,EUR,2020-12-07,0.819,0.83,0.8014,0.8286,1195164,514,0.81284
DE0007314007,4097038,HDD,EUR,2020-12-08,0.824,0.84,0.797,0.8176,962580,327,0.81594
DE0007314007,4097038,HDD,EUR,2020-12-09,0.8176,0.828,0.8,0.801,788623,366,0.8104
DE0007314007,4097038,HDD,EUR,2020-12-10,0.808,0.815,0.761,0.766,1286413,481,0.7819
DE0007314007,4097038,HDD,EUR,2020-12-11,0.78,0.804,0.725,0.729,2146833,629,0.7422
DE0007314007,4097038,HDD,EUR,2020-12-14,0.7,0.728,0.682,0.711,1072854,436,0.71694
DE0007314007,4097038,HDD,EUR,2020-12-15,0.714,0.75,0.695,0.7176,709502,286,0.72116
DE0007314007,4097038,HDD,EUR,2020-12-16,0.75,0.75,0.706,0.7166,1117477,408,0.7216
DE0007314007,4097038,HDD,EUR,2020-12-17,0.72,0.746,0.703,0.732,949592,477,0.72378
DE0007314007,4097038,HDD,EUR,2020-12-18,0.744,0.789,0.719,0.777,1870966,648,0.76134
DE0007314007,4097038,HDD,EUR,2020-12-21,0.76,0.766,0.721,0.749,1355196,396,0.74636
DE0007314007,4097038,HDD,EUR,2020-12-22,0.745,0.762,0.739,0.743,455728,226,0.75084
DE0007314007,4097038,HDD,EUR,2020-12-23,0.742,0.761,0.711,0.738,915876,317,0.73914
DE0007314007,4097038,HDD,EUR,2020-12-28,0.751,0.779,0.746,0.772,1570548,557,0.76586
DE0007314007,4097038,HDD,EUR,2020-12-29,0.775,0.799,0.758,0.772,1517492,623,0.77826
DE0007314007,4097038,HDD,EUR,2020-12-30,0.762,0.8,0.752,0.796,1922312,485,0.77884
DE0007314007,4097038,HDD,EUR,2021-01-04,0.787,0.86,0.787,0.827,2913564,998,0.8316
DE0007314007,4097038,HDD,EUR,2021-01-05,0.834,0.941,0.801,0.897,2153481,663,0.87525
DE0007314007,4097038,HDD,EUR,2021-01-06,0.9,0.912,0.845,0.867,2269664,732,0.8715
DE0007314007,4097038,HDD,EUR,2021-01-07,0.853,0.89,0.853,0.876,1193510,412,0.8792
DE0007314007,4097038,HDD,EUR,2021-01-08,0.886,0.886,0.82,0.834,1480446,590,0.85625
DE0007314007,4097038,HDD,EUR,2021-01-11,0.851,0.851,0.8,0.809,1328084,480,0.8162
DE0007314007,4097038,HDD,EUR,2021-01-12,0.8,0.88,0.8,0.87,2065988,692,0.8494
DE0007314007,4097038,HDD,EUR,2021-01-13,0.85,0.881,0.835,0.843,880794,410,0.85655
DE0007314007,4097038,HDD,EUR,2021-01-14,0.837,0.88,0.822,0.851,1488004,574,0.85135
DE0007314007,4097038,HDD,EUR,2021-01-15,0.866,0.87,0.812,0.818,1038063,429,0.8346
DE0007314007,4097038,HDD,EUR,2021-01-18,0.819,0.869,0.816,0.862,1181926,534,0.84515
DE0007314007,4097038,HDD,EUR,2021-01-19,0.87,0.932,0.86,0.89,3105305,882,0.8962
DE0007314007,4097038,HDD,EUR,2021-01-20,0.921,1.198,0.909,1.136,14636848,5150,1.0996
DE0007314007,4097038,HDD,EUR,2021-01-21,1.21,1.34,1.15,1.31,15019262,6549,1.27035
DE0007314007,4097038,HDD,EUR,2021-01-22,1.341,1.363,1.176,1.277,8920321,3935,1.27005
DE0007314007,4097038,HDD,EUR,2021-01-25,1.369,1.4,1.22,1.246,7522308,3560,1.303
DE0007314007,4097038,HDD,EUR,2021-01-26,1.222,1.279,1.162,1.266,4769103,2080,1.2152
DE0007314007,4097038,HDD,EUR,2021-01-27,1.255,1.296,1.179,1.219,3897632,1747,1.2289
DE0007314007,4097038,HDD,EUR,2021-01-28,1.19,1.322,1.161,1.299,5143935,2533,1.25155
DE0007314007,4097038,HDD,EUR,2021-01-29,1.288,1.333,1.181,1.309,4088813,1812,1.27775
DE0007314007,4097038,HDD,EUR,2021-02-01,1.2,1.299,1.1,1.13,7986435,2958,1.15685
DE0007314007,4097038,HDD,EUR,2021-02-02,1.145,1.17,1.105,1.154,2531694,1327,1.13865
DE0007314007,4097038,HDD,EUR,2021-02-03,1.169,1.213,1.136,1.203,2134870,1099,1.17435
DE0007314007,4097038,HDD,EUR,2021-02-04,1.218,1.232,1.16,1.174,1132577,557,1.1858
DE0007314007,4097038,HDD,EUR,2021-02-05,1.201,1.204,1.145,1.157,1485876,734,1.16405
DE0007314007,4097038,HDD,EUR,2021-02-08,1.179,1.185,1.129,1.183,1554714,802,1.17045
DE0007314007,4097038,HDD,EUR,2021-02-09,1.185,1.211,1.157,1.193,1254747,723,1.1829
DE0007314007,4097038,HDD,EUR,2021-02-10,1.249,1.509,1.221,1.397,20260950,7327,1.41515
DE0007314007,4097038,HDD,EUR,2021-02-11,1.434,1.519,1.341,1.418,6155499,2850,1.4333
DE0007314007,4097038,HDD,EUR,2021-02-12,1.439,1.463,1.375,1.392,2187369,1349,1.40075
DE0007314007,4097038,HDD,EUR,2021-02-15,1.401,1.549,1.401,1.497,5468848,2623,1.4785
DE0007314007,4097038,HDD,EUR,2021-02-16,1.519,1.533,1.403,1.42,3815922,2180,1.4463
DE0007314007,4097038,HDD,EUR,2021-02-17,1.421,1.469,1.32,1.32,4116031,1840,1.3812
DE0007314007,4097038,HDD,EUR,2021-02-18,1.378,1.378,1.211,1.22,4381452,1939,1.2842
DE0007314007,4097038,HDD,EUR,2021-02-19,1.287,1.366,1.219,1.311,2806227,1379,1.3101
DE0007314007,4097038,HDD,EUR,2021-02-22,1.339,1.343,1.251,1.296,2363938,1224,1.28295
DE0007314007,4097038,HDD,EUR,2021-02-23,1.262,1.312,1.184,1.233,2822120,1264,1.2343
DE0007314007,4097038,HDD,EUR,2021-02-24,1.24,1.256,1.21,1.243,2036041,1093,1.23315
DE0007314007,4097038,HDD,EUR,2021-02-25,1.249,1.296,1.196,1.233,2551148,1260,1.23735
DE0007314007,4097038,HDD,EUR,2021-02-26,1.201,1.235,1.18,1.203,1922802,885,1.20605
DE0007314007,4097038,HDD,EUR,2021-03-01,1.196,1.272,1.192,1.263,2163573,817,1.24715
DE0007314007,4097038,HDD,EUR,2021-03-02,1.265,1.286,1.222,1.23,1050163,747,1.2518
DE0007314007,4097038,HDD,EUR,2021-03-03,1.225,1.257,1.187,1.206,1476468,607,1.2136
DE0007314007,4097038,HDD,EUR,2021-03-04,1.192,1.2,1.133,1.161,2803380,1186,1.1631
DE0007314007,4097038,HDD,EUR,2021-03-05,1.178,1.178,1.112,1.127,1711946,978,1.14465
DE0007314007,4097038,HDD,EUR,2021-03-08,1.149,1.182,1.116,1.168,1472136,693,1.15675
DE0007314007,4097038,HDD,EUR,2021-03-09,1.181,1.22,1.143,1.206,1536156,848,1.1786
DE0007314007,4097038,HDD,EUR,2021-03-10,1.22,1.22,1.153,1.186,1543940,675,1.17535
DE0007314007,4097038,HDD,EUR,2021-03-11,1.179,1.208,1.167,1.196,1074334,647,1.1911
DE0007314007,4097038,HDD,EUR,2021-03-12,1.196,1.21,1.176,1.192,814834,547,1.1937
DE0007314007,4097038,HDD,EUR,2021-03-15,1.183,1.214,1.173,1.181,1284964,766,1.1925
DE0007314007,4097038,HDD,EUR,2021-03-16,1.191,1.206,1.165,1.184,1281349,614,1.18205
DE0007314007,4097038,HDD,EUR,2021-03-17,1.209,1.209,1.155,1.179,1929463,744,1.1741
DE0007314007,4097038,HDD,EUR,2021-03-18,1.189,1.209,1.131,1.159,1720035,784,1.16735
DE0007314007,4097038,HDD,EUR,2021-03-19,1.144,1.174,1.131,1.148,2970183,955,1.1517
DE0007314007,4097038,HDD,EUR,2021-03-22,1.141,1.175,1.126,1.169,1006755,540,1.15465
DE0007314007,4097038,HDD,EUR,2021-03-23,1.181,1.181,1.12,1.135,1213977,656,1.136
DE0007314007,4097038,HDD,EUR,2021-03-24,1.131,1.148,1.115,1.133,803970,448,1.13295
DE0007314007,4097038,HDD,EUR,2021-03-25,1.121,1.134,1.063,1.087,2244922,953,1.09295
DE0007314007,4097038,HDD,EUR,2021-03-26,1.108,1.157,1.079,1.142,1166023,523,1.13305
DE0007314007,4097038,HDD,EUR,2021-03-29,1.157,1.158,1.106,1.111,793376,353,1.12435
DE0007314007,4097038,HDD,EUR,2021-03-30,1.111,1.156,1.11,1.145,734572,395,1.1388
DE0007314007,4097038,HDD,EUR,2021-03-31,1.156,1.198,1.13,1.148,801616,365,1.16185
DE0007314007,4097038,HDD,EUR,2021-04-01,1.204,1.33,1.188,1.28,5274406,1948,1.2784
DE0007314007,4097038,HDD,EUR,2021-04-06,1.33,1.36,1.29,1.296,2476718,1080,1.327
DE0007314007,4097038,HDD,EUR,2021-04-07,1.308,1.318,1.232,1.25,1441312,904,1.2703
DE0007314007,4097038,HDD,EUR,2021-04-08,1.278,1.298,1.24,1.264,1446522,546,1.2614
DE0007314007,4097038,HDD,EUR,2021-04-09,1.292,1.292,1.246,1.28,875768,498,1.26705
DE0007314007,4097038,HDD,EUR,2021-04-12,1.286,1.308,1.226,1.236,1610787,611,1.2604
DE0007314007,4097038,HDD,EUR,2021-04-13,1.244,1.288,1.228,1.252,861356,509,1.26335
DE0007314007,4097038,HDD,EUR,2021-04-14,1.248,1.276,1.224,1.26,1098763,429,1.25045
DE0007314007,4097038,HDD,EUR,2021-04-15,1.288,1.288,1.242,1.252,1052303,492,1.2622
DE0007314007,4097038,HDD,EUR,2021-04-16,1.278,1.284,1.232,1.28,990779,432,1.27235
DE0007314007,4097038,HDD,EUR,2021-04-19,1.288,1.298,1.236,1.248,1111350,514,1.25705
DE0007314007,4097038,HDD,EUR,2021-04-20,1.24,1.266,1.194,1.196,1603359,635,1.21295
DE0007314007,4097038,HDD,EUR,2021-04-21,1.182,1.25,1.176,1.204,962781,449,1.1937
DE0007314007,4097038,HDD,EUR,2021-04-22,1.184,1.25,1.184,1.232,901681,466,1.2331
DE0007314007,4097038,HDD,EUR,2021-04-23,1.256,1.256,1.21,1.226,496440,311,1.2217
DE0007314007,4097038,HDD,EUR,2021-04-26,1.202,1.276,1.192,1.272,1080865,587,1.2561
DE0007314007,4097038,HDD,EUR,2021-04-27,1.268,1.318,1.236,1.24,1191403,470,1.2815
DE0007314007,4097038,HDD,EUR,2021-04-28,1.318,1.486,1.252,1.422,7764865,3571,1.3903
DE0007314007,4097038,HDD,EUR,2021-04-29,1.438,1.462,1.344,1.36,2433980,1121,1.3957
DE0007314007,4097038,HDD,EUR,2021-04-30,1.344,1.394,1.334,1.344,1392262,652,1.3673
DE0007314007,4097038,HDD,EUR,2021-05-03,1.344,1.396,1.318,1.386,1330197,708,1.3648
DE0007314007,4097038,HDD,EUR,2021-05-04,1.39,1.408,1.294,1.3,1488410,717,1.3376
DE0007314007,4097038,HDD,EUR,2021-05-05,1.338,1.354,1.302,1.326,949156,505,1.331
DE0007314007,4097038,HDD,EUR,2021-05-06,1.34,1.358,1.282,1.306,1165937,540,1.3078
DE0007314007,4097038,HDD,EUR,2021-05-07,1.31,1.338,1.294,1.322,766466,388,1.3165
DE0007314007,4097038,HDD,EUR,2021-05-10,1.346,1.37,1.306,1.358,934257,517,1.3502
DE0007314007,4097038,HDD,EUR,2021-05-11,1.326,1.404,1.308,1.348,1823161,815,1.3367
DE0007314007,4097038,HDD,EUR,2021-05-12,1.368,1.42,1.338,1.414,2350479,1197,1.3922
DE0007314007,4097038,HDD,EUR,2021-05-13,1.418,1.418,1.336,1.358,870873,416,1.3636
DE0007314007,4097038,HDD,EUR,2021-05-14,1.366,1.412,1.344,1.41,1067398,696,1.3872
DE0007314007,4097038,HDD,EUR,2021-05-17,1.428,1.544,1.4,1.484,4111582,1876,1.4852
DE0007314007,4097038,HDD,EUR,2021-05-18,1.49,1.524,1.474,1.484,2988849,1381,1.4938
DE0007314007,4097038,HDD,EUR,2021-05-19,1.506,1.508,1.41,1.438,1551260,824,1.4569
DE0007314007,4097038,HDD,EUR,2021-05-20,1.478,1.65,1.444,1.624,5634889,2140,1.563
DE0007314007,4097038,HDD,EUR,2021-05-21,1.6,1.74,1.562,1.72,6479623,3437,1.6821
DE0007314007,4097038,HDD,EUR,2021-05-25,1.75,1.84,1.722,1.76,5816948,2562,1.7815
DE0007314007,4097038,HDD,EUR,2021-05-26,1.798,1.83,1.77,1.778,2630929,1423,1.7981
DE0007314007,4097038,HDD,EUR,2021-05-27,1.782,1.826,1.764,1.78,1807535,994,1.7926
DE0007314007,4097038,HDD,EUR,2021-05-28,1.762,1.9,1.762,1.868,3038149,1614,1.8407
DE0007314007,4097038,HDD,EUR,2021-05-31,1.906,1.95,1.886,1.914,3332399,1514,1.9154
DE0007314007,4097038,HDD,EUR,2021-06-01,1.932,1.964,1.864,1.894,2136204,1124,1.9001
DE0007314007,4097038,HDD,EUR,2021-06-02,1.892,1.95,1.858,1.944,2238920,1001,1.914
DE0007314007,4097038,HDD,EUR,2021-06-03,1.946,1.946,1.834,1.856,1715701,932,1.8704
DE0007314007,4097038,HDD,EUR,2021-06-04,1.87,1.95,1.846,1.936,2094565,1105,1.9151
DE0007314007,4097038,HDD,EUR,2021-06-07,1.946,1.948,1.874,1.904,1735423,967,1.911
DE0007314007,4097038,HDD,EUR,2021-06-08,1.906,1.918,1.84,1.878,2770522,1635,1.8705
DE0007314007,4097038,HDD,EUR,2021-06-09,1.888,1.904,1.562,1.67,15373251,6570,1.6593
DE0007314007,4097038,HDD,EUR,2021-06-10,1.692,1.696,1.592,1.628,4942796,2313,1.6255
DE0007314007,4097038,HDD,EUR,2021-06-11,1.662,1.772,1.612,1.73,4448149,2271,1.7148
DE0007314007,4097038,HDD,EUR,2021-06-14,1.738,1.78,1.702,1.746,2870682,1696,1.7437
DE0007314007,4097038,HDD,EUR,2021-06-15,1.766,1.79,1.7,1.708,1980875,1217,1.7405
DE0007314007,4097038,HDD,EUR,2021-06-16,1.746,1.768,1.66,1.714,1830213,869,1.6951
DE0007314007,4097038,HDD,EUR,2021-06-17,1.704,1.714,1.66,1.68,1574224,781,1.6879
DE0007314007,4097038,HDD,EUR,2021-06-18,1.704,1.728,1.66,1.698,1863227,970,1.6971
DE0007314007,4097038,HDD,EUR,2021-06-21,1.688,1.772,1.646,1.754,2317987,998,1.7276
DE0007314007,4097038,HDD,EUR,2021-06-22,1.754,1.784,1.72,1.776,947508,619,1.7588
DE0007314007,4097038,HDD,EUR,2021-06-23,1.764,1.852,1.764,1.826,1443330,896,1.8096
DE0007314007,4097038,HDD,EUR,2021-06-24,1.844,1.894,1.814,1.858,2035956,1153,1.864
DE0007314007,4097038,HDD,EUR,2021-06-25,1.878,1.964,1.842,1.93,3337118,1640,1.9227
DE0007314007,4097038,HDD,EUR,2021-06-28,1.9,2.04,1.9,2.015,3498904,1628,1.9898
DE0007314007,4097038,HDD,EUR,2021-06-29,2.025,2.075,1.992,2.065,3120146,1412,2.0331
DE0007314007,4097038,HDD,EUR,2021-06-30,2.035,2.06,1.942,2.005,2900818,1574,1.991
DE0007314007,4097038,HDD,EUR,2021-07-01,2.02,2.08,1.982,2.03,2674543,1324,2.0364
DE0007314007,4097038,HDD,EUR,2021-07-02,2.04,2.07,2.0,2.005,1529698,769,2.0296
DE0007314007,4097038,HDD,EUR,2021-07-05,2.05,2.065,1.962,2.055,2035326,855,2.0159
DE0007314007,4097038,HDD,EUR,2021-07-06,2.06,2.165,2.02,2.06,3341265,1338,2.1075
DE0007314007,4097038,HDD,EUR,2021-07-07,2.11,2.11,2.0,2.05,1980491,989,2.0438
DE0007314007,4097038,HDD,EUR,2021-07-08,2.075,2.08,1.9,1.95,3090395,1952,1.9471
DE0007314007,4097038,HDD,EUR,2021-07-09,1.986,2.05,1.962,2.035,1540857,696,2.0135
DE0007314007,4097038,HDD,EUR,2021-07-12,2.03,2.045,1.97,1.982,1168645,641,1.9957
DE0007314007,4097038,HDD,EUR,2021-07-13,1.97,2.01,1.926,1.982,1590554,924,1.9675
DE0007314007,4097038,HDD,EUR,2021-07-14,1.986,2.01,1.95,1.974,998491,652,1.9802
DE0007314007,4097038,HDD,EUR,2021-07-15,2.005,2.005,1.908,1.96,1641386,1133,1.9441
DE0007314007,4097038,HDD,EUR,2021-07-16,1.96,2.045,1.914,1.936,2145057,1247,1.9716
DE0007314007,4097038,HDD,EUR,2021-07-19,1.958,1.958,1.764,1.8,4496724,2139,1.8296
DE0007314007,4097038,HDD,EUR,2021-07-20,1.814,1.86,1.78,1.844,2769930,1397,1.8198
DE0007314007,4097038,HDD,EUR,2021-07-21,1.878,1.936,1.842,1.924,2993422,1697,1.8874
DE0007314007,4097038,HDD,EUR,2021-07-22,1.932,2.06,1.912,2.035,3147974,2343,2.0052
DE0007314007,4097038,HDD,EUR,2021-07-23,2.025,2.05,1.99,1.998,1348984,701,2.0178
DE0007314007,4097038,HDD,EUR,2021-07-26,2.005,2.06,1.99,2.06,1551288,641,2.0317
DE0007314007,4097038,HDD,EUR,2021-07-27,2.05,2.06,1.962,2.03,1068039,533,2.0349
DE0007314007,4097038,HDD,EUR,2021-07-28,2.0,2.055,1.996,2.01,715843,423,2.0196
DE0007314007,4097038,HDD,EUR,2021-07-29,2.03,2.04,2.0,2.03,869674,436,2.0171
DE0007314007,4097038,HDD,EUR,2021-07-30,2.025,2.025,1.94,1.968,1531816,854,1.9667
DE0007314007,4097038,HDD,EUR,2021-08-02,1.988,1.992,1.928,1.93,783239,407,1.9562
DE0007314007,4097038,HDD,EUR,2021-08-03,1.96,1.968,1.888,1.934,1169849,777,1.9257
DE0007314007,4097038,HDD,EUR,2021-08-04,1.97,1.998,1.79,1.826,6340566,3799,1.8495
DE0007314007,4097038,HDD,EUR,2021-08-05,1.872,2.015,1.806,1.992,5105009,2938,1.9113
DE0007314007,4097038,HDD,EUR,2021-08-06,1.976,2.01,1.896,1.914,2953017,1620,1.9439
DE0007314007,4097038,HDD,EUR,2021-08-09,1.948,1.968,1.852,1.896,3847715,2117,1.8839
DE0007314007,4097038,HDD,EUR,2021-08-10,1.912,1.972,1.87,1.964,2906591,1427,1.9321
DE0007314007,4097038,HDD,EUR,2021-08-11,1.958,1.966,1.884,1.898,1880609,1028,1.9058
DE0007314007,4097038,HDD,EUR,2021-08-12,1.904,1.924,1.884,1.912,1017965,694,1.9017
DE0007314007,4097038,HDD,EUR,2021-08-13,1.9,1.974,1.9,1.964,2745709,1758,1.9483
DE0007314007,4097038,HDD,EUR,2021-08-16,1.966,2.075,1.916,2.05,4767961,2132,2.0046
DE0007314007,4097038,HDD,EUR,2021-08-17,2.045,2.19,2.025,2.16,5029681,2305,2.1331
DE0007314007,4097038,HDD,EUR,2021-08-18,2.16,2.24,2.115,2.22,3635785,1903,2.1853
DE0007314007,4097038,HDD,EUR,2021-08-19,2.19,2.23,2.11,2.195,3241073,1636,2.1762
DE0007314007,4097038,HDD,EUR,2021-08-20,2.18,2.28,2.035,2.105,2208563,1146,2.0972
DE0007314007,4097038,HDD,EUR,2021-08-23,2.175,2.18,2.11,2.17,1663663,879,2.1505
DE0007314007,4097038,HDD,EUR,2021-08-24,2.175,2.21,2.135,2.15,1225356,724,2.1738
DE0007314007,4097038,HDD,EUR,2021-08-25,2.17,2.18,2.1,2.135,1800541,775,2.13
DE0007314007,4097038,HDD,EUR,2021-08-26,2.09,2.23,2.075,2.19,2526388,1098,2.1664
DE0007314007,4097038,HDD,EUR,2021-08-27,2.16,2.245,2.145,2.195,2139889,964,2.1981
DE0007314007,4097038,HDD,EUR,2021-08-30,2.205,2.345,2.175,2.33,3612700,1461,2.2932
DE0007314007,4097038,HDD,EUR,2021-08-31,2.325,2.41,2.305,2.35,3399634,1631,2.3625
DE0007314007,4097038,HDD,EUR,2021-09-01,2.33,2.375,2.21,2.235,3373186,1664,2.2586
DE0007314007,4097038,HDD,EUR,2021-09-02,2.255,2.29,2.225,2.26,1864687,1176,2.2584
DE0007314007,4097038,HDD,EUR,2021-09-03,2.255,2.275,2.175,2.245,1649707,869,2.2176
DE0007314007,4097038,HDD,EUR,2021-09-06,2.285,2.3,2.22,2.255,1695936,903,2.2565
DE0007314007,4097038,HDD,EUR,2021-09-07,2.275,2.325,2.245,2.3,1179512,614,2.2957
DE0007314007,4097038,HDD,EUR,2021-09-08,2.28,2.315,2.21,2.26,1541003,886,2.2609
DE0007314007,4097038,HDD,EUR,2021-09-09,2.215,2.23,2.14,2.22,1860450,775,2.1845
DE0007314007,4097038,HDD,EUR,2021-09-10,2.23,2.245,2.195,2.225,692568,438,2.2222
DE0007314007,4097038,HDD,EUR,2021-09-13,2.22,2.26,2.205,2.225,875922,503,2.2301
DE0007314007,4097038,HDD,EUR,2021-09-14,2.22,2.24,2.14,2.185,1494297,784,2.1788
DE0007314007,4097038,HDD,EUR,2021-09-15,2.16,2.2,2.115,2.13,1259596,756,2.144
DE0007314007,4097038,HDD,EUR,2021-09-16,2.14,2.155,2.105,2.12,853451,413,2.1275
DE0007314007,4097038,HDD,EUR,2021-09-17,2.14,2.17,2.055,2.07,2238719,1017,2.0914
DE0007314007,4097038,HDD,EUR,2021-09-20,2.06,2.08,1.956,2.035,4014170,2091,2.0074
DE0007314007,4097038,HDD,EUR,2021-09-21,2.03,2.095,2.005,2.035,1645496,1761,2.045
DE0007314007,4097038,HDD,EUR,2021-09-22,2.075,2.095,2.01,2.09,1251810,590,2.0523
DE0007314007,4097038,HDD,EUR,2021-09-23,2.085,2.15,2.08,2.14,1665419,740,2.1214
DE0007314007,4097038,HDD,EUR,2021-09-24,2.145,2.205,2.1,2.18,1892763,827,2.1606
DE0007314007,4097038,HDD,EUR,2021-09-27,2.15,2.21,2.15,2.185,1036167,805,2.184
DE0007314007,4097038,HDD,EUR,2021-09-28,2.18,2.2,2.13,2.165,1239784,596,2.1607
DE0007314007,4097038,HDD,EUR,2021-09-29,2.16,2.165,1.98,1.994,3489725,1616,2.0417
DE0007314007,4097038,HDD,EUR,2021-09-30,2.015,2.05,1.96,1.978,2022620,1219,1.9879
DE0007314007,4097038,HDD,EUR,2021-10-01,1.966,1.994,1.912,1.93,1907711,1005,1.9467
DE0007314007,4097038,HDD,EUR,2021-10-04,1.926,1.956,1.812,1.904,3438339,1690,1.8909
DE0007314007,4097038,HDD,EUR,2021-10-05,1.878,1.942,1.858,1.924,1692183,1020,1.9013
DE0007314007,4097038,HDD,EUR,2021-10-06,1.9,1.92,1.866,1.882,1617921,880,1.8859
DE0007314007,4097038,HDD,EUR,2021-10-07,1.898,1.932,1.862,1.906,1652912,1078,1.8981
DE0007314007,4097038,HDD,EUR,2021-10-08,1.916,1.962,1.89,1.934,990666,554,1.9359
DE0007314007,4097038,HDD,EUR,2021-10-11,1.952,1.952,1.912,1.938,746922,546,1.9298
DE0007314007,4097038,HDD,EUR,2021-10-12,1.928,2.035,1.902,2.005,1794779,778,1.9971
DE0007314007,4097038,HDD,EUR,2021-10-13,2.03,2.08,1.996,2.04,1297488,673,2.0505
DE0007314007,4097038,HDD,EUR,2021-10-14,2.055,2.115,2.03,2.095,1927667,1021,2.091
DE0007314007,4097038,HDD,EUR,2021-10-15,2.1,2.18,2.08,2.115,1789426,782,2.1328
DE0007314007,4097038,HDD,EUR,2021-10-18,2.125,2.15,2.07,2.11,1461403,743,2.1052
DE0007314007,4097038,HDD,EUR,2021-10-19,2.08,2.145,2.04,2.065,1081186,569,2.0796
DE0007314007,4097038,HDD,EUR,2021-10-20,2.075,2.075,2.0,2.04,1461682,614,2.0265
DE0007314007,4097038,HDD,EUR,2021-10-21,2.015,2.08,1.986,2.05,1188393,448,2.0416
DE0007314007,4097038,HDD,EUR,2021-10-22,2.035,2.075,2.005,2.04,1183443,618,2.0392
DE0007314007,4097038,HDD,EUR,2021-10-25,2.035,2.06,2.01,2.04,1445290,721,2.0368
DE0007314007,4097038,HDD,EUR,2021-10-26,2.025,2.145,2.025,2.085,2072392,950,2.0929
DE0007314007,4097038,HDD,EUR,2021-10-27,2.095,2.125,2.06,2.105,1607453,894,2.1024
DE0007314007,4097038,HDD,EUR,2021-10-28,2.115,2.145,2.055,2.11,1411913,752,2.0989
DE0007314007,4097038,HDD,EUR,2021-10-29,2.11,2.293,2.085,2.23,6203414,2510,2.2341
DE0007314007,4097038,HDD,EUR,2021-11-01,2.265,2.515,2.235,2.43,6274373,2915,2.4082
DE0007314007,4097038,HDD,EUR,2021-11-02,2.395,2.49,2.345,2.375,3327998,1792,2.4133
DE0007314007,4097038,HDD,EUR,2021-11-03,2.355,2.545,2.315,2.47,5026394,2241,2.4827
DE0007314007,4097038,HDD,EUR,2021-11-04,2.475,2.57,2.41,2.55,3417531,1705,2.5016
DE0007314007,4097038,HDD,EUR,2021-11-05,2.545,2.595,2.42,2.475,2987916,1580,2.4929
DE0007314007,4097038,HDD,EUR,2021-11-08,2.45,2.51,2.41,2.44,1916291,1033,2.466
DE0007314007,4097038,HDD,EUR,2021-11-09,2.445,2.49,2.38,2.405,1373382,777,2.4252
DE0007314007,4097038,HDD,EUR,2021-11-10,2.48,2.5,2.305,2.375,2605041,1382,2.3654
DE0007314007,4097038,HDD,EUR,2021-11-11,2.35,2.695,2.325,2.64,7945635,4209,2.5876
DE0007314007,4097038,HDD,EUR,2021-11-12,2.64,2.77,2.54,2.73,5677514,2799,2.6835
DE0007314007,4097038,HDD,EUR,2021-11-15,2.68,2.885,2.675,2.85,5941041,3303,2.8021
DE0007314007,4097038,HDD,EUR,2021-11-16,2.805,2.87,2.73,2.755,2291177,1587,2.7863
DE0007314007,4097038,HDD,EUR,2021-11-17,2.78,2.79,2.655,2.685,2102925,1291,2.7075
DE0007314007,4097038,HDD,EUR,2021-11-18,2.68,2.73,2.555,2.585,2284068,1421,2.6178
DE0007314007,4097038,HDD,EUR,2021-11-19,2.635,2.635,2.535,2.575,1503813,893,2.5785
DE0007314007,4097038,HDD,EUR,2021-11-22,2.61,2.665,2.565,2.61,2018180,1333,2.6268
DE0007314007,4097038,HDD,EUR,2021-11-23,2.63,2.65,2.42,2.43,3541114,2023,2.4794
DE0007314007,4097038,HDD,EUR,2021-11-24,2.425,2.47,2.375,2.43,2322965,1595,2.4152
DE0007314007,4097038,HDD,EUR,2021-11-25,2.46,2.48,2.405,2.43,1196104,781,2.4444
DE0007314007,4097038,HDD,EUR,2021-11-26,2.39,2.405,2.245,2.35,3894376,1994,2.3527
DE0007314007,4097038,HDD,EUR,2021-11-29,2.265,2.53,2.265,2.47,4770674,2847,2.4537
DE0007314007,4097038,HDD,EUR,2021-11-30,2.465,2.53,2.4,2.415,11302554,2402,2.4238
DE0007314007,4097038,HDD,EUR,2021-12-01,2.46,2.59,2.405,2.585,2427491,1408,2.5342
DE0007314007,4097038,HDD,EUR,2021-12-02,2.525,2.595,2.455,2.48,1865635,1313,2.5108
DE0007314007,4097038,HDD,EUR,2021-12-03,2.555,2.555,2.445,2.465,1652801,1173,2.486
DE0007314007,4097038,HDD,EUR,2021-12-06,2.575,2.58,2.465,2.53,1445685,1099,2.5141
DE0007314007,4097038,HDD,EUR,2021-12-07,2.56,2.75,2.537,2.7,3349103,2017,2.662
DE0007314007,4097038,HDD,EUR,2021-12-08,2.74,2.795,2.685,2.75,2952277,2539,2.7401
DE0007314007,4097038,HDD,EUR,2021-12-09,2.755,2.84,2.74,2.785,1867330,1325,2.7884
DE0007314007,4097038,HDD,EUR,2021-12-10,2.775,2.805,2.735,2.755,1036515,722,2.7729
DE0007314007,4097038,HDD,EUR,2021-12-13,2.73,2.825,2.705,2.73,1329332,875,2.7621
DE0007314007,4097038,HDD,EUR,2021-12-14,2.725,2.75,2.57,2.61,1424992,1165,2.6497
DE0007314007,4097038,HDD,EUR,2021-12-15,2.58,2.695,2.57,2.635,898185,691,2.6183
DE0007314007,4097038,HDD,EUR,2021-12-16,2.695,2.78,2.67,2.69,1277113,1165,2.7053
DE0007314007,4097038,HDD,EUR,2021-12-17,2.68,2.71,2.595,2.67,2125412,1085,2.6533
DE0007314007,4097038,HDD,EUR,2021-12-20,2.635,2.71,2.52,2.675,2121088,1330,2.6093
DE0007314007,4097038,HDD,EUR,2021-12-21,2.68,2.7,2.63,2.685,697581,523,2.6698
DE0007314007,4097038,HDD,EUR,2021-12-22,2.685,2.8,2.647,2.8,1667378,880,2.7459
DE0007314007,4097038,HDD,EUR,2021-12-23,2.795,2.82,2.715,2.735,1232979,802,2.7584
DE0007314007,4097038,HDD,EUR,2021-12-27,2.755,2.78,2.7,2.77,1049503,940,2.7459
DE0007314007,4097038,HDD,EUR,2021-12-28,2.77,2.865,2.725,2.73,2757000,1528,2.7917
DE0007314007,4097038,HDD,EUR,2021-12-29,2.745,2.765,2.63,2.65,1433176,1310,2.6869
DE0007314007,4097038,HDD,EUR,2021-12-30,2.685,2.695,2.595,2.645,985297,624,2.6253
DE0007314007,4097038,HDD,EUR,2022-01-03,2.7,3.07,2.68,2.95,4847636,3179,2.8684
DE0007314007,4097038,HDD,EUR,2022-01-04,2.985,3.07,2.89,3.02,4281336,2810,3.0071
DE0007314007,4097038,HDD,EUR,2022-01-05,3.035,3.145,2.9,2.965,3283790,2381,3.0385
DE0007314007,4097038,HDD,EUR,2022-01-06,2.925,2.995,2.865,2.945,1897770,1373,2.9336
DE0007314007,4097038,HDD,EUR,2022-01-07,2.98,2.98,2.885,2.94,1337617,996,2.9135
DE0007314007,4097038,HDD,EUR,2022-01-10,2.99,2.99,2.645,2.67,4419011,2715,2.7634
DE0007314007,4097038,HDD,EUR,2022-01-11,2.78,2.795,2.645,2.715,3040518,2133,2.701
DE0007314007,4097038,HDD,EUR,2022-01-12,2.72,2.87,2.72,2.84,2138250,1689,2.8131
DE0007314007,4097038,HDD,EUR,2022-01-13,2.86,2.86,2.755,2.79,1580834,1779,2.7969
DE0007314007,4097038,HDD,EUR,2022-01-14,2.785,2.8,2.685,2.7,1479889,1300,2.7266
DE0007314007,4097038,HDD,EUR,2022-01-17,2.705,2.88,2.675,2.865,2260778,1892,2.7897
DE0007314007,4097038,HDD,EUR,2022-01-18,2.85,2.895,2.75,2.82,1492783,1158,2.8034
DE0007314007,4097038,HDD,EUR,2022-01-19,2.8,2.83,2.685,2.705,3374986,2407,2.7218
DE0007314007,4097038,HDD,EUR,2022-01-20,2.735,2.795,2.7,2.78,1853390,1529,2.7551
DE0007314007,4097038,HDD,EUR,2022-01-21,2.735,2.765,2.575,2.64,3548672,2157,2.6484
DE0007314007,4097038,HDD,EUR,2022-01-24,2.6,2.67,2.32,2.415,5598970,4167,2.4608
DE0007314007,4097038,HDD,EUR,2022-01-25,2.64,2.64,2.39,2.545,3740539,2351,2.5068
DE0007314007,4097038,HDD,EUR,2022-01-26,2.605,2.69,2.575,2.65,1670808,1213,2.6357
DE0007314007,4097038,HDD,EUR,2022-01-27,2.635,2.7,2.525,2.66,1986168,1337,2.6354
DE0007314007,4097038,HDD,EUR,2022-01-28,2.635,2.67,2.565,2.615,1294617,779,2.6082
DE0007314007,4097038,HDD,EUR,2022-01-31,2.745,2.805,2.67,2.755,2554297,1643,2.7465
DE0007314007,4097038,HDD,EUR,2022-02-01,2.79,2.825,2.7,2.745,1382126,1143,2.7389
DE0007314007,4097038,HDD,EUR,2022-02-02,2.74,2.83,2.7,2.775,2104892,1412,2.7898
DE0007314007,4097038,HDD,EUR,2022-02-03,2.785,2.805,2.705,2.74,1330916,975,2.742
DE0007314007,4097038,HDD,EUR,2022-02-04,2.735,2.775,2.64,2.68,1490834,1093,2.6857
DE0007314007,4097038,HDD,EUR,2022-02-07,2.72,2.735,2.58,2.625,1917135,1453,2.626
DE0007314007,4097038,HDD,EUR,2022-02-08,2.63,2.655,2.53,2.575,2551893,2043,2.5826
DE0007314007,4097038,HDD,EUR,2022-02-09,2.685,2.96,2.63,2.94,8833184,5214,2.855
DE0007314007,4097038,HDD,EUR,2022-02-10,2.94,3.1,2.835,3.07,6458482,4252,3.0056
DE0007314007,4097038,HDD,EUR,2022-02-11,3.01,3.055,2.72,2.765,9304144,5870,2.8027
DE0007314007,4097038,HDD,EUR,2022-02-14,2.67,2.72,2.53,2.54,5626286,3576,2.5892
DE0007314007,4097038,HDD,EUR,2022-02-15,2.55,2.695,2.53,2.655,3770930,2542,2.6317
DE0007314007,4097038,HDD,EUR,2022-02-16,2.7,2.8,2.66,2.75,3478150,1863,2.7503
DE0007314007,4097038,HDD,EUR,2022-02-17,2.705,2.805,2.61,2.65,4435321,2460,2.7015
DE0007314007,4097038,HDD,EUR,2022-02-18,2.64,2.68,2.495,2.62,2432786,1009,2.6119
DE0007314007,4097038,HDD,EUR,2022-02-21,2.61,2.64,2.22,2.385,4830842,3026,2.4386
DE0007314007,4097038,HDD,EUR,2022-02-22,2.215,2.445,2.2,2.39,5052533,2674,2.371
DE0007314007,4097038,HDD,EUR,2022-02-23,2.415,2.49,2.375,2.415,2747660,2108,2.448
DE0007314007,4097038,HDD,EUR,2022-02-24,2.24,2.415,2.195,2.365,5208677,3330,2.3185
DE0007314007,4097038,HDD,EUR,2022-02-25,2.405,2.53,2.35,2.505,3106268,1763,2.4563
DE0007314007,4097038,HDD,EUR,2022-02-28,2.435,2.55,2.395,2.52,2542722,1806,2.4706
DE0007314007,4097038,HDD,EUR,2022-03-01,2.52,2.54,2.345,2.38,2184214,1377,2.4388
DE0007314007,4097038,HDD,EUR,2022-03-02,2.365,2.465,2.28,2.43,3464618,2032,2.3819
DE0007314007,4097038,HDD,EUR,2022-03-03,2.465,2.475,2.36,2.4,2280504,1205,2.402
DE0007314007,4097038,HDD,EUR,2022-03-04,2.34,2.37,2.205,2.22,3508383,1898,2.2626
DE0007314007,4097038,HDD,EUR,2022-03-07,2.2,2.2,1.946,2.1,6704006,3814,2.0673
DE0007314007,4097038,HDD,EUR,2022-03-08,2.005,2.3,1.998,2.18,2748806,1849,2.1878
DE0007314007,4097038,HDD,EUR,2022-03-09,2.295,2.42,2.22,2.375,2565281,1534,2.3206
DE0007314007,4097038,HDD,EUR,2022-03-10,2.405,2.405,2.29,2.3,2374324,1467,2.3259
DE0007314007,4097038,HDD,EUR,2022-03-11,2.295,2.47,2.29,2.385,2238942,1278,2.4074
DE0007314007,4097038,HDD,EUR,2022-03-14,2.41,2.505,2.395,2.465,1756742,978,2.4713
DE0007314007,4097038,HDD,EUR,2022-03-15,2.46,2.46,2.365,2.42,1795225,816,2.4082
DE0007314007,4097038,HDD,EUR,2022-03-16,2.455,2.595,2.445,2.585,2712620,1484,2.5466
DE0007314007,4097038,HDD,EUR,2022-03-17,2.58,2.63,2.56,2.615,1539685,850,2.598
DE0007314007,4097038,HDD,EUR,2022-03-18,2.595,2.625,2.525,2.625,1169259,632,2.5835
DE0007314007,4097038,HDD,EUR,2022-03-21,2.605,2.72,2.55,2.68,2223316,1257,2.6803
DE0007314007,4097038,HDD,EUR,2022-03-22,2.65,2.71,2.61,2.635,1263120,740,2.6458
DE0007314007,4097038,HDD,EUR,2022-03-23,2.67,2.71,2.61,2.665,2186454,1273,2.6588
DE0007314007,4097038,HDD,EUR,2022-03-24,2.55,2.66,2.505,2.51,2220885,1312,2.5553
DE0007314007,4097038,HDD,EUR,2022-03-25,2.495,2.55,2.42,2.45,1513503,856,2.4849
DE0007314007,4097038,HDD,EUR,2022-03-28,2.49,2.55,2.42,2.465,1789476,1400,2.4614
DE0007314007,4097038,HDD,EUR,2022-03-29,2.525,2.645,2.48,2.63,1643838,1092,2.5722
DE0007314007,4097038,HDD,EUR,2022-03-30,2.585,2.595,2.425,2.45,2494835,1419,2.4752
DE0007314007,4097038,HDD,EUR,2022-03-31,2.465,2.495,2.355,2.39,1498266,892,2.4197
DE0007314007,4097038,HDD,EUR,2022-04-01,2.376,2.444,2.372,2.418,905300,867,2.4133
DE0007314007,4097038,HDD,EUR,2022-04-04,2.424,2.454,2.364,2.436,1325828,821,2.4101
DE0007314007,4097038,HDD,EUR,2022-04-05,2.454,2.51,2.36,2.378,1548930,1178,2.427
DE0007314007,4097038,HDD,EUR,2022-04-06,2.372,2.392,2.22,2.252,2049073,1357,2.2631
DE0007314007,4097038,HDD,EUR,2022-04-07,2.254,2.29,2.192,2.214,1948607,1784,2.231
DE0007314007,4097038,HDD,EUR,2022-04-08,2.246,2.26,2.176,2.21,1382970,1073,2.2077
DE0007314007,4097038,HDD,EUR,2022-04-11,2.16,2.202,2.128,2.16,1714118,1142,2.1584
DE0007314007,4097038,HDD,EUR,2022-04-12,2.148,2.168,2.082,2.152,1323598,934,2.1315
DE0007314007,4097038,HDD,EUR,2022-04-13,2.162,2.172,2.1,2.134,708315,660,2.1221
DE0007314007,4097038,HDD,EUR,2022-04-14,2.148,2.178,2.104,2.152,726658,546,2.1466
DE0007314007,4097038,HDD,EUR,2022-04-19,2.166,2.26,2.112,2.208,1483978,1141,2.1685
DE0007314007,4097038,HDD,EUR,2022-04-20,2.228,2.308,2.188,2.28,1746884,2279,2.2711
DE0007314007,4097038,HDD,EUR,2022-04-21,2.3,2.36,2.252,2.326,1484285,1688,2.3198
DE0007314007,4097038,HDD,EUR,2022-04-22,2.276,2.298,2.202,2.228,1047844,979,2.24755
DE0007314007,4097038,HDD,EUR,2022-04-25,2.216,2.234,2.14,2.14,1447486,1507,2.1718
DE0007314007,4097038,HDD,EUR,2022-04-26,2.21,2.226,2.068,2.106,1162034,1615,2.13975
DE0007314007,4097038,HDD,EUR,2022-04-27,2.068,2.164,2.064,2.108,1438446,1384,2.1271
DE0007314007,4097038,HDD,EUR,2022-04-28,2.156,2.176,2.086,2.102,1636151,1368,2.1178
DE0007314007,4097038,HDD,EUR,2022-04-29,2.168,2.2,2.112,2.132,1314901,1741,2.14535
DE0007314007,4097038,HDD,EUR,2022-05-02,2.14,2.146,2.022,2.09,1571426,1355,2.0883
DE0007314007,4097038,HDD,EUR,2022-05-03,2.098,2.136,2.084,2.096,1093662,1254,2.10245
DE0007314007,4097038,HDD,EUR,2022-05-04,2.094,2.14,2.064,2.08,1845456,1432,2.0867
DE0007314007,4097038,HDD,EUR,2022-05-05,2.14,2.188,1.924,1.944,3566227,2677,2.0283
DE0007314007,4097038,HDD,EUR,2022-05-06,1.983,2.118,1.901,1.942,4202104,3974,1.97555
DE0007314007,4097038,HDD,EUR,2022-05-09,1.93,1.978,1.794,1.819,3527066,3108,1.84615
DE0007314007,4097038,HDD,EUR,2022-05-10,1.81,1.86,1.801,1.805,2203533,2226,1.8345
DE0007314007,4097038,HDD,EUR,2022-05-11,1.843,1.847,1.75,1.798,2187543,2040,1.79505
DE0007314007,4097038,HDD,EUR,2022-05-12,1.79,1.799,1.668,1.78,4027542,3669,1.71865
DE0007314007,4097038,HDD,EUR,2022-05-13,1.799,1.86,1.798,1.86,1572317,1824,1.835
DE0007314007,4097038,HDD,EUR,2022-05-16,1.869,1.889,1.815,1.863,1139814,1712,1.85975
DE0007314007,4097038,HDD,EUR,2022-05-17,1.887,1.945,1.864,1.908,1311755,1308,1.91655
DE0007314007,4097038,HDD,EUR,2022-05-18,1.919,1.948,1.801,1.833,1256759,1378,1.8758
DE0007314007,4097038,HDD,EUR,2022-05-19,1.831,1.831,1.731,1.797,2036753,2457,1.7661
DE0007314007,4097038,HDD,EUR,2022-05-20,1.819,1.878,1.773,1.819,2071677,1700,1.8406
DE0007314007,4097038,HDD,EUR,2022-05-23,1.831,1.869,1.82,1.844,1396188,1265,1.8417
DE0007314007,4097038,HDD,EUR,2022-05-24,1.842,1.842,1.791,1.796,1312116,1353,1.81235
DE0007314007,4097038,HDD,EUR,2022-05-25,1.838,1.859,1.787,1.837,886092,930,1.81915
DE0007314007,4097038,HDD,EUR,2022-05-26,1.85,1.909,1.817,1.877,925553,767,1.85925
DE0007314007,4097038,HDD,EUR,2022-05-27,1.859,1.949,1.859,1.923,1308568,1278,1.9226
DE0007314007,4097038,HDD,EUR,2022-05-30,1.989,2.01,1.931,1.999,1268249,1673,1.9874
DE0007314007,4097038,HDD,EUR,2022-05-31,2.01,2.01,1.921,1.966,1566803,1633,1.97655
DE0007314007,4097038,HDD,EUR,2022-06-01,1.969,1.998,1.911,1.929,878001,1256,1.9495
DE0007314007,4097038,HDD,EUR,2022-06-02,1.943,2.0,1.91,1.984,679293,1099,1.96805
DE0007314007,4097038,HDD,EUR,2022-06-03,2.002,2.038,1.951,1.975,1123622,1121,2.00325
DE0007314007,4097038,HDD,EUR,2022-06-06,2.012,2.026,1.951,2.012,623658,787,1.9957
DE0007314007,4097038,HDD,EUR,2022-06-07,2.012,2.028,1.946,1.973,1362485,1570,1.97125
DE0007314007,4097038,HDD,EUR,2022-06-08,1.964,2.018,1.941,1.965,1247985,1938,1.9634
DE0007314007,4097038,HDD,EUR,2022-06-09,1.984,2.034,1.865,1.872,3628341,2971,1.94
DE0007314007,4097038,HDD,EUR,2022-06-10,1.875,1.9,1.75,1.762,4820953,3108,1.78665
DE0007314007,4097038,HDD,EUR,2022-06-13,1.755,1.775,1.691,1.714,3582005,2428,1.72305
DE0007314007,4097038,HDD,EUR,2022-06-14,1.755,1.769,1.608,1.627,3619489,3014,1.67125
DE0007314007,4097038,HDD,EUR,2022-06-15,1.644,1.696,1.604,1.666,2450803,2017,1.64395
DE0007314007,4097038,HDD,EUR,2022-06-16,1.689,1.692,1.56,1.577,1754153,1434,1.5988
DE0007314007,4097038,HDD,EUR,2022-06-17,1.608,1.65,1.58,1.636,1640436,1274,1.627
DE0007314007,4097038,HDD,EUR,2022-06-20,1.648,1.676,1.593,1.636,1814806,942,1.61985
DE0007314007,4097038,HDD,EUR,2022-06-21,1.647,1.678,1.601,1.63,1094282,1000,1.6407
DE0007314007,4097038,HDD,EUR,2022-06-22,1.611,1.627,1.531,1.58,1923139,1265,1.5598
DE0007314007,4097038,HDD,EUR,2022-06-23,1.593,1.607,1.52,1.521,1208549,1861,1.5392
DE0007314007,4097038,HDD,EUR,2022-06-24,1.558,1.583,1.511,1.551,1911407,1980,1.5373
DE0007314007,4097038,HDD,EUR,2022-06-27,1.591,1.611,1.5495,1.561,989679,816,1.5803
DE0007314007,4097038,HDD,EUR,2022-06-28,1.579,1.62,1.56,1.56,1159397,902,1.58365
DE0007314007,4097038,HDD,EUR,2022-06-29,1.574,1.599,1.45,1.463,2676324,1796,1.4871
DE0007314007,4097038,HDD,EUR,2022-06-30,1.481,1.482,1.387,1.425,2487468,1401,1.41445
DE0007314007,4097038,HDD,EUR,2022-07-01,1.419,1.473,1.39,1.426,1764709,1080,1.43985
DE0007314007,4097038,HDD,EUR,2022-07-04,1.451,1.467,1.411,1.42,1004477,722,1.4283
DE0007314007,4097038,HDD,EUR,2022-07-05,1.411,1.448,1.358,1.366,1641856,1274,1.37895
DE0007314007,4097038,HDD,EUR,2022-07-06,1.375,1.408,1.373,1.391,1343821,1281,1.39195
DE0007314007,4097038,HDD,EUR,2022-07-07,1.394,1.457,1.394,1.439,1384280,1186,1.43175
DE0007314007,4097038,HDD,EUR,2022-07-08,1.422,1.503,1.41,1.47,1189011,1459,1.45035
DE0007314007,4097038,HDD,EUR,2022-07-11,1.458,1.473,1.422,1.437,1324953,1162,1.44755
DE0007314007,4097038,HDD,EUR,2022-07-12,1.427,1.448,1.383,1.424,1423672,1413,1.40895
DE0007314007,4097038,HDD,EUR,2022-07-13,1.405,1.441,1.375,1.417,1166854,1262,1.4039
DE0007314007,4097038,HDD,EUR,2022-07-14,1.401,1.421,1.347,1.369,1431258,1095,1.37745
DE0007314007,4097038,HDD,EUR,2022-07-15,1.371,1.419,1.3705,1.405,2185518,2023,1.39205
DE0007314007,4097038,HDD,EUR,2022-07-18,1.436,1.47,1.396,1.41,1526406,1285,1.43075
DE0007314007,4097038,HDD,EUR,2022-07-19,1.408,1.48,1.376,1.464,1417287,1315,1.42935
DE0007314007,4097038,HDD,EUR,2022-07-20,1.479,1.513,1.451,1.493,1508950,1220,1.48375
DE0007314007,4097038,HDD,EUR,2022-07-21,1.508,1.511,1.463,1.485,946747,911,1.4838
DE0007314007,4097038,HDD,EUR,2022-07-22,1.481,1.496,1.46,1.477,506856,647,1.48115
DE0007314007,4097038,HDD,EUR,2022-07-25,1.475,1.497,1.437,1.466,581371,606,1.4721
DE0007314007,4097038,HDD,EUR,2022-07-26,1.45,1.48,1.411,1.412,667354,686,1.432
DE0007314007,4097038,HDD,EUR,2022-07-27,1.449,1.449,1.385,1.443,872955,572,1.42815
DE0007314007,4097038,HDD,EUR,2022-07-28,1.439,1.479,1.422,1.442,572328,431,1.4485
DE0007314007,4097038,HDD,EUR,2022-07-29,1.449,1.502,1.441,1.491,1558035,1010,1.48785
DE0007314007,4097038,HDD,EUR,2022-08-01,1.5,1.51,1.459,1.476,688682,656,1.48515
DE0007314007,4097038,HDD,EUR,2022-08-02,1.463,1.474,1.39,1.43,1643153,1514,1.4201
DE0007314007,4097038,HDD,EUR,2022-08-03,1.412,1.505,1.412,1.494,1071258,1235,1.4737
DE0007314007,4097038,HDD,EUR,2022-08-04,1.499,1.532,1.487,1.514,1438198,994,1.51395
DE0007314007,4097038,HDD,EUR,2022-08-05,1.549,1.549,1.458,1.468,1377706,1215,1.48275
DE0007314007,4097038,HDD,EUR,2022-08-08,1.493,1.53,1.468,1.5,2057277,1598,1.49
DE0007314007,4097038,HDD,EUR,2022-08-09,1.508,1.508,1.385,1.399,3037276,1772,1.4177
DE0007314007,4097038,HDD,EUR,2022-08-10,1.424,1.702,1.424,1.658,7822419,4597,1.62185
DE0007314007,4097038,HDD,EUR,2022-08-11,1.697,1.77,1.641,1.752,3510122,3001,1.7252
DE0007314007,4097038,HDD,EUR,2022-08-12,1.73,1.795,1.722,1.769,2311206,2447,1.7667
DE0007314007,4097038,HDD,EUR,2022-08-15,1.784,1.792,1.641,1.658,2204991,1536,1.68115
DE0007314007,4097038,HDD,EUR,2022-08-16,1.678,1.682,1.614,1.638,2126146,1347,1.6496
DE0007314007,4097038,HDD,EUR,2022-08-17,1.635,1.653,1.592,1.6,1267562,725,1.61235
DE0007314007,4097038,HDD,EUR,2022-08-18,1.601,1.628,1.586,1.607,925704,709,1.6057
DE0007314007,4097038,HDD,EUR,2022-08-19,1.619,1.619,1.532,1.543,1369025,910,1.55685
DE0007314007,4097038,HDD,EUR,2022-08-22,1.6,1.6,1.47,1.482,1546801,943,1.5105
DE0007314007,4097038,HDD,EUR,2022-08-23,1.491,1.55,1.46,1.509,1589515,1012,1.51935
DE0007314007,4097038,HDD,EUR,2022-08-24,1.504,1.545,1.494,1.523,697529,566,1.51355
DE0007314007,4097038,HDD,EUR,2022-08-25,1.548,1.569,1.491,1.511,1078804,688,1.519
DE0007314007,4097038,HDD,EUR,2022-08-26,1.513,1.534,1.448,1.471,879753,612,1.4997
DE0007314007,4097038,HDD,EUR,2022-08-29,1.457,1.476,1.417,1.453,1498015,859,1.44365
DE0007314007,4097038,HDD,EUR,2022-08-30,1.459,1.505,1.445,1.472,829706,708,1.47985
DE0007314007,4097038,HDD,EUR,2022-08-31,1.492,1.5,1.45,1.456,464908,435,1.46535
DE0007314007,4097038,HDD,EUR,2022-09-01,1.442,1.468,1.402,1.41,1167588,928,1.42185
DE0007314007,4097038,HDD,EUR,2022-09-02,1.433,1.451,1.404,1.451,833776,724,1.42615
DE0007314007,4097038,HDD,EUR,2022-09-05,1.412,1.418,1.341,1.365,2870845,1291,1.3667
DE0007314007,4097038,HDD,EUR,2022-09-06,1.385,1.407,1.348,1.368,1275604,791,1.3716
DE0007314007,4097038,HDD,EUR,2022-09-07,1.344,1.382,1.324,1.365,1682923,1032,1.3451
DE0007314007,4097038,HDD,EUR,2022-09-08,1.354,1.388,1.32,1.356,1119424,897,1.3433
DE0007314007,4097038,HDD,EUR,2022-09-09,1.355,1.398,1.332,1.386,911809,1048,1.37935
DE0007314007,4097038,HDD,EUR,2022-09-12,1.447,1.447,1.403,1.429,1063352,876,1.42965
DE0007314007,4097038,HDD,EUR,2022-09-13,1.445,1.461,1.355,1.374,1538079,1050,1.4141
DE0007314007,4097038,HDD,EUR,2022-09-14,1.383,1.389,1.317,1.339,1721700,1195,1.3482
DE0007314007,4097038,HDD,EUR,2022-09-15,1.34,1.362,1.305,1.321,733808,788,1.3294
DE0007314007,4097038,HDD,EUR,2022-09-16,1.318,1.32,1.262,1.281,1629050,911,1.28295
DE0007314007,4097038,HDD,EUR,2022-09-19,1.303,1.335,1.255,1.315,1118175,813,1.2873
DE0007314007,4097038,HDD,EUR,2022-09-20,1.334,1.342,1.284,1.314,641534,685,1.30755
DE0007314007,4097038,HDD,EUR,2022-09-21,1.309,1.327,1.283,1.312,722889,449,1.3036
DE0007314007,4097038,HDD,EUR,2022-09-22,1.295,1.35,1.237,1.255,873956,622,1.2658
DE0007314007,4097038,HDD,EUR,2022-09-23,1.246,1.274,1.154,1.185,2056991,1214,1.1989
DE0007314007,4097038,HDD,EUR,2022-09-26,1.174,1.204,1.154,1.176,1551097,1204,1.1824
DE0007314007,4097038,HDD,EUR,2022-09-27,1.199,1.213,1.174,1.195,1447462,1157,1.19315
DE0007314007,4097038,HDD,EUR,2022-09-28,1.189,1.208,1.141,1.183,1364283,1039,1.16735
DE0007314007,4097038,HDD,EUR,2022-09-29,1.215,1.219,1.09,1.113,1517381,1083,1.1235
DE0007314007,4097038,HDD,EUR,2022-09-30,1.116,1.182,1.093,1.165,1377409,1208,1.1462
DE0007314007,4097038,HDD,EUR,2022-10-03,1.25,1.3,1.12,1.181,887498,759,1.16205
DE0007314007,4097038,HDD,EUR,2022-10-04,1.187,1.253,1.187,1.247,1146347,881,1.2258
DE0007314007,4097038,HDD,EUR,2022-10-05,1.249,1.258,1.195,1.205,705247,649,1.2173
DE0007314007,4097038,HDD,EUR,2022-10-06,1.242,1.242,1.153,1.185,604022,573,1.191
DE0007314007,4097038,HDD,EUR,2022-10-07,1.193,1.196,1.15,1.152,677831,600,1.1732
DE0007314007,4097038,HDD,EUR,2022-10-10,1.149,1.195,1.124,1.162,724724,711,1.16555
DE0007314007,4097038,HDD,EUR,2022-10-11,1.171,1.171,1.112,1.144,1088477,1417,1.1402
DE0007314007,4097038,HDD,EUR,2022-10-12,1.115,1.215,1.115,1.188,1433136,1102,1.18325
DE0007314007,4097038,HDD,EUR,2022-10-13,1.184,1.25,1.162,1.233,728844,702,1.205
DE0007314007,4097038,HDD,EUR,2022-10-14,1.243,1.27,1.205,1.226,561048,582,1.2353
DE0007314007,4097038,HDD,EUR,2022-10-17,1.242,1.269,1.208,1.25,569690,636,1.23925
DE0007314007,4097038,HDD,EUR,2022-10-18,1.243,1.281,1.224,1.247,751776,729,1.2551
DE0007314007,4097038,HDD,EUR,2022-10-19,1.249,1.262,1.21,1.226,947384,658,1.2365
DE0007314007,4097038,HDD,EUR,2022-10-20,1.222,1.308,1.215,1.306,2000517,1096,1.2758
DE0007314007,4097038,HDD,EUR,2022-10-21,1.286,1.357,1.273,1.343,1241629,916,1.3133
DE0007314007,4097038,HDD,EUR,2022-10-24,1.349,1.375,1.296,1.319,1187857,1358,1.3307
DE0007314007,4097038,HDD,EUR,2022-10-25,1.303,1.37,1.303,1.357,531027,524,1.34045
DE0007314007,4097038,HDD,EUR,2022-10-26,1.369,1.407,1.346,1.407,1064821,744,1.3799
DE0007314007,4097038,HDD,EUR,2022-10-27,1.397,1.407,1.35,1.401,767981,601,1.38615
DE0007314007,4097038,HDD,EUR,2022-10-28,1.399,1.448,1.361,1.388,852095,698,1.39165
DE0007314007,4097038,HDD,EUR,2022-10-31,1.4,1.421,1.378,1.398,806267,550,1.398
DE0007314007,4097038,HDD,EUR,2022-11-01,1.401,1.439,1.391,1.416,875897,526,1.41295
DE0007314007,4097038,HDD,EUR,2022-11-02,1.415,1.42,1.344,1.372,631872,587,1.38345
DE0007314007,4097038,HDD,EUR,2022-11-03,1.351,1.393,1.317,1.344,752197,724,1.34125
DE0007314007,4097038,HDD,EUR,2022-11-04,1.368,1.423,1.352,1.403,962032,824,1.3903
DE0007314007,4097038,HDD,EUR,2022-11-07,1.399,1.519,1.391,1.495,2191732,1291,1.4526
DE0007314007,4097038,HDD,EUR,2022-11-08,1.499,1.547,1.451,1.518,1462569,1247,1.48955
DE0007314007,4097038,HDD,EUR,2022-11-09,1.561,1.847,1.543,1.815,10679449,6895,1.76505
DE0007314007,4097038,HDD,EUR,2022-11-10,1.782,1.825,1.611,1.7,5127982,3655,1.67915
DE0007314007,4097038,HDD,EUR,2022-11-11,1.711,1.835,1.697,1.795,3274459,2535,1.7894
DE0007314007,4097038,HDD,EUR,2022-11-14,1.809,1.83,1.729,1.786,1290279,1391,1.7699
DE0007314007,4097038,HDD,EUR,2022-11-15,1.761,1.813,1.755,1.797,1133473,1241,1.78705
DE0007314007,4097038,HDD,EUR,2022-11-16,1.798,1.8,1.733,1.744,1028113,938,1.7584
DE0007314007,4097038,HDD,EUR,2022-11-17,1.758,1.796,1.742,1.773,895415,804,1.7658
DE0007314007,4097038,HDD,EUR,2022-11-18,1.761,1.799,1.722,1.761,787113,779,1.75205
DE0007314007,4097038,HDD,EUR,2022-11-21,1.749,1.752,1.69,1.706,775105,658,1.7207
DE0007314007,4097038,HDD,EUR,2022-11-22,1.699,1.736,1.661,1.687,1161406,831,1.6997
DE0007314007,4097038,HDD,EUR,2022-11-23,1.728,1.728,1.65,1.665,811340,628,1.66805
DE0007314007,4097038,HDD,EUR,2022-11-24,1.661,1.702,1.661,1.687,605190,687,1.68095
DE0007314007,4097038,HDD,EUR,2022-11-25,1.708,1.708,1.65,1.667,607919,510,1.6663
DE0007314007,4097038,HDD,EUR,2022-11-28,1.693,1.698,1.611,1.628,737872,598,1.64115
DE0007314007,4097038,HDD,EUR,2022-11-29,1.643,1.651,1.601,1.615,588487,497,1.6168
DE0007314007,4097038,HDD,EUR,2022-11-30,1.644,1.691,1.614,1.654,1180467,416,1.646
DE0007314007,4097038,HDD,EUR,2022-12-01,1.694,1.694,1.636,1.662,672102,595,1.6686
DE0007314007,4097038,HDD,EUR,2022-12-02,1.648,1.72,1.642,1.71,747177,619,1.6965
DE0007314007,4097038,HDD,EUR,2022-12-05,1.725,1.725,1.631,1.638,709260,732,1.65225
DE0007314007,4097038,HDD,EUR,2022-12-06,1.621,1.642,1.57,1.592,769748,511,1.6042
DE0007314007,4097038,HDD,EUR,2022-12-07,1.599,1.599,1.53,1.557,625381,530,1.57175
DE0007314007,4097038,HDD,EUR,2022-12-08,1.56,1.602,1.55,1.576,292652,263,1.56885
DE0007314007,4097038,HDD,EUR,2022-12-09,1.595,1.609,1.57,1.6,426470,370,1.593
DE0007314007,4097038,HDD,EUR,2022-12-12,1.571,1.611,1.554,1.578,385999,364,1.57175
DE0007314007,4097038,HDD,EUR,2022-12-13,1.563,1.665,1.563,1.624,969753,749,1.6165
DE0007314007,4097038,HDD,EUR,2022-12-14,1.607,1.638,1.591,1.61,520917,400,1.617
DE0007314007,4097038,HDD,EUR,2022-12-15,1.621,1.621,1.524,1.543,801993,488,1.55795
DE0007314007,4097038,HDD,EUR,2022-12-16,1.551,1.562,1.5,1.531,819620,644,1.5253
DE0007314007,4097038,HDD,EUR,2022-12-19,1.511,1.575,1.511,1.531,577343,445,1.54145
DE0007314007,4097038,HDD,EUR,2022-12-20,1.511,1.531,1.479,1.484,697746,528,1.4974
DE0007314007,4097038,HDD,EUR,2022-12-21,1.495,1.529,1.48,1.509,717636,554,1.50265
DE0007314007,4097038,HDD,EUR,2022-12-22,1.512,1.524,1.441,1.448,541675,448,1.46705
DE0007314007,4097038,HDD,EUR,2022-12-23,1.474,1.497,1.43,1.48,709844,540,1.47025
DE0007314007,4097038,HDD,EUR,2022-12-27,1.491,1.501,1.463,1.489,677185,706,1.4893
DE0007314007,4097038,HDD,EUR,2022-12-28,1.49,1.501,1.437,1.451,1173763,483,1.46495
DE0007314007,4097038,HDD,EUR,2022-12-29,1.448,1.66,1.415,1.498,1174392,746,1.47715
DE0007314007,4097038,HDD,EUR,2022-12-30,1.503,1.528,1.473,1.476,462967,476,1.48765
DE0007314007,4097038,HDD,EUR,2023-01-02,1.494,1.534,1.475,1.517,1161790,615,1.5059
DE0007314007,4097038,HDD,EUR,2023-01-03,1.533,1.637,1.509,1.609,1369621,961,1.5915
DE0007314007,4097038,HDD,EUR,2023-01-04,1.629,1.674,1.605,1.661,1099793,810,1.64375
DE0007314007,4097038,HDD,EUR,2023-01-05,1.663,1.664,1.6,1.608,752658,520,1.62205
DE0007314007,4097038,HDD,EUR,2023-01-06,1.637,1.65,1.594,1.635,471251,475,1.61815
DE0007314007,4097038,HDD,EUR,2023-01-09,1.649,1.689,1.63,1.679,912208,644,1.6633
DE0007314007,4097038,HDD,EUR,2023-01-10,1.659,1.674,1.616,1.631,634245,478,1.63615
DE0007314007,4097038,HDD,EUR,2023-01-11,1.621,1.658,1.618,1.626,369034,434,1.64025
DE0007314007,4097038,HDD,EUR,2023-01-12,1.637,1.659,1.605,1.64,733738,586,1.63085
DE0007314007,4097038,HDD,EUR,2023-01-13,1.649,1.69,1.629,1.661,855557,676,1.66725
DE0007314007,4097038,HDD,EUR,2023-01-16,1.651,1.681,1.629,1.65,484197,375,1.6455
DE0007314007,4097038,HDD,EUR,2023-01-17,1.649,1.681,1.627,1.664,967565,473,1.6503
DE0007314007,4097038,HDD,EUR,2023-01-18,1.646,1.739,1.639,1.707,1735483,1094,1.705
DE0007314007,4097038,HDD,EUR,2023-01-19,1.662,1.69,1.603,1.61,1620620,712,1.6315
DE0007314007,4097038,HDD,EUR,2023-01-20,1.611,1.672,1.61,1.652,513125,370,1.64425
DE0007314007,4097038,HDD,EUR,2023-01-23,1.669,1.715,1.641,1.707,853115,508,1.69165
DE0007314007,4097038,HDD,EUR,2023-01-24,1.7,1.733,1.663,1.684,863320,532,1.69485
DE0007314007,4097038,HDD,EUR,2023-01-25,1.691,1.714,1.642,1.658,622533,412,1.6739
DE0007314007,4097038,HDD,EUR,2023-01-26,1.687,1.698,1.648,1.662,507937,416,1.6762
DE0007314007,4097038,HDD,EUR,2023-01-27,1.692,1.912,1.652,1.885,5535727,2850,1.80795
DE0007314007,4097038,HDD,EUR,2023-01-30,1.845,1.929,1.821,1.868,1924300,1337,1.87195
DE0007314007,4097038,HDD,EUR,2023-01-31,1.864,1.901,1.84,1.881,1191445,1169,1.8736
DE0007314007,4097038,HDD,EUR,2023-02-01,1.861,1.934,1.861,1.919,1435022,1071,1.9051
DE0007314007,4097038,HDD,EUR,2023-02-02,1.936,2.014,1.928,1.998,1862243,1432,1.97665
DE0007314007,4097038,HDD,EUR,2023-02-03,1.997,2.02,1.946,1.998,1408553,1047,1.98705
DE0007314007,4097038,HDD,EUR,2023-02-06,1.991,2.018,1.946,1.968,1427632,1121,1.98735
DE0007314007,4097038,HDD,EUR,2023-02-07,1.961,1.989,1.915,1.946,1329758,1155,1.94595
DE0007314007,4097038,HDD,EUR,2023-02-08,1.971,2.0,1.755,1.916,5046138,2773,1.8785
DE0007314007,4097038,HDD,EUR,2023-02-09,1.937,1.946,1.857,1.896,1512995,1320,1.8945
DE0007314007,4097038,HDD,EUR,2023-02-10,1.89,1.89,1.75,1.75,3167813,2108,1.79225
DE0007314007,4097038,HDD,EUR,2023-02-13,1.778,1.827,1.731,1.801,1646295,1323,1.791
DE0007314007,4097038,HDD,EUR,2023-02-14,1.791,1.826,1.732,1.785,1578503,1418,1.77875
DE0007314007,4097038,HDD,EUR,2023-02-15,1.796,1.832,1.782,1.816,979137,671,1.8136
DE0007314007,4097038,HDD,EUR,2023-02-16,1.815,1.838,1.765,1.781,960273,793,1.7974
DE0007314007,4097038,HDD,EUR,2023-02-17,1.778,1.789,1.738,1.764,986181,716,1.7613
DE0007314007,4097038,HDD,EUR,2023-02-20,1.783,1.788,1.721,1.752,808483,564,1.74255
DE0007314007,4097038,HDD,EUR,2023-02-21,1.764,1.767,1.721,1.721,658419,633,1.73315
DE0007314007,4097038,HDD,EUR,2023-02-22,1.727,1.727,1.673,1.708,858786,688,1.6993
DE0007314007,4097038,HDD,EUR,2023-02-23,1.709,1.755,1.708,1.716,686289,781,1.7283
DE0007314007,4097038,HDD,EUR,2023-02-24,1.711,1.739,1.654,1.673,1399972,1926,1.68795
DE0007314007,4097038,HDD,EUR,2023-02-27,1.674,1.721,1.666,1.698,710881,533,1.698
DE0007314007,4097038,HDD,EUR,2023-02-28,1.709,1.72,1.65,1.703,907888,874,1.68985
DE0007314007,4097038,HDD,EUR,2023-03-01,1.702,1.745,1.688,1.726,787995,750,1.72715
DE0007314007,4097038,HDD,EUR,2023-03-02,1.709,1.796,1.702,1.778,1645001,1208,1.7622
DE0007314007,4097038,HDD,EUR,2023-03-03,1.789,1.839,1.778,1.811,1125407,853,1.8104
DE0007314007,4097038,HDD,EUR,2023-03-06,1.834,1.857,1.8,1.848,1040476,883,1.8317
DE0007314007,4097038,HDD,EUR,2023-03-07,1.849,1.855,1.7,1.777,2209664,1441,1.7847
DE0007314007,4097038,HDD,EUR,2023-03-08,1.791,1.799,1.757,1.78,606322,583,1.77985
DE0007314007,4097038,HDD,EUR,2023-03-09,1.774,1.8,1.752,1.782,475057,359,1.77275
DE0007314007,4097038,HDD,EUR,2023-03-10,1.782,1.797,1.711,1.757,774389,541,1.74695
DE0007314007,4097038,HDD,EUR,2023-03-13,1.791,1.791,1.635,1.684,1955854,1443,1.6763
DE0007314007,4097038,HDD,EUR,2023-03-14,1.682,1.742,1.63,1.724,707374,700,1.70625
DE0007314007,4097038,HDD,EUR,2023-03-15,1.743,1.743,1.602,1.612,1364821,1056,1.6425
DE0007314007,4097038,HDD,EUR,2023-03-16,1.631,1.7,1.622,1.67,747651,751,1.65305
DE0007314007,4097038,HDD,EUR,2023-03-17,1.663,1.707,1.62,1.631,967252,716,1.64575
DE0007314007,4097038,HDD,EUR,2023-03-20,1.623,1.664,1.562,1.646,1026613,994,1.61235
DE0007314007,4097038,HDD,EUR,2023-03-21,1.641,1.714,1.63,1.673,1006324,871,1.68245
DE0007314007,4097038,HDD,EUR,2023-03-22,1.672,1.694,1.644,1.668,515961,537,1.66455
DE0007314007,4097038,HDD,EUR,2023-03-23,1.647,1.699,1.64,1.693,661932,544,1.66755
DE0007314007,4097038,HDD,EUR,2023-03-24,1.705,1.705,1.621,1.637,669353,834,1.63865
DE0007314007,4097038,HDD,EUR,2023-03-27,1.644,1.709,1.632,1.679,972927,1294,1.67635
DE0007314007,4097038,HDD,EUR,2023-03-28,1.689,1.7,1.611,1.647,702320,717,1.647
DE0007314007,4097038,HDD,EUR,2023-03-29,1.689,1.789,1.67,1.709,2085407,1664,1.7257
DE0007314007,4097038,HDD,EUR,2023-03-30,1.733,1.74,1.695,1.725,851245,812,1.72315
DE0007314007,4097038,HDD,EUR,2023-03-31,1.746,1.746,1.691,1.706,449253,454,1.706
DE0007314007,4097038,HDD,EUR,2023-04-03,1.701,1.723,1.651,1.665,889893,669,1.6844
DE0007314007,4097038,HDD,EUR,2023-04-04,1.686,1.698,1.656,1.672,930769,798,1.68225
DE0007314007,4097038,HDD,EUR,2023-04-05,1.687,1.693,1.585,1.588,1107627,950,1.61565
DE0007314007,4097038,HDD,EUR,2023-04-06,1.598,1.62,1.57,1.594,1166477,971,1.5892
DE0007314007,4097038,HDD,EUR,2023-04-11,1.622,1.629,1.539,1.588,1890251,1048,1.5697
DE0007314007,4097038,HDD,EUR,2023-04-12,1.595,1.614,1.545,1.566,1187688,1291,1.57045
DE0007314007,4097038,HDD,EUR,2023-04-13,1.581,1.62,1.563,1.602,1174041,1046,1.59285
DE0007314007,4097038,HDD,EUR,2023-04-14,1.589,1.666,1.589,1.658,1569903,1324,1.64855
DE0007314007,4097038,HDD,EUR,2023-04-17,1.669,1.712,1.65,1.691,1047481,1007,1.6938
DE0007314007,4097038,HDD,EUR,2023-04-18,1.676,1.747,1.676,1.703,1427848,1338,1.7235
DE0007314007,4097038,HDD,EUR,2023-04-19,1.719,1.743,1.685,1.718,874886,983,1.7147
DE0007314007,4097038,HDD,EUR,2023-04-20,1.7,1.743,1.69,1.725,945825,993,1.72395
DE0007314007,4097038,HDD,EUR,2023-04-21,1.739,1.741,1.682,1.709,808487,570,1.69955
DE0007314007,4097038,HDD,EUR,2023-04-24,1.695,1.735,1.689,1.69,733184,562,1.70765
DE0007314007,4097038,HDD,EUR,2023-04-25,1.691,1.71,1.666,1.69,517430,523,1.69225
DE0007314007,4097038,HDD,EUR,2023-04-26,1.704,1.817,1.663,1.71,1368744,1034,1.72485
DE0007314007,4097038,HDD,EUR,2023-04-27,1.789,1.966,1.751,1.78,5329956,3087,1.86245
DE0007314007,4097038,HDD,EUR,2023-04-28,1.77,1.89,1.77,1.874,1986090,1378,1.85255
DE0007314007,4097038,HDD,EUR,2023-05-02,1.858,1.895,1.752,1.782,1066176,888,1.8134
DE0007314007,4097038,HDD,EUR,2023-05-03,1.761,1.798,1.749,1.776,595042,586,1.77315
DE0007314007,4097038,HDD,EUR,2023-05-04,1.794,1.794,1.73,1.753,887866,652,1.7593
DE0007314007,4097038,HDD,EUR,2023-05-05,1.738,1.85,1.738,1.804,1027890,688,1.79305
DE0007314007,4097038,HDD,EUR,2023-05-08,1.815,1.822,1.75,1.794,555564,495,1.7947
DE0007314007,4097038,HDD,EUR,2023-05-09,1.812,1.812,1.745,1.788,623764,480,1.77145
DE0007314007,4097038,HDD,EUR,2023-05-10,1.779,1.805,1.736,1.756,617205,526,1.7596
DE0007314007,4097038,HDD,EUR,2023-05-11,1.741,1.791,1.725,1.746,511684,460,1.7503
DE0007314007,4097038,HDD,EUR,2023-05-12,1.732,1.765,1.715,1.736,410695,410,1.7336
DE0007314007,4097038,HDD,EUR,2023-05-15,1.722,1.764,1.706,1.724,417959,364,1.72705
DE0007314007,4097038,HDD,EUR,2023-05-16,1.728,1.746,1.696,1.708,487527,476,1.71245
DE0007314007,4097038,HDD,EUR,2023-05-17,1.721,1.725,1.683,1.715,483275,350,1.7066
DE0007314007,4097038,HDD,EUR,2023-05-18,1.719,1.754,1.7,1.741,345222,273,1.731
DE0007314007,4097038,HDD,EUR,2023-05-19,1.736,1.783,1.726,1.76,663176,377,1.7671
DE0007314007,4097038,HDD,EUR,2023-05-22,1.747,1.773,1.703,1.732,547572,351,1.72595
DE0007314007,4097038,HDD,EUR,2023-05-23,1.722,1.752,1.696,1.727,531558,444,1.73275
DE0007314007,4097038,HDD,EUR,2023-05-24,1.726,1.726,1.645,1.663,1391950,836,1.67545
DE0007314007,4097038,HDD,EUR,2023-05-25,1.682,1.698,1.64,1.683,589706,485,1.67125
DE0007314007,4097038,HDD,EUR,2023-05-26,1.667,1.706,1.641,1.676,550460,522,1.6631
DE0007314007,4097038,HDD,EUR,2023-05-29,1.666,1.709,1.666,1.694,170905,213,1.6893
DE0007314007,4097038,HDD,EUR,2023-05-30,1.698,1.729,1.675,1.694,670479,454,1.7071
DE0007314007,4097038,HDD,EUR,2023-05-31,1.704,1.704,1.641,1.656,600389,361,1.65825
DE0007314007,4097038,HDD,EUR,2023-06-01,1.675,1.686,1.629,1.666,419393,343,1.65025
DE0007314007,4097038,HDD,EUR,2023-06-02,1.667,1.732,1.657,1.714,445469,375,1.7021
DE0007314007,4097038,HDD,EUR,2023-06-05,1.712,1.719,1.655,1.665,446780,328,1.6806
DE0007314007,4097038,HDD,EUR,2023-06-06,1.67,1.684,1.653,1.658,432684,349,1.66425
DE0007314007,4097038,HDD,EUR,2023-06-07,1.653,1.671,1.634,1.644,639372,512,1.6479
DE0007314007,4097038,HDD,EUR,2023-06-08,1.653,1.668,1.621,1.646,707062,631,1.63755
DE0007314007,4097038,HDD,EUR,2023-06-09,1.667,1.682,1.63,1.67,536915,382,1.6658
DE0007314007,4097038,HDD,EUR,2023-06-12,1.671,1.709,1.656,1.696,447842,355,1.692
DE0007314007,4097038,HDD,EUR,2023-06-13,1.698,1.718,1.668,1.698,707833,787,1.695
DE0007314007,4097038,HDD,EUR,2023-06-14,1.683,1.719,1.542,1.566,4469642,2552,1.59375
DE0007314007,4097038,HDD,EUR,2023-06-15,1.576,1.593,1.509,1.53,2785373,1582,1.53245
DE0007314007,4097038,HDD,EUR,2023-06-16,1.536,1.618,1.524,1.555,1957764,1135,1.572
DE0007314007,4097038,HDD,EUR,2023-06-19,1.576,1.576,1.516,1.523,945060,507,1.53295
DE0007314007,4097038,HDD,EUR,2023-06-20,1.511,1.536,1.483,1.496,1730860,874,1.5001
DE0007314007,4097038,HDD,EUR,2023-06-21,1.513,1.513,1.45,1.457,1305560,829,1.4699
DE0007314007,4097038,HDD,EUR,2023-06-22,1.451,1.46,1.421,1.432,762861,506,1.4426
DE0007314007,4097038,HDD,EUR,2023-06-23,1.433,1.455,1.407,1.439,930952,588,1.427
DE0007314007,4097038,HDD,EUR,2023-06-26,1.439,1.499,1.421,1.454,986759,670,1.44515
DE0007314007,4097038,HDD,EUR,2023-06-27,1.459,1.47,1.4,1.439,801606,650,1.4301
DE0007314007,4097038,HDD,EUR,2023-06-28,1.458,1.464,1.41,1.422,1076885,817,1.42565
DE0007314007,4097038,HDD,EUR,2023-06-29,1.415,1.439,1.396,1.42,1178441,867,1.41515
DE0007314007,4097038,HDD,EUR,2023-06-30,1.432,1.445,1.409,1.431,953013,719,1.4265
DE0007314007,4097038,HDD,EUR,2023-07-03,1.444,1.459,1.419,1.435,559886,422,1.4414
DE0007314007,4097038,HDD,EUR,2023-07-04,1.454,1.464,1.421,1.458,826724,417,1.4419
DE0007314007,4097038,HDD,EUR,2023-07-05,1.469,1.47,1.415,1.425,508340,380,1.43565
DE0007314007,4097038,HDD,EUR,2023-07-06,1.431,1.465,1.392,1.399,1184257,671,1.40535
DE0007314007,4097038,HDD,EUR,2023-07-07,1.403,1.453,1.4,1.432,533249,396,1.4221
DE0007314007,4097038,HDD,EUR,2023-07-10,1.419,1.458,1.41,1.445,461975,424,1.43925
DE0007314007,4097038,HDD,EUR,2023-07-11,1.458,1.471,1.424,1.461,521388,549,1.4569
DE0007314007,4097038,HDD,EUR,2023-07-12,1.477,1.514,1.455,1.499,687310,691,1.48755
DE0007314007,4097038,HDD,EUR,2023-07-13,1.505,1.524,1.487,1.513,728354,536,1.5072
DE0007314007,4097038,HDD,EUR,2023-07-14,1.517,1.522,1.493,1.517,525782,461,1.51355
DE0007314007,4097038,HDD,EUR,2023-07-17,1.492,1.526,1.466,1.489,389149,407,1.48985
DE0007314007,4097038,HDD,EUR,2023-07-18,1.52,1.534,1.468,1.512,615348,396,1.50785
DE0007314007,4097038,HDD,EUR,2023-07-19,1.531,1.531,1.421,1.484,483635,354,1.4896
DE0007314007,4097038,HDD,EUR,2023-07-20,1.458,1.499,1.451,1.47,460116,452,1.47065
DE0007314007,4097038,HDD,EUR,2023-07-21,1.468,1.5,1.454,1.485,592379,416,1.4836
DE0007314007,4097038,HDD,EUR,2023-07-24,1.5,1.509,1.451,1.47,696095,505,1.46975
DE0007314007,4097038,HDD,EUR,2023-07-25,1.477,1.496,1.455,1.476,527413,376,1.4705
DE0007314007,4097038,HDD,EUR,2023-07-26,1.493,1.493,1.441,1.455,424773,306,1.4552
DE0007314007,4097038,HDD,EUR,2023-07-27,1.444,1.492,1.441,1.472,664478,419,1.474
DE0007314007,4097038,HDD,EUR,2023-07-28,1.484,1.484,1.421,1.462,619338,499,1.4601
DE0007314007,4097038,HDD,EUR,2023-07-31,1.47,1.476,1.434,1.449,569646,380,1.44825
DE0007314007,4097038,HDD,EUR,2023-08-01,1.441,1.467,1.426,1.428,615144,369,1.43765
DE0007314007,4097038,HDD,EUR,2023-08-02,1.43,1.44,1.405,1.413,644553,497,1.4196
DE0007314007,4097038,HDD,EUR,2023-08-03,1.425,1.425,1.384,1.4,775607,605,1.39795
DE0007314007,4097038,HDD,EUR,2023-08-04,1.45,1.489,1.394,1.417,1501988,784,1.44275
DE0007314007,4097038,HDD,EUR,2023-08-07,1.421,1.46,1.385,1.429,770697,529,1.4355
DE0007314007,4097038,HDD,EUR,2023-08-08,1.416,1.443,1.399,1.408,501049,360,1.41845
DE0007314007,4097038,HDD,EUR,2023-08-09,1.44,1.45,1.405,1.416,412930,334,1.4214
DE0007314007,4097038,HDD,EUR,2023-08-10,1.434,1.435,1.396,1.401,783647,482,1.407
DE0007314007,4097038,HDD,EUR,2023-08-11,1.402,1.413,1.383,1.391,705179,528,1.3943
DE0007314007,4097038,HDD,EUR,2023-08-14,1.387,1.397,1.316,1.336,1686903,952,1.3402
DE0007314007,4097038,HDD,EUR,2023-08-15,1.345,1.349,1.32,1.334,884418,905,1.3328
DE0007314007,4097038,HDD,EUR,2023-08-16,1.336,1.341,1.317,1.334,571799,578,1.32755
DE0007314007,4097038,HDD,EUR,2023-08-17,1.332,1.337,1.285,1.293,1063660,799,1.2999
DE0007314007,4097038,HDD,EUR,2023-08-18,1.291,1.306,1.257,1.291,1014564,999,1.2782
DE0007314007,4097038,HDD,EUR,2023-08-21,1.303,1.303,1.26,1.272,605833,613,1.2696
DE0007314007,4097038,HDD,EUR,2023-08-22,1.264,1.319,1.264,1.299,515233,494,1.29375
DE0007314007,4097038,HDD,EUR,2023-08-23,1.3,1.314,1.281,1.3,334617,308,1.2941
DE0007314007,4097038,HDD,EUR,2023-08-24,1.285,1.32,1.263,1.276,749592,550,1.2938
DE0007314007,4097038,HDD,EUR,2023-08-25,1.283,1.291,1.251,1.267,750326,528,1.26665
DE0007314007,4097038,HDD,EUR,2023-08-28,1.276,1.319,1.264,1.287,392205,312,1.28485
DE0007314007,4097038,HDD,EUR,2023-08-29,1.292,1.317,1.254,1.304,470871,380,1.29305
DE0007314007,4097038,HDD,EUR,2023-08-30,1.292,1.323,1.285,1.296,332316,287,1.2977
DE0007314007,4097038,HDD,EUR,2023-08-31,1.291,1.31,1.291,1.297,447353,300,1.29975
DE0007314007,4097038,HDD,EUR,2023-09-01,1.299,1.314,1.27,1.295,564419,413,1.2952
DE0007314007,4097038,HDD,EUR,2023-09-04,1.309,1.319,1.261,1.298,330305,258,1.29985
DE0007314007,4097038,HDD,EUR,2023-09-05,1.282,1.307,1.28,1.296,367907,347,1.29295
DE0007314007,4097038,HDD,EUR,2023-09-06,1.309,1.309,1.274,1.278,317956,324,1.28315
DE0007314007,4097038,HDD,EUR,2023-09-07,1.283,1.3,1.221,1.23,983347,719,1.24155
DE0007314007,4097038,HDD,EUR,2023-09-08,1.221,1.258,1.215,1.247,703180,578,1.23585
DE0007314007,4097038,HDD,EUR,2023-09-11,1.257,1.289,1.23,1.248,331561,315,1.25275
DE0007314007,4097038,HDD,EUR,2023-09-12,1.28,1.28,1.221,1.233,222735,266,1.2361
DE0007314007,4097038,HDD,EUR,2023-09-13,1.221,1.251,1.211,1.233,375919,268,1.2297
DE0007314007,4097038,HDD,EUR,2023-09-14,1.221,1.257,1.22,1.248,273173,196,1.2414
DE0007314007,4097038,HDD,EUR,2023-09-15,1.249,1.265,1.221,1.226,700750,366,1.23675
DE0007314007,4097038,HDD,EUR,2023-09-18,1.238,1.238,1.206,1.21,601083,360,1.2181
DE0007314007,4097038,HDD,EUR,2023-09-19,1.211,1.229,1.186,1.21,641824,474,1.2046
DE0007314007,4097038,HDD,EUR,2023-09-20,1.22,1.258,1.197,1.239,276170,266,1.2376
DE0007314007,4097038,HDD,EUR,2023-09-21,1.215,1.246,1.191,1.204,575296,462,1.20465
DE0007314007,4097038,HDD,EUR,2023-09-22,1.214,1.248,1.191,1.209,438545,271,1.2111
DE0007314007,4097038,HDD,EUR,2023-09-25,1.221,1.221,1.176,1.194,769183,416,1.19215
DE0007314007,4097038,HDD,EUR,2023-09-26,1.19,1.199,1.173,1.173,405203,333,1.18425
DE0007314007,4097038,HDD,EUR,2023-09-27,1.181,1.2,1.173,1.179,415206,262,1.183
DE0007314007,4097038,HDD,EUR,2023-09-28,1.197,1.215,1.168,1.196,371641,308,1.1878
DE0007314007,4097038,HDD,EUR,2023-09-29,1.184,1.233,1.184,1.211,415442,275,1.21675
DE0007314007,4097038,HDD,EUR,2023-10-02,1.224,1.23,1.189,1.205,290137,213,1.2067
DE0007314007,4097038,HDD,EUR,2023-10-03,1.196,1.21,1.148,1.162,564545,355,1.16475
DE0007314007,4097038,HDD,EUR,2023-10-04,1.161,1.194,1.146,1.175,606406,303,1.16715
DE0007314007,4097038,HDD,EUR,2023-10-05,1.194,1.196,1.16,1.172,402407,296,1.17975
DE0007314007,4097038,HDD,EUR,2023-10-06,1.188,1.205,1.166,1.186,451409,230,1.18315
DE0007314007,4097038,HDD,EUR,2023-10-09,1.157,1.198,1.157,1.179,316972,218,1.1799
DE0007314007,4097038,HDD,EUR,2023-10-10,1.189,1.229,1.179,1.211,623667,335,1.20535
DE0007314007,4097038,HDD,EUR,2023-10-11,1.209,1.24,1.174,1.193,615613,297,1.21475
DE0007314007,4097038,HDD,EUR,2023-10-12,1.189,1.216,1.186,1.198,419875,229,1.19955
DE0007314007,4097038,HDD,EUR,2023-10-13,1.215,1.215,1.162,1.172,615686,284,1.19035
DE0007314007,4097038,HDD,EUR,2023-10-16,1.16,1.195,1.159,1.173,401073,287,1.16815
DE0007314007,4097038,HDD,EUR,2023-10-17,1.193,1.193,1.157,1.185,493586,305,1.17075
DE0007314007,4097038,HDD,EUR,2023-10-18,1.183,1.192,1.155,1.16,460103,241,1.16215
DE0007314007,4097038,HDD,EUR,2023-10-19,1.173,1.173,1.11,1.112,1286986,538,1.1371
DE0007314007,4097038,HDD,EUR,2023-10-20,1.115,1.173,1.095,1.136,862651,366,1.1275
DE0007314007,4097038,HDD,EUR,2023-10-23,1.139,1.148,1.09,1.117,847185,386,1.1059
DE0007314007,4097038,HDD,EUR,2023-10-24,1.131,1.146,1.11,1.13,462752,300,1.13145
DE0007314007,4097038,HDD,EUR,2023-10-25,1.12,1.141,1.097,1.102,403925,238,1.1026
DE0007314007,4097038,HDD,EUR,2023-10-26,1.099,1.13,1.082,1.121,628969,468,1.1079
DE0007314007,4097038,HDD,EUR,2023-10-27,1.12,1.132,1.082,1.11,638479,397,1.1151
DE0007314007,4097038,HDD,EUR,2023-10-30,1.095,1.135,1.095,1.101,318320,181,1.11065
DE0007314007,4097038,HDD,EUR,2023-10-31,1.108,1.149,1.101,1.13,515365,251,1.12935
DE0007314007,4097038,HDD,EUR,2023-11-01,1.148,1.152,1.104,1.12,194583,188,1.1251
DE0007314007,4097038,HDD,EUR,2023-11-02,1.116,1.226,1.108,1.188,1003040,466,1.186
DE0007314007,4097038,HDD,EUR,2023-11-03,1.19,1.261,1.19,1.224,630671,322,1.23045
DE0007314007,4097038,HDD,EUR,2023-11-06,1.238,1.253,1.212,1.217,362558,246,1.2325
DE0007314007,4097038,HDD,EUR,2023-11-07,1.198,1.241,1.189,1.219,895317,616,1.2093
DE0007314007,4097038,HDD,EUR,2023-11-08,1.23,1.259,1.177,1.196,1288464,533,1.2073
DE0007314007,4097038,HDD,EUR,2023-11-09,1.183,1.262,1.183,1.242,1012118,648,1.22975
DE0007314007,4097038,HDD,EUR,2023-11-10,1.247,1.254,1.2,1.222,460947,350,1.21495
DE0007314007,4097038,HDD,EUR,2023-11-13,1.229,1.232,1.205,1.222,479367,337,1.2184
DE0007314007,4097038,HDD,EUR,2023-11-14,1.236,1.278,1.207,1.275,835290,582,1.2525
DE0007314007,4097038,HDD,EUR,2023-11-15,1.265,1.35,1.261,1.328,1240608,681,1.3225
DE0007314007,4097038,HDD,EUR,2023-11-16,1.328,1.352,1.265,1.283,880486,472,1.30895
DE0007314007,4097038,HDD,EUR,2023-11-17,1.297,1.32,1.27,1.301,946536,621,1.30165
DE0007314007,4097038,HDD,EUR,2023-11-20,1.283,1.345,1.278,1.295,776543,507,1.29185
DE0007314007,4097038,HDD,EUR,2023-11-21,1.294,1.305,1.251,1.254,942550,563,1.2759
DE0007314007,4097038,HDD,EUR,2023-11-22,1.269,1.273,1.248,1.25,389495,252,1.25325
DE0007314007,4097038,HDD,EUR,2023-11-23,1.241,1.263,1.231,1.244,288626,194,1.243
DE0007314007,4097038,HDD,EUR,2023-11-24,1.259,1.26,1.228,1.24,176193,132,1.2374
DE0007314007,4097038,HDD,EUR,2023-11-27,1.249,1.258,1.23,1.247,578948,245,1.24185
DE0007314007,4097038,HDD,EUR,2023-11-28,1.241,1.26,1.208,1.235,453861,313,1.2216
DE0007314007,4097038,HDD,EUR,2023-11-29,1.239,1.261,1.229,1.261,755640,585,1.24855
DE0007314007,4097038,HDD,EUR,2023-11-30,1.259,1.279,1.248,1.264,617906,291,1.2642
DE0007314007,4097038,HDD,EUR,2023-12-01,1.269,1.276,1.25,1.266,404147,288,1.2637
DE0007314007,4097038,HDD,EUR,2023-12-04,1.269,1.29,1.234,1.252,1015081,440,1.26545
DE0007314007,4097038,HDD,EUR,2023-12-05,1.265,1.278,1.237,1.27,291860,241,1.25955
DE0007314007,4097038,HDD,EUR,2023-12-06,1.253,1.277,1.24,1.255,391596,241,1.25605
DE0007314007,4097038,HDD,EUR,2023-12-07,1.25,1.269,1.221,1.229,449881,340,1.2353
DE0007314007,4097038,HDD,EUR,2023-12-08,1.221,1.241,1.199,1.22,796144,475,1.21795
DE0007314007,4097038,HDD,EUR,2023-12-11,1.216,1.239,1.181,1.196,549923,371,1.1966
DE0007314007,4097038,HDD,EUR,2023-12-12,1.19,1.229,1.162,1.163,610531,509,1.1807
DE0007314007,4097038,HDD,EUR,2023-12-13,1.174,1.174,1.127,1.127,777355,449,1.1446
DE0007314007,4097038,HDD,EUR,2023-12-14,1.149,1.199,1.13,1.193,975054,655,1.1795
DE0007314007,4097038,HDD,EUR,2023-12-15,1.199,1.21,1.17,1.19,815310,609,1.19615
DE0007314007,4097038,HDD,EUR,2023-12-18,1.2,1.2,1.134,1.146,874556,524,1.1487
DE0007314007,4097038,HDD,EUR,2023-12-19,1.149,1.2,1.135,1.192,852580,524,1.1812
DE0007314007,4097038,HDD,EUR,2023-12-20,1.195,1.209,1.177,1.204,799468,578,1.1984
DE0007314007,4097038,HDD,EUR,2023-12-21,1.19,1.216,1.185,1.198,711653,515,1.1973
DE0007314007,4097038,HDD,EUR,2023-12-22,1.199,1.208,1.183,1.2,733118,332,1.19485
DE0007314007,4097038,HDD,EUR,2023-12-27,1.202,1.222,1.189,1.208,1322154,692,1.20195
DE0007314007,4097038,HDD,EUR,2023-12-28,1.209,1.225,1.174,1.216,1852128,833,1.20165
DE0007314007,4097038,HDD,EUR,2023-12-29,1.205,1.24,1.202,1.239,834178,413,1.2272
