ISIN,conId,Symbol,Currency,date,open,high,low,close,volume,barCount,average
DE000A1H8BV3,86630016,NOEJ,EUR,2019-01-02,42.98,44.6,42.42,44.54,138198,2162,43.972
DE000A1H8BV3,86630016,NOEJ,EUR,2019-01-03,44.4,44.4,42.64,42.64,77363,1106,43.196
DE000A1H8BV3,86630016,NOEJ,EUR,2019-01-04,42.74,44.2,42.68,44.04,260618,2893,43.94
DE000A1H8BV3,86630016,NOEJ,EUR,2019-01-07,44.2,45.0,44.06,44.76,192606,2447,44.576
DE000A1H8BV3,86630016,NOEJ,EUR,2019-01-08,44.5,46.34,44.5,45.74,183469,2423,45.556
DE000A1H8BV3,86630016,NOEJ,EUR,2019-01-09,46.4,48.36,45.82,47.38,191687,2960,47.442
DE000A1H8BV3,86630016,NOEJ,EUR,2019-01-10,47.5,47.66,46.4,47.08,91121,1207,47.006
DE000A1H8BV3,86630016,NOEJ,EUR,2019-01-11,47.3,47.3,45.74,46.76,121635,1816,46.498
DE000A1H8BV3,86630016,NOEJ,EUR,2019-01-14,46.7,47.02,46.1,46.66,115962,1608,46.618
DE000A1H8BV3,86630016,NOEJ,EUR,2019-01-15,47.0,47.68,46.66,46.74,98759,1087,46.796
DE000A1H8BV3,86630016,NOEJ,EUR,2019-01-16,46.74,47.28,46.74,46.94,48583,624,46.958
DE000A1H8BV3,86630016,NOEJ,EUR,2019-01-17,46.88,47.82,46.08,47.7,58758,941,47.484
DE000A1H8BV3,86630016,NOEJ,EUR,2019-01-18,47.92,49.16,47.92,48.28,138947,1649,48.502
DE000A1H8BV3,86630016,NOEJ,EUR,2019-01-21,48.42,48.72,47.22,47.44,49631,827,47.602
DE000A1H8BV3,86630016,NOEJ,EUR,2019-01-22,47.22,47.9,46.7,47.86,130267,1535,47.532
DE000A1H8BV3,86630016,NOEJ,EUR,2019-01-23,47.6,47.88,46.86,47.38,91941,1370,47.41
DE000A1H8BV3,86630016,NOEJ,EUR,2019-01-24,47.38,48.52,47.26,47.94,118417,1380,47.954
DE000A1H8BV3,86630016,NOEJ,EUR,2019-01-25,48.08,49.24,48.08,48.88,58811,758,48.902
DE000A1H8BV3,86630016,NOEJ,EUR,2019-01-28,48.72,48.96,46.84,47.08,116758,1560,47.844
DE000A1H8BV3,86630016,NOEJ,EUR,2019-01-29,47.28,47.28,44.46,44.8,210283,2615,45.056
DE000A1H8BV3,86630016,NOEJ,EUR,2019-01-30,44.92,47.26,44.9,47.0,151029,2303,46.734
DE000A1H8BV3,86630016,NOEJ,EUR,2019-01-31,46.98,47.66,46.0,46.14,119954,1938,46.518
DE000A1H8BV3,86630016,NOEJ,EUR,2019-02-01,46.02,46.66,44.56,45.74,169765,2338,45.544
DE000A1H8BV3,86630016,NOEJ,EUR,2019-02-04,45.64,45.76,44.44,45.08,181581,1996,44.944
DE000A1H8BV3,86630016,NOEJ,EUR,2019-02-05,45.0,45.88,44.52,45.68,247705,3366,45.018
DE000A1H8BV3,86630016,NOEJ,EUR,2019-02-06,45.56,47.04,45.56,46.6,154531,1663,46.526
DE000A1H8BV3,86630016,NOEJ,EUR,2019-02-07,46.5,46.5,43.7,43.9,155314,2061,44.672
DE000A1H8BV3,86630016,NOEJ,EUR,2019-02-08,44.06,44.06,41.38,41.64,346415,3783,42.27
DE000A1H8BV3,86630016,NOEJ,EUR,2019-02-11,41.82,42.58,41.78,42.5,176988,1954,42.45
DE000A1H8BV3,86630016,NOEJ,EUR,2019-02-12,42.66,44.44,42.62,43.84,191576,1840,43.814
DE000A1H8BV3,86630016,NOEJ,EUR,2019-02-13,44.98,47.68,44.2,46.6,250700,3407,46.076
DE000A1H8BV3,86630016,NOEJ,EUR,2019-02-14,46.74,47.04,43.82,44.24,174304,2331,44.838
DE000A1H8BV3,86630016,NOEJ,EUR,2019-02-15,44.28,45.62,44.06,45.4,162399,1837,45.222
DE000A1H8BV3,86630016,NOEJ,EUR,2019-02-18,45.34,46.08,45.26,45.94,100552,1391,45.756
DE000A1H8BV3,86630016,NOEJ,EUR,2019-02-19,45.78,46.86,45.78,46.22,136347,1475,46.284
DE000A1H8BV3,86630016,NOEJ,EUR,2019-02-20,46.38,47.24,45.74,47.14,80568,1135,46.686
DE000A1H8BV3,86630016,NOEJ,EUR,2019-02-21,47.26,47.26,46.22,46.76,56869,808,46.584
DE000A1H8BV3,86630016,NOEJ,EUR,2019-02-22,46.6,48.16,46.6,47.46,107210,1213,47.53
DE000A1H8BV3,86630016,NOEJ,EUR,2019-02-25,47.46,47.66,46.8,47.6,76612,983,47.45
DE000A1H8BV3,86630016,NOEJ,EUR,2019-02-26,47.44,48.0,47.08,47.42,104835,1377,47.394
DE000A1H8BV3,86630016,NOEJ,EUR,2019-02-27,47.7,47.72,45.74,47.0,151019,1778,46.85
DE000A1H8BV3,86630016,NOEJ,EUR,2019-02-28,46.86,47.54,46.36,47.14,91287,1271,47.098
DE000A1H8BV3,86630016,NOEJ,EUR,2019-03-01,47.2,48.88,47.2,48.02,85824,1178,48.314
DE000A1H8BV3,86630016,NOEJ,EUR,2019-03-04,48.2,49.26,48.1,48.86,85120,1088,48.934
DE000A1H8BV3,86630016,NOEJ,EUR,2019-03-05,48.8,48.92,47.32,47.68,58757,875,47.74
DE000A1H8BV3,86630016,NOEJ,EUR,2019-03-06,47.84,47.84,45.94,46.34,178583,2419,46.52
DE000A1H8BV3,86630016,NOEJ,EUR,2019-03-07,46.2,46.2,44.54,44.66,252620,3208,44.904
DE000A1H8BV3,86630016,NOEJ,EUR,2019-03-08,44.66,44.76,43.48,44.22,78930,1348,44.16
DE000A1H8BV3,86630016,NOEJ,EUR,2019-03-11,44.36,44.52,43.34,44.22,171865,2315,43.962
DE000A1H8BV3,86630016,NOEJ,EUR,2019-03-12,44.7,45.32,44.1,44.86,119693,1873,44.774
DE000A1H8BV3,86630016,NOEJ,EUR,2019-03-13,45.2,45.44,44.7,45.0,124136,1985,44.944
DE000A1H8BV3,86630016,NOEJ,EUR,2019-03-14,45.3,46.02,44.68,45.76,107321,1260,45.492
DE000A1H8BV3,86630016,NOEJ,EUR,2019-03-15,45.82,46.0,45.18,45.5,145164,1487,45.47
DE000A1H8BV3,86630016,NOEJ,EUR,2019-03-18,45.44,45.72,44.98,45.2,60603,783,45.242
DE000A1H8BV3,86630016,NOEJ,EUR,2019-03-19,45.34,46.84,45.12,46.46,141785,1682,45.976
DE000A1H8BV3,86630016,NOEJ,EUR,2019-03-20,44.5,45.26,41.4,44.78,370310,4197,43.492
DE000A1H8BV3,86630016,NOEJ,EUR,2019-03-21,44.8,45.9,44.6,45.6,139982,1858,45.5
DE000A1H8BV3,86630016,NOEJ,EUR,2019-03-22,45.5,45.8,43.6,43.64,170942,2058,44.352
DE000A1H8BV3,86630016,NOEJ,EUR,2019-03-25,43.42,43.78,42.24,42.4,142056,1741,42.692
DE000A1H8BV3,86630016,NOEJ,EUR,2019-03-26,42.5,43.34,42.08,43.06,132344,1570,42.878
DE000A1H8BV3,86630016,NOEJ,EUR,2019-03-27,43.2,44.48,42.26,42.54,127976,1607,43.066
DE000A1H8BV3,86630016,NOEJ,EUR,2019-03-28,42.66,43.22,42.42,42.58,72394,1108,42.72
DE000A1H8BV3,86630016,NOEJ,EUR,2019-03-29,42.7,43.68,42.52,43.26,54219,742,43.168
DE000A1H8BV3,86630016,NOEJ,EUR,2019-04-01,43.52,44.22,43.3,44.02,193519,2551,43.74
DE000A1H8BV3,86630016,NOEJ,EUR,2019-04-02,44.26,44.48,43.16,43.52,206685,2798,43.502
DE000A1H8BV3,86630016,NOEJ,EUR,2019-04-03,43.78,44.18,43.24,44.0,339259,3349,43.804
DE000A1H8BV3,86630016,NOEJ,EUR,2019-04-04,43.84,45.04,43.62,44.8,205120,2521,44.644
DE000A1H8BV3,86630016,NOEJ,EUR,2019-04-05,44.9,45.46,44.58,45.3,150842,1473,45.032
DE000A1H8BV3,86630016,NOEJ,EUR,2019-04-08,45.2,45.62,45.0,45.18,79814,931,45.296
DE000A1H8BV3,86630016,NOEJ,EUR,2019-04-09,44.88,45.92,44.6,44.88,108172,1180,45.284
DE000A1H8BV3,86630016,NOEJ,EUR,2019-04-10,44.8,45.4,44.36,44.6,52085,606,44.812
DE000A1H8BV3,86630016,NOEJ,EUR,2019-04-11,44.72,44.94,44.38,44.8,100621,1285,44.734
DE000A1H8BV3,86630016,NOEJ,EUR,2019-04-12,44.84,46.14,44.64,45.7,197832,2412,45.496
DE000A1H8BV3,86630016,NOEJ,EUR,2019-04-15,45.76,46.26,45.58,46.12,72837,933,45.972
DE000A1H8BV3,86630016,NOEJ,EUR,2019-04-16,46.14,46.82,46.14,46.7,86723,965,46.6
DE000A1H8BV3,86630016,NOEJ,EUR,2019-04-17,46.76,47.34,46.54,46.7,136551,1145,46.856
DE000A1H8BV3,86630016,NOEJ,EUR,2019-04-18,46.66,47.44,46.28,47.22,65911,932,46.912
DE000A1H8BV3,86630016,NOEJ,EUR,2019-04-23,47.14,47.14,45.8,45.96,88371,940,46.238
DE000A1H8BV3,86630016,NOEJ,EUR,2019-04-24,45.92,46.06,45.16,45.44,132005,1745,45.572
DE000A1H8BV3,86630016,NOEJ,EUR,2019-04-25,45.56,46.24,41.34,41.82,521998,5735,43.048
DE000A1H8BV3,86630016,NOEJ,EUR,2019-04-26,42.0,42.64,40.24,40.9,323091,3405,40.944
DE000A1H8BV3,86630016,NOEJ,EUR,2019-04-29,41.14,42.34,40.98,41.7,243312,2500,41.748
DE000A1H8BV3,86630016,NOEJ,EUR,2019-04-30,41.82,42.86,41.8,42.14,146291,1693,42.474
DE000A1H8BV3,86630016,NOEJ,EUR,2019-05-02,42.3,42.34,41.5,41.76,139226,1474,41.904
DE000A1H8BV3,86630016,NOEJ,EUR,2019-05-03,41.86,42.64,41.66,42.22,301081,2207,42.274
DE000A1H8BV3,86630016,NOEJ,EUR,2019-05-06,41.6,41.96,40.24,40.5,242250,2477,40.564
DE000A1H8BV3,86630016,NOEJ,EUR,2019-05-07,40.86,41.12,40.46,40.92,186091,2031,40.824
DE000A1H8BV3,86630016,NOEJ,EUR,2019-05-08,40.86,41.22,40.5,40.84,154238,1868,40.852
DE000A1H8BV3,86630016,NOEJ,EUR,2019-05-09,40.86,40.86,39.16,39.18,131135,1621,39.904
DE000A1H8BV3,86630016,NOEJ,EUR,2019-05-10,39.96,40.32,39.28,39.32,145188,1357,39.572
DE000A1H8BV3,86630016,NOEJ,EUR,2019-05-13,39.78,39.88,38.34,38.48,103557,1041,38.752
DE000A1H8BV3,86630016,NOEJ,EUR,2019-05-14,38.6,38.8,37.94,38.06,159242,1294,38.22
DE000A1H8BV3,86630016,NOEJ,EUR,2019-05-15,38.24,38.24,36.8,37.56,199174,1947,37.19
DE000A1H8BV3,86630016,NOEJ,EUR,2019-05-16,37.68,37.68,36.92,37.28,341179,3265,37.182
DE000A1H8BV3,86630016,NOEJ,EUR,2019-05-17,37.3,37.42,36.9,37.2,220409,1885,37.158
DE000A1H8BV3,86630016,NOEJ,EUR,2019-05-20,37.24,37.34,36.02,36.1,136778,1343,36.56
DE000A1H8BV3,86630016,NOEJ,EUR,2019-05-21,36.0,36.96,35.98,36.5,168703,1510,36.56
DE000A1H8BV3,86630016,NOEJ,EUR,2019-05-22,35.82,36.02,34.68,35.02,169932,1552,35.206
DE000A1H8BV3,86630016,NOEJ,EUR,2019-05-23,35.0,35.1,34.34,34.78,195617,1512,34.754
DE000A1H8BV3,86630016,NOEJ,EUR,2019-05-24,35.0,36.26,34.72,35.1,143630,1376,35.168
DE000A1H8BV3,86630016,NOEJ,EUR,2019-05-27,35.48,35.9,35.18,35.78,79640,733,35.704
DE000A1H8BV3,86630016,NOEJ,EUR,2019-05-28,35.86,36.92,35.8,36.6,249460,2022,36.48
DE000A1H8BV3,86630016,NOEJ,EUR,2019-05-29,36.28,36.64,35.66,35.78,157754,1416,35.904
DE000A1H8BV3,86630016,NOEJ,EUR,2019-05-30,35.88,36.7,35.88,36.44,111010,874,36.398
DE000A1H8BV3,86630016,NOEJ,EUR,2019-05-31,36.36,36.36,34.32,34.86,172817,1392,35.09
DE000A1H8BV3,86630016,NOEJ,EUR,2019-06-03,34.72,34.74,33.68,34.64,149395,1288,34.168
DE000A1H8BV3,86630016,NOEJ,EUR,2019-06-04,34.8,36.02,34.44,35.88,109342,1174,35.6
DE000A1H8BV3,86630016,NOEJ,EUR,2019-06-05,35.78,36.7,35.78,36.5,130206,1427,36.408
DE000A1H8BV3,86630016,NOEJ,EUR,2019-06-06,36.66,37.36,36.28,36.54,248546,2622,36.848
DE000A1H8BV3,86630016,NOEJ,EUR,2019-06-07,36.58,37.02,35.82,36.24,80037,991,36.282
DE000A1H8BV3,86630016,NOEJ,EUR,2019-06-11,36.3,37.64,36.22,37.18,142705,1538,37.124
DE000A1H8BV3,86630016,NOEJ,EUR,2019-06-12,37.02,37.3,36.52,36.82,61189,722,36.814
DE000A1H8BV3,86630016,NOEJ,EUR,2019-06-13,36.72,36.94,36.2,36.4,69641,779,36.44
DE000A1H8BV3,86630016,NOEJ,EUR,2019-06-14,36.56,36.58,35.28,35.38,169115,1463,35.758
DE000A1H8BV3,86630016,NOEJ,EUR,2019-06-17,35.18,35.88,35.18,35.68,98359,983,35.644
DE000A1H8BV3,86630016,NOEJ,EUR,2019-06-18,35.52,36.74,35.04,36.6,251850,2375,35.738
DE000A1H8BV3,86630016,NOEJ,EUR,2019-06-19,36.7,37.34,36.06,36.3,194846,1969,36.69
DE000A1H8BV3,86630016,NOEJ,EUR,2019-06-20,36.42,37.74,36.22,36.78,62903,630,37.138
DE000A1H8BV3,86630016,NOEJ,EUR,2019-06-21,37.02,37.3,36.34,36.52,205211,1003,36.684
DE000A1H8BV3,86630016,NOEJ,EUR,2019-06-24,36.7,36.76,35.16,35.5,91063,846,35.54
DE000A1H8BV3,86630016,NOEJ,EUR,2019-06-25,35.7,35.98,35.04,35.64,88217,1071,35.606
DE000A1H8BV3,86630016,NOEJ,EUR,2019-06-26,34.5,35.58,33.86,34.18,253106,2462,34.446
DE000A1H8BV3,86630016,NOEJ,EUR,2019-06-27,34.36,37.06,34.28,36.26,254337,3060,36.084
DE000A1H8BV3,86630016,NOEJ,EUR,2019-06-28,36.3,36.74,35.34,36.44,88515,881,36.048
DE000A1H8BV3,86630016,NOEJ,EUR,2019-07-01,36.82,37.66,35.32,36.04,127350,1431,36.218
DE000A1H8BV3,86630016,NOEJ,EUR,2019-07-02,36.26,36.42,35.32,35.5,73379,870,35.632
DE000A1H8BV3,86630016,NOEJ,EUR,2019-07-03,35.62,35.84,34.62,34.8,177411,1712,35.074
DE000A1H8BV3,86630016,NOEJ,EUR,2019-07-04,35.14,35.78,34.82,35.7,59198,522,35.54
DE000A1H8BV3,86630016,NOEJ,EUR,2019-07-05,35.78,36.52,35.1,36.42,159247,1652,36.072
DE000A1H8BV3,86630016,NOEJ,EUR,2019-07-08,36.4,36.6,34.88,35.0,105049,1260,35.482
DE000A1H8BV3,86630016,NOEJ,EUR,2019-07-09,34.88,35.06,33.82,33.94,126120,1378,34.134
DE000A1H8BV3,86630016,NOEJ,EUR,2019-07-10,34.04,34.42,33.86,34.06,100921,1104,34.092
DE000A1H8BV3,86630016,NOEJ,EUR,2019-07-11,34.22,34.42,33.38,33.78,90320,1194,33.788
DE000A1H8BV3,86630016,NOEJ,EUR,2019-07-12,33.58,34.68,33.42,34.32,120169,1463,34.244
DE000A1H8BV3,86630016,NOEJ,EUR,2019-07-15,34.4,34.82,34.1,34.5,58493,700,34.432
DE000A1H8BV3,86630016,NOEJ,EUR,2019-07-16,34.42,35.14,34.42,35.0,89767,1114,34.816
DE000A1H8BV3,86630016,NOEJ,EUR,2019-07-17,34.9,35.46,34.24,34.38,108257,1314,34.648
DE000A1H8BV3,86630016,NOEJ,EUR,2019-07-18,34.12,34.3,33.8,34.08,87185,1084,34.076
DE000A1H8BV3,86630016,NOEJ,EUR,2019-07-19,34.02,34.68,30.84,31.02,572551,4550,32.55
DE000A1H8BV3,86630016,NOEJ,EUR,2019-07-22,31.4,31.4,29.3,30.56,391691,3131,30.008
DE000A1H8BV3,86630016,NOEJ,EUR,2019-07-23,30.56,32.46,30.56,32.0,280073,2637,32.0
DE000A1H8BV3,86630016,NOEJ,EUR,2019-07-24,32.26,33.64,32.08,33.46,184267,1809,32.89
DE000A1H8BV3,86630016,NOEJ,EUR,2019-07-25,33.62,34.34,32.68,32.76,200734,1824,33.286
DE000A1H8BV3,86630016,NOEJ,EUR,2019-07-26,32.76,32.98,32.28,32.44,81702,838,32.552
DE000A1H8BV3,86630016,NOEJ,EUR,2019-07-29,32.32,32.58,31.98,32.34,65333,571,32.278
DE000A1H8BV3,86630016,NOEJ,EUR,2019-07-30,32.32,32.32,31.96,32.16,81865,751,32.086
DE000A1H8BV3,86630016,NOEJ,EUR,2019-07-31,32.02,32.54,31.82,32.44,127765,1177,32.298
DE000A1H8BV3,86630016,NOEJ,EUR,2019-08-01,32.36,32.36,31.0,31.46,93756,869,31.72
DE000A1H8BV3,86630016,NOEJ,EUR,2019-08-02,30.9,31.24,29.74,29.98,176049,1684,30.178
DE000A1H8BV3,86630016,NOEJ,EUR,2019-08-05,30.0,30.04,28.2,28.98,138631,1427,29.18
DE000A1H8BV3,86630016,NOEJ,EUR,2019-08-06,29.0,29.0,27.96,28.14,253492,2733,28.262
DE000A1H8BV3,86630016,NOEJ,EUR,2019-08-07,28.12,28.56,27.4,28.14,172122,1572,27.988
DE000A1H8BV3,86630016,NOEJ,EUR,2019-08-08,28.34,29.02,28.12,28.82,181837,1663,28.572
DE000A1H8BV3,86630016,NOEJ,EUR,2019-08-09,28.92,29.3,27.58,27.86,240723,2389,28.536
DE000A1H8BV3,86630016,NOEJ,EUR,2019-08-12,28.04,28.18,26.88,27.42,186373,1639,27.214
DE000A1H8BV3,86630016,NOEJ,EUR,2019-08-13,27.24,27.86,26.5,27.64,234924,1901,27.186
DE000A1H8BV3,86630016,NOEJ,EUR,2019-08-14,27.76,27.84,26.42,26.68,157989,1629,26.804
DE000A1H8BV3,86630016,NOEJ,EUR,2019-08-15,26.5,27.2,26.36,26.9,137822,1474,26.76
DE000A1H8BV3,86630016,NOEJ,EUR,2019-08-16,26.94,28.32,26.84,28.2,201385,1942,27.882
DE000A1H8BV3,86630016,NOEJ,EUR,2019-08-19,28.4,28.82,28.14,28.78,133868,1170,28.632
DE000A1H8BV3,86630016,NOEJ,EUR,2019-08-20,28.98,29.22,27.76,28.0,164633,1593,28.274
DE000A1H8BV3,86630016,NOEJ,EUR,2019-08-21,27.86,28.88,27.86,28.7,83108,803,28.65
DE000A1H8BV3,86630016,NOEJ,EUR,2019-08-22,28.52,29.12,28.36,28.8,69433,709,28.792
DE000A1H8BV3,86630016,NOEJ,EUR,2019-08-23,29.0,29.0,28.0,28.02,143831,1217,28.358
DE000A1H8BV3,86630016,NOEJ,EUR,2019-08-26,27.88,28.5,27.64,28.38,53506,554,28.26
DE000A1H8BV3,86630016,NOEJ,EUR,2019-08-27,28.5,28.5,27.4,27.72,154816,1438,27.808
DE000A1H8BV3,86630016,NOEJ,EUR,2019-08-28,27.76,28.2,26.74,28.1,95004,916,27.856
DE000A1H8BV3,86630016,NOEJ,EUR,2019-08-29,28.28,29.0,28.02,28.86,77257,686,28.772
DE000A1H8BV3,86630016,NOEJ,EUR,2019-08-30,29.06,29.36,28.64,28.72,82718,733,29.01
DE000A1H8BV3,86630016,NOEJ,EUR,2019-09-02,28.84,29.02,27.62,27.74,77979,723,27.988
DE000A1H8BV3,86630016,NOEJ,EUR,2019-09-03,27.82,27.82,27.06,27.5,100390,959,27.372
DE000A1H8BV3,86630016,NOEJ,EUR,2019-09-04,27.64,28.44,27.64,28.36,72805,672,28.16
DE000A1H8BV3,86630016,NOEJ,EUR,2019-09-05,28.5,29.16,28.24,29.08,57197,611,28.832
DE000A1H8BV3,86630016,NOEJ,EUR,2019-09-06,29.0,29.68,28.0,28.48,189089,1647,28.708
DE000A1H8BV3,86630016,NOEJ,EUR,2019-09-09,28.7,30.06,28.54,30.06,75318,752,29.632
DE000A1H8BV3,86630016,NOEJ,EUR,2019-09-10,30.02,30.98,29.84,30.84,115251,1125,30.606
DE000A1H8BV3,86630016,NOEJ,EUR,2019-09-11,30.88,31.82,30.68,31.2,167702,1753,31.198
DE000A1H8BV3,86630016,NOEJ,EUR,2019-09-12,31.22,31.76,30.78,31.46,203134,1900,31.328
DE000A1H8BV3,86630016,NOEJ,EUR,2019-09-13,31.36,33.18,31.36,33.1,220973,2387,32.64
DE000A1H8BV3,86630016,NOEJ,EUR,2019-09-16,32.9,33.14,32.34,32.96,165417,1791,32.868
DE000A1H8BV3,86630016,NOEJ,EUR,2019-09-17,33.1,33.26,32.66,32.8,172106,1769,32.916
DE000A1H8BV3,86630016,NOEJ,EUR,2019-09-18,32.96,33.2,32.6,33.0,149669,1585,32.954
DE000A1H8BV3,86630016,NOEJ,EUR,2019-09-19,32.88,33.28,32.6,33.14,164839,1360,33.076
DE000A1H8BV3,86630016,NOEJ,EUR,2019-09-20,33.3,33.36,32.54,33.2,508972,2449,33.118
DE000A1H8BV3,86630016,NOEJ,EUR,2019-09-23,33.08,33.72,32.54,32.86,202324,1678,32.902
DE000A1H8BV3,86630016,NOEJ,EUR,2019-09-24,32.78,33.0,32.14,32.5,120928,973,32.64
DE000A1H8BV3,86630016,NOEJ,EUR,2019-09-25,32.6,32.6,31.6,32.4,77061,836,32.108
DE000A1H8BV3,86630016,NOEJ,EUR,2019-09-26,32.64,32.68,31.66,31.74,55896,609,31.998
DE000A1H8BV3,86630016,NOEJ,EUR,2019-09-27,31.76,32.14,31.72,32.0,89229,889,31.926
DE000A1H8BV3,86630016,NOEJ,EUR,2019-09-30,32.0,32.26,31.62,31.82,46205,428,31.852
DE000A1H8BV3,86630016,NOEJ,EUR,2019-10-01,32.02,32.54,31.44,31.58,80399,834,31.912
DE000A1H8BV3,86630016,NOEJ,EUR,2019-10-02,31.32,31.5,30.48,30.48,71345,657,30.826
DE000A1H8BV3,86630016,NOEJ,EUR,2019-10-04,30.42,30.56,27.82,28.84,315474,3064,28.938
DE000A1H8BV3,86630016,NOEJ,EUR,2019-10-07,29.2,29.58,28.42,29.44,193828,1527,29.122
DE000A1H8BV3,86630016,NOEJ,EUR,2019-10-08,29.48,29.58,28.64,29.32,122770,890,29.07
DE000A1H8BV3,86630016,NOEJ,EUR,2019-10-09,29.3,30.46,29.1,29.7,105788,1026,29.928
DE000A1H8BV3,86630016,NOEJ,EUR,2019-10-10,29.56,30.36,29.56,30.0,276521,2014,29.964
DE000A1H8BV3,86630016,NOEJ,EUR,2019-10-11,29.94,30.7,29.7,30.38,196825,1775,30.228
DE000A1H8BV3,86630016,NOEJ,EUR,2019-10-14,30.44,30.68,29.66,30.6,134512,1075,30.152
DE000A1H8BV3,86630016,NOEJ,EUR,2019-10-15,30.6,30.98,30.2,30.76,154748,1409,30.498
DE000A1H8BV3,86630016,NOEJ,EUR,2019-10-16,31.0,31.12,30.3,30.94,172864,1436,30.61
DE000A1H8BV3,86630016,NOEJ,EUR,2019-10-17,31.1,32.26,28.84,30.66,651507,4704,30.402
DE000A1H8BV3,86630016,NOEJ,EUR,2019-10-18,30.62,31.42,29.92,30.56,293998,2199,30.6
DE000A1H8BV3,86630016,NOEJ,EUR,2019-10-21,31.4,33.14,31.32,32.64,348832,2726,32.194
DE000A1H8BV3,86630016,NOEJ,EUR,2019-10-22,32.9,33.3,32.32,32.66,127892,1051,32.536
DE000A1H8BV3,86630016,NOEJ,EUR,2019-10-23,32.5,32.8,32.1,32.74,213141,1938,32.408
DE000A1H8BV3,86630016,NOEJ,EUR,2019-10-24,32.98,33.52,32.9,33.26,165326,1241,33.164
DE000A1H8BV3,86630016,NOEJ,EUR,2019-10-25,33.18,33.6,33.0,33.6,89106,811,33.39
DE000A1H8BV3,86630016,NOEJ,EUR,2019-10-28,33.58,34.64,33.58,34.38,119411,917,34.274
DE000A1H8BV3,86630016,NOEJ,EUR,2019-10-29,34.32,34.9,33.94,34.4,128621,957,34.33
DE000A1H8BV3,86630016,NOEJ,EUR,2019-10-30,34.42,34.5,31.96,32.06,208287,1793,32.89
DE000A1H8BV3,86630016,NOEJ,EUR,2019-10-31,32.16,33.14,31.6,32.96,186686,1804,32.66
DE000A1H8BV3,86630016,NOEJ,EUR,2019-11-01,33.06,33.9,32.76,33.86,70742,751,33.512
DE000A1H8BV3,86630016,NOEJ,EUR,2019-11-04,34.46,35.38,34.08,35.38,154637,1249,35.062
DE000A1H8BV3,86630016,NOEJ,EUR,2019-11-05,35.7,36.08,34.98,35.98,166673,1500,35.57
DE000A1H8BV3,86630016,NOEJ,EUR,2019-11-06,35.98,36.56,35.28,35.92,164512,1695,35.716
DE000A1H8BV3,86630016,NOEJ,EUR,2019-11-07,35.8,37.84,35.7,37.6,228604,1919,37.08
DE000A1H8BV3,86630016,NOEJ,EUR,2019-11-08,37.5,38.74,37.02,38.44,288174,2274,38.002
DE000A1H8BV3,86630016,NOEJ,EUR,2019-11-11,38.48,38.58,37.84,38.34,92678,1007,38.296
DE000A1H8BV3,86630016,NOEJ,EUR,2019-11-12,38.44,39.1,38.0,38.38,161174,1460,38.482
DE000A1H8BV3,86630016,NOEJ,EUR,2019-11-13,38.62,38.88,37.88,38.46,152033,1501,38.41
DE000A1H8BV3,86630016,NOEJ,EUR,2019-11-14,38.46,38.48,37.82,37.92,99856,959,38.106
DE000A1H8BV3,86630016,NOEJ,EUR,2019-11-15,37.94,38.24,36.56,38.06,91203,1093,37.802
DE000A1H8BV3,86630016,NOEJ,EUR,2019-11-18,37.96,38.08,37.12,37.54,86898,884,37.588
DE000A1H8BV3,86630016,NOEJ,EUR,2019-11-19,37.5,38.48,37.42,38.24,113960,1246,38.112
DE000A1H8BV3,86630016,NOEJ,EUR,2019-11-20,38.16,38.16,36.8,37.16,147008,1699,37.128
DE000A1H8BV3,86630016,NOEJ,EUR,2019-11-21,37.08,38.16,36.46,37.74,132658,1500,37.71
DE000A1H8BV3,86630016,NOEJ,EUR,2019-11-22,37.62,38.74,37.62,38.2,174412,1340,38.21
DE000A1H8BV3,86630016,NOEJ,EUR,2019-11-25,38.24,39.14,38.14,39.04,126089,1551,38.8
DE000A1H8BV3,86630016,NOEJ,EUR,2019-11-26,39.02,39.04,38.4,38.6,149007,1407,38.676
DE000A1H8BV3,86630016,NOEJ,EUR,2019-11-27,38.66,38.82,38.22,38.38,54970,802,38.524
DE000A1H8BV3,86630016,NOEJ,EUR,2019-11-28,38.54,38.54,37.8,37.92,60034,573,37.984
DE000A1H8BV3,86630016,NOEJ,EUR,2019-11-29,37.84,38.18,37.16,37.56,75584,640,37.53
DE000A1H8BV3,86630016,NOEJ,EUR,2019-12-02,37.6,38.1,37.28,37.3,83378,920,37.626
DE000A1H8BV3,86630016,NOEJ,EUR,2019-12-03,37.36,37.7,36.6,37.02,71120,844,37.086
DE000A1H8BV3,86630016,NOEJ,EUR,2019-12-04,37.12,38.26,37.12,37.64,59069,774,37.748
DE000A1H8BV3,86630016,NOEJ,EUR,2019-12-05,37.78,38.7,37.56,38.32,85373,1019,38.282
DE000A1H8BV3,86630016,NOEJ,EUR,2019-12-06,38.46,39.2,38.44,39.04,68442,760,38.978
DE000A1H8BV3,86630016,NOEJ,EUR,2019-12-09,39.08,39.22,37.66,37.76,70249,818,38.042
DE000A1H8BV3,86630016,NOEJ,EUR,2019-12-10,37.86,37.9,37.06,37.9,48403,656,37.596
DE000A1H8BV3,86630016,NOEJ,EUR,2019-12-11,37.76,38.2,37.56,37.92,31241,453,37.85
DE000A1H8BV3,86630016,NOEJ,EUR,2019-12-12,37.92,39.02,37.84,38.66,55967,787,38.488
DE000A1H8BV3,86630016,NOEJ,EUR,2019-12-13,39.0,39.74,38.76,39.0,92191,921,39.25
DE000A1H8BV3,86630016,NOEJ,EUR,2019-12-16,39.12,39.66,38.84,39.58,54252,631,39.384
DE000A1H8BV3,86630016,NOEJ,EUR,2019-12-17,39.66,39.66,38.7,38.82,64126,456,38.944
DE000A1H8BV3,86630016,NOEJ,EUR,2019-12-18,38.98,38.98,38.14,38.36,73458,738,38.492
DE000A1H8BV3,86630016,NOEJ,EUR,2019-12-19,38.42,38.6,38.06,38.22,43715,616,38.27
DE000A1H8BV3,86630016,NOEJ,EUR,2019-12-20,38.14,38.44,37.72,38.0,49808,580,37.984
DE000A1H8BV3,86630016,NOEJ,EUR,2019-12-23,37.98,38.66,37.9,38.22,59157,688,38.244
DE000A1H8BV3,86630016,NOEJ,EUR,2019-12-27,38.38,38.86,38.2,38.4,41957,504,38.512
DE000A1H8BV3,86630016,NOEJ,EUR,2019-12-30,38.4,38.5,38.0,38.0,19453,268,38.148
DE000A1H8BV3,86630016,NOEJ,EUR,2020-01-02,37.92,39.08,37.92,39.02,27286,414,38.827
DE000A1H8BV3,86630016,NOEJ,EUR,2020-01-03,38.7,38.98,38.18,38.28,32753,434,38.512
DE000A1H8BV3,86630016,NOEJ,EUR,2020-01-06,38.0,38.14,37.26,37.84,40776,510,37.659
DE000A1H8BV3,86630016,NOEJ,EUR,2020-01-07,38.08,38.64,38.08,38.18,30634,411,38.285
DE000A1H8BV3,86630016,NOEJ,EUR,2020-01-08,37.88,38.9,37.76,38.88,55259,746,38.645
DE000A1H8BV3,86630016,NOEJ,EUR,2020-01-09,39.12,40.0,38.74,39.44,109918,1493,39.597
DE000A1H8BV3,86630016,NOEJ,EUR,2020-01-10,40.52,42.14,39.6,39.6,131769,1509,40.318
DE000A1H8BV3,86630016,NOEJ,EUR,2020-01-13,39.82,39.86,37.6,37.68,84302,869,38.113
DE000A1H8BV3,86630016,NOEJ,EUR,2020-01-14,37.86,38.04,37.28,37.5,68940,791,37.565
DE000A1H8BV3,86630016,NOEJ,EUR,2020-01-15,37.46,37.7,37.18,37.36,110594,824,37.387
DE000A1H8BV3,86630016,NOEJ,EUR,2020-01-16,37.38,37.62,36.86,37.18,43107,479,37.144
DE000A1H8BV3,86630016,NOEJ,EUR,2020-01-17,37.26,37.42,36.5,36.64,67816,696,36.863
DE000A1H8BV3,86630016,NOEJ,EUR,2020-01-20,36.54,36.98,36.3,36.48,56274,552,36.645
DE000A1H8BV3,86630016,NOEJ,EUR,2020-01-21,36.3,36.58,35.48,35.6,88744,1044,35.888
DE000A1H8BV3,86630016,NOEJ,EUR,2020-01-22,35.58,36.24,35.16,35.44,188024,1902,35.667
DE000A1H8BV3,86630016,NOEJ,EUR,2020-01-23,35.28,35.4,33.5,33.68,137491,1252,34.101
DE000A1H8BV3,86630016,NOEJ,EUR,2020-01-24,33.68,34.14,33.3,33.46,107178,1093,33.687
DE000A1H8BV3,86630016,NOEJ,EUR,2020-01-27,33.0,33.54,32.34,33.16,189535,1936,32.987
DE000A1H8BV3,86630016,NOEJ,EUR,2020-01-28,33.4,33.4,32.26,33.0,144925,1389,32.851
DE000A1H8BV3,86630016,NOEJ,EUR,2020-01-29,33.08,33.38,32.6,33.1,184242,1293,33.067
DE000A1H8BV3,86630016,NOEJ,EUR,2020-01-30,32.84,33.24,32.52,33.06,148396,1341,32.96
DE000A1H8BV3,86630016,NOEJ,EUR,2020-01-31,33.24,33.32,32.74,32.96,95704,832,33.032
DE000A1H8BV3,86630016,NOEJ,EUR,2020-02-03,32.9,33.58,32.66,33.44,72628,780,33.293
DE000A1H8BV3,86630016,NOEJ,EUR,2020-02-04,33.48,34.44,33.34,34.32,88281,690,34.124
DE000A1H8BV3,86630016,NOEJ,EUR,2020-02-05,34.36,35.12,33.82,34.68,182014,877,34.692
DE000A1H8BV3,86630016,NOEJ,EUR,2020-02-06,35.04,35.06,34.36,34.52,152740,1188,34.534
DE000A1H8BV3,86630016,NOEJ,EUR,2020-02-07,34.58,34.7,34.22,34.64,63209,2555,34.465
DE000A1H8BV3,86630016,NOEJ,EUR,2020-02-10,34.68,34.68,33.66,34.04,144564,874,34.023
DE000A1H8BV3,86630016,NOEJ,EUR,2020-02-11,34.16,35.38,34.1,35.34,114323,1002,34.913
DE000A1H8BV3,86630016,NOEJ,EUR,2020-02-12,35.6,37.4,35.6,36.9,129374,2523,36.818
DE000A1H8BV3,86630016,NOEJ,EUR,2020-02-13,37.1,37.24,35.76,36.36,120321,1403,36.157
DE000A1H8BV3,86630016,NOEJ,EUR,2020-02-14,36.48,36.68,36.0,36.24,77783,801,36.256
DE000A1H8BV3,86630016,NOEJ,EUR,2020-02-17,36.32,37.08,36.2,36.9,71198,676,36.764
DE000A1H8BV3,86630016,NOEJ,EUR,2020-02-18,36.78,37.1,36.2,36.8,100214,1092,36.73
DE000A1H8BV3,86630016,NOEJ,EUR,2020-02-19,36.72,37.04,36.26,36.48,62934,704,36.603
DE000A1H8BV3,86630016,NOEJ,EUR,2020-02-20,36.16,36.24,33.46,33.84,248959,2260,34.177
DE000A1H8BV3,86630016,NOEJ,EUR,2020-02-21,33.96,34.18,32.94,33.28,94296,1164,33.329
DE000A1H8BV3,86630016,NOEJ,EUR,2020-02-24,32.5,32.52,31.26,31.44,101124,908,31.648
DE000A1H8BV3,86630016,NOEJ,EUR,2020-02-25,31.56,31.86,30.52,31.0,113895,1238,31.174
DE000A1H8BV3,86630016,NOEJ,EUR,2020-02-26,30.52,31.56,30.18,31.38,166294,1836,31.136
DE000A1H8BV3,86630016,NOEJ,EUR,2020-02-27,30.92,31.22,29.52,30.28,204992,2316,30.025
DE000A1H8BV3,86630016,NOEJ,EUR,2020-02-28,29.3,29.94,28.56,29.7,152264,1615,29.51
DE000A1H8BV3,86630016,NOEJ,EUR,2020-03-02,29.46,30.18,28.52,29.38,134550,1282,29.252
DE000A1H8BV3,86630016,NOEJ,EUR,2020-03-03,29.42,30.58,29.28,29.72,99290,1062,29.958
DE000A1H8BV3,86630016,NOEJ,EUR,2020-03-04,29.5,29.84,28.4,28.5,124792,1202,28.915
DE000A1H8BV3,86630016,NOEJ,EUR,2020-03-05,28.8,29.16,26.92,27.06,133987,1151,27.646
DE000A1H8BV3,86630016,NOEJ,EUR,2020-03-06,26.94,26.94,25.88,26.16,175187,1808,26.173
DE000A1H8BV3,86630016,NOEJ,EUR,2020-03-09,24.5,25.98,24.4,25.4,203899,2045,25.45
DE000A1H8BV3,86630016,NOEJ,EUR,2020-03-10,25.6,27.26,25.22,25.58,181773,1868,26.264
DE000A1H8BV3,86630016,NOEJ,EUR,2020-03-11,25.9,26.38,23.84,24.1,283729,2435,25.222
DE000A1H8BV3,86630016,NOEJ,EUR,2020-03-12,23.0,23.0,20.22,20.34,336480,3183,21.165
DE000A1H8BV3,86630016,NOEJ,EUR,2020-03-13,20.44,21.74,19.55,19.8,491881,4956,20.501
DE000A1H8BV3,86630016,NOEJ,EUR,2020-03-16,19.5,19.5,17.98,18.34,307106,3202,18.487
DE000A1H8BV3,86630016,NOEJ,EUR,2020-03-17,18.5,19.15,17.07,17.31,173098,1709,17.64
DE000A1H8BV3,86630016,NOEJ,EUR,2020-03-18,17.0,17.2,15.52,15.9,217648,1858,16.177
DE000A1H8BV3,86630016,NOEJ,EUR,2020-03-19,15.12,15.77,14.38,15.15,279897,1940,14.965
DE000A1H8BV3,86630016,NOEJ,EUR,2020-03-20,16.28,17.45,16.24,16.68,216329,1577,16.801
DE000A1H8BV3,86630016,NOEJ,EUR,2020-03-23,16.44,16.46,15.2,15.85,181075,1553,15.795
DE000A1H8BV3,86630016,NOEJ,EUR,2020-03-24,16.4,17.31,16.37,17.3,215044,1782,17.074
DE000A1H8BV3,86630016,NOEJ,EUR,2020-03-25,17.97,18.86,15.56,16.48,220012,1899,17.047
DE000A1H8BV3,86630016,NOEJ,EUR,2020-03-26,16.48,16.48,14.46,15.26,491552,3295,15.341
DE000A1H8BV3,86630016,NOEJ,EUR,2020-03-27,15.6,17.48,15.12,16.13,370427,2610,16.206
DE000A1H8BV3,86630016,NOEJ,EUR,2020-03-30,16.2,17.68,15.74,17.41,367488,2447,17.016
DE000A1H8BV3,86630016,NOEJ,EUR,2020-03-31,17.44,17.9,16.66,17.0,200227,1977,17.089
DE000A1H8BV3,86630016,NOEJ,EUR,2020-04-01,16.98,17.04,15.72,16.36,138527,1309,16.383
DE000A1H8BV3,86630016,NOEJ,EUR,2020-04-02,16.32,17.0,15.8,16.73,134457,1100,16.513
DE000A1H8BV3,86630016,NOEJ,EUR,2020-04-03,16.94,17.38,16.44,17.1,122012,950,17.03
DE000A1H8BV3,86630016,NOEJ,EUR,2020-04-06,17.6,18.96,17.48,18.44,230952,1610,18.123
DE000A1H8BV3,86630016,NOEJ,EUR,2020-04-07,18.9,19.94,18.2,18.58,200666,1873,18.845
DE000A1H8BV3,86630016,NOEJ,EUR,2020-04-08,18.52,19.06,17.9,18.68,185191,1854,18.624
DE000A1H8BV3,86630016,NOEJ,EUR,2020-04-09,19.04,20.18,18.7,19.94,224437,1828,19.475
DE000A1H8BV3,86630016,NOEJ,EUR,2020-04-14,20.9,21.58,20.04,20.14,131181,924,20.683
DE000A1H8BV3,86630016,NOEJ,EUR,2020-04-15,20.5,20.64,17.96,18.56,216448,1679,18.916
DE000A1H8BV3,86630016,NOEJ,EUR,2020-04-16,18.86,19.96,18.52,19.0,247343,1999,19.446
DE000A1H8BV3,86630016,NOEJ,EUR,2020-04-17,19.84,21.54,19.12,21.12,184251,1348,20.574
DE000A1H8BV3,86630016,NOEJ,EUR,2020-04-20,21.32,21.86,20.64,21.12,150558,1170,21.11
DE000A1H8BV3,86630016,NOEJ,EUR,2020-04-21,20.86,21.24,20.2,21.0,200997,1536,20.804
DE000A1H8BV3,86630016,NOEJ,EUR,2020-04-22,21.1,22.0,20.62,21.72,150401,1167,21.274
DE000A1H8BV3,86630016,NOEJ,EUR,2020-04-23,21.84,22.32,21.04,21.48,145026,1054,21.434
DE000A1H8BV3,86630016,NOEJ,EUR,2020-04-24,21.02,21.36,20.62,21.06,71907,613,21.054
DE000A1H8BV3,86630016,NOEJ,EUR,2020-04-27,21.38,21.7,20.52,20.84,80185,823,21.054
DE000A1H8BV3,86630016,NOEJ,EUR,2020-04-28,21.18,21.3,20.26,20.46,123491,937,20.774
DE000A1H8BV3,86630016,NOEJ,EUR,2020-04-29,20.3,22.0,18.32,21.7,469816,2906,19.838
DE000A1H8BV3,86630016,NOEJ,EUR,2020-04-30,21.78,23.68,21.5,22.94,419334,3828,22.956
DE000A1H8BV3,86630016,NOEJ,EUR,2020-05-04,22.7,23.0,20.66,20.96,173554,1882,21.19
DE000A1H8BV3,86630016,NOEJ,EUR,2020-05-05,21.2,21.76,20.94,21.0,134797,977,21.156
DE000A1H8BV3,86630016,NOEJ,EUR,2020-05-06,21.26,21.72,20.24,21.34,133524,1043,21.108
DE000A1H8BV3,86630016,NOEJ,EUR,2020-05-07,21.46,21.68,20.8,21.12,73212,390,21.118
DE000A1H8BV3,86630016,NOEJ,EUR,2020-05-08,21.58,22.2,21.28,21.72,61218,529,21.802
DE000A1H8BV3,86630016,NOEJ,EUR,2020-05-11,22.04,22.48,21.38,21.48,125888,864,21.71
DE000A1H8BV3,86630016,NOEJ,EUR,2020-05-12,21.34,21.84,20.8,20.9,114977,776,21.218
DE000A1H8BV3,86630016,NOEJ,EUR,2020-05-13,20.8,20.8,19.98,20.2,103772,792,20.362
DE000A1H8BV3,86630016,NOEJ,EUR,2020-05-14,20.16,20.16,19.02,19.54,97514,912,19.478
DE000A1H8BV3,86630016,NOEJ,EUR,2020-05-15,19.76,20.58,19.7,20.14,77680,688,20.134
DE000A1H8BV3,86630016,NOEJ,EUR,2020-05-18,20.22,22.3,20.16,22.0,92521,678,21.59
DE000A1H8BV3,86630016,NOEJ,EUR,2020-05-19,22.14,23.04,22.1,22.62,113875,950,22.508
DE000A1H8BV3,86630016,NOEJ,EUR,2020-05-20,22.96,23.56,22.0,23.3,159883,1282,23.04
DE000A1H8BV3,86630016,NOEJ,EUR,2020-05-21,23.28,23.28,22.5,22.6,99259,850,22.7
DE000A1H8BV3,86630016,NOEJ,EUR,2020-05-22,22.54,22.8,21.7,22.56,76223,557,22.396
DE000A1H8BV3,86630016,NOEJ,EUR,2020-05-25,22.68,23.5,22.56,23.34,43197,367,23.13
DE000A1H8BV3,86630016,NOEJ,EUR,2020-05-26,23.44,24.32,23.2,24.2,93930,816,23.784
DE000A1H8BV3,86630016,NOEJ,EUR,2020-05-27,24.32,27.18,24.14,26.26,281464,2749,26.062
DE000A1H8BV3,86630016,NOEJ,EUR,2020-05-28,26.46,27.5,26.26,27.28,185729,1602,26.786
DE000A1H8BV3,86630016,NOEJ,EUR,2020-05-29,27.02,27.3,26.12,26.34,209843,1761,26.622
DE000A1H8BV3,86630016,NOEJ,EUR,2020-06-02,26.98,28.56,26.84,28.08,195305,2394,27.842
DE000A1H8BV3,86630016,NOEJ,EUR,2020-06-03,28.28,31.0,28.28,30.52,227959,2707,29.94
DE000A1H8BV3,86630016,NOEJ,EUR,2020-06-04,30.7,30.72,28.74,29.5,159344,1239,29.362
DE000A1H8BV3,86630016,NOEJ,EUR,2020-06-05,29.5,29.98,28.54,29.9,148116,1580,29.394
DE000A1H8BV3,86630016,NOEJ,EUR,2020-06-08,29.6,30.36,29.34,29.78,83527,958,29.846
DE000A1H8BV3,86630016,NOEJ,EUR,2020-06-09,30.4,30.4,26.72,27.88,211414,2012,27.894
DE000A1H8BV3,86630016,NOEJ,EUR,2020-06-10,27.92,28.78,26.82,26.9,92744,920,27.302
DE000A1H8BV3,86630016,NOEJ,EUR,2020-06-11,26.9,26.9,24.2,24.84,154745,1149,25.386
DE000A1H8BV3,86630016,NOEJ,EUR,2020-06-12,24.02,25.26,24.02,24.92,183502,1969,24.874
DE000A1H8BV3,86630016,NOEJ,EUR,2020-06-15,25.02,25.46,23.8,24.5,162992,1497,24.29
DE000A1H8BV3,86630016,NOEJ,EUR,2020-06-16,25.26,26.9,24.8,25.88,261744,2233,25.694
DE000A1H8BV3,86630016,NOEJ,EUR,2020-06-17,26.28,26.28,24.52,24.98,90446,1004,25.072
DE000A1H8BV3,86630016,NOEJ,EUR,2020-06-18,25.02,25.02,24.2,24.66,169175,1701,24.56
DE000A1H8BV3,86630016,NOEJ,EUR,2020-06-19,24.64,24.9,24.3,24.62,106265,856,24.628
DE000A1H8BV3,86630016,NOEJ,EUR,2020-06-22,24.6,24.6,24.0,24.36,52363,502,24.37
DE000A1H8BV3,86630016,NOEJ,EUR,2020-06-23,24.56,24.94,23.94,24.44,80917,517,24.538
DE000A1H8BV3,86630016,NOEJ,EUR,2020-06-24,24.44,24.82,23.24,23.56,99077,833,23.93
DE000A1H8BV3,86630016,NOEJ,EUR,2020-06-25,23.78,23.78,22.52,23.06,195731,1941,22.95
DE000A1H8BV3,86630016,NOEJ,EUR,2020-06-26,23.24,23.9,22.92,23.58,189008,1917,23.502
DE000A1H8BV3,86630016,NOEJ,EUR,2020-06-29,23.62,24.04,23.18,24.02,141694,1482,23.716
DE000A1H8BV3,86630016,NOEJ,EUR,2020-06-30,24.1,24.1,23.44,23.7,187396,1929,23.682
DE000A1H8BV3,86630016,NOEJ,EUR,2020-07-01,23.76,24.6,23.12,23.44,125033,1103,23.65
DE000A1H8BV3,86630016,NOEJ,EUR,2020-07-02,23.54,23.92,22.9,23.6,188580,1754,23.614
DE000A1H8BV3,86630016,NOEJ,EUR,2020-07-03,23.9,24.96,23.44,23.6,103554,886,24.2
DE000A1H8BV3,86630016,NOEJ,EUR,2020-07-06,23.78,24.4,23.58,24.1,103576,847,24.036
DE000A1H8BV3,86630016,NOEJ,EUR,2020-07-07,23.9,23.96,22.86,23.36,143043,1440,23.254
DE000A1H8BV3,86630016,NOEJ,EUR,2020-07-08,23.16,23.76,22.98,23.12,83175,840,23.348
DE000A1H8BV3,86630016,NOEJ,EUR,2020-07-09,23.26,23.26,22.2,22.3,89678,822,22.674
DE000A1H8BV3,86630016,NOEJ,EUR,2020-07-10,22.4,22.52,22.04,22.46,78434,743,22.35
DE000A1H8BV3,86630016,NOEJ,EUR,2020-07-13,22.92,23.54,22.72,23.26,98271,989,23.174
DE000A1H8BV3,86630016,NOEJ,EUR,2020-07-14,22.7,23.64,22.42,23.6,89019,938,23.242
DE000A1H8BV3,86630016,NOEJ,EUR,2020-07-15,23.86,24.26,23.68,23.8,116097,962,23.952
DE000A1H8BV3,86630016,NOEJ,EUR,2020-07-16,23.72,24.12,22.74,24.0,189083,1434,23.488
DE000A1H8BV3,86630016,NOEJ,EUR,2020-07-17,24.24,25.92,24.1,25.56,140293,1545,25.348
DE000A1H8BV3,86630016,NOEJ,EUR,2020-07-20,25.58,25.72,25.0,25.38,65226,601,25.324
DE000A1H8BV3,86630016,NOEJ,EUR,2020-07-21,25.78,26.7,25.66,26.04,98284,1013,26.148
DE000A1H8BV3,86630016,NOEJ,EUR,2020-07-22,25.88,26.92,24.98,25.3,67721,725,25.378
DE000A1H8BV3,86630016,NOEJ,EUR,2020-07-23,25.44,25.7,24.92,25.46,75651,957,25.384
DE000A1H8BV3,86630016,NOEJ,EUR,2020-07-24,25.14,25.78,24.8,24.94,102660,892,25.216
DE000A1H8BV3,86630016,NOEJ,EUR,2020-07-27,24.94,25.22,24.5,24.78,33602,269,24.774
DE000A1H8BV3,86630016,NOEJ,EUR,2020-07-28,24.76,24.98,24.4,24.76,49031,408,24.73
DE000A1H8BV3,86630016,NOEJ,EUR,2020-07-29,24.62,25.2,24.42,25.08,68696,751,24.86
DE000A1H8BV3,86630016,NOEJ,EUR,2020-07-30,25.0,25.4,23.48,23.74,113460,1285,23.98
DE000A1H8BV3,86630016,NOEJ,EUR,2020-07-31,23.64,23.94,23.22,23.42,44331,447,23.604
DE000A1H8BV3,86630016,NOEJ,EUR,2020-08-03,23.48,23.96,23.26,23.78,41854,437,23.68
DE000A1H8BV3,86630016,NOEJ,EUR,2020-08-04,24.08,24.24,23.72,24.1,63734,728,24.006
DE000A1H8BV3,86630016,NOEJ,EUR,2020-08-05,24.38,24.92,23.5,24.28,107794,1086,24.148
DE000A1H8BV3,86630016,NOEJ,EUR,2020-08-06,24.1,26.52,24.1,25.22,112637,1332,25.42
DE000A1H8BV3,86630016,NOEJ,EUR,2020-08-07,25.38,25.38,24.1,25.1,88858,821,24.718
DE000A1H8BV3,86630016,NOEJ,EUR,2020-08-10,25.22,25.88,24.9,25.76,44381,491,25.424
DE000A1H8BV3,86630016,NOEJ,EUR,2020-08-11,25.84,27.3,25.74,27.22,107107,1066,26.804
DE000A1H8BV3,86630016,NOEJ,EUR,2020-08-12,27.3,27.78,26.74,27.64,99993,996,27.408
DE000A1H8BV3,86630016,NOEJ,EUR,2020-08-13,27.56,27.68,26.7,26.78,120203,1421,27.15
DE000A1H8BV3,86630016,NOEJ,EUR,2020-08-14,26.62,27.0,26.3,27.0,98877,1183,26.664
DE000A1H8BV3,86630016,NOEJ,EUR,2020-08-17,26.86,27.68,26.6,27.0,76528,962,27.226
DE000A1H8BV3,86630016,NOEJ,EUR,2020-08-18,27.12,27.5,26.5,27.22,48435,565,27.24
DE000A1H8BV3,86630016,NOEJ,EUR,2020-08-19,27.54,28.02,27.1,27.94,84134,1039,27.65
DE000A1H8BV3,86630016,NOEJ,EUR,2020-08-20,27.76,28.9,27.7,28.36,207739,1983,28.302
DE000A1H8BV3,86630016,NOEJ,EUR,2020-08-21,28.78,28.78,26.84,27.46,157430,1565,27.57
DE000A1H8BV3,86630016,NOEJ,EUR,2020-08-24,27.42,28.1,27.42,28.0,53108,649,27.9
DE000A1H8BV3,86630016,NOEJ,EUR,2020-08-25,28.4,28.4,27.02,27.22,60647,628,27.544
DE000A1H8BV3,86630016,NOEJ,EUR,2020-08-26,27.22,28.32,27.08,27.86,121806,1301,27.936
DE000A1H8BV3,86630016,NOEJ,EUR,2020-08-27,28.02,28.02,27.1,27.32,94385,720,27.416
DE000A1H8BV3,86630016,NOEJ,EUR,2020-08-28,27.22,27.22,26.04,26.94,111465,1465,26.558
DE000A1H8BV3,86630016,NOEJ,EUR,2020-08-31,27.08,27.36,26.8,27.06,134491,1768,27.036
DE000A1H8BV3,86630016,NOEJ,EUR,2020-09-01,27.08,27.1,26.24,26.6,88357,1468,26.548
DE000A1H8BV3,86630016,NOEJ,EUR,2020-09-02,26.42,27.22,26.42,27.08,99545,1372,27.036
DE000A1H8BV3,86630016,NOEJ,EUR,2020-09-03,27.3,28.42,27.3,28.04,124801,1372,28.074
DE000A1H8BV3,86630016,NOEJ,EUR,2020-09-04,27.6,29.62,27.6,29.38,221249,3078,28.984
DE000A1H8BV3,86630016,NOEJ,EUR,2020-09-07,29.74,29.92,29.24,29.5,101867,1168,29.522
DE000A1H8BV3,86630016,NOEJ,EUR,2020-09-08,29.78,29.94,28.6,29.1,107714,1059,29.122
DE000A1H8BV3,86630016,NOEJ,EUR,2020-09-09,29.2,29.6,28.84,29.2,99199,1306,29.18
DE000A1H8BV3,86630016,NOEJ,EUR,2020-09-10,29.34,29.36,28.94,29.04,148746,1688,29.124
DE000A1H8BV3,86630016,NOEJ,EUR,2020-09-11,29.1,29.1,26.94,27.8,122489,1379,27.666
DE000A1H8BV3,86630016,NOEJ,EUR,2020-09-14,27.98,28.32,27.24,27.46,78016,1026,27.596
DE000A1H8BV3,86630016,NOEJ,EUR,2020-09-15,27.52,27.62,26.7,26.94,151906,1477,27.006
DE000A1H8BV3,86630016,NOEJ,EUR,2020-09-16,27.02,27.18,26.7,27.14,78742,1048,26.956
DE000A1H8BV3,86630016,NOEJ,EUR,2020-09-17,26.9,26.9,26.4,26.66,82364,1078,26.618
DE000A1H8BV3,86630016,NOEJ,EUR,2020-09-18,26.52,26.6,26.02,26.06,76328,663,26.22
DE000A1H8BV3,86630016,NOEJ,EUR,2020-09-21,26.14,26.14,24.78,25.04,101707,763,25.174
DE000A1H8BV3,86630016,NOEJ,EUR,2020-09-22,25.3,25.7,24.88,25.4,49322,578,25.384
DE000A1H8BV3,86630016,NOEJ,EUR,2020-09-23,25.46,26.06,25.24,25.34,68672,836,25.612
DE000A1H8BV3,86630016,NOEJ,EUR,2020-09-24,25.0,25.66,24.62,25.46,74533,831,25.326
DE000A1H8BV3,86630016,NOEJ,EUR,2020-09-25,25.38,25.52,24.52,25.4,59231,761,25.124
DE000A1H8BV3,86630016,NOEJ,EUR,2020-09-28,25.52,26.22,25.52,25.98,70549,892,25.962
DE000A1H8BV3,86630016,NOEJ,EUR,2020-09-29,25.76,26.12,25.56,25.64,79440,804,25.842
DE000A1H8BV3,86630016,NOEJ,EUR,2020-09-30,25.6,26.64,25.26,26.5,216133,2776,26.134
DE000A1H8BV3,86630016,NOEJ,EUR,2020-10-01,26.56,27.18,26.4,27.08,57158,781,26.88
DE000A1H8BV3,86630016,NOEJ,EUR,2020-10-02,26.68,28.2,26.5,28.2,105488,1557,27.822
DE000A1H8BV3,86630016,NOEJ,EUR,2020-10-05,28.26,29.48,28.08,29.32,102243,1073,29.066
DE000A1H8BV3,86630016,NOEJ,EUR,2020-10-06,29.24,29.62,28.94,29.12,84795,1339,29.276
DE000A1H8BV3,86630016,NOEJ,EUR,2020-10-07,28.98,29.74,28.86,29.66,46010,630,29.468
DE000A1H8BV3,86630016,NOEJ,EUR,2020-10-08,29.88,30.12,28.72,29.06,49946,599,29.4
DE000A1H8BV3,86630016,NOEJ,EUR,2020-10-09,28.98,29.36,28.78,29.28,49303,568,29.126
DE000A1H8BV3,86630016,NOEJ,EUR,2020-10-12,29.1,30.7,29.1,29.88,130777,1485,30.02
DE000A1H8BV3,86630016,NOEJ,EUR,2020-10-13,29.9,29.9,29.02,29.16,66661,809,29.334
DE000A1H8BV3,86630016,NOEJ,EUR,2020-10-14,29.42,29.74,28.92,29.24,26145,358,29.43
DE000A1H8BV3,86630016,NOEJ,EUR,2020-10-15,28.92,29.74,27.94,28.06,105905,1514,28.328
DE000A1H8BV3,86630016,NOEJ,EUR,2020-10-16,28.22,29.56,28.22,29.32,71165,993,29.082
DE000A1H8BV3,86630016,NOEJ,EUR,2020-10-19,29.54,30.08,29.5,29.66,70174,664,29.752
DE000A1H8BV3,86630016,NOEJ,EUR,2020-10-20,29.5,30.22,28.06,29.18,241740,2038,29.192
DE000A1H8BV3,86630016,NOEJ,EUR,2020-10-21,29.28,31.64,29.28,30.48,130450,1204,30.482
DE000A1H8BV3,86630016,NOEJ,EUR,2020-10-22,30.36,30.36,29.12,29.98,92553,976,29.792
DE000A1H8BV3,86630016,NOEJ,EUR,2020-10-23,29.78,30.34,29.56,29.68,67158,668,29.906
DE000A1H8BV3,86630016,NOEJ,EUR,2020-10-26,29.62,29.76,28.4,28.66,49604,594,29.012
DE000A1H8BV3,86630016,NOEJ,EUR,2020-10-27,28.68,28.7,27.3,27.42,129330,1171,27.774
DE000A1H8BV3,86630016,NOEJ,EUR,2020-10-28,27.18,27.18,25.88,26.32,94066,1198,26.454
DE000A1H8BV3,86630016,NOEJ,EUR,2020-10-29,26.2,27.1,26.02,26.7,135085,2003,26.664
DE000A1H8BV3,86630016,NOEJ,EUR,2020-10-30,26.1,26.82,26.1,26.64,90590,1007,26.464
DE000A1H8BV3,86630016,NOEJ,EUR,2020-11-02,26.76,27.56,26.46,27.2,81744,779,27.09
DE000A1H8BV3,86630016,NOEJ,EUR,2020-11-03,27.22,27.84,27.14,27.76,72231,937,27.578
DE000A1H8BV3,86630016,NOEJ,EUR,2020-11-04,27.62,28.02,26.14,27.62,66406,863,27.262
DE000A1H8BV3,86630016,NOEJ,EUR,2020-11-05,27.72,28.98,27.16,28.38,130127,1613,27.678
DE000A1H8BV3,86630016,NOEJ,EUR,2020-11-06,28.38,29.4,27.3,27.5,70495,977,27.73
DE000A1H8BV3,86630016,NOEJ,EUR,2020-11-09,27.92,31.0,27.88,30.4,161842,1697,30.224
DE000A1H8BV3,86630016,NOEJ,EUR,2020-11-10,30.08,32.16,30.08,32.0,157163,1763,31.592
DE000A1H8BV3,86630016,NOEJ,EUR,2020-11-11,32.02,32.1,31.06,31.5,86231,1257,31.596
DE000A1H8BV3,86630016,NOEJ,EUR,2020-11-12,31.4,31.78,31.08,31.52,84609,818,31.454
DE000A1H8BV3,86630016,NOEJ,EUR,2020-11-13,31.3,31.82,30.8,31.26,55601,966,31.246
DE000A1H8BV3,86630016,NOEJ,EUR,2020-11-16,31.32,34.1,31.32,33.78,135288,1588,33.326
DE000A1H8BV3,86630016,NOEJ,EUR,2020-11-17,33.86,34.34,33.32,33.48,96866,1337,33.798
DE000A1H8BV3,86630016,NOEJ,EUR,2020-11-18,33.3,33.98,33.04,33.76,83932,929,33.58
DE000A1H8BV3,86630016,NOEJ,EUR,2020-11-19,33.74,33.8,33.1,33.4,80357,1013,33.496
DE000A1H8BV3,86630016,NOEJ,EUR,2020-11-20,33.5,34.24,32.96,33.2,78495,1004,33.294
DE000A1H8BV3,86630016,NOEJ,EUR,2020-11-23,33.26,34.0,33.2,33.54,75864,932,33.55
DE000A1H8BV3,86630016,NOEJ,EUR,2020-11-24,33.7,37.24,33.52,36.82,201292,2837,35.794
DE000A1H8BV3,86630016,NOEJ,EUR,2020-11-25,37.1,37.12,35.68,36.6,181096,2572,36.332
DE000A1H8BV3,86630016,NOEJ,EUR,2020-11-26,36.52,37.04,36.06,36.38,58249,853,36.584
DE000A1H8BV3,86630016,NOEJ,EUR,2020-11-27,36.24,36.96,36.02,36.7,110045,1246,36.638
DE000A1H8BV3,86630016,NOEJ,EUR,2020-11-30,36.7,37.74,36.3,36.92,257204,2037,37.072
DE000A1H8BV3,86630016,NOEJ,EUR,2020-12-01,36.94,38.28,36.48,37.66,174543,1985,37.7
DE000A1H8BV3,86630016,NOEJ,EUR,2020-12-02,37.74,38.12,36.8,37.22,107666,1169,37.522
DE000A1H8BV3,86630016,NOEJ,EUR,2020-12-03,37.38,37.38,36.02,36.64,110366,1507,36.424
DE000A1H8BV3,86630016,NOEJ,EUR,2020-12-04,36.8,37.88,36.62,37.36,106119,1347,37.386
DE000A1H8BV3,86630016,NOEJ,EUR,2020-12-07,37.38,37.8,36.1,36.34,80741,1102,36.568
DE000A1H8BV3,86630016,NOEJ,EUR,2020-12-08,36.38,36.6,35.76,36.0,87773,1163,36.1
DE000A1H8BV3,86630016,NOEJ,EUR,2020-12-09,36.08,37.32,35.94,36.5,102427,1469,36.62
DE000A1H8BV3,86630016,NOEJ,EUR,2020-12-10,36.62,39.5,35.94,38.9,261097,3436,38.32
DE000A1H8BV3,86630016,NOEJ,EUR,2020-12-11,38.78,39.46,38.36,38.8,275389,2068,38.706
DE000A1H8BV3,86630016,NOEJ,EUR,2020-12-14,38.94,39.42,38.22,39.28,161689,2575,39.018
DE000A1H8BV3,86630016,NOEJ,EUR,2020-12-15,39.26,40.6,38.88,40.32,103002,1279,39.646
DE000A1H8BV3,86630016,NOEJ,EUR,2020-12-16,40.4,41.64,40.14,41.54,129708,1365,40.836
DE000A1H8BV3,86630016,NOEJ,EUR,2020-12-17,41.64,42.2,40.84,41.8,153213,2281,41.48
DE000A1H8BV3,86630016,NOEJ,EUR,2020-12-18,41.52,42.16,41.26,42.16,109104,981,41.864
DE000A1H8BV3,86630016,NOEJ,EUR,2020-12-21,41.76,41.98,38.64,39.98,197815,2659,39.96
DE000A1H8BV3,86630016,NOEJ,EUR,2020-12-22,40.12,40.84,39.94,40.2,72511,1005,40.372
DE000A1H8BV3,86630016,NOEJ,EUR,2020-12-23,40.16,41.12,39.82,41.02,55695,987,40.672
DE000A1H8BV3,86630016,NOEJ,EUR,2020-12-28,41.14,42.04,41.14,41.6,39120,496,41.7
DE000A1H8BV3,86630016,NOEJ,EUR,2020-12-29,41.98,42.2,41.24,41.74,48866,653,41.674
DE000A1H8BV3,86630016,NOEJ,EUR,2020-12-30,41.8,42.38,41.46,41.88,25749,448,41.956
DE000A1H8BV3,86630016,NOEJ,EUR,2021-01-04,42.28,42.68,40.7,40.98,99838,1437,41.392
DE000A1H8BV3,86630016,NOEJ,EUR,2021-01-05,40.94,41.44,40.44,41.36,144295,1673,40.982
DE000A1H8BV3,86630016,NOEJ,EUR,2021-01-06,41.4,42.24,41.02,42.1,68180,705,41.756
DE000A1H8BV3,86630016,NOEJ,EUR,2021-01-07,42.16,42.78,41.78,42.14,112986,1181,42.296
DE000A1H8BV3,86630016,NOEJ,EUR,2021-01-08,42.3,42.54,41.48,41.88,195702,1798,41.856
DE000A1H8BV3,86630016,NOEJ,EUR,2021-01-11,42.06,42.28,41.08,41.32,123649,1320,41.55
DE000A1H8BV3,86630016,NOEJ,EUR,2021-01-12,41.24,42.4,41.24,42.02,286725,2745,41.976
DE000A1H8BV3,86630016,NOEJ,EUR,2021-01-13,42.14,45.2,41.94,42.88,196146,2632,43.38
DE000A1H8BV3,86630016,NOEJ,EUR,2021-01-14,42.94,43.1,42.24,42.62,109605,1593,42.57
DE000A1H8BV3,86630016,NOEJ,EUR,2021-01-15,42.5,42.5,40.36,40.66,102051,1400,41.03
DE000A1H8BV3,86630016,NOEJ,EUR,2021-01-18,41.4,41.74,39.88,40.96,74990,1086,40.77
DE000A1H8BV3,86630016,NOEJ,EUR,2021-01-19,41.02,41.52,40.38,40.84,62945,843,40.77
DE000A1H8BV3,86630016,NOEJ,EUR,2021-01-20,41.0,41.8,41.0,41.3,94891,1295,41.37
DE000A1H8BV3,86630016,NOEJ,EUR,2021-01-21,41.62,42.02,41.3,41.46,92694,1236,41.594
DE000A1H8BV3,86630016,NOEJ,EUR,2021-01-22,41.66,43.06,41.5,41.7,70490,1141,41.96
DE000A1H8BV3,86630016,NOEJ,EUR,2021-01-25,42.0,42.5,39.34,39.62,81335,1297,40.318
DE000A1H8BV3,86630016,NOEJ,EUR,2021-01-26,39.78,40.22,38.72,39.76,113510,1549,39.526
DE000A1H8BV3,86630016,NOEJ,EUR,2021-01-27,39.86,40.88,39.2,40.56,147546,2151,40.038
DE000A1H8BV3,86630016,NOEJ,EUR,2021-01-28,40.18,41.42,39.28,41.06,75676,1134,40.536
DE000A1H8BV3,86630016,NOEJ,EUR,2021-01-29,40.5,42.02,40.3,41.18,103330,1572,41.394
DE000A1H8BV3,86630016,NOEJ,EUR,2021-02-01,41.24,41.78,40.52,41.06,47283,763,40.968
DE000A1H8BV3,86630016,NOEJ,EUR,2021-02-02,41.08,42.3,41.08,42.16,44156,535,41.976
DE000A1H8BV3,86630016,NOEJ,EUR,2021-02-03,42.3,43.22,42.14,43.1,67361,885,42.824
DE000A1H8BV3,86630016,NOEJ,EUR,2021-02-04,43.26,43.32,42.8,43.0,69169,1157,43.006
DE000A1H8BV3,86630016,NOEJ,EUR,2021-02-05,43.06,44.1,42.68,43.2,103014,1166,43.364
DE000A1H8BV3,86630016,NOEJ,EUR,2021-02-08,43.2,43.66,42.86,43.02,55732,922,43.176
DE000A1H8BV3,86630016,NOEJ,EUR,2021-02-09,42.94,43.28,41.44,41.68,67746,766,42.184
DE000A1H8BV3,86630016,NOEJ,EUR,2021-02-10,41.9,42.12,41.24,41.78,64920,1160,41.676
DE000A1H8BV3,86630016,NOEJ,EUR,2021-02-11,41.84,42.86,41.58,42.4,99472,1491,42.212
DE000A1H8BV3,86630016,NOEJ,EUR,2021-02-12,42.48,42.48,41.3,41.54,54999,959,41.748
DE000A1H8BV3,86630016,NOEJ,EUR,2021-02-15,41.68,42.28,41.58,41.8,46169,841,41.94
DE000A1H8BV3,86630016,NOEJ,EUR,2021-02-16,41.8,41.92,41.34,41.74,69505,1036,41.596
DE000A1H8BV3,86630016,NOEJ,EUR,2021-02-17,41.8,42.22,41.0,41.2,78843,1226,41.562
DE000A1H8BV3,86630016,NOEJ,EUR,2021-02-18,41.52,42.04,40.56,40.68,145395,2025,41.248
DE000A1H8BV3,86630016,NOEJ,EUR,2021-02-19,40.92,41.32,40.5,41.22,133466,1740,40.878
DE000A1H8BV3,86630016,NOEJ,EUR,2021-02-22,41.26,41.26,40.36,40.46,65804,1138,40.62
DE000A1H8BV3,86630016,NOEJ,EUR,2021-02-23,40.78,41.04,38.76,39.02,111060,1652,39.432
DE000A1H8BV3,86630016,NOEJ,EUR,2021-02-24,39.14,40.74,39.14,40.6,123043,1833,40.12
DE000A1H8BV3,86630016,NOEJ,EUR,2021-02-25,41.2,41.68,39.94,40.18,75940,1087,40.724
DE000A1H8BV3,86630016,NOEJ,EUR,2021-02-26,39.96,40.1,38.94,39.42,62728,848,39.438
DE000A1H8BV3,86630016,NOEJ,EUR,2021-03-01,39.66,40.24,39.64,40.02,91064,1141,39.95
DE000A1H8BV3,86630016,NOEJ,EUR,2021-03-02,40.16,40.64,39.78,39.82,107067,1335,40.124
DE000A1H8BV3,86630016,NOEJ,EUR,2021-03-03,40.2,43.66,40.2,41.12,100222,1529,41.958
DE000A1H8BV3,86630016,NOEJ,EUR,2021-03-04,41.1,41.66,40.58,41.58,109342,1631,41.118
DE000A1H8BV3,86630016,NOEJ,EUR,2021-03-05,41.42,42.0,40.92,41.52,127366,1933,41.558
DE000A1H8BV3,86630016,NOEJ,EUR,2021-03-08,41.66,42.94,41.58,42.9,94452,1447,42.532
DE000A1H8BV3,86630016,NOEJ,EUR,2021-03-09,42.54,44.16,42.54,44.0,97344,1189,43.55
DE000A1H8BV3,86630016,NOEJ,EUR,2021-03-10,44.02,44.02,41.9,42.86,123426,1365,42.62
DE000A1H8BV3,86630016,NOEJ,EUR,2021-03-11,42.88,44.1,42.08,42.36,90995,1241,42.782
DE000A1H8BV3,86630016,NOEJ,EUR,2021-03-12,42.36,42.94,41.88,42.78,50846,767,42.464
DE000A1H8BV3,86630016,NOEJ,EUR,2021-03-15,42.8,43.26,41.92,42.0,71184,1136,42.472
DE000A1H8BV3,86630016,NOEJ,EUR,2021-03-16,42.16,42.5,41.72,42.0,108877,1424,42.168
DE000A1H8BV3,86630016,NOEJ,EUR,2021-03-17,42.14,42.18,41.46,41.78,125605,1863,41.874
DE000A1H8BV3,86630016,NOEJ,EUR,2021-03-18,42.0,42.56,41.6,42.56,160579,2611,42.24
DE000A1H8BV3,86630016,NOEJ,EUR,2021-03-19,42.38,42.78,41.72,41.94,172718,2621,42.19
DE000A1H8BV3,86630016,NOEJ,EUR,2021-03-22,41.88,41.96,40.98,41.08,50764,820,41.362
DE000A1H8BV3,86630016,NOEJ,EUR,2021-03-23,41.08,41.08,39.64,39.88,149422,2300,40.004
DE000A1H8BV3,86630016,NOEJ,EUR,2021-03-24,40.2,41.6,38.94,39.76,244629,3201,39.692
DE000A1H8BV3,86630016,NOEJ,EUR,2021-03-25,40.04,40.58,38.82,39.88,93882,1675,39.7
DE000A1H8BV3,86630016,NOEJ,EUR,2021-03-26,40.14,40.54,38.98,39.28,138830,1841,39.47
DE000A1H8BV3,86630016,NOEJ,EUR,2021-03-29,39.52,40.32,39.08,40.0,117860,1872,39.978
DE000A1H8BV3,86630016,NOEJ,EUR,2021-03-30,40.16,41.32,39.96,41.24,71478,1316,40.868
DE000A1H8BV3,86630016,NOEJ,EUR,2021-03-31,41.12,41.7,40.5,40.5,96249,1512,40.776
DE000A1H8BV3,86630016,NOEJ,EUR,2021-04-01,40.64,42.02,40.64,41.52,84743,3068,41.448
DE000A1H8BV3,86630016,NOEJ,EUR,2021-04-06,41.92,42.3,41.44,42.14,73258,1632,41.964
DE000A1H8BV3,86630016,NOEJ,EUR,2021-04-07,42.12,42.46,41.16,41.28,66284,827,41.574
DE000A1H8BV3,86630016,NOEJ,EUR,2021-04-08,41.3,41.78,40.48,40.84,112179,1360,40.996
DE000A1H8BV3,86630016,NOEJ,EUR,2021-04-09,41.32,41.32,40.28,41.08,86554,1238,40.72
DE000A1H8BV3,86630016,NOEJ,EUR,2021-04-12,41.24,41.46,39.62,39.96,96529,1565,40.098
DE000A1H8BV3,86630016,NOEJ,EUR,2021-04-13,39.9,40.56,39.56,40.04,164185,2438,40.004
DE000A1H8BV3,86630016,NOEJ,EUR,2021-04-14,40.24,41.1,39.64,41.0,78664,1495,40.526
DE000A1H8BV3,86630016,NOEJ,EUR,2021-04-15,40.82,41.7,40.5,41.5,77280,1060,41.122
DE000A1H8BV3,86630016,NOEJ,EUR,2021-04-16,41.66,43.32,41.44,43.16,99227,1841,42.88
DE000A1H8BV3,86630016,NOEJ,EUR,2021-04-19,42.84,43.44,42.5,42.84,66811,1183,43.006
DE000A1H8BV3,86630016,NOEJ,EUR,2021-04-20,42.78,43.72,42.76,42.84,87607,1361,43.022
DE000A1H8BV3,86630016,NOEJ,EUR,2021-04-21,43.42,43.78,42.8,43.68,73787,1319,43.314
DE000A1H8BV3,86630016,NOEJ,EUR,2021-04-22,43.98,45.54,43.98,44.8,98976,1411,44.792
DE000A1H8BV3,86630016,NOEJ,EUR,2021-04-23,44.58,46.18,44.58,45.94,88448,1975,45.698
DE000A1H8BV3,86630016,NOEJ,EUR,2021-04-26,46.02,47.8,46.02,47.02,84877,1767,47.002
DE000A1H8BV3,86630016,NOEJ,EUR,2021-04-27,47.16,47.26,46.32,47.08,64766,1025,46.754
DE000A1H8BV3,86630016,NOEJ,EUR,2021-04-28,47.02,47.84,46.96,47.64,78642,1064,47.534
DE000A1H8BV3,86630016,NOEJ,EUR,2021-04-29,47.7,47.98,46.22,46.6,83139,1678,47.01
DE000A1H8BV3,86630016,NOEJ,EUR,2021-04-30,46.7,47.0,46.0,46.4,105321,1601,46.566
DE000A1H8BV3,86630016,NOEJ,EUR,2021-05-03,46.26,47.82,45.82,47.1,59716,826,47.144
DE000A1H8BV3,86630016,NOEJ,EUR,2021-05-04,48.4,48.8,44.98,45.1,88457,1492,46.162
DE000A1H8BV3,86630016,NOEJ,EUR,2021-05-05,46.0,46.9,45.26,46.66,96391,1762,46.186
DE000A1H8BV3,86630016,NOEJ,EUR,2021-05-06,46.52,47.1,43.78,44.62,123810,2361,44.866
DE000A1H8BV3,86630016,NOEJ,EUR,2021-05-07,44.64,45.26,43.78,44.52,82409,1293,44.394
DE000A1H8BV3,86630016,NOEJ,EUR,2021-05-10,44.42,45.28,44.32,45.22,80575,1379,45.004
DE000A1H8BV3,86630016,NOEJ,EUR,2021-05-11,44.94,44.96,43.24,43.96,113335,2355,43.906
DE000A1H8BV3,86630016,NOEJ,EUR,2021-05-12,44.1,44.68,43.36,43.46,100245,1450,43.882
DE000A1H8BV3,86630016,NOEJ,EUR,2021-05-13,42.86,43.76,41.86,43.5,80640,1113,42.638
DE000A1H8BV3,86630016,NOEJ,EUR,2021-05-14,43.76,44.44,43.3,44.3,54909,935,44.044
DE000A1H8BV3,86630016,NOEJ,EUR,2021-05-17,44.22,45.12,44.22,44.76,97596,1684,44.728
DE000A1H8BV3,86630016,NOEJ,EUR,2021-05-18,45.26,45.3,44.32,44.58,82614,1803,44.876
DE000A1H8BV3,86630016,NOEJ,EUR,2021-05-19,44.46,44.5,43.42,44.06,66278,1397,43.906
DE000A1H8BV3,86630016,NOEJ,EUR,2021-05-20,44.32,44.72,43.52,44.64,72380,1422,44.272
DE000A1H8BV3,86630016,NOEJ,EUR,2021-05-21,44.52,45.3,44.28,45.26,70115,1211,44.964
DE000A1H8BV3,86630016,NOEJ,EUR,2021-05-25,45.7,46.26,45.38,46.04,114126,2675,45.948
DE000A1H8BV3,86630016,NOEJ,EUR,2021-05-26,46.2,46.42,45.46,46.1,43877,979,46.038
DE000A1H8BV3,86630016,NOEJ,EUR,2021-05-27,45.62,47.18,45.62,47.08,85768,1368,46.916
DE000A1H8BV3,86630016,NOEJ,EUR,2021-05-28,47.32,47.88,47.02,47.2,73135,1898,47.404
DE000A1H8BV3,86630016,NOEJ,EUR,2021-05-31,47.08,47.68,47.08,47.18,26127,499,47.348
DE000A1H8BV3,86630016,NOEJ,EUR,2021-06-01,47.1,48.98,47.0,48.8,93789,1690,48.486
DE000A1H8BV3,86630016,NOEJ,EUR,2021-06-02,48.38,49.36,47.92,48.2,80535,2150,48.408
DE000A1H8BV3,86630016,NOEJ,EUR,2021-06-03,47.68,48.22,47.44,48.08,54124,968,48.008
DE000A1H8BV3,86630016,NOEJ,EUR,2021-06-04,48.2,48.38,47.6,47.84,34627,607,47.916
DE000A1H8BV3,86630016,NOEJ,EUR,2021-06-07,48.3,48.3,47.22,47.28,29737,580,47.38
DE000A1H8BV3,86630016,NOEJ,EUR,2021-06-08,47.02,47.02,45.92,46.0,56893,1570,46.286
DE000A1H8BV3,86630016,NOEJ,EUR,2021-06-09,45.96,46.36,45.32,45.58,75780,1310,45.558
DE000A1H8BV3,86630016,NOEJ,EUR,2021-06-10,45.12,45.72,44.8,45.5,45093,1119,45.396
DE000A1H8BV3,86630016,NOEJ,EUR,2021-06-11,45.84,45.84,45.2,45.44,46044,999,45.44
DE000A1H8BV3,86630016,NOEJ,EUR,2021-06-14,45.58,46.0,45.12,45.12,35611,881,45.3
DE000A1H8BV3,86630016,NOEJ,EUR,2021-06-15,45.2,45.38,44.52,44.58,64662,1229,44.99
DE000A1H8BV3,86630016,NOEJ,EUR,2021-06-16,44.7,44.98,43.4,44.64,98655,2235,44.28
DE000A1H8BV3,86630016,NOEJ,EUR,2021-06-17,44.76,44.98,44.0,44.2,61438,945,44.316
DE000A1H8BV3,86630016,NOEJ,EUR,2021-06-18,44.16,44.5,43.24,43.34,61360,1067,43.534
DE000A1H8BV3,86630016,NOEJ,EUR,2021-06-21,42.94,44.18,42.32,43.94,45570,1374,43.554
DE000A1H8BV3,86630016,NOEJ,EUR,2021-06-22,44.12,44.12,43.06,43.7,62363,2193,43.428
DE000A1H8BV3,86630016,NOEJ,EUR,2021-06-23,44.02,44.24,43.28,43.42,135994,1604,43.584
DE000A1H8BV3,86630016,NOEJ,EUR,2021-06-24,43.5,44.1,42.82,43.5,78759,1231,43.574
DE000A1H8BV3,86630016,NOEJ,EUR,2021-06-25,43.44,44.56,43.18,44.36,96294,1357,43.864
DE000A1H8BV3,86630016,NOEJ,EUR,2021-06-28,44.86,44.86,43.94,44.12,79238,1317,44.182
DE000A1H8BV3,86630016,NOEJ,EUR,2021-06-29,44.44,45.3,44.12,44.88,69770,944,44.85
DE000A1H8BV3,86630016,NOEJ,EUR,2021-06-30,44.94,44.94,42.86,43.18,67483,1385,43.388
DE000A1H8BV3,86630016,NOEJ,EUR,2021-07-01,43.6,44.2,43.12,44.08,97304,1612,43.894
DE000A1H8BV3,86630016,NOEJ,EUR,2021-07-02,44.16,45.4,44.02,44.64,24511,458,44.588
DE000A1H8BV3,86630016,NOEJ,EUR,2021-07-05,44.88,44.94,44.34,44.74,26083,449,44.726
DE000A1H8BV3,86630016,NOEJ,EUR,2021-07-06,45.26,45.26,43.94,44.14,51271,788,44.574
DE000A1H8BV3,86630016,NOEJ,EUR,2021-07-07,44.78,44.8,43.56,44.22,44698,916,44.098
DE000A1H8BV3,86630016,NOEJ,EUR,2021-07-08,43.62,44.34,43.6,44.28,55587,1028,44.002
DE000A1H8BV3,86630016,NOEJ,EUR,2021-07-09,45.02,45.08,44.14,44.84,52281,787,44.762
DE000A1H8BV3,86630016,NOEJ,EUR,2021-07-12,45.1,45.1,43.68,44.74,48557,683,44.554
DE000A1H8BV3,86630016,NOEJ,EUR,2021-07-13,44.64,45.44,44.64,45.18,49918,681,45.144
DE000A1H8BV3,86630016,NOEJ,EUR,2021-07-14,45.2,45.34,44.9,45.18,31333,831,45.134
DE000A1H8BV3,86630016,NOEJ,EUR,2021-07-15,45.1,45.22,43.84,44.2,175048,1917,44.06
DE000A1H8BV3,86630016,NOEJ,EUR,2021-07-16,44.4,45.0,43.72,44.3,80567,1105,44.304
DE000A1H8BV3,86630016,NOEJ,EUR,2021-07-19,43.8,44.3,41.92,42.5,109814,1775,42.398
DE000A1H8BV3,86630016,NOEJ,EUR,2021-07-20,43.16,43.16,41.94,42.28,145830,2126,42.394
DE000A1H8BV3,86630016,NOEJ,EUR,2021-07-21,42.34,43.46,42.28,43.3,160155,2275,43.014
DE000A1H8BV3,86630016,NOEJ,EUR,2021-07-22,43.24,44.12,42.86,43.0,53376,1318,43.178
DE000A1H8BV3,86630016,NOEJ,EUR,2021-07-23,43.18,44.78,42.94,44.38,151077,2225,43.944
DE000A1H8BV3,86630016,NOEJ,EUR,2021-07-26,44.3,45.24,43.6,45.06,53236,804,44.8
DE000A1H8BV3,86630016,NOEJ,EUR,2021-07-27,45.0,45.08,44.24,44.34,45828,749,44.582
DE000A1H8BV3,86630016,NOEJ,EUR,2021-07-28,44.26,45.04,44.24,44.92,65923,1050,44.692
DE000A1H8BV3,86630016,NOEJ,EUR,2021-07-29,44.98,45.46,44.4,44.56,21920,404,44.786
DE000A1H8BV3,86630016,NOEJ,EUR,2021-07-30,44.48,45.64,42.7,44.58,30411,496,44.516
DE000A1H8BV3,86630016,NOEJ,EUR,2021-08-02,44.38,45.18,44.3,44.3,40829,822,44.634
DE000A1H8BV3,86630016,NOEJ,EUR,2021-08-03,44.44,44.64,43.76,44.42,36690,865,44.352
DE000A1H8BV3,86630016,NOEJ,EUR,2021-08-04,44.68,45.04,43.08,44.86,47932,1136,44.504
DE000A1H8BV3,86630016,NOEJ,EUR,2021-08-05,45.02,45.28,43.86,44.36,46391,1061,44.224
DE000A1H8BV3,86630016,NOEJ,EUR,2021-08-06,44.48,44.82,44.12,44.28,44185,732,44.404
DE000A1H8BV3,86630016,NOEJ,EUR,2021-08-09,44.14,44.36,43.68,44.1,38152,721,43.996
DE000A1H8BV3,86630016,NOEJ,EUR,2021-08-10,44.48,45.0,44.24,44.94,38594,709,44.72
DE000A1H8BV3,86630016,NOEJ,EUR,2021-08-11,44.76,45.36,44.34,44.84,34667,598,44.766
DE000A1H8BV3,86630016,NOEJ,EUR,2021-08-12,44.74,45.48,44.54,44.54,33563,632,44.952
DE000A1H8BV3,86630016,NOEJ,EUR,2021-08-13,44.5,44.8,43.92,44.14,27118,507,44.276
DE000A1H8BV3,86630016,NOEJ,EUR,2021-08-16,44.02,44.12,43.16,44.0,38679,829,43.714
DE000A1H8BV3,86630016,NOEJ,EUR,2021-08-17,44.18,45.14,44.0,44.46,46346,1074,44.65
DE000A1H8BV3,86630016,NOEJ,EUR,2021-08-18,44.4,44.58,44.08,44.52,32275,632,44.362
DE000A1H8BV3,86630016,NOEJ,EUR,2021-08-19,44.24,44.24,41.98,42.7,58455,1489,42.822
DE000A1H8BV3,86630016,NOEJ,EUR,2021-08-20,42.94,43.04,42.04,42.96,45370,939,42.456
DE000A1H8BV3,86630016,NOEJ,EUR,2021-08-23,43.3,43.92,43.02,43.76,33427,815,43.552
DE000A1H8BV3,86630016,NOEJ,EUR,2021-08-24,43.84,44.58,43.74,43.98,32334,612,44.1
DE000A1H8BV3,86630016,NOEJ,EUR,2021-08-25,43.92,44.46,43.14,43.24,34793,993,43.714
DE000A1H8BV3,86630016,NOEJ,EUR,2021-08-26,43.16,43.24,42.12,42.88,54671,1272,42.762
DE000A1H8BV3,86630016,NOEJ,EUR,2021-08-27,42.64,43.52,42.64,43.36,26240,874,43.234
DE000A1H8BV3,86630016,NOEJ,EUR,2021-08-30,43.28,43.8,43.28,43.56,18041,272,43.536
DE000A1H8BV3,86630016,NOEJ,EUR,2021-08-31,43.54,43.86,42.46,42.74,36377,835,43.062
DE000A1H8BV3,86630016,NOEJ,EUR,2021-09-01,42.96,43.1,42.1,42.3,45896,844,42.53
DE000A1H8BV3,86630016,NOEJ,EUR,2021-09-02,42.18,43.18,42.16,43.06,41389,768,42.842
DE000A1H8BV3,86630016,NOEJ,EUR,2021-09-03,43.0,43.14,42.36,42.72,46770,982,42.77
DE000A1H8BV3,86630016,NOEJ,EUR,2021-09-06,42.68,43.1,42.36,42.52,16424,465,42.606
DE000A1H8BV3,86630016,NOEJ,EUR,2021-09-07,42.44,42.76,42.14,42.6,36054,1000,42.418
DE000A1H8BV3,86630016,NOEJ,EUR,2021-09-08,42.82,42.82,41.24,41.32,52156,1059,41.578
DE000A1H8BV3,86630016,NOEJ,EUR,2021-09-09,41.24,41.88,40.74,41.48,107156,1704,41.45
DE000A1H8BV3,86630016,NOEJ,EUR,2021-09-10,42.62,42.88,41.86,42.46,116849,2237,42.412
DE000A1H8BV3,86630016,NOEJ,EUR,2021-09-13,42.58,43.28,42.5,43.0,61628,1306,42.944
DE000A1H8BV3,86630016,NOEJ,EUR,2021-09-14,43.18,43.7,34.66,36.2,1049190,12694,36.268
DE000A1H8BV3,86630016,NOEJ,EUR,2021-09-15,36.08,36.6,35.5,35.56,343303,4343,35.962
DE000A1H8BV3,86630016,NOEJ,EUR,2021-09-16,35.72,35.8,33.94,34.96,296246,4857,34.71
DE000A1H8BV3,86630016,NOEJ,EUR,2021-09-17,35.12,35.74,34.5,34.92,233301,3766,34.91
DE000A1H8BV3,86630016,NOEJ,EUR,2021-09-20,34.94,35.1,33.44,34.04,142764,2528,34.072
DE000A1H8BV3,86630016,NOEJ,EUR,2021-09-21,33.88,34.64,33.6,34.12,120161,2947,34.168
DE000A1H8BV3,86630016,NOEJ,EUR,2021-09-22,34.34,35.76,34.22,35.54,264865,3661,35.276
DE000A1H8BV3,86630016,NOEJ,EUR,2021-09-23,36.02,36.48,35.24,36.32,178223,3333,36.07
DE000A1H8BV3,86630016,NOEJ,EUR,2021-09-24,36.24,36.54,36.14,36.32,104185,1807,36.342
DE000A1H8BV3,86630016,NOEJ,EUR,2021-09-27,36.58,36.64,35.4,36.4,107205,1767,36.152
DE000A1H8BV3,86630016,NOEJ,EUR,2021-09-28,36.28,36.46,35.22,35.78,131036,1784,36.016
DE000A1H8BV3,86630016,NOEJ,EUR,2021-09-29,35.88,36.12,34.9,36.0,118705,2246,35.858
DE000A1H8BV3,86630016,NOEJ,EUR,2021-09-30,36.1,36.7,35.8,36.62,181256,1664,36.334
DE000A1H8BV3,86630016,NOEJ,EUR,2021-10-01,36.06,36.64,35.58,36.54,174250,2626,36.35
DE000A1H8BV3,86630016,NOEJ,EUR,2021-10-04,36.5,36.52,35.26,35.66,108134,2012,35.768
DE000A1H8BV3,86630016,NOEJ,EUR,2021-10-05,35.46,35.74,35.0,35.74,63907,981,35.386
DE000A1H8BV3,86630016,NOEJ,EUR,2021-10-06,35.54,35.62,34.88,34.96,130051,2099,35.084
DE000A1H8BV3,86630016,NOEJ,EUR,2021-10-07,35.3,36.52,35.18,36.22,106929,1399,35.994
DE000A1H8BV3,86630016,NOEJ,EUR,2021-10-08,36.18,37.34,36.16,37.14,89071,1256,36.986
DE000A1H8BV3,86630016,NOEJ,EUR,2021-10-11,37.2,37.28,36.18,36.6,52626,887,36.538
DE000A1H8BV3,86630016,NOEJ,EUR,2021-10-12,36.4,37.14,35.9,37.02,74033,1002,36.594
DE000A1H8BV3,86630016,NOEJ,EUR,2021-10-13,37.1,37.32,36.44,37.18,102319,1218,36.882
DE000A1H8BV3,86630016,NOEJ,EUR,2021-10-14,37.2,37.82,36.86,37.5,91201,1488,37.38
DE000A1H8BV3,86630016,NOEJ,EUR,2021-10-15,37.58,37.74,37.26,37.58,44826,577,37.552
DE000A1H8BV3,86630016,NOEJ,EUR,2021-10-18,37.64,37.64,37.14,37.4,44535,807,37.314
DE000A1H8BV3,86630016,NOEJ,EUR,2021-10-19,37.46,37.98,37.2,37.72,71304,1249,37.71
DE000A1H8BV3,86630016,NOEJ,EUR,2021-10-20,37.92,37.92,37.14,37.7,65063,1554,37.544
DE000A1H8BV3,86630016,NOEJ,EUR,2021-10-21,37.5,37.74,37.16,37.52,42389,819,37.44
DE000A1H8BV3,86630016,NOEJ,EUR,2021-10-22,37.72,38.32,37.4,37.5,67052,1050,37.85
DE000A1H8BV3,86630016,NOEJ,EUR,2021-10-25,37.64,37.72,36.34,37.24,71322,1449,36.992
DE000A1H8BV3,86630016,NOEJ,EUR,2021-10-26,37.36,37.68,37.22,37.44,149950,1958,37.452
DE000A1H8BV3,86630016,NOEJ,EUR,2021-10-27,37.32,37.6,37.14,37.48,137402,1751,37.4
DE000A1H8BV3,86630016,NOEJ,EUR,2021-10-28,37.4,37.68,36.82,37.18,60639,1130,37.086
DE000A1H8BV3,86630016,NOEJ,EUR,2021-10-29,37.02,37.38,36.84,37.2,34207,529,37.186
DE000A1H8BV3,86630016,NOEJ,EUR,2021-11-01,37.24,37.86,37.2,37.5,78610,1577,37.572
DE000A1H8BV3,86630016,NOEJ,EUR,2021-11-02,37.68,37.68,36.5,36.5,83018,1260,36.864
DE000A1H8BV3,86630016,NOEJ,EUR,2021-11-03,36.72,36.72,34.02,34.02,176996,2419,34.994
DE000A1H8BV3,86630016,NOEJ,EUR,2021-11-04,34.54,37.32,34.16,37.16,270686,2815,36.674
DE000A1H8BV3,86630016,NOEJ,EUR,2021-11-05,36.76,37.42,36.22,36.96,86974,1288,36.884
DE000A1H8BV3,86630016,NOEJ,EUR,2021-11-08,36.96,37.54,36.6,37.16,70988,1404,37.206
DE000A1H8BV3,86630016,NOEJ,EUR,2021-11-09,37.22,37.46,36.58,36.68,45622,994,36.922
DE000A1H8BV3,86630016,NOEJ,EUR,2021-11-10,36.5,37.14,36.46,37.0,59127,896,36.748
DE000A1H8BV3,86630016,NOEJ,EUR,2021-11-11,37.2,37.28,36.28,36.88,57376,1044,36.72
DE000A1H8BV3,86630016,NOEJ,EUR,2021-11-12,36.66,37.16,36.5,36.84,63362,789,36.916
DE000A1H8BV3,86630016,NOEJ,EUR,2021-11-15,36.9,37.04,36.1,36.1,48177,732,36.45
DE000A1H8BV3,86630016,NOEJ,EUR,2021-11-16,36.28,37.16,35.88,36.96,72158,972,36.72
DE000A1H8BV3,86630016,NOEJ,EUR,2021-11-17,36.94,36.94,35.76,36.02,53789,836,36.114
DE000A1H8BV3,86630016,NOEJ,EUR,2021-11-18,36.16,36.52,35.76,36.24,62126,924,36.228
DE000A1H8BV3,86630016,NOEJ,EUR,2021-11-19,36.26,36.42,34.74,34.88,84358,1074,35.098
DE000A1H8BV3,86630016,NOEJ,EUR,2021-11-22,34.88,35.12,34.7,34.94,74536,1122,34.892
DE000A1H8BV3,86630016,NOEJ,EUR,2021-11-23,35.14,35.14,34.26,34.42,78431,1056,34.61
DE000A1H8BV3,86630016,NOEJ,EUR,2021-11-24,34.52,34.66,33.34,33.9,77542,1143,33.746
DE000A1H8BV3,86630016,NOEJ,EUR,2021-11-25,34.08,34.44,33.5,34.22,49364,861,33.948
DE000A1H8BV3,86630016,NOEJ,EUR,2021-11-26,33.88,33.94,32.42,33.3,127913,2497,33.464
DE000A1H8BV3,86630016,NOEJ,EUR,2021-11-29,33.18,33.72,32.36,32.72,75634,1224,32.796
DE000A1H8BV3,86630016,NOEJ,EUR,2021-11-30,32.36,32.82,31.92,32.42,109560,1502,32.396
DE000A1H8BV3,86630016,NOEJ,EUR,2021-12-01,32.6,33.54,32.34,33.48,63595,973,33.148
DE000A1H8BV3,86630016,NOEJ,EUR,2021-12-02,33.18,33.56,32.82,33.38,53399,1059,33.204
DE000A1H8BV3,86630016,NOEJ,EUR,2021-12-03,33.4,33.68,32.98,33.16,98335,1099,33.216
DE000A1H8BV3,86630016,NOEJ,EUR,2021-12-06,33.24,33.74,32.9,33.74,60443,945,33.368
DE000A1H8BV3,86630016,NOEJ,EUR,2021-12-07,34.04,34.82,33.94,34.78,89685,1126,34.394
DE000A1H8BV3,86630016,NOEJ,EUR,2021-12-08,34.96,34.96,34.1,34.42,179148,2480,34.482
DE000A1H8BV3,86630016,NOEJ,EUR,2021-12-09,34.24,34.44,33.74,34.12,54622,779,33.97
DE000A1H8BV3,86630016,NOEJ,EUR,2021-12-10,34.32,34.32,33.64,33.82,53879,760,33.874
DE000A1H8BV3,86630016,NOEJ,EUR,2021-12-13,34.02,34.16,33.0,33.16,60764,829,33.706
DE000A1H8BV3,86630016,NOEJ,EUR,2021-12-14,32.98,33.18,32.34,32.48,30777,623,32.724
DE000A1H8BV3,86630016,NOEJ,EUR,2021-12-15,32.48,32.8,32.16,32.72,38051,699,32.574
DE000A1H8BV3,86630016,NOEJ,EUR,2021-12-16,32.94,33.66,32.7,32.78,60661,1419,33.132
DE000A1H8BV3,86630016,NOEJ,EUR,2021-12-17,32.6,32.82,32.04,32.5,75230,1007,32.424
DE000A1H8BV3,86630016,NOEJ,EUR,2021-12-20,32.22,32.42,31.6,32.14,55218,853,32.136
DE000A1H8BV3,86630016,NOEJ,EUR,2021-12-21,32.3,32.86,31.96,32.62,58098,1094,32.5
DE000A1H8BV3,86630016,NOEJ,EUR,2021-12-22,32.8,33.54,32.7,33.52,61836,892,33.302
DE000A1H8BV3,86630016,NOEJ,EUR,2021-12-23,33.58,33.94,33.32,33.86,45056,642,33.72
DE000A1H8BV3,86630016,NOEJ,EUR,2021-12-27,33.86,34.16,33.56,33.94,29074,502,33.816
DE000A1H8BV3,86630016,NOEJ,EUR,2021-12-28,34.02,34.46,34.0,34.12,32641,417,34.172
DE000A1H8BV3,86630016,NOEJ,EUR,2021-12-29,33.92,34.44,33.92,34.44,26663,395,34.266
DE000A1H8BV3,86630016,NOEJ,EUR,2021-12-30,34.26,34.42,33.88,33.88,13297,189,33.992
DE000A1H8BV3,86630016,NOEJ,EUR,2022-01-03,34.0,34.88,33.7,34.72,37808,439,34.584
DE000A1H8BV3,86630016,NOEJ,EUR,2022-01-04,34.88,35.84,34.88,35.68,51001,939,35.592
DE000A1H8BV3,86630016,NOEJ,EUR,2022-01-05,35.74,36.02,35.42,36.0,44232,662,35.84
DE000A1H8BV3,86630016,NOEJ,EUR,2022-01-06,35.82,35.82,35.26,35.32,40962,723,35.532
DE000A1H8BV3,86630016,NOEJ,EUR,2022-01-07,35.12,35.4,35.06,35.3,43012,818,35.236
DE000A1H8BV3,86630016,NOEJ,EUR,2022-01-10,35.26,35.6,34.72,34.82,91227,1321,34.888
DE000A1H8BV3,86630016,NOEJ,EUR,2022-01-11,34.9,35.18,34.46,35.0,78193,1239,34.838
DE000A1H8BV3,86630016,NOEJ,EUR,2022-01-12,35.18,35.42,34.64,35.16,54709,934,35.042
DE000A1H8BV3,86630016,NOEJ,EUR,2022-01-13,35.18,35.32,34.86,35.28,56820,1134,35.112
DE000A1H8BV3,86630016,NOEJ,EUR,2022-01-14,35.16,35.38,34.74,34.98,45103,903,34.986
DE000A1H8BV3,86630016,NOEJ,EUR,2022-01-17,34.88,35.76,34.88,35.12,65459,831,35.156
DE000A1H8BV3,86630016,NOEJ,EUR,2022-01-18,35.2,35.32,34.26,34.88,84436,1337,34.796
DE000A1H8BV3,86630016,NOEJ,EUR,2022-01-19,34.68,35.12,34.48,34.96,144955,2305,34.956
DE000A1H8BV3,86630016,NOEJ,EUR,2022-01-20,34.92,35.48,34.76,35.4,84472,1251,35.12
DE000A1H8BV3,86630016,NOEJ,EUR,2022-01-21,35.22,35.22,34.46,34.76,170969,2366,34.914
DE000A1H8BV3,86630016,NOEJ,EUR,2022-01-24,34.46,34.64,32.62,33.16,183536,3038,33.486
DE000A1H8BV3,86630016,NOEJ,EUR,2022-01-25,33.5,33.5,31.24,32.28,157881,2620,32.058
DE000A1H8BV3,86630016,NOEJ,EUR,2022-01-26,32.4,33.0,32.3,32.48,67046,1317,32.652
DE000A1H8BV3,86630016,NOEJ,EUR,2022-01-27,32.22,33.42,31.96,32.9,51690,794,32.814
DE000A1H8BV3,86630016,NOEJ,EUR,2022-01-28,32.92,32.92,32.1,32.22,87959,1451,32.494
DE000A1H8BV3,86630016,NOEJ,EUR,2022-01-31,32.52,33.0,32.08,32.22,40400,530,32.344
DE000A1H8BV3,86630016,NOEJ,EUR,2022-02-01,32.4,33.16,32.4,32.74,63962,1052,32.768
DE000A1H8BV3,86630016,NOEJ,EUR,2022-02-02,32.92,33.64,32.86,32.9,74796,857,33.09
DE000A1H8BV3,86630016,NOEJ,EUR,2022-02-03,32.94,32.94,32.12,32.6,40614,631,32.49
DE000A1H8BV3,86630016,NOEJ,EUR,2022-02-04,32.78,32.78,31.36,31.54,60475,1018,31.67
DE000A1H8BV3,86630016,NOEJ,EUR,2022-02-07,31.76,31.88,30.98,31.0,82938,1349,31.154
DE000A1H8BV3,86630016,NOEJ,EUR,2022-02-08,30.98,31.44,30.7,31.32,85368,1713,31.118
DE000A1H8BV3,86630016,NOEJ,EUR,2022-02-09,31.5,32.04,31.5,31.68,142707,1545,31.792
DE000A1H8BV3,86630016,NOEJ,EUR,2022-02-10,31.84,32.18,31.14,32.0,105198,1373,31.75
DE000A1H8BV3,86630016,NOEJ,EUR,2022-02-11,31.88,32.12,31.12,31.5,30943,523,31.612
DE000A1H8BV3,86630016,NOEJ,EUR,2022-02-14,30.5,31.0,29.8,30.9,92562,1576,30.416
DE000A1H8BV3,86630016,NOEJ,EUR,2022-02-15,31.0,31.66,30.7,31.56,45021,656,31.424
DE000A1H8BV3,86630016,NOEJ,EUR,2022-02-16,31.56,34.18,31.56,32.44,163419,1967,33.174
DE000A1H8BV3,86630016,NOEJ,EUR,2022-02-17,32.46,34.06,32.44,32.6,137978,1850,32.968
DE000A1H8BV3,86630016,NOEJ,EUR,2022-02-18,32.74,32.94,32.0,32.22,50905,495,32.412
DE000A1H8BV3,86630016,NOEJ,EUR,2022-02-21,32.28,32.72,30.56,31.24,56513,786,31.266
DE000A1H8BV3,86630016,NOEJ,EUR,2022-02-22,30.84,30.96,29.94,30.74,94981,1054,30.7
DE000A1H8BV3,86630016,NOEJ,EUR,2022-02-23,30.72,31.44,30.72,31.02,89075,1284,31.044
DE000A1H8BV3,86630016,NOEJ,EUR,2022-02-24,29.98,30.6,29.32,30.0,136811,1944,30.004
DE000A1H8BV3,86630016,NOEJ,EUR,2022-02-25,30.18,30.96,29.78,30.96,75464,979,30.472
DE000A1H8BV3,86630016,NOEJ,EUR,2022-02-28,30.38,31.18,30.14,31.02,57137,607,30.73
DE000A1H8BV3,86630016,NOEJ,EUR,2022-03-01,31.08,31.24,28.78,28.92,240572,3001,29.848
DE000A1H8BV3,86630016,NOEJ,EUR,2022-03-02,28.98,30.2,28.12,29.9,147784,1965,29.484
DE000A1H8BV3,86630016,NOEJ,EUR,2022-03-03,29.92,30.44,29.6,29.82,128028,1952,29.968
DE000A1H8BV3,86630016,NOEJ,EUR,2022-03-04,28.82,29.6,28.82,29.3,210154,2561,29.258
DE000A1H8BV3,86630016,NOEJ,EUR,2022-03-07,28.6,29.02,27.02,28.32,156537,2119,28.316
DE000A1H8BV3,86630016,NOEJ,EUR,2022-03-08,27.28,28.2,26.12,26.12,232759,3201,26.942
DE000A1H8BV3,86630016,NOEJ,EUR,2022-03-09,27.14,27.66,26.26,27.2,321954,4249,26.93
DE000A1H8BV3,86630016,NOEJ,EUR,2022-03-10,27.4,27.4,26.0,26.32,142130,1876,26.512
DE000A1H8BV3,86630016,NOEJ,EUR,2022-03-11,26.38,26.92,25.74,26.46,312687,3704,26.364
DE000A1H8BV3,86630016,NOEJ,EUR,2022-03-14,27.0,28.22,26.34,27.9,291602,3268,27.542
DE000A1H8BV3,86630016,NOEJ,EUR,2022-03-15,27.8,27.88,26.62,27.72,102645,1173,27.388
DE000A1H8BV3,86630016,NOEJ,EUR,2022-03-16,28.12,30.0,27.82,29.76,121418,1785,29.458
DE000A1H8BV3,86630016,NOEJ,EUR,2022-03-17,30.0,30.3,29.68,29.88,75001,1233,29.952
DE000A1H8BV3,86630016,NOEJ,EUR,2022-03-18,30.02,30.08,29.16,29.4,121554,1102,29.44
DE000A1H8BV3,86630016,NOEJ,EUR,2022-03-21,29.38,29.6,28.5,28.98,76319,936,28.966
DE000A1H8BV3,86630016,NOEJ,EUR,2022-03-22,29.14,29.74,28.9,29.48,77161,1004,29.384
DE000A1H8BV3,86630016,NOEJ,EUR,2022-03-23,28.4,29.96,28.4,28.68,122203,1367,29.23
DE000A1H8BV3,86630016,NOEJ,EUR,2022-03-24,28.92,28.92,25.76,27.3,301835,2971,26.978
DE000A1H8BV3,86630016,NOEJ,EUR,2022-03-25,27.54,28.4,25.98,26.08,211381,2417,26.804
DE000A1H8BV3,86630016,NOEJ,EUR,2022-03-28,26.2,26.5,25.92,26.0,97504,1327,26.118
DE000A1H8BV3,86630016,NOEJ,EUR,2022-03-29,26.28,28.24,26.04,28.14,163448,1399,27.398
DE000A1H8BV3,86630016,NOEJ,EUR,2022-03-30,28.02,28.34,27.08,27.4,94294,1617,27.622
DE000A1H8BV3,86630016,NOEJ,EUR,2022-03-31,27.5,27.68,26.06,26.06,108330,1361,26.42
DE000A1H8BV3,86630016,NOEJ,EUR,2022-04-01,26.5,26.8,25.92,26.36,66642,841,26.426
DE000A1H8BV3,86630016,NOEJ,EUR,2022-04-04,26.66,26.86,25.96,26.48,125628,1294,26.346
DE000A1H8BV3,86630016,NOEJ,EUR,2022-04-05,26.42,26.48,25.36,25.56,248993,3568,25.772
DE000A1H8BV3,86630016,NOEJ,EUR,2022-04-06,25.46,25.74,24.12,24.5,169668,1972,24.568
DE000A1H8BV3,86630016,NOEJ,EUR,2022-04-07,24.6,24.82,24.1,24.2,143014,1282,24.336
DE000A1H8BV3,86630016,NOEJ,EUR,2022-04-08,24.28,24.76,24.18,24.54,118080,1023,24.444
DE000A1H8BV3,86630016,NOEJ,EUR,2022-04-11,24.5,24.5,23.76,24.02,148767,1429,24.008
DE000A1H8BV3,86630016,NOEJ,EUR,2022-04-12,23.88,24.08,23.34,23.82,106344,1381,23.816
DE000A1H8BV3,86630016,NOEJ,EUR,2022-04-13,23.68,23.82,22.92,23.7,91473,934,23.386
DE000A1H8BV3,86630016,NOEJ,EUR,2022-04-14,24.08,24.2,23.34,23.58,91028,865,23.562
DE000A1H8BV3,86630016,NOEJ,EUR,2022-04-19,23.62,24.16,22.98,23.96,287607,2499,23.498
DE000A1H8BV3,86630016,NOEJ,EUR,2022-04-20,24.08,24.7,23.78,24.4,125372,1583,24.216
DE000A1H8BV3,86630016,NOEJ,EUR,2022-04-21,24.46,25.02,24.12,24.82,162703,1629,24.754
DE000A1H8BV3,86630016,NOEJ,EUR,2022-04-22,24.64,25.06,24.3,24.6,78071,868,24.655
DE000A1H8BV3,86630016,NOEJ,EUR,2022-04-25,24.54,24.54,23.5,23.62,111175,1166,23.793
DE000A1H8BV3,86630016,NOEJ,EUR,2022-04-26,23.9,24.04,22.84,22.98,122391,2476,23.307
DE000A1H8BV3,86630016,NOEJ,EUR,2022-04-27,23.06,23.28,22.54,23.08,70547,853,23.049
DE000A1H8BV3,86630016,NOEJ,EUR,2022-04-28,23.38,23.84,22.86,23.2,173059,2074,23.303
DE000A1H8BV3,86630016,NOEJ,EUR,2022-04-29,23.24,23.7,23.2,23.54,175044,2037,23.494
DE000A1H8BV3,86630016,NOEJ,EUR,2022-05-02,23.56,23.66,22.86,23.26,64170,823,23.273
DE000A1H8BV3,86630016,NOEJ,EUR,2022-05-03,23.38,23.84,23.28,23.64,83162,2427,23.589
DE000A1H8BV3,86630016,NOEJ,EUR,2022-05-04,23.8,24.98,23.58,24.3,186933,2622,24.374
DE000A1H8BV3,86630016,NOEJ,EUR,2022-05-05,24.66,24.66,23.68,23.8,167067,1675,24.159
DE000A1H8BV3,86630016,NOEJ,EUR,2022-05-06,23.64,24.5,23.18,24.32,309234,2414,24.007
DE000A1H8BV3,86630016,NOEJ,EUR,2022-05-09,24.36,24.36,23.34,23.66,191703,2163,23.716
DE000A1H8BV3,86630016,NOEJ,EUR,2022-05-10,23.68,24.32,23.6,23.72,129695,1363,23.923
DE000A1H8BV3,86630016,NOEJ,EUR,2022-05-11,23.86,24.28,23.68,24.2,124314,1738,23.994
DE000A1H8BV3,86630016,NOEJ,EUR,2022-05-12,23.72,24.42,23.58,24.16,128278,1505,23.964
DE000A1H8BV3,86630016,NOEJ,EUR,2022-05-13,24.28,25.34,24.28,25.18,159148,1553,24.96
DE000A1H8BV3,86630016,NOEJ,EUR,2022-05-16,25.06,25.26,24.54,24.76,119438,1636,24.74
DE000A1H8BV3,86630016,NOEJ,EUR,2022-05-17,24.82,25.06,24.62,24.86,132081,1354,24.796
DE000A1H8BV3,86630016,NOEJ,EUR,2022-05-18,24.5,24.58,23.4,23.48,107926,1130,24.057
DE000A1H8BV3,86630016,NOEJ,EUR,2022-05-19,23.46,23.46,22.36,22.88,85398,1026,22.708
DE000A1H8BV3,86630016,NOEJ,EUR,2022-05-20,22.88,23.54,22.78,22.94,69798,971,23.232
DE000A1H8BV3,86630016,NOEJ,EUR,2022-05-23,23.2,23.4,22.42,22.8,63614,854,22.727
DE000A1H8BV3,86630016,NOEJ,EUR,2022-05-24,22.68,22.82,22.12,22.16,89698,1067,22.405
DE000A1H8BV3,86630016,NOEJ,EUR,2022-05-25,22.64,22.74,21.82,22.66,104833,897,22.249
DE000A1H8BV3,86630016,NOEJ,EUR,2022-05-26,22.7,23.48,22.5,23.48,87873,916,23.032
DE000A1H8BV3,86630016,NOEJ,EUR,2022-05-27,23.56,24.18,23.4,24.08,65810,662,23.979
DE000A1H8BV3,86630016,NOEJ,EUR,2022-05-30,24.06,24.84,24.06,24.74,59971,557,24.662
DE000A1H8BV3,86630016,NOEJ,EUR,2022-05-31,24.74,24.74,24.16,24.38,112046,687,24.416
DE000A1H8BV3,86630016,NOEJ,EUR,2022-06-01,24.52,25.16,24.44,24.8,51888,660,24.861
DE000A1H8BV3,86630016,NOEJ,EUR,2022-06-02,24.66,25.06,24.6,24.8,53868,511,24.859
DE000A1H8BV3,86630016,NOEJ,EUR,2022-06-03,25.16,25.16,24.02,24.02,47013,450,24.452
DE000A1H8BV3,86630016,NOEJ,EUR,2022-06-06,24.2,26.28,24.2,26.0,191688,2238,25.642
DE000A1H8BV3,86630016,NOEJ,EUR,2022-06-07,25.94,26.76,25.61,26.56,223630,2272,26.187
DE000A1H8BV3,86630016,NOEJ,EUR,2022-06-08,26.74,26.84,26.26,26.7,104659,1494,26.571
DE000A1H8BV3,86630016,NOEJ,EUR,2022-06-09,26.68,26.98,26.2,26.76,177759,1953,26.655
DE000A1H8BV3,86630016,NOEJ,EUR,2022-06-10,26.52,26.72,25.44,25.6,133528,1473,25.829
DE000A1H8BV3,86630016,NOEJ,EUR,2022-06-13,25.58,25.58,24.37,24.76,167449,1376,24.844
DE000A1H8BV3,86630016,NOEJ,EUR,2022-06-14,25.2,25.22,24.12,24.14,76294,1064,24.477
DE000A1H8BV3,86630016,NOEJ,EUR,2022-06-15,24.02,25.18,24.02,25.0,79215,974,24.85
DE000A1H8BV3,86630016,NOEJ,EUR,2022-06-16,24.86,25.06,23.4,23.54,157597,1250,24.041
DE000A1H8BV3,86630016,NOEJ,EUR,2022-06-17,23.78,24.41,23.44,24.14,94778,819,24.126
DE000A1H8BV3,86630016,NOEJ,EUR,2022-06-20,24.2,24.34,23.78,24.26,72348,794,24.123
DE000A1H8BV3,86630016,NOEJ,EUR,2022-06-21,24.42,24.7,23.38,23.54,110607,831,23.765
DE000A1H8BV3,86630016,NOEJ,EUR,2022-06-22,23.32,23.72,21.88,22.0,141868,1091,22.213
DE000A1H8BV3,86630016,NOEJ,EUR,2022-06-23,22.12,22.12,21.24,21.34,123485,1239,21.514
DE000A1H8BV3,86630016,NOEJ,EUR,2022-06-24,21.44,22.04,21.22,21.86,125360,1057,21.676
DE000A1H8BV3,86630016,NOEJ,EUR,2022-06-27,21.84,22.72,21.68,21.88,128412,1103,22.14
DE000A1H8BV3,86630016,NOEJ,EUR,2022-06-28,21.82,22.76,21.82,22.28,204712,1969,22.365
DE000A1H8BV3,86630016,NOEJ,EUR,2022-06-29,22.22,22.68,22.04,22.54,136002,1431,22.43
DE000A1H8BV3,86630016,NOEJ,EUR,2022-06-30,22.54,22.54,20.2,21.3,210338,2083,20.883
DE000A1H8BV3,86630016,NOEJ,EUR,2022-07-01,21.04,21.93,21.0,21.64,95991,858,21.606
DE000A1H8BV3,86630016,NOEJ,EUR,2022-07-04,21.64,22.02,21.28,21.74,71978,705,21.789
DE000A1H8BV3,86630016,NOEJ,EUR,2022-07-05,21.64,22.0,20.64,20.84,102836,1059,20.969
DE000A1H8BV3,86630016,NOEJ,EUR,2022-07-06,21.24,21.26,20.86,21.04,52620,506,21.104
DE000A1H8BV3,86630016,NOEJ,EUR,2022-07-07,21.3,21.74,20.96,21.54,79722,700,21.528
DE000A1H8BV3,86630016,NOEJ,EUR,2022-07-08,21.58,22.08,21.2,21.62,251815,2194,21.654
DE000A1H8BV3,86630016,NOEJ,EUR,2022-07-11,21.54,21.74,20.64,21.12,118438,1023,21.298
DE000A1H8BV3,86630016,NOEJ,EUR,2022-07-12,20.92,21.66,20.78,21.56,148871,1284,21.244
DE000A1H8BV3,86630016,NOEJ,EUR,2022-07-13,21.62,21.72,21.14,21.46,145040,1179,21.416
DE000A1H8BV3,86630016,NOEJ,EUR,2022-07-14,21.38,21.78,20.68,20.94,200012,757,21.404
DE000A1H8BV3,86630016,NOEJ,EUR,2022-07-15,21.16,21.6,20.96,21.52,198507,1290,21.33
DE000A1H8BV3,86630016,NOEJ,EUR,2022-07-18,21.66,21.86,21.06,21.16,72612,599,21.274
DE000A1H8BV3,86630016,NOEJ,EUR,2022-07-19,21.12,22.04,20.82,21.92,178757,1198,21.604
DE000A1H8BV3,86630016,NOEJ,EUR,2022-07-20,22.04,22.8,21.54,22.6,155683,1230,22.377
DE000A1H8BV3,86630016,NOEJ,EUR,2022-07-21,22.5,22.78,19.41,19.65,485040,3646,20.544
DE000A1H8BV3,86630016,NOEJ,EUR,2022-07-22,19.59,19.74,17.91,18.5,710456,4473,18.383
DE000A1H8BV3,86630016,NOEJ,EUR,2022-07-25,18.44,18.45,17.06,17.66,318610,2753,17.921
DE000A1H8BV3,86630016,NOEJ,EUR,2022-07-26,17.83,17.86,16.57,16.76,289904,2289,16.9
DE000A1H8BV3,86630016,NOEJ,EUR,2022-07-27,16.77,17.26,16.51,16.9,349607,2720,16.828
DE000A1H8BV3,86630016,NOEJ,EUR,2022-07-28,17.05,17.49,16.93,17.3,185700,1221,17.177
DE000A1H8BV3,86630016,NOEJ,EUR,2022-07-29,17.44,18.46,17.34,18.22,242600,1615,18.18
DE000A1H8BV3,86630016,NOEJ,EUR,2022-08-01,18.24,18.75,18.0,18.44,213903,1915,18.459
DE000A1H8BV3,86630016,NOEJ,EUR,2022-08-02,18.31,18.66,17.89,18.01,213883,1498,18.16
DE000A1H8BV3,86630016,NOEJ,EUR,2022-08-03,18.11,18.37,17.81,18.24,183163,1742,18.132
DE000A1H8BV3,86630016,NOEJ,EUR,2022-08-04,18.37,18.62,18.14,18.3,123229,1337,18.351
DE000A1H8BV3,86630016,NOEJ,EUR,2022-08-05,18.45,18.48,17.96,18.3,93858,996,18.213
DE000A1H8BV3,86630016,NOEJ,EUR,2022-08-08,18.44,18.78,18.24,18.61,56597,402,18.522
DE000A1H8BV3,86630016,NOEJ,EUR,2022-08-09,18.66,18.66,18.23,18.27,80382,643,18.364
DE000A1H8BV3,86630016,NOEJ,EUR,2022-08-10,18.01,18.76,18.01,18.3,95703,895,18.407
DE000A1H8BV3,86630016,NOEJ,EUR,2022-08-11,18.3,18.37,18.11,18.18,89954,818,18.241
DE000A1H8BV3,86630016,NOEJ,EUR,2022-08-12,18.27,18.51,18.15,18.36,128991,778,18.301
DE000A1H8BV3,86630016,NOEJ,EUR,2022-08-15,18.57,18.58,18.02,18.28,88976,875,18.199
DE000A1H8BV3,86630016,NOEJ,EUR,2022-08-16,18.26,18.5,18.19,18.28,99243,807,18.332
DE000A1H8BV3,86630016,NOEJ,EUR,2022-08-17,18.54,18.54,17.67,17.68,118920,1008,17.947
DE000A1H8BV3,86630016,NOEJ,EUR,2022-08-18,17.78,18.16,17.74,17.92,202179,1356,17.967
DE000A1H8BV3,86630016,NOEJ,EUR,2022-08-19,17.91,17.91,17.52,17.57,100947,644,17.679
DE000A1H8BV3,86630016,NOEJ,EUR,2022-08-22,17.62,17.91,16.72,16.76,135125,887,17.053
DE000A1H8BV3,86630016,NOEJ,EUR,2022-08-23,16.97,17.02,16.41,16.55,193712,1389,16.662
DE000A1H8BV3,86630016,NOEJ,EUR,2022-08-24,16.6,16.6,15.93,16.34,159673,1264,16.257
DE000A1H8BV3,86630016,NOEJ,EUR,2022-08-25,16.46,16.51,16.08,16.27,217659,1463,16.271
DE000A1H8BV3,86630016,NOEJ,EUR,2022-08-26,16.37,16.64,15.95,16.11,203861,1731,16.253
DE000A1H8BV3,86630016,NOEJ,EUR,2022-08-29,15.84,16.32,15.63,16.12,136832,1459,15.993
DE000A1H8BV3,86630016,NOEJ,EUR,2022-08-30,16.2,16.6,15.92,16.09,116332,1278,16.286
DE000A1H8BV3,86630016,NOEJ,EUR,2022-08-31,16.23,16.23,15.6,15.66,188341,1156,15.796
DE000A1H8BV3,86630016,NOEJ,EUR,2022-09-01,15.7,15.7,14.99,15.1,126566,904,15.194
DE000A1H8BV3,86630016,NOEJ,EUR,2022-09-02,15.3,15.6,14.93,15.45,130514,1478,15.359
DE000A1H8BV3,86630016,NOEJ,EUR,2022-09-05,15.07,15.29,14.76,14.76,75703,580,14.913
DE000A1H8BV3,86630016,NOEJ,EUR,2022-09-06,14.86,15.11,14.52,14.66,109292,712,14.801
DE000A1H8BV3,86630016,NOEJ,EUR,2022-09-07,14.59,14.76,14.43,14.62,76723,598,14.589
DE000A1H8BV3,86630016,NOEJ,EUR,2022-09-08,14.7,14.73,14.16,14.46,94621,776,14.435
DE000A1H8BV3,86630016,NOEJ,EUR,2022-09-09,14.3,14.83,14.3,14.68,169752,1548,14.664
DE000A1H8BV3,86630016,NOEJ,EUR,2022-09-12,14.84,15.28,14.68,15.13,190259,1474,15.052
DE000A1H8BV3,86630016,NOEJ,EUR,2022-09-13,15.28,15.29,14.29,14.42,157643,1318,14.729
DE000A1H8BV3,86630016,NOEJ,EUR,2022-09-14,14.45,14.46,13.7,13.84,176895,1335,13.977
DE000A1H8BV3,86630016,NOEJ,EUR,2022-09-15,13.92,14.16,13.65,13.65,172784,1707,13.841
DE000A1H8BV3,86630016,NOEJ,EUR,2022-09-16,13.61,13.64,13.21,13.36,286353,1651,13.384
DE000A1H8BV3,86630016,NOEJ,EUR,2022-09-19,13.37,13.55,13.27,13.34,212866,1629,13.398
DE000A1H8BV3,86630016,NOEJ,EUR,2022-09-20,13.47,13.55,13.14,13.53,272257,850,13.363
DE000A1H8BV3,86630016,NOEJ,EUR,2022-09-21,13.21,14.11,13.17,13.96,280337,1513,13.884
DE000A1H8BV3,86630016,NOEJ,EUR,2022-09-22,13.82,14.47,13.59,14.22,204226,1527,14.192
DE000A1H8BV3,86630016,NOEJ,EUR,2022-09-23,14.22,14.34,13.81,14.01,162547,1372,14.071
DE000A1H8BV3,86630016,NOEJ,EUR,2022-09-26,14.03,14.67,13.77,14.31,139397,999,14.379
DE000A1H8BV3,86630016,NOEJ,EUR,2022-09-27,14.29,14.6,13.94,14.11,94286,817,14.274
DE000A1H8BV3,86630016,NOEJ,EUR,2022-09-28,14.04,14.23,13.82,14.23,109026,891,14.061
DE000A1H8BV3,86630016,NOEJ,EUR,2022-09-29,14.12,14.12,13.54,13.85,192655,1543,13.822
DE000A1H8BV3,86630016,NOEJ,EUR,2022-09-30,13.97,14.11,13.7,13.83,144733,1118,13.899
DE000A1H8BV3,86630016,NOEJ,EUR,2022-10-03,13.82,14.36,13.6,14.3,129547,1347,13.962
DE000A1H8BV3,86630016,NOEJ,EUR,2022-10-04,14.53,14.87,14.38,14.79,149738,888,14.715
DE000A1H8BV3,86630016,NOEJ,EUR,2022-10-05,14.77,14.89,13.91,14.09,79588,841,14.265
DE000A1H8BV3,86630016,NOEJ,EUR,2022-10-06,14.26,14.36,13.92,13.97,55581,600,14.08
DE000A1H8BV3,86630016,NOEJ,EUR,2022-10-07,14.04,14.09,13.63,13.68,80511,722,13.829
DE000A1H8BV3,86630016,NOEJ,EUR,2022-10-10,13.65,14.2,13.47,13.85,44102,459,13.927
DE000A1H8BV3,86630016,NOEJ,EUR,2022-10-11,13.75,14.18,13.65,14.11,124338,709,13.879
DE000A1H8BV3,86630016,NOEJ,EUR,2022-10-12,14.21,14.26,13.84,14.15,180017,953,14.073
DE000A1H8BV3,86630016,NOEJ,EUR,2022-10-13,14.05,14.52,13.79,14.48,77079,943,14.275
DE000A1H8BV3,86630016,NOEJ,EUR,2022-10-14,14.76,14.93,14.21,14.31,63988,462,14.436
DE000A1H8BV3,86630016,NOEJ,EUR,2022-10-17,14.41,14.76,14.22,14.64,67363,503,14.507
DE000A1H8BV3,86630016,NOEJ,EUR,2022-10-18,14.74,14.89,14.35,14.4,99143,739,14.561
DE000A1H8BV3,86630016,NOEJ,EUR,2022-10-19,14.49,14.63,14.27,14.39,49781,527,14.416
DE000A1H8BV3,86630016,NOEJ,EUR,2022-10-20,14.28,14.58,14.0,14.5,66371,464,14.332
DE000A1H8BV3,86630016,NOEJ,EUR,2022-10-21,14.5,14.9,14.0,14.6,229862,1206,14.283
DE000A1H8BV3,86630016,NOEJ,EUR,2022-10-24,14.73,14.9,14.33,14.79,134995,1560,14.674
DE000A1H8BV3,86630016,NOEJ,EUR,2022-10-25,14.9,14.96,14.41,14.83,158458,1220,14.649
DE000A1H8BV3,86630016,NOEJ,EUR,2022-10-26,14.9,15.9,14.9,15.81,174869,1565,15.582
DE000A1H8BV3,86630016,NOEJ,EUR,2022-10-27,15.79,16.02,15.58,15.82,494685,2255,15.73
DE000A1H8BV3,86630016,NOEJ,EUR,2022-10-28,15.81,15.82,15.21,15.72,139010,981,15.555
DE000A1H8BV3,86630016,NOEJ,EUR,2022-10-31,15.85,16.13,15.57,16.05,97152,689,15.94
DE000A1H8BV3,86630016,NOEJ,EUR,2022-11-01,16.17,16.45,16.03,16.15,133286,945,16.2
DE000A1H8BV3,86630016,NOEJ,EUR,2022-11-02,17.0,17.55,16.49,16.53,351076,2663,16.818
DE000A1H8BV3,86630016,NOEJ,EUR,2022-11-03,16.6,16.7,15.7,16.05,235870,1560,15.985
DE000A1H8BV3,86630016,NOEJ,EUR,2022-11-04,16.0,16.73,16.0,16.36,130085,1160,16.45
DE000A1H8BV3,86630016,NOEJ,EUR,2022-11-07,16.24,16.6,16.16,16.46,97580,920,16.424
DE000A1H8BV3,86630016,NOEJ,EUR,2022-11-08,16.52,16.68,16.26,16.6,54363,561,16.49
DE000A1H8BV3,86630016,NOEJ,EUR,2022-11-09,16.61,16.7,16.47,16.66,57534,659,16.602
DE000A1H8BV3,86630016,NOEJ,EUR,2022-11-10,16.52,17.44,16.34,17.25,104149,899,17.047
DE000A1H8BV3,86630016,NOEJ,EUR,2022-11-11,17.25,17.8,17.24,17.56,86042,872,17.566
DE000A1H8BV3,86630016,NOEJ,EUR,2022-11-14,17.81,17.94,17.29,17.77,139868,1000,17.645
DE000A1H8BV3,86630016,NOEJ,EUR,2022-11-15,17.98,17.98,16.95,17.61,135208,1286,17.485
DE000A1H8BV3,86630016,NOEJ,EUR,2022-11-16,17.44,17.69,17.15,17.23,146470,1066,17.241
DE000A1H8BV3,86630016,NOEJ,EUR,2022-11-17,17.18,17.5,17.18,17.38,162082,1054,17.315
DE000A1H8BV3,86630016,NOEJ,EUR,2022-11-18,17.3,17.9,17.24,17.75,169206,1577,17.671
DE000A1H8BV3,86630016,NOEJ,EUR,2022-11-21,17.8,17.8,17.3,17.31,98016,724,17.437
DE000A1H8BV3,86630016,NOEJ,EUR,2022-11-22,17.37,17.45,16.89,17.41,141762,1233,17.249
DE000A1H8BV3,86630016,NOEJ,EUR,2022-11-23,17.44,17.51,17.14,17.37,48054,454,17.331
DE000A1H8BV3,86630016,NOEJ,EUR,2022-11-24,17.49,17.74,17.31,17.59,33810,353,17.598
DE000A1H8BV3,86630016,NOEJ,EUR,2022-11-25,17.6,17.63,17.22,17.32,55826,350,17.375
DE000A1H8BV3,86630016,NOEJ,EUR,2022-11-28,17.18,17.54,16.85,16.9,66753,626,17.058
DE000A1H8BV3,86630016,NOEJ,EUR,2022-11-29,16.95,17.12,16.85,16.91,57220,613,16.952
DE000A1H8BV3,86630016,NOEJ,EUR,2022-11-30,16.91,16.95,16.18,16.7,237720,1399,16.554
DE000A1H8BV3,86630016,NOEJ,EUR,2022-12-01,16.99,17.2,16.64,17.12,55734,641,17.033
DE000A1H8BV3,86630016,NOEJ,EUR,2022-12-02,17.01,17.32,16.92,17.12,43123,532,17.124
DE000A1H8BV3,86630016,NOEJ,EUR,2022-12-05,17.1,17.29,16.8,17.01,95010,893,17.017
DE000A1H8BV3,86630016,NOEJ,EUR,2022-12-06,16.93,17.26,16.88,17.02,103665,846,17.059
DE000A1H8BV3,86630016,NOEJ,EUR,2022-12-07,16.88,17.19,16.51,16.96,130717,1265,16.857
DE000A1H8BV3,86630016,NOEJ,EUR,2022-12-08,16.95,17.13,16.8,16.99,55134,499,16.985
DE000A1H8BV3,86630016,NOEJ,EUR,2022-12-09,17.03,17.46,16.97,17.4,60519,589,17.261
DE000A1H8BV3,86630016,NOEJ,EUR,2022-12-12,17.46,17.46,16.98,17.15,40106,496,17.12
DE000A1H8BV3,86630016,NOEJ,EUR,2022-12-13,17.15,17.75,17.0,17.36,58608,1180,17.422
DE000A1H8BV3,86630016,NOEJ,EUR,2022-12-14,17.36,17.36,16.86,16.89,65266,533,17.047
DE000A1H8BV3,86630016,NOEJ,EUR,2022-12-15,16.9,16.9,16.12,16.42,217815,1645,16.391
DE000A1H8BV3,86630016,NOEJ,EUR,2022-12-16,16.54,16.54,16.1,16.2,99208,1062,16.223
DE000A1H8BV3,86630016,NOEJ,EUR,2022-12-19,16.22,16.41,16.14,16.34,92364,515,16.269
DE000A1H8BV3,86630016,NOEJ,EUR,2022-12-20,16.14,16.29,16.01,16.23,57181,543,16.175
DE000A1H8BV3,86630016,NOEJ,EUR,2022-12-21,16.28,16.48,16.23,16.4,28324,296,16.355
DE000A1H8BV3,86630016,NOEJ,EUR,2022-12-22,16.41,16.63,16.04,16.13,60328,628,16.324
DE000A1H8BV3,86630016,NOEJ,EUR,2022-12-23,16.25,16.54,16.15,16.46,75262,813,16.415
DE000A1H8BV3,86630016,NOEJ,EUR,2022-12-27,16.47,17.1,16.45,17.0,46313,429,16.887
DE000A1H8BV3,86630016,NOEJ,EUR,2022-12-28,17.09,17.09,16.67,17.01,51034,492,16.943
DE000A1H8BV3,86630016,NOEJ,EUR,2022-12-29,16.97,17.35,16.75,17.26,44991,548,17.134
DE000A1H8BV3,86630016,NOEJ,EUR,2022-12-30,17.19,17.24,16.81,17.0,38928,327,17.013
DE000A1H8BV3,86630016,NOEJ,EUR,2023-01-02,17.0,17.38,16.7,16.8,34257,369,16.998
DE000A1H8BV3,86630016,NOEJ,EUR,2023-01-03,16.72,17.28,16.7,17.06,51313,425,17.076
DE000A1H8BV3,86630016,NOEJ,EUR,2023-01-04,17.1,17.58,17.06,17.46,148663,587,17.39
DE000A1H8BV3,86630016,NOEJ,EUR,2023-01-05,17.52,17.98,17.34,17.84,44986,479,17.74
DE000A1H8BV3,86630016,NOEJ,EUR,2023-01-06,18.0,18.34,17.56,18.2,64041,662,17.996
DE000A1H8BV3,86630016,NOEJ,EUR,2023-01-09,18.36,18.62,18.24,18.48,73819,877,18.48
DE000A1H8BV3,86630016,NOEJ,EUR,2023-01-10,18.28,18.38,17.46,17.8,94848,777,17.722
DE000A1H8BV3,86630016,NOEJ,EUR,2023-01-11,17.86,18.6,17.78,18.44,68398,590,18.368
DE000A1H8BV3,86630016,NOEJ,EUR,2023-01-12,18.5,18.62,18.2,18.42,91312,378,18.426
DE000A1H8BV3,86630016,NOEJ,EUR,2023-01-13,18.52,18.88,18.3,18.66,68441,637,18.582
DE000A1H8BV3,86630016,NOEJ,EUR,2023-01-16,18.78,18.92,18.44,18.62,46208,531,18.616
DE000A1H8BV3,86630016,NOEJ,EUR,2023-01-17,18.5,18.98,18.5,18.88,45502,419,18.802
DE000A1H8BV3,86630016,NOEJ,EUR,2023-01-18,18.92,19.26,18.86,19.12,106864,854,19.08
DE000A1H8BV3,86630016,NOEJ,EUR,2023-01-19,18.96,19.2,18.8,19.0,161937,1014,19.032
DE000A1H8BV3,86630016,NOEJ,EUR,2023-01-20,19.08,19.62,18.98,19.5,74910,702,19.328
DE000A1H8BV3,86630016,NOEJ,EUR,2023-01-23,19.56,19.74,19.02,19.14,41445,543,19.276
DE000A1H8BV3,86630016,NOEJ,EUR,2023-01-24,19.26,19.34,19.02,19.22,136046,924,19.158
DE000A1H8BV3,86630016,NOEJ,EUR,2023-01-25,19.12,19.6,19.02,19.4,58736,623,19.308
DE000A1H8BV3,86630016,NOEJ,EUR,2023-01-26,19.56,19.88,19.36,19.76,96126,1191,19.75
DE000A1H8BV3,86630016,NOEJ,EUR,2023-01-27,19.84,20.06,19.68,19.86,84859,928,19.88
DE000A1H8BV3,86630016,NOEJ,EUR,2023-01-30,19.9,19.9,19.4,19.58,151031,1306,19.61
DE000A1H8BV3,86630016,NOEJ,EUR,2023-01-31,19.54,19.92,19.44,19.74,262266,1205,19.746
DE000A1H8BV3,86630016,NOEJ,EUR,2023-02-01,19.82,20.1,19.62,19.96,50868,590,19.894
DE000A1H8BV3,86630016,NOEJ,EUR,2023-02-02,20.08,20.46,19.86,20.38,60610,668,20.168
DE000A1H8BV3,86630016,NOEJ,EUR,2023-02-03,20.34,20.68,20.06,20.46,80984,600,20.332
DE000A1H8BV3,86630016,NOEJ,EUR,2023-02-06,20.6,20.62,20.32,20.48,81433,622,20.442
DE000A1H8BV3,86630016,NOEJ,EUR,2023-02-07,20.58,20.62,20.38,20.4,76378,685,20.448
DE000A1H8BV3,86630016,NOEJ,EUR,2023-02-08,20.58,20.76,20.3,20.4,94868,837,20.45
DE000A1H8BV3,86630016,NOEJ,EUR,2023-02-09,20.52,20.92,20.34,20.74,92569,738,20.718
DE000A1H8BV3,86630016,NOEJ,EUR,2023-02-10,20.76,20.98,20.5,20.5,144436,1725,20.666
DE000A1H8BV3,86630016,NOEJ,EUR,2023-02-13,20.68,21.9,19.92,20.0,122429,969,20.264
DE000A1H8BV3,86630016,NOEJ,EUR,2023-02-14,21.42,24.26,21.04,22.64,595260,4288,23.124
DE000A1H8BV3,86630016,NOEJ,EUR,2023-02-15,22.82,25.36,22.82,24.98,324490,3023,24.26
DE000A1H8BV3,86630016,NOEJ,EUR,2023-02-16,25.24,25.94,25.04,25.56,229705,2272,25.52
DE000A1H8BV3,86630016,NOEJ,EUR,2023-02-17,25.44,25.52,24.72,25.42,174787,1810,25.216
DE000A1H8BV3,86630016,NOEJ,EUR,2023-02-20,25.38,25.98,25.3,25.76,143116,1633,25.77
DE000A1H8BV3,86630016,NOEJ,EUR,2023-02-21,25.8,25.82,25.08,25.2,128051,1269,25.398
DE000A1H8BV3,86630016,NOEJ,EUR,2023-02-22,25.1,25.16,24.5,25.02,111902,884,24.794
DE000A1H8BV3,86630016,NOEJ,EUR,2023-02-23,25.06,25.68,25.04,25.5,87263,1063,25.478
DE000A1H8BV3,86630016,NOEJ,EUR,2023-02-24,25.54,25.72,24.86,25.04,136863,1447,25.184
DE000A1H8BV3,86630016,NOEJ,EUR,2023-02-27,25.18,25.54,24.98,25.34,92479,1232,25.286
DE000A1H8BV3,86630016,NOEJ,EUR,2023-02-28,25.36,25.66,24.86,25.5,121148,1021,25.388
DE000A1H8BV3,86630016,NOEJ,EUR,2023-03-01,25.66,25.74,25.28,25.58,88120,988,25.548
DE000A1H8BV3,86630016,NOEJ,EUR,2023-03-02,25.46,25.6,25.06,25.3,59469,498,25.246
DE000A1H8BV3,86630016,NOEJ,EUR,2023-03-03,25.5,25.92,25.08,25.76,63089,730,25.618
DE000A1H8BV3,86630016,NOEJ,EUR,2023-03-06,25.8,26.3,25.72,26.0,83422,661,26.02
DE000A1H8BV3,86630016,NOEJ,EUR,2023-03-07,26.1,26.72,25.62,26.3,183071,1235,26.406
DE000A1H8BV3,86630016,NOEJ,EUR,2023-03-08,26.34,26.42,25.96,26.22,79843,655,26.226
DE000A1H8BV3,86630016,NOEJ,EUR,2023-03-09,26.04,26.28,25.92,26.14,71820,611,26.1
DE000A1H8BV3,86630016,NOEJ,EUR,2023-03-10,25.84,26.34,25.36,26.1,128290,1184,25.888
DE000A1H8BV3,86630016,NOEJ,EUR,2023-03-13,26.2,26.2,24.82,25.26,135048,1344,25.242
DE000A1H8BV3,86630016,NOEJ,EUR,2023-03-14,25.34,26.02,25.12,25.84,70761,761,25.608
DE000A1H8BV3,86630016,NOEJ,EUR,2023-03-15,25.92,26.02,25.14,25.18,102802,1264,25.354
DE000A1H8BV3,86630016,NOEJ,EUR,2023-03-16,25.46,25.7,24.72,25.28,92005,1283,25.118
DE000A1H8BV3,86630016,NOEJ,EUR,2023-03-17,25.44,25.8,24.48,24.64,195667,1403,24.7
DE000A1H8BV3,86630016,NOEJ,EUR,2023-03-20,24.3,24.84,23.96,24.54,77373,813,24.514
DE000A1H8BV3,86630016,NOEJ,EUR,2023-03-21,24.5,25.42,24.5,25.0,191131,1754,25.088
DE000A1H8BV3,86630016,NOEJ,EUR,2023-03-22,25.1,25.16,24.72,24.92,60793,710,24.934
DE000A1H8BV3,86630016,NOEJ,EUR,2023-03-23,24.8,25.2,24.54,25.1,53935,623,24.96
DE000A1H8BV3,86630016,NOEJ,EUR,2023-03-24,24.9,24.9,24.54,24.6,76682,995,24.676
DE000A1H8BV3,86630016,NOEJ,EUR,2023-03-27,24.82,25.06,23.96,24.06,78803,859,24.398
DE000A1H8BV3,86630016,NOEJ,EUR,2023-03-28,23.52,23.7,20.32,22.2,460937,4064,21.872
DE000A1H8BV3,86630016,NOEJ,EUR,2023-03-29,22.24,22.32,21.4,21.6,165562,1893,21.72
DE000A1H8BV3,86630016,NOEJ,EUR,2023-03-30,21.56,22.18,21.56,22.1,90425,825,21.988
DE000A1H8BV3,86630016,NOEJ,EUR,2023-03-31,22.24,22.3,21.58,21.76,82658,761,21.766
DE000A1H8BV3,86630016,NOEJ,EUR,2023-04-03,21.8,22.2,21.66,21.86,80926,853,21.932
DE000A1H8BV3,86630016,NOEJ,EUR,2023-04-04,21.98,22.1,21.64,21.8,84735,818,21.86
DE000A1H8BV3,86630016,NOEJ,EUR,2023-04-05,21.88,22.04,21.6,21.68,59579,688,21.782
DE000A1H8BV3,86630016,NOEJ,EUR,2023-04-06,21.82,21.82,21.32,21.4,54149,496,21.48
DE000A1H8BV3,86630016,NOEJ,EUR,2023-04-11,21.32,21.88,21.32,21.58,57296,515,21.57
DE000A1H8BV3,86630016,NOEJ,EUR,2023-04-12,21.72,22.12,21.72,22.02,40384,380,21.96
DE000A1H8BV3,86630016,NOEJ,EUR,2023-04-13,22.06,22.16,21.72,21.92,39894,415,21.904
DE000A1H8BV3,86630016,NOEJ,EUR,2023-04-14,22.06,22.7,21.9,22.54,115490,695,22.208
DE000A1H8BV3,86630016,NOEJ,EUR,2023-04-17,22.62,23.32,22.46,23.14,104321,902,23.082
DE000A1H8BV3,86630016,NOEJ,EUR,2023-04-18,23.24,23.34,22.7,22.72,43605,402,22.98
DE000A1H8BV3,86630016,NOEJ,EUR,2023-04-19,22.8,22.8,22.3,22.44,95171,794,22.484
DE000A1H8BV3,86630016,NOEJ,EUR,2023-04-20,22.3,22.54,22.16,22.26,28620,309,22.311
DE000A1H8BV3,86630016,NOEJ,EUR,2023-04-21,22.34,22.34,21.7,21.78,74974,766,21.809
DE000A1H8BV3,86630016,NOEJ,EUR,2023-04-24,21.68,22.24,21.68,22.08,76135,525,21.959
DE000A1H8BV3,86630016,NOEJ,EUR,2023-04-25,22.12,22.22,21.5,21.7,90756,845,21.721
DE000A1H8BV3,86630016,NOEJ,EUR,2023-04-26,21.58,21.64,21.16,21.46,76650,928,21.401
DE000A1H8BV3,86630016,NOEJ,EUR,2023-04-27,21.38,21.58,20.98,21.08,73446,912,21.218
DE000A1H8BV3,86630016,NOEJ,EUR,2023-04-28,21.02,21.6,20.92,21.52,103978,1094,21.299
DE000A1H8BV3,86630016,NOEJ,EUR,2023-05-02,21.62,21.92,21.48,21.54,60875,713,21.7
DE000A1H8BV3,86630016,NOEJ,EUR,2023-05-03,21.42,21.74,21.4,21.56,33876,440,21.569
DE000A1H8BV3,86630016,NOEJ,EUR,2023-05-04,21.52,21.76,21.12,21.64,87822,796,21.563
DE000A1H8BV3,86630016,NOEJ,EUR,2023-05-05,21.66,21.68,21.36,21.64,49803,488,21.539
DE000A1H8BV3,86630016,NOEJ,EUR,2023-05-08,21.6,21.66,21.08,21.1,29952,226,21.241
DE000A1H8BV3,86630016,NOEJ,EUR,2023-05-09,20.2,21.08,18.63,18.79,219323,1281,19.692
DE000A1H8BV3,86630016,NOEJ,EUR,2023-05-10,18.96,19.46,18.59,19.15,181306,1559,19.112
DE000A1H8BV3,86630016,NOEJ,EUR,2023-05-11,19.11,19.46,18.93,18.94,131188,1123,19.157
DE000A1H8BV3,86630016,NOEJ,EUR,2023-05-12,18.69,18.82,18.39,18.72,140500,1217,18.657
DE000A1H8BV3,86630016,NOEJ,EUR,2023-05-15,18.65,18.83,18.61,18.75,100377,1025,18.711
DE000A1H8BV3,86630016,NOEJ,EUR,2023-05-16,18.66,18.83,18.51,18.62,96373,1255,18.63
DE000A1H8BV3,86630016,NOEJ,EUR,2023-05-17,18.52,18.77,18.36,18.55,82342,813,18.561
DE000A1H8BV3,86630016,NOEJ,EUR,2023-05-18,18.68,18.98,18.66,18.81,46532,472,18.796
DE000A1H8BV3,86630016,NOEJ,EUR,2023-05-19,18.77,19.07,18.66,18.93,144461,1159,18.876
DE000A1H8BV3,86630016,NOEJ,EUR,2023-05-22,18.99,18.99,18.56,18.67,66418,830,18.684
DE000A1H8BV3,86630016,NOEJ,EUR,2023-05-23,18.58,18.72,18.13,18.26,67769,873,18.423
DE000A1H8BV3,86630016,NOEJ,EUR,2023-05-24,18.13,18.28,17.55,17.66,87310,617,17.765
DE000A1H8BV3,86630016,NOEJ,EUR,2023-05-25,17.77,17.78,17.11,17.25,105257,1079,17.406
DE000A1H8BV3,86630016,NOEJ,EUR,2023-05-26,17.28,17.63,16.94,17.52,94155,887,17.34
DE000A1H8BV3,86630016,NOEJ,EUR,2023-05-29,17.73,17.73,17.28,17.34,19204,139,17.414
DE000A1H8BV3,86630016,NOEJ,EUR,2023-05-30,17.36,17.43,17.01,17.1,45028,481,17.19
DE000A1H8BV3,86630016,NOEJ,EUR,2023-05-31,17.15,17.15,16.62,16.87,107959,559,16.86
DE000A1H8BV3,86630016,NOEJ,EUR,2023-06-01,17.02,17.06,16.44,16.64,108123,878,16.694
DE000A1H8BV3,86630016,NOEJ,EUR,2023-06-02,16.71,17.66,16.7,17.45,63869,551,17.308
DE000A1H8BV3,86630016,NOEJ,EUR,2023-06-05,17.42,17.5,17.05,17.14,53755,543,17.266
DE000A1H8BV3,86630016,NOEJ,EUR,2023-06-06,17.3,17.33,16.82,17.21,76559,691,17.094
DE000A1H8BV3,86630016,NOEJ,EUR,2023-06-07,17.41,17.43,17.04,17.35,60923,759,17.226
DE000A1H8BV3,86630016,NOEJ,EUR,2023-06-08,17.33,17.44,17.17,17.34,50681,477,17.315
DE000A1H8BV3,86630016,NOEJ,EUR,2023-06-09,17.23,17.29,16.96,16.96,41264,499,17.032
DE000A1H8BV3,86630016,NOEJ,EUR,2023-06-12,17.0,17.29,16.92,17.18,35258,403,17.112
DE000A1H8BV3,86630016,NOEJ,EUR,2023-06-13,17.33,17.58,17.14,17.48,56043,648,17.382
DE000A1H8BV3,86630016,NOEJ,EUR,2023-06-14,17.38,17.73,17.38,17.66,45136,434,17.619
DE000A1H8BV3,86630016,NOEJ,EUR,2023-06-15,17.79,17.79,17.48,17.59,33646,422,17.539
DE000A1H8BV3,86630016,NOEJ,EUR,2023-06-16,17.74,17.74,17.25,17.33,45933,257,17.343
DE000A1H8BV3,86630016,NOEJ,EUR,2023-06-19,17.38,17.45,17.17,17.35,31153,303,17.303
DE000A1H8BV3,86630016,NOEJ,EUR,2023-06-20,17.32,17.32,16.75,17.16,77653,646,17.052
DE000A1H8BV3,86630016,NOEJ,EUR,2023-06-21,17.25,17.48,17.11,17.37,49972,422,17.335
DE000A1H8BV3,86630016,NOEJ,EUR,2023-06-22,17.22,17.49,17.13,17.36,65015,736,17.282
DE000A1H8BV3,86630016,NOEJ,EUR,2023-06-23,17.29,17.49,17.21,17.39,50025,405,17.392
DE000A1H8BV3,86630016,NOEJ,EUR,2023-06-26,17.55,17.55,17.06,17.09,47351,505,17.207
DE000A1H8BV3,86630016,NOEJ,EUR,2023-06-27,17.05,17.24,16.81,16.95,41057,367,16.944
DE000A1H8BV3,86630016,NOEJ,EUR,2023-06-28,17.22,17.22,16.86,17.0,22250,229,17.036
DE000A1H8BV3,86630016,NOEJ,EUR,2023-06-29,16.87,17.1,16.81,16.94,34319,399,16.943
DE000A1H8BV3,86630016,NOEJ,EUR,2023-06-30,17.05,17.07,16.86,16.92,65786,683,16.975
DE000A1H8BV3,86630016,NOEJ,EUR,2023-07-03,17.04,17.16,16.9,16.92,31362,335,16.982
DE000A1H8BV3,86630016,NOEJ,EUR,2023-07-04,16.81,17.1,16.76,17.01,34011,391,16.941
DE000A1H8BV3,86630016,NOEJ,EUR,2023-07-05,16.95,17.08,16.49,16.52,27389,328,16.676
DE000A1H8BV3,86630016,NOEJ,EUR,2023-07-06,16.55,16.65,16.12,16.23,74815,676,16.272
DE000A1H8BV3,86630016,NOEJ,EUR,2023-07-07,16.34,16.55,16.03,16.42,132011,680,16.255
DE000A1H8BV3,86630016,NOEJ,EUR,2023-07-10,16.31,16.31,15.05,16.0,177512,1887,15.718
DE000A1H8BV3,86630016,NOEJ,EUR,2023-07-11,16.04,16.24,15.8,16.03,182627,1091,16.01
DE000A1H8BV3,86630016,NOEJ,EUR,2023-07-12,16.07,16.42,16.04,16.1,119613,1169,16.217
DE000A1H8BV3,86630016,NOEJ,EUR,2023-07-13,16.19,16.32,16.06,16.21,59022,695,16.162
DE000A1H8BV3,86630016,NOEJ,EUR,2023-07-14,16.21,16.42,15.88,15.97,87451,694,16.018
DE000A1H8BV3,86630016,NOEJ,EUR,2023-07-17,15.91,16.43,15.91,16.32,48932,507,16.165
DE000A1H8BV3,86630016,NOEJ,EUR,2023-07-18,16.5,16.54,16.05,16.32,52116,477,16.316
DE000A1H8BV3,86630016,NOEJ,EUR,2023-07-19,16.42,16.6,16.32,16.49,75941,596,16.492
DE000A1H8BV3,86630016,NOEJ,EUR,2023-07-20,16.58,16.64,16.22,16.34,49127,723,16.411
DE000A1H8BV3,86630016,NOEJ,EUR,2023-07-21,16.29,16.52,16.26,16.34,54648,516,16.349
DE000A1H8BV3,86630016,NOEJ,EUR,2023-07-24,16.76,16.85,16.1,16.24,63813,682,16.226
DE000A1H8BV3,86630016,NOEJ,EUR,2023-07-25,16.35,16.35,16.09,16.1,71716,457,16.151
DE000A1H8BV3,86630016,NOEJ,EUR,2023-07-26,16.12,16.31,15.96,16.0,166094,770,16.071
DE000A1H8BV3,86630016,NOEJ,EUR,2023-07-27,15.94,16.61,15.94,16.49,87896,669,16.209
DE000A1H8BV3,86630016,NOEJ,EUR,2023-07-28,16.39,16.56,16.02,16.13,56638,567,16.174
DE000A1H8BV3,86630016,NOEJ,EUR,2023-07-31,16.21,16.32,15.55,16.03,160615,1104,15.837
DE000A1H8BV3,86630016,NOEJ,EUR,2023-08-01,16.13,16.2,15.85,15.96,67512,629,15.994
DE000A1H8BV3,86630016,NOEJ,EUR,2023-08-02,15.77,16.2,15.73,16.08,65627,493,15.961
DE000A1H8BV3,86630016,NOEJ,EUR,2023-08-03,16.01,16.18,15.76,15.9,63014,662,15.914
DE000A1H8BV3,86630016,NOEJ,EUR,2023-08-04,16.03,16.05,15.72,15.88,60098,483,15.878
DE000A1H8BV3,86630016,NOEJ,EUR,2023-08-07,15.93,15.93,15.65,15.7,49648,394,15.756
DE000A1H8BV3,86630016,NOEJ,EUR,2023-08-08,16.07,17.28,15.89,16.35,276050,2022,16.531
DE000A1H8BV3,86630016,NOEJ,EUR,2023-08-09,16.63,16.7,16.16,16.4,123981,818,16.427
DE000A1H8BV3,86630016,NOEJ,EUR,2023-08-10,16.47,16.6,15.94,16.03,68239,690,16.243
DE000A1H8BV3,86630016,NOEJ,EUR,2023-08-11,16.11,16.12,15.81,15.92,73596,534,15.934
DE000A1H8BV3,86630016,NOEJ,EUR,2023-08-14,16.09,16.14,15.77,16.05,61683,473,15.964
DE000A1H8BV3,86630016,NOEJ,EUR,2023-08-15,16.15,16.17,15.77,15.83,51511,593,15.872
DE000A1H8BV3,86630016,NOEJ,EUR,2023-08-16,15.79,16.25,15.76,16.17,60035,531,16.053
DE000A1H8BV3,86630016,NOEJ,EUR,2023-08-17,16.15,16.3,15.9,15.98,86943,804,16.054
DE000A1H8BV3,86630016,NOEJ,EUR,2023-08-18,16.06,16.06,15.75,15.93,70456,691,15.856
DE000A1H8BV3,86630016,NOEJ,EUR,2023-08-21,16.15,16.15,15.7,15.74,68231,659,15.884
DE000A1H8BV3,86630016,NOEJ,EUR,2023-08-22,15.87,15.87,15.36,15.5,110218,572,15.527
DE000A1H8BV3,86630016,NOEJ,EUR,2023-08-23,15.63,15.89,15.6,15.79,82242,498,15.761
DE000A1H8BV3,86630016,NOEJ,EUR,2023-08-24,15.85,16.0,15.73,15.86,57630,458,15.834
DE000A1H8BV3,86630016,NOEJ,EUR,2023-08-25,15.81,15.89,15.62,15.62,66331,484,15.723
DE000A1H8BV3,86630016,NOEJ,EUR,2023-08-28,15.77,16.27,15.67,16.17,61869,422,16.071
DE000A1H8BV3,86630016,NOEJ,EUR,2023-08-29,16.19,16.63,16.18,16.54,40275,278,16.346
DE000A1H8BV3,86630016,NOEJ,EUR,2023-08-30,16.62,16.9,16.5,16.8,46664,492,16.722
DE000A1H8BV3,86630016,NOEJ,EUR,2023-08-31,16.83,17.1,16.8,16.97,108722,557,16.99
DE000A1H8BV3,86630016,NOEJ,EUR,2023-09-01,16.91,17.0,16.74,16.89,48052,453,16.897
DE000A1H8BV3,86630016,NOEJ,EUR,2023-09-04,17.01,17.15,16.8,17.06,67895,365,16.952
DE000A1H8BV3,86630016,NOEJ,EUR,2023-09-05,17.05,17.19,16.66,16.95,93738,767,16.99
DE000A1H8BV3,86630016,NOEJ,EUR,2023-09-06,16.95,17.28,16.89,17.08,64296,389,16.995
DE000A1H8BV3,86630016,NOEJ,EUR,2023-09-07,16.92,17.12,16.72,16.81,91974,792,16.943
DE000A1H8BV3,86630016,NOEJ,EUR,2023-09-08,16.94,16.94,16.22,16.39,104321,784,16.391
DE000A1H8BV3,86630016,NOEJ,EUR,2023-09-11,16.49,16.55,16.26,16.33,36357,261,16.408
DE000A1H8BV3,86630016,NOEJ,EUR,2023-09-12,16.25,16.47,16.12,16.31,47131,369,16.233
DE000A1H8BV3,86630016,NOEJ,EUR,2023-09-13,16.2,16.31,16.06,16.29,53997,439,16.211
DE000A1H8BV3,86630016,NOEJ,EUR,2023-09-14,16.25,16.98,16.17,16.74,86814,716,16.647
DE000A1H8BV3,86630016,NOEJ,EUR,2023-09-15,16.9,17.05,16.77,17.04,156934,652,17.011
DE000A1H8BV3,86630016,NOEJ,EUR,2023-09-18,17.01,17.14,16.8,16.99,68735,729,16.954
DE000A1H8BV3,86630016,NOEJ,EUR,2023-09-19,16.88,17.06,16.87,16.98,72904,617,16.976
DE000A1H8BV3,86630016,NOEJ,EUR,2023-09-20,17.08,17.36,16.95,17.24,122220,902,17.112
DE000A1H8BV3,86630016,NOEJ,EUR,2023-09-21,17.19,17.19,16.87,17.01,82155,616,17.007
DE000A1H8BV3,86630016,NOEJ,EUR,2023-09-22,16.9,17.09,16.74,16.98,58212,493,16.921
DE000A1H8BV3,86630016,NOEJ,EUR,2023-09-25,17.05,17.19,16.79,17.11,52072,646,16.968
DE000A1H8BV3,86630016,NOEJ,EUR,2023-09-26,17.17,17.17,16.7,16.92,108561,781,16.944
DE000A1H8BV3,86630016,NOEJ,EUR,2023-09-27,16.78,17.09,16.54,17.0,72821,588,16.923
DE000A1H8BV3,86630016,NOEJ,EUR,2023-09-28,17.13,17.19,16.81,17.14,79995,630,17.04
DE000A1H8BV3,86630016,NOEJ,EUR,2023-09-29,17.19,17.66,17.19,17.55,161747,581,17.52
DE000A1H8BV3,86630016,NOEJ,EUR,2023-10-02,17.39,17.64,16.49,16.62,65469,406,16.907
DE000A1H8BV3,86630016,NOEJ,EUR,2023-10-03,16.68,16.75,16.27,16.57,59524,496,16.612
DE000A1H8BV3,86630016,NOEJ,EUR,2023-10-04,16.61,16.97,16.27,16.78,73624,544,16.635
DE000A1H8BV3,86630016,NOEJ,EUR,2023-10-05,16.97,17.16,16.68,16.9,114645,737,16.926
DE000A1H8BV3,86630016,NOEJ,EUR,2023-10-06,17.04,17.04,16.44,16.9,43422,391,16.757
DE000A1H8BV3,86630016,NOEJ,EUR,2023-10-09,16.75,17.13,16.61,16.99,43761,388,16.967
DE000A1H8BV3,86630016,NOEJ,EUR,2023-10-10,17.1,17.37,16.78,16.86,48037,443,17.103
DE000A1H8BV3,86630016,NOEJ,EUR,2023-10-11,16.92,17.26,16.73,17.02,48783,262,16.95
DE000A1H8BV3,86630016,NOEJ,EUR,2023-10-12,17.31,17.78,17.23,17.47,76306,535,17.454
DE000A1H8BV3,86630016,NOEJ,EUR,2023-10-13,17.49,17.49,17.08,17.3,53913,501,17.257
DE000A1H8BV3,86630016,NOEJ,EUR,2023-10-16,17.21,17.52,17.1,17.15,69412,580,17.262
DE000A1H8BV3,86630016,NOEJ,EUR,2023-10-17,17.16,17.24,16.17,16.23,93493,749,16.557
DE000A1H8BV3,86630016,NOEJ,EUR,2023-10-18,16.25,16.26,15.53,16.07,89702,600,15.914
DE000A1H8BV3,86630016,NOEJ,EUR,2023-10-19,16.11,16.36,15.95,16.05,44735,441,16.144
DE000A1H8BV3,86630016,NOEJ,EUR,2023-10-20,16.05,16.57,16.05,16.38,61992,447,16.351
DE000A1H8BV3,86630016,NOEJ,EUR,2023-10-23,16.39,16.55,16.03,16.43,50283,432,16.316
DE000A1H8BV3,86630016,NOEJ,EUR,2023-10-24,16.46,16.65,16.04,16.15,43226,392,16.232
DE000A1H8BV3,86630016,NOEJ,EUR,2023-10-25,16.35,16.68,16.04,16.32,43134,426,16.329
DE000A1H8BV3,86630016,NOEJ,EUR,2023-10-26,16.51,16.54,16.2,16.35,52318,577,16.355
DE000A1H8BV3,86630016,NOEJ,EUR,2023-10-27,16.41,16.46,16.2,16.35,28886,254,16.33
DE000A1H8BV3,86630016,NOEJ,EUR,2023-10-30,16.48,16.7,16.31,16.58,32896,267,16.501
DE000A1H8BV3,86630016,NOEJ,EUR,2023-10-31,16.72,16.74,16.53,16.62,16716,202,16.62
DE000A1H8BV3,86630016,NOEJ,EUR,2023-11-01,16.77,16.77,16.3,16.54,47269,381,16.469
DE000A1H8BV3,86630016,NOEJ,EUR,2023-11-02,16.68,17.28,16.29,16.57,91726,720,16.825
DE000A1H8BV3,86630016,NOEJ,EUR,2023-11-03,16.84,16.84,15.65,15.88,109342,891,15.956
DE000A1H8BV3,86630016,NOEJ,EUR,2023-11-06,15.96,16.09,15.51,15.67,62182,423,15.846
DE000A1H8BV3,86630016,NOEJ,EUR,2023-11-07,15.5,16.0,14.99,15.8,131046,966,15.396
DE000A1H8BV3,86630016,NOEJ,EUR,2023-11-08,15.76,16.15,15.34,15.93,113704,501,15.893
DE000A1H8BV3,86630016,NOEJ,EUR,2023-11-09,15.95,16.41,15.83,16.19,67148,530,16.201
DE000A1H8BV3,86630016,NOEJ,EUR,2023-11-10,16.22,16.22,15.77,15.88,26855,324,15.923
DE000A1H8BV3,86630016,NOEJ,EUR,2023-11-13,15.99,16.23,15.7,15.81,33808,282,15.83
DE000A1H8BV3,86630016,NOEJ,EUR,2023-11-14,15.72,16.16,15.5,15.92,86701,693,15.804
DE000A1H8BV3,86630016,NOEJ,EUR,2023-11-15,15.99,16.27,15.89,16.08,95723,815,16.06
DE000A1H8BV3,86630016,NOEJ,EUR,2023-11-16,15.67,16.16,15.67,15.92,43693,384,15.914
DE000A1H8BV3,86630016,NOEJ,EUR,2023-11-17,15.96,15.96,15.71,15.73,49836,468,15.803
DE000A1H8BV3,86630016,NOEJ,EUR,2023-11-20,15.78,15.99,15.65,15.79,34466,318,15.753
DE000A1H8BV3,86630016,NOEJ,EUR,2023-11-21,15.71,15.79,15.14,15.24,54210,466,15.427
DE000A1H8BV3,86630016,NOEJ,EUR,2023-11-22,15.26,15.44,15.23,15.25,36889,277,15.284
DE000A1H8BV3,86630016,NOEJ,EUR,2023-11-23,15.3,16.0,15.21,15.35,26754,193,15.406
DE000A1H8BV3,86630016,NOEJ,EUR,2023-11-24,15.43,15.64,15.26,15.58,45337,422,15.5
DE000A1H8BV3,86630016,NOEJ,EUR,2023-11-27,15.47,15.78,15.33,15.42,41635,331,15.575
DE000A1H8BV3,86630016,NOEJ,EUR,2023-11-28,15.51,15.56,15.27,15.46,57073,448,15.465
DE000A1H8BV3,86630016,NOEJ,EUR,2023-11-29,15.55,15.8,15.48,15.66,41845,327,15.691
DE000A1H8BV3,86630016,NOEJ,EUR,2023-11-30,15.77,15.77,15.34,15.49,57869,381,15.494
DE000A1H8BV3,86630016,NOEJ,EUR,2023-12-01,15.79,15.79,15.41,15.47,48123,333,15.506
DE000A1H8BV3,86630016,NOEJ,EUR,2023-12-04,15.57,15.67,15.03,15.06,76346,656,15.194
DE000A1H8BV3,86630016,NOEJ,EUR,2023-12-05,15.05,15.45,14.78,15.22,68297,527,15.075
DE000A1H8BV3,86630016,NOEJ,EUR,2023-12-06,15.15,15.37,15.08,15.26,33420,232,15.235
DE000A1H8BV3,86630016,NOEJ,EUR,2023-12-07,15.14,15.3,15.0,15.05,23735,216,15.073
DE000A1H8BV3,86630016,NOEJ,EUR,2023-12-08,15.05,15.5,14.93,15.21,58902,442,15.273
DE000A1H8BV3,86630016,NOEJ,EUR,2023-12-11,15.07,15.36,15.01,15.22,26755,199,15.189
DE000A1H8BV3,86630016,NOEJ,EUR,2023-12-12,15.03,15.31,14.83,14.95,47288,287,14.971
DE000A1H8BV3,86630016,NOEJ,EUR,2023-12-13,15.05,15.16,14.83,14.9,35233,303,14.989
DE000A1H8BV3,86630016,NOEJ,EUR,2023-12-14,15.09,15.63,14.89,15.47,76117,707,15.38
DE000A1H8BV3,86630016,NOEJ,EUR,2023-12-15,15.53,15.99,15.45,15.65,58028,439,15.734
DE000A1H8BV3,86630016,NOEJ,EUR,2023-12-18,15.62,15.62,15.03,15.1,54640,504,15.207
DE000A1H8BV3,86630016,NOEJ,EUR,2023-12-19,15.1,15.75,15.1,15.6,74318,552,15.51
DE000A1H8BV3,86630016,NOEJ,EUR,2023-12-20,15.69,16.0,15.5,15.82,52504,470,15.785
DE000A1H8BV3,86630016,NOEJ,EUR,2023-12-21,15.6,16.0,15.6,15.9,59799,321,15.789
DE000A1H8BV3,86630016,NOEJ,EUR,2023-12-22,15.88,15.9,15.68,15.86,35040,168,15.819
DE000A1H8BV3,86630016,NOEJ,EUR,2023-12-27,15.86,15.95,15.69,15.9,38228,322,15.848
DE000A1H8BV3,86630016,NOEJ,EUR,2023-12-28,15.81,16.1,15.74,15.84,47807,258,15.882
DE000A1H8BV3,86630016,NOEJ,EUR,2023-12-29,16.05,16.1,15.61,16.03,29793,244,15.836
