ISIN,conId,Symbol,Currency,date,open,high,low,close,volume,barCount,average
DE000ETF9033,214184838,E903,EUR,2019-01-02,145.42,147.04,144.24,146.9,518,12,145.545
DE000ETF9033,214184838,E903,EUR,2019-01-03,145.84,146.28,145.3,145.34,60,8,145.697
DE000ETF9033,214184838,E903,EUR,2019-01-04,146.18,150.52,146.18,150.52,99,8,147.947
DE000ETF9033,214184838,E903,EUR,2019-01-07,150.6,150.6,148.54,149.4,717,13,149.83
DE000ETF9033,214184838,E903,EUR,2019-01-08,151.02,151.02,150.22,150.42,110,6,150.423
DE000ETF9033,214184838,E903,EUR,2019-01-09,151.48,151.48,150.66,150.68,247,10,151.083
DE000ETF9033,214184838,E903,EUR,2019-01-10,149.86,151.74,149.86,151.74,64,2,150.507
DE000ETF9033,214184838,E903,EUR,2019-01-11,151.62,151.62,150.36,150.92,33,5,151.057
DE000ETF9033,214184838,E903,EUR,2019-01-14,149.94,150.66,149.92,150.66,144,7,150.177
DE000ETF9033,214184838,E903,EUR,2019-01-15,152.04,152.04,150.0,150.6,281,16,150.366
DE000ETF9033,214184838,E903,EUR,2019-01-16,151.18,151.18,150.74,151.06,59,6,151.012
DE000ETF9033,214184838,E903,EUR,2019-01-17,150.34,150.92,149.8,150.92,67,7,150.07
DE000ETF9033,214184838,E903,EUR,2019-01-18,152.16,155.04,152.12,155.04,481,12,153.504
DE000ETF9033,214184838,E903,EUR,2019-01-21,154.32,154.32,153.48,153.9,286,8,154.039
DE000ETF9033,214184838,E903,EUR,2019-01-22,152.98,153.4,152.26,152.26,68,4,153.124
DE000ETF9033,214184838,E903,EUR,2019-01-23,152.9,153.9,152.56,152.56,258,6,153.082
DE000ETF9033,214184838,E903,EUR,2019-01-24,153.36,153.68,153.16,153.68,68,4,153.301
DE000ETF9033,214184838,E903,EUR,2019-01-25,154.72,155.94,154.72,155.14,576,13,155.074
DE000ETF9033,214184838,E903,EUR,2019-01-28,155.14,155.14,154.6,154.94,208,5,154.792
DE000ETF9033,214184838,E903,EUR,2019-01-29,155.26,155.42,155.22,155.22,4,3,155.37
DE000ETF9033,214184838,E903,EUR,2019-01-30,155.0,155.52,154.9,155.52,86,6,155.23
DE000ETF9033,214184838,E903,EUR,2019-01-31,153.94,154.88,153.0,154.88,13,7,153.818
DE000ETF9033,214184838,E903,EUR,2019-02-01,155.12,155.92,154.6,155.78,231,14,155.399
DE000ETF9033,214184838,E903,EUR,2019-02-04,156.02,156.42,155.18,155.8,624,12,155.944
DE000ETF9033,214184838,E903,EUR,2019-02-05,155.9,157.7,155.78,157.7,175,6,156.692
DE000ETF9033,214184838,E903,EUR,2019-02-06,156.9,157.02,156.62,156.76,103,7,156.757
DE000ETF9033,214184838,E903,EUR,2019-02-07,154.0,154.48,153.28,153.28,471,9,154.104
DE000ETF9033,214184838,E903,EUR,2019-02-08,153.1,153.1,151.28,151.98,506,8,152.56
DE000ETF9033,214184838,E903,EUR,2019-02-11,153.2,153.2,152.78,152.86,114,4,153.008
DE000ETF9033,214184838,E903,EUR,2019-02-12,154.48,155.04,154.48,154.96,256,6,154.763
DE000ETF9033,214184838,E903,EUR,2019-02-13,155.2,155.92,155.2,155.56,103,6,155.614
DE000ETF9033,214184838,E903,EUR,2019-02-14,155.68,155.72,153.98,154.24,42,5,155.503
DE000ETF9033,214184838,E903,EUR,2019-02-15,153.78,157.68,153.78,157.48,258,15,157.085
DE000ETF9033,214184838,E903,EUR,2019-02-18,157.32,157.32,156.64,157.16,111,6,157.217
DE000ETF9033,214184838,E903,EUR,2019-02-19,156.64,157.38,156.6,157.38,477,9,156.932
DE000ETF9033,214184838,E903,EUR,2019-02-20,157.66,158.94,157.44,158.84,686,16,157.76
DE000ETF9033,214184838,E903,EUR,2019-02-21,159.18,159.18,158.62,158.64,236,10,159.002
DE000ETF9033,214184838,E903,EUR,2019-02-22,159.42,159.72,159.08,159.12,191,11,159.265
DE000ETF9033,214184838,E903,EUR,2019-02-25,159.98,159.98,158.84,158.84,371,11,159.774
DE000ETF9033,214184838,E903,EUR,2019-02-26,159.52,160.26,159.38,160.22,302,8,159.518
DE000ETF9033,214184838,E903,EUR,2019-02-27,159.92,160.26,159.8,159.8,41,3,159.952
DE000ETF9033,214184838,E903,EUR,2019-02-28,159.28,160.32,159.28,160.32,205,6,159.779
DE000ETF9033,214184838,E903,EUR,2019-03-01,161.48,162.4,161.48,161.6,207,13,162.22
DE000ETF9033,214184838,E903,EUR,2019-03-04,162.02,162.24,160.48,160.96,317,14,161.62
DE000ETF9033,214184838,E903,EUR,2019-03-05,161.74,161.94,161.18,161.7,825,16,161.566
DE000ETF9033,214184838,E903,EUR,2019-03-06,161.56,161.56,160.9,160.9,57,4,161.387
DE000ETF9033,214184838,E903,EUR,2019-03-07,161.02,161.02,159.92,159.92,220,5,160.491
DE000ETF9033,214184838,E903,EUR,2019-03-08,159.38,159.84,159.18,159.84,32,3,159.379
DE000ETF9033,214184838,E903,EUR,2019-03-11,159.98,160.98,159.68,160.98,290,9,160.083
DE000ETF9033,214184838,E903,EUR,2019-03-12,160.64,160.66,160.36,160.36,34,4,160.624
DE000ETF9033,214184838,E903,EUR,2019-03-13,160.5,161.76,160.5,161.76,27,5,160.553
DE000ETF9033,214184838,E903,EUR,2019-03-14,161.38,161.4,160.78,161.24,49,3,161.373
DE000ETF9033,214184838,E903,EUR,2019-03-15,162.0,163.38,161.64,162.86,454,17,162.539
DE000ETF9033,214184838,E903,EUR,2019-03-18,162.9,163.0,162.34,162.62,593,13,162.812
DE000ETF9033,214184838,E903,EUR,2019-03-19,163.12,164.82,163.12,163.8,129,8,164.229
DE000ETF9033,214184838,E903,EUR,2019-03-20,162.58,162.58,160.56,160.56,472,13,161.897
DE000ETF9033,214184838,E903,EUR,2019-03-21,160.88,161.0,159.8,160.94,313,14,160.608
DE000ETF9033,214184838,E903,EUR,2019-03-22,161.04,161.04,157.22,157.22,388,10,159.068
DE000ETF9033,214184838,E903,EUR,2019-03-25,157.14,158.0,157.14,157.6,254,9,157.401
DE000ETF9033,214184838,E903,EUR,2019-03-26,157.5,157.64,157.32,157.64,222,7,157.535
DE000ETF9033,214184838,E903,EUR,2019-03-27,158.14,158.3,157.2,158.2,88,5,158.221
DE000ETF9033,214184838,E903,EUR,2019-03-28,157.96,158.14,157.42,158.14,134,7,157.833
DE000ETF9033,214184838,E903,EUR,2019-03-29,158.0,159.26,158.0,159.26,116,2,158.493
DE000ETF9033,214184838,E903,EUR,2019-04-01,160.16,161.3,160.16,161.3,198,14,160.458
DE000ETF9033,214184838,E903,EUR,2019-04-02,160.92,162.86,160.92,162.86,67,5,161.486
DE000ETF9033,214184838,E903,EUR,2019-04-03,163.14,165.04,163.14,165.04,126,10,164.186
DE000ETF9033,214184838,E903,EUR,2019-04-04,164.6,165.94,164.6,165.94,165,9,165.104
DE000ETF9033,214184838,E903,EUR,2019-04-05,165.82,166.52,165.64,166.1,265,8,165.918
DE000ETF9033,214184838,E903,EUR,2019-04-08,166.4,166.4,165.6,165.6,621,10,165.973
DE000ETF9033,214184838,E903,EUR,2019-04-09,165.2,165.74,164.66,164.66,942,9,165.092
DE000ETF9033,214184838,E903,EUR,2019-04-10,165.32,165.78,165.26,165.32,544,6,165.502
DE000ETF9033,214184838,E903,EUR,2019-04-11,165.18,165.88,165.18,165.46,90,4,165.399
DE000ETF9033,214184838,E903,EUR,2019-04-12,165.7,166.94,165.7,166.9,79,8,166.754
DE000ETF9033,214184838,E903,EUR,2019-04-15,167.0,167.36,166.78,166.96,343,16,167.102
DE000ETF9033,214184838,E903,EUR,2019-04-16,167.58,168.22,167.58,167.9,41,9,167.937
DE000ETF9033,214184838,E903,EUR,2019-04-17,168.02,169.1,168.02,169.1,141,6,168.668
DE000ETF9033,214184838,E903,EUR,2019-04-18,168.48,170.28,168.44,170.28,220,9,168.829
DE000ETF9033,214184838,E903,EUR,2019-04-23,170.06,170.38,169.02,169.94,399,11,169.942
DE000ETF9033,214184838,E903,EUR,2019-04-24,169.72,169.72,167.9,168.12,1016,8,169.437
DE000ETF9033,214184838,E903,EUR,2019-04-25,168.54,168.56,167.7,168.28,305,12,168.387
DE000ETF9033,214184838,E903,EUR,2019-04-26,168.44,168.64,167.7,168.64,4056,17,168.115
DE000ETF9033,214184838,E903,EUR,2019-04-29,169.42,169.42,168.4,168.58,129,5,169.201
DE000ETF9033,214184838,E903,EUR,2019-04-30,167.94,169.04,167.94,169.04,562,9,168.365
DE000ETF9033,214184838,E903,EUR,2019-05-02,168.38,169.4,168.38,168.52,219,14,168.923
DE000ETF9033,214184838,E903,EUR,2019-05-03,168.8,169.36,168.74,169.36,4,3,168.875
DE000ETF9033,214184838,E903,EUR,2019-05-06,166.58,167.54,165.52,167.54,1178,24,166.229
DE000ETF9033,214184838,E903,EUR,2019-05-07,166.58,167.24,164.2,164.28,190,12,166.189
DE000ETF9033,214184838,E903,EUR,2019-05-08,165.36,165.7,164.7,165.5,804,6,164.721
DE000ETF9033,214184838,E903,EUR,2019-05-09,163.86,164.0,162.58,164.0,212,5,163.653
DE000ETF9033,214184838,E903,EUR,2019-05-10,163.62,164.56,163.62,164.56,11,1,163.62
DE000ETF9033,214184838,E903,EUR,2019-05-13,162.9,162.9,160.32,160.94,1613,17,161.952
DE000ETF9033,214184838,E903,EUR,2019-05-14,161.72,162.24,161.56,162.24,104,7,161.779
DE000ETF9033,214184838,E903,EUR,2019-05-15,162.9,163.78,161.14,163.78,288,9,161.438
DE000ETF9033,214184838,E903,EUR,2019-05-16,163.32,166.5,163.0,165.98,230,13,163.785
DE000ETF9033,214184838,E903,EUR,2019-05-17,165.84,165.84,164.64,164.94,6,4,165.52
DE000ETF9033,214184838,E903,EUR,2019-05-20,165.68,165.68,162.8,163.26,130,11,164.846
DE000ETF9033,214184838,E903,EUR,2019-05-21,163.88,164.6,163.62,164.2,56,4,164.51
DE000ETF9033,214184838,E903,EUR,2019-05-22,164.0,164.0,162.6,163.12,331,9,162.702
DE000ETF9033,214184838,E903,EUR,2019-05-23,160.68,161.28,160.52,160.64,118,6,160.696
DE000ETF9033,214184838,E903,EUR,2019-05-24,161.64,162.0,161.36,161.7,653,7,161.811
DE000ETF9033,214184838,E903,EUR,2019-05-27,162.22,162.36,162.08,162.3,425,11,162.324
DE000ETF9033,214184838,E903,EUR,2019-05-28,162.56,162.56,160.84,160.84,32,3,162.516
DE000ETF9033,214184838,E903,EUR,2019-05-29,160.5,160.5,159.4,159.84,277,6,159.945
DE000ETF9033,214184838,E903,EUR,2019-05-30,160.16,160.26,160.16,160.26,6,1,160.16
DE000ETF9033,214184838,E903,EUR,2019-05-31,158.8,158.8,157.8,157.92,228,12,158.046
DE000ETF9033,214184838,E903,EUR,2019-06-03,157.12,159.26,157.12,158.9,799,20,158.256
DE000ETF9033,214184838,E903,EUR,2019-06-04,159.06,162.32,159.06,162.32,71,4,161.201
DE000ETF9033,214184838,E903,EUR,2019-06-05,162.14,162.38,162.12,162.12,100,3,162.301
DE000ETF9033,214184838,E903,EUR,2019-06-06,163.32,163.32,161.92,162.1,28,2,163.17
DE000ETF9033,214184838,E903,EUR,2019-06-07,162.66,163.36,162.66,162.66,362,7,163.065
DE000ETF9033,214184838,E903,EUR,2019-06-11,163.92,164.84,163.92,164.12,93,9,164.544
DE000ETF9033,214184838,E903,EUR,2019-06-12,164.18,164.18,163.74,163.74,106,6,164.0
DE000ETF9033,214184838,E903,EUR,2019-06-13,164.54,164.88,164.22,164.22,44,4,164.688
DE000ETF9033,214184838,E903,EUR,2019-06-14,164.22,164.22,163.3,163.54,112,2,163.316
DE000ETF9033,214184838,E903,EUR,2019-06-17,163.62,163.82,162.4,162.74,365,15,163.045
DE000ETF9033,214184838,E903,EUR,2019-06-18,163.54,166.08,163.52,165.6,224,12,165.158
DE000ETF9033,214184838,E903,EUR,2019-06-19,165.82,165.82,165.0,165.48,173,8,165.203
DE000ETF9033,214184838,E903,EUR,2019-06-20,166.72,166.72,165.72,165.88,440,17,166.201
DE000ETF9033,214184838,E903,EUR,2019-06-21,166.5,166.5,164.98,164.98,12,3,166.315
DE000ETF9033,214184838,E903,EUR,2019-06-24,165.0,165.0,164.06,164.1,145,7,164.445
DE000ETF9033,214184838,E903,EUR,2019-06-25,163.48,164.28,163.36,163.36,242,5,164.106
DE000ETF9033,214184838,E903,EUR,2019-06-26,164.76,164.76,163.92,164.18,13,4,164.594
DE000ETF9033,214184838,E903,EUR,2019-06-27,165.32,165.32,165.02,165.02,5,1,165.32
DE000ETF9033,214184838,E903,EUR,2019-06-28,165.52,166.62,165.24,166.3,470,8,165.422
DE000ETF9033,214184838,E903,EUR,2019-07-01,168.92,168.92,167.16,167.44,204,11,167.967
DE000ETF9033,214184838,E903,EUR,2019-07-02,167.7,167.7,167.08,167.34,107,4,167.231
DE000ETF9033,214184838,E903,EUR,2019-07-03,168.08,168.78,168.02,168.78,175,6,168.182
DE000ETF9033,214184838,E903,EUR,2019-07-04,169.06,169.06,168.5,168.68,253,10,168.675
DE000ETF9033,214184838,E903,EUR,2019-07-05,168.74,168.74,167.4,167.7,276,10,168.083
DE000ETF9033,214184838,E903,EUR,2019-07-08,167.16,167.16,166.28,166.28,1517,8,167.06
DE000ETF9033,214184838,E903,EUR,2019-07-09,165.1,166.46,165.1,166.46,7,1,165.1
DE000ETF9033,214184838,E903,EUR,2019-07-10,166.3,166.3,165.18,165.24,63,6,165.467
DE000ETF9033,214184838,E903,EUR,2019-07-11,165.74,165.74,164.38,164.56,25,5,165.362
DE000ETF9033,214184838,E903,EUR,2019-07-12,164.54,164.58,164.22,164.22,49,2,164.56
DE000ETF9033,214184838,E903,EUR,2019-07-15,164.18,165.22,164.0,164.98,475,16,164.614
DE000ETF9033,214184838,E903,EUR,2019-07-16,165.46,165.86,164.8,165.36,39,8,165.288
DE000ETF9033,214184838,E903,EUR,2019-07-17,165.48,165.48,164.06,164.06,42,4,164.808
DE000ETF9033,214184838,E903,EUR,2019-07-18,164.18,164.48,163.92,163.92,341,7,164.042
DE000ETF9033,214184838,E903,EUR,2019-07-19,164.56,164.56,164.08,164.1,136,4,164.534
DE000ETF9033,214184838,E903,EUR,2019-07-22,164.56,164.94,164.0,164.92,598,9,164.076
DE000ETF9033,214184838,E903,EUR,2019-07-23,167.84,168.34,167.66,168.3,163,6,167.941
DE000ETF9033,214184838,E903,EUR,2019-07-24,167.7,168.5,167.7,168.5,18,3,167.947
DE000ETF9033,214184838,E903,EUR,2019-07-25,167.9,168.3,165.5,165.6,905,14,166.167
DE000ETF9033,214184838,E903,EUR,2019-07-26,166.28,166.44,165.16,166.44,877,11,165.932
DE000ETF9033,214184838,E903,EUR,2019-07-29,165.82,166.92,165.82,166.52,159,7,166.207
DE000ETF9033,214184838,E903,EUR,2019-07-30,166.4,166.4,162.52,162.52,166,7,164.038
DE000ETF9033,214184838,E903,EUR,2019-07-31,162.9,163.08,162.14,162.14,169,8,162.819
DE000ETF9033,214184838,E903,EUR,2019-08-01,162.72,163.74,161.44,161.44,234,8,162.891
DE000ETF9033,214184838,E903,EUR,2019-08-02,160.6,160.6,158.78,159.56,186,8,159.913
DE000ETF9033,214184838,E903,EUR,2019-08-05,157.56,158.62,156.36,156.36,610,21,156.974
DE000ETF9033,214184838,E903,EUR,2019-08-06,157.26,157.94,156.04,156.32,2544,14,157.024
DE000ETF9033,214184838,E903,EUR,2019-08-07,156.72,157.68,155.94,157.6,289,12,156.644
DE000ETF9033,214184838,E903,EUR,2019-08-08,158.68,159.24,157.36,159.24,600,7,157.821
DE000ETF9033,214184838,E903,EUR,2019-08-09,158.82,160.42,158.4,159.06,74,8,159.139
DE000ETF9033,214184838,E903,EUR,2019-08-12,159.9,159.9,157.64,157.64,120,5,159.788
DE000ETF9033,214184838,E903,EUR,2019-08-13,158.0,159.68,156.64,159.68,894,9,156.875
DE000ETF9033,214184838,E903,EUR,2019-08-14,159.8,159.8,155.72,155.72,302,13,156.882
DE000ETF9033,214184838,E903,EUR,2019-08-15,156.76,156.76,154.38,155.14,688,12,155.511
DE000ETF9033,214184838,E903,EUR,2019-08-16,155.88,157.12,155.88,157.12,302,12,156.652
DE000ETF9033,214184838,E903,EUR,2019-08-19,157.9,159.38,157.9,159.0,712,11,158.722
DE000ETF9033,214184838,E903,EUR,2019-08-20,153.8,153.8,152.14,152.14,234,11,153.028
DE000ETF9033,214184838,E903,EUR,2019-08-21,153.56,154.26,153.56,153.98,689,8,153.619
DE000ETF9033,214184838,E903,EUR,2019-08-22,154.06,154.64,153.68,153.96,485,11,154.455
DE000ETF9033,214184838,E903,EUR,2019-08-23,154.58,154.58,150.8,150.8,304,8,152.572
DE000ETF9033,214184838,E903,EUR,2019-08-26,150.8,152.6,150.58,152.58,139,10,152.047
DE000ETF9033,214184838,E903,EUR,2019-08-27,153.1,153.72,152.88,153.02,13,5,153.549
DE000ETF9033,214184838,E903,EUR,2019-08-28,153.06,153.12,151.64,152.88,95,11,152.891
DE000ETF9033,214184838,E903,EUR,2019-08-29,154.38,155.0,154.36,155.0,60,5,154.611
DE000ETF9033,214184838,E903,EUR,2019-08-30,155.3,156.4,155.3,156.34,199,6,156.332
DE000ETF9033,214184838,E903,EUR,2019-09-02,156.18,156.62,156.02,156.06,489,10,156.297
DE000ETF9033,214184838,E903,EUR,2019-09-03,156.42,156.42,155.34,155.7,69,8,155.499
DE000ETF9033,214184838,E903,EUR,2019-09-04,157.4,157.64,156.8,156.8,192,5,157.36
DE000ETF9033,214184838,E903,EUR,2019-09-05,157.92,158.12,157.26,157.28,188,9,157.523
DE000ETF9033,214184838,E903,EUR,2019-09-06,157.6,157.8,157.6,157.8,226,7,157.658
DE000ETF9033,214184838,E903,EUR,2019-09-09,158.3,158.74,158.1,158.68,989,13,158.495
DE000ETF9033,214184838,E903,EUR,2019-09-10,159.72,160.46,159.64,160.46,434,6,160.327
DE000ETF9033,214184838,E903,EUR,2019-09-11,161.46,161.8,161.3,161.8,568,7,161.52
DE000ETF9033,214184838,E903,EUR,2019-09-12,162.48,162.48,160.84,161.9,78,5,161.552
DE000ETF9033,214184838,E903,EUR,2019-09-13,162.28,163.42,162.22,162.82,1028,10,162.452
DE000ETF9033,214184838,E903,EUR,2019-09-16,162.46,162.68,162.12,162.12,1188,18,162.584
DE000ETF9033,214184838,E903,EUR,2019-09-17,162.32,162.32,161.0,161.72,61,6,161.33
DE000ETF9033,214184838,E903,EUR,2019-09-18,161.5,161.94,161.28,161.94,636,9,161.73
DE000ETF9033,214184838,E903,EUR,2019-09-19,161.8,162.76,161.8,162.36,632,7,162.263
DE000ETF9033,214184838,E903,EUR,2019-09-20,163.46,163.46,162.68,162.68,114,3,163.03
DE000ETF9033,214184838,E903,EUR,2019-09-23,162.94,162.94,161.2,161.74,99,3,161.343
DE000ETF9033,214184838,E903,EUR,2019-09-24,161.86,161.86,159.7,159.7,251,8,160.29
DE000ETF9033,214184838,E903,EUR,2019-09-25,159.84,160.24,158.84,160.24,436,7,159.506
DE000ETF9033,214184838,E903,EUR,2019-09-26,159.96,160.6,159.96,160.6,609,5,160.381
DE000ETF9033,214184838,E903,EUR,2019-09-27,160.8,161.62,160.8,160.88,48,6,161.455
DE000ETF9033,214184838,E903,EUR,2019-09-30,162.22,162.62,161.66,161.66,134,6,162.192
DE000ETF9033,214184838,E903,EUR,2019-10-01,162.86,162.86,159.66,159.66,1138,12,162.546
DE000ETF9033,214184838,E903,EUR,2019-10-02,157.78,157.78,156.64,156.64,48,2,157.547
DE000ETF9033,214184838,E903,EUR,2019-10-04,157.18,157.86,155.72,157.86,423,12,156.192
DE000ETF9033,214184838,E903,EUR,2019-10-07,157.68,158.3,156.98,158.12,821,16,157.566
DE000ETF9033,214184838,E903,EUR,2019-10-08,156.96,157.38,155.18,157.0,210,11,156.565
DE000ETF9033,214184838,E903,EUR,2019-10-09,158.86,158.86,158.02,158.44,74,4,158.515
DE000ETF9033,214184838,E903,EUR,2019-10-10,158.6,159.78,158.16,159.3,210,7,158.333
DE000ETF9033,214184838,E903,EUR,2019-10-11,159.76,163.02,159.76,162.78,238,8,162.217
DE000ETF9033,214184838,E903,EUR,2019-10-14,162.66,163.16,161.86,163.02,313,9,162.828
DE000ETF9033,214184838,E903,EUR,2019-10-15,164.7,166.12,164.12,165.8,776,16,164.835
DE000ETF9033,214184838,E903,EUR,2019-10-16,165.46,166.78,165.46,166.52,55,7,166.261
DE000ETF9033,214184838,E903,EUR,2019-10-17,166.44,168.14,166.36,166.36,255,13,166.941
DE000ETF9033,214184838,E903,EUR,2019-10-18,166.7,167.1,166.5,167.08,218,7,166.605
DE000ETF9033,214184838,E903,EUR,2019-10-21,167.36,169.1,167.36,168.42,276,12,168.295
DE000ETF9033,214184838,E903,EUR,2019-10-22,168.9,169.6,168.72,168.8,214,8,169.233
DE000ETF9033,214184838,E903,EUR,2019-10-23,170.0,170.98,170.0,170.98,233,13,170.353
DE000ETF9033,214184838,E903,EUR,2019-10-24,172.0,173.0,171.96,172.26,684,12,172.406
DE000ETF9033,214184838,E903,EUR,2019-10-25,172.24,172.34,171.9,172.34,64,7,172.078
DE000ETF9033,214184838,E903,EUR,2019-10-28,172.48,173.32,172.48,172.94,343,13,172.787
DE000ETF9033,214184838,E903,EUR,2019-10-29,172.82,172.82,171.92,171.92,95,5,172.29
DE000ETF9033,214184838,E903,EUR,2019-10-30,172.6,172.6,171.02,171.54,71,7,171.468
DE000ETF9033,214184838,E903,EUR,2019-10-31,171.92,171.92,170.3,171.02,21,4,171.105
DE000ETF9033,214184838,E903,EUR,2019-11-01,172.24,172.28,171.16,172.28,278,8,171.922
DE000ETF9033,214184838,E903,EUR,2019-11-04,172.84,175.28,172.84,174.68,373,16,174.596
DE000ETF9033,214184838,E903,EUR,2019-11-05,174.88,175.4,174.5,175.3,462,16,175.004
DE000ETF9033,214184838,E903,EUR,2019-11-06,175.24,175.64,174.66,175.64,389,19,175.26
DE000ETF9033,214184838,E903,EUR,2019-11-07,176.72,177.36,176.56,177.24,1422,20,177.021
DE000ETF9033,214184838,E903,EUR,2019-11-08,176.68,176.78,175.82,176.46,592,9,176.433
DE000ETF9033,214184838,E903,EUR,2019-11-11,175.78,176.16,175.3,175.94,430,16,175.872
DE000ETF9033,214184838,E903,EUR,2019-11-12,177.0,177.3,176.74,177.02,90,8,177.012
DE000ETF9033,214184838,E903,EUR,2019-11-13,176.66,176.68,174.88,176.12,2203,20,175.535
DE000ETF9033,214184838,E903,EUR,2019-11-14,176.3,176.3,175.06,175.06,189,7,175.734
DE000ETF9033,214184838,E903,EUR,2019-11-15,176.12,176.12,175.2,175.82,582,13,175.676
DE000ETF9033,214184838,E903,EUR,2019-11-18,175.88,176.72,173.72,174.62,691,16,175.493
DE000ETF9033,214184838,E903,EUR,2019-11-19,175.16,176.66,174.5,174.76,107,9,175.608
DE000ETF9033,214184838,E903,EUR,2019-11-20,173.9,174.2,173.12,174.12,222,8,173.703
DE000ETF9033,214184838,E903,EUR,2019-11-21,173.0,174.22,173.0,174.0,128,9,173.763
DE000ETF9033,214184838,E903,EUR,2019-11-22,174.18,175.24,174.18,174.6,64,5,174.364
DE000ETF9033,214184838,E903,EUR,2019-11-25,175.56,176.1,175.28,175.64,270,10,175.621
DE000ETF9033,214184838,E903,EUR,2019-11-26,175.62,175.62,174.96,175.2,222,10,175.189
DE000ETF9033,214184838,E903,EUR,2019-11-27,176.16,176.16,175.92,175.92,102,2,176.082
DE000ETF9033,214184838,E903,EUR,2019-11-28,175.72,175.72,174.94,175.32,227,7,175.263
DE000ETF9033,214184838,E903,EUR,2019-11-29,173.98,175.32,173.96,174.82,1693,18,175.195
DE000ETF9033,214184838,E903,EUR,2019-12-02,175.36,175.96,171.58,171.72,431,16,173.579
DE000ETF9033,214184838,E903,EUR,2019-12-03,173.16,173.16,170.76,171.58,286,14,172.16
DE000ETF9033,214184838,E903,EUR,2019-12-04,171.64,173.54,171.64,173.38,82,5,173.29
DE000ETF9033,214184838,E903,EUR,2019-12-05,174.06,174.18,172.32,172.32,130,6,173.6
DE000ETF9033,214184838,E903,EUR,2019-12-06,172.88,173.9,172.72,173.74,73,5,173.397
DE000ETF9033,214184838,E903,EUR,2019-12-09,173.64,173.92,172.76,172.78,425,14,173.391
DE000ETF9033,214184838,E903,EUR,2019-12-10,170.72,172.24,169.94,172.24,719,13,170.204
DE000ETF9033,214184838,E903,EUR,2019-12-11,172.12,173.96,172.12,173.78,263,10,173.091
DE000ETF9033,214184838,E903,EUR,2019-12-12,174.1,175.08,173.16,174.8,46,6,173.904
DE000ETF9033,214184838,E903,EUR,2019-12-13,176.8,176.8,175.62,175.94,105,7,176.457
DE000ETF9033,214184838,E903,EUR,2019-12-16,177.4,177.56,176.44,177.32,690,20,176.956
DE000ETF9033,214184838,E903,EUR,2019-12-17,177.0,177.0,176.0,176.36,121,11,176.643
DE000ETF9033,214184838,E903,EUR,2019-12-18,176.0,176.38,175.14,175.14,151,8,175.973
DE000ETF9033,214184838,E903,EUR,2019-12-19,174.8,174.8,173.72,174.7,224,10,174.743
DE000ETF9033,214184838,E903,EUR,2019-12-20,175.24,175.48,174.82,175.44,152,6,175.01
DE000ETF9033,214184838,E903,EUR,2019-12-23,175.12,176.22,174.8,175.18,1077,18,175.189
DE000ETF9033,214184838,E903,EUR,2019-12-27,176.48,176.48,175.02,175.48,676,11,175.577
DE000ETF9033,214184838,E903,EUR,2019-12-30,175.04,175.82,174.36,174.36,245,8,174.98
DE000ETF9033,214184838,E903,EUR,2020-01-02,173.9,176.3,173.9,176.02,452,14,175.97
DE000ETF9033,214184838,E903,EUR,2020-01-03,174.78,175.06,172.6,173.58,698,20,173.846
DE000ETF9033,214184838,E903,EUR,2020-01-06,172.3,172.66,170.3,172.52,718,11,171.654
DE000ETF9033,214184838,E903,EUR,2020-01-07,174.12,174.14,173.2,173.32,308,12,173.791
DE000ETF9033,214184838,E903,EUR,2020-01-08,171.78,174.66,171.78,174.4,14,3,173.369
DE000ETF9033,214184838,E903,EUR,2020-01-09,175.2,176.64,175.2,176.52,755,10,176.504
DE000ETF9033,214184838,E903,EUR,2020-01-10,176.64,177.14,176.38,176.38,118,10,176.878
DE000ETF9033,214184838,E903,EUR,2020-01-13,176.52,176.86,174.62,175.32,396,15,176.082
DE000ETF9033,214184838,E903,EUR,2020-01-14,175.34,175.74,174.8,175.06,57,4,175.603
DE000ETF9033,214184838,E903,EUR,2020-01-15,175.74,175.74,174.12,174.36,288,7,174.44
DE000ETF9033,214184838,E903,EUR,2020-01-16,174.48,174.92,173.86,174.18,108,7,174.849
DE000ETF9033,214184838,E903,EUR,2020-01-17,175.08,175.08,174.94,174.94,31,2,175.003
DE000ETF9033,214184838,E903,EUR,2020-01-20,174.98,175.46,174.88,175.36,10784,28,175.2
DE000ETF9033,214184838,E903,EUR,2020-01-21,174.32,175.32,174.32,175.18,292,8,174.67
DE000ETF9033,214184838,E903,EUR,2020-01-22,175.88,175.88,174.14,174.14,8201,25,174.617
DE000ETF9033,214184838,E903,EUR,2020-01-23,173.38,173.58,172.0,172.16,225,9,172.647
DE000ETF9033,214184838,E903,EUR,2020-01-24,173.82,174.18,173.28,173.46,120,6,173.843
DE000ETF9033,214184838,E903,EUR,2020-01-27,171.26,171.3,168.88,169.4,1782,17,169.521
DE000ETF9033,214184838,E903,EUR,2020-01-28,169.92,171.76,169.92,171.54,287,9,171.417
DE000ETF9033,214184838,E903,EUR,2020-01-29,171.18,172.08,171.18,171.68,76,6,171.987
DE000ETF9033,214184838,E903,EUR,2020-01-30,170.04,170.38,168.6,169.08,720,18,169.654
DE000ETF9033,214184838,E903,EUR,2020-01-31,168.6,169.38,166.8,166.96,373,10,167.531
DE000ETF9033,214184838,E903,EUR,2020-02-03,167.14,167.76,166.88,167.12,546,19,167.195
DE000ETF9033,214184838,E903,EUR,2020-02-04,168.28,169.76,168.28,169.72,187,12,169.112
DE000ETF9033,214184838,E903,EUR,2020-02-05,169.62,172.48,169.62,172.48,206,6,170.45
DE000ETF9033,214184838,E903,EUR,2020-02-06,174.06,174.06,173.4,173.4,1382,6,173.571
DE000ETF9033,214184838,E903,EUR,2020-02-07,172.06,172.2,171.7,172.16,153,6,171.891
DE000ETF9033,214184838,E903,EUR,2020-02-10,172.04,172.04,171.36,171.66,355,15,171.691
DE000ETF9033,214184838,E903,EUR,2020-02-11,174.36,174.36,173.2,173.62,117,7,173.823
DE000ETF9033,214184838,E903,EUR,2020-02-12,174.22,175.68,173.72,175.66,1219,23,175.097
DE000ETF9033,214184838,E903,EUR,2020-02-13,174.3,174.96,173.34,174.96,163,15,174.305
DE000ETF9033,214184838,E903,EUR,2020-02-14,174.4,175.16,174.4,174.88,76,5,174.817
DE000ETF9033,214184838,E903,EUR,2020-02-17,175.48,175.68,175.02,175.38,803,12,175.278
DE000ETF9033,214184838,E903,EUR,2020-02-18,173.98,174.66,173.82,174.0,177,11,174.119
DE000ETF9033,214184838,E903,EUR,2020-02-19,174.76,175.28,174.44,175.28,51,7,174.761
DE000ETF9033,214184838,E903,EUR,2020-02-20,175.64,175.8,174.54,174.54,2426,14,175.56
DE000ETF9033,214184838,E903,EUR,2020-02-21,174.26,174.26,172.32,173.18,599,16,173.759
DE000ETF9033,214184838,E903,EUR,2020-02-24,169.6,169.62,165.56,166.34,1358,38,166.742
DE000ETF9033,214184838,E903,EUR,2020-02-25,167.6,167.82,161.9,162.9,1568,28,164.354
DE000ETF9033,214184838,E903,EUR,2020-02-26,161.4,163.56,159.0,162.88,918,32,161.515
DE000ETF9033,214184838,E903,EUR,2020-02-27,159.44,160.76,157.52,158.04,1396,29,159.424
DE000ETF9033,214184838,E903,EUR,2020-02-28,150.02,153.0,150.0,152.14,1142,39,151.552
DE000ETF9033,214184838,E903,EUR,2020-03-02,153.8,154.64,148.66,151.72,1724,47,151.942
DE000ETF9033,214184838,E903,EUR,2020-03-03,153.14,155.98,150.66,152.22,1839,32,154.82
DE000ETF9033,214184838,E903,EUR,2020-03-04,153.38,155.4,152.66,155.06,655,17,154.474
DE000ETF9033,214184838,E903,EUR,2020-03-05,156.18,156.2,150.68,152.3,1257,19,152.836
DE000ETF9033,214184838,E903,EUR,2020-03-06,149.42,150.26,146.78,147.68,2260,42,148.105
DE000ETF9033,214184838,E903,EUR,2020-03-09,140.9,141.1,132.92,134.34,2766,48,137.177
DE000ETF9033,214184838,E903,EUR,2020-03-10,139.82,140.82,133.32,133.32,764,32,138.37
DE000ETF9033,214184838,E903,EUR,2020-03-11,133.68,137.54,130.82,132.66,2190,29,134.395
DE000ETF9033,214184838,E903,EUR,2020-03-12,125.9,126.12,113.68,114.46,2617,43,120.341
DE000ETF9033,214184838,E903,EUR,2020-03-13,116.68,125.42,114.1,114.8,1043,27,117.554
DE000ETF9033,214184838,E903,EUR,2020-03-16,110.14,110.14,103.9,108.6,2733,48,107.274
DE000ETF9033,214184838,E903,EUR,2020-03-17,111.0,112.56,105.22,110.2,1405,25,108.244
DE000ETF9033,214184838,E903,EUR,2020-03-18,108.1,108.56,101.54,103.62,3987,27,105.131
DE000ETF9033,214184838,E903,EUR,2020-03-19,103.96,107.74,102.66,106.64,289,15,105.944
DE000ETF9033,214184838,E903,EUR,2020-03-20,113.7,114.2,108.02,109.72,1593,32,111.15
DE000ETF9033,214184838,E903,EUR,2020-03-23,106.04,113.18,103.86,108.46,1460,22,108.401
DE000ETF9033,214184838,E903,EUR,2020-03-24,115.1,120.78,113.5,120.58,619,20,117.304
DE000ETF9033,214184838,E903,EUR,2020-03-25,122.46,127.82,119.14,123.0,2714,58,124.961
DE000ETF9033,214184838,E903,EUR,2020-03-26,120.66,124.08,119.2,123.72,564,15,121.516
DE000ETF9033,214184838,E903,EUR,2020-03-27,122.38,123.86,117.96,119.2,1812,30,120.586
DE000ETF9033,214184838,E903,EUR,2020-03-30,120.42,124.74,118.0,121.0,325,14,119.638
DE000ETF9033,214184838,E903,EUR,2020-03-31,121.62,125.74,121.62,123.42,1182,17,123.845
DE000ETF9033,214184838,E903,EUR,2020-04-01,123.96,123.96,116.74,118.06,2313,21,119.506
DE000ETF9033,214184838,E903,EUR,2020-04-02,117.54,120.78,116.08,118.6,1986,22,118.773
DE000ETF9033,214184838,E903,EUR,2020-04-03,118.5,119.84,116.5,117.2,363,12,117.89
DE000ETF9033,214184838,E903,EUR,2020-04-06,122.66,126.74,122.16,125.66,1444,28,123.671
DE000ETF9033,214184838,E903,EUR,2020-04-07,128.0,132.82,126.54,129.28,2706,37,130.268
DE000ETF9033,214184838,E903,EUR,2020-04-08,129.8,129.8,126.38,127.54,842,20,127.247
DE000ETF9033,214184838,E903,EUR,2020-04-09,129.18,131.3,128.3,130.86,1820,28,129.64
DE000ETF9033,214184838,E903,EUR,2020-04-14,133.7,134.44,131.1,131.52,1356,37,132.343
DE000ETF9033,214184838,E903,EUR,2020-04-15,133.76,133.76,125.46,127.6,2421,36,127.831
DE000ETF9033,214184838,E903,EUR,2020-04-16,127.32,129.26,125.0,126.04,1534,14,127.042
DE000ETF9033,214184838,E903,EUR,2020-04-17,130.18,131.8,129.76,130.42,810,19,130.332
DE000ETF9033,214184838,E903,EUR,2020-04-20,131.74,132.82,127.96,131.04,1478,19,130.059
DE000ETF9033,214184838,E903,EUR,2020-04-21,128.44,129.0,125.68,125.68,612,21,127.175
DE000ETF9033,214184838,E903,EUR,2020-04-22,126.4,128.64,126.4,127.74,562,15,127.667
DE000ETF9033,214184838,E903,EUR,2020-04-23,128.4,130.64,127.64,129.12,843,18,129.295
DE000ETF9033,214184838,E903,EUR,2020-04-24,128.5,129.4,126.98,127.68,199,7,127.198
DE000ETF9033,214184838,E903,EUR,2020-04-27,131.22,132.66,130.14,132.48,126,10,131.148
DE000ETF9033,214184838,E903,EUR,2020-04-28,131.88,136.94,131.88,136.22,1133,19,135.156
DE000ETF9033,214184838,E903,EUR,2020-04-29,136.38,140.86,135.38,140.48,1129,21,137.582
DE000ETF9033,214184838,E903,EUR,2020-04-30,142.04,143.78,135.7,136.78,466,25,139.348
DE000ETF9033,214184838,E903,EUR,2020-05-04,131.08,132.64,130.72,131.56,1940,28,131.488
DE000ETF9033,214184838,E903,EUR,2020-05-05,133.5,134.54,132.5,134.5,1312,19,133.565
DE000ETF9033,214184838,E903,EUR,2020-05-06,134.98,134.98,132.32,132.32,97,5,132.996
DE000ETF9033,214184838,E903,EUR,2020-05-07,133.3,133.76,132.66,133.44,810,7,133.371
DE000ETF9033,214184838,E903,EUR,2020-05-08,135.14,136.2,134.82,136.18,430,15,135.488
DE000ETF9033,214184838,E903,EUR,2020-05-11,137.04,137.26,133.82,134.86,935,13,135.018
DE000ETF9033,214184838,E903,EUR,2020-05-12,134.94,135.86,134.5,134.94,227,10,135.484
DE000ETF9033,214184838,E903,EUR,2020-05-13,132.08,133.12,129.9,130.68,3286,18,130.008
DE000ETF9033,214184838,E903,EUR,2020-05-14,129.76,129.76,125.88,127.96,3884,24,129.235
DE000ETF9033,214184838,E903,EUR,2020-05-15,130.38,131.14,129.42,130.12,749,12,129.834
DE000ETF9033,214184838,E903,EUR,2020-05-18,132.2,138.32,132.2,137.78,170,14,135.448
DE000ETF9033,214184838,E903,EUR,2020-05-19,138.74,139.0,136.54,137.8,314,12,137.735
DE000ETF9033,214184838,E903,EUR,2020-05-20,136.8,139.4,136.8,139.4,254,7,137.966
DE000ETF9033,214184838,E903,EUR,2020-05-21,138.72,138.96,137.8,137.8,326,3,138.503
DE000ETF9033,214184838,E903,EUR,2020-05-22,137.06,138.66,137.06,137.84,88,5,137.934
DE000ETF9033,214184838,E903,EUR,2020-05-25,138.4,141.4,138.08,141.4,590,20,140.371
DE000ETF9033,214184838,E903,EUR,2020-05-26,142.66,144.32,142.36,144.04,466,14,143.299
DE000ETF9033,214184838,E903,EUR,2020-05-27,144.86,148.1,144.78,147.66,374,14,147.13
DE000ETF9033,214184838,E903,EUR,2020-05-28,148.88,148.94,146.92,148.08,370,10,148.337
DE000ETF9033,214184838,E903,EUR,2020-05-29,145.56,146.04,144.42,144.42,772,10,145.811
DE000ETF9033,214184838,E903,EUR,2020-06-02,148.9,151.24,148.74,151.02,967,20,150.158
DE000ETF9033,214184838,E903,EUR,2020-06-03,154.34,157.88,154.34,157.84,190,10,156.436
DE000ETF9033,214184838,E903,EUR,2020-06-04,157.7,157.7,155.1,156.52,626,17,156.188
DE000ETF9033,214184838,E903,EUR,2020-06-05,159.58,162.12,159.34,162.12,1999,32,160.928
DE000ETF9033,214184838,E903,EUR,2020-06-08,161.3,163.98,159.78,162.92,782,21,162.597
DE000ETF9033,214184838,E903,EUR,2020-06-09,161.74,161.74,157.62,159.94,546,24,159.388
DE000ETF9033,214184838,E903,EUR,2020-06-10,161.44,162.26,158.24,158.28,52,7,159.849
DE000ETF9033,214184838,E903,EUR,2020-06-11,155.5,155.5,149.22,150.58,1532,30,152.318
DE000ETF9033,214184838,E903,EUR,2020-06-12,149.66,153.36,149.38,151.28,770,22,151.008
DE000ETF9033,214184838,E903,EUR,2020-06-15,146.68,151.1,146.58,150.58,919,27,148.481
DE000ETF9033,214184838,E903,EUR,2020-06-16,154.64,156.06,153.78,155.08,695,15,154.75
DE000ETF9033,214184838,E903,EUR,2020-06-17,154.74,156.56,154.74,155.54,115,10,155.625
DE000ETF9033,214184838,E903,EUR,2020-06-18,154.44,155.9,154.44,155.52,1090,17,155.729
DE000ETF9033,214184838,E903,EUR,2020-06-19,156.18,157.1,154.5,155.74,635,17,156.355
DE000ETF9033,214184838,E903,EUR,2020-06-22,153.94,156.2,153.24,155.12,609,16,155.37
DE000ETF9033,214184838,E903,EUR,2020-06-23,155.7,159.64,155.7,158.76,729,20,158.738
DE000ETF9033,214184838,E903,EUR,2020-06-24,158.36,158.36,153.04,153.76,546,13,155.694
DE000ETF9033,214184838,E903,EUR,2020-06-25,152.22,155.38,152.22,154.7,275,10,154.407
DE000ETF9033,214184838,E903,EUR,2020-06-26,154.12,155.7,152.94,152.94,74,4,154.688
DE000ETF9033,214184838,E903,EUR,2020-06-29,152.2,155.22,150.7,155.2,87,9,153.029
DE000ETF9033,214184838,E903,EUR,2020-06-30,155.82,155.94,154.54,155.94,659,7,155.456
DE000ETF9033,214184838,E903,EUR,2020-07-01,156.48,156.48,153.0,154.52,720,11,155.274
DE000ETF9033,214184838,E903,EUR,2020-07-02,155.36,159.62,155.36,158.86,341,15,158.525
DE000ETF9033,214184838,E903,EUR,2020-07-03,159.06,159.06,156.94,157.66,105,9,157.879
DE000ETF9033,214184838,E903,EUR,2020-07-06,160.86,161.36,159.84,160.12,782,22,160.239
DE000ETF9033,214184838,E903,EUR,2020-07-07,159.04,159.04,157.8,158.46,312,13,158.433
DE000ETF9033,214184838,E903,EUR,2020-07-08,157.26,158.24,157.12,157.12,354,10,157.835
DE000ETF9033,214184838,E903,EUR,2020-07-09,157.68,158.14,156.04,156.04,57,6,157.59
DE000ETF9033,214184838,E903,EUR,2020-07-10,154.76,158.44,154.76,158.22,112,4,156.829
DE000ETF9033,214184838,E903,EUR,2020-07-13,161.08,161.08,158.64,159.54,286,14,159.342
DE000ETF9033,214184838,E903,EUR,2020-07-14,157.24,159.56,157.24,159.56,270,10,158.529
DE000ETF9033,214184838,E903,EUR,2020-07-15,161.24,162.32,160.02,161.56,1997,23,161.65
DE000ETF9033,214184838,E903,EUR,2020-07-16,159.86,161.96,159.86,161.86,175,7,161.369
DE000ETF9033,214184838,E903,EUR,2020-07-17,162.5,163.1,162.4,162.74,443,6,162.452
DE000ETF9033,214184838,E903,EUR,2020-07-20,162.84,163.74,161.04,163.48,714,18,161.727
DE000ETF9033,214184838,E903,EUR,2020-07-21,165.14,166.58,165.0,165.06,998,23,165.678
DE000ETF9033,214184838,E903,EUR,2020-07-22,164.36,165.22,163.82,164.04,161,6,164.191
DE000ETF9033,214184838,E903,EUR,2020-07-23,164.3,165.78,162.98,164.32,980,9,164.565
DE000ETF9033,214184838,E903,EUR,2020-07-24,161.52,162.2,161.0,161.32,356,10,161.688
DE000ETF9033,214184838,E903,EUR,2020-07-27,160.18,161.2,160.18,160.6,796,7,160.523
DE000ETF9033,214184838,E903,EUR,2020-07-28,161.72,161.72,159.46,160.98,212,10,160.483
DE000ETF9033,214184838,E903,EUR,2020-07-29,160.0,160.0,159.38,159.84,435,8,159.684
DE000ETF9033,214184838,E903,EUR,2020-07-30,158.02,158.02,152.46,154.24,1003,27,155.859
DE000ETF9033,214184838,E903,EUR,2020-07-31,154.38,155.34,151.28,151.86,959,18,153.166
DE000ETF9033,214184838,E903,EUR,2020-08-03,153.04,157.52,152.82,157.1,1145,14,155.332
DE000ETF9033,214184838,E903,EUR,2020-08-04,157.18,157.54,156.26,156.96,873,8,157.08
DE000ETF9033,214184838,E903,EUR,2020-08-05,157.86,158.82,157.56,157.78,491,11,158.171
DE000ETF9033,214184838,E903,EUR,2020-08-06,158.26,159.98,155.8,157.22,144,7,157.325
DE000ETF9033,214184838,E903,EUR,2020-08-07,157.54,157.98,157.42,157.88,432,9,157.489
DE000ETF9033,214184838,E903,EUR,2020-08-10,159.0,159.08,158.04,158.94,202,7,158.427
DE000ETF9033,214184838,E903,EUR,2020-08-11,160.62,163.18,160.62,162.66,784,12,162.943
DE000ETF9033,214184838,E903,EUR,2020-08-12,162.24,164.26,162.24,164.16,171,9,163.009
DE000ETF9033,214184838,E903,EUR,2020-08-13,164.26,164.26,163.14,163.36,16,4,164.063
DE000ETF9033,214184838,E903,EUR,2020-08-14,163.44,163.5,161.02,162.34,553,11,161.357
DE000ETF9033,214184838,E903,EUR,2020-08-17,163.76,163.76,162.28,162.48,696,18,162.705
DE000ETF9033,214184838,E903,EUR,2020-08-18,161.94,163.0,161.88,162.02,469,11,162.213
DE000ETF9033,214184838,E903,EUR,2020-08-19,161.94,163.46,161.94,163.46,277,10,163.273
DE000ETF9033,214184838,E903,EUR,2020-08-20,161.22,162.16,160.38,161.28,2269,21,160.858
DE000ETF9033,214184838,E903,EUR,2020-08-21,161.3,161.3,153.8,154.52,280,10,154.81
DE000ETF9033,214184838,E903,EUR,2020-08-24,155.56,158.76,155.56,158.76,330,11,157.672
DE000ETF9033,214184838,E903,EUR,2020-08-25,159.76,160.7,158.7,158.7,227,15,159.995
DE000ETF9033,214184838,E903,EUR,2020-08-26,158.64,159.92,158.64,159.92,841,9,158.833
DE000ETF9033,214184838,E903,EUR,2020-08-27,159.62,159.94,158.92,158.92,111,6,159.26
DE000ETF9033,214184838,E903,EUR,2020-08-28,158.48,158.74,158.24,158.28,70,6,158.531
DE000ETF9033,214184838,E903,EUR,2020-08-31,159.22,159.24,157.36,157.36,88,4,159.202
DE000ETF9033,214184838,E903,EUR,2020-09-01,158.38,159.04,155.82,157.34,1029,14,156.711
DE000ETF9033,214184838,E903,EUR,2020-09-02,158.52,159.92,158.52,159.92,83,7,159.35
DE000ETF9033,214184838,E903,EUR,2020-09-03,162.24,162.68,158.28,158.96,1141,19,161.91
DE000ETF9033,214184838,E903,EUR,2020-09-04,157.14,160.02,157.14,157.44,150,9,159.037
DE000ETF9033,214184838,E903,EUR,2020-09-07,159.02,160.54,158.98,160.54,365,8,159.929
DE000ETF9033,214184838,E903,EUR,2020-09-08,160.42,160.42,158.62,159.94,292,8,159.511
DE000ETF9033,214184838,E903,EUR,2020-09-09,161.56,163.16,161.56,163.16,93,4,162.782
DE000ETF9033,214184838,E903,EUR,2020-09-10,162.76,163.38,162.08,162.2,139,7,162.544
DE000ETF9033,214184838,E903,EUR,2020-09-11,162.06,162.34,161.14,162.08,61,5,162.046
DE000ETF9033,214184838,E903,EUR,2020-09-14,163.26,164.04,161.26,161.54,129,9,162.608
DE000ETF9033,214184838,E903,EUR,2020-09-15,162.62,162.62,161.1,162.06,8642,28,161.579
DE000ETF9033,214184838,E903,EUR,2020-09-16,161.18,162.5,161.18,162.5,122,5,162.206
DE000ETF9033,214184838,E903,EUR,2020-09-17,160.62,161.92,159.98,161.92,128,8,160.717
DE000ETF9033,214184838,E903,EUR,2020-09-18,162.2,162.2,160.24,160.72,33,8,160.82
DE000ETF9033,214184838,E903,EUR,2020-09-21,159.58,160.04,152.5,152.7,725,26,155.327
DE000ETF9033,214184838,E903,EUR,2020-09-22,154.66,154.66,152.42,152.42,807,15,153.117
DE000ETF9033,214184838,E903,EUR,2020-09-23,153.96,155.44,152.64,153.06,418,10,153.984
DE000ETF9033,214184838,E903,EUR,2020-09-24,151.68,153.16,151.68,152.94,269,9,152.445
DE000ETF9033,214184838,E903,EUR,2020-09-25,152.86,152.86,149.68,151.08,379,12,150.219
DE000ETF9033,214184838,E903,EUR,2020-09-28,153.38,158.0,153.38,155.68,4074,17,155.037
DE000ETF9033,214184838,E903,EUR,2020-09-29,155.44,155.44,155.44,155.44,0,0,155.44
DE000ETF9033,214184838,E903,EUR,2020-09-30,154.78,155.74,154.74,154.98,59,6,155.067
DE000ETF9033,214184838,E903,EUR,2020-10-01,155.48,155.48,153.36,153.36,492,12,154.35
DE000ETF9033,214184838,E903,EUR,2020-10-02,151.76,153.46,151.76,153.46,290,14,152.618
DE000ETF9033,214184838,E903,EUR,2020-10-05,154.82,156.22,154.82,156.08,1332,18,155.446
DE000ETF9033,214184838,E903,EUR,2020-10-06,155.9,157.32,155.9,156.76,177,7,156.418
DE000ETF9033,214184838,E903,EUR,2020-10-07,156.52,157.24,155.96,157.24,1188,14,156.477
DE000ETF9033,214184838,E903,EUR,2020-10-08,158.9,158.9,157.78,158.7,499,9,158.726
DE000ETF9033,214184838,E903,EUR,2020-10-09,158.9,158.9,157.82,157.92,99,4,158.649
DE000ETF9033,214184838,E903,EUR,2020-10-12,158.94,159.16,158.26,158.76,290,12,158.504
DE000ETF9033,214184838,E903,EUR,2020-10-13,157.98,158.16,156.82,157.26,181,6,157.792
DE000ETF9033,214184838,E903,EUR,2020-10-14,157.24,157.62,156.94,157.36,210,6,157.601
DE000ETF9033,214184838,E903,EUR,2020-10-15,154.68,154.68,152.28,153.42,1137,30,153.124
DE000ETF9033,214184838,E903,EUR,2020-10-16,154.66,155.94,153.78,155.9,253,14,155.447
DE000ETF9033,214184838,E903,EUR,2020-10-19,155.98,155.98,155.2,155.54,27,5,155.586
DE000ETF9033,214184838,E903,EUR,2020-10-20,155.18,155.42,154.5,154.5,231,10,154.918
DE000ETF9033,214184838,E903,EUR,2020-10-21,152.74,152.74,152.3,152.3,1,1,152.74
DE000ETF9033,214184838,E903,EUR,2020-10-22,151.4,151.94,149.76,151.76,2446,25,151.659
DE000ETF9033,214184838,E903,EUR,2020-10-23,151.1,153.78,151.1,152.84,1114,10,152.794
DE000ETF9033,214184838,E903,EUR,2020-10-26,150.64,152.7,150.44,150.5,526,20,151.625
DE000ETF9033,214184838,E903,EUR,2020-10-27,149.0,149.88,147.9,148.56,741,26,148.535
DE000ETF9033,214184838,E903,EUR,2020-10-28,145.8,145.8,141.06,142.26,818,37,143.648
DE000ETF9033,214184838,E903,EUR,2020-10-29,142.34,143.72,141.56,142.88,1284,26,142.99
DE000ETF9033,214184838,E903,EUR,2020-10-30,140.4,143.4,140.4,142.78,367,13,142.556
DE000ETF9033,214184838,E903,EUR,2020-11-02,143.02,146.28,142.88,146.16,3050,21,145.744
DE000ETF9033,214184838,E903,EUR,2020-11-03,147.06,149.36,147.06,149.22,342,13,148.717
DE000ETF9033,214184838,E903,EUR,2020-11-04,148.64,152.54,146.68,152.54,72,3,148.753
DE000ETF9033,214184838,E903,EUR,2020-11-05,153.82,154.1,152.56,153.96,366,13,153.69
DE000ETF9033,214184838,E903,EUR,2020-11-06,153.12,153.44,153.04,153.26,88,3,153.163
DE000ETF9033,214184838,E903,EUR,2020-11-09,156.14,162.8,155.24,161.44,787,24,160.222
DE000ETF9033,214184838,E903,EUR,2020-11-10,160.44,164.4,159.94,163.7,714,23,162.896
DE000ETF9033,214184838,E903,EUR,2020-11-11,163.36,164.22,163.36,164.14,562,12,164.053
DE000ETF9033,214184838,E903,EUR,2020-11-12,161.78,162.8,161.7,162.38,1091,10,162.415
DE000ETF9033,214184838,E903,EUR,2020-11-13,162.38,163.26,162.38,162.84,367,8,162.605
DE000ETF9033,214184838,E903,EUR,2020-11-16,164.46,165.0,163.36,163.96,609,25,164.464
DE000ETF9033,214184838,E903,EUR,2020-11-17,163.64,164.66,163.6,164.66,246,11,164.169
DE000ETF9033,214184838,E903,EUR,2020-11-18,164.64,165.64,164.1,165.62,226,7,165.435
DE000ETF9033,214184838,E903,EUR,2020-11-19,164.0,164.3,163.8,163.84,352,11,163.999
DE000ETF9033,214184838,E903,EUR,2020-11-20,164.1,164.98,164.08,164.74,199,11,164.743
DE000ETF9033,214184838,E903,EUR,2020-11-23,165.58,166.36,164.84,164.92,334,15,165.684
DE000ETF9033,214184838,E903,EUR,2020-11-24,166.22,167.9,166.22,167.72,389,13,166.92
DE000ETF9033,214184838,E903,EUR,2020-11-25,168.0,168.14,167.26,168.14,237,9,167.794
DE000ETF9033,214184838,E903,EUR,2020-11-26,168.46,168.9,167.34,167.4,358,12,167.573
DE000ETF9033,214184838,E903,EUR,2020-11-27,167.66,168.34,167.66,168.06,169,8,168.171
DE000ETF9033,214184838,E903,EUR,2020-11-30,167.54,169.1,166.62,167.74,124,10,167.905
DE000ETF9033,214184838,E903,EUR,2020-12-01,169.12,169.12,168.48,169.1,880,16,168.9
DE000ETF9033,214184838,E903,EUR,2020-12-02,168.0,168.44,167.5,167.98,52,5,168.063
DE000ETF9033,214184838,E903,EUR,2020-12-03,167.92,167.92,166.82,167.28,287,13,167.446
DE000ETF9033,214184838,E903,EUR,2020-12-04,166.16,168.36,166.16,167.78,68,4,167.991
DE000ETF9033,214184838,E903,EUR,2020-12-07,167.04,167.62,166.06,166.66,703,18,166.6
DE000ETF9033,214184838,E903,EUR,2020-12-08,166.06,167.16,166.06,167.14,323,11,166.59
DE000ETF9033,214184838,E903,EUR,2020-12-09,168.0,168.82,167.94,167.94,67,5,168.384
DE000ETF9033,214184838,E903,EUR,2020-12-10,167.92,168.18,166.38,167.26,227,9,167.598
DE000ETF9033,214184838,E903,EUR,2020-12-11,166.78,166.78,163.28,164.62,530,14,164.281
DE000ETF9033,214184838,E903,EUR,2020-12-14,165.44,167.08,165.44,166.22,421,7,166.396
DE000ETF9033,214184838,E903,EUR,2020-12-15,166.74,168.72,166.74,167.94,847,17,167.924
DE000ETF9033,214184838,E903,EUR,2020-12-16,168.68,171.18,168.68,170.96,571,17,169.792
DE000ETF9033,214184838,E903,EUR,2020-12-17,171.38,172.26,171.38,171.7,420,11,171.905
DE000ETF9033,214184838,E903,EUR,2020-12-18,170.7,172.72,170.7,171.48,372,15,172.101
DE000ETF9033,214184838,E903,EUR,2020-12-21,169.68,169.68,164.0,166.12,689,19,166.548
DE000ETF9033,214184838,E903,EUR,2020-12-22,165.82,168.3,165.82,167.36,101,11,166.551
DE000ETF9033,214184838,E903,EUR,2020-12-23,167.92,170.04,167.8,170.04,397,12,169.445
DE000ETF9033,214184838,E903,EUR,2020-12-28,171.26,172.9,171.26,172.4,972,21,172.003
DE000ETF9033,214184838,E903,EUR,2020-12-29,172.96,174.04,170.9,171.8,893,27,172.457
DE000ETF9033,214184838,E903,EUR,2020-12-30,171.28,171.7,171.02,171.02,424,6,171.349
DE000ETF9033,214184838,E903,EUR,2021-01-04,171.32,174.26,170.28,170.76,1016,30,172.627
DE000ETF9033,214184838,E903,EUR,2021-01-05,171.24,171.24,169.28,169.86,403,18,170.047
DE000ETF9033,214184838,E903,EUR,2021-01-06,171.66,173.02,170.48,173.02,367,13,171.783
DE000ETF9033,214184838,E903,EUR,2021-01-07,175.0,175.54,174.48,175.1,660,15,175.249
DE000ETF9033,214184838,E903,EUR,2021-01-08,176.5,176.5,175.04,175.42,294,14,175.504
DE000ETF9033,214184838,E903,EUR,2021-01-11,174.76,174.76,172.6,173.54,368,11,173.675
DE000ETF9033,214184838,E903,EUR,2021-01-12,173.82,174.28,172.68,173.52,211,15,173.672
DE000ETF9033,214184838,E903,EUR,2021-01-13,173.7,174.6,173.7,174.3,136,11,174.075
DE000ETF9033,214184838,E903,EUR,2021-01-14,175.04,175.36,173.84,175.24,125,11,174.723
DE000ETF9033,214184838,E903,EUR,2021-01-15,175.06,175.06,171.56,172.66,1369,25,173.601
DE000ETF9033,214184838,E903,EUR,2021-01-18,172.38,173.1,171.78,172.94,81,12,172.509
DE000ETF9033,214184838,E903,EUR,2021-01-19,173.5,173.5,172.6,172.72,113,5,172.923
DE000ETF9033,214184838,E903,EUR,2021-01-20,173.08,174.76,173.08,174.62,379,8,174.315
DE000ETF9033,214184838,E903,EUR,2021-01-21,175.96,176.2,174.4,174.4,277,10,175.282
DE000ETF9033,214184838,E903,EUR,2021-01-22,174.72,174.72,173.26,174.12,568,13,174.162
DE000ETF9033,214184838,E903,EUR,2021-01-25,175.08,176.4,170.44,171.18,551,21,171.967
DE000ETF9033,214184838,E903,EUR,2021-01-26,170.76,174.0,170.76,173.4,204,10,173.095
DE000ETF9033,214184838,E903,EUR,2021-01-27,173.14,173.14,169.56,170.2,690,17,169.896
DE000ETF9033,214184838,E903,EUR,2021-01-28,169.22,171.62,166.84,171.38,715,21,168.406
DE000ETF9033,214184838,E903,EUR,2021-01-29,169.54,170.38,168.46,168.82,68,7,169.104
DE000ETF9033,214184838,E903,EUR,2021-02-01,170.44,171.96,169.96,171.02,1251,21,170.916
DE000ETF9033,214184838,E903,EUR,2021-02-02,172.98,173.78,172.62,173.68,212,9,173.641
DE000ETF9033,214184838,E903,EUR,2021-02-03,174.5,176.54,174.5,175.9,393,17,175.841
DE000ETF9033,214184838,E903,EUR,2021-02-04,175.92,178.18,175.92,178.18,907,15,177.558
DE000ETF9033,214184838,E903,EUR,2021-02-05,178.68,179.18,177.78,178.58,872,26,178.748
DE000ETF9033,214184838,E903,EUR,2021-02-08,180.0,180.0,177.82,177.82,953,18,178.752
DE000ETF9033,214184838,E903,EUR,2021-02-09,177.68,177.68,176.46,177.02,377,11,176.712
DE000ETF9033,214184838,E903,EUR,2021-02-10,178.06,178.06,175.72,176.52,170,11,176.613
DE000ETF9033,214184838,E903,EUR,2021-02-11,176.62,177.0,176.36,176.72,101,15,176.818
DE000ETF9033,214184838,E903,EUR,2021-02-12,176.16,176.76,175.54,176.76,97,9,176.245
DE000ETF9033,214184838,E903,EUR,2021-02-15,177.92,177.92,176.94,177.66,1022,20,177.477
DE000ETF9033,214184838,E903,EUR,2021-02-16,177.96,178.0,176.42,176.78,1019,16,177.533
DE000ETF9033,214184838,E903,EUR,2021-02-17,176.52,176.9,175.58,175.58,340,13,176.365
DE000ETF9033,214184838,E903,EUR,2021-02-18,175.7,176.36,175.0,175.16,234,12,175.416
DE000ETF9033,214184838,E903,EUR,2021-02-19,175.86,176.76,175.18,176.76,226,11,176.162
DE000ETF9033,214184838,E903,EUR,2021-02-22,176.2,176.64,174.5,176.64,1688,24,175.729
DE000ETF9033,214184838,E903,EUR,2021-02-23,177.86,177.86,173.52,174.96,748,17,174.536
DE000ETF9033,214184838,E903,EUR,2021-02-24,175.74,177.02,175.26,176.84,206,5,175.978
DE000ETF9033,214184838,E903,EUR,2021-02-25,177.22,177.22,175.54,175.54,165,2,176.212
DE000ETF9033,214184838,E903,EUR,2021-02-26,173.36,175.7,173.36,174.2,290,12,174.896
DE000ETF9033,214184838,E903,EUR,2021-03-01,175.42,177.12,175.42,177.04,1023,23,176.258
DE000ETF9033,214184838,E903,EUR,2021-03-02,176.3,178.5,176.3,177.84,90,11,177.769
DE000ETF9033,214184838,E903,EUR,2021-03-03,178.62,180.0,178.32,179.36,511,19,179.228
DE000ETF9033,214184838,E903,EUR,2021-03-04,178.0,180.5,178.0,180.34,513,19,179.616
DE000ETF9033,214184838,E903,EUR,2021-03-05,179.88,179.9,178.44,178.76,933,15,179.312
DE000ETF9033,214184838,E903,EUR,2021-03-08,180.24,184.58,179.76,184.42,980,29,181.324
DE000ETF9033,214184838,E903,EUR,2021-03-09,184.26,185.08,184.0,184.42,819,25,184.476
DE000ETF9033,214184838,E903,EUR,2021-03-10,184.4,186.08,184.34,186.08,753,16,185.163
DE000ETF9033,214184838,E903,EUR,2021-03-11,186.46,186.52,184.58,185.64,176,20,185.113
DE000ETF9033,214184838,E903,EUR,2021-03-12,185.02,185.54,184.46,185.38,777,18,184.697
DE000ETF9033,214184838,E903,EUR,2021-03-15,185.78,186.38,184.12,184.6,1302,28,185.584
DE000ETF9033,214184838,E903,EUR,2021-03-16,185.16,185.92,184.92,185.36,313,16,185.234
DE000ETF9033,214184838,E903,EUR,2021-03-17,185.92,186.38,185.1,185.56,298,12,185.557
DE000ETF9033,214184838,E903,EUR,2021-03-18,185.88,189.44,185.88,189.28,682,24,188.444
DE000ETF9033,214184838,E903,EUR,2021-03-19,188.16,188.86,186.54,186.58,846,24,187.187
DE000ETF9033,214184838,E903,EUR,2021-03-22,186.1,186.84,185.76,186.2,468,16,186.43
DE000ETF9033,214184838,E903,EUR,2021-03-23,185.38,187.0,184.96,186.58,430,13,186.347
DE000ETF9033,214184838,E903,EUR,2021-03-24,185.9,186.34,185.3,186.0,429,12,185.744
DE000ETF9033,214184838,E903,EUR,2021-03-25,185.86,187.28,184.76,186.78,156,11,185.959
DE000ETF9033,214184838,E903,EUR,2021-03-26,188.26,188.26,187.56,187.82,260,8,187.837
DE000ETF9033,214184838,E903,EUR,2021-03-29,187.94,189.38,187.94,189.08,300,11,188.587
DE000ETF9033,214184838,E903,EUR,2021-03-30,189.92,192.06,189.88,192.06,835,27,190.492
DE000ETF9033,214184838,E903,EUR,2021-03-31,191.18,192.74,191.18,191.68,647,18,191.918
DE000ETF9033,214184838,E903,EUR,2021-04-01,192.02,192.64,191.66,192.34,1060,22,192.281
DE000ETF9033,214184838,E903,EUR,2021-04-06,194.64,194.96,193.0,193.24,1483,37,193.953
DE000ETF9033,214184838,E903,EUR,2021-04-07,193.04,193.9,192.9,193.04,407,14,193.335
DE000ETF9033,214184838,E903,EUR,2021-04-08,194.72,194.72,192.16,192.72,283,18,193.134
DE000ETF9033,214184838,E903,EUR,2021-04-09,192.64,193.56,192.22,192.8,252,9,192.764
DE000ETF9033,214184838,E903,EUR,2021-04-12,192.42,194.66,192.42,193.0,770,15,193.233
DE000ETF9033,214184838,E903,EUR,2021-04-13,193.2,194.28,192.56,192.86,280,16,193.186
DE000ETF9033,214184838,E903,EUR,2021-04-14,193.62,193.62,191.08,191.66,686,22,191.513
DE000ETF9033,214184838,E903,EUR,2021-04-15,191.66,192.98,191.28,191.56,2283,32,191.846
DE000ETF9033,214184838,E903,EUR,2021-04-16,192.64,194.96,192.64,194.8,141,14,193.903
DE000ETF9033,214184838,E903,EUR,2021-04-19,195.2,195.8,193.56,193.74,927,19,195.073
DE000ETF9033,214184838,E903,EUR,2021-04-20,194.7,194.7,190.84,191.06,988,18,191.943
DE000ETF9033,214184838,E903,EUR,2021-04-21,191.62,192.1,190.16,191.72,359,21,191.208
DE000ETF9033,214184838,E903,EUR,2021-04-22,192.42,192.92,192.06,192.92,1057,20,192.526
DE000ETF9033,214184838,E903,EUR,2021-04-23,192.22,193.18,190.76,192.14,710,17,191.802
DE000ETF9033,214184838,E903,EUR,2021-04-26,192.02,193.56,192.02,192.64,367,13,192.881
DE000ETF9033,214184838,E903,EUR,2021-04-27,192.9,193.62,191.62,192.18,122,12,192.159
DE000ETF9033,214184838,E903,EUR,2021-04-28,192.3,193.9,192.3,192.36,561,14,192.627
DE000ETF9033,214184838,E903,EUR,2021-04-29,192.82,192.82,189.16,190.02,418,18,190.812
DE000ETF9033,214184838,E903,EUR,2021-04-30,191.48,191.48,190.0,190.12,302,20,190.958
DE000ETF9033,214184838,E903,EUR,2021-05-03,190.68,191.82,190.2,191.82,1965,23,191.246
DE000ETF9033,214184838,E903,EUR,2021-05-04,192.84,192.84,187.5,187.84,707,40,188.698
DE000ETF9033,214184838,E903,EUR,2021-05-05,189.24,191.94,189.24,191.94,792,22,190.775
DE000ETF9033,214184838,E903,EUR,2021-05-06,191.94,193.24,191.6,193.0,647,22,192.216
DE000ETF9033,214184838,E903,EUR,2021-05-07,194.18,194.98,193.7,194.92,529,18,194.43
DE000ETF9033,214184838,E903,EUR,2021-05-10,195.22,195.6,194.62,195.34,529,16,195.018
DE000ETF9033,214184838,E903,EUR,2021-05-11,193.3,193.3,190.42,191.18,866,29,191.219
DE000ETF9033,214184838,E903,EUR,2021-05-12,190.44,194.14,190.44,193.32,384,14,192.951
DE000ETF9033,214184838,E903,EUR,2021-05-13,191.86,193.52,190.0,193.52,157,10,190.859
DE000ETF9033,214184838,E903,EUR,2021-05-14,194.08,195.92,194.08,195.92,626,19,194.689
DE000ETF9033,214184838,E903,EUR,2021-05-17,196.04,197.0,195.02,195.92,1055,23,196.4
DE000ETF9033,214184838,E903,EUR,2021-05-18,198.02,198.02,195.72,195.88,299,24,196.936
DE000ETF9033,214184838,E903,EUR,2021-05-19,193.8,194.16,190.94,191.9,334,11,192.237
DE000ETF9033,214184838,E903,EUR,2021-05-20,193.12,194.46,192.08,194.32,358,13,192.585
DE000ETF9033,214184838,E903,EUR,2021-05-21,194.54,195.64,194.54,195.64,349,9,194.981
DE000ETF9033,214184838,E903,EUR,2021-05-25,198.14,198.14,195.48,195.6,647,23,196.402
DE000ETF9033,214184838,E903,EUR,2021-05-26,196.46,196.46,195.4,195.6,404,16,195.709
DE000ETF9033,214184838,E903,EUR,2021-05-27,195.72,196.0,194.5,194.96,1030,19,195.207
DE000ETF9033,214184838,E903,EUR,2021-05-28,196.1,196.64,195.42,195.92,795,21,196.036
DE000ETF9033,214184838,E903,EUR,2021-05-31,195.42,196.32,194.38,194.38,255,14,195.293
DE000ETF9033,214184838,E903,EUR,2021-06-01,194.92,197.3,194.92,196.6,1309,22,196.178
DE000ETF9033,214184838,E903,EUR,2021-06-02,197.0,197.92,196.7,197.34,237,17,197.205
DE000ETF9033,214184838,E903,EUR,2021-06-03,197.46,198.58,196.88,198.26,505,15,197.525
DE000ETF9033,214184838,E903,EUR,2021-06-04,198.44,199.2,198.1,199.04,429,15,198.464
DE000ETF9033,214184838,E903,EUR,2021-06-07,198.72,200.85,198.72,200.3,1216,27,199.624
DE000ETF9033,214184838,E903,EUR,2021-06-08,200.4,200.4,198.96,198.96,157,15,199.24
DE000ETF9033,214184838,E903,EUR,2021-06-09,199.62,199.62,197.48,198.04,316,16,198.322
DE000ETF9033,214184838,E903,EUR,2021-06-10,198.2,198.82,196.98,197.9,331,14,198.52
DE000ETF9033,214184838,E903,EUR,2021-06-11,197.98,199.48,197.94,199.36,709,10,198.505
DE000ETF9033,214184838,E903,EUR,2021-06-14,199.56,200.5,199.08,199.08,216,12,199.746
DE000ETF9033,214184838,E903,EUR,2021-06-15,200.55,200.55,199.56,199.68,993,18,200.099
DE000ETF9033,214184838,E903,EUR,2021-06-16,199.96,201.25,199.56,199.64,89,10,199.81
DE000ETF9033,214184838,E903,EUR,2021-06-17,199.68,200.25,199.28,199.82,159,8,199.809
DE000ETF9033,214184838,E903,EUR,2021-06-18,199.36,199.36,195.66,195.86,311,21,197.077
DE000ETF9033,214184838,E903,EUR,2021-06-21,193.9,198.24,193.68,197.92,1173,25,195.646
DE000ETF9033,214184838,E903,EUR,2021-06-22,198.46,198.62,197.42,198.36,88,7,197.99
DE000ETF9033,214184838,E903,EUR,2021-06-23,199.58,199.58,196.34,196.34,185,11,197.268
DE000ETF9033,214184838,E903,EUR,2021-06-24,197.16,198.04,196.66,197.96,158,10,197.713
DE000ETF9033,214184838,E903,EUR,2021-06-25,197.42,197.98,197.24,197.76,73,3,197.324
DE000ETF9033,214184838,E903,EUR,2021-06-28,197.78,198.92,196.28,196.28,1180,15,197.646
DE000ETF9033,214184838,E903,EUR,2021-06-29,196.06,197.96,196.06,197.24,146,13,197.485
DE000ETF9033,214184838,E903,EUR,2021-06-30,198.24,198.24,194.46,195.24,529,23,194.908
DE000ETF9033,214184838,E903,EUR,2021-07-01,196.04,197.82,195.72,196.42,1574,24,196.883
DE000ETF9033,214184838,E903,EUR,2021-07-02,196.8,197.66,196.8,197.08,297,14,197.367
DE000ETF9033,214184838,E903,EUR,2021-07-05,196.88,197.66,195.86,197.26,610,17,196.992
DE000ETF9033,214184838,E903,EUR,2021-07-06,197.26,197.26,194.56,194.78,1316,17,196.449
DE000ETF9033,214184838,E903,EUR,2021-07-07,190.06,191.36,189.68,191.14,687,41,190.412
DE000ETF9033,214184838,E903,EUR,2021-07-08,190.0,191.1,186.94,187.78,984,34,187.78
DE000ETF9033,214184838,E903,EUR,2021-07-09,188.64,191.84,188.3,191.34,260,19,190.135
DE000ETF9033,214184838,E903,EUR,2021-07-12,190.9,192.46,190.1,192.46,1440,20,191.899
DE000ETF9033,214184838,E903,EUR,2021-07-13,192.22,192.92,192.18,192.38,1685,20,192.34
DE000ETF9033,214184838,E903,EUR,2021-07-14,191.9,192.9,191.88,192.12,937,16,192.352
DE000ETF9033,214184838,E903,EUR,2021-07-15,192.88,192.88,189.76,190.68,1005,25,191.674
DE000ETF9033,214184838,E903,EUR,2021-07-16,190.8,191.76,189.66,189.98,1288,14,190.686
DE000ETF9033,214184838,E903,EUR,2021-07-19,188.74,188.76,183.52,184.1,1290,60,185.584
DE000ETF9033,214184838,E903,EUR,2021-07-20,184.86,187.04,184.14,185.62,1314,27,185.612
DE000ETF9033,214184838,E903,EUR,2021-07-21,185.78,189.06,185.78,188.82,382,23,187.642
DE000ETF9033,214184838,E903,EUR,2021-07-22,190.44,190.66,189.24,189.52,687,18,190.15
DE000ETF9033,214184838,E903,EUR,2021-07-23,189.96,191.74,189.96,191.64,512,14,191.096
DE000ETF9033,214184838,E903,EUR,2021-07-26,191.38,191.38,189.52,191.34,512,11,190.651
DE000ETF9033,214184838,E903,EUR,2021-07-27,190.96,190.96,189.5,189.8,34,4,189.765
DE000ETF9033,214184838,E903,EUR,2021-07-28,189.08,190.04,189.08,189.92,278,7,189.914
DE000ETF9033,214184838,E903,EUR,2021-07-29,190.58,190.9,190.3,190.62,174,8,190.756
DE000ETF9033,214184838,E903,EUR,2021-07-30,189.2,189.3,188.76,188.76,165,6,189.031
DE000ETF9033,214184838,E903,EUR,2021-08-02,190.24,190.5,188.28,188.66,1311,18,189.814
DE000ETF9033,214184838,E903,EUR,2021-08-03,189.38,189.38,187.5,188.38,186,13,188.418
DE000ETF9033,214184838,E903,EUR,2021-08-04,188.02,189.32,188.02,188.7,229,12,188.772
DE000ETF9033,214184838,E903,EUR,2021-08-05,188.44,189.52,188.24,188.56,333,12,188.712
DE000ETF9033,214184838,E903,EUR,2021-08-06,188.64,190.32,188.64,189.5,365,11,189.419
DE000ETF9033,214184838,E903,EUR,2021-08-09,189.24,190.0,189.06,189.7,324,12,189.519
DE000ETF9033,214184838,E903,EUR,2021-08-10,189.58,190.42,189.38,190.14,367,10,189.914
DE000ETF9033,214184838,E903,EUR,2021-08-11,190.22,191.24,190.22,191.22,877,10,190.81
DE000ETF9033,214184838,E903,EUR,2021-08-12,192.0,193.3,191.98,193.16,173,9,192.314
DE000ETF9033,214184838,E903,EUR,2021-08-13,193.22,193.86,193.16,193.42,41,8,193.511
DE000ETF9033,214184838,E903,EUR,2021-08-16,192.52,193.56,192.0,192.56,1451,22,192.703
DE000ETF9033,214184838,E903,EUR,2021-08-17,192.82,192.82,191.52,192.38,328,13,191.772
DE000ETF9033,214184838,E903,EUR,2021-08-18,192.88,193.4,192.26,193.32,219,6,193.32
DE000ETF9033,214184838,E903,EUR,2021-08-19,191.56,191.56,189.22,190.5,747,21,190.288
DE000ETF9033,214184838,E903,EUR,2021-08-20,190.98,190.98,189.62,190.96,445,12,190.253
DE000ETF9033,214184838,E903,EUR,2021-08-23,192.36,192.36,190.04,191.26,462,19,191.351
DE000ETF9033,214184838,E903,EUR,2021-08-24,191.78,192.4,191.14,191.92,224,10,191.997
DE000ETF9033,214184838,E903,EUR,2021-08-25,191.5,191.5,190.92,191.18,316,7,191.397
DE000ETF9033,214184838,E903,EUR,2021-08-26,190.5,190.5,189.34,189.92,553,15,189.836
DE000ETF9033,214184838,E903,EUR,2021-08-27,189.88,191.18,189.84,190.94,151,8,190.961
DE000ETF9033,214184838,E903,EUR,2021-08-30,191.08,191.42,190.06,191.12,468,17,191.318
DE000ETF9033,214184838,E903,EUR,2021-08-31,192.32,192.54,189.46,190.12,190,12,190.965
DE000ETF9033,214184838,E903,EUR,2021-09-01,190.88,191.6,188.94,189.42,1306,13,191.1
DE000ETF9033,214184838,E903,EUR,2021-09-02,190.02,190.96,189.14,189.42,105,12,189.425
DE000ETF9033,214184838,E903,EUR,2021-09-03,189.34,190.48,187.72,188.58,271,12,188.778
DE000ETF9033,214184838,E903,EUR,2021-09-06,188.8,190.3,188.8,189.88,359,14,189.637
DE000ETF9033,214184838,E903,EUR,2021-09-07,190.68,190.68,188.98,189.2,626,17,189.556
DE000ETF9033,214184838,E903,EUR,2021-09-08,189.08,189.08,186.98,186.98,53,7,187.228
DE000ETF9033,214184838,E903,EUR,2021-09-09,186.18,187.48,184.66,186.8,186,14,186.167
DE000ETF9033,214184838,E903,EUR,2021-09-10,186.94,187.3,186.42,186.42,359,10,186.814
DE000ETF9033,214184838,E903,EUR,2021-09-13,186.6,188.64,186.6,188.48,186,8,187.941
DE000ETF9033,214184838,E903,EUR,2021-09-14,189.42,189.8,188.8,189.26,174,10,189.458
DE000ETF9033,214184838,E903,EUR,2021-09-15,189.98,189.98,188.26,188.3,858,18,189.402
DE000ETF9033,214184838,E903,EUR,2021-09-16,188.64,189.72,188.64,189.26,112,8,189.404
DE000ETF9033,214184838,E903,EUR,2021-09-17,189.3,189.3,186.76,186.76,143,4,188.261
DE000ETF9033,214184838,E903,EUR,2021-09-20,185.46,185.46,180.52,181.58,1160,40,181.68
DE000ETF9033,214184838,E903,EUR,2021-09-21,182.24,184.74,182.24,184.48,394,22,183.81
DE000ETF9033,214184838,E903,EUR,2021-09-22,184.9,187.1,184.9,187.0,130,12,185.639
DE000ETF9033,214184838,E903,EUR,2021-09-23,188.46,188.46,187.46,187.96,434,15,187.899
DE000ETF9033,214184838,E903,EUR,2021-09-24,186.88,187.26,186.88,187.0,61,6,187.027
DE000ETF9033,214184838,E903,EUR,2021-09-27,188.84,189.1,188.08,188.76,660,17,188.735
DE000ETF9033,214184838,E903,EUR,2021-09-28,189.06,189.06,185.82,186.0,218,14,187.571
DE000ETF9033,214184838,E903,EUR,2021-09-29,187.02,188.22,186.88,188.02,505,16,187.776
DE000ETF9033,214184838,E903,EUR,2021-09-30,188.74,188.74,185.94,185.94,70,11,186.838
DE000ETF9033,214184838,E903,EUR,2021-10-01,184.16,185.96,183.02,185.22,1701,28,184.393
DE000ETF9033,214184838,E903,EUR,2021-10-04,184.86,186.28,184.44,184.68,1488,21,185.272
DE000ETF9033,214184838,E903,EUR,2021-10-05,185.24,186.1,184.44,186.1,690,18,184.92
DE000ETF9033,214184838,E903,EUR,2021-10-06,184.5,184.5,180.98,182.08,2157,41,181.32
DE000ETF9033,214184838,E903,EUR,2021-10-07,184.3,185.22,183.68,185.08,320,16,184.791
DE000ETF9033,214184838,E903,EUR,2021-10-08,184.5,186.16,184.16,184.4,820,19,184.623
DE000ETF9033,214184838,E903,EUR,2021-10-11,184.9,184.9,183.84,184.36,129,14,184.185
DE000ETF9033,214184838,E903,EUR,2021-10-12,183.12,183.78,183.06,183.52,133,8,183.354
DE000ETF9033,214184838,E903,EUR,2021-10-13,182.66,184.38,182.66,183.9,96,11,183.867
DE000ETF9033,214184838,E903,EUR,2021-10-14,184.2,185.68,184.2,185.68,120,7,185.328
DE000ETF9033,214184838,E903,EUR,2021-10-15,186.64,187.4,185.36,187.04,974,18,186.202
DE000ETF9033,214184838,E903,EUR,2021-10-18,186.66,187.26,184.36,184.9,476,21,185.895
DE000ETF9033,214184838,E903,EUR,2021-10-19,184.04,186.28,184.04,186.02,90,7,185.633
DE000ETF9033,214184838,E903,EUR,2021-10-20,186.4,186.4,184.9,186.12,333,11,185.832
DE000ETF9033,214184838,E903,EUR,2021-10-21,184.42,186.12,184.42,185.76,80,8,185.732
DE000ETF9033,214184838,E903,EUR,2021-10-22,186.64,187.18,186.4,186.5,359,10,186.88
DE000ETF9033,214184838,E903,EUR,2021-10-25,186.94,187.5,186.18,187.26,321,17,186.956
DE000ETF9033,214184838,E903,EUR,2021-10-26,188.8,189.56,187.9,189.3,435,20,188.836
DE000ETF9033,214184838,E903,EUR,2021-10-27,189.22,189.28,188.94,189.02,113,3,189.053
DE000ETF9033,214184838,E903,EUR,2021-10-28,188.8,188.8,187.24,187.74,170,9,187.852
DE000ETF9033,214184838,E903,EUR,2021-10-29,186.3,186.86,186.08,186.86,1307,9,186.198
DE000ETF9033,214184838,E903,EUR,2021-11-01,187.64,189.12,187.64,188.64,1931,35,188.632
DE000ETF9033,214184838,E903,EUR,2021-11-02,188.52,189.98,188.1,189.56,374,15,188.673
DE000ETF9033,214184838,E903,EUR,2021-11-03,189.28,189.82,189.06,189.64,227,12,189.359
DE000ETF9033,214184838,E903,EUR,2021-11-04,190.72,190.72,189.84,189.86,117,9,190.14
DE000ETF9033,214184838,E903,EUR,2021-11-05,189.74,190.24,189.58,189.88,397,13,190.006
DE000ETF9033,214184838,E903,EUR,2021-11-08,189.6,189.6,188.6,189.08,200,15,189.229
DE000ETF9033,214184838,E903,EUR,2021-11-09,189.32,189.32,188.48,188.78,240,6,189.046
DE000ETF9033,214184838,E903,EUR,2021-11-10,189.12,190.02,189.04,190.02,1721,20,189.757
DE000ETF9033,214184838,E903,EUR,2021-11-11,189.48,190.72,189.48,190.72,606,10,190.414
DE000ETF9033,214184838,E903,EUR,2021-11-12,190.26,191.42,190.26,191.1,209,14,190.817
DE000ETF9033,214184838,E903,EUR,2021-11-15,191.36,191.4,189.36,191.34,1573,24,190.89
DE000ETF9033,214184838,E903,EUR,2021-11-16,191.7,192.16,191.24,191.84,409,14,191.694
DE000ETF9033,214184838,E903,EUR,2021-11-17,191.32,191.68,190.78,191.68,163,10,191.188
DE000ETF9033,214184838,E903,EUR,2021-11-18,191.72,191.98,190.78,191.26,203,13,191.529
DE000ETF9033,214184838,E903,EUR,2021-11-19,192.0,192.42,188.56,189.66,1038,18,190.216
DE000ETF9033,214184838,E903,EUR,2021-11-22,189.82,190.36,188.94,190.18,690,19,189.823
DE000ETF9033,214184838,E903,EUR,2021-11-23,189.0,190.2,188.02,188.78,285,15,189.234
DE000ETF9033,214184838,E903,EUR,2021-11-24,189.2,189.2,186.28,188.24,679,20,187.896
DE000ETF9033,214184838,E903,EUR,2021-11-25,188.86,188.86,186.64,188.76,408,16,188.717
DE000ETF9033,214184838,E903,EUR,2021-11-26,185.1,185.1,178.58,179.82,1061,46,181.142
DE000ETF9033,214184838,E903,EUR,2021-11-29,181.86,182.16,179.74,180.0,1058,37,181.272
DE000ETF9033,214184838,E903,EUR,2021-11-30,178.68,178.98,176.38,177.68,875,33,177.332
DE000ETF9033,214184838,E903,EUR,2021-12-01,180.22,183.18,179.8,182.46,2330,38,180.931
DE000ETF9033,214184838,E903,EUR,2021-12-02,181.6,181.6,179.36,180.62,362,12,180.593
DE000ETF9033,214184838,E903,EUR,2021-12-03,181.7,181.7,179.3,179.7,397,19,180.77
DE000ETF9033,214184838,E903,EUR,2021-12-06,181.48,183.16,180.3,182.92,701,20,181.333
DE000ETF9033,214184838,E903,EUR,2021-12-07,184.44,187.84,184.44,187.72,2919,24,185.862
DE000ETF9033,214184838,E903,EUR,2021-12-08,187.88,187.88,186.26,186.6,362,10,186.88
DE000ETF9033,214184838,E903,EUR,2021-12-09,186.72,187.02,185.06,185.58,68,8,186.205
DE000ETF9033,214184838,E903,EUR,2021-12-10,184.36,186.36,184.36,185.44,60,9,185.591
DE000ETF9033,214184838,E903,EUR,2021-12-13,186.78,187.16,185.52,185.88,225,12,186.432
DE000ETF9033,214184838,E903,EUR,2021-12-14,185.88,186.6,184.42,184.76,133,13,185.727
DE000ETF9033,214184838,E903,EUR,2021-12-15,185.46,186.38,184.5,184.74,981,22,185.411
DE000ETF9033,214184838,E903,EUR,2021-12-16,187.82,187.84,186.9,187.18,376,14,187.438
DE000ETF9033,214184838,E903,EUR,2021-12-17,186.9,186.9,184.62,185.5,269,13,185.782
DE000ETF9033,214184838,E903,EUR,2021-12-20,181.0,183.12,179.68,181.98,472,28,181.81
DE000ETF9033,214184838,E903,EUR,2021-12-21,184.08,185.32,182.94,184.52,554,20,184.156
DE000ETF9033,214184838,E903,EUR,2021-12-22,184.7,185.26,183.82,184.9,348,10,184.297
DE000ETF9033,214184838,E903,EUR,2021-12-23,186.22,187.52,186.22,187.52,606,13,187.188
DE000ETF9033,214184838,E903,EUR,2021-12-27,187.52,188.58,187.0,188.58,260,15,188.057
DE000ETF9033,214184838,E903,EUR,2021-12-28,189.28,190.48,189.28,190.3,875,28,189.915
DE000ETF9033,214184838,E903,EUR,2021-12-29,189.7,189.86,188.68,188.94,316,22,189.33
DE000ETF9033,214184838,E903,EUR,2021-12-30,189.36,189.36,188.58,189.3,255,12,188.95
DE000ETF9033,214184838,E903,EUR,2022-01-03,190.08,192.56,190.08,191.84,1573,35,191.662
DE000ETF9033,214184838,E903,EUR,2022-01-04,192.88,195.56,192.54,195.06,471,26,193.889
DE000ETF9033,214184838,E903,EUR,2022-01-05,195.22,196.72,194.02,196.22,863,27,196.154
DE000ETF9033,214184838,E903,EUR,2022-01-06,193.86,195.48,193.78,194.94,706,19,194.846
DE000ETF9033,214184838,E903,EUR,2022-01-07,195.1,195.1,193.48,194.12,502,24,194.107
DE000ETF9033,214184838,E903,EUR,2022-01-10,194.92,195.04,192.34,192.54,396,23,193.917
DE000ETF9033,214184838,E903,EUR,2022-01-11,194.52,195.22,193.9,194.86,172,24,194.414
DE000ETF9033,214184838,E903,EUR,2022-01-12,195.46,196.76,195.4,195.86,42,9,196.094
DE000ETF9033,214184838,E903,EUR,2022-01-13,196.0,196.9,195.32,196.9,241,12,196.027
DE000ETF9033,214184838,E903,EUR,2022-01-14,196.24,197.68,195.86,196.74,228,14,196.986
DE000ETF9033,214184838,E903,EUR,2022-01-17,197.64,198.16,196.58,196.98,1211,25,197.375
DE000ETF9033,214184838,E903,EUR,2022-01-18,196.78,196.78,194.5,195.26,191,22,195.125
DE000ETF9033,214184838,E903,EUR,2022-01-19,194.5,196.46,193.92,195.42,583,28,195.532
DE000ETF9033,214184838,E903,EUR,2022-01-20,195.5,196.72,194.74,196.42,365,15,195.774
DE000ETF9033,214184838,E903,EUR,2022-01-21,193.5,194.46,191.4,192.62,1196,30,192.772
DE000ETF9033,214184838,E903,EUR,2022-01-24,191.4,192.9,183.86,186.58,1018,51,187.933
DE000ETF9033,214184838,E903,EUR,2022-01-25,188.76,189.92,185.68,188.5,600,32,188.338
DE000ETF9033,214184838,E903,EUR,2022-01-26,190.42,193.78,190.42,193.2,466,20,192.753
DE000ETF9033,214184838,E903,EUR,2022-01-27,190.14,197.38,190.14,197.02,728,24,195.44
DE000ETF9033,214184838,E903,EUR,2022-01-28,194.98,195.42,193.26,195.42,106,15,194.557
DE000ETF9033,214184838,E903,EUR,2022-01-31,197.8,197.9,195.22,195.68,607,19,196.517
DE000ETF9033,214184838,E903,EUR,2022-02-01,197.42,198.14,196.36,197.06,3953,32,197.629
DE000ETF9033,214184838,E903,EUR,2022-02-02,197.34,198.32,197.08,197.08,1079,8,197.527
DE000ETF9033,214184838,E903,EUR,2022-02-03,197.12,197.62,195.58,195.58,194,8,196.275
DE000ETF9033,214184838,E903,EUR,2022-02-04,197.16,197.16,191.68,192.02,1175,26,192.497
DE000ETF9033,214184838,E903,EUR,2022-02-07,193.26,193.98,191.38,193.12,1657,29,192.878
DE000ETF9033,214184838,E903,EUR,2022-02-08,194.08,194.36,193.7,194.36,66,5,194.22
DE000ETF9033,214184838,E903,EUR,2022-02-09,195.98,198.14,195.98,197.66,461,18,197.312
DE000ETF9033,214184838,E903,EUR,2022-02-10,199.94,199.94,197.86,198.02,730,13,198.531
DE000ETF9033,214184838,E903,EUR,2022-02-11,195.62,198.82,194.98,198.26,356,14,197.953
DE000ETF9033,214184838,E903,EUR,2022-02-14,195.24,195.24,190.74,193.7,1416,40,192.426
DE000ETF9033,214184838,E903,EUR,2022-02-15,193.92,197.6,193.92,197.32,1051,28,195.951
DE000ETF9033,214184838,E903,EUR,2022-02-16,197.28,198.1,196.24,196.58,277,17,196.913
DE000ETF9033,214184838,E903,EUR,2022-02-17,197.4,197.4,194.16,194.76,732,15,194.836
DE000ETF9033,214184838,E903,EUR,2022-02-18,193.7,193.7,191.88,192.4,269,14,192.665
DE000ETF9033,214184838,E903,EUR,2022-02-21,193.46,195.34,183.82,188.28,1618,55,189.714
DE000ETF9033,214184838,E903,EUR,2022-02-22,185.92,188.9,182.3,187.54,1730,42,186.856
DE000ETF9033,214184838,E903,EUR,2022-02-23,187.6,190.06,186.96,187.3,725,17,189.614
DE000ETF9033,214184838,E903,EUR,2022-02-24,173.4,183.0,173.4,178.5,2143,80,179.242
DE000ETF9033,214184838,E903,EUR,2022-02-25,181.32,186.0,178.76,185.12,2322,48,183.105
DE000ETF9033,214184838,E903,EUR,2022-02-28,182.0,182.94,178.88,182.88,1455,41,180.651
DE000ETF9033,214184838,E903,EUR,2022-03-01,183.26,183.26,173.94,175.68,3981,57,180.615
DE000ETF9033,214184838,E903,EUR,2022-03-02,175.12,178.32,173.76,177.62,4749,50,176.099
DE000ETF9033,214184838,E903,EUR,2022-03-03,177.18,177.18,172.28,172.58,2109,34,174.97
DE000ETF9033,214184838,E903,EUR,2022-03-04,171.92,171.92,164.02,164.48,1528,69,167.205
DE000ETF9033,214184838,E903,EUR,2022-03-07,163.28,163.56,154.52,159.96,4388,103,159.15
DE000ETF9033,214184838,E903,EUR,2022-03-08,158.02,167.42,156.94,161.44,1463,42,161.414
DE000ETF9033,214184838,E903,EUR,2022-03-09,167.66,177.28,167.58,176.12,2547,50,170.67
DE000ETF9033,214184838,E903,EUR,2022-03-10,175.22,175.22,169.18,170.78,1865,33,172.072
DE000ETF9033,214184838,E903,EUR,2022-03-11,171.18,176.56,171.0,173.2,1780,21,175.474
DE000ETF9033,214184838,E903,EUR,2022-03-14,176.28,179.3,175.36,176.92,1809,24,178.008
DE000ETF9033,214184838,E903,EUR,2022-03-15,176.26,178.36,173.0,177.34,2183,29,175.13
DE000ETF9033,214184838,E903,EUR,2022-03-16,180.58,181.84,180.04,181.84,1189,19,180.79
DE000ETF9033,214184838,E903,EUR,2022-03-17,182.68,182.68,179.6,181.14,487,23,181.129
DE000ETF9033,214184838,E903,EUR,2022-03-18,180.68,181.36,178.0,180.68,505,23,179.743
DE000ETF9033,214184838,E903,EUR,2022-03-21,180.36,181.16,178.84,179.2,1335,19,180.351
DE000ETF9033,214184838,E903,EUR,2022-03-22,179.5,181.98,179.5,181.48,485,19,181.386
DE000ETF9033,214184838,E903,EUR,2022-03-23,180.76,180.78,178.12,178.4,933,12,179.821
DE000ETF9033,214184838,E903,EUR,2022-03-24,178.94,179.16,177.92,177.92,130,14,178.656
DE000ETF9033,214184838,E903,EUR,2022-03-25,178.84,178.84,177.44,177.78,489,14,177.717
DE000ETF9033,214184838,E903,EUR,2022-03-28,178.64,182.74,178.64,179.58,522,13,181.626
DE000ETF9033,214184838,E903,EUR,2022-03-29,182.28,185.42,181.16,184.6,708,18,183.762
DE000ETF9033,214184838,E903,EUR,2022-03-30,183.96,183.96,180.62,180.62,361,13,182.057
DE000ETF9033,214184838,E903,EUR,2022-03-31,182.54,182.6,178.54,179.28,545,20,180.617
DE000ETF9033,214184838,E903,EUR,2022-04-01,180.22,181.04,178.36,179.92,3843,25,179.725
DE000ETF9033,214184838,E903,EUR,2022-04-04,181.7,181.7,179.44,180.7,226,16,179.919
DE000ETF9033,214184838,E903,EUR,2022-04-05,180.54,180.54,179.24,179.28,982,13,179.846
DE000ETF9033,214184838,E903,EUR,2022-04-06,178.44,179.12,174.82,176.32,831,28,176.793
DE000ETF9033,214184838,E903,EUR,2022-04-07,177.22,177.44,175.5,175.6,1154,29,176.59
DE000ETF9033,214184838,E903,EUR,2022-04-08,177.44,179.26,177.44,178.46,215,6,178.336
DE000ETF9033,214184838,E903,EUR,2022-04-11,177.6,178.68,177.24,178.52,152,13,178.159
DE000ETF9033,214184838,E903,EUR,2022-04-12,175.7,178.08,175.0,177.68,744,10,175.918
DE000ETF9033,214184838,E903,EUR,2022-04-13,177.46,177.46,176.22,177.32,519,9,176.844
DE000ETF9033,214184838,E903,EUR,2022-04-14,177.88,177.9,176.78,177.8,378,12,177.284
DE000ETF9033,214184838,E903,EUR,2022-04-19,175.9,178.44,175.9,177.94,1065,18,177.454
DE000ETF9033,214184838,E903,EUR,2022-04-20,179.48,179.82,178.52,179.74,465,8,179.31
DE000ETF9033,214184838,E903,EUR,2022-04-21,180.08,182.72,180.08,181.8,863,22,181.774
DE000ETF9033,214184838,E903,EUR,2022-04-22,180.64,180.64,177.8,177.8,142,9,178.666
DE000ETF9033,214184838,E903,EUR,2022-04-25,176.02,177.26,174.86,175.94,516,28,176.153
DE000ETF9033,214184838,E903,EUR,2022-04-26,178.62,178.62,173.78,173.78,2068,25,177.158
DE000ETF9033,214184838,E903,EUR,2022-04-27,173.8,174.9,171.0,173.98,1776,23,173.362
DE000ETF9033,214184838,E903,EUR,2022-04-28,174.66,177.52,174.66,175.76,606,9,176.25
DE000ETF9033,214184838,E903,EUR,2022-04-29,176.76,176.76,174.0,175.98,245,15,175.799
DE000ETF9033,214184838,E903,EUR,2022-05-02,173.5,176.0,172.9,173.4,2195,27,174.788
DE000ETF9033,214184838,E903,EUR,2022-05-03,173.4,175.8,173.4,174.66,214,10,174.986
DE000ETF9033,214184838,E903,EUR,2022-05-04,175.68,177.5,175.4,175.4,1375,8,176.764
DE000ETF9033,214184838,E903,EUR,2022-05-05,179.0,179.0,172.96,173.36,310,13,176.013
DE000ETF9033,214184838,E903,EUR,2022-05-06,172.5,172.64,170.8,171.0,968,24,171.826
DE000ETF9033,214184838,E903,EUR,2022-05-09,169.48,172.62,168.04,168.04,858,25,169.221
DE000ETF9033,214184838,E903,EUR,2022-05-10,170.54,172.76,170.1,170.84,463,14,170.632
DE000ETF9033,214184838,E903,EUR,2022-05-11,171.02,174.28,170.74,174.28,1039,8,172.752
DE000ETF9033,214184838,E903,EUR,2022-05-12,170.1,173.56,170.1,173.0,64,7,171.2
DE000ETF9033,214184838,E903,EUR,2022-05-13,174.9,177.12,173.88,176.52,671,14,174.948
DE000ETF9033,214184838,E903,EUR,2022-05-16,175.42,178.0,175.08,175.86,1337,21,176.201
DE000ETF9033,214184838,E903,EUR,2022-05-17,178.12,179.3,178.02,178.68,61,6,178.19
DE000ETF9033,214184838,E903,EUR,2022-05-18,178.56,179.62,175.82,177.14,108,9,178.846
DE000ETF9033,214184838,E903,EUR,2022-05-19,175.5,176.0,173.56,175.46,135,10,174.324
DE000ETF9033,214184838,E903,EUR,2022-05-20,176.5,178.7,175.16,176.18,393,11,177.852
DE000ETF9033,214184838,E903,EUR,2022-05-23,178.72,178.88,176.88,178.88,1352,17,177.957
DE000ETF9033,214184838,E903,EUR,2022-05-24,177.42,177.42,175.52,175.52,22,6,176.406
DE000ETF9033,214184838,E903,EUR,2022-05-25,176.76,178.84,176.1,177.5,138,11,176.502
DE000ETF9033,214184838,E903,EUR,2022-05-26,177.76,180.5,177.68,180.2,126,6,179.15
DE000ETF9033,214184838,E903,EUR,2022-05-27,179.86,181.78,179.86,181.74,435,12,180.416
DE000ETF9033,214184838,E903,EUR,2022-05-30,183.24,183.5,181.92,182.86,421,18,182.744
DE000ETF9033,214184838,E903,EUR,2022-05-31,181.5,182.7,181.5,181.7,117,4,181.78
DE000ETF9033,214184838,E903,EUR,2022-06-01,183.78,183.78,181.52,181.52,1245,14,183.259
DE000ETF9033,214184838,E903,EUR,2022-06-02,183.2,183.42,181.96,182.58,293,10,182.807
DE000ETF9033,214184838,E903,EUR,2022-06-03,183.7,183.7,182.1,182.38,60,7,182.964
DE000ETF9033,214184838,E903,EUR,2022-06-06,183.0,185.22,182.26,184.42,185,7,183.814
DE000ETF9033,214184838,E903,EUR,2022-06-07,182.92,183.48,182.7,183.3,1321,15,183.27
DE000ETF9033,214184838,E903,EUR,2022-06-08,183.58,183.58,181.06,181.72,753,10,182.097
DE000ETF9033,214184838,E903,EUR,2022-06-09,180.54,181.42,178.58,179.2,134,9,179.011
DE000ETF9033,214184838,E903,EUR,2022-06-10,176.5,177.12,173.52,173.52,460,20,175.269
DE000ETF9033,214184838,E903,EUR,2022-06-13,171.7,172.42,169.5,170.28,589,25,171.337
DE000ETF9033,214184838,E903,EUR,2022-06-14,172.02,172.04,169.14,169.26,403,16,169.973
DE000ETF9033,214184838,E903,EUR,2022-06-15,171.7,172.92,171.1,171.54,1383,22,171.837
DE000ETF9033,214184838,E903,EUR,2022-06-16,171.28,171.28,164.56,165.38,1879,34,166.203
DE000ETF9033,214184838,E903,EUR,2022-06-17,167.34,167.82,166.3,166.62,314,14,167.13
DE000ETF9033,214184838,E903,EUR,2022-06-20,167.18,168.3,166.84,168.3,320,17,167.624
DE000ETF9033,214184838,E903,EUR,2022-06-21,169.46,170.0,168.02,168.54,413,17,169.373
DE000ETF9033,214184838,E903,EUR,2022-06-22,166.34,167.38,164.04,166.4,1072,19,166.241
DE000ETF9033,214184838,E903,EUR,2022-06-23,165.96,165.96,162.0,162.54,2297,18,163.624
DE000ETF9033,214184838,E903,EUR,2022-06-24,163.98,164.86,162.32,164.16,228,18,163.202
DE000ETF9033,214184838,E903,EUR,2022-06-27,165.56,167.32,164.14,164.98,221,12,165.379
DE000ETF9033,214184838,E903,EUR,2022-06-28,165.98,167.9,165.98,166.44,3245,21,167.205
DE000ETF9033,214184838,E903,EUR,2022-06-29,165.6,165.6,163.16,163.36,274,8,164.449
DE000ETF9033,214184838,E903,EUR,2022-06-30,160.0,160.44,157.4,159.84,528,27,158.789
DE000ETF9033,214184838,E903,EUR,2022-07-01,158.56,161.66,158.44,160.98,1947,27,159.759
DE000ETF9033,214184838,E903,EUR,2022-07-04,162.46,162.46,160.32,160.54,178,18,161.178
DE000ETF9033,214184838,E903,EUR,2022-07-05,161.66,161.66,154.52,154.86,929,26,157.409
DE000ETF9033,214184838,E903,EUR,2022-07-06,150.78,152.8,149.34,150.12,1421,25,150.891
DE000ETF9033,214184838,E903,EUR,2022-07-07,153.52,154.66,150.92,153.52,3673,34,153.574
DE000ETF9033,214184838,E903,EUR,2022-07-08,153.48,156.22,152.98,155.9,565,26,155.001
DE000ETF9033,214184838,E903,EUR,2022-07-11,153.58,155.22,153.3,153.3,2343,18,153.998
DE000ETF9033,214184838,E903,EUR,2022-07-12,152.28,154.28,151.58,154.28,874,14,152.324
DE000ETF9033,214184838,E903,EUR,2022-07-13,153.84,153.84,151.32,152.56,782,15,153.254
DE000ETF9033,214184838,E903,EUR,2022-07-14,152.34,152.34,148.44,149.42,333,24,149.927
DE000ETF9033,214184838,E903,EUR,2022-07-15,151.02,153.82,149.96,153.82,2549,25,152.087
DE000ETF9033,214184838,E903,EUR,2022-07-18,154.48,156.04,154.0,155.12,1452,14,155.636
DE000ETF9033,214184838,E903,EUR,2022-07-19,153.7,160.32,153.7,160.0,2319,26,155.851
DE000ETF9033,214184838,E903,EUR,2022-07-20,160.46,160.64,158.0,159.9,619,16,159.563
DE000ETF9033,214184838,E903,EUR,2022-07-21,159.48,159.48,156.48,158.14,1899,11,158.357
DE000ETF9033,214184838,E903,EUR,2022-07-22,156.76,158.46,156.76,157.3,4272,13,158.066
DE000ETF9033,214184838,E903,EUR,2022-07-25,156.7,158.54,156.06,157.2,185,12,157.05
DE000ETF9033,214184838,E903,EUR,2022-07-26,157.0,157.0,154.98,155.44,271,7,155.745
DE000ETF9033,214184838,E903,EUR,2022-07-27,155.82,157.3,155.42,156.48,253,11,156.348
DE000ETF9033,214184838,E903,EUR,2022-07-28,157.54,159.4,157.34,158.22,87,10,158.693
DE000ETF9033,214184838,E903,EUR,2022-07-29,159.68,161.18,159.68,160.86,76,7,160.197
DE000ETF9033,214184838,E903,EUR,2022-08-01,160.84,161.68,160.44,160.8,2009,23,161.493
DE000ETF9033,214184838,E903,EUR,2022-08-02,160.22,161.56,159.92,161.44,133,8,160.135
DE000ETF9033,214184838,E903,EUR,2022-08-03,161.6,162.8,161.04,162.3,902,14,162.208
DE000ETF9033,214184838,E903,EUR,2022-08-04,162.98,163.64,161.82,161.9,123,9,162.907
DE000ETF9033,214184838,E903,EUR,2022-08-05,161.8,162.64,161.56,161.56,690,11,162.013
DE000ETF9033,214184838,E903,EUR,2022-08-08,162.72,163.34,161.86,162.72,441,14,163.015
DE000ETF9033,214184838,E903,EUR,2022-08-09,161.76,162.42,161.12,161.52,621,10,161.547
DE000ETF9033,214184838,E903,EUR,2022-08-10,161.08,162.96,161.08,162.64,76,8,162.372
DE000ETF9033,214184838,E903,EUR,2022-08-11,163.24,163.76,162.14,162.56,169,14,162.67
DE000ETF9033,214184838,E903,EUR,2022-08-12,162.2,164.48,162.2,164.38,391,9,164.102
DE000ETF9033,214184838,E903,EUR,2022-08-15,164.7,165.62,163.06,163.92,1597,22,164.331
DE000ETF9033,214184838,E903,EUR,2022-08-16,165.26,166.66,164.78,166.06,319,11,165.253
DE000ETF9033,214184838,E903,EUR,2022-08-17,167.04,167.04,161.66,161.98,631,20,163.564
DE000ETF9033,214184838,E903,EUR,2022-08-18,162.48,163.46,162.04,162.86,354,14,163.111
DE000ETF9033,214184838,E903,EUR,2022-08-19,161.5,162.34,160.56,161.28,132,11,161.349
DE000ETF9033,214184838,E903,EUR,2022-08-22,160.78,160.96,156.42,156.98,733,23,157.607
DE000ETF9033,214184838,E903,EUR,2022-08-23,156.02,158.32,156.02,157.5,386,13,157.38
DE000ETF9033,214184838,E903,EUR,2022-08-24,157.18,157.78,157.0,157.58,104,4,157.244
DE000ETF9033,214184838,E903,EUR,2022-08-25,157.84,159.64,157.4,158.32,520,17,158.461
DE000ETF9033,214184838,E903,EUR,2022-08-26,159.92,159.92,154.54,155.0,360,18,157.513
DE000ETF9033,214184838,E903,EUR,2022-08-29,152.18,154.78,152.18,154.62,1018,16,153.454
DE000ETF9033,214184838,E903,EUR,2022-08-30,154.94,155.76,154.94,155.76,6,2,154.96
DE000ETF9033,214184838,E903,EUR,2022-08-31,156.26,156.26,154.12,154.64,256,13,154.39
DE000ETF9033,214184838,E903,EUR,2022-09-01,153.94,153.94,151.94,152.62,2158,26,153.045
DE000ETF9033,214184838,E903,EUR,2022-09-02,153.92,157.88,153.4,157.88,639,11,155.383
DE000ETF9033,214184838,E903,EUR,2022-09-05,153.42,154.9,153.4,154.52,250,11,153.976
DE000ETF9033,214184838,E903,EUR,2022-09-06,154.58,156.3,154.44,155.42,1003,18,155.272
DE000ETF9033,214184838,E903,EUR,2022-09-07,153.7,157.2,153.7,156.86,2606,16,155.646
DE000ETF9033,214184838,E903,EUR,2022-09-08,158.1,158.1,154.92,156.14,2471,10,156.326
DE000ETF9033,214184838,E903,EUR,2022-09-09,159.02,159.02,158.6,158.6,219,2,158.753
DE000ETF9033,214184838,E903,EUR,2022-09-12,159.68,162.92,159.68,162.48,640,15,161.851
DE000ETF9033,214184838,E903,EUR,2022-09-13,163.12,163.66,159.78,160.66,90,13,161.841
DE000ETF9033,214184838,E903,EUR,2022-09-14,160.2,160.32,157.52,158.14,1593,18,160.114
DE000ETF9033,214184838,E903,EUR,2022-09-15,158.82,158.84,156.9,157.18,1388,21,158.137
DE000ETF9033,214184838,E903,EUR,2022-09-16,156.04,156.04,154.42,154.66,208,10,154.842
DE000ETF9033,214184838,E903,EUR,2022-09-19,154.88,156.6,153.34,155.58,428,20,154.749
DE000ETF9033,214184838,E903,EUR,2022-09-20,156.56,156.56,153.44,153.44,5567,27,155.925
DE000ETF9033,214184838,E903,EUR,2022-09-21,152.5,154.0,152.2,154.0,301,15,153.387
DE000ETF9033,214184838,E903,EUR,2022-09-22,151.92,153.76,151.74,151.96,252,12,152.561
DE000ETF9033,214184838,E903,EUR,2022-09-23,152.0,152.0,146.76,147.34,5789,55,147.863
DE000ETF9033,214184838,E903,EUR,2022-09-26,145.76,148.36,145.76,146.18,591,16,146.762
DE000ETF9033,214184838,E903,EUR,2022-09-27,148.06,148.06,144.28,144.28,247,18,146.446
DE000ETF9033,214184838,E903,EUR,2022-09-28,143.48,145.84,140.78,144.56,2027,39,142.878
DE000ETF9033,214184838,E903,EUR,2022-09-29,145.1,145.1,140.56,141.96,752,28,142.406
DE000ETF9033,214184838,E903,EUR,2022-09-30,141.06,143.98,141.06,142.74,526,18,142.788
DE000ETF9033,214184838,E903,EUR,2022-10-03,141.44,144.84,141.44,144.38,1688,19,142.054
DE000ETF9033,214184838,E903,EUR,2022-10-04,146.62,149.1,146.62,149.0,457,18,148.381
DE000ETF9033,214184838,E903,EUR,2022-10-05,148.06,148.74,146.18,146.76,405,14,146.914
DE000ETF9033,214184838,E903,EUR,2022-10-06,148.54,148.54,145.7,145.7,621,17,146.371
DE000ETF9033,214184838,E903,EUR,2022-10-07,145.36,146.16,143.78,143.82,1005,19,145.26
DE000ETF9033,214184838,E903,EUR,2022-10-10,142.78,145.64,142.78,144.56,191,12,144.754
DE000ETF9033,214184838,E903,EUR,2022-10-11,143.0,144.06,141.94,143.78,590,10,142.856
DE000ETF9033,214184838,E903,EUR,2022-10-12,144.44,144.44,143.74,143.74,290,6,144.122
DE000ETF9033,214184838,E903,EUR,2022-10-13,142.94,146.76,141.98,145.68,386,15,144.271
DE000ETF9033,214184838,E903,EUR,2022-10-14,146.22,146.82,146.04,146.82,10,4,146.202
DE000ETF9033,214184838,E903,EUR,2022-10-17,147.02,150.26,147.02,149.62,886,17,148.537
DE000ETF9033,214184838,E903,EUR,2022-10-18,151.5,153.22,150.9,150.9,23,5,151.831
DE000ETF9033,214184838,E903,EUR,2022-10-19,152.14,152.66,150.98,151.56,296,11,152.0
DE000ETF9033,214184838,E903,EUR,2022-10-20,150.06,152.14,150.06,152.14,794,12,151.488
DE000ETF9033,214184838,E903,EUR,2022-10-21,149.5,153.0,149.5,152.18,67,9,150.83
DE000ETF9033,214184838,E903,EUR,2022-10-24,153.66,156.12,152.08,154.64,733,23,155.205
DE000ETF9033,214184838,E903,EUR,2022-10-25,152.96,155.18,152.96,155.18,46,5,154.68
DE000ETF9033,214184838,E903,EUR,2022-10-26,155.2,156.28,155.2,156.28,621,9,156.048
DE000ETF9033,214184838,E903,EUR,2022-10-27,156.38,157.76,155.3,157.5,15,6,155.773
DE000ETF9033,214184838,E903,EUR,2022-10-28,155.68,156.9,155.68,156.9,36,4,155.867
DE000ETF9033,214184838,E903,EUR,2022-10-31,156.84,158.08,156.84,157.68,138,12,157.611
DE000ETF9033,214184838,E903,EUR,2022-11-01,158.88,160.18,158.54,158.78,1226,22,159.446
DE000ETF9033,214184838,E903,EUR,2022-11-02,159.62,160.18,155.92,157.7,230,10,157.836
DE000ETF9033,214184838,E903,EUR,2022-11-03,155.96,156.28,154.64,155.7,961,15,155.184
DE000ETF9033,214184838,E903,EUR,2022-11-04,155.92,160.18,155.92,160.18,624,14,157.838
DE000ETF9033,214184838,E903,EUR,2022-11-07,159.78,162.7,159.78,161.4,2229,31,161.812
DE000ETF9033,214184838,E903,EUR,2022-11-08,162.02,162.34,161.02,162.2,2073,47,161.641
DE000ETF9033,214184838,E903,EUR,2022-11-09,161.86,161.86,160.1,161.12,1087,19,160.46
DE000ETF9033,214184838,E903,EUR,2022-11-10,160.48,166.92,160.48,166.48,632,24,165.808
DE000ETF9033,214184838,E903,EUR,2022-11-11,167.36,169.0,167.28,168.18,432,23,168.245
DE000ETF9033,214184838,E903,EUR,2022-11-14,169.26,170.16,168.3,169.36,407,26,169.241
DE000ETF9033,214184838,E903,EUR,2022-11-15,170.28,170.28,167.12,169.44,1283,26,169.753
DE000ETF9033,214184838,E903,EUR,2022-11-16,168.5,168.5,165.24,166.22,953,21,166.195
DE000ETF9033,214184838,E903,EUR,2022-11-17,167.58,167.58,163.44,165.18,680,21,164.234
DE000ETF9033,214184838,E903,EUR,2022-11-18,165.3,168.62,165.3,168.28,698,16,168.0
DE000ETF9033,214184838,E903,EUR,2022-11-21,167.4,168.16,167.22,167.62,215,14,167.619
DE000ETF9033,214184838,E903,EUR,2022-11-22,167.76,169.24,167.52,168.48,445,10,168.666
DE000ETF9033,214184838,E903,EUR,2022-11-23,167.86,168.44,167.24,167.94,992,14,168.049
DE000ETF9033,214184838,E903,EUR,2022-11-24,167.9,170.0,167.9,169.4,208,15,169.453
DE000ETF9033,214184838,E903,EUR,2022-11-25,169.2,169.74,168.68,169.34,317,18,169.021
DE000ETF9033,214184838,E903,EUR,2022-11-28,168.48,168.76,167.62,168.18,180,11,168.131
DE000ETF9033,214184838,E903,EUR,2022-11-29,168.9,169.64,168.9,169.12,81,5,169.442
DE000ETF9033,214184838,E903,EUR,2022-11-30,170.0,171.16,168.74,169.72,45,8,169.5
DE000ETF9033,214184838,E903,EUR,2022-12-01,172.0,172.0,168.84,169.16,1756,20,169.792
DE000ETF9033,214184838,E903,EUR,2022-12-02,168.42,170.56,168.2,169.88,621,18,169.368
DE000ETF9033,214184838,E903,EUR,2022-12-05,170.34,170.34,168.78,169.04,614,21,169.553
DE000ETF9033,214184838,E903,EUR,2022-12-06,169.28,169.56,167.46,168.7,675,17,168.52
DE000ETF9033,214184838,E903,EUR,2022-12-07,167.44,168.92,167.42,167.58,503,18,168.477
DE000ETF9033,214184838,E903,EUR,2022-12-08,167.9,168.06,166.56,166.92,338,9,167.004
DE000ETF9033,214184838,E903,EUR,2022-12-09,167.2,168.44,167.2,168.34,38,3,168.165
DE000ETF9033,214184838,E903,EUR,2022-12-12,167.8,167.8,166.48,166.8,156,13,167.109
DE000ETF9033,214184838,E903,EUR,2022-12-13,166.86,170.42,166.66,168.72,193,15,168.615
DE000ETF9033,214184838,E903,EUR,2022-12-14,167.02,168.44,167.0,168.26,214,6,167.449
DE000ETF9033,214184838,E903,EUR,2022-12-15,167.32,167.32,162.9,163.12,2948,34,165.097
DE000ETF9033,214184838,E903,EUR,2022-12-16,163.96,163.96,160.82,161.82,422,25,162.151
DE000ETF9033,214184838,E903,EUR,2022-12-19,161.8,163.06,161.12,162.34,1536,25,162.192
DE000ETF9033,214184838,E903,EUR,2022-12-20,160.04,162.16,160.04,161.78,321,9,161.929
DE000ETF9033,214184838,E903,EUR,2022-12-21,163.54,163.9,161.88,163.8,116,14,163.342
DE000ETF9033,214184838,E903,EUR,2022-12-22,163.68,163.68,160.64,161.18,137,9,162.118
DE000ETF9033,214184838,E903,EUR,2022-12-23,161.7,162.38,160.84,161.86,411,12,161.927
DE000ETF9033,214184838,E903,EUR,2022-12-27,162.58,163.58,162.12,162.54,259,15,162.896
DE000ETF9033,214184838,E903,EUR,2022-12-28,161.9,163.28,161.9,162.12,12,3,162.382
DE000ETF9033,214184838,E903,EUR,2022-12-29,161.88,163.96,161.18,163.56,124,11,162.597
DE000ETF9033,214184838,E903,EUR,2022-12-30,162.18,163.1,161.62,161.98,239,11,162.8
DE000ETF9033,214184838,E903,EUR,2023-01-02,163.1,166.34,163.1,165.92,1972,25,164.694
DE000ETF9033,214184838,E903,EUR,2023-01-03,166.66,168.56,166.66,167.58,751,17,167.56
DE000ETF9033,214184838,E903,EUR,2023-01-04,168.02,172.36,168.02,172.1,586,26,171.375
DE000ETF9033,214184838,E903,EUR,2023-01-05,171.98,173.28,171.46,172.82,1552,26,172.95
DE000ETF9033,214184838,E903,EUR,2023-01-06,173.38,174.78,171.64,174.68,138,11,173.575
DE000ETF9033,214184838,E903,EUR,2023-01-09,175.12,176.88,174.48,176.46,1493,31,176.012
DE000ETF9033,214184838,E903,EUR,2023-01-10,175.76,177.44,175.12,176.52,308,19,176.279
DE000ETF9033,214184838,E903,EUR,2023-01-11,177.48,178.56,177.0,178.06,405,14,177.826
DE000ETF9033,214184838,E903,EUR,2023-01-12,179.0,181.12,178.6,180.26,2432,32,179.946
DE000ETF9033,214184838,E903,EUR,2023-01-13,180.0,180.68,178.54,179.14,475,25,179.525
DE000ETF9033,214184838,E903,EUR,2023-01-16,179.56,180.76,178.6,180.44,1118,33,179.934
DE000ETF9033,214184838,E903,EUR,2023-01-17,180.42,181.18,179.28,180.52,508,16,180.323
DE000ETF9033,214184838,E903,EUR,2023-01-18,180.08,180.94,179.6,180.3,554,22,180.309
DE000ETF9033,214184838,E903,EUR,2023-01-19,179.74,179.9,176.82,177.32,730,37,178.213
DE000ETF9033,214184838,E903,EUR,2023-01-20,177.8,178.6,177.58,178.6,307,9,178.163
DE000ETF9033,214184838,E903,EUR,2023-01-23,179.8,179.8,178.62,179.32,442,12,179.582
DE000ETF9033,214184838,E903,EUR,2023-01-24,179.28,180.08,178.3,179.74,531,14,179.295
DE000ETF9033,214184838,E903,EUR,2023-01-25,180.1,180.22,178.86,179.66,282,16,179.803
DE000ETF9033,214184838,E903,EUR,2023-01-26,180.54,180.86,179.1,180.14,2823,24,179.432
DE000ETF9033,214184838,E903,EUR,2023-01-27,179.92,181.36,179.92,181.08,122,13,180.839
DE000ETF9033,214184838,E903,EUR,2023-01-30,180.7,181.12,179.66,180.2,209,19,180.164
DE000ETF9033,214184838,E903,EUR,2023-01-31,179.68,181.66,178.82,180.34,550,16,179.691
DE000ETF9033,214184838,E903,EUR,2023-02-01,180.56,183.58,180.4,181.82,1478,29,181.113
DE000ETF9033,214184838,E903,EUR,2023-02-02,182.38,186.64,182.14,186.02,10907,48,184.896
DE000ETF9033,214184838,E903,EUR,2023-02-03,184.96,185.58,183.94,185.14,287,21,184.97
DE000ETF9033,214184838,E903,EUR,2023-02-06,184.26,184.26,182.38,184.08,533,17,183.72
DE000ETF9033,214184838,E903,EUR,2023-02-07,183.84,184.72,183.24,183.98,468,15,183.921
DE000ETF9033,214184838,E903,EUR,2023-02-08,185.0,185.56,183.52,185.1,124,9,185.088
DE000ETF9033,214184838,E903,EUR,2023-02-09,185.8,187.0,184.72,185.52,749,19,186.513
DE000ETF9033,214184838,E903,EUR,2023-02-10,184.84,185.46,182.52,182.82,366,14,183.788
DE000ETF9033,214184838,E903,EUR,2023-02-13,182.84,183.58,182.26,183.0,483,16,183.3
DE000ETF9033,214184838,E903,EUR,2023-02-14,183.16,184.56,183.16,183.56,396,17,184.004
DE000ETF9033,214184838,E903,EUR,2023-02-15,182.82,184.6,182.82,184.56,1202,30,184.011
DE000ETF9033,214184838,E903,EUR,2023-02-16,185.2,186.1,183.3,184.66,2104,26,184.609
DE000ETF9033,214184838,E903,EUR,2023-02-17,183.0,185.94,182.74,184.96,154,15,183.864
DE000ETF9033,214184838,E903,EUR,2023-02-20,186.12,186.32,185.1,185.96,295,16,185.941
DE000ETF9033,214184838,E903,EUR,2023-02-21,184.98,185.78,183.74,184.46,269,18,184.66
DE000ETF9033,214184838,E903,EUR,2023-02-22,183.42,184.56,182.36,184.12,28,9,183.504
DE000ETF9033,214184838,E903,EUR,2023-02-23,185.32,185.7,183.28,185.14,223,15,185.361
DE000ETF9033,214184838,E903,EUR,2023-02-24,185.22,185.34,180.56,180.56,312,16,182.934
DE000ETF9033,214184838,E903,EUR,2023-02-27,182.04,182.8,181.76,181.76,237,12,182.494
DE000ETF9033,214184838,E903,EUR,2023-02-28,181.98,182.32,181.08,181.66,428,15,181.45
DE000ETF9033,214184838,E903,EUR,2023-03-01,181.8,183.34,181.04,181.04,1385,20,182.493
DE000ETF9033,214184838,E903,EUR,2023-03-02,180.26,181.84,179.52,181.52,556,17,180.722
DE000ETF9033,214184838,E903,EUR,2023-03-03,182.04,185.56,182.04,185.56,471,24,184.407
DE000ETF9033,214184838,E903,EUR,2023-03-06,185.66,186.16,185.36,186.16,473,15,185.777
DE000ETF9033,214184838,E903,EUR,2023-03-07,185.2,186.32,184.52,184.52,378,17,185.386
DE000ETF9033,214184838,E903,EUR,2023-03-08,183.6,185.78,183.6,185.34,947,18,185.108
DE000ETF9033,214184838,E903,EUR,2023-03-09,184.74,185.4,183.66,184.34,435,20,184.453
DE000ETF9033,214184838,E903,EUR,2023-03-10,181.28,183.28,180.14,182.38,242,20,181.626
DE000ETF9033,214184838,E903,EUR,2023-03-13,183.82,183.82,175.6,177.06,4031,41,178.489
DE000ETF9033,214184838,E903,EUR,2023-03-14,176.72,180.84,176.08,178.98,4647,27,179.511
DE000ETF9033,214184838,E903,EUR,2023-03-15,179.1,179.18,174.24,174.24,1474,31,176.933
DE000ETF9033,214184838,E903,EUR,2023-03-16,176.76,176.76,171.98,175.18,436,11,173.971
DE000ETF9033,214184838,E903,EUR,2023-03-17,176.72,177.36,172.5,172.96,1191,12,174.044
DE000ETF9033,214184838,E903,EUR,2023-03-20,170.44,175.7,169.66,175.04,1028,27,173.756
DE000ETF9033,214184838,E903,EUR,2023-03-21,177.14,178.44,176.26,178.0,323,16,177.6
DE000ETF9033,214184838,E903,EUR,2023-03-22,178.5,179.18,177.68,178.38,316,13,178.504
DE000ETF9033,214184838,E903,EUR,2023-03-23,178.0,178.12,176.7,177.78,358,9,177.79
DE000ETF9033,214184838,E903,EUR,2023-03-24,176.56,177.52,173.24,175.28,273,13,174.388
DE000ETF9033,214184838,E903,EUR,2023-03-27,177.0,177.44,175.98,176.82,799,12,176.996
DE000ETF9033,214184838,E903,EUR,2023-03-28,177.94,178.34,176.58,177.58,51,8,177.057
DE000ETF9033,214184838,E903,EUR,2023-03-29,178.02,179.06,177.56,179.02,84,8,178.374
DE000ETF9033,214184838,E903,EUR,2023-03-30,179.62,181.6,179.62,181.1,725,16,181.219
DE000ETF9033,214184838,E903,EUR,2023-03-31,180.88,182.24,180.88,182.24,3500,10,181.89
DE000ETF9033,214184838,E903,EUR,2023-04-03,182.46,182.46,181.46,181.96,1438,22,182.071
DE000ETF9033,214184838,E903,EUR,2023-04-04,181.8,183.8,181.8,182.44,354,16,183.582
DE000ETF9033,214184838,E903,EUR,2023-04-05,182.28,182.28,181.04,181.78,622,8,181.441
DE000ETF9033,214184838,E903,EUR,2023-04-06,180.08,183.8,180.08,182.7,45,7,182.204
DE000ETF9033,214184838,E903,EUR,2023-04-11,184.34,184.48,183.32,183.86,753,23,184.018
DE000ETF9033,214184838,E903,EUR,2023-04-12,184.2,185.5,184.16,184.9,588,16,184.653
DE000ETF9033,214184838,E903,EUR,2023-04-13,184.96,185.6,184.04,185.34,1743,25,184.935
DE000ETF9033,214184838,E903,EUR,2023-04-14,185.86,187.1,185.44,186.46,802,24,186.096
DE000ETF9033,214184838,E903,EUR,2023-04-17,186.1,187.22,185.26,185.72,1646,30,186.429
DE000ETF9033,214184838,E903,EUR,2023-04-18,186.7,187.64,186.08,187.1,187,15,187.086
DE000ETF9033,214184838,E903,EUR,2023-04-19,186.32,188.44,186.32,187.76,329,19,187.222
DE000ETF9033,214184838,E903,EUR,2023-04-20,187.14,187.14,185.08,185.86,155,9,186.121
DE000ETF9033,214184838,E903,EUR,2023-04-21,186.0,186.2,184.46,185.78,516,22,185.279
DE000ETF9033,214184838,E903,EUR,2023-04-24,184.7,186.44,184.7,185.98,758,16,185.744
DE000ETF9033,214184838,E903,EUR,2023-04-25,185.3,185.3,184.16,185.22,258,11,184.675
DE000ETF9033,214184838,E903,EUR,2023-04-26,184.94,185.42,184.26,185.08,60,9,184.842
DE000ETF9033,214184838,E903,EUR,2023-04-27,183.88,185.58,183.88,184.84,13,4,184.832
DE000ETF9033,214184838,E903,EUR,2023-04-28,186.5,186.88,183.42,186.26,2437,17,186.348
DE000ETF9033,214184838,E903,EUR,2023-05-02,186.84,188.8,183.58,184.18,1514,25,187.005
DE000ETF9033,214184838,E903,EUR,2023-05-03,184.32,186.08,184.32,185.34,238,13,184.884
DE000ETF9033,214184838,E903,EUR,2023-05-04,184.16,185.84,183.82,184.8,140,12,184.427
DE000ETF9033,214184838,E903,EUR,2023-05-05,184.84,188.1,184.44,187.8,1144,18,187.615
DE000ETF9033,214184838,E903,EUR,2023-05-08,187.52,189.0,186.7,187.78,4017,32,188.511
DE000ETF9033,214184838,E903,EUR,2023-05-09,188.66,188.66,187.26,188.1,1636,20,187.825
DE000ETF9033,214184838,E903,EUR,2023-05-10,187.68,188.54,186.86,187.46,732,13,187.73
DE000ETF9033,214184838,E903,EUR,2023-05-11,187.16,188.0,185.0,185.82,343,17,185.556
DE000ETF9033,214184838,E903,EUR,2023-05-12,186.06,186.48,185.34,185.96,302,14,186.094
DE000ETF9033,214184838,E903,EUR,2023-05-15,186.02,187.04,184.84,186.14,4023,45,185.773
DE000ETF9033,214184838,E903,EUR,2023-05-16,186.04,186.04,184.52,185.04,345,16,185.16
DE000ETF9033,214184838,E903,EUR,2023-05-17,184.12,185.7,184.12,185.3,446,8,185.235
DE000ETF9033,214184838,E903,EUR,2023-05-18,185.4,188.0,185.4,187.5,812,17,187.339
DE000ETF9033,214184838,E903,EUR,2023-05-19,187.8,189.62,187.7,189.22,1383,26,188.821
DE000ETF9033,214184838,E903,EUR,2023-05-22,188.88,189.56,188.36,188.82,217,14,189.072
DE000ETF9033,214184838,E903,EUR,2023-05-23,188.18,189.42,187.9,189.36,2085,23,188.934
DE000ETF9033,214184838,E903,EUR,2023-05-24,187.4,187.4,185.52,186.06,222,15,185.968
DE000ETF9033,214184838,E903,EUR,2023-05-25,185.56,185.56,184.26,185.08,705,14,184.802
DE000ETF9033,214184838,E903,EUR,2023-05-26,185.56,187.72,184.28,187.16,533,10,186.321
DE000ETF9033,214184838,E903,EUR,2023-05-29,186.86,188.84,186.28,187.0,146,7,188.453
DE000ETF9033,214184838,E903,EUR,2023-05-30,186.6,187.56,185.3,186.06,467,14,187.114
DE000ETF9033,214184838,E903,EUR,2023-05-31,184.36,185.4,182.32,182.92,605,21,183.806
DE000ETF9033,214184838,E903,EUR,2023-06-01,183.48,184.9,183.4,184.9,1031,21,183.758
DE000ETF9033,214184838,E903,EUR,2023-06-02,185.1,187.32,185.1,186.82,727,19,186.459
DE000ETF9033,214184838,E903,EUR,2023-06-05,186.18,187.72,185.78,186.62,438,18,187.078
DE000ETF9033,214184838,E903,EUR,2023-06-06,185.36,187.02,185.36,186.4,102,12,186.17
DE000ETF9033,214184838,E903,EUR,2023-06-07,186.04,186.34,185.6,185.94,441,13,185.99
DE000ETF9033,214184838,E903,EUR,2023-06-08,186.2,187.58,186.2,186.7,155,7,187.142
DE000ETF9033,214184838,E903,EUR,2023-06-09,185.84,185.98,185.22,185.68,85,10,185.469
DE000ETF9033,214184838,E903,EUR,2023-06-12,187.38,187.38,186.4,186.94,308,11,186.789
DE000ETF9033,214184838,E903,EUR,2023-06-13,188.0,188.08,187.0,188.0,344,12,187.579
DE000ETF9033,214184838,E903,EUR,2023-06-14,187.46,190.18,187.28,189.62,1475,21,189.535
DE000ETF9033,214184838,E903,EUR,2023-06-15,189.18,189.18,188.1,189.18,930,15,188.906
DE000ETF9033,214184838,E903,EUR,2023-06-16,189.4,189.62,188.7,189.5,158,13,189.175
DE000ETF9033,214184838,E903,EUR,2023-06-19,188.08,189.4,187.56,187.94,300,15,188.162
DE000ETF9033,214184838,E903,EUR,2023-06-20,186.98,187.42,186.32,186.52,540,15,186.908
DE000ETF9033,214184838,E903,EUR,2023-06-21,186.06,186.2,184.98,185.4,418,10,185.586
DE000ETF9033,214184838,E903,EUR,2023-06-22,183.76,184.72,183.14,184.48,68,9,183.867
DE000ETF9033,214184838,E903,EUR,2023-06-23,183.56,185.02,182.82,184.34,322,15,183.877
DE000ETF9033,214184838,E903,EUR,2023-06-26,184.24,185.06,183.38,184.64,526,18,183.959
DE000ETF9033,214184838,E903,EUR,2023-06-27,184.52,186.02,184.3,185.4,43,11,185.165
DE000ETF9033,214184838,E903,EUR,2023-06-28,186.82,187.5,186.42,187.5,1355,9,186.618
DE000ETF9033,214184838,E903,EUR,2023-06-29,186.92,188.02,186.9,187.34,75,8,187.383
DE000ETF9033,214184838,E903,EUR,2023-06-30,188.14,189.76,188.0,189.24,269,13,189.297
DE000ETF9033,214184838,E903,EUR,2023-07-03,190.0,190.66,189.2,189.68,1094,20,190.248
DE000ETF9033,214184838,E903,EUR,2023-07-04,189.86,190.08,188.72,188.98,102,14,188.959
DE000ETF9033,214184838,E903,EUR,2023-07-05,188.12,188.6,187.26,188.12,695,10,187.632
DE000ETF9033,214184838,E903,EUR,2023-07-06,186.76,186.76,182.5,182.74,1456,23,183.517
DE000ETF9033,214184838,E903,EUR,2023-07-07,182.46,184.34,182.46,184.1,754,19,183.756
DE000ETF9033,214184838,E903,EUR,2023-07-10,183.86,185.0,183.32,184.14,318,12,184.402
DE000ETF9033,214184838,E903,EUR,2023-07-11,183.96,185.48,183.96,185.48,170,7,184.76
DE000ETF9033,214184838,E903,EUR,2023-07-12,186.26,187.88,186.26,187.88,106,7,186.827
DE000ETF9033,214184838,E903,EUR,2023-07-13,187.76,189.24,187.38,188.92,3296,30,188.548
DE000ETF9033,214184838,E903,EUR,2023-07-14,187.74,188.02,187.34,187.9,1453,8,187.729
DE000ETF9033,214184838,E903,EUR,2023-07-17,186.88,187.98,186.2,187.48,1473,21,187.346
DE000ETF9033,214184838,E903,EUR,2023-07-18,187.34,189.26,186.98,188.76,2478,22,189.062
DE000ETF9033,214184838,E903,EUR,2023-07-19,189.02,189.9,188.22,189.12,1110,18,189.253
DE000ETF9033,214184838,E903,EUR,2023-07-20,188.7,190.88,188.7,190.58,468,15,190.239
DE000ETF9033,214184838,E903,EUR,2023-07-21,189.52,190.78,189.2,190.68,303,13,190.512
DE000ETF9033,214184838,E903,EUR,2023-07-24,190.48,191.56,190.02,191.0,399,23,190.752
DE000ETF9033,214184838,E903,EUR,2023-07-25,190.56,191.18,190.56,191.02,316,12,190.652
DE000ETF9033,214184838,E903,EUR,2023-07-26,190.52,190.78,187.64,189.7,350,17,188.702
DE000ETF9033,214184838,E903,EUR,2023-07-27,190.2,192.94,189.84,192.64,843,21,191.467
DE000ETF9033,214184838,E903,EUR,2023-07-28,192.18,193.96,191.8,193.96,688,18,193.2
DE000ETF9033,214184838,E903,EUR,2023-07-31,193.68,193.96,192.28,192.82,263,15,193.57
DE000ETF9033,214184838,E903,EUR,2023-08-01,192.42,192.42,189.64,190.44,4223,31,191.534
DE000ETF9033,214184838,E903,EUR,2023-08-02,188.24,188.38,186.94,187.44,384,11,187.633
DE000ETF9033,214184838,E903,EUR,2023-08-03,186.26,186.54,185.7,186.54,231,15,186.108
DE000ETF9033,214184838,E903,EUR,2023-08-04,187.12,187.32,185.9,187.22,831,12,186.923
DE000ETF9033,214184838,E903,EUR,2023-08-07,186.3,187.72,185.44,187.48,1046,25,186.527
DE000ETF9033,214184838,E903,EUR,2023-08-08,187.2,187.2,184.38,185.14,544,14,185.403
DE000ETF9033,214184838,E903,EUR,2023-08-09,186.26,186.98,185.66,185.74,276,7,186.035
DE000ETF9033,214184838,E903,EUR,2023-08-10,186.54,188.86,186.54,188.84,166,9,188.231
DE000ETF9033,214184838,E903,EUR,2023-08-11,187.88,187.88,186.66,186.66,6,2,187.847
DE000ETF9033,214184838,E903,EUR,2023-08-14,186.36,187.94,186.36,187.32,119,11,186.853
DE000ETF9033,214184838,E903,EUR,2023-08-15,187.38,187.46,184.86,185.48,1146,24,186.038
DE000ETF9033,214184838,E903,EUR,2023-08-16,184.28,186.02,184.28,185.76,43,11,185.577
DE000ETF9033,214184838,E903,EUR,2023-08-17,184.26,186.2,184.18,185.52,106,11,185.361
DE000ETF9033,214184838,E903,EUR,2023-08-18,185.28,185.28,183.78,184.42,396,10,184.541
DE000ETF9033,214184838,E903,EUR,2023-08-21,185.28,185.78,183.98,184.56,196,8,185.06
DE000ETF9033,214184838,E903,EUR,2023-08-22,185.26,186.02,185.0,185.0,30,5,185.651
DE000ETF9033,214184838,E903,EUR,2023-08-23,185.32,186.2,184.58,184.68,146,11,185.298
DE000ETF9033,214184838,E903,EUR,2023-08-24,185.4,185.4,182.86,183.6,2298,14,184.203
DE000ETF9033,214184838,E903,EUR,2023-08-25,183.92,184.8,183.68,183.92,108,10,184.236
DE000ETF9033,214184838,E903,EUR,2023-08-28,184.62,185.48,184.62,185.48,55,7,184.922
DE000ETF9033,214184838,E903,EUR,2023-08-29,185.5,187.38,185.5,186.66,47,9,186.66
DE000ETF9033,214184838,E903,EUR,2023-08-30,186.98,186.98,185.98,186.2,223,16,186.503
DE000ETF9033,214184838,E903,EUR,2023-08-31,186.8,187.92,186.8,186.88,589,16,187.467
DE000ETF9033,214184838,E903,EUR,2023-09-01,186.84,187.12,185.28,185.64,1049,21,186.624
DE000ETF9033,214184838,E903,EUR,2023-09-04,185.54,186.52,184.28,184.76,1030,27,185.837
DE000ETF9033,214184838,E903,EUR,2023-09-05,183.94,185.16,183.94,184.78,351,13,184.741
DE000ETF9033,214184838,E903,EUR,2023-09-06,184.06,184.62,183.2,184.44,206,10,184.344
DE000ETF9033,214184838,E903,EUR,2023-09-07,183.8,185.14,183.66,183.82,475,19,184.109
DE000ETF9033,214184838,E903,EUR,2023-09-08,184.42,184.42,182.26,184.02,262,8,182.424
DE000ETF9033,214184838,E903,EUR,2023-09-11,184.74,186.46,184.74,186.44,205,20,185.806
DE000ETF9033,214184838,E903,EUR,2023-09-12,186.26,186.52,186.14,186.52,29,4,186.297
DE000ETF9033,214184838,E903,EUR,2023-09-13,185.2,186.82,184.94,185.44,66,6,185.958
DE000ETF9033,214184838,E903,EUR,2023-09-14,184.42,188.1,184.42,187.22,223,13,186.646
DE000ETF9033,214184838,E903,EUR,2023-09-15,188.74,189.6,188.3,188.3,1598,28,189.022
DE000ETF9033,214184838,E903,EUR,2023-09-18,188.66,188.66,186.0,186.54,264,15,187.231
DE000ETF9033,214184838,E903,EUR,2023-09-19,186.62,187.8,186.6,186.6,37,7,187.128
DE000ETF9033,214184838,E903,EUR,2023-09-20,186.74,189.04,186.74,188.46,4261,19,188.357
DE000ETF9033,214184838,E903,EUR,2023-09-21,187.08,187.34,186.08,186.16,110,6,186.612
DE000ETF9033,214184838,E903,EUR,2023-09-22,185.18,186.66,185.18,185.9,248,14,185.639
DE000ETF9033,214184838,E903,EUR,2023-09-25,185.36,186.26,183.46,183.92,534,22,184.408
DE000ETF9033,214184838,E903,EUR,2023-09-26,174.46,174.46,172.46,172.74,340,28,173.24
DE000ETF9033,214184838,E903,EUR,2023-09-27,172.94,173.04,170.62,171.32,331,25,171.765
DE000ETF9033,214184838,E903,EUR,2023-09-28,172.12,172.7,170.92,172.1,412,25,171.305
DE000ETF9033,214184838,E903,EUR,2023-09-29,172.98,173.9,171.8,172.1,4036,30,173.222
DE000ETF9033,214184838,E903,EUR,2023-10-02,172.36,173.46,169.22,170.4,2530,50,172.421
DE000ETF9033,214184838,E903,EUR,2023-10-03,169.62,169.62,168.04,168.24,68,11,168.591
DE000ETF9033,214184838,E903,EUR,2023-10-04,167.08,169.16,167.0,168.44,981,21,168.47
DE000ETF9033,214184838,E903,EUR,2023-10-05,168.8,169.02,167.86,168.32,906,21,168.39
DE000ETF9033,214184838,E903,EUR,2023-10-06,168.1,169.7,168.1,169.7,470,24,169.031
DE000ETF9033,214184838,E903,EUR,2023-10-09,168.84,168.86,167.32,167.78,835,23,167.903
DE000ETF9033,214184838,E903,EUR,2023-10-10,168.58,171.3,168.58,171.06,124,9,170.926
DE000ETF9033,214184838,E903,EUR,2023-10-11,171.0,171.58,170.18,171.22,225,12,170.833
DE000ETF9033,214184838,E903,EUR,2023-10-12,171.7,172.78,170.1,170.84,266,22,171.529
DE000ETF9033,214184838,E903,EUR,2023-10-13,170.88,170.88,169.08,169.36,84,13,169.841
DE000ETF9033,214184838,E903,EUR,2023-10-16,169.62,170.96,168.98,170.2,1362,30,169.903
DE000ETF9033,214184838,E903,EUR,2023-10-17,170.64,170.78,168.72,169.84,535,14,169.343
DE000ETF9033,214184838,E903,EUR,2023-10-18,170.22,170.22,167.26,168.04,431,14,168.638
DE000ETF9033,214184838,E903,EUR,2023-10-19,166.92,166.98,165.34,165.9,444,17,165.742
DE000ETF9033,214184838,E903,EUR,2023-10-20,165.0,165.0,162.9,163.18,2044,32,163.93
DE000ETF9033,214184838,E903,EUR,2023-10-23,163.7,163.76,161.4,163.14,1538,35,162.474
DE000ETF9033,214184838,E903,EUR,2023-10-24,163.46,163.74,162.38,163.14,114,12,163.166
DE000ETF9033,214184838,E903,EUR,2023-10-25,162.74,163.7,162.74,163.58,186,10,163.425
DE000ETF9033,214184838,E903,EUR,2023-10-26,162.26,162.42,160.6,161.84,130,11,161.698
DE000ETF9033,214184838,E903,EUR,2023-10-27,161.48,163.42,160.38,161.36,214,10,162.054
DE000ETF9033,214184838,E903,EUR,2023-10-30,161.88,162.44,161.56,161.7,790,21,162.091
DE000ETF9033,214184838,E903,EUR,2023-10-31,162.14,163.02,162.14,162.36,360,14,162.559
DE000ETF9033,214184838,E903,EUR,2023-11-01,163.26,164.12,162.34,163.6,1939,27,163.284
DE000ETF9033,214184838,E903,EUR,2023-11-02,163.98,166.82,163.98,166.08,906,23,166.316
DE000ETF9033,214184838,E903,EUR,2023-11-03,166.18,168.14,166.18,167.08,481,17,167.338
DE000ETF9033,214184838,E903,EUR,2023-11-06,167.3,167.3,165.64,166.02,718,22,166.452
DE000ETF9033,214184838,E903,EUR,2023-11-07,164.86,165.4,164.22,164.88,669,16,164.858
DE000ETF9033,214184838,E903,EUR,2023-11-08,164.34,165.82,164.34,165.74,55,3,165.75
DE000ETF9033,214184838,E903,EUR,2023-11-09,165.58,167.24,165.3,166.82,542,8,166.252
DE000ETF9033,214184838,E903,EUR,2023-11-10,165.52,166.46,165.02,165.1,280,8,166.048
DE000ETF9033,214184838,E903,EUR,2023-11-13,165.22,166.4,165.22,166.06,309,20,165.599
DE000ETF9033,214184838,E903,EUR,2023-11-14,165.8,169.62,165.8,169.3,670,11,168.583
DE000ETF9033,214184838,E903,EUR,2023-11-15,169.92,170.52,169.16,170.18,779,17,169.897
DE000ETF9033,214184838,E903,EUR,2023-11-16,170.02,170.16,169.16,169.16,85,10,169.688
DE000ETF9033,214184838,E903,EUR,2023-11-17,170.2,171.68,170.2,171.08,273,13,170.522
DE000ETF9033,214184838,E903,EUR,2023-11-20,170.7,171.44,168.78,169.4,283,21,169.285
DE000ETF9033,214184838,E903,EUR,2023-11-21,169.74,169.74,168.42,168.54,220,12,168.954
DE000ETF9033,214184838,E903,EUR,2023-11-22,168.82,169.0,168.16,168.54,266,17,168.762
DE000ETF9033,214184838,E903,EUR,2023-11-23,168.1,169.04,168.1,168.76,382,18,168.801
DE000ETF9033,214184838,E903,EUR,2023-11-24,169.06,169.94,168.74,169.68,249,14,169.28
DE000ETF9033,214184838,E903,EUR,2023-11-27,169.16,169.5,168.12,168.34,276,13,168.798
DE000ETF9033,214184838,E903,EUR,2023-11-28,167.58,168.02,167.08,168.02,658,15,167.316
DE000ETF9033,214184838,E903,EUR,2023-11-29,168.22,170.32,168.22,169.92,447,7,169.4
DE000ETF9033,214184838,E903,EUR,2023-11-30,169.42,170.44,169.42,170.28,36,5,169.96
DE000ETF9033,214184838,E903,EUR,2023-12-01,170.64,172.86,170.62,172.26,1765,32,171.326
DE000ETF9033,214184838,E903,EUR,2023-12-04,172.7,172.7,171.44,172.36,862,21,171.837
DE000ETF9033,214184838,E903,EUR,2023-12-05,171.7,174.46,171.7,174.46,641,14,173.479
DE000ETF9033,214184838,E903,EUR,2023-12-06,174.32,177.0,174.26,176.72,468,27,175.443
DE000ETF9033,214184838,E903,EUR,2023-12-07,175.96,177.04,175.8,176.74,1012,25,176.382
DE000ETF9033,214184838,E903,EUR,2023-12-08,176.56,178.4,176.54,178.18,474,16,177.463
DE000ETF9033,214184838,E903,EUR,2023-12-11,177.94,178.94,177.26,178.9,689,23,177.68
DE000ETF9033,214184838,E903,EUR,2023-12-12,178.92,179.18,178.26,178.58,642,17,178.892
DE000ETF9033,214184838,E903,EUR,2023-12-13,178.16,179.62,178.16,178.84,936,18,178.873
DE000ETF9033,214184838,E903,EUR,2023-12-14,180.62,181.82,178.86,179.86,1036,27,180.893
DE000ETF9033,214184838,E903,EUR,2023-12-15,179.66,182.64,179.66,180.4,1317,32,181.032
DE000ETF9033,214184838,E903,EUR,2023-12-18,180.84,180.84,179.08,179.18,227,23,179.955
DE000ETF9033,214184838,E903,EUR,2023-12-19,179.22,179.96,178.9,179.78,178,15,179.304
DE000ETF9033,214184838,E903,EUR,2023-12-20,179.6,180.56,179.46,179.98,170,14,180.131
DE000ETF9033,214184838,E903,EUR,2023-12-21,178.66,179.24,178.28,179.24,279,14,178.567
DE000ETF9033,214184838,E903,EUR,2023-12-22,178.94,180.88,178.94,179.92,265,17,179.724
DE000ETF9033,214184838,E903,EUR,2023-12-27,180.04,180.98,179.02,180.08,1223,36,179.885
DE000ETF9033,214184838,E903,EUR,2023-12-28,180.24,180.24,179.04,179.3,1013,27,179.322
DE000ETF9033,214184838,E903,EUR,2023-12-29,179.24,180.3,179.24,179.8,601,10,179.63
