ISIN,conId,Symbol,Currency,date,open,high,low,close,volume,barCount,average
DK0060655629,206867091,DFDS,DKK,2019-01-02,262.8,275.0,259.4,274.8,205781,2114,269.7
DK0060655629,206867091,DFDS,DKK,2019-01-03,275.0,279.2,271.8,273.6,167965,2460,275.74
DK0060655629,206867091,DFDS,DKK,2019-01-04,275.6,291.4,274.8,291.4,216236,2335,284.27
DK0060655629,206867091,DFDS,DKK,2019-01-07,294.0,294.0,285.2,290.8,144416,1523,288.58
DK0060655629,206867091,DFDS,DKK,2019-01-08,291.0,294.4,288.6,290.4,205769,2295,291.0
DK0060655629,206867091,DFDS,DKK,2019-01-09,294.0,298.0,289.8,292.6,222197,1966,293.76
DK0060655629,206867091,DFDS,DKK,2019-01-10,291.8,294.8,285.6,290.2,125903,1144,289.55
DK0060655629,206867091,DFDS,DKK,2019-01-11,290.8,294.6,289.6,294.6,143229,1593,292.01
DK0060655629,206867091,DFDS,DKK,2019-01-14,294.6,300.2,289.4,297.4,216127,2352,296.39
DK0060655629,206867091,DFDS,DKK,2019-01-15,299.2,299.4,281.8,281.8,151912,1758,286.92
DK0060655629,206867091,DFDS,DKK,2019-01-16,280.8,297.4,280.8,294.8,116040,1230,291.55
DK0060655629,206867091,DFDS,DKK,2019-01-17,296.0,299.0,289.4,297.2,110422,1207,295.32
DK0060655629,206867091,DFDS,DKK,2019-01-18,298.4,307.2,298.4,305.0,167960,1988,303.44
DK0060655629,206867091,DFDS,DKK,2019-01-21,306.0,315.8,302.6,314.6,142368,1333,310.87
DK0060655629,206867091,DFDS,DKK,2019-01-22,314.8,319.0,305.4,308.0,142336,1739,312.39
DK0060655629,206867091,DFDS,DKK,2019-01-23,311.0,311.6,303.0,307.6,123188,1400,307.44
DK0060655629,206867091,DFDS,DKK,2019-01-24,307.0,313.8,307.0,312.2,106567,1255,311.69
DK0060655629,206867091,DFDS,DKK,2019-01-25,314.0,316.6,309.8,313.0,74146,831,312.36
DK0060655629,206867091,DFDS,DKK,2019-01-28,312.8,313.8,303.8,306.0,90951,1204,308.48
DK0060655629,206867091,DFDS,DKK,2019-01-29,305.2,309.0,304.6,305.4,111588,1431,305.95
DK0060655629,206867091,DFDS,DKK,2019-01-30,306.0,312.2,304.2,311.0,84527,1137,309.2
DK0060655629,206867091,DFDS,DKK,2019-01-31,312.0,316.6,307.0,307.6,134161,1210,310.13
DK0060655629,206867091,DFDS,DKK,2019-02-01,309.0,313.2,306.4,308.6,83063,854,308.98
DK0060655629,206867091,DFDS,DKK,2019-02-04,311.0,313.0,306.2,312.0,102767,958,310.19
DK0060655629,206867091,DFDS,DKK,2019-02-05,312.6,317.4,309.8,314.4,120538,1231,314.55
DK0060655629,206867091,DFDS,DKK,2019-02-06,315.8,320.2,306.6,306.6,140454,1153,312.01
DK0060655629,206867091,DFDS,DKK,2019-02-07,306.6,308.0,286.6,290.4,396290,4155,293.58
DK0060655629,206867091,DFDS,DKK,2019-02-08,290.4,296.4,285.8,290.0,186557,2098,290.33
DK0060655629,206867091,DFDS,DKK,2019-02-11,295.0,295.2,284.8,286.8,154092,1449,288.88
DK0060655629,206867091,DFDS,DKK,2019-02-12,286.8,291.6,286.0,289.2,153223,1299,288.54
DK0060655629,206867091,DFDS,DKK,2019-02-13,291.4,292.4,286.4,290.0,99436,1048,290.03
DK0060655629,206867091,DFDS,DKK,2019-02-14,292.2,295.0,288.2,291.0,144223,1416,291.31
DK0060655629,206867091,DFDS,DKK,2019-02-15,291.8,295.4,289.6,293.4,79129,845,292.97
DK0060655629,206867091,DFDS,DKK,2019-02-18,293.6,297.2,291.8,296.6,65068,705,295.31
DK0060655629,206867091,DFDS,DKK,2019-02-19,298.2,298.2,291.4,293.4,76407,975,293.18
DK0060655629,206867091,DFDS,DKK,2019-02-20,295.2,295.2,290.6,293.4,61554,652,292.73
DK0060655629,206867091,DFDS,DKK,2019-02-21,293.4,299.0,291.4,298.6,90505,957,296.69
DK0060655629,206867091,DFDS,DKK,2019-02-22,298.8,300.6,297.2,299.4,63620,757,299.41
DK0060655629,206867091,DFDS,DKK,2019-02-25,302.0,303.6,298.8,303.6,73034,983,302.05
DK0060655629,206867091,DFDS,DKK,2019-02-26,303.4,307.8,300.2,307.0,89657,991,304.62
DK0060655629,206867091,DFDS,DKK,2019-02-27,305.8,309.2,302.2,305.4,103713,1411,306.22
DK0060655629,206867091,DFDS,DKK,2019-02-28,304.0,304.0,296.8,299.8,106281,962,299.33
DK0060655629,206867091,DFDS,DKK,2019-03-01,302.8,302.8,296.4,297.6,122526,1032,298.31
DK0060655629,206867091,DFDS,DKK,2019-03-04,294.0,305.6,292.0,305.0,141173,1255,299.58
DK0060655629,206867091,DFDS,DKK,2019-03-05,305.8,308.0,303.6,306.4,80412,957,305.71
DK0060655629,206867091,DFDS,DKK,2019-03-06,306.0,306.0,299.0,302.4,71442,727,301.55
DK0060655629,206867091,DFDS,DKK,2019-03-07,301.2,301.2,296.4,298.0,67244,742,298.6
DK0060655629,206867091,DFDS,DKK,2019-03-08,295.6,299.0,294.0,297.8,65379,878,296.84
DK0060655629,206867091,DFDS,DKK,2019-03-11,297.6,298.4,293.6,295.4,75674,1009,295.36
DK0060655629,206867091,DFDS,DKK,2019-03-12,296.8,302.0,296.2,297.8,90675,942,299.4
DK0060655629,206867091,DFDS,DKK,2019-03-13,298.0,300.8,294.6,296.2,71677,742,297.14
DK0060655629,206867091,DFDS,DKK,2019-03-14,296.4,304.0,295.4,300.0,100069,1129,300.01
DK0060655629,206867091,DFDS,DKK,2019-03-15,302.4,302.8,296.4,297.8,79927,916,298.1
DK0060655629,206867091,DFDS,DKK,2019-03-18,299.0,308.0,297.2,306.0,106949,1092,304.63
DK0060655629,206867091,DFDS,DKK,2019-03-19,306.0,313.8,304.6,310.8,114909,1127,308.78
DK0060655629,206867091,DFDS,DKK,2019-03-20,310.8,310.8,301.0,302.6,126064,1374,303.42
DK0060655629,206867091,DFDS,DKK,2019-03-21,303.0,304.6,292.8,300.0,229994,2254,297.07
DK0060655629,206867091,DFDS,DKK,2019-03-22,302.2,302.2,295.6,295.8,114002,1643,297.97
DK0060655629,206867091,DFDS,DKK,2019-03-25,293.6,293.8,286.6,291.2,106237,1813,289.51
DK0060655629,206867091,DFDS,DKK,2019-03-26,291.2,291.2,283.4,286.0,101404,1059,286.66
DK0060655629,206867091,DFDS,DKK,2019-03-27,284.0,285.0,277.2,278.2,100357,987,280.26
DK0060655629,206867091,DFDS,DKK,2019-03-28,277.2,279.8,273.6,274.6,89734,1001,275.77
DK0060655629,206867091,DFDS,DKK,2019-03-29,274.0,278.4,273.6,275.4,94046,930,275.52
DK0060655629,206867091,DFDS,DKK,2019-04-01,275.4,290.0,274.0,288.2,218900,2587,283.15
DK0060655629,206867091,DFDS,DKK,2019-04-02,289.6,291.8,285.8,290.4,91827,1103,289.78
DK0060655629,206867091,DFDS,DKK,2019-04-03,292.2,302.8,291.6,300.8,139094,1472,299.15
DK0060655629,206867091,DFDS,DKK,2019-04-04,300.8,302.2,294.6,300.2,78068,818,297.8
DK0060655629,206867091,DFDS,DKK,2019-04-05,299.8,303.2,298.2,300.8,73047,815,300.95
DK0060655629,206867091,DFDS,DKK,2019-04-08,300.8,304.0,299.2,302.2,62042,704,302.0
DK0060655629,206867091,DFDS,DKK,2019-04-09,303.2,305.0,299.0,302.0,61119,754,302.34
DK0060655629,206867091,DFDS,DKK,2019-04-10,302.8,304.6,300.2,304.6,76130,956,303.2
DK0060655629,206867091,DFDS,DKK,2019-04-11,304.4,307.6,302.4,306.4,95876,1163,306.0
DK0060655629,206867091,DFDS,DKK,2019-04-12,307.8,310.8,304.6,307.4,76033,775,307.93
DK0060655629,206867091,DFDS,DKK,2019-04-15,307.0,312.8,306.8,309.4,64411,912,310.59
DK0060655629,206867091,DFDS,DKK,2019-04-16,309.4,315.6,309.0,315.4,67031,922,313.02
DK0060655629,206867091,DFDS,DKK,2019-04-17,315.6,316.6,310.6,314.4,113455,1441,313.67
DK0060655629,206867091,DFDS,DKK,2019-04-23,316.8,316.8,309.6,315.6,91645,1011,312.94
DK0060655629,206867091,DFDS,DKK,2019-04-24,317.0,324.6,315.8,315.8,123393,1349,318.17
DK0060655629,206867091,DFDS,DKK,2019-04-25,318.0,319.0,312.4,318.0,80672,956,316.58
DK0060655629,206867091,DFDS,DKK,2019-04-26,318.2,318.2,313.2,315.0,63490,662,314.91
DK0060655629,206867091,DFDS,DKK,2019-04-29,317.0,319.0,311.8,312.8,55766,651,315.08
DK0060655629,206867091,DFDS,DKK,2019-04-30,314.2,318.0,312.2,315.8,80652,774,315.94
DK0060655629,206867091,DFDS,DKK,2019-05-01,318.0,318.0,312.2,313.4,32260,361,313.73
DK0060655629,206867091,DFDS,DKK,2019-05-02,310.0,311.2,307.8,311.0,64498,739,310.04
DK0060655629,206867091,DFDS,DKK,2019-05-03,309.2,310.4,306.8,307.8,55316,658,308.88
DK0060655629,206867091,DFDS,DKK,2019-05-06,304.4,305.8,299.4,302.4,38350,468,301.82
DK0060655629,206867091,DFDS,DKK,2019-05-07,300.6,305.0,298.8,300.4,49479,744,301.4
DK0060655629,206867091,DFDS,DKK,2019-05-08,299.0,303.8,292.8,297.2,119694,1079,297.49
DK0060655629,206867091,DFDS,DKK,2019-05-09,295.0,299.0,279.2,282.2,152571,1734,286.16
DK0060655629,206867091,DFDS,DKK,2019-05-10,283.2,286.2,280.2,284.4,121090,1269,282.65
DK0060655629,206867091,DFDS,DKK,2019-05-13,284.0,284.0,272.4,276.0,194976,1808,275.39
DK0060655629,206867091,DFDS,DKK,2019-05-14,276.0,279.6,270.8,274.2,102204,1049,273.94
DK0060655629,206867091,DFDS,DKK,2019-05-15,275.0,277.2,266.0,268.6,247561,2174,268.99
DK0060655629,206867091,DFDS,DKK,2019-05-16,269.6,271.2,268.0,271.2,83344,993,269.73
DK0060655629,206867091,DFDS,DKK,2019-05-20,268.6,272.0,262.8,265.8,97925,1120,266.77
DK0060655629,206867091,DFDS,DKK,2019-05-21,266.2,271.2,266.2,269.2,88824,993,269.02
DK0060655629,206867091,DFDS,DKK,2019-05-22,271.0,272.8,267.4,267.4,71521,935,269.46
DK0060655629,206867091,DFDS,DKK,2019-05-23,267.8,267.8,262.4,262.4,103104,932,263.72
DK0060655629,206867091,DFDS,DKK,2019-05-24,264.2,266.0,259.6,260.0,180871,1895,261.96
DK0060655629,206867091,DFDS,DKK,2019-05-27,260.0,263.8,259.2,260.8,41017,439,261.07
DK0060655629,206867091,DFDS,DKK,2019-05-28,260.2,261.8,257.6,261.4,160583,1037,260.32
DK0060655629,206867091,DFDS,DKK,2019-05-29,259.2,259.2,254.0,255.2,95867,1143,255.83
DK0060655629,206867091,DFDS,DKK,2019-06-03,252.0,253.4,247.0,251.6,143934,1130,250.21
DK0060655629,206867091,DFDS,DKK,2019-06-04,252.0,254.2,246.6,247.0,176051,1713,249.25
DK0060655629,206867091,DFDS,DKK,2019-06-06,247.4,251.2,246.2,247.6,157329,1531,248.65
DK0060655629,206867091,DFDS,DKK,2019-06-07,249.0,250.6,247.8,249.0,109602,1136,249.42
DK0060655629,206867091,DFDS,DKK,2019-06-11,250.4,253.6,249.4,249.8,119274,1120,251.48
DK0060655629,206867091,DFDS,DKK,2019-06-12,249.4,250.8,243.8,248.0,137963,1208,246.61
DK0060655629,206867091,DFDS,DKK,2019-06-13,249.0,252.6,246.8,249.6,112054,1006,249.46
DK0060655629,206867091,DFDS,DKK,2019-06-14,247.4,254.0,246.4,252.4,102826,915,250.34
DK0060655629,206867091,DFDS,DKK,2019-06-17,251.8,256.4,251.0,256.0,119262,825,254.9
DK0060655629,206867091,DFDS,DKK,2019-06-18,262.0,266.8,251.8,266.4,215425,1745,260.58
DK0060655629,206867091,DFDS,DKK,2019-06-19,266.6,270.0,261.8,269.0,163188,1555,266.15
DK0060655629,206867091,DFDS,DKK,2019-06-20,271.0,277.4,269.6,272.6,154007,2219,273.69
DK0060655629,206867091,DFDS,DKK,2019-06-21,273.2,275.4,270.0,274.8,172530,1127,274.05
DK0060655629,206867091,DFDS,DKK,2019-06-24,275.2,277.6,265.2,267.2,112189,960,269.25
DK0060655629,206867091,DFDS,DKK,2019-06-25,264.0,268.2,261.4,263.8,87626,794,263.75
DK0060655629,206867091,DFDS,DKK,2019-06-26,263.0,267.2,259.6,266.4,69710,694,265.04
DK0060655629,206867091,DFDS,DKK,2019-06-27,267.0,274.4,264.4,273.2,91830,1142,270.75
DK0060655629,206867091,DFDS,DKK,2019-06-28,271.8,278.4,271.8,278.4,124672,1171,276.56
DK0060655629,206867091,DFDS,DKK,2019-07-01,281.0,285.0,278.6,280.0,108862,1192,280.82
DK0060655629,206867091,DFDS,DKK,2019-07-02,280.8,282.2,274.4,275.0,77381,945,276.77
DK0060655629,206867091,DFDS,DKK,2019-07-03,273.4,275.4,269.4,270.0,106317,1105,271.37
DK0060655629,206867091,DFDS,DKK,2019-07-04,269.8,271.8,269.2,270.8,45970,491,270.41
DK0060655629,206867091,DFDS,DKK,2019-07-05,272.0,273.4,267.8,270.4,87832,945,269.61
DK0060655629,206867091,DFDS,DKK,2019-07-08,269.6,272.8,264.8,266.0,72188,858,267.37
DK0060655629,206867091,DFDS,DKK,2019-07-09,265.8,265.8,259.2,260.0,104929,961,260.5
DK0060655629,206867091,DFDS,DKK,2019-07-10,261.4,263.0,258.6,262.0,117735,958,261.73
DK0060655629,206867091,DFDS,DKK,2019-07-11,263.2,266.0,260.6,262.8,106032,898,262.97
DK0060655629,206867091,DFDS,DKK,2019-07-12,264.0,266.4,257.2,258.4,95378,900,260.71
DK0060655629,206867091,DFDS,DKK,2019-07-15,260.8,263.2,258.6,259.4,42430,571,260.11
DK0060655629,206867091,DFDS,DKK,2019-07-16,259.6,262.0,259.0,261.2,60192,618,260.58
DK0060655629,206867091,DFDS,DKK,2019-07-17,262.0,264.0,259.0,259.0,62761,546,260.64
DK0060655629,206867091,DFDS,DKK,2019-07-18,260.0,260.8,255.6,257.0,73828,696,256.93
DK0060655629,206867091,DFDS,DKK,2019-07-19,258.0,259.0,253.4,255.6,63743,632,255.38
DK0060655629,206867091,DFDS,DKK,2019-07-22,255.0,260.0,254.0,256.8,43889,565,257.19
DK0060655629,206867091,DFDS,DKK,2019-07-23,256.4,259.6,255.8,258.8,53545,555,257.85
DK0060655629,206867091,DFDS,DKK,2019-07-24,258.8,261.6,254.6,259.8,78214,663,259.29
DK0060655629,206867091,DFDS,DKK,2019-07-25,259.8,265.0,259.4,261.0,60483,738,262.21
DK0060655629,206867091,DFDS,DKK,2019-07-26,260.8,261.0,256.8,257.8,43535,492,258.59
DK0060655629,206867091,DFDS,DKK,2019-07-29,258.2,263.8,256.8,259.6,62739,646,260.91
DK0060655629,206867091,DFDS,DKK,2019-07-30,260.0,260.0,249.6,250.8,88008,1120,253.23
DK0060655629,206867091,DFDS,DKK,2019-07-31,250.6,251.8,246.6,249.0,67320,822,248.8
DK0060655629,206867091,DFDS,DKK,2019-08-01,249.0,250.6,243.4,246.0,100768,1527,245.59
DK0060655629,206867091,DFDS,DKK,2019-08-02,245.0,245.0,240.2,243.0,152199,1561,242.25
DK0060655629,206867091,DFDS,DKK,2019-08-05,240.2,240.6,234.0,238.0,113241,1147,237.75
DK0060655629,206867091,DFDS,DKK,2019-08-06,237.4,243.6,237.2,240.0,47070,561,240.8
DK0060655629,206867091,DFDS,DKK,2019-08-07,240.2,240.2,234.2,237.4,78898,783,237.16
DK0060655629,206867091,DFDS,DKK,2019-08-08,238.6,241.4,238.6,241.0,32064,389,240.33
DK0060655629,206867091,DFDS,DKK,2019-08-09,247.0,247.0,240.6,240.8,90963,904,243.3
DK0060655629,206867091,DFDS,DKK,2019-08-12,242.8,244.2,233.8,239.0,99938,1172,237.35
DK0060655629,206867091,DFDS,DKK,2019-08-13,223.6,230.2,211.0,225.0,554137,5220,220.15
DK0060655629,206867091,DFDS,DKK,2019-08-14,221.2,223.6,213.8,221.0,330282,3235,220.06
DK0060655629,206867091,DFDS,DKK,2019-08-15,221.0,221.8,212.0,214.6,198036,1913,216.69
DK0060655629,206867091,DFDS,DKK,2019-08-16,214.2,228.0,214.0,227.8,115588,922,224.05
DK0060655629,206867091,DFDS,DKK,2019-08-19,230.2,238.0,230.0,236.6,99254,967,234.6
DK0060655629,206867091,DFDS,DKK,2019-08-20,236.0,239.4,235.6,237.6,105465,1153,237.96
DK0060655629,206867091,DFDS,DKK,2019-08-21,237.4,240.4,236.6,238.2,114395,1076,238.12
DK0060655629,206867091,DFDS,DKK,2019-08-22,238.4,241.0,237.0,237.6,95030,1058,239.19
DK0060655629,206867091,DFDS,DKK,2019-08-23,239.0,243.6,234.4,236.2,120280,1193,238.11
DK0060655629,206867091,DFDS,DKK,2019-08-26,232.6,236.0,231.8,235.2,68797,623,234.05
DK0060655629,206867091,DFDS,DKK,2019-08-27,234.2,236.4,233.0,233.4,42227,357,234.35
DK0060655629,206867091,DFDS,DKK,2019-08-28,232.2,233.4,228.0,230.8,85991,860,229.95
DK0060655629,206867091,DFDS,DKK,2019-08-29,230.8,232.2,228.0,229.0,79207,831,229.33
DK0060655629,206867091,DFDS,DKK,2019-08-30,228.8,233.8,228.8,233.4,84807,735,231.49
DK0060655629,206867091,DFDS,DKK,2019-09-02,233.6,235.6,229.8,230.8,55609,559,231.94
DK0060655629,206867091,DFDS,DKK,2019-09-03,230.0,230.4,227.6,229.0,75540,667,228.92
DK0060655629,206867091,DFDS,DKK,2019-09-04,229.8,234.0,229.8,233.4,71483,624,232.5
DK0060655629,206867091,DFDS,DKK,2019-09-05,233.6,240.4,232.4,240.4,103264,1004,236.72
DK0060655629,206867091,DFDS,DKK,2019-09-06,240.2,243.2,238.6,240.4,79156,839,240.58
DK0060655629,206867091,DFDS,DKK,2019-09-09,243.0,247.0,241.4,247.0,113241,958,244.29
DK0060655629,206867091,DFDS,DKK,2019-09-10,247.4,256.2,247.0,256.0,115518,1204,253.03
DK0060655629,206867091,DFDS,DKK,2019-09-11,258.0,263.0,256.2,259.4,94180,985,260.28
DK0060655629,206867091,DFDS,DKK,2019-09-12,261.2,262.0,255.2,258.0,66712,727,258.31
DK0060655629,206867091,DFDS,DKK,2019-09-13,260.4,260.6,257.2,259.4,53111,634,259.14
DK0060655629,206867091,DFDS,DKK,2019-09-16,260.2,260.2,253.2,257.6,49373,454,256.0
DK0060655629,206867091,DFDS,DKK,2019-09-17,257.8,257.8,250.8,254.6,57883,715,252.59
DK0060655629,206867091,DFDS,DKK,2019-09-18,253.2,253.2,250.2,251.2,103563,573,251.51
DK0060655629,206867091,DFDS,DKK,2019-09-19,250.6,254.6,248.4,249.8,51994,512,251.45
DK0060655629,206867091,DFDS,DKK,2019-09-20,248.6,253.4,248.4,251.2,48573,665,251.51
DK0060655629,206867091,DFDS,DKK,2019-09-23,250.2,251.4,245.4,247.4,47767,554,246.93
DK0060655629,206867091,DFDS,DKK,2019-09-24,247.2,251.4,246.6,248.6,53899,565,248.86
DK0060655629,206867091,DFDS,DKK,2019-09-25,247.8,247.8,242.6,247.2,39994,401,245.6
DK0060655629,206867091,DFDS,DKK,2019-09-26,247.4,249.6,245.6,246.2,32962,339,247.06
DK0060655629,206867091,DFDS,DKK,2019-09-27,248.2,249.6,245.8,248.4,18383,222,247.82
DK0060655629,206867091,DFDS,DKK,2019-09-30,247.8,248.6,245.6,248.6,26250,268,247.07
DK0060655629,206867091,DFDS,DKK,2019-10-01,249.6,252.2,242.0,242.8,40373,433,245.58
DK0060655629,206867091,DFDS,DKK,2019-10-02,240.8,242.0,231.8,234.6,131499,1292,236.68
DK0060655629,206867091,DFDS,DKK,2019-10-03,232.8,236.6,230.4,234.0,60406,587,233.68
DK0060655629,206867091,DFDS,DKK,2019-10-04,237.0,237.8,233.2,235.6,28154,241,235.46
DK0060655629,206867091,DFDS,DKK,2019-10-07,235.6,239.4,234.4,237.4,30904,385,237.22
DK0060655629,206867091,DFDS,DKK,2019-10-08,239.8,239.8,232.0,235.0,36050,434,234.08
DK0060655629,206867091,DFDS,DKK,2019-10-09,233.6,238.4,233.0,234.8,34663,348,235.72
DK0060655629,206867091,DFDS,DKK,2019-10-10,233.8,240.0,233.4,238.4,59393,692,236.43
DK0060655629,206867091,DFDS,DKK,2019-10-11,236.4,251.8,236.4,251.0,83033,1080,246.21
DK0060655629,206867091,DFDS,DKK,2019-10-14,250.0,250.0,243.0,247.8,71208,857,247.86
DK0060655629,206867091,DFDS,DKK,2019-10-15,250.0,256.0,247.6,254.8,78516,836,252.64
DK0060655629,206867091,DFDS,DKK,2019-10-16,253.2,254.0,247.4,253.0,57633,692,250.89
DK0060655629,206867091,DFDS,DKK,2019-10-17,252.8,270.4,250.2,260.8,210445,2040,261.5
DK0060655629,206867091,DFDS,DKK,2019-10-18,259.8,261.0,257.4,258.0,95525,1189,258.44
DK0060655629,206867091,DFDS,DKK,2019-10-21,259.8,265.8,258.0,264.0,123301,1276,263.38
DK0060655629,206867091,DFDS,DKK,2019-10-22,264.2,267.0,260.2,262.0,74355,862,263.5
DK0060655629,206867091,DFDS,DKK,2019-10-23,260.2,264.2,257.6,264.0,38421,524,262.81
DK0060655629,206867091,DFDS,DKK,2019-10-24,265.4,265.4,258.6,259.2,59376,684,260.63
DK0060655629,206867091,DFDS,DKK,2019-10-25,259.4,264.2,258.6,262.0,69984,741,261.9
DK0060655629,206867091,DFDS,DKK,2019-10-28,264.0,269.8,262.8,268.6,72464,682,266.66
DK0060655629,206867091,DFDS,DKK,2019-10-29,268.0,268.0,253.0,264.6,122396,1301,261.41
DK0060655629,206867091,DFDS,DKK,2019-10-30,262.8,264.0,259.2,262.2,66767,645,261.6
DK0060655629,206867091,DFDS,DKK,2019-10-31,263.0,266.0,260.6,263.6,57056,582,263.53
DK0060655629,206867091,DFDS,DKK,2019-11-01,261.2,271.0,261.2,270.0,33092,290,269.09
DK0060655629,206867091,DFDS,DKK,2019-11-04,269.8,272.2,268.0,270.6,60342,725,270.14
DK0060655629,206867091,DFDS,DKK,2019-11-05,271.8,273.0,267.6,270.0,50186,541,269.82
DK0060655629,206867091,DFDS,DKK,2019-11-06,267.6,273.6,267.6,273.4,64016,714,270.89
DK0060655629,206867091,DFDS,DKK,2019-11-07,271.0,277.0,269.6,274.4,84701,923,273.18
DK0060655629,206867091,DFDS,DKK,2019-11-08,275.2,275.8,270.2,271.8,59398,806,272.82
DK0060655629,206867091,DFDS,DKK,2019-11-11,271.8,275.0,270.8,273.4,79035,1061,272.42
DK0060655629,206867091,DFDS,DKK,2019-11-12,275.0,296.6,274.0,293.6,357400,3209,290.93
DK0060655629,206867091,DFDS,DKK,2019-11-13,292.8,298.4,284.0,284.8,168474,1510,291.78
DK0060655629,206867091,DFDS,DKK,2019-11-14,284.8,287.2,282.4,284.8,75264,994,284.96
DK0060655629,206867091,DFDS,DKK,2019-11-15,287.2,289.2,282.8,286.8,77137,798,285.54
DK0060655629,206867091,DFDS,DKK,2019-11-18,286.8,294.2,286.8,294.0,92170,988,292.45
DK0060655629,206867091,DFDS,DKK,2019-11-19,295.0,295.0,291.0,294.0,70652,830,293.83
DK0060655629,206867091,DFDS,DKK,2019-11-20,292.4,294.0,289.2,294.0,52934,765,291.89
DK0060655629,206867091,DFDS,DKK,2019-11-21,294.0,294.2,287.6,288.0,54556,590,290.19
DK0060655629,206867091,DFDS,DKK,2019-11-22,288.2,291.2,287.2,290.0,55426,709,289.81
DK0060655629,206867091,DFDS,DKK,2019-11-25,290.0,294.4,289.8,291.6,48895,735,292.67
DK0060655629,206867091,DFDS,DKK,2019-11-26,292.2,293.6,291.0,292.8,41114,526,292.74
DK0060655629,206867091,DFDS,DKK,2019-11-27,293.2,294.0,290.6,291.4,33935,389,291.5
DK0060655629,206867091,DFDS,DKK,2019-11-28,291.6,293.6,290.4,290.6,42247,490,291.7
DK0060655629,206867091,DFDS,DKK,2019-11-29,291.6,293.6,285.8,286.2,74625,536,288.11
DK0060655629,206867091,DFDS,DKK,2019-12-02,287.0,294.0,285.4,290.6,67021,772,291.91
DK0060655629,206867091,DFDS,DKK,2019-12-03,290.6,293.0,286.2,287.2,43756,660,289.13
DK0060655629,206867091,DFDS,DKK,2019-12-04,290.0,292.8,286.6,292.0,37733,472,291.21
DK0060655629,206867091,DFDS,DKK,2019-12-05,293.0,302.8,292.8,301.2,96366,1038,299.58
DK0060655629,206867091,DFDS,DKK,2019-12-06,302.8,311.2,300.4,309.2,77082,971,306.85
DK0060655629,206867091,DFDS,DKK,2019-12-09,310.0,313.2,305.8,309.2,70838,764,310.04
DK0060655629,206867091,DFDS,DKK,2019-12-10,309.2,309.4,305.0,309.2,53748,727,307.21
DK0060655629,206867091,DFDS,DKK,2019-12-11,307.8,313.0,306.8,312.4,68588,976,309.89
DK0060655629,206867091,DFDS,DKK,2019-12-12,313.6,318.0,312.8,318.0,90585,1102,315.07
DK0060655629,206867091,DFDS,DKK,2019-12-13,325.0,326.6,317.2,318.2,188386,1926,322.57
DK0060655629,206867091,DFDS,DKK,2019-12-16,326.6,333.0,325.6,332.4,172765,1592,330.0
DK0060655629,206867091,DFDS,DKK,2019-12-17,334.6,337.2,316.8,318.0,231033,2662,323.88
DK0060655629,206867091,DFDS,DKK,2019-12-18,320.2,321.0,317.0,318.4,90949,1301,318.32
DK0060655629,206867091,DFDS,DKK,2019-12-19,319.0,322.8,315.0,320.2,81935,957,319.04
DK0060655629,206867091,DFDS,DKK,2019-12-20,323.0,326.4,322.0,322.2,99150,921,323.9
DK0060655629,206867091,DFDS,DKK,2019-12-23,323.6,323.6,318.8,320.6,35942,428,320.57
DK0060655629,206867091,DFDS,DKK,2019-12-27,320.6,325.4,320.6,323.4,41999,571,324.04
DK0060655629,206867091,DFDS,DKK,2019-12-30,324.0,328.4,322.6,325.0,66337,703,326.15
DK0060655629,206867091,DFDS,DKK,2020-01-02,327.6,328.4,323.6,324.6,83372,984,326.115
DK0060655629,206867091,DFDS,DKK,2020-01-03,324.8,324.8,317.4,318.8,80822,914,319.315
DK0060655629,206867091,DFDS,DKK,2020-01-06,316.8,316.8,310.2,314.6,73333,818,313.225
DK0060655629,206867091,DFDS,DKK,2020-01-07,314.4,318.2,309.0,313.6,112783,1147,313.295
DK0060655629,206867091,DFDS,DKK,2020-01-08,310.0,313.0,307.2,311.2,46112,528,310.805
DK0060655629,206867091,DFDS,DKK,2020-01-09,312.8,314.6,305.6,307.8,97549,917,309.075
DK0060655629,206867091,DFDS,DKK,2020-01-10,308.0,310.0,301.0,302.0,78635,1025,303.565
DK0060655629,206867091,DFDS,DKK,2020-01-13,302.4,305.0,299.2,300.0,104898,976,301.265
DK0060655629,206867091,DFDS,DKK,2020-01-14,299.0,301.0,298.2,299.8,56012,684,299.785
DK0060655629,206867091,DFDS,DKK,2020-01-15,299.2,299.8,294.0,298.6,84393,950,297.145
DK0060655629,206867091,DFDS,DKK,2020-01-16,299.6,303.2,296.4,297.6,73619,891,299.85
DK0060655629,206867091,DFDS,DKK,2020-01-17,299.2,302.4,299.2,300.0,73449,986,300.76
DK0060655629,206867091,DFDS,DKK,2020-01-20,302.0,302.8,298.8,301.0,64979,778,300.63
DK0060655629,206867091,DFDS,DKK,2020-01-21,301.0,303.8,299.8,301.4,88503,1001,301.44
DK0060655629,206867091,DFDS,DKK,2020-01-22,301.0,302.4,297.0,297.8,42556,541,298.61
DK0060655629,206867091,DFDS,DKK,2020-01-23,297.0,297.0,290.9,294.0,91899,1058,293.705
DK0060655629,206867091,DFDS,DKK,2020-01-24,296.4,298.0,293.0,293.6,62823,802,294.415
DK0060655629,206867091,DFDS,DKK,2020-01-27,289.8,290.0,284.6,286.0,55981,690,286.595
DK0060655629,206867091,DFDS,DKK,2020-01-28,286.2,289.0,283.0,283.2,125743,1401,284.99
DK0060655629,206867091,DFDS,DKK,2020-01-29,284.4,289.2,284.4,287.4,56992,733,287.31
DK0060655629,206867091,DFDS,DKK,2020-01-30,288.8,288.8,283.0,283.0,67927,836,285.115
DK0060655629,206867091,DFDS,DKK,2020-01-31,285.2,286.0,283.0,283.8,54577,596,284.455
DK0060655629,206867091,DFDS,DKK,2020-02-03,283.4,284.4,278.2,278.6,84372,863,280.185
DK0060655629,206867091,DFDS,DKK,2020-02-04,279.2,284.4,279.2,282.4,71424,717,282.055
DK0060655629,206867091,DFDS,DKK,2020-02-05,282.0,290.6,280.8,285.0,96216,1039,287.3
DK0060655629,206867091,DFDS,DKK,2020-02-06,275.0,291.4,273.2,289.6,170436,1770,284.99
DK0060655629,206867091,DFDS,DKK,2020-02-07,287.0,288.8,277.6,284.2,107341,1258,281.895
DK0060655629,206867091,DFDS,DKK,2020-02-10,283.8,285.6,279.4,284.2,62158,813,283.77
DK0060655629,206867091,DFDS,DKK,2020-02-11,287.0,292.4,284.6,291.8,82366,951,290.32
DK0060655629,206867091,DFDS,DKK,2020-02-12,292.0,294.2,288.8,291.8,80123,949,292.12
DK0060655629,206867091,DFDS,DKK,2020-02-13,289.0,293.0,287.2,291.4,77061,1052,291.075
DK0060655629,206867091,DFDS,DKK,2020-02-14,290.8,295.0,289.8,289.8,52856,573,292.315
DK0060655629,206867091,DFDS,DKK,2020-02-17,289.8,293.0,287.4,291.2,58476,664,290.545
DK0060655629,206867091,DFDS,DKK,2020-02-18,290.2,291.2,285.6,286.8,69425,728,287.41
DK0060655629,206867091,DFDS,DKK,2020-02-19,286.6,288.0,284.2,284.8,77887,980,286.215
DK0060655629,206867091,DFDS,DKK,2020-02-20,285.2,288.0,282.0,283.4,146396,1675,285.12
DK0060655629,206867091,DFDS,DKK,2020-02-21,280.2,281.2,276.2,279.0,97582,1040,278.595
DK0060655629,206867091,DFDS,DKK,2020-02-24,272.0,272.0,261.0,262.4,185024,2097,263.64
DK0060655629,206867091,DFDS,DKK,2020-02-25,262.6,265.8,253.8,255.0,153073,1652,257.245
DK0060655629,206867091,DFDS,DKK,2020-02-26,253.0,256.0,242.4,254.0,186036,1926,250.71
DK0060655629,206867091,DFDS,DKK,2020-02-27,248.8,251.6,242.0,245.0,107759,1258,245.9
DK0060655629,206867091,DFDS,DKK,2020-02-28,240.0,241.6,232.4,234.0,241249,2347,236.66
DK0060655629,206867091,DFDS,DKK,2020-03-02,235.2,241.0,230.0,234.0,167246,1560,235.22
DK0060655629,206867091,DFDS,DKK,2020-03-03,237.8,243.6,235.0,239.8,179557,1938,239.35
DK0060655629,206867091,DFDS,DKK,2020-03-04,239.6,242.2,236.6,238.0,73209,735,239.355
DK0060655629,206867091,DFDS,DKK,2020-03-05,241.0,242.2,231.8,232.6,102566,914,234.615
DK0060655629,206867091,DFDS,DKK,2020-03-06,227.8,235.8,225.0,234.6,162493,1463,229.965
DK0060655629,206867091,DFDS,DKK,2020-03-09,218.6,231.4,211.0,223.0,239091,2415,225.305
DK0060655629,206867091,DFDS,DKK,2020-03-10,223.2,229.4,217.8,219.8,143736,1562,223.125
DK0060655629,206867091,DFDS,DKK,2020-03-11,221.0,225.0,211.8,213.2,187126,1898,216.16
DK0060655629,206867091,DFDS,DKK,2020-03-12,200.0,206.4,195.6,197.0,249770,2399,200.44
DK0060655629,206867091,DFDS,DKK,2020-03-13,198.7,212.2,195.2,196.9,203119,2049,202.1
DK0060655629,206867091,DFDS,DKK,2020-03-16,181.3,185.6,165.9,171.8,388533,3460,174.305
DK0060655629,206867091,DFDS,DKK,2020-03-17,174.0,178.0,164.1,166.0,240094,2508,167.315
DK0060655629,206867091,DFDS,DKK,2020-03-18,160.3,163.6,148.2,150.5,242973,2296,153.52
DK0060655629,206867091,DFDS,DKK,2020-03-19,151.0,151.3,138.2,139.1,346337,2543,142.4
DK0060655629,206867091,DFDS,DKK,2020-03-20,149.7,156.8,134.1,139.6,353754,2450,142.375
DK0060655629,206867091,DFDS,DKK,2020-03-23,132.2,137.3,129.4,133.6,242921,1639,133.16
DK0060655629,206867091,DFDS,DKK,2020-03-24,139.2,140.3,134.7,135.7,211699,1554,137.375
DK0060655629,206867091,DFDS,DKK,2020-03-25,143.5,154.9,142.0,144.0,248333,1365,146.79
DK0060655629,206867091,DFDS,DKK,2020-03-26,145.2,145.2,139.3,140.0,345233,1836,141.45
DK0060655629,206867091,DFDS,DKK,2020-03-27,139.3,141.2,133.5,139.0,283982,2336,136.68
DK0060655629,206867091,DFDS,DKK,2020-03-30,140.0,145.0,137.1,143.0,133942,999,141.745
DK0060655629,206867091,DFDS,DKK,2020-03-31,148.7,160.0,148.7,155.0,374494,2716,155.65
DK0060655629,206867091,DFDS,DKK,2020-04-01,151.9,154.7,145.8,153.5,195179,1238,150.98
DK0060655629,206867091,DFDS,DKK,2020-04-02,154.9,158.9,143.8,151.8,178098,1186,150.93
DK0060655629,206867091,DFDS,DKK,2020-04-03,149.1,150.7,145.8,146.5,141542,965,147.775
DK0060655629,206867091,DFDS,DKK,2020-04-06,151.7,156.8,149.4,154.4,149433,1185,153.98
DK0060655629,206867091,DFDS,DKK,2020-04-07,159.5,166.0,158.4,159.2,210590,1619,162.165
DK0060655629,206867091,DFDS,DKK,2020-04-08,159.7,159.7,154.2,155.6,154545,1239,156.49
DK0060655629,206867091,DFDS,DKK,2020-04-14,161.5,163.3,154.2,155.3,144090,999,157.51
DK0060655629,206867091,DFDS,DKK,2020-04-15,156.1,157.2,145.5,147.7,205503,1628,148.72
DK0060655629,206867091,DFDS,DKK,2020-04-16,148.1,149.5,142.5,144.2,126707,1102,145.81
DK0060655629,206867091,DFDS,DKK,2020-04-17,146.9,154.9,143.7,150.7,199893,1503,150.06
DK0060655629,206867091,DFDS,DKK,2020-04-20,152.3,153.7,149.4,153.1,138481,1059,151.98
DK0060655629,206867091,DFDS,DKK,2020-04-21,155.5,157.3,143.8,148.0,240947,1706,147.79
DK0060655629,206867091,DFDS,DKK,2020-04-22,146.0,146.2,138.6,140.3,282903,1957,140.93
DK0060655629,206867091,DFDS,DKK,2020-04-23,142.0,150.4,141.5,148.7,244461,1795,146.29
DK0060655629,206867091,DFDS,DKK,2020-04-24,145.4,147.8,143.6,144.7,94496,733,145.2
DK0060655629,206867091,DFDS,DKK,2020-04-27,147.5,150.5,145.3,147.3,132617,943,147.76
DK0060655629,206867091,DFDS,DKK,2020-04-28,148.9,157.9,147.6,156.3,206086,1595,153.4
DK0060655629,206867091,DFDS,DKK,2020-04-29,157.9,172.7,155.4,171.0,346531,2315,164.31
DK0060655629,206867091,DFDS,DKK,2020-04-30,173.9,178.0,169.3,172.4,315824,2642,173.41
DK0060655629,206867091,DFDS,DKK,2020-05-01,173.0,173.4,168.2,171.0,97407,968,170.66
DK0060655629,206867091,DFDS,DKK,2020-05-04,168.0,170.3,162.5,166.9,213685,1750,166.74
DK0060655629,206867091,DFDS,DKK,2020-05-05,169.8,170.0,165.7,166.8,105013,810,167.47
DK0060655629,206867091,DFDS,DKK,2020-05-06,166.9,171.9,163.3,170.0,170769,1365,169.19
DK0060655629,206867091,DFDS,DKK,2020-05-07,171.9,171.9,160.2,165.8,250290,2123,163.8
DK0060655629,206867091,DFDS,DKK,2020-05-11,167.6,171.8,164.9,170.8,215694,1441,169.72
DK0060655629,206867091,DFDS,DKK,2020-05-12,170.1,173.5,163.8,170.7,247636,1761,168.86
DK0060655629,206867091,DFDS,DKK,2020-05-13,169.4,174.8,165.5,173.7,211238,1578,172.09
DK0060655629,206867091,DFDS,DKK,2020-05-14,171.9,172.4,162.8,164.0,235194,1936,166.66
DK0060655629,206867091,DFDS,DKK,2020-05-15,167.1,171.9,163.0,170.9,175339,1318,167.58
DK0060655629,206867091,DFDS,DKK,2020-05-18,174.2,174.6,170.1,170.8,124198,872,172.1
DK0060655629,206867091,DFDS,DKK,2020-05-19,173.6,187.7,172.4,186.2,212109,1639,182.67
DK0060655629,206867091,DFDS,DKK,2020-05-20,187.2,188.1,181.6,184.0,157780,1262,184.41
DK0060655629,206867091,DFDS,DKK,2020-05-25,185.0,189.0,183.3,187.0,124793,911,186.82
DK0060655629,206867091,DFDS,DKK,2020-05-26,189.7,195.0,189.0,193.3,219046,1710,192.16
DK0060655629,206867091,DFDS,DKK,2020-05-27,194.6,203.8,194.2,198.5,228135,1709,199.09
DK0060655629,206867091,DFDS,DKK,2020-05-28,204.0,204.8,196.5,197.3,158593,1274,198.65
DK0060655629,206867091,DFDS,DKK,2020-05-29,196.3,197.7,192.7,196.2,164952,1374,195.83
DK0060655629,206867091,DFDS,DKK,2020-06-02,198.6,203.8,197.2,202.0,103725,1061,201.85
DK0060655629,206867091,DFDS,DKK,2020-06-03,205.2,224.0,205.0,224.0,259405,2304,216.96
DK0060655629,206867091,DFDS,DKK,2020-06-04,224.0,228.0,220.2,224.6,265523,2084,224.64
DK0060655629,206867091,DFDS,DKK,2020-06-08,232.0,235.6,227.8,231.2,278226,2672,230.57
DK0060655629,206867091,DFDS,DKK,2020-06-09,233.4,233.8,223.2,225.4,255310,2300,226.14
DK0060655629,206867091,DFDS,DKK,2020-06-10,227.2,233.0,221.0,221.0,161963,1429,226.61
DK0060655629,206867091,DFDS,DKK,2020-06-11,218.0,218.4,213.2,215.8,156634,1548,216.11
DK0060655629,206867091,DFDS,DKK,2020-06-12,210.0,220.4,205.6,213.0,124008,933,215.49
DK0060655629,206867091,DFDS,DKK,2020-06-15,207.2,216.0,203.4,215.2,136475,1652,211.06
DK0060655629,206867091,DFDS,DKK,2020-06-16,222.0,225.2,219.6,219.8,109155,972,221.95
DK0060655629,206867091,DFDS,DKK,2020-06-17,220.2,229.4,220.2,227.0,157510,1295,226.07
DK0060655629,206867091,DFDS,DKK,2020-06-18,228.4,229.8,221.4,222.6,119362,1098,225.14
DK0060655629,206867091,DFDS,DKK,2020-06-19,221.0,229.0,220.4,224.4,113582,780,225.83
DK0060655629,206867091,DFDS,DKK,2020-06-22,221.2,224.0,216.4,220.2,127438,1299,219.71
DK0060655629,206867091,DFDS,DKK,2020-06-23,223.2,225.6,217.8,219.0,103061,1012,220.78
DK0060655629,206867091,DFDS,DKK,2020-06-24,221.0,221.0,214.0,215.0,103799,1058,216.59
DK0060655629,206867091,DFDS,DKK,2020-06-25,212.6,213.4,207.6,208.0,153034,1291,209.07
DK0060655629,206867091,DFDS,DKK,2020-06-26,209.4,212.0,207.0,207.0,86414,786,209.24
DK0060655629,206867091,DFDS,DKK,2020-06-29,205.0,215.8,204.0,209.0,186133,1892,209.26
DK0060655629,206867091,DFDS,DKK,2020-06-30,209.0,210.6,201.8,204.6,112464,1123,205.08
DK0060655629,206867091,DFDS,DKK,2020-07-01,204.4,207.6,201.0,206.8,168315,1544,204.91
DK0060655629,206867091,DFDS,DKK,2020-07-02,208.2,213.2,208.0,211.8,71619,767,211.0
DK0060655629,206867091,DFDS,DKK,2020-07-03,212.6,212.6,209.0,209.8,40246,407,210.67
DK0060655629,206867091,DFDS,DKK,2020-07-06,214.8,217.2,211.8,212.6,94858,846,213.41
DK0060655629,206867091,DFDS,DKK,2020-07-07,211.8,213.0,207.0,208.0,100571,1090,209.04
DK0060655629,206867091,DFDS,DKK,2020-07-08,208.0,210.2,205.0,206.6,83838,761,207.07
DK0060655629,206867091,DFDS,DKK,2020-07-09,208.0,208.8,202.6,202.6,83966,804,205.16
DK0060655629,206867091,DFDS,DKK,2020-07-10,200.0,205.8,198.9,204.8,70184,742,203.36
DK0060655629,206867091,DFDS,DKK,2020-07-13,206.8,210.6,206.0,206.0,63341,587,207.97
DK0060655629,206867091,DFDS,DKK,2020-07-14,204.2,207.0,202.0,205.6,50732,374,204.54
DK0060655629,206867091,DFDS,DKK,2020-07-15,205.6,207.4,202.8,203.2,63620,655,204.36
DK0060655629,206867091,DFDS,DKK,2020-07-16,202.6,204.6,201.6,203.0,56680,592,203.3
DK0060655629,206867091,DFDS,DKK,2020-07-17,203.2,207.2,201.2,206.2,93822,863,205.0
DK0060655629,206867091,DFDS,DKK,2020-07-20,205.0,208.8,201.6,205.4,129488,1051,205.02
DK0060655629,206867091,DFDS,DKK,2020-07-21,207.6,216.4,206.8,215.2,170987,1582,213.65
DK0060655629,206867091,DFDS,DKK,2020-07-22,216.6,217.0,206.6,207.0,87121,861,208.86
DK0060655629,206867091,DFDS,DKK,2020-07-23,207.0,210.2,206.4,207.0,78275,742,207.56
DK0060655629,206867091,DFDS,DKK,2020-07-24,206.2,211.0,204.4,207.0,93154,737,208.03
DK0060655629,206867091,DFDS,DKK,2020-07-27,206.8,206.8,200.8,203.2,61062,622,202.9
DK0060655629,206867091,DFDS,DKK,2020-07-28,202.2,203.2,201.0,201.8,41244,490,202.18
DK0060655629,206867091,DFDS,DKK,2020-07-29,202.2,202.2,198.9,199.2,109216,819,199.87
DK0060655629,206867091,DFDS,DKK,2020-07-30,201.4,203.4,197.3,198.2,110513,786,200.31
DK0060655629,206867091,DFDS,DKK,2020-07-31,199.5,203.6,195.5,195.5,97668,799,199.03
DK0060655629,206867091,DFDS,DKK,2020-08-03,198.3,199.7,194.3,199.4,58601,610,197.55
DK0060655629,206867091,DFDS,DKK,2020-08-04,199.7,203.4,197.1,199.0,67217,647,199.76
DK0060655629,206867091,DFDS,DKK,2020-08-05,200.4,201.4,198.7,199.8,43582,506,199.7
DK0060655629,206867091,DFDS,DKK,2020-08-06,201.4,204.2,198.9,203.0,158244,936,201.92
DK0060655629,206867091,DFDS,DKK,2020-08-07,202.0,209.0,202.0,207.8,85240,827,206.67
DK0060655629,206867091,DFDS,DKK,2020-08-10,208.0,212.0,204.6,208.6,103470,924,208.19
DK0060655629,206867091,DFDS,DKK,2020-08-11,209.8,219.4,208.6,218.0,161177,1605,216.04
DK0060655629,206867091,DFDS,DKK,2020-08-12,235.0,243.0,227.0,238.6,553228,5167,237.72
DK0060655629,206867091,DFDS,DKK,2020-08-13,237.6,249.0,237.6,248.0,190558,2296,245.76
DK0060655629,206867091,DFDS,DKK,2020-08-14,248.0,248.0,240.2,240.8,144459,1720,241.97
DK0060655629,206867091,DFDS,DKK,2020-08-17,240.8,243.6,239.4,242.0,68369,635,241.98
DK0060655629,206867091,DFDS,DKK,2020-08-18,242.8,242.8,239.2,241.2,71488,620,241.34
DK0060655629,206867091,DFDS,DKK,2020-08-19,241.2,243.2,240.4,243.0,55389,592,242.2
DK0060655629,206867091,DFDS,DKK,2020-08-20,240.4,240.6,233.6,234.0,73113,831,235.78
DK0060655629,206867091,DFDS,DKK,2020-08-21,235.4,235.4,231.4,233.4,44219,549,233.24
DK0060655629,206867091,DFDS,DKK,2020-08-24,233.4,236.0,231.8,234.0,45688,677,234.04
DK0060655629,206867091,DFDS,DKK,2020-08-25,235.0,239.6,235.0,237.4,72346,806,237.75
DK0060655629,206867091,DFDS,DKK,2020-08-26,236.0,240.2,234.4,239.6,30672,381,238.62
DK0060655629,206867091,DFDS,DKK,2020-08-27,238.6,238.6,234.0,237.4,55323,587,236.36
DK0060655629,206867091,DFDS,DKK,2020-08-28,237.8,237.8,234.0,234.2,37260,432,235.28
DK0060655629,206867091,DFDS,DKK,2020-08-31,235.0,236.6,233.4,235.4,71620,791,234.67
DK0060655629,206867091,DFDS,DKK,2020-09-01,235.4,235.8,229.8,232.8,48114,646,232.74
DK0060655629,206867091,DFDS,DKK,2020-09-02,231.8,237.0,230.2,232.0,55768,630,234.02
DK0060655629,206867091,DFDS,DKK,2020-09-03,232.0,235.6,225.8,226.4,84411,879,229.57
DK0060655629,206867091,DFDS,DKK,2020-09-04,224.0,230.4,222.0,224.6,60494,689,226.22
DK0060655629,206867091,DFDS,DKK,2020-09-07,226.0,229.6,226.0,226.2,46825,411,227.0
DK0060655629,206867091,DFDS,DKK,2020-09-08,225.0,227.2,222.8,226.4,50479,721,224.8
DK0060655629,206867091,DFDS,DKK,2020-09-09,224.2,227.6,222.0,223.6,38413,439,223.58
DK0060655629,206867091,DFDS,DKK,2020-09-10,223.6,225.0,219.2,223.4,54406,646,221.72
DK0060655629,206867091,DFDS,DKK,2020-09-11,223.8,223.8,216.2,217.0,63411,761,218.11
DK0060655629,206867091,DFDS,DKK,2020-09-14,218.4,220.4,212.0,212.6,59270,735,215.31
DK0060655629,206867091,DFDS,DKK,2020-09-15,212.2,213.2,209.6,210.8,59719,604,211.47
DK0060655629,206867091,DFDS,DKK,2020-09-16,211.0,212.0,209.0,211.0,38487,472,210.57
DK0060655629,206867091,DFDS,DKK,2020-09-17,208.2,211.2,207.6,211.0,50225,502,209.51
DK0060655629,206867091,DFDS,DKK,2020-09-18,209.6,211.2,203.0,204.6,73188,625,205.87
DK0060655629,206867091,DFDS,DKK,2020-09-21,202.6,203.2,199.0,200.8,74973,681,200.75
DK0060655629,206867091,DFDS,DKK,2020-09-22,201.2,203.4,195.2,197.8,87619,905,198.81
DK0060655629,206867091,DFDS,DKK,2020-09-23,197.1,204.2,195.7,202.2,58377,626,201.2
DK0060655629,206867091,DFDS,DKK,2020-09-24,200.4,202.6,197.4,202.2,72853,659,200.44
DK0060655629,206867091,DFDS,DKK,2020-09-25,202.2,202.4,196.0,197.0,61665,607,198.79
DK0060655629,206867091,DFDS,DKK,2020-09-28,201.0,208.8,200.2,208.8,116654,1164,205.48
DK0060655629,206867091,DFDS,DKK,2020-09-29,209.6,211.4,204.8,210.2,71674,701,209.2
DK0060655629,206867091,DFDS,DKK,2020-09-30,211.0,213.8,207.4,213.0,49170,563,211.3
DK0060655629,206867091,DFDS,DKK,2020-10-01,214.8,214.8,210.2,213.8,30128,326,213.12
DK0060655629,206867091,DFDS,DKK,2020-10-02,210.6,213.4,209.6,212.6,52570,617,211.83
DK0060655629,206867091,DFDS,DKK,2020-10-05,213.8,217.6,212.6,216.6,36296,436,215.53
DK0060655629,206867091,DFDS,DKK,2020-10-06,216.0,228.2,216.0,226.0,67933,834,222.42
DK0060655629,206867091,DFDS,DKK,2020-10-07,225.2,229.6,224.0,227.2,74770,782,227.6
DK0060655629,206867091,DFDS,DKK,2020-10-08,229.2,232.0,226.0,230.4,66523,766,229.63
DK0060655629,206867091,DFDS,DKK,2020-10-09,231.4,234.0,230.4,233.8,59134,514,232.74
DK0060655629,206867091,DFDS,DKK,2020-10-12,234.8,238.8,234.0,236.8,44715,517,236.32
DK0060655629,206867091,DFDS,DKK,2020-10-13,237.2,238.6,235.4,237.4,59682,743,237.24
DK0060655629,206867091,DFDS,DKK,2020-10-14,237.6,242.0,237.4,239.4,75130,739,240.11
DK0060655629,206867091,DFDS,DKK,2020-10-15,238.2,241.2,236.0,239.4,62164,717,239.04
DK0060655629,206867091,DFDS,DKK,2020-10-16,242.2,243.8,237.8,237.8,64177,531,239.93
DK0060655629,206867091,DFDS,DKK,2020-10-19,238.8,240.4,235.2,240.0,49394,523,238.5
DK0060655629,206867091,DFDS,DKK,2020-10-20,238.4,243.0,237.6,242.4,34053,387,241.11
DK0060655629,206867091,DFDS,DKK,2020-10-21,242.4,242.4,235.8,235.8,67867,863,238.63
DK0060655629,206867091,DFDS,DKK,2020-10-22,235.2,237.4,230.4,236.0,56797,869,235.62
DK0060655629,206867091,DFDS,DKK,2020-10-23,235.2,257.0,235.2,246.4,223019,2154,248.23
DK0060655629,206867091,DFDS,DKK,2020-10-26,242.4,248.4,240.4,243.0,66141,680,244.51
DK0060655629,206867091,DFDS,DKK,2020-10-27,243.6,245.2,239.2,240.8,53093,642,241.88
DK0060655629,206867091,DFDS,DKK,2020-10-28,238.2,239.6,234.4,238.6,85650,1159,237.87
DK0060655629,206867091,DFDS,DKK,2020-10-29,237.6,240.0,234.0,238.6,45151,682,236.47
DK0060655629,206867091,DFDS,DKK,2020-10-30,232.8,239.6,232.8,238.2,28766,395,237.88
DK0060655629,206867091,DFDS,DKK,2020-11-02,238.4,245.0,237.0,243.2,38531,576,241.45
DK0060655629,206867091,DFDS,DKK,2020-11-03,245.0,251.0,242.4,245.2,58253,752,246.46
DK0060655629,206867091,DFDS,DKK,2020-11-04,240.8,252.0,240.8,250.6,56966,595,249.29
DK0060655629,206867091,DFDS,DKK,2020-11-05,252.4,255.4,245.8,247.0,74553,1071,248.81
DK0060655629,206867091,DFDS,DKK,2020-11-06,250.4,251.4,246.0,250.2,63501,815,249.26
DK0060655629,206867091,DFDS,DKK,2020-11-09,252.2,262.2,252.2,258.2,123412,1353,256.81
DK0060655629,206867091,DFDS,DKK,2020-11-10,261.0,276.0,260.0,275.0,146980,2085,267.99
DK0060655629,206867091,DFDS,DKK,2020-11-11,275.0,279.8,272.6,279.6,81782,949,276.67
DK0060655629,206867091,DFDS,DKK,2020-11-12,275.4,287.0,263.2,274.8,123495,1331,278.28
DK0060655629,206867091,DFDS,DKK,2020-11-13,269.0,276.4,267.2,274.0,61577,776,273.58
DK0060655629,206867091,DFDS,DKK,2020-11-16,278.0,280.8,274.2,276.2,67726,937,277.13
DK0060655629,206867091,DFDS,DKK,2020-11-17,277.4,278.2,271.0,271.0,62534,895,273.55
DK0060655629,206867091,DFDS,DKK,2020-11-18,271.2,275.2,270.0,272.4,60329,847,272.86
DK0060655629,206867091,DFDS,DKK,2020-11-19,270.4,272.6,268.8,269.0,45168,845,269.71
DK0060655629,206867091,DFDS,DKK,2020-11-20,268.0,273.4,268.0,272.2,36334,584,271.34
DK0060655629,206867091,DFDS,DKK,2020-11-23,272.8,277.2,272.8,276.0,49008,875,275.8
DK0060655629,206867091,DFDS,DKK,2020-11-24,276.4,281.2,275.8,276.8,67410,994,277.39
DK0060655629,206867091,DFDS,DKK,2020-11-25,277.0,279.6,274.0,274.4,67495,837,276.33
DK0060655629,206867091,DFDS,DKK,2020-11-26,278.8,279.0,272.2,276.4,35368,552,275.26
DK0060655629,206867091,DFDS,DKK,2020-11-27,276.0,276.6,272.0,275.0,45807,866,274.2
DK0060655629,206867091,DFDS,DKK,2020-11-30,274.0,277.4,267.6,270.0,70583,669,272.02
DK0060655629,206867091,DFDS,DKK,2020-12-01,270.0,273.6,268.2,272.2,52849,712,270.89
DK0060655629,206867091,DFDS,DKK,2020-12-02,272.2,273.0,267.2,269.8,36202,471,269.49
DK0060655629,206867091,DFDS,DKK,2020-12-03,268.2,274.0,268.2,272.8,58819,806,271.84
DK0060655629,206867091,DFDS,DKK,2020-12-04,274.8,282.6,272.8,280.0,57333,730,279.61
DK0060655629,206867091,DFDS,DKK,2020-12-07,280.0,281.0,273.8,273.8,45580,628,276.27
DK0060655629,206867091,DFDS,DKK,2020-12-08,272.6,276.6,272.6,275.4,55951,680,275.3
DK0060655629,206867091,DFDS,DKK,2020-12-09,275.6,277.5,273.6,274.6,38728,543,275.49
DK0060655629,206867091,DFDS,DKK,2020-12-10,274.8,276.0,272.4,272.8,67489,996,273.94
DK0060655629,206867091,DFDS,DKK,2020-12-11,272.8,273.6,267.2,269.6,46491,647,269.49
DK0060655629,206867091,DFDS,DKK,2020-12-14,270.0,273.6,270.0,271.4,43400,525,271.32
DK0060655629,206867091,DFDS,DKK,2020-12-15,271.6,273.4,268.8,270.6,45471,514,270.87
DK0060655629,206867091,DFDS,DKK,2020-12-16,271.0,277.0,271.0,272.8,58791,781,274.64
DK0060655629,206867091,DFDS,DKK,2020-12-17,271.0,276.4,271.0,274.0,40581,491,274.08
DK0060655629,206867091,DFDS,DKK,2020-12-18,274.0,275.6,269.8,269.8,66523,629,271.2
DK0060655629,206867091,DFDS,DKK,2020-12-21,268.4,268.4,261.2,267.4,55381,753,265.59
DK0060655629,206867091,DFDS,DKK,2020-12-22,267.0,270.0,265.0,267.8,48396,589,267.65
DK0060655629,206867091,DFDS,DKK,2020-12-23,265.2,269.0,264.4,268.6,60437,941,266.66
DK0060655629,206867091,DFDS,DKK,2020-12-28,272.0,278.2,268.0,268.0,113450,1254,272.09
DK0060655629,206867091,DFDS,DKK,2020-12-29,269.0,275.6,267.6,273.8,136757,1556,271.6
DK0060655629,206867091,DFDS,DKK,2020-12-30,275.0,279.0,274.2,275.2,103032,828,275.85
DK0060655629,206867091,DFDS,DKK,2021-01-04,276.0,279.6,270.0,270.0,95830,933,273.23
DK0060655629,206867091,DFDS,DKK,2021-01-05,270.2,276.0,269.2,274.8,76288,1069,273.2
DK0060655629,206867091,DFDS,DKK,2021-01-06,276.6,278.0,273.4,273.4,103874,1227,275.94
DK0060655629,206867091,DFDS,DKK,2021-01-07,275.0,280.4,273.0,277.0,119846,1385,276.73
DK0060655629,206867091,DFDS,DKK,2021-01-08,277.8,281.4,274.2,276.8,131813,1286,277.85
DK0060655629,206867091,DFDS,DKK,2021-01-11,276.8,278.4,267.8,268.6,99212,1235,271.01
DK0060655629,206867091,DFDS,DKK,2021-01-12,270.0,275.8,269.6,275.4,158992,1630,273.79
DK0060655629,206867091,DFDS,DKK,2021-01-13,275.2,276.2,271.4,272.8,58220,772,272.67
DK0060655629,206867091,DFDS,DKK,2021-01-14,273.8,285.8,271.4,282.4,131273,1327,279.73
DK0060655629,206867091,DFDS,DKK,2021-01-15,280.8,281.2,274.8,276.6,108838,1097,277.99
DK0060655629,206867091,DFDS,DKK,2021-01-18,275.0,277.4,273.4,274.6,42926,468,275.41
DK0060655629,206867091,DFDS,DKK,2021-01-19,275.0,279.8,271.6,276.0,59626,623,275.76
DK0060655629,206867091,DFDS,DKK,2021-01-20,275.8,278.2,275.2,276.0,32063,436,276.56
DK0060655629,206867091,DFDS,DKK,2021-01-21,275.4,279.2,268.4,269.0,56141,756,272.02
DK0060655629,206867091,DFDS,DKK,2021-01-22,268.4,268.6,262.8,266.0,76239,989,265.94
DK0060655629,206867091,DFDS,DKK,2021-01-25,266.2,267.8,261.2,262.2,79279,911,263.4
DK0060655629,206867091,DFDS,DKK,2021-01-26,268.0,270.8,263.0,265.2,91203,1129,267.11
DK0060655629,206867091,DFDS,DKK,2021-01-27,274.0,278.4,263.4,267.0,154552,1483,269.69
DK0060655629,206867091,DFDS,DKK,2021-01-28,266.0,274.4,257.2,274.4,148227,1795,267.03
DK0060655629,206867091,DFDS,DKK,2021-01-29,272.0,275.6,268.3,272.4,86688,983,272.8
DK0060655629,206867091,DFDS,DKK,2021-02-01,272.2,277.2,272.2,274.8,73140,989,274.94
DK0060655629,206867091,DFDS,DKK,2021-02-02,277.0,282.4,276.8,281.4,83597,1114,280.13
DK0060655629,206867091,DFDS,DKK,2021-02-03,284.0,287.0,277.4,278.8,89883,1024,282.23
DK0060655629,206867091,DFDS,DKK,2021-02-04,280.0,282.6,278.6,279.4,49790,703,280.4
DK0060655629,206867091,DFDS,DKK,2021-02-05,281.0,285.0,280.8,284.0,62081,801,283.02
DK0060655629,206867091,DFDS,DKK,2021-02-08,287.0,288.8,281.6,281.6,101019,1146,283.74
DK0060655629,206867091,DFDS,DKK,2021-02-09,284.0,284.0,278.4,282.6,96581,1273,280.53
DK0060655629,206867091,DFDS,DKK,2021-02-10,282.6,284.2,270.0,275.0,169252,2035,274.8
DK0060655629,206867091,DFDS,DKK,2021-02-11,274.0,276.2,273.0,273.6,68573,725,274.13
DK0060655629,206867091,DFDS,DKK,2021-02-12,273.6,275.0,269.8,274.0,97623,1138,272.22
DK0060655629,206867091,DFDS,DKK,2021-02-15,276.0,279.4,273.6,273.6,73571,777,275.79
DK0060655629,206867091,DFDS,DKK,2021-02-16,274.0,274.8,269.0,271.0,67021,883,271.18
DK0060655629,206867091,DFDS,DKK,2021-02-17,272.0,273.6,268.8,272.6,58400,720,271.61
DK0060655629,206867091,DFDS,DKK,2021-02-18,271.2,274.0,268.2,268.6,78381,736,270.08
DK0060655629,206867091,DFDS,DKK,2021-02-19,270.0,274.4,266.4,273.6,60309,515,271.52
DK0060655629,206867091,DFDS,DKK,2021-02-22,277.2,286.0,276.0,284.0,190783,1837,282.49
DK0060655629,206867091,DFDS,DKK,2021-02-23,285.2,290.6,281.2,289.6,143256,1622,287.18
DK0060655629,206867091,DFDS,DKK,2021-02-24,289.2,302.0,286.6,301.4,186782,2086,297.56
DK0060655629,206867091,DFDS,DKK,2021-02-25,302.0,307.4,298.8,299.0,116115,1387,302.3
DK0060655629,206867091,DFDS,DKK,2021-02-26,298.2,300.8,292.6,297.4,78938,1047,297.59
DK0060655629,206867091,DFDS,DKK,2021-03-01,299.6,303.0,293.4,303.0,60920,941,300.47
DK0060655629,206867091,DFDS,DKK,2021-03-02,304.0,309.4,303.0,304.6,89514,1237,306.59
DK0060655629,206867091,DFDS,DKK,2021-03-03,307.6,318.4,306.0,308.0,166972,2076,312.03
DK0060655629,206867091,DFDS,DKK,2021-03-04,309.2,312.0,297.8,299.0,85443,1266,303.68
DK0060655629,206867091,DFDS,DKK,2021-03-05,299.0,306.6,294.8,305.8,106396,1573,302.93
DK0060655629,206867091,DFDS,DKK,2021-03-08,308.0,309.4,303.0,308.0,94641,866,306.15
DK0060655629,206867091,DFDS,DKK,2021-03-09,309.4,320.0,309.0,318.8,109449,1131,316.93
DK0060655629,206867091,DFDS,DKK,2021-03-10,318.8,320.8,315.2,320.8,100023,1123,318.51
DK0060655629,206867091,DFDS,DKK,2021-03-11,320.8,327.6,319.8,327.0,114484,1318,325.14
DK0060655629,206867091,DFDS,DKK,2021-03-12,326.0,329.6,323.2,326.8,53763,700,326.09
DK0060655629,206867091,DFDS,DKK,2021-03-15,327.0,331.8,326.0,330.8,77397,1094,329.0
DK0060655629,206867091,DFDS,DKK,2021-03-16,332.0,342.0,330.8,340.8,112525,1641,338.09
DK0060655629,206867091,DFDS,DKK,2021-03-17,341.4,341.6,332.8,335.4,86450,1067,336.69
DK0060655629,206867091,DFDS,DKK,2021-03-18,338.4,343.2,337.2,343.0,77866,1149,340.26
DK0060655629,206867091,DFDS,DKK,2021-03-19,343.0,343.0,338.0,342.0,63207,871,340.95
DK0060655629,206867091,DFDS,DKK,2021-03-22,338.0,343.6,336.6,339.4,70181,811,340.45
DK0060655629,206867091,DFDS,DKK,2021-03-23,339.4,341.8,333.6,337.0,112509,1629,338.28
DK0060655629,206867091,DFDS,DKK,2021-03-24,333.0,338.0,331.6,336.0,74135,957,335.55
DK0060655629,206867091,DFDS,DKK,2021-03-25,336.0,336.0,328.8,333.0,66982,1053,332.02
DK0060655629,206867091,DFDS,DKK,2021-03-26,335.0,339.8,333.0,334.2,145235,2529,335.97
DK0060655629,206867091,DFDS,DKK,2021-03-29,332.6,335.6,328.4,334.0,59585,803,332.8
DK0060655629,206867091,DFDS,DKK,2021-03-30,336.0,336.2,328.4,328.8,97772,1172,330.15
DK0060655629,206867091,DFDS,DKK,2021-03-31,326.2,330.6,324.2,324.8,90549,1130,327.02
DK0060655629,206867091,DFDS,DKK,2021-04-06,329.2,337.2,328.0,332.4,96527,1722,333.74
DK0060655629,206867091,DFDS,DKK,2021-04-07,334.2,334.2,322.0,325.6,61077,945,326.93
DK0060655629,206867091,DFDS,DKK,2021-04-08,328.2,330.8,326.6,326.6,67467,921,328.32
DK0060655629,206867091,DFDS,DKK,2021-04-09,328.2,332.2,324.0,324.0,96073,1219,326.13
DK0060655629,206867091,DFDS,DKK,2021-04-12,324.0,326.8,320.2,320.6,90063,1070,322.85
DK0060655629,206867091,DFDS,DKK,2021-04-13,318.4,331.8,317.6,328.2,176206,2552,328.1
DK0060655629,206867091,DFDS,DKK,2021-04-14,329.0,329.2,321.0,325.8,82041,1269,324.3
DK0060655629,206867091,DFDS,DKK,2021-04-15,327.6,328.0,324.0,325.6,94252,896,325.53
DK0060655629,206867091,DFDS,DKK,2021-04-16,325.8,332.4,325.8,330.0,94034,1309,330.57
DK0060655629,206867091,DFDS,DKK,2021-04-19,330.2,334.8,330.2,333.6,63204,903,333.09
DK0060655629,206867091,DFDS,DKK,2021-04-20,334.6,337.4,326.8,327.4,82915,1256,332.03
DK0060655629,206867091,DFDS,DKK,2021-04-21,327.4,329.8,324.6,329.8,90842,1325,327.01
DK0060655629,206867091,DFDS,DKK,2021-04-22,331.8,343.0,329.8,342.4,71852,1219,339.86
DK0060655629,206867091,DFDS,DKK,2021-04-23,350.6,364.0,350.6,359.6,125866,1862,359.53
DK0060655629,206867091,DFDS,DKK,2021-04-26,367.6,374.0,366.2,368.8,130977,2220,369.77
DK0060655629,206867091,DFDS,DKK,2021-04-27,371.8,378.8,368.0,370.0,138912,2012,372.57
DK0060655629,206867091,DFDS,DKK,2021-04-28,371.4,375.0,369.2,371.4,93523,1400,372.2
DK0060655629,206867091,DFDS,DKK,2021-04-29,372.4,372.4,365.2,366.0,81364,1114,368.31
DK0060655629,206867091,DFDS,DKK,2021-05-03,367.2,372.6,360.4,371.8,79321,1097,367.67
DK0060655629,206867091,DFDS,DKK,2021-05-04,372.8,375.4,361.8,364.8,82600,1417,367.14
DK0060655629,206867091,DFDS,DKK,2021-05-05,367.0,384.6,367.0,382.0,89410,1459,379.71
DK0060655629,206867091,DFDS,DKK,2021-05-06,386.2,386.2,376.2,376.2,90277,2194,378.96
DK0060655629,206867091,DFDS,DKK,2021-05-07,379.8,387.8,379.6,384.0,75071,1168,384.41
DK0060655629,206867091,DFDS,DKK,2021-05-10,387.0,389.8,382.6,387.0,146370,2048,386.96
DK0060655629,206867091,DFDS,DKK,2021-05-11,395.0,395.0,370.0,376.0,148202,2343,377.89
DK0060655629,206867091,DFDS,DKK,2021-05-12,373.0,376.8,358.0,370.0,133118,1696,366.65
DK0060655629,206867091,DFDS,DKK,2021-05-17,373.0,374.0,366.6,368.8,170360,2630,369.29
DK0060655629,206867091,DFDS,DKK,2021-05-18,370.8,377.8,370.6,374.2,51124,959,375.36
DK0060655629,206867091,DFDS,DKK,2021-05-19,372.4,373.4,365.4,368.4,68970,1144,368.22
DK0060655629,206867091,DFDS,DKK,2021-05-20,369.0,373.2,367.6,372.2,43499,817,370.75
DK0060655629,206867091,DFDS,DKK,2021-05-21,370.4,379.4,370.4,377.8,80062,1103,375.65
DK0060655629,206867091,DFDS,DKK,2021-05-25,380.0,382.4,369.2,369.2,67997,1265,374.33
DK0060655629,206867091,DFDS,DKK,2021-05-26,372.0,372.0,360.4,360.8,68259,1270,363.84
DK0060655629,206867091,DFDS,DKK,2021-05-27,360.2,369.8,359.2,362.6,112189,1423,364.04
DK0060655629,206867091,DFDS,DKK,2021-05-28,363.8,366.8,359.6,360.0,90794,1515,362.23
DK0060655629,206867091,DFDS,DKK,2021-05-31,360.2,368.0,360.2,365.0,61734,996,365.22
DK0060655629,206867091,DFDS,DKK,2021-06-01,366.8,373.6,365.4,372.8,76759,1115,371.3
DK0060655629,206867091,DFDS,DKK,2021-06-02,374.0,380.0,372.2,379.4,86875,1441,377.3
DK0060655629,206867091,DFDS,DKK,2021-06-03,379.4,385.0,377.2,384.6,90237,1219,381.37
DK0060655629,206867091,DFDS,DKK,2021-06-04,384.2,391.4,383.8,385.2,91782,1658,387.44
DK0060655629,206867091,DFDS,DKK,2021-06-07,385.2,389.4,383.0,384.0,77826,1373,384.23
DK0060655629,206867091,DFDS,DKK,2021-06-08,384.6,384.6,363.2,368.4,100437,1972,369.56
DK0060655629,206867091,DFDS,DKK,2021-06-09,367.8,367.8,364.0,366.0,74329,1221,365.95
DK0060655629,206867091,DFDS,DKK,2021-06-10,368.6,370.0,362.4,365.4,52363,725,365.56
DK0060655629,206867091,DFDS,DKK,2021-06-11,365.6,368.0,362.0,365.0,44449,776,365.2
DK0060655629,206867091,DFDS,DKK,2021-06-14,365.0,368.0,363.8,366.6,41230,796,365.78
DK0060655629,206867091,DFDS,DKK,2021-06-15,366.4,370.0,364.8,369.2,42274,768,368.21
DK0060655629,206867091,DFDS,DKK,2021-06-16,369.4,371.2,366.4,369.8,34021,633,369.17
DK0060655629,206867091,DFDS,DKK,2021-06-17,368.2,370.6,364.0,364.2,69829,1203,367.78
DK0060655629,206867091,DFDS,DKK,2021-06-18,363.2,364.2,353.2,354.0,117127,1375,355.94
DK0060655629,206867091,DFDS,DKK,2021-06-21,352.8,357.4,347.6,356.8,136550,2285,353.69
DK0060655629,206867091,DFDS,DKK,2021-06-22,358.8,359.6,351.6,354.4,58524,1018,354.44
DK0060655629,206867091,DFDS,DKK,2021-06-23,354.0,356.4,349.4,351.0,62818,1116,351.95
DK0060655629,206867091,DFDS,DKK,2021-06-24,349.2,354.8,349.2,353.4,64302,1275,353.37
DK0060655629,206867091,DFDS,DKK,2021-06-25,354.8,359.6,352.0,358.8,36590,748,356.07
DK0060655629,206867091,DFDS,DKK,2021-06-28,359.4,359.4,351.8,351.8,41103,808,354.53
DK0060655629,206867091,DFDS,DKK,2021-06-29,352.0,354.6,349.4,350.8,38719,854,351.73
DK0060655629,206867091,DFDS,DKK,2021-06-30,350.0,353.8,346.0,353.8,58235,1103,351.23
DK0060655629,206867091,DFDS,DKK,2021-07-01,354.0,357.8,349.8,353.8,52801,868,353.2
DK0060655629,206867091,DFDS,DKK,2021-07-02,354.4,359.0,354.2,355.2,43538,713,355.87
DK0060655629,206867091,DFDS,DKK,2021-07-05,355.4,357.4,353.6,353.6,33036,634,355.18
DK0060655629,206867091,DFDS,DKK,2021-07-06,353.6,355.4,351.2,351.4,27491,695,353.07
DK0060655629,206867091,DFDS,DKK,2021-07-07,352.4,355.8,351.4,352.0,94579,1506,353.57
DK0060655629,206867091,DFDS,DKK,2021-07-08,352.8,353.0,342.6,343.6,74761,1347,347.53
DK0060655629,206867091,DFDS,DKK,2021-07-09,343.6,352.0,342.4,352.0,44386,784,348.22
DK0060655629,206867091,DFDS,DKK,2021-07-12,348.2,357.6,348.2,355.2,57738,957,354.42
DK0060655629,206867091,DFDS,DKK,2021-07-13,354.4,356.4,350.4,350.4,54318,1129,352.91
DK0060655629,206867091,DFDS,DKK,2021-07-14,350.2,354.6,350.0,351.6,27619,385,352.22
DK0060655629,206867091,DFDS,DKK,2021-07-15,351.6,355.2,347.2,349.0,67600,815,351.1
DK0060655629,206867091,DFDS,DKK,2021-07-16,349.0,351.8,343.2,346.2,59987,978,346.14
DK0060655629,206867091,DFDS,DKK,2021-07-19,344.6,344.6,332.2,332.8,64061,1440,336.75
DK0060655629,206867091,DFDS,DKK,2021-07-20,341.0,341.0,329.6,334.8,43506,734,333.52
DK0060655629,206867091,DFDS,DKK,2021-07-21,341.2,342.0,335.8,340.8,76289,1390,339.61
DK0060655629,206867091,DFDS,DKK,2021-07-22,342.8,344.2,339.8,340.0,38883,652,341.66
DK0060655629,206867091,DFDS,DKK,2021-07-23,340.8,342.8,340.0,340.2,22747,445,341.0
DK0060655629,206867091,DFDS,DKK,2021-07-26,338.2,345.8,338.2,343.6,36094,485,343.22
DK0060655629,206867091,DFDS,DKK,2021-07-27,346.6,346.6,340.0,344.0,36149,1100,343.39
DK0060655629,206867091,DFDS,DKK,2021-07-28,344.0,345.6,341.8,342.0,45437,945,343.01
DK0060655629,206867091,DFDS,DKK,2021-07-29,343.4,348.6,341.0,342.4,57017,1283,344.27
DK0060655629,206867091,DFDS,DKK,2021-07-30,342.4,346.4,338.2,346.4,37750,463,344.35
DK0060655629,206867091,DFDS,DKK,2021-08-02,346.6,352.8,346.4,349.8,41714,844,350.4
DK0060655629,206867091,DFDS,DKK,2021-08-03,349.8,349.8,344.4,345.2,34168,666,346.22
DK0060655629,206867091,DFDS,DKK,2021-08-04,347.0,349.6,345.4,347.8,35446,635,347.39
DK0060655629,206867091,DFDS,DKK,2021-08-05,350.0,355.0,346.0,355.0,31490,706,352.19
DK0060655629,206867091,DFDS,DKK,2021-08-06,356.6,359.6,354.4,355.6,37457,771,356.29
DK0060655629,206867091,DFDS,DKK,2021-08-09,355.8,359.6,354.2,356.8,26679,558,357.41
DK0060655629,206867091,DFDS,DKK,2021-08-10,360.6,369.8,360.6,364.2,82306,1240,365.51
DK0060655629,206867091,DFDS,DKK,2021-08-11,364.2,372.0,364.2,371.6,39335,647,369.6
DK0060655629,206867091,DFDS,DKK,2021-08-12,372.0,380.2,371.4,380.0,68579,862,376.65
DK0060655629,206867091,DFDS,DKK,2021-08-13,379.6,380.8,370.4,370.4,45262,542,374.33
DK0060655629,206867091,DFDS,DKK,2021-08-16,369.0,369.2,360.6,363.0,44552,993,364.06
DK0060655629,206867091,DFDS,DKK,2021-08-17,365.0,403.6,365.0,399.6,266875,4687,392.66
DK0060655629,206867091,DFDS,DKK,2021-08-18,399.0,399.4,378.0,382.6,79830,1640,384.77
DK0060655629,206867091,DFDS,DKK,2021-08-19,380.0,382.0,371.0,371.0,49285,1249,374.64
DK0060655629,206867091,DFDS,DKK,2021-08-20,373.6,373.6,365.4,368.0,56310,913,368.94
DK0060655629,206867091,DFDS,DKK,2021-08-23,371.8,373.0,367.8,371.0,34785,975,370.3
DK0060655629,206867091,DFDS,DKK,2021-08-24,372.0,373.2,368.0,368.2,34931,713,370.02
DK0060655629,206867091,DFDS,DKK,2021-08-25,372.2,375.4,368.6,374.0,39198,897,373.01
DK0060655629,206867091,DFDS,DKK,2021-08-26,373.2,373.4,368.2,370.8,23723,651,370.38
DK0060655629,206867091,DFDS,DKK,2021-08-27,371.0,371.6,367.0,370.8,20851,522,368.85
DK0060655629,206867091,DFDS,DKK,2021-08-30,371.0,372.6,362.6,367.2,62390,964,367.02
DK0060655629,206867091,DFDS,DKK,2021-08-31,368.4,370.6,359.2,360.0,54263,874,363.28
DK0060655629,206867091,DFDS,DKK,2021-09-01,363.0,363.8,356.2,360.6,35889,739,360.03
DK0060655629,206867091,DFDS,DKK,2021-09-02,361.0,371.2,361.0,369.8,37025,665,366.8
DK0060655629,206867091,DFDS,DKK,2021-09-03,371.8,375.8,369.6,370.2,38381,783,372.59
DK0060655629,206867091,DFDS,DKK,2021-09-06,371.0,376.4,371.0,375.4,24245,602,374.0
DK0060655629,206867091,DFDS,DKK,2021-09-07,379.0,393.0,379.0,382.8,58149,1155,385.48
DK0060655629,206867091,DFDS,DKK,2021-09-08,383.6,386.2,381.0,382.8,60883,1389,382.82
DK0060655629,206867091,DFDS,DKK,2021-09-09,379.4,380.4,375.4,380.4,29165,594,377.86
DK0060655629,206867091,DFDS,DKK,2021-09-10,380.6,380.6,368.4,370.8,36558,874,371.71
DK0060655629,206867091,DFDS,DKK,2021-09-13,370.6,373.2,364.4,366.4,36140,787,367.84
DK0060655629,206867091,DFDS,DKK,2021-09-14,368.0,369.0,362.0,362.6,71020,1010,364.51
DK0060655629,206867091,DFDS,DKK,2021-09-15,364.2,368.2,357.0,360.0,59729,1178,362.3
DK0060655629,206867091,DFDS,DKK,2021-09-16,359.6,370.2,358.2,366.4,44010,941,365.13
DK0060655629,206867091,DFDS,DKK,2021-09-17,367.0,371.4,364.0,364.6,43681,851,367.22
DK0060655629,206867091,DFDS,DKK,2021-09-20,358.4,360.6,349.6,350.6,100232,2251,354.59
DK0060655629,206867091,DFDS,DKK,2021-09-21,350.6,356.6,347.0,349.6,47282,824,350.52
DK0060655629,206867091,DFDS,DKK,2021-09-22,349.2,356.6,349.2,355.6,33160,894,354.39
DK0060655629,206867091,DFDS,DKK,2021-09-23,360.0,363.6,356.0,360.4,36996,743,359.88
DK0060655629,206867091,DFDS,DKK,2021-09-24,357.4,359.2,352.6,355.6,33306,548,355.86
DK0060655629,206867091,DFDS,DKK,2021-09-27,356.2,358.4,348.6,351.8,31764,657,351.61
DK0060655629,206867091,DFDS,DKK,2021-09-28,352.0,352.0,344.0,346.4,57007,1037,346.9
DK0060655629,206867091,DFDS,DKK,2021-09-29,346.4,349.4,343.2,343.6,25447,480,345.96
DK0060655629,206867091,DFDS,DKK,2021-09-30,346.2,352.0,337.6,341.2,63720,1323,342.47
DK0060655629,206867091,DFDS,DKK,2021-10-01,337.2,341.8,331.4,338.0,37087,758,337.6
DK0060655629,206867091,DFDS,DKK,2021-10-04,334.2,336.6,329.4,333.0,50610,1068,333.21
DK0060655629,206867091,DFDS,DKK,2021-10-05,331.8,333.8,326.0,333.4,57416,1240,330.47
DK0060655629,206867091,DFDS,DKK,2021-10-06,333.4,334.0,323.4,328.2,112806,2415,326.89
DK0060655629,206867091,DFDS,DKK,2021-10-07,329.6,335.8,325.8,334.0,66458,1443,331.09
DK0060655629,206867091,DFDS,DKK,2021-10-08,335.0,340.8,334.0,338.8,48405,913,338.28
DK0060655629,206867091,DFDS,DKK,2021-10-11,336.2,336.6,323.4,324.2,57647,1082,327.59
DK0060655629,206867091,DFDS,DKK,2021-10-12,320.4,329.0,319.0,324.4,55152,982,323.34
DK0060655629,206867091,DFDS,DKK,2021-10-13,324.4,336.4,324.0,335.0,86456,1343,332.69
DK0060655629,206867091,DFDS,DKK,2021-10-14,337.0,339.4,333.4,333.8,67217,1241,335.69
DK0060655629,206867091,DFDS,DKK,2021-10-15,333.8,336.8,331.4,336.0,50200,803,334.96
DK0060655629,206867091,DFDS,DKK,2021-10-18,332.4,336.4,332.4,336.0,20494,508,335.02
DK0060655629,206867091,DFDS,DKK,2021-10-19,335.8,341.0,334.4,340.6,32473,788,338.33
DK0060655629,206867091,DFDS,DKK,2021-10-20,340.6,340.6,333.4,338.0,33974,751,336.45
DK0060655629,206867091,DFDS,DKK,2021-10-21,338.2,343.6,336.6,340.6,54245,911,341.19
DK0060655629,206867091,DFDS,DKK,2021-10-22,338.4,345.8,337.4,344.8,29623,378,343.3
DK0060655629,206867091,DFDS,DKK,2021-10-25,346.8,348.0,336.0,336.0,45980,910,339.67
DK0060655629,206867091,DFDS,DKK,2021-10-26,336.2,343.2,336.2,337.8,33866,542,339.99
DK0060655629,206867091,DFDS,DKK,2021-10-27,340.8,340.8,333.0,336.6,40638,1021,335.28
DK0060655629,206867091,DFDS,DKK,2021-10-28,336.0,336.0,330.6,334.4,35556,743,333.38
DK0060655629,206867091,DFDS,DKK,2021-10-29,331.4,337.2,330.0,333.0,30820,547,333.04
DK0060655629,206867091,DFDS,DKK,2021-11-01,332.8,342.4,332.2,342.0,37784,1044,339.22
DK0060655629,206867091,DFDS,DKK,2021-11-02,341.2,348.4,338.2,345.8,43077,760,344.62
DK0060655629,206867091,DFDS,DKK,2021-11-03,344.2,354.8,344.2,354.2,53966,745,351.46
DK0060655629,206867091,DFDS,DKK,2021-11-04,356.6,356.8,346.6,347.2,29290,555,351.57
DK0060655629,206867091,DFDS,DKK,2021-11-05,351.6,352.0,345.0,348.0,31499,641,349.24
DK0060655629,206867091,DFDS,DKK,2021-11-08,346.0,354.8,346.0,354.6,35594,720,352.62
DK0060655629,206867091,DFDS,DKK,2021-11-09,356.4,356.4,353.0,355.8,23298,464,354.77
DK0060655629,206867091,DFDS,DKK,2021-11-10,355.8,360.2,355.4,359.0,53133,874,358.44
DK0060655629,206867091,DFDS,DKK,2021-11-11,355.0,364.4,355.0,364.4,46203,826,360.13
DK0060655629,206867091,DFDS,DKK,2021-11-12,364.2,370.2,361.6,365.0,54603,721,365.22
DK0060655629,206867091,DFDS,DKK,2021-11-15,367.4,367.6,360.2,360.2,36510,538,362.68
DK0060655629,206867091,DFDS,DKK,2021-11-16,360.2,361.0,353.0,354.0,53219,846,355.63
DK0060655629,206867091,DFDS,DKK,2021-11-17,345.0,345.0,322.0,333.8,419421,6778,332.17
DK0060655629,206867091,DFDS,DKK,2021-11-18,334.0,338.2,331.2,334.2,168322,2524,334.98
DK0060655629,206867091,DFDS,DKK,2021-11-19,334.6,335.0,320.0,320.6,196774,3367,323.82
DK0060655629,206867091,DFDS,DKK,2021-11-22,320.6,324.0,320.0,322.6,103177,1909,321.82
DK0060655629,206867091,DFDS,DKK,2021-11-23,321.6,321.8,309.8,312.0,126450,2149,313.82
DK0060655629,206867091,DFDS,DKK,2021-11-24,310.0,312.8,303.6,310.4,107207,1627,308.52
DK0060655629,206867091,DFDS,DKK,2021-11-25,312.0,321.0,310.8,320.0,81156,1062,317.2
DK0060655629,206867091,DFDS,DKK,2021-11-26,312.4,319.2,305.2,316.4,180307,2853,314.36
DK0060655629,206867091,DFDS,DKK,2021-11-29,317.4,324.0,314.6,315.0,148089,1991,316.56
DK0060655629,206867091,DFDS,DKK,2021-11-30,314.2,315.0,296.8,298.6,155472,2116,301.58
DK0060655629,206867091,DFDS,DKK,2021-12-01,300.2,305.4,298.4,301.6,107976,1667,301.8
DK0060655629,206867091,DFDS,DKK,2021-12-02,300.0,300.0,290.0,296.8,121826,1758,294.1
DK0060655629,206867091,DFDS,DKK,2021-12-03,301.6,302.0,292.0,293.4,47270,691,295.82
DK0060655629,206867091,DFDS,DKK,2021-12-06,293.4,297.4,290.6,295.0,79672,768,293.6
DK0060655629,206867091,DFDS,DKK,2021-12-07,297.4,308.6,297.4,308.0,39052,481,305.69
DK0060655629,206867091,DFDS,DKK,2021-12-08,308.2,313.0,306.4,312.4,59211,851,311.12
DK0060655629,206867091,DFDS,DKK,2021-12-09,312.4,313.8,309.8,312.8,39224,651,312.21
DK0060655629,206867091,DFDS,DKK,2021-12-10,313.4,316.0,307.4,312.0,69593,882,310.96
DK0060655629,206867091,DFDS,DKK,2021-12-13,311.8,317.4,311.8,315.2,53556,773,315.1
DK0060655629,206867091,DFDS,DKK,2021-12-14,315.0,316.2,309.8,310.0,92845,925,311.69
DK0060655629,206867091,DFDS,DKK,2021-12-15,311.0,312.6,306.8,309.0,42625,576,309.11
DK0060655629,206867091,DFDS,DKK,2021-12-16,311.6,317.8,311.0,316.0,43183,640,315.31
DK0060655629,206867091,DFDS,DKK,2021-12-17,314.4,318.6,311.0,316.4,62009,682,315.09
DK0060655629,206867091,DFDS,DKK,2021-12-20,313.6,317.4,306.0,315.8,43050,572,313.35
DK0060655629,206867091,DFDS,DKK,2021-12-21,315.8,323.4,315.0,322.0,56675,715,320.38
DK0060655629,206867091,DFDS,DKK,2021-12-22,317.8,330.4,317.8,329.4,43399,596,326.83
DK0060655629,206867091,DFDS,DKK,2021-12-23,329.4,333.8,329.0,333.8,32790,381,331.98
DK0060655629,206867091,DFDS,DKK,2021-12-27,330.8,344.2,330.8,344.2,84014,1308,339.78
DK0060655629,206867091,DFDS,DKK,2021-12-28,344.0,349.8,343.0,345.2,42645,688,345.8
DK0060655629,206867091,DFDS,DKK,2021-12-29,343.4,349.4,343.2,349.4,51221,826,347.16
DK0060655629,206867091,DFDS,DKK,2021-12-30,349.4,349.6,343.8,349.0,38880,475,347.04
DK0060655629,206867091,DFDS,DKK,2022-01-03,350.0,356.0,348.2,356.0,41161,776,352.09
DK0060655629,206867091,DFDS,DKK,2022-01-04,357.0,362.6,354.5,355.0,106303,1318,356.57
DK0060655629,206867091,DFDS,DKK,2022-01-05,356.0,359.8,353.6,354.4,66896,947,356.9
DK0060655629,206867091,DFDS,DKK,2022-01-06,352.2,355.8,347.6,349.0,68803,1120,350.72
DK0060655629,206867091,DFDS,DKK,2022-01-07,349.0,354.4,342.2,343.4,46824,643,346.88
DK0060655629,206867091,DFDS,DKK,2022-01-10,346.4,346.4,334.4,334.8,38048,626,339.87
DK0060655629,206867091,DFDS,DKK,2022-01-11,336.0,342.0,336.0,339.0,39794,583,339.31
DK0060655629,206867091,DFDS,DKK,2022-01-12,344.0,351.4,342.4,347.0,62916,930,346.36
DK0060655629,206867091,DFDS,DKK,2022-01-13,347.0,348.4,341.0,342.2,39709,612,343.95
DK0060655629,206867091,DFDS,DKK,2022-01-14,340.4,347.0,334.6,336.4,47777,602,339.84
DK0060655629,206867091,DFDS,DKK,2022-01-17,339.0,339.0,326.0,326.6,33389,436,328.75
DK0060655629,206867091,DFDS,DKK,2022-01-18,325.0,326.2,316.4,318.0,38732,497,319.7
DK0060655629,206867091,DFDS,DKK,2022-01-19,314.0,318.8,312.0,318.0,59144,756,315.8
DK0060655629,206867091,DFDS,DKK,2022-01-20,317.8,322.8,312.2,322.8,37757,658,318.59
DK0060655629,206867091,DFDS,DKK,2022-01-21,317.0,320.2,308.2,310.8,48435,581,312.94
DK0060655629,206867091,DFDS,DKK,2022-01-24,310.0,310.8,298.8,305.0,82540,1226,303.76
DK0060655629,206867091,DFDS,DKK,2022-01-25,307.0,310.0,301.4,303.4,55322,999,304.77
DK0060655629,206867091,DFDS,DKK,2022-01-26,304.4,317.6,304.2,314.6,37698,538,314.42
DK0060655629,206867091,DFDS,DKK,2022-01-27,311.4,329.0,304.2,324.4,55790,798,322.41
DK0060655629,206867091,DFDS,DKK,2022-01-28,327.6,330.4,312.0,314.0,47485,697,317.42
DK0060655629,206867091,DFDS,DKK,2022-01-31,317.0,324.2,317.0,322.0,37464,434,321.15
DK0060655629,206867091,DFDS,DKK,2022-02-01,323.6,329.2,322.2,323.6,32655,419,324.97
DK0060655629,206867091,DFDS,DKK,2022-02-02,324.8,334.0,324.4,333.0,38219,498,330.95
DK0060655629,206867091,DFDS,DKK,2022-02-03,333.2,333.2,321.6,322.6,35300,575,324.29
DK0060655629,206867091,DFDS,DKK,2022-02-04,325.2,328.4,313.0,316.0,59316,741,317.47
DK0060655629,206867091,DFDS,DKK,2022-02-07,316.2,320.2,312.2,314.2,68429,972,315.38
DK0060655629,206867091,DFDS,DKK,2022-02-08,314.2,326.0,291.0,305.4,219599,2814,303.86
DK0060655629,206867091,DFDS,DKK,2022-02-09,310.0,320.4,303.4,318.8,96254,1356,314.44
DK0060655629,206867091,DFDS,DKK,2022-02-10,320.6,325.8,316.8,324.2,75925,1201,322.16
DK0060655629,206867091,DFDS,DKK,2022-02-11,320.0,322.4,315.0,318.6,48870,892,317.22
DK0060655629,206867091,DFDS,DKK,2022-02-14,316.4,317.0,304.4,307.2,104085,1380,308.25
DK0060655629,206867091,DFDS,DKK,2022-02-15,306.8,319.2,305.6,317.4,57761,1008,316.28
DK0060655629,206867091,DFDS,DKK,2022-02-16,317.6,320.8,316.4,317.4,39347,503,318.79
DK0060655629,206867091,DFDS,DKK,2022-02-17,318.4,320.0,313.0,313.0,50575,719,316.94
DK0060655629,206867091,DFDS,DKK,2022-02-18,314.6,315.6,303.2,305.0,45278,611,307.79
DK0060655629,206867091,DFDS,DKK,2022-02-21,303.0,305.6,293.2,295.8,49057,659,297.62
DK0060655629,206867091,DFDS,DKK,2022-02-22,290.8,304.6,287.0,300.0,131003,1398,299.44
DK0060655629,206867091,DFDS,DKK,2022-02-23,301.4,305.6,297.8,300.2,84643,1097,300.44
DK0060655629,206867091,DFDS,DKK,2022-02-24,284.0,294.0,278.4,291.8,114188,1641,284.94
DK0060655629,206867091,DFDS,DKK,2022-02-25,292.4,306.4,291.8,306.0,100670,1737,299.56
DK0060655629,206867091,DFDS,DKK,2022-02-28,300.2,310.0,299.8,308.4,79953,838,306.52
DK0060655629,206867091,DFDS,DKK,2022-03-01,309.8,311.2,284.6,284.6,103551,1381,291.07
DK0060655629,206867091,DFDS,DKK,2022-03-02,280.0,281.6,268.0,272.2,153115,1750,273.38
DK0060655629,206867091,DFDS,DKK,2022-03-03,272.2,277.4,270.0,273.0,77534,1028,274.09
DK0060655629,206867091,DFDS,DKK,2022-03-04,271.8,274.4,266.0,271.4,107180,1105,270.57
DK0060655629,206867091,DFDS,DKK,2022-03-07,261.2,263.2,250.0,260.6,90871,1009,258.16
DK0060655629,206867091,DFDS,DKK,2022-03-08,257.4,267.8,256.2,258.8,65435,921,260.4
DK0060655629,206867091,DFDS,DKK,2022-03-09,264.6,273.2,260.2,272.2,65145,879,266.82
DK0060655629,206867091,DFDS,DKK,2022-03-10,275.0,283.8,272.2,280.2,64064,820,278.33
DK0060655629,206867091,DFDS,DKK,2022-03-11,280.0,290.8,280.0,283.0,47300,538,285.56
DK0060655629,206867091,DFDS,DKK,2022-03-14,286.4,292.2,283.8,285.0,34152,664,287.74
DK0060655629,206867091,DFDS,DKK,2022-03-15,283.8,286.6,278.8,282.0,49699,809,283.11
DK0060655629,206867091,DFDS,DKK,2022-03-16,286.2,299.4,286.2,296.0,44961,667,294.69
DK0060655629,206867091,DFDS,DKK,2022-03-17,299.8,310.8,298.0,308.6,72691,882,306.71
DK0060655629,206867091,DFDS,DKK,2022-03-18,311.8,312.8,307.0,309.0,87206,651,309.8
DK0060655629,206867091,DFDS,DKK,2022-03-21,312.0,321.8,311.6,317.0,62017,741,316.2
DK0060655629,206867091,DFDS,DKK,2022-03-22,316.6,318.8,312.8,316.6,40019,596,316.32
DK0060655629,206867091,DFDS,DKK,2022-03-23,318.0,319.2,304.8,307.0,53071,737,310.45
DK0060655629,206867091,DFDS,DKK,2022-03-24,304.4,306.6,291.6,292.0,37580,501,296.29
DK0060655629,206867091,DFDS,DKK,2022-03-25,294.0,294.2,283.8,283.8,46961,656,287.77
DK0060655629,206867091,DFDS,DKK,2022-03-28,286.6,292.6,286.0,290.2,44476,568,289.65
DK0060655629,206867091,DFDS,DKK,2022-03-29,292.0,297.2,290.0,295.8,55134,607,294.06
DK0060655629,206867091,DFDS,DKK,2022-03-30,297.4,297.4,285.2,289.2,68370,1161,288.63
DK0060655629,206867091,DFDS,DKK,2022-03-31,289.0,295.8,287.6,288.4,43385,553,290.46
DK0060655629,206867091,DFDS,DKK,2022-04-01,292.0,293.4,287.4,293.0,24548,353,291.74
DK0060655629,206867091,DFDS,DKK,2022-04-04,293.0,293.8,281.6,285.0,54311,643,284.91
DK0060655629,206867091,DFDS,DKK,2022-04-05,286.0,286.0,276.0,276.2,53711,568,280.6
DK0060655629,206867091,DFDS,DKK,2022-04-06,277.2,278.6,266.2,270.2,62617,739,269.88
DK0060655629,206867091,DFDS,DKK,2022-04-07,270.2,275.2,269.8,271.2,42034,527,272.23
DK0060655629,206867091,DFDS,DKK,2022-04-08,274.0,275.2,269.4,270.8,37210,656,271.59
DK0060655629,206867091,DFDS,DKK,2022-04-11,272.0,272.0,251.8,255.0,130670,1203,261.98
DK0060655629,206867091,DFDS,DKK,2022-04-12,254.6,260.0,252.6,256.8,60530,795,255.84
DK0060655629,206867091,DFDS,DKK,2022-04-13,258.0,258.8,254.4,257.0,43951,459,256.6
DK0060655629,206867091,DFDS,DKK,2022-04-19,258.8,270.0,257.2,270.0,44672,645,266.16
DK0060655629,206867091,DFDS,DKK,2022-04-20,270.2,275.6,267.2,273.4,40798,434,272.4
DK0060655629,206867091,DFDS,DKK,2022-04-21,275.0,281.2,274.4,277.4,41381,527,278.28
DK0060655629,206867091,DFDS,DKK,2022-04-22,275.0,277.6,272.0,272.4,24267,269,274.23
DK0060655629,206867091,DFDS,DKK,2022-04-25,270.0,271.0,260.0,260.0,77793,792,263.72
DK0060655629,206867091,DFDS,DKK,2022-04-26,262.4,268.8,261.8,265.0,68391,752,265.76
DK0060655629,206867091,DFDS,DKK,2022-04-27,261.6,271.2,261.4,269.0,50288,713,268.1
DK0060655629,206867091,DFDS,DKK,2022-04-28,271.6,276.0,268.0,269.6,68217,814,271.74
DK0060655629,206867091,DFDS,DKK,2022-04-29,271.0,279.8,270.2,275.6,69204,829,276.06
DK0060655629,206867091,DFDS,DKK,2022-05-02,275.6,275.8,261.0,271.6,59532,651,269.3
DK0060655629,206867091,DFDS,DKK,2022-05-03,272.0,276.2,269.0,271.6,40521,451,271.59
DK0060655629,206867091,DFDS,DKK,2022-05-04,271.6,276.2,270.8,273.6,39409,458,273.77
DK0060655629,206867091,DFDS,DKK,2022-05-05,276.8,279.0,269.4,270.4,48568,599,274.05
DK0060655629,206867091,DFDS,DKK,2022-05-06,270.4,270.4,262.0,264.8,53824,569,264.38
DK0060655629,206867091,DFDS,DKK,2022-05-09,260.8,261.0,244.8,246.4,119488,1262,251.36
DK0060655629,206867091,DFDS,DKK,2022-05-10,249.0,259.2,248.0,256.4,61419,732,254.17
DK0060655629,206867091,DFDS,DKK,2022-05-11,262.0,272.2,246.4,253.8,175052,2007,257.7
DK0060655629,206867091,DFDS,DKK,2022-05-12,253.8,259.0,244.6,257.0,186534,1586,252.4
DK0060655629,206867091,DFDS,DKK,2022-05-16,262.4,269.0,260.0,267.4,62424,763,265.11
DK0060655629,206867091,DFDS,DKK,2022-05-17,269.0,275.4,267.4,270.4,40819,479,271.65
DK0060655629,206867091,DFDS,DKK,2022-05-18,274.0,279.2,272.0,277.2,55625,702,276.05
DK0060655629,206867091,DFDS,DKK,2022-05-19,271.8,271.8,262.0,267.0,65860,537,267.2
DK0060655629,206867091,DFDS,DKK,2022-05-20,267.0,274.6,267.0,273.0,45835,539,272.49
DK0060655629,206867091,DFDS,DKK,2022-05-23,275.0,279.4,270.6,272.0,35280,552,274.16
DK0060655629,206867091,DFDS,DKK,2022-05-24,270.6,274.0,268.0,269.2,39827,405,270.87
DK0060655629,206867091,DFDS,DKK,2022-05-25,270.4,271.4,263.4,268.4,28864,418,266.68
DK0060655629,206867091,DFDS,DKK,2022-05-30,273.0,276.8,269.4,274.2,74400,817,273.16
DK0060655629,206867091,DFDS,DKK,2022-05-31,274.2,274.2,269.0,271.0,66840,414,271.51
DK0060655629,206867091,DFDS,DKK,2022-06-01,271.0,272.0,261.6,264.0,48389,552,264.65
DK0060655629,206867091,DFDS,DKK,2022-06-02,263.4,265.0,259.4,262.8,50602,595,262.46
DK0060655629,206867091,DFDS,DKK,2022-06-03,264.8,266.4,261.0,261.0,30215,275,263.5
DK0060655629,206867091,DFDS,DKK,2022-06-07,264.2,265.6,261.6,265.0,33208,407,263.94
DK0060655629,206867091,DFDS,DKK,2022-06-08,265.0,265.0,253.0,254.8,52319,588,256.49
DK0060655629,206867091,DFDS,DKK,2022-06-09,255.8,255.8,242.4,243.6,69769,785,245.66
DK0060655629,206867091,DFDS,DKK,2022-06-10,242.0,243.2,234.4,241.8,80868,880,239.58
DK0060655629,206867091,DFDS,DKK,2022-06-13,235.2,240.0,226.8,226.8,108869,874,232.06
DK0060655629,206867091,DFDS,DKK,2022-06-14,230.4,232.6,220.4,221.8,115114,978,223.62
DK0060655629,206867091,DFDS,DKK,2022-06-15,225.2,226.0,218.8,223.6,59731,683,222.61
DK0060655629,206867091,DFDS,DKK,2022-06-16,222.8,223.6,209.0,217.0,93514,896,214.42
DK0060655629,206867091,DFDS,DKK,2022-06-17,215.8,222.0,215.8,219.2,66830,665,219.45
DK0060655629,206867091,DFDS,DKK,2022-06-20,219.0,225.2,217.8,223.2,44884,568,223.03
DK0060655629,206867091,DFDS,DKK,2022-06-21,226.2,229.4,224.0,227.0,34657,272,226.98
DK0060655629,206867091,DFDS,DKK,2022-06-22,225.8,225.8,218.6,220.6,74012,807,220.87
DK0060655629,206867091,DFDS,DKK,2022-06-23,223.2,226.2,217.6,222.4,125544,1357,222.22
DK0060655629,206867091,DFDS,DKK,2022-06-24,226.6,228.6,222.2,227.4,67219,641,226.27
DK0060655629,206867091,DFDS,DKK,2022-06-27,228.8,235.0,228.6,235.0,43655,406,232.49
DK0060655629,206867091,DFDS,DKK,2022-06-28,234.4,237.6,226.6,226.6,44159,525,230.43
DK0060655629,206867091,DFDS,DKK,2022-06-29,225.0,226.6,219.6,225.0,71057,673,223.21
DK0060655629,206867091,DFDS,DKK,2022-06-30,222.0,222.0,213.4,214.6,75053,754,215.75
DK0060655629,206867091,DFDS,DKK,2022-07-01,213.2,221.0,212.6,215.6,55610,465,217.1
DK0060655629,206867091,DFDS,DKK,2022-07-04,220.0,220.0,211.2,213.6,52451,647,214.44
DK0060655629,206867091,DFDS,DKK,2022-07-05,215.4,219.4,210.6,211.2,40701,472,213.19
DK0060655629,206867091,DFDS,DKK,2022-07-06,212.8,214.8,208.4,209.2,52052,564,210.21
DK0060655629,206867091,DFDS,DKK,2022-07-07,210.0,218.0,210.0,216.6,49942,546,215.52
DK0060655629,206867091,DFDS,DKK,2022-07-08,217.6,219.0,214.4,218.8,54142,569,217.58
DK0060655629,206867091,DFDS,DKK,2022-07-11,216.4,219.8,212.2,215.0,44084,385,215.56
DK0060655629,206867091,DFDS,DKK,2022-07-12,212.2,214.0,209.6,213.0,63473,546,212.13
DK0060655629,206867091,DFDS,DKK,2022-07-13,213.0,218.2,211.6,214.0,60955,686,214.87
DK0060655629,206867091,DFDS,DKK,2022-07-14,217.8,219.0,212.2,213.4,23161,275,215.3
DK0060655629,206867091,DFDS,DKK,2022-07-15,213.4,219.4,211.2,219.2,67644,758,214.67
DK0060655629,206867091,DFDS,DKK,2022-07-18,227.0,239.0,227.0,236.8,142613,1099,235.62
DK0060655629,206867091,DFDS,DKK,2022-07-19,236.0,248.0,234.4,245.4,92289,764,242.61
DK0060655629,206867091,DFDS,DKK,2022-07-20,245.4,252.8,244.6,249.2,66514,646,249.98
DK0060655629,206867091,DFDS,DKK,2022-07-21,247.2,257.4,247.2,250.0,61826,732,253.01
DK0060655629,206867091,DFDS,DKK,2022-07-22,250.0,253.0,247.2,251.6,33490,372,250.67
DK0060655629,206867091,DFDS,DKK,2022-07-25,249.2,250.6,244.4,248.4,69333,568,247.83
DK0060655629,206867091,DFDS,DKK,2022-07-26,248.6,249.8,245.0,246.8,35520,281,246.79
DK0060655629,206867091,DFDS,DKK,2022-07-27,247.0,251.8,246.2,247.8,28388,372,249.0
DK0060655629,206867091,DFDS,DKK,2022-07-28,248.6,253.0,248.6,252.0,46239,560,251.84
DK0060655629,206867091,DFDS,DKK,2022-07-29,252.8,264.0,252.8,259.8,77582,588,259.96
DK0060655629,206867091,DFDS,DKK,2022-08-01,261.2,267.2,258.2,264.2,74273,762,264.33
DK0060655629,206867091,DFDS,DKK,2022-08-02,265.2,266.0,260.2,263.4,63442,954,262.91
DK0060655629,206867091,DFDS,DKK,2022-08-03,263.2,271.0,262.0,265.0,66906,842,267.29
DK0060655629,206867091,DFDS,DKK,2022-08-04,268.0,272.6,266.4,268.8,78617,775,269.63
DK0060655629,206867091,DFDS,DKK,2022-08-05,271.2,273.4,263.8,266.6,66549,617,268.06
DK0060655629,206867091,DFDS,DKK,2022-08-08,268.2,269.0,263.4,264.4,58488,667,265.25
DK0060655629,206867091,DFDS,DKK,2022-08-09,269.2,279.0,267.8,271.6,163171,1791,272.07
DK0060655629,206867091,DFDS,DKK,2022-08-10,273.0,279.8,270.0,279.4,59704,698,275.68
DK0060655629,206867091,DFDS,DKK,2022-08-11,280.0,286.0,280.0,285.8,77737,821,283.39
DK0060655629,206867091,DFDS,DKK,2022-08-12,286.8,288.0,277.8,280.0,60205,617,280.68
DK0060655629,206867091,DFDS,DKK,2022-08-15,282.2,284.4,279.0,280.4,61193,730,280.98
DK0060655629,206867091,DFDS,DKK,2022-08-16,290.0,308.6,290.0,305.4,254077,2293,301.56
DK0060655629,206867091,DFDS,DKK,2022-08-17,305.6,308.0,294.2,299.8,89086,950,300.65
DK0060655629,206867091,DFDS,DKK,2022-08-18,300.2,307.2,298.8,305.6,77814,993,303.68
DK0060655629,206867091,DFDS,DKK,2022-08-19,304.2,304.8,295.0,295.0,56910,742,299.17
DK0060655629,206867091,DFDS,DKK,2022-08-22,295.0,295.2,283.6,287.0,70577,1021,287.31
DK0060655629,206867091,DFDS,DKK,2022-08-23,284.4,287.8,282.2,284.0,49573,655,284.64
DK0060655629,206867091,DFDS,DKK,2022-08-24,283.2,283.6,275.2,278.4,54281,658,277.87
DK0060655629,206867091,DFDS,DKK,2022-08-25,279.8,282.6,274.4,274.8,41027,549,277.03
DK0060655629,206867091,DFDS,DKK,2022-08-26,274.8,276.2,262.0,263.2,66415,663,266.15
DK0060655629,206867091,DFDS,DKK,2022-08-29,260.0,260.2,252.6,255.8,82720,818,255.58
DK0060655629,206867091,DFDS,DKK,2022-08-30,259.4,265.8,257.0,258.8,62088,702,261.46
DK0060655629,206867091,DFDS,DKK,2022-08-31,257.4,260.0,254.0,257.0,75298,739,256.77
DK0060655629,206867091,DFDS,DKK,2022-09-01,256.0,256.0,248.0,248.4,41814,525,250.12
DK0060655629,206867091,DFDS,DKK,2022-09-02,251.0,251.6,243.8,245.6,96594,1152,246.51
DK0060655629,206867091,DFDS,DKK,2022-09-05,240.0,252.8,237.2,252.2,160322,1496,248.42
DK0060655629,206867091,DFDS,DKK,2022-09-06,254.8,259.4,252.4,255.0,75194,866,255.64
DK0060655629,206867091,DFDS,DKK,2022-09-07,253.0,257.4,250.8,256.0,49248,539,255.24
DK0060655629,206867091,DFDS,DKK,2022-09-08,257.8,259.0,249.2,251.4,44990,588,253.07
DK0060655629,206867091,DFDS,DKK,2022-09-09,254.8,262.8,254.6,262.2,55939,593,259.44
DK0060655629,206867091,DFDS,DKK,2022-09-12,264.8,271.2,264.0,267.8,87696,809,267.65
DK0060655629,206867091,DFDS,DKK,2022-09-13,270.0,270.0,258.4,260.0,69539,795,263.41
DK0060655629,206867091,DFDS,DKK,2022-09-14,258.8,263.0,254.8,257.0,84725,832,258.42
DK0060655629,206867091,DFDS,DKK,2022-09-15,259.0,259.4,250.6,251.2,68523,693,253.26
DK0060655629,206867091,DFDS,DKK,2022-09-16,250.2,250.2,234.6,237.0,86844,932,239.1
DK0060655629,206867091,DFDS,DKK,2022-09-19,236.6,236.6,228.6,233.4,59679,587,232.2
DK0060655629,206867091,DFDS,DKK,2022-09-20,233.2,235.8,225.8,226.4,75163,672,229.52
DK0060655629,206867091,DFDS,DKK,2022-09-21,225.0,226.2,222.4,225.4,32513,434,224.81
DK0060655629,206867091,DFDS,DKK,2022-09-22,224.2,224.9,215.2,215.2,65706,691,218.41
DK0060655629,206867091,DFDS,DKK,2022-09-23,213.2,214.2,204.0,205.4,90308,939,206.71
DK0060655629,206867091,DFDS,DKK,2022-09-26,204.2,205.6,201.0,202.6,53965,726,203.17
DK0060655629,206867091,DFDS,DKK,2022-09-27,204.0,204.6,200.4,203.0,52166,627,202.92
DK0060655629,206867091,DFDS,DKK,2022-09-28,200.0,202.8,196.0,202.8,93929,893,199.75
DK0060655629,206867091,DFDS,DKK,2022-09-29,202.0,202.0,192.5,194.0,99147,832,195.33
DK0060655629,206867091,DFDS,DKK,2022-09-30,194.6,200.4,194.6,197.9,60505,714,197.69
DK0060655629,206867091,DFDS,DKK,2022-10-03,199.0,205.6,196.6,205.4,57410,651,201.38
DK0060655629,206867091,DFDS,DKK,2022-10-04,207.6,212.0,207.0,211.2,63497,583,209.72
DK0060655629,206867091,DFDS,DKK,2022-10-05,213.0,213.0,203.4,203.6,110623,1251,207.22
DK0060655629,206867091,DFDS,DKK,2022-10-06,205.0,211.4,205.0,206.0,83466,620,207.4
DK0060655629,206867091,DFDS,DKK,2022-10-07,205.2,206.2,199.9,200.6,77620,633,201.87
DK0060655629,206867091,DFDS,DKK,2022-10-10,198.6,206.2,196.6,202.0,52172,551,202.31
DK0060655629,206867091,DFDS,DKK,2022-10-11,202.0,202.0,197.5,201.0,40586,459,200.28
DK0060655629,206867091,DFDS,DKK,2022-10-12,202.2,202.4,197.3,200.0,68524,721,199.63
DK0060655629,206867091,DFDS,DKK,2022-10-13,199.1,203.8,196.1,201.6,77032,713,200.28
DK0060655629,206867091,DFDS,DKK,2022-10-14,208.8,213.0,206.0,210.6,96255,870,209.36
DK0060655629,206867091,DFDS,DKK,2022-10-17,208.8,218.4,207.4,216.0,79072,836,214.49
DK0060655629,206867091,DFDS,DKK,2022-10-18,217.8,224.2,217.8,222.8,73272,679,221.39
DK0060655629,206867091,DFDS,DKK,2022-10-19,223.0,223.8,218.4,219.0,60019,565,220.0
DK0060655629,206867091,DFDS,DKK,2022-10-20,218.2,219.8,215.0,219.0,46872,515,217.25
DK0060655629,206867091,DFDS,DKK,2022-10-21,216.2,218.6,214.4,217.2,51423,390,216.72
DK0060655629,206867091,DFDS,DKK,2022-10-24,219.0,224.8,218.0,220.2,91797,869,221.75
DK0060655629,206867091,DFDS,DKK,2022-10-25,221.4,231.2,221.0,230.0,73110,772,226.79
DK0060655629,206867091,DFDS,DKK,2022-10-26,230.0,234.2,228.0,231.2,67598,780,231.23
DK0060655629,206867091,DFDS,DKK,2022-10-27,231.2,231.2,226.6,229.8,40344,589,229.13
DK0060655629,206867091,DFDS,DKK,2022-10-28,227.4,228.4,224.0,226.4,41109,473,226.24
DK0060655629,206867091,DFDS,DKK,2022-10-31,226.6,229.6,225.0,228.8,33883,400,228.27
DK0060655629,206867091,DFDS,DKK,2022-11-01,230.0,234.0,227.8,228.8,41864,439,230.34
DK0060655629,206867091,DFDS,DKK,2022-11-02,230.4,230.4,225.0,228.0,135812,581,227.69
DK0060655629,206867091,DFDS,DKK,2022-11-03,226.0,227.4,220.4,224.0,56406,532,223.38
DK0060655629,206867091,DFDS,DKK,2022-11-04,223.8,226.0,218.4,222.8,79799,659,222.27
DK0060655629,206867091,DFDS,DKK,2022-11-07,222.8,232.4,221.8,231.0,54599,514,228.81
DK0060655629,206867091,DFDS,DKK,2022-11-08,231.0,241.4,230.4,240.2,79640,827,236.44
DK0060655629,206867091,DFDS,DKK,2022-11-09,240.2,240.4,233.6,237.4,72514,817,236.65
DK0060655629,206867091,DFDS,DKK,2022-11-10,235.8,246.6,227.2,245.0,98327,871,238.04
DK0060655629,206867091,DFDS,DKK,2022-11-11,249.2,250.0,242.6,246.0,122433,1031,246.34
DK0060655629,206867091,DFDS,DKK,2022-11-14,246.8,250.0,243.6,248.2,94977,1099,246.7
DK0060655629,206867091,DFDS,DKK,2022-11-15,246.6,247.4,241.6,243.8,43879,494,244.04
DK0060655629,206867091,DFDS,DKK,2022-11-16,244.4,257.6,233.4,255.8,259815,2238,246.28
DK0060655629,206867091,DFDS,DKK,2022-11-17,257.0,265.0,249.6,259.0,307060,2842,258.12
DK0060655629,206867091,DFDS,DKK,2022-11-18,259.6,259.6,249.2,252.4,171960,1548,252.24
DK0060655629,206867091,DFDS,DKK,2022-11-21,251.4,252.6,247.6,251.6,57440,930,250.78
DK0060655629,206867091,DFDS,DKK,2022-11-22,250.8,250.8,245.0,247.4,38116,508,247.38
DK0060655629,206867091,DFDS,DKK,2022-11-23,248.4,248.4,241.6,243.2,51006,510,244.32
DK0060655629,206867091,DFDS,DKK,2022-11-24,242.6,249.8,242.6,247.8,48100,415,247.27
DK0060655629,206867091,DFDS,DKK,2022-11-25,249.2,253.2,248.6,253.2,57155,705,251.76
DK0060655629,206867091,DFDS,DKK,2022-11-28,252.4,253.8,248.2,248.4,45768,670,250.15
DK0060655629,206867091,DFDS,DKK,2022-11-29,248.2,250.4,245.0,249.2,43310,541,248.05
DK0060655629,206867091,DFDS,DKK,2022-11-30,250.6,251.6,246.8,248.6,65653,431,248.94
DK0060655629,206867091,DFDS,DKK,2022-12-01,250.8,255.4,250.4,255.4,70378,768,254.0
DK0060655629,206867091,DFDS,DKK,2022-12-02,254.6,256.8,249.0,252.0,58994,544,252.7
DK0060655629,206867091,DFDS,DKK,2022-12-05,252.0,256.2,250.6,253.0,83311,912,253.95
DK0060655629,206867091,DFDS,DKK,2022-12-06,253.2,253.2,246.2,247.0,42724,456,248.77
DK0060655629,206867091,DFDS,DKK,2022-12-07,246.8,247.0,242.2,243.0,37874,410,243.95
DK0060655629,206867091,DFDS,DKK,2022-12-08,241.0,242.4,236.8,238.0,42319,360,239.1
DK0060655629,206867091,DFDS,DKK,2022-12-09,238.0,244.4,238.0,243.0,46654,518,241.52
DK0060655629,206867091,DFDS,DKK,2022-12-12,242.2,242.2,238.4,239.0,28286,333,239.75
DK0060655629,206867091,DFDS,DKK,2022-12-13,239.8,245.2,237.4,239.4,70280,908,241.01
DK0060655629,206867091,DFDS,DKK,2022-12-14,239.6,241.8,237.2,238.4,48786,374,238.83
DK0060655629,206867091,DFDS,DKK,2022-12-15,237.2,237.6,232.6,236.8,71006,565,235.53
DK0060655629,206867091,DFDS,DKK,2022-12-16,235.0,236.0,230.4,234.2,83242,543,233.79
DK0060655629,206867091,DFDS,DKK,2022-12-19,233.6,240.0,231.4,234.2,80302,807,236.67
DK0060655629,206867091,DFDS,DKK,2022-12-20,232.0,237.0,230.6,236.4,47397,517,234.31
DK0060655629,206867091,DFDS,DKK,2022-12-21,236.4,244.0,235.8,242.8,71906,693,240.52
DK0060655629,206867091,DFDS,DKK,2022-12-22,243.8,246.0,240.2,240.8,58682,598,243.66
DK0060655629,206867091,DFDS,DKK,2022-12-23,242.4,247.4,241.8,246.0,54034,563,245.36
DK0060655629,206867091,DFDS,DKK,2022-12-27,245.8,250.8,245.8,249.8,43715,451,249.19
DK0060655629,206867091,DFDS,DKK,2022-12-28,249.6,252.4,246.2,251.0,83128,603,250.34
DK0060655629,206867091,DFDS,DKK,2022-12-29,250.0,254.4,247.8,253.2,64450,610,252.28
DK0060655629,206867091,DFDS,DKK,2022-12-30,253.8,260.8,253.2,256.4,99082,848,257.76
DK0060655629,206867091,DFDS,DKK,2023-01-02,256.0,265.2,246.2,263.8,133628,939,259.12
DK0060655629,206867091,DFDS,DKK,2023-01-03,264.2,269.0,262.8,265.0,77110,800,266.22
DK0060655629,206867091,DFDS,DKK,2023-01-04,265.0,266.2,261.8,265.0,57747,551,263.7
DK0060655629,206867091,DFDS,DKK,2023-01-05,263.2,264.0,258.2,262.4,77259,766,261.05
DK0060655629,206867091,DFDS,DKK,2023-01-06,262.2,264.4,258.6,264.4,57781,568,262.11
DK0060655629,206867091,DFDS,DKK,2023-01-09,264.8,269.4,264.4,266.4,62717,765,267.42
DK0060655629,206867091,DFDS,DKK,2023-01-10,266.2,272.6,264.0,265.2,91788,844,267.88
DK0060655629,206867091,DFDS,DKK,2023-01-11,265.4,266.6,258.2,259.6,80342,791,261.49
DK0060655629,206867091,DFDS,DKK,2023-01-12,259.2,262.6,254.6,257.2,56816,646,257.52
DK0060655629,206867091,DFDS,DKK,2023-01-13,257.2,258.4,254.6,257.6,52391,648,257.09
DK0060655629,206867091,DFDS,DKK,2023-01-16,259.2,263.0,257.8,262.0,62393,397,260.99
DK0060655629,206867091,DFDS,DKK,2023-01-17,263.6,266.6,260.9,266.0,48166,483,263.47
DK0060655629,206867091,DFDS,DKK,2023-01-18,266.0,274.2,266.0,272.8,80043,726,270.65
DK0060655629,206867091,DFDS,DKK,2023-01-19,271.2,271.2,263.0,263.8,120977,931,266.78
DK0060655629,206867091,DFDS,DKK,2023-01-20,264.6,267.8,264.6,267.2,59441,584,266.46
DK0060655629,206867091,DFDS,DKK,2023-01-23,269.0,270.0,266.0,268.2,41304,404,267.79
DK0060655629,206867091,DFDS,DKK,2023-01-24,268.2,270.6,266.4,267.4,60620,571,267.93
DK0060655629,206867091,DFDS,DKK,2023-01-25,266.0,266.8,250.6,251.4,108108,894,255.9
DK0060655629,206867091,DFDS,DKK,2023-01-26,253.6,259.4,252.0,252.8,63903,698,254.91
DK0060655629,206867091,DFDS,DKK,2023-01-27,252.4,254.0,250.0,252.2,47677,638,252.11
DK0060655629,206867091,DFDS,DKK,2023-01-30,252.4,255.4,252.0,254.6,28272,401,253.83
DK0060655629,206867091,DFDS,DKK,2023-01-31,254.2,257.0,252.4,256.6,46770,458,254.92
DK0060655629,206867091,DFDS,DKK,2023-02-01,257.4,264.0,257.2,262.6,56632,615,262.0
DK0060655629,206867091,DFDS,DKK,2023-02-02,263.0,272.8,262.6,271.0,108113,1205,267.9
DK0060655629,206867091,DFDS,DKK,2023-02-03,271.2,274.0,267.6,271.4,106526,958,271.12
DK0060655629,206867091,DFDS,DKK,2023-02-06,270.0,271.0,265.4,267.0,51476,527,267.87
DK0060655629,206867091,DFDS,DKK,2023-02-07,268.4,278.0,268.4,275.6,99783,786,274.76
DK0060655629,206867091,DFDS,DKK,2023-02-08,271.6,284.6,271.6,280.8,91395,924,281.26
DK0060655629,206867091,DFDS,DKK,2023-02-09,274.8,274.8,264.0,272.6,273006,2212,269.47
DK0060655629,206867091,DFDS,DKK,2023-02-10,272.2,272.2,255.8,258.2,198563,2080,260.16
DK0060655629,206867091,DFDS,DKK,2023-02-13,258.2,265.0,249.8,264.2,104571,930,259.88
DK0060655629,206867091,DFDS,DKK,2023-02-14,264.2,272.4,264.0,269.6,91807,885,269.11
DK0060655629,206867091,DFDS,DKK,2023-02-15,267.8,271.0,265.2,269.4,66785,680,269.0
DK0060655629,206867091,DFDS,DKK,2023-02-16,270.0,274.0,268.2,271.4,69099,645,270.99
DK0060655629,206867091,DFDS,DKK,2023-02-17,270.0,273.6,267.2,272.4,46472,457,272.18
DK0060655629,206867091,DFDS,DKK,2023-02-20,273.0,276.0,270.4,274.0,76536,581,273.36
DK0060655629,206867091,DFDS,DKK,2023-02-21,273.4,276.8,271.4,272.0,46022,442,273.08
DK0060655629,206867091,DFDS,DKK,2023-02-22,272.0,274.2,269.6,271.6,67664,659,272.26
DK0060655629,206867091,DFDS,DKK,2023-02-23,273.6,281.4,273.4,277.6,114951,878,278.02
DK0060655629,206867091,DFDS,DKK,2023-02-24,280.0,289.4,280.0,283.0,150424,1182,285.09
DK0060655629,206867091,DFDS,DKK,2023-02-27,283.2,292.4,281.4,291.2,96239,859,289.51
DK0060655629,206867091,DFDS,DKK,2023-02-28,289.4,290.6,286.0,287.2,66097,545,287.84
DK0060655629,206867091,DFDS,DKK,2023-03-01,287.0,292.4,286.0,286.8,69036,435,287.94
DK0060655629,206867091,DFDS,DKK,2023-03-02,286.8,288.4,282.0,283.6,65493,657,284.62
DK0060655629,206867091,DFDS,DKK,2023-03-03,284.0,286.4,283.0,283.6,37454,472,284.09
DK0060655629,206867091,DFDS,DKK,2023-03-06,285.2,285.2,277.8,277.8,62554,611,280.33
DK0060655629,206867091,DFDS,DKK,2023-03-07,277.2,278.2,273.8,273.8,72115,747,275.65
DK0060655629,206867091,DFDS,DKK,2023-03-08,273.4,279.6,272.8,279.2,75254,693,277.13
DK0060655629,206867091,DFDS,DKK,2023-03-09,279.8,282.4,277.8,280.8,46081,446,280.23
DK0060655629,206867091,DFDS,DKK,2023-03-10,275.8,280.4,273.6,275.8,57467,638,277.04
DK0060655629,206867091,DFDS,DKK,2023-03-13,275.8,277.0,262.6,263.2,72296,687,267.18
DK0060655629,206867091,DFDS,DKK,2023-03-14,265.0,286.2,262.8,279.0,136105,949,276.22
DK0060655629,206867091,DFDS,DKK,2023-03-15,279.8,284.6,266.0,271.2,66563,655,273.65
DK0060655629,206867091,DFDS,DKK,2023-03-16,274.0,276.2,266.6,275.8,100207,896,272.78
DK0060655629,206867091,DFDS,DKK,2023-03-17,272.0,280.2,272.0,273.2,71271,606,275.21
DK0060655629,206867091,DFDS,DKK,2023-03-20,270.4,273.8,260.2,272.6,55769,561,269.83
DK0060655629,206867091,DFDS,DKK,2023-03-21,274.0,277.4,272.6,277.2,41943,499,275.16
DK0060655629,206867091,DFDS,DKK,2023-03-22,277.8,278.0,275.6,276.0,45352,410,276.61
DK0060655629,206867091,DFDS,DKK,2023-03-23,272.6,272.6,265.0,270.6,42578,378,268.91
DK0060655629,206867091,DFDS,DKK,2023-03-24,272.4,272.4,259.4,264.0,42077,326,263.31
DK0060655629,206867091,DFDS,DKK,2023-03-27,265.0,266.0,262.0,264.0,26759,329,263.93
DK0060655629,206867091,DFDS,DKK,2023-03-28,264.8,267.0,260.8,261.6,36376,316,262.25
DK0060655629,206867091,DFDS,DKK,2023-03-29,261.6,268.2,261.0,268.2,40161,340,265.41
DK0060655629,206867091,DFDS,DKK,2023-03-30,268.6,276.2,268.0,275.2,50218,582,273.98
DK0060655629,206867091,DFDS,DKK,2023-03-31,275.0,279.0,274.0,277.8,48445,478,277.11
DK0060655629,206867091,DFDS,DKK,2023-04-03,279.0,279.0,265.4,265.8,36104,444,270.0
DK0060655629,206867091,DFDS,DKK,2023-04-04,266.8,268.0,264.8,266.8,43139,692,266.35
DK0060655629,206867091,DFDS,DKK,2023-04-05,268.0,268.8,261.2,261.8,46695,616,264.95
DK0060655629,206867091,DFDS,DKK,2023-04-11,264.4,272.6,264.4,272.6,72064,856,269.53
DK0060655629,206867091,DFDS,DKK,2023-04-12,273.6,274.2,265.4,270.2,30354,508,269.3
DK0060655629,206867091,DFDS,DKK,2023-04-13,270.8,276.6,269.8,276.6,38614,399,275.0
DK0060655629,206867091,DFDS,DKK,2023-04-14,276.6,284.0,276.6,284.0,76760,817,281.58
DK0060655629,206867091,DFDS,DKK,2023-04-17,284.8,287.2,281.2,283.2,61648,606,284.49
DK0060655629,206867091,DFDS,DKK,2023-04-18,285.6,286.0,280.8,281.4,25117,319,282.67
DK0060655629,206867091,DFDS,DKK,2023-04-19,281.8,281.8,275.6,277.6,29377,366,277.79
DK0060655629,206867091,DFDS,DKK,2023-04-20,277.4,277.4,273.8,275.4,20160,213,275.52
DK0060655629,206867091,DFDS,DKK,2023-04-21,274.8,274.8,270.2,273.4,30268,349,272.27
DK0060655629,206867091,DFDS,DKK,2023-04-24,273.4,278.8,271.8,276.2,29710,347,276.08
DK0060655629,206867091,DFDS,DKK,2023-04-25,274.0,275.2,269.4,270.6,42604,483,272.42
DK0060655629,206867091,DFDS,DKK,2023-04-26,269.6,270.0,265.4,269.0,29922,323,268.34
DK0060655629,206867091,DFDS,DKK,2023-04-27,271.6,275.0,268.6,274.4,40803,470,273.02
DK0060655629,206867091,DFDS,DKK,2023-04-28,274.4,276.8,268.4,271.6,54491,565,271.06
DK0060655629,206867091,DFDS,DKK,2023-05-01,272.2,275.0,271.8,273.0,17106,156,274.21
DK0060655629,206867091,DFDS,DKK,2023-05-02,274.8,275.0,267.2,269.0,59747,676,271.81
DK0060655629,206867091,DFDS,DKK,2023-05-03,271.0,271.0,265.6,267.4,24780,343,267.57
DK0060655629,206867091,DFDS,DKK,2023-05-04,265.6,267.6,261.8,263.0,45908,501,263.43
DK0060655629,206867091,DFDS,DKK,2023-05-08,269.6,275.8,268.4,275.6,69837,902,272.84
DK0060655629,206867091,DFDS,DKK,2023-05-09,275.8,275.8,269.4,273.0,28711,314,272.07
DK0060655629,206867091,DFDS,DKK,2023-05-10,276.0,277.0,268.6,277.0,109016,892,272.57
DK0060655629,206867091,DFDS,DKK,2023-05-11,279.8,284.2,265.6,267.8,122129,1105,272.12
DK0060655629,206867091,DFDS,DKK,2023-05-12,271.0,273.0,262.6,265.4,120517,879,266.8
DK0060655629,206867091,DFDS,DKK,2023-05-15,265.4,265.4,260.6,263.2,41011,399,262.96
DK0060655629,206867091,DFDS,DKK,2023-05-16,263.4,266.6,259.0,259.0,58979,471,261.77
DK0060655629,206867091,DFDS,DKK,2023-05-17,257.8,258.4,255.0,256.6,34581,314,256.58
DK0060655629,206867091,DFDS,DKK,2023-05-22,260.0,261.0,257.0,259.0,37485,444,259.34
DK0060655629,206867091,DFDS,DKK,2023-05-23,259.0,260.0,256.6,257.6,24305,239,257.94
DK0060655629,206867091,DFDS,DKK,2023-05-24,257.0,257.0,250.0,251.2,55402,559,252.0
DK0060655629,206867091,DFDS,DKK,2023-05-25,250.8,251.8,246.2,251.0,39528,434,249.78
DK0060655629,206867091,DFDS,DKK,2023-05-26,251.4,257.8,251.0,257.4,42628,403,255.4
DK0060655629,206867091,DFDS,DKK,2023-05-30,258.4,260.0,255.2,256.6,42180,400,257.53
DK0060655629,206867091,DFDS,DKK,2023-05-31,255.2,259.2,252.4,257.6,47668,439,257.05
DK0060655629,206867091,DFDS,DKK,2023-06-01,258.8,260.6,256.8,259.0,36871,377,259.03
DK0060655629,206867091,DFDS,DKK,2023-06-02,260.8,263.4,258.8,259.2,62723,614,260.71
DK0060655629,206867091,DFDS,DKK,2023-06-06,260.0,261.8,253.4,255.8,50783,422,256.06
DK0060655629,206867091,DFDS,DKK,2023-06-07,255.6,260.4,254.6,260.0,90293,786,258.09
DK0060655629,206867091,DFDS,DKK,2023-06-08,261.8,264.0,260.0,262.6,54473,597,261.81
DK0060655629,206867091,DFDS,DKK,2023-06-09,264.0,267.8,260.2,267.6,110393,939,264.39
DK0060655629,206867091,DFDS,DKK,2023-06-12,269.0,269.0,260.2,260.4,44222,438,264.57
DK0060655629,206867091,DFDS,DKK,2023-06-13,261.0,267.0,260.4,265.0,55193,580,265.06
DK0060655629,206867091,DFDS,DKK,2023-06-14,265.0,267.2,263.0,266.8,32304,313,265.53
DK0060655629,206867091,DFDS,DKK,2023-06-15,266.2,267.0,261.4,263.4,42974,440,263.74
DK0060655629,206867091,DFDS,DKK,2023-06-16,263.0,263.0,257.8,257.8,124196,639,259.1
DK0060655629,206867091,DFDS,DKK,2023-06-19,256.0,256.8,254.2,254.6,24570,277,255.14
DK0060655629,206867091,DFDS,DKK,2023-06-20,259.2,259.2,252.2,254.4,38045,300,254.14
DK0060655629,206867091,DFDS,DKK,2023-06-21,254.4,254.4,250.0,250.6,23498,245,250.88
DK0060655629,206867091,DFDS,DKK,2023-06-22,251.0,251.0,247.0,248.8,29012,341,248.25
DK0060655629,206867091,DFDS,DKK,2023-06-23,245.0,247.6,244.0,245.8,26275,317,246.11
DK0060655629,206867091,DFDS,DKK,2023-06-26,245.4,247.0,243.0,243.6,16747,143,244.35
DK0060655629,206867091,DFDS,DKK,2023-06-27,243.6,245.0,241.0,244.8,44706,420,242.83
DK0060655629,206867091,DFDS,DKK,2023-06-28,244.8,248.8,244.8,248.4,28069,325,247.18
DK0060655629,206867091,DFDS,DKK,2023-06-29,248.2,248.2,244.8,245.6,25204,294,246.18
DK0060655629,206867091,DFDS,DKK,2023-06-30,245.6,249.6,245.6,248.4,23966,239,248.66
DK0060655629,206867091,DFDS,DKK,2023-07-03,249.0,252.6,248.2,251.6,46499,523,250.71
DK0060655629,206867091,DFDS,DKK,2023-07-04,254.0,255.4,252.6,253.8,36032,400,254.04
DK0060655629,206867091,DFDS,DKK,2023-07-05,253.8,253.8,250.2,252.0,31190,338,251.79
DK0060655629,206867091,DFDS,DKK,2023-07-06,253.2,253.2,246.8,247.2,29184,405,249.38
DK0060655629,206867091,DFDS,DKK,2023-07-07,252.4,252.4,245.0,251.0,27961,365,249.31
DK0060655629,206867091,DFDS,DKK,2023-07-10,251.0,251.2,247.6,250.6,22929,248,249.88
DK0060655629,206867091,DFDS,DKK,2023-07-11,250.6,252.8,250.6,252.0,20480,274,251.82
DK0060655629,206867091,DFDS,DKK,2023-07-12,252.0,255.0,247.8,254.4,32441,466,252.21
DK0060655629,206867091,DFDS,DKK,2023-07-13,254.8,255.0,252.6,253.0,36849,311,253.78
DK0060655629,206867091,DFDS,DKK,2023-07-14,254.8,254.8,252.0,252.2,29341,299,252.86
DK0060655629,206867091,DFDS,DKK,2023-07-17,250.2,252.0,247.6,248.0,28273,338,249.12
DK0060655629,206867091,DFDS,DKK,2023-07-18,251.2,251.2,248.2,249.4,33501,442,249.83
DK0060655629,206867091,DFDS,DKK,2023-07-19,250.2,251.4,247.4,248.6,34427,481,249.11
DK0060655629,206867091,DFDS,DKK,2023-07-20,248.6,251.0,246.8,247.8,28779,533,249.13
DK0060655629,206867091,DFDS,DKK,2023-07-21,246.8,247.6,243.2,244.0,31709,355,244.66
DK0060655629,206867091,DFDS,DKK,2023-07-24,244.0,244.8,239.2,243.4,28836,344,242.95
DK0060655629,206867091,DFDS,DKK,2023-07-25,243.4,244.2,241.8,243.2,35969,423,243.1
DK0060655629,206867091,DFDS,DKK,2023-07-26,243.4,244.4,241.0,244.0,25307,330,242.96
DK0060655629,206867091,DFDS,DKK,2023-07-27,248.6,248.6,241.9,242.8,29260,322,243.53
DK0060655629,206867091,DFDS,DKK,2023-07-28,242.6,242.6,233.0,238.0,68613,749,236.65
DK0060655629,206867091,DFDS,DKK,2023-07-31,238.2,245.8,238.0,243.0,52563,559,242.86
DK0060655629,206867091,DFDS,DKK,2023-08-01,243.0,244.8,240.4,243.8,24823,278,243.07
DK0060655629,206867091,DFDS,DKK,2023-08-02,241.4,243.6,237.6,240.4,39785,428,240.78
DK0060655629,206867091,DFDS,DKK,2023-08-03,241.2,241.2,237.8,239.8,20495,207,239.58
DK0060655629,206867091,DFDS,DKK,2023-08-04,239.8,244.4,238.8,242.2,42844,496,241.39
DK0060655629,206867091,DFDS,DKK,2023-08-07,243.2,244.2,238.8,242.0,29187,365,241.52
DK0060655629,206867091,DFDS,DKK,2023-08-08,242.0,242.0,232.6,233.0,91154,807,234.47
DK0060655629,206867091,DFDS,DKK,2023-08-09,233.6,235.6,228.2,228.2,68494,669,230.15
DK0060655629,206867091,DFDS,DKK,2023-08-10,228.2,231.0,227.0,230.0,66893,707,228.77
DK0060655629,206867091,DFDS,DKK,2023-08-11,229.2,229.2,225.2,225.4,42681,409,226.81
DK0060655629,206867091,DFDS,DKK,2023-08-14,225.4,240.0,224.0,238.0,213986,1424,232.8
DK0060655629,206867091,DFDS,DKK,2023-08-15,240.0,241.2,230.0,231.2,135712,1079,234.25
DK0060655629,206867091,DFDS,DKK,2023-08-16,233.2,241.4,230.4,239.0,141940,1588,238.59
DK0060655629,206867091,DFDS,DKK,2023-08-17,239.0,239.4,235.2,237.2,54314,572,237.83
DK0060655629,206867091,DFDS,DKK,2023-08-18,237.4,237.4,233.0,233.6,33984,397,234.98
DK0060655629,206867091,DFDS,DKK,2023-08-21,234.0,235.8,232.6,233.0,44294,496,234.39
DK0060655629,206867091,DFDS,DKK,2023-08-22,234.0,234.6,231.0,231.6,46246,351,232.2
DK0060655629,206867091,DFDS,DKK,2023-08-23,230.8,231.6,227.2,228.2,34444,326,228.68
DK0060655629,206867091,DFDS,DKK,2023-08-24,229.8,233.0,229.4,230.6,51217,433,231.39
DK0060655629,206867091,DFDS,DKK,2023-08-25,230.4,234.0,229.6,231.0,41596,418,232.06
DK0060655629,206867091,DFDS,DKK,2023-08-28,232.0,235.0,230.0,233.6,42145,407,233.23
DK0060655629,206867091,DFDS,DKK,2023-08-29,233.6,234.4,231.0,232.4,49995,579,232.41
DK0060655629,206867091,DFDS,DKK,2023-08-30,232.4,232.4,227.2,228.4,62408,946,229.15
DK0060655629,206867091,DFDS,DKK,2023-08-31,228.0,232.2,228.0,230.4,61767,835,230.42
DK0060655629,206867091,DFDS,DKK,2023-09-01,230.4,230.4,227.0,228.0,60711,879,228.23
DK0060655629,206867091,DFDS,DKK,2023-09-04,228.0,232.8,228.0,231.4,28809,379,231.38
DK0060655629,206867091,DFDS,DKK,2023-09-05,231.4,231.4,226.4,227.0,39482,507,227.78
DK0060655629,206867091,DFDS,DKK,2023-09-06,225.6,226.8,222.2,226.0,56136,564,224.83
DK0060655629,206867091,DFDS,DKK,2023-09-07,223.0,225.6,222.4,222.4,33898,477,223.47
DK0060655629,206867091,DFDS,DKK,2023-09-08,223.6,226.2,223.2,225.2,24183,439,225.03
DK0060655629,206867091,DFDS,DKK,2023-09-11,225.6,228.0,225.6,227.4,34921,547,227.18
DK0060655629,206867091,DFDS,DKK,2023-09-12,227.4,228.2,224.8,226.8,43153,436,226.94
DK0060655629,206867091,DFDS,DKK,2023-09-13,224.6,229.2,224.6,228.6,41003,425,227.55
DK0060655629,206867091,DFDS,DKK,2023-09-14,227.2,232.6,227.2,231.8,44733,547,230.89
DK0060655629,206867091,DFDS,DKK,2023-09-15,232.6,235.8,229.6,230.0,49580,794,232.09
DK0060655629,206867091,DFDS,DKK,2023-09-18,236.0,240.0,231.2,237.0,113723,1155,237.78
DK0060655629,206867091,DFDS,DKK,2023-09-19,235.6,237.8,234.8,236.2,50434,804,236.28
DK0060655629,206867091,DFDS,DKK,2023-09-20,235.8,239.8,235.4,237.0,52400,844,237.89
DK0060655629,206867091,DFDS,DKK,2023-09-21,239.8,239.8,234.6,234.8,33625,708,236.03
DK0060655629,206867091,DFDS,DKK,2023-09-22,235.0,235.0,231.2,233.8,29893,429,233.19
DK0060655629,206867091,DFDS,DKK,2023-09-25,233.8,233.8,227.0,228.2,43836,666,229.15
DK0060655629,206867091,DFDS,DKK,2023-09-26,227.2,229.0,226.8,227.4,34374,457,227.53
DK0060655629,206867091,DFDS,DKK,2023-09-27,229.4,231.8,227.0,228.0,32453,637,229.25
DK0060655629,206867091,DFDS,DKK,2023-09-28,228.2,229.2,227.2,227.8,26243,427,228.22
DK0060655629,206867091,DFDS,DKK,2023-09-29,230.0,235.2,229.8,233.2,47678,515,233.41
DK0060655629,206867091,DFDS,DKK,2023-10-02,234.0,238.4,230.2,231.0,56579,997,233.09
DK0060655629,206867091,DFDS,DKK,2023-10-03,229.2,229.2,222.6,224.4,43059,748,225.33
DK0060655629,206867091,DFDS,DKK,2023-10-04,220.0,225.0,220.0,221.6,24997,408,222.86
DK0060655629,206867091,DFDS,DKK,2023-10-05,222.6,228.0,222.4,225.0,45475,912,225.71
DK0060655629,206867091,DFDS,DKK,2023-10-06,225.0,228.6,225.0,226.6,38625,636,226.62
DK0060655629,206867091,DFDS,DKK,2023-10-09,226.0,226.0,220.6,221.6,56453,737,222.6
DK0060655629,206867091,DFDS,DKK,2023-10-10,224.2,226.6,222.6,224.8,43620,647,224.34
DK0060655629,206867091,DFDS,DKK,2023-10-11,226.0,226.0,221.7,222.0,40261,670,223.41
DK0060655629,206867091,DFDS,DKK,2023-10-12,223.0,224.6,218.4,218.4,92697,925,220.83
DK0060655629,206867091,DFDS,DKK,2023-10-13,218.2,218.6,214.6,216.2,71175,769,216.12
DK0060655629,206867091,DFDS,DKK,2023-10-16,215.0,216.0,208.0,212.6,83576,1072,212.09
DK0060655629,206867091,DFDS,DKK,2023-10-17,212.6,214.2,209.0,210.8,98450,1213,211.4
DK0060655629,206867091,DFDS,DKK,2023-10-18,209.8,210.2,204.6,206.2,77877,1135,206.92
DK0060655629,206867091,DFDS,DKK,2023-10-19,203.8,206.0,202.2,202.2,55952,687,203.88
DK0060655629,206867091,DFDS,DKK,2023-10-20,202.8,203.0,198.6,200.0,69987,824,199.97
DK0060655629,206867091,DFDS,DKK,2023-10-23,200.0,201.2,196.6,199.1,33392,511,198.27
DK0060655629,206867091,DFDS,DKK,2023-10-24,199.1,203.0,198.0,199.8,40723,659,199.46
DK0060655629,206867091,DFDS,DKK,2023-10-25,200.0,200.4,193.4,194.8,78382,1004,195.82
DK0060655629,206867091,DFDS,DKK,2023-10-26,192.6,197.4,192.6,195.2,54206,763,195.31
DK0060655629,206867091,DFDS,DKK,2023-10-27,197.4,201.2,197.1,198.8,124141,1383,199.27
DK0060655629,206867091,DFDS,DKK,2023-10-30,199.0,199.4,197.4,198.5,70728,962,198.34
DK0060655629,206867091,DFDS,DKK,2023-10-31,198.5,204.4,198.0,203.6,121216,1508,201.44
DK0060655629,206867091,DFDS,DKK,2023-11-01,203.4,205.2,201.8,203.8,72421,859,203.45
DK0060655629,206867091,DFDS,DKK,2023-11-02,203.8,210.0,202.4,208.0,149369,1568,207.71
DK0060655629,206867091,DFDS,DKK,2023-11-03,204.8,209.8,202.8,203.4,131778,1095,205.12
DK0060655629,206867091,DFDS,DKK,2023-11-06,204.0,205.6,201.2,201.6,42201,590,203.41
DK0060655629,206867091,DFDS,DKK,2023-11-07,201.0,201.4,197.0,198.0,55393,989,198.74
DK0060655629,206867091,DFDS,DKK,2023-11-08,198.0,201.4,197.1,200.6,88054,804,200.06
DK0060655629,206867091,DFDS,DKK,2023-11-09,200.6,203.2,200.2,200.6,123833,1548,201.29
DK0060655629,206867091,DFDS,DKK,2023-11-10,200.2,200.6,195.6,196.5,72497,1103,197.22
DK0060655629,206867091,DFDS,DKK,2023-11-13,197.8,197.8,194.6,196.3,85858,1322,196.0
DK0060655629,206867091,DFDS,DKK,2023-11-14,196.3,201.8,191.5,201.6,176407,1951,197.14
DK0060655629,206867091,DFDS,DKK,2023-11-15,208.6,216.0,205.0,207.2,234774,2232,209.44
DK0060655629,206867091,DFDS,DKK,2023-11-16,208.0,210.8,204.6,205.2,163522,1697,207.73
DK0060655629,206867091,DFDS,DKK,2023-11-17,204.4,208.0,204.4,205.6,125977,1344,205.98
DK0060655629,206867091,DFDS,DKK,2023-11-20,205.6,210.4,205.6,209.6,109161,1357,208.85
DK0060655629,206867091,DFDS,DKK,2023-11-21,209.6,210.8,201.8,202.8,97752,1239,204.77
DK0060655629,206867091,DFDS,DKK,2023-11-22,203.2,205.0,202.4,204.4,76674,1127,203.87
DK0060655629,206867091,DFDS,DKK,2023-11-23,203.8,209.6,203.6,209.6,66258,729,207.46
DK0060655629,206867091,DFDS,DKK,2023-11-24,209.6,214.4,209.4,214.4,105043,1150,212.07
DK0060655629,206867091,DFDS,DKK,2023-11-27,214.0,218.0,213.6,214.2,85727,996,215.26
DK0060655629,206867091,DFDS,DKK,2023-11-28,214.4,214.6,208.4,210.0,79134,816,210.51
DK0060655629,206867091,DFDS,DKK,2023-11-29,210.0,210.8,208.6,210.6,51150,743,209.87
DK0060655629,206867091,DFDS,DKK,2023-11-30,212.0,213.0,208.0,211.6,167002,1406,209.93
DK0060655629,206867091,DFDS,DKK,2023-12-01,211.6,214.2,210.8,212.6,68325,795,212.55
DK0060655629,206867091,DFDS,DKK,2023-12-04,213.0,215.6,213.0,213.6,45106,529,214.06
DK0060655629,206867091,DFDS,DKK,2023-12-05,214.8,215.6,210.2,215.0,76751,958,213.7
DK0060655629,206867091,DFDS,DKK,2023-12-06,212.0,214.4,209.2,212.8,107485,1358,212.38
DK0060655629,206867091,DFDS,DKK,2023-12-07,211.2,211.4,208.0,209.4,59308,802,209.13
DK0060655629,206867091,DFDS,DKK,2023-12-08,210.0,214.0,210.0,213.0,81673,899,212.67
DK0060655629,206867091,DFDS,DKK,2023-12-11,210.2,211.4,208.8,210.2,77645,820,210.13
DK0060655629,206867091,DFDS,DKK,2023-12-12,210.0,211.8,207.0,208.4,120700,1225,209.76
DK0060655629,206867091,DFDS,DKK,2023-12-13,208.4,217.6,208.4,209.2,122001,1180,212.0
DK0060655629,206867091,DFDS,DKK,2023-12-14,213.4,223.8,213.4,221.2,232359,1915,220.35
DK0060655629,206867091,DFDS,DKK,2023-12-15,222.4,226.0,221.6,224.8,190804,1647,224.89
DK0060655629,206867091,DFDS,DKK,2023-12-18,223.2,226.4,221.4,222.6,121625,1135,224.42
DK0060655629,206867091,DFDS,DKK,2023-12-19,223.0,223.8,221.2,222.2,93074,1043,222.38
DK0060655629,206867091,DFDS,DKK,2023-12-20,222.4,222.6,218.0,221.0,82448,979,220.03
DK0060655629,206867091,DFDS,DKK,2023-12-21,220.4,221.5,219.2,220.8,90869,1015,220.3
DK0060655629,206867091,DFDS,DKK,2023-12-22,219.8,224.0,219.8,223.8,76495,902,222.85
DK0060655629,206867091,DFDS,DKK,2023-12-27,223.8,223.8,219.4,220.8,77002,942,221.25
DK0060655629,206867091,DFDS,DKK,2023-12-28,222.4,222.4,218.2,220.4,103343,796,219.86
DK0060655629,206867091,DFDS,DKK,2023-12-29,221.0,225.4,220.8,223.0,78094,825,223.72
