ISIN,conId,Symbol,Currency,date,open,high,low,close,volume,barCount,average
ES0122060314,917454,FCC,EUR,2019-01-02,8.3585,8.5299,8.3156,8.4442,76121,196,8.4099168
ES0122060314,917454,FCC,EUR,2019-01-03,8.4299,8.6157,8.4299,8.6014,102968,284,8.5320792
ES0122060314,917454,FCC,EUR,2019-01-04,8.6014,8.6871,8.5156,8.6157,110659,339,8.6320952
ES0122060314,917454,FCC,EUR,2019-01-07,8.6871,8.6871,8.5156,8.63,144752,327,8.6135208
ES0122060314,917454,FCC,EUR,2019-01-08,8.6585,8.73,8.5442,8.73,170481,455,8.6399536
ES0122060314,917454,FCC,EUR,2019-01-09,8.7443,8.7585,8.5156,8.7157,243955,397,8.6706728
ES0122060314,917454,FCC,EUR,2019-01-10,8.6728,8.7443,8.6728,8.7157,236252,404,8.7185376
ES0122060314,917454,FCC,EUR,2019-01-11,8.73,8.9443,8.73,8.9443,162414,369,8.8671328
ES0122060314,917454,FCC,EUR,2019-01-14,8.8014,8.93,8.7443,8.8728,53425,238,8.8349848
ES0122060314,917454,FCC,EUR,2019-01-15,8.9014,8.9586,8.8586,8.93,57325,197,8.908568
ES0122060314,917454,FCC,EUR,2019-01-16,8.9443,9.23,8.93,9.1872,164074,431,9.0928832
ES0122060314,917454,FCC,EUR,2019-01-17,9.1872,9.2015,9.0014,9.0586,266395,329,9.076452
ES0122060314,917454,FCC,EUR,2019-01-18,9.0729,9.2015,9.0443,9.1729,41413,165,9.1328896
ES0122060314,917454,FCC,EUR,2019-01-21,9.1443,9.2015,9.1443,9.2015,75785,145,9.1600368
ES0122060314,917454,FCC,EUR,2019-01-22,9.1872,9.3301,9.0157,9.2872,341885,484,9.2679112
ES0122060314,917454,FCC,EUR,2019-01-23,9.2443,9.3444,9.2443,9.2872,146104,423,9.2929152
ES0122060314,917454,FCC,EUR,2019-01-24,9.3015,9.3586,9.2586,9.3301,215572,393,9.2957728
ES0122060314,917454,FCC,EUR,2019-01-25,9.3586,9.4729,9.3301,9.4301,175005,481,9.3843584
ES0122060314,917454,FCC,EUR,2019-01-28,9.4729,9.4729,9.2586,9.3301,100320,340,9.3572112
ES0122060314,917454,FCC,EUR,2019-01-29,9.3015,9.3729,9.2443,9.2872,77127,267,9.30506
ES0122060314,917454,FCC,EUR,2019-01-30,9.2443,9.2872,9.0586,9.1443,250628,533,9.140748
ES0122060314,917454,FCC,EUR,2019-01-31,9.13,9.2729,9.13,9.23,105610,250,9.2057584
ES0122060314,917454,FCC,EUR,2019-02-01,9.2443,9.2586,9.1443,9.1872,46079,162,9.1878984
ES0122060314,917454,FCC,EUR,2019-02-04,9.1443,9.2158,9.1157,9.1872,42781,176,9.169324
ES0122060314,917454,FCC,EUR,2019-02-05,9.1157,9.2158,9.1015,9.2015,70204,184,9.1643232
ES0122060314,917454,FCC,EUR,2019-02-06,9.1586,9.2158,9.1443,9.1872,50390,261,9.1750392
ES0122060314,917454,FCC,EUR,2019-02-07,9.13,9.2158,9.1015,9.1586,33534,144,9.1500352
ES0122060314,917454,FCC,EUR,2019-02-08,9.1157,9.1729,9.1015,9.1586,157968,495,9.1486064
ES0122060314,917454,FCC,EUR,2019-02-11,9.1157,9.1729,9.1157,9.1443,36727,230,9.1557504
ES0122060314,917454,FCC,EUR,2019-02-12,9.1729,9.1729,9.0729,9.1015,64609,259,9.1271744
ES0122060314,917454,FCC,EUR,2019-02-13,9.0872,9.0872,8.7157,8.9014,168370,479,8.8749912
ES0122060314,917454,FCC,EUR,2019-02-14,8.8586,9.03,8.8586,8.9586,39931,175,8.9564328
ES0122060314,917454,FCC,EUR,2019-02-15,8.8586,9.0157,8.8586,9.0157,46374,159,8.9735784
ES0122060314,917454,FCC,EUR,2019-02-18,8.9729,9.1015,8.9729,9.0586,36963,216,9.0557344
ES0122060314,917454,FCC,EUR,2019-02-19,9.03,9.13,8.9872,9.0872,40390,198,9.0571632
ES0122060314,917454,FCC,EUR,2019-02-20,8.9872,9.1157,8.9872,9.0729,57606,170,9.0543056
ES0122060314,917454,FCC,EUR,2019-02-21,9.13,9.13,9.0729,9.0729,25958,152,9.0935976
ES0122060314,917454,FCC,EUR,2019-02-22,9.0586,9.1443,9.0014,9.1443,38353,163,9.0985984
ES0122060314,917454,FCC,EUR,2019-02-25,9.0443,9.13,9.0443,9.0729,40660,139,9.0793096
ES0122060314,917454,FCC,EUR,2019-02-26,9.1015,9.1015,9.0014,9.0872,32669,118,9.05502
ES0122060314,917454,FCC,EUR,2019-02-27,9.1157,9.2015,9.1015,9.1729,48754,217,9.155036
ES0122060314,917454,FCC,EUR,2019-02-28,9.13,9.2872,9.0157,9.2872,153538,264,9.2386208
ES0122060314,917454,FCC,EUR,2019-03-01,9.2872,9.2872,9.13,9.1872,53961,249,9.2164744
ES0122060314,917454,FCC,EUR,2019-03-04,9.23,9.23,9.0157,9.1443,48145,220,9.147892
ES0122060314,917454,FCC,EUR,2019-03-05,9.1015,9.1872,9.0443,9.1872,43006,165,9.1536072
ES0122060314,917454,FCC,EUR,2019-03-06,9.0443,9.23,9.0443,9.13,41068,198,9.1221736
ES0122060314,917454,FCC,EUR,2019-03-07,9.1157,9.1157,8.8586,8.9014,94735,307,8.926428
ES0122060314,917454,FCC,EUR,2019-03-08,8.8014,8.8157,8.5871,8.63,69783,278,8.6556704
ES0122060314,917454,FCC,EUR,2019-03-11,8.6585,8.6585,8.3728,8.63,84644,256,8.5863736
ES0122060314,917454,FCC,EUR,2019-03-12,8.5871,8.6585,8.4299,8.5014,74813,295,8.5242208
ES0122060314,917454,FCC,EUR,2019-03-13,8.5156,8.6442,8.5014,8.6442,79259,296,8.526364
ES0122060314,917454,FCC,EUR,2019-03-14,8.6585,8.83,8.6442,8.7014,31795,172,8.6928192
ES0122060314,917454,FCC,EUR,2019-03-15,8.83,8.83,8.63,8.7157,37456,104,8.7078216
ES0122060314,917454,FCC,EUR,2019-03-18,8.6728,8.7157,8.5156,8.7157,58736,221,8.6220936
ES0122060314,917454,FCC,EUR,2019-03-19,8.6585,8.6585,8.5156,8.5871,72889,233,8.583516
ES0122060314,917454,FCC,EUR,2019-03-20,8.5728,8.5871,8.5156,8.5585,50482,221,8.562084
ES0122060314,917454,FCC,EUR,2019-03-21,8.5585,8.5585,8.4442,8.4585,53733,187,8.4649256
ES0122060314,917454,FCC,EUR,2019-03-22,8.5585,8.5585,8.287,8.3585,90632,254,8.3706248
ES0122060314,917454,FCC,EUR,2019-03-25,8.287,8.3299,8.0013,8.2013,120125,363,8.169164
ES0122060314,917454,FCC,EUR,2019-03-26,8.2728,8.4013,8.0299,8.4013,63572,250,8.2284592
ES0122060314,917454,FCC,EUR,2019-03-27,8.3442,8.3442,8.0441,8.087,101973,455,8.1313008
ES0122060314,917454,FCC,EUR,2019-03-28,8.0584,8.2013,8.0441,8.2013,73381,260,8.1277288
ES0122060314,917454,FCC,EUR,2019-03-29,8.2156,8.3728,8.2156,8.3156,101892,311,8.2670368
ES0122060314,917454,FCC,EUR,2019-04-01,8.3442,8.3728,8.2156,8.3585,76174,205,8.2898976
ES0122060314,917454,FCC,EUR,2019-04-02,8.3442,8.4013,8.2299,8.287,61779,226,8.283468
ES0122060314,917454,FCC,EUR,2019-04-03,8.3156,8.4299,8.287,8.3728,49325,152,8.3563368
ES0122060314,917454,FCC,EUR,2019-04-04,8.3585,8.3728,8.2299,8.3585,66290,198,8.3141872
ES0122060314,917454,FCC,EUR,2019-04-05,8.3585,8.4442,8.2585,8.4442,45310,186,8.3741968
ES0122060314,917454,FCC,EUR,2019-04-08,8.5014,8.5014,8.3299,8.3871,36007,180,8.401344
ES0122060314,917454,FCC,EUR,2019-04-09,8.3871,8.3871,8.2156,8.3442,82693,260,8.2963272
ES0122060314,917454,FCC,EUR,2019-04-10,8.3013,8.3156,8.1156,8.187,55058,260,8.1934536
ES0122060314,917454,FCC,EUR,2019-04-11,8.187,8.2156,8.1013,8.1584,23076,153,8.1570192
ES0122060314,917454,FCC,EUR,2019-04-12,8.1584,8.2442,8.087,8.2442,64035,314,8.1827376
ES0122060314,917454,FCC,EUR,2019-04-15,8.3728,8.4585,8.2156,8.3442,88775,292,8.3599088
ES0122060314,917454,FCC,EUR,2019-04-16,8.4013,8.4585,8.287,8.4299,30312,140,8.3820552
ES0122060314,917454,FCC,EUR,2019-04-17,8.3299,8.4442,8.2728,8.3442,40964,179,8.3641952
ES0122060314,917454,FCC,EUR,2019-04-18,8.4585,8.4585,8.287,8.4013,23202,69,8.3820552
ES0122060314,917454,FCC,EUR,2019-04-23,8.3299,8.3585,8.1727,8.2013,59181,182,8.244176
ES0122060314,917454,FCC,EUR,2019-04-24,8.187,8.2585,8.187,8.187,19412,101,8.2098848
ES0122060314,917454,FCC,EUR,2019-04-25,8.1013,8.2585,8.0727,8.2585,38954,117,8.165592
ES0122060314,917454,FCC,EUR,2019-04-26,8.2585,8.2585,7.9727,8.087,51464,205,8.069148
ES0122060314,917454,FCC,EUR,2019-04-29,7.987,8.1299,7.987,8.0013,51045,195,8.0312848
ES0122060314,917454,FCC,EUR,2019-04-30,8.1584,8.1584,7.7727,7.8012,125449,414,7.8955488
ES0122060314,917454,FCC,EUR,2019-05-02,7.8012,7.9727,7.8012,7.9013,78800,305,7.8962632
ES0122060314,917454,FCC,EUR,2019-05-03,7.8012,7.9584,7.8012,7.8727,53318,165,7.8984064
ES0122060314,917454,FCC,EUR,2019-05-06,7.8155,8.0299,7.6155,7.7727,69214,187,7.7991048
ES0122060314,917454,FCC,EUR,2019-05-07,7.787,7.787,7.6727,7.7441,104323,242,7.7433816
ES0122060314,917454,FCC,EUR,2019-05-08,7.6727,8.0727,7.6727,8.0727,59507,188,7.8998352
ES0122060314,917454,FCC,EUR,2019-05-09,8.1442,8.187,8.0156,8.0441,93338,326,8.083436
ES0122060314,917454,FCC,EUR,2019-05-10,8.2156,8.3156,8.1156,8.2013,51287,202,8.2170288
ES0122060314,917454,FCC,EUR,2019-05-13,8.3156,8.3156,8.0441,8.2585,85029,284,8.1663064
ES0122060314,917454,FCC,EUR,2019-05-14,8.287,8.287,8.0441,8.2156,132877,411,8.2241728
ES0122060314,917454,FCC,EUR,2019-05-15,8.1584,8.2728,8.0299,8.2156,50104,211,8.1948824
ES0122060314,917454,FCC,EUR,2019-05-16,8.1727,8.1727,8.0727,8.1727,34815,242,8.133444
ES0122060314,917454,FCC,EUR,2019-05-17,8.187,8.187,8.0299,8.1299,36436,261,8.101296
ES0122060314,917454,FCC,EUR,2019-05-20,8.0299,8.187,8.0299,8.1727,82806,332,8.1363016
ES0122060314,917454,FCC,EUR,2019-05-21,8.087,8.2299,8.0013,8.2299,194543,426,8.0884368
ES0122060314,917454,FCC,EUR,2019-05-22,8.2728,8.287,8.1442,8.1442,26318,95,8.2077416
ES0122060314,917454,FCC,EUR,2019-05-23,8.1299,8.2156,8.1299,8.1727,56339,200,8.1777368
ES0122060314,917454,FCC,EUR,2019-05-24,8.2442,8.2585,8.1442,8.2585,61110,256,8.2041696
ES0122060314,917454,FCC,EUR,2019-05-27,8.2442,8.2442,8.1156,8.187,24178,138,8.2034552
ES0122060314,917454,FCC,EUR,2019-05-28,8.1156,8.3871,8.1156,8.3871,123134,321,8.2491768
ES0122060314,917454,FCC,EUR,2019-05-29,8.4013,8.4013,8.2013,8.3585,52827,182,8.2598928
ES0122060314,917454,FCC,EUR,2019-05-30,8.4013,8.4299,8.287,8.4299,57614,207,8.35848
ES0122060314,917454,FCC,EUR,2019-05-31,8.2585,8.4013,8.2442,8.2728,28178,89,8.2641792
ES0122060314,917454,FCC,EUR,2019-06-03,8.1727,8.2585,8.1727,8.2585,20426,110,8.2234584
ES0122060314,917454,FCC,EUR,2019-06-04,8.1727,8.3585,8.1013,8.1299,88457,312,8.1827376
ES0122060314,917454,FCC,EUR,2019-06-05,8.1299,8.2299,8.1299,8.187,36829,113,8.1841664
ES0122060314,917454,FCC,EUR,2019-06-06,8.1156,8.187,8.1013,8.1156,25138,132,8.14416
ES0122060314,917454,FCC,EUR,2019-06-07,8.1156,8.287,8.1156,8.287,37320,141,8.226316
ES0122060314,917454,FCC,EUR,2019-06-10,8.4013,8.4013,8.2299,8.3442,23987,130,8.3277608
ES0122060314,917454,FCC,EUR,2019-06-11,8.3585,8.4299,8.2299,8.4156,25860,167,8.3706248
ES0122060314,917454,FCC,EUR,2019-06-12,8.4585,8.4585,8.2442,8.4585,25440,144,8.4092024
ES0122060314,917454,FCC,EUR,2019-06-13,8.4728,8.6585,8.3299,8.6442,85646,388,8.547796
ES0122060314,917454,FCC,EUR,2019-06-14,8.6871,8.6871,8.4871,8.5585,35533,158,8.576372
ES0122060314,917454,FCC,EUR,2019-06-17,8.6157,8.6157,8.3728,8.5014,42215,166,8.4784992
ES0122060314,917454,FCC,EUR,2019-06-18,8.63,8.6585,8.4442,8.6585,89651,266,8.5570832
ES0122060314,917454,FCC,EUR,2019-06-19,8.7157,8.7157,8.4585,8.6585,59610,249,8.6070912
ES0122060314,917454,FCC,EUR,2019-06-20,8.6871,8.6871,8.4871,8.63,69892,204,8.6270944
ES0122060314,917454,FCC,EUR,2019-06-21,8.4871,8.7157,8.4871,8.7157,85002,199,8.6878184
ES0122060314,917454,FCC,EUR,2019-06-24,8.7157,8.93,8.6585,8.7157,45792,143,8.776404
ES0122060314,917454,FCC,EUR,2019-06-25,8.6585,8.7871,8.6442,8.7443,31345,153,8.7171088
ES0122060314,917454,FCC,EUR,2019-06-26,8.73,8.7585,8.6728,8.7585,37133,212,8.7128224
ES0122060314,917454,FCC,EUR,2019-06-27,8.6585,8.7585,8.5014,8.5871,101937,267,8.5670848
ES0122060314,917454,FCC,EUR,2019-06-28,8.6871,8.6871,8.3728,8.3728,71919,208,8.437064
ES0122060314,917454,FCC,EUR,2019-07-01,8.3871,8.4442,8.2442,8.3299,76909,264,8.3391912
ES0122060314,917454,FCC,EUR,2019-07-02,8.3585,8.4299,8.2728,8.3585,68924,252,8.3527648
ES0122060314,917454,FCC,EUR,2019-07-03,8.3871,8.4299,8.287,8.4299,42259,120,8.3556224
ES0122060314,917454,FCC,EUR,2019-07-04,8.3299,8.3585,8.287,8.3156,25942,94,8.3170448
ES0122060314,917454,FCC,EUR,2019-07-05,8.2728,8.287,8.2299,8.287,13586,87,8.2698944
ES0122060314,917454,FCC,EUR,2019-07-08,8.2156,8.3442,8.2156,8.287,83756,190,8.2713232
ES0122060314,917454,FCC,EUR,2019-07-09,8.3871,8.3871,8.2156,8.2728,41251,114,8.2541776
ES0122060314,917454,FCC,EUR,2019-07-10,8.2156,8.2728,8.1727,8.2728,48933,91,8.2198864
ES0122060314,917454,FCC,EUR,2019-07-11,8.2156,8.2728,8.1584,8.2728,19913,101,8.2498912
ES0122060314,917454,FCC,EUR,2019-07-12,8.2728,8.287,8.1584,8.2442,46180,122,8.2284592
ES0122060314,917454,FCC,EUR,2019-07-15,8.287,8.3299,8.1727,8.3299,31184,106,8.2898976
ES0122060314,917454,FCC,EUR,2019-07-16,8.1727,8.3585,8.1727,8.3585,61055,157,8.3149016
ES0122060314,917454,FCC,EUR,2019-07-17,8.2299,8.3156,8.1584,8.287,69057,211,8.226316
ES0122060314,917454,FCC,EUR,2019-07-18,8.1584,8.3442,8.0727,8.3442,21958,118,8.240604
ES0122060314,917454,FCC,EUR,2019-07-19,8.187,8.3156,8.187,8.2728,30515,139,8.2713232
ES0122060314,917454,FCC,EUR,2019-07-22,8.2585,8.3156,8.1513,8.3156,23118,87,8.2491768
ES0122060314,917454,FCC,EUR,2019-07-23,8.2442,8.3442,8.1584,8.3013,56483,222,8.28704
ES0122060314,917454,FCC,EUR,2019-07-24,8.287,8.3156,8.1013,8.3156,43285,206,8.2420328
ES0122060314,917454,FCC,EUR,2019-07-25,8.287,8.3013,8.187,8.287,18638,88,8.2413184
ES0122060314,917454,FCC,EUR,2019-07-26,8.1727,8.2442,8.1442,8.2442,16340,91,8.1963112
ES0122060314,917454,FCC,EUR,2019-07-29,8.2013,8.2013,8.1013,8.1013,39687,103,8.1091544
ES0122060314,917454,FCC,EUR,2019-07-30,8.1013,8.2299,7.9584,8.2299,34860,145,8.044144
ES0122060314,917454,FCC,EUR,2019-07-31,8.3299,8.3299,8.0441,8.2156,46696,152,8.169164
ES0122060314,917454,FCC,EUR,2019-08-01,8.1442,8.3156,8.1442,8.3156,45050,124,8.2248872
ES0122060314,917454,FCC,EUR,2019-08-02,8.1584,8.287,8.1584,8.287,66277,168,8.2291736
ES0122060314,917454,FCC,EUR,2019-08-05,8.1584,8.2442,8.0584,8.2442,27127,87,8.147732
ES0122060314,917454,FCC,EUR,2019-08-06,8.287,8.287,8.087,8.187,32607,114,8.1848808
ES0122060314,917454,FCC,EUR,2019-08-07,8.087,8.2728,8.087,8.2728,47621,164,8.2091704
ES0122060314,917454,FCC,EUR,2019-08-08,8.287,8.4156,8.2728,8.4156,64659,175,8.3484784
ES0122060314,917454,FCC,EUR,2019-08-09,8.2442,8.4299,8.2299,8.3871,30564,97,8.3384768
ES0122060314,917454,FCC,EUR,2019-08-12,8.2728,8.287,8.1727,8.2299,38209,111,8.226316
ES0122060314,917454,FCC,EUR,2019-08-13,8.1584,8.1584,7.9727,7.9727,42344,177,8.0277128
ES0122060314,917454,FCC,EUR,2019-08-14,8.0299,8.0299,7.9156,8.0013,25786,202,7.9791336
ES0122060314,917454,FCC,EUR,2019-08-15,8.0013,8.0013,7.787,8.0013,25803,90,7.9176952
ES0122060314,917454,FCC,EUR,2019-08-16,8.0299,8.0299,7.8584,8.0013,23149,109,7.9448424
ES0122060314,917454,FCC,EUR,2019-08-19,8.0013,8.3442,8.0013,8.1727,23523,109,8.1313008
ES0122060314,917454,FCC,EUR,2019-08-20,8.0299,8.1442,7.9156,8.0727,12424,81,8.0348568
ES0122060314,917454,FCC,EUR,2019-08-21,7.8727,8.0584,7.8727,8.0013,27963,110,7.951272
ES0122060314,917454,FCC,EUR,2019-08-22,7.9584,8.2013,7.9584,8.0013,19465,97,8.033428
ES0122060314,917454,FCC,EUR,2019-08-23,7.9013,8.1299,7.9013,7.9584,25960,100,8.00128
ES0122060314,917454,FCC,EUR,2019-08-26,7.987,7.987,7.787,7.8584,17721,84,7.8598288
ES0122060314,917454,FCC,EUR,2019-08-27,7.7727,7.8298,7.6441,7.6441,31206,97,7.6983744
ES0122060314,917454,FCC,EUR,2019-08-28,7.6727,8.2156,7.6727,7.987,74613,295,7.9205528
ES0122060314,917454,FCC,EUR,2019-08-29,8.1442,8.2156,8.0584,8.187,25778,112,8.1577336
ES0122060314,917454,FCC,EUR,2019-08-30,8.0013,8.1727,8.0013,8.0727,24867,69,8.0784352
ES0122060314,917454,FCC,EUR,2019-09-02,7.9584,8.1013,7.9584,8.0727,163281,81,8.0705768
ES0122060314,917454,FCC,EUR,2019-09-03,8.0013,8.187,8.0013,8.1727,12105,57,8.1363016
ES0122060314,917454,FCC,EUR,2019-09-04,7.987,8.2013,7.987,8.187,22695,93,8.1541616
ES0122060314,917454,FCC,EUR,2019-09-05,8.087,8.2156,8.087,8.2156,68969,140,8.1784512
ES0122060314,917454,FCC,EUR,2019-09-06,8.2156,8.2156,7.9727,8.0441,28514,99,8.0791496
ES0122060314,917454,FCC,EUR,2019-09-09,7.9298,8.1727,7.887,8.1727,23125,94,8.10844
ES0122060314,917454,FCC,EUR,2019-09-10,8.0727,8.2156,7.9727,8.2156,51070,131,8.1098688
ES0122060314,917454,FCC,EUR,2019-09-11,8.0013,8.1584,8.0013,8.1299,34321,113,8.1234424
ES0122060314,917454,FCC,EUR,2019-09-12,8.2013,8.2013,7.9298,8.0299,40349,125,8.0005656
ES0122060314,917454,FCC,EUR,2019-09-13,7.9584,7.987,7.8727,7.987,65590,224,7.9291256
ES0122060314,917454,FCC,EUR,2019-09-16,7.987,7.987,7.8727,7.887,14454,75,7.91198
ES0122060314,917454,FCC,EUR,2019-09-17,7.8441,7.9584,7.787,7.9013,25337,152,7.8576856
ES0122060314,917454,FCC,EUR,2019-09-18,7.7727,8.0013,7.7727,7.9584,24921,101,7.8876904
ES0122060314,917454,FCC,EUR,2019-09-19,7.8441,7.9727,7.7298,7.7727,96746,282,7.8162504
ES0122060314,917454,FCC,EUR,2019-09-20,7.7584,7.8584,7.7298,7.8155,53997,133,7.8091064
ES0122060314,917454,FCC,EUR,2019-09-23,7.787,7.8155,7.6584,7.6869,29718,126,7.722664
ES0122060314,917454,FCC,EUR,2019-09-24,7.6869,7.787,7.6869,7.7298,10697,143,7.7412384
ES0122060314,917454,FCC,EUR,2019-09-25,7.6441,7.7298,7.2869,7.4726,162835,595,7.4454768
ES0122060314,917454,FCC,EUR,2019-09-26,7.4298,7.5584,7.4155,7.4869,47819,153,7.4876264
ES0122060314,917454,FCC,EUR,2019-09-27,7.5012,7.5726,7.3726,7.4583,51217,139,7.4504776
ES0122060314,917454,FCC,EUR,2019-09-30,7.3155,7.5869,7.3155,7.5155,104795,247,7.4483344
ES0122060314,917454,FCC,EUR,2019-10-01,7.5012,7.6012,7.3726,7.6012,36118,108,7.5376344
ES0122060314,917454,FCC,EUR,2019-10-02,7.6727,7.6727,7.4298,7.4726,57358,176,7.5183456
ES0122060314,917454,FCC,EUR,2019-10-03,7.6298,7.6298,7.3297,7.4012,45775,173,7.4219016
ES0122060314,917454,FCC,EUR,2019-10-04,7.3297,7.4726,7.3297,7.4726,14710,85,7.3983264
ES0122060314,917454,FCC,EUR,2019-10-07,7.4012,7.5869,7.2869,7.5869,58505,163,7.3911824
ES0122060314,917454,FCC,EUR,2019-10-08,7.5298,7.6155,7.444,7.5726,16888,81,7.5340624
ES0122060314,917454,FCC,EUR,2019-10-09,7.444,7.6012,7.4298,7.5584,42081,193,7.508344
ES0122060314,917454,FCC,EUR,2019-10-10,7.4583,7.6155,7.4583,7.6155,22484,78,7.5612096
ES0122060314,917454,FCC,EUR,2019-10-11,7.5155,7.5869,7.4869,7.5869,50734,111,7.55478
ES0122060314,917454,FCC,EUR,2019-10-14,7.5584,7.6155,7.3583,7.6155,75538,168,7.5633528
ES0122060314,917454,FCC,EUR,2019-10-15,7.6155,7.6869,7.4583,7.4726,40785,122,7.5433496
ES0122060314,917454,FCC,EUR,2019-10-16,7.5726,7.5726,7.4298,7.5298,39417,126,7.4740528
ES0122060314,917454,FCC,EUR,2019-10-17,7.6012,7.6012,7.4298,7.5012,59080,150,7.4861976
ES0122060314,917454,FCC,EUR,2019-10-18,7.444,7.5012,7.4298,7.4583,15000,87,7.4561928
ES0122060314,917454,FCC,EUR,2019-10-21,7.4583,7.6012,7.4155,7.6012,40368,111,7.5354912
ES0122060314,917454,FCC,EUR,2019-10-22,7.4869,7.5726,7.4726,7.5584,17686,75,7.526204
ES0122060314,917454,FCC,EUR,2019-10-23,7.6012,7.6012,7.4583,7.6012,24946,118,7.5676392
ES0122060314,917454,FCC,EUR,2019-10-24,7.6012,7.6012,7.4869,7.5441,21881,100,7.5390632
ES0122060314,917454,FCC,EUR,2019-10-25,7.5441,7.6441,7.5298,7.6441,39123,133,7.601216
ES0122060314,917454,FCC,EUR,2019-10-28,7.6441,7.8441,7.5584,7.8155,50348,166,7.7219496
ES0122060314,917454,FCC,EUR,2019-10-29,7.7441,7.787,7.5869,7.7584,36198,122,7.6890872
ES0122060314,917454,FCC,EUR,2019-10-30,7.787,7.8012,7.3726,7.8012,146028,316,7.6540816
ES0122060314,917454,FCC,EUR,2019-10-31,7.787,7.787,7.6298,7.7584,52840,186,7.7248072
ES0122060314,917454,FCC,EUR,2019-11-01,7.6869,7.7727,7.6012,7.6441,22227,115,7.665512
ES0122060314,917454,FCC,EUR,2019-11-04,7.6298,7.6727,7.5441,7.5726,20576,109,7.6019304
ES0122060314,917454,FCC,EUR,2019-11-05,7.5869,7.6155,7.444,7.5726,68717,218,7.51906
ES0122060314,917454,FCC,EUR,2019-11-06,7.444,7.5441,7.444,7.5155,13387,76,7.5033432
ES0122060314,917454,FCC,EUR,2019-11-07,7.4726,7.5441,7.4155,7.5441,37255,118,7.4983424
ES0122060314,917454,FCC,EUR,2019-11-08,7.444,7.5726,7.444,7.5441,25692,142,7.529776
ES0122060314,917454,FCC,EUR,2019-11-11,7.5012,7.5726,7.3726,7.5584,35253,107,7.4669088
ES0122060314,917454,FCC,EUR,2019-11-12,7.4583,7.5584,7.4298,7.444,46739,175,7.472624
ES0122060314,917454,FCC,EUR,2019-11-13,7.3726,7.4298,7.2869,7.4298,51949,160,7.3604632
ES0122060314,917454,FCC,EUR,2019-11-14,7.4726,7.5441,7.2869,7.5155,162764,442,7.3911824
ES0122060314,917454,FCC,EUR,2019-11-15,7.444,7.7727,7.444,7.7727,107347,299,7.6455088
ES0122060314,917454,FCC,EUR,2019-11-18,7.7727,7.787,7.5441,7.7727,50534,164,7.7219496
ES0122060314,917454,FCC,EUR,2019-11-19,7.6869,7.7441,7.6012,7.7155,59468,247,7.6540816
ES0122060314,917454,FCC,EUR,2019-11-20,7.6298,7.7441,7.5584,7.7441,51822,170,7.6555104
ES0122060314,917454,FCC,EUR,2019-11-21,7.6298,7.7441,7.5726,7.7298,39907,151,7.6505096
ES0122060314,917454,FCC,EUR,2019-11-22,7.7298,7.787,7.6584,7.7584,80125,205,7.7383808
ES0122060314,917454,FCC,EUR,2019-11-25,7.7012,7.8155,7.6298,7.8012,51889,267,7.7483824
ES0122060314,917454,FCC,EUR,2019-11-26,7.6869,7.8012,7.6869,7.787,42567,178,7.7626704
ES0122060314,917454,FCC,EUR,2019-11-27,7.7155,8.0013,7.7155,8.0013,114402,259,7.8855472
ES0122060314,917454,FCC,EUR,2019-11-28,7.9441,8.0584,7.787,7.9013,107311,301,7.8776888
ES0122060314,917454,FCC,EUR,2019-11-29,7.8155,7.887,7.7441,7.8298,60494,151,7.7933896
ES0122060314,917454,FCC,EUR,2019-12-02,7.8012,7.8584,7.6727,7.8584,81976,212,7.8041056
ES0122060314,917454,FCC,EUR,2019-12-03,7.7441,7.9156,7.6012,7.7155,88206,255,7.7069472
ES0122060314,917454,FCC,EUR,2019-12-04,7.7155,7.9727,7.7012,7.9156,68791,231,7.8669728
ES0122060314,917454,FCC,EUR,2019-12-05,7.8012,8.0013,7.8012,7.9441,60489,194,7.8898336
ES0122060314,917454,FCC,EUR,2019-12-06,7.9441,8.1299,7.9156,8.1299,62981,225,8.0355712
ES0122060314,917454,FCC,EUR,2019-12-09,8.1156,8.1156,7.9727,8.0156,37018,208,8.0148536
ES0122060314,917454,FCC,EUR,2019-12-10,8.0727,8.0727,7.8012,8.0299,86609,395,7.9319832
ES0122060314,917454,FCC,EUR,2019-12-11,8.0156,8.1156,7.887,8.1156,49783,191,8.047716
ES0122060314,917454,FCC,EUR,2019-12-12,8.0156,8.2728,8.0013,8.2013,141394,398,8.1705928
ES0122060314,917454,FCC,EUR,2019-12-13,8.2156,8.2299,8.1013,8.1299,42889,171,8.1413024
ES0122060314,917454,FCC,EUR,2019-12-16,8.2156,8.2156,8.0727,8.1584,58930,195,8.1591624
ES0122060314,917454,FCC,EUR,2019-12-17,8.2156,8.2156,8.0584,8.1013,27679,191,8.104868
ES0122060314,917454,FCC,EUR,2019-12-18,8.0727,8.1727,7.9013,7.9013,92085,322,7.9812768
ES0122060314,917454,FCC,EUR,2019-12-19,7.8727,7.9156,7.7727,7.9156,75827,270,7.854828
ES0122060314,917454,FCC,EUR,2019-12-20,7.8298,8.0013,7.8155,8.0013,71744,209,7.9591304
ES0122060314,917454,FCC,EUR,2019-12-23,7.887,7.9584,7.8727,7.9156,35698,153,7.91198
ES0122060314,917454,FCC,EUR,2019-12-24,7.8727,7.9156,7.8155,7.8298,30862,79,7.851256
ES0122060314,917454,FCC,EUR,2019-12-27,7.9727,8.0584,7.8012,7.9727,94392,319,7.9326976
ES0122060314,917454,FCC,EUR,2019-12-30,7.887,7.9013,7.787,7.8012,67726,234,7.8433976
ES0122060314,917454,FCC,EUR,2019-12-31,7.7584,7.8155,7.6584,7.8012,49417,191,7.7419528
ES0122060314,917454,FCC,EUR,2020-01-02,7.7584,7.9156,7.7584,7.8441,60649,219,7.8201796
ES0122060314,917454,FCC,EUR,2020-01-03,7.7584,7.9727,7.7298,7.8298,27527,114,7.8269664
ES0122060314,917454,FCC,EUR,2020-01-06,7.7584,7.9156,7.7298,7.9156,18496,98,7.84054
ES0122060314,917454,FCC,EUR,2020-01-07,7.8727,7.8727,7.7155,7.7155,71616,220,7.7426672
ES0122060314,917454,FCC,EUR,2020-01-08,7.7155,7.8441,7.7155,7.8298,50768,166,7.7862456
ES0122060314,917454,FCC,EUR,2020-01-09,7.7727,7.9441,7.7727,7.8584,21606,158,7.8659012
ES0122060314,917454,FCC,EUR,2020-01-10,7.8584,7.9013,7.7441,7.8155,35057,257,7.8158932
ES0122060314,917454,FCC,EUR,2020-01-13,7.7584,7.8441,7.7584,7.8012,15327,84,7.7944612
ES0122060314,917454,FCC,EUR,2020-01-14,7.8012,7.8441,7.7584,7.8441,40243,151,7.815536
ES0122060314,917454,FCC,EUR,2020-01-15,7.7155,7.987,7.7155,7.9156,64984,278,7.8419688
ES0122060314,917454,FCC,EUR,2020-01-16,7.8727,7.987,7.8727,7.987,27966,131,7.9373412
ES0122060314,917454,FCC,EUR,2020-01-17,7.9298,8.0584,7.9298,8.0441,43608,220,8.0223548
ES0122060314,917454,FCC,EUR,2020-01-20,7.9441,8.2156,7.9156,8.0156,75583,262,8.0730772
ES0122060314,917454,FCC,EUR,2020-01-21,8.0727,8.0727,7.9441,8.0584,29326,120,8.0169968
ES0122060314,917454,FCC,EUR,2020-01-22,8.0727,8.187,8.0299,8.1442,70968,229,8.1045108
ES0122060314,917454,FCC,EUR,2020-01-23,8.0727,8.3442,8.0727,8.1442,129167,321,8.1659492
ES0122060314,917454,FCC,EUR,2020-01-24,8.1442,8.2728,8.1156,8.2728,52875,360,8.217386
ES0122060314,917454,FCC,EUR,2020-01-27,8.287,8.287,7.9584,8.1299,109885,369,8.0702196
ES0122060314,917454,FCC,EUR,2020-01-28,8.1442,8.2156,8.0441,8.2156,90137,348,8.1438028
ES0122060314,917454,FCC,EUR,2020-01-29,8.1727,8.3013,8.1156,8.1727,70590,306,8.1730932
ES0122060314,917454,FCC,EUR,2020-01-30,8.0013,8.1156,8.0013,8.0584,43092,238,8.0677192
ES0122060314,917454,FCC,EUR,2020-01-31,8.187,8.187,7.9441,8.0156,83687,228,8.0027088
ES0122060314,917454,FCC,EUR,2020-02-03,8.1156,8.1156,7.8727,7.9727,47190,217,7.9544868
ES0122060314,917454,FCC,EUR,2020-02-04,7.9727,8.0727,7.9156,8.0727,84368,341,8.0062808
ES0122060314,917454,FCC,EUR,2020-02-05,8.0727,8.2013,8.0156,8.187,75624,276,8.1130836
ES0122060314,917454,FCC,EUR,2020-02-06,8.1442,8.2013,8.0727,8.2013,58356,260,8.1402308
ES0122060314,917454,FCC,EUR,2020-02-07,8.2156,8.2156,8.1156,8.187,39326,151,8.192382
ES0122060314,917454,FCC,EUR,2020-02-10,8.187,8.3013,8.1584,8.3013,95342,236,8.2663224
ES0122060314,917454,FCC,EUR,2020-02-11,8.3585,8.4299,8.1442,8.4299,137828,429,8.274538
ES0122060314,917454,FCC,EUR,2020-02-12,8.4299,8.4299,8.287,8.3871,89234,362,8.3427632
ES0122060314,917454,FCC,EUR,2020-02-13,8.3871,8.4585,8.287,8.3728,49860,198,8.381698
ES0122060314,917454,FCC,EUR,2020-02-14,8.2585,8.4871,8.2585,8.4442,74965,215,8.4327776
ES0122060314,917454,FCC,EUR,2020-02-17,8.4871,8.5014,8.3585,8.5014,38180,152,8.4545668
ES0122060314,917454,FCC,EUR,2020-02-18,8.3585,8.5728,8.3585,8.5442,113293,283,8.503146
ES0122060314,917454,FCC,EUR,2020-02-19,8.5585,8.5871,8.3728,8.5014,149494,397,8.5238636
ES0122060314,917454,FCC,EUR,2020-02-20,8.4728,8.5728,8.4728,8.5156,43833,176,8.5170768
ES0122060314,917454,FCC,EUR,2020-02-21,8.5014,8.5156,8.4585,8.4871,78304,173,8.478142
ES0122060314,917454,FCC,EUR,2020-02-24,8.3013,8.3013,7.7441,7.9441,524126,1485,7.9662744
ES0122060314,917454,FCC,EUR,2020-02-25,7.9441,8.0013,7.6441,7.6441,255200,651,7.7751724
ES0122060314,917454,FCC,EUR,2020-02-26,7.5726,7.9727,7.4726,7.9727,240005,847,7.7791016
ES0122060314,917454,FCC,EUR,2020-02-27,7.7298,7.787,7.5726,7.6727,182143,616,7.6880156
ES0122060314,917454,FCC,EUR,2020-02-28,7.6584,7.8584,7.5869,7.6584,173334,493,7.6633688
ES0122060314,917454,FCC,EUR,2020-03-02,7.7584,7.8298,7.2012,7.3583,309799,951,7.3518904
ES0122060314,917454,FCC,EUR,2020-03-03,7.4298,7.6012,7.4298,7.5012,192201,769,7.5379916
ES0122060314,917454,FCC,EUR,2020-03-04,7.5155,7.5726,7.344,7.5298,215548,664,7.4701236
ES0122060314,917454,FCC,EUR,2020-03-05,7.6012,7.6012,7.1583,7.1583,212123,582,7.2447304
ES0122060314,917454,FCC,EUR,2020-03-06,6.9297,7.0011,6.5796,6.9583,310779,945,6.8685988
ES0122060314,917454,FCC,EUR,2020-03-09,6.7654,6.7654,6.2367,6.251,299323,924,6.4481744
ES0122060314,917454,FCC,EUR,2020-03-10,6.2724,6.5653,6.0867,6.1724,353471,961,6.3074376
ES0122060314,917454,FCC,EUR,2020-03-11,6.2439,6.2724,5.9081,6.0081,243737,712,6.0184628
ES0122060314,917454,FCC,EUR,2020-03-12,5.7509,5.7509,5.0865,5.3437,305939,1134,5.4233676
ES0122060314,917454,FCC,EUR,2020-03-13,5.3794,6.8297,5.3509,6.0724,290226,764,6.004532
ES0122060314,917454,FCC,EUR,2020-03-16,6.001,6.001,5.3223,5.558,327760,940,5.4780192
ES0122060314,917454,FCC,EUR,2020-03-17,5.6723,6.5225,5.108,6.5225,178219,520,5.7666368
ES0122060314,917454,FCC,EUR,2020-03-18,5.7866,6.1724,5.7509,6.0653,123232,356,6.0266784
ES0122060314,917454,FCC,EUR,2020-03-19,6.2796,6.2796,5.5938,5.7152,256374,647,5.7880688
ES0122060314,917454,FCC,EUR,2020-03-20,5.7866,5.8867,5.408,5.408,2533636,505,5.427654
ES0122060314,917454,FCC,EUR,2020-03-23,5.6009,5.6009,5.1151,5.1365,172994,390,5.2254788
ES0122060314,917454,FCC,EUR,2020-03-24,5.3223,5.4366,5.1222,5.1222,147325,311,5.2076188
ES0122060314,917454,FCC,EUR,2020-03-25,5.2937,5.5366,5.1437,5.358,204581,327,5.3619292
ES0122060314,917454,FCC,EUR,2020-03-26,5.4294,5.5152,5.2223,5.3651,135414,424,5.3612148
ES0122060314,917454,FCC,EUR,2020-03-27,5.3937,5.5723,5.158,5.358,73688,279,5.306206
ES0122060314,917454,FCC,EUR,2020-03-30,5.358,5.358,5.1508,5.2366,56145,298,5.2519116
ES0122060314,917454,FCC,EUR,2020-03-31,5.2294,5.4794,5.1437,5.3008,165783,577,5.2769156
ES0122060314,917454,FCC,EUR,2020-04-01,5.1794,5.3509,5.1794,5.1937,172089,317,5.2376236
ES0122060314,917454,FCC,EUR,2020-04-02,5.1437,5.2937,5.1437,5.1865,323826,653,5.2304796
ES0122060314,917454,FCC,EUR,2020-04-03,5.1508,5.358,5.1508,5.308,405846,689,5.274058
ES0122060314,917454,FCC,EUR,2020-04-06,5.4366,5.508,5.3866,5.4294,245645,556,5.4430136
ES0122060314,917454,FCC,EUR,2020-04-07,5.5009,5.7438,5.4009,5.4794,460579,532,5.6066112
ES0122060314,917454,FCC,EUR,2020-04-08,5.5009,5.5652,5.358,5.4294,313777,538,5.4319404
ES0122060314,917454,FCC,EUR,2020-04-09,5.4366,5.7724,5.3651,5.5366,178751,250,5.5641044
ES0122060314,917454,FCC,EUR,2020-04-14,5.9652,6.0438,5.6866,6.0438,431924,834,5.9684548
ES0122060314,917454,FCC,EUR,2020-04-15,6.0367,6.051,5.7152,5.7152,403138,600,5.8237888
ES0122060314,917454,FCC,EUR,2020-04-16,5.7438,5.9367,5.6438,5.6438,139573,214,5.7273448
ES0122060314,917454,FCC,EUR,2020-04-17,5.7866,5.8081,5.5437,5.5437,930835,369,5.583036
ES0122060314,917454,FCC,EUR,2020-04-20,5.5437,5.658,5.4294,5.4866,59965,165,5.4912356
ES0122060314,917454,FCC,EUR,2020-04-21,5.4294,5.558,5.358,5.358,65897,120,5.4272968
ES0122060314,917454,FCC,EUR,2020-04-22,5.3723,5.5223,5.3437,5.4866,84874,178,5.400864
ES0122060314,917454,FCC,EUR,2020-04-23,5.5366,5.7724,5.4937,5.7152,123197,233,5.663406
ES0122060314,917454,FCC,EUR,2020-04-24,5.7509,5.7509,5.5723,5.6438,46417,121,5.6359016
ES0122060314,917454,FCC,EUR,2020-04-27,5.6652,5.8224,5.5938,5.8224,161766,201,5.6894816
ES0122060314,917454,FCC,EUR,2020-04-28,5.7866,5.8224,5.7223,5.8224,43740,119,5.7948556
ES0122060314,917454,FCC,EUR,2020-04-29,5.8652,6.1367,5.8652,6.0367,217624,308,5.9852432
ES0122060314,917454,FCC,EUR,2020-04-30,6.0724,6.2867,5.9938,6.1938,245540,387,6.1070484
ES0122060314,917454,FCC,EUR,2020-05-04,6.1796,6.2653,6.0795,6.2653,108777,187,6.1484836
ES0122060314,917454,FCC,EUR,2020-05-05,6.3582,6.4153,6.2224,6.3224,90894,199,6.3417288
ES0122060314,917454,FCC,EUR,2020-05-06,6.3224,6.3796,6.3224,6.3224,37910,117,6.334942
ES0122060314,917454,FCC,EUR,2020-05-07,6.2867,6.4653,6.2867,6.4653,95681,220,6.356374
ES0122060314,917454,FCC,EUR,2020-05-08,6.5439,6.5939,6.3439,6.5868,86661,165,6.4299572
ES0122060314,917454,FCC,EUR,2020-05-11,6.7082,6.7154,6.451,6.6082,35897,106,6.577838
ES0122060314,917454,FCC,EUR,2020-05-12,6.7154,6.7439,6.4582,6.7296,95977,129,6.6585652
ES0122060314,917454,FCC,EUR,2020-05-13,6.7725,6.7725,6.4725,6.6153,37260,114,6.5535484
ES0122060314,917454,FCC,EUR,2020-05-14,6.501,6.6082,6.2439,6.4582,76490,201,6.4228132
ES0122060314,917454,FCC,EUR,2020-05-15,6.3439,6.4582,6.2867,6.2867,90328,100,6.3210112
ES0122060314,917454,FCC,EUR,2020-05-18,6.5153,6.6011,6.3296,6.4653,73307,108,6.4999684
ES0122060314,917454,FCC,EUR,2020-05-19,6.5296,6.5439,6.2439,6.3867,117691,309,6.3874504
ES0122060314,917454,FCC,EUR,2020-05-20,6.5439,6.5439,6.251,6.4653,91801,211,6.3613748
ES0122060314,917454,FCC,EUR,2020-05-21,6.3582,6.5153,6.2867,6.2939,69094,202,6.3678044
ES0122060314,917454,FCC,EUR,2020-05-22,6.2939,6.4225,6.2939,6.4225,23740,71,6.3774488
ES0122060314,917454,FCC,EUR,2020-05-25,6.3796,6.4796,6.351,6.4296,54290,221,6.426028
ES0122060314,917454,FCC,EUR,2020-05-26,6.5082,6.5082,6.301,6.401,80884,220,6.3874504
ES0122060314,917454,FCC,EUR,2020-05-27,6.4868,6.551,6.2939,6.2939,140307,443,6.4067392
ES0122060314,917454,FCC,EUR,2020-05-28,6.4082,6.4296,6.1581,6.3439,112371,355,6.2988648
ES0122060314,917454,FCC,EUR,2020-05-29,6.4225,6.4868,6.2153,6.4868,251377,312,6.4363868
ES0122060314,917454,FCC,EUR,2020-06-01,6.5653,6.5725,6.4296,6.5725,44066,169,6.4960392
ES0122060314,917454,FCC,EUR,2020-06-02,6.5868,6.6582,6.4939,6.6296,85142,286,6.5692652
ES0122060314,917454,FCC,EUR,2020-06-03,6.7082,6.7868,6.6582,6.7011,92707,239,6.7192892
ES0122060314,917454,FCC,EUR,2020-06-04,6.6082,6.7868,6.6082,6.6511,99076,221,6.6839264
ES0122060314,917454,FCC,EUR,2020-06-05,6.8368,7.0511,6.8082,6.8725,105020,312,6.9014612
ES0122060314,917454,FCC,EUR,2020-06-08,6.7368,6.7725,6.6153,6.7154,89059,362,6.7185748
ES0122060314,917454,FCC,EUR,2020-06-09,6.7296,6.7511,6.4725,6.5582,202396,419,6.576052
ES0122060314,917454,FCC,EUR,2020-06-10,6.4582,6.6296,6.2867,6.351,146858,383,6.4531752
ES0122060314,917454,FCC,EUR,2020-06-11,6.3724,6.3724,6.0795,6.151,87903,291,6.1727732
ES0122060314,917454,FCC,EUR,2020-06-12,6.1081,6.3582,6.1081,6.2224,59627,338,6.2042068
ES0122060314,917454,FCC,EUR,2020-06-15,6.2367,6.2367,6.1153,6.2153,121244,338,6.163486
ES0122060314,917454,FCC,EUR,2020-06-16,6.2224,6.4225,6.2224,6.3153,62200,289,6.3156532
ES0122060314,917454,FCC,EUR,2020-06-17,6.2224,6.3153,6.0795,6.151,152201,405,6.1506268
ES0122060314,917454,FCC,EUR,2020-06-18,6.1438,6.1438,5.9581,6.0581,129437,308,6.0663276
ES0122060314,917454,FCC,EUR,2020-06-19,5.9938,6.0367,5.951,6.001,34367,171,5.999174
ES0122060314,917454,FCC,EUR,2020-06-22,5.9081,5.9367,5.8581,5.8938,135053,332,5.8773688
ES0122060314,917454,FCC,EUR,2020-06-23,5.9581,6.151,5.9367,6.0438,71886,246,6.0191772
ES0122060314,917454,FCC,EUR,2020-06-24,6.0581,6.0724,5.8581,5.8795,70790,210,5.8977292
ES0122060314,917454,FCC,EUR,2020-06-25,5.9724,5.9938,5.7652,5.9367,103138,246,5.8745112
ES0122060314,917454,FCC,EUR,2020-06-26,5.9795,6.001,5.9224,5.9724,57458,144,5.9809568
ES0122060314,917454,FCC,EUR,2020-06-29,5.9867,6.051,5.9367,6.051,61427,221,6.0059608
ES0122060314,917454,FCC,EUR,2020-06-30,6.0724,6.1081,5.8867,6.0081,91515,324,6.00989
ES0122060314,917454,FCC,EUR,2020-07-01,6.051,6.051,5.9295,6.051,29671,110,6.0198916
ES0122060314,917454,FCC,EUR,2020-07-02,5.9652,6.1796,5.9652,6.1653,58821,182,6.1106204
ES0122060314,917454,FCC,EUR,2020-07-03,6.1081,6.1438,6.0581,6.1438,19284,100,6.1177644
ES0122060314,917454,FCC,EUR,2020-07-06,6.0724,6.2653,6.0653,6.2653,78314,203,6.1981344
ES0122060314,917454,FCC,EUR,2020-07-07,6.1438,6.2153,6.101,6.2081,46625,189,6.1684868
ES0122060314,917454,FCC,EUR,2020-07-08,6.0938,6.1367,6.001,6.001,35748,165,6.0448956
ES0122060314,917454,FCC,EUR,2020-07-09,6.0653,6.0653,5.8938,5.9367,36277,134,5.942022
ES0122060314,917454,FCC,EUR,2020-07-10,5.9152,5.9438,5.8224,5.8938,38791,150,5.8952288
ES0122060314,917454,FCC,EUR,2020-07-13,5.9795,6.1438,5.8581,6.1438,43170,204,5.9802424
ES0122060314,917454,FCC,EUR,2020-07-14,6.101,6.101,5.8724,5.9795,49370,279,5.9716696
ES0122060314,917454,FCC,EUR,2020-07-15,5.8795,6.0867,5.8509,6.001,88303,308,5.9698836
ES0122060314,917454,FCC,EUR,2020-07-16,5.9152,6.051,5.8867,6.0367,79637,230,5.9784564
ES0122060314,917454,FCC,EUR,2020-07-17,5.9438,5.9795,5.8724,5.951,95120,419,5.9320204
ES0122060314,917454,FCC,EUR,2020-07-20,5.8581,6.0295,5.8581,6.001,31801,165,5.9716696
ES0122060314,917454,FCC,EUR,2020-07-21,6.0653,6.1081,5.9009,6.0581,82193,258,6.00096
ES0122060314,917454,FCC,EUR,2020-07-22,6.0653,6.0653,5.8867,5.8867,25865,116,5.9316632
ES0122060314,917454,FCC,EUR,2020-07-23,5.8724,5.9367,5.8009,5.8652,26042,138,5.8502216
ES0122060314,917454,FCC,EUR,2020-07-24,5.8366,5.8366,5.7081,5.7081,56342,161,5.766994
ES0122060314,917454,FCC,EUR,2020-07-27,5.608,5.7152,5.4723,5.7152,76413,260,5.566962
ES0122060314,917454,FCC,EUR,2020-07-28,5.8081,5.8081,5.5938,5.7009,25673,124,5.7005548
ES0122060314,917454,FCC,EUR,2020-07-29,5.8152,5.8152,5.4294,5.4723,94791,277,5.4898068
ES0122060314,917454,FCC,EUR,2020-07-30,5.5295,5.5295,5.3723,5.3866,133304,208,5.4408704
ES0122060314,917454,FCC,EUR,2020-07-31,5.3723,5.4223,5.2223,5.2223,56608,228,5.2762012
ES0122060314,917454,FCC,EUR,2020-08-03,5.358,5.4366,5.2366,5.4366,110153,274,5.2994192
ES0122060314,917454,FCC,EUR,2020-08-04,5.4866,5.5223,5.3866,5.4866,43938,183,5.4619452
ES0122060314,917454,FCC,EUR,2020-08-05,5.3866,5.7724,5.3866,5.5723,150940,327,5.574106
ES0122060314,917454,FCC,EUR,2020-08-06,5.5938,5.9224,5.5009,5.9224,406710,300,5.6073256
ES0122060314,917454,FCC,EUR,2020-08-07,5.9367,5.9367,5.6438,5.6438,81507,221,5.7573496
ES0122060314,917454,FCC,EUR,2020-08-10,5.7009,5.7009,5.5723,5.5795,53847,174,5.5958952
ES0122060314,917454,FCC,EUR,2020-08-11,5.608,5.7724,5.608,5.7366,28513,93,5.7123424
ES0122060314,917454,FCC,EUR,2020-08-12,5.7438,5.8295,5.7152,5.7724,36767,114,5.7584212
ES0122060314,917454,FCC,EUR,2020-08-13,5.8152,5.9295,5.7938,5.9224,40743,97,5.888442
ES0122060314,917454,FCC,EUR,2020-08-14,5.9081,5.9081,5.6509,5.6938,27910,115,5.754492
ES0122060314,917454,FCC,EUR,2020-08-17,5.8081,5.8081,5.6652,5.6652,24515,98,5.699126
ES0122060314,917454,FCC,EUR,2020-08-18,5.6652,5.7509,5.6223,5.6223,24336,92,5.677694
ES0122060314,917454,FCC,EUR,2020-08-19,5.5866,5.6723,5.5866,5.6295,22796,82,5.650904
ES0122060314,917454,FCC,EUR,2020-08-20,5.5795,5.7509,5.5795,5.7509,29637,136,5.69734
ES0122060314,917454,FCC,EUR,2020-08-21,5.8224,5.8224,5.5723,5.6866,45391,181,5.7001976
ES0122060314,917454,FCC,EUR,2020-08-24,5.7152,5.7866,5.6938,5.6938,24256,132,5.7323456
ES0122060314,917454,FCC,EUR,2020-08-25,5.608,5.7652,5.608,5.7509,16611,64,5.7341316
ES0122060314,917454,FCC,EUR,2020-08-26,5.7724,5.7724,5.6652,5.6652,16055,80,5.711628
ES0122060314,917454,FCC,EUR,2020-08-27,5.7652,5.7652,5.6295,5.6295,8895,49,5.7255588
ES0122060314,917454,FCC,EUR,2020-08-28,5.6295,5.7938,5.6295,5.6795,21756,104,5.7341316
ES0122060314,917454,FCC,EUR,2020-08-31,5.8152,5.8581,5.6938,5.8581,38163,153,5.8173592
ES0122060314,917454,FCC,EUR,2020-09-01,5.8581,5.9152,5.7866,5.8581,18355,77,5.8612948
ES0122060314,917454,FCC,EUR,2020-09-02,5.8509,5.8938,5.7223,5.7223,25988,164,5.8105724
ES0122060314,917454,FCC,EUR,2020-09-03,5.9081,5.9295,5.7223,5.8581,97347,237,5.8745112
ES0122060314,917454,FCC,EUR,2020-09-04,5.7866,5.9295,5.7866,5.9295,58115,233,5.888442
ES0122060314,917454,FCC,EUR,2020-09-07,5.9724,5.9795,5.8224,5.9152,111576,198,5.9530952
ES0122060314,917454,FCC,EUR,2020-09-08,5.8938,6.001,5.8867,5.9938,137963,354,5.9691692
ES0122060314,917454,FCC,EUR,2020-09-09,6.0152,6.0152,5.9009,6.0152,38731,167,5.9673832
ES0122060314,917454,FCC,EUR,2020-09-10,5.8724,6.051,5.8724,6.051,31451,107,6.0006028
ES0122060314,917454,FCC,EUR,2020-09-11,5.9831,6.051,5.9295,5.9867,45242,130,5.979528
ES0122060314,917454,FCC,EUR,2020-09-14,5.9938,6.051,5.9867,6.0295,26381,133,6.0209632
ES0122060314,917454,FCC,EUR,2020-09-15,6.051,6.051,5.9581,6.051,17985,107,6.006318
ES0122060314,917454,FCC,EUR,2020-09-16,5.9367,6.2296,5.9367,6.2296,137723,386,6.09026
ES0122060314,917454,FCC,EUR,2020-09-17,6.0367,6.3582,5.9795,6.201,56794,214,6.245642
ES0122060314,917454,FCC,EUR,2020-09-18,6.2439,6.2724,5.9652,6.0152,67740,191,6.115264
ES0122060314,917454,FCC,EUR,2020-09-21,5.951,5.951,5.8009,5.9152,40429,190,5.86701
ES0122060314,917454,FCC,EUR,2020-09-22,5.7866,5.9795,5.7866,5.7866,48474,220,5.8345048
ES0122060314,917454,FCC,EUR,2020-09-23,5.7938,5.8581,5.7938,5.8152,50508,164,5.8198596
ES0122060314,917454,FCC,EUR,2020-09-24,5.8295,5.8938,5.7509,5.7509,24979,102,5.8273608
ES0122060314,917454,FCC,EUR,2020-09-25,5.7152,5.8009,5.7152,5.7295,15288,96,5.7523488
ES0122060314,917454,FCC,EUR,2020-09-28,5.7295,5.8724,5.7295,5.8366,13486,75,5.8362908
ES0122060314,917454,FCC,EUR,2020-09-29,5.9009,5.9009,5.5723,5.5723,41075,176,5.6587624
ES0122060314,917454,FCC,EUR,2020-09-30,5.6723,5.8938,5.608,5.8081,46536,163,5.7584212
ES0122060314,917454,FCC,EUR,2020-10-01,5.8081,5.8509,5.7116,5.7295,22428,125,5.784854
ES0122060314,917454,FCC,EUR,2020-10-02,5.6366,5.8295,5.6366,5.7724,28422,160,5.7612788
ES0122060314,917454,FCC,EUR,2020-10-05,5.6509,5.9295,5.6509,5.9224,14575,79,5.861652
ES0122060314,917454,FCC,EUR,2020-10-06,5.9009,6.1938,5.9009,6.1581,62389,221,6.0588264
ES0122060314,917454,FCC,EUR,2020-10-07,6.1581,6.1724,5.9367,5.9581,71804,141,6.0745432
ES0122060314,917454,FCC,EUR,2020-10-08,6.1438,6.1438,6.001,6.0152,19725,90,6.0370372
ES0122060314,917454,FCC,EUR,2020-10-09,6.001,6.1081,5.9867,6.1081,43492,97,6.0495392
ES0122060314,917454,FCC,EUR,2020-10-12,6.1438,6.2081,6.051,6.2081,30188,224,6.1645576
ES0122060314,917454,FCC,EUR,2020-10-13,6.0653,6.2153,5.8081,5.8081,130799,299,5.9959592
ES0122060314,917454,FCC,EUR,2020-10-14,5.7866,5.9295,5.7866,5.9152,30527,140,5.8873704
ES0122060314,917454,FCC,EUR,2020-10-15,5.8581,5.8867,5.6795,5.7938,32183,150,5.7623504
ES0122060314,917454,FCC,EUR,2020-10-16,5.7938,5.8795,5.7581,5.8724,105944,129,5.8684388
ES0122060314,917454,FCC,EUR,2020-10-19,5.7866,5.8867,5.7223,5.7223,22665,100,5.7766384
ES0122060314,917454,FCC,EUR,2020-10-20,5.7152,5.8009,5.7152,5.7223,12683,96,5.7387752
ES0122060314,917454,FCC,EUR,2020-10-21,5.7152,5.7509,5.6295,5.6295,28759,142,5.6662636
ES0122060314,917454,FCC,EUR,2020-10-22,5.6152,5.9367,5.608,5.8438,74385,384,5.7519916
ES0122060314,917454,FCC,EUR,2020-10-23,5.7438,5.8795,5.6866,5.6866,12695,83,5.7519916
ES0122060314,917454,FCC,EUR,2020-10-26,5.8366,5.8366,5.6152,5.6866,41653,134,5.6701928
ES0122060314,917454,FCC,EUR,2020-10-27,5.6366,5.7938,5.5723,5.5795,152802,178,5.6051824
ES0122060314,917454,FCC,EUR,2020-10-28,5.6509,5.6509,5.3651,5.4437,102407,229,5.4573016
ES0122060314,917454,FCC,EUR,2020-10-29,5.4437,5.5009,5.2223,5.3008,48082,193,5.288346
ES0122060314,917454,FCC,EUR,2020-10-30,5.2294,5.2866,5.108,5.1865,41163,283,5.2015464
ES0122060314,917454,FCC,EUR,2020-11-02,5.2151,5.358,5.1508,5.358,29427,118,5.2676284
ES0122060314,917454,FCC,EUR,2020-11-03,5.358,5.3723,5.108,5.3294,92520,189,5.28656
ES0122060314,917454,FCC,EUR,2020-11-04,5.2866,5.5938,5.2794,5.4652,45982,165,5.4183668
ES0122060314,917454,FCC,EUR,2020-11-05,5.3294,5.8724,5.3294,5.8724,94596,175,5.7548492
ES0122060314,917454,FCC,EUR,2020-11-06,5.8438,5.8509,5.6009,5.7009,60012,219,5.7537776
ES0122060314,917454,FCC,EUR,2020-11-09,6.0581,6.0581,5.7795,6.0152,98304,274,6.0023888
ES0122060314,917454,FCC,EUR,2020-11-10,6.0295,6.0367,5.7866,5.9367,105795,319,5.9641684
ES0122060314,917454,FCC,EUR,2020-11-11,5.9438,6.0295,5.8152,6.0081,47453,272,5.95631
ES0122060314,917454,FCC,EUR,2020-11-12,5.8366,6.1367,5.8366,6.1367,68208,269,6.0659704
ES0122060314,917454,FCC,EUR,2020-11-13,6.1438,6.1438,5.9724,6.0224,36224,185,6.0398948
ES0122060314,917454,FCC,EUR,2020-11-16,6.1153,6.1438,6.0152,6.0152,40814,178,6.0995472
ES0122060314,917454,FCC,EUR,2020-11-17,5.9867,6.0795,5.9295,6.0081,18043,127,6.0088184
ES0122060314,917454,FCC,EUR,2020-11-18,6.1081,6.1438,5.9652,6.1438,54459,244,6.0663276
ES0122060314,917454,FCC,EUR,2020-11-19,6.001,6.1438,6.001,6.1081,34911,166,6.1120492
ES0122060314,917454,FCC,EUR,2020-11-20,6.0795,6.1224,6.0224,6.1081,25237,136,6.0827588
ES0122060314,917454,FCC,EUR,2020-11-23,6.2153,6.2439,6.1581,6.2153,37704,187,6.1970628
ES0122060314,917454,FCC,EUR,2020-11-24,6.2153,6.3653,6.1296,6.3653,65211,163,6.2495712
ES0122060314,917454,FCC,EUR,2020-11-25,6.4225,6.4296,6.3296,6.4296,57719,246,6.3910224
ES0122060314,917454,FCC,EUR,2020-11-26,6.4296,6.6011,6.3867,6.401,26539,138,6.4713924
ES0122060314,917454,FCC,EUR,2020-11-27,6.5653,6.5653,6.401,6.5368,36724,141,6.5085412
ES0122060314,917454,FCC,EUR,2020-11-30,6.6011,6.6011,6.301,6.3224,98709,250,6.352802
ES0122060314,917454,FCC,EUR,2020-12-01,6.4296,6.4439,6.2796,6.301,27876,132,6.351016
ES0122060314,917454,FCC,EUR,2020-12-02,6.2724,6.3224,6.1438,6.1653,38464,173,6.1827748
ES0122060314,917454,FCC,EUR,2020-12-03,6.1438,6.2296,6.0152,6.1938,36900,183,6.145626
ES0122060314,917454,FCC,EUR,2020-12-04,6.1081,6.3796,6.1081,6.3796,59290,174,6.318868
ES0122060314,917454,FCC,EUR,2020-12-07,6.3582,6.4296,6.3582,6.4296,28086,102,6.3988808
ES0122060314,917454,FCC,EUR,2020-12-08,6.3582,6.4153,6.3367,6.3582,34013,105,6.3649468
ES0122060314,917454,FCC,EUR,2020-12-09,6.3582,6.401,6.201,6.3367,33426,235,6.3149388
ES0122060314,917454,FCC,EUR,2020-12-10,6.2439,6.3153,6.1796,6.1796,16752,131,6.2374264
ES0122060314,917454,FCC,EUR,2020-12-11,6.151,6.2153,6.001,6.2153,75200,334,6.1191932
ES0122060314,917454,FCC,EUR,2020-12-14,6.0724,6.4153,6.0724,6.4153,36051,202,6.2952928
ES0122060314,917454,FCC,EUR,2020-12-15,6.4082,6.4082,6.2153,6.3296,37453,174,6.3110096
ES0122060314,917454,FCC,EUR,2020-12-16,6.1938,6.3582,6.1867,6.3582,35543,147,6.3238688
ES0122060314,917454,FCC,EUR,2020-12-17,6.2796,6.3296,6.1581,6.2081,24685,127,6.2113508
ES0122060314,917454,FCC,EUR,2020-12-18,6.151,6.3724,6.1367,6.3724,35550,161,6.2910064
ES0122060314,917454,FCC,EUR,2020-12-21,6.0867,6.1724,6.0295,6.1724,66492,271,6.0827588
ES0122060314,917454,FCC,EUR,2020-12-22,6.0724,6.1867,6.051,6.051,37743,182,6.1066912
ES0122060314,917454,FCC,EUR,2020-12-23,6.1367,6.1581,6.051,6.1581,51814,177,6.1002616
ES0122060314,917454,FCC,EUR,2020-12-24,6.1081,6.2081,6.0653,6.1581,16765,89,6.1213364
ES0122060314,917454,FCC,EUR,2020-12-28,6.1867,6.2724,6.101,6.1938,40128,181,6.1917048
ES0122060314,917454,FCC,EUR,2020-12-29,6.151,6.3296,6.1153,6.1367,31342,167,6.1877756
ES0122060314,917454,FCC,EUR,2020-12-30,6.0795,6.3367,6.0795,6.1867,120216,302,6.2252816
ES0122060314,917454,FCC,EUR,2020-12-31,6.1153,6.2867,6.0867,6.2867,64865,175,6.1549132
ES0122060314,917454,FCC,EUR,2021-01-04,6.2867,6.3296,6.1581,6.2296,29924,178,6.2560008
ES0122060314,917454,FCC,EUR,2021-01-05,6.3724,6.3724,6.151,6.2867,29108,148,6.218852
ES0122060314,917454,FCC,EUR,2021-01-06,6.1653,6.351,6.1653,6.301,32313,169,6.2774328
ES0122060314,917454,FCC,EUR,2021-01-07,6.3582,6.3582,6.201,6.2724,75356,205,6.2524288
ES0122060314,917454,FCC,EUR,2021-01-08,6.3582,6.3724,6.2724,6.351,46075,181,6.3381568
ES0122060314,917454,FCC,EUR,2021-01-11,6.3582,6.4153,6.351,6.3939,69840,196,6.3745912
ES0122060314,917454,FCC,EUR,2021-01-12,6.3582,6.7511,6.3582,6.6796,168125,459,6.5731944
ES0122060314,917454,FCC,EUR,2021-01-13,6.7511,6.9082,6.6296,6.9082,86104,346,6.7810848
ES0122060314,917454,FCC,EUR,2021-01-14,7.0083,7.0083,6.8154,6.9297,167588,495,6.9432536
ES0122060314,917454,FCC,EUR,2021-01-15,6.9297,6.9297,6.6439,6.7011,97145,305,6.7989448
ES0122060314,917454,FCC,EUR,2021-01-18,6.7011,6.7082,6.5653,6.6011,22963,90,6.6303464
ES0122060314,917454,FCC,EUR,2021-01-19,6.6011,6.7582,6.5868,6.6725,69546,204,6.6660664
ES0122060314,917454,FCC,EUR,2021-01-20,6.7511,6.7511,6.5796,6.6368,25991,119,6.6382048
ES0122060314,917454,FCC,EUR,2021-01-21,6.6082,6.6439,6.3367,6.3653,88331,285,6.476036
ES0122060314,917454,FCC,EUR,2021-01-22,6.251,6.4296,6.151,6.4296,128127,268,6.3288696
ES0122060314,917454,FCC,EUR,2021-01-25,6.251,6.401,6.1938,6.2224,142942,578,6.243856
ES0122060314,917454,FCC,EUR,2021-01-26,6.1581,6.2867,6.151,6.2439,64253,203,6.2395696
ES0122060314,917454,FCC,EUR,2021-01-27,6.2153,6.301,6.2153,6.2867,39396,139,6.265288
ES0122060314,917454,FCC,EUR,2021-01-28,6.251,6.3439,6.2296,6.3224,39182,132,6.276004
ES0122060314,917454,FCC,EUR,2021-01-29,6.2653,6.3582,6.2439,6.2939,64482,247,6.2981504
ES0122060314,917454,FCC,EUR,2021-02-01,6.3796,6.4082,6.2653,6.3939,54755,229,6.3624464
ES0122060314,917454,FCC,EUR,2021-02-02,6.3367,6.7868,6.3367,6.7154,157607,500,6.593912
ES0122060314,917454,FCC,EUR,2021-02-03,6.6868,6.9725,6.551,6.9654,158652,363,6.861812
ES0122060314,917454,FCC,EUR,2021-02-04,6.8725,6.9297,6.6582,6.894,88987,278,6.8803864
ES0122060314,917454,FCC,EUR,2021-02-05,6.8582,6.9368,6.8582,6.9225,146819,340,6.9075336
ES0122060314,917454,FCC,EUR,2021-02-08,6.7939,7.0011,6.7939,6.9654,105589,282,6.9489688
ES0122060314,917454,FCC,EUR,2021-02-09,6.9654,7.0011,6.8511,7.0011,28587,138,6.9675432
ES0122060314,917454,FCC,EUR,2021-02-10,6.9654,7.2583,6.8725,7.144,115484,340,7.0768464
ES0122060314,917454,FCC,EUR,2021-02-11,7.1583,7.2726,7.0011,7.2583,54613,208,7.1775768
ES0122060314,917454,FCC,EUR,2021-02-12,7.2726,7.2726,7.0726,7.0726,109403,259,7.1268544
ES0122060314,917454,FCC,EUR,2021-02-15,7.144,7.1869,7.1154,7.144,141549,302,7.1454288
ES0122060314,917454,FCC,EUR,2021-02-16,7.1154,7.1583,6.9654,6.994,58720,174,7.0882768
ES0122060314,917454,FCC,EUR,2021-02-17,6.9654,6.994,6.8725,6.9225,38457,203,6.9203928
ES0122060314,917454,FCC,EUR,2021-02-18,6.9654,6.994,6.894,6.894,63453,265,6.9246792
ES0122060314,917454,FCC,EUR,2021-02-19,6.9011,7.0154,6.894,7.0154,25155,133,6.958256
ES0122060314,917454,FCC,EUR,2021-02-22,7.0154,7.0868,6.9654,7.0726,56499,160,7.0532712
ES0122060314,917454,FCC,EUR,2021-02-23,7.0797,7.144,6.944,6.9654,63107,226,7.0411264
ES0122060314,917454,FCC,EUR,2021-02-24,6.9797,7.144,6.9797,7.0583,24463,171,7.0811328
ES0122060314,917454,FCC,EUR,2021-02-25,7.1083,7.144,7.0511,7.1083,53638,199,7.0968496
ES0122060314,917454,FCC,EUR,2021-02-26,6.9654,7.1869,6.9654,7.0083,71654,207,7.0239808
ES0122060314,917454,FCC,EUR,2021-03-01,7.1726,7.1869,6.9654,7.0868,44095,205,7.0525568
ES0122060314,917454,FCC,EUR,2021-03-02,7.1369,7.2154,7.044,7.0583,33905,165,7.1204248
ES0122060314,917454,FCC,EUR,2021-03-03,7.144,7.144,6.9011,6.9725,32729,153,6.9782592
ES0122060314,917454,FCC,EUR,2021-03-04,6.9082,7.0654,6.894,7.0011,49155,178,6.9589704
ES0122060314,917454,FCC,EUR,2021-03-05,6.9082,7.0154,6.8725,7.0154,75461,194,6.9711152
ES0122060314,917454,FCC,EUR,2021-03-08,6.9654,7.1869,6.9654,7.1369,57096,192,7.09042
ES0122060314,917454,FCC,EUR,2021-03-09,7.1869,7.1869,6.9797,7.0797,64907,301,7.1204248
ES0122060314,917454,FCC,EUR,2021-03-10,6.9654,7.3012,6.9654,7.3012,85820,269,7.2447304
ES0122060314,917454,FCC,EUR,2021-03-11,7.3012,7.3583,7.2726,7.3155,55270,265,7.3147416
ES0122060314,917454,FCC,EUR,2021-03-12,7.3155,7.3583,7.2154,7.2583,26581,170,7.272592
ES0122060314,917454,FCC,EUR,2021-03-15,7.3155,7.344,7.2154,7.2583,51718,177,7.2704488
ES0122060314,917454,FCC,EUR,2021-03-16,7.3155,7.3155,7.1226,7.1869,66468,190,7.172576
ES0122060314,917454,FCC,EUR,2021-03-17,7.094,7.2726,7.094,7.244,79137,216,7.1918648
ES0122060314,917454,FCC,EUR,2021-03-18,7.0797,7.2583,7.0797,7.2154,56335,206,7.1711472
ES0122060314,917454,FCC,EUR,2021-03-19,7.1154,7.144,6.9797,7.094,42784,127,7.079704
ES0122060314,917454,FCC,EUR,2021-03-22,7.1297,7.144,7.0226,7.1369,29462,109,7.0847048
ES0122060314,917454,FCC,EUR,2021-03-23,6.9654,7.1083,6.9654,7.094,23931,143,7.0789896
ES0122060314,917454,FCC,EUR,2021-03-24,6.944,7.2154,6.9225,7.2154,161314,380,7.0947064
ES0122060314,917454,FCC,EUR,2021-03-25,7.2726,7.2726,7.0654,7.1369,40720,164,7.1918648
ES0122060314,917454,FCC,EUR,2021-03-26,7.1369,7.144,7.0726,7.094,47610,143,7.1089944
ES0122060314,917454,FCC,EUR,2021-03-29,7.1011,7.144,7.0726,7.1083,19434,91,7.1061368
ES0122060314,917454,FCC,EUR,2021-03-30,7.1297,7.2154,7.1083,7.2154,44431,164,7.1640032
ES0122060314,917454,FCC,EUR,2021-03-31,7.1083,7.244,7.1083,7.1869,66388,262,7.1854352
ES0122060314,917454,FCC,EUR,2021-04-01,7.1583,7.344,7.1583,7.344,31924,134,7.2783072
ES0122060314,917454,FCC,EUR,2021-04-06,7.3583,7.3869,7.2154,7.244,57368,206,7.2754496
ES0122060314,917454,FCC,EUR,2021-04-07,7.2726,7.3012,7.1583,7.2154,17705,99,7.21544
ES0122060314,917454,FCC,EUR,2021-04-08,7.244,7.4869,7.1154,7.4583,104370,318,7.2997392
ES0122060314,917454,FCC,EUR,2021-04-09,7.4583,7.4583,7.3155,7.344,21777,108,7.3576056
ES0122060314,917454,FCC,EUR,2021-04-12,7.3155,7.5155,7.3155,7.4298,86678,395,7.4433336
ES0122060314,917454,FCC,EUR,2021-04-13,7.2869,7.5726,7.2869,7.5726,64718,214,7.4783392
ES0122060314,917454,FCC,EUR,2021-04-14,7.6441,7.6869,7.5155,7.5869,44399,130,7.6026448
ES0122060314,917454,FCC,EUR,2021-04-15,7.5869,7.6869,7.4155,7.6155,53052,210,7.5947864
ES0122060314,917454,FCC,EUR,2021-04-16,7.4869,7.7584,7.4869,7.7584,225601,366,7.7290936
ES0122060314,917454,FCC,EUR,2021-04-19,7.6441,7.787,7.6441,7.6869,19924,106,7.7183776
ES0122060314,917454,FCC,EUR,2021-04-20,7.7727,7.7727,7.5012,7.6441,55319,206,7.6347928
ES0122060314,917454,FCC,EUR,2021-04-21,7.6869,7.7584,7.6584,7.7584,28062,122,7.722664
ES0122060314,917454,FCC,EUR,2021-04-22,7.7155,7.7441,7.6155,7.6869,83891,145,7.6697984
ES0122060314,917454,FCC,EUR,2021-04-23,7.6869,7.6869,7.5012,7.6298,37180,137,7.5669248
ES0122060314,917454,FCC,EUR,2021-04-26,7.6298,7.7155,7.5012,7.7155,39907,122,7.686944
ES0122060314,917454,FCC,EUR,2021-04-27,7.6441,7.8298,7.5869,7.8155,67597,185,7.78696
ES0122060314,917454,FCC,EUR,2021-04-28,7.8584,7.8584,7.6584,7.8441,53955,274,7.8198224
ES0122060314,917454,FCC,EUR,2021-04-29,7.8441,8.0156,7.8012,7.9584,63881,184,7.9112656
ES0122060314,917454,FCC,EUR,2021-04-30,7.9727,7.9727,7.7012,7.787,46206,209,7.8069632
ES0122060314,917454,FCC,EUR,2021-05-03,7.6155,7.9156,7.6155,7.9156,31058,84,7.8212512
ES0122060314,917454,FCC,EUR,2021-05-04,7.9156,8.0441,7.7441,7.7441,39080,163,7.9198384
ES0122060314,917454,FCC,EUR,2021-05-05,7.7155,7.9298,7.7155,7.8441,49091,175,7.8198224
ES0122060314,917454,FCC,EUR,2021-05-06,7.6155,7.987,7.6155,7.8727,55425,218,7.819108
ES0122060314,917454,FCC,EUR,2021-05-07,7.8298,7.9298,7.8012,7.9298,34924,87,7.8684016
ES0122060314,917454,FCC,EUR,2021-05-10,7.8584,8.0299,7.8155,8.0299,44707,213,7.9734184
ES0122060314,917454,FCC,EUR,2021-05-11,7.8727,7.9441,7.7441,7.787,49517,164,7.7998192
ES0122060314,917454,FCC,EUR,2021-05-12,7.6584,7.7298,7.3155,7.3869,364907,931,7.3997552
ES0122060314,917454,FCC,EUR,2021-05-13,7.3869,7.4583,7.3297,7.4583,57253,273,7.4111856
ES0122060314,917454,FCC,EUR,2021-05-14,7.3726,7.444,7.2869,7.3726,162425,591,7.3504616
ES0122060314,917454,FCC,EUR,2021-05-17,7.2869,7.344,7.0154,7.1583,208489,902,7.158288
ES0122060314,917454,FCC,EUR,2021-05-18,7.1583,7.3155,7.094,7.1297,234972,755,7.1804344
ES0122060314,917454,FCC,EUR,2021-05-19,7.0868,7.1869,6.944,7.094,271718,1051,7.0554144
ES0122060314,917454,FCC,EUR,2021-05-20,7.1083,7.2012,7.0154,7.094,210970,975,7.0732744
ES0122060314,917454,FCC,EUR,2021-05-21,7.144,7.144,6.9297,6.9583,329312,1216,6.9804024
ES0122060314,917454,FCC,EUR,2021-05-24,6.9011,7.044,6.7939,6.9297,352085,1058,6.904676
ES0122060314,917454,FCC,EUR,2021-05-25,6.894,7.2154,6.8797,7.2012,318199,1208,7.0818472
ES0122060314,917454,FCC,EUR,2021-05-26,7.2154,7.2154,6.8654,6.9725,833727,2589,6.9496832
ES0122060314,917454,FCC,EUR,2021-05-27,6.894,7.3155,6.894,7.1726,2774339,4142,7.144
ES0122060314,917454,FCC,EUR,2021-05-28,7.244,7.5298,7.2012,7.444,301272,714,7.4147576
ES0122060314,917454,FCC,EUR,2021-05-31,7.5298,7.5298,7.3726,7.3869,150475,281,7.4147576
ES0122060314,917454,FCC,EUR,2021-06-01,7.3583,7.5441,7.3583,7.5012,124757,346,7.4790536
ES0122060314,917454,FCC,EUR,2021-06-02,7.5012,7.5298,7.4012,7.444,62383,187,7.4590504
ES0122060314,917454,FCC,EUR,2021-06-03,7.4155,7.5012,7.4012,7.5012,96506,294,7.4497632
ES0122060314,917454,FCC,EUR,2021-06-04,7.5441,7.5726,7.4298,7.5441,91954,207,7.5133448
ES0122060314,917454,FCC,EUR,2021-06-07,7.5155,7.5441,7.4583,7.5298,46326,150,7.5197744
ES0122060314,917454,FCC,EUR,2021-06-08,7.5298,7.5584,7.4583,7.5298,92957,330,7.5076296
ES0122060314,917454,FCC,EUR,2021-06-09,7.5584,7.5584,7.4298,7.5155,72242,191,7.494056
ES0122060314,917454,FCC,EUR,2021-06-10,7.4583,7.5726,7.4583,7.5155,43832,116,7.5304904
ES0122060314,917454,FCC,EUR,2021-06-11,7.5012,7.5584,7.5012,7.5584,29806,107,7.5362056
ES0122060314,917454,FCC,EUR,2021-06-14,7.6298,7.6727,7.5298,7.6298,88425,254,7.619076
ES0122060314,917454,FCC,EUR,2021-06-15,7.6441,7.6441,7.5298,7.5726,49844,128,7.5747832
ES0122060314,917454,FCC,EUR,2021-06-16,7.5869,7.5869,7.4012,7.4583,35734,148,7.4754816
ES0122060314,917454,FCC,EUR,2021-06-17,7.4298,7.4298,7.2583,7.3012,114174,245,7.347604
ES0122060314,917454,FCC,EUR,2021-06-18,7.1869,7.2726,7.1583,7.2012,91563,161,7.2032952
ES0122060314,917454,FCC,EUR,2021-06-21,7.2154,7.2154,6.9297,7.094,119255,328,7.0647016
ES0122060314,917454,FCC,EUR,2021-06-22,7.0868,7.1583,7.0654,7.1083,51494,169,7.0925632
ES0122060314,917454,FCC,EUR,2021-06-23,7.2012,7.5584,7.0368,7.0583,50750,178,7.1768624
ES0122060314,917454,FCC,EUR,2021-06-24,7.4726,7.4726,7.1083,7.1297,31311,103,7.1497152
ES0122060314,917454,FCC,EUR,2021-06-25,7.144,7.3297,7.094,7.144,20534,85,7.1754336
ES0122060314,917454,FCC,EUR,2021-06-28,7.1154,7.144,7.0726,7.0868,46385,147,7.1089944
ES0122060314,917454,FCC,EUR,2021-06-29,7.0654,7.1297,6.994,6.994,41044,237,7.026124
ES0122060314,917454,FCC,EUR,2021-06-30,7.0797,7.1297,7.0011,7.0011,37269,173,7.026124
ES0122060314,917454,FCC,EUR,2021-07-01,7.1011,7.1154,6.9654,7.0368,49141,223,7.0668448
ES0122060314,917454,FCC,EUR,2021-07-02,7.0726,7.2726,7.044,7.2012,59007,313,7.169004
ES0122060314,917454,FCC,EUR,2021-07-05,7.144,7.3726,7.144,7.1869,42355,188,7.2204408
ES0122060314,917454,FCC,EUR,2021-07-06,7.0011,7.1011,6.6582,6.7725,275174,798,6.843952
ES0122060314,917454,FCC,EUR,2021-07-07,6.7868,6.9583,6.7868,6.8868,64899,249,6.8625264
ES0122060314,917454,FCC,EUR,2021-07-08,6.7868,7.0083,6.7296,6.8082,110788,384,6.7882288
ES0122060314,917454,FCC,EUR,2021-07-09,6.7939,6.9154,6.7154,6.9082,95193,296,6.8660984
ES0122060314,917454,FCC,EUR,2021-07-12,6.9082,6.9725,6.8225,6.8297,65247,264,6.8496672
ES0122060314,917454,FCC,EUR,2021-07-13,6.7939,6.8582,6.7868,6.7939,132546,228,6.8003736
ES0122060314,917454,FCC,EUR,2021-07-14,6.8797,6.8797,6.6225,6.6725,124839,365,6.7196464
ES0122060314,917454,FCC,EUR,2021-07-15,6.6082,6.6654,6.5439,6.6225,94347,508,6.6082
ES0122060314,917454,FCC,EUR,2021-07-16,6.551,6.6439,6.5153,6.5725,125894,274,6.5631928
ES0122060314,917454,FCC,EUR,2021-07-19,6.501,6.5725,6.351,6.5225,84546,277,6.4488888
ES0122060314,917454,FCC,EUR,2021-07-20,6.551,6.551,6.451,6.501,35884,179,6.4924672
ES0122060314,917454,FCC,EUR,2021-07-21,6.451,6.6939,6.451,6.6939,50302,243,6.6289176
ES0122060314,917454,FCC,EUR,2021-07-22,6.7654,6.7654,6.6296,6.6296,42241,292,6.7067872
ES0122060314,917454,FCC,EUR,2021-07-23,6.5582,6.6939,6.5582,6.6439,28128,153,6.6310608
ES0122060314,917454,FCC,EUR,2021-07-26,6.7868,6.7868,6.5796,6.6582,14605,117,6.6846408
ES0122060314,917454,FCC,EUR,2021-07-27,6.6868,6.7011,6.5725,6.5868,61229,134,6.5996272
ES0122060314,917454,FCC,EUR,2021-07-28,6.7154,6.8725,6.6725,6.8654,90590,340,6.8032312
ES0122060314,917454,FCC,EUR,2021-07-29,6.8582,6.9797,6.8582,6.9011,42064,213,6.9196784
ES0122060314,917454,FCC,EUR,2021-07-30,6.894,6.994,6.894,6.894,104692,254,6.936824
ES0122060314,917454,FCC,EUR,2021-08-02,6.894,7.0011,6.894,6.944,43471,176,6.9446824
ES0122060314,917454,FCC,EUR,2021-08-03,6.944,7.0226,6.894,6.9654,38458,171,6.9711152
ES0122060314,917454,FCC,EUR,2021-08-04,6.944,7.0011,6.894,6.9368,105681,179,6.922536
ES0122060314,917454,FCC,EUR,2021-08-05,6.8797,7.0368,6.8797,7.0154,49406,179,6.9503976
ES0122060314,917454,FCC,EUR,2021-08-06,6.9225,7.0583,6.8797,6.9725,42821,169,6.9739728
ES0122060314,917454,FCC,EUR,2021-08-09,6.9297,7.0011,6.8582,6.8582,14119,107,6.9568272
ES0122060314,917454,FCC,EUR,2021-08-10,6.8725,7.0083,6.8725,6.9725,25471,214,6.9661144
ES0122060314,917454,FCC,EUR,2021-08-11,7.044,7.044,6.9511,6.9583,41627,122,7.0039776
ES0122060314,917454,FCC,EUR,2021-08-12,6.9725,7.0583,6.9725,7.044,33106,166,7.0304104
ES0122060314,917454,FCC,EUR,2021-08-13,7.044,7.1226,6.9868,7.0726,74480,296,7.0825616
ES0122060314,917454,FCC,EUR,2021-08-16,7.1297,7.1369,6.9868,7.044,28996,163,7.0532712
ES0122060314,917454,FCC,EUR,2021-08-17,6.9797,7.1226,6.9797,7.0297,20772,135,7.0468416
ES0122060314,917454,FCC,EUR,2021-08-18,7.0511,7.0511,6.9583,6.9583,22525,110,6.993976
ES0122060314,917454,FCC,EUR,2021-08-19,6.9297,6.9368,6.6511,6.7154,113474,468,6.7775128
ES0122060314,917454,FCC,EUR,2021-08-20,6.6439,6.8868,6.6296,6.8511,62553,326,6.8003736
ES0122060314,917454,FCC,EUR,2021-08-23,7.0511,7.3155,6.994,7.3155,221434,748,7.2004376
ES0122060314,917454,FCC,EUR,2021-08-24,7.2869,7.6298,7.2869,7.6012,215244,1142,7.5169168
ES0122060314,917454,FCC,EUR,2021-08-25,7.6441,7.6727,7.4726,7.5726,137266,550,7.565496
ES0122060314,917454,FCC,EUR,2021-08-26,7.5012,7.6727,7.5012,7.6441,91224,485,7.6197904
ES0122060314,917454,FCC,EUR,2021-08-27,7.5012,7.6584,7.4726,7.4726,106924,616,7.5554944
ES0122060314,917454,FCC,EUR,2021-08-30,7.5012,7.6441,7.5012,7.6441,68570,391,7.6140752
ES0122060314,917454,FCC,EUR,2021-08-31,7.6584,7.8298,7.5798,7.7298,109717,392,7.7376664
ES0122060314,917454,FCC,EUR,2021-09-01,7.7584,7.8298,7.7155,7.7584,99882,464,7.7791016
ES0122060314,917454,FCC,EUR,2021-09-02,7.8012,7.9298,7.7298,7.9013,167376,529,7.8555424
ES0122060314,917454,FCC,EUR,2021-09-03,7.9298,8.1442,7.9156,8.0156,216871,774,8.0255696
ES0122060314,917454,FCC,EUR,2021-09-06,8.1299,8.1299,7.8584,8.0013,134476,437,7.9784192
ES0122060314,917454,FCC,EUR,2021-09-07,8.0441,8.187,8.0013,8.1442,162130,675,8.1070112
ES0122060314,917454,FCC,EUR,2021-09-08,8.0441,8.1727,7.987,8.1299,105811,541,8.0827216
ES0122060314,917454,FCC,EUR,2021-09-09,8.1442,8.2085,8.0299,8.087,135726,521,8.119156
ES0122060314,917454,FCC,EUR,2021-09-10,7.9156,8.1013,7.8441,7.8441,87203,353,7.92984
ES0122060314,917454,FCC,EUR,2021-09-13,7.787,8.1442,7.787,8.1156,94346,425,8.0327136
ES0122060314,917454,FCC,EUR,2021-09-14,8.0299,8.1156,7.8298,8.0156,77898,397,8.0091384
ES0122060314,917454,FCC,EUR,2021-09-15,8.1156,8.1442,7.8727,7.8727,97162,377,7.9412704
ES0122060314,917454,FCC,EUR,2021-09-16,7.9013,8.0013,7.8155,7.887,169959,715,7.915552
ES0122060314,917454,FCC,EUR,2021-09-17,7.887,8.0727,7.887,7.9013,1398211,705,7.9126944
ES0122060314,917454,FCC,EUR,2021-09-20,7.7727,8.0156,7.6441,7.7727,87730,345,7.7562408
ES0122060314,917454,FCC,EUR,2021-09-21,7.5584,7.8155,7.5584,7.6727,86811,434,7.6898016
ES0122060314,917454,FCC,EUR,2021-09-22,7.7155,7.8155,7.7012,7.7584,59566,258,7.7526688
ES0122060314,917454,FCC,EUR,2021-09-23,7.7298,7.8727,7.6441,7.6727,59137,241,7.7112336
ES0122060314,917454,FCC,EUR,2021-09-24,7.7155,7.7155,7.4583,7.4726,79132,438,7.5319192
ES0122060314,917454,FCC,EUR,2021-09-27,7.5155,7.7441,7.5155,7.7012,40761,206,7.6669408
ES0122060314,917454,FCC,EUR,2021-09-28,7.6012,7.7727,7.5012,7.6441,205646,637,7.6176472
ES0122060314,917454,FCC,EUR,2021-09-29,7.5441,7.8298,7.5441,7.7155,85680,265,7.7219496
ES0122060314,917454,FCC,EUR,2021-09-30,7.787,7.787,7.4869,7.4869,86381,304,7.6197904
ES0122060314,917454,FCC,EUR,2021-10-01,7.5012,7.6298,7.4726,7.5869,34468,164,7.5383488
ES0122060314,917454,FCC,EUR,2021-10-04,7.5298,7.6584,7.4726,7.4869,88569,392,7.5776408
ES0122060314,917454,FCC,EUR,2021-10-05,7.4726,7.5584,7.4298,7.5584,32950,207,7.4919128
ES0122060314,917454,FCC,EUR,2021-10-06,7.444,7.4869,7.3155,7.4012,74972,311,7.419044
ES0122060314,917454,FCC,EUR,2021-10-07,7.4298,7.5726,7.344,7.5012,36010,215,7.5004856
ES0122060314,917454,FCC,EUR,2021-10-08,7.3583,7.7441,7.3583,7.6298,84851,611,7.647652
ES0122060314,917454,FCC,EUR,2021-10-11,7.6298,8.1513,7.6298,8.0441,220550,1039,7.9934216
ES0122060314,917454,FCC,EUR,2021-10-12,7.8298,8.1442,7.8298,8.0584,54825,303,8.079864
ES0122060314,917454,FCC,EUR,2021-10-13,8.087,8.1156,7.9156,7.9727,57024,381,8.026284
ES0122060314,917454,FCC,EUR,2021-10-14,8.0013,8.0727,7.9441,7.9441,82039,392,7.9991368
ES0122060314,917454,FCC,EUR,2021-10-15,7.7298,8.0584,7.7298,7.9441,281919,310,7.9462712
ES0122060314,917454,FCC,EUR,2021-10-18,7.9441,8.1156,7.9013,7.9584,101966,351,7.9891352
ES0122060314,917454,FCC,EUR,2021-10-19,8.0727,8.0727,7.9298,8.0441,17038,127,8.0127104
ES0122060314,917454,FCC,EUR,2021-10-20,7.9156,8.1156,7.9156,7.9727,35898,239,8.0091384
ES0122060314,917454,FCC,EUR,2021-10-21,7.9727,8.0584,7.9013,7.9013,99843,285,7.9819912
ES0122060314,917454,FCC,EUR,2021-10-22,7.887,8.0584,7.887,7.9441,67673,280,7.9705608
ES0122060314,917454,FCC,EUR,2021-10-25,7.8727,8.087,7.8727,8.0441,37977,171,7.979848
ES0122060314,917454,FCC,EUR,2021-10-26,8.0584,8.0727,7.887,8.0299,48576,199,8.0312848
ES0122060314,917454,FCC,EUR,2021-10-27,7.987,8.0299,7.7298,7.9584,41738,190,7.9769904
ES0122060314,917454,FCC,EUR,2021-10-28,7.7155,7.9584,7.7155,7.8298,51927,213,7.9105512
ES0122060314,917454,FCC,EUR,2021-10-29,7.7155,8.0156,7.7155,7.8584,51602,317,7.8755456
ES0122060314,917454,FCC,EUR,2021-11-01,7.8727,8.0441,7.8727,7.987,54875,274,8.0005656
ES0122060314,917454,FCC,EUR,2021-11-02,8.0727,8.0727,7.8584,8.0156,99494,442,8.004852
ES0122060314,917454,FCC,EUR,2021-11-03,7.9727,8.0013,7.9013,7.9013,23784,150,7.9398416
ES0122060314,917454,FCC,EUR,2021-11-04,7.887,7.9584,7.8155,7.8155,77830,256,7.854828
ES0122060314,917454,FCC,EUR,2021-11-05,7.7441,7.9441,7.7441,7.9298,99489,326,7.8755456
ES0122060314,917454,FCC,EUR,2021-11-08,7.8727,8.1156,7.8727,8.0727,71346,275,8.0312848
ES0122060314,917454,FCC,EUR,2021-11-09,7.8012,8.0441,7.8012,7.9013,29220,184,7.9648456
ES0122060314,917454,FCC,EUR,2021-11-10,7.8155,7.9727,7.8155,7.887,61180,223,7.8919768
ES0122060314,917454,FCC,EUR,2021-11-11,7.9441,7.9584,7.8155,7.9156,18849,113,7.9098368
ES0122060314,917454,FCC,EUR,2021-11-12,7.887,7.9156,7.7584,7.7584,16471,100,7.8433976
ES0122060314,917454,FCC,EUR,2021-11-15,7.8441,7.9584,7.8012,7.9584,37676,125,7.8826896
ES0122060314,917454,FCC,EUR,2021-11-16,7.8298,8.0013,7.8298,7.9584,27743,177,7.9577016
ES0122060314,917454,FCC,EUR,2021-11-17,7.8584,7.9727,7.787,7.787,61352,264,7.8341104
ES0122060314,917454,FCC,EUR,2021-11-18,7.8012,7.8155,7.6441,7.6727,60130,190,7.7505256
ES0122060314,917454,FCC,EUR,2021-11-19,7.6727,7.6727,7.5012,7.5584,39377,156,7.6062168
ES0122060314,917454,FCC,EUR,2021-11-22,7.5298,7.7298,7.5298,7.6727,20978,158,7.6419368
ES0122060314,917454,FCC,EUR,2021-11-23,7.5726,7.6869,7.5441,7.5441,10410,85,7.5847848
ES0122060314,917454,FCC,EUR,2021-11-24,7.5298,7.6869,7.5298,7.6869,31388,171,7.6533672
ES0122060314,917454,FCC,EUR,2021-11-25,7.7441,7.7441,7.5298,7.5298,25281,143,7.6033592
ES0122060314,917454,FCC,EUR,2021-11-26,7.5012,7.6441,7.0011,7.0011,129286,403,7.3447464
ES0122060314,917454,FCC,EUR,2021-11-29,7.0297,7.3155,7.0297,7.1369,85950,330,7.1640032
ES0122060314,917454,FCC,EUR,2021-11-30,7.144,7.144,6.9654,7.044,143475,551,7.0411264
ES0122060314,917454,FCC,EUR,2021-12-01,7.044,7.2583,7.044,7.2012,71219,172,7.1640032
ES0122060314,917454,FCC,EUR,2021-12-02,7.0226,7.344,7.0226,7.2154,175064,484,7.2175832
ES0122060314,917454,FCC,EUR,2021-12-03,7.3583,7.4298,7.1154,7.1726,37714,124,7.265448
ES0122060314,917454,FCC,EUR,2021-12-06,7.344,7.5298,7.2154,7.4012,34615,129,7.3468896
ES0122060314,917454,FCC,EUR,2021-12-07,7.2726,7.7155,7.2726,7.6012,57912,218,7.5462072
ES0122060314,917454,FCC,EUR,2021-12-08,7.5012,7.8298,7.4155,7.6441,67032,220,7.6105032
ES0122060314,917454,FCC,EUR,2021-12-09,7.6441,7.7298,7.5441,7.6727,60963,230,7.6540816
ES0122060314,917454,FCC,EUR,2021-12-10,7.6298,7.7584,7.6155,7.6155,33192,198,7.6876584
ES0122060314,917454,FCC,EUR,2021-12-13,7.6441,7.7155,7.5441,7.5441,56164,239,7.6233624
ES0122060314,917454,FCC,EUR,2021-12-14,7.5012,7.7441,7.5012,7.5298,39409,182,7.6290776
ES0122060314,917454,FCC,EUR,2021-12-15,7.787,7.787,7.3869,7.4155,8365,79,7.4997712
ES0122060314,917454,FCC,EUR,2021-12-16,7.3869,7.5869,7.3869,7.4726,26066,97,7.48334
ES0122060314,917454,FCC,EUR,2021-12-17,7.4012,7.5012,7.3155,7.3155,32628,141,7.37618
ES0122060314,917454,FCC,EUR,2021-12-20,7.2012,7.444,7.1869,7.2297,46027,193,7.3097408
ES0122060314,917454,FCC,EUR,2021-12-21,7.2012,7.5155,7.2012,7.3726,62479,260,7.3747512
ES0122060314,917454,FCC,EUR,2021-12-22,7.3012,7.6298,7.3012,7.6012,73804,183,7.4854832
ES0122060314,917454,FCC,EUR,2021-12-23,7.444,7.787,7.444,7.6584,94832,306,7.6433656
ES0122060314,917454,FCC,EUR,2021-12-27,7.5441,7.787,7.5441,7.7727,92630,254,7.7176632
ES0122060314,917454,FCC,EUR,2021-12-28,7.4726,7.8584,7.4726,7.8298,81227,215,7.7783872
ES0122060314,917454,FCC,EUR,2021-12-29,7.787,7.9584,7.7584,7.887,88211,258,7.8669728
ES0122060314,917454,FCC,EUR,2021-12-30,7.8012,8.0156,7.7298,7.9156,124711,403,7.87626
ES0122060314,917454,FCC,EUR,2022-01-03,7.8298,8.0299,7.8298,7.9156,33043,166,7.926268
ES0122060314,917454,FCC,EUR,2022-01-04,7.9156,8.0156,7.8012,7.8012,111023,444,7.8848328
ES0122060314,917454,FCC,EUR,2022-01-05,7.787,8.0299,7.787,7.987,57388,228,7.9398416
ES0122060314,917454,FCC,EUR,2022-01-06,7.8012,7.987,7.787,7.9584,34203,149,7.9112656
ES0122060314,917454,FCC,EUR,2022-01-07,7.8584,7.987,7.7012,7.7441,61804,262,7.8233944
ES0122060314,917454,FCC,EUR,2022-01-10,7.7012,7.8584,7.6727,7.8584,109435,476,7.7819592
ES0122060314,917454,FCC,EUR,2022-01-11,7.787,7.9584,7.787,7.8298,229913,1183,7.865544
ES0122060314,917454,FCC,EUR,2022-01-12,7.8012,7.9441,7.6869,7.7441,100541,309,7.8069632
ES0122060314,917454,FCC,EUR,2022-01-13,7.6584,7.8584,7.6584,7.7441,34924,174,7.7819592
ES0122060314,917454,FCC,EUR,2022-01-14,7.7584,7.7584,7.6012,7.6727,55589,310,7.6776568
ES0122060314,917454,FCC,EUR,2022-01-17,7.6441,7.8298,7.6441,7.8155,70867,299,7.7355232
ES0122060314,917454,FCC,EUR,2022-01-18,7.7584,7.8584,7.6584,7.6584,91972,389,7.7355232
ES0122060314,917454,FCC,EUR,2022-01-19,7.6727,7.787,7.5726,7.5726,94223,317,7.6562248
ES0122060314,917454,FCC,EUR,2022-01-20,7.6727,7.6727,7.5012,7.5012,51290,222,7.558352
ES0122060314,917454,FCC,EUR,2022-01-21,7.4298,7.4869,7.344,7.3583,154843,446,7.4126144
ES0122060314,917454,FCC,EUR,2022-01-24,7.5155,7.5155,7.0726,7.0797,97211,326,7.211868
ES0122060314,917454,FCC,EUR,2022-01-25,7.1369,7.3012,7.1226,7.244,192204,765,7.2111536
ES0122060314,917454,FCC,EUR,2022-01-26,7.1869,7.5298,7.1869,7.3869,135068,585,7.4068992
ES0122060314,917454,FCC,EUR,2022-01-27,7.2726,7.6584,7.2726,7.6298,231035,946,7.4969136
ES0122060314,917454,FCC,EUR,2022-01-28,7.4726,7.6155,7.3583,7.5155,49244,229,7.48334
ES0122060314,917454,FCC,EUR,2022-01-31,7.4583,7.6298,7.4583,7.6298,130537,429,7.5769264
ES0122060314,917454,FCC,EUR,2022-02-01,7.6441,7.7584,7.5298,7.5298,90814,189,7.6247912
ES0122060314,917454,FCC,EUR,2022-02-02,7.5155,7.7727,7.5155,7.6727,36826,178,7.6740848
ES0122060314,917454,FCC,EUR,2022-02-03,7.7441,7.7584,7.6441,7.6727,101877,256,7.6933736
ES0122060314,917454,FCC,EUR,2022-02-04,7.5869,7.7298,7.444,7.4583,154794,300,7.6105032
ES0122060314,917454,FCC,EUR,2022-02-07,7.6584,7.6584,7.4012,7.4869,54220,191,7.4804824
ES0122060314,917454,FCC,EUR,2022-02-08,7.4012,7.6727,7.4012,7.5584,57602,253,7.5876424
ES0122060314,917454,FCC,EUR,2022-02-09,7.5012,7.7584,7.5012,7.7155,67364,221,7.6890872
ES0122060314,917454,FCC,EUR,2022-02-10,7.6727,7.9441,7.6727,7.9013,141215,302,7.8526848
ES0122060314,917454,FCC,EUR,2022-02-11,7.887,7.9441,7.8441,7.9298,63149,207,7.8948344
ES0122060314,917454,FCC,EUR,2022-02-14,7.8441,7.8441,7.6298,7.6869,143320,497,7.75124
ES0122060314,917454,FCC,EUR,2022-02-15,7.7727,7.8584,7.7155,7.787,93405,232,7.7912464
ES0122060314,917454,FCC,EUR,2022-02-16,7.8441,7.9156,7.6727,7.7155,42179,135,7.80482
ES0122060314,917454,FCC,EUR,2022-02-17,7.6727,7.7155,7.6012,7.6441,12061,60,7.64408
ES0122060314,917454,FCC,EUR,2022-02-18,7.5155,7.6869,7.4012,7.5726,49076,209,7.5554944
ES0122060314,917454,FCC,EUR,2022-02-21,7.4583,7.6012,7.4155,7.444,49260,221,7.4540496
ES0122060314,917454,FCC,EUR,2022-02-22,7.4012,7.444,7.2726,7.3012,82054,205,7.3518904
ES0122060314,917454,FCC,EUR,2022-02-23,7.3012,7.444,7.3012,7.4012,73682,287,7.3768944
ES0122060314,917454,FCC,EUR,2022-02-24,7.2726,7.3297,7.0368,7.3012,135480,429,7.1882928
ES0122060314,917454,FCC,EUR,2022-02-25,7.1726,7.6441,7.1726,7.5012,69847,222,7.4804824
ES0122060314,917454,FCC,EUR,2022-02-28,7.4012,7.5012,7.2583,7.3012,62026,209,7.3597488
ES0122060314,917454,FCC,EUR,2022-03-01,7.2726,7.4298,7.094,7.094,98017,309,7.1954368
ES0122060314,917454,FCC,EUR,2022-03-02,7.0011,7.2583,7.0011,7.1583,97375,379,7.1204248
ES0122060314,917454,FCC,EUR,2022-03-03,7.1154,7.2583,6.894,6.894,214454,527,7.1018504
ES0122060314,917454,FCC,EUR,2022-03-04,6.8868,6.8868,6.6225,6.844,201098,589,6.7646536
ES0122060314,917454,FCC,EUR,2022-03-07,6.4939,6.7439,6.4296,6.7154,237371,652,6.6553504
ES0122060314,917454,FCC,EUR,2022-03-08,6.5725,6.9654,6.5725,6.9082,246394,567,6.8703848
ES0122060314,917454,FCC,EUR,2022-03-09,6.7797,7.1726,6.7797,6.9511,136202,356,6.9711152
ES0122060314,917454,FCC,EUR,2022-03-10,7.0583,7.0583,7.0011,7.0297,12462,35,7.0182656
ES0122060314,917454,FCC,EUR,2022-03-11,7.1297,7.244,7.0511,7.2154,248398,420,7.1697184
ES0122060314,917454,FCC,EUR,2022-03-14,7.0726,7.3583,7.0726,7.2726,54248,181,7.2518744
ES0122060314,917454,FCC,EUR,2022-03-15,7.2869,7.344,7.1869,7.3155,87809,190,7.2818792
ES0122060314,917454,FCC,EUR,2022-03-16,7.3297,7.4298,7.3012,7.3155,44442,124,7.3354592
ES0122060314,917454,FCC,EUR,2022-03-17,7.4155,7.4155,7.2583,7.3583,51945,153,7.329744
ES0122060314,917454,FCC,EUR,2022-03-18,7.4298,7.6584,7.3726,7.6584,106822,170,7.5497792
ES0122060314,917454,FCC,EUR,2022-03-21,7.444,7.7012,7.444,7.6155,106636,387,7.5962152
ES0122060314,917454,FCC,EUR,2022-03-22,7.6727,7.7584,7.5869,7.7298,47957,159,7.6948024
ES0122060314,917454,FCC,EUR,2022-03-23,7.7155,7.8298,7.6298,7.7441,90509,203,7.7219496
ES0122060314,917454,FCC,EUR,2022-03-24,7.7155,7.7727,7.6298,7.6869,38787,188,7.708376
ES0122060314,917454,FCC,EUR,2022-03-25,7.7441,7.7727,7.6441,7.7584,71840,196,7.7183776
ES0122060314,917454,FCC,EUR,2022-03-28,7.787,7.9013,7.7441,7.8012,81152,229,7.8133928
ES0122060314,917454,FCC,EUR,2022-03-29,7.8584,7.9013,7.8155,7.8298,77882,195,7.8648296
ES0122060314,917454,FCC,EUR,2022-03-30,7.8584,7.9156,7.8155,7.9013,71738,166,7.865544
ES0122060314,917454,FCC,EUR,2022-03-31,7.9013,7.9013,7.7155,7.7584,38359,174,7.8076776
ES0122060314,917454,FCC,EUR,2022-04-01,7.8298,8.0156,7.8012,7.8012,74959,260,7.9112656
ES0122060314,917454,FCC,EUR,2022-04-04,7.8584,7.8584,7.7012,7.7441,24805,147,7.7640992
ES0122060314,917454,FCC,EUR,2022-04-05,7.7298,7.8298,7.6727,7.8012,53478,170,7.7462392
ES0122060314,917454,FCC,EUR,2022-04-06,7.887,7.887,7.6012,7.6727,50698,159,7.69766
ES0122060314,917454,FCC,EUR,2022-04-07,7.5012,7.787,7.5012,7.7441,33582,133,7.736952
ES0122060314,917454,FCC,EUR,2022-04-08,7.787,7.8584,7.6584,7.787,36853,147,7.8055344
ES0122060314,917454,FCC,EUR,2022-04-11,7.887,7.9156,7.8298,7.9156,46669,158,7.8776888
ES0122060314,917454,FCC,EUR,2022-04-12,7.7441,8.0299,7.7441,8.0299,160909,547,7.9498432
ES0122060314,917454,FCC,EUR,2022-04-13,7.9298,7.987,7.8441,7.8727,46303,189,7.8934056
ES0122060314,917454,FCC,EUR,2022-04-14,8.0156,8.187,7.9441,8.0441,89263,287,8.0784352
ES0122060314,917454,FCC,EUR,2022-04-19,8.0441,8.0441,7.8727,7.8727,80975,334,7.9419848
ES0122060314,917454,FCC,EUR,2022-04-20,8.1299,8.1299,7.8155,7.9156,178527,648,7.9069792
ES0122060314,917454,FCC,EUR,2022-04-21,8.1013,8.1013,7.8155,8.0299,139174,421,7.8948344
ES0122060314,917454,FCC,EUR,2022-04-22,8.0584,8.0727,7.8584,7.9298,163750,270,7.9348408
ES0122060314,917454,FCC,EUR,2022-04-25,7.8155,7.9156,7.6155,7.7727,69013,310,7.7430244
ES0122060314,917454,FCC,EUR,2022-04-26,7.8012,7.8155,7.7012,7.7441,55468,290,7.7676712
ES0122060314,917454,FCC,EUR,2022-04-27,7.8727,7.887,7.7298,7.8727,54287,247,7.8366108
ES0122060314,917454,FCC,EUR,2022-04-28,7.7727,7.9584,7.7727,7.8012,62038,252,7.8573284
ES0122060314,917454,FCC,EUR,2022-04-29,7.7727,7.9156,7.7441,7.787,55243,223,7.7966044
ES0122060314,917454,FCC,EUR,2022-05-02,7.7298,7.8298,7.6869,7.787,52809,189,7.7626704
ES0122060314,917454,FCC,EUR,2022-05-03,7.8012,7.8727,7.7584,7.8012,23419,105,7.806606
ES0122060314,917454,FCC,EUR,2022-05-04,7.7298,7.8298,7.7298,7.8298,7532,70,7.78696
ES0122060314,917454,FCC,EUR,2022-05-05,7.8012,7.887,7.7727,7.887,62376,280,7.8451836
ES0122060314,917454,FCC,EUR,2022-05-06,7.7298,7.8441,7.7155,7.787,28758,142,7.772672
ES0122060314,917454,FCC,EUR,2022-05-09,7.6298,7.9156,7.6298,7.787,91779,319,7.7898176
ES0122060314,917454,FCC,EUR,2022-05-10,7.7012,7.9156,7.6441,7.6441,76301,440,7.8487556
ES0122060314,917454,FCC,EUR,2022-05-11,7.6441,7.9156,7.6441,7.9156,31815,141,7.8144644
ES0122060314,917454,FCC,EUR,2022-05-12,7.6727,7.8441,7.6727,7.8441,38839,201,7.7630276
ES0122060314,917454,FCC,EUR,2022-05-13,7.787,7.9156,7.7727,7.7727,48262,241,7.8487556
ES0122060314,917454,FCC,EUR,2022-05-16,7.7584,7.987,7.7298,7.8012,60270,269,7.88519
ES0122060314,917454,FCC,EUR,2022-05-17,7.8441,8.0441,7.8441,7.9584,44645,144,8.0105672
ES0122060314,917454,FCC,EUR,2022-05-18,7.8441,8.1299,7.8441,8.1299,76233,183,8.0616468
ES0122060314,917454,FCC,EUR,2022-05-19,7.9013,8.1013,7.8441,7.9584,56896,267,7.9359124
ES0122060314,917454,FCC,EUR,2022-05-20,8.0441,8.1013,7.9441,8.0441,45972,242,8.0312848
ES0122060314,917454,FCC,EUR,2022-05-23,7.9156,8.0584,7.9084,7.9441,42066,216,7.9594876
ES0122060314,917454,FCC,EUR,2022-05-24,7.9298,7.9727,7.8727,7.887,79675,398,7.917338
ES0122060314,917454,FCC,EUR,2022-05-25,7.9584,7.9727,7.8441,7.9298,104969,230,7.9466284
ES0122060314,917454,FCC,EUR,2022-05-26,7.9727,8.087,7.9584,8.0727,77900,212,8.015568
ES0122060314,917454,FCC,EUR,2022-05-27,8.0727,8.087,7.9584,8.0013,63687,198,8.0319992
ES0122060314,917454,FCC,EUR,2022-05-30,8.087,8.1299,8.0299,8.1299,28388,117,8.0927232
ES0122060314,917454,FCC,EUR,2022-05-31,8.0584,8.087,7.987,8.0299,26865,121,8.0348568
ES0122060314,917454,FCC,EUR,2022-06-01,8.0584,8.1156,7.9584,7.9584,23930,123,8.0430724
ES0122060314,917454,FCC,EUR,2022-06-02,7.9727,8.1013,7.9013,8.0584,31931,116,8.0116388
ES0122060314,917454,FCC,EUR,2022-06-03,8.087,8.1299,7.8441,8.0727,53367,192,8.0169968
ES0122060314,917454,FCC,EUR,2022-06-06,7.987,8.1013,7.9727,8.0156,38881,139,8.0255696
ES0122060314,917454,FCC,EUR,2022-06-07,7.987,8.1584,7.987,8.1442,47165,198,8.1220136
ES0122060314,917454,FCC,EUR,2022-06-08,7.987,8.1584,7.987,8.1442,33323,189,8.0884368
ES0122060314,917454,FCC,EUR,2022-06-09,8.1442,8.1442,7.987,8.087,62600,239,8.0487876
ES0122060314,917454,FCC,EUR,2022-06-10,7.9584,8.0013,7.7727,7.887,53079,152,7.8776888
ES0122060314,917454,FCC,EUR,2022-06-13,7.7441,7.7441,7.5726,7.6012,39997,138,7.6401508
ES0122060314,917454,FCC,EUR,2022-06-14,7.5155,7.6727,7.3726,7.3726,84718,258,7.5372772
ES0122060314,917454,FCC,EUR,2022-06-15,7.4012,7.5012,7.3583,7.3869,49286,218,7.4144004
ES0122060314,917454,FCC,EUR,2022-06-16,7.4869,7.5726,7.3583,7.5155,69888,331,7.4754816
ES0122060314,917454,FCC,EUR,2022-06-17,7.4298,7.5298,7.1726,7.1726,112557,346,7.2972388
ES0122060314,917454,FCC,EUR,2022-06-20,7.0368,7.0797,6.9011,7.0011,92199,382,6.997548
ES0122060314,917454,FCC,EUR,2022-06-21,6.9725,7.0583,6.8511,6.8511,102357,375,6.9507548
ES0122060314,917454,FCC,EUR,2022-06-22,6.8511,6.8725,6.7868,6.8154,103653,271,6.8182336
ES0122060314,917454,FCC,EUR,2022-06-23,6.8154,6.8654,6.7296,6.8082,58906,182,6.7978732
ES0122060314,917454,FCC,EUR,2022-06-24,6.9583,6.9583,6.8011,6.8511,53912,227,6.8343076
ES0122060314,917454,FCC,EUR,2022-06-27,6.9297,6.9654,6.7939,6.8797,53810,222,6.8811008
ES0122060314,917454,FCC,EUR,2022-06-28,6.994,7.0583,6.9011,6.9368,52576,189,6.9914756
ES0122060314,917454,FCC,EUR,2022-06-29,6.9583,6.9654,6.8297,6.8297,34839,261,6.8782432
ES0122060314,917454,FCC,EUR,2022-06-30,6.8725,6.8725,6.6582,6.7368,58611,243,6.7442932
ES0122060314,917454,FCC,EUR,2022-07-01,6.7654,6.8297,6.6939,6.7797,58334,268,6.7621532
ES0122060314,917454,FCC,EUR,2022-07-04,6.8511,6.8511,6.6939,6.8154,43596,274,6.7664396
ES0122060314,917454,FCC,EUR,2022-07-05,6.994,6.994,6.5653,6.5653,55870,236,6.7592956
ES0122060314,917454,FCC,EUR,2022-07-06,6.5868,6.7082,6.5868,6.6725,69671,225,6.6674952
ES0122060314,917454,FCC,EUR,2022-07-07,6.7154,6.9011,6.7154,6.844,33685,163,6.8250204
ES0122060314,917454,FCC,EUR,2022-07-08,6.8582,6.9868,6.7868,6.9654,36157,161,6.9214644
ES0122060314,917454,FCC,EUR,2022-07-11,6.9654,6.9654,6.7154,6.7725,87229,182,6.7821564
ES0122060314,917454,FCC,EUR,2022-07-12,6.7154,6.9082,6.7154,6.8868,27841,152,6.7868
ES0122060314,917454,FCC,EUR,2022-07-13,6.8297,6.8297,6.6582,6.7511,42110,183,6.7410784
ES0122060314,917454,FCC,EUR,2022-07-14,6.6511,6.6654,6.6082,6.6439,32001,101,6.642134
ES0122060314,917454,FCC,EUR,2022-07-15,6.6439,6.8225,6.6439,6.8225,10804,66,6.7110736
ES0122060314,917454,FCC,EUR,2022-07-18,6.7868,6.7868,6.6725,6.7225,49386,260,6.7264332
ES0122060314,917454,FCC,EUR,2022-07-19,6.6582,6.8725,6.6582,6.8011,29738,145,6.7853712
ES0122060314,917454,FCC,EUR,2022-07-20,6.9868,6.9868,6.7511,6.7511,22313,114,6.8075176
ES0122060314,917454,FCC,EUR,2022-07-21,6.6582,6.7868,6.6582,6.7654,16136,104,6.7317912
ES0122060314,917454,FCC,EUR,2022-07-22,6.7154,6.8225,6.7011,6.8225,13615,104,6.7585812
ES0122060314,917454,FCC,EUR,2022-07-25,6.9154,6.9368,6.8011,6.9368,24732,189,6.879672
ES0122060314,917454,FCC,EUR,2022-07-26,6.9511,6.9797,6.894,6.9797,33975,153,6.9532552
ES0122060314,917454,FCC,EUR,2022-07-27,6.7296,6.944,6.7296,6.9154,23871,120,6.8953888
ES0122060314,917454,FCC,EUR,2022-07-28,6.7296,6.9154,6.7296,6.9154,27789,118,6.8639552
ES0122060314,917454,FCC,EUR,2022-07-29,6.9654,7.1226,6.8582,6.9082,42033,220,6.9407532
ES0122060314,917454,FCC,EUR,2022-08-01,6.7011,6.9368,6.7011,6.7939,54455,284,6.8114468
ES0122060314,917454,FCC,EUR,2022-08-02,6.7225,6.8904,6.6582,6.7225,29503,171,6.7178604
ES0122060314,917454,FCC,EUR,2022-08-03,6.6868,6.7439,6.6082,6.6082,74791,261,6.6692812
ES0122060314,917454,FCC,EUR,2022-08-04,6.6225,6.7011,6.6082,6.6153,37070,167,6.6378476
ES0122060314,917454,FCC,EUR,2022-08-05,6.6153,6.6296,6.5368,6.551,59867,207,6.5735516
ES0122060314,917454,FCC,EUR,2022-08-08,6.6368,6.6582,6.5868,6.6225,55940,174,6.6089144
ES0122060314,917454,FCC,EUR,2022-08-09,6.5153,6.6296,6.4868,6.5725,94385,365,6.54569
ES0122060314,917454,FCC,EUR,2022-08-10,6.5153,6.6225,6.5153,6.5653,75352,320,6.5631928
ES0122060314,917454,FCC,EUR,2022-08-11,6.5082,6.5582,6.3724,6.3939,210904,760,6.4274568
ES0122060314,917454,FCC,EUR,2022-08-12,6.4225,6.5868,6.4225,6.4439,122707,458,6.4985396
ES0122060314,917454,FCC,EUR,2022-08-15,6.4939,6.4939,6.3367,6.3653,81166,303,6.3899508
ES0122060314,917454,FCC,EUR,2022-08-16,6.3939,6.5725,6.3939,6.5582,125572,413,6.504612
ES0122060314,917454,FCC,EUR,2022-08-17,6.5868,6.6153,6.5475,6.6153,68922,248,6.5878396
ES0122060314,917454,FCC,EUR,2022-08-18,6.7225,6.7225,6.5439,6.6725,23972,161,6.6567792
ES0122060314,917454,FCC,EUR,2022-08-19,6.6225,6.6654,6.5296,6.5296,46703,197,6.5999844
ES0122060314,917454,FCC,EUR,2022-08-22,6.5439,6.6082,6.501,6.5439,37183,182,6.5417608
ES0122060314,917454,FCC,EUR,2022-08-23,6.5653,6.5653,6.4653,6.5368,39904,147,6.5096128
ES0122060314,917454,FCC,EUR,2022-08-24,6.4653,6.5153,6.4653,6.5153,21665,125,6.4946104
ES0122060314,917454,FCC,EUR,2022-08-25,6.5939,6.5939,6.4725,6.4725,29902,133,6.5253296
ES0122060314,917454,FCC,EUR,2022-08-26,6.5082,6.5082,6.4439,6.451,40747,184,6.4642484
ES0122060314,917454,FCC,EUR,2022-08-29,6.5939,6.6296,6.3653,6.6296,81098,221,6.4967536
ES0122060314,917454,FCC,EUR,2022-08-30,6.7511,6.7511,6.3867,6.3867,61089,350,6.472464
ES0122060314,917454,FCC,EUR,2022-08-31,6.4939,6.4939,6.3939,6.3939,57067,229,6.4296
ES0122060314,917454,FCC,EUR,2022-09-01,6.5368,6.5368,6.3439,6.3439,60274,222,6.3845928
ES0122060314,917454,FCC,EUR,2022-09-02,6.3582,6.4725,6.351,6.4725,24827,145,6.3995952
ES0122060314,917454,FCC,EUR,2022-09-05,6.3439,6.4367,6.3439,6.4082,32999,218,6.3888792
ES0122060314,917454,FCC,EUR,2022-09-06,6.3796,6.4653,6.3796,6.4582,29168,150,6.4506748
ES0122060314,917454,FCC,EUR,2022-09-07,6.5582,6.5582,6.451,6.4939,26546,138,6.468892
ES0122060314,917454,FCC,EUR,2022-09-08,6.5368,6.5582,6.451,6.4939,23001,108,6.4967536
ES0122060314,917454,FCC,EUR,2022-09-09,6.4939,6.5725,6.4725,6.5225,48797,230,6.5131848
ES0122060314,917454,FCC,EUR,2022-09-12,6.3939,6.6868,6.3939,6.6725,63659,252,6.6110576
ES0122060314,917454,FCC,EUR,2022-09-13,6.7439,6.7439,6.5368,6.5796,30677,190,6.5931976
ES0122060314,917454,FCC,EUR,2022-09-14,6.5296,6.6082,6.4868,6.6082,36808,205,6.5467616
ES0122060314,917454,FCC,EUR,2022-09-15,6.6439,6.6439,6.551,6.6296,28510,180,6.5981984
ES0122060314,917454,FCC,EUR,2022-09-16,6.4939,6.6654,6.4582,6.6654,38400,163,6.6053424
ES0122060314,917454,FCC,EUR,2022-09-19,6.4939,6.5368,6.3724,6.4939,39959,190,6.4685348
ES0122060314,917454,FCC,EUR,2022-09-20,6.4725,6.501,6.3582,6.3653,28791,189,6.4056676
ES0122060314,917454,FCC,EUR,2022-09-21,6.3582,6.3867,6.3224,6.351,59372,196,6.342086
ES0122060314,917454,FCC,EUR,2022-09-22,6.3224,6.3403,6.2153,6.251,52185,217,6.272432
ES0122060314,917454,FCC,EUR,2022-09-23,6.251,6.251,5.8867,6.1796,142411,450,6.0763292
ES0122060314,917454,FCC,EUR,2022-09-26,6.301,6.301,5.8366,5.9152,111350,543,5.9105884
ES0122060314,917454,FCC,EUR,2022-09-27,5.9724,5.9724,5.7581,5.8295,99871,368,5.8452208
ES0122060314,917454,FCC,EUR,2022-09-28,5.7223,5.8438,5.7152,5.8152,82487,373,5.7873544
ES0122060314,917454,FCC,EUR,2022-09-29,5.7652,5.8438,5.6795,5.8295,64813,292,5.772352
ES0122060314,917454,FCC,EUR,2022-09-30,5.8581,5.9438,5.7866,5.9224,68719,304,5.8477212
ES0122060314,917454,FCC,EUR,2022-10-03,5.7366,5.9581,5.7295,5.951,26240,176,5.8980864
ES0122060314,917454,FCC,EUR,2022-10-04,6.0152,6.0188,5.8795,5.9724,73079,258,5.9548812
ES0122060314,917454,FCC,EUR,2022-10-05,6.0724,6.0724,5.8152,5.8366,57192,258,5.872368
ES0122060314,917454,FCC,EUR,2022-10-06,6.001,6.001,5.6295,5.6795,97974,435,5.708056
ES0122060314,917454,FCC,EUR,2022-10-07,5.6438,5.8295,5.608,5.7866,65845,260,5.734846
ES0122060314,917454,FCC,EUR,2022-10-10,5.9009,5.9009,5.658,5.658,66437,320,5.7051984
ES0122060314,917454,FCC,EUR,2022-10-11,5.608,5.6795,5.5509,5.5866,81576,342,5.604468
ES0122060314,917454,FCC,EUR,2022-10-12,5.5938,5.608,5.3794,5.4652,103328,499,5.4630168
ES0122060314,917454,FCC,EUR,2022-10-13,5.4366,5.6366,5.4294,5.558,81525,467,5.4826628
ES0122060314,917454,FCC,EUR,2022-10-14,5.558,5.6009,5.4152,5.4152,152688,614,5.4837344
ES0122060314,917454,FCC,EUR,2022-10-17,5.4152,5.6295,5.3008,5.5866,202820,972,5.4355124
ES0122060314,917454,FCC,EUR,2022-10-18,5.6652,5.7438,5.5866,5.7295,80037,415,5.66162
ES0122060314,917454,FCC,EUR,2022-10-19,5.8438,5.8438,5.6438,5.7509,84441,461,5.72413
ES0122060314,917454,FCC,EUR,2022-10-20,5.5723,5.8509,5.5723,5.8366,129606,667,5.7923552
ES0122060314,917454,FCC,EUR,2022-10-21,5.7223,5.8509,5.6438,5.8224,1380144,930,5.8123584
ES0122060314,917454,FCC,EUR,2022-10-24,5.7295,5.9938,5.7295,5.9867,100212,502,5.9263052
ES0122060314,917454,FCC,EUR,2022-10-25,5.9438,6.0152,5.9224,6.0152,33675,182,5.9870292
ES0122060314,917454,FCC,EUR,2022-10-26,5.8652,6.0367,5.8652,6.0367,35711,226,5.988458
ES0122060314,917454,FCC,EUR,2022-10-27,5.8724,6.0653,5.8724,6.0152,37175,215,6.0148908
ES0122060314,917454,FCC,EUR,2022-10-28,6.001,6.0653,5.9652,6.0152,103474,467,6.006318
ES0122060314,917454,FCC,EUR,2022-10-31,6.0295,6.0938,6.001,6.0152,74197,432,6.0359656
ES0122060314,917454,FCC,EUR,2022-11-01,6.2796,6.2796,6.001,6.0152,83495,372,6.0573976
ES0122060314,917454,FCC,EUR,2022-11-02,6.0438,6.1296,5.9795,5.9795,93177,311,6.004532
ES0122060314,917454,FCC,EUR,2022-11-03,6.0724,6.0724,5.8867,5.8867,103111,446,5.924162
ES0122060314,917454,FCC,EUR,2022-11-04,5.9724,5.9724,5.8438,5.8938,297333,1140,5.9034444
ES0122060314,917454,FCC,EUR,2022-11-07,5.8795,5.951,5.8795,5.8867,94202,450,5.9088024
ES0122060314,917454,FCC,EUR,2022-11-08,5.9652,5.9652,5.8224,5.8224,75138,372,5.8391484
ES0122060314,917454,FCC,EUR,2022-11-09,5.8009,5.8652,5.7866,5.8152,72996,339,5.8227172
ES0122060314,917454,FCC,EUR,2022-11-10,5.7866,5.8295,5.7366,5.7652,113176,712,5.7748524
ES0122060314,917454,FCC,EUR,2022-11-11,5.8366,5.8366,5.7152,5.7152,106040,478,5.7619932
ES0122060314,917454,FCC,EUR,2022-11-14,5.7152,5.7652,5.6938,5.7438,128973,536,5.7337744
ES0122060314,917454,FCC,EUR,2022-11-15,5.7295,5.8438,5.7295,5.8081,99059,409,5.7962844
ES0122060314,917454,FCC,EUR,2022-11-16,5.7724,5.8152,5.7152,5.7438,76223,323,5.7641364
ES0122060314,917454,FCC,EUR,2022-11-17,5.7509,5.7652,5.7152,5.7223,99161,417,5.7362748
ES0122060314,917454,FCC,EUR,2022-11-18,5.7795,5.7795,5.7152,5.7438,298118,483,5.7462764
ES0122060314,917454,FCC,EUR,2022-11-21,5.7509,5.8224,5.7223,5.7724,103195,433,5.7730664
ES0122060314,917454,FCC,EUR,2022-11-22,5.7366,5.9652,5.7366,5.9152,123642,459,5.8641524
ES0122060314,917454,FCC,EUR,2022-11-23,5.8152,5.9224,5.8152,5.8795,74753,326,5.8816552
ES0122060314,917454,FCC,EUR,2022-11-24,5.9081,5.9367,5.8581,5.9367,102649,376,5.9091596
ES0122060314,917454,FCC,EUR,2022-11-25,5.8652,5.9009,5.8652,5.8795,44004,221,5.8809408
ES0122060314,917454,FCC,EUR,2022-11-28,5.9009,5.9795,5.8224,5.9581,108598,504,5.9405932
ES0122060314,917454,FCC,EUR,2022-11-29,5.9438,6.0653,5.9152,6.0367,139347,694,6.0095328
ES0122060314,917454,FCC,EUR,2022-11-30,6.0438,6.2939,6.0152,6.2581,136048,615,6.1767024
ES0122060314,917454,FCC,EUR,2022-12-01,6.3582,6.3796,6.1796,6.2867,148241,591,6.3017224
ES0122060314,917454,FCC,EUR,2022-12-02,6.3867,6.3867,6.301,6.3367,53422,252,6.3442292
ES0122060314,917454,FCC,EUR,2022-12-05,6.2867,6.3296,6.2367,6.251,48516,341,6.2835052
ES0122060314,917454,FCC,EUR,2022-12-06,6.3224,6.3224,6.1867,6.1867,34776,262,6.2306396
ES0122060314,917454,FCC,EUR,2022-12-07,6.2796,6.2939,6.1938,6.2296,45417,359,6.2388552
ES0122060314,917454,FCC,EUR,2022-12-08,6.2224,6.2224,6.1724,6.1796,42607,263,6.18849
ES0122060314,917454,FCC,EUR,2022-12-09,6.2867,6.2867,6.0938,6.1438,49801,288,6.1659864
ES0122060314,917454,FCC,EUR,2022-12-12,6.0867,6.2367,6.0867,6.201,59613,320,6.1717016
ES0122060314,917454,FCC,EUR,2022-12-13,6.1724,6.2796,6.1724,6.1938,43244,390,6.2077788
ES0122060314,917454,FCC,EUR,2022-12-14,6.1867,6.1867,6.0581,6.0795,78899,322,6.1288376
ES0122060314,917454,FCC,EUR,2022-12-15,6.1296,6.1367,6.0367,6.0724,58262,391,6.0820444
ES0122060314,917454,FCC,EUR,2022-12-16,6.0081,6.0653,5.9438,6.0152,128352,359,6.00096
ES0122060314,917454,FCC,EUR,2022-12-19,6.0724,6.0795,6.0224,6.0367,36650,261,6.0523968
ES0122060314,917454,FCC,EUR,2022-12-20,6.0581,6.0795,5.9938,6.0581,71424,273,6.0288216
ES0122060314,917454,FCC,EUR,2022-12-21,6.0295,6.1581,6.0295,6.1438,25132,214,6.1113348
ES0122060314,917454,FCC,EUR,2022-12-22,6.1296,6.151,6.0081,6.0152,51753,307,6.0816872
ES0122060314,917454,FCC,EUR,2022-12-23,6.1296,6.1867,6.0438,6.1653,39192,290,6.1406252
ES0122060314,917454,FCC,EUR,2022-12-27,6.251,6.3153,6.2153,6.2653,120442,316,6.2631448
ES0122060314,917454,FCC,EUR,2022-12-28,6.2439,6.351,6.1581,6.2224,175104,493,6.2667168
ES0122060314,917454,FCC,EUR,2022-12-29,6.3224,6.3224,6.051,6.151,132733,337,6.1338384
ES0122060314,917454,FCC,EUR,2022-12-30,6.1724,6.301,6.0938,6.301,133367,393,6.23314
ES0122060314,917454,FCC,EUR,2023-01-02,6.351,6.351,6.151,6.2939,56969,218,6.2660024
ES0122060314,917454,FCC,EUR,2023-01-03,6.301,6.3474,6.2367,6.2796,31570,171,6.2927924
ES0122060314,917454,FCC,EUR,2023-01-04,6.3082,6.3867,6.3082,6.3296,31963,165,6.3499444
ES0122060314,917454,FCC,EUR,2023-01-05,6.2867,6.3939,6.2724,6.3082,39554,245,6.3256548
ES0122060314,917454,FCC,EUR,2023-01-06,6.3582,6.4153,6.3082,6.4153,39220,177,6.3585172
ES0122060314,917454,FCC,EUR,2023-01-09,6.3867,6.5296,6.3867,6.401,90723,322,6.458176
ES0122060314,917454,FCC,EUR,2023-01-10,6.3796,6.3939,6.301,6.3224,53786,273,6.3388712
ES0122060314,917454,FCC,EUR,2023-01-11,6.3939,6.4153,6.3296,6.3582,66048,287,6.3774488
ES0122060314,917454,FCC,EUR,2023-01-12,6.3439,6.4296,6.3296,6.4082,89896,298,6.3806636
ES0122060314,917454,FCC,EUR,2023-01-13,6.4296,6.4653,6.3939,6.4367,76343,280,6.4353152
ES0122060314,917454,FCC,EUR,2023-01-16,6.5082,6.5082,6.3296,6.3653,48938,218,6.4070964
ES0122060314,917454,FCC,EUR,2023-01-17,6.4653,6.4653,6.3439,6.351,73535,288,6.3763772
ES0122060314,917454,FCC,EUR,2023-01-18,6.3439,6.4153,6.2939,6.3153,41856,203,6.3410144
ES0122060314,917454,FCC,EUR,2023-01-19,6.451,6.451,6.2367,6.2867,88835,297,6.3060088
ES0122060314,917454,FCC,EUR,2023-01-20,6.1724,6.401,6.1653,6.3224,165718,437,6.240284
ES0122060314,917454,FCC,EUR,2023-01-23,6.3939,6.4367,6.251,6.2653,61187,289,6.3002936
ES0122060314,917454,FCC,EUR,2023-01-24,6.3082,6.3867,6.2581,6.3224,39561,206,6.3245832
ES0122060314,917454,FCC,EUR,2023-01-25,6.4153,6.4153,6.2867,6.3367,47816,264,6.3256548
ES0122060314,917454,FCC,EUR,2023-01-26,6.2867,6.3867,6.2867,6.3653,41236,224,6.3620892
ES0122060314,917454,FCC,EUR,2023-01-27,6.3939,6.4153,6.3439,6.3653,39647,246,6.3710192
ES0122060314,917454,FCC,EUR,2023-01-30,6.3796,6.3867,6.2939,6.3439,54454,246,6.343872
ES0122060314,917454,FCC,EUR,2023-01-31,6.4082,6.4082,6.2867,6.3724,57516,367,6.365304
ES0122060314,917454,FCC,EUR,2023-02-01,6.4296,6.4296,6.3439,6.3867,34370,290,6.3828068
ES0122060314,917454,FCC,EUR,2023-02-02,6.351,6.4082,6.3296,6.3724,77833,343,6.3720908
ES0122060314,917454,FCC,EUR,2023-02-03,6.3224,6.3582,6.3153,6.3296,35736,157,6.3335132
ES0122060314,917454,FCC,EUR,2023-02-06,6.3153,6.351,6.2724,6.301,81469,321,6.3017224
ES0122060314,917454,FCC,EUR,2023-02-07,6.3224,6.3439,6.2724,6.2867,64013,402,6.301008
ES0122060314,917454,FCC,EUR,2023-02-08,6.3582,6.3582,6.2867,6.301,88212,419,6.333156
ES0122060314,917454,FCC,EUR,2023-02-09,6.2796,6.5153,6.2796,6.4796,92980,383,6.4388872
ES0122060314,917454,FCC,EUR,2023-02-10,6.4296,6.451,6.3724,6.4082,38582,252,6.4049532
ES0122060314,917454,FCC,EUR,2023-02-13,6.4082,6.5439,6.401,6.5225,68945,333,6.4792508
ES0122060314,917454,FCC,EUR,2023-02-14,6.501,6.6296,6.501,6.5939,77074,372,6.5935548
ES0122060314,917454,FCC,EUR,2023-02-15,6.6153,6.6439,6.5868,6.6225,44466,269,6.6092716
ES0122060314,917454,FCC,EUR,2023-02-16,6.6296,6.6439,6.5653,6.6082,157609,373,6.6006988
ES0122060314,917454,FCC,EUR,2023-02-17,6.6439,6.6439,6.5225,6.5868,32779,236,6.576052
ES0122060314,917454,FCC,EUR,2023-02-20,6.6439,6.6439,6.5725,6.5939,98513,344,6.6014132
ES0122060314,917454,FCC,EUR,2023-02-21,6.6225,6.6225,6.4725,6.4939,64941,277,6.5460472
ES0122060314,917454,FCC,EUR,2023-02-22,6.5653,6.5653,6.4367,6.5368,59535,285,6.4638912
ES0122060314,917454,FCC,EUR,2023-02-23,6.5368,6.5939,6.5082,6.5939,70956,246,6.5639072
ES0122060314,917454,FCC,EUR,2023-02-24,6.5725,6.5939,6.451,6.4653,53057,230,6.5189
ES0122060314,917454,FCC,EUR,2023-02-27,6.5582,6.5582,6.4582,6.5439,104612,341,6.499254
ES0122060314,917454,FCC,EUR,2023-02-28,6.501,6.551,6.4796,6.5296,65645,325,6.5124704
ES0122060314,917454,FCC,EUR,2023-03-01,6.4725,6.5439,6.4725,6.4868,52018,227,6.4999684
ES0122060314,917454,FCC,EUR,2023-03-02,6.4725,6.5153,6.4725,6.4939,34682,162,6.497468
ES0122060314,917454,FCC,EUR,2023-03-03,6.6153,6.7082,6.551,6.7011,223965,662,6.62606
ES0122060314,917454,FCC,EUR,2023-03-06,6.7011,6.7011,6.6011,6.6439,47126,203,6.6460632
ES0122060314,917454,FCC,EUR,2023-03-07,6.6225,6.6296,6.501,6.5153,96335,343,6.5710512
ES0122060314,917454,FCC,EUR,2023-03-08,6.5082,6.5725,6.4939,6.5296,46977,283,6.5217576
ES0122060314,917454,FCC,EUR,2023-03-09,6.4725,6.7797,6.4653,6.6011,127024,366,6.584982
ES0122060314,917454,FCC,EUR,2023-03-10,6.5868,6.5868,6.4725,6.5582,55074,263,6.538546
ES0122060314,917454,FCC,EUR,2023-03-13,6.5582,6.5582,6.3082,6.3153,90453,433,6.3803064
ES0122060314,917454,FCC,EUR,2023-03-14,6.2724,6.4082,6.2153,6.3724,101934,405,6.3202968
ES0122060314,917454,FCC,EUR,2023-03-15,6.3796,6.4082,6.1796,6.1867,95971,347,6.2431416
ES0122060314,917454,FCC,EUR,2023-03-16,6.1867,6.3796,6.1724,6.3439,83761,401,6.2713604
ES0122060314,917454,FCC,EUR,2023-03-17,6.3082,6.4153,6.1867,6.1867,86774,283,6.2556436
ES0122060314,917454,FCC,EUR,2023-03-20,6.251,6.3153,6.1653,6.2724,38736,236,6.2306396
ES0122060314,917454,FCC,EUR,2023-03-21,6.2724,6.4582,6.2724,6.4082,76423,442,6.418884
ES0122060314,917454,FCC,EUR,2023-03-22,6.4653,6.4653,6.3653,6.3796,37842,202,6.4006668
ES0122060314,917454,FCC,EUR,2023-03-23,6.3796,6.4082,6.351,6.3939,18418,120,6.3820924
ES0122060314,917454,FCC,EUR,2023-03-24,6.4439,6.4439,6.1938,6.2296,74875,328,6.265288
ES0122060314,917454,FCC,EUR,2023-03-27,6.3582,6.3582,6.251,6.251,31230,164,6.2927924
ES0122060314,917454,FCC,EUR,2023-03-28,6.2224,6.3153,6.2153,6.2724,30988,156,6.261716
ES0122060314,917454,FCC,EUR,2023-03-29,6.2296,6.3439,6.2296,6.3296,23692,179,6.3167248
ES0122060314,917454,FCC,EUR,2023-03-30,6.3939,6.4367,6.3582,6.3796,37596,220,6.3878076
ES0122060314,917454,FCC,EUR,2023-03-31,6.2867,6.4582,6.2867,6.4296,27357,136,6.4181696
ES0122060314,917454,FCC,EUR,2023-04-03,6.4296,6.4939,6.3796,6.3796,39260,191,6.4288856
ES0122060314,917454,FCC,EUR,2023-04-04,6.4439,6.4439,6.3367,6.3582,43036,208,6.3942372
ES0122060314,917454,FCC,EUR,2023-04-05,6.3224,6.4367,6.3082,6.3653,43260,225,6.395666
ES0122060314,917454,FCC,EUR,2023-04-06,6.4153,6.4153,6.3582,6.3724,31000,175,6.383164
ES0122060314,917454,FCC,EUR,2023-04-11,6.451,6.4582,6.3582,6.3796,36924,232,6.4049532
ES0122060314,917454,FCC,EUR,2023-04-12,6.301,6.4582,6.301,6.4225,47316,228,6.401024
ES0122060314,917454,FCC,EUR,2023-04-13,6.3367,6.5939,6.3367,6.5153,115639,375,6.4971108
ES0122060314,917454,FCC,EUR,2023-04-14,6.4653,6.551,6.4653,6.501,30235,169,6.5192572
ES0122060314,917454,FCC,EUR,2023-04-17,6.6368,6.6368,6.4296,6.4296,75894,309,6.4792508
ES0122060314,917454,FCC,EUR,2023-04-18,6.4582,6.5225,6.2581,6.3367,139567,509,6.4003096
ES0122060314,917454,FCC,EUR,2023-04-19,6.3867,6.4225,6.301,6.4225,41156,217,6.368876
ES0122060314,917454,FCC,EUR,2023-04-20,6.4225,6.4367,6.3367,6.3367,36399,193,6.3981664
ES0122060314,917454,FCC,EUR,2023-04-21,6.4796,6.4796,6.3439,6.3439,42113,207,6.3667328
ES0122060314,917454,FCC,EUR,2023-04-24,6.2939,6.501,6.2939,6.4367,52047,220,6.4017384
ES0122060314,917454,FCC,EUR,2023-04-25,6.4367,6.501,6.4153,6.4582,35858,182,6.458176
ES0122060314,917454,FCC,EUR,2023-04-26,6.4439,6.5439,6.4439,6.5082,51480,270,6.5210432
ES0122060314,917454,FCC,EUR,2023-04-27,6.5225,6.5868,6.5225,6.5725,35925,193,6.561764
ES0122060314,917454,FCC,EUR,2023-04-28,6.4225,6.6296,6.4225,6.551,46087,208,6.579624
ES0122060314,917454,FCC,EUR,2023-05-02,6.6153,6.6939,6.5796,6.5868,46131,254,6.633204
ES0122060314,917454,FCC,EUR,2023-05-03,6.5796,6.6011,6.4082,6.4796,53601,260,6.5196144
ES0122060314,917454,FCC,EUR,2023-05-04,6.5939,6.5939,6.4082,6.5082,40711,219,6.4674632
ES0122060314,917454,FCC,EUR,2023-05-05,6.3796,6.5653,6.3796,6.5653,31016,162,6.5131848
ES0122060314,917454,FCC,EUR,2023-05-08,6.5653,6.6725,6.5653,6.6511,27999,221,6.6267744
ES0122060314,917454,FCC,EUR,2023-05-09,6.6439,6.7368,6.6082,6.7154,58276,317,6.6717816
ES0122060314,917454,FCC,EUR,2023-05-10,6.7582,6.7797,6.7225,6.7439,47807,246,6.7525088
ES0122060314,917454,FCC,EUR,2023-05-11,6.7154,6.7439,6.6153,6.6439,30345,146,6.6839264
ES0122060314,917454,FCC,EUR,2023-05-12,6.5439,6.7511,6.5439,6.7082,32926,209,6.6846408
ES0122060314,917454,FCC,EUR,2023-05-15,6.7797,6.7797,6.6011,6.6082,20047,130,6.6810688
ES0122060314,917454,FCC,EUR,2023-05-16,6.6011,6.6868,6.5582,6.6296,54945,237,6.6039136
ES0122060314,917454,FCC,EUR,2023-05-17,6.5725,6.7296,6.5725,6.6868,33684,219,6.6603512
ES0122060314,917454,FCC,EUR,2023-05-18,6.7654,6.7654,6.6511,6.6796,43957,255,6.6824976
ES0122060314,917454,FCC,EUR,2023-05-19,6.5582,6.7011,6.5582,6.6654,17922,124,6.672496
ES0122060314,917454,FCC,EUR,2023-05-22,6.5796,6.6939,6.5796,6.6368,26406,177,6.6674952
ES0122060314,917454,FCC,EUR,2023-05-23,6.6296,6.7082,6.6082,6.6225,33957,178,6.6567792
ES0122060314,917454,FCC,EUR,2023-05-24,6.6439,6.6439,6.5439,6.5653,26401,188,6.5781952
ES0122060314,917454,FCC,EUR,2023-05-25,6.6368,6.6368,6.4653,6.4939,32529,172,6.504612
ES0122060314,917454,FCC,EUR,2023-05-26,6.4796,6.6011,6.4439,6.5796,51426,226,6.5067552
ES0122060314,917454,FCC,EUR,2023-05-29,6.5296,6.6225,6.5296,6.6011,18302,125,6.5853392
ES0122060314,917454,FCC,EUR,2023-05-30,6.6868,6.6868,6.4653,6.4939,40495,242,6.5217576
ES0122060314,917454,FCC,EUR,2023-05-31,6.5439,6.5439,6.4296,6.4296,26875,199,6.4638912
ES0122060314,917454,FCC,EUR,2023-06-01,6.4225,6.4367,6.3582,6.4296,41858,274,6.3953088
ES0122060314,917454,FCC,EUR,2023-06-02,6.6796,6.7368,6.5725,6.6296,117624,525,6.6460632
ES0122060314,917454,FCC,EUR,2023-06-05,6.6082,6.7296,6.5653,6.7082,53882,300,6.6503496
ES0122060314,917454,FCC,EUR,2023-06-06,6.7582,6.7582,6.6511,6.7511,49587,231,6.7289336
ES0122060314,917454,FCC,EUR,2023-06-07,6.7511,6.7582,6.6796,6.7011,38079,218,6.7167888
ES0122060314,917454,FCC,EUR,2023-06-08,6.6654,6.7296,6.6654,6.6868,66697,215,6.6960712
ES0122060314,917454,FCC,EUR,2023-06-09,6.5725,6.7011,6.5725,6.7011,30557,217,6.6553504
ES0122060314,917454,FCC,EUR,2023-06-12,6.6368,6.6939,6.5725,6.5725,82453,320,6.6060568
ES0122060314,917454,FCC,EUR,2023-06-13,6.5868,6.6225,6.5225,6.5725,53575,321,6.576052
ES0122060314,917454,FCC,EUR,2023-06-14,6.5725,6.6439,6.4296,6.5296,128395,491,6.5210432
ES0122060314,917454,FCC,EUR,2023-06-15,6.551,6.5939,6.4725,6.5796,60407,306,6.547476
ES0122060314,917454,FCC,EUR,2023-06-16,6.6296,6.6296,6.5153,6.6225,64472,272,6.5839104
ES0122060314,917454,FCC,EUR,2023-06-19,6.6511,6.6582,6.5153,6.6225,42505,231,6.5781952
ES0122060314,917454,FCC,EUR,2023-06-20,6.6511,6.6511,6.5225,6.5939,48349,206,6.5631928
ES0122060314,917454,FCC,EUR,2023-06-21,6.6725,6.6725,6.5153,6.5368,87243,306,6.5681936
ES0122060314,917454,FCC,EUR,2023-06-22,6.5439,6.6011,6.501,6.5725,45505,212,6.5496192
ES0122060314,917454,FCC,EUR,2023-06-23,6.5939,6.6082,6.5153,6.5939,31466,167,6.5731944
ES0122060314,917454,FCC,EUR,2023-06-26,6.6368,6.6654,6.5582,6.6439,68828,350,6.6160584
ES0122060314,917454,FCC,EUR,2023-06-27,6.6725,6.6725,6.6011,6.6368,57378,285,6.6432056
ES0122060314,917454,FCC,EUR,2023-06-28,6.6153,6.6511,6.5796,6.5939,28780,191,6.6082
ES0122060314,917454,FCC,EUR,2023-06-29,8.0013,8.6014,7.9298,8.4585,1769532,4410,8.3413344
ES0122060314,917454,FCC,EUR,2023-06-30,8.4299,8.4871,8.3585,8.4442,743152,1287,8.4306344
ES0122060314,917454,FCC,EUR,2023-07-03,8.1299,8.3013,8.087,8.2585,391329,1143,8.1948824
ES0122060314,917454,FCC,EUR,2023-07-04,8.3013,8.3728,8.1727,8.2299,551450,1318,8.2884688
ES0122060314,917454,FCC,EUR,2023-07-05,8.2299,8.3013,8.187,8.287,190124,809,8.2498912
ES0122060314,917454,FCC,EUR,2023-07-06,8.287,8.3585,8.2227,8.3585,498037,920,8.2984704
ES0122060314,917454,FCC,EUR,2023-07-07,8.3871,8.4299,8.2442,8.4299,189974,479,8.3499072
ES0122060314,917454,FCC,EUR,2023-07-10,8.3585,8.5299,8.3585,8.5014,249603,628,8.4642112
ES0122060314,917454,FCC,EUR,2023-07-11,8.5014,8.5585,8.4585,8.5585,158348,259,8.5127904
ES0122060314,917454,FCC,EUR,2023-07-12,8.5585,8.6014,8.4585,8.5442,316010,707,8.5470816
ES0122060314,917454,FCC,EUR,2023-07-13,8.4728,8.5585,8.4299,8.4728,192726,509,8.472784
ES0122060314,917454,FCC,EUR,2023-07-14,8.4871,8.5014,8.4299,8.4585,77743,321,8.4570672
ES0122060314,917454,FCC,EUR,2023-07-17,8.4299,8.5585,8.4299,8.5299,125618,542,8.4963592
ES0122060314,917454,FCC,EUR,2023-07-18,8.5585,8.5585,8.5014,8.5442,56611,298,8.5277928
ES0122060314,917454,FCC,EUR,2023-07-19,8.5014,8.6014,8.5014,8.5871,88334,256,8.5449384
ES0122060314,917454,FCC,EUR,2023-07-20,8.5299,8.6442,8.5299,8.5585,97089,304,8.5720856
ES0122060314,917454,FCC,EUR,2023-07-21,8.5871,8.6442,8.5299,8.5728,202722,520,8.569228
ES0122060314,917454,FCC,EUR,2023-07-24,8.5585,8.6871,8.5442,8.6728,326706,456,8.6028048
ES0122060314,917454,FCC,EUR,2023-07-25,8.6871,8.6871,8.6014,8.63,67999,221,8.6320952
ES0122060314,917454,FCC,EUR,2023-07-26,8.63,8.6728,8.6014,8.63,77096,208,8.6342384
ES0122060314,917454,FCC,EUR,2023-07-27,8.6014,8.6585,8.5871,8.6442,59521,257,8.6313808
ES0122060314,917454,FCC,EUR,2023-07-28,8.6442,8.6585,8.6014,8.6014,72683,232,8.6242368
ES0122060314,917454,FCC,EUR,2023-07-31,8.6157,8.63,8.5728,8.6157,141802,293,8.5999472
ES0122060314,917454,FCC,EUR,2023-08-01,8.63,8.63,8.5585,8.5728,100830,217,8.594232
ES0122060314,917454,FCC,EUR,2023-08-02,8.5728,8.6014,8.5442,8.5728,163570,357,8.5699424
ES0122060314,917454,FCC,EUR,2023-08-03,8.5585,8.5728,8.5156,8.5299,123689,293,8.5506536
ES0122060314,917454,FCC,EUR,2023-08-04,8.5299,8.5585,8.5156,8.5299,40732,152,8.5292216
ES0122060314,917454,FCC,EUR,2023-08-07,8.5014,8.5156,8.4585,8.4871,60993,210,8.4877864
ES0122060314,917454,FCC,EUR,2023-08-08,8.4871,8.5156,8.4728,8.4871,44057,177,8.4920728
ES0122060314,917454,FCC,EUR,2023-08-09,8.4728,8.5585,8.4728,8.5442,85282,364,8.515648
ES0122060314,917454,FCC,EUR,2023-08-10,8.5156,8.5585,8.4728,8.5299,125771,290,8.5006456
ES0122060314,917454,FCC,EUR,2023-08-11,8.5442,8.5442,8.4871,8.5299,53355,178,8.5056464
ES0122060314,917454,FCC,EUR,2023-08-14,8.5585,8.5871,8.5014,8.5728,164687,339,8.5413664
ES0122060314,917454,FCC,EUR,2023-08-15,8.5728,8.5871,8.5299,8.5442,11986,99,8.547796
ES0122060314,917454,FCC,EUR,2023-08-16,8.5299,8.5728,8.5156,8.5299,55475,186,8.5420808
ES0122060314,917454,FCC,EUR,2023-08-17,8.5585,8.5585,8.4871,8.5585,179147,262,8.5135048
ES0122060314,917454,FCC,EUR,2023-08-18,8.5156,8.5585,8.4728,8.5014,66444,222,8.5113616
ES0122060314,917454,FCC,EUR,2023-08-21,8.4871,8.5156,8.4299,8.4442,131818,305,8.4642112
ES0122060314,917454,FCC,EUR,2023-08-22,8.4585,8.4728,8.4299,8.4299,39168,167,8.4456368
ES0122060314,917454,FCC,EUR,2023-08-23,8.4299,8.4299,8.3728,8.4013,75208,276,8.408488
ES0122060314,917454,FCC,EUR,2023-08-24,8.4013,8.4728,8.3871,8.4156,88646,268,8.422776
ES0122060314,917454,FCC,EUR,2023-08-25,8.4013,8.4442,8.3871,8.3871,40687,141,8.4092024
ES0122060314,917454,FCC,EUR,2023-08-28,8.4156,8.4156,8.3728,8.3728,45881,91,8.401344
ES0122060314,917454,FCC,EUR,2023-08-29,8.4013,8.4871,8.4013,8.4871,111300,272,8.4592104
ES0122060314,917454,FCC,EUR,2023-08-30,8.4871,8.5442,8.4585,8.5156,65023,212,8.4949304
ES0122060314,917454,FCC,EUR,2023-08-31,8.4871,8.5156,8.4871,8.4871,53353,226,8.4949304
ES0122060314,917454,FCC,EUR,2023-09-01,8.4728,8.5442,8.4728,8.5014,38547,175,8.504932
ES0122060314,917454,FCC,EUR,2023-09-04,8.4871,8.5442,8.4728,8.4728,33352,159,8.4913584
ES0122060314,917454,FCC,EUR,2023-09-05,8.4728,8.5299,8.4585,8.4728,30244,166,8.4863576
ES0122060314,917454,FCC,EUR,2023-09-06,8.4728,8.5156,8.4585,8.5156,53278,220,8.490644
ES0122060314,917454,FCC,EUR,2023-09-07,8.5156,8.5442,8.4299,8.4871,180359,324,8.4792136
ES0122060314,917454,FCC,EUR,2023-09-08,8.5299,8.5299,8.4728,8.5156,55999,295,8.4949304
ES0122060314,917454,FCC,EUR,2023-09-11,8.5156,8.5299,8.3585,8.4871,50533,247,8.4985024
ES0122060314,917454,FCC,EUR,2023-09-12,8.4728,8.5014,8.4442,8.4442,39549,233,8.4642112
ES0122060314,917454,FCC,EUR,2023-09-13,8.4585,8.4728,8.4299,8.4585,71054,309,8.454924
ES0122060314,917454,FCC,EUR,2023-09-14,8.4585,8.5156,8.4585,8.4871,42886,250,8.4899296
ES0122060314,917454,FCC,EUR,2023-09-15,8.5014,8.5299,8.4585,8.4585,138976,298,8.469212
ES0122060314,917454,FCC,EUR,2023-09-18,8.5014,8.5014,8.4585,8.4585,34325,163,8.476356
ES0122060314,917454,FCC,EUR,2023-09-19,8.4585,8.5156,8.4585,8.4871,63414,199,8.4970736
ES0122060314,917454,FCC,EUR,2023-09-20,8.4871,8.5299,8.4728,8.4728,76192,168,8.4849288
ES0122060314,917454,FCC,EUR,2023-09-21,8.4728,8.5014,8.4585,8.4871,41844,212,8.4734984
ES0122060314,917454,FCC,EUR,2023-09-22,8.4871,8.5014,8.4585,8.4585,47031,164,8.4706408
ES0122060314,917454,FCC,EUR,2023-09-25,8.4585,8.4871,8.4442,8.4442,92722,260,8.4563528
ES0122060314,917454,FCC,EUR,2023-09-26,8.4299,8.5156,8.4156,8.4728,134206,367,8.4806424
ES0122060314,917454,FCC,EUR,2023-09-27,8.5014,8.5014,8.4299,8.4728,90950,301,8.4642112
ES0122060314,917454,FCC,EUR,2023-09-28,8.4871,8.5299,8.4728,8.5156,84209,221,8.5070752
ES0122060314,917454,FCC,EUR,2023-09-29,8.5299,8.5299,8.4728,8.5156,70221,209,8.5063608
ES0122060314,917454,FCC,EUR,2023-10-02,8.5299,8.5442,8.5014,8.5014,48352,172,8.5285072
ES0122060314,917454,FCC,EUR,2023-10-03,8.5299,8.5299,8.4585,8.4728,59571,202,8.4770704
ES0122060314,917454,FCC,EUR,2023-10-04,8.5014,8.5014,8.4585,8.4871,61842,262,8.4827856
ES0122060314,917454,FCC,EUR,2023-10-05,8.4728,8.5156,8.4656,8.4871,65778,275,8.4877864
ES0122060314,917454,FCC,EUR,2023-10-06,8.5014,8.5156,8.4442,8.4442,41073,176,8.469212
ES0122060314,917454,FCC,EUR,2023-10-09,8.4585,8.4585,8.4228,8.4299,30709,178,8.437064
ES0122060314,917454,FCC,EUR,2023-10-10,8.4728,8.4871,8.4299,8.4585,54050,254,8.4606392
ES0122060314,917454,FCC,EUR,2023-10-11,8.4585,8.5014,8.4442,8.5014,79791,307,8.4756416
ES0122060314,917454,FCC,EUR,2023-10-12,8.5014,8.5299,8.4728,8.5299,39200,162,8.5056464
ES0122060314,917454,FCC,EUR,2023-10-13,8.5299,8.5442,8.4871,8.5299,34232,192,8.5213632
ES0122060314,917454,FCC,EUR,2023-10-16,8.5014,8.6014,8.5014,8.5585,88670,267,8.5563688
ES0122060314,917454,FCC,EUR,2023-10-17,8.5299,8.5728,8.5156,8.5442,25201,100,8.5413664
ES0122060314,917454,FCC,EUR,2023-10-18,8.5299,8.5442,8.4871,8.5299,102360,305,8.5142192
ES0122060314,917454,FCC,EUR,2023-10-19,8.4728,8.5299,8.4728,8.5299,64469,202,8.5027888
ES0122060314,917454,FCC,EUR,2023-10-20,8.5299,8.5442,8.4728,8.4871,43611,193,8.5042176
ES0122060314,917454,FCC,EUR,2023-10-23,8.4728,8.5014,8.4728,8.4728,23072,121,8.4849288
ES0122060314,917454,FCC,EUR,2023-10-24,8.4728,8.5299,8.4728,8.5014,36230,122,8.497788
ES0122060314,917454,FCC,EUR,2023-10-25,8.4728,8.5156,8.4728,8.5014,29204,128,8.50136
ES0122060314,917454,FCC,EUR,2023-10-26,8.5156,8.5299,8.4871,8.5156,299305,329,8.504932
ES0122060314,917454,FCC,EUR,2023-10-27,8.5014,8.5585,8.5014,8.5299,100649,249,8.526364
ES0122060314,917454,FCC,EUR,2023-10-30,8.5299,8.6014,8.5014,8.5728,145533,232,8.562084
ES0122060314,917454,FCC,EUR,2023-10-31,8.5299,8.6157,8.5299,8.5728,117995,245,8.5756576
ES0122060314,917454,FCC,EUR,2023-11-01,8.5728,8.6014,8.5585,8.5871,21382,134,8.5785152
ES0122060314,917454,FCC,EUR,2023-11-02,8.5871,8.5871,8.5585,8.5728,59176,196,8.569228
ES0122060314,917454,FCC,EUR,2023-11-03,8.5871,8.6014,8.5156,8.5728,154006,235,8.5720856
ES0122060314,917454,FCC,EUR,2023-11-06,8.5585,8.5728,8.5156,8.5299,51405,187,8.5435096
ES0122060314,917454,FCC,EUR,2023-11-07,8.5442,8.5442,8.5156,8.5156,108247,219,8.5392232
ES0122060314,917454,FCC,EUR,2023-11-08,8.5728,8.5728,8.5156,8.5156,34931,113,8.5363656
ES0122060314,917454,FCC,EUR,2023-11-09,8.5156,8.5585,8.5156,8.5299,18443,82,8.5385088
ES0122060314,917454,FCC,EUR,2023-11-10,8.5442,8.5442,8.5156,8.5442,19690,113,8.533508
ES0122060314,917454,FCC,EUR,2023-11-13,8.5156,8.5728,8.5014,8.5728,65264,210,8.547796
ES0122060314,917454,FCC,EUR,2023-11-14,8.5728,8.5728,8.5299,8.5442,37792,127,8.5449384
ES0122060314,917454,FCC,EUR,2023-11-15,8.5299,8.5585,8.4585,8.5442,143281,268,8.5092184
ES0122060314,917454,FCC,EUR,2023-11-16,8.5156,8.6014,8.5014,8.5728,55445,192,8.5599408
ES0122060314,917454,FCC,EUR,2023-11-17,8.5156,8.5871,8.5014,8.5728,103964,313,8.5606552
ES0122060314,917454,FCC,EUR,2023-11-20,8.5728,8.5871,8.5014,8.5728,58726,250,8.5613696
ES0122060314,917454,FCC,EUR,2023-11-21,8.5299,8.5728,8.4585,8.5728,127635,276,8.547796
ES0122060314,917454,FCC,EUR,2023-11-22,8.5299,8.5585,8.5156,8.5442,44564,176,8.5356512
ES0122060314,917454,FCC,EUR,2023-11-23,8.5442,8.6728,8.5442,8.5728,350935,488,8.5892312
ES0122060314,917454,FCC,EUR,2023-11-24,8.5871,8.5942,8.5585,8.5728,264123,335,8.5770864
ES0122060314,917454,FCC,EUR,2023-11-27,8.5728,8.6442,8.5585,8.6442,214340,400,8.5849448
ES0122060314,917454,FCC,EUR,2023-11-28,8.6442,8.7871,8.6442,8.7871,89834,301,8.7399696
ES0122060314,917454,FCC,EUR,2023-11-29,8.7871,8.7871,8.7443,8.7728,64435,266,8.762116
ES0122060314,917454,FCC,EUR,2023-11-30,8.7585,8.8586,8.7585,8.7871,132775,297,8.815696
ES0122060314,917454,FCC,EUR,2023-12-01,8.7585,8.8586,8.4585,8.83,219189,453,8.7271104
ES0122060314,917454,FCC,EUR,2023-12-04,8.7157,8.8728,8.7157,8.8014,81772,225,8.8292696
ES0122060314,917454,FCC,EUR,2023-12-05,8.7443,8.7871,8.73,8.73,26410,130,8.7456848
ES0122060314,917454,FCC,EUR,2023-12-06,8.7157,9.2443,8.6442,9.23,209469,523,9.0314448
ES0122060314,917454,FCC,EUR,2023-12-07,9.13,9.5158,9.13,9.5158,118205,326,9.326492
ES0122060314,917454,FCC,EUR,2023-12-08,9.3444,10.4588,9.3444,10.2874,177938,835,10.0280328
ES0122060314,917454,FCC,EUR,2023-12-11,10.1159,10.3159,9.8016,9.9587,151328,1016,9.9865976
ES0122060314,917454,FCC,EUR,2023-12-12,10.0016,10.1873,9.9302,10.1016,65837,334,10.0858992
ES0122060314,917454,FCC,EUR,2023-12-13,9.9302,10.2874,9.9302,10.2874,66622,340,10.2166344
ES0122060314,917454,FCC,EUR,2023-12-14,10.2874,10.4017,10.2302,10.4017,62805,380,10.3545136
ES0122060314,917454,FCC,EUR,2023-12-15,10.3731,10.7874,10.3588,10.616,236734,627,10.6295576
ES0122060314,917454,FCC,EUR,2023-12-18,10.5445,10.7589,10.3731,10.6731,141739,624,10.5809784
ES0122060314,917454,FCC,EUR,2023-12-19,10.7303,10.9875,10.716,10.8732,121437,535,10.826732
ES0122060314,917454,FCC,EUR,2023-12-20,10.9875,11.0018,10.7874,10.9303,73502,432,10.9138888
ES0122060314,917454,FCC,EUR,2023-12-21,10.8017,11.0018,10.8017,11.0018,52179,325,10.9246048
ES0122060314,917454,FCC,EUR,2023-12-22,11.0018,11.0018,10.716,10.716,29515,220,10.7902976
ES0122060314,917454,FCC,EUR,2023-12-27,10.4874,10.6731,10.2874,10.3731,73853,392,10.4531008
ES0122060314,917454,FCC,EUR,2023-12-28,10.2445,10.5445,10.1873,10.2588,52954,326,10.2937896
ES0122060314,917454,FCC,EUR,2023-12-29,10.2731,10.516,10.2159,10.4017,72449,509,10.3816608
