ISIN,conId,Symbol,Currency,date,open,high,low,close,volume,barCount,average
FR0010208488,35052259,ENGI,EUR,2019-01-02,12.41,12.566,12.17,12.54,8061149,12587,12.4358
FR0010208488,35052259,ENGI,EUR,2019-01-03,12.486,12.68,12.454,12.54,9074193,14424,12.5688
FR0010208488,35052259,ENGI,EUR,2019-01-04,12.62,12.746,12.54,12.714,9053542,12800,12.6786
FR0010208488,35052259,ENGI,EUR,2019-01-07,12.816,13.086,12.7,13.02,11105658,15162,12.9484
FR0010208488,35052259,ENGI,EUR,2019-01-08,13.026,13.276,12.88,13.16,11232125,17138,13.1874
FR0010208488,35052259,ENGI,EUR,2019-01-09,13.236,13.396,13.2,13.236,11390406,17816,13.2976
FR0010208488,35052259,ENGI,EUR,2019-01-10,13.12,13.5,13.074,13.464,9919451,16037,13.3956
FR0010208488,35052259,ENGI,EUR,2019-01-11,13.42,13.53,13.244,13.326,10157568,16433,13.3428
FR0010208488,35052259,ENGI,EUR,2019-01-14,13.376,13.446,13.224,13.36,8345757,15241,13.3412
FR0010208488,35052259,ENGI,EUR,2019-01-15,13.446,13.63,13.424,13.606,9328026,13910,13.5488
FR0010208488,35052259,ENGI,EUR,2019-01-16,13.616,13.646,13.474,13.5,6553181,10282,13.5384
FR0010208488,35052259,ENGI,EUR,2019-01-17,13.376,13.656,13.374,13.6,6469442,11214,13.5504
FR0010208488,35052259,ENGI,EUR,2019-01-18,13.63,13.976,13.57,13.836,12941533,22202,13.7742
FR0010208488,35052259,ENGI,EUR,2019-01-21,13.936,13.936,13.69,13.73,3673126,6852,13.7344
FR0010208488,35052259,ENGI,EUR,2019-01-22,13.68,13.76,13.614,13.696,5163757,8030,13.6836
FR0010208488,35052259,ENGI,EUR,2019-01-23,13.666,13.87,13.574,13.806,6531732,10486,13.7962
FR0010208488,35052259,ENGI,EUR,2019-01-24,13.93,13.93,13.704,13.756,9987379,15192,13.7564
FR0010208488,35052259,ENGI,EUR,2019-01-25,13.8,13.926,13.764,13.926,8593817,12520,13.8804
FR0010208488,35052259,ENGI,EUR,2019-01-28,13.86,14.0,13.79,13.876,5811756,10509,13.8716
FR0010208488,35052259,ENGI,EUR,2019-01-29,13.99,14.09,13.784,14.044,8645372,14103,13.9596
FR0010208488,35052259,ENGI,EUR,2019-01-30,14.02,14.02,13.81,13.896,7994853,14194,13.9096
FR0010208488,35052259,ENGI,EUR,2019-01-31,13.92,14.03,13.884,13.986,8327607,12147,13.9664
FR0010208488,35052259,ENGI,EUR,2019-02-01,14.006,14.09,13.87,14.09,7044153,11523,14.0028
FR0010208488,35052259,ENGI,EUR,2019-02-04,14.086,14.15,13.814,13.936,5317394,7368,13.9186
FR0010208488,35052259,ENGI,EUR,2019-02-05,13.94,14.14,13.824,14.1,7885984,12188,14.001
FR0010208488,35052259,ENGI,EUR,2019-02-06,14.076,14.136,13.874,13.964,6903447,10232,13.9794
FR0010208488,35052259,ENGI,EUR,2019-02-07,14.01,14.01,13.75,13.81,9790993,15260,13.824
FR0010208488,35052259,ENGI,EUR,2019-02-08,13.81,13.97,13.694,13.74,8249222,13592,13.7884
FR0010208488,35052259,ENGI,EUR,2019-02-11,13.866,13.99,13.76,13.906,7676688,11382,13.8614
FR0010208488,35052259,ENGI,EUR,2019-02-12,13.916,14.02,13.864,13.926,7061221,12538,13.9512
FR0010208488,35052259,ENGI,EUR,2019-02-13,14.044,14.046,13.794,13.95,7140432,11262,13.9238
FR0010208488,35052259,ENGI,EUR,2019-02-14,14.056,14.136,13.974,14.04,8851849,13969,14.0518
FR0010208488,35052259,ENGI,EUR,2019-02-15,14.056,14.156,13.96,14.12,6198284,9527,14.076
FR0010208488,35052259,ENGI,EUR,2019-02-18,14.106,14.2,14.03,14.076,3656506,6151,14.0708
FR0010208488,35052259,ENGI,EUR,2019-02-19,14.1,14.15,14.0,14.086,3665377,6464,14.0712
FR0010208488,35052259,ENGI,EUR,2019-02-20,14.15,14.15,14.014,14.11,6090579,10744,14.0804
FR0010208488,35052259,ENGI,EUR,2019-02-21,14.18,14.216,13.974,14.13,6661030,11285,14.1106
FR0010208488,35052259,ENGI,EUR,2019-02-22,14.1,14.146,14.024,14.06,7553643,10892,14.0822
FR0010208488,35052259,ENGI,EUR,2019-02-25,14.116,14.136,14.01,14.07,4217320,6930,14.0686
FR0010208488,35052259,ENGI,EUR,2019-02-26,13.97,14.16,13.854,14.13,6912077,10628,14.026
FR0010208488,35052259,ENGI,EUR,2019-02-27,14.02,14.12,13.844,13.9,7531931,11755,13.9214
FR0010208488,35052259,ENGI,EUR,2019-02-28,13.7,13.756,13.184,13.25,20754984,30726,13.3614
FR0010208488,35052259,ENGI,EUR,2019-03-01,13.3,13.41,13.244,13.34,9589796,15270,13.3364
FR0010208488,35052259,ENGI,EUR,2019-03-04,13.54,13.65,13.16,13.2,7079694,11130,13.2516
FR0010208488,35052259,ENGI,EUR,2019-03-05,13.01,13.26,13.0,13.176,9510806,14915,13.2
FR0010208488,35052259,ENGI,EUR,2019-03-06,13.19,13.23,13.07,13.116,9457210,11977,13.1462
FR0010208488,35052259,ENGI,EUR,2019-03-07,13.126,13.306,13.094,13.28,8579174,11503,13.2084
FR0010208488,35052259,ENGI,EUR,2019-03-08,13.21,13.37,13.184,13.24,7509068,12846,13.259
FR0010208488,35052259,ENGI,EUR,2019-03-11,13.346,13.346,13.21,13.28,5416481,7881,13.2858
FR0010208488,35052259,ENGI,EUR,2019-03-12,13.366,13.386,13.24,13.336,5229055,7368,13.3244
FR0010208488,35052259,ENGI,EUR,2019-03-13,13.3,13.426,13.27,13.336,6422587,8644,13.3644
FR0010208488,35052259,ENGI,EUR,2019-03-14,13.294,13.376,13.21,13.3,5822451,9367,13.2802
FR0010208488,35052259,ENGI,EUR,2019-03-15,13.266,13.546,13.26,13.516,19046225,18211,13.4926
FR0010208488,35052259,ENGI,EUR,2019-03-18,13.48,13.57,13.444,13.5,6524514,9267,13.511
FR0010208488,35052259,ENGI,EUR,2019-03-19,13.48,13.52,13.39,13.44,6566502,9546,13.4488
FR0010208488,35052259,ENGI,EUR,2019-03-20,13.42,13.564,13.42,13.476,6253576,11198,13.5034
FR0010208488,35052259,ENGI,EUR,2019-03-21,13.46,13.536,13.4,13.45,5255347,8930,13.4688
FR0010208488,35052259,ENGI,EUR,2019-03-22,13.456,13.506,13.2,13.246,10942698,15770,13.3124
FR0010208488,35052259,ENGI,EUR,2019-03-25,13.14,13.336,13.14,13.3,6410242,10333,13.2908
FR0010208488,35052259,ENGI,EUR,2019-03-26,13.294,13.316,13.174,13.23,5523257,8162,13.2296
FR0010208488,35052259,ENGI,EUR,2019-03-27,13.196,13.32,13.11,13.294,8694348,12617,13.2488
FR0010208488,35052259,ENGI,EUR,2019-03-28,13.26,13.356,13.224,13.24,6009886,9806,13.283
FR0010208488,35052259,ENGI,EUR,2019-03-29,13.32,13.43,13.194,13.28,7667353,9413,13.2888
FR0010208488,35052259,ENGI,EUR,2019-04-01,13.384,13.4,13.234,13.316,4849679,6873,13.2956
FR0010208488,35052259,ENGI,EUR,2019-04-02,13.34,13.426,13.22,13.35,6326334,9543,13.338
FR0010208488,35052259,ENGI,EUR,2019-04-03,13.406,13.52,13.394,13.47,5806843,7278,13.4602
FR0010208488,35052259,ENGI,EUR,2019-04-04,13.46,13.536,13.424,13.47,6595777,6019,13.4778
FR0010208488,35052259,ENGI,EUR,2019-04-05,13.53,13.546,13.38,13.44,4897142,5045,13.4382
FR0010208488,35052259,ENGI,EUR,2019-04-08,13.45,13.626,13.45,13.544,6776943,10144,13.5686
FR0010208488,35052259,ENGI,EUR,2019-04-09,13.59,13.642,13.5,13.58,5658689,8879,13.5856
FR0010208488,35052259,ENGI,EUR,2019-04-10,13.58,13.676,13.524,13.606,4354489,6222,13.6086
FR0010208488,35052259,ENGI,EUR,2019-04-11,13.646,13.646,13.244,13.376,11074356,16184,13.3802
FR0010208488,35052259,ENGI,EUR,2019-04-12,13.35,13.406,13.17,13.2,7413872,11053,13.236
FR0010208488,35052259,ENGI,EUR,2019-04-15,13.27,13.34,13.214,13.316,4616646,6850,13.3014
FR0010208488,35052259,ENGI,EUR,2019-04-16,13.31,13.4,13.244,13.294,6748908,8492,13.3014
FR0010208488,35052259,ENGI,EUR,2019-04-17,13.286,13.33,13.144,13.3,6177110,9804,13.2676
FR0010208488,35052259,ENGI,EUR,2019-04-18,13.276,13.38,13.172,13.336,8285599,12270,13.3004
FR0010208488,35052259,ENGI,EUR,2019-04-23,13.346,13.37,13.17,13.266,5422083,8050,13.2948
FR0010208488,35052259,ENGI,EUR,2019-04-24,13.206,13.28,12.984,13.026,7999967,11420,13.078
FR0010208488,35052259,ENGI,EUR,2019-04-25,13.07,13.086,12.95,13.0,7912102,12683,13.001
FR0010208488,35052259,ENGI,EUR,2019-04-26,13.0,13.23,12.98,13.12,5543608,8594,13.0868
FR0010208488,35052259,ENGI,EUR,2019-04-29,13.206,13.206,12.95,13.026,6145591,9100,13.036
FR0010208488,35052259,ENGI,EUR,2019-04-30,12.996,13.356,12.994,13.206,6701035,9775,13.1404
FR0010208488,35052259,ENGI,EUR,2019-05-02,13.39,13.39,13.094,13.21,7458623,9682,13.1866
FR0010208488,35052259,ENGI,EUR,2019-05-03,13.24,13.3,13.134,13.256,6509910,10579,13.243
FR0010208488,35052259,ENGI,EUR,2019-05-06,13.15,13.236,13.074,13.166,6155934,9952,13.1712
FR0010208488,35052259,ENGI,EUR,2019-05-07,13.206,13.316,13.08,13.156,9307441,13463,13.1986
FR0010208488,35052259,ENGI,EUR,2019-05-08,13.14,13.25,12.944,13.134,6794409,11831,13.1004
FR0010208488,35052259,ENGI,EUR,2019-05-09,13.11,13.176,12.964,12.996,10633489,15190,13.0496
FR0010208488,35052259,ENGI,EUR,2019-05-10,13.09,13.3,13.044,13.12,9334314,14681,13.1064
FR0010208488,35052259,ENGI,EUR,2019-05-13,13.19,13.328,13.04,13.196,9523936,17009,13.2016
FR0010208488,35052259,ENGI,EUR,2019-05-14,13.256,13.526,13.174,13.44,12977464,18893,13.3952
FR0010208488,35052259,ENGI,EUR,2019-05-15,13.49,13.65,13.394,13.61,11338274,15841,13.5364
FR0010208488,35052259,ENGI,EUR,2019-05-16,13.596,13.82,13.52,13.82,12265306,16002,13.731
FR0010208488,35052259,ENGI,EUR,2019-05-17,13.75,13.82,13.534,13.58,10097695,15452,13.6386
FR0010208488,35052259,ENGI,EUR,2019-05-20,13.8,13.8,13.42,13.556,13726489,16273,13.5598
FR0010208488,35052259,ENGI,EUR,2019-05-21,12.8,13.05,12.75,12.836,11665925,14726,12.8984
FR0010208488,35052259,ENGI,EUR,2019-05-22,12.85,12.866,12.714,12.82,6659079,11023,12.8026
FR0010208488,35052259,ENGI,EUR,2019-05-23,12.76,12.776,12.52,12.55,8056185,11363,12.5922
FR0010208488,35052259,ENGI,EUR,2019-05-24,12.554,12.686,12.554,12.62,6428077,10674,12.6354
FR0010208488,35052259,ENGI,EUR,2019-05-27,12.656,12.75,12.644,12.75,4211839,6713,12.7204
FR0010208488,35052259,ENGI,EUR,2019-05-28,12.75,12.796,12.624,12.7,8394072,10445,12.6956
FR0010208488,35052259,ENGI,EUR,2019-05-29,12.64,12.646,12.5,12.52,7364759,10072,12.5412
FR0010208488,35052259,ENGI,EUR,2019-05-30,12.58,12.58,12.47,12.5,5072142,7744,12.5158
FR0010208488,35052259,ENGI,EUR,2019-05-31,12.48,12.48,12.31,12.45,8343125,13405,12.4108
FR0010208488,35052259,ENGI,EUR,2019-06-03,12.45,12.54,12.314,12.516,7081336,11417,12.458
FR0010208488,35052259,ENGI,EUR,2019-06-04,12.476,12.716,12.474,12.656,8168623,13256,12.6304
FR0010208488,35052259,ENGI,EUR,2019-06-05,12.676,12.946,12.624,12.946,10387140,17531,12.8544
FR0010208488,35052259,ENGI,EUR,2019-06-06,12.86,13.116,12.86,12.99,8218535,13397,13.0364
FR0010208488,35052259,ENGI,EUR,2019-06-07,13.01,13.3,13.0,13.214,8483909,12505,13.2114
FR0010208488,35052259,ENGI,EUR,2019-06-10,13.21,13.266,13.07,13.1,4889221,7933,13.1202
FR0010208488,35052259,ENGI,EUR,2019-06-11,13.214,13.216,13.034,13.07,7923912,13365,13.102
FR0010208488,35052259,ENGI,EUR,2019-06-12,13.01,13.09,12.88,13.006,5661869,8997,13.0108
FR0010208488,35052259,ENGI,EUR,2019-06-13,13.01,13.02,12.784,12.81,8655612,13184,12.8528
FR0010208488,35052259,ENGI,EUR,2019-06-14,13.044,13.046,12.91,12.956,8568269,11983,12.9522
FR0010208488,35052259,ENGI,EUR,2019-06-17,12.996,12.996,12.824,12.826,5625979,8138,12.8612
FR0010208488,35052259,ENGI,EUR,2019-06-18,12.83,13.436,12.79,13.43,13241934,19860,13.3074
FR0010208488,35052259,ENGI,EUR,2019-06-19,13.406,13.5,13.34,13.5,10797254,14322,13.4438
FR0010208488,35052259,ENGI,EUR,2019-06-20,13.526,13.616,13.324,13.446,8739885,12107,13.4386
FR0010208488,35052259,ENGI,EUR,2019-06-21,13.446,13.62,13.444,13.5,15223414,14926,13.51
FR0010208488,35052259,ENGI,EUR,2019-06-24,13.45,13.52,13.39,13.436,5990569,8656,13.4506
FR0010208488,35052259,ENGI,EUR,2019-06-25,13.356,13.456,13.31,13.366,5448581,8188,13.3854
FR0010208488,35052259,ENGI,EUR,2019-06-26,13.336,13.356,13.17,13.25,6779343,9362,13.2672
FR0010208488,35052259,ENGI,EUR,2019-06-27,13.294,13.3,13.12,13.15,5643905,8312,13.1548
FR0010208488,35052259,ENGI,EUR,2019-06-28,13.18,13.34,13.06,13.34,9471326,11002,13.2746
FR0010208488,35052259,ENGI,EUR,2019-07-01,13.36,13.486,13.284,13.44,7566426,11359,13.3808
FR0010208488,35052259,ENGI,EUR,2019-07-02,13.456,13.69,13.39,13.67,7367626,10700,13.6042
FR0010208488,35052259,ENGI,EUR,2019-07-03,13.69,13.95,13.684,13.896,10767252,14585,13.8848
FR0010208488,35052259,ENGI,EUR,2019-07-04,13.94,13.94,13.8,13.83,3539950,5081,13.8394
FR0010208488,35052259,ENGI,EUR,2019-07-05,13.8,13.986,13.714,13.766,5957171,9954,13.8396
FR0010208488,35052259,ENGI,EUR,2019-07-08,13.794,13.85,13.724,13.8,3842293,6973,13.79
FR0010208488,35052259,ENGI,EUR,2019-07-09,13.8,13.966,13.76,13.926,6056831,8138,13.885
FR0010208488,35052259,ENGI,EUR,2019-07-10,13.956,13.98,13.774,13.83,5451540,8619,13.8478
FR0010208488,35052259,ENGI,EUR,2019-07-11,13.876,13.966,13.78,13.82,4073715,7587,13.873
FR0010208488,35052259,ENGI,EUR,2019-07-12,13.826,13.886,13.744,13.884,3929283,5793,13.8404
FR0010208488,35052259,ENGI,EUR,2019-07-15,13.9,13.93,13.772,13.87,5215764,8546,13.8542
FR0010208488,35052259,ENGI,EUR,2019-07-16,13.884,13.886,13.734,13.766,5883938,9621,13.784
FR0010208488,35052259,ENGI,EUR,2019-07-17,13.76,13.856,13.724,13.8,5603414,9423,13.801
FR0010208488,35052259,ENGI,EUR,2019-07-18,13.73,13.946,13.7,13.826,5687208,9698,13.8424
FR0010208488,35052259,ENGI,EUR,2019-07-19,13.88,13.956,13.64,13.75,4229225,8343,13.7996
FR0010208488,35052259,ENGI,EUR,2019-07-22,13.68,13.846,13.68,13.82,3969312,5841,13.7854
FR0010208488,35052259,ENGI,EUR,2019-07-23,13.856,14.01,13.804,13.964,6070954,9581,13.9224
FR0010208488,35052259,ENGI,EUR,2019-07-24,14.0,14.036,13.89,14.036,6453312,10555,13.9804
FR0010208488,35052259,ENGI,EUR,2019-07-25,14.096,14.196,13.86,13.95,9261131,14530,14.0074
FR0010208488,35052259,ENGI,EUR,2019-07-26,13.964,14.078,13.92,14.05,5757058,9618,14.023
FR0010208488,35052259,ENGI,EUR,2019-07-29,14.026,14.34,13.95,14.316,7912782,12450,14.2454
FR0010208488,35052259,ENGI,EUR,2019-07-30,14.3,14.39,13.984,14.04,10164571,17254,14.096
FR0010208488,35052259,ENGI,EUR,2019-07-31,13.98,14.096,13.83,13.92,10358290,13521,13.9276
FR0010208488,35052259,ENGI,EUR,2019-08-01,13.85,13.956,13.724,13.85,8092845,12450,13.8492
FR0010208488,35052259,ENGI,EUR,2019-08-02,13.706,13.75,13.58,13.666,12269918,20457,13.6664
FR0010208488,35052259,ENGI,EUR,2019-08-05,13.666,13.68,13.25,13.35,9097957,13202,13.4074
FR0010208488,35052259,ENGI,EUR,2019-08-06,13.4,13.406,13.15,13.26,6503774,12882,13.3212
FR0010208488,35052259,ENGI,EUR,2019-08-07,13.336,13.446,13.004,13.326,7461556,12955,13.332
FR0010208488,35052259,ENGI,EUR,2019-08-08,13.35,13.5,13.3,13.43,7310482,11977,13.3972
FR0010208488,35052259,ENGI,EUR,2019-08-09,13.45,13.45,13.234,13.28,5343127,8868,13.3004
FR0010208488,35052259,ENGI,EUR,2019-08-12,13.376,13.416,13.15,13.304,4269467,8320,13.3098
FR0010208488,35052259,ENGI,EUR,2019-08-13,13.25,13.606,13.23,13.48,8086827,12629,13.4268
FR0010208488,35052259,ENGI,EUR,2019-08-14,13.366,13.56,13.02,13.32,7031626,10860,13.3114
FR0010208488,35052259,ENGI,EUR,2019-08-15,13.044,13.41,13.044,13.33,6606403,11611,13.2984
FR0010208488,35052259,ENGI,EUR,2019-08-16,13.246,13.504,13.24,13.464,6398414,10966,13.4416
FR0010208488,35052259,ENGI,EUR,2019-08-19,13.45,13.696,13.43,13.63,5402147,8372,13.5842
FR0010208488,35052259,ENGI,EUR,2019-08-20,13.506,13.64,13.34,13.49,5089527,8157,13.5086
FR0010208488,35052259,ENGI,EUR,2019-08-21,13.554,13.64,13.45,13.55,4033984,7251,13.5278
FR0010208488,35052259,ENGI,EUR,2019-08-22,13.6,13.6,13.3,13.446,5075340,7623,13.4834
FR0010208488,35052259,ENGI,EUR,2019-08-23,13.366,13.56,13.17,13.42,5523225,8408,13.466
FR0010208488,35052259,ENGI,EUR,2019-08-26,13.144,13.55,13.08,13.5,4389072,9031,13.4482
FR0010208488,35052259,ENGI,EUR,2019-08-27,13.5,13.66,13.45,13.66,7431917,10167,13.6022
FR0010208488,35052259,ENGI,EUR,2019-08-28,13.644,13.656,13.51,13.65,4650522,7847,13.6152
FR0010208488,35052259,ENGI,EUR,2019-08-29,13.544,13.84,13.544,13.794,5890363,10515,13.7812
FR0010208488,35052259,ENGI,EUR,2019-08-30,13.826,13.89,13.784,13.826,6844910,9445,13.8348
FR0010208488,35052259,ENGI,EUR,2019-09-02,13.93,13.986,13.75,13.866,3760873,6863,13.8886
FR0010208488,35052259,ENGI,EUR,2019-09-03,13.786,13.928,13.77,13.84,4809931,9757,13.8376
FR0010208488,35052259,ENGI,EUR,2019-09-04,13.88,13.946,13.834,13.856,5321541,9398,13.8796
FR0010208488,35052259,ENGI,EUR,2019-09-05,13.956,13.956,13.724,13.756,6561251,10975,13.7932
FR0010208488,35052259,ENGI,EUR,2019-09-06,13.73,13.74,13.534,13.656,6311254,11129,13.6488
FR0010208488,35052259,ENGI,EUR,2019-09-09,13.72,13.75,13.304,13.384,7463904,12244,13.4292
FR0010208488,35052259,ENGI,EUR,2019-09-10,13.366,13.606,13.27,13.544,8492743,13969,13.463
FR0010208488,35052259,ENGI,EUR,2019-09-11,13.554,13.646,13.41,13.596,8146635,13114,13.5608
FR0010208488,35052259,ENGI,EUR,2019-09-12,13.666,14.066,13.52,13.94,13153397,21130,13.8054
FR0010208488,35052259,ENGI,EUR,2019-09-13,13.91,13.91,13.64,13.67,7794898,12930,13.744
FR0010208488,35052259,ENGI,EUR,2019-09-16,13.644,13.776,13.594,13.616,6834855,9609,13.6622
FR0010208488,35052259,ENGI,EUR,2019-09-17,13.61,13.986,13.59,13.95,9227713,15340,13.8744
FR0010208488,35052259,ENGI,EUR,2019-09-18,13.956,14.176,13.94,14.16,8933232,12544,14.1082
FR0010208488,35052259,ENGI,EUR,2019-09-19,14.166,14.296,14.12,14.27,9020127,15151,14.2236
FR0010208488,35052259,ENGI,EUR,2019-09-20,14.256,14.496,14.15,14.45,17136888,20041,14.4364
FR0010208488,35052259,ENGI,EUR,2019-09-23,14.41,14.496,14.244,14.34,8049393,13495,14.3532
FR0010208488,35052259,ENGI,EUR,2019-09-24,14.366,14.596,14.28,14.57,8411616,13603,14.5266
FR0010208488,35052259,ENGI,EUR,2019-09-25,14.474,14.66,14.374,14.5,8422288,15114,14.4878
FR0010208488,35052259,ENGI,EUR,2019-09-26,14.56,14.8,14.504,14.77,9317841,13544,14.7336
FR0010208488,35052259,ENGI,EUR,2019-09-27,14.804,14.84,14.55,14.626,7718153,14176,14.654
FR0010208488,35052259,ENGI,EUR,2019-09-30,14.766,15.01,14.584,14.98,10418657,12223,14.8978
FR0010208488,35052259,ENGI,EUR,2019-10-01,14.996,15.086,14.874,15.064,11610788,20261,15.0036
FR0010208488,35052259,ENGI,EUR,2019-10-02,15.06,15.06,14.514,14.6,13128636,19246,14.6724
FR0010208488,35052259,ENGI,EUR,2019-10-03,14.57,14.66,14.404,14.544,9551985,15360,14.5386
FR0010208488,35052259,ENGI,EUR,2019-10-04,14.666,14.846,14.424,14.77,8215598,13958,14.6662
FR0010208488,35052259,ENGI,EUR,2019-10-07,14.894,14.986,14.654,14.84,6054530,10849,14.7774
FR0010208488,35052259,ENGI,EUR,2019-10-08,14.94,14.94,14.606,14.656,7190319,13067,14.6778
FR0010208488,35052259,ENGI,EUR,2019-10-09,14.686,14.75,14.424,14.536,8724697,15160,14.556
FR0010208488,35052259,ENGI,EUR,2019-10-10,14.61,14.776,14.484,14.676,8092863,13310,14.6226
FR0010208488,35052259,ENGI,EUR,2019-10-11,14.724,15.136,14.6,15.03,9287015,15003,14.9312
FR0010208488,35052259,ENGI,EUR,2019-10-14,15.144,15.146,14.87,15.1,8768027,13697,15.036
FR0010208488,35052259,ENGI,EUR,2019-10-15,15.054,15.25,15.054,15.096,8263908,13591,15.1268
FR0010208488,35052259,ENGI,EUR,2019-10-16,15.234,15.25,14.88,15.006,8825735,16354,14.9932
FR0010208488,35052259,ENGI,EUR,2019-10-17,15.01,15.04,14.854,14.88,9168214,15464,14.9312
FR0010208488,35052259,ENGI,EUR,2019-10-18,14.89,15.05,14.834,14.95,6293020,10462,14.933
FR0010208488,35052259,ENGI,EUR,2019-10-21,15.1,15.1,14.724,14.77,7629854,12893,14.8058
FR0010208488,35052259,ENGI,EUR,2019-10-22,14.8,15.0,14.726,14.96,5314122,9803,14.9144
FR0010208488,35052259,ENGI,EUR,2019-10-23,14.98,15.0,14.81,14.97,4430720,7899,14.9288
FR0010208488,35052259,ENGI,EUR,2019-10-24,15.03,15.156,14.934,15.116,6622716,10760,15.092
FR0010208488,35052259,ENGI,EUR,2019-10-25,15.106,15.12,14.894,14.926,4284481,7466,14.9566
FR0010208488,35052259,ENGI,EUR,2019-10-28,14.996,14.996,14.81,14.86,5413683,9349,14.8728
FR0010208488,35052259,ENGI,EUR,2019-10-29,14.984,14.986,14.684,14.8,6697605,13964,14.7774
FR0010208488,35052259,ENGI,EUR,2019-10-30,14.776,15.0,14.66,14.83,6701860,11332,14.7838
FR0010208488,35052259,ENGI,EUR,2019-10-31,14.96,15.09,14.83,14.996,7398154,12331,14.9786
FR0010208488,35052259,ENGI,EUR,2019-11-01,15.054,15.056,14.784,14.85,5443769,10404,14.8838
FR0010208488,35052259,ENGI,EUR,2019-11-04,14.814,15.0,14.77,14.89,6688475,11979,14.8732
FR0010208488,35052259,ENGI,EUR,2019-11-05,14.984,14.99,14.684,14.714,5842472,10071,14.7684
FR0010208488,35052259,ENGI,EUR,2019-11-06,14.696,14.99,14.654,14.906,7399978,13676,14.8382
FR0010208488,35052259,ENGI,EUR,2019-11-07,14.926,14.926,14.22,14.246,14789768,27184,14.3596
FR0010208488,35052259,ENGI,EUR,2019-11-08,14.356,14.41,13.986,14.186,13035726,22011,14.1294
FR0010208488,35052259,ENGI,EUR,2019-11-11,14.31,14.31,14.11,14.16,5202407,9973,14.1748
FR0010208488,35052259,ENGI,EUR,2019-11-12,14.15,14.29,14.094,14.25,4903896,8156,14.2416
FR0010208488,35052259,ENGI,EUR,2019-11-13,14.134,14.4,14.134,14.346,6908543,10872,14.2882
FR0010208488,35052259,ENGI,EUR,2019-11-14,14.4,14.56,14.26,14.41,6913528,11247,14.3662
FR0010208488,35052259,ENGI,EUR,2019-11-15,14.43,14.48,14.33,14.37,5423712,10322,14.3796
FR0010208488,35052259,ENGI,EUR,2019-11-18,14.41,14.546,14.014,14.34,7625590,14875,14.211
FR0010208488,35052259,ENGI,EUR,2019-11-19,14.266,14.386,14.174,14.2,5278159,9740,14.2776
FR0010208488,35052259,ENGI,EUR,2019-11-20,14.24,14.256,14.1,14.17,8400886,13537,14.1804
FR0010208488,35052259,ENGI,EUR,2019-11-21,14.144,14.2,14.004,14.02,6830057,11560,14.0772
FR0010208488,35052259,ENGI,EUR,2019-11-22,14.01,14.16,13.994,14.04,6102038,12549,14.0578
FR0010208488,35052259,ENGI,EUR,2019-11-25,14.15,14.336,14.064,14.2,6670265,10849,14.1866
FR0010208488,35052259,ENGI,EUR,2019-11-26,14.28,14.37,14.14,14.26,11337105,15283,14.258
FR0010208488,35052259,ENGI,EUR,2019-11-27,14.3,14.426,14.23,14.38,6856375,12481,14.346
FR0010208488,35052259,ENGI,EUR,2019-11-28,14.35,14.39,14.234,14.34,5811400,10011,14.3186
FR0010208488,35052259,ENGI,EUR,2019-11-29,14.36,14.476,14.294,14.36,6775545,10610,14.384
FR0010208488,35052259,ENGI,EUR,2019-12-02,14.42,14.546,14.04,14.06,10992944,16891,14.2158
FR0010208488,35052259,ENGI,EUR,2019-12-03,14.086,14.32,14.08,14.2,8561212,16680,14.2174
FR0010208488,35052259,ENGI,EUR,2019-12-04,14.304,14.44,14.174,14.4,8573910,13701,14.3342
FR0010208488,35052259,ENGI,EUR,2019-12-05,14.394,14.596,14.364,14.496,6196036,10764,14.4998
FR0010208488,35052259,ENGI,EUR,2019-12-06,14.54,14.6,14.5,14.6,6659013,10226,14.5746
FR0010208488,35052259,ENGI,EUR,2019-12-09,14.596,14.7,14.41,14.44,4487596,8051,14.4882
FR0010208488,35052259,ENGI,EUR,2019-12-10,14.446,14.55,14.28,14.416,5422477,10363,14.3888
FR0010208488,35052259,ENGI,EUR,2019-12-11,14.394,14.79,14.354,14.64,6928312,14259,14.5766
FR0010208488,35052259,ENGI,EUR,2019-12-12,14.634,14.636,14.45,14.5,7286333,13133,14.5122
FR0010208488,35052259,ENGI,EUR,2019-12-13,14.564,14.71,14.51,14.586,9752412,17356,14.5946
FR0010208488,35052259,ENGI,EUR,2019-12-16,14.61,14.81,14.57,14.644,8688716,13694,14.6752
FR0010208488,35052259,ENGI,EUR,2019-12-17,14.616,14.77,14.524,14.73,9274645,14982,14.7076
FR0010208488,35052259,ENGI,EUR,2019-12-18,14.696,14.706,14.484,14.484,8391179,12340,14.5584
FR0010208488,35052259,ENGI,EUR,2019-12-19,14.49,14.55,14.43,14.5,6291169,9758,14.488
FR0010208488,35052259,ENGI,EUR,2019-12-20,14.464,14.776,14.464,14.75,14403379,19734,14.6722
FR0010208488,35052259,ENGI,EUR,2019-12-23,14.644,14.76,14.59,14.656,3968807,7756,14.6468
FR0010208488,35052259,ENGI,EUR,2019-12-24,14.616,14.69,14.534,14.62,987163,1765,14.6172
FR0010208488,35052259,ENGI,EUR,2019-12-27,14.634,14.766,14.634,14.69,3542693,7107,14.7094
FR0010208488,35052259,ENGI,EUR,2019-12-30,14.626,14.76,14.504,14.516,3021188,6569,14.563
FR0010208488,35052259,ENGI,EUR,2019-12-31,14.516,14.52,14.4,14.4,3178907,4277,14.4248
FR0010208488,35052259,ENGI,EUR,2020-01-02,14.595,14.745,14.44,14.695,6115138,10610,14.6704
FR0010208488,35052259,ENGI,EUR,2020-01-03,14.61,14.73,14.505,14.69,4747889,10359,14.6041
FR0010208488,35052259,ENGI,EUR,2020-01-06,14.73,14.75,14.51,14.705,4864288,10245,14.6556
FR0010208488,35052259,ENGI,EUR,2020-01-07,14.77,15.03,14.75,14.89,1787149,4821,14.9023
FR0010208488,35052259,ENGI,EUR,2020-01-08,14.9,15.01,14.73,14.87,7924863,16223,14.8206
FR0010208488,35052259,ENGI,EUR,2020-01-09,14.985,14.985,14.725,14.81,5838325,11079,14.8388
FR0010208488,35052259,ENGI,EUR,2020-01-10,14.86,14.86,14.63,14.755,7975611,15286,14.7553
FR0010208488,35052259,ENGI,EUR,2020-01-13,14.78,14.835,14.705,14.8,5239759,9343,14.7801
FR0010208488,35052259,ENGI,EUR,2020-01-14,14.84,15.05,14.705,14.81,5640409,10940,14.8052
FR0010208488,35052259,ENGI,EUR,2020-01-15,14.895,14.97,14.66,14.9,5699060,12356,14.8142
FR0010208488,35052259,ENGI,EUR,2020-01-16,14.915,15.03,14.905,14.98,6379648,12068,14.971
FR0010208488,35052259,ENGI,EUR,2020-01-17,15.0,15.27,14.995,15.195,8502812,16460,15.1825
FR0010208488,35052259,ENGI,EUR,2020-01-20,15.16,15.335,15.07,15.3,5193387,9957,15.2254
FR0010208488,35052259,ENGI,EUR,2020-01-21,15.29,15.375,15.165,15.285,7963250,14384,15.2751
FR0010208488,35052259,ENGI,EUR,2020-01-22,15.355,15.38,15.215,15.295,7459984,13952,15.3135
FR0010208488,35052259,ENGI,EUR,2020-01-23,15.245,15.61,15.245,15.5,7375763,11935,15.4338
FR0010208488,35052259,ENGI,EUR,2020-01-24,15.495,15.74,15.49,15.71,8079150,14425,15.6825
FR0010208488,35052259,ENGI,EUR,2020-01-27,15.735,15.75,15.535,15.7,10961827,18563,15.6651
FR0010208488,35052259,ENGI,EUR,2020-01-28,15.685,15.935,15.67,15.725,7138481,12803,15.7257
FR0010208488,35052259,ENGI,EUR,2020-01-29,15.81,15.915,15.725,15.88,9195685,16609,15.8507
FR0010208488,35052259,ENGI,EUR,2020-01-30,15.755,15.8,15.57,15.63,10496823,19058,15.6598
FR0010208488,35052259,ENGI,EUR,2020-01-31,15.685,15.795,15.28,15.56,14838100,20009,15.6093
FR0010208488,35052259,ENGI,EUR,2020-02-03,15.35,15.665,15.3,15.63,9871940,18731,15.564
FR0010208488,35052259,ENGI,EUR,2020-02-04,15.735,15.755,15.472,15.645,9112344,18931,15.5971
FR0010208488,35052259,ENGI,EUR,2020-02-05,15.66,15.7,15.295,15.535,15879091,27031,15.4805
FR0010208488,35052259,ENGI,EUR,2020-02-06,15.665,15.8,15.455,15.71,13720078,24860,15.6156
FR0010208488,35052259,ENGI,EUR,2020-02-07,15.63,15.705,15.505,15.64,10890736,23071,15.5963
FR0010208488,35052259,ENGI,EUR,2020-02-10,15.605,15.705,15.53,15.625,1722033,5318,15.595
FR0010208488,35052259,ENGI,EUR,2020-02-11,15.665,15.945,15.665,15.915,9930833,18712,15.8295
FR0010208488,35052259,ENGI,EUR,2020-02-12,15.865,16.1,15.825,15.94,9748128,22144,15.9734
FR0010208488,35052259,ENGI,EUR,2020-02-13,15.965,16.05,15.83,15.91,7735980,16902,15.9306
FR0010208488,35052259,ENGI,EUR,2020-02-14,16.03,16.2,15.95,16.135,7318827,13978,16.1118
FR0010208488,35052259,ENGI,EUR,2020-02-17,16.195,16.4,16.135,16.325,8429919,16318,16.2919
FR0010208488,35052259,ENGI,EUR,2020-02-18,16.335,16.645,16.215,16.55,12448615,21234,16.5256
FR0010208488,35052259,ENGI,EUR,2020-02-19,16.57,16.795,16.505,16.645,10112920,20013,16.6725
FR0010208488,35052259,ENGI,EUR,2020-02-20,16.565,16.62,16.38,16.48,9825678,17511,16.4895
FR0010208488,35052259,ENGI,EUR,2020-02-21,16.505,16.685,16.435,16.595,10346412,20996,16.5743
FR0010208488,35052259,ENGI,EUR,2020-02-24,16.495,16.495,15.805,16.095,18156308,34195,16.1854
FR0010208488,35052259,ENGI,EUR,2020-02-25,15.97,16.105,14.9,15.545,14050123,24774,15.7342
FR0010208488,35052259,ENGI,EUR,2020-02-26,15.3,15.775,15.245,15.64,19363292,35732,15.5349
FR0010208488,35052259,ENGI,EUR,2020-02-27,15.3,16.365,15.3,16.005,27673213,49023,16.0821
FR0010208488,35052259,ENGI,EUR,2020-02-28,15.355,15.555,14.83,15.03,28140891,46282,15.1332
FR0010208488,35052259,ENGI,EUR,2020-03-02,15.05,15.42,14.775,15.135,18076532,38020,15.0985
FR0010208488,35052259,ENGI,EUR,2020-03-03,15.49,15.52,15.04,15.235,15341243,29675,15.3408
FR0010208488,35052259,ENGI,EUR,2020-03-04,15.25,16.155,15.105,15.93,13796594,24357,15.662
FR0010208488,35052259,ENGI,EUR,2020-03-05,16.07,16.07,15.55,15.73,11479167,22657,15.7391
FR0010208488,35052259,ENGI,EUR,2020-03-06,15.49,15.58,14.89,14.945,14987885,27995,15.1476
FR0010208488,35052259,ENGI,EUR,2020-03-09,14.57,14.57,13.36,13.68,24497022,48764,13.922
FR0010208488,35052259,ENGI,EUR,2020-03-10,13.665,14.14,13.005,13.01,27160896,52777,13.4872
FR0010208488,35052259,ENGI,EUR,2020-03-11,13.495,13.495,12.39,12.73,18756682,39063,12.9765
FR0010208488,35052259,ENGI,EUR,2020-03-12,11.8,12.195,10.485,10.54,38614121,69754,11.224
FR0010208488,35052259,ENGI,EUR,2020-03-13,10.89,11.685,10.29,10.485,36580657,80627,10.8975
FR0010208488,35052259,ENGI,EUR,2020-03-16,10.46,10.46,9.332,9.978,26162792,56190,9.779
FR0010208488,35052259,ENGI,EUR,2020-03-17,10.2,10.585,9.38,10.305,21950381,42634,9.9917
FR0010208488,35052259,ENGI,EUR,2020-03-18,10.245,10.6,9.869,10.3,23081526,37631,10.1773
FR0010208488,35052259,ENGI,EUR,2020-03-19,10.41,10.735,9.894,10.285,16536956,27630,10.2111
FR0010208488,35052259,ENGI,EUR,2020-03-20,10.54,11.05,10.105,10.405,19760959,23804,10.4774
FR0010208488,35052259,ENGI,EUR,2020-03-23,10.19,10.475,9.622,9.766,14204880,27357,9.884
FR0010208488,35052259,ENGI,EUR,2020-03-24,10.165,10.85,9.802,10.39,13489230,20035,10.2044
FR0010208488,35052259,ENGI,EUR,2020-03-25,10.81,11.32,9.96,10.585,13398162,21336,10.4617
FR0010208488,35052259,ENGI,EUR,2020-03-26,10.69,10.905,9.88,10.6,11902029,19544,10.3261
FR0010208488,35052259,ENGI,EUR,2020-03-27,10.72,10.795,9.752,9.848,14599433,27476,9.9268
FR0010208488,35052259,ENGI,EUR,2020-03-30,10.1,10.33,9.284,9.45,16775435,30494,9.4307
FR0010208488,35052259,ENGI,EUR,2020-03-31,9.66,9.94,9.264,9.412,20015070,37977,9.4935
FR0010208488,35052259,ENGI,EUR,2020-04-01,9.326,9.326,8.478,8.976,15314301,33145,9.0394
FR0010208488,35052259,ENGI,EUR,2020-04-02,8.778,9.094,8.68,8.894,16719385,37445,8.8678
FR0010208488,35052259,ENGI,EUR,2020-04-03,8.884,8.892,8.626,8.698,12200203,23532,8.7226
FR0010208488,35052259,ENGI,EUR,2020-04-06,9.1,9.532,8.9,9.276,12285232,22639,9.1936
FR0010208488,35052259,ENGI,EUR,2020-04-07,9.34,9.67,9.224,9.358,14642759,26766,9.4525
FR0010208488,35052259,ENGI,EUR,2020-04-08,9.32,9.502,9.072,9.422,12622351,34527,9.2736
FR0010208488,35052259,ENGI,EUR,2020-04-09,9.4,10.0,9.362,9.886,13077417,30166,9.7066
FR0010208488,35052259,ENGI,EUR,2020-04-14,10.2,10.51,9.564,9.72,8550463,18380,9.7792
FR0010208488,35052259,ENGI,EUR,2020-04-15,9.812,9.864,9.258,9.334,11189190,23580,9.4308
FR0010208488,35052259,ENGI,EUR,2020-04-16,9.302,9.476,9.178,9.352,9315490,22055,9.3455
FR0010208488,35052259,ENGI,EUR,2020-04-17,9.536,9.816,9.33,9.492,12108538,21134,9.511
FR0010208488,35052259,ENGI,EUR,2020-04-20,9.798,9.8,9.322,9.5,7048800,16962,9.4424
FR0010208488,35052259,ENGI,EUR,2020-04-21,9.382,9.45,9.064,9.22,10341420,23536,9.2209
FR0010208488,35052259,ENGI,EUR,2020-04-22,9.218,9.338,9.066,9.136,8730628,16264,9.1412
FR0010208488,35052259,ENGI,EUR,2020-04-23,9.174,9.332,8.988,9.202,8170813,16466,9.174
FR0010208488,35052259,ENGI,EUR,2020-04-24,9.042,9.352,8.982,9.246,6019928,10852,9.1904
FR0010208488,35052259,ENGI,EUR,2020-04-27,9.426,9.498,9.106,9.314,7674948,16753,9.2594
FR0010208488,35052259,ENGI,EUR,2020-04-28,9.398,9.456,9.168,9.37,7732491,16533,9.353
FR0010208488,35052259,ENGI,EUR,2020-04-29,9.438,10.08,9.362,9.99,12229274,26162,9.8434
FR0010208488,35052259,ENGI,EUR,2020-04-30,10.1,10.32,9.826,9.904,14142811,25348,10.0064
FR0010208488,35052259,ENGI,EUR,2020-05-04,9.71,9.79,9.438,9.444,10577247,22666,9.5162
FR0010208488,35052259,ENGI,EUR,2020-05-05,9.798,9.81,9.406,9.564,7202946,13672,9.5632
FR0010208488,35052259,ENGI,EUR,2020-05-06,9.546,9.788,9.414,9.578,10680076,25221,9.6188
FR0010208488,35052259,ENGI,EUR,2020-05-07,9.572,9.746,9.428,9.69,7837166,16205,9.6144
FR0010208488,35052259,ENGI,EUR,2020-05-08,9.792,9.86,9.656,9.798,5169036,10405,9.7376
FR0010208488,35052259,ENGI,EUR,2020-05-11,9.914,9.95,9.596,9.76,6648242,14985,9.7274
FR0010208488,35052259,ENGI,EUR,2020-05-12,9.9,9.9,9.168,9.34,12690106,23990,9.3506
FR0010208488,35052259,ENGI,EUR,2020-05-13,9.33,9.568,9.088,9.172,8797526,16542,9.2158
FR0010208488,35052259,ENGI,EUR,2020-05-14,9.214,9.368,8.85,9.246,16756219,32023,9.131
FR0010208488,35052259,ENGI,EUR,2020-05-15,9.354,9.626,9.278,9.376,12634887,27822,9.4612
FR0010208488,35052259,ENGI,EUR,2020-05-18,9.59,9.948,9.504,9.87,11283342,20729,9.8222
FR0010208488,35052259,ENGI,EUR,2020-05-19,9.79,9.984,9.69,9.732,10489057,23893,9.7802
FR0010208488,35052259,ENGI,EUR,2020-05-20,9.818,9.822,9.572,9.784,8098080,19380,9.7158
FR0010208488,35052259,ENGI,EUR,2020-05-21,9.756,10.024,9.654,9.91,9106136,25814,9.878
FR0010208488,35052259,ENGI,EUR,2020-05-22,9.898,9.912,9.75,9.822,9332897,23441,9.8174
FR0010208488,35052259,ENGI,EUR,2020-05-25,9.896,10.026,9.816,9.964,3504106,7700,9.9352
FR0010208488,35052259,ENGI,EUR,2020-05-26,10.016,10.33,9.914,10.246,10009896,18258,10.234
FR0010208488,35052259,ENGI,EUR,2020-05-27,10.24,10.616,10.214,10.544,13718146,28571,10.502
FR0010208488,35052259,ENGI,EUR,2020-05-28,10.746,10.91,10.454,10.856,13091321,20484,10.7632
FR0010208488,35052259,ENGI,EUR,2020-05-29,10.746,10.9,10.504,10.634,15304263,23775,10.648
FR0010208488,35052259,ENGI,EUR,2020-06-01,10.75,10.836,10.59,10.65,6202111,10786,10.663
FR0010208488,35052259,ENGI,EUR,2020-06-02,10.81,10.98,10.69,10.906,9610236,18806,10.8496
FR0010208488,35052259,ENGI,EUR,2020-06-03,10.97,11.66,10.934,11.61,14341873,24986,11.407
FR0010208488,35052259,ENGI,EUR,2020-06-04,11.536,11.63,11.05,11.36,12020308,24977,11.4518
FR0010208488,35052259,ENGI,EUR,2020-06-05,11.456,11.806,11.43,11.69,13219268,27809,11.669
FR0010208488,35052259,ENGI,EUR,2020-06-08,11.956,12.116,11.564,11.95,11686732,23465,11.9374
FR0010208488,35052259,ENGI,EUR,2020-06-09,12.006,12.11,11.584,11.86,15371248,28683,11.8214
FR0010208488,35052259,ENGI,EUR,2020-06-10,11.99,12.0,11.31,11.4,12355647,23832,11.535
FR0010208488,35052259,ENGI,EUR,2020-06-11,11.316,11.316,10.7,10.776,14596482,25425,10.9038
FR0010208488,35052259,ENGI,EUR,2020-06-12,10.566,11.09,10.564,10.956,8749316,19822,10.9568
FR0010208488,35052259,ENGI,EUR,2020-06-15,11.026,11.03,10.54,10.81,11192756,22184,10.7456
FR0010208488,35052259,ENGI,EUR,2020-06-16,11.14,11.34,10.904,11.14,10970349,20633,11.1334
FR0010208488,35052259,ENGI,EUR,2020-06-17,11.19,11.316,11.1,11.25,9124240,16829,11.2256
FR0010208488,35052259,ENGI,EUR,2020-06-18,11.24,11.29,11.09,11.196,6372324,13043,11.1814
FR0010208488,35052259,ENGI,EUR,2020-06-19,11.294,11.366,11.15,11.25,14933370,16422,11.2658
FR0010208488,35052259,ENGI,EUR,2020-06-22,11.196,11.3,10.95,11.1,8771417,16319,11.0748
FR0010208488,35052259,ENGI,EUR,2020-06-23,11.35,11.48,11.154,11.214,9246478,17813,11.2824
FR0010208488,35052259,ENGI,EUR,2020-06-24,11.304,11.31,10.874,10.94,6583169,13196,11.036
FR0010208488,35052259,ENGI,EUR,2020-06-25,10.946,11.08,10.75,10.96,7414184,16849,10.9456
FR0010208488,35052259,ENGI,EUR,2020-06-26,11.1,11.116,10.85,10.896,7548646,15466,10.9798
FR0010208488,35052259,ENGI,EUR,2020-06-29,10.51,11.26,10.51,11.19,10379820,21144,11.0656
FR0010208488,35052259,ENGI,EUR,2020-06-30,11.176,11.3,10.994,11.0,12858187,21579,11.068
FR0010208488,35052259,ENGI,EUR,2020-07-01,11.146,11.186,10.704,10.926,8944321,19158,10.9006
FR0010208488,35052259,ENGI,EUR,2020-07-02,10.92,11.476,10.92,11.37,13233882,27607,11.3326
FR0010208488,35052259,ENGI,EUR,2020-07-03,11.29,11.516,11.25,11.384,6250217,15326,11.4032
FR0010208488,35052259,ENGI,EUR,2020-07-06,11.55,11.716,11.364,11.406,6643820,15468,11.483
FR0010208488,35052259,ENGI,EUR,2020-07-07,11.48,11.48,11.18,11.304,4915616,10481,11.3004
FR0010208488,35052259,ENGI,EUR,2020-07-08,11.27,11.386,11.11,11.28,7806223,16602,11.2878
FR0010208488,35052259,ENGI,EUR,2020-07-09,11.336,11.346,10.794,10.8,11938395,21669,10.9642
FR0010208488,35052259,ENGI,EUR,2020-07-10,10.884,11.03,10.582,10.93,10657307,22123,10.7588
FR0010208488,35052259,ENGI,EUR,2020-07-13,11.06,11.15,10.88,11.116,6067772,13212,11.0336
FR0010208488,35052259,ENGI,EUR,2020-07-14,10.926,11.146,10.86,11.01,6337642,13963,10.9782
FR0010208488,35052259,ENGI,EUR,2020-07-15,11.15,11.29,10.894,11.176,7538023,14913,11.131
FR0010208488,35052259,ENGI,EUR,2020-07-16,11.29,11.306,11.034,11.276,6785764,14639,11.1986
FR0010208488,35052259,ENGI,EUR,2020-07-17,11.166,11.336,11.07,11.146,7519849,15171,11.1632
FR0010208488,35052259,ENGI,EUR,2020-07-20,11.066,11.466,11.004,11.4,6807644,14512,11.3144
FR0010208488,35052259,ENGI,EUR,2020-07-21,11.446,11.686,11.114,11.31,6792931,13509,11.4448
FR0010208488,35052259,ENGI,EUR,2020-07-22,11.18,11.346,11.1,11.226,7243868,13155,11.2282
FR0010208488,35052259,ENGI,EUR,2020-07-23,11.34,11.35,10.884,11.106,5728641,11723,11.143
FR0010208488,35052259,ENGI,EUR,2020-07-24,11.0,11.016,10.85,10.92,1575476,5210,10.925
FR0010208488,35052259,ENGI,EUR,2020-07-27,11.04,11.04,10.74,10.83,6649839,14455,10.8176
FR0010208488,35052259,ENGI,EUR,2020-07-28,10.816,11.21,10.74,11.16,7890418,15412,11.0274
FR0010208488,35052259,ENGI,EUR,2020-07-29,11.146,11.266,11.104,11.22,7076919,13374,11.2156
FR0010208488,35052259,ENGI,EUR,2020-07-30,11.176,11.256,10.69,10.856,12098985,22982,10.936
FR0010208488,35052259,ENGI,EUR,2020-07-31,11.04,11.7,10.854,11.29,18418544,34243,11.3536
FR0010208488,35052259,ENGI,EUR,2020-08-03,11.38,11.996,11.32,11.9,15483055,29888,11.7504
FR0010208488,35052259,ENGI,EUR,2020-08-04,12.0,12.0,11.604,11.756,7405549,17590,11.7822
FR0010208488,35052259,ENGI,EUR,2020-08-05,11.656,11.96,11.654,11.786,6716034,14841,11.85
FR0010208488,35052259,ENGI,EUR,2020-08-06,11.88,11.88,11.464,11.6,5825289,12335,11.621
FR0010208488,35052259,ENGI,EUR,2020-08-07,11.606,11.73,11.44,11.626,5126215,10977,11.549
FR0010208488,35052259,ENGI,EUR,2020-08-10,11.646,11.846,11.534,11.786,4615249,9900,11.7392
FR0010208488,35052259,ENGI,EUR,2020-08-11,11.82,12.2,11.82,11.976,7667671,16196,12.0402
FR0010208488,35052259,ENGI,EUR,2020-08-12,11.92,12.196,11.91,12.176,6675388,15624,12.1134
FR0010208488,35052259,ENGI,EUR,2020-08-13,12.156,12.196,11.93,12.01,4259246,10164,12.044
FR0010208488,35052259,ENGI,EUR,2020-08-14,11.906,11.94,11.57,11.75,5555883,11736,11.722
FR0010208488,35052259,ENGI,EUR,2020-08-17,11.55,11.826,11.55,11.646,3473669,8110,11.651
FR0010208488,35052259,ENGI,EUR,2020-08-18,11.616,11.77,11.34,11.4,4904113,10537,11.5174
FR0010208488,35052259,ENGI,EUR,2020-08-19,11.43,11.476,11.24,11.45,4111816,9287,11.4004
FR0010208488,35052259,ENGI,EUR,2020-08-20,11.316,11.39,11.154,11.236,5841790,11508,11.2432
FR0010208488,35052259,ENGI,EUR,2020-08-21,11.286,11.43,11.08,11.186,5742426,12401,11.218
FR0010208488,35052259,ENGI,EUR,2020-08-24,11.33,11.72,11.324,11.59,5962076,12088,11.5418
FR0010208488,35052259,ENGI,EUR,2020-08-25,11.726,11.77,11.44,11.44,5853074,11344,11.5824
FR0010208488,35052259,ENGI,EUR,2020-08-26,11.49,11.49,11.28,11.356,3833459,8534,11.3846
FR0010208488,35052259,ENGI,EUR,2020-08-27,11.396,11.41,11.144,11.17,5268209,10210,11.2134
FR0010208488,35052259,ENGI,EUR,2020-08-28,11.304,11.31,11.04,11.134,5300745,12045,11.156
FR0010208488,35052259,ENGI,EUR,2020-08-31,11.56,11.86,11.51,11.656,11593689,18805,11.7302
FR0010208488,35052259,ENGI,EUR,2020-09-01,11.82,11.96,11.374,11.59,10295973,21705,11.739
FR0010208488,35052259,ENGI,EUR,2020-09-02,11.586,11.88,11.57,11.75,5647878,12999,11.7068
FR0010208488,35052259,ENGI,EUR,2020-09-03,11.896,12.26,11.754,11.866,8541421,18076,12.0518
FR0010208488,35052259,ENGI,EUR,2020-09-04,11.74,11.946,11.594,11.64,9130101,21829,11.7588
FR0010208488,35052259,ENGI,EUR,2020-09-07,11.89,12.1,11.684,12.016,6220850,17257,11.9544
FR0010208488,35052259,ENGI,EUR,2020-09-08,12.016,12.03,11.616,11.77,7313793,15723,11.7632
FR0010208488,35052259,ENGI,EUR,2020-09-09,11.706,12.0,11.61,11.926,5917357,13935,11.8866
FR0010208488,35052259,ENGI,EUR,2020-09-10,11.98,12.05,11.714,11.826,4428840,10191,11.8986
FR0010208488,35052259,ENGI,EUR,2020-09-11,11.86,11.956,11.73,11.776,4652804,9751,11.7986
FR0010208488,35052259,ENGI,EUR,2020-09-14,11.86,12.036,11.86,11.946,1089185,4715,11.9526
FR0010208488,35052259,ENGI,EUR,2020-09-15,11.87,12.02,11.83,11.906,6003460,14582,11.9102
FR0010208488,35052259,ENGI,EUR,2020-09-16,11.926,12.06,11.81,11.956,4856413,9840,11.9248
FR0010208488,35052259,ENGI,EUR,2020-09-17,11.91,11.95,11.744,11.816,5205857,12220,11.8502
FR0010208488,35052259,ENGI,EUR,2020-09-18,11.876,11.89,11.55,11.596,14498200,18908,11.6666
FR0010208488,35052259,ENGI,EUR,2020-09-21,11.634,11.66,11.174,11.236,9625291,18002,11.2684
FR0010208488,35052259,ENGI,EUR,2020-09-22,11.26,11.346,11.16,11.16,7280345,12947,11.2346
FR0010208488,35052259,ENGI,EUR,2020-09-23,11.304,11.47,11.23,11.356,6374044,14229,11.3766
FR0010208488,35052259,ENGI,EUR,2020-09-24,11.16,11.48,11.02,11.134,7652440,13735,11.1504
FR0010208488,35052259,ENGI,EUR,2020-09-25,11.226,11.32,11.064,11.12,6962919,15286,11.1592
FR0010208488,35052259,ENGI,EUR,2020-09-28,11.27,11.536,11.254,11.41,6018755,10293,11.3676
FR0010208488,35052259,ENGI,EUR,2020-09-29,11.43,11.496,11.16,11.28,5309351,11135,11.2726
FR0010208488,35052259,ENGI,EUR,2020-09-30,11.266,12.3,11.264,11.42,8487357,16097,11.424
FR0010208488,35052259,ENGI,EUR,2020-10-01,11.676,11.676,11.39,11.426,7968001,18547,11.5148
FR0010208488,35052259,ENGI,EUR,2020-10-02,11.31,11.556,11.28,11.46,5735763,13789,11.3972
FR0010208488,35052259,ENGI,EUR,2020-10-05,11.496,11.77,11.414,11.51,4670804,9887,11.506
FR0010208488,35052259,ENGI,EUR,2020-10-06,11.794,12.0,11.6,11.836,8157892,14733,11.7884
FR0010208488,35052259,ENGI,EUR,2020-10-07,11.77,12.178,11.77,12.066,12723732,20809,12.045
FR0010208488,35052259,ENGI,EUR,2020-10-08,12.16,12.22,12.04,12.13,5314957,10855,12.1388
FR0010208488,35052259,ENGI,EUR,2020-10-09,12.2,12.356,12.004,12.14,10648744,21432,12.2208
FR0010208488,35052259,ENGI,EUR,2020-10-12,12.21,12.296,12.084,12.16,6279726,13476,12.1912
FR0010208488,35052259,ENGI,EUR,2020-10-13,12.16,12.24,11.99,12.05,6395317,14202,12.1124
FR0010208488,35052259,ENGI,EUR,2020-10-14,12.096,12.136,11.87,11.96,5250426,10538,11.9568
FR0010208488,35052259,ENGI,EUR,2020-10-15,11.856,11.856,11.574,11.626,7308340,15942,11.6554
FR0010208488,35052259,ENGI,EUR,2020-10-16,11.656,11.78,11.574,11.74,6925338,15719,11.6814
FR0010208488,35052259,ENGI,EUR,2020-10-19,11.776,12.06,11.58,11.68,4532041,10333,11.7648
FR0010208488,35052259,ENGI,EUR,2020-10-20,11.69,11.826,11.544,11.686,6435558,12223,11.7118
FR0010208488,35052259,ENGI,EUR,2020-10-21,11.686,11.76,11.314,11.384,6675180,13770,11.459
FR0010208488,35052259,ENGI,EUR,2020-10-22,11.28,11.344,11.144,11.21,8064615,19443,11.2234
FR0010208488,35052259,ENGI,EUR,2020-10-23,11.29,11.41,11.15,11.366,6587914,13121,11.3248
FR0010208488,35052259,ENGI,EUR,2020-10-26,11.42,11.42,11.044,11.11,5810366,13923,11.1768
FR0010208488,35052259,ENGI,EUR,2020-10-27,11.134,11.22,10.69,10.896,8420624,17937,10.9308
FR0010208488,35052259,ENGI,EUR,2020-10-28,10.736,10.736,10.304,10.456,13180221,28618,10.4758
FR0010208488,35052259,ENGI,EUR,2020-10-29,10.4,10.436,10.1,10.27,10658329,22742,10.2744
FR0010208488,35052259,ENGI,EUR,2020-10-30,10.266,10.416,10.11,10.384,2143889,8045,10.3168
FR0010208488,35052259,ENGI,EUR,2020-11-02,10.43,10.666,10.254,10.606,7028056,15317,10.544
FR0010208488,35052259,ENGI,EUR,2020-11-03,10.794,11.0,10.66,10.82,7611001,15776,10.8132
FR0010208488,35052259,ENGI,EUR,2020-11-04,10.8,11.12,10.5,11.07,9781441,21415,10.8876
FR0010208488,35052259,ENGI,EUR,2020-11-05,11.086,11.326,11.084,11.246,7791628,16176,11.2566
FR0010208488,35052259,ENGI,EUR,2020-11-06,11.15,11.35,10.974,11.036,6745150,14278,11.0918
FR0010208488,35052259,ENGI,EUR,2020-11-09,11.07,11.98,11.07,11.76,18981998,38842,11.7278
FR0010208488,35052259,ENGI,EUR,2020-11-10,11.62,12.056,11.62,11.976,14018162,31090,11.891
FR0010208488,35052259,ENGI,EUR,2020-11-11,12.076,12.336,11.834,12.266,10605927,23923,12.1964
FR0010208488,35052259,ENGI,EUR,2020-11-12,12.32,12.32,11.754,11.92,10304782,18259,11.9896
FR0010208488,35052259,ENGI,EUR,2020-11-13,11.726,12.48,11.724,12.3,14474596,31200,12.3364
FR0010208488,35052259,ENGI,EUR,2020-11-16,12.446,12.586,12.304,12.39,11123492,22733,12.4438
FR0010208488,35052259,ENGI,EUR,2020-11-17,12.41,12.41,12.134,12.24,7357688,16665,12.2412
FR0010208488,35052259,ENGI,EUR,2020-11-18,12.326,12.33,12.1,12.21,5999765,12082,12.2092
FR0010208488,35052259,ENGI,EUR,2020-11-19,11.96,12.216,11.934,12.054,7573465,15183,12.0918
FR0010208488,35052259,ENGI,EUR,2020-11-20,12.07,12.266,11.994,12.166,6952514,15434,12.1654
FR0010208488,35052259,ENGI,EUR,2020-11-23,12.21,12.326,12.21,12.23,5772267,11621,12.257
FR0010208488,35052259,ENGI,EUR,2020-11-24,12.396,12.62,12.204,12.426,7073976,14944,12.389
FR0010208488,35052259,ENGI,EUR,2020-11-25,12.51,12.716,12.33,12.634,8583347,20078,12.5864
FR0010208488,35052259,ENGI,EUR,2020-11-26,12.626,12.726,12.41,12.526,4923358,9801,12.5996
FR0010208488,35052259,ENGI,EUR,2020-11-27,12.55,12.686,12.43,12.52,7295958,12270,12.5584
FR0010208488,35052259,ENGI,EUR,2020-11-30,12.39,12.6,12.34,12.37,9757810,16047,12.444
FR0010208488,35052259,ENGI,EUR,2020-12-01,12.51,12.606,12.34,12.51,5951631,13607,12.4708
FR0010208488,35052259,ENGI,EUR,2020-12-02,12.44,12.85,12.44,12.8,11094619,20873,12.7254
FR0010208488,35052259,ENGI,EUR,2020-12-03,12.846,12.846,12.554,12.586,7095289,14846,12.6318
FR0010208488,35052259,ENGI,EUR,2020-12-04,12.51,12.666,12.354,12.5,6833274,13433,12.539
FR0010208488,35052259,ENGI,EUR,2020-12-07,12.44,12.59,12.254,12.54,6661187,12727,12.452
FR0010208488,35052259,ENGI,EUR,2020-12-08,12.416,12.546,12.3,12.376,7378435,14959,12.3686
FR0010208488,35052259,ENGI,EUR,2020-12-09,12.366,12.58,12.354,12.576,6595730,11869,12.5142
FR0010208488,35052259,ENGI,EUR,2020-12-10,12.49,12.63,12.37,12.396,8178392,15154,12.456
FR0010208488,35052259,ENGI,EUR,2020-12-11,12.366,12.526,12.274,12.34,8864031,19969,12.401
FR0010208488,35052259,ENGI,EUR,2020-12-14,12.38,12.676,12.38,12.526,7609442,13574,12.5518
FR0010208488,35052259,ENGI,EUR,2020-12-15,12.5,12.54,12.38,12.43,6650943,12764,12.4364
FR0010208488,35052259,ENGI,EUR,2020-12-16,12.426,12.646,12.4,12.6,6227012,12386,12.5884
FR0010208488,35052259,ENGI,EUR,2020-12-17,12.67,12.846,12.57,12.67,6710051,13095,12.6948
FR0010208488,35052259,ENGI,EUR,2020-12-18,12.746,12.996,12.58,12.626,10844465,18049,12.6656
FR0010208488,35052259,ENGI,EUR,2020-12-21,12.656,12.666,11.89,12.16,11061682,25657,12.134
FR0010208488,35052259,ENGI,EUR,2020-12-22,12.16,12.366,12.1,12.326,4443412,8932,12.2782
FR0010208488,35052259,ENGI,EUR,2020-12-23,12.35,12.746,12.3,12.69,4890847,9646,12.5984
FR0010208488,35052259,ENGI,EUR,2020-12-24,12.726,12.806,12.55,12.6,1370246,3113,12.647
FR0010208488,35052259,ENGI,EUR,2020-12-28,12.76,12.946,12.61,12.9,3768276,6428,12.8548
FR0010208488,35052259,ENGI,EUR,2020-12-29,12.82,12.94,12.6,12.756,3718677,8294,12.8034
FR0010208488,35052259,ENGI,EUR,2020-12-30,12.72,12.76,12.624,12.696,3220331,8105,12.6872
FR0010208488,35052259,ENGI,EUR,2020-12-31,12.58,12.68,12.51,12.52,1986828,2758,12.56
FR0010208488,35052259,ENGI,EUR,2021-01-04,12.73,13.066,12.504,12.806,6273415,13253,12.8844
FR0010208488,35052259,ENGI,EUR,2021-01-05,12.93,12.93,12.394,12.616,6755479,14952,12.6034
FR0010208488,35052259,ENGI,EUR,2021-01-06,12.62,13.286,12.524,13.126,9118254,16671,12.979
FR0010208488,35052259,ENGI,EUR,2021-01-07,13.226,13.346,13.04,13.07,6050514,13476,13.1284
FR0010208488,35052259,ENGI,EUR,2021-01-08,13.166,13.33,12.96,13.306,7025825,14012,13.2386
FR0010208488,35052259,ENGI,EUR,2021-01-11,13.294,13.296,13.02,13.166,6550360,13973,13.1554
FR0010208488,35052259,ENGI,EUR,2021-01-12,13.214,13.616,13.214,13.506,10458663,24608,13.4872
FR0010208488,35052259,ENGI,EUR,2021-01-13,13.56,13.86,13.324,13.686,8511491,22098,13.6562
FR0010208488,35052259,ENGI,EUR,2021-01-14,13.74,13.956,13.58,13.846,8111873,20192,13.7608
FR0010208488,35052259,ENGI,EUR,2021-01-15,13.884,13.9,13.4,13.616,8164366,17998,13.64
FR0010208488,35052259,ENGI,EUR,2021-01-18,13.51,13.626,13.354,13.486,4587772,9783,13.458
FR0010208488,35052259,ENGI,EUR,2021-01-19,13.53,13.736,13.48,13.58,5489742,11859,13.6036
FR0010208488,35052259,ENGI,EUR,2021-01-20,13.65,13.656,13.334,13.446,5657750,12117,13.4424
FR0010208488,35052259,ENGI,EUR,2021-01-21,13.54,13.71,13.284,13.316,5471655,13182,13.372
FR0010208488,35052259,ENGI,EUR,2021-01-22,13.31,13.31,13.04,13.116,7342668,16991,13.1168
FR0010208488,35052259,ENGI,EUR,2021-01-25,13.15,13.316,12.734,12.93,7800776,19882,12.9294
FR0010208488,35052259,ENGI,EUR,2021-01-26,12.976,13.106,12.89,12.99,6478757,15066,13.0018
FR0010208488,35052259,ENGI,EUR,2021-01-27,13.06,13.08,12.53,12.73,9544553,22000,12.7442
FR0010208488,35052259,ENGI,EUR,2021-01-28,12.626,13.09,12.444,12.96,8306257,17257,12.8544
FR0010208488,35052259,ENGI,EUR,2021-01-29,12.88,12.936,12.65,12.82,9462295,17048,12.8282
FR0010208488,35052259,ENGI,EUR,2021-02-01,13.1,13.18,12.754,12.976,5949985,14579,12.9408
FR0010208488,35052259,ENGI,EUR,2021-02-02,13.12,13.15,12.92,13.036,7403167,14550,13.0238
FR0010208488,35052259,ENGI,EUR,2021-02-03,13.066,13.33,13.064,13.3,7548848,18201,13.2716
FR0010208488,35052259,ENGI,EUR,2021-02-04,13.38,13.39,13.144,13.29,5582302,11873,13.2964
FR0010208488,35052259,ENGI,EUR,2021-02-05,13.27,13.47,13.264,13.4,5173873,12279,13.3858
FR0010208488,35052259,ENGI,EUR,2021-02-08,13.15,13.436,13.14,13.246,5634016,10579,13.302
FR0010208488,35052259,ENGI,EUR,2021-02-09,13.15,13.266,12.984,13.1,5944808,11469,13.1232
FR0010208488,35052259,ENGI,EUR,2021-02-10,13.126,13.276,13.054,13.12,6117660,13988,13.158
FR0010208488,35052259,ENGI,EUR,2021-02-11,13.106,13.206,13.04,13.106,5187949,11529,13.119
FR0010208488,35052259,ENGI,EUR,2021-02-12,13.134,13.136,12.95,13.056,5562683,11698,13.0156
FR0010208488,35052259,ENGI,EUR,2021-02-15,13.1,13.24,13.034,13.106,5123780,9582,13.0992
FR0010208488,35052259,ENGI,EUR,2021-02-16,13.2,13.226,12.914,12.94,4860059,10975,13.0186
FR0010208488,35052259,ENGI,EUR,2021-02-17,13.01,13.186,12.85,12.986,4897633,12563,12.967
FR0010208488,35052259,ENGI,EUR,2021-02-18,13.07,13.22,12.774,12.794,6168272,12101,12.8388
FR0010208488,35052259,ENGI,EUR,2021-02-19,12.826,12.96,12.664,12.896,5759953,12664,12.841
FR0010208488,35052259,ENGI,EUR,2021-02-22,12.936,12.968,12.69,12.736,6654199,11004,12.7892
FR0010208488,35052259,ENGI,EUR,2021-02-23,12.71,12.81,12.48,12.67,7681646,20083,12.6096
FR0010208488,35052259,ENGI,EUR,2021-02-24,12.714,12.796,12.61,12.646,7822166,15611,12.678
FR0010208488,35052259,ENGI,EUR,2021-02-25,12.806,12.806,12.49,12.606,6843360,14922,12.6392
FR0010208488,35052259,ENGI,EUR,2021-02-26,12.61,12.75,12.014,12.086,13524911,27448,12.1852
FR0010208488,35052259,ENGI,EUR,2021-03-01,12.366,12.4,11.95,12.01,10184956,21121,12.0762
FR0010208488,35052259,ENGI,EUR,2021-03-02,12.12,12.14,11.774,11.82,10730377,20256,11.8694
FR0010208488,35052259,ENGI,EUR,2021-03-03,11.976,11.986,11.364,11.536,12779446,28552,11.5658
FR0010208488,35052259,ENGI,EUR,2021-03-04,11.516,11.756,11.442,11.506,13751920,27050,11.526
FR0010208488,35052259,ENGI,EUR,2021-03-05,11.696,11.7,11.374,11.436,9370497,20562,11.4448
FR0010208488,35052259,ENGI,EUR,2021-03-08,11.804,11.83,11.314,11.5,8994190,19647,11.4776
FR0010208488,35052259,ENGI,EUR,2021-03-09,11.606,12.04,11.49,11.88,12116233,25762,11.875
FR0010208488,35052259,ENGI,EUR,2021-03-10,12.066,12.28,11.79,11.97,6634563,14833,11.926
FR0010208488,35052259,ENGI,EUR,2021-03-11,12.246,12.32,11.962,12.16,7056822,18281,12.1138
FR0010208488,35052259,ENGI,EUR,2021-03-12,12.336,12.336,12.044,12.186,6212336,14177,12.1812
FR0010208488,35052259,ENGI,EUR,2021-03-15,12.4,12.5,12.11,12.16,4947359,12084,12.1814
FR0010208488,35052259,ENGI,EUR,2021-03-16,12.14,12.226,12.044,12.11,4966040,10829,12.1108
FR0010208488,35052259,ENGI,EUR,2021-03-17,12.11,12.45,12.004,12.07,2703968,8065,12.0782
FR0010208488,35052259,ENGI,EUR,2021-03-18,12.206,12.25,12.05,12.134,11590894,22849,12.17
FR0010208488,35052259,ENGI,EUR,2021-03-19,12.146,12.22,11.95,12.196,20020407,22642,12.1654
FR0010208488,35052259,ENGI,EUR,2021-03-22,12.246,12.266,11.99,12.066,6310694,14815,12.0476
FR0010208488,35052259,ENGI,EUR,2021-03-23,12.2,12.226,11.944,12.11,5783124,14055,12.0984
FR0010208488,35052259,ENGI,EUR,2021-03-24,12.11,12.11,11.8,11.964,9360020,22944,11.9078
FR0010208488,35052259,ENGI,EUR,2021-03-25,12.044,12.156,11.854,11.98,6287505,20167,11.974
FR0010208488,35052259,ENGI,EUR,2021-03-26,12.134,12.256,11.98,12.036,11190647,23993,12.0716
FR0010208488,35052259,ENGI,EUR,2021-03-29,12.116,12.266,12.05,12.16,6684876,11960,12.1328
FR0010208488,35052259,ENGI,EUR,2021-03-30,12.21,12.24,11.98,12.036,7226215,14748,12.0484
FR0010208488,35052259,ENGI,EUR,2021-03-31,12.166,12.216,12.02,12.106,8660028,15377,12.094
FR0010208488,35052259,ENGI,EUR,2021-04-01,12.196,12.284,12.01,12.122,6729494,17322,12.1242
FR0010208488,35052259,ENGI,EUR,2021-04-06,12.248,12.248,12.076,12.154,6817761,17770,12.155
FR0010208488,35052259,ENGI,EUR,2021-04-07,12.102,12.5,12.102,12.274,6133932,19900,12.3116
FR0010208488,35052259,ENGI,EUR,2021-04-08,12.47,12.47,12.238,12.29,6528486,16022,12.296
FR0010208488,35052259,ENGI,EUR,2021-04-09,12.24,12.4,12.202,12.326,5519105,14539,12.2782
FR0010208488,35052259,ENGI,EUR,2021-04-12,12.398,12.544,12.284,12.452,7700142,23354,12.4402
FR0010208488,35052259,ENGI,EUR,2021-04-13,12.508,12.54,12.116,12.26,9592193,23733,12.253
FR0010208488,35052259,ENGI,EUR,2021-04-14,12.268,12.414,12.174,12.254,5685491,14725,12.2432
FR0010208488,35052259,ENGI,EUR,2021-04-15,12.294,12.398,12.188,12.246,1792779,7000,12.25
FR0010208488,35052259,ENGI,EUR,2021-04-16,12.298,12.474,12.196,12.402,8791872,19995,12.407
FR0010208488,35052259,ENGI,EUR,2021-04-19,12.548,12.588,12.26,12.388,5235686,15054,12.3908
FR0010208488,35052259,ENGI,EUR,2021-04-20,12.3,12.398,12.064,12.172,10116486,21034,12.1732
FR0010208488,35052259,ENGI,EUR,2021-04-21,12.196,12.27,12.034,12.086,5469020,13080,12.1046
FR0010208488,35052259,ENGI,EUR,2021-04-22,12.148,12.36,12.122,12.3,6337360,14357,12.2986
FR0010208488,35052259,ENGI,EUR,2021-04-23,12.232,12.43,12.232,12.36,5559732,14872,12.3414
FR0010208488,35052259,ENGI,EUR,2021-04-26,12.51,12.548,12.298,12.496,5561388,16005,12.4692
FR0010208488,35052259,ENGI,EUR,2021-04-27,12.46,12.494,12.286,12.34,5402722,14766,12.3566
FR0010208488,35052259,ENGI,EUR,2021-04-28,12.38,12.5,12.36,12.398,5106443,15071,12.4074
FR0010208488,35052259,ENGI,EUR,2021-04-29,12.498,12.498,12.226,12.302,7143081,15127,12.324
FR0010208488,35052259,ENGI,EUR,2021-04-30,12.294,12.446,12.244,12.37,6439575,16183,12.372
FR0010208488,35052259,ENGI,EUR,2021-05-03,12.448,12.458,12.302,12.448,4401396,11670,12.4108
FR0010208488,35052259,ENGI,EUR,2021-05-04,12.42,12.602,12.352,12.402,6705318,18222,12.4538
FR0010208488,35052259,ENGI,EUR,2021-05-05,12.4,12.56,12.358,12.386,6227819,13631,12.41
FR0010208488,35052259,ENGI,EUR,2021-05-06,12.512,12.59,12.392,12.53,5994416,15356,12.5222
FR0010208488,35052259,ENGI,EUR,2021-05-07,12.6,12.76,12.516,12.612,5787873,16045,12.6054
FR0010208488,35052259,ENGI,EUR,2021-05-10,12.8,12.8,12.55,12.65,4998705,18899,12.631
FR0010208488,35052259,ENGI,EUR,2021-05-11,12.522,12.56,12.124,12.184,10537699,24518,12.2308
FR0010208488,35052259,ENGI,EUR,2021-05-12,12.22,12.42,12.152,12.246,6486368,18947,12.2874
FR0010208488,35052259,ENGI,EUR,2021-05-13,12.274,12.52,12.052,12.406,7428065,18645,12.2702
FR0010208488,35052259,ENGI,EUR,2021-05-14,12.4,12.734,12.3,12.684,8522890,20745,12.6264
FR0010208488,35052259,ENGI,EUR,2021-05-17,12.798,12.832,12.534,12.716,9270782,26119,12.6894
FR0010208488,35052259,ENGI,EUR,2021-05-18,12.8,13.258,12.736,13.1,13824772,38007,13.141
FR0010208488,35052259,ENGI,EUR,2021-05-19,13.062,13.204,12.958,13.122,9909935,24554,13.1052
FR0010208488,35052259,ENGI,EUR,2021-05-20,13.164,13.19,12.882,13.064,7545846,18688,13.0228
FR0010208488,35052259,ENGI,EUR,2021-05-21,13.098,13.19,12.968,13.144,8045966,24174,13.135
FR0010208488,35052259,ENGI,EUR,2021-05-24,12.67,12.724,12.528,12.642,5642313,14570,12.6054
FR0010208488,35052259,ENGI,EUR,2021-05-25,12.724,12.85,12.586,12.588,6285215,15089,12.6236
FR0010208488,35052259,ENGI,EUR,2021-05-26,12.782,12.782,12.458,12.508,5395160,18867,12.5282
FR0010208488,35052259,ENGI,EUR,2021-05-27,12.524,12.524,12.198,12.258,8197681,18292,12.3232
FR0010208488,35052259,ENGI,EUR,2021-05-28,12.468,12.516,12.244,12.266,5811212,21653,12.3
FR0010208488,35052259,ENGI,EUR,2021-05-31,12.354,12.41,12.126,12.15,5119871,11619,12.1902
FR0010208488,35052259,ENGI,EUR,2021-06-01,12.204,12.342,12.118,12.282,5147732,15158,12.286
FR0010208488,35052259,ENGI,EUR,2021-06-02,12.152,12.412,12.152,12.338,5207247,16343,12.3414
FR0010208488,35052259,ENGI,EUR,2021-06-03,12.366,12.372,12.214,12.332,5132975,16485,12.311
FR0010208488,35052259,ENGI,EUR,2021-06-04,12.366,12.372,12.16,12.31,5625886,15941,12.272
FR0010208488,35052259,ENGI,EUR,2021-06-07,12.39,12.434,12.258,12.39,5125268,12884,12.3784
FR0010208488,35052259,ENGI,EUR,2021-06-08,12.432,12.496,12.332,12.34,5785950,13700,12.3694
FR0010208488,35052259,ENGI,EUR,2021-06-09,12.41,12.41,12.224,12.292,4170833,11284,12.2958
FR0010208488,35052259,ENGI,EUR,2021-06-10,12.308,12.356,12.108,12.206,4886801,13912,12.2024
FR0010208488,35052259,ENGI,EUR,2021-06-11,12.254,12.398,12.214,12.316,5794073,14242,12.302
FR0010208488,35052259,ENGI,EUR,2021-06-14,12.428,12.428,12.222,12.308,5826756,16584,12.3368
FR0010208488,35052259,ENGI,EUR,2021-06-15,12.4,12.432,12.31,12.332,5993988,17614,12.3514
FR0010208488,35052259,ENGI,EUR,2021-06-16,12.388,12.39,12.21,12.244,7154573,16739,12.2754
FR0010208488,35052259,ENGI,EUR,2021-06-17,12.208,12.25,12.052,12.128,7935845,22623,12.1158
FR0010208488,35052259,ENGI,EUR,2021-06-18,12.11,12.158,11.808,11.9,15748262,36770,11.9264
FR0010208488,35052259,ENGI,EUR,2021-06-21,11.91,12.102,11.766,11.8,9795564,23021,11.8262
FR0010208488,35052259,ENGI,EUR,2021-06-22,11.936,12.008,11.694,11.73,8104245,20478,11.7414
FR0010208488,35052259,ENGI,EUR,2021-06-23,11.78,11.854,11.502,11.57,9949424,28071,11.5906
FR0010208488,35052259,ENGI,EUR,2021-06-24,11.536,11.874,11.518,11.684,6913871,16611,11.6796
FR0010208488,35052259,ENGI,EUR,2021-06-25,11.808,11.862,11.564,11.63,5257674,13260,11.6152
FR0010208488,35052259,ENGI,EUR,2021-06-28,11.768,11.818,11.542,11.592,5624851,15311,11.5944
FR0010208488,35052259,ENGI,EUR,2021-06-29,11.694,11.694,11.51,11.566,5714020,16676,11.5792
FR0010208488,35052259,ENGI,EUR,2021-06-30,11.6,11.616,11.382,11.554,9770184,21046,11.5224
FR0010208488,35052259,ENGI,EUR,2021-07-01,11.638,11.998,11.548,11.732,8004359,22033,11.6872
FR0010208488,35052259,ENGI,EUR,2021-07-02,11.9,11.94,11.676,11.754,5609637,13460,11.7564
FR0010208488,35052259,ENGI,EUR,2021-07-05,11.89,11.89,11.63,11.698,3653336,8615,11.6902
FR0010208488,35052259,ENGI,EUR,2021-07-06,11.682,11.776,11.524,11.594,6473635,14515,11.5934
FR0010208488,35052259,ENGI,EUR,2021-07-07,11.578,11.728,11.562,11.68,6525838,14831,11.658
FR0010208488,35052259,ENGI,EUR,2021-07-08,11.616,11.634,11.416,11.528,10464764,27790,11.5092
FR0010208488,35052259,ENGI,EUR,2021-07-09,11.596,11.708,11.516,11.606,6821501,16852,11.6114
FR0010208488,35052259,ENGI,EUR,2021-07-12,11.752,11.756,11.514,11.64,4834992,13882,11.6082
FR0010208488,35052259,ENGI,EUR,2021-07-13,11.656,11.7,11.522,11.618,5037065,11837,11.6048
FR0010208488,35052259,ENGI,EUR,2021-07-14,11.658,11.714,11.516,11.612,4723541,13464,11.5838
FR0010208488,35052259,ENGI,EUR,2021-07-15,11.606,11.738,11.41,11.456,7655084,16790,11.4856
FR0010208488,35052259,ENGI,EUR,2021-07-16,11.536,11.73,11.526,11.622,7784390,19294,11.5962
FR0010208488,35052259,ENGI,EUR,2021-07-19,11.608,11.698,11.108,11.228,12525510,24104,11.2688
FR0010208488,35052259,ENGI,EUR,2021-07-20,11.334,11.338,11.018,11.092,10026959,28204,11.1122
FR0010208488,35052259,ENGI,EUR,2021-07-21,11.16,11.356,10.976,11.182,8009977,21833,11.1578
FR0010208488,35052259,ENGI,EUR,2021-07-22,11.31,11.438,11.222,11.316,7527380,20959,11.3342
FR0010208488,35052259,ENGI,EUR,2021-07-23,11.366,11.502,11.334,11.464,7243620,14139,11.4462
FR0010208488,35052259,ENGI,EUR,2021-07-26,11.52,11.606,11.332,11.486,5980659,16695,11.4668
FR0010208488,35052259,ENGI,EUR,2021-07-27,11.478,11.544,11.332,11.398,7249850,21957,11.3958
FR0010208488,35052259,ENGI,EUR,2021-07-28,11.468,11.604,11.414,11.558,6028968,17203,11.5222
FR0010208488,35052259,ENGI,EUR,2021-07-29,11.596,11.71,11.572,11.6,6744914,14802,11.6272
FR0010208488,35052259,ENGI,EUR,2021-07-30,11.752,11.816,11.124,11.252,16682269,46589,11.309
FR0010208488,35052259,ENGI,EUR,2021-08-02,11.438,11.438,11.262,11.346,6760289,16708,11.3458
FR0010208488,35052259,ENGI,EUR,2021-08-03,11.35,11.656,11.35,11.482,7243139,22944,11.505
FR0010208488,35052259,ENGI,EUR,2021-08-04,11.654,11.654,11.474,11.518,7212955,22224,11.5318
FR0010208488,35052259,ENGI,EUR,2021-08-05,11.578,11.696,11.534,11.622,7558912,23042,11.6206
FR0010208488,35052259,ENGI,EUR,2021-08-06,11.676,11.696,11.482,11.65,6310431,18240,11.6156
FR0010208488,35052259,ENGI,EUR,2021-08-09,11.472,11.744,11.472,11.654,3703365,9416,11.678
FR0010208488,35052259,ENGI,EUR,2021-08-10,11.676,11.734,11.64,11.682,4602260,13816,11.681
FR0010208488,35052259,ENGI,EUR,2021-08-11,11.702,11.89,11.702,11.8,4703143,14413,11.7888
FR0010208488,35052259,ENGI,EUR,2021-08-12,11.846,11.864,11.748,11.794,4254787,10852,11.8172
FR0010208488,35052259,ENGI,EUR,2021-08-13,11.832,11.944,11.766,11.922,6166426,15345,11.8992
FR0010208488,35052259,ENGI,EUR,2021-08-16,11.898,11.994,11.814,11.952,5533304,13166,11.9344
FR0010208488,35052259,ENGI,EUR,2021-08-17,11.992,12.0,11.812,11.95,4629531,12706,11.9324
FR0010208488,35052259,ENGI,EUR,2021-08-18,11.95,12.204,11.942,12.148,6454727,13063,12.1062
FR0010208488,35052259,ENGI,EUR,2021-08-19,12.174,12.25,11.982,12.164,7473411,17346,12.124
FR0010208488,35052259,ENGI,EUR,2021-08-20,12.248,12.386,12.01,12.338,8104311,16527,12.2874
FR0010208488,35052259,ENGI,EUR,2021-08-23,12.428,12.516,12.226,12.316,6583069,15183,12.314
FR0010208488,35052259,ENGI,EUR,2021-08-24,12.27,12.406,12.134,12.374,5366722,15172,12.3648
FR0010208488,35052259,ENGI,EUR,2021-08-25,12.28,12.386,12.166,12.212,7306576,18461,12.2416
FR0010208488,35052259,ENGI,EUR,2021-08-26,12.174,12.192,11.952,12.048,7523078,17709,12.0728
FR0010208488,35052259,ENGI,EUR,2021-08-27,11.952,12.16,11.952,12.034,2135045,10273,12.0736
FR0010208488,35052259,ENGI,EUR,2021-08-30,12.2,12.2,11.988,12.08,3374688,8542,12.0596
FR0010208488,35052259,ENGI,EUR,2021-08-31,12.034,12.468,12.034,12.132,10549063,26943,12.1604
FR0010208488,35052259,ENGI,EUR,2021-09-01,12.316,12.408,12.178,12.256,8047463,24811,12.2854
FR0010208488,35052259,ENGI,EUR,2021-09-02,12.368,12.368,12.05,12.09,7036858,18866,12.1064
FR0010208488,35052259,ENGI,EUR,2021-09-03,12.06,12.084,11.828,11.994,8049849,19133,11.9734
FR0010208488,35052259,ENGI,EUR,2021-09-06,12.044,12.25,11.944,12.056,4911885,11374,12.0702
FR0010208488,35052259,ENGI,EUR,2021-09-07,12.048,12.15,11.862,11.888,4859294,9955,11.9096
FR0010208488,35052259,ENGI,EUR,2021-09-08,11.89,12.088,11.782,12.028,8676955,20648,11.9744
FR0010208488,35052259,ENGI,EUR,2021-09-09,11.954,12.208,11.9,12.004,5159825,13737,12.0238
FR0010208488,35052259,ENGI,EUR,2021-09-10,12.062,12.064,11.734,11.758,7282359,18241,11.8116
FR0010208488,35052259,ENGI,EUR,2021-09-13,11.998,12.158,11.776,11.972,8380334,20498,11.9718
FR0010208488,35052259,ENGI,EUR,2021-09-14,11.936,12.036,11.88,11.986,7239746,17869,11.9558
FR0010208488,35052259,ENGI,EUR,2021-09-15,11.926,11.986,11.728,11.77,12130936,28583,11.8106
FR0010208488,35052259,ENGI,EUR,2021-09-16,11.9,11.9,11.638,11.764,10833659,26382,11.7466
FR0010208488,35052259,ENGI,EUR,2021-09-17,11.758,11.834,11.502,11.834,64152879,39909,11.7938
FR0010208488,35052259,ENGI,EUR,2021-09-20,11.778,11.79,11.62,11.746,12868731,28431,11.7336
FR0010208488,35052259,ENGI,EUR,2021-09-21,11.818,11.898,11.712,11.75,9138891,18642,11.8
FR0010208488,35052259,ENGI,EUR,2021-09-22,11.792,11.864,11.584,11.63,8620245,19502,11.6724
FR0010208488,35052259,ENGI,EUR,2021-09-23,11.78,11.804,11.67,11.758,6504232,16562,11.7592
FR0010208488,35052259,ENGI,EUR,2021-09-24,11.748,11.822,11.672,11.7,6184206,14140,11.7212
FR0010208488,35052259,ENGI,EUR,2021-09-27,11.772,11.958,11.696,11.824,4992570,12819,11.837
FR0010208488,35052259,ENGI,EUR,2021-09-28,11.976,12.0,11.616,11.69,8439913,17376,11.71
FR0010208488,35052259,ENGI,EUR,2021-09-29,11.796,11.802,11.552,11.618,8796244,23654,11.6358
FR0010208488,35052259,ENGI,EUR,2021-09-30,11.678,11.724,11.262,11.342,13880693,24561,11.3886
FR0010208488,35052259,ENGI,EUR,2021-10-01,11.314,11.782,11.21,11.624,13639873,29868,11.5774
FR0010208488,35052259,ENGI,EUR,2021-10-04,11.766,11.772,11.56,11.698,6673924,16555,11.681
FR0010208488,35052259,ENGI,EUR,2021-10-05,11.77,11.908,11.7,11.852,8219704,21454,11.8336
FR0010208488,35052259,ENGI,EUR,2021-10-06,11.9,11.9,11.544,11.656,9475563,22729,11.6354
FR0010208488,35052259,ENGI,EUR,2021-10-07,11.854,11.87,11.648,11.704,8187399,18547,11.7448
FR0010208488,35052259,ENGI,EUR,2021-10-08,11.868,11.868,11.544,11.598,6353804,16813,11.5996
FR0010208488,35052259,ENGI,EUR,2021-10-11,11.556,11.644,11.49,11.57,4686876,13551,11.5596
FR0010208488,35052259,ENGI,EUR,2021-10-12,11.56,11.628,11.434,11.552,7237241,16602,11.5378
FR0010208488,35052259,ENGI,EUR,2021-10-13,11.57,11.82,11.452,11.628,7107751,16136,11.5768
FR0010208488,35052259,ENGI,EUR,2021-10-14,11.638,11.688,11.51,11.544,7371540,16186,11.5694
FR0010208488,35052259,ENGI,EUR,2021-10-15,11.61,11.726,11.406,11.654,9710139,20550,11.588
FR0010208488,35052259,ENGI,EUR,2021-10-18,11.582,11.772,11.472,11.6,6657786,14895,11.6056
FR0010208488,35052259,ENGI,EUR,2021-10-19,11.642,11.99,11.56,11.818,6779934,15761,11.7698
FR0010208488,35052259,ENGI,EUR,2021-10-20,11.778,12.078,11.778,12.002,7961193,18873,11.9862
FR0010208488,35052259,ENGI,EUR,2021-10-21,12.046,12.198,12.004,12.098,7373158,18622,12.117
FR0010208488,35052259,ENGI,EUR,2021-10-22,12.136,12.234,12.026,12.162,5399327,12499,12.1266
FR0010208488,35052259,ENGI,EUR,2021-10-25,12.248,12.29,12.034,12.086,5197415,15222,12.133
FR0010208488,35052259,ENGI,EUR,2021-10-26,12.174,12.264,12.052,12.192,6196703,16761,12.2098
FR0010208488,35052259,ENGI,EUR,2021-10-27,12.102,12.36,12.102,12.33,7093663,17526,12.3144
FR0010208488,35052259,ENGI,EUR,2021-10-28,12.364,12.438,12.256,12.394,5944021,14331,12.3646
FR0010208488,35052259,ENGI,EUR,2021-10-29,12.336,12.45,12.164,12.296,6368512,13751,12.3248
FR0010208488,35052259,ENGI,EUR,2021-11-01,12.324,12.498,12.28,12.402,4837440,14090,12.409
FR0010208488,35052259,ENGI,EUR,2021-11-02,12.406,12.548,12.4,12.49,5212627,14220,12.485
FR0010208488,35052259,ENGI,EUR,2021-11-03,12.486,12.606,12.232,12.46,4449351,13886,12.471
FR0010208488,35052259,ENGI,EUR,2021-11-04,12.488,12.698,12.47,12.66,7554367,16796,12.638
FR0010208488,35052259,ENGI,EUR,2021-11-05,12.65,12.808,12.45,12.71,5081618,12328,12.715
FR0010208488,35052259,ENGI,EUR,2021-11-08,12.718,12.91,12.578,12.738,7715072,20442,12.788
FR0010208488,35052259,ENGI,EUR,2021-11-09,12.786,12.888,12.61,12.718,7886855,18733,12.77
FR0010208488,35052259,ENGI,EUR,2021-11-10,12.802,13.1,12.536,12.86,6319298,14193,12.8202
FR0010208488,35052259,ENGI,EUR,2021-11-11,13.032,13.23,12.904,13.154,13061945,29578,13.122
FR0010208488,35052259,ENGI,EUR,2021-11-12,13.3,13.3,13.006,13.16,5529402,15390,13.1592
FR0010208488,35052259,ENGI,EUR,2021-11-15,13.212,13.488,13.152,13.376,8347043,20890,13.3508
FR0010208488,35052259,ENGI,EUR,2021-11-16,13.488,13.53,13.308,13.478,7753703,19769,13.4648
FR0010208488,35052259,ENGI,EUR,2021-11-17,13.542,13.664,13.296,13.462,7911234,21254,13.5216
FR0010208488,35052259,ENGI,EUR,2021-11-18,13.29,13.536,13.058,13.35,8105629,20451,13.3816
FR0010208488,35052259,ENGI,EUR,2021-11-19,13.386,13.386,13.04,13.112,10606125,26128,13.1384
FR0010208488,35052259,ENGI,EUR,2021-11-22,13.0,13.174,12.918,13.04,8134370,21073,13.0232
FR0010208488,35052259,ENGI,EUR,2021-11-23,13.052,13.188,12.85,13.07,6912909,15644,13.0424
FR0010208488,35052259,ENGI,EUR,2021-11-24,13.06,13.098,12.94,13.064,6864864,15974,13.0394
FR0010208488,35052259,ENGI,EUR,2021-11-25,13.03,13.28,12.97,13.228,7622196,14488,13.1946
FR0010208488,35052259,ENGI,EUR,2021-11-26,12.886,13.15,12.562,12.796,13087092,25218,12.7994
FR0010208488,35052259,ENGI,EUR,2021-11-29,12.6,13.108,12.532,12.894,9683701,21064,12.9224
FR0010208488,35052259,ENGI,EUR,2021-11-30,12.894,12.952,12.634,12.81,13216018,25445,12.7728
FR0010208488,35052259,ENGI,EUR,2021-12-01,12.83,13.034,12.782,13.0,8775015,16312,12.9654
FR0010208488,35052259,ENGI,EUR,2021-12-02,12.806,12.998,12.782,12.84,9867927,17297,12.8388
FR0010208488,35052259,ENGI,EUR,2021-12-03,12.864,12.976,12.782,12.976,7092219,12562,12.9536
FR0010208488,35052259,ENGI,EUR,2021-12-06,12.912,13.208,12.912,13.11,8422663,16969,13.0994
FR0010208488,35052259,ENGI,EUR,2021-12-07,13.228,13.27,13.0,13.192,8574868,19621,13.187
FR0010208488,35052259,ENGI,EUR,2021-12-08,13.198,13.34,12.99,13.134,5901545,15028,13.188
FR0010208488,35052259,ENGI,EUR,2021-12-09,13.22,13.274,12.956,13.166,7417828,19655,13.1106
FR0010208488,35052259,ENGI,EUR,2021-12-10,13.228,13.228,12.738,13.066,8119322,17792,12.946
FR0010208488,35052259,ENGI,EUR,2021-12-13,13.2,13.2,12.852,12.908,7845649,16341,12.9678
FR0010208488,35052259,ENGI,EUR,2021-12-14,12.974,12.986,12.714,12.878,8153494,21943,12.8906
FR0010208488,35052259,ENGI,EUR,2021-12-15,12.972,13.214,12.874,12.96,5228318,12245,12.9446
FR0010208488,35052259,ENGI,EUR,2021-12-16,13.092,13.24,12.92,13.0,8795329,20151,13.0296
FR0010208488,35052259,ENGI,EUR,2021-12-17,13.01,13.096,12.884,12.958,10961116,17991,12.9558
FR0010208488,35052259,ENGI,EUR,2021-12-20,12.92,12.92,12.518,12.758,8445407,21741,12.6844
FR0010208488,35052259,ENGI,EUR,2021-12-21,12.902,13.058,12.776,12.952,7200475,16676,12.932
FR0010208488,35052259,ENGI,EUR,2021-12-22,12.952,12.984,12.742,12.862,6830427,15712,12.8276
FR0010208488,35052259,ENGI,EUR,2021-12-23,12.898,12.96,12.838,12.886,4536022,11951,12.8858
FR0010208488,35052259,ENGI,EUR,2021-12-24,12.84,12.944,12.812,12.868,1013460,1863,12.8766
FR0010208488,35052259,ENGI,EUR,2021-12-27,13.088,13.088,12.79,12.92,2340562,6134,12.9228
FR0010208488,35052259,ENGI,EUR,2021-12-28,12.922,13.172,12.9,13.124,3418515,8454,13.0812
FR0010208488,35052259,ENGI,EUR,2021-12-29,13.056,13.18,13.056,13.148,3027099,8154,13.1152
FR0010208488,35052259,ENGI,EUR,2021-12-30,13.11,13.212,13.06,13.072,2306859,6001,13.0824
FR0010208488,35052259,ENGI,EUR,2021-12-31,13.05,13.068,12.934,13.014,2751073,4733,12.9956
FR0010208488,35052259,ENGI,EUR,2022-01-03,13.142,13.358,12.902,13.19,5227739,9876,13.214
FR0010208488,35052259,ENGI,EUR,2022-01-04,13.312,13.408,13.154,13.34,5690263,12920,13.3122
FR0010208488,35052259,ENGI,EUR,2022-01-05,13.376,13.378,13.1,13.28,5332109,15241,13.299
FR0010208488,35052259,ENGI,EUR,2022-01-06,13.1,13.25,12.996,13.2,8129766,19508,13.174
FR0010208488,35052259,ENGI,EUR,2022-01-07,13.2,13.33,13.13,13.25,5490275,16191,13.2228
FR0010208488,35052259,ENGI,EUR,2022-01-10,13.368,13.416,13.27,13.334,5980655,18341,13.3488
FR0010208488,35052259,ENGI,EUR,2022-01-11,13.456,13.664,13.316,13.538,8183342,19761,13.48
FR0010208488,35052259,ENGI,EUR,2022-01-12,13.666,13.918,13.61,13.756,12415838,30895,13.7748
FR0010208488,35052259,ENGI,EUR,2022-01-13,13.816,13.916,13.746,13.886,8516398,18724,13.8448
FR0010208488,35052259,ENGI,EUR,2022-01-14,13.798,13.948,13.46,13.886,10540700,24163,13.7358
FR0010208488,35052259,ENGI,EUR,2022-01-17,13.872,13.968,13.672,13.85,4384163,12020,13.853
FR0010208488,35052259,ENGI,EUR,2022-01-18,13.948,13.948,13.676,13.754,7280601,17096,13.7602
FR0010208488,35052259,ENGI,EUR,2022-01-19,13.556,13.772,13.348,13.504,10931138,28083,13.5352
FR0010208488,35052259,ENGI,EUR,2022-01-20,13.41,13.948,13.41,13.732,8944351,25095,13.673
FR0010208488,35052259,ENGI,EUR,2022-01-21,13.746,13.746,13.366,13.546,8924895,16719,13.5646
FR0010208488,35052259,ENGI,EUR,2022-01-24,13.322,13.572,12.81,13.172,12625283,30935,13.2336
FR0010208488,35052259,ENGI,EUR,2022-01-25,13.262,13.262,13.02,13.13,8895609,22064,13.1678
FR0010208488,35052259,ENGI,EUR,2022-01-26,13.148,13.49,13.136,13.374,8853809,25537,13.3468
FR0010208488,35052259,ENGI,EUR,2022-01-27,13.152,13.748,13.15,13.672,10902819,29272,13.599
FR0010208488,35052259,ENGI,EUR,2022-01-28,13.692,13.72,13.344,13.558,9292467,21401,13.5192
FR0010208488,35052259,ENGI,EUR,2022-01-31,13.574,13.698,13.448,13.554,7466565,14723,13.567
FR0010208488,35052259,ENGI,EUR,2022-02-01,13.748,13.826,13.604,13.72,8005096,16227,13.7282
FR0010208488,35052259,ENGI,EUR,2022-02-02,13.848,13.958,13.718,13.858,6489506,14163,13.8166
FR0010208488,35052259,ENGI,EUR,2022-02-03,14.39,14.39,13.86,14.06,11488160,29910,14.0806
FR0010208488,35052259,ENGI,EUR,2022-02-04,14.1,14.248,13.97,14.104,9231795,29503,14.093
FR0010208488,35052259,ENGI,EUR,2022-02-07,14.17,14.208,13.996,14.108,7147680,21463,14.1124
FR0010208488,35052259,ENGI,EUR,2022-02-08,14.036,14.358,14.034,14.282,9644543,21445,14.2764
FR0010208488,35052259,ENGI,EUR,2022-02-09,14.296,14.554,14.296,14.308,8990747,22470,14.372
FR0010208488,35052259,ENGI,EUR,2022-02-10,14.35,14.65,14.284,14.568,8788961,21286,14.5364
FR0010208488,35052259,ENGI,EUR,2022-02-11,14.544,14.616,14.32,14.538,7268231,21530,14.4854
FR0010208488,35052259,ENGI,EUR,2022-02-14,14.406,14.476,14.118,14.298,10600147,25793,14.2678
FR0010208488,35052259,ENGI,EUR,2022-02-15,14.04,14.456,13.802,14.23,11822738,31797,14.2066
FR0010208488,35052259,ENGI,EUR,2022-02-16,14.35,14.404,14.056,14.132,9686262,29158,14.1472
FR0010208488,35052259,ENGI,EUR,2022-02-17,14.116,14.526,14.012,14.404,9779222,31355,14.3466
FR0010208488,35052259,ENGI,EUR,2022-02-18,14.326,14.61,14.326,14.48,11306925,28378,14.5122
FR0010208488,35052259,ENGI,EUR,2022-02-21,14.502,14.666,13.07,14.298,10182131,21880,14.3286
FR0010208488,35052259,ENGI,EUR,2022-02-22,13.5,14.412,13.21,14.402,10446125,25329,14.3266
FR0010208488,35052259,ENGI,EUR,2022-02-23,14.48,14.604,14.106,14.39,9249108,31665,14.4774
FR0010208488,35052259,ENGI,EUR,2022-02-24,13.914,14.272,13.552,13.716,20429846,45660,13.7686
FR0010208488,35052259,ENGI,EUR,2022-02-25,14.198,14.514,13.72,14.416,17785869,46503,14.3042
FR0010208488,35052259,ENGI,EUR,2022-02-28,14.436,14.458,13.942,14.268,15315924,40595,14.1764
FR0010208488,35052259,ENGI,EUR,2022-03-01,14.398,14.408,11.978,12.386,11319607,36783,12.9532
FR0010208488,35052259,ENGI,EUR,2022-03-02,12.438,12.486,12.0,12.078,24474641,68797,12.2074
FR0010208488,35052259,ENGI,EUR,2022-03-03,12.34,12.34,11.25,11.322,9417320,29967,11.5856
FR0010208488,35052259,ENGI,EUR,2022-03-04,11.31,11.326,10.602,10.732,22894666,50675,10.808
FR0010208488,35052259,ENGI,EUR,2022-03-07,10.672,10.696,9.8,10.1,29245259,63459,10.1254
FR0010208488,35052259,ENGI,EUR,2022-03-08,10.098,11.18,9.788,10.484,8474755,27819,10.4768
FR0010208488,35052259,ENGI,EUR,2022-03-09,11.002,11.448,10.772,11.248,25342386,43588,11.159
FR0010208488,35052259,ENGI,EUR,2022-03-10,11.5,11.532,10.776,11.072,16968112,37736,11.0444
FR0010208488,35052259,ENGI,EUR,2022-03-11,11.28,11.404,10.956,11.07,14252375,29890,11.1126
FR0010208488,35052259,ENGI,EUR,2022-03-14,11.422,11.56,11.206,11.428,10053745,24624,11.4406
FR0010208488,35052259,ENGI,EUR,2022-03-15,11.422,11.76,11.18,11.534,10102588,27124,11.4634
FR0010208488,35052259,ENGI,EUR,2022-03-16,11.69,12.156,11.634,11.78,14709735,35604,11.8446
FR0010208488,35052259,ENGI,EUR,2022-03-17,11.82,12.1,11.8,12.086,11261548,29396,11.9804
FR0010208488,35052259,ENGI,EUR,2022-03-18,12.008,12.15,11.78,12.072,17034848,33930,11.9932
FR0010208488,35052259,ENGI,EUR,2022-03-21,12.148,12.32,12.002,12.064,6371450,18324,12.1112
FR0010208488,35052259,ENGI,EUR,2022-03-22,12.122,12.424,12.044,12.31,9236068,25116,12.3114
FR0010208488,35052259,ENGI,EUR,2022-03-23,12.448,12.64,11.808,11.982,8479689,18673,12.065
FR0010208488,35052259,ENGI,EUR,2022-03-24,11.97,12.048,11.666,11.808,10231405,26279,11.7994
FR0010208488,35052259,ENGI,EUR,2022-03-25,11.918,12.01,11.714,11.798,6611959,17753,11.8004
FR0010208488,35052259,ENGI,EUR,2022-03-28,12.0,12.084,11.762,11.826,6172757,15751,11.9074
FR0010208488,35052259,ENGI,EUR,2022-03-29,11.944,12.244,11.926,12.09,10409764,25900,12.0888
FR0010208488,35052259,ENGI,EUR,2022-03-30,12.102,12.16,11.86,12.07,7975746,20355,11.9984
FR0010208488,35052259,ENGI,EUR,2022-03-31,12.076,12.276,11.852,11.934,10008778,25731,12.0072
FR0010208488,35052259,ENGI,EUR,2022-04-01,11.876,12.146,11.86,11.926,7457565,20775,11.9946
FR0010208488,35052259,ENGI,EUR,2022-04-04,12.08,12.16,11.902,12.0,5787260,18257,11.993
FR0010208488,35052259,ENGI,EUR,2022-04-05,12.12,12.22,11.612,11.784,11784995,30575,11.7924
FR0010208488,35052259,ENGI,EUR,2022-04-06,11.804,11.856,11.462,11.754,12299853,31071,11.6518
FR0010208488,35052259,ENGI,EUR,2022-04-07,11.77,11.884,11.422,11.544,12835376,33472,11.6488
FR0010208488,35052259,ENGI,EUR,2022-04-08,11.618,11.85,11.602,11.614,13089211,27653,11.6704
FR0010208488,35052259,ENGI,EUR,2022-04-11,11.79,11.892,11.482,11.52,9973230,27944,11.5882
FR0010208488,35052259,ENGI,EUR,2022-04-12,11.538,11.56,11.06,11.448,8656072,26489,11.3756
FR0010208488,35052259,ENGI,EUR,2022-04-13,11.532,11.666,11.316,11.612,7422871,21266,11.5718
FR0010208488,35052259,ENGI,EUR,2022-04-14,11.764,11.814,11.52,11.654,6752226,23586,11.6262
FR0010208488,35052259,ENGI,EUR,2022-04-19,11.722,11.88,11.544,11.686,8177438,24928,11.6948
FR0010208488,35052259,ENGI,EUR,2022-04-20,11.88,12.114,11.684,12.006,8066290,25338,11.9934
FR0010208488,35052259,ENGI,EUR,2022-04-21,12.126,12.408,11.9,12.164,11382529,31021,12.237
FR0010208488,35052259,ENGI,EUR,2022-04-22,12.112,12.24,11.988,12.078,9241158,27378,12.0678
FR0010208488,35052259,ENGI,EUR,2022-04-25,11.5,11.82,11.144,11.56,14735733,36959,11.4792
FR0010208488,35052259,ENGI,EUR,2022-04-26,11.818,11.818,11.376,11.446,13506191,39160,11.542
FR0010208488,35052259,ENGI,EUR,2022-04-27,11.626,11.626,10.836,11.164,17159770,39142,11.1242
FR0010208488,35052259,ENGI,EUR,2022-04-28,11.19,11.54,11.17,11.34,8266513,22656,11.304
FR0010208488,35052259,ENGI,EUR,2022-04-29,11.538,11.538,11.2,11.322,7089917,18594,11.3654
FR0010208488,35052259,ENGI,EUR,2022-05-02,11.3,11.396,10.304,11.242,9319711,21881,11.1794
FR0010208488,35052259,ENGI,EUR,2022-05-03,11.314,11.466,11.248,11.348,8173001,21651,11.3524
FR0010208488,35052259,ENGI,EUR,2022-05-04,11.424,11.632,11.244,11.388,8459699,25159,11.3892
FR0010208488,35052259,ENGI,EUR,2022-05-05,11.568,11.574,11.048,11.276,6852596,21555,11.3558
FR0010208488,35052259,ENGI,EUR,2022-05-06,11.27,11.29,11.0,11.138,7855739,21756,11.1402
FR0010208488,35052259,ENGI,EUR,2022-05-09,11.07,11.276,10.9,11.006,9195865,28331,11.0338
FR0010208488,35052259,ENGI,EUR,2022-05-10,11.024,11.238,10.89,10.99,9578003,26732,11.063
FR0010208488,35052259,ENGI,EUR,2022-05-11,11.132,11.348,10.974,11.29,8790160,22977,11.243
FR0010208488,35052259,ENGI,EUR,2022-05-12,11.04,11.29,10.832,11.082,9693811,21744,11.0538
FR0010208488,35052259,ENGI,EUR,2022-05-13,11.138,11.442,11.122,11.36,11044974,22682,11.34
FR0010208488,35052259,ENGI,EUR,2022-05-16,11.422,11.73,11.246,11.632,10290775,25300,11.5856
FR0010208488,35052259,ENGI,EUR,2022-05-17,11.698,12.432,11.698,12.252,20112192,41388,12.2742
FR0010208488,35052259,ENGI,EUR,2022-05-18,12.296,12.664,12.002,12.364,15159238,39319,12.474
FR0010208488,35052259,ENGI,EUR,2022-05-19,12.3,12.606,12.156,12.474,10114687,30882,12.421
FR0010208488,35052259,ENGI,EUR,2022-05-20,12.598,12.81,12.514,12.642,10291090,27768,12.703
FR0010208488,35052259,ENGI,EUR,2022-05-23,12.668,12.896,12.632,12.864,2872387,12788,12.7826
FR0010208488,35052259,ENGI,EUR,2022-05-24,12.696,13.0,12.486,12.596,2832768,13577,12.5828
FR0010208488,35052259,ENGI,EUR,2022-05-25,12.586,12.874,12.586,12.782,5774805,19841,12.7738
FR0010208488,35052259,ENGI,EUR,2022-05-26,12.696,12.88,12.688,12.742,5050664,16460,12.7876
FR0010208488,35052259,ENGI,EUR,2022-05-27,12.8,12.8,12.642,12.7,5480851,16721,12.6932
FR0010208488,35052259,ENGI,EUR,2022-05-30,12.784,12.872,12.42,12.554,7017785,21824,12.5354
FR0010208488,35052259,ENGI,EUR,2022-05-31,12.7,12.866,12.366,12.496,13145009,22498,12.5158
FR0010208488,35052259,ENGI,EUR,2022-06-01,12.534,12.718,12.402,12.48,2202760,12491,12.5452
FR0010208488,35052259,ENGI,EUR,2022-06-02,12.534,12.702,12.362,12.43,4798865,12150,12.4512
FR0010208488,35052259,ENGI,EUR,2022-06-03,12.584,12.618,12.398,12.474,3627251,11917,12.462
FR0010208488,35052259,ENGI,EUR,2022-06-06,12.548,12.728,12.446,12.602,5590777,12752,12.6132
FR0010208488,35052259,ENGI,EUR,2022-06-07,12.622,12.658,12.446,12.598,5730945,16477,12.5632
FR0010208488,35052259,ENGI,EUR,2022-06-08,12.612,12.612,12.32,12.474,5941562,14814,12.4298
FR0010208488,35052259,ENGI,EUR,2022-06-09,12.552,12.616,12.318,12.46,5283038,16146,12.4404
FR0010208488,35052259,ENGI,EUR,2022-06-10,12.4,12.42,12.072,12.258,8132970,16595,12.2312
FR0010208488,35052259,ENGI,EUR,2022-06-13,12.062,12.182,11.934,12.1,10118836,24870,12.0968
FR0010208488,35052259,ENGI,EUR,2022-06-14,12.088,12.238,11.902,11.958,5927883,14377,12.0182
FR0010208488,35052259,ENGI,EUR,2022-06-15,12.05,12.466,12.036,12.212,11905929,22129,12.2394
FR0010208488,35052259,ENGI,EUR,2022-06-16,12.376,12.404,11.008,11.322,22809827,41910,11.3682
FR0010208488,35052259,ENGI,EUR,2022-06-17,11.358,11.49,11.144,11.254,13808193,24580,11.291
FR0010208488,35052259,ENGI,EUR,2022-06-20,11.36,11.55,11.062,11.514,6262246,15143,11.369
FR0010208488,35052259,ENGI,EUR,2022-06-21,11.55,11.658,11.382,11.462,5111588,10485,11.527
FR0010208488,35052259,ENGI,EUR,2022-06-22,11.364,11.726,11.244,11.558,6640353,17197,11.5104
FR0010208488,35052259,ENGI,EUR,2022-06-23,11.66,11.74,11.34,11.442,8308653,21138,11.5244
FR0010208488,35052259,ENGI,EUR,2022-06-24,11.536,11.536,11.26,11.346,7105291,13828,11.352
FR0010208488,35052259,ENGI,EUR,2022-06-27,11.45,11.508,11.302,11.368,6867848,16451,11.4008
FR0010208488,35052259,ENGI,EUR,2022-06-28,11.54,11.612,11.374,11.488,6265430,16475,11.5094
FR0010208488,35052259,ENGI,EUR,2022-06-29,11.484,11.524,11.226,11.39,6425460,14417,11.358
FR0010208488,35052259,ENGI,EUR,2022-06-30,11.244,11.274,10.776,10.966,3471317,13241,10.9518
FR0010208488,35052259,ENGI,EUR,2022-07-01,10.778,11.276,10.772,11.194,6915307,17050,11.1164
FR0010208488,35052259,ENGI,EUR,2022-07-04,11.34,11.35,10.848,10.988,6826565,15957,11.0892
FR0010208488,35052259,ENGI,EUR,2022-07-05,10.924,11.112,10.414,10.554,13144290,26217,10.604
FR0010208488,35052259,ENGI,EUR,2022-07-06,10.716,10.716,10.074,10.384,14340664,30306,10.324
FR0010208488,35052259,ENGI,EUR,2022-07-07,10.5,10.756,10.42,10.628,12966146,21116,10.6258
FR0010208488,35052259,ENGI,EUR,2022-07-08,10.6,10.994,10.502,10.834,10238978,21365,10.8116
FR0010208488,35052259,ENGI,EUR,2022-07-11,10.754,11.0,10.568,10.782,5979433,13395,10.7262
FR0010208488,35052259,ENGI,EUR,2022-07-12,10.768,10.91,10.644,10.852,5755424,12279,10.794
FR0010208488,35052259,ENGI,EUR,2022-07-13,10.842,10.964,10.678,10.862,6681751,15188,10.7992
FR0010208488,35052259,ENGI,EUR,2022-07-14,10.888,10.962,10.67,10.874,9163052,17152,10.8252
FR0010208488,35052259,ENGI,EUR,2022-07-15,10.892,11.164,10.858,11.032,8415156,17824,11.057
FR0010208488,35052259,ENGI,EUR,2022-07-18,11.062,11.304,11.018,11.198,6213074,13771,11.179
FR0010208488,35052259,ENGI,EUR,2022-07-19,11.166,11.684,11.112,11.506,9287368,16969,11.476
FR0010208488,35052259,ENGI,EUR,2022-07-20,11.52,11.698,11.344,11.47,8105657,18954,11.5
FR0010208488,35052259,ENGI,EUR,2022-07-21,11.536,11.676,11.342,11.422,6384851,16778,11.4524
FR0010208488,35052259,ENGI,EUR,2022-07-22,11.424,11.548,11.31,11.416,5346081,13498,11.4318
FR0010208488,35052259,ENGI,EUR,2022-07-25,11.548,11.79,11.324,11.64,6581986,14845,11.6148
FR0010208488,35052259,ENGI,EUR,2022-07-26,11.75,11.75,11.336,11.49,7183280,16506,11.4766
FR0010208488,35052259,ENGI,EUR,2022-07-27,11.632,11.884,11.454,11.75,8831841,18770,11.722
FR0010208488,35052259,ENGI,EUR,2022-07-28,11.794,12.152,11.652,12.046,7996358,16641,11.9228
FR0010208488,35052259,ENGI,EUR,2022-07-29,12.012,12.362,11.956,12.06,11129184,21692,12.1286
FR0010208488,35052259,ENGI,EUR,2022-08-01,12.132,12.542,12.054,12.418,9244396,22285,12.4264
FR0010208488,35052259,ENGI,EUR,2022-08-02,12.354,12.698,12.354,12.506,7633306,20349,12.532
FR0010208488,35052259,ENGI,EUR,2022-08-03,12.568,12.598,12.322,12.37,7797647,19706,12.4318
FR0010208488,35052259,ENGI,EUR,2022-08-04,12.498,12.542,12.282,12.42,6698418,19621,12.436
FR0010208488,35052259,ENGI,EUR,2022-08-05,12.444,12.55,12.378,12.452,6978757,17385,12.4422
FR0010208488,35052259,ENGI,EUR,2022-08-08,12.598,12.672,12.426,12.562,6276786,15526,12.5706
FR0010208488,35052259,ENGI,EUR,2022-08-09,12.602,12.712,12.424,12.604,6360560,15438,12.5932
FR0010208488,35052259,ENGI,EUR,2022-08-10,12.49,12.888,12.482,12.746,6901467,17494,12.7588
FR0010208488,35052259,ENGI,EUR,2022-08-11,12.81,12.91,12.65,12.806,5572201,15817,12.825
FR0010208488,35052259,ENGI,EUR,2022-08-12,12.83,12.998,12.816,12.9,5679350,16141,12.9002
FR0010208488,35052259,ENGI,EUR,2022-08-15,12.98,13.25,12.768,12.846,3896407,9576,12.8718
FR0010208488,35052259,ENGI,EUR,2022-08-16,12.874,13.08,12.852,12.976,5562926,18089,12.953
FR0010208488,35052259,ENGI,EUR,2022-08-17,12.968,13.06,12.832,12.95,6182781,15043,12.9298
FR0010208488,35052259,ENGI,EUR,2022-08-18,12.914,12.998,12.842,12.922,5641225,14229,12.9074
FR0010208488,35052259,ENGI,EUR,2022-08-19,12.994,13.06,12.814,12.938,4947180,13730,12.9326
FR0010208488,35052259,ENGI,EUR,2022-08-22,12.84,13.136,12.748,12.914,8356686,18256,12.9292
FR0010208488,35052259,ENGI,EUR,2022-08-23,12.85,13.05,12.782,12.93,5245439,17119,12.9478
FR0010208488,35052259,ENGI,EUR,2022-08-24,12.858,13.008,12.7,12.946,3663665,11454,12.9246
FR0010208488,35052259,ENGI,EUR,2022-08-25,13.0,13.188,12.902,12.912,4146481,13312,12.9798
FR0010208488,35052259,ENGI,EUR,2022-08-26,12.954,13.012,12.648,12.752,5833677,13852,12.8064
FR0010208488,35052259,ENGI,EUR,2022-08-29,12.72,12.76,12.106,12.2,10139300,27221,12.2666
FR0010208488,35052259,ENGI,EUR,2022-08-30,12.27,12.418,11.75,12.118,6659419,18141,12.2354
FR0010208488,35052259,ENGI,EUR,2022-08-31,12.15,12.196,11.782,11.868,9698894,22169,11.923
FR0010208488,35052259,ENGI,EUR,2022-09-01,11.942,11.956,11.684,11.816,7289252,17621,11.7778
FR0010208488,35052259,ENGI,EUR,2022-09-02,11.932,12.204,11.838,12.172,9079644,20965,12.1146
FR0010208488,35052259,ENGI,EUR,2022-09-05,11.98,12.328,11.81,12.234,6749073,18698,12.127
FR0010208488,35052259,ENGI,EUR,2022-09-06,12.292,12.336,11.96,12.126,1787167,8961,12.1552
FR0010208488,35052259,ENGI,EUR,2022-09-07,11.98,12.952,11.914,12.724,15632435,39148,12.6648
FR0010208488,35052259,ENGI,EUR,2022-09-08,12.734,12.878,12.554,12.758,6791868,16672,12.7222
FR0010208488,35052259,ENGI,EUR,2022-09-09,12.708,12.932,12.662,12.776,6270946,13125,12.8064
FR0010208488,35052259,ENGI,EUR,2022-09-12,12.88,12.998,12.806,12.89,7036894,20767,12.9066
FR0010208488,35052259,ENGI,EUR,2022-09-13,12.932,13.354,12.784,13.264,13022886,30583,13.2072
FR0010208488,35052259,ENGI,EUR,2022-09-14,13.0,13.388,12.996,13.076,9013570,22531,13.1106
FR0010208488,35052259,ENGI,EUR,2022-09-15,13.138,13.138,12.826,12.942,6916882,15696,12.9524
FR0010208488,35052259,ENGI,EUR,2022-09-16,12.8,12.98,12.68,12.844,9841392,17723,12.829
FR0010208488,35052259,ENGI,EUR,2022-09-19,12.782,12.964,12.544,12.88,3528429,10333,12.7906
FR0010208488,35052259,ENGI,EUR,2022-09-20,12.88,13.046,12.45,12.602,5684875,13065,12.666
FR0010208488,35052259,ENGI,EUR,2022-09-21,12.538,13.0,12.484,12.816,6562108,19237,12.7548
FR0010208488,35052259,ENGI,EUR,2022-09-22,12.522,12.782,12.512,12.688,5645422,15569,12.663
FR0010208488,35052259,ENGI,EUR,2022-09-23,12.66,12.708,12.278,12.496,7718475,20541,12.461
FR0010208488,35052259,ENGI,EUR,2022-09-26,12.388,12.432,12.012,12.066,9174626,21522,12.1682
FR0010208488,35052259,ENGI,EUR,2022-09-27,12.11,12.284,11.79,12.0,8033833,21552,12.084
FR0010208488,35052259,ENGI,EUR,2022-09-28,11.966,12.26,11.758,12.062,7996803,23689,11.9578
FR0010208488,35052259,ENGI,EUR,2022-09-29,11.998,11.998,11.726,11.874,7575719,20048,11.8664
FR0010208488,35052259,ENGI,EUR,2022-09-30,11.84,12.068,11.722,11.842,12329168,18794,11.8634
FR0010208488,35052259,ENGI,EUR,2022-10-03,11.9,12.18,11.762,12.108,9771427,26990,12.0656
FR0010208488,35052259,ENGI,EUR,2022-10-04,12.188,12.41,12.154,12.318,9434784,22500,12.3124
FR0010208488,35052259,ENGI,EUR,2022-10-05,12.28,12.392,12.15,12.23,5800173,18846,12.2578
FR0010208488,35052259,ENGI,EUR,2022-10-06,12.316,12.412,11.908,11.95,6016123,15036,12.0026
FR0010208488,35052259,ENGI,EUR,2022-10-07,11.9,12.092,11.842,11.954,4667614,13872,11.9708
FR0010208488,35052259,ENGI,EUR,2022-10-10,11.926,11.926,11.67,11.72,6179295,16919,11.7436
FR0010208488,35052259,ENGI,EUR,2022-10-11,11.724,11.73,11.454,11.572,6170540,17290,11.5884
FR0010208488,35052259,ENGI,EUR,2022-10-12,11.58,11.596,11.39,11.536,6957416,18831,11.5212
FR0010208488,35052259,ENGI,EUR,2022-10-13,11.466,11.966,11.344,11.75,6949090,19724,11.6416
FR0010208488,35052259,ENGI,EUR,2022-10-14,12.056,12.132,11.836,11.944,6817997,17726,11.963
FR0010208488,35052259,ENGI,EUR,2022-10-17,12.028,12.206,11.968,12.144,6421966,16854,12.1158
FR0010208488,35052259,ENGI,EUR,2022-10-18,12.234,12.358,12.05,12.144,5815871,16893,12.2288
FR0010208488,35052259,ENGI,EUR,2022-10-19,12.144,12.334,12.022,12.258,5603509,14578,12.208
FR0010208488,35052259,ENGI,EUR,2022-10-20,12.3,12.368,12.082,12.238,5001795,15268,12.254
FR0010208488,35052259,ENGI,EUR,2022-10-21,12.148,12.31,12.046,12.22,5080445,11448,12.1762
FR0010208488,35052259,ENGI,EUR,2022-10-24,12.094,12.838,12.094,12.682,13301388,33512,12.6378
FR0010208488,35052259,ENGI,EUR,2022-10-25,12.7,13.136,12.7,13.042,9383415,25472,12.9942
FR0010208488,35052259,ENGI,EUR,2022-10-26,13.012,13.132,12.75,12.99,5988698,18626,13.0266
FR0010208488,35052259,ENGI,EUR,2022-10-27,12.832,13.16,12.82,13.03,7471586,21195,13.033
FR0010208488,35052259,ENGI,EUR,2022-10-28,12.818,13.172,12.714,13.096,6024342,18241,13.048
FR0010208488,35052259,ENGI,EUR,2022-10-31,13.128,13.27,13.034,13.154,6787196,16920,13.1622
FR0010208488,35052259,ENGI,EUR,2022-11-01,13.272,13.468,13.176,13.396,7811655,19344,13.372
FR0010208488,35052259,ENGI,EUR,2022-11-02,13.468,13.484,13.178,13.302,7377926,21660,13.3098
FR0010208488,35052259,ENGI,EUR,2022-11-03,13.21,13.408,13.03,13.31,6625923,19335,13.2436
FR0010208488,35052259,ENGI,EUR,2022-11-04,13.438,13.67,13.316,13.538,9551819,24331,13.5118
FR0010208488,35052259,ENGI,EUR,2022-11-07,13.38,13.64,13.27,13.484,5968509,18503,13.5252
FR0010208488,35052259,ENGI,EUR,2022-11-08,13.54,13.592,13.338,13.41,8695944,24653,13.4602
FR0010208488,35052259,ENGI,EUR,2022-11-09,13.328,13.53,13.232,13.372,2856129,11748,13.4366
FR0010208488,35052259,ENGI,EUR,2022-11-10,13.41,14.19,13.41,13.9,6814663,23298,13.9106
FR0010208488,35052259,ENGI,EUR,2022-11-11,13.832,14.154,13.754,13.99,11560080,34279,14.0296
FR0010208488,35052259,ENGI,EUR,2022-11-14,14.006,14.328,13.944,14.242,10310490,28322,14.1886
FR0010208488,35052259,ENGI,EUR,2022-11-15,14.322,14.44,14.17,14.36,7802615,21167,14.3406
FR0010208488,35052259,ENGI,EUR,2022-11-16,14.438,14.442,14.1,14.264,7044149,20704,14.2452
FR0010208488,35052259,ENGI,EUR,2022-11-17,14.37,14.438,14.124,14.326,6535775,18935,14.248
FR0010208488,35052259,ENGI,EUR,2022-11-18,14.4,14.454,14.246,14.38,6416138,15804,14.3926
FR0010208488,35052259,ENGI,EUR,2022-11-21,14.498,14.642,14.36,14.51,5781303,16941,14.4964
FR0010208488,35052259,ENGI,EUR,2022-11-22,14.412,14.682,14.412,14.488,6694992,22546,14.5554
FR0010208488,35052259,ENGI,EUR,2022-11-23,14.558,14.558,14.236,14.39,5612168,18085,14.3822
FR0010208488,35052259,ENGI,EUR,2022-11-24,14.284,14.558,14.284,14.45,4345830,12960,14.4808
FR0010208488,35052259,ENGI,EUR,2022-11-25,14.322,14.528,14.21,14.428,5435561,16157,14.3884
FR0010208488,35052259,ENGI,EUR,2022-11-28,14.364,14.444,14.082,14.372,6678855,17643,14.362
FR0010208488,35052259,ENGI,EUR,2022-11-29,14.302,14.504,14.292,14.36,6205822,18956,14.3806
FR0010208488,35052259,ENGI,EUR,2022-11-30,14.362,14.626,14.362,14.52,10211735,17519,14.4888
FR0010208488,35052259,ENGI,EUR,2022-12-01,14.564,14.654,14.428,14.486,5542391,13970,14.5372
FR0010208488,35052259,ENGI,EUR,2022-12-02,14.562,14.57,14.342,14.454,4891288,11400,14.4474
FR0010208488,35052259,ENGI,EUR,2022-12-05,14.508,14.508,14.22,14.438,5714381,16893,14.3656
FR0010208488,35052259,ENGI,EUR,2022-12-06,14.426,14.526,14.276,14.496,4723661,12692,14.48
FR0010208488,35052259,ENGI,EUR,2022-12-07,14.33,14.6,14.33,14.49,4897110,14012,14.4896
FR0010208488,35052259,ENGI,EUR,2022-12-08,14.422,14.464,14.236,14.292,6087228,15103,14.3392
FR0010208488,35052259,ENGI,EUR,2022-12-09,14.254,14.452,14.19,14.384,6980773,17820,14.3272
FR0010208488,35052259,ENGI,EUR,2022-12-12,14.46,14.5,14.278,14.394,4806605,15694,14.4012
FR0010208488,35052259,ENGI,EUR,2022-12-13,14.498,14.6,14.28,14.352,8364391,25200,14.3854
FR0010208488,35052259,ENGI,EUR,2022-12-14,14.482,14.482,14.25,14.346,9107839,16268,14.3412
FR0010208488,35052259,ENGI,EUR,2022-12-15,14.298,14.298,13.958,13.988,9859266,20738,14.0638
FR0010208488,35052259,ENGI,EUR,2022-12-16,13.946,14.02,13.796,13.892,14192234,22731,13.902
FR0010208488,35052259,ENGI,EUR,2022-12-19,14.008,14.05,13.894,13.954,5611257,13531,13.9582
FR0010208488,35052259,ENGI,EUR,2022-12-20,13.902,13.93,12.954,13.494,19693268,50777,13.318
FR0010208488,35052259,ENGI,EUR,2022-12-21,13.632,14.1,13.426,13.716,8479625,22024,13.6492
FR0010208488,35052259,ENGI,EUR,2022-12-22,13.892,13.99,13.444,13.614,6643058,14341,13.633
FR0010208488,35052259,ENGI,EUR,2022-12-23,13.538,13.656,13.496,13.582,4353852,10783,13.572
FR0010208488,35052259,ENGI,EUR,2022-12-27,13.702,13.766,13.55,13.618,2935151,9414,13.6322
FR0010208488,35052259,ENGI,EUR,2022-12-28,13.584,13.602,13.316,13.414,4981625,13880,13.467
FR0010208488,35052259,ENGI,EUR,2022-12-29,13.442,13.532,13.34,13.532,4622686,11070,13.4612
FR0010208488,35052259,ENGI,EUR,2022-12-30,13.468,13.546,13.34,13.388,4804872,10381,13.4416
FR0010208488,35052259,ENGI,EUR,2023-01-02,13.512,13.612,13.418,13.556,5056402,9706,13.5062
FR0010208488,35052259,ENGI,EUR,2023-01-03,13.528,13.946,13.458,13.508,11377794,25894,13.657
FR0010208488,35052259,ENGI,EUR,2023-01-04,13.586,13.6,13.074,13.246,13651981,33560,13.2894
FR0010208488,35052259,ENGI,EUR,2023-01-05,13.338,13.56,13.18,13.35,8289513,21345,13.347
FR0010208488,35052259,ENGI,EUR,2023-01-06,13.56,13.57,12.758,12.946,15093895,38000,12.9414
FR0010208488,35052259,ENGI,EUR,2023-01-09,13.17,13.37,12.944,13.164,12220666,30276,13.1434
FR0010208488,35052259,ENGI,EUR,2023-01-10,13.22,13.332,13.05,13.156,10066758,26719,13.1264
FR0010208488,35052259,ENGI,EUR,2023-01-11,13.286,13.49,13.136,13.298,10677150,28961,13.3262
FR0010208488,35052259,ENGI,EUR,2023-01-12,13.306,13.628,13.3,13.426,9636665,25647,13.423
FR0010208488,35052259,ENGI,EUR,2023-01-13,13.646,13.646,13.22,13.324,8088638,22140,13.3494
FR0010208488,35052259,ENGI,EUR,2023-01-16,13.436,13.502,13.142,13.194,7522461,16031,13.2464
FR0010208488,35052259,ENGI,EUR,2023-01-17,13.218,13.218,12.472,12.472,20812859,47118,12.6044
FR0010208488,35052259,ENGI,EUR,2023-01-18,12.586,12.674,12.43,12.53,10145941,22341,12.5342
FR0010208488,35052259,ENGI,EUR,2023-01-19,12.59,12.682,12.43,12.472,8904120,20782,12.4768
FR0010208488,35052259,ENGI,EUR,2023-01-20,12.626,12.718,12.426,12.522,8473410,20767,12.4996
FR0010208488,35052259,ENGI,EUR,2023-01-23,12.702,12.774,12.546,12.61,6163484,14298,12.606
FR0010208488,35052259,ENGI,EUR,2023-01-24,12.778,13.07,12.676,12.962,11272859,32351,12.8934
FR0010208488,35052259,ENGI,EUR,2023-01-25,13.1,13.304,12.902,13.104,8921691,23844,13.0652
FR0010208488,35052259,ENGI,EUR,2023-01-26,13.214,13.3,12.952,13.072,9422776,26358,13.0604
FR0010208488,35052259,ENGI,EUR,2023-01-27,13.172,13.198,12.916,12.996,7659055,17585,12.9846
FR0010208488,35052259,ENGI,EUR,2023-01-30,13.088,13.108,12.882,12.972,5575857,14179,12.9708
FR0010208488,35052259,ENGI,EUR,2023-01-31,13.03,13.128,12.872,13.02,8197307,15560,12.9814
FR0010208488,35052259,ENGI,EUR,2023-02-01,13.006,13.194,12.994,13.152,9413096,20744,13.1142
FR0010208488,35052259,ENGI,EUR,2023-02-02,13.096,13.25,12.866,12.912,12679207,28418,12.9894
FR0010208488,35052259,ENGI,EUR,2023-02-03,13.002,13.136,12.858,13.096,9212381,22429,13.0098
FR0010208488,35052259,ENGI,EUR,2023-02-06,13.11,13.246,12.964,13.03,5258768,15285,13.0368
FR0010208488,35052259,ENGI,EUR,2023-02-07,13.114,13.114,12.78,12.842,8287686,20980,12.8892
FR0010208488,35052259,ENGI,EUR,2023-02-08,12.8,13.238,12.8,13.092,9393664,20840,13.0582
FR0010208488,35052259,ENGI,EUR,2023-02-09,13.304,13.316,13.012,13.08,6035029,15165,13.097
FR0010208488,35052259,ENGI,EUR,2023-02-10,13.05,13.346,13.024,13.206,8348864,20123,13.149
FR0010208488,35052259,ENGI,EUR,2023-02-13,13.296,13.296,13.12,13.13,6930145,15823,13.1612
FR0010208488,35052259,ENGI,EUR,2023-02-14,13.17,13.352,13.158,13.24,8107950,18005,13.254
FR0010208488,35052259,ENGI,EUR,2023-02-15,13.29,13.488,13.176,13.288,8525688,17167,13.287
FR0010208488,35052259,ENGI,EUR,2023-02-16,13.288,13.472,13.234,13.374,8967981,20317,13.3698
FR0010208488,35052259,ENGI,EUR,2023-02-17,13.34,13.838,13.264,13.5,8384925,17573,13.4436
FR0010208488,35052259,ENGI,EUR,2023-02-20,13.648,13.648,13.482,13.594,8333832,20475,13.5708
FR0010208488,35052259,ENGI,EUR,2023-02-21,13.65,14.388,13.65,14.25,22529078,52965,14.2236
FR0010208488,35052259,ENGI,EUR,2023-02-22,14.246,14.386,13.866,14.088,13747708,31749,14.1114
FR0010208488,35052259,ENGI,EUR,2023-02-23,14.282,14.282,14.048,14.14,7636759,19076,14.1436
FR0010208488,35052259,ENGI,EUR,2023-02-24,14.302,14.374,13.944,14.02,9745175,21999,14.0518
FR0010208488,35052259,ENGI,EUR,2023-02-27,14.298,14.298,13.91,13.964,7419573,18824,14.0054
FR0010208488,35052259,ENGI,EUR,2023-02-28,14.002,14.16,13.802,13.836,12126657,21422,13.8874
FR0010208488,35052259,ENGI,EUR,2023-03-01,13.89,13.89,13.57,13.602,11498152,26543,13.7008
FR0010208488,35052259,ENGI,EUR,2023-03-02,13.626,13.944,13.484,13.764,9322253,15884,13.7266
FR0010208488,35052259,ENGI,EUR,2023-03-03,13.836,13.988,13.822,13.862,8304407,18324,13.8912
FR0010208488,35052259,ENGI,EUR,2023-03-06,13.99,14.072,13.934,14.006,8877231,18694,14.0022
FR0010208488,35052259,ENGI,EUR,2023-03-07,14.05,14.21,14.008,14.066,10490495,18529,14.0918
FR0010208488,35052259,ENGI,EUR,2023-03-08,14.1,14.168,14.002,14.134,6400031,14626,14.0896
FR0010208488,35052259,ENGI,EUR,2023-03-09,14.138,14.188,13.85,14.1,9915026,23823,14.0864
FR0010208488,35052259,ENGI,EUR,2023-03-10,13.802,14.168,13.802,14.102,10165175,21296,14.08
FR0010208488,35052259,ENGI,EUR,2023-03-13,14.108,14.158,13.816,13.912,15611749,32164,13.9302
FR0010208488,35052259,ENGI,EUR,2023-03-14,14.028,14.126,13.852,14.072,11689978,24254,14.036
FR0010208488,35052259,ENGI,EUR,2023-03-15,14.13,14.144,13.52,13.56,18483310,35237,13.6968
FR0010208488,35052259,ENGI,EUR,2023-03-16,13.704,14.004,13.636,13.776,15648129,32260,13.7666
FR0010208488,35052259,ENGI,EUR,2023-03-17,14.018,14.018,13.364,13.432,17715685,33285,13.5186
FR0010208488,35052259,ENGI,EUR,2023-03-20,13.47,13.684,13.134,13.566,10506643,23278,13.5142
FR0010208488,35052259,ENGI,EUR,2023-03-21,13.732,13.934,13.5,13.854,11418542,24071,13.8404
FR0010208488,35052259,ENGI,EUR,2023-03-22,13.912,14.0,13.706,13.884,7623725,16924,13.9018
FR0010208488,35052259,ENGI,EUR,2023-03-23,13.876,13.952,13.702,13.9,3101403,12506,13.8498
FR0010208488,35052259,ENGI,EUR,2023-03-24,13.934,13.934,13.502,13.574,11173205,24509,13.6318
FR0010208488,35052259,ENGI,EUR,2023-03-27,13.71,13.952,13.706,13.844,7094831,11774,13.8452
FR0010208488,35052259,ENGI,EUR,2023-03-28,14.002,14.002,12.52,13.926,5425374,11590,13.913
FR0010208488,35052259,ENGI,EUR,2023-03-29,13.89,14.298,13.89,14.214,7608855,17059,14.1674
FR0010208488,35052259,ENGI,EUR,2023-03-30,14.24,14.6,14.24,14.558,10419820,19788,14.521
FR0010208488,35052259,ENGI,EUR,2023-03-31,14.598,14.768,14.512,14.574,12675418,16384,14.583
FR0010208488,35052259,ENGI,EUR,2023-04-03,14.654,14.798,14.574,14.67,6216257,13878,14.6698
FR0010208488,35052259,ENGI,EUR,2023-04-04,14.592,14.884,14.592,14.75,9216111,21436,14.7644
FR0010208488,35052259,ENGI,EUR,2023-04-05,14.77,15.0,14.748,14.926,9034523,22372,14.8966
FR0010208488,35052259,ENGI,EUR,2023-04-06,14.888,15.21,14.004,15.066,8322773,17650,15.0968
FR0010208488,35052259,ENGI,EUR,2023-04-11,15.118,15.296,14.996,15.2,7021165,18319,15.1766
FR0010208488,35052259,ENGI,EUR,2023-04-12,15.248,15.498,15.106,15.26,6395860,18076,15.3028
FR0010208488,35052259,ENGI,EUR,2023-04-13,15.2,15.45,15.048,15.206,6185840,16205,15.1682
FR0010208488,35052259,ENGI,EUR,2023-04-14,15.328,15.378,15.052,15.082,7252292,17602,15.1662
FR0010208488,35052259,ENGI,EUR,2023-04-17,15.298,15.358,15.09,15.214,8016405,23985,15.2262
FR0010208488,35052259,ENGI,EUR,2023-04-18,15.346,15.386,15.18,15.292,8062467,21192,15.2916
FR0010208488,35052259,ENGI,EUR,2023-04-19,15.332,15.512,13.83,15.44,7332433,18714,15.4384
FR0010208488,35052259,ENGI,EUR,2023-04-20,15.368,15.656,15.364,15.422,6490932,20372,15.432
FR0010208488,35052259,ENGI,EUR,2023-04-21,15.6,15.676,15.41,15.474,6711913,18765,15.494
FR0010208488,35052259,ENGI,EUR,2023-04-24,15.598,15.598,15.214,15.318,9416471,23923,15.3252
FR0010208488,35052259,ENGI,EUR,2023-04-25,15.362,15.478,15.212,15.426,10590035,27018,15.3674
FR0010208488,35052259,ENGI,EUR,2023-04-26,15.418,15.476,15.284,15.424,8769909,20465,15.3966
FR0010208488,35052259,ENGI,EUR,2023-04-27,15.37,15.566,14.008,14.008,8403243,17357,15.4502
FR0010208488,35052259,ENGI,EUR,2023-04-28,14.406,14.634,13.892,14.516,19652612,38566,14.3788
FR0010208488,35052259,ENGI,EUR,2023-05-02,14.56,14.63,14.332,14.366,9380834,19361,14.434
FR0010208488,35052259,ENGI,EUR,2023-05-03,14.52,14.622,14.298,14.428,8636717,19823,14.4308
FR0010208488,35052259,ENGI,EUR,2023-05-04,14.352,14.648,14.352,14.612,9639831,21452,14.5642
FR0010208488,35052259,ENGI,EUR,2023-05-05,14.578,14.748,14.456,14.554,6402644,13257,14.5694
FR0010208488,35052259,ENGI,EUR,2023-05-08,14.622,14.766,14.496,14.672,4215659,9990,14.6784
FR0010208488,35052259,ENGI,EUR,2023-05-09,14.626,14.79,14.508,14.726,7439349,15941,14.686
FR0010208488,35052259,ENGI,EUR,2023-05-10,14.732,14.786,14.55,14.688,7321747,15971,14.6828
FR0010208488,35052259,ENGI,EUR,2023-05-11,14.62,14.898,14.508,14.788,12249647,29124,14.7496
FR0010208488,35052259,ENGI,EUR,2023-05-12,14.788,15.1,14.788,14.868,6428110,19709,14.9358
FR0010208488,35052259,ENGI,EUR,2023-05-15,15.078,15.098,14.704,14.782,5091658,12173,14.8428
FR0010208488,35052259,ENGI,EUR,2023-05-16,14.764,14.984,14.634,14.81,7341464,18179,14.874
FR0010208488,35052259,ENGI,EUR,2023-05-17,14.662,14.898,14.66,14.73,5331074,10558,14.7396
FR0010208488,35052259,ENGI,EUR,2023-05-18,14.856,14.856,14.412,14.498,6787992,15628,14.5638
FR0010208488,35052259,ENGI,EUR,2023-05-19,14.61,14.632,14.406,14.496,7527842,18045,14.5018
FR0010208488,35052259,ENGI,EUR,2023-05-22,14.498,14.576,14.258,14.432,6404070,15717,14.4166
FR0010208488,35052259,ENGI,EUR,2023-05-23,14.314,14.468,14.13,14.41,4984469,10597,14.3978
FR0010208488,35052259,ENGI,EUR,2023-05-24,14.386,14.5,14.11,14.25,6622596,13099,14.2298
FR0010208488,35052259,ENGI,EUR,2023-05-25,14.092,14.286,13.85,13.944,6185196,16394,14.034
FR0010208488,35052259,ENGI,EUR,2023-05-26,13.982,14.088,13.614,13.896,7006527,16371,13.8696
FR0010208488,35052259,ENGI,EUR,2023-05-29,13.932,14.054,13.768,13.918,2639907,5427,13.9286
FR0010208488,35052259,ENGI,EUR,2023-05-30,13.988,14.122,13.876,14.06,6741494,14819,14.056
FR0010208488,35052259,ENGI,EUR,2023-05-31,13.998,14.16,13.956,14.042,14008775,19061,14.0526
FR0010208488,35052259,ENGI,EUR,2023-06-01,14.192,14.428,13.978,14.088,5104258,12741,14.0704
FR0010208488,35052259,ENGI,EUR,2023-06-02,14.142,14.234,13.96,14.104,5610648,13158,14.07
FR0010208488,35052259,ENGI,EUR,2023-06-05,14.14,14.216,14.03,14.078,4331151,10201,14.0952
FR0010208488,35052259,ENGI,EUR,2023-06-06,14.16,14.168,14.006,14.116,4459228,11227,14.083
FR0010208488,35052259,ENGI,EUR,2023-06-07,14.08,14.22,14.052,14.134,4371998,9640,14.1402
FR0010208488,35052259,ENGI,EUR,2023-06-08,14.13,14.358,14.018,14.182,5478613,13712,14.2108
FR0010208488,35052259,ENGI,EUR,2023-06-09,14.308,14.308,14.006,14.228,4309153,13509,14.2478
FR0010208488,35052259,ENGI,EUR,2023-06-12,14.31,14.326,14.056,14.108,4786410,11503,14.1496
FR0010208488,35052259,ENGI,EUR,2023-06-13,14.2,14.276,13.98,14.16,5704053,11919,14.135
FR0010208488,35052259,ENGI,EUR,2023-06-14,14.25,14.348,14.132,14.296,5257671,14022,14.2802
FR0010208488,35052259,ENGI,EUR,2023-06-15,14.31,14.316,14.136,14.224,5405166,10993,14.2302
FR0010208488,35052259,ENGI,EUR,2023-06-16,14.312,14.404,14.206,14.356,12122566,14704,14.347
FR0010208488,35052259,ENGI,EUR,2023-06-19,14.386,14.5,14.084,14.17,4934856,8862,14.16
FR0010208488,35052259,ENGI,EUR,2023-06-20,14.194,14.428,14.132,14.31,4040454,8351,14.2976
FR0010208488,35052259,ENGI,EUR,2023-06-21,14.422,14.422,14.124,14.25,4356298,10589,14.2282
FR0010208488,35052259,ENGI,EUR,2023-06-22,14.214,14.288,14.11,14.208,4931661,12148,14.2092
FR0010208488,35052259,ENGI,EUR,2023-06-23,14.016,14.322,13.92,14.112,3885268,10517,14.179
FR0010208488,35052259,ENGI,EUR,2023-06-26,13.994,14.52,13.994,14.356,6720756,14948,14.3304
FR0010208488,35052259,ENGI,EUR,2023-06-27,14.39,14.484,14.216,14.372,5860572,14289,14.3378
FR0010208488,35052259,ENGI,EUR,2023-06-28,14.39,14.504,14.272,14.406,6693680,15689,14.4054
FR0010208488,35052259,ENGI,EUR,2023-06-29,14.446,15.138,14.328,15.002,6360742,21887,14.8684
FR0010208488,35052259,ENGI,EUR,2023-06-30,15.25,15.408,15.122,15.228,16682826,33537,15.271
FR0010208488,35052259,ENGI,EUR,2023-07-03,15.358,15.55,15.106,15.366,6723807,17424,15.394
FR0010208488,35052259,ENGI,EUR,2023-07-04,15.402,15.546,15.302,15.46,4487011,12659,15.4508
FR0010208488,35052259,ENGI,EUR,2023-07-05,15.45,15.544,15.258,15.294,5926145,14262,15.3612
FR0010208488,35052259,ENGI,EUR,2023-07-06,15.176,15.314,14.832,15.016,7156975,18357,15.0486
FR0010208488,35052259,ENGI,EUR,2023-07-07,14.836,15.13,14.8,15.094,5774066,16721,15.0252
FR0010208488,35052259,ENGI,EUR,2023-07-10,15.002,15.12,14.802,14.9,6240354,17009,14.9568
FR0010208488,35052259,ENGI,EUR,2023-07-11,14.984,15.084,14.874,14.918,5215431,12745,14.9562
FR0010208488,35052259,ENGI,EUR,2023-07-12,15.038,15.3,14.87,14.96,7295829,18284,14.9572
FR0010208488,35052259,ENGI,EUR,2023-07-13,14.912,15.168,14.912,15.084,4876613,12667,15.0788
FR0010208488,35052259,ENGI,EUR,2023-07-14,15.136,15.138,14.938,15.012,3071211,8740,15.024
FR0010208488,35052259,ENGI,EUR,2023-07-17,15.0,15.122,14.902,14.98,2996056,7954,15.0002
FR0010208488,35052259,ENGI,EUR,2023-07-18,14.918,15.046,14.888,14.982,3109528,8369,14.979
FR0010208488,35052259,ENGI,EUR,2023-07-19,15.0,15.224,14.988,15.056,4026403,10957,15.07
FR0010208488,35052259,ENGI,EUR,2023-07-20,15.186,15.498,15.092,15.358,5599644,15644,15.3224
FR0010208488,35052259,ENGI,EUR,2023-07-21,15.312,15.526,15.308,15.462,5456992,16233,15.4528
FR0010208488,35052259,ENGI,EUR,2023-07-24,15.462,15.56,15.302,15.394,3092131,9841,15.4228
FR0010208488,35052259,ENGI,EUR,2023-07-25,15.436,15.504,15.186,15.372,3615228,9789,15.3284
FR0010208488,35052259,ENGI,EUR,2023-07-26,15.504,15.504,15.226,15.382,4530219,14122,15.3332
FR0010208488,35052259,ENGI,EUR,2023-07-27,15.376,15.508,15.258,15.314,6135042,16618,15.3418
FR0010208488,35052259,ENGI,EUR,2023-07-28,15.262,15.296,14.722,14.994,9877528,29025,14.992
FR0010208488,35052259,ENGI,EUR,2023-07-31,14.894,15.116,14.852,14.912,7316297,17165,14.9718
FR0010208488,35052259,ENGI,EUR,2023-08-01,15.072,15.072,14.75,14.896,5914986,13264,14.8742
FR0010208488,35052259,ENGI,EUR,2023-08-02,14.902,14.902,14.576,14.636,6007369,17780,14.6486
FR0010208488,35052259,ENGI,EUR,2023-08-03,14.688,14.926,14.102,14.4,8620461,18218,14.4
FR0010208488,35052259,ENGI,EUR,2023-08-04,14.472,14.616,14.296,14.438,6041176,17654,14.46
FR0010208488,35052259,ENGI,EUR,2023-08-07,14.302,14.64,14.26,14.422,4499394,14433,14.3814
FR0010208488,35052259,ENGI,EUR,2023-08-08,14.454,14.604,14.352,14.434,6177303,19687,14.4426
FR0010208488,35052259,ENGI,EUR,2023-08-09,14.532,14.778,14.354,14.562,4675519,11423,14.522
FR0010208488,35052259,ENGI,EUR,2023-08-10,14.582,14.72,14.522,14.636,6001693,14377,14.641
FR0010208488,35052259,ENGI,EUR,2023-08-11,14.626,14.632,14.456,14.494,3925461,8776,14.5196
FR0010208488,35052259,ENGI,EUR,2023-08-14,14.626,14.626,14.394,14.546,3626825,10155,14.5256
FR0010208488,35052259,ENGI,EUR,2023-08-15,14.526,14.568,14.332,14.408,3207125,8766,14.4246
FR0010208488,35052259,ENGI,EUR,2023-08-16,14.386,14.55,14.308,14.504,3565721,9637,14.484
FR0010208488,35052259,ENGI,EUR,2023-08-17,14.402,14.544,14.4,14.486,4408941,11283,14.4744
FR0010208488,35052259,ENGI,EUR,2023-08-18,14.456,14.734,14.44,14.588,6213818,16907,14.5586
FR0010208488,35052259,ENGI,EUR,2023-08-21,14.714,14.928,14.616,14.744,5442751,15002,14.7894
FR0010208488,35052259,ENGI,EUR,2023-08-22,14.806,14.926,14.676,14.696,3693970,11946,14.7488
FR0010208488,35052259,ENGI,EUR,2023-08-23,14.866,14.94,14.582,14.644,3342700,8942,14.7322
FR0010208488,35052259,ENGI,EUR,2023-08-24,14.8,14.81,14.524,14.686,4210973,11747,14.6508
FR0010208488,35052259,ENGI,EUR,2023-08-25,14.7,14.868,14.536,14.794,2957636,9163,14.7668
FR0010208488,35052259,ENGI,EUR,2023-08-28,14.828,14.998,14.616,14.836,2769726,5704,14.8168
FR0010208488,35052259,ENGI,EUR,2023-08-29,14.882,15.116,14.878,15.032,5661425,13544,15.0096
FR0010208488,35052259,ENGI,EUR,2023-08-30,15.144,15.188,14.796,14.888,4599652,13034,14.8978
FR0010208488,35052259,ENGI,EUR,2023-08-31,14.996,15.064,14.768,14.89,6047277,9506,14.9038
FR0010208488,35052259,ENGI,EUR,2023-09-01,14.92,15.048,14.788,14.82,3121664,9141,14.8584
FR0010208488,35052259,ENGI,EUR,2023-09-04,14.99,14.998,14.702,14.754,3735750,8790,14.7982
FR0010208488,35052259,ENGI,EUR,2023-09-05,14.82,14.82,14.478,14.58,5473760,12677,14.5964
FR0010208488,35052259,ENGI,EUR,2023-09-06,14.606,14.606,14.326,14.504,6144382,16931,14.4602
FR0010208488,35052259,ENGI,EUR,2023-09-07,14.524,14.758,14.39,14.656,4484656,11155,14.6238
FR0010208488,35052259,ENGI,EUR,2023-09-08,14.816,14.888,14.588,14.828,4129152,12849,14.7798
FR0010208488,35052259,ENGI,EUR,2023-09-11,14.92,14.982,14.824,14.888,3037896,8277,14.8984
FR0010208488,35052259,ENGI,EUR,2023-09-12,14.974,14.998,14.786,14.882,3763895,8799,14.8852
FR0010208488,35052259,ENGI,EUR,2023-09-13,14.862,14.988,14.714,14.898,3331864,8326,14.8732
FR0010208488,35052259,ENGI,EUR,2023-09-14,14.9,15.348,14.894,15.146,5162409,13266,15.1182
FR0010208488,35052259,ENGI,EUR,2023-09-15,15.22,15.314,15.154,15.198,9756388,14856,15.2164
FR0010208488,35052259,ENGI,EUR,2023-09-18,15.18,15.298,15.042,15.096,4784663,13357,15.1442
FR0010208488,35052259,ENGI,EUR,2023-09-19,15.198,15.384,15.018,15.288,4758295,12038,15.2604
FR0010208488,35052259,ENGI,EUR,2023-09-20,15.4,15.448,15.09,15.168,4824499,10664,15.2022
FR0010208488,35052259,ENGI,EUR,2023-09-21,14.988,15.12,14.864,14.944,1443682,8329,14.9624
FR0010208488,35052259,ENGI,EUR,2023-09-22,15.086,15.196,14.692,14.958,4169442,14053,14.915
FR0010208488,35052259,ENGI,EUR,2023-09-25,14.87,14.972,14.76,14.842,4230711,9709,14.844
FR0010208488,35052259,ENGI,EUR,2023-09-26,14.814,14.878,14.65,14.744,4577611,13240,14.7614
FR0010208488,35052259,ENGI,EUR,2023-09-27,14.712,14.814,14.23,14.51,7410474,17374,14.5062
FR0010208488,35052259,ENGI,EUR,2023-09-28,14.416,14.566,14.252,14.388,6197162,13668,14.4136
FR0010208488,35052259,ENGI,EUR,2023-09-29,14.468,14.658,14.388,14.53,7661269,16541,14.5324
FR0010208488,35052259,ENGI,EUR,2023-10-02,14.648,14.766,14.202,14.278,7192598,16623,14.4146
FR0010208488,35052259,ENGI,EUR,2023-10-03,14.22,14.244,13.824,14.002,10541351,24694,13.9938
FR0010208488,35052259,ENGI,EUR,2023-10-04,13.918,14.38,13.752,14.028,7597587,18780,14.1086
FR0010208488,35052259,ENGI,EUR,2023-10-05,14.154,14.194,13.996,14.14,4167568,10862,14.0946
FR0010208488,35052259,ENGI,EUR,2023-10-06,14.188,14.25,13.876,14.132,5349116,12445,14.0862
FR0010208488,35052259,ENGI,EUR,2023-10-09,13.962,14.368,13.93,14.278,4426087,11518,14.2578
FR0010208488,35052259,ENGI,EUR,2023-10-10,14.416,14.722,14.296,14.57,5593732,11951,14.5486
FR0010208488,35052259,ENGI,EUR,2023-10-11,14.574,14.778,14.532,14.732,5635484,15616,14.7132
FR0010208488,35052259,ENGI,EUR,2023-10-12,14.92,14.944,14.602,14.68,4294721,12753,14.706
FR0010208488,35052259,ENGI,EUR,2023-10-13,14.688,14.836,14.62,14.776,6518260,13530,14.7504
FR0010208488,35052259,ENGI,EUR,2023-10-16,14.664,14.95,14.642,14.808,4904352,12327,14.7984
FR0010208488,35052259,ENGI,EUR,2023-10-17,14.856,15.1,14.702,14.892,6024477,19893,14.922
FR0010208488,35052259,ENGI,EUR,2023-10-18,14.896,14.896,14.55,14.72,3618222,9559,14.7378
FR0010208488,35052259,ENGI,EUR,2023-10-19,14.646,14.974,14.556,14.874,6456385,17859,14.8054
FR0010208488,35052259,ENGI,EUR,2023-10-20,14.794,14.866,14.644,14.688,7625376,15582,14.716
FR0010208488,35052259,ENGI,EUR,2023-10-23,14.862,14.87,14.392,14.502,5627058,14874,14.5072
FR0010208488,35052259,ENGI,EUR,2023-10-24,14.45,14.87,14.438,14.734,7432234,18328,14.7022
FR0010208488,35052259,ENGI,EUR,2023-10-25,14.882,14.882,14.534,14.854,4743951,13571,14.7614
FR0010208488,35052259,ENGI,EUR,2023-10-26,14.816,15.008,14.682,14.896,5844487,12735,14.8446
FR0010208488,35052259,ENGI,EUR,2023-10-27,14.808,15.062,14.782,14.922,4704150,13999,14.959
FR0010208488,35052259,ENGI,EUR,2023-10-30,15.002,15.232,14.878,14.986,4761532,12553,15.0508
FR0010208488,35052259,ENGI,EUR,2023-10-31,15.086,15.136,14.884,15.004,4677361,12972,15.0084
FR0010208488,35052259,ENGI,EUR,2023-11-01,15.08,15.436,14.946,15.354,8061413,21547,15.3116
FR0010208488,35052259,ENGI,EUR,2023-11-02,15.294,15.494,15.026,15.156,8351401,23546,15.1716
FR0010208488,35052259,ENGI,EUR,2023-11-03,15.176,15.326,15.008,15.154,7517653,21182,15.1192
FR0010208488,35052259,ENGI,EUR,2023-11-06,15.224,15.224,14.952,15.14,5716711,17702,15.1326
FR0010208488,35052259,ENGI,EUR,2023-11-07,15.002,15.668,15.002,15.302,10036187,28391,15.4002
FR0010208488,35052259,ENGI,EUR,2023-11-08,15.058,15.31,14.936,15.136,7273423,19679,15.0826
FR0010208488,35052259,ENGI,EUR,2023-11-09,15.102,15.37,15.078,15.306,6050892,14169,15.294
FR0010208488,35052259,ENGI,EUR,2023-11-10,15.12,15.4,15.104,15.298,6370821,15223,15.225
FR0010208488,35052259,ENGI,EUR,2023-11-13,15.298,15.406,15.144,15.322,4396381,10196,15.3326
FR0010208488,35052259,ENGI,EUR,2023-11-14,15.312,15.404,15.18,15.354,1975899,7463,15.3124
FR0010208488,35052259,ENGI,EUR,2023-11-15,15.43,15.44,15.208,15.318,5692171,15514,15.336
FR0010208488,35052259,ENGI,EUR,2023-11-16,15.214,15.58,15.214,15.518,5173207,13230,15.5064
FR0010208488,35052259,ENGI,EUR,2023-11-17,15.582,15.748,15.478,15.6,4596420,13736,15.6042
FR0010208488,35052259,ENGI,EUR,2023-11-20,15.688,15.732,15.434,15.608,3056924,9345,15.6348
FR0010208488,35052259,ENGI,EUR,2023-11-21,15.584,15.638,15.452,15.536,3288619,11201,15.5486
FR0010208488,35052259,ENGI,EUR,2023-11-22,15.576,15.794,15.576,15.586,4189523,12468,15.6438
FR0010208488,35052259,ENGI,EUR,2023-11-23,15.64,15.788,15.5,15.72,3409354,10999,15.7244
FR0010208488,35052259,ENGI,EUR,2023-11-24,15.646,15.9,15.646,15.754,3006104,7809,15.7646
FR0010208488,35052259,ENGI,EUR,2023-11-27,15.784,15.98,15.628,15.836,3632188,9580,15.8104
FR0010208488,35052259,ENGI,EUR,2023-11-28,15.854,15.98,15.706,15.918,3735176,13040,15.9196
FR0010208488,35052259,ENGI,EUR,2023-11-29,15.926,15.968,15.816,15.872,2897720,9206,15.885
FR0010208488,35052259,ENGI,EUR,2023-11-30,15.946,15.998,15.772,15.918,7473109,14863,15.913
FR0010208488,35052259,ENGI,EUR,2023-12-01,15.978,16.14,15.916,16.046,3865433,11701,16.0152
FR0010208488,35052259,ENGI,EUR,2023-12-04,16.108,16.12,15.866,16.046,4567719,16955,15.996
FR0010208488,35052259,ENGI,EUR,2023-12-05,16.02,16.112,15.79,15.99,5539240,14329,16.0136
FR0010208488,35052259,ENGI,EUR,2023-12-06,16.032,16.172,15.942,16.088,4497842,14826,16.0796
FR0010208488,35052259,ENGI,EUR,2023-12-07,16.154,16.284,15.862,16.168,1674034,8165,16.1708
FR0010208488,35052259,ENGI,EUR,2023-12-08,16.188,16.312,16.102,16.234,4645831,10121,16.2374
FR0010208488,35052259,ENGI,EUR,2023-12-11,16.09,16.332,15.986,16.128,3628643,10638,16.1768
FR0010208488,35052259,ENGI,EUR,2023-12-12,16.128,16.238,15.788,15.99,5468367,13724,16.0226
FR0010208488,35052259,ENGI,EUR,2023-12-13,16.006,16.248,16.006,16.16,4631908,11116,16.132
FR0010208488,35052259,ENGI,EUR,2023-12-14,16.2,16.486,16.198,16.27,7978418,22155,16.3196
FR0010208488,35052259,ENGI,EUR,2023-12-15,16.448,16.55,16.154,16.214,12986984,26261,16.28
FR0010208488,35052259,ENGI,EUR,2023-12-18,16.212,16.244,15.902,16.086,3942825,10961,16.1016
FR0010208488,35052259,ENGI,EUR,2023-12-19,15.95,16.434,15.95,16.048,3255474,9031,16.0746
FR0010208488,35052259,ENGI,EUR,2023-12-20,16.06,16.308,16.034,16.22,4045410,13599,16.1726
FR0010208488,35052259,ENGI,EUR,2023-12-21,16.186,16.346,16.056,16.244,3714290,9904,16.2312
FR0010208488,35052259,ENGI,EUR,2023-12-22,16.176,16.298,14.612,16.16,3642335,8840,16.1816
FR0010208488,35052259,ENGI,EUR,2023-12-27,16.03,16.206,14.7,16.17,2465728,7716,16.1404
FR0010208488,35052259,ENGI,EUR,2023-12-28,16.138,16.172,15.902,15.96,2904885,8106,16.0036
FR0010208488,35052259,ENGI,EUR,2023-12-29,16.098,16.098,15.89,15.918,2829341,7012,15.9308
