ISIN,conId,Symbol,Currency,date,open,high,low,close,volume,barCount,average
FR0013153541,235165280,MDM,EUR,2019-01-02,16.7,17.1,16.16,16.89,150966,1506,16.709
FR0013153541,235165280,MDM,EUR,2019-01-03,16.68,17.16,16.58,17.07,130403,1568,16.929
FR0013153541,235165280,MDM,EUR,2019-01-04,17.24,17.7,16.32,16.5,209650,2344,16.851
FR0013153541,235165280,MDM,EUR,2019-01-07,16.64,17.54,16.62,17.48,110613,1243,17.201
FR0013153541,235165280,MDM,EUR,2019-01-08,17.56,19.12,17.56,19.05,190944,2080,18.623
FR0013153541,235165280,MDM,EUR,2019-01-09,19.4,19.98,19.14,19.42,313852,3625,19.471
FR0013153541,235165280,MDM,EUR,2019-01-10,19.24,21.48,18.9,21.48,422571,3157,20.624
FR0013153541,235165280,MDM,EUR,2019-01-11,21.44,21.74,20.64,21.3,224754,2375,21.22
FR0013153541,235165280,MDM,EUR,2019-01-14,21.06,21.38,20.1,20.44,165630,1730,20.667
FR0013153541,235165280,MDM,EUR,2019-01-15,20.42,20.52,19.7,19.99,124610,1391,19.932
FR0013153541,235165280,MDM,EUR,2019-01-16,20.08,20.4,19.76,20.36,96479,1071,20.117
FR0013153541,235165280,MDM,EUR,2019-01-17,20.42,20.82,19.78,20.72,159520,1271,20.372
FR0013153541,235165280,MDM,EUR,2019-01-18,20.9,21.28,20.84,21.26,83837,1110,21.123
FR0013153541,235165280,MDM,EUR,2019-01-21,21.26,22.06,21.2,21.3,238251,2715,21.597
FR0013153541,235165280,MDM,EUR,2019-01-22,21.2,21.34,20.62,20.8,151755,1484,20.797
FR0013153541,235165280,MDM,EUR,2019-01-23,21.26,22.96,21.26,22.38,419575,3585,22.314
FR0013153541,235165280,MDM,EUR,2019-01-24,22.52,22.78,21.92,21.96,184963,1752,22.2
FR0013153541,235165280,MDM,EUR,2019-01-25,22.04,22.48,21.86,21.96,152627,1463,22.085
FR0013153541,235165280,MDM,EUR,2019-01-28,22.02,22.54,21.88,22.0,139024,1200,22.156
FR0013153541,235165280,MDM,EUR,2019-01-29,22.0,22.02,21.58,21.68,99743,922,21.774
FR0013153541,235165280,MDM,EUR,2019-01-30,21.88,22.86,21.74,22.72,153027,1337,22.524
FR0013153541,235165280,MDM,EUR,2019-01-31,22.96,23.34,22.06,22.54,132628,1396,22.56
FR0013153541,235165280,MDM,EUR,2019-02-01,23.3,24.14,23.02,24.06,293240,2800,23.61
FR0013153541,235165280,MDM,EUR,2019-02-04,24.14,24.5,22.92,23.08,218214,2091,23.357
FR0013153541,235165280,MDM,EUR,2019-02-05,23.18,24.48,23.1,24.48,236176,2206,23.97
FR0013153541,235165280,MDM,EUR,2019-02-06,24.4,24.4,23.08,23.42,236798,1796,23.436
FR0013153541,235165280,MDM,EUR,2019-02-07,23.34,23.48,22.44,22.78,147037,1325,22.827
FR0013153541,235165280,MDM,EUR,2019-02-08,22.7,22.7,21.94,22.14,132119,1550,22.159
FR0013153541,235165280,MDM,EUR,2019-02-11,22.2,23.18,22.2,22.56,112196,1088,22.639
FR0013153541,235165280,MDM,EUR,2019-02-12,22.64,23.14,22.58,22.84,136017,1172,22.86
FR0013153541,235165280,MDM,EUR,2019-02-13,22.96,23.38,22.7,23.14,105520,868,23.117
FR0013153541,235165280,MDM,EUR,2019-02-14,23.22,23.64,23.1,23.52,102853,1138,23.449
FR0013153541,235165280,MDM,EUR,2019-02-15,23.56,24.16,23.26,23.72,184393,1616,23.805
FR0013153541,235165280,MDM,EUR,2019-02-18,23.74,24.48,23.66,24.44,114049,1074,24.213
FR0013153541,235165280,MDM,EUR,2019-02-19,24.48,24.5,23.56,23.62,97856,956,23.823
FR0013153541,235165280,MDM,EUR,2019-02-20,23.6,23.8,23.18,23.48,132942,1397,23.448
FR0013153541,235165280,MDM,EUR,2019-02-21,23.48,23.6,23.2,23.58,114051,1192,23.505
FR0013153541,235165280,MDM,EUR,2019-02-22,23.5,23.8,22.98,22.98,165646,1711,23.3
FR0013153541,235165280,MDM,EUR,2019-02-25,23.26,23.88,23.24,23.76,141197,1369,23.683
FR0013153541,235165280,MDM,EUR,2019-02-26,23.68,23.9,23.14,23.56,92980,969,23.574
FR0013153541,235165280,MDM,EUR,2019-02-27,23.56,23.6,22.7,22.88,146689,1362,22.924
FR0013153541,235165280,MDM,EUR,2019-02-28,22.7,23.3,22.62,23.0,221639,2082,23.018
FR0013153541,235165280,MDM,EUR,2019-03-01,23.08,24.08,23.0,23.96,179057,1494,23.868
FR0013153541,235165280,MDM,EUR,2019-03-04,24.24,24.86,24.0,24.08,171531,1735,24.381
FR0013153541,235165280,MDM,EUR,2019-03-05,24.28,24.36,23.36,23.88,113308,1111,23.676
FR0013153541,235165280,MDM,EUR,2019-03-06,23.8,24.1,23.48,23.48,69459,776,23.752
FR0013153541,235165280,MDM,EUR,2019-03-07,23.32,23.42,22.8,22.94,90126,840,23.011
FR0013153541,235165280,MDM,EUR,2019-03-08,22.86,22.9,21.88,21.88,185280,1663,22.242
FR0013153541,235165280,MDM,EUR,2019-03-11,22.0,22.68,21.9,22.5,325079,2471,22.194
FR0013153541,235165280,MDM,EUR,2019-03-12,22.5,22.76,22.1,22.3,172129,1313,22.368
FR0013153541,235165280,MDM,EUR,2019-03-13,22.08,22.08,19.84,20.38,938288,7857,20.295
FR0013153541,235165280,MDM,EUR,2019-03-14,20.3,20.48,19.44,19.49,399678,3522,19.741
FR0013153541,235165280,MDM,EUR,2019-03-15,19.46,19.9,19.46,19.68,431274,3261,19.678
FR0013153541,235165280,MDM,EUR,2019-03-18,19.68,19.72,19.12,19.21,309765,2737,19.36
FR0013153541,235165280,MDM,EUR,2019-03-19,19.28,19.94,19.08,19.11,295773,2433,19.37
FR0013153541,235165280,MDM,EUR,2019-03-20,19.18,19.18,18.62,18.78,252828,1784,18.831
FR0013153541,235165280,MDM,EUR,2019-03-21,18.84,19.06,18.58,18.69,190724,1796,18.765
FR0013153541,235165280,MDM,EUR,2019-03-22,18.68,18.76,18.12,18.56,463075,2705,18.462
FR0013153541,235165280,MDM,EUR,2019-03-25,18.38,18.44,17.82,17.95,180606,1544,18.018
FR0013153541,235165280,MDM,EUR,2019-03-26,18.18,18.46,17.94,18.34,283461,1759,18.283
FR0013153541,235165280,MDM,EUR,2019-03-27,18.4,18.7,17.72,17.72,305905,2399,18.078
FR0013153541,235165280,MDM,EUR,2019-03-28,17.72,17.76,17.14,17.27,365913,2706,17.401
FR0013153541,235165280,MDM,EUR,2019-03-29,17.32,17.52,16.96,17.22,586561,3417,17.169
FR0013153541,235165280,MDM,EUR,2019-04-01,17.28,17.66,17.28,17.5,318532,2134,17.501
FR0013153541,235165280,MDM,EUR,2019-04-02,17.6,17.68,17.46,17.52,303185,2194,17.559
FR0013153541,235165280,MDM,EUR,2019-04-03,17.64,19.16,17.6,18.95,621277,4568,18.544
FR0013153541,235165280,MDM,EUR,2019-04-04,18.76,19.26,18.28,19.24,450231,2750,18.906
FR0013153541,235165280,MDM,EUR,2019-04-05,19.2,19.48,18.7,18.7,323826,2159,18.96
FR0013153541,235165280,MDM,EUR,2019-04-08,18.7,18.94,18.6,18.63,194393,1375,18.71
FR0013153541,235165280,MDM,EUR,2019-04-09,18.6,18.7,18.04,18.23,241382,1544,18.339
FR0013153541,235165280,MDM,EUR,2019-04-10,18.06,18.42,17.84,18.05,135207,1223,18.037
FR0013153541,235165280,MDM,EUR,2019-04-11,18.18,18.36,18.12,18.2,115254,1125,18.21
FR0013153541,235165280,MDM,EUR,2019-04-12,18.16,18.86,17.96,18.7,212859,1931,18.511
FR0013153541,235165280,MDM,EUR,2019-04-15,18.76,18.84,18.22,18.29,212004,1384,18.525
FR0013153541,235165280,MDM,EUR,2019-04-16,18.3,18.7,18.16,18.25,300505,2074,18.32
FR0013153541,235165280,MDM,EUR,2019-04-17,18.32,19.7,18.3,19.47,334817,2621,19.311
FR0013153541,235165280,MDM,EUR,2019-04-18,19.4,19.7,18.94,19.38,185768,1273,19.357
FR0013153541,235165280,MDM,EUR,2019-04-23,19.38,19.5,18.7,18.95,365834,2348,18.97
FR0013153541,235165280,MDM,EUR,2019-04-24,18.94,19.04,18.6,18.74,130667,1136,18.733
FR0013153541,235165280,MDM,EUR,2019-04-25,18.66,18.66,18.3,18.42,179446,1570,18.471
FR0013153541,235165280,MDM,EUR,2019-04-26,18.66,18.8,18.3,18.72,324834,1910,18.576
FR0013153541,235165280,MDM,EUR,2019-04-29,18.72,19.4,18.72,19.16,228455,1720,19.105
FR0013153541,235165280,MDM,EUR,2019-04-30,19.14,19.3,19.0,19.18,161799,1161,19.155
FR0013153541,235165280,MDM,EUR,2019-05-02,19.2,19.2,18.42,18.77,399356,2667,18.735
FR0013153541,235165280,MDM,EUR,2019-05-03,18.84,19.0,18.46,18.65,246382,1877,18.771
FR0013153541,235165280,MDM,EUR,2019-05-06,18.44,18.46,17.62,17.84,320610,2216,17.829
FR0013153541,235165280,MDM,EUR,2019-05-07,17.92,17.92,16.9,17.03,504097,3290,17.145
FR0013153541,235165280,MDM,EUR,2019-05-08,17.1,17.6,17.02,17.19,338713,2238,17.255
FR0013153541,235165280,MDM,EUR,2019-05-09,17.2,17.2,16.22,16.31,633437,3562,16.417
FR0013153541,235165280,MDM,EUR,2019-05-10,18.0,18.9,17.98,18.3,981957,5474,18.26
FR0013153541,235165280,MDM,EUR,2019-05-13,18.32,18.4,17.5,17.5,677481,3774,18.019
FR0013153541,235165280,MDM,EUR,2019-05-14,17.58,18.66,17.56,18.55,312527,2159,18.253
FR0013153541,235165280,MDM,EUR,2019-05-15,18.64,18.82,17.98,18.46,315193,2033,18.353
FR0013153541,235165280,MDM,EUR,2019-05-16,18.52,18.76,18.26,18.63,158042,1211,18.588
FR0013153541,235165280,MDM,EUR,2019-05-17,18.58,19.1,18.34,18.43,417593,2380,18.808
FR0013153541,235165280,MDM,EUR,2019-05-20,18.44,18.48,17.9,18.01,208707,1533,18.114
FR0013153541,235165280,MDM,EUR,2019-05-21,17.92,18.9,17.92,18.64,187213,1403,18.649
FR0013153541,235165280,MDM,EUR,2019-05-22,18.64,18.76,18.22,18.33,289665,2259,18.45
FR0013153541,235165280,MDM,EUR,2019-05-23,18.3,18.3,17.54,17.61,268095,1974,17.854
FR0013153541,235165280,MDM,EUR,2019-05-24,17.8,18.28,17.78,18.11,170712,1286,18.074
FR0013153541,235165280,MDM,EUR,2019-05-27,18.22,18.38,17.96,18.33,119955,1063,18.225
FR0013153541,235165280,MDM,EUR,2019-05-28,18.28,18.6,17.96,18.02,224251,1292,18.275
FR0013153541,235165280,MDM,EUR,2019-05-29,18.0,18.08,17.6,17.91,141046,1304,17.801
FR0013153541,235165280,MDM,EUR,2019-05-30,17.94,18.12,17.54,17.8,117382,909,17.736
FR0013153541,235165280,MDM,EUR,2019-05-31,17.66,18.12,17.32,18.05,194146,1459,17.851
FR0013153541,235165280,MDM,EUR,2019-06-03,17.88,17.94,17.18,17.26,302629,1885,17.387
FR0013153541,235165280,MDM,EUR,2019-06-04,17.16,17.36,16.86,17.0,334452,1978,17.029
FR0013153541,235165280,MDM,EUR,2019-06-05,17.06,17.36,16.88,17.07,383881,2591,17.084
FR0013153541,235165280,MDM,EUR,2019-06-06,17.1,17.64,16.94,17.35,178919,1053,17.308
FR0013153541,235165280,MDM,EUR,2019-06-07,17.56,17.98,17.44,17.62,173954,1469,17.687
FR0013153541,235165280,MDM,EUR,2019-06-10,17.7,17.9,17.6,17.85,254244,1571,17.771
FR0013153541,235165280,MDM,EUR,2019-06-11,17.84,18.14,17.64,17.92,175098,1265,17.898
FR0013153541,235165280,MDM,EUR,2019-06-12,17.84,17.92,17.3,17.35,110113,916,17.465
FR0013153541,235165280,MDM,EUR,2019-06-13,17.4,17.4,16.94,17.3,149496,1144,17.192
FR0013153541,235165280,MDM,EUR,2019-06-14,17.32,17.72,17.16,17.6,134310,1029,17.536
FR0013153541,235165280,MDM,EUR,2019-06-17,17.6,18.18,17.5,18.05,228719,1780,17.912
FR0013153541,235165280,MDM,EUR,2019-06-18,18.18,19.16,17.94,19.0,503047,3629,18.655
FR0013153541,235165280,MDM,EUR,2019-06-19,19.18,19.48,18.64,19.0,363882,2482,18.887
FR0013153541,235165280,MDM,EUR,2019-06-20,19.1,19.62,19.1,19.21,279480,2071,19.33
FR0013153541,235165280,MDM,EUR,2019-06-21,19.16,19.24,18.84,19.23,228412,1240,19.126
FR0013153541,235165280,MDM,EUR,2019-06-24,19.3,19.56,19.18,19.32,200200,1537,19.322
FR0013153541,235165280,MDM,EUR,2019-06-25,19.5,20.26,19.44,20.08,360499,2714,19.945
FR0013153541,235165280,MDM,EUR,2019-06-26,20.06,20.36,19.96,20.2,254171,2311,20.142
FR0013153541,235165280,MDM,EUR,2019-06-27,20.28,20.9,20.26,20.8,306288,2421,20.573
FR0013153541,235165280,MDM,EUR,2019-06-28,20.76,21.08,20.48,20.96,391124,2931,20.795
FR0013153541,235165280,MDM,EUR,2019-07-01,21.1,21.6,20.7,20.78,297658,2045,21.041
FR0013153541,235165280,MDM,EUR,2019-07-02,20.46,20.5,19.92,20.04,260127,1573,20.06
FR0013153541,235165280,MDM,EUR,2019-07-03,20.14,20.48,19.98,20.24,148536,959,20.277
FR0013153541,235165280,MDM,EUR,2019-07-04,20.3,20.34,19.94,20.08,93668,673,20.046
FR0013153541,235165280,MDM,EUR,2019-07-05,20.08,20.42,19.86,20.24,148326,1147,20.158
FR0013153541,235165280,MDM,EUR,2019-07-08,20.24,20.46,19.72,19.83,114581,1067,20.009
FR0013153541,235165280,MDM,EUR,2019-07-09,19.76,19.8,19.48,19.61,148795,1228,19.599
FR0013153541,235165280,MDM,EUR,2019-07-10,19.68,20.22,19.56,19.92,124739,959,19.997
FR0013153541,235165280,MDM,EUR,2019-07-11,20.0,20.06,19.7,19.84,116381,818,19.831
FR0013153541,235165280,MDM,EUR,2019-07-12,19.9,20.16,19.68,19.88,183397,1216,19.939
FR0013153541,235165280,MDM,EUR,2019-07-15,19.88,20.12,19.5,20.0,189689,1364,19.76
FR0013153541,235165280,MDM,EUR,2019-07-16,20.06,20.48,20.02,20.36,226141,1520,20.314
FR0013153541,235165280,MDM,EUR,2019-07-17,20.42,20.42,20.04,20.16,198855,1408,20.223
FR0013153541,235165280,MDM,EUR,2019-07-18,20.2,20.26,19.9,19.97,112101,822,20.057
FR0013153541,235165280,MDM,EUR,2019-07-19,20.0,20.42,19.96,20.28,108924,763,20.227
FR0013153541,235165280,MDM,EUR,2019-07-22,20.26,20.72,20.12,20.62,130160,848,20.554
FR0013153541,235165280,MDM,EUR,2019-07-23,20.52,20.98,20.48,20.74,189339,1244,20.759
FR0013153541,235165280,MDM,EUR,2019-07-24,20.8,20.94,20.6,20.78,201450,1457,20.765
FR0013153541,235165280,MDM,EUR,2019-07-25,20.94,20.98,20.54,20.8,120137,979,20.789
FR0013153541,235165280,MDM,EUR,2019-07-26,20.78,21.12,20.68,21.0,125415,952,20.972
FR0013153541,235165280,MDM,EUR,2019-07-29,21.1,21.18,20.8,20.94,125052,874,20.992
FR0013153541,235165280,MDM,EUR,2019-07-30,20.74,20.74,17.13,17.49,1873577,10602,17.634
FR0013153541,235165280,MDM,EUR,2019-07-31,17.68,18.48,17.65,18.18,543862,3756,18.081
FR0013153541,235165280,MDM,EUR,2019-08-01,18.18,18.67,18.18,18.49,341633,2289,18.467
FR0013153541,235165280,MDM,EUR,2019-08-02,18.05,18.27,17.66,17.83,322666,2556,17.957
FR0013153541,235165280,MDM,EUR,2019-08-05,17.7,17.7,17.13,17.2,234548,1563,17.295
FR0013153541,235165280,MDM,EUR,2019-08-06,17.25,17.7,17.11,17.4,273042,1781,17.425
FR0013153541,235165280,MDM,EUR,2019-08-07,17.48,17.9,17.32,17.42,267529,1571,17.571
FR0013153541,235165280,MDM,EUR,2019-08-08,17.57,18.07,17.43,17.8,411436,2698,17.778
FR0013153541,235165280,MDM,EUR,2019-08-09,17.83,17.92,17.42,17.64,164684,1157,17.618
FR0013153541,235165280,MDM,EUR,2019-08-12,17.72,17.86,16.81,16.84,356061,2233,17.072
FR0013153541,235165280,MDM,EUR,2019-08-13,16.8,16.8,16.03,16.4,630162,4384,16.336
FR0013153541,235165280,MDM,EUR,2019-08-14,16.51,16.51,15.92,16.03,204382,1186,16.16
FR0013153541,235165280,MDM,EUR,2019-08-15,16.11,16.2,15.19,15.44,323945,1933,15.542
FR0013153541,235165280,MDM,EUR,2019-08-16,15.5,16.25,15.44,15.97,241056,1771,15.903
FR0013153541,235165280,MDM,EUR,2019-08-19,16.1,16.21,15.78,16.2,172178,1252,16.067
FR0013153541,235165280,MDM,EUR,2019-08-20,16.26,16.79,16.12,16.4,253256,1689,16.48
FR0013153541,235165280,MDM,EUR,2019-08-21,16.36,16.93,16.36,16.68,165322,968,16.719
FR0013153541,235165280,MDM,EUR,2019-08-22,16.72,16.72,16.27,16.37,122631,819,16.465
FR0013153541,235165280,MDM,EUR,2019-08-23,16.45,16.78,16.31,16.35,103382,851,16.532
FR0013153541,235165280,MDM,EUR,2019-08-26,16.3,16.53,16.16,16.37,85050,688,16.376
FR0013153541,235165280,MDM,EUR,2019-08-27,16.45,16.72,16.08,16.57,88746,696,16.54
FR0013153541,235165280,MDM,EUR,2019-08-28,16.56,16.65,16.35,16.59,130767,991,16.506
FR0013153541,235165280,MDM,EUR,2019-08-29,16.51,16.69,16.29,16.47,91346,774,16.487
FR0013153541,235165280,MDM,EUR,2019-08-30,16.39,16.71,16.38,16.41,72220,689,16.514
FR0013153541,235165280,MDM,EUR,2019-09-02,16.46,16.49,15.82,15.93,181682,1407,16.014
FR0013153541,235165280,MDM,EUR,2019-09-03,15.95,15.95,15.3,15.47,311273,2822,15.458
FR0013153541,235165280,MDM,EUR,2019-09-04,15.62,15.94,15.5,15.79,276903,1807,15.778
FR0013153541,235165280,MDM,EUR,2019-09-05,15.85,16.01,15.56,15.96,514262,2574,15.871
FR0013153541,235165280,MDM,EUR,2019-09-06,16.04,16.1,15.8,16.1,328914,1971,15.992
FR0013153541,235165280,MDM,EUR,2019-09-09,16.09,16.59,16.07,16.29,233826,1508,16.327
FR0013153541,235165280,MDM,EUR,2019-09-10,16.3,16.38,15.76,16.24,324900,2015,16.147
FR0013153541,235165280,MDM,EUR,2019-09-11,16.29,16.93,16.19,16.61,226334,1714,16.67
FR0013153541,235165280,MDM,EUR,2019-09-12,16.69,17.17,16.64,16.94,398553,2253,16.961
FR0013153541,235165280,MDM,EUR,2019-09-13,17.01,17.01,16.26,16.39,200102,1045,16.533
FR0013153541,235165280,MDM,EUR,2019-09-16,16.38,16.5,16.02,16.07,258033,1338,16.218
FR0013153541,235165280,MDM,EUR,2019-09-17,16.13,16.15,15.57,15.69,206303,1501,15.732
FR0013153541,235165280,MDM,EUR,2019-09-18,15.77,15.77,15.46,15.63,370856,2007,15.592
FR0013153541,235165280,MDM,EUR,2019-09-19,15.69,15.69,15.4,15.45,346311,1992,15.522
FR0013153541,235165280,MDM,EUR,2019-09-20,15.5,15.54,15.13,15.13,321472,1538,15.227
FR0013153541,235165280,MDM,EUR,2019-09-23,15.2,15.21,14.56,14.86,386196,2303,14.783
FR0013153541,235165280,MDM,EUR,2019-09-24,14.9,15.01,14.71,14.72,233663,1361,14.849
FR0013153541,235165280,MDM,EUR,2019-09-25,14.75,14.81,14.3,14.55,235585,1437,14.54
FR0013153541,235165280,MDM,EUR,2019-09-26,14.6,14.72,13.95,14.22,455877,2697,14.234
FR0013153541,235165280,MDM,EUR,2019-09-27,14.29,14.78,14.29,14.46,412960,1934,14.487
FR0013153541,235165280,MDM,EUR,2019-09-30,14.6,14.6,14.37,14.5,142791,871,14.495
FR0013153541,235165280,MDM,EUR,2019-10-01,14.55,14.92,14.53,14.71,262538,1486,14.749
FR0013153541,235165280,MDM,EUR,2019-10-02,14.65,14.65,13.81,13.97,557703,3190,13.999
FR0013153541,235165280,MDM,EUR,2019-10-03,13.96,14.12,13.86,14.01,315406,1671,14.003
FR0013153541,235165280,MDM,EUR,2019-10-04,14.03,14.32,13.94,14.32,146461,1085,14.212
FR0013153541,235165280,MDM,EUR,2019-10-07,14.25,14.31,14.03,14.29,205034,1088,14.193
FR0013153541,235165280,MDM,EUR,2019-10-08,14.31,14.41,13.9,14.29,137936,856,14.135
FR0013153541,235165280,MDM,EUR,2019-10-09,14.19,14.39,14.07,14.12,236652,1407,14.216
FR0013153541,235165280,MDM,EUR,2019-10-10,14.2,14.48,14.13,14.24,234979,1368,14.286
FR0013153541,235165280,MDM,EUR,2019-10-11,14.29,14.64,14.16,14.54,301620,1512,14.439
FR0013153541,235165280,MDM,EUR,2019-10-14,14.59,14.59,14.18,14.28,185608,1150,14.303
FR0013153541,235165280,MDM,EUR,2019-10-15,14.34,14.59,14.18,14.52,386042,2188,14.381
FR0013153541,235165280,MDM,EUR,2019-10-16,14.5,14.63,14.26,14.52,204033,1348,14.493
FR0013153541,235165280,MDM,EUR,2019-10-17,14.45,14.97,14.39,14.54,326453,1605,14.68
FR0013153541,235165280,MDM,EUR,2019-10-18,14.5,14.5,14.25,14.41,156522,959,14.384
FR0013153541,235165280,MDM,EUR,2019-10-21,14.43,14.79,14.41,14.58,237627,1425,14.626
FR0013153541,235165280,MDM,EUR,2019-10-22,14.58,14.59,14.34,14.37,123793,787,14.417
FR0013153541,235165280,MDM,EUR,2019-10-23,14.35,14.77,14.19,14.74,209370,1059,14.512
FR0013153541,235165280,MDM,EUR,2019-10-24,14.79,14.99,14.5,14.54,239675,1004,14.666
FR0013153541,235165280,MDM,EUR,2019-10-25,14.5,14.71,14.48,14.7,156033,875,14.583
FR0013153541,235165280,MDM,EUR,2019-10-28,14.65,14.88,14.59,14.68,208065,1026,14.692
FR0013153541,235165280,MDM,EUR,2019-10-29,14.68,14.79,14.55,14.7,186921,883,14.684
FR0013153541,235165280,MDM,EUR,2019-10-30,14.72,15.0,14.32,14.68,471853,2242,14.679
FR0013153541,235165280,MDM,EUR,2019-10-31,13.8,13.8,12.3,12.39,2176898,10203,12.745
FR0013153541,235165280,MDM,EUR,2019-11-01,12.42,12.52,12.3,12.45,488512,1915,12.418
FR0013153541,235165280,MDM,EUR,2019-11-04,12.45,12.6,12.32,12.41,591048,2808,12.472
FR0013153541,235165280,MDM,EUR,2019-11-05,12.41,12.59,12.35,12.47,315274,1266,12.486
FR0013153541,235165280,MDM,EUR,2019-11-06,12.47,12.57,12.35,12.37,254578,1224,12.433
FR0013153541,235165280,MDM,EUR,2019-11-07,12.35,12.45,12.04,12.22,568239,2600,12.178
FR0013153541,235165280,MDM,EUR,2019-11-08,12.2,12.35,12.09,12.2,246524,1099,12.21
FR0013153541,235165280,MDM,EUR,2019-11-11,12.23,12.29,12.03,12.12,169182,956,12.123
FR0013153541,235165280,MDM,EUR,2019-11-12,12.15,12.3,12.1,12.3,345406,1427,12.196
FR0013153541,235165280,MDM,EUR,2019-11-13,12.27,12.88,12.25,12.7,425303,1969,12.708
FR0013153541,235165280,MDM,EUR,2019-11-14,12.76,12.78,12.44,12.72,175973,948,12.641
FR0013153541,235165280,MDM,EUR,2019-11-15,12.79,13.14,12.64,13.09,307820,1485,12.959
FR0013153541,235165280,MDM,EUR,2019-11-18,13.14,13.25,12.62,12.94,339394,1774,12.916
FR0013153541,235165280,MDM,EUR,2019-11-19,12.94,13.33,12.87,12.89,230313,960,13.077
FR0013153541,235165280,MDM,EUR,2019-11-20,12.92,12.92,12.57,12.64,126957,679,12.664
FR0013153541,235165280,MDM,EUR,2019-11-21,12.65,12.73,12.35,12.62,146808,888,12.578
FR0013153541,235165280,MDM,EUR,2019-11-22,12.6,12.84,12.6,12.67,86111,601,12.702
FR0013153541,235165280,MDM,EUR,2019-11-25,12.78,12.82,12.51,12.61,190165,927,12.623
FR0013153541,235165280,MDM,EUR,2019-11-26,12.65,12.99,12.58,12.99,210772,1003,12.892
FR0013153541,235165280,MDM,EUR,2019-11-27,13.0,13.24,12.94,13.11,263401,1300,13.09
FR0013153541,235165280,MDM,EUR,2019-11-28,13.09,13.09,12.84,13.08,181247,818,12.983
FR0013153541,235165280,MDM,EUR,2019-11-29,13.0,13.31,13.0,13.15,188352,928,13.158
FR0013153541,235165280,MDM,EUR,2019-12-02,13.12,13.25,12.71,12.74,247330,1405,12.99
FR0013153541,235165280,MDM,EUR,2019-12-03,12.78,12.91,12.3,12.4,312305,1438,12.501
FR0013153541,235165280,MDM,EUR,2019-12-04,12.4,12.67,12.37,12.44,252140,1083,12.506
FR0013153541,235165280,MDM,EUR,2019-12-05,12.52,12.69,12.44,12.5,280312,1105,12.536
FR0013153541,235165280,MDM,EUR,2019-12-06,12.58,12.8,12.42,12.68,196391,952,12.618
FR0013153541,235165280,MDM,EUR,2019-12-09,12.74,12.85,12.03,12.14,584260,2611,12.229
FR0013153541,235165280,MDM,EUR,2019-12-10,12.17,12.24,11.81,12.17,389465,1890,12.038
FR0013153541,235165280,MDM,EUR,2019-12-11,12.17,12.39,12.09,12.24,174808,719,12.256
FR0013153541,235165280,MDM,EUR,2019-12-12,12.29,12.32,12.06,12.07,234538,1016,12.129
FR0013153541,235165280,MDM,EUR,2019-12-13,12.28,12.48,12.05,12.11,502626,1662,12.166
FR0013153541,235165280,MDM,EUR,2019-12-16,12.15,12.5,12.12,12.34,597284,2716,12.364
FR0013153541,235165280,MDM,EUR,2019-12-17,12.37,12.55,12.11,12.4,310485,1456,12.396
FR0013153541,235165280,MDM,EUR,2019-12-18,12.46,12.72,12.41,12.58,292204,1779,12.629
FR0013153541,235165280,MDM,EUR,2019-12-19,12.63,12.67,12.32,12.38,247018,1186,12.431
FR0013153541,235165280,MDM,EUR,2019-12-20,12.4,12.52,12.34,12.45,340566,1404,12.451
FR0013153541,235165280,MDM,EUR,2019-12-23,12.5,12.85,12.46,12.74,197103,974,12.708
FR0013153541,235165280,MDM,EUR,2019-12-24,12.8,12.88,12.55,12.8,57431,405,12.756
FR0013153541,235165280,MDM,EUR,2019-12-27,12.9,13.14,12.75,12.75,228585,1188,12.944
FR0013153541,235165280,MDM,EUR,2019-12-30,12.8,13.01,12.7,12.9,134555,765,12.895
FR0013153541,235165280,MDM,EUR,2019-12-31,12.97,13.03,12.59,12.97,198242,1051,12.849
FR0013153541,235165280,MDM,EUR,2020-01-02,13.0,13.33,12.95,13.1,256778,1435,13.164
FR0013153541,235165280,MDM,EUR,2020-01-03,13.11,13.11,12.92,13.01,154428,1010,13.0065
FR0013153541,235165280,MDM,EUR,2020-01-06,12.97,12.99,12.52,12.97,224031,1167,12.772
FR0013153541,235165280,MDM,EUR,2020-01-07,13.0,13.38,12.88,12.88,217961,1160,13.126
FR0013153541,235165280,MDM,EUR,2020-01-08,12.82,12.96,12.61,12.74,316673,1395,12.815
FR0013153541,235165280,MDM,EUR,2020-01-09,12.84,12.9,12.34,12.34,373488,1691,12.494
FR0013153541,235165280,MDM,EUR,2020-01-10,12.46,12.46,11.6,11.75,1149892,5717,11.87
FR0013153541,235165280,MDM,EUR,2020-01-13,11.85,12.01,11.55,11.55,455299,2168,11.734
FR0013153541,235165280,MDM,EUR,2020-01-14,11.65,11.85,11.43,11.83,483095,2030,11.61
FR0013153541,235165280,MDM,EUR,2020-01-15,11.9,12.19,11.75,11.83,437691,2030,11.979
FR0013153541,235165280,MDM,EUR,2020-01-16,11.95,12.33,11.83,11.94,254837,1244,12.0295
FR0013153541,235165280,MDM,EUR,2020-01-17,11.95,11.96,11.48,11.8,908646,3236,11.637
FR0013153541,235165280,MDM,EUR,2020-01-20,11.8,11.98,11.7,11.85,368072,1286,11.851
FR0013153541,235165280,MDM,EUR,2020-01-21,11.85,11.85,11.55,11.55,219123,887,11.6755
FR0013153541,235165280,MDM,EUR,2020-01-22,11.58,11.59,11.18,11.28,270417,1664,11.3175
FR0013153541,235165280,MDM,EUR,2020-01-23,11.32,11.32,10.9,11.0,470737,2131,11.102
FR0013153541,235165280,MDM,EUR,2020-01-24,11.07,11.26,10.93,11.2,361837,1964,11.1015
FR0013153541,235165280,MDM,EUR,2020-01-27,11.07,11.12,10.75,11.07,309186,1775,10.969
FR0013153541,235165280,MDM,EUR,2020-01-28,11.08,11.13,10.94,11.03,175300,963,11.0435
FR0013153541,235165280,MDM,EUR,2020-01-29,11.04,11.24,10.97,11.12,223318,1292,11.1115
FR0013153541,235165280,MDM,EUR,2020-01-30,11.0,11.35,10.89,11.24,323468,1594,11.1545
FR0013153541,235165280,MDM,EUR,2020-01-31,11.97,12.41,11.77,12.0,1274120,5059,12.1065
FR0013153541,235165280,MDM,EUR,2020-02-03,12.11,12.11,11.09,11.39,715839,3378,11.376
FR0013153541,235165280,MDM,EUR,2020-02-04,11.46,11.71,11.41,11.53,340506,1488,11.56
FR0013153541,235165280,MDM,EUR,2020-02-05,11.55,11.99,11.53,11.76,278569,1562,11.8135
FR0013153541,235165280,MDM,EUR,2020-02-06,11.93,12.38,11.92,12.34,454221,2083,12.221
FR0013153541,235165280,MDM,EUR,2020-02-07,12.37,12.37,12.03,12.15,385105,1687,12.2045
FR0013153541,235165280,MDM,EUR,2020-02-10,12.15,12.16,11.93,12.01,220220,1256,12.0345
FR0013153541,235165280,MDM,EUR,2020-02-11,12.1,12.33,11.92,12.24,188144,1075,12.148
FR0013153541,235165280,MDM,EUR,2020-02-12,12.24,12.75,12.24,12.69,273805,1483,12.5875
FR0013153541,235165280,MDM,EUR,2020-02-13,12.61,12.67,12.42,12.54,171586,1109,12.5325
FR0013153541,235165280,MDM,EUR,2020-02-14,12.6,12.65,12.45,12.46,143117,834,12.52
FR0013153541,235165280,MDM,EUR,2020-02-17,12.68,12.71,12.41,12.43,97125,712,12.5185
FR0013153541,235165280,MDM,EUR,2020-02-18,12.4,12.52,12.22,12.49,128117,803,12.394
FR0013153541,235165280,MDM,EUR,2020-02-19,12.58,13.15,12.5,12.92,339546,1636,12.9015
FR0013153541,235165280,MDM,EUR,2020-02-20,12.99,12.99,12.68,12.7,192201,1304,12.8095
FR0013153541,235165280,MDM,EUR,2020-02-21,12.6,12.74,12.49,12.67,144480,936,12.6245
FR0013153541,235165280,MDM,EUR,2020-02-24,12.4,12.4,11.76,12.0,432336,2178,11.993
FR0013153541,235165280,MDM,EUR,2020-02-25,11.92,11.99,11.66,11.74,441894,2175,11.803
FR0013153541,235165280,MDM,EUR,2020-02-26,11.59,12.08,11.5,12.04,348548,1907,11.739
FR0013153541,235165280,MDM,EUR,2020-02-27,11.66,11.85,11.51,11.7,379308,1905,11.6675
FR0013153541,235165280,MDM,EUR,2020-02-28,11.15,11.55,10.8,11.07,545989,2926,11.2
FR0013153541,235165280,MDM,EUR,2020-03-02,11.13,11.26,10.41,10.55,418502,2051,10.697
FR0013153541,235165280,MDM,EUR,2020-03-03,10.74,10.98,10.44,10.46,325727,1486,10.677
FR0013153541,235165280,MDM,EUR,2020-03-04,10.5,10.87,10.25,10.69,367049,1445,10.6515
FR0013153541,235165280,MDM,EUR,2020-03-05,10.77,10.86,10.12,10.34,354581,1561,10.38
FR0013153541,235165280,MDM,EUR,2020-03-06,10.1,10.1,9.565,10.0,377114,2256,9.8485
FR0013153541,235165280,MDM,EUR,2020-03-09,8.215,9.44,7.81,9.215,585015,2891,9.1005
FR0013153541,235165280,MDM,EUR,2020-03-10,9.29,9.93,9.055,9.1,661661,3680,9.4195
FR0013153541,235165280,MDM,EUR,2020-03-11,9.3,9.46,8.405,8.55,365332,2147,8.791
FR0013153541,235165280,MDM,EUR,2020-03-12,7.7,8.01,7.03,7.22,1123441,4565,7.4355
FR0013153541,235165280,MDM,EUR,2020-03-13,7.3,7.52,6.72,7.38,1091887,5020,7.0905
FR0013153541,235165280,MDM,EUR,2020-03-16,6.585,7.025,5.35,6.635,969633,5043,6.228
FR0013153541,235165280,MDM,EUR,2020-03-17,6.375,6.765,6.255,6.65,465520,1764,6.578
FR0013153541,235165280,MDM,EUR,2020-03-18,6.52,7.4,6.485,6.995,344968,1522,6.876
FR0013153541,235165280,MDM,EUR,2020-03-19,7.22,8.15,7.22,8.07,348791,1700,7.758
FR0013153541,235165280,MDM,EUR,2020-03-20,8.595,8.85,7.81,8.035,283479,1311,8.2525
FR0013153541,235165280,MDM,EUR,2020-03-23,7.65,7.8,7.01,7.135,297207,1614,7.4225
FR0013153541,235165280,MDM,EUR,2020-03-24,7.69,7.69,7.35,7.605,156830,766,7.571
FR0013153541,235165280,MDM,EUR,2020-03-25,8.0,8.17,7.335,7.405,308639,1196,7.755
FR0013153541,235165280,MDM,EUR,2020-03-26,7.36,7.465,7.05,7.465,221607,1189,7.2715
FR0013153541,235165280,MDM,EUR,2020-03-27,7.45,7.565,7.325,7.345,88638,441,7.391
FR0013153541,235165280,MDM,EUR,2020-03-30,7.4,7.5,7.08,7.16,88425,651,7.26
FR0013153541,235165280,MDM,EUR,2020-03-31,7.31,7.485,7.2,7.305,202621,1011,7.3365
FR0013153541,235165280,MDM,EUR,2020-04-01,7.0,7.305,7.0,7.125,247448,611,7.156
FR0013153541,235165280,MDM,EUR,2020-04-02,7.2,7.2,6.855,6.99,165762,760,7.042
FR0013153541,235165280,MDM,EUR,2020-04-03,6.98,7.245,6.98,7.095,93148,477,7.137
FR0013153541,235165280,MDM,EUR,2020-04-06,7.29,7.49,7.195,7.195,103899,546,7.3205
FR0013153541,235165280,MDM,EUR,2020-04-07,7.235,7.695,7.2,7.315,259084,1214,7.4295
FR0013153541,235165280,MDM,EUR,2020-04-08,7.3,7.555,7.21,7.405,305413,712,7.392
FR0013153541,235165280,MDM,EUR,2020-04-09,7.565,7.75,7.435,7.75,155281,898,7.6255
FR0013153541,235165280,MDM,EUR,2020-04-14,7.8,8.0,7.73,7.95,88805,523,7.8975
FR0013153541,235165280,MDM,EUR,2020-04-15,8.0,8.0,7.42,7.42,116104,713,7.5985
FR0013153541,235165280,MDM,EUR,2020-04-16,7.38,7.47,7.21,7.21,101884,529,7.288
FR0013153541,235165280,MDM,EUR,2020-04-17,7.43,7.56,7.18,7.185,172665,927,7.3435
FR0013153541,235165280,MDM,EUR,2020-04-20,7.35,7.36,7.17,7.22,134752,881,7.26
FR0013153541,235165280,MDM,EUR,2020-04-21,7.18,7.18,7.01,7.02,151583,718,7.0295
FR0013153541,235165280,MDM,EUR,2020-04-22,7.05,7.28,6.97,7.1,85889,550,7.098
FR0013153541,235165280,MDM,EUR,2020-04-23,7.1,7.19,7.0,7.0,88156,504,7.071
FR0013153541,235165280,MDM,EUR,2020-04-24,6.99,7.01,6.89,6.92,85248,551,6.94
FR0013153541,235165280,MDM,EUR,2020-04-27,7.0,7.04,6.86,6.87,73484,595,6.904
FR0013153541,235165280,MDM,EUR,2020-04-28,6.87,7.24,6.86,7.0,390642,1296,7.008
FR0013153541,235165280,MDM,EUR,2020-04-29,7.1,7.6,7.09,7.54,237941,1681,7.311
FR0013153541,235165280,MDM,EUR,2020-04-30,7.86,8.45,7.7,8.25,403660,2395,8.132
FR0013153541,235165280,MDM,EUR,2020-05-04,7.9,7.96,7.53,7.6,154387,954,7.729
FR0013153541,235165280,MDM,EUR,2020-05-05,7.7,8.0,7.54,7.95,174818,790,7.789
FR0013153541,235165280,MDM,EUR,2020-05-06,7.83,8.32,7.82,7.89,173268,682,8.008
FR0013153541,235165280,MDM,EUR,2020-05-07,8.2,8.3,7.96,7.96,110839,576,8.106
FR0013153541,235165280,MDM,EUR,2020-05-08,8.06,8.12,7.9,7.99,66112,354,8.005
FR0013153541,235165280,MDM,EUR,2020-05-11,8.09,8.11,7.83,7.87,56362,341,7.954
FR0013153541,235165280,MDM,EUR,2020-05-12,7.91,8.48,7.91,8.16,216982,838,8.257
FR0013153541,235165280,MDM,EUR,2020-05-13,8.03,8.19,7.85,8.11,73564,417,8.069
FR0013153541,235165280,MDM,EUR,2020-05-14,8.15,8.39,8.0,8.25,157545,703,8.251
FR0013153541,235165280,MDM,EUR,2020-05-15,8.34,8.98,8.34,8.64,248635,1165,8.759
FR0013153541,235165280,MDM,EUR,2020-05-18,8.88,9.13,8.81,8.97,116821,465,9.005
FR0013153541,235165280,MDM,EUR,2020-05-19,8.99,9.58,8.53,9.55,440901,2451,9.151
FR0013153541,235165280,MDM,EUR,2020-05-20,9.46,9.58,8.56,9.49,600105,2502,9.127
FR0013153541,235165280,MDM,EUR,2020-05-21,9.3,9.33,8.68,8.8,342411,1380,8.908
FR0013153541,235165280,MDM,EUR,2020-05-22,8.66,9.0,8.56,8.8,127303,594,8.844
FR0013153541,235165280,MDM,EUR,2020-05-25,8.85,9.32,8.84,9.14,131599,721,9.129
FR0013153541,235165280,MDM,EUR,2020-05-26,9.27,9.69,9.26,9.61,184614,1011,9.519
FR0013153541,235165280,MDM,EUR,2020-05-27,9.6,10.03,9.5,9.7,343227,1801,9.795
FR0013153541,235165280,MDM,EUR,2020-05-28,9.86,10.27,9.76,10.2,451844,1994,10.074
FR0013153541,235165280,MDM,EUR,2020-05-29,10.2,10.76,9.76,10.74,536713,1934,10.471
FR0013153541,235165280,MDM,EUR,2020-06-01,10.88,11.27,10.42,10.86,325639,1323,10.863
FR0013153541,235165280,MDM,EUR,2020-06-02,10.94,11.23,10.79,11.14,535985,1777,11.031
FR0013153541,235165280,MDM,EUR,2020-06-03,11.18,11.4,11.01,11.22,328226,1327,11.209
FR0013153541,235165280,MDM,EUR,2020-06-04,11.09,11.42,10.94,11.36,321601,1492,11.187
FR0013153541,235165280,MDM,EUR,2020-06-05,11.56,12.07,10.97,11.22,664859,3238,11.468
FR0013153541,235165280,MDM,EUR,2020-06-08,11.22,11.5,11.09,11.35,281261,1323,11.338
FR0013153541,235165280,MDM,EUR,2020-06-09,11.42,11.5,10.9,11.4,232036,1293,11.266
FR0013153541,235165280,MDM,EUR,2020-06-10,11.35,11.74,11.06,11.21,157499,1324,11.3
FR0013153541,235165280,MDM,EUR,2020-06-11,11.04,11.28,10.75,10.82,267242,1537,10.98
FR0013153541,235165280,MDM,EUR,2020-06-12,10.69,11.13,10.09,10.74,211404,1396,10.824
FR0013153541,235165280,MDM,EUR,2020-06-15,10.52,11.2,10.35,11.12,307856,1503,10.849
FR0013153541,235165280,MDM,EUR,2020-06-16,11.35,11.79,11.12,11.78,231258,1442,11.543
FR0013153541,235165280,MDM,EUR,2020-06-17,11.67,11.75,11.3,11.39,158486,1037,11.48
FR0013153541,235165280,MDM,EUR,2020-06-18,11.49,11.8,11.34,11.45,175052,846,11.51
FR0013153541,235165280,MDM,EUR,2020-06-19,11.59,11.69,11.37,11.52,148524,684,11.505
FR0013153541,235165280,MDM,EUR,2020-06-22,11.47,11.5,11.22,11.35,202438,996,11.351
FR0013153541,235165280,MDM,EUR,2020-06-23,11.5,11.58,11.19,11.38,286676,1254,11.375
FR0013153541,235165280,MDM,EUR,2020-06-24,11.38,11.67,11.26,11.5,377810,1432,11.429
FR0013153541,235165280,MDM,EUR,2020-06-25,11.49,11.67,11.2,11.55,224533,1169,11.45
FR0013153541,235165280,MDM,EUR,2020-06-26,11.57,11.71,11.31,11.47,273024,1480,11.412
FR0013153541,235165280,MDM,EUR,2020-06-29,11.35,11.97,11.35,11.9,150835,1033,11.819
FR0013153541,235165280,MDM,EUR,2020-06-30,11.84,11.9,11.47,11.65,160024,811,11.625
FR0013153541,235165280,MDM,EUR,2020-07-01,11.73,11.77,11.3,11.42,208378,803,11.48
FR0013153541,235165280,MDM,EUR,2020-07-02,11.44,11.59,11.4,11.55,166841,844,11.519
FR0013153541,235165280,MDM,EUR,2020-07-03,11.5,11.62,11.41,11.56,48686,363,11.528
FR0013153541,235165280,MDM,EUR,2020-07-06,11.7,11.98,11.51,11.59,112115,670,11.731
FR0013153541,235165280,MDM,EUR,2020-07-07,11.53,11.65,11.43,11.51,112610,767,11.531
FR0013153541,235165280,MDM,EUR,2020-07-08,11.42,11.54,11.31,11.47,138190,692,11.418
FR0013153541,235165280,MDM,EUR,2020-07-09,11.48,11.71,11.36,11.43,117508,714,11.504
FR0013153541,235165280,MDM,EUR,2020-07-10,11.3,11.73,11.3,11.65,92650,564,11.549
FR0013153541,235165280,MDM,EUR,2020-07-13,11.65,12.0,11.64,11.81,137024,723,11.829
FR0013153541,235165280,MDM,EUR,2020-07-14,11.8,11.81,11.53,11.65,117733,724,11.642
FR0013153541,235165280,MDM,EUR,2020-07-15,11.67,11.82,11.44,11.49,101846,734,11.585
FR0013153541,235165280,MDM,EUR,2020-07-16,11.41,11.89,11.38,11.84,152987,1068,11.682
FR0013153541,235165280,MDM,EUR,2020-07-17,11.8,11.84,11.45,11.53,134510,734,11.563
FR0013153541,235165280,MDM,EUR,2020-07-20,11.47,11.62,11.39,11.49,104032,697,11.498
FR0013153541,235165280,MDM,EUR,2020-07-21,11.51,11.97,11.51,11.57,123764,918,11.744
FR0013153541,235165280,MDM,EUR,2020-07-22,11.51,11.74,11.4,11.64,155530,886,11.579
FR0013153541,235165280,MDM,EUR,2020-07-23,11.68,11.88,11.57,11.7,147731,852,11.691
FR0013153541,235165280,MDM,EUR,2020-07-24,11.55,11.69,11.44,11.61,79708,594,11.578
FR0013153541,235165280,MDM,EUR,2020-07-27,11.54,11.67,11.52,11.63,94382,597,11.614
FR0013153541,235165280,MDM,EUR,2020-07-28,11.56,12.0,11.45,11.72,220660,1439,11.707
FR0013153541,235165280,MDM,EUR,2020-07-29,11.8,13.44,11.8,13.28,692864,4150,12.99
FR0013153541,235165280,MDM,EUR,2020-07-30,13.15,13.45,12.68,12.81,384712,2225,13.025
FR0013153541,235165280,MDM,EUR,2020-07-31,12.82,13.31,12.82,12.89,270100,1542,13.063
FR0013153541,235165280,MDM,EUR,2020-08-03,13.0,13.29,12.89,13.13,172119,1105,13.142
FR0013153541,235165280,MDM,EUR,2020-08-04,13.15,13.31,13.06,13.23,284468,1627,13.193
FR0013153541,235165280,MDM,EUR,2020-08-05,13.3,13.46,13.16,13.46,134812,765,13.355
FR0013153541,235165280,MDM,EUR,2020-08-06,13.46,13.48,13.04,13.13,151473,954,13.256
FR0013153541,235165280,MDM,EUR,2020-08-07,13.01,13.28,12.74,13.26,195515,1223,12.947
FR0013153541,235165280,MDM,EUR,2020-08-10,13.26,13.54,13.11,13.47,149001,801,13.365
FR0013153541,235165280,MDM,EUR,2020-08-11,13.55,14.15,13.55,14.0,186479,1355,13.94
FR0013153541,235165280,MDM,EUR,2020-08-12,14.0,14.15,13.83,13.9,102048,808,13.983
FR0013153541,235165280,MDM,EUR,2020-08-13,13.9,14.17,13.84,13.93,126735,1237,14.001
FR0013153541,235165280,MDM,EUR,2020-08-14,13.87,13.99,13.78,13.8,50277,490,13.843
FR0013153541,235165280,MDM,EUR,2020-08-17,13.85,14.15,13.79,13.89,74078,622,13.962
FR0013153541,235165280,MDM,EUR,2020-08-18,13.95,14.24,13.82,13.89,154815,873,14.081
FR0013153541,235165280,MDM,EUR,2020-08-19,14.04,14.3,13.78,14.3,115200,862,14.147
FR0013153541,235165280,MDM,EUR,2020-08-20,14.2,14.2,13.81,14.0,88472,616,14.001
FR0013153541,235165280,MDM,EUR,2020-08-21,14.12,14.16,13.89,14.14,56006,613,14.048
FR0013153541,235165280,MDM,EUR,2020-08-24,14.15,14.34,14.02,14.13,60852,615,14.176
FR0013153541,235165280,MDM,EUR,2020-08-25,14.16,14.2,13.53,13.71,289923,1893,13.73
FR0013153541,235165280,MDM,EUR,2020-08-26,13.73,14.06,13.6,13.95,199946,1460,13.897
FR0013153541,235165280,MDM,EUR,2020-08-27,13.95,14.02,13.59,13.84,77243,719,13.784
FR0013153541,235165280,MDM,EUR,2020-08-28,13.81,13.84,13.56,13.6,81966,618,13.624
FR0013153541,235165280,MDM,EUR,2020-08-31,13.47,13.76,13.47,13.57,132733,702,13.591
FR0013153541,235165280,MDM,EUR,2020-09-01,13.57,14.2,13.57,14.2,214734,1412,14.0
FR0013153541,235165280,MDM,EUR,2020-09-02,14.2,14.23,13.82,13.88,156089,1225,14.02
FR0013153541,235165280,MDM,EUR,2020-09-03,13.93,14.02,13.43,13.46,110976,893,13.77
FR0013153541,235165280,MDM,EUR,2020-09-04,13.44,13.8,13.31,13.57,167836,1208,13.644
FR0013153541,235165280,MDM,EUR,2020-09-07,13.6,13.75,13.56,13.59,44466,480,13.629
FR0013153541,235165280,MDM,EUR,2020-09-08,13.55,13.72,13.3,13.3,188049,1561,13.449
FR0013153541,235165280,MDM,EUR,2020-09-09,13.3,13.3,12.93,12.95,198164,1842,13.031
FR0013153541,235165280,MDM,EUR,2020-09-10,12.95,12.97,12.68,12.8,128558,1052,12.821
FR0013153541,235165280,MDM,EUR,2020-09-11,12.7,12.9,12.65,12.65,128786,974,12.741
FR0013153541,235165280,MDM,EUR,2020-09-14,12.76,12.82,12.47,12.6,132396,1054,12.622
FR0013153541,235165280,MDM,EUR,2020-09-15,12.53,12.68,12.44,12.51,151523,1010,12.535
FR0013153541,235165280,MDM,EUR,2020-09-16,12.56,13.0,12.49,13.0,124250,1017,12.816
FR0013153541,235165280,MDM,EUR,2020-09-17,12.94,13.29,12.72,13.27,219016,1455,13.075
FR0013153541,235165280,MDM,EUR,2020-09-18,13.3,13.41,12.87,12.87,211417,1182,13.093
FR0013153541,235165280,MDM,EUR,2020-09-21,12.9,12.9,12.27,12.27,94463,698,12.41
FR0013153541,235165280,MDM,EUR,2020-09-22,12.29,12.64,12.29,12.46,108384,1009,12.456
FR0013153541,235165280,MDM,EUR,2020-09-23,12.6,13.13,12.59,12.66,149411,988,12.805
FR0013153541,235165280,MDM,EUR,2020-09-24,12.67,12.67,12.24,12.34,81520,670,12.331
FR0013153541,235165280,MDM,EUR,2020-09-25,12.3,12.36,11.97,12.09,109846,867,12.097
FR0013153541,235165280,MDM,EUR,2020-09-28,12.11,12.64,12.11,12.64,184843,1306,12.465
FR0013153541,235165280,MDM,EUR,2020-09-29,12.65,12.73,12.35,12.48,116931,1022,12.53
FR0013153541,235165280,MDM,EUR,2020-09-30,12.48,12.89,12.42,12.84,102824,930,12.785
FR0013153541,235165280,MDM,EUR,2020-10-01,12.9,13.0,12.6,12.67,123834,812,12.747
FR0013153541,235165280,MDM,EUR,2020-10-02,12.67,12.67,12.2,12.47,98222,748,12.378
FR0013153541,235165280,MDM,EUR,2020-10-05,12.47,13.13,12.47,12.98,108595,962,12.949
FR0013153541,235165280,MDM,EUR,2020-10-06,12.96,13.35,12.96,13.24,118428,980,13.201
FR0013153541,235165280,MDM,EUR,2020-10-07,13.28,13.45,13.11,13.2,155922,1083,13.286
FR0013153541,235165280,MDM,EUR,2020-10-08,13.23,13.64,13.2,13.61,64207,781,13.486
FR0013153541,235165280,MDM,EUR,2020-10-09,13.7,13.8,13.41,13.49,70988,719,13.587
FR0013153541,235165280,MDM,EUR,2020-10-12,13.49,14.66,13.49,14.6,402601,2241,14.186
FR0013153541,235165280,MDM,EUR,2020-10-13,14.47,14.53,13.82,13.97,199669,1511,14.145
FR0013153541,235165280,MDM,EUR,2020-10-14,14.03,14.38,13.92,14.3,101824,967,14.168
FR0013153541,235165280,MDM,EUR,2020-10-15,14.22,14.22,13.68,13.76,67141,700,13.87
FR0013153541,235165280,MDM,EUR,2020-10-16,13.9,14.17,13.75,13.88,76172,683,13.962
FR0013153541,235165280,MDM,EUR,2020-10-19,13.86,14.42,13.76,14.3,123151,875,14.231
FR0013153541,235165280,MDM,EUR,2020-10-20,14.22,14.41,14.18,14.27,146047,899,14.28
FR0013153541,235165280,MDM,EUR,2020-10-21,14.27,14.7,14.16,14.52,134821,1162,14.457
FR0013153541,235165280,MDM,EUR,2020-10-22,14.38,14.59,14.3,14.3,142776,1237,14.41
FR0013153541,235165280,MDM,EUR,2020-10-23,14.26,14.84,14.26,14.75,149944,1104,14.63
FR0013153541,235165280,MDM,EUR,2020-10-26,14.6,14.7,13.69,13.76,151722,1389,14.074
FR0013153541,235165280,MDM,EUR,2020-10-27,13.65,13.65,11.07,11.5,509633,3694,11.811
FR0013153541,235165280,MDM,EUR,2020-10-28,11.2,12.35,11.03,11.36,785248,4110,11.444
FR0013153541,235165280,MDM,EUR,2020-10-29,11.25,11.73,11.15,11.52,245290,1657,11.514
FR0013153541,235165280,MDM,EUR,2020-10-30,11.39,11.64,11.1,11.49,144970,1256,11.457
FR0013153541,235165280,MDM,EUR,2020-11-02,11.45,11.64,11.05,11.41,199622,1580,11.407
FR0013153541,235165280,MDM,EUR,2020-11-03,11.41,11.6,11.33,11.46,98720,788,11.455
FR0013153541,235165280,MDM,EUR,2020-11-04,11.31,11.65,11.29,11.5,106862,1174,11.483
FR0013153541,235165280,MDM,EUR,2020-11-05,11.68,11.7,11.39,11.69,234549,996,11.566
FR0013153541,235165280,MDM,EUR,2020-11-06,11.71,12.1,11.65,11.87,118551,1067,11.85
FR0013153541,235165280,MDM,EUR,2020-11-09,12.15,14.17,12.02,12.9,486948,3573,13.178
FR0013153541,235165280,MDM,EUR,2020-11-10,12.77,13.11,12.35,12.45,248876,2036,12.66
FR0013153541,235165280,MDM,EUR,2020-11-11,12.57,12.89,12.4,12.7,104300,971,12.672
FR0013153541,235165280,MDM,EUR,2020-11-12,12.53,12.84,12.52,12.75,106260,752,12.686
FR0013153541,235165280,MDM,EUR,2020-11-13,12.85,13.29,12.68,13.13,149847,1201,12.982
FR0013153541,235165280,MDM,EUR,2020-11-16,13.26,13.8,13.06,13.06,224669,1765,13.375
FR0013153541,235165280,MDM,EUR,2020-11-17,13.1,13.31,13.02,13.23,104087,808,13.185
FR0013153541,235165280,MDM,EUR,2020-11-18,13.2,13.46,13.05,13.15,159945,1016,13.214
FR0013153541,235165280,MDM,EUR,2020-11-19,13.28,13.28,12.84,13.02,102506,883,13.025
FR0013153541,235165280,MDM,EUR,2020-11-20,12.97,13.3,12.93,13.1,103106,808,13.145
FR0013153541,235165280,MDM,EUR,2020-11-23,13.25,13.42,13.16,13.39,144998,1095,13.287
FR0013153541,235165280,MDM,EUR,2020-11-24,13.45,13.57,13.29,13.36,120721,995,13.419
FR0013153541,235165280,MDM,EUR,2020-11-25,13.43,13.84,13.27,13.84,139026,1168,13.611
FR0013153541,235165280,MDM,EUR,2020-11-26,13.85,14.1,13.74,13.86,116794,755,13.928
FR0013153541,235165280,MDM,EUR,2020-11-27,13.99,14.15,13.8,13.9,86274,729,13.965
FR0013153541,235165280,MDM,EUR,2020-11-30,13.83,14.25,13.79,13.83,133050,793,13.955
FR0013153541,235165280,MDM,EUR,2020-12-01,13.97,14.89,13.97,14.88,214830,1728,14.504
FR0013153541,235165280,MDM,EUR,2020-12-02,14.7,15.23,14.67,14.79,153137,1211,14.957
FR0013153541,235165280,MDM,EUR,2020-12-03,14.7,14.88,14.54,14.8,69227,781,14.74
FR0013153541,235165280,MDM,EUR,2020-12-04,14.76,15.34,14.76,15.27,106355,802,15.133
FR0013153541,235165280,MDM,EUR,2020-12-07,15.2,15.23,14.86,15.03,146566,1409,14.994
FR0013153541,235165280,MDM,EUR,2020-12-08,14.95,15.6,14.91,15.28,122457,888,15.291
FR0013153541,235165280,MDM,EUR,2020-12-09,15.45,15.83,15.16,15.7,186801,1319,15.645
FR0013153541,235165280,MDM,EUR,2020-12-10,15.67,15.67,15.2,15.32,104841,771,15.343
FR0013153541,235165280,MDM,EUR,2020-12-11,15.18,15.29,14.8,14.85,162041,1133,14.978
FR0013153541,235165280,MDM,EUR,2020-12-14,14.97,15.81,14.94,15.54,272097,1665,15.483
FR0013153541,235165280,MDM,EUR,2020-12-15,15.53,15.71,15.45,15.65,90832,615,15.617
FR0013153541,235165280,MDM,EUR,2020-12-16,15.65,15.77,15.24,15.34,165447,1035,15.398
FR0013153541,235165280,MDM,EUR,2020-12-17,15.5,15.78,15.29,15.65,123856,1174,15.605
FR0013153541,235165280,MDM,EUR,2020-12-18,15.53,15.53,14.88,15.14,237451,1209,15.09
FR0013153541,235165280,MDM,EUR,2020-12-21,15.29,15.29,14.36,14.79,143649,1407,14.653
FR0013153541,235165280,MDM,EUR,2020-12-22,14.71,15.05,14.69,14.92,60204,706,14.905
FR0013153541,235165280,MDM,EUR,2020-12-23,14.88,15.04,14.77,15.04,70440,629,14.928
FR0013153541,235165280,MDM,EUR,2020-12-24,15.05,15.23,14.97,15.02,27806,180,15.136
FR0013153541,235165280,MDM,EUR,2020-12-28,15.12,15.2,15.02,15.08,44553,345,15.069
FR0013153541,235165280,MDM,EUR,2020-12-29,15.1,15.22,15.01,15.11,74401,719,15.087
FR0013153541,235165280,MDM,EUR,2020-12-30,15.19,15.21,15.0,15.0,57359,513,15.054
FR0013153541,235165280,MDM,EUR,2020-12-31,14.94,15.06,14.84,14.95,43002,310,14.965
FR0013153541,235165280,MDM,EUR,2021-01-04,15.08,15.68,15.08,15.6,198409,1368,15.456
FR0013153541,235165280,MDM,EUR,2021-01-05,15.51,16.85,15.5,16.52,229162,2130,16.409
FR0013153541,235165280,MDM,EUR,2021-01-06,16.69,17.22,16.16,17.0,252075,2214,16.76
FR0013153541,235165280,MDM,EUR,2021-01-07,17.08,17.22,16.95,17.22,124586,1247,17.112
FR0013153541,235165280,MDM,EUR,2021-01-08,17.34,17.68,17.08,17.68,177500,1477,17.467
FR0013153541,235165280,MDM,EUR,2021-01-11,17.6,17.94,17.35,17.4,180741,1437,17.606
FR0013153541,235165280,MDM,EUR,2021-01-12,17.43,17.74,17.05,17.23,146505,1087,17.294
FR0013153541,235165280,MDM,EUR,2021-01-13,17.19,17.34,16.9,17.02,90135,672,17.082
FR0013153541,235165280,MDM,EUR,2021-01-14,16.98,17.04,16.41,16.68,93930,1016,16.624
FR0013153541,235165280,MDM,EUR,2021-01-15,16.52,16.57,15.84,16.0,199718,1684,16.133
FR0013153541,235165280,MDM,EUR,2021-01-18,16.06,16.12,15.9,16.02,84853,802,15.989
FR0013153541,235165280,MDM,EUR,2021-01-19,16.21,16.54,15.99,16.37,150239,1117,16.283
FR0013153541,235165280,MDM,EUR,2021-01-20,16.48,16.66,16.36,16.52,93968,969,16.509
FR0013153541,235165280,MDM,EUR,2021-01-21,16.67,16.67,16.01,16.03,175549,1069,16.23
FR0013153541,235165280,MDM,EUR,2021-01-22,15.84,15.84,14.21,15.3,445287,3143,14.849
FR0013153541,235165280,MDM,EUR,2021-01-25,15.15,15.44,14.72,15.01,214643,1854,15.053
FR0013153541,235165280,MDM,EUR,2021-01-26,15.0,15.52,14.94,15.0,130345,1324,15.241
FR0013153541,235165280,MDM,EUR,2021-01-27,15.05,15.05,14.31,14.55,189660,1701,14.669
FR0013153541,235165280,MDM,EUR,2021-01-28,14.34,14.87,14.12,14.78,162084,1744,14.611
FR0013153541,235165280,MDM,EUR,2021-01-29,14.86,14.9,14.4,14.45,113852,1015,14.584
FR0013153541,235165280,MDM,EUR,2021-02-01,14.38,14.64,14.29,14.54,94304,762,14.5
FR0013153541,235165280,MDM,EUR,2021-02-02,14.51,14.8,14.5,14.72,84206,783,14.643
FR0013153541,235165280,MDM,EUR,2021-02-03,14.91,15.04,14.75,14.96,63346,564,14.878
FR0013153541,235165280,MDM,EUR,2021-02-04,15.07,15.5,15.07,15.43,116739,923,15.367
FR0013153541,235165280,MDM,EUR,2021-02-05,15.57,15.8,15.46,15.72,129287,861,15.652
FR0013153541,235165280,MDM,EUR,2021-02-08,15.89,15.93,15.66,15.68,119726,1051,15.753
FR0013153541,235165280,MDM,EUR,2021-02-09,15.66,15.87,15.39,15.67,187874,1293,15.64
FR0013153541,235165280,MDM,EUR,2021-02-10,15.8,15.98,15.66,15.85,114510,971,15.824
FR0013153541,235165280,MDM,EUR,2021-02-11,15.78,16.09,15.78,16.01,69391,668,15.963
FR0013153541,235165280,MDM,EUR,2021-02-12,16.05,16.12,15.68,15.87,73393,676,15.901
FR0013153541,235165280,MDM,EUR,2021-02-15,16.0,16.21,15.83,16.09,73273,631,16.024
FR0013153541,235165280,MDM,EUR,2021-02-16,16.1,16.12,15.72,15.82,64051,612,15.895
FR0013153541,235165280,MDM,EUR,2021-02-17,15.87,15.92,15.48,15.81,106928,1097,15.72
FR0013153541,235165280,MDM,EUR,2021-02-18,15.71,15.98,15.41,15.5,78009,809,15.576
FR0013153541,235165280,MDM,EUR,2021-02-19,15.59,15.71,15.34,15.62,166475,948,15.555
FR0013153541,235165280,MDM,EUR,2021-02-22,15.5,15.51,15.28,15.43,47912,567,15.424
FR0013153541,235165280,MDM,EUR,2021-02-23,15.44,15.49,14.77,15.25,137612,1177,15.159
FR0013153541,235165280,MDM,EUR,2021-02-24,15.15,15.6,15.15,15.23,59462,674,15.358
FR0013153541,235165280,MDM,EUR,2021-02-25,15.31,15.43,15.11,15.13,50110,584,15.224
FR0013153541,235165280,MDM,EUR,2021-02-26,14.92,15.13,14.66,14.96,90018,978,14.973
FR0013153541,235165280,MDM,EUR,2021-03-01,15.13,15.69,15.13,15.63,133021,1256,15.487
FR0013153541,235165280,MDM,EUR,2021-03-02,15.54,16.27,15.51,16.14,140762,1332,15.966
FR0013153541,235165280,MDM,EUR,2021-03-03,16.19,16.78,15.68,16.0,191215,1713,16.185
FR0013153541,235165280,MDM,EUR,2021-03-04,16.41,17.55,16.3,17.26,287763,2625,17.078
FR0013153541,235165280,MDM,EUR,2021-03-05,17.26,17.39,16.63,16.8,281258,2472,16.958
FR0013153541,235165280,MDM,EUR,2021-03-08,16.99,17.42,16.77,17.27,160361,1410,17.094
FR0013153541,235165280,MDM,EUR,2021-03-09,17.35,18.75,17.29,18.6,319745,2671,18.271
FR0013153541,235165280,MDM,EUR,2021-03-10,18.52,18.61,17.46,17.53,361790,2323,18.08
FR0013153541,235165280,MDM,EUR,2021-03-11,17.75,18.17,17.04,17.39,221200,1916,17.563
FR0013153541,235165280,MDM,EUR,2021-03-12,17.34,17.4,16.91,17.06,117860,1340,17.109
FR0013153541,235165280,MDM,EUR,2021-03-15,17.18,17.9,17.09,17.85,182667,1941,17.513
FR0013153541,235165280,MDM,EUR,2021-03-16,17.97,19.39,17.97,19.07,381980,4041,18.76
FR0013153541,235165280,MDM,EUR,2021-03-17,19.01,19.76,18.41,18.58,273294,2874,18.994
FR0013153541,235165280,MDM,EUR,2021-03-18,18.64,18.71,17.86,17.88,182126,1657,18.182
FR0013153541,235165280,MDM,EUR,2021-03-19,17.56,18.57,17.38,18.46,212274,1679,18.144
FR0013153541,235165280,MDM,EUR,2021-03-22,18.4,18.85,18.18,18.69,148684,1463,18.599
FR0013153541,235165280,MDM,EUR,2021-03-23,18.65,18.72,18.2,18.64,103114,869,18.487
FR0013153541,235165280,MDM,EUR,2021-03-24,18.49,18.7,18.05,18.65,137860,1146,18.454
FR0013153541,235165280,MDM,EUR,2021-03-25,18.58,19.16,18.57,19.07,243293,1943,18.913
FR0013153541,235165280,MDM,EUR,2021-03-26,19.2,19.73,19.08,19.54,186004,1704,19.476
FR0013153541,235165280,MDM,EUR,2021-03-29,19.67,20.26,19.25,19.25,210978,1863,19.577
FR0013153541,235165280,MDM,EUR,2021-03-30,19.28,19.52,19.02,19.02,139779,1206,19.24
FR0013153541,235165280,MDM,EUR,2021-03-31,19.04,19.6,18.85,18.88,189392,1619,19.095
FR0013153541,235165280,MDM,EUR,2021-04-01,18.98,19.21,18.82,18.9,140448,863,18.937
FR0013153541,235165280,MDM,EUR,2021-04-06,19.15,19.28,18.85,18.95,100207,1014,19.023
FR0013153541,235165280,MDM,EUR,2021-04-07,19.0,19.08,18.4,18.53,128697,1103,18.682
FR0013153541,235165280,MDM,EUR,2021-04-08,18.6,18.76,18.32,18.54,89917,718,18.574
FR0013153541,235165280,MDM,EUR,2021-04-09,18.48,18.54,18.16,18.26,126779,1386,18.297
FR0013153541,235165280,MDM,EUR,2021-04-12,18.37,19.83,18.36,19.11,199490,1774,19.147
FR0013153541,235165280,MDM,EUR,2021-04-13,19.14,19.53,18.83,19.1,156807,1284,19.199
FR0013153541,235165280,MDM,EUR,2021-04-14,19.22,19.59,18.59,18.79,182283,1446,18.975
FR0013153541,235165280,MDM,EUR,2021-04-15,18.81,18.98,18.56,18.74,124295,1098,18.763
FR0013153541,235165280,MDM,EUR,2021-04-16,18.8,19.39,18.7,19.3,186361,1502,19.041
FR0013153541,235165280,MDM,EUR,2021-04-19,19.29,19.65,19.21,19.5,153301,1439,19.463
FR0013153541,235165280,MDM,EUR,2021-04-20,19.53,19.53,18.5,18.61,190280,1604,19.0
FR0013153541,235165280,MDM,EUR,2021-04-21,18.69,18.93,18.4,18.85,145224,1512,18.715
FR0013153541,235165280,MDM,EUR,2021-04-22,18.96,19.32,18.86,19.13,108479,828,19.112
FR0013153541,235165280,MDM,EUR,2021-04-23,19.15,19.15,18.76,19.0,119580,892,18.98
FR0013153541,235165280,MDM,EUR,2021-04-26,19.0,19.56,18.88,19.48,108861,1068,19.334
FR0013153541,235165280,MDM,EUR,2021-04-27,19.58,19.8,19.28,19.72,109916,872,19.544
FR0013153541,235165280,MDM,EUR,2021-04-28,19.72,20.26,19.66,19.76,167589,1443,19.946
FR0013153541,235165280,MDM,EUR,2021-04-29,19.86,20.3,19.5,20.3,221605,1388,20.164
FR0013153541,235165280,MDM,EUR,2021-04-30,20.3,20.3,19.8,20.22,187128,1332,20.134
FR0013153541,235165280,MDM,EUR,2021-05-03,20.22,20.24,19.84,19.9,41282,629,19.968
FR0013153541,235165280,MDM,EUR,2021-05-04,19.92,20.16,18.94,19.0,166708,1611,19.434
FR0013153541,235165280,MDM,EUR,2021-05-05,19.2,19.24,18.64,19.06,160017,1723,18.954
FR0013153541,235165280,MDM,EUR,2021-05-06,19.16,19.6,19.1,19.52,132679,1321,19.416
FR0013153541,235165280,MDM,EUR,2021-05-07,19.58,20.3,19.34,20.06,199022,1760,19.914
FR0013153541,235165280,MDM,EUR,2021-05-10,20.18,20.3,20.08,20.26,106897,710,20.23
FR0013153541,235165280,MDM,EUR,2021-05-11,20.0,20.38,19.8,20.32,201147,1377,20.084
FR0013153541,235165280,MDM,EUR,2021-05-12,20.4,21.62,20.18,20.4,304608,2663,20.59
FR0013153541,235165280,MDM,EUR,2021-05-13,20.48,20.98,19.62,20.88,264873,2273,20.31
FR0013153541,235165280,MDM,EUR,2021-05-14,20.8,21.24,20.6,21.18,148662,1402,20.956
FR0013153541,235165280,MDM,EUR,2021-05-17,21.34,22.22,21.34,22.0,290885,2605,21.902
FR0013153541,235165280,MDM,EUR,2021-05-18,22.12,22.42,21.8,22.12,196344,1696,22.148
FR0013153541,235165280,MDM,EUR,2021-05-19,21.88,22.2,21.56,22.14,182481,1634,22.018
FR0013153541,235165280,MDM,EUR,2021-05-20,22.16,22.38,21.72,21.96,172569,1605,22.066
FR0013153541,235165280,MDM,EUR,2021-05-21,21.88,22.08,21.6,21.8,110618,767,21.844
FR0013153541,235165280,MDM,EUR,2021-05-24,21.92,21.98,21.64,21.84,72652,677,21.834
FR0013153541,235165280,MDM,EUR,2021-05-25,21.82,22.08,21.82,22.04,124088,1301,21.984
FR0013153541,235165280,MDM,EUR,2021-05-26,22.02,22.46,21.86,22.46,146217,961,22.274
FR0013153541,235165280,MDM,EUR,2021-05-27,22.38,23.04,22.3,22.72,598191,1877,22.706
FR0013153541,235165280,MDM,EUR,2021-05-28,22.72,23.36,22.62,22.8,197502,1343,22.936
FR0013153541,235165280,MDM,EUR,2021-05-31,22.72,22.76,21.92,22.1,143774,1152,22.31
FR0013153541,235165280,MDM,EUR,2021-06-01,22.1,22.3,21.56,21.8,126919,1160,21.852
FR0013153541,235165280,MDM,EUR,2021-06-02,21.6,21.9,21.3,21.62,143695,1221,21.542
FR0013153541,235165280,MDM,EUR,2021-06-03,21.7,22.82,21.6,22.02,214771,1797,22.282
FR0013153541,235165280,MDM,EUR,2021-06-04,21.96,22.28,21.92,22.16,69396,866,22.12
FR0013153541,235165280,MDM,EUR,2021-06-07,22.16,22.2,21.76,22.06,111224,712,22.072
FR0013153541,235165280,MDM,EUR,2021-06-08,22.16,22.2,21.64,21.84,67374,990,21.83
FR0013153541,235165280,MDM,EUR,2021-06-09,21.86,21.94,21.54,21.72,56564,739,21.726
FR0013153541,235165280,MDM,EUR,2021-06-10,21.7,21.78,21.34,21.56,99594,1191,21.598
FR0013153541,235165280,MDM,EUR,2021-06-11,21.5,21.84,21.24,21.44,125980,975,21.5
FR0013153541,235165280,MDM,EUR,2021-06-14,21.56,21.96,21.42,21.52,92276,807,21.574
FR0013153541,235165280,MDM,EUR,2021-06-15,21.6,21.6,21.18,21.38,92777,1060,21.384
FR0013153541,235165280,MDM,EUR,2021-06-16,21.46,21.48,21.0,21.0,101822,1204,21.118
FR0013153541,235165280,MDM,EUR,2021-06-17,21.0,21.02,20.66,20.82,70781,809,20.792
FR0013153541,235165280,MDM,EUR,2021-06-18,20.8,21.02,20.18,20.4,231140,1304,20.554
FR0013153541,235165280,MDM,EUR,2021-06-21,20.24,20.24,19.9,20.06,97778,1134,20.036
FR0013153541,235165280,MDM,EUR,2021-06-22,20.02,20.08,19.72,20.06,87751,1310,19.95
FR0013153541,235165280,MDM,EUR,2021-06-23,20.16,20.22,19.54,20.16,143966,1478,19.996
FR0013153541,235165280,MDM,EUR,2021-06-24,20.3,20.42,19.84,20.3,129490,1063,20.168
FR0013153541,235165280,MDM,EUR,2021-06-25,20.42,20.72,20.36,20.64,68751,721,20.57
FR0013153541,235165280,MDM,EUR,2021-06-28,20.66,20.74,20.42,20.6,107910,1022,20.624
FR0013153541,235165280,MDM,EUR,2021-06-29,20.6,21.18,20.52,21.1,139122,1375,20.954
FR0013153541,235165280,MDM,EUR,2021-06-30,21.16,21.16,20.26,20.9,192196,1493,20.758
FR0013153541,235165280,MDM,EUR,2021-07-01,20.96,21.34,20.9,21.12,82730,928,21.116
FR0013153541,235165280,MDM,EUR,2021-07-02,21.12,21.42,20.84,21.12,123549,1073,21.122
FR0013153541,235165280,MDM,EUR,2021-07-05,20.8,21.24,20.64,21.18,86007,940,21.054
FR0013153541,235165280,MDM,EUR,2021-07-06,21.16,21.18,20.46,20.5,253259,2148,20.744
FR0013153541,235165280,MDM,EUR,2021-07-07,20.58,20.6,19.96,20.16,154612,1591,20.214
FR0013153541,235165280,MDM,EUR,2021-07-08,20.0,20.02,18.72,19.16,232336,2488,19.18
FR0013153541,235165280,MDM,EUR,2021-07-09,19.06,19.5,19.04,19.26,139044,1205,19.25
FR0013153541,235165280,MDM,EUR,2021-07-12,19.32,19.32,18.66,18.74,132404,1386,18.87
FR0013153541,235165280,MDM,EUR,2021-07-13,18.66,18.96,18.44,18.62,135221,1020,18.634
FR0013153541,235165280,MDM,EUR,2021-07-14,18.58,18.78,18.36,18.48,112508,882,18.51
FR0013153541,235165280,MDM,EUR,2021-07-15,18.44,18.7,18.24,18.42,169786,1568,18.424
FR0013153541,235165280,MDM,EUR,2021-07-16,18.4,18.84,18.34,18.46,197636,2387,18.566
FR0013153541,235165280,MDM,EUR,2021-07-19,18.44,18.58,18.0,18.24,162934,1583,18.26
FR0013153541,235165280,MDM,EUR,2021-07-20,18.24,18.42,17.96,18.16,141077,1602,18.196
FR0013153541,235165280,MDM,EUR,2021-07-21,18.26,18.88,18.24,18.7,107361,1470,18.638
FR0013153541,235165280,MDM,EUR,2021-07-22,18.76,19.18,18.74,18.98,92923,821,18.976
FR0013153541,235165280,MDM,EUR,2021-07-23,19.16,19.26,18.7,18.88,134116,1446,18.946
FR0013153541,235165280,MDM,EUR,2021-07-26,18.8,19.46,18.64,19.36,127813,1288,19.202
FR0013153541,235165280,MDM,EUR,2021-07-27,19.36,19.64,18.92,19.28,187827,1722,19.276
FR0013153541,235165280,MDM,EUR,2021-07-28,19.26,19.54,18.18,19.06,285819,2815,18.876
FR0013153541,235165280,MDM,EUR,2021-07-29,19.16,19.6,19.14,19.4,164353,1880,19.386
FR0013153541,235165280,MDM,EUR,2021-07-30,19.36,19.38,18.76,19.28,159176,1226,19.152
FR0013153541,235165280,MDM,EUR,2021-08-02,19.26,20.56,19.04,20.4,336371,2743,20.078
FR0013153541,235165280,MDM,EUR,2021-08-03,20.44,20.44,20.0,20.12,148670,1579,20.192
FR0013153541,235165280,MDM,EUR,2021-08-04,20.12,20.4,20.08,20.28,121916,1319,20.288
FR0013153541,235165280,MDM,EUR,2021-08-05,20.26,20.36,19.92,20.1,133248,1047,20.124
FR0013153541,235165280,MDM,EUR,2021-08-06,20.08,20.38,20.04,20.12,36460,564,20.214
FR0013153541,235165280,MDM,EUR,2021-08-09,20.18,20.4,20.1,20.34,95287,969,20.284
FR0013153541,235165280,MDM,EUR,2021-08-10,20.4,20.74,20.26,20.52,150111,1215,20.476
FR0013153541,235165280,MDM,EUR,2021-08-11,20.7,20.92,20.3,20.48,201548,1193,20.556
FR0013153541,235165280,MDM,EUR,2021-08-12,20.46,20.58,20.22,20.28,78024,799,20.376
FR0013153541,235165280,MDM,EUR,2021-08-13,20.32,20.76,20.3,20.68,90606,1079,20.616
FR0013153541,235165280,MDM,EUR,2021-08-16,20.64,20.7,20.02,20.3,86335,781,20.27
FR0013153541,235165280,MDM,EUR,2021-08-17,20.24,20.24,19.8,20.14,82742,826,20.078
FR0013153541,235165280,MDM,EUR,2021-08-18,20.18,20.84,20.08,20.46,61014,769,20.362
FR0013153541,235165280,MDM,EUR,2021-08-19,20.44,20.44,19.72,19.76,100273,1295,19.866
FR0013153541,235165280,MDM,EUR,2021-08-20,19.88,19.88,19.28,19.54,88904,826,19.478
FR0013153541,235165280,MDM,EUR,2021-08-23,19.6,19.94,19.6,19.84,42906,535,19.8
FR0013153541,235165280,MDM,EUR,2021-08-24,19.92,20.38,19.82,19.94,114139,959,20.056
FR0013153541,235165280,MDM,EUR,2021-08-25,20.02,20.44,19.86,20.22,89400,987,20.168
FR0013153541,235165280,MDM,EUR,2021-08-26,20.06,20.16,19.54,19.62,90662,1144,19.716
FR0013153541,235165280,MDM,EUR,2021-08-27,19.72,19.72,19.16,19.44,143793,1477,19.396
FR0013153541,235165280,MDM,EUR,2021-08-30,19.5,19.72,19.4,19.64,40559,420,19.578
FR0013153541,235165280,MDM,EUR,2021-08-31,19.64,19.8,19.42,19.52,66195,1344,19.558
FR0013153541,235165280,MDM,EUR,2021-09-01,19.66,19.72,19.4,19.46,55587,785,19.496
FR0013153541,235165280,MDM,EUR,2021-09-02,19.54,19.72,19.32,19.34,82124,670,19.484
FR0013153541,235165280,MDM,EUR,2021-09-03,19.38,19.38,19.0,19.08,92013,996,19.094
FR0013153541,235165280,MDM,EUR,2021-09-06,19.16,19.48,19.06,19.42,55591,756,19.336
FR0013153541,235165280,MDM,EUR,2021-09-07,19.48,19.68,19.14,19.24,62466,730,19.302
FR0013153541,235165280,MDM,EUR,2021-09-08,19.2,19.42,18.82,19.12,121663,1489,19.15
FR0013153541,235165280,MDM,EUR,2021-09-09,19.08,19.1,18.56,19.02,131293,1714,18.838
FR0013153541,235165280,MDM,EUR,2021-09-10,19.12,19.62,19.12,19.28,80016,1145,19.368
FR0013153541,235165280,MDM,EUR,2021-09-13,19.18,19.54,18.54,19.26,165484,2080,19.184
FR0013153541,235165280,MDM,EUR,2021-09-14,19.2,19.84,19.2,19.42,163268,2163,19.498
FR0013153541,235165280,MDM,EUR,2021-09-15,19.4,19.72,18.5,18.52,165735,2294,19.064
FR0013153541,235165280,MDM,EUR,2021-09-16,18.56,18.56,18.04,18.2,244101,2585,18.224
FR0013153541,235165280,MDM,EUR,2021-09-17,18.26,18.6,18.12,18.18,195434,2084,18.294
FR0013153541,235165280,MDM,EUR,2021-09-20,18.06,18.06,17.22,17.88,223514,2331,17.614
FR0013153541,235165280,MDM,EUR,2021-09-21,17.9,18.7,17.88,18.56,126288,1240,18.41
FR0013153541,235165280,MDM,EUR,2021-09-22,18.74,18.76,18.16,18.34,109403,1112,18.39
FR0013153541,235165280,MDM,EUR,2021-09-23,18.34,18.82,18.16,18.26,112089,1206,18.33
FR0013153541,235165280,MDM,EUR,2021-09-24,18.28,18.32,17.96,18.06,124399,1248,18.154
FR0013153541,235165280,MDM,EUR,2021-09-27,18.1,18.24,17.84,18.18,128432,1521,18.03
FR0013153541,235165280,MDM,EUR,2021-09-28,18.26,18.44,17.56,17.92,207654,2124,17.96
FR0013153541,235165280,MDM,EUR,2021-09-29,18.1,18.12,17.88,17.9,70537,673,17.956
FR0013153541,235165280,MDM,EUR,2021-09-30,18.0,18.1,17.44,17.44,128595,1172,17.666
FR0013153541,235165280,MDM,EUR,2021-10-01,17.52,17.52,16.98,17.12,208311,2226,17.17
FR0013153541,235165280,MDM,EUR,2021-10-04,17.06,17.36,16.96,17.02,165220,1742,17.13
FR0013153541,235165280,MDM,EUR,2021-10-05,17.02,17.08,16.54,16.62,221259,2302,16.71
FR0013153541,235165280,MDM,EUR,2021-10-06,16.5,16.7,16.14,16.2,232554,2445,16.308
FR0013153541,235165280,MDM,EUR,2021-10-07,16.3,16.72,16.04,16.66,359336,2818,16.348
FR0013153541,235165280,MDM,EUR,2021-10-08,16.7,16.96,16.54,16.56,90833,915,16.778
FR0013153541,235165280,MDM,EUR,2021-10-11,16.56,16.56,16.04,16.44,202330,1999,16.332
FR0013153541,235165280,MDM,EUR,2021-10-12,16.26,16.58,16.1,16.42,257985,3501,16.356
FR0013153541,235165280,MDM,EUR,2021-10-13,16.46,16.98,16.3,16.92,177362,1833,16.756
FR0013153541,235165280,MDM,EUR,2021-10-14,16.98,17.48,16.92,17.22,221655,2193,17.284
FR0013153541,235165280,MDM,EUR,2021-10-15,17.3,17.4,16.92,17.24,247251,2107,17.178
FR0013153541,235165280,MDM,EUR,2021-10-18,17.16,17.46,17.14,17.38,103967,822,17.314
FR0013153541,235165280,MDM,EUR,2021-10-19,17.5,17.98,17.2,17.32,222693,2069,17.604
FR0013153541,235165280,MDM,EUR,2021-10-20,17.3,17.7,16.96,16.96,209006,1783,17.246
FR0013153541,235165280,MDM,EUR,2021-10-21,16.9,16.96,16.54,16.72,256238,1795,16.706
FR0013153541,235165280,MDM,EUR,2021-10-22,16.8,16.92,16.32,16.36,202970,1474,16.57
FR0013153541,235165280,MDM,EUR,2021-10-25,16.44,16.78,16.2,16.6,203814,1946,16.432
FR0013153541,235165280,MDM,EUR,2021-10-26,16.72,20.94,16.7,20.68,683341,6454,19.866
FR0013153541,235165280,MDM,EUR,2021-10-27,20.5,20.74,18.9,18.9,435457,3928,19.624
FR0013153541,235165280,MDM,EUR,2021-10-28,19.08,19.4,18.94,19.22,213495,2538,19.198
FR0013153541,235165280,MDM,EUR,2021-10-29,19.24,19.62,18.96,19.58,188643,2161,19.414
FR0013153541,235165280,MDM,EUR,2021-11-01,19.66,20.0,19.44,19.54,193011,2037,19.682
FR0013153541,235165280,MDM,EUR,2021-11-02,19.54,19.7,18.88,19.42,172321,1568,19.368
FR0013153541,235165280,MDM,EUR,2021-11-03,19.56,20.0,19.42,19.92,164422,1683,19.788
FR0013153541,235165280,MDM,EUR,2021-11-04,20.0,20.14,19.8,20.14,238121,1518,20.06
FR0013153541,235165280,MDM,EUR,2021-11-05,20.0,20.3,19.94,20.14,127975,1284,20.104
FR0013153541,235165280,MDM,EUR,2021-11-08,20.24,20.66,20.18,20.6,166107,1474,20.48
FR0013153541,235165280,MDM,EUR,2021-11-09,20.38,21.04,19.68,20.9,345913,2900,20.756
FR0013153541,235165280,MDM,EUR,2021-11-10,20.88,21.6,20.78,21.26,176511,1880,21.214
FR0013153541,235165280,MDM,EUR,2021-11-11,21.12,21.18,20.48,20.84,160834,1695,20.888
FR0013153541,235165280,MDM,EUR,2021-11-12,20.98,21.18,20.76,21.02,86439,908,20.968
FR0013153541,235165280,MDM,EUR,2021-11-15,20.88,21.26,20.72,21.12,76779,1155,21.058
FR0013153541,235165280,MDM,EUR,2021-11-16,21.08,21.6,21.08,21.24,148668,1395,21.378
FR0013153541,235165280,MDM,EUR,2021-11-17,21.14,21.4,21.06,21.06,106856,1172,21.182
FR0013153541,235165280,MDM,EUR,2021-11-18,21.06,21.38,20.86,21.18,114462,1245,21.124
FR0013153541,235165280,MDM,EUR,2021-11-19,21.16,21.4,20.72,21.04,129721,1376,21.02
FR0013153541,235165280,MDM,EUR,2021-11-22,21.08,21.48,20.76,21.16,98311,1251,21.238
FR0013153541,235165280,MDM,EUR,2021-11-23,20.94,21.18,20.6,20.88,90345,997,20.992
FR0013153541,235165280,MDM,EUR,2021-11-24,20.72,20.96,20.44,20.64,142563,1562,20.62
FR0013153541,235165280,MDM,EUR,2021-11-25,20.5,20.84,20.16,20.66,66594,870,20.632
FR0013153541,235165280,MDM,EUR,2021-11-26,19.96,20.92,19.5,20.44,176686,2546,20.53
FR0013153541,235165280,MDM,EUR,2021-11-29,20.4,20.8,20.32,20.46,107139,1518,20.484
FR0013153541,235165280,MDM,EUR,2021-11-30,20.0,20.62,19.62,20.46,201126,2580,20.398
FR0013153541,235165280,MDM,EUR,2021-12-01,20.46,20.68,20.42,20.62,86241,1939,20.558
FR0013153541,235165280,MDM,EUR,2021-12-02,20.46,20.46,19.2,19.9,275491,3002,19.918
FR0013153541,235165280,MDM,EUR,2021-12-03,19.84,19.96,19.4,19.68,226169,3427,19.676
FR0013153541,235165280,MDM,EUR,2021-12-06,19.68,20.34,19.54,20.28,169251,2341,20.01
FR0013153541,235165280,MDM,EUR,2021-12-07,20.3,20.5,19.9,20.1,211987,2423,20.104
FR0013153541,235165280,MDM,EUR,2021-12-08,20.14,20.26,19.8,20.02,126772,1997,20.062
FR0013153541,235165280,MDM,EUR,2021-12-09,20.0,20.3,20.0,20.14,70955,1051,20.172
FR0013153541,235165280,MDM,EUR,2021-12-10,20.2,20.3,19.86,19.94,124413,1449,20.076
FR0013153541,235165280,MDM,EUR,2021-12-13,19.82,20.22,19.5,19.92,87243,1160,19.946
FR0013153541,235165280,MDM,EUR,2021-12-14,19.88,20.14,19.8,19.94,95637,1271,19.938
FR0013153541,235165280,MDM,EUR,2021-12-15,20.18,20.18,19.86,19.88,55328,893,19.934
FR0013153541,235165280,MDM,EUR,2021-12-16,20.1,20.2,19.92,19.98,60487,1050,20.026
FR0013153541,235165280,MDM,EUR,2021-12-17,19.94,20.22,19.84,20.1,93063,1085,20.026
FR0013153541,235165280,MDM,EUR,2021-12-20,19.78,20.14,19.46,20.0,72079,978,19.912
FR0013153541,235165280,MDM,EUR,2021-12-21,19.88,20.12,19.78,19.9,67873,813,19.908
FR0013153541,235165280,MDM,EUR,2021-12-22,19.86,20.32,19.86,20.2,81078,983,20.21
FR0013153541,235165280,MDM,EUR,2021-12-23,20.2,20.28,19.98,20.04,27658,400,20.12
FR0013153541,235165280,MDM,EUR,2021-12-24,19.8,20.16,19.8,20.0,8065,170,20.022
FR0013153541,235165280,MDM,EUR,2021-12-27,19.9,19.92,19.6,19.66,30271,442,19.692
FR0013153541,235165280,MDM,EUR,2021-12-28,19.76,19.76,19.5,19.56,23389,447,19.57
FR0013153541,235165280,MDM,EUR,2021-12-29,19.56,20.2,19.54,20.18,88294,1284,20.054
FR0013153541,235165280,MDM,EUR,2021-12-30,20.26,20.56,20.0,20.32,49545,579,20.288
FR0013153541,235165280,MDM,EUR,2021-12-31,20.18,20.5,20.12,20.36,21358,313,20.352
FR0013153541,235165280,MDM,EUR,2022-01-03,20.48,20.96,20.44,20.92,60249,710,20.663
FR0013153541,235165280,MDM,EUR,2022-01-04,21.0,21.0,20.42,20.64,57765,1030,20.675
FR0013153541,235165280,MDM,EUR,2022-01-05,20.76,20.84,20.54,20.66,58551,959,20.671
FR0013153541,235165280,MDM,EUR,2022-01-06,20.5,20.9,20.42,20.72,79040,1051,20.628
FR0013153541,235165280,MDM,EUR,2022-01-07,20.62,20.66,20.12,20.34,179402,1945,20.334
FR0013153541,235165280,MDM,EUR,2022-01-10,20.42,20.7,20.08,20.12,55823,1096,20.335
FR0013153541,235165280,MDM,EUR,2022-01-11,20.42,20.59,19.86,20.04,116607,1667,20.122
FR0013153541,235165280,MDM,EUR,2022-01-12,19.94,20.57,19.86,20.42,84499,1194,20.268
FR0013153541,235165280,MDM,EUR,2022-01-13,20.3,20.62,20.22,20.46,56618,959,20.447
FR0013153541,235165280,MDM,EUR,2022-01-14,20.12,20.54,20.08,20.08,80318,1311,20.254
FR0013153541,235165280,MDM,EUR,2022-01-17,20.12,20.16,19.68,20.02,90561,1076,19.994
FR0013153541,235165280,MDM,EUR,2022-01-18,19.88,19.93,19.48,19.72,179672,1525,19.814
FR0013153541,235165280,MDM,EUR,2022-01-19,19.6,19.78,19.5,19.65,135229,1583,19.671
FR0013153541,235165280,MDM,EUR,2022-01-20,19.87,19.96,19.47,19.88,90641,1341,19.852
FR0013153541,235165280,MDM,EUR,2022-01-21,19.89,19.93,19.49,19.73,90929,1600,19.689
FR0013153541,235165280,MDM,EUR,2022-01-24,19.62,19.8,19.16,19.5,168888,2405,19.52
FR0013153541,235165280,MDM,EUR,2022-01-25,19.63,19.83,19.43,19.65,129437,1694,19.648
FR0013153541,235165280,MDM,EUR,2022-01-26,19.65,20.32,19.65,20.02,79387,1279,20.13
FR0013153541,235165280,MDM,EUR,2022-01-27,20.0,20.1,19.7,20.0,199369,2443,19.974
FR0013153541,235165280,MDM,EUR,2022-01-28,20.3,20.68,19.56,20.12,148874,1896,20.107
FR0013153541,235165280,MDM,EUR,2022-01-31,20.5,20.58,20.14,20.18,144500,1908,20.264
FR0013153541,235165280,MDM,EUR,2022-02-01,20.54,20.54,19.92,20.2,77694,1213,20.171
FR0013153541,235165280,MDM,EUR,2022-02-02,20.08,20.32,20.08,20.1,69283,1008,20.148
FR0013153541,235165280,MDM,EUR,2022-02-03,20.16,20.24,19.7,19.73,115920,1661,19.842
FR0013153541,235165280,MDM,EUR,2022-02-04,20.0,20.0,19.37,19.52,128707,1884,19.632
FR0013153541,235165280,MDM,EUR,2022-02-07,19.72,20.0,19.18,19.34,188035,2736,19.409
FR0013153541,235165280,MDM,EUR,2022-02-08,19.55,19.68,19.33,19.49,132365,2137,19.515
FR0013153541,235165280,MDM,EUR,2022-02-09,19.6,20.06,19.6,19.87,144186,1815,19.89
FR0013153541,235165280,MDM,EUR,2022-02-10,19.9,20.14,19.88,19.98,98551,1477,19.967
FR0013153541,235165280,MDM,EUR,2022-02-11,19.93,20.04,19.63,19.99,67927,986,19.888
FR0013153541,235165280,MDM,EUR,2022-02-14,19.64,20.04,19.28,19.74,197663,2820,19.663
FR0013153541,235165280,MDM,EUR,2022-02-15,19.85,19.99,19.72,19.72,96106,1543,19.844
FR0013153541,235165280,MDM,EUR,2022-02-16,20.02,20.3,19.75,19.76,106064,1283,19.859
FR0013153541,235165280,MDM,EUR,2022-02-17,19.75,19.84,19.41,19.57,129449,2179,19.625
FR0013153541,235165280,MDM,EUR,2022-02-18,19.81,19.86,19.05,19.07,142655,2286,19.3
FR0013153541,235165280,MDM,EUR,2022-02-21,19.0,19.36,18.21,19.04,173742,2134,19.04
FR0013153541,235165280,MDM,EUR,2022-02-22,18.6,19.2,18.28,19.02,234339,2886,19.025
FR0013153541,235165280,MDM,EUR,2022-02-23,19.06,19.53,19.06,19.27,136943,1820,19.284
FR0013153541,235165280,MDM,EUR,2022-02-24,18.44,19.24,18.3,19.1,307564,2812,18.838
FR0013153541,235165280,MDM,EUR,2022-02-25,19.01,19.57,18.95,19.42,150326,2250,19.35
FR0013153541,235165280,MDM,EUR,2022-02-28,19.11,19.82,18.95,19.72,142290,1290,19.475
FR0013153541,235165280,MDM,EUR,2022-03-01,19.2,19.66,19.2,19.32,110631,1909,19.372
FR0013153541,235165280,MDM,EUR,2022-03-02,19.02,19.32,18.7,18.85,199967,3438,18.971
FR0013153541,235165280,MDM,EUR,2022-03-03,18.81,19.01,18.72,18.81,140263,2507,18.868
FR0013153541,235165280,MDM,EUR,2022-03-04,18.58,18.83,18.38,18.46,219166,3247,18.624
FR0013153541,235165280,MDM,EUR,2022-03-07,17.55,18.2,17.22,17.22,301366,4074,17.5
FR0013153541,235165280,MDM,EUR,2022-03-08,16.93,17.52,16.91,17.42,179839,3219,17.325
FR0013153541,235165280,MDM,EUR,2022-03-09,17.5,18.36,17.5,18.18,227916,3132,18.076
FR0013153541,235165280,MDM,EUR,2022-03-10,18.78,19.3,17.58,17.58,278735,4549,18.433
FR0013153541,235165280,MDM,EUR,2022-03-11,17.59,17.62,17.05,17.24,259631,2701,17.259
FR0013153541,235165280,MDM,EUR,2022-03-14,17.45,18.1,17.16,17.51,294684,3857,17.736
FR0013153541,235165280,MDM,EUR,2022-03-15,17.78,17.78,17.22,17.33,173660,2034,17.415
FR0013153541,235165280,MDM,EUR,2022-03-16,17.4,18.12,17.4,18.01,158777,2808,17.893
FR0013153541,235165280,MDM,EUR,2022-03-17,17.9,18.33,17.78,17.81,152742,2117,18.035
FR0013153541,235165280,MDM,EUR,2022-03-18,17.87,18.18,17.65,18.15,244394,1657,17.925
FR0013153541,235165280,MDM,EUR,2022-03-21,18.0,18.35,17.95,18.05,71406,974,18.135
FR0013153541,235165280,MDM,EUR,2022-03-22,18.2,18.2,17.79,17.83,64936,848,17.958
FR0013153541,235165280,MDM,EUR,2022-03-23,17.83,17.86,17.26,17.49,204386,1141,17.393
FR0013153541,235165280,MDM,EUR,2022-03-24,17.8,17.8,17.26,17.32,196402,1704,17.401
FR0013153541,235165280,MDM,EUR,2022-03-25,17.24,17.45,17.13,17.42,88315,1145,17.373
FR0013153541,235165280,MDM,EUR,2022-03-28,17.58,17.65,17.3,17.34,137839,1888,17.433
FR0013153541,235165280,MDM,EUR,2022-03-29,17.4,17.81,17.31,17.8,108780,1484,17.635
FR0013153541,235165280,MDM,EUR,2022-03-30,17.88,17.88,17.4,17.47,62992,930,17.559
FR0013153541,235165280,MDM,EUR,2022-03-31,17.53,17.57,17.26,17.38,169250,1437,17.366
FR0013153541,235165280,MDM,EUR,2022-04-01,17.26,17.46,17.03,17.32,161896,1176,17.307
FR0013153541,235165280,MDM,EUR,2022-04-04,17.3,17.44,17.08,17.44,57162,626,17.284
FR0013153541,235165280,MDM,EUR,2022-04-05,17.75,17.75,17.15,17.39,116392,1013,17.385
FR0013153541,235165280,MDM,EUR,2022-04-06,17.36,17.36,16.67,16.82,198337,1575,16.892
FR0013153541,235165280,MDM,EUR,2022-04-07,17.14,17.14,16.66,16.77,183441,1566,16.942
FR0013153541,235165280,MDM,EUR,2022-04-08,17.02,17.13,16.78,17.0,110169,903,16.966
FR0013153541,235165280,MDM,EUR,2022-04-11,17.14,17.32,16.95,17.18,97204,1051,17.164
FR0013153541,235165280,MDM,EUR,2022-04-12,17.07,17.11,16.8,17.05,66854,935,16.964
FR0013153541,235165280,MDM,EUR,2022-04-13,16.86,17.04,16.78,16.97,53516,534,16.949
FR0013153541,235165280,MDM,EUR,2022-04-14,17.1,17.18,16.86,16.9,85334,883,16.981
FR0013153541,235165280,MDM,EUR,2022-04-19,16.88,17.31,16.81,17.19,77886,753,17.016
FR0013153541,235165280,MDM,EUR,2022-04-20,17.25,17.54,16.98,17.43,87659,600,17.229
FR0013153541,235165280,MDM,EUR,2022-04-21,17.3,17.77,17.3,17.62,56153,547,17.606
FR0013153541,235165280,MDM,EUR,2022-04-22,17.52,17.74,17.49,17.64,49769,483,17.639
FR0013153541,235165280,MDM,EUR,2022-04-25,17.64,17.64,17.33,17.56,61434,662,17.508
FR0013153541,235165280,MDM,EUR,2022-04-26,17.5,17.71,17.24,17.24,52006,692,17.499
FR0013153541,235165280,MDM,EUR,2022-04-27,17.06,17.38,16.77,16.9,83756,800,17.028
FR0013153541,235165280,MDM,EUR,2022-04-28,16.98,17.0,16.44,16.5,68123,823,16.694
FR0013153541,235165280,MDM,EUR,2022-04-29,16.52,16.75,16.1,16.32,101421,850,16.492
FR0013153541,235165280,MDM,EUR,2022-05-02,16.12,16.12,15.29,15.63,172166,1735,15.603
FR0013153541,235165280,MDM,EUR,2022-05-03,15.73,16.16,15.64,15.8,252291,1427,15.872
FR0013153541,235165280,MDM,EUR,2022-05-04,16.28,16.6,15.83,16.47,367456,1529,16.175
FR0013153541,235165280,MDM,EUR,2022-05-05,16.5,16.71,16.41,16.51,216825,1628,16.56
FR0013153541,235165280,MDM,EUR,2022-05-06,16.32,16.72,15.94,16.62,235197,1990,16.338
FR0013153541,235165280,MDM,EUR,2022-05-09,16.8,16.8,15.8,16.4,145473,1545,16.274
FR0013153541,235165280,MDM,EUR,2022-05-10,15.82,17.16,15.51,16.8,224576,2592,16.869
FR0013153541,235165280,MDM,EUR,2022-05-11,16.91,17.44,16.58,16.93,255379,2420,17.117
FR0013153541,235165280,MDM,EUR,2022-05-12,16.66,17.22,16.46,17.12,131967,1241,16.963
FR0013153541,235165280,MDM,EUR,2022-05-13,17.2,17.55,17.08,17.52,145067,1235,17.417
FR0013153541,235165280,MDM,EUR,2022-05-16,17.32,17.58,17.26,17.53,40410,608,17.492
FR0013153541,235165280,MDM,EUR,2022-05-17,17.57,17.86,17.57,17.78,48945,529,17.777
FR0013153541,235165280,MDM,EUR,2022-05-18,17.78,17.86,17.47,17.58,81955,763,17.649
FR0013153541,235165280,MDM,EUR,2022-05-19,17.35,17.65,16.71,17.23,417799,2341,17.378
FR0013153541,235165280,MDM,EUR,2022-05-20,17.23,17.36,16.74,16.84,132740,1279,16.927
FR0013153541,235165280,MDM,EUR,2022-05-23,16.84,17.41,16.84,17.18,96424,832,17.159
FR0013153541,235165280,MDM,EUR,2022-05-24,17.02,17.53,16.75,16.8,158529,1070,17.259
FR0013153541,235165280,MDM,EUR,2022-05-25,16.81,17.34,16.69,17.19,71210,741,17.027
FR0013153541,235165280,MDM,EUR,2022-05-26,17.2,17.81,17.09,17.69,29105,558,17.509
FR0013153541,235165280,MDM,EUR,2022-05-27,16.85,16.85,12.75,12.93,1079287,7606,13.23
FR0013153541,235165280,MDM,EUR,2022-05-30,13.11,13.16,12.81,12.97,344464,3181,12.96
FR0013153541,235165280,MDM,EUR,2022-05-31,12.6,12.68,12.2,12.28,578881,3288,12.404
FR0013153541,235165280,MDM,EUR,2022-06-01,12.5,12.85,12.34,12.7,251766,1894,12.618
FR0013153541,235165280,MDM,EUR,2022-06-02,12.75,12.76,12.55,12.6,135867,984,12.634
FR0013153541,235165280,MDM,EUR,2022-06-03,12.65,12.78,12.38,12.5,94363,991,12.56
FR0013153541,235165280,MDM,EUR,2022-06-06,12.29,12.59,12.27,12.45,99344,855,12.461
FR0013153541,235165280,MDM,EUR,2022-06-07,12.5,12.5,11.86,11.86,333556,1809,12.172
FR0013153541,235165280,MDM,EUR,2022-06-08,11.67,11.67,11.02,11.13,265759,2231,11.178
FR0013153541,235165280,MDM,EUR,2022-06-09,11.07,11.23,10.89,10.89,208755,1845,11.041
FR0013153541,235165280,MDM,EUR,2022-06-10,10.8,10.83,10.21,10.27,177474,1534,10.458
FR0013153541,235165280,MDM,EUR,2022-06-13,10.03,10.09,9.42,9.58,323823,2446,9.727
FR0013153541,235165280,MDM,EUR,2022-06-14,9.72,9.72,9.31,9.48,303052,2175,9.481
FR0013153541,235165280,MDM,EUR,2022-06-15,9.73,10.6,9.68,10.55,879578,2961,10.308
FR0013153541,235165280,MDM,EUR,2022-06-16,10.47,10.7,9.92,10.43,611645,2709,10.46
FR0013153541,235165280,MDM,EUR,2022-06-17,10.33,10.49,9.96,10.12,159675,1173,10.206
FR0013153541,235165280,MDM,EUR,2022-06-20,10.25,10.4,10.0,10.09,76221,750,10.107
FR0013153541,235165280,MDM,EUR,2022-06-21,10.09,10.28,10.07,10.1,79008,765,10.183
FR0013153541,235165280,MDM,EUR,2022-06-22,9.96,10.0,9.75,9.79,198427,1157,9.835
FR0013153541,235165280,MDM,EUR,2022-06-23,9.79,10.03,9.75,9.85,146462,1173,9.865
FR0013153541,235165280,MDM,EUR,2022-06-24,9.97,10.11,9.79,10.04,169733,1072,9.96
FR0013153541,235165280,MDM,EUR,2022-06-27,10.19,10.28,9.96,10.03,132055,898,10.104
FR0013153541,235165280,MDM,EUR,2022-06-28,10.27,10.27,9.9,9.94,104586,708,9.987
FR0013153541,235165280,MDM,EUR,2022-06-29,9.97,10.01,9.76,9.79,140310,1245,9.85
FR0013153541,235165280,MDM,EUR,2022-06-30,9.89,9.89,9.34,9.5,256403,1426,9.561
FR0013153541,235165280,MDM,EUR,2022-07-01,9.5,9.65,9.31,9.35,169046,1430,9.456
FR0013153541,235165280,MDM,EUR,2022-07-04,9.19,9.21,8.64,8.91,242793,1563,8.945
FR0013153541,235165280,MDM,EUR,2022-07-05,9.07,9.07,8.59,8.64,107130,848,8.72
FR0013153541,235165280,MDM,EUR,2022-07-06,8.68,8.88,8.67,8.77,110395,863,8.789
FR0013153541,235165280,MDM,EUR,2022-07-07,8.82,9.02,8.79,8.99,130749,942,8.95
FR0013153541,235165280,MDM,EUR,2022-07-08,9.03,9.3,8.96,9.27,136298,1145,9.189
FR0013153541,235165280,MDM,EUR,2022-07-11,9.19,9.42,8.95,9.03,114064,993,9.191
FR0013153541,235165280,MDM,EUR,2022-07-12,8.93,9.23,8.83,9.19,113892,826,9.001
FR0013153541,235165280,MDM,EUR,2022-07-13,8.87,9.09,8.85,8.95,68529,789,8.96
FR0013153541,235165280,MDM,EUR,2022-07-14,9.07,9.07,8.68,8.82,115586,1018,8.845
FR0013153541,235165280,MDM,EUR,2022-07-15,8.73,9.05,8.73,8.98,68691,795,8.923
FR0013153541,235165280,MDM,EUR,2022-07-18,9.11,9.24,9.02,9.14,42045,449,9.139
FR0013153541,235165280,MDM,EUR,2022-07-19,9.14,9.2,8.95,9.2,177067,1218,9.065
FR0013153541,235165280,MDM,EUR,2022-07-20,9.36,9.72,9.27,9.69,235675,1633,9.503
FR0013153541,235165280,MDM,EUR,2022-07-21,9.72,9.8,9.46,9.71,199722,1402,9.65
FR0013153541,235165280,MDM,EUR,2022-07-22,9.75,9.79,9.59,9.75,85391,745,9.727
FR0013153541,235165280,MDM,EUR,2022-07-25,9.71,9.8,9.57,9.72,98714,929,9.691
FR0013153541,235165280,MDM,EUR,2022-07-26,9.65,9.66,9.08,9.1,109630,1045,9.243
FR0013153541,235165280,MDM,EUR,2022-07-27,9.13,9.24,8.96,9.2,65154,518,9.13
FR0013153541,235165280,MDM,EUR,2022-07-28,9.53,10.2,9.51,9.99,222814,1768,9.919
FR0013153541,235165280,MDM,EUR,2022-07-29,9.94,10.52,9.94,10.42,147280,1295,10.374
FR0013153541,235165280,MDM,EUR,2022-08-01,10.49,10.71,10.36,10.44,117999,1154,10.534
FR0013153541,235165280,MDM,EUR,2022-08-02,10.21,10.37,10.18,10.22,112172,1063,10.251
FR0013153541,235165280,MDM,EUR,2022-08-03,10.21,10.62,10.21,10.62,69079,777,10.486
FR0013153541,235165280,MDM,EUR,2022-08-04,10.6,10.68,10.49,10.5,77494,885,10.56
FR0013153541,235165280,MDM,EUR,2022-08-05,10.62,10.63,10.34,10.55,62543,750,10.517
FR0013153541,235165280,MDM,EUR,2022-08-08,10.69,10.9,10.69,10.87,96144,1039,10.815
FR0013153541,235165280,MDM,EUR,2022-08-09,10.92,10.94,10.64,10.68,94070,1203,10.733
FR0013153541,235165280,MDM,EUR,2022-08-10,10.73,10.83,10.54,10.78,77488,883,10.711
FR0013153541,235165280,MDM,EUR,2022-08-11,10.8,10.91,10.66,10.89,99989,1163,10.8
FR0013153541,235165280,MDM,EUR,2022-08-12,10.81,10.96,10.74,10.82,77124,1019,10.842
FR0013153541,235165280,MDM,EUR,2022-08-15,10.76,10.92,10.73,10.8,54030,693,10.819
FR0013153541,235165280,MDM,EUR,2022-08-16,10.77,11.23,10.77,11.23,97700,1073,11.111
FR0013153541,235165280,MDM,EUR,2022-08-17,11.14,11.33,10.87,10.89,98010,1335,11.022
FR0013153541,235165280,MDM,EUR,2022-08-18,10.92,10.98,10.79,10.94,69481,836,10.904
FR0013153541,235165280,MDM,EUR,2022-08-19,10.94,10.95,10.67,10.69,55979,750,10.771
FR0013153541,235165280,MDM,EUR,2022-08-22,10.62,10.66,10.11,10.11,105485,1246,10.321
FR0013153541,235165280,MDM,EUR,2022-08-23,10.01,10.39,10.01,10.24,81177,1161,10.282
FR0013153541,235165280,MDM,EUR,2022-08-24,10.37,10.48,10.23,10.43,90940,885,10.379
FR0013153541,235165280,MDM,EUR,2022-08-25,10.95,10.95,10.21,10.24,101358,1226,10.314
FR0013153541,235165280,MDM,EUR,2022-08-26,10.22,10.4,9.89,9.93,124178,1129,10.087
FR0013153541,235165280,MDM,EUR,2022-08-29,9.75,9.93,9.45,9.68,143027,1526,9.76
FR0013153541,235165280,MDM,EUR,2022-08-30,9.86,9.95,9.68,9.72,67313,1044,9.794
FR0013153541,235165280,MDM,EUR,2022-08-31,9.56,9.81,9.55,9.55,60985,964,9.622
FR0013153541,235165280,MDM,EUR,2022-09-01,9.45,9.49,9.25,9.32,109612,1035,9.384
FR0013153541,235165280,MDM,EUR,2022-09-02,9.29,9.45,9.14,9.23,120950,1600,9.255
FR0013153541,235165280,MDM,EUR,2022-09-05,8.96,9.2,8.9,9.16,94061,1128,9.132
FR0013153541,235165280,MDM,EUR,2022-09-06,9.1,9.42,9.1,9.36,61089,933,9.338
FR0013153541,235165280,MDM,EUR,2022-09-07,9.38,9.39,9.13,9.16,157179,1457,9.213
FR0013153541,235165280,MDM,EUR,2022-09-08,9.36,9.5,9.17,9.35,105910,1356,9.285
FR0013153541,235165280,MDM,EUR,2022-09-09,9.39,9.7,9.39,9.62,80211,1381,9.607
FR0013153541,235165280,MDM,EUR,2022-09-12,9.79,9.93,9.68,9.9,105689,1494,9.832
FR0013153541,235165280,MDM,EUR,2022-09-13,9.95,10.0,9.64,9.64,109766,1288,9.81
FR0013153541,235165280,MDM,EUR,2022-09-14,9.6,9.77,9.4,9.47,94729,1510,9.577
FR0013153541,235165280,MDM,EUR,2022-09-15,9.42,9.51,9.26,9.33,106684,1381,9.359
FR0013153541,235165280,MDM,EUR,2022-09-16,9.26,9.27,8.82,9.0,230646,1584,8.999
FR0013153541,235165280,MDM,EUR,2022-09-19,9.3,9.51,8.72,9.0,73708,851,8.932
FR0013153541,235165280,MDM,EUR,2022-09-20,9.17,9.17,8.94,8.96,127542,1285,9.02
FR0013153541,235165280,MDM,EUR,2022-09-21,8.95,9.06,8.89,9.03,82788,978,9.0
FR0013153541,235165280,MDM,EUR,2022-09-22,8.9,9.07,8.82,8.93,80068,983,8.958
FR0013153541,235165280,MDM,EUR,2022-09-23,8.8,8.92,8.01,8.01,139381,1508,8.449
FR0013153541,235165280,MDM,EUR,2022-09-26,8.0,8.33,7.81,8.17,186948,2105,8.174
FR0013153541,235165280,MDM,EUR,2022-09-27,8.23,8.46,8.15,8.27,156507,1710,8.323
FR0013153541,235165280,MDM,EUR,2022-09-28,8.29,8.55,8.14,8.53,154174,1729,8.305
FR0013153541,235165280,MDM,EUR,2022-09-29,8.2,8.39,7.82,8.0,157774,1732,8.019
FR0013153541,235165280,MDM,EUR,2022-09-30,7.91,8.16,7.9,8.1,141283,1536,8.027
FR0013153541,235165280,MDM,EUR,2022-10-03,8.0,8.5,8.0,8.42,155644,1690,8.236
FR0013153541,235165280,MDM,EUR,2022-10-04,8.49,8.75,8.44,8.73,115128,1775,8.611
FR0013153541,235165280,MDM,EUR,2022-10-05,8.69,8.78,8.37,8.41,89549,1415,8.518
FR0013153541,235165280,MDM,EUR,2022-10-06,8.51,8.62,8.38,8.41,115608,1463,8.482
FR0013153541,235165280,MDM,EUR,2022-10-07,8.32,8.55,8.0,8.42,139267,1496,8.387
FR0013153541,235165280,MDM,EUR,2022-10-10,8.24,8.57,8.24,8.49,94726,1412,8.457
FR0013153541,235165280,MDM,EUR,2022-10-11,8.12,8.64,8.11,8.61,100738,1441,8.547
FR0013153541,235165280,MDM,EUR,2022-10-12,8.55,8.69,8.43,8.63,88026,1779,8.584
FR0013153541,235165280,MDM,EUR,2022-10-13,8.56,8.95,8.45,8.91,112129,1892,8.745
FR0013153541,235165280,MDM,EUR,2022-10-14,8.66,9.09,8.65,8.92,147814,2244,8.917
FR0013153541,235165280,MDM,EUR,2022-10-17,8.73,9.26,8.73,9.18,68898,948,9.099
FR0013153541,235165280,MDM,EUR,2022-10-18,9.22,9.5,9.22,9.42,85177,1247,9.414
FR0013153541,235165280,MDM,EUR,2022-10-19,9.5,9.63,9.43,9.46,58262,802,9.509
FR0013153541,235165280,MDM,EUR,2022-10-20,9.45,9.61,9.45,9.47,38988,564,9.511
FR0013153541,235165280,MDM,EUR,2022-10-21,9.6,9.6,9.18,9.19,92059,1344,9.322
FR0013153541,235165280,MDM,EUR,2022-10-24,9.27,9.6,9.22,9.26,91050,1607,9.325
FR0013153541,235165280,MDM,EUR,2022-10-25,9.29,9.65,9.26,9.45,72638,1108,9.383
FR0013153541,235165280,MDM,EUR,2022-10-26,9.54,9.62,9.44,9.48,52946,840,9.505
FR0013153541,235165280,MDM,EUR,2022-10-27,9.5,9.64,9.47,9.6,75136,1023,9.56
FR0013153541,235165280,MDM,EUR,2022-10-28,9.38,10.1,9.2,9.96,108159,1619,9.807
FR0013153541,235165280,MDM,EUR,2022-10-31,10.13,10.29,9.66,9.92,127529,1363,9.888
FR0013153541,235165280,MDM,EUR,2022-11-01,10.0,10.23,9.98,10.07,47642,648,10.078
FR0013153541,235165280,MDM,EUR,2022-11-02,9.97,10.17,9.95,10.05,113416,587,10.048
FR0013153541,235165280,MDM,EUR,2022-11-03,9.83,10.0,9.63,9.99,47561,631,9.882
FR0013153541,235165280,MDM,EUR,2022-11-04,9.99,10.24,9.76,10.2,36715,596,10.14
FR0013153541,235165280,MDM,EUR,2022-11-07,10.06,10.42,10.06,10.42,80375,674,10.247
FR0013153541,235165280,MDM,EUR,2022-11-08,10.4,10.59,10.3,10.57,55636,646,10.474
FR0013153541,235165280,MDM,EUR,2022-11-09,10.47,10.6,10.41,10.5,73732,795,10.506
FR0013153541,235165280,MDM,EUR,2022-11-10,10.38,10.68,10.24,10.61,39349,496,10.544
FR0013153541,235165280,MDM,EUR,2022-11-11,10.32,11.17,10.32,11.17,78489,958,11.014
FR0013153541,235165280,MDM,EUR,2022-11-14,11.12,11.32,11.05,11.3,61626,800,11.22
FR0013153541,235165280,MDM,EUR,2022-11-15,11.1,11.25,10.91,11.22,67617,764,11.1
FR0013153541,235165280,MDM,EUR,2022-11-16,11.18,11.18,10.87,11.05,43197,752,11.018
FR0013153541,235165280,MDM,EUR,2022-11-17,11.05,11.27,11.02,11.25,46719,678,11.165
FR0013153541,235165280,MDM,EUR,2022-11-18,11.41,11.45,11.2,11.33,56382,772,11.378
FR0013153541,235165280,MDM,EUR,2022-11-21,11.18,11.44,11.15,11.44,72251,963,11.336
FR0013153541,235165280,MDM,EUR,2022-11-22,11.41,11.64,11.24,11.58,34852,495,11.447
FR0013153541,235165280,MDM,EUR,2022-11-23,11.44,11.78,11.39,11.78,38580,681,11.693
FR0013153541,235165280,MDM,EUR,2022-11-24,11.7,11.87,11.63,11.85,35371,664,11.757
FR0013153541,235165280,MDM,EUR,2022-11-25,11.71,11.98,11.7,11.97,36545,418,11.898
FR0013153541,235165280,MDM,EUR,2022-11-28,11.67,12.16,11.65,11.96,47910,768,11.881
FR0013153541,235165280,MDM,EUR,2022-11-29,11.82,11.83,11.56,11.59,59214,963,11.689
FR0013153541,235165280,MDM,EUR,2022-11-30,11.5,11.91,11.5,11.8,125990,940,11.804
FR0013153541,235165280,MDM,EUR,2022-12-01,11.85,11.92,11.7,11.83,54070,920,11.817
FR0013153541,235165280,MDM,EUR,2022-12-02,11.83,11.99,11.83,11.9,46107,740,11.943
FR0013153541,235165280,MDM,EUR,2022-12-05,12.07,12.07,11.72,11.72,44310,772,11.834
FR0013153541,235165280,MDM,EUR,2022-12-06,11.6,11.72,11.49,11.51,59059,815,11.589
FR0013153541,235165280,MDM,EUR,2022-12-07,11.51,11.6,11.2,11.25,61423,963,11.375
FR0013153541,235165280,MDM,EUR,2022-12-08,11.17,11.39,11.17,11.31,37475,730,11.278
FR0013153541,235165280,MDM,EUR,2022-12-09,11.23,11.45,11.23,11.37,60679,1007,11.359
FR0013153541,235165280,MDM,EUR,2022-12-12,11.25,11.26,10.9,11.09,58565,823,11.047
FR0013153541,235165280,MDM,EUR,2022-12-13,11.12,11.51,10.97,11.29,61846,1202,11.288
FR0013153541,235165280,MDM,EUR,2022-12-14,11.29,11.43,11.2,11.38,32950,710,11.311
FR0013153541,235165280,MDM,EUR,2022-12-15,11.35,11.35,10.98,10.98,37562,692,11.155
FR0013153541,235165280,MDM,EUR,2022-12-16,10.92,11.13,10.92,10.99,63899,1088,11.037
FR0013153541,235165280,MDM,EUR,2022-12-19,10.9,11.2,10.9,11.11,42882,852,11.135
FR0013153541,235165280,MDM,EUR,2022-12-20,10.9,11.42,10.9,11.39,36881,811,11.277
FR0013153541,235165280,MDM,EUR,2022-12-21,11.2,11.63,11.2,11.58,37785,842,11.546
FR0013153541,235165280,MDM,EUR,2022-12-22,11.64,11.86,11.6,11.71,40525,939,11.738
FR0013153541,235165280,MDM,EUR,2022-12-23,11.71,11.97,11.71,11.86,50115,1085,11.879
FR0013153541,235165280,MDM,EUR,2022-12-27,11.77,11.98,11.25,11.25,51540,1079,11.483
FR0013153541,235165280,MDM,EUR,2022-12-28,11.18,11.62,11.18,11.62,51349,773,11.512
FR0013153541,235165280,MDM,EUR,2022-12-29,11.4,11.82,11.4,11.77,36887,828,11.737
FR0013153541,235165280,MDM,EUR,2022-12-30,11.71,11.85,11.71,11.75,28783,719,11.781
FR0013153541,235165280,MDM,EUR,2023-01-02,11.85,12.16,11.82,12.16,27800,641,12.058
FR0013153541,235165280,MDM,EUR,2023-01-03,11.61,12.36,11.32,12.17,66441,1394,12.194
FR0013153541,235165280,MDM,EUR,2023-01-04,12.26,12.55,12.22,12.32,101768,1406,12.304
FR0013153541,235165280,MDM,EUR,2023-01-05,12.38,12.61,12.32,12.55,116553,1763,12.513
FR0013153541,235165280,MDM,EUR,2023-01-06,12.47,12.61,12.36,12.51,77848,1458,12.5195
FR0013153541,235165280,MDM,EUR,2023-01-09,12.52,12.75,12.52,12.55,59214,1199,12.636
FR0013153541,235165280,MDM,EUR,2023-01-10,12.59,12.85,12.46,12.74,104311,1595,12.698
FR0013153541,235165280,MDM,EUR,2023-01-11,12.82,13.17,12.67,13.04,187504,1801,12.962
FR0013153541,235165280,MDM,EUR,2023-01-12,13.05,13.38,12.95,12.95,152371,1795,13.176
FR0013153541,235165280,MDM,EUR,2023-01-13,13.0,13.03,12.2,12.6,123728,1770,12.6795
FR0013153541,235165280,MDM,EUR,2023-01-16,12.58,13.03,12.44,12.81,103669,1376,12.7875
FR0013153541,235165280,MDM,EUR,2023-01-17,12.7,13.0,12.61,12.61,53769,992,12.7095
FR0013153541,235165280,MDM,EUR,2023-01-18,12.5,12.86,12.33,12.33,94850,1329,12.4975
FR0013153541,235165280,MDM,EUR,2023-01-19,12.19,12.6,11.95,12.11,99420,1615,12.159
FR0013153541,235165280,MDM,EUR,2023-01-20,12.2,12.48,12.01,12.3,146592,2048,12.305
FR0013153541,235165280,MDM,EUR,2023-01-23,12.48,12.65,12.2,12.57,88105,1410,12.402
FR0013153541,235165280,MDM,EUR,2023-01-24,12.6,12.71,12.41,12.44,71147,1403,12.5165
FR0013153541,235165280,MDM,EUR,2023-01-25,12.42,12.5,12.32,12.38,68362,984,12.409
FR0013153541,235165280,MDM,EUR,2023-01-26,12.06,12.36,11.63,11.67,116228,1744,11.864
FR0013153541,235165280,MDM,EUR,2023-01-27,11.94,11.95,11.11,11.11,118020,1507,11.372
FR0013153541,235165280,MDM,EUR,2023-01-30,11.2,11.505,11.19,11.42,163262,1778,11.4075
FR0013153541,235165280,MDM,EUR,2023-01-31,11.4,11.47,11.22,11.27,114187,1531,11.3365
FR0013153541,235165280,MDM,EUR,2023-02-01,11.21,11.47,11.21,11.3,87522,1409,11.3865
FR0013153541,235165280,MDM,EUR,2023-02-02,11.47,11.54,11.2,11.4,104085,914,11.3925
FR0013153541,235165280,MDM,EUR,2023-02-03,11.45,11.5,11.35,11.46,134588,1267,11.4275
FR0013153541,235165280,MDM,EUR,2023-02-06,11.35,11.65,11.34,11.5,114517,1217,11.5175
FR0013153541,235165280,MDM,EUR,2023-02-07,11.54,11.54,11.37,11.45,32848,575,11.4405
FR0013153541,235165280,MDM,EUR,2023-02-08,11.5,11.61,11.39,11.39,56424,786,11.457
FR0013153541,235165280,MDM,EUR,2023-02-09,11.46,11.48,11.38,11.4,74435,730,11.4115
FR0013153541,235165280,MDM,EUR,2023-02-10,11.5,11.67,11.24,11.35,103720,1507,11.411
FR0013153541,235165280,MDM,EUR,2023-02-13,11.54,11.54,11.27,11.29,56104,968,11.345
FR0013153541,235165280,MDM,EUR,2023-02-14,11.36,11.41,11.2,11.27,80066,1164,11.301
FR0013153541,235165280,MDM,EUR,2023-02-15,11.36,11.435,11.225,11.38,95801,912,11.3275
FR0013153541,235165280,MDM,EUR,2023-02-16,11.5,11.54,11.33,11.4,92461,837,11.402
FR0013153541,235165280,MDM,EUR,2023-02-17,11.4,11.45,11.29,11.39,84142,885,11.387
FR0013153541,235165280,MDM,EUR,2023-02-20,11.37,11.44,11.28,11.31,53665,669,11.378
FR0013153541,235165280,MDM,EUR,2023-02-21,11.28,11.43,11.26,11.35,48279,733,11.3725
FR0013153541,235165280,MDM,EUR,2023-02-22,11.24,11.25,10.86,10.89,72292,1108,10.975
FR0013153541,235165280,MDM,EUR,2023-02-23,11.0,11.13,10.92,10.94,102381,1185,11.017
FR0013153541,235165280,MDM,EUR,2023-02-24,10.92,11.2,10.81,10.84,56704,746,10.9375
FR0013153541,235165280,MDM,EUR,2023-02-27,10.88,11.14,10.74,11.06,68695,883,11.027
FR0013153541,235165280,MDM,EUR,2023-02-28,11.08,11.455,11.07,11.29,87313,733,11.3045
FR0013153541,235165280,MDM,EUR,2023-03-01,11.3,11.6,11.3,11.34,54947,620,11.4015
FR0013153541,235165280,MDM,EUR,2023-03-02,11.39,11.6,11.25,11.51,63198,548,11.5015
FR0013153541,235165280,MDM,EUR,2023-03-03,11.53,11.65,11.43,11.48,31415,350,11.534
FR0013153541,235165280,MDM,EUR,2023-03-06,11.4,11.53,11.22,11.31,61616,620,11.374
FR0013153541,235165280,MDM,EUR,2023-03-07,11.16,11.39,11.06,11.28,62401,854,11.3105
FR0013153541,235165280,MDM,EUR,2023-03-08,11.21,11.34,11.1,11.29,44924,586,11.2475
FR0013153541,235165280,MDM,EUR,2023-03-09,11.65,11.65,9.555,9.745,243257,2478,10.2595
FR0013153541,235165280,MDM,EUR,2023-03-10,9.645,10.1,9.36,10.1,197281,2254,9.885
FR0013153541,235165280,MDM,EUR,2023-03-13,10.06,10.26,9.99,10.14,138470,1706,10.141
FR0013153541,235165280,MDM,EUR,2023-03-14,10.07,10.21,9.835,9.85,109738,1507,9.9975
FR0013153541,235165280,MDM,EUR,2023-03-15,9.875,10.0,9.55,9.62,113361,1243,9.7175
FR0013153541,235165280,MDM,EUR,2023-03-16,9.545,9.855,9.525,9.795,112642,1455,9.71
FR0013153541,235165280,MDM,EUR,2023-03-17,9.7,9.98,9.57,9.72,133251,1414,9.7905
FR0013153541,235165280,MDM,EUR,2023-03-20,9.64,9.93,9.43,9.76,75139,1123,9.779
FR0013153541,235165280,MDM,EUR,2023-03-21,9.765,10.0,9.725,9.77,99637,1242,9.852
FR0013153541,235165280,MDM,EUR,2023-03-22,9.65,9.895,9.65,9.77,66047,1021,9.803
FR0013153541,235165280,MDM,EUR,2023-03-23,9.75,9.915,9.525,9.59,66558,1018,9.664
FR0013153541,235165280,MDM,EUR,2023-03-24,9.55,9.575,9.27,9.41,84606,1334,9.413
FR0013153541,235165280,MDM,EUR,2023-03-27,9.465,9.605,9.32,9.495,84695,1274,9.5185
FR0013153541,235165280,MDM,EUR,2023-03-28,9.4,9.63,9.4,9.525,87101,1173,9.5125
FR0013153541,235165280,MDM,EUR,2023-03-29,9.46,9.695,9.46,9.635,66143,1114,9.601
FR0013153541,235165280,MDM,EUR,2023-03-30,9.6,9.925,9.6,9.855,86255,1170,9.8805
FR0013153541,235165280,MDM,EUR,2023-03-31,9.81,10.05,9.81,9.905,102921,1346,9.9575
FR0013153541,235165280,MDM,EUR,2023-04-03,9.91,10.2,9.91,9.99,88054,868,10.0445
FR0013153541,235165280,MDM,EUR,2023-04-04,9.95,10.04,9.815,9.815,87301,1136,9.92
FR0013153541,235165280,MDM,EUR,2023-04-05,9.8,9.96,9.745,9.745,63096,790,9.8405
FR0013153541,235165280,MDM,EUR,2023-04-06,9.8,9.945,9.585,9.59,105064,1243,9.7155
FR0013153541,235165280,MDM,EUR,2023-04-11,9.55,9.645,9.5,9.535,71454,968,9.56
FR0013153541,235165280,MDM,EUR,2023-04-12,9.54,9.86,9.53,9.755,61765,814,9.7215
FR0013153541,235165280,MDM,EUR,2023-04-13,9.85,10.0,9.785,9.845,68726,801,9.863
FR0013153541,235165280,MDM,EUR,2023-04-14,9.65,10.0,9.65,9.74,73081,1142,9.817
FR0013153541,235165280,MDM,EUR,2023-04-17,9.7,10.01,9.7,10.01,139727,1205,9.9385
FR0013153541,235165280,MDM,EUR,2023-04-18,9.97,10.13,9.97,10.05,78945,800,10.0685
FR0013153541,235165280,MDM,EUR,2023-04-19,9.97,10.21,9.97,10.15,74362,956,10.1035
FR0013153541,235165280,MDM,EUR,2023-04-20,9.55,9.99,9.42,9.815,63468,796,9.722
FR0013153541,235165280,MDM,EUR,2023-04-21,9.62,10.0,9.325,9.5,86929,920,9.499
FR0013153541,235165280,MDM,EUR,2023-04-24,9.39,9.645,9.39,9.46,64241,942,9.5475
FR0013153541,235165280,MDM,EUR,2023-04-25,9.4,9.55,9.395,9.475,53628,1146,9.4945
FR0013153541,235165280,MDM,EUR,2023-04-26,9.535,9.535,9.235,9.375,60330,950,9.3725
FR0013153541,235165280,MDM,EUR,2023-04-27,9.315,9.605,9.31,9.535,53340,713,9.5465
FR0013153541,235165280,MDM,EUR,2023-04-28,9.645,9.645,9.34,9.55,28657,414,9.512
FR0013153541,235165280,MDM,EUR,2023-05-02,9.655,9.655,9.185,9.2,45690,566,9.278
FR0013153541,235165280,MDM,EUR,2023-05-03,9.2,9.67,9.175,9.29,47732,729,9.271
FR0013153541,235165280,MDM,EUR,2023-05-04,9.185,9.4,9.165,9.2,50214,775,9.265
FR0013153541,235165280,MDM,EUR,2023-05-05,9.37,9.605,9.285,9.605,101232,1092,9.442
FR0013153541,235165280,MDM,EUR,2023-05-08,9.545,9.85,9.52,9.85,22741,312,9.789
FR0013153541,235165280,MDM,EUR,2023-05-09,9.91,9.96,9.52,9.6,89196,1078,9.691
FR0013153541,235165280,MDM,EUR,2023-05-10,9.7,9.745,9.385,9.475,74739,744,9.5165
FR0013153541,235165280,MDM,EUR,2023-05-11,9.35,9.74,9.35,9.535,72354,877,9.6005
FR0013153541,235165280,MDM,EUR,2023-05-12,9.9,9.92,9.595,9.92,135899,1230,9.809
FR0013153541,235165280,MDM,EUR,2023-05-15,9.995,10.35,9.96,10.04,146363,1718,10.122
FR0013153541,235165280,MDM,EUR,2023-05-16,10.04,10.2,9.895,9.945,49673,814,10.0115
FR0013153541,235165280,MDM,EUR,2023-05-17,9.92,10.03,9.725,9.855,50383,691,9.8695
FR0013153541,235165280,MDM,EUR,2023-05-18,9.7,10.1,9.7,9.93,47335,825,10.0175
FR0013153541,235165280,MDM,EUR,2023-05-19,9.95,10.085,9.705,9.705,61104,814,9.8735
FR0013153541,235165280,MDM,EUR,2023-05-22,9.71,10.02,9.65,9.84,91230,1047,9.821
FR0013153541,235165280,MDM,EUR,2023-05-23,9.93,10.0,9.79,9.805,37674,647,9.84
FR0013153541,235165280,MDM,EUR,2023-05-24,9.7,9.72,9.615,9.69,46767,751,9.6835
FR0013153541,235165280,MDM,EUR,2023-05-25,9.69,9.69,9.32,9.32,48530,966,9.3815
FR0013153541,235165280,MDM,EUR,2023-05-26,9.27,9.385,9.16,9.325,55715,876,9.3185
FR0013153541,235165280,MDM,EUR,2023-05-29,9.27,9.45,9.27,9.44,26687,543,9.3795
FR0013153541,235165280,MDM,EUR,2023-05-30,9.495,9.495,9.275,9.35,54194,827,9.3635
FR0013153541,235165280,MDM,EUR,2023-05-31,9.375,9.455,9.275,9.34,88948,1058,9.378
FR0013153541,235165280,MDM,EUR,2023-06-01,9.365,9.7,9.325,9.63,65129,924,9.635
FR0013153541,235165280,MDM,EUR,2023-06-02,9.675,10.08,9.675,10.07,68641,850,9.9535
FR0013153541,235165280,MDM,EUR,2023-06-05,10.15,10.22,9.87,9.87,59885,725,9.9725
FR0013153541,235165280,MDM,EUR,2023-06-06,9.815,9.92,9.71,9.735,51144,646,9.797
FR0013153541,235165280,MDM,EUR,2023-06-07,9.7,9.925,9.61,9.885,71771,853,9.8365
FR0013153541,235165280,MDM,EUR,2023-06-08,9.78,10.0,9.775,9.81,54053,820,9.878
FR0013153541,235165280,MDM,EUR,2023-06-09,9.65,9.935,9.65,9.71,55106,754,9.797
FR0013153541,235165280,MDM,EUR,2023-06-12,10.0,10.0,9.695,9.875,39663,691,9.8525
FR0013153541,235165280,MDM,EUR,2023-06-13,9.9,10.13,9.89,10.13,45676,483,10.0555
FR0013153541,235165280,MDM,EUR,2023-06-14,10.11,10.2,10.02,10.18,44467,661,10.146
FR0013153541,235165280,MDM,EUR,2023-06-15,9.95,10.17,9.95,10.07,38294,601,10.084
FR0013153541,235165280,MDM,EUR,2023-06-16,10.01,10.13,9.98,10.13,87549,550,10.098
FR0013153541,235165280,MDM,EUR,2023-06-19,9.96,10.32,9.96,10.13,35991,486,10.2105
FR0013153541,235165280,MDM,EUR,2023-06-20,10.15,10.45,10.15,10.4,39530,542,10.366
FR0013153541,235165280,MDM,EUR,2023-06-21,10.5,10.5,10.26,10.45,47516,708,10.382
FR0013153541,235165280,MDM,EUR,2023-06-22,10.56,10.59,9.495,9.5,84172,1190,9.8835
FR0013153541,235165280,MDM,EUR,2023-06-23,9.41,9.49,9.12,9.12,68774,852,9.2815
FR0013153541,235165280,MDM,EUR,2023-06-26,9.18,9.2,8.94,8.94,43335,460,9.0015
FR0013153541,235165280,MDM,EUR,2023-06-27,8.94,9.0,8.69,8.805,39822,438,8.821
FR0013153541,235165280,MDM,EUR,2023-06-28,9.01,9.01,8.75,8.975,27458,321,8.9295
FR0013153541,235165280,MDM,EUR,2023-06-29,8.96,9.175,8.95,9.17,58921,327,9.1225
FR0013153541,235165280,MDM,EUR,2023-06-30,9.17,9.29,9.15,9.22,21166,270,9.208
FR0013153541,235165280,MDM,EUR,2023-07-03,9.255,9.27,9.015,9.015,37639,492,9.0815
FR0013153541,235165280,MDM,EUR,2023-07-04,9.01,9.025,8.92,8.965,32076,296,8.9655
FR0013153541,235165280,MDM,EUR,2023-07-05,8.665,8.665,8.46,8.54,55219,468,8.57
FR0013153541,235165280,MDM,EUR,2023-07-06,8.45,8.45,8.025,8.085,46980,597,8.1875
FR0013153541,235165280,MDM,EUR,2023-07-07,8.12,8.71,8.095,8.66,78084,557,8.441
FR0013153541,235165280,MDM,EUR,2023-07-10,8.605,8.69,8.355,8.465,53591,374,8.468
FR0013153541,235165280,MDM,EUR,2023-07-11,8.45,8.535,8.4,8.49,34862,318,8.4775
FR0013153541,235165280,MDM,EUR,2023-07-12,8.47,8.54,8.47,8.49,20711,253,8.5005
FR0013153541,235165280,MDM,EUR,2023-07-13,8.53,8.535,8.36,8.505,95136,509,8.476
FR0013153541,235165280,MDM,EUR,2023-07-14,8.47,8.58,8.44,8.485,55327,412,8.5025
FR0013153541,235165280,MDM,EUR,2023-07-17,8.495,8.495,8.375,8.4,12849,156,8.409
FR0013153541,235165280,MDM,EUR,2023-07-18,8.355,8.42,8.275,8.42,26990,272,8.3615
FR0013153541,235165280,MDM,EUR,2023-07-19,8.465,8.5,8.425,8.485,15461,150,8.474
FR0013153541,235165280,MDM,EUR,2023-07-20,8.47,8.53,8.39,8.46,18744,164,8.478
FR0013153541,235165280,MDM,EUR,2023-07-21,8.48,8.48,8.26,8.285,48204,345,8.3235
FR0013153541,235165280,MDM,EUR,2023-07-24,8.285,8.41,8.28,8.41,47483,222,8.39
FR0013153541,235165280,MDM,EUR,2023-07-25,8.46,8.5,8.38,8.5,48714,391,8.4415
FR0013153541,235165280,MDM,EUR,2023-07-26,8.525,8.56,8.45,8.56,37081,199,8.51
FR0013153541,235165280,MDM,EUR,2023-07-27,8.6,9.46,8.6,9.195,111264,538,8.929
FR0013153541,235165280,MDM,EUR,2023-07-28,9.09,9.43,8.95,9.43,62144,523,9.2115
FR0013153541,235165280,MDM,EUR,2023-07-31,9.43,9.61,9.16,9.54,48815,361,9.474
FR0013153541,235165280,MDM,EUR,2023-08-01,9.515,9.62,9.31,9.61,56857,367,9.4855
FR0013153541,235165280,MDM,EUR,2023-08-02,9.625,9.63,9.28,9.425,32920,211,9.406
FR0013153541,235165280,MDM,EUR,2023-08-03,9.385,9.58,9.27,9.58,20555,271,9.47
FR0013153541,235165280,MDM,EUR,2023-08-04,9.63,9.82,9.61,9.795,46594,326,9.739
FR0013153541,235165280,MDM,EUR,2023-08-07,9.8,9.9,9.63,9.87,31467,311,9.808
FR0013153541,235165280,MDM,EUR,2023-08-08,9.89,9.89,9.59,9.66,31125,350,9.6875
FR0013153541,235165280,MDM,EUR,2023-08-09,9.66,9.88,9.65,9.775,17561,217,9.7825
FR0013153541,235165280,MDM,EUR,2023-08-10,9.76,9.9,9.75,9.75,33269,334,9.8465
FR0013153541,235165280,MDM,EUR,2023-08-11,9.77,9.77,9.53,9.535,21543,291,9.6415
FR0013153541,235165280,MDM,EUR,2023-08-14,9.535,9.82,9.5,9.82,23950,246,9.7125
FR0013153541,235165280,MDM,EUR,2023-08-15,9.8,9.9,9.75,9.85,17176,206,9.836
FR0013153541,235165280,MDM,EUR,2023-08-16,9.85,9.9,9.73,9.81,23294,314,9.81
FR0013153541,235165280,MDM,EUR,2023-08-17,9.76,9.76,9.53,9.615,18014,204,9.65
FR0013153541,235165280,MDM,EUR,2023-08-18,9.575,9.74,9.4,9.595,28317,374,9.594
FR0013153541,235165280,MDM,EUR,2023-08-21,9.565,9.57,8.44,8.44,96294,1041,8.858
FR0013153541,235165280,MDM,EUR,2023-08-22,8.45,8.71,8.38,8.495,108529,973,8.5415
FR0013153541,235165280,MDM,EUR,2023-08-23,8.53,9.09,8.49,8.9,105735,797,8.823
FR0013153541,235165280,MDM,EUR,2023-08-24,8.865,8.97,8.5,8.625,36851,316,8.644
FR0013153541,235165280,MDM,EUR,2023-08-25,8.59,8.72,8.51,8.59,29394,264,8.62
FR0013153541,235165280,MDM,EUR,2023-08-28,8.575,8.78,8.57,8.755,16274,293,8.712
FR0013153541,235165280,MDM,EUR,2023-08-29,8.745,8.82,8.52,8.63,19381,228,8.6255
FR0013153541,235165280,MDM,EUR,2023-08-30,8.625,8.65,8.44,8.5,19176,255,8.527
FR0013153541,235165280,MDM,EUR,2023-08-31,8.55,8.68,8.38,8.62,47199,507,8.572
FR0013153541,235165280,MDM,EUR,2023-09-01,8.595,8.89,8.52,8.775,36954,357,8.7385
FR0013153541,235165280,MDM,EUR,2023-09-04,8.76,8.85,8.5,8.52,25252,290,8.606
FR0013153541,235165280,MDM,EUR,2023-09-05,8.545,8.67,8.44,8.66,29571,341,8.5855
FR0013153541,235165280,MDM,EUR,2023-09-06,8.62,8.63,8.4,8.44,20737,455,8.4785
FR0013153541,235165280,MDM,EUR,2023-09-07,8.415,8.42,7.91,8.195,71549,797,8.1405
FR0013153541,235165280,MDM,EUR,2023-09-08,8.195,8.41,7.96,8.405,60549,531,8.2365
FR0013153541,235165280,MDM,EUR,2023-09-11,8.38,8.54,8.12,8.23,43277,484,8.295
FR0013153541,235165280,MDM,EUR,2023-09-12,8.225,8.23,8.0,8.16,45230,481,8.1255
FR0013153541,235165280,MDM,EUR,2023-09-13,8.13,8.13,7.77,8.03,64650,863,7.916
FR0013153541,235165280,MDM,EUR,2023-09-14,8.015,8.26,7.81,8.195,49178,658,8.046
FR0013153541,235165280,MDM,EUR,2023-09-15,8.175,8.2,7.78,7.785,859269,844,7.8035
FR0013153541,235165280,MDM,EUR,2023-09-18,7.79,7.87,7.6,7.6,51209,424,7.7125
FR0013153541,235165280,MDM,EUR,2023-09-19,7.6,7.67,7.31,7.32,64532,634,7.4725
FR0013153541,235165280,MDM,EUR,2023-09-20,7.355,7.56,7.34,7.46,62686,512,7.447
FR0013153541,235165280,MDM,EUR,2023-09-21,7.4,7.61,7.35,7.545,32675,376,7.481
FR0013153541,235165280,MDM,EUR,2023-09-22,7.5,7.55,7.4,7.455,30747,371,7.473
FR0013153541,235165280,MDM,EUR,2023-09-25,7.465,7.47,7.06,7.065,59598,454,7.2335
FR0013153541,235165280,MDM,EUR,2023-09-26,7.05,7.08,6.94,7.05,86325,629,7.041
FR0013153541,235165280,MDM,EUR,2023-09-27,7.04,7.17,7.0,7.07,48361,400,7.085
FR0013153541,235165280,MDM,EUR,2023-09-28,7.09,7.2,6.94,6.995,34944,350,7.035
FR0013153541,235165280,MDM,EUR,2023-09-29,7.0,7.35,7.0,7.285,66019,407,7.2445
FR0013153541,235165280,MDM,EUR,2023-10-02,7.33,7.43,7.24,7.285,32734,273,7.3495
FR0013153541,235165280,MDM,EUR,2023-10-03,7.2,7.2,7.0,7.045,34297,347,7.07
FR0013153541,235165280,MDM,EUR,2023-10-04,7.01,7.27,6.96,7.27,44088,341,7.163
FR0013153541,235165280,MDM,EUR,2023-10-05,7.245,7.28,5.99,6.17,120168,875,6.411
FR0013153541,235165280,MDM,EUR,2023-10-06,6.2,6.25,5.72,5.9,198722,1463,5.8705
FR0013153541,235165280,MDM,EUR,2023-10-09,5.925,6.09,5.88,6.05,106736,705,5.997
FR0013153541,235165280,MDM,EUR,2023-10-10,5.805,6.39,5.55,6.105,194020,1117,6.0055
FR0013153541,235165280,MDM,EUR,2023-10-11,6.0,6.01,5.29,5.5,246074,1331,5.5825
FR0013153541,235165280,MDM,EUR,2023-10-12,5.525,5.56,5.36,5.43,186067,905,5.4595
FR0013153541,235165280,MDM,EUR,2023-10-13,5.42,5.54,5.41,5.43,111745,715,5.4755
FR0013153541,235165280,MDM,EUR,2023-10-16,5.44,5.5,5.15,5.15,65758,389,5.3055
FR0013153541,235165280,MDM,EUR,2023-10-17,5.17,5.56,5.15,5.475,106727,630,5.369
FR0013153541,235165280,MDM,EUR,2023-10-18,5.51,5.67,5.49,5.54,54064,396,5.5685
FR0013153541,235165280,MDM,EUR,2023-10-19,5.545,5.55,5.37,5.415,66724,693,5.445
FR0013153541,235165280,MDM,EUR,2023-10-20,5.355,5.39,5.16,5.29,72791,665,5.276
FR0013153541,235165280,MDM,EUR,2023-10-23,5.685,5.93,5.1,5.145,54124,537,5.2145
FR0013153541,235165280,MDM,EUR,2023-10-24,5.11,5.26,4.935,4.98,51289,452,5.031
FR0013153541,235165280,MDM,EUR,2023-10-25,5.14,5.23,4.86,4.955,91651,632,5.0065
FR0013153541,235165280,MDM,EUR,2023-10-26,4.9,4.94,4.7,4.88,79082,775,4.84
FR0013153541,235165280,MDM,EUR,2023-10-27,4.93,4.99,4.64,4.745,77996,590,4.783
FR0013153541,235165280,MDM,EUR,2023-10-30,4.74,4.87,4.66,4.75,106102,924,4.7545
FR0013153541,235165280,MDM,EUR,2023-10-31,4.75,4.82,4.605,4.745,135471,1357,4.726
FR0013153541,235165280,MDM,EUR,2023-11-01,4.805,4.89,4.605,4.86,68812,589,4.775
FR0013153541,235165280,MDM,EUR,2023-11-02,4.895,5.1,4.845,5.01,96976,561,4.986
FR0013153541,235165280,MDM,EUR,2023-11-03,5.06,5.33,5.03,5.245,94693,944,5.2235
FR0013153541,235165280,MDM,EUR,2023-11-06,5.225,5.34,5.02,5.025,51527,519,5.1045
FR0013153541,235165280,MDM,EUR,2023-11-07,5.035,5.09,4.865,4.955,55721,709,4.9585
FR0013153541,235165280,MDM,EUR,2023-11-08,4.965,4.97,4.795,4.84,236919,873,4.8445
FR0013153541,235165280,MDM,EUR,2023-11-09,4.87,5.33,4.855,5.28,116455,1147,5.129
FR0013153541,235165280,MDM,EUR,2023-11-10,5.245,5.36,5.1,5.29,83816,1296,5.264
FR0013153541,235165280,MDM,EUR,2023-11-13,5.35,5.6,5.35,5.515,56003,673,5.4905
FR0013153541,235165280,MDM,EUR,2023-11-14,5.53,5.71,5.47,5.635,72748,992,5.604
FR0013153541,235165280,MDM,EUR,2023-11-15,5.665,5.67,5.37,5.52,102353,893,5.5005
FR0013153541,235165280,MDM,EUR,2023-11-16,5.53,5.57,5.39,5.41,39238,456,5.4665
FR0013153541,235165280,MDM,EUR,2023-11-17,5.45,5.45,5.3,5.385,66762,627,5.3795
FR0013153541,235165280,MDM,EUR,2023-11-20,5.355,5.56,5.24,5.315,53989,538,5.361
FR0013153541,235165280,MDM,EUR,2023-11-21,5.25,5.385,4.89,4.925,162310,1053,5.0025
FR0013153541,235165280,MDM,EUR,2023-11-22,4.97,5.0,4.85,4.98,76448,784,4.9225
FR0013153541,235165280,MDM,EUR,2023-11-23,4.97,4.97,4.76,4.81,82143,657,4.8255
FR0013153541,235165280,MDM,EUR,2023-11-24,4.79,4.81,4.6,4.675,90748,984,4.6775
FR0013153541,235165280,MDM,EUR,2023-11-27,4.61,4.65,4.47,4.6,128744,1135,4.578
FR0013153541,235165280,MDM,EUR,2023-11-28,4.555,4.64,4.44,4.545,160067,1472,4.549
FR0013153541,235165280,MDM,EUR,2023-11-29,4.52,4.99,4.52,4.94,116760,1068,4.81
FR0013153541,235165280,MDM,EUR,2023-11-30,4.94,4.965,4.675,4.68,910991,1013,4.694
FR0013153541,235165280,MDM,EUR,2023-12-01,4.7,4.785,4.385,4.65,123892,802,4.5595
FR0013153541,235165280,MDM,EUR,2023-12-04,4.675,5.05,4.675,4.935,106822,602,4.8945
FR0013153541,235165280,MDM,EUR,2023-12-05,4.93,5.02,4.825,4.95,52867,590,4.9215
FR0013153541,235165280,MDM,EUR,2023-12-06,4.9,5.14,4.84,4.96,79601,903,4.9715
FR0013153541,235165280,MDM,EUR,2023-12-07,4.96,5.02,4.845,5.005,41698,297,4.945
FR0013153541,235165280,MDM,EUR,2023-12-08,5.01,5.3,5.0,5.235,84342,825,5.2
FR0013153541,235165280,MDM,EUR,2023-12-11,5.2,5.29,4.98,5.055,72897,455,5.091
FR0013153541,235165280,MDM,EUR,2023-12-12,5.055,5.11,4.915,4.98,80418,542,4.9925
FR0013153541,235165280,MDM,EUR,2023-12-13,5.03,5.03,4.74,4.76,88757,630,4.8295
FR0013153541,235165280,MDM,EUR,2023-12-14,4.82,5.2,4.82,5.19,150728,854,5.0885
FR0013153541,235165280,MDM,EUR,2023-12-15,5.23,5.43,5.1,5.14,139738,780,5.191
FR0013153541,235165280,MDM,EUR,2023-12-18,5.115,5.16,5.01,5.075,99689,907,5.0795
FR0013153541,235165280,MDM,EUR,2023-12-19,5.05,5.19,5.0,5.135,77258,426,5.097
FR0013153541,235165280,MDM,EUR,2023-12-20,5.185,5.58,5.18,5.445,115076,992,5.4305
FR0013153541,235165280,MDM,EUR,2023-12-21,5.38,5.62,5.3,5.565,78929,439,5.5275
FR0013153541,235165280,MDM,EUR,2023-12-22,5.555,5.68,5.45,5.525,67077,543,5.5515
FR0013153541,235165280,MDM,EUR,2023-12-27,5.5,5.63,5.43,5.495,42089,433,5.509
FR0013153541,235165280,MDM,EUR,2023-12-28,5.545,5.64,5.45,5.585,62158,440,5.5595
FR0013153541,235165280,MDM,EUR,2023-12-29,5.55,5.77,5.55,5.67,56915,389,5.677
