ISIN,conId,Symbol,Currency,date,open,high,low,close,volume,barCount,average
FR0010220475,35428035,ALO,EUR,2019-01-02,31.1073,31.1335,30.189,30.9236,1255941,10146,30.79593289
FR0010220475,35428035,ALO,EUR,2019-01-03,30.9411,31.0635,30.3202,30.3202,807208,6580,30.55412351
FR0010220475,35428035,ALO,EUR,2019-01-04,30.4601,30.8449,30.2765,30.4164,1541402,10878,30.54494088
FR0010220475,35428035,ALO,EUR,2019-01-07,30.4951,30.4951,29.2095,29.813,1907482,12065,29.72593732
FR0010220475,35428035,ALO,EUR,2019-01-08,29.8917,30.5038,29.5069,29.8392,1969913,12036,29.95681499
FR0010220475,35428035,ALO,EUR,2019-01-09,30.1453,30.8012,29.6293,30.5126,2033441,14541,30.26596369
FR0010220475,35428035,ALO,EUR,2019-01-10,30.4251,30.4601,29.778,30.1803,1173448,7144,30.19731257
FR0010220475,35428035,ALO,EUR,2019-01-11,30.3289,30.8974,30.3289,30.7837,1313589,9173,30.74039981
FR0010220475,35428035,ALO,EUR,2019-01-14,30.6525,30.6525,29.3844,30.0841,1053197,8353,30.13565773
FR0010220475,35428035,ALO,EUR,2019-01-15,30.259,30.7225,29.9616,30.7225,1467105,10945,30.41419765
FR0010220475,35428035,ALO,EUR,2019-01-16,30.8099,31.3784,30.5913,31.186,1420090,10545,31.09764803
FR0010220475,35428035,ALO,EUR,2019-01-17,31.1335,31.7369,30.4426,30.6175,1975248,15779,30.85059143
FR0010220475,35428035,ALO,EUR,2019-01-18,30.6088,30.6875,29.4719,30.1278,1806354,12327,30.28257989
FR0010220475,35428035,ALO,EUR,2019-01-21,29.6468,31.1641,29.297,30.7837,2452471,17319,30.57992234
FR0010220475,35428035,ALO,EUR,2019-01-22,30.6875,30.705,29.8917,30.2502,1415127,8715,30.2148033
FR0010220475,35428035,ALO,EUR,2019-01-23,30.1016,30.3901,29.9092,29.9092,1144844,8896,30.12734964
FR0010220475,35428035,ALO,EUR,2019-01-24,29.9966,30.2065,29.813,29.9791,874872,5869,30.00622631
FR0010220475,35428035,ALO,EUR,2019-01-25,30.1278,32.1567,29.6993,31.8069,2483617,12098,31.16717369
FR0010220475,35428035,ALO,EUR,2019-01-28,32.0518,32.7164,30.4426,30.67,2388805,15965,30.93848236
FR0010220475,35428035,ALO,EUR,2019-01-29,31.2822,31.4221,30.7749,31.2734,1073082,7177,31.17985447
FR0010220475,35428035,ALO,EUR,2019-01-30,31.3084,31.4658,30.2677,31.3609,1029756,7112,31.12913134
FR0010220475,35428035,ALO,EUR,2019-01-31,31.4658,31.5008,30.6175,30.7662,1049008,5806,30.90306363
FR0010220475,35428035,ALO,EUR,2019-02-01,31.0723,31.186,30.6875,30.9586,1006242,6671,30.99095456
FR0010220475,35428035,ALO,EUR,2019-02-04,30.74,31.0461,30.5825,30.7312,891562,5005,30.7364644
FR0010220475,35428035,ALO,EUR,2019-02-05,30.7662,31.7457,30.6875,31.6495,1509070,9459,31.3643817
FR0010220475,35428035,ALO,EUR,2019-02-06,31.7107,33.3986,30.74,32.935,3398898,23901,32.56162234
FR0010220475,35428035,ALO,EUR,2019-02-07,32.8126,33.1887,32.6552,32.6989,1185973,9697,32.80736714
FR0010220475,35428035,ALO,EUR,2019-02-08,32.7689,33.0225,32.008,32.3141,1877385,12957,32.56074781
FR0010220475,35428035,ALO,EUR,2019-02-11,32.5328,32.5503,31.9731,32.043,907472,6632,32.1510274
FR0010220475,35428035,ALO,EUR,2019-02-12,32.2354,32.2354,31.5533,31.7894,1126748,8685,31.83706875
FR0010220475,35428035,ALO,EUR,2019-02-13,31.9293,32.4715,31.9118,32.4278,1249138,6937,32.30494584
FR0010220475,35428035,ALO,EUR,2019-02-14,32.4278,32.5415,32.0867,32.2354,921235,8222,32.31063033
FR0010220475,35428035,ALO,EUR,2019-02-15,32.3491,33.1362,32.3491,32.8476,1070776,7380,32.90968792
FR0010220475,35428035,ALO,EUR,2019-02-18,32.8826,32.935,32.7427,32.8389,523432,3797,32.85328031
FR0010220475,35428035,ALO,EUR,2019-02-19,32.7951,32.97,32.5852,32.8738,655661,4646,32.78419192
FR0010220475,35428035,ALO,EUR,2019-02-20,33.11,33.4248,32.8476,33.3024,655252,4858,33.26999702
FR0010220475,35428035,ALO,EUR,2019-02-21,33.416,33.6434,32.97,33.04,693989,5243,33.24113731
FR0010220475,35428035,ALO,EUR,2019-02-22,33.0138,33.2149,32.8738,33.0312,577164,4445,33.04873925
FR0010220475,35428035,ALO,EUR,2019-02-25,33.1187,33.2411,32.9788,33.075,410265,2922,33.07366354
FR0010220475,35428035,ALO,EUR,2019-02-26,32.8826,32.97,32.5153,32.8651,633310,4115,32.80736714
FR0010220475,35428035,ALO,EUR,2019-02-27,32.6902,33.3111,32.6639,33.2149,905866,6322,33.02468949
FR0010220475,35428035,ALO,EUR,2019-02-28,33.1449,33.451,32.6639,33.4248,1012934,6089,33.19347506
FR0010220475,35428035,ALO,EUR,2019-03-01,33.5735,33.7921,33.2149,33.3024,967515,7392,33.46676776
FR0010220475,35428035,ALO,EUR,2019-03-04,33.4685,33.6434,33.3024,33.4423,468078,3398,33.43921985
FR0010220475,35428035,ALO,EUR,2019-03-05,33.3898,33.7046,33.2761,33.3723,609485,4691,33.42347819
FR0010220475,35428035,ALO,EUR,2019-03-06,33.3986,33.3986,32.8301,32.8301,717067,5323,32.98533534
FR0010220475,35428035,ALO,EUR,2019-03-07,32.7077,33.2236,32.4978,33.1799,813185,5804,33.06273183
FR0010220475,35428035,ALO,EUR,2019-03-08,33.005,33.0312,32.6552,32.8214,559664,3877,32.82092246
FR0010220475,35428035,ALO,EUR,2019-03-11,32.9001,33.1362,32.7514,33.075,389481,2746,33.02818764
FR0010220475,35428035,ALO,EUR,2019-03-12,33.1537,33.3024,32.6814,33.0138,538458,3980,32.94991661
FR0010220475,35428035,ALO,EUR,2019-03-13,32.9438,33.2674,32.9176,32.9875,429417,2956,33.02337769
FR0010220475,35428035,ALO,EUR,2019-03-14,33.0575,33.7571,33.0487,33.3723,755504,4988,33.45190063
FR0010220475,35428035,ALO,EUR,2019-03-15,33.556,33.6172,33.2324,33.6172,1332187,5693,33.52798532
FR0010220475,35428035,ALO,EUR,2019-03-18,33.6259,34.7628,33.6259,34.3343,1300954,9146,34.32556273
FR0010220475,35428035,ALO,EUR,2019-03-19,34.2731,34.7016,34.1769,34.4218,867418,6931,34.4322562
FR0010220475,35428035,ALO,EUR,2019-03-20,34.2818,34.5355,34.1332,34.2381,646630,4328,34.30238751
FR0010220475,35428035,ALO,EUR,2019-03-21,34.2031,34.3343,33.8446,34.2556,588445,4645,34.18126418
FR0010220475,35428035,ALO,EUR,2019-03-22,34.2818,34.4043,33.4423,33.5035,780630,5958,33.63686513
FR0010220475,35428035,ALO,EUR,2019-03-25,33.4073,33.4335,32.9088,33.1537,656969,5169,33.1418774
FR0010220475,35428035,ALO,EUR,2019-03-26,33.2761,33.6172,33.1012,33.5385,439497,3285,33.41779371
FR0010220475,35428035,ALO,EUR,2019-03-27,33.6172,33.8446,33.4073,33.5735,703124,5836,33.61150357
FR0010220475,35428035,ALO,EUR,2019-03-28,33.5647,33.9233,33.4773,33.5385,597766,3983,33.63249245
FR0010220475,35428035,ALO,EUR,2019-03-29,33.6784,33.967,33.486,33.7746,791942,5549,33.71076348
FR0010220475,35428035,ALO,EUR,2019-04-01,33.8533,34.3955,33.7484,34.3605,983444,6901,34.18782321
FR0010220475,35428035,ALO,EUR,2019-04-02,34.2731,35.0339,34.2731,35.0077,817266,6138,34.82317407
FR0010220475,35428035,ALO,EUR,2019-04-03,34.894,35.4625,34.894,35.2876,987088,6905,35.298922
FR0010220475,35428035,ALO,EUR,2019-04-04,35.2176,35.5237,34.929,34.999,756781,4342,35.17255145
FR0010220475,35428035,ALO,EUR,2019-04-05,34.8678,35.1301,34.6841,34.8853,775750,5147,34.93948744
FR0010220475,35428035,ALO,EUR,2019-04-08,34.824,34.9115,34.6491,34.8153,471647,3905,34.79912431
FR0010220475,35428035,ALO,EUR,2019-04-09,34.7104,35.0252,34.5355,34.5355,381799,3531,34.68018733
FR0010220475,35428035,ALO,EUR,2019-04-10,34.483,34.8503,34.3693,34.7716,614181,4978,34.73091046
FR0010220475,35428035,ALO,EUR,2019-04-11,34.7191,34.9115,34.6054,34.7628,374169,3003,34.76982734
FR0010220475,35428035,ALO,EUR,2019-04-12,34.824,35.926,34.824,35.6024,1075767,8384,35.62905957
FR0010220475,35428035,ALO,EUR,2019-04-15,35.5324,35.6242,35.3488,35.5324,797443,6004,35.53111147
FR0010220475,35428035,ALO,EUR,2019-04-16,35.4712,35.7773,35.445,35.6461,521333,3747,35.61375518
FR0010220475,35428035,ALO,EUR,2019-04-17,35.4887,35.7336,35.3663,35.48,631521,4270,35.55253762
FR0010220475,35428035,ALO,EUR,2019-04-18,35.2701,35.6461,35.2176,35.5412,505507,3982,35.49438093
FR0010220475,35428035,ALO,EUR,2019-04-23,35.4187,35.8997,35.3313,35.8123,654866,4434,35.72438407
FR0010220475,35428035,ALO,EUR,2019-04-24,35.6723,35.7685,34.8415,34.9815,1140233,8570,35.13888179
FR0010220475,35428035,ALO,EUR,2019-04-25,34.894,35.1651,34.4917,34.7628,906699,7912,34.82229953
FR0010220475,35428035,ALO,EUR,2019-04-26,34.6491,34.964,34.6317,34.8066,453228,3001,34.79956158
FR0010220475,35428035,ALO,EUR,2019-04-29,34.7104,35.1301,34.7104,34.8853,435528,3174,34.91893583
FR0010220475,35428035,ALO,EUR,2019-04-30,34.7541,34.9465,34.2731,34.2818,875479,5258,34.40252195
FR0010220475,35428035,ALO,EUR,2019-05-02,34.2818,34.6404,34.2206,34.2206,924765,6215,34.36447961
FR0010220475,35428035,ALO,EUR,2019-05-03,33.8883,34.6054,32.4628,33.8795,1057103,7121,34.14803179
FR0010220475,35428035,ALO,EUR,2019-05-06,33.9757,33.9845,33.3111,33.8008,611395,5008,33.70857714
FR0010220475,35428035,ALO,EUR,2019-05-07,34.1594,34.9815,33.3636,34.1944,1544181,11613,34.31288195
FR0010220475,35428035,ALO,EUR,2019-05-08,34.3343,35.0077,34.3343,34.7191,1206819,9848,34.76545465
FR0010220475,35428035,ALO,EUR,2019-05-09,34.999,34.999,34.1157,34.5005,1046416,7392,34.33955531
FR0010220475,35428035,ALO,EUR,2019-05-10,34.6579,34.9815,33.5997,33.7834,1397692,10135,33.97531081
FR0010220475,35428035,ALO,EUR,2019-05-13,34.1069,34.1944,33.0662,33.1187,828124,5668,33.33034004
FR0010220475,35428035,ALO,EUR,2019-05-14,33.2411,33.5297,33.1537,33.3198,913640,6835,33.34345809
FR0010220475,35428035,ALO,EUR,2019-05-15,33.5122,33.8621,33.1887,33.6784,867455,6853,33.56733947
FR0010220475,35428035,ALO,EUR,2019-05-16,33.7834,34.448,33.6347,34.3955,956556,6244,34.16508526
FR0010220475,35428035,ALO,EUR,2019-05-17,34.2906,34.5267,34.0719,34.4567,689700,4906,34.32162731
FR0010220475,35428035,ALO,EUR,2019-05-20,34.483,34.518,33.8008,34.1507,1031443,7303,34.11173852
FR0010220475,35428035,ALO,EUR,2019-05-21,34.1681,34.8853,34.1681,34.6579,869401,5759,34.67319104
FR0010220475,35428035,ALO,EUR,2019-05-22,34.7191,35.1389,34.6142,34.8765,993430,7763,34.83760392
FR0010220475,35428035,ALO,EUR,2019-05-23,34.7453,34.8328,34.295,34.6929,872224,6385,34.58836098
FR0010220475,35428035,ALO,EUR,2019-05-24,34.8415,35.0952,34.7453,34.8678,794629,5933,34.93292842
FR0010220475,35428035,ALO,EUR,2019-05-27,34.9465,35.7685,34.894,35.2788,444775,2991,35.18785584
FR0010220475,35428035,ALO,EUR,2019-05-28,35.7598,35.8123,35.1301,35.4275,955301,5754,35.33565254
FR0010220475,35428035,ALO,EUR,2019-05-29,35.4187,35.786,35.3925,35.5324,773410,6562,35.55035128
FR0010220475,35428035,ALO,EUR,2019-05-30,35.5674,35.6723,35.3488,35.6374,440920,3338,35.59232904
FR0010220475,35428035,ALO,EUR,2019-05-31,35.4012,35.8035,35.3575,35.7511,1071639,8301,35.6369304
FR0010220475,35428035,ALO,EUR,2019-06-03,35.5936,35.8385,35.3225,35.48,1278643,8454,35.52411518
FR0010220475,35428035,ALO,EUR,2019-06-04,35.4537,35.9347,35.3925,35.786,947906,6967,35.7335667
FR0010220475,35428035,ALO,EUR,2019-06-05,35.9522,36.49,35.8473,36.1009,966908,7402,36.17826858
FR0010220475,35428035,ALO,EUR,2019-06-06,36.1796,36.6343,36.1184,36.3545,695559,4731,36.37547659
FR0010220475,35428035,ALO,EUR,2019-06-07,36.3895,36.6518,36.2758,36.5819,596725,4075,36.54513669
FR0010220475,35428035,ALO,EUR,2019-06-10,36.5906,36.8267,36.5906,36.818,453504,3833,36.77513983
FR0010220475,35428035,ALO,EUR,2019-06-11,36.8355,37.0191,36.4507,36.5556,1293115,10795,36.63346489
FR0010220475,35428035,ALO,EUR,2019-06-12,36.407,36.7918,36.407,36.6431,772233,6436,36.64789475
FR0010220475,35428035,ALO,EUR,2019-06-13,36.6431,36.7393,36.4419,36.4507,900808,6432,36.55781748
FR0010220475,35428035,ALO,EUR,2019-06-14,36.4245,36.5469,36.1708,36.302,1152759,9035,36.32169259
FR0010220475,35428035,ALO,EUR,2019-06-17,36.407,36.6518,36.2146,36.5994,1024261,9652,36.55563113
FR0010220475,35428035,ALO,EUR,2019-06-18,36.5206,37.0891,36.4245,37.0104,1794704,14102,36.84772637
FR0010220475,35428035,ALO,EUR,2019-06-19,37.0891,37.3252,36.5994,36.5994,928122,7004,36.75677456
FR0010220475,35428035,ALO,EUR,2019-06-20,36.6868,37.0891,36.5644,36.6606,1026948,9691,36.78563427
FR0010220475,35428035,ALO,EUR,2019-06-21,36.7655,37.0454,36.0222,36.2058,1857686,10111,36.37241571
FR0010220475,35428035,ALO,EUR,2019-06-24,36.1796,37.2465,36.1359,37.0541,1607594,12318,36.88489418
FR0010220475,35428035,ALO,EUR,2019-06-25,37.0366,37.4214,36.853,36.9054,1008121,7303,37.0943457
FR0010220475,35428035,ALO,EUR,2019-06-26,36.9229,37.2728,36.5556,37.2028,1371075,9066,37.05892696
FR0010220475,35428035,ALO,EUR,2019-06-27,37.264,37.264,35.9959,36.0397,1205452,10215,36.29851736
FR0010220475,35428035,ALO,EUR,2019-06-28,36.1796,36.1796,34.894,35.6811,1798968,13109,35.47820201
FR0010220475,35428035,ALO,EUR,2019-07-01,35.4187,36.3545,35.3313,36.1096,865251,7472,36.13279267
FR0010220475,35428035,ALO,EUR,2019-07-02,36.1184,36.6081,35.9872,36.5294,694064,5633,36.36498215
FR0010220475,35428035,ALO,EUR,2019-07-03,36.4682,36.6168,36.3895,36.3982,607589,4509,36.46861474
FR0010220475,35428035,ALO,EUR,2019-07-04,36.4682,36.713,36.4245,36.5381,461570,2973,36.55082118
FR0010220475,35428035,ALO,EUR,2019-07-05,36.6081,36.6081,35.8822,36.1533,743263,5597,36.04796262
FR0010220475,35428035,ALO,EUR,2019-07-08,36.337,36.6431,36.0571,36.5294,627702,5415,36.38509649
FR0010220475,35428035,ALO,EUR,2019-07-09,36.5206,36.6956,36.2058,36.6343,762506,4057,36.48610547
FR0010220475,35428035,ALO,EUR,2019-07-10,36.6343,36.6606,36.0309,36.1621,929140,6862,36.23817434
FR0010220475,35428035,ALO,EUR,2019-07-11,36.2408,36.8705,36.2408,36.8705,996629,8316,36.63521397
FR0010220475,35428035,ALO,EUR,2019-07-12,36.8967,37.1853,36.6518,37.1678,1297620,8366,36.96272794
FR0010220475,35428035,ALO,EUR,2019-07-15,32.4191,33.1624,32.4191,32.9176,1198874,8451,32.77981923
FR0010220475,35428035,ALO,EUR,2019-07-16,33.2324,33.3198,32.7864,33.0312,1088039,7934,32.98446081
FR0010220475,35428035,ALO,EUR,2019-07-17,33.2674,33.2674,32.9176,33.0575,892163,5496,33.08197164
FR0010220475,35428035,ALO,EUR,2019-07-18,33.1449,33.2936,32.5765,32.6989,948501,7298,32.75358314
FR0010220475,35428035,ALO,EUR,2019-07-19,33.0575,33.1362,32.7514,33.005,595326,4784,32.94816754
FR0010220475,35428035,ALO,EUR,2019-07-22,32.9875,33.1974,32.5415,32.6902,994428,6729,32.71029357
FR0010220475,35428035,ALO,EUR,2019-07-23,33.0487,33.0575,32.3666,32.6552,1172182,8214,32.5760522
FR0010220475,35428035,ALO,EUR,2019-07-24,32.7164,33.2236,32.6071,33.2236,1151284,6054,33.03649573
FR0010220475,35428035,ALO,EUR,2019-07-25,33.1012,33.7659,33.1012,33.6347,1094333,7360,33.58133206
FR0010220475,35428035,ALO,EUR,2019-07-26,33.6522,34.4305,33.6347,34.378,790290,5140,34.26128429
FR0010220475,35428035,ALO,EUR,2019-07-29,34.6666,34.6754,34.1332,34.413,561803,3800,34.33999258
FR0010220475,35428035,ALO,EUR,2019-07-30,34.5005,34.5005,33.8621,34.0982,657828,4327,34.09162418
FR0010220475,35428035,ALO,EUR,2019-07-31,34.002,34.1944,33.8533,34.1419,814857,4636,34.08069247
FR0010220475,35428035,ALO,EUR,2019-08-01,34.037,34.1944,33.6784,34.1681,646030,5113,34.08069247
FR0010220475,35428035,ALO,EUR,2019-08-02,33.6522,34.0807,33.5297,33.9233,1198256,7386,33.89616524
FR0010220475,35428035,ALO,EUR,2019-08-05,33.8621,33.8621,33.075,33.2149,774988,5080,33.25250628
FR0010220475,35428035,ALO,EUR,2019-08-06,33.0138,33.4423,32.935,33.0138,577474,4505,33.15936813
FR0010220475,35428035,ALO,EUR,2019-08-07,33.1712,33.6959,33.075,33.5035,611599,4438,33.49475293
FR0010220475,35428035,ALO,EUR,2019-08-08,33.7221,33.8708,33.5122,33.8008,606960,4150,33.70988894
FR0010220475,35428035,ALO,EUR,2019-08-09,33.8446,33.8883,33.2324,33.3111,631214,4095,33.44883976
FR0010220475,35428035,ALO,EUR,2019-08-12,33.3111,33.6522,33.1712,33.3461,478876,4081,33.36357243
FR0010220475,35428035,ALO,EUR,2019-08-13,33.2324,33.5122,32.6902,33.2411,553746,4192,33.13488111
FR0010220475,35428035,ALO,EUR,2019-08-14,33.2849,33.3548,32.8301,32.9263,519831,4287,32.96740734
FR0010220475,35428035,ALO,EUR,2019-08-15,32.9788,33.0662,32.3928,32.5852,459844,4463,32.64601513
FR0010220475,35428035,ALO,EUR,2019-08-16,32.7689,33.5122,32.7689,33.486,622584,4101,33.30935116
FR0010220475,35428035,ALO,EUR,2019-08-19,34.002,34.0282,33.2499,33.5997,432230,3041,33.51443
FR0010220475,35428035,ALO,EUR,2019-08-20,33.7309,34.0457,33.5297,33.7309,814801,6060,33.74574494
FR0010220475,35428035,ALO,EUR,2019-08-21,33.6959,34.5355,33.6697,34.5355,566351,3804,34.30588565
FR0010220475,35428035,ALO,EUR,2019-08-22,34.4742,34.4742,33.8358,34.002,468330,3491,34.09512233
FR0010220475,35428035,ALO,EUR,2019-08-23,34.0719,34.1681,33.5385,33.5385,365959,3373,33.71819704
FR0010220475,35428035,ALO,EUR,2019-08-26,33.3898,33.6697,33.2149,33.5297,294800,2716,33.48469576
FR0010220475,35428035,ALO,EUR,2019-08-27,33.6259,33.7046,33.3723,33.7046,506958,3287,33.63642786
FR0010220475,35428035,ALO,EUR,2019-08-28,33.6259,33.6259,32.7776,33.1537,703677,4939,33.1156413
FR0010220475,35428035,ALO,EUR,2019-08-29,32.9613,33.5647,32.9613,33.416,463687,3791,33.35307799
FR0010220475,35428035,ALO,EUR,2019-08-30,33.3986,33.9932,33.3986,33.9932,900626,5177,33.88348446
FR0010220475,35428035,ALO,EUR,2019-09-02,33.932,34.2381,33.3636,33.8008,610602,4865,33.8856708
FR0010220475,35428035,ALO,EUR,2019-09-03,33.932,34.1769,33.416,33.521,636215,5276,33.63336698
FR0010220475,35428035,ALO,EUR,2019-09-04,33.8183,34.3693,33.6609,34.0982,635261,4744,34.09031237
FR0010220475,35428035,ALO,EUR,2019-09-05,34.2119,34.5005,34.1594,34.1594,488046,3403,34.26434516
FR0010220475,35428035,ALO,EUR,2019-09-06,34.1594,35.0864,34.1594,34.5529,1211678,8228,34.66750655
FR0010220475,35428035,ALO,EUR,2019-09-09,34.4917,34.6142,34.0807,34.2731,391194,3501,34.25210165
FR0010220475,35428035,ALO,EUR,2019-09-10,34.1507,34.2119,33.5297,33.8271,890607,7404,33.80608797
FR0010220475,35428035,ALO,EUR,2019-09-11,33.9495,34.4393,32.7951,34.4393,750197,5077,34.29233034
FR0010220475,35428035,ALO,EUR,2019-09-12,32.8039,33.04,32.113,32.7514,8851432,53840,32.69630099
FR0010220475,35428035,ALO,EUR,2019-09-13,33.0925,33.5472,32.9263,33.486,3177849,21183,33.31634746
FR0010220475,35428035,ALO,EUR,2019-09-16,33.9845,33.9845,32.9875,32.9875,5072876,21479,33.26431253
FR0010220475,35428035,ALO,EUR,2019-09-17,33.4948,33.4948,32.747,33.11,1796840,11279,33.03387212
FR0010220475,35428035,ALO,EUR,2019-09-18,33.11,33.4948,32.6115,33.1712,1733563,11260,33.18866511
FR0010220475,35428035,ALO,EUR,2019-09-19,33.416,33.8271,32.8476,33.3548,1482667,9526,33.25556716
FR0010220475,35428035,ALO,EUR,2019-09-20,33.6697,33.6697,32.9875,33.1887,2201983,7329,33.19347506
FR0010220475,35428035,ALO,EUR,2019-09-23,33.1799,33.556,32.8826,33.3111,1153805,8172,33.20571857
FR0010220475,35428035,ALO,EUR,2019-09-24,33.3898,33.7571,33.1012,33.521,1288201,9529,33.4510261
FR0010220475,35428035,ALO,EUR,2019-09-25,33.4248,33.4598,32.5852,32.7951,1520245,9505,32.89001085
FR0010220475,35428035,ALO,EUR,2019-09-26,32.8476,32.9744,32.2004,32.3316,2106408,11092,32.44705805
FR0010220475,35428035,ALO,EUR,2019-09-27,32.4628,32.6202,32.1305,32.6202,999567,5344,32.45886429
FR0010220475,35428035,ALO,EUR,2019-09-30,32.6902,33.3111,32.4366,33.2586,1480776,8701,33.05573554
FR0010220475,35428035,ALO,EUR,2019-10-01,33.3548,33.5122,32.7601,32.9613,1529167,9226,33.08197164
FR0010220475,35428035,ALO,EUR,2019-10-02,33.3723,33.4335,32.3054,32.4191,1191764,7550,32.64120518
FR0010220475,35428035,ALO,EUR,2019-10-03,32.2704,32.7427,31.9293,32.1567,899933,5921,32.29182779
FR0010220475,35428035,ALO,EUR,2019-10-04,32.4191,32.8126,32.1917,32.6639,1245633,8490,32.60578644
FR0010220475,35428035,ALO,EUR,2019-10-07,32.7427,32.8126,32.2442,32.7514,784232,5945,32.6477642
FR0010220475,35428035,ALO,EUR,2019-10-08,32.8039,32.9176,31.9905,32.2791,981028,6987,32.35129629
FR0010220475,35428035,ALO,EUR,2019-10-09,32.3666,32.8389,32.2879,32.6552,779121,5356,32.63639523
FR0010220475,35428035,ALO,EUR,2019-10-10,32.7164,32.7164,32.2704,32.6727,732288,4040,32.54719249
FR0010220475,35428035,ALO,EUR,2019-10-11,32.7514,33.2761,32.5852,33.1799,1025855,5198,33.11432949
FR0010220475,35428035,ALO,EUR,2019-10-14,33.2411,33.2411,32.7689,33.1887,486603,3922,33.054861
FR0010220475,35428035,ALO,EUR,2019-10-15,33.2324,33.4598,33.0312,33.0487,869751,4981,33.17685886
FR0010220475,35428035,ALO,EUR,2019-10-16,33.0487,33.8446,32.97,33.6959,1390590,9053,33.53979157
FR0010220475,35428035,ALO,EUR,2019-10-17,33.5997,34.1069,33.5822,33.7134,1107146,7577,33.83888309
FR0010220475,35428035,ALO,EUR,2019-10-18,33.6697,33.7134,32.8214,33.1712,973025,5657,33.21271487
FR0010220475,35428035,ALO,EUR,2019-10-21,33.11,33.11,32.4541,32.6989,1092402,6410,32.75576948
FR0010220475,35428035,ALO,EUR,2019-10-22,32.7601,32.7601,32.1829,32.5765,932400,7179,32.51264829
FR0010220475,35428035,ALO,EUR,2019-10-23,32.4103,32.5852,32.2354,32.4803,903647,6297,32.43831268
FR0010220475,35428035,ALO,EUR,2019-10-24,32.4366,32.7164,32.4366,32.5328,648820,4419,32.53932166
FR0010220475,35428035,ALO,EUR,2019-10-25,32.5765,33.1712,32.5328,33.0575,769095,5668,32.96478373
FR0010220475,35428035,ALO,EUR,2019-10-28,33.2849,33.6872,33.0225,33.591,814117,5046,33.48469576
FR0010220475,35428035,ALO,EUR,2019-10-29,33.6259,33.6959,33.1012,33.5122,988542,6950,33.38980853
FR0010220475,35428035,ALO,EUR,2019-10-30,33.4248,33.9757,33.4248,33.9757,691817,5217,33.82882592
FR0010220475,35428035,ALO,EUR,2019-10-31,33.967,34.1769,33.5035,33.8883,725127,5022,33.87036641
FR0010220475,35428035,ALO,EUR,2019-11-01,34.0632,34.2731,33.932,33.9408,602217,3800,34.00723139
FR0010220475,35428035,ALO,EUR,2019-11-04,34.1944,34.6229,34.0632,34.2119,1325684,8703,34.30982107
FR0010220475,35428035,ALO,EUR,2019-11-05,34.4393,34.4393,33.4685,33.4685,1642275,9000,33.7518667
FR0010220475,35428035,ALO,EUR,2019-11-06,34.5442,35.1039,33.591,33.5997,805065,7448,34.42307356
FR0010220475,35428035,ALO,EUR,2019-11-07,33.8621,34.1507,32.5677,33.6084,2070507,14656,33.31722199
FR0010220475,35428035,ALO,EUR,2019-11-08,33.6084,33.8533,32.9963,33.7134,1177392,8624,33.52973439
FR0010220475,35428035,ALO,EUR,2019-11-11,33.7221,33.9845,33.5385,33.6347,893903,6172,33.73175236
FR0010220475,35428035,ALO,EUR,2019-11-12,33.6697,33.7134,32.6902,33.0487,1619773,12132,33.14450101
FR0010220475,35428035,ALO,EUR,2019-11-13,33.4598,33.4598,32.6377,32.7514,1104546,7627,32.77632109
FR0010220475,35428035,ALO,EUR,2019-11-14,32.8389,33.0575,32.5677,32.7427,836783,4636,32.72428616
FR0010220475,35428035,ALO,EUR,2019-11-15,32.9613,33.521,32.9001,33.5035,1024990,6222,33.29623311
FR0010220475,35428035,ALO,EUR,2019-11-18,33.5647,33.932,33.3548,33.932,909030,6614,33.70158084
FR0010220475,35428035,ALO,EUR,2019-11-19,34.0282,34.2031,33.6259,33.8446,909358,6652,33.87080368
FR0010220475,35428035,ALO,EUR,2019-11-20,33.7134,34.6229,33.6784,34.6054,1515082,11915,34.24991531
FR0010220475,35428035,ALO,EUR,2019-11-21,34.4742,34.999,34.2031,34.9115,1222285,10709,34.78775534
FR0010220475,35428035,ALO,EUR,2019-11-22,34.8153,35.0339,34.5967,34.7278,1033227,8052,34.75889563
FR0010220475,35428035,ALO,EUR,2019-11-25,34.8678,34.9902,34.3605,34.518,739288,5825,34.54594596
FR0010220475,35428035,ALO,EUR,2019-11-26,34.6929,34.6929,33.7484,34.1244,2931362,9341,34.09774594
FR0010220475,35428035,ALO,EUR,2019-11-27,34.378,34.5442,33.8096,34.0107,779388,5651,34.01466496
FR0010220475,35428035,ALO,EUR,2019-11-28,33.9845,34.4567,33.8271,34.4043,590825,3917,34.31244468
FR0010220475,35428035,ALO,EUR,2019-11-29,34.2731,34.7366,33.8621,34.6142,911210,5587,34.48210478
FR0010220475,35428035,ALO,EUR,2019-12-02,34.5442,35.1214,34.3431,34.413,1348567,10182,34.71079611
FR0010220475,35428035,ALO,EUR,2019-12-03,34.3693,34.7628,34.2993,34.6054,932729,7034,34.53282791
FR0010220475,35428035,ALO,EUR,2019-12-04,34.7628,35.1564,34.4917,34.9377,958049,5629,34.982777
FR0010220475,35428035,ALO,EUR,2019-12-05,35.6024,36.0222,35.41,35.8473,1209417,8336,35.79740788
FR0010220475,35428035,ALO,EUR,2019-12-06,35.8735,35.9347,35.1301,35.4362,1211396,9741,35.52411518
FR0010220475,35428035,ALO,EUR,2019-12-09,35.5149,35.5237,35.1739,35.4712,632070,4915,35.41392356
FR0010220475,35428035,ALO,EUR,2019-12-10,35.7685,36.0397,35.305,36.0047,1182632,10567,35.74755929
FR0010220475,35428035,ALO,EUR,2019-12-11,35.9609,36.0834,35.5936,35.8473,816346,7489,35.78866251
FR0010220475,35428035,ALO,EUR,2019-12-12,35.9172,36.4857,35.7248,36.4332,1225228,7345,36.27577941
FR0010220475,35428035,ALO,EUR,2019-12-13,36.4944,36.818,36.1708,36.1883,1316887,8061,36.36541942
FR0010220475,35428035,ALO,EUR,2019-12-16,36.6606,37.0279,36.337,36.8005,880644,6299,36.79131876
FR0010220475,35428035,ALO,EUR,2019-12-17,36.7305,36.8355,36.5032,36.7043,1063575,7449,36.72704031
FR0010220475,35428035,ALO,EUR,2019-12-18,36.5556,36.818,36.3807,36.748,767833,5752,36.67456812
FR0010220475,35428035,ALO,EUR,2019-12-19,36.6781,36.9579,36.3982,36.7918,633803,4574,36.82323934
FR0010220475,35428035,ALO,EUR,2019-12-20,36.8267,37.5089,36.8092,37.2815,931585,4891,37.22115351
FR0010220475,35428035,ALO,EUR,2019-12-23,37.2378,37.6663,37.1328,37.2028,561850,4220,37.32959605
FR0010220475,35428035,ALO,EUR,2019-12-24,37.1328,37.2028,36.4944,37.1241,87234,848,37.0514934
FR0010220475,35428035,ALO,EUR,2019-12-27,37.264,37.4127,36.9842,37.299,330597,2478,37.25394863
FR0010220475,35428035,ALO,EUR,2019-12-30,37.5439,37.5963,36.9142,37.0104,265737,2061,37.03881262
FR0010220475,35428035,ALO,EUR,2019-12-31,36.9054,37.1241,36.6606,36.9317,179614,1319,36.94786081
FR0010220475,35428035,ALO,EUR,2020-01-02,36.7918,37.4214,36.7918,37.2378,487868,3977,37.27668659
FR0010220475,35428035,ALO,EUR,2020-01-03,37.2553,37.3515,36.8792,37.2902,441714,3977,37.16562043
FR0010220475,35428035,ALO,EUR,2020-01-06,36.8967,37.2465,36.5994,36.9229,599021,4579,36.85734627
FR0010220475,35428035,ALO,EUR,2020-01-07,37.0541,37.4739,36.9054,37.1678,548553,4668,37.11533458
FR0010220475,35428035,ALO,EUR,2020-01-08,37.1678,38.0948,37.1678,37.8762,1186034,11305,37.87705598
FR0010220475,35428035,ALO,EUR,2020-01-09,37.9724,38.2347,37.5876,37.7537,831702,7350,37.80184583
FR0010220475,35428035,ALO,EUR,2020-01-10,37.9112,38.0161,37.6138,37.6838,632894,4190,37.77342339
FR0010220475,35428035,ALO,EUR,2020-01-13,38.4796,38.4796,37.6925,38.0861,962619,7089,38.11361814
FR0010220475,35428035,ALO,EUR,2020-01-14,38.1735,38.672,37.8587,38.5146,966273,7809,38.4288886
FR0010220475,35428035,ALO,EUR,2020-01-15,38.5933,38.8994,38.191,38.6458,877325,5289,38.50759689
FR0010220475,35428035,ALO,EUR,2020-01-16,38.0598,39.4678,37.3165,39.1268,1870579,14563,38.66370168
FR0010220475,35428035,ALO,EUR,2020-01-17,39.6165,40.185,39.153,39.7564,1266447,10009,39.63618641
FR0010220475,35428035,ALO,EUR,2020-01-20,40.1325,40.1412,39.4678,39.704,689716,5511,39.68384866
FR0010220475,35428035,ALO,EUR,2020-01-21,39.6253,41.453,39.0043,39.5291,713886,5699,39.47702075
FR0010220475,35428035,ALO,EUR,2020-01-22,39.7914,40.596,39.7914,40.2637,1712162,12220,40.27547269
FR0010220475,35428035,ALO,EUR,2020-01-23,40.2637,40.8758,39.9488,40.6222,1606829,10839,40.44600733
FR0010220475,35428035,ALO,EUR,2020-01-24,40.9808,41.3918,40.5872,41.2082,1637146,12862,41.10322161
FR0010220475,35428035,ALO,EUR,2020-01-27,41.1032,41.1819,40.2899,40.7097,1268789,9104,40.60036305
FR0010220475,35428035,ALO,EUR,2020-01-28,40.8059,40.972,40.2287,40.7184,968346,9841,40.64496442
FR0010220475,35428035,ALO,EUR,2020-01-29,40.9983,42.0302,40.6747,41.7679,1234350,10197,41.59033851
FR0010220475,35428035,ALO,EUR,2020-01-30,41.6717,41.9428,41.2869,41.8378,1556267,12221,41.71015003
FR0010220475,35428035,ALO,EUR,2020-01-31,41.8816,42.4325,41.6717,41.9253,1789290,12908,41.97426009
FR0010220475,35428035,ALO,EUR,2020-02-03,41.7679,42.0652,41.593,41.7941,1213974,9507,41.79935277
FR0010220475,35428035,ALO,EUR,2020-02-04,41.969,41.969,41.2257,41.2781,1699891,13883,41.40362494
FR0010220475,35428035,ALO,EUR,2020-02-05,41.9778,41.9778,41.0507,41.5143,1428368,11785,41.42811197
FR0010220475,35428035,ALO,EUR,2020-02-06,41.8466,41.8903,41.2431,41.6192,852050,8060,41.59908388
FR0010220475,35428035,ALO,EUR,2020-02-07,41.6892,41.6892,41.112,41.2169,597260,5053,41.29124699
FR0010220475,35428035,ALO,EUR,2020-02-10,41.1032,41.2082,40.7359,41.0158,812791,6838,40.98297282
FR0010220475,35428035,ALO,EUR,2020-02-11,41.0857,41.1994,40.8584,41.042,1039339,8142,41.00571078
FR0010220475,35428035,ALO,EUR,2020-02-12,41.0333,42.3626,40.9458,41.9778,1676777,13553,41.91435433
FR0010220475,35428035,ALO,EUR,2020-02-13,42.415,43.377,41.8903,42.931,1852263,18966,42.86585019
FR0010220475,35428035,ALO,EUR,2020-02-14,42.7998,43.001,42.1964,42.5025,1600440,13858,42.6034892
FR0010220475,35428035,ALO,EUR,2020-02-17,42.4238,46.8752,41.9865,43.9892,1727074,13016,43.87594
FR0010220475,35428035,ALO,EUR,2020-02-18,46.333,46.333,41.1469,42.5899,3099414,27466,42.19027064
FR0010220475,35428035,ALO,EUR,2020-02-19,42.8348,43.412,40.9283,41.5755,1688368,12709,42.07439454
FR0010220475,35428035,ALO,EUR,2020-02-20,41.8291,41.8291,40.666,40.7971,2054457,19261,41.09185263
FR0010220475,35428035,ALO,EUR,2020-02-21,40.8321,41.7941,40.6047,41.3131,1491610,13038,41.36339626
FR0010220475,35428035,ALO,EUR,2020-02-24,41.3568,41.3568,39.3541,39.9926,2146692,16659,40.17052829
FR0010220475,35428035,ALO,EUR,2020-02-25,40.0101,40.7796,38.8994,39.9226,1915763,13580,39.95364321
FR0010220475,35428035,ALO,EUR,2020-02-26,39.3541,40.6047,38.6808,40.491,2162581,19762,39.90335735
FR0010220475,35428035,ALO,EUR,2020-02-27,39.634,40.561,39.564,40.045,1737449,14470,40.18539542
FR0010220475,35428035,ALO,EUR,2020-02-28,38.8557,39.3541,38.2522,38.9081,2216072,17367,38.79750579
FR0010220475,35428035,ALO,EUR,2020-03-02,39.1618,40.3074,38.672,39.564,1538082,14310,39.3935025
FR0010220475,35428035,ALO,EUR,2020-03-03,39.9139,40.9021,39.7914,40.2112,1549281,14059,40.40709045
FR0010220475,35428035,ALO,EUR,2020-03-04,40.6572,41.0507,40.0275,40.1675,1403871,10566,40.33843933
FR0010220475,35428035,ALO,EUR,2020-03-05,40.5085,40.7359,39.6602,39.9576,1504475,11654,40.03541238
FR0010220475,35428035,ALO,EUR,2020-03-06,39.3804,39.3804,37.6838,38.7332,1617954,12549,38.50409875
FR0010220475,35428035,ALO,EUR,2020-03-09,37.7013,41.1032,35.5062,37.3602,2460815,21800,37.3606421
FR0010220475,35428035,ALO,EUR,2020-03-10,37.1416,39.5815,37.1416,37.4477,2344118,21196,38.17046302
FR0010220475,35428035,ALO,EUR,2020-03-11,38.0511,38.3397,36.0834,36.3895,1773089,17323,37.00470569
FR0010220475,35428035,ALO,EUR,2020-03-12,35.2788,35.3838,32.9088,33.3198,2236414,18542,33.77285558
FR0010220475,35428035,ALO,EUR,2020-03-13,32.8214,35.305,32.7689,33.6347,2512518,21532,33.93726846
FR0010220475,35428035,ALO,EUR,2020-03-16,32.6727,32.6727,29.2882,31.4833,2009464,17695,30.83659884
FR0010220475,35428035,ALO,EUR,2020-03-17,32.4366,33.2324,29.3757,31.0198,2689086,22211,30.43256292
FR0010220475,35428035,ALO,EUR,2020-03-18,30.9324,31.2122,26.0,28.1164,1360742,8517,28.1806311
FR0010220475,35428035,ALO,EUR,2020-03-19,30.6088,31.7982,28.7897,31.4134,1648423,11774,30.15708388
FR0010220475,35428035,ALO,EUR,2020-03-20,32.2004,36.2408,30.5476,31.1335,2722172,15590,32.28395696
FR0010220475,35428035,ALO,EUR,2020-03-23,30.6175,30.6787,28.0114,29.2095,1385012,9781,29.25718569
FR0010220475,35428035,ALO,EUR,2020-03-24,30.154,33.1799,29.8392,32.2966,1279638,10433,31.50387029
FR0010220475,35428035,ALO,EUR,2020-03-25,32.8476,35.3313,32.0955,34.3693,1347367,9066,34.07238437
FR0010220475,35428035,ALO,EUR,2020-03-26,33.8008,34.9815,32.1392,33.6434,1039158,6143,33.55684503
FR0010220475,35428035,ALO,EUR,2020-03-27,33.8883,33.8883,32.4715,32.8476,737400,6089,32.97134276
FR0010220475,35428035,ALO,EUR,2020-03-30,34.1157,35.4187,31.9206,32.6115,977923,7080,32.96216012
FR0010220475,35428035,ALO,EUR,2020-03-31,32.7776,34.4567,32.7514,33.3548,1205505,8888,33.42872541
FR0010220475,35428035,ALO,EUR,2020-04-01,32.3579,33.9845,32.3316,32.5415,1111511,7198,32.79381182
FR0010220475,35428035,ALO,EUR,2020-04-02,32.5153,33.6434,32.0168,32.4366,662439,5521,32.58698391
FR0010220475,35428035,ALO,EUR,2020-04-03,32.4103,32.9263,31.4921,31.5183,866264,4995,31.90659441
FR0010220475,35428035,ALO,EUR,2020-04-06,32.7252,34.2731,32.3141,32.7252,738326,4059,32.78156831
FR0010220475,35428035,ALO,EUR,2020-04-07,33.5122,35.0689,33.1449,34.7016,762952,3930,34.2486035
FR0010220475,35428035,ALO,EUR,2020-04-08,34.7978,35.3663,33.451,34.2381,607789,4175,34.29495395
FR0010220475,35428035,ALO,EUR,2020-04-09,35.2088,44.4265,33.4073,34.0894,682680,5906,34.18738594
FR0010220475,35428035,ALO,EUR,2020-04-14,34.6754,34.8153,33.8096,33.8446,669250,5244,34.10692857
FR0010220475,35428035,ALO,EUR,2020-04-15,34.1681,34.5092,31.8681,31.8681,854540,4850,32.45973883
FR0010220475,35428035,ALO,EUR,2020-04-16,32.2529,33.0225,32.0605,32.7689,687849,4116,32.67968479
FR0010220475,35428035,ALO,EUR,2020-04-17,33.2324,35.3663,33.2236,34.8853,1299212,8827,34.469424
FR0010220475,35428035,ALO,EUR,2020-04-20,34.6491,35.856,34.1681,35.1389,497197,4153,35.02825291
FR0010220475,35428035,ALO,EUR,2020-04-21,34.8678,35.0864,34.1157,34.7191,611639,4833,34.64389406
FR0010220475,35428035,ALO,EUR,2020-04-22,34.859,35.0164,33.6697,34.2206,464659,3662,34.49172469
FR0010220475,35428035,ALO,EUR,2020-04-23,34.8066,35.305,33.7046,34.2731,412459,3126,34.3535479
FR0010220475,35428035,ALO,EUR,2020-04-24,33.8533,34.448,33.3898,33.7571,408634,3272,33.72344426
FR0010220475,35428035,ALO,EUR,2020-04-27,34.2031,34.4567,33.3373,33.416,530382,3749,33.5944501
FR0010220475,35428035,ALO,EUR,2020-04-28,33.4423,33.8446,32.078,33.3636,624942,5361,33.41167195
FR0010220475,35428035,ALO,EUR,2020-04-29,33.7571,33.9757,33.0138,33.8183,652955,5023,33.60100913
FR0010220475,35428035,ALO,EUR,2020-04-30,34.0195,34.5442,32.6465,32.6727,717787,5510,32.96259739
FR0010220475,35428035,ALO,EUR,2020-05-04,31.9206,32.559,31.7719,32.2354,971465,6894,32.26078174
FR0010220475,35428035,ALO,EUR,2020-05-05,33.0225,33.2324,32.4541,32.9963,499824,3062,32.88301456
FR0010220475,35428035,ALO,EUR,2020-05-06,32.9001,33.0925,31.1772,31.1772,697022,4095,31.6735304
FR0010220475,35428035,ALO,EUR,2020-05-07,31.6757,31.7194,30.2327,30.8099,1129376,8858,30.84884235
FR0010220475,35428035,ALO,EUR,2020-05-08,31.2909,32.2879,31.151,31.7632,733155,5800,31.82569977
FR0010220475,35428035,ALO,EUR,2020-05-11,32.2267,32.2617,31.2297,31.6757,539912,3987,31.58913761
FR0010220475,35428035,ALO,EUR,2020-05-12,31.6757,34.2381,31.6757,33.8446,1142297,8265,33.61062903
FR0010220475,35428035,ALO,EUR,2020-05-13,33.3723,34.8066,32.97,34.4218,874571,7538,34.21624565
FR0010220475,35428035,ALO,EUR,2020-05-14,34.1594,34.6317,33.4073,33.4073,798421,6084,33.77023197
FR0010220475,35428035,ALO,EUR,2020-05-15,33.6522,34.0719,32.8563,33.4948,641890,6121,33.47595039
FR0010220475,35428035,ALO,EUR,2020-05-18,33.6872,35.6374,33.4073,35.6374,812935,5185,34.90712959
FR0010220475,35428035,ALO,EUR,2020-05-19,35.3225,35.7773,32.8039,33.486,2671888,23400,33.45758512
FR0010220475,35428035,ALO,EUR,2020-05-20,33.3898,33.8183,33.075,33.6697,1177789,8987,33.56209225
FR0010220475,35428035,ALO,EUR,2020-05-21,33.3373,33.7221,33.075,33.3636,635292,5170,33.33296365
FR0010220475,35428035,ALO,EUR,2020-05-22,33.2062,34.5267,33.0487,34.3343,1358909,11368,34.0802552
FR0010220475,35428035,ALO,EUR,2020-05-25,34.1856,34.9028,34.0982,34.894,580332,4574,34.63033874
FR0010220475,35428035,ALO,EUR,2020-05-26,35.0339,35.305,33.8052,34.5617,1696117,14904,34.45105873
FR0010220475,35428035,ALO,EUR,2020-05-27,34.6754,35.0252,34.0457,34.518,1127731,10484,34.4584923
FR0010220475,35428035,ALO,EUR,2020-05-28,34.518,34.929,34.1681,34.3343,1145320,8813,34.35267336
FR0010220475,35428035,ALO,EUR,2020-05-29,34.0894,34.1944,32.8301,33.0925,1872349,13418,33.49387839
FR0010220475,35428035,ALO,EUR,2020-06-01,33.6697,34.3168,32.935,34.3168,1180968,9714,33.70813987
FR0010220475,35428035,ALO,EUR,2020-06-02,34.448,35.3663,34.2556,35.1564,981013,7546,35.03481193
FR0010220475,35428035,ALO,EUR,2020-06-03,35.4537,36.5644,35.2438,36.4332,1382373,9964,36.04184086
FR0010220475,35428035,ALO,EUR,2020-06-04,36.5294,37.6575,36.0571,37.6051,1327857,11754,37.20147644
FR0010220475,35428035,ALO,EUR,2020-06-05,37.8062,38.7682,37.78,38.4796,1280656,11534,38.41139786
FR0010220475,35428035,ALO,EUR,2020-06-08,38.4709,38.4709,37.1241,37.3777,1084028,8568,37.47302006
FR0010220475,35428035,ALO,EUR,2020-06-09,37.5351,37.6575,36.7218,37.3165,908493,8398,37.21765536
FR0010220475,35428035,ALO,EUR,2020-06-10,37.3864,37.9549,36.853,37.5264,694143,5789,37.57053089
FR0010220475,35428035,ALO,EUR,2020-06-11,37.4127,37.8762,34.1069,36.3807,1439391,9628,36.51802606
FR0010220475,35428035,ALO,EUR,2020-06-12,36.8705,37.5788,35.7598,36.0746,1370101,10068,36.29064654
FR0010220475,35428035,ALO,EUR,2020-06-15,35.6898,36.713,34.999,36.5556,1045928,10231,36.19051209
FR0010220475,35428035,ALO,EUR,2020-06-16,37.4477,37.6051,36.5206,37.0629,1182329,9756,37.14900424
FR0010220475,35428035,ALO,EUR,2020-06-17,37.194,37.9287,36.9186,37.5788,775956,6826,37.55828738
FR0010220475,35428035,ALO,EUR,2020-06-18,37.4127,38.4796,37.1678,37.4651,830001,8491,37.46908464
FR0010220475,35428035,ALO,EUR,2020-06-19,37.6226,37.9724,36.7743,37.6313,2209886,12175,37.47476913
FR0010220475,35428035,ALO,EUR,2020-06-22,36.853,37.5963,36.7305,37.1066,815190,6735,37.08560033
FR0010220475,35428035,ALO,EUR,2020-06-23,37.5613,37.8587,37.1153,37.7188,1015241,7968,37.56003645
FR0010220475,35428035,ALO,EUR,2020-06-24,37.7013,37.8412,36.5206,36.6606,954859,6851,36.93955271
FR0010220475,35428035,ALO,EUR,2020-06-25,36.6518,36.9317,36.1883,36.5206,954011,9198,36.52764596
FR0010220475,35428035,ALO,EUR,2020-06-26,36.748,37.1197,36.2058,36.2495,762914,8720,36.56350196
FR0010220475,35428035,ALO,EUR,2020-06-29,36.4682,36.6168,36.044,36.4594,781509,9525,36.33787151
FR0010220475,35428035,ALO,EUR,2020-06-30,36.5731,36.6518,35.856,36.2146,724319,6539,36.22461902
FR0010220475,35428035,ALO,EUR,2020-07-01,36.267,36.5032,34.8153,35.3313,1355839,14316,35.42266893
FR0010220475,35428035,ALO,EUR,2020-07-02,35.6898,36.6868,35.375,36.6868,1023383,7924,36.32781434
FR0010220475,35428035,ALO,EUR,2020-07-03,36.5206,37.0454,36.4594,36.6256,539413,5512,36.62821767
FR0010220475,35428035,ALO,EUR,2020-07-06,37.0279,37.8762,36.7305,37.1066,619379,5812,37.14200794
FR0010220475,35428035,ALO,EUR,2020-07-07,37.1066,37.4564,36.9229,37.1241,665517,6299,37.16562043
FR0010220475,35428035,ALO,EUR,2020-07-08,37.0891,38.4096,36.818,37.5351,677708,7783,37.45028211
FR0010220475,35428035,ALO,EUR,2020-07-09,38.0336,38.0336,36.713,36.9054,853218,6720,37.17786395
FR0010220475,35428035,ALO,EUR,2020-07-10,36.7305,38.6195,36.713,38.5146,1081017,9619,38.19363824
FR0010220475,35428035,ALO,EUR,2020-07-13,38.742,39.0918,38.1211,38.9781,923447,8851,38.77957778
FR0010220475,35428035,ALO,EUR,2020-07-14,38.672,39.7914,38.4359,39.7564,1452633,12649,39.28068727
FR0010220475,35428035,ALO,EUR,2020-07-15,40.0975,41.7416,39.9663,41.3918,1961257,19326,41.1613783
FR0010220475,35428035,ALO,EUR,2020-07-16,41.1732,43.3158,41.0158,43.2896,2281426,23193,42.7014373
FR0010220475,35428035,ALO,EUR,2020-07-17,43.001,43.6219,42.6337,43.0884,1806750,20589,43.08667069
FR0010220475,35428035,ALO,EUR,2020-07-20,43.0534,43.5869,42.861,43.3158,743296,8922,43.26070348
FR0010220475,35428035,ALO,EUR,2020-07-21,43.7181,43.9542,43.1409,43.4995,778529,7512,43.6371915
FR0010220475,35428035,ALO,EUR,2020-07-22,43.3158,43.6656,42.7605,43.1321,1095509,11818,43.10634776
FR0010220475,35428035,ALO,EUR,2020-07-23,43.3595,43.8668,43.0053,43.7968,833743,11041,43.58384476
FR0010220475,35428035,ALO,EUR,2020-07-24,43.5257,43.5257,42.896,43.1671,774333,8772,43.2038586
FR0010220475,35428035,ALO,EUR,2020-07-27,43.3245,43.3333,42.4762,42.7211,719316,9028,42.7372933
FR0010220475,35428035,ALO,EUR,2020-07-28,42.861,43.2371,42.5637,42.9397,714330,9506,42.86060297
FR0010220475,35428035,ALO,EUR,2020-07-29,43.1147,43.2458,42.3451,42.5025,609392,8677,42.60917369
FR0010220475,35428035,ALO,EUR,2020-07-30,42.7998,42.8348,41.7504,42.1264,962903,12757,42.22700118
FR0010220475,35428035,ALO,EUR,2020-07-31,42.2139,42.9223,40.8671,41.3044,1069232,10858,41.85488584
FR0010220475,35428035,ALO,EUR,2020-08-03,41.2781,42.6074,40.1675,42.1614,1090127,13367,42.18720976
FR0010220475,35428035,ALO,EUR,2020-08-04,42.2576,42.52,41.4268,41.5755,722733,9249,41.66598593
FR0010220475,35428035,ALO,EUR,2020-08-05,41.5842,42.2051,41.4355,41.8291,816764,9824,41.84570321
FR0010220475,35428035,ALO,EUR,2020-08-06,41.8116,42.0215,41.2169,41.3219,877981,9600,41.45784621
FR0010220475,35428035,ALO,EUR,2020-08-07,41.1907,41.5842,40.7622,41.3918,663441,8908,41.19242435
FR0010220475,35428035,ALO,EUR,2020-08-10,41.6192,41.6192,40.3948,40.9196,1023691,10011,40.79057476
FR0010220475,35428035,ALO,EUR,2020-08-11,41.1207,41.3219,40.8671,41.042,604508,6362,41.06736561
FR0010220475,35428035,ALO,EUR,2020-08-12,40.8671,42.38,40.7534,42.1002,748019,7646,41.85882126
FR0010220475,35428035,ALO,EUR,2020-08-13,42.039,42.3888,41.899,42.2401,463765,5428,42.20251415
FR0010220475,35428035,ALO,EUR,2020-08-14,42.1789,42.2401,41.4181,41.7154,548026,5620,41.7906074
FR0010220475,35428035,ALO,EUR,2020-08-17,42.1177,42.4588,41.6454,42.1527,430884,5045,42.18414888
FR0010220475,35428035,ALO,EUR,2020-08-18,42.1177,42.3626,41.6017,41.6717,394080,4044,41.85663492
FR0010220475,35428035,ALO,EUR,2020-08-19,41.7679,42.45,41.6454,42.2489,521903,5629,42.21519494
FR0010220475,35428035,ALO,EUR,2020-08-20,41.9778,41.9778,41.3219,41.5492,593864,6044,41.57415959
FR0010220475,35428035,ALO,EUR,2020-08-21,41.5667,42.3013,41.5055,41.8466,480995,6084,41.87718653
FR0010220475,35428035,ALO,EUR,2020-08-24,42.1177,42.8173,42.039,42.45,405400,5359,42.4281446
FR0010220475,35428035,ALO,EUR,2020-08-25,42.5462,42.6861,41.9778,42.0652,455698,5558,42.16534635
FR0010220475,35428035,ALO,EUR,2020-08-26,42.0215,42.5899,41.7591,42.38,368932,4293,42.36386616
FR0010220475,35428035,ALO,EUR,2020-08-27,42.3975,42.52,41.6279,41.6717,611047,6348,41.91785248
FR0010220475,35428035,ALO,EUR,2020-08-28,41.6717,41.8816,41.2475,41.4443,487684,5676,41.52168739
FR0010220475,35428035,ALO,EUR,2020-08-31,41.7067,41.7067,40.7272,40.7884,487960,4481,41.04287858
FR0010220475,35428035,ALO,EUR,2020-09-01,40.9283,41.2694,40.6047,41.2694,768213,8511,41.02538785
FR0010220475,35428035,ALO,EUR,2020-09-02,41.4793,42.3188,41.2169,41.4181,648462,7980,41.6043311
FR0010220475,35428035,ALO,EUR,2020-09-03,41.6629,41.9603,41.1032,41.2606,798698,8859,41.38438514
FR0010220475,35428035,ALO,EUR,2020-09-04,41.0245,42.1177,40.8671,41.1819,587445,7604,41.38394787
FR0010220475,35428035,ALO,EUR,2020-09-07,41.5492,41.6105,41.2082,41.4181,379113,3608,41.41062124
FR0010220475,35428035,ALO,EUR,2020-09-08,41.453,41.453,40.1237,40.6572,686781,7602,40.59205495
FR0010220475,35428035,ALO,EUR,2020-09-09,40.8059,41.1382,40.3249,40.7009,728004,8896,40.67251232
FR0010220475,35428035,ALO,EUR,2020-09-10,40.7009,40.8234,39.4678,39.8264,1509186,17132,39.89679833
FR0010220475,35428035,ALO,EUR,2020-09-11,41.2781,41.4181,40.1237,40.4561,1927569,18124,40.55838529
FR0010220475,35428035,ALO,EUR,2020-09-14,40.6834,41.0158,39.8701,40.185,607040,7376,40.2160042
FR0010220475,35428035,ALO,EUR,2020-09-15,40.2899,40.2899,39.5334,39.6602,1087775,11021,39.69827851
FR0010220475,35428035,ALO,EUR,2020-09-16,39.7389,40.4648,39.634,40.0888,1125208,11930,40.00217999
FR0010220475,35428035,ALO,EUR,2020-09-17,39.8526,40.1412,39.188,39.7652,1200983,14253,39.73500905
FR0010220475,35428035,ALO,EUR,2020-09-18,40.526,40.7359,39.7215,39.7215,4917310,16751,39.8460752
FR0010220475,35428035,ALO,EUR,2020-09-21,39.6952,40.0013,38.4446,39.0481,1541523,16859,39.04762326
FR0010220475,35428035,ALO,EUR,2020-09-22,39.1792,39.4766,38.1298,38.4271,1066638,12921,38.55351007
FR0010220475,35428035,ALO,EUR,2020-09-23,38.9081,38.9081,37.5089,37.7275,1465491,15717,38.22468429
FR0010220475,35428035,ALO,EUR,2020-09-24,37.6051,38.4709,37.5176,37.7712,1059857,12420,37.95095433
FR0010220475,35428035,ALO,EUR,2020-09-25,37.78,38.0161,36.9579,37.6925,1040338,11896,37.4752064
FR0010220475,35428035,ALO,EUR,2020-09-28,38.0861,38.6195,38.0773,38.5058,913165,10517,38.45075201
FR0010220475,35428035,ALO,EUR,2020-09-29,38.5233,38.637,37.6925,38.5583,595054,7215,38.43238674
FR0010220475,35428035,ALO,EUR,2020-09-30,37.5264,38.0423,36.2058,37.1853,3453821,33582,37.42404601
FR0010220475,35428035,ALO,EUR,2020-10-01,37.369,37.6925,36.5644,36.6781,1741799,18690,37.05936423
FR0010220475,35428035,ALO,EUR,2020-10-02,36.3632,36.7918,36.0134,36.3807,1273161,12993,36.3781002
FR0010220475,35428035,ALO,EUR,2020-10-05,36.4507,36.8092,36.2495,36.6431,1260106,11417,36.57443367
FR0010220475,35428035,ALO,EUR,2020-10-06,36.783,36.8267,36.0834,36.3283,1033129,13070,36.36454488
FR0010220475,35428035,ALO,EUR,2020-10-07,36.5731,36.6868,35.48,35.48,1347612,12679,35.91940574
FR0010220475,35428035,ALO,EUR,2020-10-08,35.6811,36.302,35.2701,35.445,1393527,15652,35.66797645
FR0010220475,35428035,ALO,EUR,2020-10-09,35.4187,36.1446,35.4187,35.6286,1215202,14990,35.88529881
FR0010220475,35428035,ALO,EUR,2020-10-12,36.0222,36.4857,35.6986,36.3195,953868,9350,36.21281278
FR0010220475,35428035,ALO,EUR,2020-10-13,36.3807,36.6081,35.7598,36.0921,1015097,12293,36.25697687
FR0010220475,35428035,ALO,EUR,2020-10-14,36.0309,36.5819,35.9959,36.407,1377830,16455,36.31294722
FR0010220475,35428035,ALO,EUR,2020-10-15,36.2495,36.2495,35.2876,35.445,1218428,12264,35.52324064
FR0010220475,35428035,ALO,EUR,2020-10-16,35.786,36.3807,35.6986,36.2321,1102354,9869,36.11880009
FR0010220475,35428035,ALO,EUR,2020-10-19,36.1708,36.4769,34.9815,35.6898,513251,6614,35.88661061
FR0010220475,35428035,ALO,EUR,2020-10-20,35.821,35.9522,34.9727,35.0339,1139252,10341,35.28274307
FR0010220475,35428035,ALO,EUR,2020-10-21,35.2088,35.2263,34.2469,34.5617,1442904,17547,34.64870401
FR0010220475,35428035,ALO,EUR,2020-10-22,34.5005,35.2876,34.3256,35.1214,1160488,11344,34.93511476
FR0010220475,35428035,ALO,EUR,2020-10-23,34.999,36.302,34.9028,36.1621,1533143,17770,35.95613627
FR0010220475,35428035,ALO,EUR,2020-10-26,36.0484,36.0484,35.1126,35.2438,1121899,12310,35.46289761
FR0010220475,35428035,ALO,EUR,2020-10-27,35.2438,35.2876,34.5792,34.6579,764807,8410,34.87302266
FR0010220475,35428035,ALO,EUR,2020-10-28,34.5442,34.5442,33.3461,33.897,1381643,14006,33.84544212
FR0010220475,35428035,ALO,EUR,2020-10-29,33.556,34.5005,32.97,34.1419,876295,10306,34.11173852
FR0010220475,35428035,ALO,EUR,2020-10-30,34.1507,34.3343,33.3986,33.6522,997382,13860,33.69677089
FR0010220475,35428035,ALO,EUR,2020-11-02,33.8883,33.8883,33.2324,33.2324,1124642,17082,33.44053166
FR0010220475,35428035,ALO,EUR,2020-11-03,33.5472,33.8446,32.4541,32.5415,2375564,31206,32.87776734
FR0010220475,35428035,ALO,EUR,2020-11-04,32.3579,32.97,31.9731,32.5765,2067975,33146,32.51833278
FR0010220475,35428035,ALO,EUR,2020-11-05,32.5153,34.0982,32.4803,33.9408,1756183,19075,33.75580211
FR0010220475,35428035,ALO,EUR,2020-11-06,34.002,35.2701,33.8533,35.1826,2055419,22799,34.85115924
FR0010220475,35428035,ALO,EUR,2020-11-09,35.5499,38.0948,35.1389,37.299,2951346,37684,36.87746061
FR0010220475,35428035,ALO,EUR,2020-11-10,37.2553,40.2287,36.8092,39.0043,2045542,22996,38.33924859
FR0010220475,35428035,ALO,EUR,2020-11-11,39.4766,40.0363,37.264,37.2728,2255454,29326,37.99861657
FR0010220475,35428035,ALO,EUR,2020-11-12,37.1328,37.6401,36.3982,36.783,2062623,23382,36.98721496
FR0010220475,35428035,ALO,EUR,2020-11-13,36.6168,37.4477,35.7511,36.7305,1752976,22295,36.39996361
FR0010220475,35428035,ALO,EUR,2020-11-16,37.1678,38.5321,35.4187,37.675,2746359,26011,37.54167118
FR0010220475,35428035,ALO,EUR,2020-11-17,40.2232,40.2232,36.8658,38.9123,4322152,41385,38.2464774
FR0010220475,35428035,ALO,EUR,2020-11-18,38.6577,40.874,38.1484,40.7985,3236310,30145,40.2015237
FR0010220475,35428035,ALO,EUR,2020-11-19,40.5061,43.0337,40.2421,41.0249,3461716,40381,41.3398454
FR0010220475,35428035,ALO,EUR,2020-11-20,41.0909,41.0909,39.8931,40.1949,2585259,33642,40.36420845
FR0010220475,35428035,ALO,EUR,2020-11-23,39.9309,40.3647,38.6671,38.9595,2760978,31116,39.42016535
FR0010220475,35428035,ALO,EUR,2020-11-24,39.2047,40.657,38.8746,40.4307,3369822,37818,39.8544629
FR0010220475,35428035,ALO,EUR,2020-11-25,40.3552,41.619,40.1666,41.421,3334044,41877,41.2106407
FR0010220475,35428035,ALO,EUR,2020-11-26,41.553,41.553,39.7328,40.9494,3020477,34267,40.6513824
FR0010220475,35428035,ALO,EUR,2020-11-27,41.072,42.7696,40.9211,42.6187,2339570,23142,42.20136725
FR0010220475,35428035,ALO,EUR,2020-11-30,42.6658,42.7036,42.1,42.1566,2295824,17528,42.2348473
FR0010220475,35428035,ALO,EUR,2020-12-01,42.3546,43.5618,42.0906,43.2694,2221044,22690,43.07562095
FR0010220475,35428035,ALO,EUR,2020-12-02,43.4298,43.5995,42.8922,42.9582,1475842,15388,43.07090545
FR0010220475,35428035,ALO,EUR,2020-12-03,42.9299,43.0525,41.6945,42.1377,1778482,19202,42.1631717
FR0010220475,35428035,ALO,EUR,2020-12-04,42.0151,42.1377,41.0531,41.8453,2118313,23026,41.7717852
FR0010220475,35428035,ALO,EUR,2020-12-07,42.2509,42.2509,41.4398,41.5341,1670282,15252,41.59118155
FR0010220475,35428035,ALO,EUR,2020-12-08,41.421,42.2886,41.421,42.1471,1563315,14937,42.03632475
FR0010220475,35428035,ALO,EUR,2020-12-09,42.298,42.6847,41.7793,42.4112,1356657,14955,42.27115665
FR0010220475,35428035,ALO,EUR,2020-12-10,42.3923,43.6655,42.3923,43.0808,1740192,19402,43.109101
FR0010220475,35428035,ALO,EUR,2020-12-11,43.1468,43.6372,42.8262,43.0714,1539506,17728,43.18973605
FR0010220475,35428035,ALO,EUR,2020-12-14,43.2223,43.7127,43.0242,43.2977,831968,10028,43.3005503
FR0010220475,35428035,ALO,EUR,2020-12-15,43.3732,43.7598,43.0525,43.26,944749,9469,43.39061635
FR0010220475,35428035,ALO,EUR,2020-12-16,43.4298,43.8824,42.845,43.2789,1234861,12592,43.28829
FR0010220475,35428035,ALO,EUR,2020-12-17,43.3732,44.1654,43.2411,43.8447,1677631,16747,43.7768158
FR0010220475,35428035,ALO,EUR,2020-12-18,43.8636,43.8636,43.0337,43.3826,3315456,15739,43.4655928
FR0010220475,35428035,ALO,EUR,2020-12-21,43.4203,43.4203,41.685,42.4395,1292904,15286,42.2914333
FR0010220475,35428035,ALO,EUR,2020-12-22,42.6941,43.3543,42.5432,43.2128,786462,8166,43.0864666
FR0010220475,35428035,ALO,EUR,2020-12-23,43.326,43.4203,42.7979,43.2977,1001402,11331,43.1543698
FR0010220475,35428035,ALO,EUR,2020-12-24,43.3354,43.5241,43.128,43.3354,210457,2650,43.3043227
FR0010220475,35428035,ALO,EUR,2020-12-28,43.2883,44.1937,43.1563,44.1371,477200,5928,43.91686615
FR0010220475,35428035,ALO,EUR,2020-12-29,44.2031,44.2785,43.7033,44.0428,500704,5571,43.9748668
FR0010220475,35428035,ALO,EUR,2020-12-30,44.1088,44.3257,44.0333,44.2597,380145,4012,44.2163004
FR0010220475,35428035,ALO,EUR,2020-12-31,44.3257,44.5615,43.9202,43.9579,254152,2337,44.19602375
FR0010220475,35428035,ALO,EUR,2021-01-04,44.486,46.0704,43.9579,45.5046,1216658,13305,45.37018325
FR0010220475,35428035,ALO,EUR,2021-01-05,45.8347,46.0138,44.4011,44.7973,1373499,15168,44.92692625
FR0010220475,35428035,ALO,EUR,2021-01-06,44.8821,45.9856,44.2503,45.8441,1542610,15365,45.43714335
FR0010220475,35428035,ALO,EUR,2021-01-07,46.0233,46.2968,44.6652,44.8538,553786,8078,45.6384952
FR0010220475,35428035,ALO,EUR,2021-01-08,45.1179,45.8441,44.8821,45.6649,1077689,12492,45.59935655
FR0010220475,35428035,ALO,EUR,2021-01-11,45.58,45.9101,44.42,44.4766,1088681,11585,44.7302899
FR0010220475,35428035,ALO,EUR,2021-01-12,44.5143,45.0047,44.1559,44.6558,1058132,12124,44.5746784
FR0010220475,35428035,ALO,EUR,2021-01-13,44.7029,44.967,44.0711,44.1371,1008685,8944,44.40822125
FR0010220475,35428035,ALO,EUR,2021-01-14,44.6746,44.6746,43.4203,44.222,1415489,18527,44.10831545
FR0010220475,35428035,ALO,EUR,2021-01-15,43.939,44.1371,42.2509,42.4206,1983739,19152,42.73233255
FR0010220475,35428035,ALO,EUR,2021-01-18,42.5338,43.4298,42.2509,43.0997,1432083,13497,43.12937765
FR0010220475,35428035,ALO,EUR,2021-01-19,43.2883,45.929,43.1468,45.7026,2288647,25752,45.1103592
FR0010220475,35428035,ALO,EUR,2021-01-20,45.8064,46.8721,45.2877,45.9101,2086476,24551,46.0449713
FR0010220475,35428035,ALO,EUR,2021-01-21,46.2119,46.608,45.6366,45.8441,1197144,13335,45.9629216
FR0010220475,35428035,ALO,EUR,2021-01-22,45.6083,45.6555,44.2691,44.9104,1226146,16679,44.816112
FR0010220475,35428035,ALO,EUR,2021-01-25,45.0613,45.2499,43.3449,43.4392,1137559,15518,43.76691325
FR0010220475,35428035,ALO,EUR,2021-01-26,43.5335,44.1182,42.7696,42.9488,1449456,17620,43.23594795
FR0010220475,35428035,ALO,EUR,2021-01-27,42.9393,43.0431,41.1852,41.3361,2133835,23351,41.7189716
FR0010220475,35428035,ALO,EUR,2021-01-28,41.0249,42.7507,40.4684,42.4584,1941010,24193,41.8698676
FR0010220475,35428035,ALO,EUR,2021-01-29,42.5244,42.8356,41.1852,42.3075,1645450,16355,42.3291573
FR0010220475,35428035,ALO,EUR,2021-02-01,42.647,43.5995,42.4489,43.3732,1432979,18574,43.3024365
FR0010220475,35428035,ALO,EUR,2021-02-02,43.3354,44.4011,43.3354,44.3257,1392398,12496,44.1993246
FR0010220475,35428035,ALO,EUR,2021-02-03,44.3634,44.9387,42.6281,43.0054,1520979,16831,43.39155945
FR0010220475,35428035,ALO,EUR,2021-02-04,43.1751,43.5335,42.2509,42.8545,1464100,15580,42.78420305
FR0010220475,35428035,ALO,EUR,2021-02-05,43.2789,43.5995,40.3741,40.3741,3639394,31237,41.32145495
FR0010220475,35428035,ALO,EUR,2021-02-08,41.1003,42.1566,40.4496,41.5907,2107586,21329,41.6105151
FR0010220475,35428035,ALO,EUR,2021-02-09,41.7605,41.7605,40.7183,41.1757,1091358,13546,41.0823791
FR0010220475,35428035,ALO,EUR,2021-02-10,41.3832,41.5247,40.1761,40.2326,1909046,19770,40.5938533
FR0010220475,35428035,ALO,EUR,2021-02-11,40.6287,41.3644,39.9403,40.8079,2605525,25371,40.7428631
FR0010220475,35428035,ALO,EUR,2021-02-12,41.1097,41.1097,39.6479,39.6479,2382119,23409,40.0826931
FR0010220475,35428035,ALO,EUR,2021-02-15,40.1666,40.4496,38.5162,38.5728,3021264,24939,39.10894235
FR0010220475,35428035,ALO,EUR,2021-02-16,38.7991,40.2138,38.5256,39.6951,2071290,19929,39.67763165
FR0010220475,35428035,ALO,EUR,2021-02-17,39.7705,40.1006,38.7708,39.2518,1504331,17155,39.3951732
FR0010220475,35428035,ALO,EUR,2021-02-18,39.9026,39.9026,38.8274,39.0538,1392459,18019,39.2848305
FR0010220475,35428035,ALO,EUR,2021-02-19,39.1575,39.1858,38.5822,38.6671,1738393,16442,38.76282465
FR0010220475,35428035,ALO,EUR,2021-02-22,38.7048,38.8369,38.0258,38.1201,1366980,14373,38.26109545
FR0010220475,35428035,ALO,EUR,2021-02-23,38.2804,39.6574,38.0541,39.1387,1718788,19013,38.88637075
FR0010220475,35428035,ALO,EUR,2021-02-24,39.3273,39.5536,38.7143,39.2235,1401707,13016,39.13629225
FR0010220475,35428035,ALO,EUR,2021-02-25,39.6574,39.78,39.0821,39.2235,1357332,14750,39.40224645
FR0010220475,35428035,ALO,EUR,2021-02-26,39.0538,39.5442,38.5445,38.9878,2455032,13545,39.06838905
FR0010220475,35428035,ALO,EUR,2021-03-01,39.8743,39.9686,39.2235,39.5159,1200418,12631,39.63990765
FR0010220475,35428035,ALO,EUR,2021-03-02,39.6102,40.3552,39.3839,40.0912,1526773,13136,39.921423
FR0010220475,35428035,ALO,EUR,2021-03-03,40.7891,41.5341,40.3552,41.3455,2385048,24729,41.22525875
FR0010220475,35428035,ALO,EUR,2021-03-04,41.1946,42.0906,40.3458,41.1663,2501738,23960,41.13000565
FR0010220475,35428035,ALO,EUR,2021-03-05,40.8551,41.138,40.2421,40.3741,1526345,13814,40.6485531
FR0010220475,35428035,ALO,EUR,2021-03-08,40.9683,41.0249,40.0535,40.8174,1032316,11862,40.5287794
FR0010220475,35428035,ALO,EUR,2021-03-09,40.7136,41.7039,39.6102,40.6193,1766400,20518,41.06115935
FR0010220475,35428035,ALO,EUR,2021-03-10,40.5439,40.7325,39.6102,40.4213,3639457,30965,40.18030395
FR0010220475,35428035,ALO,EUR,2021-03-11,40.5061,41.3455,40.1572,40.8362,1379339,16322,40.9069625
FR0010220475,35428035,ALO,EUR,2021-03-12,40.9022,41.5341,40.4684,40.7514,1302938,13882,40.9182797
FR0010220475,35428035,ALO,EUR,2021-03-15,40.5816,41.0531,40.0063,40.3458,1403283,13992,40.33685855
FR0010220475,35428035,ALO,EUR,2021-03-16,40.5061,40.7985,39.8554,40.1949,1364432,13610,40.1911496
FR0010220475,35428035,ALO,EUR,2021-03-17,40.2421,40.2704,39.4121,39.5348,2105486,18909,39.6432085
FR0010220475,35428035,ALO,EUR,2021-03-18,39.9686,40.1949,38.3182,38.4313,2533258,24593,38.7293446
FR0010220475,35428035,ALO,EUR,2021-03-19,38.5917,39.1764,38.0069,38.1201,3396268,25957,38.36389335
FR0010220475,35428035,ALO,EUR,2021-03-22,38.4785,38.4785,37.5448,37.9126,2282303,17739,37.79048855
FR0010220475,35428035,ALO,EUR,2021-03-23,37.9315,38.8274,37.4222,38.4596,2001331,20187,38.2728842
FR0010220475,35428035,ALO,EUR,2021-03-24,38.4313,38.9217,38.1342,38.6199,1423825,15423,38.54025305
FR0010220475,35428035,ALO,EUR,2021-03-25,38.4502,38.5634,37.8938,38.2238,1080771,12943,38.20262325
FR0010220475,35428035,ALO,EUR,2021-03-26,38.4125,39.0726,38.4125,38.6105,1072758,10674,38.67228705
FR0010220475,35428035,ALO,EUR,2021-03-29,38.8369,39.2707,38.752,39.0538,1170149,12115,39.04198225
FR0010220475,35428035,ALO,EUR,2021-03-30,39.2141,40.5439,38.8934,40.2798,1910281,17083,39.9233092
FR0010220475,35428035,ALO,EUR,2021-03-31,40.4779,40.591,39.978,40.1006,1882451,17707,40.2222719
FR0010220475,35428035,ALO,EUR,2021-04-01,40.3741,41.1003,40.0157,41.0909,1772009,16166,40.7853026
FR0010220475,35428035,ALO,EUR,2021-04-06,41.3832,41.8076,40.9117,41.1946,1596546,17163,41.166315
FR0010220475,35428035,ALO,EUR,2021-04-07,41.2983,41.8265,40.9211,41.2889,1422206,15800,41.40350465
FR0010220475,35428035,ALO,EUR,2021-04-08,41.4587,42.0057,41.4587,41.685,1624265,17457,41.72038625
FR0010220475,35428035,ALO,EUR,2021-04-09,41.8548,42.4301,41.5813,42.1283,1544141,16162,42.02595065
FR0010220475,35428035,ALO,EUR,2021-04-12,42.2414,42.2792,41.0579,41.5153,509667,7735,41.5859945
FR0010220475,35428035,ALO,EUR,2021-04-13,41.685,42.8403,41.685,41.9491,1939049,19992,42.2197577
FR0010220475,35428035,ALO,EUR,2021-04-14,42.1566,42.2414,41.4115,41.5058,1297686,13226,41.76848435
FR0010220475,35428035,ALO,EUR,2021-04-15,41.5436,42.0528,41.5011,41.5718,1306511,12333,41.77697225
FR0010220475,35428035,ALO,EUR,2021-04-16,41.7605,42.6564,41.4115,42.4395,1696363,21248,42.4328983
FR0010220475,35428035,ALO,EUR,2021-04-19,42.713,43.1185,42.2603,42.3358,1211381,16464,42.5781357
FR0010220475,35428035,ALO,EUR,2021-04-20,42.3358,42.8545,41.9491,42.3358,1795561,20400,42.33057195
FR0010220475,35428035,ALO,EUR,2021-04-21,42.4395,43.458,42.0434,42.8262,1468009,17948,42.5272083
FR0010220475,35428035,ALO,EUR,2021-04-22,43.5146,44.7973,43.4392,44.7312,2568405,27596,44.27713035
FR0010220475,35428035,ALO,EUR,2021-04-23,44.552,44.8727,43.8824,44.6086,1759620,18346,44.51667775
FR0010220475,35428035,ALO,EUR,2021-04-26,44.4577,44.6086,44.0145,44.0805,1223903,14622,44.21582885
FR0010220475,35428035,ALO,EUR,2021-04-27,44.1842,44.6275,43.873,44.5238,1149298,11601,44.3200414
FR0010220475,35428035,ALO,EUR,2021-04-28,44.6275,44.9481,44.0333,44.8633,1810957,14836,44.561475
FR0010220475,35428035,ALO,EUR,2021-04-29,44.8444,44.9576,42.9205,43.3354,2188552,26590,43.6683593
FR0010220475,35428035,ALO,EUR,2021-04-30,43.3826,43.3826,42.5149,42.8545,1787146,19709,42.89643195
FR0010220475,35428035,ALO,EUR,2021-05-03,42.9393,43.3543,42.5527,43.194,571649,6828,43.0855235
FR0010220475,35428035,ALO,EUR,2021-05-04,43.2506,43.9107,40.94,43.2223,1087115,12105,43.3411036
FR0010220475,35428035,ALO,EUR,2021-05-05,42.5621,43.9485,42.5338,43.26,2877740,27235,43.3495915
FR0010220475,35428035,ALO,EUR,2021-05-06,43.3826,43.458,42.6281,43.2977,1932839,14564,43.1543698
FR0010220475,35428035,ALO,EUR,2021-05-07,43.4015,44.1654,43.0054,44.005,1688675,18548,43.7390918
FR0010220475,35428035,ALO,EUR,2021-05-10,44.3634,44.4011,43.7881,43.9013,1374002,14005,43.9758099
FR0010220475,35428035,ALO,EUR,2021-05-11,43.5807,43.5901,41.5153,42.6564,2755348,27405,42.57577795
FR0010220475,35428035,ALO,EUR,2021-05-12,43.0808,43.0808,40.7136,40.9117,3301950,39285,41.2483647
FR0010220475,35428035,ALO,EUR,2021-05-13,41.1097,41.2418,39.6291,40.7042,1406360,16601,40.23311755
FR0010220475,35428035,ALO,EUR,2021-05-14,40.874,41.8925,40.6948,41.8265,1330929,14582,41.5124327
FR0010220475,35428035,ALO,EUR,2021-05-17,41.8925,42.0481,41.3455,41.4587,1061151,13988,41.59401085
FR0010220475,35428035,ALO,EUR,2021-05-18,41.6662,42.3923,41.6473,42.298,1492531,18076,42.14006575
FR0010220475,35428035,ALO,EUR,2021-05-19,42.2792,42.2792,41.0249,41.685,1383126,14705,41.66662955
FR0010220475,35428035,ALO,EUR,2021-05-20,41.619,41.9208,41.1192,41.3644,1444245,13820,41.3690815
FR0010220475,35428035,ALO,EUR,2021-05-21,41.5907,42.845,41.5718,42.3546,1573834,16838,42.44563015
FR0010220475,35428035,ALO,EUR,2021-05-24,42.4301,42.9205,42.2509,42.4678,457203,5517,42.4527034
FR0010220475,35428035,ALO,EUR,2021-05-25,42.8733,43.3637,42.4395,42.5715,1257016,12826,42.96716445
FR0010220475,35428035,ALO,EUR,2021-05-26,42.4772,42.8828,42.2226,42.5244,861760,10643,42.60218475
FR0010220475,35428035,ALO,EUR,2021-05-27,42.5338,43.3826,42.5338,43.128,2956319,16185,43.13032075
FR0010220475,35428035,ALO,EUR,2021-05-28,43.4109,44.0616,43.0997,43.7127,1446324,13852,43.7607831
FR0010220475,35428035,ALO,EUR,2021-05-31,43.7504,43.8164,43.2459,43.3732,542965,5333,43.4571049
FR0010220475,35428035,ALO,EUR,2021-06-01,43.458,43.7881,41.9585,43.5429,793260,8562,43.57829325
FR0010220475,35428035,ALO,EUR,2021-06-02,42.4395,44.4577,42.4395,43.6938,3044490,26700,43.73579095
FR0010220475,35428035,ALO,EUR,2021-06-03,43.7504,43.8542,43.326,43.3826,1450162,14766,43.45380405
FR0010220475,35428035,ALO,EUR,2021-06-04,43.4958,43.5429,43.128,43.128,1015035,10739,43.25292375
FR0010220475,35428035,ALO,EUR,2021-06-07,43.2223,43.6042,43.1468,43.1468,1144833,11293,43.32271315
FR0010220475,35428035,ALO,EUR,2021-06-08,43.1563,43.5052,42.8922,42.9771,1349739,16042,43.184549
FR0010220475,35428035,ALO,EUR,2021-06-09,43.3354,43.3354,42.7319,43.0242,1111225,10775,42.9572619
FR0010220475,35428035,ALO,EUR,2021-06-10,43.1751,43.2883,42.5055,42.647,959035,10409,42.75308075
FR0010220475,35428035,ALO,EUR,2021-06-11,42.7413,43.1185,42.1188,42.7413,1064185,11331,42.66914485
FR0010220475,35428035,ALO,EUR,2021-06-14,42.9299,43.4486,42.6658,42.8733,937661,11250,42.9619774
FR0010220475,35428035,ALO,EUR,2021-06-15,43.0431,43.5995,43.0431,43.2506,1442789,16247,43.33874585
FR0010220475,35428035,ALO,EUR,2021-06-16,43.2034,43.26,42.1,42.3641,1598672,14958,42.4357276
FR0010220475,35428035,ALO,EUR,2021-06-17,42.0811,42.0811,40.9117,41.1097,2014131,19270,41.204039
FR0010220475,35428035,ALO,EUR,2021-06-18,41.8265,42.6564,40.9117,40.9117,3576262,19870,41.2219579
FR0010220475,35428035,ALO,EUR,2021-06-21,41.3361,41.3738,40.4024,40.5533,1536575,15859,40.5976257
FR0010220475,35428035,ALO,EUR,2021-06-22,40.6382,40.6759,40.0252,40.2044,1569894,15010,40.2222719
FR0010220475,35428035,ALO,EUR,2021-06-23,40.3364,40.3364,39.9497,40.0818,1227109,11307,40.09165255
FR0010220475,35428035,ALO,EUR,2021-06-24,40.2704,40.6193,39.9309,40.4873,1205647,10993,40.4231522
FR0010220475,35428035,ALO,EUR,2021-06-25,40.7231,40.874,40.393,40.7891,1138661,9448,40.6683582
FR0010220475,35428035,ALO,EUR,2021-06-28,40.7419,41.072,40.5627,40.5722,925862,10314,40.7202287
FR0010220475,35428035,ALO,EUR,2021-06-29,41.2606,41.2606,40.3552,40.3552,1305881,11381,40.47832355
FR0010220475,35428035,ALO,EUR,2021-06-30,40.3741,40.7702,39.8083,40.1666,1670883,12312,40.1609704
FR0010220475,35428035,ALO,EUR,2021-07-01,40.3175,40.6287,40.0535,40.5533,1559264,20335,40.41324965
FR0010220475,35428035,ALO,EUR,2021-07-02,40.6099,40.8551,40.2987,40.5816,1392646,12551,40.57546285
FR0010220475,35428035,ALO,EUR,2021-07-05,40.9966,41.4021,40.2798,41.2983,1896087,17443,41.0305086
FR0010220475,35428035,ALO,EUR,2021-07-06,41.0343,41.0343,37.7334,37.8183,5071536,36547,38.53648065
FR0010220475,35428035,ALO,EUR,2021-07-07,38.4408,38.752,35.7529,35.7624,5796940,46218,36.30039055
FR0010220475,35428035,ALO,EUR,2021-07-08,36.696,36.8846,35.0456,35.3945,1808450,19839,35.36200605
FR0010220475,35428035,ALO,EUR,2021-07-09,36.215,36.3282,34.9136,35.6775,2615726,20907,35.7831002
FR0010220475,35428035,ALO,EUR,2021-07-12,35.9604,36.498,35.2436,35.4134,1993995,17445,35.46386085
FR0010220475,35428035,ALO,EUR,2021-07-13,35.3191,35.3191,33.763,33.9044,3444213,31562,34.1609682
FR0010220475,35428035,ALO,EUR,2021-07-14,33.8667,34.6684,33.7158,34.027,2077687,16726,34.0279911
FR0010220475,35428035,ALO,EUR,2021-07-15,34.1308,34.3949,33.6215,33.9516,1770486,17302,33.9063312
FR0010220475,35428035,ALO,EUR,2021-07-16,34.244,34.2723,33.3574,33.5932,2069559,16495,33.67480015
FR0010220475,35428035,ALO,EUR,2021-07-19,33.8479,33.9233,32.7916,33.15,2233436,18936,33.04103695
FR0010220475,35428035,ALO,EUR,2021-07-20,33.6498,34.8947,33.6498,33.9893,2899402,24934,34.1364476
FR0010220475,35428035,ALO,EUR,2021-07-21,34.8853,35.2719,33.7535,34.5929,2041256,19735,34.3109211
FR0010220475,35428035,ALO,EUR,2021-07-22,34.8475,34.989,34.0931,34.2534,1962252,16506,34.50850055
FR0010220475,35428035,ALO,EUR,2021-07-23,34.5458,35.1965,34.3383,34.8758,1234003,10833,34.81123565
FR0010220475,35428035,ALO,EUR,2021-07-26,34.9513,35.6492,34.3666,34.508,1145918,12802,34.5674443
FR0010220475,35428035,ALO,EUR,2021-07-27,34.574,34.7438,34.1497,34.4609,1161638,12270,34.3844829
FR0010220475,35428035,ALO,EUR,2021-07-28,34.442,35.5171,34.1025,34.5175,1135273,11173,34.3618485
FR0010220475,35428035,ALO,EUR,2021-07-29,35.2154,35.3097,33.4518,33.5178,2202577,16882,33.7771265
FR0010220475,35428035,ALO,EUR,2021-07-30,33.8573,33.8667,32.9142,32.9708,2609048,20266,33.04763865
FR0010220475,35428035,ALO,EUR,2021-08-02,33.2914,33.414,32.669,33.1594,1484753,13185,33.08913505
FR0010220475,35428035,ALO,EUR,2021-08-03,33.4046,33.4895,32.5652,32.6973,1685733,17945,32.8274248
FR0010220475,35428035,ALO,EUR,2021-08-04,32.8859,32.9236,32.5652,32.6973,1695214,18850,32.7001063
FR0010220475,35428035,ALO,EUR,2021-08-05,32.7256,33.2726,32.5747,33.0274,1517193,12525,32.93352355
FR0010220475,35428035,ALO,EUR,2021-08-06,33.2726,33.7535,32.9566,33.3574,1352956,13043,33.24568965
FR0010220475,35428035,ALO,EUR,2021-08-09,33.7253,33.763,32.9613,33.1311,963170,8732,33.1358185
FR0010220475,35428035,ALO,EUR,2021-08-10,33.5178,34.0459,33.15,33.895,1309311,11115,33.7450611
FR0010220475,35428035,ALO,EUR,2021-08-11,33.8573,33.9893,33.2726,33.3103,1307086,11970,33.45128545
FR0010220475,35428035,ALO,EUR,2021-08-12,33.3103,34.5552,33.3103,33.8479,2376132,21627,34.05392635
FR0010220475,35428035,ALO,EUR,2021-08-13,33.9893,34.0648,33.4612,33.4801,1627516,14818,33.6799872
FR0010220475,35428035,ALO,EUR,2021-08-16,33.5744,34.1497,33.2537,33.8856,1269049,10709,33.6894182
FR0010220475,35428035,ALO,EUR,2021-08-17,34.1402,34.4892,33.763,34.2817,1682706,14307,34.14163465
FR0010220475,35428035,ALO,EUR,2021-08-18,34.4892,34.857,34.2911,34.5646,1838979,14583,34.5118014
FR0010220475,35428035,ALO,EUR,2021-08-19,34.5835,35.0267,34.31,34.6872,1632961,13919,34.7117386
FR0010220475,35428035,ALO,EUR,2021-08-20,34.5175,34.6118,33.2443,33.6687,2009605,17566,33.7610938
FR0010220475,35428035,ALO,EUR,2021-08-23,33.829,34.3666,33.6781,34.1308,1536519,13830,34.1571958
FR0010220475,35428035,ALO,EUR,2021-08-24,34.1779,34.9796,34.1685,34.6118,1251262,10749,34.50378505
FR0010220475,35428035,ALO,EUR,2021-08-25,34.7438,35.2719,34.6306,34.923,1492356,13730,35.0201323
FR0010220475,35428035,ALO,EUR,2021-08-26,35.0739,35.121,34.3854,34.6589,1503419,13367,34.7013645
FR0010220475,35428035,ALO,EUR,2021-08-27,34.6684,35.0079,34.5458,34.7721,1087595,10496,34.734373
FR0010220475,35428035,ALO,EUR,2021-08-30,35.1022,35.1022,34.376,34.4514,1442373,10485,34.5259479
FR0010220475,35428035,ALO,EUR,2021-08-31,34.6872,34.7815,34.3194,34.3288,4446229,16692,34.3986294
FR0010220475,35428035,ALO,EUR,2021-09-01,34.5175,34.5929,33.7724,34.1591,2056126,17650,34.1439924
FR0010220475,35428035,ALO,EUR,2021-09-02,34.1402,34.2345,32.9048,33.0085,3530610,27814,33.3036903
FR0010220475,35428035,ALO,EUR,2021-09-03,33.2537,33.3386,32.5935,32.6501,1986770,16702,32.8340265
FR0010220475,35428035,ALO,EUR,2021-09-06,32.9331,33.0839,31.9522,32.1691,1952801,15527,32.25732085
FR0010220475,35428035,ALO,EUR,2021-09-07,32.32,32.3295,31.5939,31.7542,1778022,13136,31.7966165
FR0010220475,35428035,ALO,EUR,2021-09-08,31.6787,31.7542,30.9242,31.4807,947353,9210,31.28875715
FR0010220475,35428035,ALO,EUR,2021-09-09,31.4807,31.4995,30.4999,30.7828,2567485,20899,30.80023135
FR0010220475,35428035,ALO,EUR,2021-09-10,30.4716,30.9242,29.901,29.9529,2958036,21469,30.18910255
FR0010220475,35428035,ALO,EUR,2021-09-13,30.3678,30.4527,29.7077,29.934,2842140,23344,29.9226768
FR0010220475,35428035,ALO,EUR,2021-09-14,30.1603,30.3961,29.5285,29.8868,2155760,17449,29.8689201
FR0010220475,35428035,ALO,EUR,2021-09-15,29.6416,29.8774,28.392,28.5005,4072732,31922,28.82255065
FR0010220475,35428035,ALO,EUR,2021-09-16,28.6985,29.8868,28.3967,29.387,4295681,28082,29.4030287
FR0010220475,35428035,ALO,EUR,2021-09-17,29.5002,30.5659,29.5002,30.4055,5519031,30380,30.3055754
FR0010220475,35428035,ALO,EUR,2021-09-20,30.8299,31.3109,29.0003,29.4907,3213100,23458,29.4652733
FR0010220475,35428035,ALO,EUR,2021-09-21,29.5002,30.2169,29.4624,29.519,2403023,19687,29.81091945
FR0010220475,35428035,ALO,EUR,2021-09-22,29.5473,30.1038,29.0475,29.868,2508079,17838,29.76187825
FR0010220475,35428035,ALO,EUR,2021-09-23,30.1792,30.2641,29.6558,30.1132,1500077,11633,30.0103851
FR0010220475,35428035,ALO,EUR,2021-09-24,30.132,30.6649,29.9906,30.2641,1674043,13011,30.3932837
FR0010220475,35428035,ALO,EUR,2021-09-27,30.6225,31.4052,30.4338,31.0846,2609823,19122,30.9185904
FR0010220475,35428035,ALO,EUR,2021-09-28,31.3958,31.5278,30.7639,30.9242,2571301,17261,30.9846074
FR0010220475,35428035,ALO,EUR,2021-09-29,30.9903,31.0751,30.3207,30.8771,1815752,14480,30.7394014
FR0010220475,35428035,ALO,EUR,2021-09-30,31.1506,31.3581,30.5612,30.9808,1682348,12857,30.8893543
FR0010220475,35428035,ALO,EUR,2021-10-01,30.9242,30.9714,29.6416,29.9057,2871591,17991,30.03726345
FR0010220475,35428035,ALO,EUR,2021-10-04,30.0283,30.2075,29.6511,29.802,1857154,13132,29.91654665
FR0010220475,35428035,ALO,EUR,2021-10-05,29.8963,29.8963,28.8683,29.4059,2068533,16456,29.2153518
FR0010220475,35428035,ALO,EUR,2021-10-06,29.3493,29.3964,28.4816,28.7174,2170253,14979,28.8220791
FR0010220475,35428035,ALO,EUR,2021-10-07,28.9343,29.8774,28.8589,29.3587,2310067,14774,29.4266062
FR0010220475,35428035,ALO,EUR,2021-10-08,29.7077,29.8114,29.1654,29.4813,1315301,10539,29.45914315
FR0010220475,35428035,ALO,EUR,2021-10-11,29.6605,29.7077,28.9154,29.0003,1239009,8814,29.06587045
FR0010220475,35428035,ALO,EUR,2021-10-12,28.9909,29.3115,28.6702,28.8117,1731019,12106,28.8994133
FR0010220475,35428035,ALO,EUR,2021-10-13,28.8589,29.2738,28.6089,29.1324,2125685,14371,28.89799865
FR0010220475,35428035,ALO,EUR,2021-10-14,29.3115,29.7454,29.2267,29.387,1273411,9316,29.48366375
FR0010220475,35428035,ALO,EUR,2021-10-15,29.5945,29.6322,29.1607,29.4719,1291254,9788,29.3841667
FR0010220475,35428035,ALO,EUR,2021-10-18,29.7737,30.1698,29.4059,29.5756,1487214,11184,29.72038185
FR0010220475,35428035,ALO,EUR,2021-10-19,29.8114,30.1226,29.5662,29.868,1171649,7688,29.8613753
FR0010220475,35428035,ALO,EUR,2021-10-20,30.0189,30.2075,29.4342,29.6039,1598846,10080,29.726512
FR0010220475,35428035,ALO,EUR,2021-10-21,29.7454,29.7454,29.2078,29.2361,1752854,10116,29.2917429
FR0010220475,35428035,ALO,EUR,2021-10-22,29.3398,29.7642,29.1984,29.3115,1295739,10107,29.50441195
FR0010220475,35428035,ALO,EUR,2021-10-25,29.6605,29.7077,28.7457,29.1418,1405370,10368,29.02908955
FR0010220475,35428035,ALO,EUR,2021-10-26,29.2833,29.8727,29.0475,29.4059,1515906,10949,29.54685145
FR0010220475,35428035,ALO,EUR,2021-10-27,29.5096,29.5096,29.0192,29.2078,1168874,8225,29.24317325
FR0010220475,35428035,ALO,EUR,2021-10-28,29.1041,29.1512,28.6137,29.0946,1369050,10378,28.8937547
FR0010220475,35428035,ALO,EUR,2021-10-29,29.0475,29.2455,28.8023,29.0286,1209859,7963,29.01211375
FR0010220475,35428035,ALO,EUR,2021-11-01,29.255,29.5285,29.0286,29.1795,1055279,7515,29.24883185
FR0010220475,35428035,ALO,EUR,2021-11-02,29.2833,29.5756,28.9532,29.1795,1644602,11761,29.2747671
FR0010220475,35428035,ALO,EUR,2021-11-03,29.2927,29.4719,28.9626,29.0286,970728,7531,29.10736685
FR0010220475,35428035,ALO,EUR,2021-11-04,29.2361,29.4342,28.9343,29.1229,1336628,9547,29.1597089
FR0010220475,35428035,ALO,EUR,2021-11-05,29.2267,29.7359,28.6985,29.5945,1684126,11821,29.39878475
FR0010220475,35428035,ALO,EUR,2021-11-08,29.6133,30.1698,29.3728,30.0189,1760740,12098,29.8085617
FR0010220475,35428035,ALO,EUR,2021-11-09,30.066,30.2075,29.2644,30.0849,2842286,17237,29.80526085
FR0010220475,35428035,ALO,EUR,2021-11-10,30.2075,33.3009,30.2075,33.0179,6534545,43391,32.8604333
FR0010220475,35428035,ALO,EUR,2021-11-11,33.0085,33.1783,30.9997,30.9997,5427032,40771,31.9324229
FR0010220475,35428035,ALO,EUR,2021-11-12,31.2826,31.3864,30.4338,30.5753,2389354,18790,30.7790116
FR0010220475,35428035,ALO,EUR,2021-11-15,30.8582,31.3015,30.5093,31.16,1920391,16451,31.01997365
FR0010220475,35428035,ALO,EUR,2021-11-16,31.0469,32.5275,30.8771,32.0277,2839412,18222,32.0239036
FR0010220475,35428035,ALO,EUR,2021-11-17,32.2352,32.3861,31.2543,31.3486,2758793,19231,31.64241965
FR0010220475,35428035,ALO,EUR,2021-11-18,31.1977,32.0654,30.8299,31.0091,1959266,14147,31.17275585
FR0010220475,35428035,ALO,EUR,2021-11-19,30.9337,31.3769,30.5093,31.2921,2313462,17296,31.01525815
FR0010220475,35428035,ALO,EUR,2021-11-22,31.4241,31.6693,31.0657,31.4335,422796,6709,31.34157075
FR0010220475,35428035,ALO,EUR,2021-11-23,31.3109,32.2304,31.226,32.2163,1995897,15985,31.914504
FR0010220475,35428035,ALO,EUR,2021-11-24,32.2635,32.5464,31.5231,31.8202,2675550,24875,31.90931695
FR0010220475,35428035,ALO,EUR,2021-11-25,31.8956,32.1126,31.6316,31.8579,1065565,7988,31.89234115
FR0010220475,35428035,ALO,EUR,2021-11-26,31.1317,31.4901,30.2641,30.4716,3509018,23945,30.64650605
FR0010220475,35428035,ALO,EUR,2021-11-29,30.7734,31.028,30.2169,30.5281,2027287,14216,30.5932209
FR0010220475,35428035,ALO,EUR,2021-11-30,30.3678,30.4621,29.4813,29.6888,3211809,17968,29.73169905
FR0010220475,35428035,ALO,EUR,2021-12-01,29.7737,30.679,29.4247,30.2075,1465685,9716,30.28624185
FR0010220475,35428035,ALO,EUR,2021-12-02,30.2075,30.2075,28.9343,29.3398,2383625,16431,29.30070235
FR0010220475,35428035,ALO,EUR,2021-12-03,29.4342,29.802,29.1465,29.4059,1750521,11317,29.37143485
FR0010220475,35428035,ALO,EUR,2021-12-06,29.802,30.4338,29.2078,30.2735,1601240,9834,29.93540865
FR0010220475,35428035,ALO,EUR,2021-12-07,30.4338,30.7639,30.2924,30.5847,1981705,15879,30.52013065
FR0010220475,35428035,ALO,EUR,2021-12-08,30.6979,30.9337,29.9529,30.0755,1870059,14549,30.26455055
FR0010220475,35428035,ALO,EUR,2021-12-09,30.1792,30.1981,29.1701,29.6322,2074451,15980,29.5275179
FR0010220475,35428035,ALO,EUR,2021-12-10,29.585,29.8208,29.0899,29.1701,1294282,10202,29.39784165
FR0010220475,35428035,ALO,EUR,2021-12-13,29.2927,29.6699,28.5854,28.6702,2007892,14405,28.8909254
FR0010220475,35428035,ALO,EUR,2021-12-14,28.708,29.1701,28.359,28.4533,1284737,10073,28.6711831
FR0010220475,35428035,ALO,EUR,2021-12-15,28.5099,28.6137,27.6045,27.7837,1521792,11096,28.0675991
FR0010220475,35428035,ALO,EUR,2021-12-16,28.227,28.5476,27.9346,27.9346,2274140,14266,28.1543643
FR0010220475,35428035,ALO,EUR,2021-12-17,27.8215,27.8497,27.0198,27.4348,3564616,20083,27.378193
FR0010220475,35428035,ALO,EUR,2021-12-20,27.1236,27.1801,26.2276,27.1047,2430454,14668,26.7878124
FR0010220475,35428035,ALO,EUR,2021-12-21,27.3216,28.359,26.9538,28.1232,2096867,12623,27.8648326
FR0010220475,35428035,ALO,EUR,2021-12-22,28.2647,28.6514,28.1327,28.5193,1316831,10289,28.4278633
FR0010220475,35428035,ALO,EUR,2021-12-23,28.5288,28.9626,28.4816,28.7834,833157,7123,28.811705
FR0010220475,35428035,ALO,EUR,2021-12-24,28.8023,28.9815,28.6797,28.8211,269115,1990,28.83952645
FR0010220475,35428035,ALO,EUR,2021-12-27,29.0852,29.5379,28.7646,29.3398,880983,6888,29.264393
FR0010220475,35428035,ALO,EUR,2021-12-28,29.3304,29.6794,29.321,29.4342,682064,5616,29.4945094
FR0010220475,35428035,ALO,EUR,2021-12-29,29.3681,29.4813,28.8683,28.9626,852593,5872,29.0918057
FR0010220475,35428035,ALO,EUR,2021-12-30,29.3304,29.4247,28.7174,29.3964,809951,5654,29.16300975
FR0010220475,35428035,ALO,EUR,2021-12-31,29.3964,29.4436,28.972,29.4436,289298,2175,29.31296265
FR0010220475,35428035,ALO,EUR,2022-01-03,28.9532,30.3395,28.9532,29.9151,1292216,11088,30.0396212
FR0010220475,35428035,ALO,EUR,2022-01-04,30.066,30.547,29.7925,30.0,1473006,13036,30.06367025
FR0010220475,35428035,ALO,EUR,2022-01-05,29.934,31.226,29.934,30.8771,2018121,15619,30.81249165
FR0010220475,35428035,ALO,EUR,2022-01-06,30.3584,30.962,30.0849,30.679,1447401,11403,30.6366035
FR0010220475,35428035,ALO,EUR,2022-01-07,30.8205,30.9054,30.2924,30.6319,1039780,9091,30.56822875
FR0010220475,35428035,ALO,EUR,2022-01-10,30.7639,31.3392,30.5659,31.1883,1680979,13656,31.0129004
FR0010220475,35428035,ALO,EUR,2022-01-11,31.3015,32.5841,31.2355,32.1314,2329120,18325,32.09416455
FR0010220475,35428035,ALO,EUR,2022-01-12,32.3672,32.4709,31.7117,31.8956,1880255,15396,31.94987025
FR0010220475,35428035,ALO,EUR,2022-01-13,31.8956,32.7916,31.8108,32.5558,1912538,15516,32.47234765
FR0010220475,35428035,ALO,EUR,2022-01-14,32.6218,32.6218,30.9525,31.8296,2553229,19387,31.5806466
FR0010220475,35428035,ALO,EUR,2022-01-17,31.9805,32.3012,31.7919,32.0277,1162446,9547,32.03569235
FR0010220475,35428035,ALO,EUR,2022-01-18,32.0654,32.1597,31.5844,31.6033,1052370,7947,31.71692455
FR0010220475,35428035,ALO,EUR,2022-01-19,31.7636,32.2069,31.3392,31.6316,2393025,18376,31.73767275
FR0010220475,35428035,ALO,EUR,2022-01-20,32.0748,32.7256,29.3776,31.2826,4592824,31820,31.0996656
FR0010220475,35428035,ALO,EUR,2022-01-21,31.0374,31.1223,29.3681,29.7077,3427317,24945,29.9943524
FR0010220475,35428035,ALO,EUR,2022-01-24,30.1698,30.1698,28.3732,29.038,3948162,26998,28.896584
FR0010220475,35428035,ALO,EUR,2022-01-25,29.1889,29.868,29.0852,29.3681,2623701,20062,29.509599
FR0010220475,35428035,ALO,EUR,2022-01-26,29.7548,31.0846,29.6322,30.4904,2896016,19543,30.65216465
FR0010220475,35428035,ALO,EUR,2022-01-27,30.132,30.6319,29.453,29.7925,1689643,13214,30.04292205
FR0010220475,35428035,ALO,EUR,2022-01-28,29.6511,29.6982,26.9915,27.3499,6834298,43603,27.6035939
FR0010220475,35428035,ALO,EUR,2022-01-31,27.8497,28.0101,26.6049,27.0198,4701152,30853,26.99953835
FR0010220475,35428035,ALO,EUR,2022-02-01,27.3027,27.6988,26.6237,26.652,4527025,30350,27.07310015
FR0010220475,35428035,ALO,EUR,2022-02-02,27.0387,27.548,26.5011,27.2367,3718370,24728,27.11742585
FR0010220475,35428035,ALO,EUR,2022-02-03,27.3593,27.5102,26.7086,26.8784,2295310,17348,27.085832
FR0010220475,35428035,ALO,EUR,2022-02-04,27.1613,27.1707,25.492,25.5486,4229170,29060,25.8673468
FR0010220475,35428035,ALO,EUR,2022-02-07,26.1427,26.4068,24.9827,24.9827,3529447,25234,25.2382991
FR0010220475,35428035,ALO,EUR,2022-02-08,25.1053,25.3883,24.3414,24.8035,3228016,22991,24.71723635
FR0010220475,35428035,ALO,EUR,2022-02-09,24.9356,25.492,24.9073,25.0582,1942415,11914,25.227925
FR0010220475,35428035,ALO,EUR,2022-02-10,25.2751,25.4165,24.9544,25.0487,2456889,15533,25.1722821
FR0010220475,35428035,ALO,EUR,2022-02-11,24.8695,25.3694,24.1811,24.8978,3078236,18970,24.6130238
FR0010220475,35428035,ALO,EUR,2022-02-14,24.7187,25.3977,23.3606,24.2377,4623856,29124,23.87882045
FR0010220475,35428035,ALO,EUR,2022-02-15,24.2094,25.0865,24.1811,24.945,3464842,18593,24.8186196
FR0010220475,35428035,ALO,EUR,2022-02-16,24.9922,25.426,24.6055,24.7941,1652721,10950,24.8874659
FR0010220475,35428035,ALO,EUR,2022-02-17,24.8507,24.9827,24.1339,24.3697,2259022,15173,24.48900615
FR0010220475,35428035,ALO,EUR,2022-02-18,24.3697,24.7092,24.0585,24.1811,1435646,12345,24.33245155
FR0010220475,35428035,ALO,EUR,2022-02-21,24.4263,24.53,22.9362,23.1531,2494805,14501,23.426604
FR0010220475,35428035,ALO,EUR,2022-02-22,23.0116,23.2568,22.1911,22.9833,3744115,26796,22.97438755
FR0010220475,35428035,ALO,EUR,2022-02-23,22.9645,23.5492,22.1723,22.3137,932861,8021,22.8786629
FR0010220475,35428035,ALO,EUR,2022-02-24,21.8894,22.1817,20.4841,20.9651,6171991,32994,20.9603975
FR0010220475,35428035,ALO,EUR,2022-02-25,21.729,22.2194,20.7388,21.8799,4729133,24792,21.540404
FR0010220475,35428035,ALO,EUR,2022-02-28,22.0968,22.0968,20.701,21.597,4907983,26070,21.266905
FR0010220475,35428035,ALO,EUR,2022-03-01,22.1629,22.1629,20.0786,20.1258,5306440,28843,20.39972455
FR0010220475,35428035,ALO,EUR,2022-03-02,20.3332,20.3332,19.0035,19.8994,5698884,34573,19.76879065
FR0010220475,35428035,ALO,EUR,2022-03-03,19.9088,20.2861,19.6448,19.8145,3389418,19284,19.9503374
FR0010220475,35428035,ALO,EUR,2022-03-04,19.7014,19.7014,17.9189,18.0226,6633871,29809,18.4923048
FR0010220475,35428035,ALO,EUR,2022-03-07,18.1405,18.1783,15.4338,16.9899,8296490,39429,16.66221925
FR0010220475,35428035,ALO,EUR,2022-03-08,16.8815,18.862,16.5043,17.8387,5232207,25014,17.77979275
FR0010220475,35428035,ALO,EUR,2022-03-09,18.5366,19.7202,18.0274,19.5033,6830572,34161,19.04543295
FR0010220475,35428035,ALO,EUR,2022-03-10,19.5788,19.8711,17.9378,18.2961,5824644,33097,18.44845065
FR0010220475,35428035,ALO,EUR,2022-03-11,18.6734,19.4184,18.3622,18.6734,3930585,21039,18.86718705
FR0010220475,35428035,ALO,EUR,2022-03-14,19.4279,19.956,19.0978,19.6448,3687556,21763,19.57734135
FR0010220475,35428035,ALO,EUR,2022-03-15,19.6259,19.7391,18.7111,18.9469,2961720,15632,19.0515631
FR0010220475,35428035,ALO,EUR,2022-03-16,19.4467,20.7388,19.1355,20.3615,4745213,23737,20.02342765
FR0010220475,35428035,ALO,EUR,2022-03-17,20.5124,20.7293,19.409,19.7862,3258639,18918,19.81217325
FR0010220475,35428035,ALO,EUR,2022-03-18,19.9749,20.5407,19.1449,20.3993,4782129,18871,20.09793255
FR0010220475,35428035,ALO,EUR,2022-03-21,20.5124,20.8519,20.0503,20.5219,2116989,12035,20.3747324
FR0010220475,35428035,ALO,EUR,2022-03-22,20.7576,20.8519,20.3804,20.635,2244284,13669,20.59588935
FR0010220475,35428035,ALO,EUR,2022-03-23,20.7576,20.8519,20.3615,20.635,2126628,10913,20.58268595
FR0010220475,35428035,ALO,EUR,2022-03-24,20.8142,20.8802,20.3238,20.5407,2604463,12333,20.6897278
FR0010220475,35428035,ALO,EUR,2022-03-25,20.7482,20.8425,19.7297,19.8711,3092044,14922,19.9871183
FR0010220475,35428035,ALO,EUR,2022-03-28,19.8145,20.4181,19.5222,19.5316,2474984,13522,19.82726285
FR0010220475,35428035,ALO,EUR,2022-03-29,19.9371,21.3612,19.7815,21.1537,4550151,20598,20.72509405
FR0010220475,35428035,ALO,EUR,2022-03-30,21.1915,21.1915,20.4653,20.5784,3807720,17563,20.7708344
FR0010220475,35428035,ALO,EUR,2022-03-31,20.569,20.9085,19.9513,20.0597,2162497,10258,20.2257226
FR0010220475,35428035,ALO,EUR,2022-04-01,20.088,20.4936,19.7579,19.89,2483886,14162,20.0172975
FR0010220475,35428035,ALO,EUR,2022-04-04,20.022,20.3804,19.6731,20.3238,1651639,10672,20.0371026
FR0010220475,35428035,ALO,EUR,2022-04-05,20.2389,20.701,19.4939,19.607,2068793,11200,19.97910195
FR0010220475,35428035,ALO,EUR,2022-04-06,19.5127,19.8758,18.7913,19.0883,2519237,13580,19.1468162
FR0010220475,35428035,ALO,EUR,2022-04-07,19.1827,19.3996,18.5319,18.5791,2905989,17495,18.8553983
FR0010220475,35428035,ALO,EUR,2022-04-08,18.796,19.8523,18.796,19.5882,2395743,11197,19.5287717
FR0010220475,35428035,ALO,EUR,2022-04-11,19.7108,19.9937,19.2204,19.4373,2026995,12097,19.49246235
FR0010220475,35428035,ALO,EUR,2022-04-12,19.1638,19.6165,19.0318,19.541,1681074,9721,19.3675016
FR0010220475,35428035,ALO,EUR,2022-04-13,19.8428,19.8523,19.2864,19.7862,1646880,9022,19.62355325
FR0010220475,35428035,ALO,EUR,2022-04-14,19.8051,20.1918,19.6919,20.022,1198852,8433,19.9946631
FR0010220475,35428035,ALO,EUR,2022-04-19,19.956,20.4653,19.5222,20.3049,1581310,9536,20.0427612
FR0010220475,35428035,ALO,EUR,2022-04-20,20.3993,20.5313,19.9843,20.0975,2022969,10963,20.2342105
FR0010220475,35428035,ALO,EUR,2022-04-21,20.2201,21.2103,20.2201,20.7482,2430094,13509,20.8953236
FR0010220475,35428035,ALO,EUR,2022-04-22,20.6539,20.8708,20.3993,20.5407,1587429,10357,20.58551525
FR0010220475,35428035,ALO,EUR,2022-04-25,20.3615,20.9651,20.1446,20.6162,1804954,12079,20.47705875
FR0010220475,35428035,ALO,EUR,2022-04-26,21.0594,21.0594,19.1638,19.3996,3398225,16919,19.9314754
FR0010220475,35428035,ALO,EUR,2022-04-27,19.3618,19.8051,18.8997,19.3336,2516866,13324,19.3684447
FR0010220475,35428035,ALO,EUR,2022-04-28,19.5505,20.1258,19.2958,19.6919,1910319,10281,19.7343675
FR0010220475,35428035,ALO,EUR,2022-04-29,19.9183,20.1918,19.6731,19.9183,1677182,8708,19.95741065
FR0010220475,35428035,ALO,EUR,2022-05-02,19.5222,19.89,18.1641,19.8145,3078826,15825,19.28969585
FR0010220475,35428035,ALO,EUR,2022-05-03,19.9466,20.9463,19.8428,20.8897,2432841,16313,20.71943545
FR0010220475,35428035,ALO,EUR,2022-05-04,20.8048,21.7007,20.4087,21.1349,2759043,14004,20.9632268
FR0010220475,35428035,ALO,EUR,2022-05-05,21.4932,22.0402,20.635,20.9085,2225425,12699,21.23814045
FR0010220475,35428035,ALO,EUR,2022-05-06,20.9085,21.3424,20.5313,21.0594,2026081,11092,21.04763425
FR0010220475,35428035,ALO,EUR,2022-05-09,20.8614,21.8705,20.4181,21.465,3523578,18512,21.32019015
FR0010220475,35428035,ALO,EUR,2022-05-10,21.6819,22.3892,21.5121,21.729,3723259,21497,21.95866885
FR0010220475,35428035,ALO,EUR,2022-05-11,22.0497,23.6907,19.1449,20.6067,12574034,62641,20.6123936
FR0010220475,35428035,ALO,EUR,2022-05-12,20.1635,21.7762,19.5976,21.6064,5360284,28665,21.08158585
FR0010220475,35428035,ALO,EUR,2022-05-13,21.8422,22.1251,21.4178,21.9459,2200505,13142,21.8431391
FR0010220475,35428035,ALO,EUR,2022-05-16,21.8894,21.9271,21.2669,21.5404,2168615,13661,21.5168265
FR0010220475,35428035,ALO,EUR,2022-05-17,21.6724,22.4458,21.6724,22.1157,1951500,12887,22.1703948
FR0010220475,35428035,ALO,EUR,2022-05-18,22.2477,22.7853,21.8894,22.5684,2649229,17130,22.42550335
FR0010220475,35428035,ALO,EUR,2022-05-19,22.2289,22.8702,22.1157,22.559,1907235,11606,22.41418615
FR0010220475,35428035,ALO,EUR,2022-05-20,22.7476,22.9551,22.3043,22.5967,4211495,23185,22.7051325
FR0010220475,35428035,ALO,EUR,2022-05-23,22.9268,23.1154,22.6438,22.9456,612487,6084,22.82915015
FR0010220475,35428035,ALO,EUR,2022-05-24,22.6344,22.889,22.5024,22.5967,2109353,12317,22.6758964
FR0010220475,35428035,ALO,EUR,2022-05-25,22.7947,23.304,22.691,23.1248,1731681,12055,22.9559971
FR0010220475,35428035,ALO,EUR,2022-05-26,23.106,23.5964,22.823,23.436,1405341,9771,23.25448825
FR0010220475,35428035,ALO,EUR,2022-05-27,23.4172,24.6243,23.4172,24.53,2983236,20043,24.2508734
FR0010220475,35428035,ALO,EUR,2022-05-30,24.5395,24.8413,24.1528,24.2943,1633621,13067,24.3810212
FR0010220475,35428035,ALO,EUR,2022-05-31,24.3697,24.4074,23.7378,23.9547,3370133,14821,23.9311625
FR0010220475,35428035,ALO,EUR,2022-06-01,24.1717,24.5583,23.9453,24.0585,1516968,11097,24.1980598
FR0010220475,35428035,ALO,EUR,2022-06-02,24.1622,25.36,24.0396,25.1619,2078130,12019,24.84455485
FR0010220475,35428035,ALO,EUR,2022-06-03,25.3505,25.3505,24.8601,25.0582,1127216,7830,25.07278505
FR0010220475,35428035,ALO,EUR,2022-06-06,25.0865,25.2751,24.6149,24.8224,1237839,7192,24.8582298
FR0010220475,35428035,ALO,EUR,2022-06-07,24.7092,25.0959,24.6998,24.945,1265375,7812,24.8959538
FR0010220475,35428035,ALO,EUR,2022-06-08,25.0299,25.0299,24.7092,24.9167,1613163,10346,24.83040835
FR0010220475,35428035,ALO,EUR,2022-06-09,24.6904,25.7466,24.6904,24.945,2190378,14793,25.09730565
FR0010220475,35428035,ALO,EUR,2022-06-10,24.6904,24.9403,24.2471,24.3603,3003574,16838,24.55785245
FR0010220475,35428035,ALO,EUR,2022-06-13,24.0868,24.1811,23.436,23.7001,3097461,18624,23.7604614
FR0010220475,35428035,ALO,EUR,2022-06-14,23.8982,24.0868,23.4455,23.5869,2355386,11722,23.6227688
FR0010220475,35428035,ALO,EUR,2022-06-15,23.7661,24.0585,23.5209,23.6341,2108377,9775,23.78073805
FR0010220475,35428035,ALO,EUR,2022-06-16,23.6907,23.7284,22.7664,23.1154,2775109,17191,23.18375575
FR0010220475,35428035,ALO,EUR,2022-06-17,22.7287,23.4549,22.7287,23.0494,4474848,15526,23.0606812
FR0010220475,35428035,ALO,EUR,2022-06-20,23.0305,23.5586,22.7381,23.4172,1256452,6944,23.1766825
FR0010220475,35428035,ALO,EUR,2022-06-21,23.4266,23.8227,23.0965,23.2191,1344551,9092,23.39123775
FR0010220475,35428035,ALO,EUR,2022-06-22,22.9173,22.9268,22.3986,22.5307,1031401,7834,22.57639935
FR0010220475,35428035,ALO,EUR,2022-06-23,22.5024,22.5872,21.597,21.8611,2271127,11577,22.05863745
FR0010220475,35428035,ALO,EUR,2022-06-24,21.8045,22.5024,21.8045,22.1817,1465279,6752,22.0940037
FR0010220475,35428035,ALO,EUR,2022-06-27,22.3986,22.9739,22.276,22.5212,1489543,8513,22.6145949
FR0010220475,35428035,ALO,EUR,2022-06-28,22.6533,23.3936,22.559,22.7853,1612202,8364,22.98098925
FR0010220475,35428035,ALO,EUR,2022-06-29,22.6533,22.7381,21.9931,22.1629,1834858,9009,22.31798995
FR0010220475,35428035,ALO,EUR,2022-06-30,21.8611,21.9459,19.9371,20.3615,3632804,16670,20.5642955
FR0010220475,35428035,ALO,EUR,2022-07-01,20.1918,21.0406,20.1069,20.6256,2419149,15622,20.64775985
FR0010220475,35428035,ALO,EUR,2022-07-04,20.7576,21.3801,20.7199,20.9368,1447060,7704,21.0273576
FR0010220475,35428035,ALO,EUR,2022-07-05,21.1066,21.4932,20.2436,20.2484,2372590,10828,20.5774989
FR0010220475,35428035,ALO,EUR,2022-07-06,20.4464,21.4555,20.2578,21.2198,1971645,9956,21.08158585
FR0010220475,35428035,ALO,EUR,2022-07-07,21.5027,22.8702,21.4555,22.7098,2374730,12222,22.4071129
FR0010220475,35428035,ALO,EUR,2022-07-08,22.5401,23.172,22.1911,22.9362,1298872,8595,22.8211338
FR0010220475,35428035,ALO,EUR,2022-07-11,22.5307,23.0399,22.2289,22.4646,1374245,7533,22.59620445
FR0010220475,35428035,ALO,EUR,2022-07-12,22.1817,22.7853,21.7385,22.7287,1729302,10929,22.29724175
FR0010220475,35428035,ALO,EUR,2022-07-13,22.6533,23.0022,21.8045,22.1157,1682880,9765,22.3807061
FR0010220475,35428035,ALO,EUR,2022-07-14,22.0968,22.4175,21.6441,21.9365,1173554,7960,22.01431175
FR0010220475,35428035,ALO,EUR,2022-07-15,22.1817,22.6816,21.9459,22.4458,1570253,10586,22.3542993
FR0010220475,35428035,ALO,EUR,2022-07-18,22.559,23.6247,22.4363,23.3794,1736742,11055,23.33748105
FR0010220475,35428035,ALO,EUR,2022-07-19,23.3134,23.3229,21.8045,22.7664,3494446,18992,22.26706255
FR0010220475,35428035,ALO,EUR,2022-07-20,22.823,22.9173,21.7385,21.9176,2439106,15139,22.12465445
FR0010220475,35428035,ALO,EUR,2022-07-21,21.9837,22.1911,21.4461,21.6913,1931691,10989,21.68139745
FR0010220475,35428035,ALO,EUR,2022-07-22,21.663,21.7667,21.3188,21.5593,1449137,9071,21.521542
FR0010220475,35428035,ALO,EUR,2022-07-25,21.5593,21.8799,21.3141,21.729,1156847,6976,21.68234055
FR0010220475,35428035,ALO,EUR,2022-07-26,21.5121,21.8328,20.9651,21.0123,2252741,10502,21.2122052
FR0010220475,35428035,ALO,EUR,2022-07-27,21.182,21.2952,20.7671,21.05,1800567,11991,21.0047232
FR0010220475,35428035,ALO,EUR,2022-07-28,21.3046,22.2006,21.2198,22.078,2572268,13551,21.67951125
FR0010220475,35428035,ALO,EUR,2022-07-29,21.9742,22.5118,21.7762,21.8328,1949256,11665,22.03317375
FR0010220475,35428035,ALO,EUR,2022-08-01,21.9082,22.2194,21.6677,21.7479,1068554,7874,21.8950096
FR0010220475,35428035,ALO,EUR,2022-08-02,21.9837,21.9837,21.2009,21.8988,1673278,9992,21.6498036
FR0010220475,35428035,ALO,EUR,2022-08-03,21.4555,22.1723,21.4555,22.0308,1040494,6361,22.0110109
FR0010220475,35428035,ALO,EUR,2022-08-04,22.1629,22.5684,21.9365,22.2383,1398712,9207,22.32459165
FR0010220475,35428035,ALO,EUR,2022-08-05,22.2383,22.7287,22.0827,22.3986,1452846,9075,22.3675027
FR0010220475,35428035,ALO,EUR,2022-08-08,22.6344,23.0116,22.2666,22.6721,964819,5513,22.6872136
FR0010220475,35428035,ALO,EUR,2022-08-09,22.6438,22.9739,22.3326,22.5212,981920,6493,22.6202535
FR0010220475,35428035,ALO,EUR,2022-08-10,22.2666,23.983,22.2666,23.8887,2156584,11438,23.530345
FR0010220475,35428035,ALO,EUR,2022-08-11,24.0302,24.0962,23.3983,23.8887,858218,5548,23.8934385
FR0010220475,35428035,ALO,EUR,2022-08-12,23.7284,24.2094,22.7664,22.8607,1906837,9819,23.2973993
FR0010220475,35428035,ALO,EUR,2022-08-15,22.9739,23.3512,22.6627,22.9362,982670,5257,22.8720612
FR0010220475,35428035,ALO,EUR,2022-08-16,22.9079,23.0305,22.4458,22.6627,1362505,8199,22.6824981
FR0010220475,35428035,ALO,EUR,2022-08-17,22.559,22.8325,21.0453,21.116,3453840,18003,21.50315155
FR0010220475,35428035,ALO,EUR,2022-08-18,21.2103,21.3612,20.9368,21.0311,1605199,10108,21.12119605
FR0010220475,35428035,ALO,EUR,2022-08-19,21.0311,21.3141,20.5313,20.6539,2185401,12288,20.7727206
FR0010220475,35428035,ALO,EUR,2022-08-22,20.7671,20.7765,19.9466,20.1163,2321262,12541,20.17998225
FR0010220475,35428035,ALO,EUR,2022-08-23,20.0786,20.4936,19.8523,20.0597,1754584,9755,20.21864935
FR0010220475,35428035,ALO,EUR,2022-08-24,20.022,20.3993,19.6825,20.1729,1304867,7905,20.0106958
FR0010220475,35428035,ALO,EUR,2022-08-25,20.1635,20.3993,19.8051,19.8145,1720268,9593,20.01493975
FR0010220475,35428035,ALO,EUR,2022-08-26,19.9277,20.1163,19.2298,19.4373,1814722,11269,19.6494885
FR0010220475,35428035,ALO,EUR,2022-08-29,19.1166,19.6731,19.1072,19.475,1410815,8657,19.34722495
FR0010220475,35428035,ALO,EUR,2022-08-30,19.5693,20.3993,19.475,19.7768,2501180,11302,19.93760555
FR0010220475,35428035,ALO,EUR,2022-08-31,20.0692,20.1069,19.2062,19.3901,2851540,14353,19.45756765
FR0010220475,35428035,ALO,EUR,2022-09-01,19.2958,19.2958,18.8148,19.0978,2055349,11142,19.0110098
FR0010220475,35428035,ALO,EUR,2022-09-02,19.2204,19.7485,19.1921,19.6731,1803112,11485,19.4514375
FR0010220475,35428035,ALO,EUR,2022-09-05,19.1732,19.3901,18.6215,18.7253,2114256,11898,18.80494245
FR0010220475,35428035,ALO,EUR,2022-09-06,18.8148,19.2062,18.6734,19.1544,1696630,9368,19.05863635
FR0010220475,35428035,ALO,EUR,2022-09-07,18.9374,19.5175,18.9092,19.3713,1970688,9091,19.30667165
FR0010220475,35428035,ALO,EUR,2022-09-08,19.4279,19.7957,19.0223,19.2298,3921568,15909,19.31421645
FR0010220475,35428035,ALO,EUR,2022-09-09,19.2675,20.2672,19.0506,20.0032,3556903,15927,19.654204
FR0010220475,35428035,ALO,EUR,2022-09-12,20.0786,21.0971,20.0503,20.7293,2504928,13938,20.7180208
FR0010220475,35428035,ALO,EUR,2022-09-13,20.7105,20.7671,19.4279,19.8051,2626109,12325,19.9956062
FR0010220475,35428035,ALO,EUR,2022-09-14,19.4939,19.8428,19.1119,19.2864,2536827,12209,19.37646105
FR0010220475,35428035,ALO,EUR,2022-09-15,19.2487,19.5882,18.9563,19.2487,2066114,10396,19.2543296
FR0010220475,35428035,ALO,EUR,2022-09-16,19.0883,19.2487,18.3009,18.3999,4386283,18145,18.4781583
FR0010220475,35428035,ALO,EUR,2022-09-19,18.4895,18.6734,17.8717,18.15,2814175,13606,18.0848856
FR0010220475,35428035,ALO,EUR,2022-09-20,18.2207,18.3527,17.4191,17.6643,2904866,12313,17.777435
FR0010220475,35428035,ALO,EUR,2022-09-21,17.4898,17.8859,17.2587,17.7963,3066426,15328,17.56005045
FR0010220475,35428035,ALO,EUR,2022-09-22,17.5228,17.7303,16.6693,16.8579,5066511,22009,17.12999685
FR0010220475,35428035,ALO,EUR,2022-09-23,16.9947,17.1361,16.2921,16.5325,3132064,16332,16.63675555
FR0010220475,35428035,ALO,EUR,2022-09-26,16.4099,16.7589,16.3203,16.5467,2169178,12402,16.5382016
FR0010220475,35428035,ALO,EUR,2022-09-27,16.8249,17.0607,16.2873,16.5043,2155510,10079,16.64524345
FR0010220475,35428035,ALO,EUR,2022-09-28,16.5703,16.7212,16.0374,16.4618,3461661,16596,16.30761365
FR0010220475,35428035,ALO,EUR,2022-09-29,16.6127,16.6457,15.1273,15.2829,4720904,18149,15.46353915
FR0010220475,35428035,ALO,EUR,2022-09-30,15.4197,16.0186,15.3065,15.7922,3811546,17114,15.77570525
FR0010220475,35428035,ALO,EUR,2022-10-03,15.7639,16.1081,15.4763,15.9337,2468913,12704,15.74458295
FR0010220475,35428035,ALO,EUR,2022-10-04,16.3345,17.0701,16.2166,17.0654,3641150,18528,16.79802565
FR0010220475,35428035,ALO,EUR,2022-10-05,17.089,17.2021,16.3628,16.608,2558134,13777,16.7164475
FR0010220475,35428035,ALO,EUR,2022-10-06,16.7542,17.0182,16.3722,16.509,2398896,11822,16.59808845
FR0010220475,35428035,ALO,EUR,2022-10-07,16.608,16.6316,15.7356,15.9054,2418880,12988,16.0807981
FR0010220475,35428035,ALO,EUR,2022-10-10,15.8677,16.2779,15.6083,15.9761,2509493,12220,16.04165945
FR0010220475,35428035,ALO,EUR,2022-10-11,15.9761,16.1129,15.5894,16.0374,2790265,11681,15.91151165
FR0010220475,35428035,ALO,EUR,2022-10-12,16.1647,16.2685,15.6083,16.1553,3091163,13850,16.05297665
FR0010220475,35428035,ALO,EUR,2022-10-13,16.1364,17.0607,15.9573,16.7872,3955412,16294,16.54150245
FR0010220475,35428035,ALO,EUR,2022-10-14,17.0984,17.2587,16.6174,16.6929,2168413,11727,16.83292035
FR0010220475,35428035,ALO,EUR,2022-10-17,16.8768,17.1503,16.6127,17.0748,2020427,10991,16.9078968
FR0010220475,35428035,ALO,EUR,2022-10-18,17.4426,18.1028,17.155,17.8057,3611272,18251,17.7548006
FR0010220475,35428035,ALO,EUR,2022-10-19,17.9943,18.3716,17.8576,18.0604,3072060,13285,18.1207234
FR0010220475,35428035,ALO,EUR,2022-10-20,18.15,18.3244,17.867,18.2773,2685458,13162,18.11176395
FR0010220475,35428035,ALO,EUR,2022-10-21,18.1122,18.2961,17.8152,18.0226,2476942,13080,17.98350235
FR0010220475,35428035,ALO,EUR,2022-10-24,18.2726,18.6262,18.0556,18.183,1291849,9717,18.2565298
FR0010220475,35428035,ALO,EUR,2022-10-25,18.2678,18.4046,17.1644,18.1547,3395108,16657,17.8330779
FR0010220475,35428035,ALO,EUR,2022-10-26,18.117,19.1261,18.117,19.0978,2577141,12272,18.8355932
FR0010220475,35428035,ALO,EUR,2022-10-27,18.9752,19.3147,18.862,19.1732,2449363,12071,19.1109784
FR0010220475,35428035,ALO,EUR,2022-10-28,19.0318,19.6542,18.862,19.5316,1852689,9530,19.33355
FR0010220475,35428035,ALO,EUR,2022-10-31,19.6353,19.9749,19.3524,19.6731,2622473,10458,19.73389595
FR0010220475,35428035,ALO,EUR,2022-11-01,19.7202,20.2578,19.7202,19.8805,2411698,12217,19.90836945
FR0010220475,35428035,ALO,EUR,2022-11-02,19.9654,20.1258,19.4514,19.8051,2101681,9687,19.72918045
FR0010220475,35428035,ALO,EUR,2022-11-03,19.7108,19.8145,19.3524,19.6448,2970907,13849,19.54999145
FR0010220475,35428035,ALO,EUR,2022-11-04,19.8617,20.6162,19.475,20.4841,2216108,11483,20.2379829
FR0010220475,35428035,ALO,EUR,2022-11-07,20.5973,21.1915,20.1352,21.0217,2482217,12713,20.91277095
FR0010220475,35428035,ALO,EUR,2022-11-08,21.0594,21.7762,20.8331,21.729,2448043,13019,21.370646
FR0010220475,35428035,ALO,EUR,2022-11-09,21.6441,21.8328,21.3046,21.5498,1844635,9296,21.53050145
FR0010220475,35428035,ALO,EUR,2022-11-10,21.4178,22.6438,21.3895,22.6344,3890914,17217,22.3071443
FR0010220475,35428035,ALO,EUR,2022-11-11,22.6061,23.37,22.559,23.1531,2532610,13199,22.96967205
FR0010220475,35428035,ALO,EUR,2022-11-14,23.3134,23.4549,22.6627,23.0399,3219769,15676,22.99136335
FR0010220475,35428035,ALO,EUR,2022-11-15,22.9268,23.3417,21.8422,22.5212,3884383,21094,22.4184301
FR0010220475,35428035,ALO,EUR,2022-11-16,22.3798,24.3225,21.9365,24.1339,10346062,43820,23.68548495
FR0010220475,35428035,ALO,EUR,2022-11-17,24.1245,24.1622,22.6627,23.3606,5758036,32092,23.2172358
FR0010220475,35428035,ALO,EUR,2022-11-18,23.4643,23.8699,22.3892,23.106,3899667,21849,23.01682705
FR0010220475,35428035,ALO,EUR,2022-11-21,23.0494,23.4077,22.8042,22.8796,1321786,8308,23.04606315
FR0010220475,35428035,ALO,EUR,2022-11-22,23.0116,23.0116,22.3703,22.8042,2575672,11439,22.75747455
FR0010220475,35428035,ALO,EUR,2022-11-23,22.8796,23.304,22.691,22.9928,2467612,12398,22.96118415
FR0010220475,35428035,ALO,EUR,2022-11-24,22.9739,23.6011,22.9739,23.2663,2549349,10783,23.29504155
FR0010220475,35428035,ALO,EUR,2022-11-25,23.3134,23.3983,23.1154,23.2757,1439865,7177,23.24411415
FR0010220475,35428035,ALO,EUR,2022-11-28,23.172,23.7001,22.9268,23.1342,2504041,14623,23.23468315
FR0010220475,35428035,ALO,EUR,2022-11-29,23.2568,23.4266,22.8796,23.1625,1687795,11070,23.1389585
FR0010220475,35428035,ALO,EUR,2022-11-30,23.4266,23.9264,23.3512,23.4455,3384110,14923,23.53553205
FR0010220475,35428035,ALO,EUR,2022-12-01,23.7001,24.0302,23.1154,23.3606,2305749,12925,23.42141695
FR0010220475,35428035,ALO,EUR,2022-12-02,23.2946,23.4643,22.9173,23.3134,1892676,10232,23.21487805
FR0010220475,35428035,ALO,EUR,2022-12-05,23.4077,23.6529,23.1625,23.5021,1860020,10159,23.4681004
FR0010220475,35428035,ALO,EUR,2022-12-06,23.3889,23.4832,23.0494,23.2003,1380414,7631,23.27712265
FR0010220475,35428035,ALO,EUR,2022-12-07,23.1342,23.1342,22.1157,22.4741,2439272,14547,22.54150465
FR0010220475,35428035,ALO,EUR,2022-12-08,22.4741,22.4741,22.0497,22.1629,1701361,8615,22.191143
FR0010220475,35428035,ALO,EUR,2022-12-09,22.3232,22.7664,22.2383,22.6721,1553662,8636,22.56036665
FR0010220475,35428035,ALO,EUR,2022-12-12,22.5778,22.7759,22.0025,22.4081,2137494,10626,22.38872245
FR0010220475,35428035,ALO,EUR,2022-12-13,22.5401,23.1531,22.342,22.8607,2583029,11373,22.76501935
FR0010220475,35428035,ALO,EUR,2022-12-14,22.9739,22.9739,22.2666,22.6155,1601694,8500,22.5108539
FR0010220475,35428035,ALO,EUR,2022-12-15,22.4269,22.6155,21.6724,21.9176,2604604,13801,22.09824765
FR0010220475,35428035,ALO,EUR,2022-12-16,21.8894,21.9837,21.2858,21.5215,2950515,13480,21.50598085
FR0010220475,35428035,ALO,EUR,2022-12-19,21.597,21.9271,21.4178,21.7667,1670142,9586,21.738455
FR0010220475,35428035,ALO,EUR,2022-12-20,21.5781,21.5876,21.2575,21.3706,1638055,8397,21.4074269
FR0010220475,35428035,ALO,EUR,2022-12-21,21.4838,21.8799,21.2905,21.7479,2351088,11666,21.58520125
FR0010220475,35428035,ALO,EUR,2022-12-22,21.7196,21.9742,21.3989,21.465,1863278,9684,21.6564053
FR0010220475,35428035,ALO,EUR,2022-12-23,21.531,21.8988,21.2952,21.6913,1230909,6840,21.6762104
FR0010220475,35428035,ALO,EUR,2022-12-27,21.7762,21.9742,21.6536,21.8328,894315,4830,21.8252202
FR0010220475,35428035,ALO,EUR,2022-12-28,22.078,22.1346,21.4508,21.5215,1311751,6303,21.6780966
FR0010220475,35428035,ALO,EUR,2022-12-29,21.4838,21.8705,21.2858,21.8233,850931,4662,21.63329935
FR0010220475,35428035,ALO,EUR,2022-12-30,21.7573,21.7573,21.4932,21.5215,968971,5055,21.5715263
FR0010220475,35428035,ALO,EUR,2023-01-02,21.6064,22.2572,21.6064,22.0497,1112242,5930,22.04920645
FR0010220475,35428035,ALO,EUR,2023-01-03,21.9648,22.5118,21.8328,21.8988,2002199,11149,22.12088205
FR0010220475,35428035,ALO,EUR,2023-01-04,21.9459,23.3889,21.9271,23.3134,3460141,18237,22.9465661
FR0010220475,35428035,ALO,EUR,2023-01-05,23.1437,23.6058,23.0871,23.304,2322301,12745,23.3719042
FR0010220475,35428035,ALO,EUR,2023-01-06,23.3983,23.6058,23.172,23.4738,1851585,8352,23.46008405
FR0010220475,35428035,ALO,EUR,2023-01-09,23.7095,24.0491,23.106,23.2286,2085896,11444,23.304001
FR0010220475,35428035,ALO,EUR,2023-01-10,23.1248,23.4549,22.8419,23.3417,1485828,9042,23.15263345
FR0010220475,35428035,ALO,EUR,2023-01-11,23.5303,24.1622,23.4077,23.5869,3180577,16837,23.7349977
FR0010220475,35428035,ALO,EUR,2023-01-12,23.719,24.0208,23.5586,23.9359,2225287,11412,23.8472266
FR0010220475,35428035,ALO,EUR,2023-01-13,23.9642,24.4546,23.9359,24.2848,2022780,12123,24.2433286
FR0010220475,35428035,ALO,EUR,2023-01-16,24.4263,24.6998,24.1528,24.4734,1917485,9818,24.44373735
FR0010220475,35428035,ALO,EUR,2023-01-17,24.5206,24.6055,23.8604,24.3508,2486257,14321,24.22776745
FR0010220475,35428035,ALO,EUR,2023-01-18,24.4829,24.9356,24.3508,24.8224,2283974,13477,24.7214803
FR0010220475,35428035,ALO,EUR,2023-01-19,24.7187,24.7564,23.983,24.0019,2060976,11651,24.209377
FR0010220475,35428035,ALO,EUR,2023-01-20,24.1622,24.5112,24.0962,24.2471,1535443,9117,24.28812585
FR0010220475,35428035,ALO,EUR,2023-01-23,24.3886,25.0865,24.332,25.0676,2330236,12103,24.92094595
FR0010220475,35428035,ALO,EUR,2023-01-24,25.1996,25.3694,24.8413,25.1902,2046819,12039,25.1043789
FR0010220475,35428035,ALO,EUR,2023-01-25,25.3222,25.9635,24.6998,24.945,4561347,23757,25.12276935
FR0010220475,35428035,ALO,EUR,2023-01-26,25.0582,25.7891,24.7658,25.5957,2932717,16806,25.4052278
FR0010220475,35428035,ALO,EUR,2023-01-27,25.6052,26.3219,25.4731,26.3031,2853649,14263,25.9993808
FR0010220475,35428035,ALO,EUR,2023-01-30,26.1333,26.2748,25.9353,26.0767,2903120,14765,26.09321925
FR0010220475,35428035,ALO,EUR,2023-01-31,25.9918,26.0861,25.5957,25.6523,2545729,13068,25.7343697
FR0010220475,35428035,ALO,EUR,2023-02-01,25.6995,25.9635,25.4637,25.7561,1637802,10541,25.7588903
FR0010220475,35428035,ALO,EUR,2023-02-02,25.9541,26.8029,25.8409,26.6897,3151560,16440,26.45725585
FR0010220475,35428035,ALO,EUR,2023-02-03,26.4634,26.586,26.0767,26.5388,2490660,16730,26.36200275
FR0010220475,35428035,ALO,EUR,2023-02-06,26.1993,26.3974,25.6712,25.7938,2546883,13668,25.83103745
FR0010220475,35428035,ALO,EUR,2023-02-07,25.7278,25.9824,25.4826,25.6712,2613796,12995,25.66316565
FR0010220475,35428035,ALO,EUR,2023-02-08,25.8126,26.0201,25.3694,25.6995,1945026,10693,25.8183056
FR0010220475,35428035,ALO,EUR,2023-02-09,25.8126,26.0673,25.5014,25.6523,1584478,9699,25.77445145
FR0010220475,35428035,ALO,EUR,2023-02-10,25.4826,25.6052,25.0582,25.3788,2239324,13062,25.2854541
FR0010220475,35428035,ALO,EUR,2023-02-13,25.3977,25.4543,25.2562,25.3694,1313952,8174,25.33590995
FR0010220475,35428035,ALO,EUR,2023-02-14,25.4071,25.7089,25.2845,25.3694,1626658,8736,25.4665293
FR0010220475,35428035,ALO,EUR,2023-02-15,25.3883,25.8032,25.2939,25.6995,1590876,9194,25.5551807
FR0010220475,35428035,ALO,EUR,2023-02-16,25.8598,26.2559,25.7372,25.9353,623660,5370,26.02060055
FR0010220475,35428035,ALO,EUR,2023-02-17,25.9824,25.9824,25.6429,25.7655,1478772,9415,25.78199625
FR0010220475,35428035,ALO,EUR,2023-02-20,25.8126,26.0013,25.7278,25.7844,608414,4312,25.80463065
FR0010220475,35428035,ALO,EUR,2023-02-21,25.7938,25.7938,25.3411,25.4731,1342368,8346,25.52358685
FR0010220475,35428035,ALO,EUR,2023-02-22,25.3883,25.5297,25.1808,25.3883,1742725,9629,25.33590995
FR0010220475,35428035,ALO,EUR,2023-02-23,25.4826,25.6146,25.36,25.3977,1581118,8645,25.4420087
FR0010220475,35428035,ALO,EUR,2023-02-24,25.4448,26.4445,25.4448,25.8787,3266762,18200,25.99419375
FR0010220475,35428035,ALO,EUR,2023-02-27,25.6523,26.171,25.6523,25.7938,1652370,11400,25.88007865
FR0010220475,35428035,ALO,EUR,2023-02-28,25.8504,26.3502,25.6712,26.2465,2171704,10261,26.18941545
FR0010220475,35428035,ALO,EUR,2023-03-01,26.3031,26.3502,25.9447,26.0673,1573038,9177,26.15640695
FR0010220475,35428035,ALO,EUR,2023-03-02,25.9541,26.105,25.7655,26.0107,1231460,6740,25.9748602
FR0010220475,35428035,ALO,EUR,2023-03-03,26.0484,26.6049,26.039,26.5577,1637775,8309,26.4030276
FR0010220475,35428035,ALO,EUR,2023-03-06,26.5671,26.8123,26.4257,26.5766,1154445,7128,26.6312578
FR0010220475,35428035,ALO,EUR,2023-03-07,26.4822,26.5954,26.2182,26.2653,988086,5506,26.37520615
FR0010220475,35428035,ALO,EUR,2023-03-08,26.2936,26.5294,26.0673,26.1239,1053594,7167,26.17432585
FR0010220475,35428035,ALO,EUR,2023-03-09,26.1144,26.6331,25.558,26.2936,1376240,7923,26.31013225
FR0010220475,35428035,ALO,EUR,2023-03-10,25.6712,26.039,25.5297,25.8692,2364894,12356,25.80274445
FR0010220475,35428035,ALO,EUR,2023-03-13,25.973,25.973,24.1717,24.2754,4725895,24438,24.530031
FR0010220475,35428035,ALO,EUR,2023-03-14,24.2565,24.6904,24.0585,24.464,2314607,12650,24.4234607
FR0010220475,35428035,ALO,EUR,2023-03-15,24.4923,24.4923,21.8328,21.9082,5597952,26080,22.41324305
FR0010220475,35428035,ALO,EUR,2023-03-16,22.2949,22.691,21.5593,22.3232,4055603,18479,22.14634575
FR0010220475,35428035,ALO,EUR,2023-03-17,22.6533,23.1908,22.276,22.5495,4716323,20327,22.6523189
FR0010220475,35428035,ALO,EUR,2023-03-20,22.3515,22.7381,21.4272,22.4175,3300883,16696,22.25197295
FR0010220475,35428035,ALO,EUR,2023-03-21,22.6344,23.4643,22.6344,23.304,2613009,11937,23.2370409
FR0010220475,35428035,ALO,EUR,2023-03-22,23.3889,23.4077,23.0682,23.238,1525634,10042,23.23468315
FR0010220475,35428035,ALO,EUR,2023-03-23,23.1437,23.4738,22.8419,23.3512,1843928,8872,23.28089505
FR0010220475,35428035,ALO,EUR,2023-03-24,23.2191,23.2568,22.144,22.3986,3335568,17407,22.4448369
FR0010220475,35428035,ALO,EUR,2023-03-27,22.625,23.1437,22.3043,22.6533,1376873,7157,22.6730671
FR0010220475,35428035,ALO,EUR,2023-03-28,23.0494,23.1814,22.7664,22.9362,1775807,9301,22.9145007
FR0010220475,35428035,ALO,EUR,2023-03-29,23.0588,23.3512,22.9173,23.2003,1505420,6481,23.19224365
FR0010220475,35428035,ALO,EUR,2023-03-30,23.3889,23.9359,23.37,23.6247,805387,5792,23.72509515
FR0010220475,35428035,ALO,EUR,2023-03-31,23.6812,23.8416,23.4172,23.6529,1654044,7142,23.5784431
FR0010220475,35428035,ALO,EUR,2023-04-03,23.4455,23.8227,23.4455,23.7001,986693,6378,23.68359875
FR0010220475,35428035,ALO,EUR,2023-04-04,23.719,23.7378,22.3137,22.3892,5016251,22569,22.91685845
FR0010220475,35428035,ALO,EUR,2023-04-05,22.4646,22.5307,21.7385,21.9176,3191743,16917,22.0100678
FR0010220475,35428035,ALO,EUR,2023-04-06,21.9365,22.276,21.8045,22.1534,2331267,11512,22.0298729
FR0010220475,35428035,ALO,EUR,2023-04-11,22.2949,22.6438,22.276,22.342,2193564,9638,22.38589315
FR0010220475,35428035,ALO,EUR,2023-04-12,22.3798,22.7004,22.3703,22.5307,1624402,8310,22.5363176
FR0010220475,35428035,ALO,EUR,2023-04-13,22.5967,22.6627,21.2575,21.3141,5247453,22314,21.6469743
FR0010220475,35428035,ALO,EUR,2023-04-14,21.3141,21.3141,19.5033,20.6728,7949892,36984,20.4737579
FR0010220475,35428035,ALO,EUR,2023-04-17,21.1349,21.1349,20.3332,20.7576,3016090,14220,20.61192205
FR0010220475,35428035,ALO,EUR,2023-04-18,20.8519,21.2386,20.701,21.0783,2518498,12106,21.0094387
FR0010220475,35428035,ALO,EUR,2023-04-19,21.1726,21.2292,20.7576,21.1537,2109342,12027,21.0000077
FR0010220475,35428035,ALO,EUR,2023-04-20,21.1443,21.2198,20.3049,20.5219,2729353,13459,20.62163598
FR0010220475,35428035,ALO,EUR,2023-04-21,20.5313,20.5879,20.2106,20.4558,1856350,9777,20.41585156
FR0010220475,35428035,ALO,EUR,2023-04-24,20.437,20.701,20.3804,20.437,1267809,5964,20.52883494
FR0010220475,35428035,ALO,EUR,2023-04-25,20.4936,20.9934,20.2578,20.8519,2317145,9660,20.71783218
FR0010220475,35428035,ALO,EUR,2023-04-26,20.7671,21.15,20.7048,20.8425,1919597,8893,20.880234
FR0010220475,35428035,ALO,EUR,2023-04-27,20.7482,21.3141,20.569,21.0217,2093114,9074,21.02245348
FR0010220475,35428035,ALO,EUR,2023-04-28,21.1066,21.597,20.9651,21.4461,2350883,12637,21.39535522
FR0010220475,35428035,ALO,EUR,2023-05-02,21.6819,21.6913,21.2858,21.3329,2451182,11408,21.43930368
FR0010220475,35428035,ALO,EUR,2023-05-03,21.4272,21.6347,21.2952,21.4178,1590952,7544,21.4904197
FR0010220475,35428035,ALO,EUR,2023-05-04,21.4084,21.5687,21.1349,21.3801,1991445,8149,21.3913942
FR0010220475,35428035,ALO,EUR,2023-05-05,21.4838,21.9271,21.3329,21.8516,1716875,6948,21.76127802
FR0010220475,35428035,ALO,EUR,2023-05-08,21.8705,22.6533,21.8705,22.5778,2507687,9596,22.47652506
FR0010220475,35428035,ALO,EUR,2023-05-09,22.4269,22.4646,21.9837,22.3043,3450235,11529,22.21057086
FR0010220475,35428035,ALO,EUR,2023-05-10,22.4458,22.5212,20.8236,21.7667,6069012,27702,21.5422902
FR0010220475,35428035,ALO,EUR,2023-05-11,21.8422,22.7098,21.8233,22.5495,2658258,12440,22.4608696
FR0010220475,35428035,ALO,EUR,2023-05-12,22.6155,23.3606,22.559,23.0777,3437536,16850,23.09689624
FR0010220475,35428035,ALO,EUR,2023-05-15,23.1625,24.5017,23.1625,24.2848,4662502,20989,24.17278472
FR0010220475,35428035,ALO,EUR,2023-05-16,24.2094,24.9356,24.0868,24.8978,3382476,14227,24.68337906
FR0010220475,35428035,ALO,EUR,2023-05-17,24.8507,25.5542,24.8413,25.3694,3131495,15032,25.37429412
FR0010220475,35428035,ALO,EUR,2023-05-18,25.4637,25.6052,25.1242,25.5486,1201436,5774,25.46313414
FR0010220475,35428035,ALO,EUR,2023-05-19,25.4637,26.0107,25.3505,25.7655,2089777,11131,25.85301168
FR0010220475,35428035,ALO,EUR,2023-05-22,25.7844,26.0579,25.5014,25.9353,1809505,9975,25.87055334
FR0010220475,35428035,ALO,EUR,2023-05-23,25.8221,25.9918,25.143,25.4448,2632656,12336,25.44049974
FR0010220475,35428035,ALO,EUR,2023-05-24,25.143,25.3883,24.6715,24.8601,2092379,10289,24.92273784
FR0010220475,35428035,ALO,EUR,2023-05-25,24.9261,25.6995,24.6149,24.9733,1186915,7080,25.0383619
FR0010220475,35428035,ALO,EUR,2023-05-26,25.0959,25.1713,24.7507,25.0204,1043030,5683,25.0072396
FR0010220475,35428035,ALO,EUR,2023-05-29,25.1808,25.2468,24.7941,24.9922,605411,3474,24.95027636
FR0010220475,35428035,ALO,EUR,2023-05-30,24.9733,25.2656,24.5489,24.7092,1429945,9270,24.84936466
FR0010220475,35428035,ALO,EUR,2023-05-31,24.5395,24.5866,24.0773,24.2754,3110567,9966,24.31179766
FR0010220475,35428035,ALO,EUR,2023-06-01,24.3886,24.6715,24.3508,24.5489,1255938,6905,24.52493826
FR0010220475,35428035,ALO,EUR,2023-06-02,24.7847,25.5957,24.7847,25.4165,1803509,9952,25.3543004
FR0010220475,35428035,ALO,EUR,2023-06-05,25.3222,25.7844,25.2656,25.4165,1160558,6397,25.52424702
FR0010220475,35428035,ALO,EUR,2023-06-06,25.36,25.5014,25.1148,25.4731,1126528,6878,25.32845946
FR0010220475,35428035,ALO,EUR,2023-06-07,25.4637,25.7938,25.2091,25.6429,1729195,8968,25.56894996
FR0010220475,35428035,ALO,EUR,2023-06-08,25.6523,26.4445,25.6523,26.3125,2100594,10965,26.2738229
FR0010220475,35428035,ALO,EUR,2023-06-09,26.3408,26.4728,25.9541,26.0107,1522923,8776,26.11387314
FR0010220475,35428035,ALO,EUR,2023-06-12,26.105,26.2653,25.8221,25.8787,1513797,10008,25.93562724
FR0010220475,35428035,ALO,EUR,2023-06-13,26.1616,26.3125,25.8504,26.0956,1463521,7210,26.05860748
FR0010220475,35428035,ALO,EUR,2023-06-14,26.1144,26.1144,25.3505,25.6429,1647903,8953,25.77247094
FR0010220475,35428035,ALO,EUR,2023-06-15,25.4354,25.5109,24.5583,24.945,2241017,12236,24.93952502
FR0010220475,35428035,ALO,EUR,2023-06-16,24.9922,25.36,24.7564,24.9073,2982298,11935,24.93499814
FR0010220475,35428035,ALO,EUR,2023-06-19,24.7658,24.9639,24.4074,24.5489,1760127,8330,24.60397004
FR0010220475,35428035,ALO,EUR,2023-06-20,24.5206,24.6526,24.2565,24.4169,1180269,6449,24.42893068
FR0010220475,35428035,ALO,EUR,2023-06-21,24.53,24.879,24.3169,24.8035,1457883,7856,24.66998704
FR0010220475,35428035,ALO,EUR,2023-06-22,24.5489,25.1619,24.4169,25.1619,1997380,8701,24.96970422
FR0010220475,35428035,ALO,EUR,2023-06-23,25.1053,25.3883,24.7187,25.3411,1297385,7089,25.1590787
FR0010220475,35428035,ALO,EUR,2023-06-26,25.3222,25.6712,24.9827,25.5014,1297077,7304,25.46426586
FR0010220475,35428035,ALO,EUR,2023-06-27,25.5863,25.7372,25.1713,25.6052,1094436,6311,25.4721879
FR0010220475,35428035,ALO,EUR,2023-06-28,25.5863,26.1616,25.5863,26.0107,1374582,8172,26.00296458
FR0010220475,35428035,ALO,EUR,2023-06-29,25.9824,26.2276,25.7749,25.7749,1096890,6902,25.9399655
FR0010220475,35428035,ALO,EUR,2023-06-30,25.8881,26.039,25.5957,25.7655,1837657,7671,25.7598334
FR0010220475,35428035,ALO,EUR,2023-07-03,25.8692,26.039,25.6052,25.6052,1436532,7704,25.74361208
FR0010220475,35428035,ALO,EUR,2023-07-04,25.5769,25.624,24.3508,24.8413,3244141,18592,24.7026183
FR0010220475,35428035,ALO,EUR,2023-07-05,24.6338,24.8884,24.398,24.53,1716864,8616,24.59680248
FR0010220475,35428035,ALO,EUR,2023-07-06,24.3414,24.398,23.2474,23.5115,2594576,13000,23.68010928
FR0010220475,35428035,ALO,EUR,2023-07-07,23.6247,24.0868,23.304,23.9736,1253982,7460,23.83949318
FR0010220475,35428035,ALO,EUR,2023-07-10,23.8699,24.2377,23.6152,24.1811,910882,6328,24.08696262
FR0010220475,35428035,ALO,EUR,2023-07-11,24.2565,24.596,24.2377,24.398,1046541,6473,24.43930478
FR0010220475,35428035,ALO,EUR,2023-07-12,24.5206,25.1525,24.3886,25.077,1209237,6645,24.93669572
FR0010220475,35428035,ALO,EUR,2023-07-13,25.1525,25.624,25.0299,25.4637,1257331,6731,25.45955036
FR0010220475,35428035,ALO,EUR,2023-07-14,25.2751,25.6995,25.2751,25.5297,1143472,6792,25.5476359
FR0010220475,35428035,ALO,EUR,2023-07-17,25.4637,25.5863,25.1713,25.2279,843331,4917,25.26338556
FR0010220475,35428035,ALO,EUR,2023-07-18,25.2279,25.6052,25.0336,25.4543,878600,5002,25.41314984
FR0010220475,35428035,ALO,EUR,2023-07-19,25.6806,25.7844,25.4731,25.5203,1186692,7816,25.61817978
FR0010220475,35428035,ALO,EUR,2023-07-20,25.6429,25.8277,25.3883,25.7183,868123,5548,25.69834328
FR0010220475,35428035,ALO,EUR,2023-07-21,25.6806,25.8881,25.6052,25.8221,1111931,6213,25.793785
FR0010220475,35428035,ALO,EUR,2023-07-24,25.6995,26.2276,25.6712,25.8598,1377279,10739,25.9644861
FR0010220475,35428035,ALO,EUR,2023-07-25,25.9635,26.6992,25.1148,25.3788,2339348,13681,25.67665198
FR0010220475,35428035,ALO,EUR,2023-07-26,25.2845,25.4731,25.128,25.426,1830943,9105,25.3307229
FR0010220475,35428035,ALO,EUR,2023-07-27,25.5486,26.7746,25.492,26.5954,2369447,11561,26.5237444
FR0010220475,35428035,ALO,EUR,2023-07-28,26.6143,26.6143,25.9164,26.2087,981543,6439,26.19403664
FR0010220475,35428035,ALO,EUR,2023-07-31,26.0861,26.4068,25.9635,26.237,876240,5979,26.2502454
FR0010220475,35428035,ALO,EUR,2023-08-01,26.1993,26.3031,25.6806,25.8975,1012939,7244,25.88847224
FR0010220475,35428035,ALO,EUR,2023-08-02,25.6806,25.6806,25.0393,25.3788,1585342,10624,25.28319066
FR0010220475,35428035,ALO,EUR,2023-08-03,25.0865,25.2562,24.879,25.0487,1043072,6617,25.0591101
FR0010220475,35428035,ALO,EUR,2023-08-04,25.2374,25.3505,24.8318,25.1996,917052,5393,25.15323148
FR0010220475,35428035,ALO,EUR,2023-08-07,25.077,25.2562,24.6715,24.9356,807124,5659,24.91745648
FR0010220475,35428035,ALO,EUR,2023-08-08,24.7092,24.8601,24.2754,24.5206,1127081,6715,24.49532492
FR0010220475,35428035,ALO,EUR,2023-08-09,24.7564,25.1902,24.6526,24.6526,988577,6381,24.78994936
FR0010220475,35428035,ALO,EUR,2023-08-10,24.879,25.0016,24.53,24.6715,1062079,6080,24.70110934
FR0010220475,35428035,ALO,EUR,2023-08-11,24.5678,24.5678,24.1999,24.4829,1142004,6155,24.44383166
FR0010220475,35428035,ALO,EUR,2023-08-14,24.4734,24.6338,24.3414,24.5206,537347,4581,24.48910046
FR0010220475,35428035,ALO,EUR,2023-08-15,24.596,24.6715,24.1999,24.332,804162,4488,24.34216548
FR0010220475,35428035,ALO,EUR,2023-08-16,24.2471,24.3886,23.9547,24.0491,861497,5394,24.12298904
FR0010220475,35428035,ALO,EUR,2023-08-17,23.9359,24.0302,23.6435,23.7378,1048658,5235,23.77441928
FR0010220475,35428035,ALO,EUR,2023-08-18,23.6058,23.6152,23.172,23.5115,855542,6621,23.42302022
FR0010220475,35428035,ALO,EUR,2023-08-21,23.5492,23.6397,23.2851,23.4549,705076,5418,23.44716358
FR0010220475,35428035,ALO,EUR,2023-08-22,23.5775,24.0208,23.5398,23.9547,942838,6308,23.90720776
FR0010220475,35428035,ALO,EUR,2023-08-23,24.0208,24.3414,23.9076,24.3414,958543,5987,24.23257726
FR0010220475,35428035,ALO,EUR,2023-08-24,24.4923,24.7658,24.0585,24.1245,877798,5403,24.33631826
FR0010220475,35428035,ALO,EUR,2023-08-25,24.0019,24.1622,23.8416,23.8793,724376,4232,23.97982646
FR0010220475,35428035,ALO,EUR,2023-08-28,24.1245,24.3037,23.8416,24.1999,880674,4247,24.14468034
FR0010220475,35428035,ALO,EUR,2023-08-29,24.2377,24.398,24.0679,24.3037,937596,5060,24.28142984
FR0010220475,35428035,ALO,EUR,2023-08-30,24.3508,24.3791,23.7699,24.0019,1189019,7684,24.0217001
FR0010220475,35428035,ALO,EUR,2023-08-31,24.0962,24.3659,23.8793,24.0585,4123740,8899,24.08054954
FR0010220475,35428035,ALO,EUR,2023-09-01,23.983,23.9981,23.6812,23.6812,1492369,6313,23.76819482
FR0010220475,35428035,ALO,EUR,2023-09-04,23.851,23.8793,23.4455,23.5492,835033,4930,23.61296056
FR0010220475,35428035,ALO,EUR,2023-09-05,23.4266,23.4832,23.1154,23.2663,1060447,4948,23.29570172
FR0010220475,35428035,ALO,EUR,2023-09-06,23.0116,23.5021,22.8702,23.4643,1003521,5600,23.35832356
FR0010220475,35428035,ALO,EUR,2023-09-07,23.37,23.4266,22.6155,22.6533,1534678,7151,22.81717278
FR0010220475,35428035,ALO,EUR,2023-09-08,22.7287,22.8325,22.1063,22.3609,1580150,9858,22.33864384
FR0010220475,35428035,ALO,EUR,2023-09-11,22.2572,22.9701,22.2572,22.7947,1078050,6921,22.81340038
FR0010220475,35428035,ALO,EUR,2023-09-12,22.9079,22.9739,22.5118,22.7853,1013489,5567,22.74926958
FR0010220475,35428035,ALO,EUR,2023-09-13,22.2194,22.3703,21.5593,21.8988,2605569,14465,21.9167009
FR0010220475,35428035,ALO,EUR,2023-09-14,21.9271,23.0116,21.7667,22.9079,1879881,12150,22.63081622
FR0010220475,35428035,ALO,EUR,2023-09-15,23.1154,23.2851,22.625,22.7853,2714221,10440,22.78699358
FR0010220475,35428035,ALO,EUR,2023-09-18,22.6438,22.7853,22.342,22.4081,857129,4904,22.46615096
FR0010220475,35428035,ALO,EUR,2023-09-19,22.342,22.7193,22.2949,22.6627,919673,4340,22.61006802
FR0010220475,35428035,ALO,EUR,2023-09-20,22.7287,22.8325,22.5495,22.691,1181825,5640,22.70362354
FR0010220475,35428035,ALO,EUR,2023-09-21,22.2949,22.4081,22.078,22.2383,1463619,8122,22.2599893
FR0010220475,35428035,ALO,EUR,2023-09-22,22.2006,22.2006,21.795,22.012,1276211,8315,21.97102346
FR0010220475,35428035,ALO,EUR,2023-09-25,21.8988,22.0214,21.2575,21.531,1502149,6915,21.54115848
FR0010220475,35428035,ALO,EUR,2023-09-26,21.4084,21.4272,20.8991,21.116,1420855,7132,21.10789834
FR0010220475,35428035,ALO,EUR,2023-09-27,21.1632,21.5781,21.0877,21.3329,1551222,7352,21.31481448
FR0010220475,35428035,ALO,EUR,2023-09-28,21.3895,21.4932,21.1066,21.4084,1585483,7354,21.34159852
FR0010220475,35428035,ALO,EUR,2023-09-29,21.465,21.6724,21.2763,21.3141,1905678,7391,21.41270826
FR0010220475,35428035,ALO,EUR,2023-10-02,21.3141,21.5083,20.7105,20.9745,1735071,8337,20.99133118
FR0010220475,35428035,ALO,EUR,2023-10-03,20.9368,20.9368,20.2955,20.4558,1434429,6410,20.50714364
FR0010220475,35428035,ALO,EUR,2023-10-04,20.371,20.3898,16.259,20.2389,1815023,7316,19.80943826
FR0010220475,35428035,ALO,EUR,2023-10-05,17.2738,17.2738,12.1754,12.6319,30449302,113433,12.96064606
FR0010220475,35428035,ALO,EUR,2023-10-06,12.7469,13.1562,11.8114,12.53,14842075,58511,12.3772444
FR0010220475,35428035,ALO,EUR,2023-10-09,12.6847,12.6847,12.1792,12.3263,4775823,17769,12.35989136
FR0010220475,35428035,ALO,EUR,2023-10-10,12.5432,13.1902,12.3829,12.8827,6773342,21439,12.95291264
FR0010220475,35428035,ALO,EUR,2023-10-11,13.0582,13.1053,12.6225,12.6432,5618371,18058,12.75674784
FR0010220475,35428035,ALO,EUR,2023-10-12,12.8356,12.9827,12.3678,12.5206,4714729,16076,12.61999834
FR0010220475,35428035,ALO,EUR,2023-10-13,12.547,12.7507,11.934,12.034,6966235,21495,12.20145056
FR0010220475,35428035,ALO,EUR,2023-10-16,12.1905,12.232,11.6567,12.0245,4185322,15949,11.90795784
FR0010220475,35428035,ALO,EUR,2023-10-17,12.1471,12.1471,11.6228,11.7039,2712242,10083,11.75423254
FR0010220475,35428035,ALO,EUR,2023-10-18,11.719,11.817,11.4492,11.5907,3519229,12519,11.6274799
FR0010220475,35428035,ALO,EUR,2023-10-19,11.5341,11.851,11.387,11.7473,2828564,10339,11.6680332
FR0010220475,35428035,ALO,EUR,2023-10-20,11.6718,11.7416,11.387,11.4738,3143529,11093,11.47035944
FR0010220475,35428035,ALO,EUR,2023-10-23,11.5813,11.7227,11.1889,11.5153,2397899,8192,11.40189038
FR0010220475,35428035,ALO,EUR,2023-10-24,11.4926,11.8736,11.3681,11.5624,1928697,7538,11.53203818
FR0010220475,35428035,ALO,EUR,2023-10-25,11.5945,11.6152,11.0286,11.2418,1159122,5844,11.26664984
FR0010220475,35428035,ALO,EUR,2023-10-26,11.1474,11.3229,10.8494,11.2229,3318299,12225,11.08595188
FR0010220475,35428035,ALO,EUR,2023-10-27,11.2135,11.4266,11.1097,11.3832,2114177,7533,11.31701138
FR0010220475,35428035,ALO,EUR,2023-10-30,11.4398,11.8265,11.3776,11.6379,3364204,12173,11.66935354
FR0010220475,35428035,ALO,EUR,2023-10-31,11.719,12.1056,11.6379,12.0245,3889223,12410,11.96114868
FR0010220475,35428035,ALO,EUR,2023-11-01,12.0396,12.1566,11.9774,12.0245,2179970,8961,12.03829426
FR0010220475,35428035,ALO,EUR,2023-11-02,12.1377,12.6564,12.0943,12.4584,4562522,15820,12.48532366
FR0010220475,35428035,ALO,EUR,2023-11-03,12.53,13.4071,12.5281,13.1034,4861842,17054,13.07683598
FR0010220475,35428035,ALO,EUR,2023-11-06,13.4863,13.7221,12.9393,12.9676,3003944,12469,13.09833866
FR0010220475,35428035,ALO,EUR,2023-11-07,12.9865,13.143,12.5753,12.8035,2635232,10999,12.72694588
FR0010220475,35428035,ALO,EUR,2023-11-08,12.813,13.1562,12.6941,12.9016,2960969,11551,12.9270717
FR0010220475,35428035,ALO,EUR,2023-11-09,13.1147,13.1657,12.8016,13.0865,2341874,8686,13.03401924
FR0010220475,35428035,ALO,EUR,2023-11-10,13.2034,13.2185,12.166,12.3603,3604794,12732,12.40138776
FR0010220475,35428035,ALO,EUR,2023-11-13,12.4301,12.911,12.3867,12.6526,2475306,8168,12.5602058
FR0010220475,35428035,ALO,EUR,2023-11-14,12.779,13.5203,12.5904,13.3637,5128973,15221,13.11550308
FR0010220475,35428035,ALO,EUR,2023-11-15,13.4863,13.4863,10.4024,11.3549,23516938,75613,11.27079948
FR0010220475,35428035,ALO,EUR,2023-11-16,11.4077,12.1471,11.2512,11.8548,7292296,25634,11.87098832
FR0010220475,35428035,ALO,EUR,2023-11-17,12.0094,12.0245,11.4681,11.6624,6494416,19845,11.65615014
FR0010220475,35428035,ALO,EUR,2023-11-20,11.7378,12.034,11.6228,11.6661,4153643,13840,11.78950448
FR0010220475,35428035,ALO,EUR,2023-11-21,11.9906,12.0622,11.7171,11.7473,4185804,14463,11.87532658
FR0010220475,35428035,ALO,EUR,2023-11-22,11.7642,12.0679,11.6794,11.7473,3017562,9120,11.8491084
FR0010220475,35428035,ALO,EUR,2023-11-23,11.7699,11.7944,11.5624,11.6284,1754673,5841,11.62823438
FR0010220475,35428035,ALO,EUR,2023-11-24,11.6435,11.6907,11.4492,11.619,1941917,7449,11.58277696
FR0010220475,35428035,ALO,EUR,2023-11-27,11.6661,11.751,11.5058,11.519,1547145,4958,11.5737232
FR0010220475,35428035,ALO,EUR,2023-11-28,11.6247,11.6247,11.1852,11.2418,3606157,10834,11.2662726
FR0010220475,35428035,ALO,EUR,2023-11-29,11.3889,11.5718,10.8211,10.8419,5491860,14985,10.98353122
FR0010220475,35428035,ALO,EUR,2023-11-30,10.9268,11.0211,10.4401,10.723,5363802,13210,10.63873386
FR0010220475,35428035,ALO,EUR,2023-12-01,10.8079,11.1569,10.7325,11.138,5035162,14027,10.96674404
FR0010220475,35428035,ALO,EUR,2023-12-04,11.1229,11.2418,10.723,10.7759,3535237,10247,10.8626258
FR0010220475,35428035,ALO,EUR,2023-12-05,11.1814,11.1814,10.4307,10.5684,4235809,12181,10.54404662
FR0010220475,35428035,ALO,EUR,2023-12-06,10.6061,11.1437,10.3779,10.9362,5062338,13854,10.79340226
FR0010220475,35428035,ALO,EUR,2023-12-07,10.8607,11.0494,10.6797,10.9683,2797820,8842,10.91713698
FR0010220475,35428035,ALO,EUR,2023-12-08,10.7419,11.1569,10.5156,11.0248,4239966,12422,11.04238066
FR0010220475,35428035,ALO,EUR,2023-12-11,11.0211,11.1286,10.6702,10.7004,2595668,8346,10.77152234
FR0010220475,35428035,ALO,EUR,2023-12-12,10.7702,10.7702,10.425,10.4495,3494612,12127,10.54781902
FR0010220475,35428035,ALO,EUR,2023-12-13,10.5533,10.5533,10.044,10.0874,4548397,14223,10.24715874
FR0010220475,35428035,ALO,EUR,2023-12-14,10.2609,11.0211,10.2043,10.9815,6803527,20658,10.68041888
FR0010220475,35428035,ALO,EUR,2023-12-15,10.9456,11.3889,10.8966,11.3644,7180855,14970,11.28456874
FR0010220475,35428035,ALO,EUR,2023-12-18,11.4077,11.6341,11.2078,11.3681,2691237,8698,11.41377344
FR0010220475,35428035,ALO,EUR,2023-12-19,11.3738,11.6944,11.2418,11.5285,3121294,9569,11.52487062
FR0010220475,35428035,ALO,EUR,2023-12-20,11.5435,11.7605,11.3398,11.4926,2470803,7915,11.45413812
FR0010220475,35428035,ALO,EUR,2023-12-21,11.4209,11.619,11.3776,11.519,1505724,4965,11.4954459
FR0010220475,35428035,ALO,EUR,2023-12-22,11.519,11.553,11.2927,11.3229,1815032,6548,11.35907364
FR0010220475,35428035,ALO,EUR,2023-12-27,11.4643,11.6379,11.3851,11.5115,1735856,7957,11.51449652
FR0010220475,35428035,ALO,EUR,2023-12-28,11.6341,11.6341,11.3681,11.4436,1175128,4818,11.46300326
FR0010220475,35428035,ALO,EUR,2023-12-29,11.719,11.719,11.4153,11.487,1371028,3997,11.49620038
