ISIN,conId,Symbol,Currency,date,open,high,low,close,volume,barCount,average
GB0003395000,35151370,FSJ,GBP,2019-01-02,1696.0,1754.0,1696.0,1740.0,12609,97,1739.4
GB0003395000,35151370,FSJ,GBP,2019-01-03,1700.0,1768.0,1700.0,1738.0,11786,141,1753.0
GB0003395000,35151370,FSJ,GBP,2019-01-04,1780.0,1780.0,1734.0,1750.0,10471,102,1753.6
GB0003395000,35151370,FSJ,GBP,2019-01-07,1774.0,1784.0,1736.0,1750.0,21094,266,1754.6
GB0003395000,35151370,FSJ,GBP,2019-01-08,1738.0,1788.0,1738.0,1750.0,13866,268,1757.4
GB0003395000,35151370,FSJ,GBP,2019-01-09,1714.0,1814.0,1714.0,1814.0,14183,186,1799.2
GB0003395000,35151370,FSJ,GBP,2019-01-10,1820.0,1900.0,1810.0,1834.0,17682,215,1860.8
GB0003395000,35151370,FSJ,GBP,2019-01-11,1822.0,1916.0,1822.0,1886.0,17066,169,1886.8
GB0003395000,35151370,FSJ,GBP,2019-01-14,1856.0,1880.0,1842.0,1880.0,21951,258,1870.4
GB0003395000,35151370,FSJ,GBP,2019-01-15,1832.0,1880.0,1828.0,1856.0,21010,225,1859.6
GB0003395000,35151370,FSJ,GBP,2019-01-16,1820.0,1866.0,1778.0,1800.0,12110,137,1810.2
GB0003395000,35151370,FSJ,GBP,2019-01-17,1822.0,1910.0,1784.0,1874.0,18376,275,1862.4
GB0003395000,35151370,FSJ,GBP,2019-01-18,1884.0,1886.0,1870.0,1880.0,12912,199,1878.6
GB0003395000,35151370,FSJ,GBP,2019-01-21,1884.0,1884.0,1848.0,1860.0,11280,61,1860.8
GB0003395000,35151370,FSJ,GBP,2019-01-22,1880.0,1910.0,1828.0,1886.0,16933,230,1871.8
GB0003395000,35151370,FSJ,GBP,2019-01-23,1910.0,1910.0,1880.0,1882.0,10330,169,1896.2
GB0003395000,35151370,FSJ,GBP,2019-01-24,1880.0,1906.0,1868.0,1880.0,20882,87,1886.2
GB0003395000,35151370,FSJ,GBP,2019-01-25,1848.0,1920.0,1848.0,1870.0,9783,113,1904.0
GB0003395000,35151370,FSJ,GBP,2019-01-28,1910.0,1916.0,1872.0,1878.0,7564,140,1893.8
GB0003395000,35151370,FSJ,GBP,2019-01-29,1886.0,1930.0,1886.0,1916.0,11280,217,1916.2
GB0003395000,35151370,FSJ,GBP,2019-01-30,1870.0,1930.0,1870.0,1916.0,12456,163,1915.4
GB0003395000,35151370,FSJ,GBP,2019-01-31,1880.0,1936.0,1880.0,1936.0,17865,291,1921.2
GB0003395000,35151370,FSJ,GBP,2019-02-01,1960.0,1960.0,1900.0,1922.0,10232,163,1922.4
GB0003395000,35151370,FSJ,GBP,2019-02-04,1890.0,1940.0,1890.0,1900.0,9085,62,1902.8
GB0003395000,35151370,FSJ,GBP,2019-02-05,1940.0,1960.0,1846.0,1904.0,14571,169,1893.8
GB0003395000,35151370,FSJ,GBP,2019-02-06,1924.0,1940.0,1902.0,1912.0,14140,106,1917.6
GB0003395000,35151370,FSJ,GBP,2019-02-07,1864.0,1914.0,1858.0,1878.0,12282,166,1881.6
GB0003395000,35151370,FSJ,GBP,2019-02-08,1838.0,1866.0,1818.0,1834.0,9570,144,1839.2
GB0003395000,35151370,FSJ,GBP,2019-02-11,1836.0,1864.0,1822.0,1850.0,17983,109,1848.8
GB0003395000,35151370,FSJ,GBP,2019-02-12,1880.0,1880.0,1774.0,1790.0,15233,235,1802.0
GB0003395000,35151370,FSJ,GBP,2019-02-13,1770.0,1822.0,1770.0,1820.0,15892,146,1811.4
GB0003395000,35151370,FSJ,GBP,2019-02-14,1832.0,1834.0,1784.0,1792.0,17109,151,1797.6
GB0003395000,35151370,FSJ,GBP,2019-02-15,1770.0,1810.0,1770.0,1798.0,22618,181,1798.0
GB0003395000,35151370,FSJ,GBP,2019-02-18,1764.0,1844.0,1764.0,1844.0,24197,262,1836.0
GB0003395000,35151370,FSJ,GBP,2019-02-19,1840.0,1860.0,1838.0,1850.0,22610,89,1850.4
GB0003395000,35151370,FSJ,GBP,2019-02-20,1870.0,1870.0,1826.0,1828.0,7788,125,1837.0
GB0003395000,35151370,FSJ,GBP,2019-02-21,1872.0,1904.0,1838.0,1858.0,15141,139,1859.6
GB0003395000,35151370,FSJ,GBP,2019-02-22,1874.0,1882.0,1850.0,1856.0,6225,63,1860.8
GB0003395000,35151370,FSJ,GBP,2019-02-25,1854.0,1854.0,1806.0,1810.0,7684,115,1820.2
GB0003395000,35151370,FSJ,GBP,2019-02-26,1798.0,1930.0,1798.0,1892.0,40631,248,1885.8
GB0003395000,35151370,FSJ,GBP,2019-02-27,1898.0,1918.0,1882.0,1916.0,7995,118,1909.4
GB0003395000,35151370,FSJ,GBP,2019-02-28,1908.0,1990.0,1902.0,1990.0,10911,132,1971.8
GB0003395000,35151370,FSJ,GBP,2019-03-01,2010.0,2040.0,1994.0,2040.0,16783,181,2021.2
GB0003395000,35151370,FSJ,GBP,2019-03-04,2034.0,2150.0,2034.0,2140.0,24819,215,2098.4
GB0003395000,35151370,FSJ,GBP,2019-03-05,2110.0,2118.0,2080.0,2114.0,22522,195,2104.6
GB0003395000,35151370,FSJ,GBP,2019-03-06,2120.0,2130.0,2094.0,2096.0,12828,263,2103.6
GB0003395000,35151370,FSJ,GBP,2019-03-07,2080.0,2116.0,2080.0,2096.0,14943,181,2098.6
GB0003395000,35151370,FSJ,GBP,2019-03-08,2080.0,2116.0,2080.0,2104.0,12144,108,2104.2
GB0003395000,35151370,FSJ,GBP,2019-03-11,2120.0,2120.0,2100.0,2114.0,31248,223,2109.0
GB0003395000,35151370,FSJ,GBP,2019-03-12,2134.0,2136.0,2100.0,2114.0,18032,203,2114.4
GB0003395000,35151370,FSJ,GBP,2019-03-13,2094.0,2120.0,2060.0,2090.0,21136,164,2088.8
GB0003395000,35151370,FSJ,GBP,2019-03-14,2050.0,2146.0,2050.0,2136.0,27452,276,2126.6
GB0003395000,35151370,FSJ,GBP,2019-03-15,2134.0,2256.0,2130.0,2220.0,56639,370,2214.4
GB0003395000,35151370,FSJ,GBP,2019-03-18,2230.0,2276.0,2210.0,2260.0,28766,247,2252.2
GB0003395000,35151370,FSJ,GBP,2019-03-19,2280.0,2280.0,2154.0,2160.0,25302,136,2165.2
GB0003395000,35151370,FSJ,GBP,2019-03-20,2164.0,2166.0,2120.0,2120.0,16337,114,2139.6
GB0003395000,35151370,FSJ,GBP,2019-03-21,2150.0,2150.0,2074.0,2114.0,11318,171,2117.2
GB0003395000,35151370,FSJ,GBP,2019-03-22,2100.0,2106.0,2074.0,2104.0,47422,100,2091.0
GB0003395000,35151370,FSJ,GBP,2019-03-25,2144.0,2146.0,1972.0,1996.0,14660,160,2003.6
GB0003395000,35151370,FSJ,GBP,2019-03-26,1990.0,2056.0,1934.0,1966.0,28595,327,1990.2
GB0003395000,35151370,FSJ,GBP,2019-03-27,1970.0,1990.0,1902.0,1938.0,12521,226,1938.2
GB0003395000,35151370,FSJ,GBP,2019-03-28,1974.0,1988.0,1900.0,1900.0,19145,169,1926.2
GB0003395000,35151370,FSJ,GBP,2019-03-29,1908.0,1982.0,1900.0,1976.0,20592,354,1939.2
GB0003395000,35151370,FSJ,GBP,2019-04-01,1978.0,1978.0,1912.0,1970.0,5420,78,1960.8
GB0003395000,35151370,FSJ,GBP,2019-04-02,1982.0,1982.0,1936.0,1970.0,17689,229,1958.8
GB0003395000,35151370,FSJ,GBP,2019-04-03,1944.0,1992.0,1944.0,1988.0,15094,148,1983.4
GB0003395000,35151370,FSJ,GBP,2019-04-04,1978.0,1986.0,1898.0,1924.0,10754,165,1932.2
GB0003395000,35151370,FSJ,GBP,2019-04-05,1922.0,1968.0,1906.0,1968.0,28894,199,1954.6
GB0003395000,35151370,FSJ,GBP,2019-04-08,1974.0,1974.0,1940.0,1960.0,16780,115,1958.4
GB0003395000,35151370,FSJ,GBP,2019-04-09,1974.0,1976.0,1930.0,1950.0,6985,87,1953.6
GB0003395000,35151370,FSJ,GBP,2019-04-10,1974.0,1974.0,1942.0,1960.0,11998,107,1954.6
GB0003395000,35151370,FSJ,GBP,2019-04-11,1958.0,2010.0,1954.0,1994.0,11823,110,1989.0
GB0003395000,35151370,FSJ,GBP,2019-04-12,1998.0,2000.0,1970.0,1982.0,13638,171,1990.6
GB0003395000,35151370,FSJ,GBP,2019-04-15,1960.0,1985.0,1955.0,1975.0,11371,117,1975.5
GB0003395000,35151370,FSJ,GBP,2019-04-16,2020.0,2020.0,1960.0,1975.0,8751,177,1986.0
GB0003395000,35151370,FSJ,GBP,2019-04-17,1995.0,2000.0,1940.0,1950.0,10389,149,1955.5
GB0003395000,35151370,FSJ,GBP,2019-04-18,1925.0,1980.0,1920.0,1980.0,13311,235,1946.5
GB0003395000,35151370,FSJ,GBP,2019-04-23,1955.0,2000.0,1935.0,1975.0,16132,174,1967.5
GB0003395000,35151370,FSJ,GBP,2019-04-24,1950.0,1975.0,1945.0,1975.0,4452,33,1973.0
GB0003395000,35151370,FSJ,GBP,2019-04-25,1970.0,1980.0,1935.0,1960.0,15666,135,1968.5
GB0003395000,35151370,FSJ,GBP,2019-04-26,1970.0,1980.0,1930.0,1975.0,22537,136,1971.0
GB0003395000,35151370,FSJ,GBP,2019-04-29,1950.0,1990.0,1945.0,1965.0,27383,134,1976.0
GB0003395000,35151370,FSJ,GBP,2019-04-30,1965.0,1990.0,1950.0,1970.0,34617,134,1970.5
GB0003395000,35151370,FSJ,GBP,2019-05-01,1960.0,1985.0,1925.0,1960.0,5085,134,1958.5
GB0003395000,35151370,FSJ,GBP,2019-05-02,1975.0,1995.0,1940.0,1980.0,6790,121,1976.0
GB0003395000,35151370,FSJ,GBP,2019-05-03,1940.0,1995.0,1940.0,1975.0,19980,154,1975.5
GB0003395000,35151370,FSJ,GBP,2019-05-07,1990.0,1995.0,1945.0,1965.0,12077,196,1967.0
GB0003395000,35151370,FSJ,GBP,2019-05-08,1940.0,2000.0,1940.0,1985.0,8689,169,1977.0
GB0003395000,35151370,FSJ,GBP,2019-05-09,1950.0,1980.0,1945.0,1965.0,20017,140,1965.5
GB0003395000,35151370,FSJ,GBP,2019-05-10,1960.0,2000.0,1945.0,2000.0,10492,129,1985.5
GB0003395000,35151370,FSJ,GBP,2019-05-13,1970.0,2000.0,1945.0,1965.0,9936,88,1967.5
GB0003395000,35151370,FSJ,GBP,2019-05-14,1955.0,1990.0,1940.0,1970.0,19939,201,1969.5
GB0003395000,35151370,FSJ,GBP,2019-05-15,1990.0,2020.0,1980.0,2000.0,16074,143,1999.5
GB0003395000,35151370,FSJ,GBP,2019-05-16,2030.0,2030.0,1985.0,1995.0,6737,115,2000.5
GB0003395000,35151370,FSJ,GBP,2019-05-17,1995.0,2020.0,1975.0,2000.0,5200,162,1992.5
GB0003395000,35151370,FSJ,GBP,2019-05-20,2000.0,2040.0,1985.0,1990.0,7078,94,1998.0
GB0003395000,35151370,FSJ,GBP,2019-05-21,1995.0,2010.0,1980.0,1995.0,6495,79,1993.0
GB0003395000,35151370,FSJ,GBP,2019-05-22,1995.0,2020.0,1960.0,1975.0,19399,210,1979.5
GB0003395000,35151370,FSJ,GBP,2019-05-23,1980.0,1990.0,1930.0,1980.0,6404,182,1968.5
GB0003395000,35151370,FSJ,GBP,2019-05-24,1970.0,2020.0,1960.0,1975.0,7479,153,1981.0
GB0003395000,35151370,FSJ,GBP,2019-05-28,1945.0,1970.0,1940.0,1965.0,14477,116,1963.0
GB0003395000,35151370,FSJ,GBP,2019-05-29,1985.0,2030.0,1955.0,1960.0,8497,98,1972.0
GB0003395000,35151370,FSJ,GBP,2019-05-30,1960.0,2000.0,1960.0,1985.0,4346,112,1982.5
GB0003395000,35151370,FSJ,GBP,2019-05-31,1970.0,2000.0,1945.0,1950.0,7001,108,1954.5
GB0003395000,35151370,FSJ,GBP,2019-06-03,1955.0,1990.0,1940.0,1955.0,16524,166,1956.5
GB0003395000,35151370,FSJ,GBP,2019-06-04,1945.0,2040.0,1940.0,2010.0,28570,245,1993.5
GB0003395000,35151370,FSJ,GBP,2019-06-05,1955.0,2010.0,1950.0,2000.0,11897,89,1981.0
GB0003395000,35151370,FSJ,GBP,2019-06-06,1995.0,2090.0,1965.0,2060.0,8798,110,2048.0
GB0003395000,35151370,FSJ,GBP,2019-06-07,2080.0,2080.0,1960.0,2030.0,25045,303,1997.5
GB0003395000,35151370,FSJ,GBP,2019-06-10,2015.0,2050.0,2000.0,2020.0,5465,114,2023.5
GB0003395000,35151370,FSJ,GBP,2019-06-11,2040.0,2040.0,1975.0,2000.0,8232,147,1991.5
GB0003395000,35151370,FSJ,GBP,2019-06-12,1995.0,2030.0,1875.0,1920.0,10380,135,1939.0
GB0003395000,35151370,FSJ,GBP,2019-06-13,1920.0,1940.0,1780.0,1845.0,37586,495,1837.0
GB0003395000,35151370,FSJ,GBP,2019-06-14,1820.0,1895.0,1820.0,1880.0,12050,184,1874.5
GB0003395000,35151370,FSJ,GBP,2019-06-17,1840.0,1900.0,1840.0,1900.0,17732,184,1887.5
GB0003395000,35151370,FSJ,GBP,2019-06-18,1860.0,1900.0,1855.0,1870.0,17203,126,1871.5
GB0003395000,35151370,FSJ,GBP,2019-06-19,1850.0,1890.0,1830.0,1840.0,17270,352,1854.5
GB0003395000,35151370,FSJ,GBP,2019-06-20,1860.0,1900.0,1850.0,1885.0,11400,227,1879.0
GB0003395000,35151370,FSJ,GBP,2019-06-21,1865.0,1915.0,1850.0,1865.0,97451,103,1865.0
GB0003395000,35151370,FSJ,GBP,2019-06-24,1870.0,1900.0,1860.0,1890.0,14227,226,1880.5
GB0003395000,35151370,FSJ,GBP,2019-06-25,1865.0,1890.0,1855.0,1860.0,13418,219,1868.5
GB0003395000,35151370,FSJ,GBP,2019-06-26,1850.0,1895.0,1845.0,1875.0,12134,217,1867.0
GB0003395000,35151370,FSJ,GBP,2019-06-27,1855.0,1890.0,1850.0,1875.0,7171,137,1870.5
GB0003395000,35151370,FSJ,GBP,2019-06-28,1865.0,1935.0,1865.0,1920.0,21056,293,1907.5
GB0003395000,35151370,FSJ,GBP,2019-07-01,1940.0,1940.0,1890.0,1910.0,5670,103,1910.5
GB0003395000,35151370,FSJ,GBP,2019-07-02,1890.0,1940.0,1870.0,1915.0,6344,144,1909.5
GB0003395000,35151370,FSJ,GBP,2019-07-03,1900.0,1930.0,1870.0,1900.0,9983,234,1900.0
GB0003395000,35151370,FSJ,GBP,2019-07-04,1890.0,1950.0,1890.0,1920.0,6152,187,1925.0
GB0003395000,35151370,FSJ,GBP,2019-07-05,1915.0,1950.0,1890.0,1920.0,9497,198,1912.0
GB0003395000,35151370,FSJ,GBP,2019-07-08,1900.0,1930.0,1860.0,1895.0,6682,173,1894.5
GB0003395000,35151370,FSJ,GBP,2019-07-09,1880.0,1905.0,1860.0,1890.0,9297,254,1885.0
GB0003395000,35151370,FSJ,GBP,2019-07-10,1880.0,1910.0,1860.0,1900.0,9171,255,1895.0
GB0003395000,35151370,FSJ,GBP,2019-07-11,1900.0,1910.0,1885.0,1890.0,10050,61,1891.5
GB0003395000,35151370,FSJ,GBP,2019-07-12,1890.0,1940.0,1880.0,1920.0,5173,177,1911.0
GB0003395000,35151370,FSJ,GBP,2019-07-15,1885.0,1940.0,1885.0,1910.0,5785,76,1915.5
GB0003395000,35151370,FSJ,GBP,2019-07-16,1905.0,1965.0,1900.0,1950.0,18465,229,1942.0
GB0003395000,35151370,FSJ,GBP,2019-07-17,1945.0,2000.0,1940.0,2000.0,19969,131,1995.5
GB0003395000,35151370,FSJ,GBP,2019-07-18,1940.0,2060.0,1940.0,2020.0,8370,97,2011.0
GB0003395000,35151370,FSJ,GBP,2019-07-19,2025.0,2030.0,1980.0,2010.0,6532,161,2007.5
GB0003395000,35151370,FSJ,GBP,2019-07-22,2005.0,2060.0,1985.0,2055.0,13469,311,2047.0
GB0003395000,35151370,FSJ,GBP,2019-07-23,2070.0,2070.0,2030.0,2055.0,6249,103,2054.0
GB0003395000,35151370,FSJ,GBP,2019-07-24,2055.0,2090.0,2020.0,2075.0,11192,188,2068.5
GB0003395000,35151370,FSJ,GBP,2019-07-25,2080.0,2100.0,2040.0,2085.0,12852,65,2086.0
GB0003395000,35151370,FSJ,GBP,2019-07-26,2075.0,2120.0,2070.0,2115.0,5680,115,2109.0
GB0003395000,35151370,FSJ,GBP,2019-07-29,2045.0,2150.0,2040.0,2115.0,10640,129,2099.5
GB0003395000,35151370,FSJ,GBP,2019-07-30,2090.0,2160.0,2080.0,2135.0,15739,149,2128.5
GB0003395000,35151370,FSJ,GBP,2019-07-31,2120.0,2180.0,2120.0,2170.0,13649,146,2165.0
GB0003395000,35151370,FSJ,GBP,2019-08-01,2125.0,2180.0,2120.0,2125.0,18104,214,2144.5
GB0003395000,35151370,FSJ,GBP,2019-08-02,2115.0,2120.0,2080.0,2080.0,15119,78,2086.5
GB0003395000,35151370,FSJ,GBP,2019-08-05,2080.0,2090.0,2020.0,2030.0,13403,226,2038.5
GB0003395000,35151370,FSJ,GBP,2019-08-06,2040.0,2040.0,1960.0,1965.0,14034,236,1972.0
GB0003395000,35151370,FSJ,GBP,2019-08-07,1970.0,2020.0,1960.0,1995.0,6072,164,1989.5
GB0003395000,35151370,FSJ,GBP,2019-08-08,2020.0,2020.0,1985.0,1990.0,5074,61,1991.5
GB0003395000,35151370,FSJ,GBP,2019-08-09,2030.0,2030.0,1985.0,1990.0,8711,222,1990.0
GB0003395000,35151370,FSJ,GBP,2019-08-12,2005.0,2010.0,1945.0,1990.0,6820,130,1991.5
GB0003395000,35151370,FSJ,GBP,2019-08-13,1995.0,2010.0,1965.0,1990.0,6511,165,1988.0
GB0003395000,35151370,FSJ,GBP,2019-08-14,1990.0,2020.0,1990.0,2020.0,8856,119,2013.0
GB0003395000,35151370,FSJ,GBP,2019-08-15,2035.0,2040.0,1985.0,2025.0,11294,158,2008.5
GB0003395000,35151370,FSJ,GBP,2019-08-16,2020.0,2070.0,2020.0,2070.0,9214,109,2060.5
GB0003395000,35151370,FSJ,GBP,2019-08-19,1975.0,2100.0,1975.0,2090.0,6703,90,2086.5
GB0003395000,35151370,FSJ,GBP,2019-08-20,2105.0,2120.0,2090.0,2105.0,3507,74,2105.0
GB0003395000,35151370,FSJ,GBP,2019-08-21,2105.0,2130.0,2100.0,2100.0,8351,69,2107.0
GB0003395000,35151370,FSJ,GBP,2019-08-22,2095.0,2140.0,2070.0,2115.0,19520,129,2115.5
GB0003395000,35151370,FSJ,GBP,2019-08-23,2120.0,2170.0,2120.0,2150.0,4689,55,2149.5
GB0003395000,35151370,FSJ,GBP,2019-08-27,2170.0,2170.0,2100.0,2125.0,9662,192,2134.5
GB0003395000,35151370,FSJ,GBP,2019-08-28,2090.0,2110.0,1980.0,2005.0,21533,243,2023.5
GB0003395000,35151370,FSJ,GBP,2019-08-29,1990.0,2020.0,1975.0,1985.0,15225,195,1992.0
GB0003395000,35151370,FSJ,GBP,2019-08-30,2005.0,2010.0,1980.0,1990.0,16337,238,1990.5
GB0003395000,35151370,FSJ,GBP,2019-09-02,2005.0,2050.0,2000.0,2045.0,9026,128,2028.5
GB0003395000,35151370,FSJ,GBP,2019-09-03,2060.0,2080.0,2040.0,2065.0,8726,84,2061.0
GB0003395000,35151370,FSJ,GBP,2019-09-04,2075.0,2080.0,2050.0,2050.0,9813,188,2055.0
GB0003395000,35151370,FSJ,GBP,2019-09-05,2075.0,2100.0,2050.0,2095.0,14805,98,2088.5
GB0003395000,35151370,FSJ,GBP,2019-09-06,2055.0,2070.0,2040.0,2055.0,8731,118,2053.5
GB0003395000,35151370,FSJ,GBP,2019-09-09,2095.0,2120.0,2000.0,2030.0,15557,198,2034.5
GB0003395000,35151370,FSJ,GBP,2019-09-10,2070.0,2080.0,2000.0,2035.0,6197,97,2031.5
GB0003395000,35151370,FSJ,GBP,2019-09-11,2065.0,2070.0,1990.0,2005.0,11773,119,2023.0
GB0003395000,35151370,FSJ,GBP,2019-09-12,2050.0,2070.0,1955.0,2020.0,10217,183,2016.0
GB0003395000,35151370,FSJ,GBP,2019-09-13,2020.0,2090.0,2010.0,2085.0,12670,140,2070.0
GB0003395000,35151370,FSJ,GBP,2019-09-16,2075.0,2100.0,1990.0,2020.0,12301,228,2032.0
GB0003395000,35151370,FSJ,GBP,2019-09-17,2045.0,2060.0,2020.0,2020.0,5313,75,2027.5
GB0003395000,35151370,FSJ,GBP,2019-09-18,2080.0,2090.0,2020.0,2050.0,12624,129,2042.5
GB0003395000,35151370,FSJ,GBP,2019-09-19,2090.0,2090.0,2040.0,2060.0,12907,51,2057.0
GB0003395000,35151370,FSJ,GBP,2019-09-20,2080.0,2080.0,2050.0,2080.0,23824,124,2079.0
GB0003395000,35151370,FSJ,GBP,2019-09-23,2025.0,2090.0,2020.0,2085.0,11845,114,2075.5
GB0003395000,35151370,FSJ,GBP,2019-09-24,2075.0,2100.0,2010.0,2030.0,27744,193,2039.5
GB0003395000,35151370,FSJ,GBP,2019-09-25,2030.0,2030.0,2000.0,2005.0,24154,181,2016.0
GB0003395000,35151370,FSJ,GBP,2019-09-26,2000.0,2060.0,2000.0,2045.0,12387,93,2041.0
GB0003395000,35151370,FSJ,GBP,2019-09-27,2075.0,2110.0,2020.0,2100.0,12043,110,2086.0
GB0003395000,35151370,FSJ,GBP,2019-09-30,2125.0,2130.0,2050.0,2055.0,17491,177,2073.0
GB0003395000,35151370,FSJ,GBP,2019-10-01,2060.0,2070.0,2000.0,2005.0,2750,20,2017.0
GB0003395000,35151370,FSJ,GBP,2019-10-02,2030.0,2030.0,1985.0,2000.0,7945,129,2004.5
GB0003395000,35151370,FSJ,GBP,2019-10-03,1970.0,2030.0,1970.0,1970.0,4547,67,1979.0
GB0003395000,35151370,FSJ,GBP,2019-10-04,2010.0,2010.0,1955.0,1965.0,5213,95,1964.0
GB0003395000,35151370,FSJ,GBP,2019-10-07,2020.0,2020.0,1920.0,1925.0,10963,204,1948.0
GB0003395000,35151370,FSJ,GBP,2019-10-08,1985.0,1990.0,1910.0,1925.0,11892,150,1926.5
GB0003395000,35151370,FSJ,GBP,2019-10-09,1905.0,1915.0,1830.0,1860.0,13074,208,1865.5
GB0003395000,35151370,FSJ,GBP,2019-10-10,1855.0,1895.0,1810.0,1880.0,8683,131,1851.5
GB0003395000,35151370,FSJ,GBP,2019-10-11,1885.0,2060.0,1885.0,2060.0,26886,440,1996.0
GB0003395000,35151370,FSJ,GBP,2019-10-14,1995.0,2090.0,1975.0,1990.0,20010,276,1997.5
GB0003395000,35151370,FSJ,GBP,2019-10-15,2005.0,2020.0,1990.0,2000.0,30921,374,2002.0
GB0003395000,35151370,FSJ,GBP,2019-10-16,1990.0,1995.0,1975.0,1980.0,23775,390,1983.5
GB0003395000,35151370,FSJ,GBP,2019-10-17,2015.0,2040.0,1960.0,1980.0,32225,243,1995.5
GB0003395000,35151370,FSJ,GBP,2019-10-18,1965.0,2020.0,1965.0,1975.0,18284,168,1976.5
GB0003395000,35151370,FSJ,GBP,2019-10-21,2020.0,2030.0,1960.0,1975.0,18848,223,1977.5
GB0003395000,35151370,FSJ,GBP,2019-10-22,1940.0,2030.0,1940.0,1955.0,23371,104,1956.5
GB0003395000,35151370,FSJ,GBP,2019-10-23,1930.0,1990.0,1930.0,1980.0,24383,229,1979.5
GB0003395000,35151370,FSJ,GBP,2019-10-24,2015.0,2020.0,1950.0,1975.0,8213,119,1970.5
GB0003395000,35151370,FSJ,GBP,2019-10-25,1960.0,1990.0,1940.0,1945.0,10945,98,1948.0
GB0003395000,35151370,FSJ,GBP,2019-10-28,2010.0,2010.0,1950.0,1955.0,9591,49,1957.0
GB0003395000,35151370,FSJ,GBP,2019-10-29,1935.0,2000.0,1935.0,1995.0,7737,71,1985.5
GB0003395000,35151370,FSJ,GBP,2019-10-30,2005.0,2030.0,1935.0,1950.0,23598,202,1957.0
GB0003395000,35151370,FSJ,GBP,2019-10-31,1950.0,1950.0,1925.0,1945.0,15133,120,1944.0
GB0003395000,35151370,FSJ,GBP,2019-11-01,1980.0,2010.0,1945.0,2010.0,14750,127,2002.5
GB0003395000,35151370,FSJ,GBP,2019-11-04,2030.0,2030.0,1975.0,2010.0,10434,74,2001.5
GB0003395000,35151370,FSJ,GBP,2019-11-05,2020.0,2020.0,1880.0,1900.0,24668,390,1929.0
GB0003395000,35151370,FSJ,GBP,2019-11-06,1885.0,1920.0,1860.0,1890.0,4463,86,1886.5
GB0003395000,35151370,FSJ,GBP,2019-11-07,1870.0,1970.0,1870.0,1915.0,12768,127,1918.0
GB0003395000,35151370,FSJ,GBP,2019-11-08,1905.0,1915.0,1870.0,1890.0,7530,174,1896.5
GB0003395000,35151370,FSJ,GBP,2019-11-11,1845.0,1960.0,1840.0,1910.0,10551,147,1912.0
GB0003395000,35151370,FSJ,GBP,2019-11-12,1945.0,1945.0,1855.0,1900.0,18243,90,1900.5
GB0003395000,35151370,FSJ,GBP,2019-11-13,1900.0,1905.0,1850.0,1855.0,4216,78,1861.0
GB0003395000,35151370,FSJ,GBP,2019-11-14,1855.0,1865.0,1840.0,1840.0,5947,66,1845.0
GB0003395000,35151370,FSJ,GBP,2019-11-15,1815.0,1900.0,1795.0,1900.0,28958,253,1873.5
GB0003395000,35151370,FSJ,GBP,2019-11-18,1840.0,1925.0,1820.0,1860.0,18148,188,1863.0
GB0003395000,35151370,FSJ,GBP,2019-11-19,1895.0,1895.0,1830.0,1850.0,18626,243,1863.5
GB0003395000,35151370,FSJ,GBP,2019-11-20,1900.0,1910.0,1830.0,1860.0,12283,180,1857.0
GB0003395000,35151370,FSJ,GBP,2019-11-21,1830.0,1900.0,1825.0,1865.0,14732,231,1865.5
GB0003395000,35151370,FSJ,GBP,2019-11-22,1905.0,1910.0,1840.0,1880.0,10181,73,1881.5
GB0003395000,35151370,FSJ,GBP,2019-11-25,1910.0,1930.0,1880.0,1910.0,15443,155,1905.0
GB0003395000,35151370,FSJ,GBP,2019-11-26,1945.0,1995.0,1935.0,1960.0,24206,342,1960.5
GB0003395000,35151370,FSJ,GBP,2019-11-27,1925.0,1975.0,1910.0,1930.0,33500,219,1947.5
GB0003395000,35151370,FSJ,GBP,2019-11-28,1835.0,1950.0,1810.0,1910.0,28311,267,1898.0
GB0003395000,35151370,FSJ,GBP,2019-11-29,1930.0,1945.0,1870.0,1915.0,9110,149,1920.5
GB0003395000,35151370,FSJ,GBP,2019-12-02,1990.0,1990.0,1895.0,1920.0,19158,191,1924.0
GB0003395000,35151370,FSJ,GBP,2019-12-03,1900.0,1935.0,1870.0,1895.0,11791,183,1897.5
GB0003395000,35151370,FSJ,GBP,2019-12-04,1895.0,1940.0,1800.0,1935.0,16796,229,1916.5
GB0003395000,35151370,FSJ,GBP,2019-12-05,1880.0,2000.0,1880.0,1990.0,16333,223,1985.5
GB0003395000,35151370,FSJ,GBP,2019-12-06,1970.0,2030.0,1940.0,1960.0,9597,206,1962.5
GB0003395000,35151370,FSJ,GBP,2019-12-09,1940.0,2030.0,1940.0,2000.0,17812,151,1994.5
GB0003395000,35151370,FSJ,GBP,2019-12-10,2005.0,2010.0,1935.0,2005.0,14201,228,2000.5
GB0003395000,35151370,FSJ,GBP,2019-12-11,1985.0,1985.0,1930.0,1950.0,16376,260,1953.0
GB0003395000,35151370,FSJ,GBP,2019-12-12,1995.0,2020.0,1930.0,1985.0,13726,187,1979.5
GB0003395000,35151370,FSJ,GBP,2019-12-13,2030.0,2190.0,2000.0,2095.0,42262,574,2098.5
GB0003395000,35151370,FSJ,GBP,2019-12-16,2050.0,2120.0,1995.0,2100.0,33658,376,2091.5
GB0003395000,35151370,FSJ,GBP,2019-12-17,2090.0,2140.0,2030.0,2065.0,30116,219,2065.0
GB0003395000,35151370,FSJ,GBP,2019-12-18,2080.0,2090.0,2030.0,2050.0,45713,252,2052.0
GB0003395000,35151370,FSJ,GBP,2019-12-19,2045.0,2090.0,2020.0,2060.0,12337,67,2059.0
GB0003395000,35151370,FSJ,GBP,2019-12-20,2075.0,2090.0,1955.0,2040.0,26456,182,2020.5
GB0003395000,35151370,FSJ,GBP,2019-12-23,2075.0,2080.0,2010.0,2015.0,7193,102,2026.0
GB0003395000,35151370,FSJ,GBP,2019-12-24,1970.0,2040.0,1965.0,2000.0,820,18,2000.0
GB0003395000,35151370,FSJ,GBP,2019-12-27,1970.0,2080.0,1965.0,2055.0,17451,121,2051.5
GB0003395000,35151370,FSJ,GBP,2019-12-30,2070.0,2070.0,2030.0,2030.0,2115,30,2044.0
GB0003395000,35151370,FSJ,GBP,2019-12-31,2040.0,2040.0,2020.0,2025.0,4024,55,2029.5
GB0003395000,35151370,FSJ,GBP,2020-01-02,1992.0,2050.0,1972.0,2050.0,16026,131,2038.6
GB0003395000,35151370,FSJ,GBP,2020-01-03,2076.0,2120.0,1996.0,2050.0,9611,69,2044.2
GB0003395000,35151370,FSJ,GBP,2020-01-06,2060.0,2060.0,1902.0,1972.0,49776,660,1957.4
GB0003395000,35151370,FSJ,GBP,2020-01-07,1922.0,2026.0,1922.0,2000.0,8050,155,1985.4
GB0003395000,35151370,FSJ,GBP,2020-01-08,1998.0,2006.0,1948.0,1950.0,24413,270,1962.2
GB0003395000,35151370,FSJ,GBP,2020-01-09,1958.0,2000.0,1920.0,2000.0,13047,213,1974.2
GB0003395000,35151370,FSJ,GBP,2020-01-10,2010.0,2020.0,1950.0,1968.0,5197,99,1978.4
GB0003395000,35151370,FSJ,GBP,2020-01-13,1964.0,2000.0,1946.0,1982.0,7750,96,1984.4
GB0003395000,35151370,FSJ,GBP,2020-01-14,1996.0,2006.0,1950.0,1992.0,18836,210,1989.4
GB0003395000,35151370,FSJ,GBP,2020-01-15,1950.0,1992.0,1950.0,1974.0,21569,188,1968.8
GB0003395000,35151370,FSJ,GBP,2020-01-16,2030.0,2030.0,1960.0,2000.0,16061,193,1997.0
GB0003395000,35151370,FSJ,GBP,2020-01-17,1958.0,2026.0,1958.0,2020.0,9996,129,2012.2
GB0003395000,35151370,FSJ,GBP,2020-01-20,2030.0,2106.0,1956.0,2000.0,9605,75,1997.4
GB0003395000,35151370,FSJ,GBP,2020-01-21,2034.0,2046.0,1964.0,2000.0,8729,110,1997.8
GB0003395000,35151370,FSJ,GBP,2020-01-22,1950.0,2026.0,1950.0,2026.0,12211,126,2017.8
GB0003395000,35151370,FSJ,GBP,2020-01-23,2060.0,2060.0,1970.0,1972.0,6055,36,1981.8
GB0003395000,35151370,FSJ,GBP,2020-01-24,1946.0,2040.0,1940.0,2020.0,14317,128,2024.0
GB0003395000,35151370,FSJ,GBP,2020-01-27,2070.0,2070.0,1980.0,1980.0,20348,149,2001.6
GB0003395000,35151370,FSJ,GBP,2020-01-28,1958.0,1992.0,1930.0,1930.0,17962,206,1953.8
GB0003395000,35151370,FSJ,GBP,2020-01-29,1934.0,2006.0,1930.0,1930.0,12153,181,1951.2
GB0003395000,35151370,FSJ,GBP,2020-01-30,1944.0,1968.0,1910.0,1934.0,9657,161,1932.0
GB0003395000,35151370,FSJ,GBP,2020-01-31,1934.0,2000.0,1920.0,1970.0,11036,154,1967.2
GB0003395000,35151370,FSJ,GBP,2020-02-03,1962.0,2002.0,1896.0,1904.0,19258,249,1925.2
GB0003395000,35151370,FSJ,GBP,2020-02-04,1936.0,1948.0,1924.0,1948.0,8179,124,1933.8
GB0003395000,35151370,FSJ,GBP,2020-02-05,1930.0,1988.0,1930.0,1966.0,8599,124,1964.4
GB0003395000,35151370,FSJ,GBP,2020-02-06,2020.0,2020.0,1944.0,1996.0,9846,96,1988.0
GB0003395000,35151370,FSJ,GBP,2020-02-07,2080.0,2080.0,1966.0,1966.0,13617,138,1991.2
GB0003395000,35151370,FSJ,GBP,2020-02-10,1992.0,1992.0,1944.0,1956.0,2696,60,1962.0
GB0003395000,35151370,FSJ,GBP,2020-02-11,1944.0,1964.0,1924.0,1924.0,18546,211,1925.0
GB0003395000,35151370,FSJ,GBP,2020-02-12,1938.0,1964.0,1922.0,1922.0,10372,109,1928.2
GB0003395000,35151370,FSJ,GBP,2020-02-13,1960.0,1960.0,1882.0,1918.0,11947,211,1913.4
GB0003395000,35151370,FSJ,GBP,2020-02-14,1934.0,1940.0,1886.0,1894.0,5874,78,1905.6
GB0003395000,35151370,FSJ,GBP,2020-02-17,1922.0,1934.0,1884.0,1912.0,4480,73,1915.4
GB0003395000,35151370,FSJ,GBP,2020-02-18,1928.0,1934.0,1880.0,1880.0,10610,76,1884.6
GB0003395000,35151370,FSJ,GBP,2020-02-19,1902.0,1902.0,1870.0,1880.0,11315,142,1881.4
GB0003395000,35151370,FSJ,GBP,2020-02-20,1914.0,1914.0,1862.0,1886.0,13344,177,1892.8
GB0003395000,35151370,FSJ,GBP,2020-02-21,1940.0,2000.0,1900.0,1974.0,12660,142,1949.8
GB0003395000,35151370,FSJ,GBP,2020-02-24,1936.0,1994.0,1850.0,1884.0,18756,159,1882.2
GB0003395000,35151370,FSJ,GBP,2020-02-25,1840.0,1870.0,1820.0,1850.0,38200,207,1851.2
GB0003395000,35151370,FSJ,GBP,2020-02-26,1894.0,1894.0,1766.0,1814.0,17721,376,1801.2
GB0003395000,35151370,FSJ,GBP,2020-02-27,1788.0,1850.0,1680.0,1680.0,25101,392,1731.8
GB0003395000,35151370,FSJ,GBP,2020-02-28,1634.0,1886.0,1608.0,1840.0,51530,674,1791.0
GB0003395000,35151370,FSJ,GBP,2020-03-02,1928.0,1928.0,1764.0,1796.0,25496,213,1788.4
GB0003395000,35151370,FSJ,GBP,2020-03-03,1824.0,1882.0,1802.0,1828.0,19594,329,1825.2
GB0003395000,35151370,FSJ,GBP,2020-03-04,1794.0,1900.0,1774.0,1892.0,14175,282,1849.2
GB0003395000,35151370,FSJ,GBP,2020-03-05,1950.0,1950.0,1810.0,1832.0,22426,455,1829.4
GB0003395000,35151370,FSJ,GBP,2020-03-06,1790.0,1852.0,1790.0,1820.0,23434,249,1817.2
GB0003395000,35151370,FSJ,GBP,2020-03-09,1830.0,1830.0,1650.0,1680.0,31769,554,1702.0
GB0003395000,35151370,FSJ,GBP,2020-03-10,1712.0,1800.0,1666.0,1764.0,27746,265,1746.4
GB0003395000,35151370,FSJ,GBP,2020-03-11,1788.0,1872.0,1708.0,1790.0,22814,431,1790.4
GB0003395000,35151370,FSJ,GBP,2020-03-12,1602.0,1716.0,1578.0,1642.0,35226,623,1633.4
GB0003395000,35151370,FSJ,GBP,2020-03-13,1662.0,1756.0,1568.0,1594.0,25388,544,1651.8
GB0003395000,35151370,FSJ,GBP,2020-03-16,1492.0,1524.0,1284.0,1406.0,28722,386,1405.4
GB0003395000,35151370,FSJ,GBP,2020-03-17,1404.0,1676.0,1402.0,1428.0,32742,626,1489.8
GB0003395000,35151370,FSJ,GBP,2020-03-18,1422.0,1478.0,1286.0,1400.0,41899,661,1381.8
GB0003395000,35151370,FSJ,GBP,2020-03-19,1380.0,1510.0,1190.0,1240.0,70624,617,1261.8
GB0003395000,35151370,FSJ,GBP,2020-03-20,1262.0,1434.0,1242.0,1326.0,90567,640,1332.4
GB0003395000,35151370,FSJ,GBP,2020-03-23,1266.0,1342.0,1160.0,1238.0,25373,401,1245.4
GB0003395000,35151370,FSJ,GBP,2020-03-24,1300.0,1300.0,1206.0,1290.0,6539,170,1268.4
GB0003395000,35151370,FSJ,GBP,2020-03-25,1314.0,1366.0,1248.0,1300.0,52193,364,1303.4
GB0003395000,35151370,FSJ,GBP,2020-03-26,1250.0,1364.0,1208.0,1298.0,24290,363,1291.4
GB0003395000,35151370,FSJ,GBP,2020-03-27,1310.0,1310.0,1236.0,1284.0,22392,129,1278.6
GB0003395000,35151370,FSJ,GBP,2020-03-30,1310.0,1310.0,1190.0,1256.0,19443,284,1247.6
GB0003395000,35151370,FSJ,GBP,2020-03-31,1300.0,1300.0,1228.0,1258.0,12025,148,1261.8
GB0003395000,35151370,FSJ,GBP,2020-04-01,1228.0,1330.0,1200.0,1328.0,49198,477,1300.6
GB0003395000,35151370,FSJ,GBP,2020-04-02,1350.0,1438.0,1308.0,1378.0,15780,272,1361.2
GB0003395000,35151370,FSJ,GBP,2020-04-03,1404.0,1404.0,1276.0,1310.0,30707,267,1311.8
GB0003395000,35151370,FSJ,GBP,2020-04-06,1358.0,1422.0,1292.0,1394.0,15680,200,1382.4
GB0003395000,35151370,FSJ,GBP,2020-04-07,1446.0,1516.0,1366.0,1366.0,34015,340,1404.4
GB0003395000,35151370,FSJ,GBP,2020-04-08,1366.0,1516.0,1366.0,1460.0,66994,401,1436.6
GB0003395000,35151370,FSJ,GBP,2020-04-09,1480.0,1522.0,1422.0,1470.0,28194,198,1467.6
GB0003395000,35151370,FSJ,GBP,2020-04-14,1490.0,1512.0,1406.0,1406.0,23550,175,1468.4
GB0003395000,35151370,FSJ,GBP,2020-04-15,1426.0,1426.0,1280.0,1292.0,13344,195,1326.8
GB0003395000,35151370,FSJ,GBP,2020-04-16,1336.0,1336.0,1270.0,1284.0,13953,191,1299.4
GB0003395000,35151370,FSJ,GBP,2020-04-17,1322.0,1326.0,1246.0,1324.0,22553,189,1304.5
GB0003395000,35151370,FSJ,GBP,2020-04-20,1324.0,1400.0,1310.0,1342.0,18469,190,1342.1
GB0003395000,35151370,FSJ,GBP,2020-04-21,1318.0,1354.0,1318.0,1320.0,15258,184,1329.2
GB0003395000,35151370,FSJ,GBP,2020-04-22,1318.0,1404.0,1318.0,1404.0,12773,168,1367.9
GB0003395000,35151370,FSJ,GBP,2020-04-23,1372.0,1398.0,1354.0,1366.0,20231,368,1377.4
GB0003395000,35151370,FSJ,GBP,2020-04-24,1360.0,1416.0,1350.0,1350.0,18318,229,1364.0
GB0003395000,35151370,FSJ,GBP,2020-04-27,1420.0,1442.0,1310.0,1322.0,13883,209,1345.3
GB0003395000,35151370,FSJ,GBP,2020-04-28,1356.0,1392.0,1316.0,1380.0,45128,238,1336.6
GB0003395000,35151370,FSJ,GBP,2020-04-29,1378.0,1450.0,1378.0,1428.0,67472,226,1432.3
GB0003395000,35151370,FSJ,GBP,2020-04-30,1462.0,1470.0,1350.0,1354.0,18390,269,1371.3
GB0003395000,35151370,FSJ,GBP,2020-05-01,1288.0,1310.0,1258.0,1302.0,8245,138,1294.7
GB0003395000,35151370,FSJ,GBP,2020-05-04,1310.0,1320.0,1242.0,1264.0,6711,110,1270.3
GB0003395000,35151370,FSJ,GBP,2020-05-05,1288.0,1302.0,1250.0,1264.0,20402,175,1265.3
GB0003395000,35151370,FSJ,GBP,2020-05-06,1288.0,1290.0,1236.0,1248.0,18418,202,1266.5
GB0003395000,35151370,FSJ,GBP,2020-05-07,1274.0,1278.0,1196.0,1196.0,14818,227,1209.7
GB0003395000,35151370,FSJ,GBP,2020-05-11,1234.0,1272.0,1192.0,1226.0,27502,311,1218.8
GB0003395000,35151370,FSJ,GBP,2020-05-12,1268.0,1286.0,1216.0,1284.0,42891,316,1250.2
GB0003395000,35151370,FSJ,GBP,2020-05-13,1280.0,1294.0,1220.0,1242.0,32416,369,1258.0
GB0003395000,35151370,FSJ,GBP,2020-05-14,1244.0,1248.0,1162.0,1162.0,21174,309,1195.0
GB0003395000,35151370,FSJ,GBP,2020-05-15,1196.0,1250.0,1166.0,1186.0,41020,573,1199.8
GB0003395000,35151370,FSJ,GBP,2020-05-18,1232.0,1266.0,1196.0,1218.0,22065,264,1219.5
GB0003395000,35151370,FSJ,GBP,2020-05-19,1250.0,1250.0,1162.0,1162.0,24884,184,1206.8
GB0003395000,35151370,FSJ,GBP,2020-05-20,1170.0,1210.0,1150.0,1150.0,17285,126,1166.8
GB0003395000,35151370,FSJ,GBP,2020-05-21,1166.0,1198.0,1164.0,1194.0,16578,180,1184.7
GB0003395000,35151370,FSJ,GBP,2020-05-22,1180.0,1200.0,1158.0,1188.0,17792,205,1189.0
GB0003395000,35151370,FSJ,GBP,2020-05-26,1212.0,1218.0,1180.0,1192.0,22754,266,1197.9
GB0003395000,35151370,FSJ,GBP,2020-05-27,1200.0,1272.0,1198.0,1238.0,32682,218,1226.8
GB0003395000,35151370,FSJ,GBP,2020-05-28,1250.0,1306.0,1218.0,1280.0,23939,179,1262.9
GB0003395000,35151370,FSJ,GBP,2020-05-29,1240.0,1344.0,1208.0,1254.0,30497,241,1279.8
GB0003395000,35151370,FSJ,GBP,2020-06-01,1278.0,1288.0,1200.0,1250.0,12390,167,1257.2
GB0003395000,35151370,FSJ,GBP,2020-06-02,1286.0,1356.0,1286.0,1294.0,38409,163,1321.0
GB0003395000,35151370,FSJ,GBP,2020-06-03,1340.0,1356.0,1304.0,1324.0,22091,273,1322.6
GB0003395000,35151370,FSJ,GBP,2020-06-04,1324.0,1368.0,1272.0,1278.0,19539,277,1310.2
GB0003395000,35151370,FSJ,GBP,2020-06-05,1294.0,1386.0,1284.0,1378.0,35864,382,1327.0
GB0003395000,35151370,FSJ,GBP,2020-06-08,1354.0,1408.0,1320.0,1392.0,21511,274,1378.3
GB0003395000,35151370,FSJ,GBP,2020-06-09,1402.0,1440.0,1366.0,1380.0,30827,323,1389.7
GB0003395000,35151370,FSJ,GBP,2020-06-10,1366.0,1430.0,1366.0,1422.0,22814,305,1396.4
GB0003395000,35151370,FSJ,GBP,2020-06-11,1388.0,1388.0,1340.0,1370.0,26507,223,1368.7
GB0003395000,35151370,FSJ,GBP,2020-06-12,1400.0,1416.0,1362.0,1380.0,27105,188,1382.1
GB0003395000,35151370,FSJ,GBP,2020-06-15,1366.0,1406.0,1354.0,1366.0,16505,129,1366.4
GB0003395000,35151370,FSJ,GBP,2020-06-16,1420.0,1422.0,1346.0,1360.0,16383,205,1374.0
GB0003395000,35151370,FSJ,GBP,2020-06-17,1382.0,1382.0,1336.0,1342.0,22192,222,1352.0
GB0003395000,35151370,FSJ,GBP,2020-06-18,1336.0,1372.0,1308.0,1308.0,15754,128,1311.9
GB0003395000,35151370,FSJ,GBP,2020-06-19,1316.0,1380.0,1314.0,1380.0,76265,210,1358.3
GB0003395000,35151370,FSJ,GBP,2020-06-22,1304.0,1432.0,1304.0,1400.0,19667,230,1405.2
GB0003395000,35151370,FSJ,GBP,2020-06-23,1390.0,1432.0,1378.0,1378.0,25429,188,1413.6
GB0003395000,35151370,FSJ,GBP,2020-06-24,1364.0,1400.0,1312.0,1312.0,13021,121,1326.2
GB0003395000,35151370,FSJ,GBP,2020-06-25,1318.0,1358.0,1266.0,1334.0,8883,150,1318.7
GB0003395000,35151370,FSJ,GBP,2020-06-26,1342.0,1356.0,1298.0,1312.0,7658,169,1321.5
GB0003395000,35151370,FSJ,GBP,2020-06-29,1308.0,1356.0,1296.0,1356.0,7536,137,1342.1
GB0003395000,35151370,FSJ,GBP,2020-06-30,1360.0,1380.0,1326.0,1364.0,14533,188,1360.3
GB0003395000,35151370,FSJ,GBP,2020-07-01,1382.0,1382.0,1340.0,1372.0,5160,76,1359.8
GB0003395000,35151370,FSJ,GBP,2020-07-02,1380.0,1390.0,1328.0,1350.0,21078,165,1358.6
GB0003395000,35151370,FSJ,GBP,2020-07-03,1398.0,1398.0,1338.0,1350.0,8298,96,1345.0
GB0003395000,35151370,FSJ,GBP,2020-07-06,1372.0,1400.0,1350.0,1400.0,1783,71,1384.1
GB0003395000,35151370,FSJ,GBP,2020-07-07,1362.0,1410.0,1362.0,1400.0,11825,154,1392.1
GB0003395000,35151370,FSJ,GBP,2020-07-08,1366.0,1368.0,1350.0,1364.0,8730,135,1358.9
GB0003395000,35151370,FSJ,GBP,2020-07-09,1398.0,1398.0,1340.0,1340.0,20165,138,1351.1
GB0003395000,35151370,FSJ,GBP,2020-07-10,1330.0,1396.0,1330.0,1372.0,15325,143,1373.1
GB0003395000,35151370,FSJ,GBP,2020-07-13,1412.0,1430.0,1352.0,1392.0,8698,168,1395.1
GB0003395000,35151370,FSJ,GBP,2020-07-14,1374.0,1400.0,1350.0,1400.0,18414,175,1384.3
GB0003395000,35151370,FSJ,GBP,2020-07-15,1420.0,1420.0,1368.0,1380.0,22179,148,1379.0
GB0003395000,35151370,FSJ,GBP,2020-07-16,1372.0,1390.0,1344.0,1344.0,12545,155,1359.6
GB0003395000,35151370,FSJ,GBP,2020-07-17,1328.0,1366.0,1294.0,1294.0,12679,183,1309.2
GB0003395000,35151370,FSJ,GBP,2020-07-20,1296.0,1302.0,1270.0,1286.0,12913,174,1284.3
GB0003395000,35151370,FSJ,GBP,2020-07-21,1296.0,1298.0,1242.0,1242.0,6776,151,1255.0
GB0003395000,35151370,FSJ,GBP,2020-07-22,1256.0,1256.0,1214.0,1214.0,7258,160,1225.3
GB0003395000,35151370,FSJ,GBP,2020-07-23,1222.0,1280.0,1208.0,1250.0,18073,164,1245.9
GB0003395000,35151370,FSJ,GBP,2020-07-24,1232.0,1254.0,1218.0,1218.0,5526,77,1225.5
GB0003395000,35151370,FSJ,GBP,2020-07-27,1218.0,1220.0,1172.0,1180.0,9966,153,1188.3
GB0003395000,35151370,FSJ,GBP,2020-07-28,1196.0,1204.0,1170.0,1190.0,7937,89,1190.0
GB0003395000,35151370,FSJ,GBP,2020-07-29,1190.0,1214.0,1172.0,1180.0,11619,139,1181.3
GB0003395000,35151370,FSJ,GBP,2020-07-30,1190.0,1200.0,1150.0,1176.0,14555,235,1180.4
GB0003395000,35151370,FSJ,GBP,2020-07-31,1136.0,1178.0,1134.0,1144.0,7869,118,1149.6
GB0003395000,35151370,FSJ,GBP,2020-08-03,1136.0,1156.0,1104.0,1122.0,19125,148,1125.7
GB0003395000,35151370,FSJ,GBP,2020-08-04,1118.0,1149.0,1118.0,1138.0,14502,104,1139.9
GB0003395000,35151370,FSJ,GBP,2020-08-05,1130.0,1150.0,1106.0,1106.0,21102,164,1112.2
GB0003395000,35151370,FSJ,GBP,2020-08-06,1100.0,1144.0,1100.0,1104.0,13915,134,1106.7
GB0003395000,35151370,FSJ,GBP,2020-08-07,1110.0,1124.0,1104.0,1104.0,8735,75,1105.6
GB0003395000,35151370,FSJ,GBP,2020-08-10,1108.0,1150.0,1108.0,1126.0,10203,76,1123.2
GB0003395000,35151370,FSJ,GBP,2020-08-11,1156.0,1210.0,1146.0,1196.0,11758,93,1183.2
GB0003395000,35151370,FSJ,GBP,2020-08-12,1206.0,1230.0,1178.0,1216.0,10559,94,1216.0
GB0003395000,35151370,FSJ,GBP,2020-08-13,1216.0,1216.0,1184.0,1194.0,7073,81,1195.2
GB0003395000,35151370,FSJ,GBP,2020-08-14,1194.0,1198.0,1165.0,1176.0,6722,86,1175.6
GB0003395000,35151370,FSJ,GBP,2020-08-17,1182.0,1186.0,1166.0,1170.0,15021,95,1169.3
GB0003395000,35151370,FSJ,GBP,2020-08-18,1150.0,1170.0,1126.0,1160.0,19333,135,1151.7
GB0003395000,35151370,FSJ,GBP,2020-08-19,1162.0,1200.0,1158.0,1170.0,11431,173,1171.2
GB0003395000,35151370,FSJ,GBP,2020-08-20,1156.0,1204.0,1156.0,1190.0,5613,75,1172.1
GB0003395000,35151370,FSJ,GBP,2020-08-21,1170.0,1194.0,1162.0,1174.0,12451,121,1173.1
GB0003395000,35151370,FSJ,GBP,2020-08-24,1194.0,1230.0,1160.0,1230.0,6364,79,1200.3
GB0003395000,35151370,FSJ,GBP,2020-08-25,1196.0,1196.0,1110.0,1116.0,30972,393,1149.1
GB0003395000,35151370,FSJ,GBP,2020-08-26,1138.0,1152.0,1115.0,1150.0,15656,233,1134.4
GB0003395000,35151370,FSJ,GBP,2020-08-27,1150.0,1232.0,1138.0,1232.0,15422,173,1191.7
GB0003395000,35151370,FSJ,GBP,2020-08-28,1224.0,1240.0,1202.0,1228.0,9586,144,1223.5
GB0003395000,35151370,FSJ,GBP,2020-09-01,1250.0,1262.0,1200.0,1262.0,22758,200,1242.0
GB0003395000,35151370,FSJ,GBP,2020-09-02,1252.0,1272.0,1236.0,1250.0,31230,223,1253.7
GB0003395000,35151370,FSJ,GBP,2020-09-03,1262.0,1262.0,1230.0,1234.0,16450,217,1238.4
GB0003395000,35151370,FSJ,GBP,2020-09-04,1260.0,1262.0,1236.0,1240.0,9726,90,1242.6
GB0003395000,35151370,FSJ,GBP,2020-09-07,1252.0,1252.0,1234.0,1246.0,9141,176,1244.1
GB0003395000,35151370,FSJ,GBP,2020-09-08,1254.0,1304.0,1245.0,1304.0,20109,125,1284.1
GB0003395000,35151370,FSJ,GBP,2020-09-09,1254.0,1270.0,1242.0,1260.0,19281,222,1258.2
GB0003395000,35151370,FSJ,GBP,2020-09-10,1288.0,1288.0,1250.0,1260.0,25733,221,1257.3
GB0003395000,35151370,FSJ,GBP,2020-09-11,1256.0,1270.0,1250.0,1260.0,13925,119,1259.7
GB0003395000,35151370,FSJ,GBP,2020-09-14,1260.0,1292.0,1254.0,1254.0,12222,146,1259.8
GB0003395000,35151370,FSJ,GBP,2020-09-15,1262.0,1262.0,1202.0,1206.0,9221,119,1212.1
GB0003395000,35151370,FSJ,GBP,2020-09-16,1214.0,1231.0,1174.0,1200.0,13982,131,1202.1
GB0003395000,35151370,FSJ,GBP,2020-09-17,1244.0,1244.0,1174.0,1192.0,10026,127,1189.4
GB0003395000,35151370,FSJ,GBP,2020-09-18,1216.0,1216.0,1110.0,1178.0,62581,254,1172.0
GB0003395000,35151370,FSJ,GBP,2020-09-21,1164.0,1194.0,1102.0,1156.0,28528,435,1140.1
GB0003395000,35151370,FSJ,GBP,2020-09-22,1128.0,1162.0,1104.0,1110.0,21596,214,1119.4
GB0003395000,35151370,FSJ,GBP,2020-09-23,1140.0,1148.0,1104.0,1112.0,26787,239,1117.6
GB0003395000,35151370,FSJ,GBP,2020-09-24,1100.0,1186.0,1098.0,1178.0,43211,364,1166.1
GB0003395000,35151370,FSJ,GBP,2020-09-25,1182.0,1182.0,1120.0,1150.0,12656,123,1144.7
GB0003395000,35151370,FSJ,GBP,2020-09-28,1162.0,1162.0,1112.0,1112.0,6961,112,1123.6
GB0003395000,35151370,FSJ,GBP,2020-09-29,1112.0,1156.0,1112.0,1156.0,10576,106,1144.7
GB0003395000,35151370,FSJ,GBP,2020-09-30,1156.0,1158.0,1124.0,1134.0,12349,88,1133.7
GB0003395000,35151370,FSJ,GBP,2020-10-01,1140.0,1166.0,1130.0,1144.0,24034,183,1147.5
GB0003395000,35151370,FSJ,GBP,2020-10-02,1134.0,1180.0,1134.0,1180.0,14797,125,1175.5
GB0003395000,35151370,FSJ,GBP,2020-10-05,1190.0,1214.0,1166.0,1198.0,20309,155,1194.6
GB0003395000,35151370,FSJ,GBP,2020-10-06,1204.0,1236.0,1192.0,1230.0,17224,376,1209.8
GB0003395000,35151370,FSJ,GBP,2020-10-07,1252.0,1252.0,1196.0,1242.0,17888,189,1232.0
GB0003395000,35151370,FSJ,GBP,2020-10-08,1254.0,1292.0,1244.0,1288.0,26722,258,1270.3
GB0003395000,35151370,FSJ,GBP,2020-10-09,1278.0,1310.0,1272.0,1304.0,31413,235,1293.8
GB0003395000,35151370,FSJ,GBP,2020-10-12,1326.0,1346.0,1290.0,1316.0,16028,185,1316.7
GB0003395000,35151370,FSJ,GBP,2020-10-13,1314.0,1314.0,1278.0,1282.0,12022,115,1287.1
GB0003395000,35151370,FSJ,GBP,2020-10-14,1300.0,1300.0,1260.0,1280.0,13189,147,1271.6
GB0003395000,35151370,FSJ,GBP,2020-10-15,1244.0,1304.0,1244.0,1304.0,26172,213,1283.3
GB0003395000,35151370,FSJ,GBP,2020-10-16,1312.0,1312.0,1264.0,1264.0,18308,122,1270.6
GB0003395000,35151370,FSJ,GBP,2020-10-19,1304.0,1304.0,1234.0,1264.0,5154,76,1255.8
GB0003395000,35151370,FSJ,GBP,2020-10-20,1304.0,1306.0,1246.0,1250.0,11545,111,1269.0
GB0003395000,35151370,FSJ,GBP,2020-10-21,1268.0,1286.0,1236.0,1266.0,20649,80,1267.8
GB0003395000,35151370,FSJ,GBP,2020-10-22,1276.0,1284.0,1227.0,1270.0,13801,169,1265.8
GB0003395000,35151370,FSJ,GBP,2020-10-23,1280.0,1311.0,1270.0,1288.0,18660,157,1285.2
GB0003395000,35151370,FSJ,GBP,2020-10-26,1246.0,1322.0,1238.0,1248.0,10198,125,1264.3
GB0003395000,35151370,FSJ,GBP,2020-10-27,1232.0,1242.0,1194.0,1212.0,7694,105,1212.5
GB0003395000,35151370,FSJ,GBP,2020-10-28,1178.0,1206.0,1172.0,1178.0,12298,110,1181.3
GB0003395000,35151370,FSJ,GBP,2020-10-29,1179.0,1179.0,1132.0,1140.0,16557,93,1140.6
GB0003395000,35151370,FSJ,GBP,2020-10-30,1126.0,1148.0,1124.0,1134.0,16643,84,1133.4
GB0003395000,35151370,FSJ,GBP,2020-11-02,1134.0,1148.0,1100.0,1130.0,19974,238,1128.6
GB0003395000,35151370,FSJ,GBP,2020-11-03,1144.0,1146.0,1110.0,1130.0,11304,250,1126.3
GB0003395000,35151370,FSJ,GBP,2020-11-04,1110.0,1150.0,1078.0,1120.0,32967,438,1114.4
GB0003395000,35151370,FSJ,GBP,2020-11-05,1126.0,1126.0,1062.0,1080.0,95367,274,1085.1
GB0003395000,35151370,FSJ,GBP,2020-11-06,958.0,970.0,799.0,802.0,109047,1716,845.3
GB0003395000,35151370,FSJ,GBP,2020-11-09,806.0,807.0,735.0,737.0,91276,832,765.8
GB0003395000,35151370,FSJ,GBP,2020-11-10,771.0,830.0,747.0,790.0,136980,1259,784.6
GB0003395000,35151370,FSJ,GBP,2020-11-11,776.0,1008.0,776.0,962.0,143907,1229,874.1
GB0003395000,35151370,FSJ,GBP,2020-11-12,960.0,1028.0,930.0,1000.0,103427,1135,988.3
GB0003395000,35151370,FSJ,GBP,2020-11-13,1000.0,1024.0,962.0,985.0,100597,748,990.9
GB0003395000,35151370,FSJ,GBP,2020-11-16,985.0,1006.0,956.0,985.0,39004,547,978.9
GB0003395000,35151370,FSJ,GBP,2020-11-17,963.0,1000.0,963.0,992.0,71449,663,987.3
GB0003395000,35151370,FSJ,GBP,2020-11-18,990.0,998.0,973.0,990.0,26816,265,987.8
GB0003395000,35151370,FSJ,GBP,2020-11-19,987.0,996.0,976.0,985.0,72101,455,984.8
GB0003395000,35151370,FSJ,GBP,2020-11-20,976.0,1000.0,960.0,981.0,59137,637,981.5
GB0003395000,35151370,FSJ,GBP,2020-11-23,965.0,1004.0,960.0,985.0,42039,382,979.8
GB0003395000,35151370,FSJ,GBP,2020-11-24,1006.0,1018.0,988.0,1000.0,70816,481,997.8
GB0003395000,35151370,FSJ,GBP,2020-11-25,1000.0,1000.0,949.0,973.0,53415,790,967.5
GB0003395000,35151370,FSJ,GBP,2020-11-26,970.0,991.0,949.0,970.0,50468,759,968.1
GB0003395000,35151370,FSJ,GBP,2020-11-27,992.0,992.0,911.0,941.0,127599,945,943.4
GB0003395000,35151370,FSJ,GBP,2020-11-30,935.0,1000.0,913.0,950.0,48209,496,955.0
GB0003395000,35151370,FSJ,GBP,2020-12-01,959.0,964.0,933.0,957.0,47760,722,955.5
GB0003395000,35151370,FSJ,GBP,2020-12-02,948.0,981.0,941.0,957.0,45983,813,954.8
GB0003395000,35151370,FSJ,GBP,2020-12-03,953.0,963.0,921.0,953.0,71397,877,950.7
GB0003395000,35151370,FSJ,GBP,2020-12-04,945.0,971.0,935.0,957.0,73317,988,954.9
GB0003395000,35151370,FSJ,GBP,2020-12-07,978.0,978.0,938.0,940.0,76635,862,943.2
GB0003395000,35151370,FSJ,GBP,2020-12-08,950.0,976.0,915.0,930.0,71132,788,932.4
GB0003395000,35151370,FSJ,GBP,2020-12-09,919.0,941.0,894.0,904.0,85451,880,905.9
GB0003395000,35151370,FSJ,GBP,2020-12-10,897.0,925.0,883.0,906.0,85382,837,903.9
GB0003395000,35151370,FSJ,GBP,2020-12-11,903.0,910.0,888.0,892.0,80525,727,894.3
GB0003395000,35151370,FSJ,GBP,2020-12-14,925.0,925.0,889.0,897.0,71366,545,899.0
GB0003395000,35151370,FSJ,GBP,2020-12-15,903.0,930.0,875.0,930.0,118973,640,910.6
GB0003395000,35151370,FSJ,GBP,2020-12-16,930.0,964.0,907.0,931.0,103229,721,933.9
GB0003395000,35151370,FSJ,GBP,2020-12-17,916.0,951.0,901.0,947.0,110860,1053,939.9
GB0003395000,35151370,FSJ,GBP,2020-12-18,950.0,963.0,902.0,902.0,695188,844,905.7
GB0003395000,35151370,FSJ,GBP,2020-12-21,899.0,902.0,826.0,893.0,80953,592,882.2
GB0003395000,35151370,FSJ,GBP,2020-12-22,913.0,913.0,877.0,885.0,66452,405,890.7
GB0003395000,35151370,FSJ,GBP,2020-12-23,900.0,905.0,880.0,889.0,50517,449,893.0
GB0003395000,35151370,FSJ,GBP,2020-12-24,919.0,952.0,902.0,905.0,75047,323,908.3
GB0003395000,35151370,FSJ,GBP,2020-12-29,930.0,951.0,918.0,929.0,80677,504,932.3
GB0003395000,35151370,FSJ,GBP,2020-12-30,945.0,955.0,912.0,932.0,19402,214,929.5
GB0003395000,35151370,FSJ,GBP,2020-12-31,960.0,960.0,924.0,947.0,16363,105,940.5
GB0003395000,35151370,FSJ,GBP,2021-01-04,926.0,938.0,898.0,902.0,40429,348,918.6
GB0003395000,35151370,FSJ,GBP,2021-01-05,926.0,926.0,900.0,908.0,27229,182,908.4
GB0003395000,35151370,FSJ,GBP,2021-01-06,916.0,922.0,894.0,918.0,113231,578,912.2
GB0003395000,35151370,FSJ,GBP,2021-01-07,954.0,1014.0,944.0,992.0,87844,634,995.0
GB0003395000,35151370,FSJ,GBP,2021-01-08,984.0,1000.0,980.0,988.0,53627,436,992.8
GB0003395000,35151370,FSJ,GBP,2021-01-11,1002.0,1002.0,966.0,980.0,50793,225,979.8
GB0003395000,35151370,FSJ,GBP,2021-01-12,978.0,986.0,968.0,980.0,28043,231,978.2
GB0003395000,35151370,FSJ,GBP,2021-01-13,974.0,980.0,962.0,962.0,30433,394,968.4
GB0003395000,35151370,FSJ,GBP,2021-01-14,966.0,996.0,958.0,984.0,46021,346,975.0
GB0003395000,35151370,FSJ,GBP,2021-01-15,966.0,990.0,966.0,980.0,65469,258,979.4
GB0003395000,35151370,FSJ,GBP,2021-01-18,972.0,988.0,960.0,960.0,11005,71,967.0
GB0003395000,35151370,FSJ,GBP,2021-01-19,956.0,970.0,952.0,952.0,16388,163,958.0
GB0003395000,35151370,FSJ,GBP,2021-01-20,954.0,1012.0,952.0,1012.0,25537,164,994.8
GB0003395000,35151370,FSJ,GBP,2021-01-21,996.0,1032.0,994.0,1024.0,24514,175,1019.2
GB0003395000,35151370,FSJ,GBP,2021-01-22,1046.0,1046.0,996.0,1022.0,38667,368,1020.4
GB0003395000,35151370,FSJ,GBP,2021-01-25,1006.0,1018.0,988.0,1014.0,33338,199,1008.6
GB0003395000,35151370,FSJ,GBP,2021-01-26,1008.0,1046.0,1000.0,1022.0,42046,291,1022.0
GB0003395000,35151370,FSJ,GBP,2021-01-27,1010.0,1048.0,1000.0,1036.0,31095,153,1029.8
GB0003395000,35151370,FSJ,GBP,2021-01-28,1018.0,1020.0,980.0,1000.0,28184,309,1001.8
GB0003395000,35151370,FSJ,GBP,2021-01-29,984.0,1008.0,978.0,1000.0,26233,178,998.8
GB0003395000,35151370,FSJ,GBP,2021-02-01,976.0,1032.0,974.0,1000.0,24801,195,1004.4
GB0003395000,35151370,FSJ,GBP,2021-02-02,1018.0,1018.0,1000.0,1000.0,32041,207,1002.4
GB0003395000,35151370,FSJ,GBP,2021-02-03,998.0,1002.0,990.0,1000.0,14532,108,997.4
GB0003395000,35151370,FSJ,GBP,2021-02-04,998.0,1020.0,998.0,1020.0,31298,140,1016.2
GB0003395000,35151370,FSJ,GBP,2021-02-05,1030.0,1054.0,1026.0,1050.0,33951,169,1045.4
GB0003395000,35151370,FSJ,GBP,2021-02-08,1058.0,1104.0,1054.0,1102.0,39362,267,1089.2
GB0003395000,35151370,FSJ,GBP,2021-02-09,1092.0,1100.0,1080.0,1090.0,27622,330,1090.4
GB0003395000,35151370,FSJ,GBP,2021-02-10,1096.0,1108.0,1094.0,1100.0,14530,175,1101.8
GB0003395000,35151370,FSJ,GBP,2021-02-11,1108.0,1128.0,1090.0,1116.0,36935,415,1111.0
GB0003395000,35151370,FSJ,GBP,2021-02-12,1122.0,1122.0,1096.0,1116.0,18807,204,1112.4
GB0003395000,35151370,FSJ,GBP,2021-02-15,1120.0,1124.0,1102.0,1118.0,21118,167,1114.2
GB0003395000,35151370,FSJ,GBP,2021-02-16,1112.0,1128.0,1108.0,1128.0,21516,156,1118.8
GB0003395000,35151370,FSJ,GBP,2021-02-17,1122.0,1150.0,1122.0,1144.0,20930,187,1138.4
GB0003395000,35151370,FSJ,GBP,2021-02-18,1124.0,1144.0,1122.0,1144.0,15330,127,1136.2
GB0003395000,35151370,FSJ,GBP,2021-02-19,1142.0,1158.0,1140.0,1156.0,17613,345,1149.6
GB0003395000,35151370,FSJ,GBP,2021-02-22,1158.0,1218.0,1130.0,1200.0,28659,299,1175.2
GB0003395000,35151370,FSJ,GBP,2021-02-23,1190.0,1214.0,1174.0,1202.0,23058,305,1199.2
GB0003395000,35151370,FSJ,GBP,2021-02-24,1184.0,1228.0,1184.0,1200.0,15185,175,1202.6
GB0003395000,35151370,FSJ,GBP,2021-02-25,1222.0,1222.0,1180.0,1182.0,13145,119,1194.4
GB0003395000,35151370,FSJ,GBP,2021-02-26,1174.0,1182.0,1146.0,1182.0,19443,161,1172.2
GB0003395000,35151370,FSJ,GBP,2021-03-01,1226.0,1226.0,1166.0,1192.0,16558,143,1191.8
GB0003395000,35151370,FSJ,GBP,2021-03-02,1202.0,1212.0,1142.0,1162.0,9262,116,1165.4
GB0003395000,35151370,FSJ,GBP,2021-03-03,1172.0,1174.0,1138.0,1166.0,5981,61,1166.2
GB0003395000,35151370,FSJ,GBP,2021-03-04,1192.0,1192.0,1082.0,1142.0,14367,180,1137.0
GB0003395000,35151370,FSJ,GBP,2021-03-05,1122.0,1160.0,1122.0,1144.0,9692,91,1145.4
GB0003395000,35151370,FSJ,GBP,2021-03-08,1170.0,1170.0,1126.0,1160.0,8646,142,1148.6
GB0003395000,35151370,FSJ,GBP,2021-03-09,1164.0,1182.0,1140.0,1140.0,7585,60,1149.4
GB0003395000,35151370,FSJ,GBP,2021-03-10,1146.0,1176.0,1132.0,1176.0,12591,192,1158.8
GB0003395000,35151370,FSJ,GBP,2021-03-11,1150.0,1224.0,1150.0,1190.0,31955,233,1197.2
GB0003395000,35151370,FSJ,GBP,2021-03-12,1180.0,1202.0,1170.0,1170.0,37806,170,1178.0
GB0003395000,35151370,FSJ,GBP,2021-03-15,1196.0,1256.0,1172.0,1246.0,25716,326,1224.6
GB0003395000,35151370,FSJ,GBP,2021-03-16,1244.0,1284.0,1238.0,1270.0,49645,378,1273.6
GB0003395000,35151370,FSJ,GBP,2021-03-17,1276.0,1278.0,1220.0,1236.0,18298,287,1243.8
GB0003395000,35151370,FSJ,GBP,2021-03-18,1206.0,1228.0,1192.0,1206.0,19359,168,1213.8
GB0003395000,35151370,FSJ,GBP,2021-03-19,1212.0,1220.0,1172.0,1180.0,55860,353,1184.2
GB0003395000,35151370,FSJ,GBP,2021-03-22,1216.0,1224.0,1168.0,1186.0,39085,290,1189.0
GB0003395000,35151370,FSJ,GBP,2021-03-23,1210.0,1210.0,1132.0,1160.0,19996,118,1162.6
GB0003395000,35151370,FSJ,GBP,2021-03-24,1162.0,1186.0,1140.0,1186.0,47376,202,1169.4
GB0003395000,35151370,FSJ,GBP,2021-03-25,1174.0,1198.0,1112.0,1124.0,39729,409,1159.2
GB0003395000,35151370,FSJ,GBP,2021-03-26,1130.0,1192.0,1130.0,1192.0,40511,361,1173.8
GB0003395000,35151370,FSJ,GBP,2021-03-29,1162.0,1176.0,1150.0,1162.0,35051,377,1167.2
GB0003395000,35151370,FSJ,GBP,2021-03-30,1166.0,1182.0,1104.0,1104.0,38591,178,1131.8
GB0003395000,35151370,FSJ,GBP,2021-03-31,1102.0,1124.0,1062.0,1062.0,405421,321,1063.4
GB0003395000,35151370,FSJ,GBP,2021-04-01,1084.0,1148.0,1070.0,1130.0,81116,275,1124.6
GB0003395000,35151370,FSJ,GBP,2021-04-06,1172.0,1172.0,1120.0,1120.0,29389,159,1132.6
GB0003395000,35151370,FSJ,GBP,2021-04-07,1154.0,1154.0,1118.0,1130.0,35779,359,1133.4
GB0003395000,35151370,FSJ,GBP,2021-04-08,1128.0,1132.0,1070.0,1104.0,22306,196,1104.6
GB0003395000,35151370,FSJ,GBP,2021-04-09,1114.0,1114.0,1072.0,1074.0,33391,198,1093.8
GB0003395000,35151370,FSJ,GBP,2021-04-12,1084.0,1086.0,1054.0,1060.0,23203,200,1064.8
GB0003395000,35151370,FSJ,GBP,2021-04-13,1062.0,1066.0,1044.0,1066.0,17654,156,1061.8
GB0003395000,35151370,FSJ,GBP,2021-04-14,1048.0,1068.0,1042.0,1064.0,51692,199,1054.2
GB0003395000,35151370,FSJ,GBP,2021-04-15,1040.0,1098.0,1040.0,1070.0,14936,172,1069.6
GB0003395000,35151370,FSJ,GBP,2021-04-16,1068.0,1074.0,1034.0,1060.0,18959,213,1055.0
GB0003395000,35151370,FSJ,GBP,2021-04-19,1082.0,1088.0,1054.0,1070.0,13924,213,1067.85
GB0003395000,35151370,FSJ,GBP,2021-04-20,1076.0,1076.0,1026.0,1028.0,26805,196,1036.25
GB0003395000,35151370,FSJ,GBP,2021-04-21,1034.0,1058.0,1022.0,1054.0,13308,178,1042.75
GB0003395000,35151370,FSJ,GBP,2021-04-22,1060.0,1076.0,1042.0,1062.0,8111,106,1058.25
GB0003395000,35151370,FSJ,GBP,2021-04-23,1046.0,1056.0,1030.0,1052.0,8712,113,1047.2
GB0003395000,35151370,FSJ,GBP,2021-04-26,1052.0,1062.0,1028.0,1028.0,14526,108,1032.25
GB0003395000,35151370,FSJ,GBP,2021-04-27,1036.0,1044.0,982.0,1000.0,37859,361,1006.85
GB0003395000,35151370,FSJ,GBP,2021-04-28,1000.0,1031.0,962.0,1022.0,21299,232,1004.4
GB0003395000,35151370,FSJ,GBP,2021-04-29,1030.0,1064.0,1020.0,1052.0,29878,354,1048.2
GB0003395000,35151370,FSJ,GBP,2021-04-30,1064.0,1064.0,1038.0,1040.0,14181,116,1044.0
GB0003395000,35151370,FSJ,GBP,2021-05-04,1030.0,1058.0,1028.0,1050.0,21255,243,1046.65
GB0003395000,35151370,FSJ,GBP,2021-05-05,1040.0,1050.0,991.0,1010.0,25147,307,1011.25
GB0003395000,35151370,FSJ,GBP,2021-05-06,1020.0,1024.0,1006.0,1024.0,5666,111,1018.0
GB0003395000,35151370,FSJ,GBP,2021-05-07,1034.0,1042.0,1014.0,1014.0,15301,183,1021.3
GB0003395000,35151370,FSJ,GBP,2021-05-10,1018.0,1050.0,1018.0,1050.0,14181,164,1044.1
GB0003395000,35151370,FSJ,GBP,2021-05-11,1028.0,1036.0,1012.0,1020.0,24756,255,1020.45
GB0003395000,35151370,FSJ,GBP,2021-05-12,1032.0,1034.0,1010.0,1012.0,25011,215,1016.25
GB0003395000,35151370,FSJ,GBP,2021-05-13,1016.0,1016.0,982.0,982.0,9823,84,989.4
GB0003395000,35151370,FSJ,GBP,2021-05-14,988.0,1004.0,983.0,1002.0,10067,164,997.3
GB0003395000,35151370,FSJ,GBP,2021-05-17,997.0,1006.0,950.0,994.0,21197,266,977.8
GB0003395000,35151370,FSJ,GBP,2021-05-18,995.0,1014.0,994.0,1000.0,10424,85,1001.65
GB0003395000,35151370,FSJ,GBP,2021-05-19,991.0,1016.0,987.0,1000.0,8733,110,1001.65
GB0003395000,35151370,FSJ,GBP,2021-05-20,1006.0,1016.0,996.0,997.0,8120,96,1002.85
GB0003395000,35151370,FSJ,GBP,2021-05-21,1018.0,1018.0,967.0,1000.0,11741,134,994.65
GB0003395000,35151370,FSJ,GBP,2021-05-24,996.0,1010.0,959.0,990.0,13762,192,982.95
GB0003395000,35151370,FSJ,GBP,2021-05-25,1001.0,1006.0,978.0,1002.0,8638,94,996.25
GB0003395000,35151370,FSJ,GBP,2021-05-26,988.0,993.0,969.0,970.0,20512,221,976.2
GB0003395000,35151370,FSJ,GBP,2021-05-27,986.0,1004.0,977.0,980.0,15900,149,982.75
GB0003395000,35151370,FSJ,GBP,2021-05-28,971.0,979.0,960.0,970.0,27582,213,970.45
GB0003395000,35151370,FSJ,GBP,2021-06-01,991.0,1020.0,960.0,974.0,26523,465,979.25
GB0003395000,35151370,FSJ,GBP,2021-06-02,955.0,980.0,955.0,970.0,14194,113,972.75
GB0003395000,35151370,FSJ,GBP,2021-06-03,997.0,997.0,962.0,977.0,18907,122,975.7
GB0003395000,35151370,FSJ,GBP,2021-06-04,971.0,976.0,953.0,953.0,4980,93,961.6
GB0003395000,35151370,FSJ,GBP,2021-06-07,955.0,957.0,931.0,931.0,11215,124,938.4
GB0003395000,35151370,FSJ,GBP,2021-06-08,934.0,975.0,928.0,970.0,38590,289,955.5
GB0003395000,35151370,FSJ,GBP,2021-06-09,946.0,962.0,944.0,956.0,20508,151,953.85
GB0003395000,35151370,FSJ,GBP,2021-06-10,959.0,960.0,925.0,940.0,13249,161,938.2
GB0003395000,35151370,FSJ,GBP,2021-06-11,943.0,960.0,913.0,938.0,25155,213,936.8
GB0003395000,35151370,FSJ,GBP,2021-06-14,935.0,950.0,933.0,937.0,5493,41,938.95
GB0003395000,35151370,FSJ,GBP,2021-06-15,933.0,960.0,933.0,945.0,33212,115,947.8
GB0003395000,35151370,FSJ,GBP,2021-06-16,951.0,975.0,941.0,970.0,25771,187,958.0
GB0003395000,35151370,FSJ,GBP,2021-06-17,965.0,975.0,942.0,950.0,13033,170,954.0
GB0003395000,35151370,FSJ,GBP,2021-06-18,955.0,956.0,907.0,907.0,47764,163,911.05
GB0003395000,35151370,FSJ,GBP,2021-06-21,909.0,945.0,907.0,939.0,13754,151,930.55
GB0003395000,35151370,FSJ,GBP,2021-06-22,936.0,951.0,920.0,947.0,13743,84,941.35
GB0003395000,35151370,FSJ,GBP,2021-06-23,948.0,950.0,919.0,924.0,13176,110,928.05
GB0003395000,35151370,FSJ,GBP,2021-06-24,927.0,930.0,916.0,916.0,15435,146,918.85
GB0003395000,35151370,FSJ,GBP,2021-06-25,916.0,938.0,913.0,921.0,16101,143,919.1
GB0003395000,35151370,FSJ,GBP,2021-06-28,924.0,924.0,901.0,912.0,16686,134,912.65
GB0003395000,35151370,FSJ,GBP,2021-06-29,909.0,909.0,870.0,891.0,41465,330,889.3
GB0003395000,35151370,FSJ,GBP,2021-06-30,903.0,956.0,894.0,927.0,54855,404,917.0
GB0003395000,35151370,FSJ,GBP,2021-07-01,906.0,929.0,881.0,916.0,13852,203,905.15
GB0003395000,35151370,FSJ,GBP,2021-07-02,938.0,938.0,906.0,922.0,19355,100,920.45
GB0003395000,35151370,FSJ,GBP,2021-07-05,920.0,932.0,904.0,904.0,9450,38,919.15
GB0003395000,35151370,FSJ,GBP,2021-07-06,913.0,916.0,898.0,898.0,6458,49,901.7
GB0003395000,35151370,FSJ,GBP,2021-07-07,901.0,901.0,881.0,897.0,8721,106,892.4
GB0003395000,35151370,FSJ,GBP,2021-07-08,884.0,887.0,862.0,862.0,8091,101,868.25
GB0003395000,35151370,FSJ,GBP,2021-07-09,884.0,884.0,847.0,864.0,27944,191,866.45
GB0003395000,35151370,FSJ,GBP,2021-07-12,887.0,887.0,858.0,862.0,16266,79,865.0
GB0003395000,35151370,FSJ,GBP,2021-07-13,867.0,886.0,864.0,880.0,172616,147,873.75
GB0003395000,35151370,FSJ,GBP,2021-07-14,881.0,881.0,849.0,875.0,39270,111,876.55
GB0003395000,35151370,FSJ,GBP,2021-07-15,868.0,876.0,853.0,853.0,12516,88,860.7
GB0003395000,35151370,FSJ,GBP,2021-07-16,867.0,869.0,835.0,840.0,45098,214,859.9
GB0003395000,35151370,FSJ,GBP,2021-07-19,830.0,833.0,806.0,822.0,37377,168,820.8
GB0003395000,35151370,FSJ,GBP,2021-07-20,830.0,838.0,828.0,835.0,15120,106,833.25
GB0003395000,35151370,FSJ,GBP,2021-07-21,843.0,873.0,838.0,850.0,15565,197,855.2
GB0003395000,35151370,FSJ,GBP,2021-07-22,855.0,907.0,855.0,891.0,23342,294,885.85
GB0003395000,35151370,FSJ,GBP,2021-07-23,881.0,902.0,873.0,885.0,21165,207,887.1
GB0003395000,35151370,FSJ,GBP,2021-07-26,887.0,898.0,885.0,886.0,14440,125,889.4
GB0003395000,35151370,FSJ,GBP,2021-07-27,878.0,908.0,862.0,900.0,7273,154,896.75
GB0003395000,35151370,FSJ,GBP,2021-07-28,913.0,938.0,909.0,930.0,15048,316,928.85
GB0003395000,35151370,FSJ,GBP,2021-07-29,937.0,952.0,918.0,935.0,17561,292,933.65
GB0003395000,35151370,FSJ,GBP,2021-07-30,947.0,948.0,916.0,924.0,16919,189,926.7
GB0003395000,35151370,FSJ,GBP,2021-08-02,939.0,939.0,916.0,930.0,8327,113,927.65
GB0003395000,35151370,FSJ,GBP,2021-08-03,929.0,929.0,882.0,890.0,13671,182,902.65
GB0003395000,35151370,FSJ,GBP,2021-08-04,908.0,909.0,853.0,882.0,22584,285,889.3
GB0003395000,35151370,FSJ,GBP,2021-08-05,915.0,936.0,876.0,919.0,9654,93,908.3
GB0003395000,35151370,FSJ,GBP,2021-08-06,905.0,916.0,896.0,907.0,10007,153,905.65
GB0003395000,35151370,FSJ,GBP,2021-08-09,890.0,906.0,890.0,904.0,20196,121,899.45
GB0003395000,35151370,FSJ,GBP,2021-08-10,900.0,905.0,898.0,905.0,1101,4,904.7
GB0003395000,35151370,FSJ,GBP,2021-08-11,916.0,922.0,914.0,922.0,5503,43,920.8
GB0003395000,35151370,FSJ,GBP,2021-08-12,912.0,938.0,912.0,938.0,15068,91,921.35
GB0003395000,35151370,FSJ,GBP,2021-08-13,937.0,957.0,932.0,950.0,19161,198,944.8
GB0003395000,35151370,FSJ,GBP,2021-08-16,958.0,970.0,933.0,970.0,50570,223,955.0
GB0003395000,35151370,FSJ,GBP,2021-08-17,965.0,980.0,959.0,976.0,25629,278,970.45
GB0003395000,35151370,FSJ,GBP,2021-08-18,957.0,974.0,939.0,960.0,12964,123,955.65
GB0003395000,35151370,FSJ,GBP,2021-08-19,945.0,965.0,945.0,958.0,26432,92,957.65
GB0003395000,35151370,FSJ,GBP,2021-08-20,959.0,964.0,946.0,960.0,8098,78,955.25
GB0003395000,35151370,FSJ,GBP,2021-08-23,954.5,961.0,952.0,960.0,4484,38,958.55
GB0003395000,35151370,FSJ,GBP,2021-08-24,960.0,968.0,954.0,960.0,6149,49,960.05
GB0003395000,35151370,FSJ,GBP,2021-08-25,956.0,1022.0,956.0,999.0,22329,230,1002.55
GB0003395000,35151370,FSJ,GBP,2021-08-26,1006.0,1006.0,971.0,989.0,11824,107,981.85
GB0003395000,35151370,FSJ,GBP,2021-08-27,1010.0,1014.0,1006.0,1006.0,565,4,1008.5
GB0003395000,35151370,FSJ,GBP,2021-08-31,975.0,999.0,975.0,980.0,10593,46,981.25
GB0003395000,35151370,FSJ,GBP,2021-09-01,990.0,1002.0,985.0,997.0,10333,30,992.6
GB0003395000,35151370,FSJ,GBP,2021-09-02,981.5,1002.0,981.0,995.0,5869,28,995.1
GB0003395000,35151370,FSJ,GBP,2021-09-03,996.5,1014.0,996.5,1004.0,6783,8,1004.15
GB0003395000,35151370,FSJ,GBP,2021-09-06,1010.0,1038.0,987.0,1020.0,15211,188,1009.4
GB0003395000,35151370,FSJ,GBP,2021-09-07,900.0,967.0,846.0,953.0,42505,257,930.6
GB0003395000,35151370,FSJ,GBP,2021-09-08,970.0,970.0,930.0,948.0,41656,248,945.9
GB0003395000,35151370,FSJ,GBP,2021-09-09,979.0,979.0,937.0,965.0,32058,226,956.0
GB0003395000,35151370,FSJ,GBP,2021-09-10,957.0,957.0,923.0,930.0,15489,155,932.15
GB0003395000,35151370,FSJ,GBP,2021-09-13,936.0,940.0,861.0,861.0,32853,263,883.1
GB0003395000,35151370,FSJ,GBP,2021-09-14,856.0,870.0,818.0,833.0,20195,189,843.55
GB0003395000,35151370,FSJ,GBP,2021-09-15,859.0,859.0,819.0,830.0,24406,134,829.55
GB0003395000,35151370,FSJ,GBP,2021-09-16,834.0,838.0,820.0,820.0,21788,92,824.5
GB0003395000,35151370,FSJ,GBP,2021-09-17,836.0,856.0,798.0,798.0,30174,197,811.85
GB0003395000,35151370,FSJ,GBP,2021-09-20,807.0,818.0,753.0,794.0,35634,257,781.8
GB0003395000,35151370,FSJ,GBP,2021-09-21,792.0,822.0,792.0,808.0,37623,119,807.0
GB0003395000,35151370,FSJ,GBP,2021-09-22,800.0,829.0,800.0,811.0,48868,242,812.15
GB0003395000,35151370,FSJ,GBP,2021-09-23,805.0,823.0,791.0,798.0,55754,396,806.55
GB0003395000,35151370,FSJ,GBP,2021-09-24,819.0,855.0,819.0,853.0,26531,90,831.85
GB0003395000,35151370,FSJ,GBP,2021-09-27,851.0,879.0,851.0,875.0,31651,126,866.05
GB0003395000,35151370,FSJ,GBP,2021-09-28,854.0,860.0,815.0,860.0,36855,199,851.35
GB0003395000,35151370,FSJ,GBP,2021-09-29,852.0,882.0,852.0,880.0,33486,176,873.0
GB0003395000,35151370,FSJ,GBP,2021-09-30,876.0,879.0,842.0,859.0,50879,284,862.1
GB0003395000,35151370,FSJ,GBP,2021-10-01,853.0,863.0,836.0,857.0,24883,126,854.0
GB0003395000,35151370,FSJ,GBP,2021-10-04,840.0,861.0,835.5,861.0,16074,234,848.75
GB0003395000,35151370,FSJ,GBP,2021-10-05,844.0,859.0,841.0,841.0,15115,89,846.0
GB0003395000,35151370,FSJ,GBP,2021-10-06,841.0,841.0,809.0,828.0,12513,133,821.45
GB0003395000,35151370,FSJ,GBP,2021-10-07,821.0,839.0,810.0,820.0,14430,98,819.4
GB0003395000,35151370,FSJ,GBP,2021-10-08,835.0,835.0,818.0,826.0,9412,69,825.8
GB0003395000,35151370,FSJ,GBP,2021-10-11,843.0,843.0,807.0,822.0,8566,66,819.85
GB0003395000,35151370,FSJ,GBP,2021-10-12,814.5,819.0,769.0,769.0,23925,130,796.35
GB0003395000,35151370,FSJ,GBP,2021-10-13,781.0,786.0,765.0,779.0,10903,92,776.65
GB0003395000,35151370,FSJ,GBP,2021-10-14,779.0,798.0,772.0,774.0,6960,55,785.8
GB0003395000,35151370,FSJ,GBP,2021-10-15,782.0,786.0,763.0,763.0,16798,47,768.3
GB0003395000,35151370,FSJ,GBP,2021-10-18,760.0,799.0,744.0,768.0,10751,160,761.7
GB0003395000,35151370,FSJ,GBP,2021-10-19,767.0,790.0,761.0,778.0,6011,67,774.55
GB0003395000,35151370,FSJ,GBP,2021-10-20,778.0,785.0,761.0,785.0,10011,72,777.5
GB0003395000,35151370,FSJ,GBP,2021-10-21,778.5,818.0,778.0,800.0,18552,115,794.2
GB0003395000,35151370,FSJ,GBP,2021-10-22,796.5,803.5,776.0,784.0,8422,81,783.65
GB0003395000,35151370,FSJ,GBP,2021-10-25,649.0,654.0,500.0,506.0,156823,1175,528.55
GB0003395000,35151370,FSJ,GBP,2021-10-26,520.0,527.0,465.5,470.0,143842,795,491.35
GB0003395000,35151370,FSJ,GBP,2021-10-27,460.0,477.0,415.0,420.5,147441,916,433.2
GB0003395000,35151370,FSJ,GBP,2021-10-28,424.0,430.0,383.5,396.0,125305,586,402.95
GB0003395000,35151370,FSJ,GBP,2021-10-29,400.0,425.0,400.0,410.0,187703,404,408.0
GB0003395000,35151370,FSJ,GBP,2021-11-01,410.0,425.5,410.0,413.0,47659,145,418.2
GB0003395000,35151370,FSJ,GBP,2021-11-02,427.5,430.0,409.0,424.0,89790,394,422.15
GB0003395000,35151370,FSJ,GBP,2021-11-03,426.5,434.5,420.0,423.0,102901,181,427.55
GB0003395000,35151370,FSJ,GBP,2021-11-04,426.0,430.0,413.5,420.0,53924,212,421.2
GB0003395000,35151370,FSJ,GBP,2021-11-05,421.0,428.0,415.0,420.0,66473,154,420.35
GB0003395000,35151370,FSJ,GBP,2021-11-08,420.5,426.5,410.0,410.5,57774,182,415.35
GB0003395000,35151370,FSJ,GBP,2021-11-09,411.0,411.0,392.0,396.0,74144,311,398.15
GB0003395000,35151370,FSJ,GBP,2021-11-10,399.5,420.0,399.5,403.5,101076,185,408.8
GB0003395000,35151370,FSJ,GBP,2021-11-11,400.0,405.0,393.5,399.0,37451,138,399.15
GB0003395000,35151370,FSJ,GBP,2021-11-12,400.5,403.5,386.0,394.5,79343,347,394.95
GB0003395000,35151370,FSJ,GBP,2021-11-15,403.5,412.0,389.0,408.0,67868,187,407.3
GB0003395000,35151370,FSJ,GBP,2021-11-16,400.0,419.0,398.0,400.0,42488,145,404.95
GB0003395000,35151370,FSJ,GBP,2021-11-17,395.0,413.5,395.0,403.5,23270,113,403.4
GB0003395000,35151370,FSJ,GBP,2021-11-18,400.0,403.5,391.5,396.5,35578,200,397.05
GB0003395000,35151370,FSJ,GBP,2021-11-19,395.0,401.5,385.0,388.5,29042,155,393.75
GB0003395000,35151370,FSJ,GBP,2021-11-22,393.0,393.0,368.0,370.0,31428,159,378.15
GB0003395000,35151370,FSJ,GBP,2021-11-23,376.0,383.5,360.5,376.5,45383,176,371.5
GB0003395000,35151370,FSJ,GBP,2021-11-24,385.0,385.0,370.0,370.0,11815,59,374.35
GB0003395000,35151370,FSJ,GBP,2021-11-25,376.0,376.0,368.0,370.0,25428,94,370.85
GB0003395000,35151370,FSJ,GBP,2021-11-26,365.0,365.0,346.5,349.5,34690,120,354.9
GB0003395000,35151370,FSJ,GBP,2021-11-29,355.0,358.5,340.0,343.5,42961,149,346.9
GB0003395000,35151370,FSJ,GBP,2021-11-30,343.5,345.0,318.0,318.0,32581,137,331.7
GB0003395000,35151370,FSJ,GBP,2021-12-01,330.0,335.0,320.5,330.0,59647,181,328.15
GB0003395000,35151370,FSJ,GBP,2021-12-02,327.0,332.0,320.5,326.5,38877,103,325.15
GB0003395000,35151370,FSJ,GBP,2021-12-03,334.5,334.5,311.5,318.0,39356,125,320.95
GB0003395000,35151370,FSJ,GBP,2021-12-06,318.0,320.0,313.0,317.5,16670,67,316.05
GB0003395000,35151370,FSJ,GBP,2021-12-07,315.5,336.5,315.0,336.0,52185,156,328.8
GB0003395000,35151370,FSJ,GBP,2021-12-08,327.5,338.0,327.5,338.0,18296,55,333.8
GB0003395000,35151370,FSJ,GBP,2021-12-09,333.5,336.0,329.5,330.0,22319,57,333.0
GB0003395000,35151370,FSJ,GBP,2021-12-10,330.5,330.5,320.0,323.5,29776,108,324.6
GB0003395000,35151370,FSJ,GBP,2021-12-13,320.0,320.0,307.5,310.5,31302,80,314.55
GB0003395000,35151370,FSJ,GBP,2021-12-14,310.0,310.0,299.5,303.5,57755,227,302.4
GB0003395000,35151370,FSJ,GBP,2021-12-15,310.0,310.0,293.0,296.0,18402,75,297.45
GB0003395000,35151370,FSJ,GBP,2021-12-16,296.0,303.0,285.0,289.5,67279,314,295.6
GB0003395000,35151370,FSJ,GBP,2021-12-17,290.0,299.5,288.0,292.0,75243,226,293.4
GB0003395000,35151370,FSJ,GBP,2021-12-20,290.0,291.0,280.0,289.5,57673,191,286.25
GB0003395000,35151370,FSJ,GBP,2021-12-21,286.0,304.0,284.5,302.0,41218,114,299.0
GB0003395000,35151370,FSJ,GBP,2021-12-22,301.0,304.0,295.0,300.5,37913,80,300.15
GB0003395000,35151370,FSJ,GBP,2021-12-23,302.5,310.0,302.5,308.0,54607,134,305.8
GB0003395000,35151370,FSJ,GBP,2021-12-24,310.0,310.0,300.0,304.5,25568,56,305.3
GB0003395000,35151370,FSJ,GBP,2021-12-29,309.5,400.5,299.5,396.0,139547,458,358.65
GB0003395000,35151370,FSJ,GBP,2021-12-30,400.0,400.0,354.5,363.5,165245,475,367.75
GB0003395000,35151370,FSJ,GBP,2021-12-31,369.5,376.0,357.0,369.5,23786,100,367.9
GB0003395000,35151370,FSJ,GBP,2022-01-04,377.0,416.5,374.5,405.5,38990,163,400.35
GB0003395000,35151370,FSJ,GBP,2022-01-05,409.5,410.0,386.0,392.5,49729,204,396.05
GB0003395000,35151370,FSJ,GBP,2022-01-06,402.5,429.0,390.5,422.5,69465,255,414.95
GB0003395000,35151370,FSJ,GBP,2022-01-07,431.5,446.5,431.0,438.5,88894,319,439.1
GB0003395000,35151370,FSJ,GBP,2022-01-10,430.0,434.5,404.5,414.0,41105,212,419.2
GB0003395000,35151370,FSJ,GBP,2022-01-11,420.5,428.5,411.0,418.5,33503,186,419.15
GB0003395000,35151370,FSJ,GBP,2022-01-12,420.0,427.0,400.5,424.5,22141,108,411.95
GB0003395000,35151370,FSJ,GBP,2022-01-13,430.0,446.5,425.0,443.0,40368,230,435.9
GB0003395000,35151370,FSJ,GBP,2022-01-14,437.5,437.5,421.0,421.5,27432,89,425.05
GB0003395000,35151370,FSJ,GBP,2022-01-17,432.0,450.5,421.0,447.0,43397,152,439.65
GB0003395000,35151370,FSJ,GBP,2022-01-18,441.5,445.0,417.0,418.0,40361,126,425.65
GB0003395000,35151370,FSJ,GBP,2022-01-19,419.5,419.5,410.0,410.0,28289,78,411.0
GB0003395000,35151370,FSJ,GBP,2022-01-20,410.5,422.5,410.0,420.0,36850,177,413.8
GB0003395000,35151370,FSJ,GBP,2022-01-21,411.0,415.5,410.0,410.0,77115,152,410.55
GB0003395000,35151370,FSJ,GBP,2022-01-24,410.5,412.5,377.0,378.5,68853,255,393.95
GB0003395000,35151370,FSJ,GBP,2022-01-25,380.5,394.5,380.0,394.5,19415,88,391.55
GB0003395000,35151370,FSJ,GBP,2022-01-26,398.0,409.5,393.5,396.0,21572,106,400.95
GB0003395000,35151370,FSJ,GBP,2022-01-27,404.0,404.0,391.5,396.0,11618,72,396.8
GB0003395000,35151370,FSJ,GBP,2022-01-28,389.5,409.5,386.5,388.5,48781,159,393.85
GB0003395000,35151370,FSJ,GBP,2022-01-31,392.0,403.0,383.0,383.5,16045,81,390.45
GB0003395000,35151370,FSJ,GBP,2022-02-01,390.5,397.0,384.0,391.5,19693,90,392.15
GB0003395000,35151370,FSJ,GBP,2022-02-02,393.0,398.0,384.0,386.5,11369,52,392.85
GB0003395000,35151370,FSJ,GBP,2022-02-03,387.5,390.5,377.5,390.5,41644,192,386.7
GB0003395000,35151370,FSJ,GBP,2022-02-04,395.0,395.0,378.0,385.0,25394,143,384.5
GB0003395000,35151370,FSJ,GBP,2022-02-07,382.5,402.0,382.5,402.0,12540,42,387.65
GB0003395000,35151370,FSJ,GBP,2022-02-08,402.5,411.5,392.0,398.0,18837,85,399.55
GB0003395000,35151370,FSJ,GBP,2022-02-09,408.0,425.0,399.0,419.5,44744,233,414.9
GB0003395000,35151370,FSJ,GBP,2022-02-10,418.5,426.0,409.5,409.5,13701,118,416.65
GB0003395000,35151370,FSJ,GBP,2022-02-11,424.0,424.0,399.0,404.0,29133,122,406.25
GB0003395000,35151370,FSJ,GBP,2022-02-14,404.0,414.5,387.0,410.0,13498,53,403.6
GB0003395000,35151370,FSJ,GBP,2022-02-15,403.0,412.0,402.0,411.5,9272,34,406.65
GB0003395000,35151370,FSJ,GBP,2022-02-16,407.5,420.0,404.5,420.0,13681,43,417.15
GB0003395000,35151370,FSJ,GBP,2022-02-17,428.0,428.5,415.0,419.5,23153,80,425.45
GB0003395000,35151370,FSJ,GBP,2022-02-18,411.0,431.0,410.5,431.0,22309,89,425.4
GB0003395000,35151370,FSJ,GBP,2022-02-21,418.0,427.0,412.0,412.0,14136,81,417.05
GB0003395000,35151370,FSJ,GBP,2022-02-22,413.0,426.5,405.0,423.0,32516,168,414.35
GB0003395000,35151370,FSJ,GBP,2022-02-23,423.0,426.0,413.5,417.5,6372,28,419.75
GB0003395000,35151370,FSJ,GBP,2022-02-24,411.0,415.0,392.5,410.5,24398,115,402.05
GB0003395000,35151370,FSJ,GBP,2022-02-25,416.0,424.5,400.0,400.0,7677,25,409.3
GB0003395000,35151370,FSJ,GBP,2022-02-28,400.0,408.0,394.5,397.0,19828,62,398.8
GB0003395000,35151370,FSJ,GBP,2022-03-01,408.0,412.5,392.5,402.5,24151,85,401.2
GB0003395000,35151370,FSJ,GBP,2022-03-02,396.0,430.0,393.0,424.0,42262,107,416.7
GB0003395000,35151370,FSJ,GBP,2022-03-03,421.0,438.0,419.0,430.5,44143,89,431.6
GB0003395000,35151370,FSJ,GBP,2022-03-04,435.0,448.0,421.5,436.0,44852,209,430.75
GB0003395000,35151370,FSJ,GBP,2022-03-07,433.0,488.0,429.5,473.0,93306,285,461.95
GB0003395000,35151370,FSJ,GBP,2022-03-08,467.0,514.0,467.0,510.0,95632,335,497.25
GB0003395000,35151370,FSJ,GBP,2022-03-09,521.0,530.0,470.0,499.0,52644,284,498.4
GB0003395000,35151370,FSJ,GBP,2022-03-10,439.0,439.0,367.0,370.5,294179,556,396.35
GB0003395000,35151370,FSJ,GBP,2022-03-11,370.0,376.5,344.0,355.0,128984,277,355.65
GB0003395000,35151370,FSJ,GBP,2022-03-14,362.5,365.0,349.0,365.0,44586,147,359.55
GB0003395000,35151370,FSJ,GBP,2022-03-15,365.0,371.0,349.0,360.0,47072,97,358.45
GB0003395000,35151370,FSJ,GBP,2022-03-16,366.0,366.5,351.0,355.0,73284,182,355.75
GB0003395000,35151370,FSJ,GBP,2022-03-17,362.5,365.5,355.0,363.5,41342,143,361.55
GB0003395000,35151370,FSJ,GBP,2022-03-18,373.0,373.0,355.5,360.0,45673,104,359.65
GB0003395000,35151370,FSJ,GBP,2022-03-21,360.0,360.0,342.5,350.0,31681,115,349.95
GB0003395000,35151370,FSJ,GBP,2022-03-22,359.5,363.0,346.5,358.0,69699,228,357.1
GB0003395000,35151370,FSJ,GBP,2022-03-23,360.0,370.5,353.5,370.5,52397,154,361.65
GB0003395000,35151370,FSJ,GBP,2022-03-24,368.0,376.5,360.0,370.0,39927,184,371.2
GB0003395000,35151370,FSJ,GBP,2022-03-25,367.0,370.0,341.0,343.0,197394,1009,351.0
GB0003395000,35151370,FSJ,GBP,2022-03-28,342.0,368.0,342.0,368.0,93266,341,361.6
GB0003395000,35151370,FSJ,GBP,2022-03-29,368.0,377.0,355.5,367.0,107240,280,363.6
GB0003395000,35151370,FSJ,GBP,2022-03-30,368.0,368.0,354.0,360.0,80441,230,359.35
GB0003395000,35151370,FSJ,GBP,2022-03-31,370.0,380.5,337.5,346.0,542123,310,346.95
GB0003395000,35151370,FSJ,GBP,2022-04-01,336.5,352.0,334.5,349.0,93261,260,341.05
GB0003395000,35151370,FSJ,GBP,2022-04-04,353.0,353.0,340.0,349.0,40305,115,347.45
GB0003395000,35151370,FSJ,GBP,2022-04-05,343.0,346.0,337.0,346.0,15848,50,341.0
GB0003395000,35151370,FSJ,GBP,2022-04-06,340.0,349.5,333.0,340.5,49908,145,341.25
GB0003395000,35151370,FSJ,GBP,2022-04-07,340.0,348.0,336.0,345.5,52641,261,342.5
GB0003395000,35151370,FSJ,GBP,2022-04-08,348.0,350.5,345.0,348.0,30263,109,348.0
GB0003395000,35151370,FSJ,GBP,2022-04-11,351.0,376.5,351.0,371.5,41297,97,362.2
GB0003395000,35151370,FSJ,GBP,2022-04-12,366.0,372.5,357.0,370.0,44736,131,365.3
GB0003395000,35151370,FSJ,GBP,2022-04-13,364.5,376.5,364.5,376.5,22082,52,373.25
GB0003395000,35151370,FSJ,GBP,2022-04-14,384.0,396.0,371.0,385.5,21365,58,383.6
GB0003395000,35151370,FSJ,GBP,2022-04-19,386.0,400.5,368.5,375.0,32751,86,376.75
GB0003395000,35151370,FSJ,GBP,2022-04-20,368.0,375.0,368.0,375.0,32926,86,373.35
GB0003395000,35151370,FSJ,GBP,2022-04-21,379.0,393.5,376.0,380.0,61426,127,382.5
GB0003395000,35151370,FSJ,GBP,2022-04-22,388.0,388.0,375.0,383.0,19332,80,379.8
GB0003395000,35151370,FSJ,GBP,2022-04-25,371.0,388.0,371.0,380.0,17660,100,380.7
GB0003395000,35151370,FSJ,GBP,2022-04-26,373.5,382.5,373.5,382.5,39428,89,380.25
GB0003395000,35151370,FSJ,GBP,2022-04-27,383.5,389.5,380.0,380.0,13903,42,383.0
GB0003395000,35151370,FSJ,GBP,2022-04-28,391.5,401.5,387.0,387.0,19977,45,392.9
GB0003395000,35151370,FSJ,GBP,2022-04-29,390.5,393.5,383.0,393.5,7841,32,388.55
GB0003395000,35151370,FSJ,GBP,2022-05-03,395.0,395.5,383.0,393.5,20781,61,387.25
GB0003395000,35151370,FSJ,GBP,2022-05-04,383.5,392.5,380.5,388.5,13939,56,388.0
GB0003395000,35151370,FSJ,GBP,2022-05-05,380.5,394.0,380.5,394.0,12432,38,391.45
GB0003395000,35151370,FSJ,GBP,2022-05-06,382.0,388.5,380.5,383.0,15743,149,383.15
GB0003395000,35151370,FSJ,GBP,2022-05-09,380.0,380.0,367.0,370.0,13690,48,373.75
GB0003395000,35151370,FSJ,GBP,2022-05-10,374.0,377.0,369.0,373.0,14229,35,373.85
GB0003395000,35151370,FSJ,GBP,2022-05-11,384.5,385.5,378.0,378.5,7007,33,381.15
GB0003395000,35151370,FSJ,GBP,2022-05-12,380.0,389.0,375.5,382.0,9431,24,381.8
GB0003395000,35151370,FSJ,GBP,2022-05-13,378.0,378.0,378.0,378.0,412,1,378.0
GB0003395000,35151370,FSJ,GBP,2022-05-16,378.0,382.0,369.0,369.0,39723,75,373.2
GB0003395000,35151370,FSJ,GBP,2022-05-17,370.5,387.5,370.5,382.5,18366,33,382.1
GB0003395000,35151370,FSJ,GBP,2022-05-18,385.5,387.5,380.5,384.0,9344,22,384.65
GB0003395000,35151370,FSJ,GBP,2022-05-19,378.0,378.0,370.0,370.5,17053,30,371.6
GB0003395000,35151370,FSJ,GBP,2022-05-20,377.0,384.0,374.0,384.0,13443,30,379.25
GB0003395000,35151370,FSJ,GBP,2022-05-23,385.5,398.5,385.0,389.5,15087,42,393.3
GB0003395000,35151370,FSJ,GBP,2022-05-24,376.0,379.0,367.5,367.5,9941,23,370.35
GB0003395000,35151370,FSJ,GBP,2022-05-25,369.5,369.5,361.0,369.5,12728,47,365.95
GB0003395000,35151370,FSJ,GBP,2022-05-26,364.0,377.0,364.0,377.0,5149,14,374.1
GB0003395000,35151370,FSJ,GBP,2022-05-27,370.0,378.0,367.5,378.0,23892,29,370.4
GB0003395000,35151370,FSJ,GBP,2022-05-30,377.5,377.5,363.0,363.5,18724,44,369.75
GB0003395000,35151370,FSJ,GBP,2022-05-31,361.0,363.5,360.0,363.5,18679,24,360.7
GB0003395000,35151370,FSJ,GBP,2022-06-01,361.5,367.5,360.0,363.0,8967,26,362.7
GB0003395000,35151370,FSJ,GBP,2022-06-06,372.0,384.0,360.0,380.5,17417,40,366.1
GB0003395000,35151370,FSJ,GBP,2022-06-07,386.5,387.5,367.5,387.5,5109,22,379.0
GB0003395000,35151370,FSJ,GBP,2022-06-08,387.5,390.5,377.5,385.0,8798,38,385.0
GB0003395000,35151370,FSJ,GBP,2022-06-09,378.5,379.0,373.5,373.5,6747,28,376.2
GB0003395000,35151370,FSJ,GBP,2022-06-10,378.0,382.5,360.0,360.0,12289,34,368.85
GB0003395000,35151370,FSJ,GBP,2022-06-13,360.0,363.5,350.5,356.0,38390,66,359.4
GB0003395000,35151370,FSJ,GBP,2022-06-14,350.5,350.5,326.0,334.5,14923,59,336.2
GB0003395000,35151370,FSJ,GBP,2022-06-15,327.5,342.5,327.5,330.0,17956,30,333.25
GB0003395000,35151370,FSJ,GBP,2022-06-16,329.0,329.0,311.0,313.0,14258,63,316.65
GB0003395000,35151370,FSJ,GBP,2022-06-17,311.0,338.0,309.0,316.0,10779,31,318.2
GB0003395000,35151370,FSJ,GBP,2022-06-20,311.5,313.5,296.5,296.5,36997,86,303.0
GB0003395000,35151370,FSJ,GBP,2022-06-21,299.0,300.0,295.0,295.0,18271,53,296.5
GB0003395000,35151370,FSJ,GBP,2022-06-22,299.5,316.5,292.5,300.0,14712,49,303.7
GB0003395000,35151370,FSJ,GBP,2022-06-23,302.5,321.5,302.5,302.5,34400,96,314.05
GB0003395000,35151370,FSJ,GBP,2022-06-24,303.5,310.0,300.5,303.5,60185,160,304.35
GB0003395000,35151370,FSJ,GBP,2022-06-27,300.5,320.5,299.5,315.0,14269,36,313.75
GB0003395000,35151370,FSJ,GBP,2022-06-28,307.0,310.5,297.5,300.0,31301,119,303.0
GB0003395000,35151370,FSJ,GBP,2022-06-29,300.5,320.5,300.5,320.5,10272,52,309.55
GB0003395000,35151370,FSJ,GBP,2022-06-30,315.5,315.5,291.0,291.0,28994,61,296.2
GB0003395000,35151370,FSJ,GBP,2022-07-01,289.5,305.0,286.5,301.5,25602,114,294.35
GB0003395000,35151370,FSJ,GBP,2022-07-04,300.0,300.0,290.5,290.5,2527,12,292.65
GB0003395000,35151370,FSJ,GBP,2022-07-05,295.5,298.5,284.5,294.0,15811,48,290.0
GB0003395000,35151370,FSJ,GBP,2022-07-06,292.0,292.0,278.5,280.0,10105,52,286.3
GB0003395000,35151370,FSJ,GBP,2022-07-07,277.0,288.5,269.5,281.5,8287,35,278.0
GB0003395000,35151370,FSJ,GBP,2022-07-08,286.5,287.5,276.0,276.0,8765,11,277.05
GB0003395000,35151370,FSJ,GBP,2022-07-11,279.0,284.0,272.0,272.0,14678,32,274.55
GB0003395000,35151370,FSJ,GBP,2022-07-12,279.0,285.5,268.0,274.5,26453,92,275.5
GB0003395000,35151370,FSJ,GBP,2022-07-13,275.0,280.0,274.0,280.0,4530,15,277.85
GB0003395000,35151370,FSJ,GBP,2022-07-14,276.5,277.0,272.0,273.0,17019,73,273.4
GB0003395000,35151370,FSJ,GBP,2022-07-15,269.5,279.5,268.0,270.0,8712,45,270.25
GB0003395000,35151370,FSJ,GBP,2022-07-18,266.5,270.5,265.5,265.5,7197,23,267.5
GB0003395000,35151370,FSJ,GBP,2022-07-19,266.5,266.5,260.5,260.5,2934,13,263.0
GB0003395000,35151370,FSJ,GBP,2022-07-20,265.0,267.5,259.0,265.0,11714,41,263.0
GB0003395000,35151370,FSJ,GBP,2022-07-21,261.0,267.0,261.0,265.0,15797,53,264.4
GB0003395000,35151370,FSJ,GBP,2022-07-22,267.0,271.5,265.0,266.0,13948,66,266.85
GB0003395000,35151370,FSJ,GBP,2022-07-25,265.0,272.0,265.0,266.0,10569,33,266.65
GB0003395000,35151370,FSJ,GBP,2022-07-26,272.0,272.0,257.0,263.0,25561,75,261.0
GB0003395000,35151370,FSJ,GBP,2022-07-27,270.5,270.5,262.5,262.5,4278,11,265.55
GB0003395000,35151370,FSJ,GBP,2022-07-28,265.0,278.0,259.5,274.0,27136,90,269.3
GB0003395000,35151370,FSJ,GBP,2022-07-29,281.0,304.0,281.0,301.5,28220,88,295.35
GB0003395000,35151370,FSJ,GBP,2022-08-01,308.0,310.5,304.0,309.5,5586,26,307.8
GB0003395000,35151370,FSJ,GBP,2022-08-02,307.0,309.5,297.5,297.5,5232,22,301.25
GB0003395000,35151370,FSJ,GBP,2022-08-03,309.0,327.5,306.5,308.5,18116,22,309.5
GB0003395000,35151370,FSJ,GBP,2022-08-04,312.0,320.5,308.0,310.5,17399,58,313.8
GB0003395000,35151370,FSJ,GBP,2022-08-05,318.5,321.5,311.5,316.5,6572,23,314.5
GB0003395000,35151370,FSJ,GBP,2022-08-08,318.0,321.0,310.5,315.5,8642,19,315.5
GB0003395000,35151370,FSJ,GBP,2022-08-09,320.0,335.0,316.0,335.0,9530,20,327.45
GB0003395000,35151370,FSJ,GBP,2022-08-10,340.0,340.5,323.5,330.0,10589,31,333.0
GB0003395000,35151370,FSJ,GBP,2022-08-11,321.5,360.0,321.5,360.0,10910,41,352.3
GB0003395000,35151370,FSJ,GBP,2022-08-12,359.0,370.0,349.5,357.5,15833,57,356.75
GB0003395000,35151370,FSJ,GBP,2022-08-15,369.0,402.0,369.0,400.0,44432,185,391.55
GB0003395000,35151370,FSJ,GBP,2022-08-16,397.5,402.0,381.5,381.5,36164,77,386.95
GB0003395000,35151370,FSJ,GBP,2022-08-17,381.5,381.5,357.0,367.0,37354,46,363.85
GB0003395000,35151370,FSJ,GBP,2022-08-18,367.0,370.5,342.0,345.5,27606,42,353.85
GB0003395000,35151370,FSJ,GBP,2022-08-19,350.0,350.0,312.5,346.0,53753,91,330.2
GB0003395000,35151370,FSJ,GBP,2022-08-22,337.0,346.5,312.0,326.0,46288,120,326.15
GB0003395000,35151370,FSJ,GBP,2022-08-23,327.5,335.5,315.0,335.5,26122,55,326.55
GB0003395000,35151370,FSJ,GBP,2022-08-24,329.0,329.0,321.0,321.0,1450,5,322.4
GB0003395000,35151370,FSJ,GBP,2022-08-25,331.5,333.0,331.0,333.0,4246,13,332.25
GB0003395000,35151370,FSJ,GBP,2022-08-26,343.0,343.0,330.0,330.0,3637,2,330.0
GB0003395000,35151370,FSJ,GBP,2022-08-30,343.0,343.0,341.0,341.0,4759,13,342.5
GB0003395000,35151370,FSJ,GBP,2022-08-31,340.0,347.0,335.0,342.0,7018,10,339.55
GB0003395000,35151370,FSJ,GBP,2022-09-01,341.5,342.5,314.5,314.5,44965,46,327.05
GB0003395000,35151370,FSJ,GBP,2022-09-02,318.0,318.0,300.5,305.0,26367,114,308.85
GB0003395000,35151370,FSJ,GBP,2022-09-05,305.0,308.0,299.5,303.0,59320,98,305.25
GB0003395000,35151370,FSJ,GBP,2022-09-06,308.0,311.0,300.5,305.0,44535,65,305.9
GB0003395000,35151370,FSJ,GBP,2022-09-07,287.5,290.5,268.5,286.0,43319,88,285.85
GB0003395000,35151370,FSJ,GBP,2022-09-08,295.0,295.0,287.0,289.0,14896,20,288.8
GB0003395000,35151370,FSJ,GBP,2022-09-09,283.5,296.5,283.5,296.5,11332,37,293.45
GB0003395000,35151370,FSJ,GBP,2022-09-12,302.5,317.5,300.0,300.0,17360,64,310.65
GB0003395000,35151370,FSJ,GBP,2022-09-13,301.0,317.0,301.0,303.0,21144,45,306.75
GB0003395000,35151370,FSJ,GBP,2022-09-14,300.5,305.0,299.5,305.0,19315,40,300.25
GB0003395000,35151370,FSJ,GBP,2022-09-15,295.5,310.0,295.5,306.0,17272,44,307.2
GB0003395000,35151370,FSJ,GBP,2022-09-16,324.0,326.5,305.0,305.0,13305,17,316.95
GB0003395000,35151370,FSJ,GBP,2022-09-20,305.0,308.0,291.0,299.0,5050,40,303.7
GB0003395000,35151370,FSJ,GBP,2022-09-21,290.0,290.0,290.0,290.0,934,1,290.0
GB0003395000,35151370,FSJ,GBP,2022-09-22,305.0,305.0,298.0,298.0,961,2,299.35
GB0003395000,35151370,FSJ,GBP,2022-09-23,298.5,298.5,290.0,295.0,37549,43,294.3
GB0003395000,35151370,FSJ,GBP,2022-09-26,288.5,300.5,288.0,290.0,9754,29,290.95
GB0003395000,35151370,FSJ,GBP,2022-09-27,293.0,293.0,293.0,293.0,33,1,293.0
GB0003395000,35151370,FSJ,GBP,2022-09-28,290.5,302.5,287.5,294.0,34719,66,291.7
GB0003395000,35151370,FSJ,GBP,2022-09-29,298.0,298.0,271.0,276.0,41943,54,277.6
GB0003395000,35151370,FSJ,GBP,2022-09-30,279.0,295.5,278.5,282.0,43738,51,286.0
GB0003395000,35151370,FSJ,GBP,2022-10-03,284.5,284.5,275.0,279.0,17354,12,279.4
GB0003395000,35151370,FSJ,GBP,2022-10-04,281.0,286.0,278.0,286.0,10272,14,280.15
GB0003395000,35151370,FSJ,GBP,2022-10-05,282.0,282.0,277.0,277.0,1101,3,278.15
GB0003395000,35151370,FSJ,GBP,2022-10-06,286.0,286.5,275.0,283.5,39289,70,282.05
GB0003395000,35151370,FSJ,GBP,2022-10-07,280.5,295.5,280.0,293.0,28843,60,286.85
GB0003395000,35151370,FSJ,GBP,2022-10-10,301.0,303.5,296.0,303.5,733,6,299.5
GB0003395000,35151370,FSJ,GBP,2022-10-11,299.5,301.5,298.0,298.0,1279,9,298.45
GB0003395000,35151370,FSJ,GBP,2022-10-12,300.0,300.0,267.5,278.0,37244,64,276.4
GB0003395000,35151370,FSJ,GBP,2022-10-13,280.0,280.0,262.5,275.0,17306,39,274.05
GB0003395000,35151370,FSJ,GBP,2022-10-14,277.0,277.0,272.5,274.5,18187,9,273.75
GB0003395000,35151370,FSJ,GBP,2022-10-17,273.0,277.0,262.0,266.0,57160,60,268.85
GB0003395000,35151370,FSJ,GBP,2022-10-18,270.0,270.0,257.5,265.5,18386,37,264.4
GB0003395000,35151370,FSJ,GBP,2022-10-19,262.0,264.5,258.0,262.0,27919,46,260.5
GB0003395000,35151370,FSJ,GBP,2022-10-20,267.5,269.5,260.5,263.0,31472,56,264.0
GB0003395000,35151370,FSJ,GBP,2022-10-21,267.0,268.5,260.5,263.0,3745,13,267.1
GB0003395000,35151370,FSJ,GBP,2022-10-24,258.5,261.5,258.0,258.0,8775,20,260.05
GB0003395000,35151370,FSJ,GBP,2022-10-25,258.0,258.0,251.0,251.0,2226,3,256.0
GB0003395000,35151370,FSJ,GBP,2022-10-26,252.5,252.5,241.0,252.0,69330,53,247.9
GB0003395000,35151370,FSJ,GBP,2022-10-27,257.5,270.0,257.5,265.0,10319,10,260.85
GB0003395000,35151370,FSJ,GBP,2022-10-28,263.0,263.5,249.5,262.5,32645,59,258.35
GB0003395000,35151370,FSJ,GBP,2022-10-31,261.5,263.0,255.0,260.0,19310,27,259.05
GB0003395000,35151370,FSJ,GBP,2022-11-01,263.0,272.5,263.0,272.0,9397,34,267.35
GB0003395000,35151370,FSJ,GBP,2022-11-02,275.0,275.0,262.5,262.5,66751,56,263.55
GB0003395000,35151370,FSJ,GBP,2022-11-03,263.0,292.5,256.5,270.5,74210,133,268.65
GB0003395000,35151370,FSJ,GBP,2022-11-04,273.0,305.0,273.0,302.5,43776,76,291.1
GB0003395000,35151370,FSJ,GBP,2022-11-07,306.0,306.0,292.5,296.0,26079,58,296.75
GB0003395000,35151370,FSJ,GBP,2022-11-08,300.0,300.0,286.5,287.5,17355,52,291.45
GB0003395000,35151370,FSJ,GBP,2022-11-09,291.0,291.0,285.0,291.0,1332,11,287.3
GB0003395000,35151370,FSJ,GBP,2022-11-10,290.5,290.5,279.0,282.0,13523,30,282.0
GB0003395000,35151370,FSJ,GBP,2022-11-11,279.0,289.5,279.0,289.5,11435,10,284.65
GB0003395000,35151370,FSJ,GBP,2022-11-14,286.0,305.0,286.0,305.0,19541,62,299.35
GB0003395000,35151370,FSJ,GBP,2022-11-15,300.5,319.0,300.5,311.5,36323,57,309.8
GB0003395000,35151370,FSJ,GBP,2022-11-16,313.5,317.0,299.0,304.0,7523,23,309.6
GB0003395000,35151370,FSJ,GBP,2022-11-17,303.0,304.5,300.0,304.0,4486,16,301.5
GB0003395000,35151370,FSJ,GBP,2022-11-18,302.5,304.0,299.0,299.5,2077,7,299.75
GB0003395000,35151370,FSJ,GBP,2022-11-21,295.0,312.0,295.0,312.0,11098,7,310.25
GB0003395000,35151370,FSJ,GBP,2022-11-22,312.5,318.0,312.0,312.0,21605,39,315.5
GB0003395000,35151370,FSJ,GBP,2022-11-23,309.0,325.0,309.0,325.0,6561,19,319.75
GB0003395000,35151370,FSJ,GBP,2022-11-24,323.0,350.0,323.0,350.0,15664,38,333.55
GB0003395000,35151370,FSJ,GBP,2022-11-25,333.0,345.0,332.5,345.0,1673,5,334.0
GB0003395000,35151370,FSJ,GBP,2022-11-28,345.0,349.0,334.0,344.0,9403,41,344.35
GB0003395000,35151370,FSJ,GBP,2022-11-29,349.0,349.0,331.5,333.5,12557,32,338.3
GB0003395000,35151370,FSJ,GBP,2022-11-30,327.0,338.0,327.0,338.0,297,2,337.8
GB0003395000,35151370,FSJ,GBP,2022-12-01,338.5,341.0,335.0,341.0,4405,11,337.45
GB0003395000,35151370,FSJ,GBP,2022-12-02,339.5,340.0,328.0,332.5,3895,7,329.6
GB0003395000,35151370,FSJ,GBP,2022-12-05,326.5,335.0,326.5,335.0,6977,23,327.95
GB0003395000,35151370,FSJ,GBP,2022-12-06,333.5,335.0,328.5,335.0,559,6,334.5
GB0003395000,35151370,FSJ,GBP,2022-12-07,334.5,334.5,334.5,334.5,46,2,334.5
GB0003395000,35151370,FSJ,GBP,2022-12-08,333.0,334.0,327.5,334.0,2189,25,331.05
GB0003395000,35151370,FSJ,GBP,2022-12-09,331.0,331.0,331.0,331.0,31,1,331.0
GB0003395000,35151370,FSJ,GBP,2022-12-12,326.0,331.0,326.0,331.0,618,8,330.9
GB0003395000,35151370,FSJ,GBP,2022-12-13,336.5,337.0,329.0,332.0,8262,27,332.15
GB0003395000,35151370,FSJ,GBP,2022-12-14,336.0,336.0,320.5,331.0,24020,71,329.3
GB0003395000,35151370,FSJ,GBP,2022-12-15,330.5,337.5,328.0,328.0,5813,7,328.75
GB0003395000,35151370,FSJ,GBP,2022-12-16,328.0,341.0,328.0,341.0,18993,8,340.65
GB0003395000,35151370,FSJ,GBP,2022-12-19,351.0,354.5,346.0,354.5,5556,18,351.7
GB0003395000,35151370,FSJ,GBP,2022-12-20,354.0,359.0,351.0,356.0,4540,10,355.15
GB0003395000,35151370,FSJ,GBP,2022-12-21,363.0,372.0,363.0,372.0,148,5,369.0
GB0003395000,35151370,FSJ,GBP,2022-12-22,363.5,389.5,363.5,381.0,21275,42,378.15
GB0003395000,35151370,FSJ,GBP,2022-12-23,389.0,389.0,385.5,385.5,2068,2,385.55
GB0003395000,35151370,FSJ,GBP,2022-12-28,391.5,402.0,387.5,395.0,28114,51,392.5
GB0003395000,35151370,FSJ,GBP,2022-12-29,388.5,395.0,388.5,391.5,2396,15,389.6
GB0003395000,35151370,FSJ,GBP,2022-12-30,388.5,390.5,388.5,390.5,2,1,388.5
GB0003395000,35151370,FSJ,GBP,2023-01-03,400.0,400.0,383.0,391.0,13015,41,389.9
GB0003395000,35151370,FSJ,GBP,2023-01-04,388.5,397.5,387.5,394.0,4749,28,391.0
GB0003395000,35151370,FSJ,GBP,2023-01-05,388.0,395.0,386.5,395.0,623,9,391.5
GB0003395000,35151370,FSJ,GBP,2023-01-06,395.0,395.0,395.0,395.0,1387,1,395.0
GB0003395000,35151370,FSJ,GBP,2023-01-09,393.0,394.0,393.0,394.0,1194,9,393.6
GB0003395000,35151370,FSJ,GBP,2023-01-10,385.0,400.0,385.0,392.0,4821,33,394.3
GB0003395000,35151370,FSJ,GBP,2023-01-11,397.5,397.5,388.5,395.0,1059,19,392.15
GB0003395000,35151370,FSJ,GBP,2023-01-12,395.0,397.5,390.0,397.5,20996,16,393.9
GB0003395000,35151370,FSJ,GBP,2023-01-13,390.5,404.5,388.0,395.0,17549,58,397.55
GB0003395000,35151370,FSJ,GBP,2023-01-16,388.5,400.0,388.5,395.0,6633,8,394.25
GB0003395000,35151370,FSJ,GBP,2023-01-17,395.0,398.5,387.5,395.0,3252,11,394.6
GB0003395000,35151370,FSJ,GBP,2023-01-18,392.5,396.5,387.5,396.5,751,9,393.2
GB0003395000,35151370,FSJ,GBP,2023-01-19,395.0,395.0,395.0,395.0,229,1,395.0
GB0003395000,35151370,FSJ,GBP,2023-01-20,396.5,410.0,395.0,407.0,9517,50,404.9
GB0003395000,35151370,FSJ,GBP,2023-01-23,409.0,409.0,402.0,406.0,12835,39,404.5
GB0003395000,35151370,FSJ,GBP,2023-01-24,402.0,410.0,394.0,400.0,33991,46,404.1
GB0003395000,35151370,FSJ,GBP,2023-01-25,406.0,406.0,398.5,398.5,42,4,402.25
GB0003395000,35151370,FSJ,GBP,2023-01-26,399.0,411.5,399.0,400.5,1221,9,400.55
GB0003395000,35151370,FSJ,GBP,2023-01-27,398.5,405.0,392.0,392.0,4333,10,394.0
GB0003395000,35151370,FSJ,GBP,2023-01-30,391.0,391.0,375.5,377.5,52120,84,383.9
GB0003395000,35151370,FSJ,GBP,2023-01-31,370.0,370.0,357.5,365.0,34362,61,363.6
GB0003395000,35151370,FSJ,GBP,2023-02-01,359.5,359.5,345.5,348.0,29837,38,351.0
GB0003395000,35151370,FSJ,GBP,2023-02-02,340.5,366.5,340.5,363.5,28382,30,354.65
GB0003395000,35151370,FSJ,GBP,2023-02-03,350.5,367.5,350.5,363.0,2433,7,354.2
GB0003395000,35151370,FSJ,GBP,2023-02-06,344.0,344.5,340.0,342.5,17562,17,343.45
GB0003395000,35151370,FSJ,GBP,2023-02-07,333.0,349.5,330.0,343.5,39434,41,335.85
GB0003395000,35151370,FSJ,GBP,2023-02-08,353.0,354.5,351.0,351.0,6701,14,352.0
GB0003395000,35151370,FSJ,GBP,2023-02-09,354.5,359.0,350.0,350.0,21760,21,353.15
GB0003395000,35151370,FSJ,GBP,2023-02-10,355.0,355.5,347.5,355.5,4646,6,355.15
GB0003395000,35151370,FSJ,GBP,2023-02-13,350.0,360.0,348.0,360.0,6054,7,359.9
GB0003395000,35151370,FSJ,GBP,2023-02-14,347.0,368.5,347.0,360.0,21585,22,362.7
GB0003395000,35151370,FSJ,GBP,2023-02-15,364.0,364.0,364.0,364.0,1656,1,364.0
GB0003395000,35151370,FSJ,GBP,2023-02-16,356.0,362.5,332.0,332.0,13772,32,352.7
GB0003395000,35151370,FSJ,GBP,2023-02-17,341.0,345.0,325.0,342.5,23896,62,332.85
GB0003395000,35151370,FSJ,GBP,2023-02-20,347.5,353.0,340.0,348.5,17944,30,346.55
GB0003395000,35151370,FSJ,GBP,2023-02-21,350.0,354.5,345.5,348.5,5256,15,349.5
GB0003395000,35151370,FSJ,GBP,2023-02-22,344.0,352.0,344.0,350.0,6176,12,346.15
GB0003395000,35151370,FSJ,GBP,2023-02-23,353.0,383.0,345.5,380.0,5330,22,359.85
GB0003395000,35151370,FSJ,GBP,2023-02-24,380.0,388.0,380.0,385.0,6754,24,384.5
GB0003395000,35151370,FSJ,GBP,2023-02-27,384.5,392.5,384.5,392.0,23441,33,390.9
GB0003395000,35151370,FSJ,GBP,2023-02-28,395.0,401.5,390.0,401.5,10421,37,399.1
GB0003395000,35151370,FSJ,GBP,2023-03-01,391.5,413.0,391.5,401.0,73007,56,406.65
GB0003395000,35151370,FSJ,GBP,2023-03-02,405.5,405.5,395.0,397.0,23065,22,401.3
GB0003395000,35151370,FSJ,GBP,2023-03-03,392.0,398.0,388.5,390.5,4066,11,391.5
GB0003395000,35151370,FSJ,GBP,2023-03-06,370.0,374.0,357.5,370.0,66008,89,368.9
GB0003395000,35151370,FSJ,GBP,2023-03-07,374.5,384.0,370.5,370.5,11424,19,372.85
GB0003395000,35151370,FSJ,GBP,2023-03-08,370.5,372.5,347.5,368.0,47803,47,365.5
GB0003395000,35151370,FSJ,GBP,2023-03-09,360.0,369.0,360.0,365.0,27763,39,364.4
GB0003395000,35151370,FSJ,GBP,2023-03-10,360.0,369.5,357.0,361.0,23821,39,361.75
GB0003395000,35151370,FSJ,GBP,2023-03-13,357.5,360.0,345.0,358.5,8193,26,357.55
GB0003395000,35151370,FSJ,GBP,2023-03-14,360.0,360.0,331.5,331.5,31142,40,338.1
GB0003395000,35151370,FSJ,GBP,2023-03-15,325.5,330.5,304.0,325.5,24834,53,323.35
GB0003395000,35151370,FSJ,GBP,2023-03-16,316.5,322.5,316.5,322.5,820,22,319.55
GB0003395000,35151370,FSJ,GBP,2023-03-17,320.0,324.5,316.0,317.0,24714,30,318.35
GB0003395000,35151370,FSJ,GBP,2023-03-20,309.5,314.0,299.0,305.5,38785,70,304.6
GB0003395000,35151370,FSJ,GBP,2023-03-21,301.0,304.0,286.0,297.0,64505,76,292.8
GB0003395000,35151370,FSJ,GBP,2023-03-22,303.0,322.5,300.0,318.5,21883,31,311.7
GB0003395000,35151370,FSJ,GBP,2023-03-23,322.0,322.0,312.0,313.0,23528,29,314.75
GB0003395000,35151370,FSJ,GBP,2023-03-24,280.0,294.5,280.0,294.5,48558,65,289.9
GB0003395000,35151370,FSJ,GBP,2023-03-27,297.0,297.0,289.0,290.0,7601,11,291.35
GB0003395000,35151370,FSJ,GBP,2023-03-28,294.5,294.5,288.5,288.5,5615,4,290.45
GB0003395000,35151370,FSJ,GBP,2023-03-29,291.0,293.0,291.0,293.0,18190,5,292.95
GB0003395000,35151370,FSJ,GBP,2023-03-30,291.5,291.5,290.0,290.0,118,3,291.1
GB0003395000,35151370,FSJ,GBP,2023-03-31,285.0,298.0,285.0,290.0,3214,8,292.8
GB0003395000,35151370,FSJ,GBP,2023-04-03,285.0,301.0,285.0,301.0,3569,10,293.65
GB0003395000,35151370,FSJ,GBP,2023-04-04,295.0,300.5,295.0,298.0,466,2,298.15
GB0003395000,35151370,FSJ,GBP,2023-04-05,306.5,307.5,303.0,303.0,127,5,305.4
GB0003395000,35151370,FSJ,GBP,2023-04-06,297.5,300.0,291.0,300.0,23926,31,296.35
GB0003395000,35151370,FSJ,GBP,2023-04-11,300.0,301.0,293.0,293.0,10647,9,295.65
GB0003395000,35151370,FSJ,GBP,2023-04-12,293.0,293.0,285.5,289.0,5882,8,291.2
GB0003395000,35151370,FSJ,GBP,2023-04-13,291.5,293.5,288.0,293.0,11514,22,290.6
GB0003395000,35151370,FSJ,GBP,2023-04-14,291.5,294.0,284.5,289.0,10371,21,290.25
GB0003395000,35151370,FSJ,GBP,2023-04-17,293.0,293.0,283.0,286.0,16434,33,286.35
GB0003395000,35151370,FSJ,GBP,2023-04-18,283.0,283.5,280.5,282.5,6809,13,282.65
GB0003395000,35151370,FSJ,GBP,2023-04-19,280.0,283.0,277.5,279.5,743,5,278.3
GB0003395000,35151370,FSJ,GBP,2023-04-20,282.0,282.0,277.0,277.0,748,5,279.3
GB0003395000,35151370,FSJ,GBP,2023-04-21,276.5,282.5,276.5,282.5,7608,11,280.75
GB0003395000,35151370,FSJ,GBP,2023-04-24,282.5,282.5,277.0,282.0,27630,15,281.1
GB0003395000,35151370,FSJ,GBP,2023-04-25,284.0,284.0,280.0,281.5,14465,5,281.5
GB0003395000,35151370,FSJ,GBP,2023-04-26,288.0,313.0,288.0,311.0,90926,51,295.8
GB0003395000,35151370,FSJ,GBP,2023-04-27,307.5,326.5,302.0,320.0,31221,45,319.7
GB0003395000,35151370,FSJ,GBP,2023-04-28,317.5,328.5,316.0,325.0,42954,48,323.3
GB0003395000,35151370,FSJ,GBP,2023-05-02,333.5,347.0,330.0,347.0,28777,22,340.2
GB0003395000,35151370,FSJ,GBP,2023-05-03,344.0,346.0,335.5,344.0,37328,56,343.3
GB0003395000,35151370,FSJ,GBP,2023-05-04,340.5,346.0,331.0,344.0,12361,20,340.4
GB0003395000,35151370,FSJ,GBP,2023-05-05,341.0,349.5,341.0,344.0,10345,9,343.8
GB0003395000,35151370,FSJ,GBP,2023-05-09,350.0,352.0,349.5,350.0,7666,9,350.0
GB0003395000,35151370,FSJ,GBP,2023-05-10,352.0,352.0,347.0,350.0,1741,4,351.75
GB0003395000,35151370,FSJ,GBP,2023-05-11,351.0,352.0,350.5,350.5,11613,5,350.55
GB0003395000,35151370,FSJ,GBP,2023-05-12,344.0,358.0,344.0,358.0,7009,13,355.65
GB0003395000,35151370,FSJ,GBP,2023-05-15,360.0,380.0,359.0,380.0,19786,21,370.95
GB0003395000,35151370,FSJ,GBP,2023-05-16,368.0,379.0,368.0,378.0,6079,14,375.6
GB0003395000,35151370,FSJ,GBP,2023-05-17,370.5,378.5,370.0,370.0,14070,8,370.2
GB0003395000,35151370,FSJ,GBP,2023-05-18,368.0,377.5,368.0,369.5,1770,5,371.1
GB0003395000,35151370,FSJ,GBP,2023-05-19,370.0,370.0,370.0,370.0,882,1,370.0
GB0003395000,35151370,FSJ,GBP,2023-05-22,370.0,370.0,370.0,370.0,142,1,370.0
GB0003395000,35151370,FSJ,GBP,2023-05-23,370.0,380.0,370.0,375.5,3717,7,376.35
GB0003395000,35151370,FSJ,GBP,2023-05-24,374.0,374.5,367.0,367.0,10165,18,369.1
GB0003395000,35151370,FSJ,GBP,2023-05-25,370.5,378.0,370.0,374.5,933,4,371.1
GB0003395000,35151370,FSJ,GBP,2023-05-26,373.0,373.0,370.5,370.5,4735,3,371.05
GB0003395000,35151370,FSJ,GBP,2023-05-30,368.5,372.0,368.0,368.0,3109,7,368.4
GB0003395000,35151370,FSJ,GBP,2023-05-31,357.0,371.0,350.0,367.0,18790,20,364.4
GB0003395000,35151370,FSJ,GBP,2023-06-01,368.0,373.0,368.0,370.0,5860,7,369.85
GB0003395000,35151370,FSJ,GBP,2023-06-02,364.0,377.0,364.0,377.0,377,1,364.0
GB0003395000,35151370,FSJ,GBP,2023-06-05,374.5,378.0,374.5,378.0,12467,6,377.65
GB0003395000,35151370,FSJ,GBP,2023-06-06,376.0,378.0,376.0,378.0,8362,8,377.35
GB0003395000,35151370,FSJ,GBP,2023-06-07,381.0,396.5,381.0,390.0,13185,14,389.3
GB0003395000,35151370,FSJ,GBP,2023-06-08,392.5,394.0,391.0,394.0,9428,17,393.85
GB0003395000,35151370,FSJ,GBP,2023-06-09,395.5,401.0,395.0,401.0,4230,16,399.05
GB0003395000,35151370,FSJ,GBP,2023-06-12,400.0,401.0,399.5,401.0,18290,16,400.85
GB0003395000,35151370,FSJ,GBP,2023-06-13,400.0,401.5,399.5,401.0,10796,19,400.4
GB0003395000,35151370,FSJ,GBP,2023-06-14,401.0,412.0,401.0,412.0,19101,78,409.05
GB0003395000,35151370,FSJ,GBP,2023-06-15,415.0,426.5,414.5,425.0,8393,35,422.1
GB0003395000,35151370,FSJ,GBP,2023-06-16,425.5,427.0,424.5,425.0,29532,47,425.1
GB0003395000,35151370,FSJ,GBP,2023-06-19,421.0,426.0,421.0,425.0,41204,25,424.2
GB0003395000,35151370,FSJ,GBP,2023-06-20,425.0,427.0,415.0,415.0,88303,61,422.15
GB0003395000,35151370,FSJ,GBP,2023-06-21,415.0,415.0,400.0,401.0,40348,43,409.45
GB0003395000,35151370,FSJ,GBP,2023-06-22,403.5,403.5,396.0,398.0,43158,65,399.35
GB0003395000,35151370,FSJ,GBP,2023-06-23,400.5,404.0,398.5,401.5,3855,17,401.05
GB0003395000,35151370,FSJ,GBP,2023-06-26,401.5,405.0,400.5,401.5,5215,9,401.35
GB0003395000,35151370,FSJ,GBP,2023-06-27,401.0,403.5,400.0,401.0,17245,17,400.85
GB0003395000,35151370,FSJ,GBP,2023-06-28,399.5,402.0,399.5,402.0,2503,8,401.7
GB0003395000,35151370,FSJ,GBP,2023-06-29,400.0,404.0,392.0,403.0,7547,20,400.8
GB0003395000,35151370,FSJ,GBP,2023-06-30,403.0,403.0,401.0,401.0,9512,12,401.05
GB0003395000,35151370,FSJ,GBP,2023-07-03,395.5,402.0,395.5,400.0,6086,4,400.0
GB0003395000,35151370,FSJ,GBP,2023-07-04,400.5,400.5,400.0,400.0,399,2,400.05
GB0003395000,35151370,FSJ,GBP,2023-07-05,401.0,406.5,400.5,406.5,3399,9,405.35
GB0003395000,35151370,FSJ,GBP,2023-07-06,402.5,406.5,400.5,400.5,8326,13,402.05
GB0003395000,35151370,FSJ,GBP,2023-07-07,396.0,396.0,396.0,396.0,1117,1,396.0
GB0003395000,35151370,FSJ,GBP,2023-07-10,395.0,395.0,395.0,395.0,4485,2,395.0
GB0003395000,35151370,FSJ,GBP,2023-07-11,395.0,399.5,395.0,398.0,3813,17,395.25
GB0003395000,35151370,FSJ,GBP,2023-07-12,390.0,409.0,390.0,406.5,8571,13,404.75
GB0003395000,35151370,FSJ,GBP,2023-07-13,403.5,403.5,403.5,403.5,1448,1,403.5
GB0003395000,35151370,FSJ,GBP,2023-07-14,400.0,400.5,400.0,400.5,2108,2,400.45
GB0003395000,35151370,FSJ,GBP,2023-07-17,403.0,403.0,402.0,402.0,1499,2,402.05
GB0003395000,35151370,FSJ,GBP,2023-07-18,400.0,400.0,399.0,399.0,1469,2,399.0
GB0003395000,35151370,FSJ,GBP,2023-07-19,401.5,404.0,399.0,399.0,3603,8,399.25
GB0003395000,35151370,FSJ,GBP,2023-07-20,403.5,409.0,400.0,400.5,6024,16,401.15
GB0003395000,35151370,FSJ,GBP,2023-07-21,398.0,402.0,398.0,402.0,7643,16,399.3
GB0003395000,35151370,FSJ,GBP,2023-07-24,399.0,401.0,399.0,400.5,149,2,400.4
GB0003395000,35151370,FSJ,GBP,2023-07-25,405.0,405.0,405.0,405.0,1234,1,405.0
GB0003395000,35151370,FSJ,GBP,2023-07-26,408.0,408.0,408.0,408.0,5029,1,408.0
GB0003395000,35151370,FSJ,GBP,2023-07-27,398.5,406.0,398.0,401.0,1662,10,403.45
GB0003395000,35151370,FSJ,GBP,2023-07-28,397.5,398.0,397.0,397.5,866,1,397.5
GB0003395000,35151370,FSJ,GBP,2023-07-31,398.0,407.0,398.0,406.0,1463,8,405.8
GB0003395000,35151370,FSJ,GBP,2023-08-01,401.0,412.0,401.0,412.0,9409,62,403.15
GB0003395000,35151370,FSJ,GBP,2023-08-02,405.0,405.5,402.0,402.0,3826,17,403.6
GB0003395000,35151370,FSJ,GBP,2023-08-03,398.5,406.0,398.0,406.0,22404,35,398.3
GB0003395000,35151370,FSJ,GBP,2023-08-04,406.0,406.0,401.0,401.0,905,4,403.45
GB0003395000,35151370,FSJ,GBP,2023-08-07,400.0,406.0,392.0,402.5,3359,11,400.6
GB0003395000,35151370,FSJ,GBP,2023-08-08,400.0,400.0,400.0,400.0,264,1,400.0
GB0003395000,35151370,FSJ,GBP,2023-08-09,400.0,410.0,400.0,401.0,1564,6,400.5
GB0003395000,35151370,FSJ,GBP,2023-08-10,406.0,406.0,406.0,406.0,0,0,406.0
GB0003395000,35151370,FSJ,GBP,2023-08-11,401.0,405.0,401.0,401.0,239,5,401.25
GB0003395000,35151370,FSJ,GBP,2023-08-14,401.5,402.0,393.0,398.0,8169,26,396.15
GB0003395000,35151370,FSJ,GBP,2023-08-15,390.0,398.0,386.0,386.0,8930,12,390.2
GB0003395000,35151370,FSJ,GBP,2023-08-16,395.5,396.0,369.0,369.0,10392,29,373.9
GB0003395000,35151370,FSJ,GBP,2023-08-17,362.0,366.0,362.0,366.0,14,2,362.0
GB0003395000,35151370,FSJ,GBP,2023-08-18,356.5,357.0,345.0,348.0,6168,6,347.5
GB0003395000,35151370,FSJ,GBP,2023-08-21,345.0,359.0,345.0,348.0,2273,5,346.85
GB0003395000,35151370,FSJ,GBP,2023-08-22,359.0,359.0,346.0,346.0,820,3,346.7
GB0003395000,35151370,FSJ,GBP,2023-08-23,350.0,350.0,340.0,340.0,3538,2,340.7
GB0003395000,35151370,FSJ,GBP,2023-08-24,348.0,348.0,343.0,343.0,3212,7,343.9
GB0003395000,35151370,FSJ,GBP,2023-08-25,342.5,343.0,340.0,340.0,5157,11,340.75
GB0003395000,35151370,FSJ,GBP,2023-08-29,346.0,350.0,332.0,336.0,12519,30,336.8
GB0003395000,35151370,FSJ,GBP,2023-08-30,334.0,340.0,331.0,340.0,4012,10,332.8
GB0003395000,35151370,FSJ,GBP,2023-08-31,335.0,335.0,329.0,329.5,4199,15,331.65
GB0003395000,35151370,FSJ,GBP,2023-09-01,331.5,343.0,331.0,332.0,8282,5,332.0
GB0003395000,35151370,FSJ,GBP,2023-09-04,335.5,355.0,335.0,343.0,6758,22,342.3
GB0003395000,35151370,FSJ,GBP,2023-09-05,339.5,341.0,339.0,340.5,3776,4,340.1
GB0003395000,35151370,FSJ,GBP,2023-09-06,352.0,352.0,352.0,352.0,1351,1,352.0
GB0003395000,35151370,FSJ,GBP,2023-09-07,340.0,351.0,335.0,350.0,35582,44,343.55
GB0003395000,35151370,FSJ,GBP,2023-09-08,342.0,342.0,333.0,337.0,3981,4,337.45
GB0003395000,35151370,FSJ,GBP,2023-09-11,340.5,346.0,338.0,341.0,8750,16,340.35
GB0003395000,35151370,FSJ,GBP,2023-09-12,337.5,346.0,336.0,345.0,10374,14,341.2
GB0003395000,35151370,FSJ,GBP,2023-09-13,335.0,340.0,330.0,332.0,10747,20,333.9
GB0003395000,35151370,FSJ,GBP,2023-09-14,332.0,349.0,332.0,340.0,37027,36,340.7
GB0003395000,35151370,FSJ,GBP,2023-09-15,342.5,344.0,335.0,335.0,32294,17,335.4
GB0003395000,35151370,FSJ,GBP,2023-09-18,333.5,352.0,333.0,348.0,23779,61,342.1
GB0003395000,35151370,FSJ,GBP,2023-09-19,348.0,350.0,343.0,343.0,5594,9,345.05
GB0003395000,35151370,FSJ,GBP,2023-09-20,345.0,356.0,345.0,354.0,8026,27,354.5
GB0003395000,35151370,FSJ,GBP,2023-09-21,345.0,360.0,345.0,347.0,6967,21,349.85
GB0003395000,35151370,FSJ,GBP,2023-09-22,348.5,362.0,338.0,338.0,17985,27,342.25
GB0003395000,35151370,FSJ,GBP,2023-09-25,344.5,349.0,338.0,347.5,7500,17,344.3
GB0003395000,35151370,FSJ,GBP,2023-09-26,342.0,342.0,342.0,342.0,1235,2,342.0
GB0003395000,35151370,FSJ,GBP,2023-09-27,335.0,341.0,333.0,337.0,10450,22,337.65
GB0003395000,35151370,FSJ,GBP,2023-09-28,333.0,339.0,314.0,326.5,30592,85,327.8
GB0003395000,35151370,FSJ,GBP,2023-09-29,328.0,330.0,328.0,328.0,2186,4,328.05
GB0003395000,35151370,FSJ,GBP,2023-10-02,327.0,330.0,327.0,330.0,24817,3,330.0
GB0003395000,35151370,FSJ,GBP,2023-10-03,330.5,338.0,330.0,330.0,5531,13,330.15
GB0003395000,35151370,FSJ,GBP,2023-10-04,330.5,334.0,324.0,330.0,30554,33,330.0
GB0003395000,35151370,FSJ,GBP,2023-10-05,325.5,334.0,322.0,322.5,27953,50,328.15
GB0003395000,35151370,FSJ,GBP,2023-10-06,335.5,336.0,323.0,323.0,25,3,325.2
GB0003395000,35151370,FSJ,GBP,2023-10-09,320.5,321.0,320.0,320.5,48,2,320.5
GB0003395000,35151370,FSJ,GBP,2023-10-10,322.0,332.0,322.0,328.0,4719,15,327.3
GB0003395000,35151370,FSJ,GBP,2023-10-11,327.5,336.0,323.0,323.0,21456,41,327.85
GB0003395000,35151370,FSJ,GBP,2023-10-12,330.0,337.0,321.0,330.0,18391,31,328.1
GB0003395000,35151370,FSJ,GBP,2023-10-13,321.5,323.0,302.0,314.0,23470,39,313.15
GB0003395000,35151370,FSJ,GBP,2023-10-16,315.5,318.0,310.0,310.5,3958,9,315.15
GB0003395000,35151370,FSJ,GBP,2023-10-17,310.5,311.0,307.0,307.0,4363,10,307.15
GB0003395000,35151370,FSJ,GBP,2023-10-18,306.5,307.0,299.0,299.5,10866,6,300.75
GB0003395000,35151370,FSJ,GBP,2023-10-19,307.0,312.0,299.0,299.5,10496,15,307.75
GB0003395000,35151370,FSJ,GBP,2023-10-20,299.5,300.0,299.0,299.0,3031,7,299.4
GB0003395000,35151370,FSJ,GBP,2023-10-23,299.0,310.0,297.0,297.0,11591,13,302.05
GB0003395000,35151370,FSJ,GBP,2023-10-24,300.0,300.0,290.0,291.5,16631,17,293.7
GB0003395000,35151370,FSJ,GBP,2023-10-25,292.0,298.0,292.0,293.0,3828,8,293.7
GB0003395000,35151370,FSJ,GBP,2023-10-26,291.0,295.5,291.0,292.0,5742,3,291.95
GB0003395000,35151370,FSJ,GBP,2023-10-27,299.5,300.0,299.0,299.5,170,1,299.5
GB0003395000,35151370,FSJ,GBP,2023-10-30,294.0,302.0,294.0,301.5,5213,11,298.75
GB0003395000,35151370,FSJ,GBP,2023-10-31,297.0,297.0,297.0,297.0,0,0,297.0
GB0003395000,35151370,FSJ,GBP,2023-11-01,292.0,300.0,292.0,299.5,564,2,294.2
GB0003395000,35151370,FSJ,GBP,2023-11-02,292.0,292.0,291.0,291.0,1602,2,291.95
GB0003395000,35151370,FSJ,GBP,2023-11-03,287.0,287.0,287.0,287.0,33,1,287.0
GB0003395000,35151370,FSJ,GBP,2023-11-06,288.0,288.0,288.0,288.0,5254,3,288.0
GB0003395000,35151370,FSJ,GBP,2023-11-07,287.0,287.0,285.0,285.0,553,2,286.85
GB0003395000,35151370,FSJ,GBP,2023-11-08,284.0,289.0,280.0,284.0,1381,6,281.85
GB0003395000,35151370,FSJ,GBP,2023-11-09,276.5,283.0,276.0,281.5,7322,52,280.2
GB0003395000,35151370,FSJ,GBP,2023-11-10,276.0,276.0,276.0,276.0,183,1,276.0
GB0003395000,35151370,FSJ,GBP,2023-11-13,275.0,281.0,273.0,273.5,4812,22,276.0
GB0003395000,35151370,FSJ,GBP,2023-11-14,273.0,276.0,267.0,267.0,11971,9,267.25
GB0003395000,35151370,FSJ,GBP,2023-11-15,267.0,270.0,264.0,264.5,3960,12,266.8
GB0003395000,35151370,FSJ,GBP,2023-11-16,265.5,266.0,260.0,260.0,3646,5,262.5
GB0003395000,35151370,FSJ,GBP,2023-11-17,266.0,266.0,261.0,262.5,3947,20,264.55
GB0003395000,35151370,FSJ,GBP,2023-11-20,264.0,269.0,259.0,260.0,3546,11,262.0
GB0003395000,35151370,FSJ,GBP,2023-11-21,259.5,287.0,259.0,287.0,147939,145,273.25
GB0003395000,35151370,FSJ,GBP,2023-11-22,287.0,307.0,280.0,305.0,57465,69,293.6
GB0003395000,35151370,FSJ,GBP,2023-11-23,300.0,308.0,300.0,308.0,111,3,302.55
GB0003395000,35151370,FSJ,GBP,2023-11-24,306.0,307.0,304.0,306.5,6013,6,305.55
GB0003395000,35151370,FSJ,GBP,2023-11-27,307.5,308.0,304.0,306.0,694,5,307.05
GB0003395000,35151370,FSJ,GBP,2023-11-28,304.0,304.0,295.0,298.0,13146,42,300.3
GB0003395000,35151370,FSJ,GBP,2023-11-29,300.0,300.0,293.0,293.5,11102,13,296.9
GB0003395000,35151370,FSJ,GBP,2023-11-30,290.0,294.5,285.0,285.0,31584,15,285.6
GB0003395000,35151370,FSJ,GBP,2023-12-01,286.0,290.0,280.0,283.5,48910,87,284.5
GB0003395000,35151370,FSJ,GBP,2023-12-04,285.0,285.0,273.0,273.0,7126,11,278.15
GB0003395000,35151370,FSJ,GBP,2023-12-05,281.5,282.0,276.0,276.5,1574,8,280.25
GB0003395000,35151370,FSJ,GBP,2023-12-06,277.0,287.0,277.0,277.0,7851,10,277.3
GB0003395000,35151370,FSJ,GBP,2023-12-07,285.5,286.0,284.0,284.5,4112,6,285.0
GB0003395000,35151370,FSJ,GBP,2023-12-08,280.5,296.0,280.0,285.5,5169,15,287.3
GB0003395000,35151370,FSJ,GBP,2023-12-11,285.5,289.0,285.0,288.5,11818,30,287.95
GB0003395000,35151370,FSJ,GBP,2023-12-12,289.0,293.0,285.0,290.0,35998,41,290.3
GB0003395000,35151370,FSJ,GBP,2023-12-13,290.5,291.0,285.0,290.0,35502,39,289.85
GB0003395000,35151370,FSJ,GBP,2023-12-14,299.5,300.0,299.0,299.5,6804,1,299.5
GB0003395000,35151370,FSJ,GBP,2023-12-15,295.0,303.0,295.0,298.0,83552,35,298.2
GB0003395000,35151370,FSJ,GBP,2023-12-18,297.0,303.0,292.0,292.5,5392,15,293.9
GB0003395000,35151370,FSJ,GBP,2023-12-19,299.0,305.0,296.0,299.0,15886,9,299.6
GB0003395000,35151370,FSJ,GBP,2023-12-20,305.0,313.0,301.0,307.5,15843,30,306.85
GB0003395000,35151370,FSJ,GBP,2023-12-21,302.0,315.0,302.0,307.0,1790,8,307.25
GB0003395000,35151370,FSJ,GBP,2023-12-22,314.5,315.0,306.0,306.0,1920,3,307.9
GB0003395000,35151370,FSJ,GBP,2023-12-27,304.0,318.0,304.0,318.0,6600,11,315.65
GB0003395000,35151370,FSJ,GBP,2023-12-28,320.0,320.0,312.0,313.5,4626,7,316.6
GB0003395000,35151370,FSJ,GBP,2023-12-29,314.0,314.5,308.0,308.0,268,3,309.05
