ISIN,conId,Symbol,Currency,date,open,high,low,close,volume,barCount,average
GB00BD0SFR60,233483521,MOTR,GBP,2019-01-02,208.0,212.0,206.0,212.0,5244,6,211.96
GB00BD0SFR60,233483521,MOTR,GBP,2019-01-03,202.0,206.0,202.0,205.0,15703,8,204.06
GB00BD0SFR60,233483521,MOTR,GBP,2019-01-04,203.0,203.0,199.0,200.0,37084,13,201.48
GB00BD0SFR60,233483521,MOTR,GBP,2019-01-07,204.0,204.0,196.4,199.6,40913,21,200.86
GB00BD0SFR60,233483521,MOTR,GBP,2019-01-08,200.0,201.0,197.0,199.0,26759,10,200.16
GB00BD0SFR60,233483521,MOTR,GBP,2019-01-09,205.0,205.0,205.0,205.0,0,0,205.0
GB00BD0SFR60,233483521,MOTR,GBP,2019-01-10,210.0,210.0,206.0,206.0,236,1,210.0
GB00BD0SFR60,233483521,MOTR,GBP,2019-01-11,203.0,207.0,202.0,204.0,71436,42,205.34
GB00BD0SFR60,233483521,MOTR,GBP,2019-01-14,203.0,208.0,202.0,202.0,23265,7,202.38
GB00BD0SFR60,233483521,MOTR,GBP,2019-01-15,195.6,202.0,195.4,202.0,157,3,197.52
GB00BD0SFR60,233483521,MOTR,GBP,2019-01-16,200.4,204.0,198.0,204.0,25066,10,200.98
GB00BD0SFR60,233483521,MOTR,GBP,2019-01-17,200.0,204.0,198.0,198.0,18820,12,201.44
GB00BD0SFR60,233483521,MOTR,GBP,2019-01-18,200.0,207.0,200.0,204.0,27064,17,200.36
GB00BD0SFR60,233483521,MOTR,GBP,2019-01-21,201.0,202.0,201.0,202.0,1064,1,201.0
GB00BD0SFR60,233483521,MOTR,GBP,2019-01-22,204.0,204.0,201.6,201.6,1,1,204.0
GB00BD0SFR60,233483521,MOTR,GBP,2019-01-23,200.0,205.0,200.0,203.0,33945,17,202.08
GB00BD0SFR60,233483521,MOTR,GBP,2019-01-24,202.0,202.0,202.0,202.0,0,0,202.0
GB00BD0SFR60,233483521,MOTR,GBP,2019-01-25,200.0,200.0,199.0,199.0,21351,19,199.92
GB00BD0SFR60,233483521,MOTR,GBP,2019-01-28,200.0,200.0,195.0,195.0,1839,6,199.3
GB00BD0SFR60,233483521,MOTR,GBP,2019-01-29,197.0,200.0,197.0,200.0,37489,26,198.02
GB00BD0SFR60,233483521,MOTR,GBP,2019-01-30,200.0,200.0,197.0,197.0,232,15,198.56
GB00BD0SFR60,233483521,MOTR,GBP,2019-01-31,200.0,200.0,197.0,198.0,19212,26,197.36
GB00BD0SFR60,233483521,MOTR,GBP,2019-02-01,200.0,200.0,198.0,198.0,492,1,200.0
GB00BD0SFR60,233483521,MOTR,GBP,2019-02-04,200.0,203.0,199.4,203.0,82042,54,200.14
GB00BD0SFR60,233483521,MOTR,GBP,2019-02-05,200.0,200.0,199.0,199.6,107422,14,199.98
GB00BD0SFR60,233483521,MOTR,GBP,2019-02-06,200.0,200.0,197.4,197.6,2389,3,197.5
GB00BD0SFR60,233483521,MOTR,GBP,2019-02-07,200.0,200.0,197.6,197.6,10036,8,200.0
GB00BD0SFR60,233483521,MOTR,GBP,2019-02-08,200.0,200.0,200.0,200.0,1171,1,200.0
GB00BD0SFR60,233483521,MOTR,GBP,2019-02-11,199.6,199.6,195.0,197.6,300,8,196.5
GB00BD0SFR60,233483521,MOTR,GBP,2019-02-12,200.0,200.0,195.4,198.0,85634,8,199.88
GB00BD0SFR60,233483521,MOTR,GBP,2019-02-13,197.6,198.0,197.0,198.0,7127,3,197.28
GB00BD0SFR60,233483521,MOTR,GBP,2019-02-14,199.0,201.0,198.0,199.0,96980,15,199.98
GB00BD0SFR60,233483521,MOTR,GBP,2019-02-15,195.6,199.6,195.4,196.6,15942,5,196.66
GB00BD0SFR60,233483521,MOTR,GBP,2019-02-18,195.6,201.0,195.0,197.0,9202,11,199.56
GB00BD0SFR60,233483521,MOTR,GBP,2019-02-19,201.0,201.0,200.0,200.0,18300,2,200.02
GB00BD0SFR60,233483521,MOTR,GBP,2019-02-20,199.6,200.0,199.4,200.0,27885,5,199.82
GB00BD0SFR60,233483521,MOTR,GBP,2019-02-21,199.6,200.0,195.0,200.0,25430,5,199.74
GB00BD0SFR60,233483521,MOTR,GBP,2019-02-22,200.0,200.0,190.4,193.0,2931,4,199.8
GB00BD0SFR60,233483521,MOTR,GBP,2019-02-25,193.0,199.6,193.0,197.0,25431,12,194.66
GB00BD0SFR60,233483521,MOTR,GBP,2019-02-26,199.0,199.0,192.0,198.6,24918,18,197.14
GB00BD0SFR60,233483521,MOTR,GBP,2019-02-27,199.6,199.6,195.0,195.0,112,1,199.5
GB00BD0SFR60,233483521,MOTR,GBP,2019-02-28,196.0,196.0,196.0,196.0,0,0,196.0
GB00BD0SFR60,233483521,MOTR,GBP,2019-03-01,200.0,204.4,199.4,204.4,8705,6,200.0
GB00BD0SFR60,233483521,MOTR,GBP,2019-03-04,205.0,205.0,197.4,201.0,245681,64,201.92
GB00BD0SFR60,233483521,MOTR,GBP,2019-03-05,201.0,208.0,196.0,204.4,14652,16,198.8
GB00BD0SFR60,233483521,MOTR,GBP,2019-03-06,200.0,202.0,191.4,192.0,126520,65,198.02
GB00BD0SFR60,233483521,MOTR,GBP,2019-03-07,199.6,199.6,192.4,192.6,37737,24,196.44
GB00BD0SFR60,233483521,MOTR,GBP,2019-03-08,195.0,199.6,192.4,195.0,77038,24,196.9
GB00BD0SFR60,233483521,MOTR,GBP,2019-03-11,194.6,202.0,193.0,193.0,7835,6,198.02
GB00BD0SFR60,233483521,MOTR,GBP,2019-03-12,195.0,204.0,194.4,197.0,49899,25,197.52
GB00BD0SFR60,233483521,MOTR,GBP,2019-03-13,194.6,201.0,190.4,195.0,111259,45,195.42
GB00BD0SFR60,233483521,MOTR,GBP,2019-03-14,194.6,199.6,190.0,193.6,26317,27,194.78
GB00BD0SFR60,233483521,MOTR,GBP,2019-03-15,194.6,203.0,194.4,195.0,31945,27,195.0
GB00BD0SFR60,233483521,MOTR,GBP,2019-03-18,194.6,201.0,191.0,195.0,8044,26,194.66
GB00BD0SFR60,233483521,MOTR,GBP,2019-03-19,195.0,196.0,185.0,185.0,22110,17,194.82
GB00BD0SFR60,233483521,MOTR,GBP,2019-03-20,194.0,197.0,187.4,193.0,74084,27,193.2
GB00BD0SFR60,233483521,MOTR,GBP,2019-03-21,195.0,195.0,190.0,190.0,56697,38,192.94
GB00BD0SFR60,233483521,MOTR,GBP,2019-03-22,191.6,195.0,187.0,187.0,37332,27,191.7
GB00BD0SFR60,233483521,MOTR,GBP,2019-03-25,189.0,192.6,185.0,188.6,16501,15,190.3
GB00BD0SFR60,233483521,MOTR,GBP,2019-03-26,190.6,194.0,185.4,187.0,24967,12,189.88
GB00BD0SFR60,233483521,MOTR,GBP,2019-03-27,185.0,191.0,185.0,191.0,3,1,185.0
GB00BD0SFR60,233483521,MOTR,GBP,2019-03-28,185.0,190.6,185.0,188.0,22531,10,189.82
GB00BD0SFR60,233483521,MOTR,GBP,2019-03-29,185.0,188.0,180.0,180.0,57612,70,184.82
GB00BD0SFR60,233483521,MOTR,GBP,2019-04-01,185.0,191.6,184.0,191.6,94620,32,184.62
GB00BD0SFR60,233483521,MOTR,GBP,2019-04-02,190.0,190.0,182.4,189.0,43478,19,188.48
GB00BD0SFR60,233483521,MOTR,GBP,2019-04-03,188.0,190.0,180.0,190.0,29962,18,187.68
GB00BD0SFR60,233483521,MOTR,GBP,2019-04-04,190.6,190.6,190.0,190.0,21500,2,190.08
GB00BD0SFR60,233483521,MOTR,GBP,2019-04-05,180.4,189.6,180.4,189.6,18451,2,189.28
GB00BD0SFR60,233483521,MOTR,GBP,2019-04-08,183.0,183.0,183.0,183.0,0,0,183.0
GB00BD0SFR60,233483521,MOTR,GBP,2019-04-09,187.6,187.6,183.0,186.0,769,5,186.1
GB00BD0SFR60,233483521,MOTR,GBP,2019-04-10,190.0,190.0,187.6,187.6,2360,5,189.28
GB00BD0SFR60,233483521,MOTR,GBP,2019-04-11,187.0,187.6,183.0,185.4,12465,7,185.06
GB00BD0SFR60,233483521,MOTR,GBP,2019-04-12,186.0,189.0,186.0,187.6,11817,6,187.84
GB00BD0SFR60,233483521,MOTR,GBP,2019-04-15,189.5,190.0,188.0,190.0,142458,22,189.9
GB00BD0SFR60,233483521,MOTR,GBP,2019-04-16,190.0,194.5,185.0,188.0,142550,51,190.0
GB00BD0SFR60,233483521,MOTR,GBP,2019-04-17,190.0,190.0,178.0,181.0,10976,24,188.45
GB00BD0SFR60,233483521,MOTR,GBP,2019-04-18,189.5,193.0,186.0,187.5,15199,31,189.55
GB00BD0SFR60,233483521,MOTR,GBP,2019-04-23,189.0,189.0,180.0,180.0,88355,35,182.8
GB00BD0SFR60,233483521,MOTR,GBP,2019-04-24,184.0,184.0,173.5,174.0,61056,39,179.4
GB00BD0SFR60,233483521,MOTR,GBP,2019-04-25,178.0,178.0,170.0,172.5,26749,40,174.35
GB00BD0SFR60,233483521,MOTR,GBP,2019-04-26,179.5,179.5,174.0,174.0,891,5,176.3
GB00BD0SFR60,233483521,MOTR,GBP,2019-04-29,178.5,178.5,176.0,178.0,3382,5,178.1
GB00BD0SFR60,233483521,MOTR,GBP,2019-04-30,175.5,184.0,175.5,184.0,4576,7,182.25
GB00BD0SFR60,233483521,MOTR,GBP,2019-05-01,185.0,185.0,177.5,180.0,33218,29,181.2
GB00BD0SFR60,233483521,MOTR,GBP,2019-05-02,184.5,184.5,178.5,178.5,2479,4,183.4
GB00BD0SFR60,233483521,MOTR,GBP,2019-05-03,177.5,182.5,177.5,182.5,5,1,177.5
GB00BD0SFR60,233483521,MOTR,GBP,2019-05-07,180.0,186.5,180.0,186.5,11100,22,185.4
GB00BD0SFR60,233483521,MOTR,GBP,2019-05-08,185.0,187.0,185.0,186.0,3586,6,186.2
GB00BD0SFR60,233483521,MOTR,GBP,2019-05-09,186.0,189.0,186.0,187.0,2175,6,187.1
GB00BD0SFR60,233483521,MOTR,GBP,2019-05-10,185.0,187.5,185.0,185.0,10546,20,186.95
GB00BD0SFR60,233483521,MOTR,GBP,2019-05-13,189.0,189.0,187.0,188.0,5176,18,188.25
GB00BD0SFR60,233483521,MOTR,GBP,2019-05-14,180.5,190.0,180.5,188.0,3334,17,188.5
GB00BD0SFR60,233483521,MOTR,GBP,2019-05-15,190.0,190.0,190.0,190.0,9834,6,190.0
GB00BD0SFR60,233483521,MOTR,GBP,2019-05-16,190.5,196.5,180.0,181.0,53925,63,191.9
GB00BD0SFR60,233483521,MOTR,GBP,2019-05-17,190.0,198.0,188.0,188.0,19090,26,192.55
GB00BD0SFR60,233483521,MOTR,GBP,2019-05-20,185.5,198.0,185.5,194.0,24576,29,192.3
GB00BD0SFR60,233483521,MOTR,GBP,2019-05-21,198.0,198.0,190.5,194.5,1780,11,196.1
GB00BD0SFR60,233483521,MOTR,GBP,2019-05-22,196.5,198.0,195.5,197.5,5377,5,197.0
GB00BD0SFR60,233483521,MOTR,GBP,2019-05-23,195.0,195.0,195.0,195.0,0,0,195.0
GB00BD0SFR60,233483521,MOTR,GBP,2019-05-24,198.5,198.5,198.5,198.5,5,1,198.5
GB00BD0SFR60,233483521,MOTR,GBP,2019-05-28,197.5,199.0,189.0,189.0,12453,10,194.65
GB00BD0SFR60,233483521,MOTR,GBP,2019-05-29,188.0,198.5,188.0,198.5,3033,7,196.95
GB00BD0SFR60,233483521,MOTR,GBP,2019-05-30,198.0,204.0,196.5,204.0,5331,25,199.5
GB00BD0SFR60,233483521,MOTR,GBP,2019-05-31,202.0,205.0,202.0,204.0,1250,3,203.95
GB00BD0SFR60,233483521,MOTR,GBP,2019-06-03,196.5,205.0,196.5,205.0,4415,5,201.15
GB00BD0SFR60,233483521,MOTR,GBP,2019-06-04,205.0,211.0,205.0,210.0,13338,17,208.8
GB00BD0SFR60,233483521,MOTR,GBP,2019-06-05,215.0,215.0,213.5,213.5,1,1,215.0
GB00BD0SFR60,233483521,MOTR,GBP,2019-06-06,214.0,216.0,211.0,216.0,5102,13,214.55
GB00BD0SFR60,233483521,MOTR,GBP,2019-06-07,218.0,220.0,218.0,220.0,1820,2,219.8
GB00BD0SFR60,233483521,MOTR,GBP,2019-06-10,204.0,211.0,204.0,211.0,10,2,205.4
GB00BD0SFR60,233483521,MOTR,GBP,2019-06-11,212.0,218.0,210.0,213.0,27428,37,214.3
GB00BD0SFR60,233483521,MOTR,GBP,2019-06-12,213.0,213.0,209.0,209.0,1421,7,211.7
GB00BD0SFR60,233483521,MOTR,GBP,2019-06-13,214.0,215.0,209.0,215.0,7414,24,212.9
GB00BD0SFR60,233483521,MOTR,GBP,2019-06-14,215.0,220.0,211.0,220.0,18165,42,214.65
GB00BD0SFR60,233483521,MOTR,GBP,2019-06-17,215.0,220.0,214.0,220.0,7023,25,217.2
GB00BD0SFR60,233483521,MOTR,GBP,2019-06-18,218.0,228.0,218.0,222.0,13022,44,223.95
GB00BD0SFR60,233483521,MOTR,GBP,2019-06-19,228.0,238.0,227.0,238.0,25260,61,233.75
GB00BD0SFR60,233483521,MOTR,GBP,2019-06-20,232.0,235.0,228.0,230.0,64296,71,231.95
GB00BD0SFR60,233483521,MOTR,GBP,2019-06-21,217.0,231.5,217.0,229.0,163020,97,229.45
GB00BD0SFR60,233483521,MOTR,GBP,2019-06-24,224.0,230.0,224.0,227.0,69891,58,228.05
GB00BD0SFR60,233483521,MOTR,GBP,2019-06-25,225.0,227.0,220.0,222.0,121453,74,223.25
GB00BD0SFR60,233483521,MOTR,GBP,2019-06-26,221.0,225.0,221.0,223.0,23895,29,224.35
GB00BD0SFR60,233483521,MOTR,GBP,2019-06-27,225.0,225.0,223.0,224.0,6783,27,223.7
GB00BD0SFR60,233483521,MOTR,GBP,2019-06-28,224.0,225.0,220.0,225.0,77076,66,224.55
GB00BD0SFR60,233483521,MOTR,GBP,2019-07-01,226.0,226.0,220.0,225.0,45686,48,224.8
GB00BD0SFR60,233483521,MOTR,GBP,2019-07-02,221.0,225.0,221.0,225.0,60146,36,224.35
GB00BD0SFR60,233483521,MOTR,GBP,2019-07-03,223.0,225.0,223.0,223.0,58940,25,224.95
GB00BD0SFR60,233483521,MOTR,GBP,2019-07-04,225.0,225.0,223.0,225.0,12175,22,224.85
GB00BD0SFR60,233483521,MOTR,GBP,2019-07-05,224.0,225.0,223.0,223.0,75408,48,224.95
GB00BD0SFR60,233483521,MOTR,GBP,2019-07-08,223.0,225.0,222.0,225.0,9523,12,223.6
GB00BD0SFR60,233483521,MOTR,GBP,2019-07-09,224.0,225.0,223.0,224.0,69179,70,224.65
GB00BD0SFR60,233483521,MOTR,GBP,2019-07-10,223.0,225.0,223.0,225.0,32064,36,224.0
GB00BD0SFR60,233483521,MOTR,GBP,2019-07-11,224.0,225.0,224.0,224.0,25989,16,224.9
GB00BD0SFR60,233483521,MOTR,GBP,2019-07-12,224.0,225.0,219.0,219.0,46649,56,222.2
GB00BD0SFR60,233483521,MOTR,GBP,2019-07-15,220.0,222.0,216.0,220.0,9754,42,219.65
GB00BD0SFR60,233483521,MOTR,GBP,2019-07-16,221.5,224.0,219.0,219.0,24702,38,221.2
GB00BD0SFR60,233483521,MOTR,GBP,2019-07-17,219.0,221.0,219.0,221.0,10647,20,219.6
GB00BD0SFR60,233483521,MOTR,GBP,2019-07-18,224.0,224.0,212.0,224.0,33574,42,220.85
GB00BD0SFR60,233483521,MOTR,GBP,2019-07-19,217.0,222.0,217.0,218.0,9204,34,219.6
GB00BD0SFR60,233483521,MOTR,GBP,2019-07-22,217.0,222.0,214.0,214.0,57382,77,216.4
GB00BD0SFR60,233483521,MOTR,GBP,2019-07-23,205.0,217.0,200.0,217.0,102680,124,212.35
GB00BD0SFR60,233483521,MOTR,GBP,2019-07-24,217.0,217.0,210.0,210.0,5814,16,213.15
GB00BD0SFR60,233483521,MOTR,GBP,2019-07-25,213.0,216.0,211.0,216.0,19902,31,212.2
GB00BD0SFR60,233483521,MOTR,GBP,2019-07-26,215.0,215.0,210.0,210.0,5969,22,211.45
GB00BD0SFR60,233483521,MOTR,GBP,2019-07-29,213.0,217.0,210.0,217.0,7945,24,212.9
GB00BD0SFR60,233483521,MOTR,GBP,2019-07-30,212.0,216.0,206.0,213.0,7946,16,209.45
GB00BD0SFR60,233483521,MOTR,GBP,2019-07-31,216.0,219.0,213.0,214.0,7082,14,213.6
GB00BD0SFR60,233483521,MOTR,GBP,2019-08-01,219.0,225.0,219.0,225.0,6085,32,220.75
GB00BD0SFR60,233483521,MOTR,GBP,2019-08-02,220.0,222.0,220.0,220.0,31934,59,220.7
GB00BD0SFR60,233483521,MOTR,GBP,2019-08-05,215.0,221.0,215.0,215.0,42884,65,218.6
GB00BD0SFR60,233483521,MOTR,GBP,2019-08-06,218.0,225.0,211.0,215.0,33959,56,219.5
GB00BD0SFR60,233483521,MOTR,GBP,2019-08-07,221.0,223.0,214.0,220.0,16092,52,218.55
GB00BD0SFR60,233483521,MOTR,GBP,2019-08-08,218.0,225.0,218.0,221.0,1660,7,223.0
GB00BD0SFR60,233483521,MOTR,GBP,2019-08-09,225.0,229.0,220.0,222.5,45105,49,225.1
GB00BD0SFR60,233483521,MOTR,GBP,2019-08-12,216.0,229.0,216.0,229.0,1478,8,224.15
GB00BD0SFR60,233483521,MOTR,GBP,2019-08-13,229.0,229.0,220.0,226.0,12416,23,225.2
GB00BD0SFR60,233483521,MOTR,GBP,2019-08-14,216.0,235.0,216.0,235.0,11789,15,225.1
GB00BD0SFR60,233483521,MOTR,GBP,2019-08-15,233.0,233.0,224.0,232.0,13514,56,227.75
GB00BD0SFR60,233483521,MOTR,GBP,2019-08-16,232.0,232.0,225.5,227.0,5032,10,227.6
GB00BD0SFR60,233483521,MOTR,GBP,2019-08-19,232.0,232.0,230.0,232.0,5008,8,230.55
GB00BD0SFR60,233483521,MOTR,GBP,2019-08-20,225.0,232.0,225.0,232.0,28251,22,229.6
GB00BD0SFR60,233483521,MOTR,GBP,2019-08-21,235.0,240.0,233.0,236.0,33451,28,236.4
GB00BD0SFR60,233483521,MOTR,GBP,2019-08-22,234.5,242.0,234.0,240.0,33354,41,237.6
GB00BD0SFR60,233483521,MOTR,GBP,2019-08-23,229.0,242.0,229.0,241.0,23060,36,238.9
GB00BD0SFR60,233483521,MOTR,GBP,2019-08-27,239.0,242.0,235.0,237.0,202,5,235.55
GB00BD0SFR60,233483521,MOTR,GBP,2019-08-28,239.0,240.0,232.0,238.0,2792,17,238.0
GB00BD0SFR60,233483521,MOTR,GBP,2019-08-29,242.0,242.0,236.0,241.0,8879,26,240.3
GB00BD0SFR60,233483521,MOTR,GBP,2019-08-30,240.0,247.0,240.0,247.0,27581,51,242.0
GB00BD0SFR60,233483521,MOTR,GBP,2019-09-02,244.0,248.0,244.0,248.0,3744,17,246.15
GB00BD0SFR60,233483521,MOTR,GBP,2019-09-03,248.0,250.0,242.0,248.0,28795,41,248.75
GB00BD0SFR60,233483521,MOTR,GBP,2019-09-04,241.0,249.0,241.0,242.0,1160,3,242.15
GB00BD0SFR60,233483521,MOTR,GBP,2019-09-05,247.0,247.0,237.0,240.0,25545,33,242.3
GB00BD0SFR60,233483521,MOTR,GBP,2019-09-06,205.0,210.0,202.5,210.0,530722,282,207.1
GB00BD0SFR60,233483521,MOTR,GBP,2019-09-09,209.0,209.0,205.0,209.0,929,8,208.55
GB00BD0SFR60,233483521,MOTR,GBP,2019-09-10,216.0,219.0,206.0,211.0,44282,87,210.05
GB00BD0SFR60,233483521,MOTR,GBP,2019-09-11,212.0,215.0,208.5,213.0,116080,47,211.0
GB00BD0SFR60,233483521,MOTR,GBP,2019-09-12,212.0,214.0,205.0,209.0,13568,27,211.3
GB00BD0SFR60,233483521,MOTR,GBP,2019-09-13,205.0,215.0,205.0,215.0,29291,18,212.6
GB00BD0SFR60,233483521,MOTR,GBP,2019-09-16,212.0,218.0,210.0,217.0,57668,41,215.6
GB00BD0SFR60,233483521,MOTR,GBP,2019-09-17,215.0,216.0,211.0,213.0,592,4,215.8
GB00BD0SFR60,233483521,MOTR,GBP,2019-09-18,212.0,217.0,211.0,214.0,110226,45,214.4
GB00BD0SFR60,233483521,MOTR,GBP,2019-09-19,218.0,218.0,217.0,218.0,310,5,217.2
GB00BD0SFR60,233483521,MOTR,GBP,2019-09-20,212.0,218.0,211.0,217.0,40143,42,215.75
GB00BD0SFR60,233483521,MOTR,GBP,2019-09-23,215.0,215.0,212.0,212.0,143,2,214.5
GB00BD0SFR60,233483521,MOTR,GBP,2019-09-24,211.0,215.0,211.0,214.0,85645,20,213.0
GB00BD0SFR60,233483521,MOTR,GBP,2019-09-25,214.0,218.0,211.0,218.0,3397,8,213.7
GB00BD0SFR60,233483521,MOTR,GBP,2019-09-26,212.0,219.0,212.0,212.0,6211,19,212.55
GB00BD0SFR60,233483521,MOTR,GBP,2019-09-27,216.0,219.0,216.0,218.0,8412,22,218.25
GB00BD0SFR60,233483521,MOTR,GBP,2019-09-30,218.0,225.0,218.0,224.0,17828,24,218.3
GB00BD0SFR60,233483521,MOTR,GBP,2019-10-01,219.0,225.0,219.0,225.0,2424,17,219.85
GB00BD0SFR60,233483521,MOTR,GBP,2019-10-02,219.0,224.0,218.0,224.0,771,5,218.65
GB00BD0SFR60,233483521,MOTR,GBP,2019-10-03,219.0,224.0,218.0,218.0,19319,29,218.6
GB00BD0SFR60,233483521,MOTR,GBP,2019-10-04,218.0,224.0,218.0,220.0,6428,20,221.15
GB00BD0SFR60,233483521,MOTR,GBP,2019-10-07,218.0,219.0,212.0,217.0,49637,68,216.3
GB00BD0SFR60,233483521,MOTR,GBP,2019-10-08,211.0,222.0,211.0,220.0,124608,27,219.9
GB00BD0SFR60,233483521,MOTR,GBP,2019-10-09,212.0,227.0,212.0,214.0,42984,18,218.45
GB00BD0SFR60,233483521,MOTR,GBP,2019-10-10,215.0,220.0,214.0,220.0,454,3,214.95
GB00BD0SFR60,233483521,MOTR,GBP,2019-10-11,212.0,227.0,212.0,222.0,6733,39,217.45
GB00BD0SFR60,233483521,MOTR,GBP,2019-10-14,227.0,227.0,227.0,227.0,4,1,227.0
GB00BD0SFR60,233483521,MOTR,GBP,2019-10-15,226.0,239.0,218.0,234.0,46136,88,231.75
GB00BD0SFR60,233483521,MOTR,GBP,2019-10-16,240.0,240.0,230.0,230.0,6466,17,233.0
GB00BD0SFR60,233483521,MOTR,GBP,2019-10-17,226.0,236.0,226.0,234.0,39270,54,232.45
GB00BD0SFR60,233483521,MOTR,GBP,2019-10-18,229.0,236.0,228.0,236.0,1900,7,230.15
GB00BD0SFR60,233483521,MOTR,GBP,2019-10-21,229.0,243.0,225.0,230.0,141227,56,230.1
GB00BD0SFR60,233483521,MOTR,GBP,2019-10-22,233.0,233.0,227.0,229.5,4344,5,232.45
GB00BD0SFR60,233483521,MOTR,GBP,2019-10-23,233.0,233.0,228.0,228.0,8980,15,230.5
GB00BD0SFR60,233483521,MOTR,GBP,2019-10-24,229.0,236.0,228.0,235.0,61021,11,229.85
GB00BD0SFR60,233483521,MOTR,GBP,2019-10-25,236.5,236.5,236.5,236.5,0,0,236.5
GB00BD0SFR60,233483521,MOTR,GBP,2019-10-28,234.0,240.0,232.0,240.0,3472,14,236.45
GB00BD0SFR60,233483521,MOTR,GBP,2019-10-29,243.0,244.0,237.0,240.0,52667,35,239.85
GB00BD0SFR60,233483521,MOTR,GBP,2019-10-30,244.0,260.0,236.0,242.0,208937,116,241.8
GB00BD0SFR60,233483521,MOTR,GBP,2019-10-31,250.0,252.0,243.0,246.0,32852,32,245.8
GB00BD0SFR60,233483521,MOTR,GBP,2019-11-01,253.0,255.0,242.0,253.0,67321,62,246.35
GB00BD0SFR60,233483521,MOTR,GBP,2019-11-04,245.0,255.0,245.0,250.0,1101,8,245.95
GB00BD0SFR60,233483521,MOTR,GBP,2019-11-05,255.0,260.0,245.0,248.0,2746,17,250.25
GB00BD0SFR60,233483521,MOTR,GBP,2019-11-06,260.0,260.0,244.0,250.0,8785,47,249.05
GB00BD0SFR60,233483521,MOTR,GBP,2019-11-07,253.0,258.0,251.0,252.0,137210,67,255.1
GB00BD0SFR60,233483521,MOTR,GBP,2019-11-08,245.0,249.0,245.0,248.0,2886,15,247.65
GB00BD0SFR60,233483521,MOTR,GBP,2019-11-11,251.5,251.5,251.5,251.5,0,0,251.5
GB00BD0SFR60,233483521,MOTR,GBP,2019-11-12,250.0,260.0,249.0,260.0,12631,27,253.5
GB00BD0SFR60,233483521,MOTR,GBP,2019-11-13,253.0,260.0,253.0,260.0,3019,8,256.65
GB00BD0SFR60,233483521,MOTR,GBP,2019-11-14,245.0,253.0,245.0,253.0,209,2,251.45
GB00BD0SFR60,233483521,MOTR,GBP,2019-11-15,254.0,254.0,244.0,250.0,447,7,249.9
GB00BD0SFR60,233483521,MOTR,GBP,2019-11-18,254.0,256.0,244.0,256.0,24049,37,251.7
GB00BD0SFR60,233483521,MOTR,GBP,2019-11-19,250.0,257.0,247.0,254.0,3893,19,251.45
GB00BD0SFR60,233483521,MOTR,GBP,2019-11-20,245.0,255.0,245.0,255.0,73,9,250.75
GB00BD0SFR60,233483521,MOTR,GBP,2019-11-21,255.0,255.0,251.0,255.0,4765,11,255.0
GB00BD0SFR60,233483521,MOTR,GBP,2019-11-22,255.0,260.0,254.0,260.0,1157,16,256.0
GB00BD0SFR60,233483521,MOTR,GBP,2019-11-25,255.0,255.0,250.0,250.0,14756,50,254.6
GB00BD0SFR60,233483521,MOTR,GBP,2019-11-26,254.0,260.0,254.0,260.0,16932,14,255.45
GB00BD0SFR60,233483521,MOTR,GBP,2019-11-27,251.0,264.0,251.0,256.0,7798,27,258.45
GB00BD0SFR60,233483521,MOTR,GBP,2019-11-28,258.0,265.0,258.0,265.0,1740,11,259.9
GB00BD0SFR60,233483521,MOTR,GBP,2019-11-29,264.0,264.0,256.0,256.0,30,6,258.15
GB00BD0SFR60,233483521,MOTR,GBP,2019-12-02,261.0,270.0,261.0,270.0,838,7,263.55
GB00BD0SFR60,233483521,MOTR,GBP,2019-12-03,269.0,270.0,263.0,263.0,3911,19,267.6
GB00BD0SFR60,233483521,MOTR,GBP,2019-12-04,264.0,295.0,261.0,289.0,27982,110,274.0
GB00BD0SFR60,233483521,MOTR,GBP,2019-12-05,281.0,281.0,271.0,271.0,8449,41,277.7
GB00BD0SFR60,233483521,MOTR,GBP,2019-12-06,278.0,285.0,271.0,277.0,22777,64,279.25
GB00BD0SFR60,233483521,MOTR,GBP,2019-12-09,280.0,280.0,277.0,277.0,11698,28,279.8
GB00BD0SFR60,233483521,MOTR,GBP,2019-12-10,272.0,280.0,272.0,280.0,7400,27,273.4
GB00BD0SFR60,233483521,MOTR,GBP,2019-12-11,279.0,280.0,271.0,271.0,26621,63,277.05
GB00BD0SFR60,233483521,MOTR,GBP,2019-12-12,280.0,280.0,272.0,272.0,9950,20,279.4
GB00BD0SFR60,233483521,MOTR,GBP,2019-12-13,285.0,285.0,274.0,283.0,11778,15,284.45
GB00BD0SFR60,233483521,MOTR,GBP,2019-12-16,286.0,291.0,272.0,283.0,21985,43,283.6
GB00BD0SFR60,233483521,MOTR,GBP,2019-12-17,280.0,280.0,275.0,280.0,9692,3,279.95
GB00BD0SFR60,233483521,MOTR,GBP,2019-12-18,283.0,293.0,272.0,293.0,29736,47,284.2
GB00BD0SFR60,233483521,MOTR,GBP,2019-12-19,291.0,300.0,290.0,300.0,2868,15,290.5
GB00BD0SFR60,233483521,MOTR,GBP,2019-12-20,288.0,294.5,288.0,289.0,128554,11,289.0
GB00BD0SFR60,233483521,MOTR,GBP,2019-12-23,300.0,300.0,290.0,293.0,14,3,296.0
GB00BD0SFR60,233483521,MOTR,GBP,2019-12-24,296.5,296.5,296.5,296.5,0,0,296.5
GB00BD0SFR60,233483521,MOTR,GBP,2019-12-27,294.0,303.0,288.0,303.0,2985,17,292.85
GB00BD0SFR60,233483521,MOTR,GBP,2019-12-30,293.0,294.0,291.0,294.0,3715,19,293.45
GB00BD0SFR60,233483521,MOTR,GBP,2019-12-31,289.0,296.0,289.0,294.0,7873,15,294.45
GB00BD0SFR60,233483521,MOTR,GBP,2020-01-02,293.0,294.0,289.0,289.0,1712,6,293.68
GB00BD0SFR60,233483521,MOTR,GBP,2020-01-03,289.0,301.0,289.0,294.0,6243,33,293.4
GB00BD0SFR60,233483521,MOTR,GBP,2020-01-06,294.0,295.0,289.0,290.0,75708,75,293.04
GB00BD0SFR60,233483521,MOTR,GBP,2020-01-07,288.0,295.0,286.0,288.0,8966,81,289.78
GB00BD0SFR60,233483521,MOTR,GBP,2020-01-08,289.0,290.0,284.0,290.0,645,4,288.8
GB00BD0SFR60,233483521,MOTR,GBP,2020-01-09,289.0,289.0,277.0,278.0,8095,37,281.82
GB00BD0SFR60,233483521,MOTR,GBP,2020-01-10,278.0,290.0,277.0,277.0,14246,53,285.18
GB00BD0SFR60,233483521,MOTR,GBP,2020-01-13,291.0,291.0,281.0,286.0,3816,36,287.84
GB00BD0SFR60,233483521,MOTR,GBP,2020-01-14,289.0,295.0,278.0,295.0,5227,35,286.34
GB00BD0SFR60,233483521,MOTR,GBP,2020-01-15,295.0,297.0,292.0,294.0,7485,24,295.12
GB00BD0SFR60,233483521,MOTR,GBP,2020-01-16,294.0,300.0,292.0,300.0,8598,41,296.6
GB00BD0SFR60,233483521,MOTR,GBP,2020-01-17,298.0,312.0,298.0,304.0,26541,92,303.42
GB00BD0SFR60,233483521,MOTR,GBP,2020-01-20,304.0,309.0,297.0,302.0,14500,36,301.28
GB00BD0SFR60,233483521,MOTR,GBP,2020-01-21,304.0,308.0,301.0,303.0,7399,35,303.08
GB00BD0SFR60,233483521,MOTR,GBP,2020-01-22,302.0,302.0,297.0,300.0,3601,7,300.0
GB00BD0SFR60,233483521,MOTR,GBP,2020-01-23,301.0,308.0,301.0,304.0,475,5,304.26
GB00BD0SFR60,233483521,MOTR,GBP,2020-01-24,307.0,308.0,307.0,308.0,365,5,307.04
GB00BD0SFR60,233483521,MOTR,GBP,2020-01-27,307.0,315.0,300.0,300.0,8887,45,308.56
GB00BD0SFR60,233483521,MOTR,GBP,2020-01-28,310.0,315.0,310.0,310.0,2747,12,310.78
GB00BD0SFR60,233483521,MOTR,GBP,2020-01-29,315.0,315.0,314.0,315.0,188,10,314.94
GB00BD0SFR60,233483521,MOTR,GBP,2020-01-30,298.0,312.0,298.0,305.0,2835,28,301.56
GB00BD0SFR60,233483521,MOTR,GBP,2020-01-31,309.0,324.0,308.0,315.0,11592,27,315.46
GB00BD0SFR60,233483521,MOTR,GBP,2020-02-03,312.0,312.0,305.0,307.0,8324,17,309.22
GB00BD0SFR60,233483521,MOTR,GBP,2020-02-04,312.0,322.0,308.0,322.0,3573,15,314.66
GB00BD0SFR60,233483521,MOTR,GBP,2020-02-05,318.0,321.0,308.0,318.0,1640,17,309.46
GB00BD0SFR60,233483521,MOTR,GBP,2020-02-06,310.0,314.0,307.0,310.0,4021,7,308.82
GB00BD0SFR60,233483521,MOTR,GBP,2020-02-07,308.0,313.0,305.0,308.0,9072,43,307.06
GB00BD0SFR60,233483521,MOTR,GBP,2020-02-10,310.0,311.0,301.0,305.0,5241,14,305.18
GB00BD0SFR60,233483521,MOTR,GBP,2020-02-11,301.0,301.0,298.0,298.0,9297,14,300.12
GB00BD0SFR60,233483521,MOTR,GBP,2020-02-12,301.0,305.0,290.0,295.0,14534,44,299.54
GB00BD0SFR60,233483521,MOTR,GBP,2020-02-13,285.0,302.0,285.0,295.0,17255,77,296.64
GB00BD0SFR60,233483521,MOTR,GBP,2020-02-14,301.0,307.0,297.0,300.0,80924,64,299.96
GB00BD0SFR60,233483521,MOTR,GBP,2020-02-17,301.0,303.0,297.0,297.0,62406,34,299.98
GB00BD0SFR60,233483521,MOTR,GBP,2020-02-18,300.0,302.0,298.0,298.0,54272,59,300.0
GB00BD0SFR60,233483521,MOTR,GBP,2020-02-19,300.0,302.0,299.0,299.0,69083,85,300.12
GB00BD0SFR60,233483521,MOTR,GBP,2020-02-20,300.0,301.0,298.0,301.0,35123,53,299.9
GB00BD0SFR60,233483521,MOTR,GBP,2020-02-21,302.0,311.0,302.0,311.0,9954,22,309.56
GB00BD0SFR60,233483521,MOTR,GBP,2020-02-24,305.0,311.0,300.0,302.0,41279,68,306.6
GB00BD0SFR60,233483521,MOTR,GBP,2020-02-25,306.0,320.0,303.0,320.0,15501,35,305.74
GB00BD0SFR60,233483521,MOTR,GBP,2020-02-26,309.0,309.0,300.0,305.0,27465,24,305.22
GB00BD0SFR60,233483521,MOTR,GBP,2020-02-27,301.0,312.0,300.0,303.0,13006,33,300.88
GB00BD0SFR60,233483521,MOTR,GBP,2020-02-28,299.0,306.0,283.0,304.0,32673,30,298.96
GB00BD0SFR60,233483521,MOTR,GBP,2020-03-02,300.0,306.0,300.0,304.0,7665,11,301.64
GB00BD0SFR60,233483521,MOTR,GBP,2020-03-03,305.0,305.0,299.4,304.0,17343,18,302.16
GB00BD0SFR60,233483521,MOTR,GBP,2020-03-04,305.0,308.0,299.0,304.0,8832,15,303.32
GB00BD0SFR60,233483521,MOTR,GBP,2020-03-05,306.0,306.0,302.0,302.0,872,4,304.66
GB00BD0SFR60,233483521,MOTR,GBP,2020-03-06,294.0,304.0,285.0,295.0,24679,52,296.42
GB00BD0SFR60,233483521,MOTR,GBP,2020-03-09,284.0,286.0,277.0,286.0,12396,8,280.12
GB00BD0SFR60,233483521,MOTR,GBP,2020-03-10,294.0,294.0,276.0,280.0,23131,18,283.22
GB00BD0SFR60,233483521,MOTR,GBP,2020-03-11,276.0,276.0,240.0,250.0,15624,25,267.44
GB00BD0SFR60,233483521,MOTR,GBP,2020-03-12,250.0,260.0,240.0,240.0,233593,180,249.86
GB00BD0SFR60,233483521,MOTR,GBP,2020-03-13,257.0,257.0,232.0,251.0,39610,62,244.7
GB00BD0SFR60,233483521,MOTR,GBP,2020-03-16,231.0,239.0,220.0,229.4,186302,96,225.78
GB00BD0SFR60,233483521,MOTR,GBP,2020-03-17,229.0,229.0,170.0,185.0,45479,88,183.08
GB00BD0SFR60,233483521,MOTR,GBP,2020-03-18,187.0,194.6,170.0,186.4,69379,82,182.02
GB00BD0SFR60,233483521,MOTR,GBP,2020-03-19,186.0,219.0,186.0,205.0,23159,56,202.38
GB00BD0SFR60,233483521,MOTR,GBP,2020-03-20,203.0,205.0,197.0,205.0,37220,42,200.94
GB00BD0SFR60,233483521,MOTR,GBP,2020-03-23,199.6,205.0,191.4,191.6,34769,65,201.82
GB00BD0SFR60,233483521,MOTR,GBP,2020-03-24,190.6,196.6,182.4,189.0,42988,101,189.1
GB00BD0SFR60,233483521,MOTR,GBP,2020-03-25,191.6,195.6,184.4,195.6,4888,10,187.02
GB00BD0SFR60,233483521,MOTR,GBP,2020-03-26,189.6,193.0,187.0,190.0,123519,99,189.28
GB00BD0SFR60,233483521,MOTR,GBP,2020-03-27,195.6,195.6,186.0,192.6,84666,97,189.84
GB00BD0SFR60,233483521,MOTR,GBP,2020-03-30,189.6,189.6,183.4,188.0,3512,7,189.22
GB00BD0SFR60,233483521,MOTR,GBP,2020-03-31,184.0,190.0,184.0,190.0,31764,20,188.7
GB00BD0SFR60,233483521,MOTR,GBP,2020-04-01,190.0,190.0,181.4,188.0,10863,17,189.26
GB00BD0SFR60,233483521,MOTR,GBP,2020-04-02,189.6,190.0,186.4,186.4,4899,19,189.14
GB00BD0SFR60,233483521,MOTR,GBP,2020-04-03,190.0,190.0,190.0,190.0,8584,5,190.0
GB00BD0SFR60,233483521,MOTR,GBP,2020-04-06,195.6,195.6,195.0,195.0,1053,2,195.5
GB00BD0SFR60,233483521,MOTR,GBP,2020-04-07,198.0,205.0,198.0,199.0,10322,19,199.76
GB00BD0SFR60,233483521,MOTR,GBP,2020-04-08,199.0,199.0,190.0,199.0,22547,24,198.82
GB00BD0SFR60,233483521,MOTR,GBP,2020-04-09,205.0,207.0,198.4,207.0,37177,62,202.36
GB00BD0SFR60,233483521,MOTR,GBP,2020-04-14,204.0,214.0,204.0,210.0,29473,65,210.7
GB00BD0SFR60,233483521,MOTR,GBP,2020-04-15,214.0,214.0,195.4,196.0,14769,17,200.94
GB00BD0SFR60,233483521,MOTR,GBP,2020-04-16,193.6,197.0,193.0,193.0,11033,48,195.5
GB00BD0SFR60,233483521,MOTR,GBP,2020-04-17,197.0,198.0,194.0,196.5,6500,15,194.3
GB00BD0SFR60,233483521,MOTR,GBP,2020-04-20,198.0,198.0,186.0,188.0,21892,30,189.55
GB00BD0SFR60,233483521,MOTR,GBP,2020-04-21,188.5,191.5,180.0,182.5,10395,12,186.95
GB00BD0SFR60,233483521,MOTR,GBP,2020-04-22,181.0,185.0,181.0,185.0,7003,21,184.25
GB00BD0SFR60,233483521,MOTR,GBP,2020-04-23,184.5,185.0,181.0,181.0,1988,10,183.95
GB00BD0SFR60,233483521,MOTR,GBP,2020-04-24,184.5,185.0,183.0,183.0,6273,8,183.1
GB00BD0SFR60,233483521,MOTR,GBP,2020-04-27,185.0,185.0,175.5,180.0,29344,44,182.65
GB00BD0SFR60,233483521,MOTR,GBP,2020-04-28,184.5,190.0,178.0,189.5,37400,49,185.65
GB00BD0SFR60,233483521,MOTR,GBP,2020-04-29,192.0,195.0,189.5,195.0,35063,28,190.1
GB00BD0SFR60,233483521,MOTR,GBP,2020-04-30,195.0,200.0,190.0,195.0,82838,76,194.65
GB00BD0SFR60,233483521,MOTR,GBP,2020-05-01,200.0,200.0,189.5,190.0,6995,12,190.2
GB00BD0SFR60,233483521,MOTR,GBP,2020-05-04,195.0,195.5,191.0,195.0,42510,18,194.95
GB00BD0SFR60,233483521,MOTR,GBP,2020-05-05,195.0,195.0,194.0,195.0,15238,7,194.75
GB00BD0SFR60,233483521,MOTR,GBP,2020-05-06,194.5,194.5,190.0,194.0,8882,11,191.8
GB00BD0SFR60,233483521,MOTR,GBP,2020-05-07,195.0,195.0,190.0,190.0,7835,6,194.8
GB00BD0SFR60,233483521,MOTR,GBP,2020-05-11,195.5,195.5,190.0,190.0,2273,11,192.7
GB00BD0SFR60,233483521,MOTR,GBP,2020-05-12,191.5,199.5,191.5,193.0,5334,10,193.2
GB00BD0SFR60,233483521,MOTR,GBP,2020-05-13,199.0,200.0,190.0,190.0,1916,6,197.9
GB00BD0SFR60,233483521,MOTR,GBP,2020-05-14,190.5,198.0,187.0,187.5,23599,16,192.5
GB00BD0SFR60,233483521,MOTR,GBP,2020-05-15,188.0,200.0,188.0,198.0,26164,31,198.75
GB00BD0SFR60,233483521,MOTR,GBP,2020-05-18,197.0,200.0,197.0,198.5,6283,12,199.2
GB00BD0SFR60,233483521,MOTR,GBP,2020-05-19,196.5,200.0,195.0,197.5,10094,14,196.65
GB00BD0SFR60,233483521,MOTR,GBP,2020-05-20,200.0,200.0,199.5,200.0,16496,13,200.0
GB00BD0SFR60,233483521,MOTR,GBP,2020-05-21,203.0,211.0,202.0,211.0,129363,68,207.5
GB00BD0SFR60,233483521,MOTR,GBP,2020-05-22,210.0,214.0,207.0,212.0,53084,53,210.1
GB00BD0SFR60,233483521,MOTR,GBP,2020-05-26,214.0,221.0,213.0,218.0,55202,71,216.15
GB00BD0SFR60,233483521,MOTR,GBP,2020-05-27,218.0,226.0,217.0,226.0,226427,59,218.1
GB00BD0SFR60,233483521,MOTR,GBP,2020-05-28,221.0,234.0,217.0,234.0,12979,28,223.85
GB00BD0SFR60,233483521,MOTR,GBP,2020-05-29,233.0,251.0,224.0,251.0,20900,49,236.85
GB00BD0SFR60,233483521,MOTR,GBP,2020-06-01,247.0,262.0,246.0,262.0,23552,50,252.95
GB00BD0SFR60,233483521,MOTR,GBP,2020-06-02,248.0,262.0,248.0,262.0,1611,18,254.85
GB00BD0SFR60,233483521,MOTR,GBP,2020-06-03,262.0,264.0,249.0,260.0,15696,38,255.7
GB00BD0SFR60,233483521,MOTR,GBP,2020-06-04,259.0,265.0,257.0,260.0,14277,57,261.1
GB00BD0SFR60,233483521,MOTR,GBP,2020-06-05,262.0,272.0,260.0,272.0,11476,38,265.0
GB00BD0SFR60,233483521,MOTR,GBP,2020-06-08,271.0,277.0,254.0,268.0,16113,36,267.1
GB00BD0SFR60,233483521,MOTR,GBP,2020-06-09,263.0,263.0,254.0,254.0,4081,8,262.4
GB00BD0SFR60,233483521,MOTR,GBP,2020-06-10,257.0,271.0,252.0,271.0,297883,64,260.65
GB00BD0SFR60,233483521,MOTR,GBP,2020-06-11,266.0,272.0,258.0,260.0,40887,49,265.0
GB00BD0SFR60,233483521,MOTR,GBP,2020-06-12,258.0,264.0,250.0,259.0,22083,53,259.05
GB00BD0SFR60,233483521,MOTR,GBP,2020-06-15,263.0,263.0,250.0,260.0,15587,24,252.15
GB00BD0SFR60,233483521,MOTR,GBP,2020-06-16,260.0,265.0,259.0,260.0,17158,25,262.25
GB00BD0SFR60,233483521,MOTR,GBP,2020-06-17,249.0,257.0,248.0,248.0,16977,34,250.7
GB00BD0SFR60,233483521,MOTR,GBP,2020-06-18,248.0,248.0,236.0,248.0,6474,37,246.85
GB00BD0SFR60,233483521,MOTR,GBP,2020-06-19,248.0,257.0,248.0,257.0,18206,21,255.6
GB00BD0SFR60,233483521,MOTR,GBP,2020-06-22,255.0,275.0,251.0,275.0,3916,13,268.15
GB00BD0SFR60,233483521,MOTR,GBP,2020-06-23,285.0,285.0,273.0,274.0,1920,9,277.65
GB00BD0SFR60,233483521,MOTR,GBP,2020-06-24,280.0,280.0,261.0,270.0,1212,12,275.15
GB00BD0SFR60,233483521,MOTR,GBP,2020-06-25,271.0,271.0,261.0,266.0,16585,43,265.85
GB00BD0SFR60,233483521,MOTR,GBP,2020-06-26,261.0,265.0,261.0,263.0,896,5,261.6
GB00BD0SFR60,233483521,MOTR,GBP,2020-06-29,256.0,263.0,246.0,261.0,6652,41,258.25
GB00BD0SFR60,233483521,MOTR,GBP,2020-06-30,259.0,260.0,251.0,257.0,8971,26,257.5
GB00BD0SFR60,233483521,MOTR,GBP,2020-07-01,246.0,257.0,236.0,240.0,786,11,247.05
GB00BD0SFR60,233483521,MOTR,GBP,2020-07-02,237.0,249.0,237.0,242.0,3504,18,241.15
GB00BD0SFR60,233483521,MOTR,GBP,2020-07-03,242.0,250.0,231.0,250.0,181,6,245.7
GB00BD0SFR60,233483521,MOTR,GBP,2020-07-06,249.0,254.0,237.0,254.0,4173,26,250.75
GB00BD0SFR60,233483521,MOTR,GBP,2020-07-07,253.0,253.0,252.0,252.0,728,6,252.05
GB00BD0SFR60,233483521,MOTR,GBP,2020-07-08,236.0,245.0,221.0,243.0,18430,37,235.15
GB00BD0SFR60,233483521,MOTR,GBP,2020-07-09,249.0,249.0,226.0,235.0,3535,12,233.5
GB00BD0SFR60,233483521,MOTR,GBP,2020-07-10,235.0,245.0,235.0,245.0,453,5,243.6
GB00BD0SFR60,233483521,MOTR,GBP,2020-07-13,239.0,240.0,226.0,226.0,5111,20,228.15
GB00BD0SFR60,233483521,MOTR,GBP,2020-07-14,238.0,239.0,226.0,226.0,14803,24,231.8
GB00BD0SFR60,233483521,MOTR,GBP,2020-07-15,232.0,249.0,232.0,241.0,31365,54,240.8
GB00BD0SFR60,233483521,MOTR,GBP,2020-07-16,240.0,245.0,240.0,243.0,1345,8,242.75
GB00BD0SFR60,233483521,MOTR,GBP,2020-07-17,254.0,254.0,239.0,245.0,6204,27,249.5
GB00BD0SFR60,233483521,MOTR,GBP,2020-07-20,250.0,260.0,248.0,260.0,1888,10,256.4
GB00BD0SFR60,233483521,MOTR,GBP,2020-07-21,249.0,252.0,240.0,245.0,41689,48,243.55
GB00BD0SFR60,233483521,MOTR,GBP,2020-07-22,242.0,259.0,242.0,247.5,4034,18,247.35
GB00BD0SFR60,233483521,MOTR,GBP,2020-07-23,252.0,253.0,244.0,244.0,2002,7,247.4
GB00BD0SFR60,233483521,MOTR,GBP,2020-07-24,242.0,247.0,238.0,240.0,117980,58,241.95
GB00BD0SFR60,233483521,MOTR,GBP,2020-07-27,238.0,247.0,233.0,238.0,20987,10,238.5
GB00BD0SFR60,233483521,MOTR,GBP,2020-07-28,242.0,245.0,240.0,244.0,16022,27,241.75
GB00BD0SFR60,233483521,MOTR,GBP,2020-07-29,237.0,244.0,236.0,244.0,4267,27,239.15
GB00BD0SFR60,233483521,MOTR,GBP,2020-07-30,248.0,248.0,240.0,247.0,1403,10,243.85
GB00BD0SFR60,233483521,MOTR,GBP,2020-07-31,241.5,248.0,237.0,248.0,12566,16,242.75
GB00BD0SFR60,233483521,MOTR,GBP,2020-08-03,243.0,251.0,243.0,251.0,49097,92,246.9
GB00BD0SFR60,233483521,MOTR,GBP,2020-08-04,249.0,257.0,248.0,251.0,10701,15,248.45
GB00BD0SFR60,233483521,MOTR,GBP,2020-08-05,251.0,251.0,245.0,247.0,25444,56,249.3
GB00BD0SFR60,233483521,MOTR,GBP,2020-08-06,245.0,248.0,245.0,248.0,12809,9,245.35
GB00BD0SFR60,233483521,MOTR,GBP,2020-08-07,246.0,260.0,246.0,260.0,10347,11,251.35
GB00BD0SFR60,233483521,MOTR,GBP,2020-08-10,252.0,274.0,252.0,268.0,6490,25,260.8
GB00BD0SFR60,233483521,MOTR,GBP,2020-08-11,266.0,288.0,266.0,282.0,3282,17,280.2
GB00BD0SFR60,233483521,MOTR,GBP,2020-08-12,281.0,295.0,281.0,295.0,7959,18,285.45
GB00BD0SFR60,233483521,MOTR,GBP,2020-08-13,275.0,282.0,261.0,271.0,27962,33,268.65
GB00BD0SFR60,233483521,MOTR,GBP,2020-08-14,271.0,277.0,270.0,271.0,14767,73,270.8
GB00BD0SFR60,233483521,MOTR,GBP,2020-08-17,272.0,273.0,271.0,272.0,1885,8,271.6
GB00BD0SFR60,233483521,MOTR,GBP,2020-08-18,288.0,288.0,272.0,272.0,4077,2,272.0
GB00BD0SFR60,233483521,MOTR,GBP,2020-08-19,272.0,272.0,271.0,271.0,10144,12,271.35
GB00BD0SFR60,233483521,MOTR,GBP,2020-08-20,271.0,275.0,271.0,271.0,16043,17,272.1
GB00BD0SFR60,233483521,MOTR,GBP,2020-08-21,272.0,279.0,271.0,271.0,35424,8,271.0
GB00BD0SFR60,233483521,MOTR,GBP,2020-08-24,275.0,284.0,274.0,274.0,29873,63,279.7
GB00BD0SFR60,233483521,MOTR,GBP,2020-08-25,275.0,284.0,259.0,265.0,10289,21,266.95
GB00BD0SFR60,233483521,MOTR,GBP,2020-08-26,278.0,278.0,265.0,271.0,5407,20,270.9
GB00BD0SFR60,233483521,MOTR,GBP,2020-08-27,267.0,272.0,264.0,272.0,8215,12,270.9
GB00BD0SFR60,233483521,MOTR,GBP,2020-08-28,280.0,280.0,270.0,271.0,4553,11,273.15
GB00BD0SFR60,233483521,MOTR,GBP,2020-09-01,269.0,273.0,263.0,271.0,38644,40,268.05
GB00BD0SFR60,233483521,MOTR,GBP,2020-09-02,273.0,275.0,273.0,273.0,8347,18,273.65
GB00BD0SFR60,233483521,MOTR,GBP,2020-09-03,268.0,280.0,268.0,279.0,9494,23,273.65
GB00BD0SFR60,233483521,MOTR,GBP,2020-09-04,279.0,279.0,266.0,266.0,1451,2,266.6
GB00BD0SFR60,233483521,MOTR,GBP,2020-09-07,271.0,279.0,269.0,279.0,1586,8,272.15
GB00BD0SFR60,233483521,MOTR,GBP,2020-09-08,275.0,276.0,275.0,275.0,1167,11,275.25
GB00BD0SFR60,233483521,MOTR,GBP,2020-09-09,276.0,276.0,275.0,275.0,5006,10,275.1
GB00BD0SFR60,233483521,MOTR,GBP,2020-09-10,275.0,275.0,273.0,273.0,4145,10,273.35
GB00BD0SFR60,233483521,MOTR,GBP,2020-09-11,274.0,275.0,273.0,275.0,2799,9,274.8
GB00BD0SFR60,233483521,MOTR,GBP,2020-09-14,275.0,275.0,275.0,275.0,2257,14,275.0
GB00BD0SFR60,233483521,MOTR,GBP,2020-09-15,275.0,275.0,275.0,275.0,4184,2,275.0
GB00BD0SFR60,233483521,MOTR,GBP,2020-09-16,277.0,279.0,275.0,275.0,13186,28,275.1
GB00BD0SFR60,233483521,MOTR,GBP,2020-09-17,280.0,280.0,275.0,275.0,2047,9,277.2
GB00BD0SFR60,233483521,MOTR,GBP,2020-09-18,280.0,280.0,275.0,275.0,23311,24,275.65
GB00BD0SFR60,233483521,MOTR,GBP,2020-09-21,280.0,280.0,271.0,271.0,13151,22,271.0
GB00BD0SFR60,233483521,MOTR,GBP,2020-09-22,273.5,273.5,271.0,271.0,12868,14,271.7
GB00BD0SFR60,233483521,MOTR,GBP,2020-09-23,274.0,280.0,271.0,280.0,3687,5,271.05
GB00BD0SFR60,233483521,MOTR,GBP,2020-09-24,274.0,274.0,270.0,270.0,1748,2,270.0
GB00BD0SFR60,233483521,MOTR,GBP,2020-09-25,273.5,275.0,267.0,271.0,21732,18,270.25
GB00BD0SFR60,233483521,MOTR,GBP,2020-09-28,275.0,284.0,272.0,272.0,84570,33,278.8
GB00BD0SFR60,233483521,MOTR,GBP,2020-09-29,275.0,283.0,272.0,272.0,22979,25,278.75
GB00BD0SFR60,233483521,MOTR,GBP,2020-09-30,283.0,285.0,274.0,275.0,6623,11,279.1
GB00BD0SFR60,233483521,MOTR,GBP,2020-10-01,282.0,285.0,282.0,284.0,6125,4,282.0
GB00BD0SFR60,233483521,MOTR,GBP,2020-10-02,283.0,303.0,283.0,303.0,12594,21,297.45
GB00BD0SFR60,233483521,MOTR,GBP,2020-10-05,308.0,310.0,302.0,310.0,10473,27,305.7
GB00BD0SFR60,233483521,MOTR,GBP,2020-10-06,302.0,302.0,290.0,290.0,1352,8,295.65
GB00BD0SFR60,233483521,MOTR,GBP,2020-10-07,300.0,310.0,295.0,310.0,9295,16,307.65
GB00BD0SFR60,233483521,MOTR,GBP,2020-10-08,302.0,306.0,287.0,305.0,11614,36,296.65
GB00BD0SFR60,233483521,MOTR,GBP,2020-10-09,303.0,305.0,303.0,303.0,34,4,303.05
GB00BD0SFR60,233483521,MOTR,GBP,2020-10-12,291.0,296.0,284.0,284.0,2451,14,286.5
GB00BD0SFR60,233483521,MOTR,GBP,2020-10-13,293.0,293.0,293.0,293.0,0,0,293.0
GB00BD0SFR60,233483521,MOTR,GBP,2020-10-14,300.0,300.0,300.0,300.0,52,1,300.0
GB00BD0SFR60,233483521,MOTR,GBP,2020-10-15,286.0,295.0,286.0,286.0,11175,26,291.0
GB00BD0SFR60,233483521,MOTR,GBP,2020-10-16,286.0,290.0,283.0,283.0,6023,27,286.2
GB00BD0SFR60,233483521,MOTR,GBP,2020-10-19,297.0,297.0,287.0,296.0,1776,7,295.75
GB00BD0SFR60,233483521,MOTR,GBP,2020-10-20,288.0,290.0,286.0,286.0,2681,17,287.6
GB00BD0SFR60,233483521,MOTR,GBP,2020-10-21,286.0,291.0,272.0,288.0,46310,87,284.9
GB00BD0SFR60,233483521,MOTR,GBP,2020-10-22,287.0,292.0,284.0,289.0,3035,42,287.75
GB00BD0SFR60,233483521,MOTR,GBP,2020-10-23,286.0,300.0,286.0,288.0,10742,51,293.7
GB00BD0SFR60,233483521,MOTR,GBP,2020-10-26,289.0,289.0,285.0,285.0,1863,14,286.7
GB00BD0SFR60,233483521,MOTR,GBP,2020-10-27,285.0,285.0,285.0,285.0,696,1,285.0
GB00BD0SFR60,233483521,MOTR,GBP,2020-10-28,281.0,282.0,280.0,280.0,14123,31,280.75
GB00BD0SFR60,233483521,MOTR,GBP,2020-10-29,280.0,285.0,280.0,280.0,10678,45,280.4
GB00BD0SFR60,233483521,MOTR,GBP,2020-10-30,290.0,290.0,280.0,280.0,13367,58,283.9
GB00BD0SFR60,233483521,MOTR,GBP,2020-11-02,278.0,285.0,277.0,277.0,15147,56,278.3
GB00BD0SFR60,233483521,MOTR,GBP,2020-11-03,287.0,287.0,277.0,277.0,7258,43,281.1
GB00BD0SFR60,233483521,MOTR,GBP,2020-11-04,279.0,279.0,279.0,279.0,1058,1,279.0
GB00BD0SFR60,233483521,MOTR,GBP,2020-11-05,289.0,289.0,279.0,282.0,74879,57,282.05
GB00BD0SFR60,233483521,MOTR,GBP,2020-11-06,286.0,287.0,281.0,282.5,159,7,285.45
GB00BD0SFR60,233483521,MOTR,GBP,2020-11-09,282.0,282.0,280.0,281.0,7437,15,280.6
GB00BD0SFR60,233483521,MOTR,GBP,2020-11-10,280.0,285.0,280.0,284.0,11898,30,283.9
GB00BD0SFR60,233483521,MOTR,GBP,2020-11-11,285.0,285.0,285.0,285.0,25,1,285.0
GB00BD0SFR60,233483521,MOTR,GBP,2020-11-12,285.5,287.0,284.0,285.0,1360,5,285.4
GB00BD0SFR60,233483521,MOTR,GBP,2020-11-13,287.0,300.0,285.0,300.0,13329,40,294.25
GB00BD0SFR60,233483521,MOTR,GBP,2020-11-16,295.0,302.0,288.0,302.0,20751,64,297.2
GB00BD0SFR60,233483521,MOTR,GBP,2020-11-17,304.0,305.5,299.0,300.0,25774,69,302.25
GB00BD0SFR60,233483521,MOTR,GBP,2020-11-18,298.0,300.0,295.0,295.0,7503,22,299.25
GB00BD0SFR60,233483521,MOTR,GBP,2020-11-19,285.0,293.0,271.0,285.0,28926,74,286.7
GB00BD0SFR60,233483521,MOTR,GBP,2020-11-20,285.0,298.0,285.0,294.0,10993,26,288.4
GB00BD0SFR60,233483521,MOTR,GBP,2020-11-23,302.0,306.0,290.0,299.0,60086,30,304.45
GB00BD0SFR60,233483521,MOTR,GBP,2020-11-24,303.0,309.0,290.0,291.0,136538,109,305.7
GB00BD0SFR60,233483521,MOTR,GBP,2020-11-25,292.0,314.0,292.0,300.0,11276,44,303.75
GB00BD0SFR60,233483521,MOTR,GBP,2020-11-26,310.0,312.0,290.0,292.0,16608,56,300.7
GB00BD0SFR60,233483521,MOTR,GBP,2020-11-27,292.0,308.0,290.0,308.0,21074,67,301.8
GB00BD0SFR60,233483521,MOTR,GBP,2020-11-30,309.0,310.0,299.0,310.0,20627,63,308.9
GB00BD0SFR60,233483521,MOTR,GBP,2020-12-01,311.0,311.0,305.0,305.0,23974,74,308.35
GB00BD0SFR60,233483521,MOTR,GBP,2020-12-02,305.0,309.0,302.0,305.0,8076,36,305.55
GB00BD0SFR60,233483521,MOTR,GBP,2020-12-03,307.0,307.0,300.0,306.0,12086,34,303.25
GB00BD0SFR60,233483521,MOTR,GBP,2020-12-04,307.0,308.0,302.0,303.5,834,5,307.4
GB00BD0SFR60,233483521,MOTR,GBP,2020-12-07,294.0,298.0,284.0,285.0,23785,74,290.95
GB00BD0SFR60,233483521,MOTR,GBP,2020-12-08,286.0,291.0,284.0,285.0,3169,15,286.25
GB00BD0SFR60,233483521,MOTR,GBP,2020-12-09,287.0,296.0,284.0,284.0,6380,21,287.55
GB00BD0SFR60,233483521,MOTR,GBP,2020-12-10,285.5,285.5,285.5,285.5,0,0,285.5
GB00BD0SFR60,233483521,MOTR,GBP,2020-12-11,298.0,298.0,283.0,290.0,16598,51,286.6
GB00BD0SFR60,233483521,MOTR,GBP,2020-12-14,286.0,287.0,284.0,284.0,6190,30,284.4
GB00BD0SFR60,233483521,MOTR,GBP,2020-12-15,298.0,298.0,284.0,284.0,1517,2,297.85
GB00BD0SFR60,233483521,MOTR,GBP,2020-12-16,289.0,290.0,284.0,285.0,10514,35,285.15
GB00BD0SFR60,233483521,MOTR,GBP,2020-12-17,293.0,293.0,284.0,285.0,9624,16,284.1
GB00BD0SFR60,233483521,MOTR,GBP,2020-12-18,284.0,284.0,280.0,280.0,6041,7,281.4
GB00BD0SFR60,233483521,MOTR,GBP,2020-12-21,294.0,294.0,279.0,281.0,3219,18,286.65
GB00BD0SFR60,233483521,MOTR,GBP,2020-12-22,285.0,285.0,279.0,280.5,3905,15,279.9
GB00BD0SFR60,233483521,MOTR,GBP,2020-12-23,291.0,295.0,280.0,290.0,13189,49,289.15
GB00BD0SFR60,233483521,MOTR,GBP,2020-12-24,284.0,300.0,283.0,300.0,7803,21,292.9
GB00BD0SFR60,233483521,MOTR,GBP,2020-12-29,300.0,304.0,293.0,298.5,587,14,299.8
GB00BD0SFR60,233483521,MOTR,GBP,2020-12-30,293.0,300.0,290.0,290.0,8781,7,296.0
GB00BD0SFR60,233483521,MOTR,GBP,2020-12-31,304.0,304.0,286.5,286.5,303,1,304.0
GB00BD0SFR60,233483521,MOTR,GBP,2021-01-04,295.0,295.0,285.0,290.0,21950,40,285.55
GB00BD0SFR60,233483521,MOTR,GBP,2021-01-05,287.0,290.0,285.0,286.0,35756,38,289.75
GB00BD0SFR60,233483521,MOTR,GBP,2021-01-06,287.0,290.0,285.0,285.0,53051,50,287.55
GB00BD0SFR60,233483521,MOTR,GBP,2021-01-07,290.0,290.0,285.0,290.0,25665,50,287.65
GB00BD0SFR60,233483521,MOTR,GBP,2021-01-08,285.0,285.0,280.0,285.0,8582,18,281.8
GB00BD0SFR60,233483521,MOTR,GBP,2021-01-11,290.0,292.0,287.0,288.0,7328,8,288.6
GB00BD0SFR60,233483521,MOTR,GBP,2021-01-12,285.0,294.0,285.0,293.0,7906,28,289.3
GB00BD0SFR60,233483521,MOTR,GBP,2021-01-13,289.0,295.0,287.0,287.0,4489,7,292.35
GB00BD0SFR60,233483521,MOTR,GBP,2021-01-14,300.0,304.0,287.0,304.0,15862,53,295.9
GB00BD0SFR60,233483521,MOTR,GBP,2021-01-15,291.0,300.0,283.0,298.0,7653,31,295.3
GB00BD0SFR60,233483521,MOTR,GBP,2021-01-18,295.0,309.0,295.0,305.0,7633,27,302.5
GB00BD0SFR60,233483521,MOTR,GBP,2021-01-19,305.0,305.0,292.0,302.0,17274,26,303.1
GB00BD0SFR60,233483521,MOTR,GBP,2021-01-20,302.5,304.0,302.0,303.0,6755,13,302.95
GB00BD0SFR60,233483521,MOTR,GBP,2021-01-21,303.0,303.0,290.0,300.0,11947,36,300.2
GB00BD0SFR60,233483521,MOTR,GBP,2021-01-22,294.0,300.0,292.0,298.0,9789,17,298.6
GB00BD0SFR60,233483521,MOTR,GBP,2021-01-25,299.0,300.0,290.0,290.0,17086,33,296.4
GB00BD0SFR60,233483521,MOTR,GBP,2021-01-26,292.0,292.0,285.0,285.0,8307,22,288.8
GB00BD0SFR60,233483521,MOTR,GBP,2021-01-27,289.0,292.0,289.0,290.0,21394,16,289.9
GB00BD0SFR60,233483521,MOTR,GBP,2021-01-28,287.0,295.0,284.0,286.5,16706,20,285.15
GB00BD0SFR60,233483521,MOTR,GBP,2021-01-29,274.0,294.0,274.0,290.0,6747,23,288.25
GB00BD0SFR60,233483521,MOTR,GBP,2021-02-01,298.0,298.0,276.0,281.0,75276,49,281.3
GB00BD0SFR60,233483521,MOTR,GBP,2021-02-02,288.0,290.0,280.0,283.0,47581,47,285.6
GB00BD0SFR60,233483521,MOTR,GBP,2021-02-03,285.0,289.0,285.0,285.0,452,3,285.0
GB00BD0SFR60,233483521,MOTR,GBP,2021-02-04,290.0,290.0,288.5,288.5,179,6,290.0
GB00BD0SFR60,233483521,MOTR,GBP,2021-02-05,293.0,293.0,287.0,288.0,13568,33,287.15
GB00BD0SFR60,233483521,MOTR,GBP,2021-02-08,293.0,293.0,287.0,290.0,39355,48,290.05
GB00BD0SFR60,233483521,MOTR,GBP,2021-02-09,288.0,290.0,283.0,287.0,22328,50,289.65
GB00BD0SFR60,233483521,MOTR,GBP,2021-02-10,290.0,290.0,287.0,289.0,11360,19,289.6
GB00BD0SFR60,233483521,MOTR,GBP,2021-02-11,288.0,290.0,287.0,290.0,4720,10,289.25
GB00BD0SFR60,233483521,MOTR,GBP,2021-02-12,290.0,290.0,290.0,290.0,58,1,290.0
GB00BD0SFR60,233483521,MOTR,GBP,2021-02-15,288.5,290.0,287.0,290.0,8989,11,287.15
GB00BD0SFR60,233483521,MOTR,GBP,2021-02-16,287.0,291.0,287.0,291.0,8671,4,287.0
GB00BD0SFR60,233483521,MOTR,GBP,2021-02-17,287.0,291.0,280.0,285.0,76599,158,287.25
GB00BD0SFR60,233483521,MOTR,GBP,2021-02-18,287.0,290.0,282.0,284.5,399,6,287.5
GB00BD0SFR60,233483521,MOTR,GBP,2021-02-19,285.0,287.0,275.0,275.0,2690,6,284.95
GB00BD0SFR60,233483521,MOTR,GBP,2021-02-22,282.0,285.0,280.0,280.0,9194,28,281.35
GB00BD0SFR60,233483521,MOTR,GBP,2021-02-23,280.0,286.0,280.0,286.0,112310,33,285.0
GB00BD0SFR60,233483521,MOTR,GBP,2021-02-24,285.0,285.0,282.0,282.0,534,4,283.1
GB00BD0SFR60,233483521,MOTR,GBP,2021-02-25,284.0,285.0,282.0,284.0,2256,6,284.75
GB00BD0SFR60,233483521,MOTR,GBP,2021-02-26,280.0,290.0,280.0,286.0,20799,28,285.6
GB00BD0SFR60,233483521,MOTR,GBP,2021-03-01,283.0,291.0,283.0,288.0,20833,12,285.65
GB00BD0SFR60,233483521,MOTR,GBP,2021-03-02,285.0,287.5,280.0,286.0,58790,44,285.45
GB00BD0SFR60,233483521,MOTR,GBP,2021-03-03,287.0,287.0,280.0,286.0,5048,12,284.9
GB00BD0SFR60,233483521,MOTR,GBP,2021-03-04,280.0,285.0,279.0,284.0,17375,31,282.45
GB00BD0SFR60,233483521,MOTR,GBP,2021-03-05,285.0,285.0,275.0,275.0,7704,27,281.9
GB00BD0SFR60,233483521,MOTR,GBP,2021-03-08,276.0,278.0,273.0,273.0,7548,28,276.45
GB00BD0SFR60,233483521,MOTR,GBP,2021-03-09,282.0,282.0,273.0,273.0,4447,19,277.6
GB00BD0SFR60,233483521,MOTR,GBP,2021-03-10,275.0,278.0,274.0,276.5,1153,10,274.95
GB00BD0SFR60,233483521,MOTR,GBP,2021-03-11,274.0,277.0,273.0,275.0,8153,27,274.45
GB00BD0SFR60,233483521,MOTR,GBP,2021-03-12,276.0,281.0,276.0,281.0,52066,19,277.55
GB00BD0SFR60,233483521,MOTR,GBP,2021-03-15,278.0,280.0,275.0,277.5,14232,11,277.25
GB00BD0SFR60,233483521,MOTR,GBP,2021-03-16,278.0,278.0,266.0,277.0,29447,46,273.75
GB00BD0SFR60,233483521,MOTR,GBP,2021-03-17,266.0,273.0,265.0,266.0,37455,43,268.7
GB00BD0SFR60,233483521,MOTR,GBP,2021-03-18,266.0,268.0,262.0,262.0,37165,91,266.25
GB00BD0SFR60,233483521,MOTR,GBP,2021-03-19,275.0,277.0,263.0,268.0,14761,20,267.75
GB00BD0SFR60,233483521,MOTR,GBP,2021-03-22,267.0,269.0,264.0,264.5,12906,19,266.6
GB00BD0SFR60,233483521,MOTR,GBP,2021-03-23,265.0,265.0,263.0,263.0,66317,58,264.3
GB00BD0SFR60,233483521,MOTR,GBP,2021-03-24,265.0,265.0,262.0,263.0,7280,15,264.25
GB00BD0SFR60,233483521,MOTR,GBP,2021-03-25,263.5,263.5,260.0,261.5,3472,5,262.25
GB00BD0SFR60,233483521,MOTR,GBP,2021-03-26,263.0,263.0,251.0,256.5,17656,18,254.95
GB00BD0SFR60,233483521,MOTR,GBP,2021-03-29,260.0,263.0,260.0,260.0,18675,18,260.0
GB00BD0SFR60,233483521,MOTR,GBP,2021-03-30,260.0,260.0,256.0,260.0,11771,26,259.7
GB00BD0SFR60,233483521,MOTR,GBP,2021-03-31,257.0,264.0,257.0,260.0,93772,47,261.1
GB00BD0SFR60,233483521,MOTR,GBP,2021-04-01,255.0,263.0,255.0,257.5,17141,24,260.0
GB00BD0SFR60,233483521,MOTR,GBP,2021-04-06,262.0,263.0,259.0,261.0,271732,69,261.15
GB00BD0SFR60,233483521,MOTR,GBP,2021-04-07,262.0,262.0,258.0,259.0,82877,41,259.1
GB00BD0SFR60,233483521,MOTR,GBP,2021-04-08,264.0,264.0,259.0,259.0,63877,90,261.2
GB00BD0SFR60,233483521,MOTR,GBP,2021-04-09,265.0,265.0,259.0,260.0,19292,20,260.55
GB00BD0SFR60,233483521,MOTR,GBP,2021-04-12,260.0,260.0,258.0,258.0,115758,26,259.4
GB00BD0SFR60,233483521,MOTR,GBP,2021-04-13,259.0,260.0,259.0,260.0,18485,9,259.65
GB00BD0SFR60,233483521,MOTR,GBP,2021-04-14,260.0,260.0,253.0,253.0,21840,18,259.25
GB00BD0SFR60,233483521,MOTR,GBP,2021-04-15,253.0,260.0,253.0,260.0,18567,14,259.75
GB00BD0SFR60,233483521,MOTR,GBP,2021-04-16,260.0,260.0,255.0,260.0,13406,9,259.4
GB00BD0SFR60,233483521,MOTR,GBP,2021-04-19,256.5,257.0,256.0,257.0,16024,5,256.65
GB00BD0SFR60,233483521,MOTR,GBP,2021-04-20,256.0,257.0,255.0,255.0,5098,8,255.95
GB00BD0SFR60,233483521,MOTR,GBP,2021-04-21,257.0,257.0,254.0,255.0,79789,47,255.2
GB00BD0SFR60,233483521,MOTR,GBP,2021-04-22,255.0,256.0,253.0,253.0,109239,40,255.35
GB00BD0SFR60,233483521,MOTR,GBP,2021-04-23,257.0,263.0,255.0,256.0,33305,17,256.0
GB00BD0SFR60,233483521,MOTR,GBP,2021-04-26,259.0,262.0,257.0,260.0,3679,9,257.9
GB00BD0SFR60,233483521,MOTR,GBP,2021-04-27,257.0,263.0,256.0,256.0,16173,27,258.15
GB00BD0SFR60,233483521,MOTR,GBP,2021-04-28,257.0,264.0,256.0,258.0,13355,24,260.3
GB00BD0SFR60,233483521,MOTR,GBP,2021-04-29,259.0,265.0,259.0,265.0,3031,14,262.3
GB00BD0SFR60,233483521,MOTR,GBP,2021-04-30,262.0,262.0,260.0,260.0,3258,13,260.7
GB00BD0SFR60,233483521,MOTR,GBP,2021-05-04,260.0,266.0,259.0,263.0,9783,20,261.4
GB00BD0SFR60,233483521,MOTR,GBP,2021-05-05,265.0,277.0,265.0,277.0,3382,11,268.3
GB00BD0SFR60,233483521,MOTR,GBP,2021-05-06,272.0,275.0,270.0,271.0,8071,24,273.35
GB00BD0SFR60,233483521,MOTR,GBP,2021-05-07,271.0,286.0,271.0,285.0,11303,20,277.4
GB00BD0SFR60,233483521,MOTR,GBP,2021-05-10,285.0,302.0,285.0,302.0,6588,43,294.35
GB00BD0SFR60,233483521,MOTR,GBP,2021-05-11,302.0,302.0,281.0,287.5,22800,45,289.15
GB00BD0SFR60,233483521,MOTR,GBP,2021-05-12,295.0,295.0,286.0,286.0,121,8,293.1
GB00BD0SFR60,233483521,MOTR,GBP,2021-05-13,284.0,289.0,277.0,277.0,8124,14,280.15
GB00BD0SFR60,233483521,MOTR,GBP,2021-05-14,286.0,286.0,277.0,283.5,10781,31,280.05
GB00BD0SFR60,233483521,MOTR,GBP,2021-05-17,276.0,282.0,276.0,280.0,3015,8,279.5
GB00BD0SFR60,233483521,MOTR,GBP,2021-05-18,285.0,285.0,279.0,284.5,22752,21,281.3
GB00BD0SFR60,233483521,MOTR,GBP,2021-05-19,279.0,282.0,279.0,281.5,10351,11,281.25
GB00BD0SFR60,233483521,MOTR,GBP,2021-05-20,284.0,288.0,284.0,288.0,5310,5,284.35
GB00BD0SFR60,233483521,MOTR,GBP,2021-05-21,286.0,286.0,281.0,281.0,47799,14,282.1
GB00BD0SFR60,233483521,MOTR,GBP,2021-05-24,282.0,284.0,279.0,284.0,18578,27,279.75
GB00BD0SFR60,233483521,MOTR,GBP,2021-05-25,288.0,288.0,280.0,286.0,16104,21,281.2
GB00BD0SFR60,233483521,MOTR,GBP,2021-05-26,282.0,286.0,280.0,280.0,55792,23,284.15
GB00BD0SFR60,233483521,MOTR,GBP,2021-05-27,283.0,284.0,270.0,280.0,31426,24,279.6
GB00BD0SFR60,233483521,MOTR,GBP,2021-05-28,281.0,283.0,268.0,268.0,36866,39,280.0
GB00BD0SFR60,233483521,MOTR,GBP,2021-06-01,270.0,287.0,270.0,287.0,108318,44,283.65
GB00BD0SFR60,233483521,MOTR,GBP,2021-06-02,280.0,282.0,274.0,276.0,81098,33,279.65
GB00BD0SFR60,233483521,MOTR,GBP,2021-06-03,280.0,281.0,278.0,279.0,1972,10,279.8
GB00BD0SFR60,233483521,MOTR,GBP,2021-06-04,282.0,285.0,279.0,281.0,447,4,282.85
GB00BD0SFR60,233483521,MOTR,GBP,2021-06-07,278.0,278.0,275.0,275.0,2030,6,277.35
GB00BD0SFR60,233483521,MOTR,GBP,2021-06-08,280.0,280.0,278.0,278.0,7164,7,278.75
GB00BD0SFR60,233483521,MOTR,GBP,2021-06-09,280.0,280.0,270.0,274.5,33947,44,279.2
GB00BD0SFR60,233483521,MOTR,GBP,2021-06-10,281.0,281.0,271.0,275.0,34004,33,278.55
GB00BD0SFR60,233483521,MOTR,GBP,2021-06-11,275.0,275.0,275.0,275.0,2,2,275.0
GB00BD0SFR60,233483521,MOTR,GBP,2021-06-14,278.0,279.0,270.0,270.0,4171,28,273.95
GB00BD0SFR60,233483521,MOTR,GBP,2021-06-15,273.0,280.0,271.0,279.0,8783,42,278.4
GB00BD0SFR60,233483521,MOTR,GBP,2021-06-16,286.0,292.0,275.0,275.0,85085,132,280.85
GB00BD0SFR60,233483521,MOTR,GBP,2021-06-17,278.0,312.0,278.0,312.0,24109,53,299.95
GB00BD0SFR60,233483521,MOTR,GBP,2021-06-18,315.0,315.0,306.5,313.0,26570,55,311.6
GB00BD0SFR60,233483521,MOTR,GBP,2021-06-21,312.0,325.0,303.0,325.0,18805,45,315.55
GB00BD0SFR60,233483521,MOTR,GBP,2021-06-22,316.0,336.0,316.0,330.0,3749,14,331.55
GB00BD0SFR60,233483521,MOTR,GBP,2021-06-23,333.0,360.0,331.0,342.0,106495,125,346.9
GB00BD0SFR60,233483521,MOTR,GBP,2021-06-24,358.0,368.0,345.0,356.5,35559,173,357.1
GB00BD0SFR60,233483521,MOTR,GBP,2021-06-25,364.0,371.0,355.0,355.0,9326,40,360.5
GB00BD0SFR60,233483521,MOTR,GBP,2021-06-28,361.0,368.0,354.0,361.0,52073,86,361.7
GB00BD0SFR60,233483521,MOTR,GBP,2021-06-29,366.0,366.0,356.0,360.0,2559,14,359.7
GB00BD0SFR60,233483521,MOTR,GBP,2021-06-30,366.5,371.0,360.0,360.0,10406,35,366.5
GB00BD0SFR60,233483521,MOTR,GBP,2021-07-01,352.0,364.5,352.0,364.5,35505,67,361.6
GB00BD0SFR60,233483521,MOTR,GBP,2021-07-02,364.0,379.0,363.0,365.0,25135,42,371.65
GB00BD0SFR60,233483521,MOTR,GBP,2021-07-05,367.0,367.0,353.0,364.5,619,3,355.2
GB00BD0SFR60,233483521,MOTR,GBP,2021-07-06,365.0,370.0,359.0,359.0,7085,28,364.0
GB00BD0SFR60,233483521,MOTR,GBP,2021-07-07,350.0,350.0,350.0,350.0,1,1,350.0
GB00BD0SFR60,233483521,MOTR,GBP,2021-07-08,359.0,365.0,350.0,350.0,6997,29,358.35
GB00BD0SFR60,233483521,MOTR,GBP,2021-07-09,359.0,370.0,357.0,362.0,11443,52,364.65
GB00BD0SFR60,233483521,MOTR,GBP,2021-07-12,367.5,368.0,364.0,368.0,4564,16,366.0
GB00BD0SFR60,233483521,MOTR,GBP,2021-07-13,363.0,374.0,360.0,365.5,6853,34,365.85
GB00BD0SFR60,233483521,MOTR,GBP,2021-07-14,363.0,370.0,362.0,370.0,6849,22,366.9
GB00BD0SFR60,233483521,MOTR,GBP,2021-07-15,362.0,364.0,359.0,360.0,7176,11,362.25
GB00BD0SFR60,233483521,MOTR,GBP,2021-07-16,363.0,364.0,358.0,361.5,8476,41,362.85
GB00BD0SFR60,233483521,MOTR,GBP,2021-07-19,361.0,361.0,350.0,350.0,23341,30,352.0
GB00BD0SFR60,233483521,MOTR,GBP,2021-07-20,350.0,352.0,350.0,352.0,15621,72,350.65
GB00BD0SFR60,233483521,MOTR,GBP,2021-07-21,352.0,352.0,351.0,351.0,3418,12,351.95
GB00BD0SFR60,233483521,MOTR,GBP,2021-07-22,352.0,352.0,350.0,350.0,6695,21,351.75
GB00BD0SFR60,233483521,MOTR,GBP,2021-07-23,351.0,351.5,350.0,350.0,9048,18,350.45
GB00BD0SFR60,233483521,MOTR,GBP,2021-07-26,359.0,363.0,350.0,350.0,5143,19,358.9
GB00BD0SFR60,233483521,MOTR,GBP,2021-07-27,350.0,357.0,350.0,350.0,18221,48,354.75
GB00BD0SFR60,233483521,MOTR,GBP,2021-07-28,353.0,359.0,350.0,350.0,3227,28,356.4
GB00BD0SFR60,233483521,MOTR,GBP,2021-07-29,355.0,362.0,350.0,350.0,26073,60,356.4
GB00BD0SFR60,233483521,MOTR,GBP,2021-07-30,354.0,354.0,350.0,352.0,7157,18,352.55
GB00BD0SFR60,233483521,MOTR,GBP,2021-08-02,354.0,361.0,353.0,356.0,5408,21,355.7
GB00BD0SFR60,233483521,MOTR,GBP,2021-08-03,357.0,357.0,350.0,352.5,6470,13,350.45
GB00BD0SFR60,233483521,MOTR,GBP,2021-08-04,352.0,359.0,350.0,354.5,9709,24,354.65
GB00BD0SFR60,233483521,MOTR,GBP,2021-08-05,350.0,361.0,350.0,361.0,9694,15,356.1
GB00BD0SFR60,233483521,MOTR,GBP,2021-08-06,358.0,358.0,351.0,353.0,4572,15,355.6
GB00BD0SFR60,233483521,MOTR,GBP,2021-08-09,350.0,356.0,348.0,348.0,18941,8,348.35
GB00BD0SFR60,233483521,MOTR,GBP,2021-08-10,348.0,350.0,335.0,343.0,40985,25,342.45
GB00BD0SFR60,233483521,MOTR,GBP,2021-08-11,339.0,340.0,333.0,340.0,29132,35,335.85
GB00BD0SFR60,233483521,MOTR,GBP,2021-08-12,333.0,338.0,320.0,330.0,38214,51,328.05
GB00BD0SFR60,233483521,MOTR,GBP,2021-08-13,325.0,331.0,325.0,329.0,13350,23,328.25
GB00BD0SFR60,233483521,MOTR,GBP,2021-08-16,327.0,333.0,325.0,325.0,31786,20,328.7
GB00BD0SFR60,233483521,MOTR,GBP,2021-08-17,330.0,331.0,325.0,328.0,5288,10,329.0
GB00BD0SFR60,233483521,MOTR,GBP,2021-08-18,325.0,328.0,320.0,320.0,1891,6,327.1
GB00BD0SFR60,233483521,MOTR,GBP,2021-08-19,330.0,330.0,325.0,325.0,16704,24,325.35
GB00BD0SFR60,233483521,MOTR,GBP,2021-08-20,326.0,332.5,325.0,332.5,137321,35,325.05
GB00BD0SFR60,233483521,MOTR,GBP,2021-08-23,338.0,338.0,334.0,337.0,535,4,337.25
GB00BD0SFR60,233483521,MOTR,GBP,2021-08-24,340.0,340.0,338.0,338.0,1122,6,339.65
GB00BD0SFR60,233483521,MOTR,GBP,2021-08-25,340.0,340.0,333.0,333.0,32693,37,337.1
GB00BD0SFR60,233483521,MOTR,GBP,2021-08-26,334.0,343.0,334.0,337.5,23828,10,334.5
GB00BD0SFR60,233483521,MOTR,GBP,2021-08-27,345.0,345.0,337.0,337.0,9068,9,337.7
GB00BD0SFR60,233483521,MOTR,GBP,2021-08-31,341.0,342.0,335.0,338.5,21814,23,340.15
GB00BD0SFR60,233483521,MOTR,GBP,2021-09-01,338.5,355.0,338.5,355.0,10221,19,339.8
GB00BD0SFR60,233483521,MOTR,GBP,2021-09-02,336.0,352.0,335.0,345.0,1180,6,337.1
GB00BD0SFR60,233483521,MOTR,GBP,2021-09-03,337.0,347.0,337.0,337.0,11533,16,338.85
GB00BD0SFR60,233483521,MOTR,GBP,2021-09-06,335.0,342.0,333.0,333.0,23562,40,335.45
GB00BD0SFR60,233483521,MOTR,GBP,2021-09-07,335.0,337.0,333.0,333.0,24252,30,334.45
GB00BD0SFR60,233483521,MOTR,GBP,2021-09-08,335.0,337.0,331.0,331.0,21798,18,332.45
GB00BD0SFR60,233483521,MOTR,GBP,2021-09-09,332.0,334.0,331.0,331.0,12809,11,332.85
GB00BD0SFR60,233483521,MOTR,GBP,2021-09-10,336.0,336.0,335.0,335.0,5725,3,335.0
GB00BD0SFR60,233483521,MOTR,GBP,2021-09-13,334.0,341.0,334.0,336.0,13191,14,336.35
GB00BD0SFR60,233483521,MOTR,GBP,2021-09-14,341.0,346.0,337.0,343.0,931,6,340.55
GB00BD0SFR60,233483521,MOTR,GBP,2021-09-15,338.0,352.0,338.0,338.0,15523,33,342.55
GB00BD0SFR60,233483521,MOTR,GBP,2021-09-16,339.0,364.0,339.0,360.0,25516,66,356.9
GB00BD0SFR60,233483521,MOTR,GBP,2021-09-17,369.0,374.0,356.0,356.0,14312,29,361.05
GB00BD0SFR60,233483521,MOTR,GBP,2021-09-20,360.0,373.0,357.0,373.0,9254,9,359.9
GB00BD0SFR60,233483521,MOTR,GBP,2021-09-21,373.0,373.0,356.0,365.0,2783,19,363.65
GB00BD0SFR60,233483521,MOTR,GBP,2021-09-22,361.0,365.0,351.0,360.0,13550,42,357.75
GB00BD0SFR60,233483521,MOTR,GBP,2021-09-23,365.0,409.0,365.0,378.0,45054,207,386.95
GB00BD0SFR60,233483521,MOTR,GBP,2021-09-24,369.0,390.0,367.0,385.0,1770,9,384.85
GB00BD0SFR60,233483521,MOTR,GBP,2021-09-27,384.0,384.0,375.0,379.5,958,6,375.8
GB00BD0SFR60,233483521,MOTR,GBP,2021-09-28,375.0,385.0,375.0,375.0,17763,36,377.0
GB00BD0SFR60,233483521,MOTR,GBP,2021-09-29,375.0,375.0,368.0,375.0,55967,51,375.0
GB00BD0SFR60,233483521,MOTR,GBP,2021-09-30,380.0,393.0,375.0,375.0,49210,36,383.05
GB00BD0SFR60,233483521,MOTR,GBP,2021-10-01,373.0,383.0,367.0,367.0,14736,14,370.95
GB00BD0SFR60,233483521,MOTR,GBP,2021-10-04,368.0,368.0,350.0,350.0,6433,11,367.1
GB00BD0SFR60,233483521,MOTR,GBP,2021-10-05,353.0,374.0,351.0,356.0,9349,18,360.35
GB00BD0SFR60,233483521,MOTR,GBP,2021-10-06,361.0,369.0,355.5,355.5,1202,3,368.8
GB00BD0SFR60,233483521,MOTR,GBP,2021-10-07,374.0,375.0,342.0,342.0,7659,10,362.9
GB00BD0SFR60,233483521,MOTR,GBP,2021-10-08,343.0,372.0,343.0,372.0,2747,11,352.7
GB00BD0SFR60,233483521,MOTR,GBP,2021-10-11,362.0,362.0,350.0,359.0,382,4,355.2
GB00BD0SFR60,233483521,MOTR,GBP,2021-10-12,350.0,355.0,350.0,355.0,93,2,350.55
GB00BD0SFR60,233483521,MOTR,GBP,2021-10-13,344.0,363.5,343.0,363.5,3152,8,347.4
GB00BD0SFR60,233483521,MOTR,GBP,2021-10-14,354.0,370.5,354.0,370.5,3704,11,362.7
GB00BD0SFR60,233483521,MOTR,GBP,2021-10-15,374.0,374.0,350.0,350.0,1177,7,365.55
GB00BD0SFR60,233483521,MOTR,GBP,2021-10-18,374.0,375.0,363.0,375.0,6826,14,371.6
GB00BD0SFR60,233483521,MOTR,GBP,2021-10-19,352.0,358.0,352.0,357.0,6915,10,356.55
GB00BD0SFR60,233483521,MOTR,GBP,2021-10-20,373.0,373.0,359.0,359.0,6637,9,361.3
GB00BD0SFR60,233483521,MOTR,GBP,2021-10-21,351.0,353.0,340.0,340.0,15669,13,349.75
GB00BD0SFR60,233483521,MOTR,GBP,2021-10-22,340.0,351.0,340.0,351.0,1377,3,348.75
GB00BD0SFR60,233483521,MOTR,GBP,2021-10-25,367.0,373.0,361.0,373.0,10019,26,365.1
GB00BD0SFR60,233483521,MOTR,GBP,2021-10-26,371.0,371.0,360.0,361.0,4283,18,365.6
GB00BD0SFR60,233483521,MOTR,GBP,2021-10-27,354.0,371.0,354.0,357.5,42145,15,360.0
GB00BD0SFR60,233483521,MOTR,GBP,2021-10-28,359.0,360.0,358.0,360.0,43998,24,359.85
GB00BD0SFR60,233483521,MOTR,GBP,2021-10-29,359.0,359.0,349.0,358.0,2802,6,358.25
GB00BD0SFR60,233483521,MOTR,GBP,2021-11-01,360.0,360.0,352.5,352.5,322,3,359.85
GB00BD0SFR60,233483521,MOTR,GBP,2021-11-02,360.0,360.0,356.0,358.0,10265,8,360.0
GB00BD0SFR60,233483521,MOTR,GBP,2021-11-03,360.0,367.0,356.0,367.0,5375,6,360.8
GB00BD0SFR60,233483521,MOTR,GBP,2021-11-04,364.0,365.0,354.0,354.0,76038,21,364.95
GB00BD0SFR60,233483521,MOTR,GBP,2021-11-05,364.0,364.0,335.0,335.0,16688,38,344.45
GB00BD0SFR60,233483521,MOTR,GBP,2021-11-08,363.0,363.0,350.0,350.0,250,3,363.0
GB00BD0SFR60,233483521,MOTR,GBP,2021-11-09,337.0,363.0,337.0,350.0,4542,7,339.3
GB00BD0SFR60,233483521,MOTR,GBP,2021-11-10,363.0,363.0,340.0,345.0,5662,13,342.05
GB00BD0SFR60,233483521,MOTR,GBP,2021-11-11,345.0,362.0,345.0,362.0,62376,32,345.05
GB00BD0SFR60,233483521,MOTR,GBP,2021-11-12,347.0,355.0,345.0,355.0,6349,13,346.2
GB00BD0SFR60,233483521,MOTR,GBP,2021-11-15,351.0,354.0,351.0,354.0,3090,2,351.0
GB00BD0SFR60,233483521,MOTR,GBP,2021-11-16,355.0,355.0,353.0,353.0,166,2,354.15
GB00BD0SFR60,233483521,MOTR,GBP,2021-11-17,351.0,354.0,351.0,354.0,262,5,351.35
GB00BD0SFR60,233483521,MOTR,GBP,2021-11-18,351.0,351.0,351.0,351.0,16,1,351.0
GB00BD0SFR60,233483521,MOTR,GBP,2021-11-19,351.0,351.0,349.0,349.0,3187,3,351.0
GB00BD0SFR60,233483521,MOTR,GBP,2021-11-22,345.0,347.5,345.0,347.5,3096,1,345.0
GB00BD0SFR60,233483521,MOTR,GBP,2021-11-23,355.0,355.0,335.0,335.0,293,2,348.25
GB00BD0SFR60,233483521,MOTR,GBP,2021-11-24,348.0,357.0,348.0,357.0,1660,2,357.0
GB00BD0SFR60,233483521,MOTR,GBP,2021-11-25,355.0,359.0,339.0,347.5,117154,101,349.35
GB00BD0SFR60,233483521,MOTR,GBP,2021-11-26,331.0,345.0,331.0,345.0,6717,14,337.7
GB00BD0SFR60,233483521,MOTR,GBP,2021-11-29,343.0,345.0,336.0,345.0,6735,11,343.65
GB00BD0SFR60,233483521,MOTR,GBP,2021-11-30,335.0,335.0,330.0,335.0,4884,8,333.65
GB00BD0SFR60,233483521,MOTR,GBP,2021-12-01,348.0,348.0,348.0,348.0,1,1,348.0
GB00BD0SFR60,233483521,MOTR,GBP,2021-12-02,331.0,335.0,315.0,335.0,15025,15,329.8
GB00BD0SFR60,233483521,MOTR,GBP,2021-12-03,335.0,336.0,334.0,334.0,1705,6,335.2
GB00BD0SFR60,233483521,MOTR,GBP,2021-12-06,343.0,348.0,338.0,348.0,6169,17,339.6
GB00BD0SFR60,233483521,MOTR,GBP,2021-12-07,345.0,345.0,340.0,340.0,5794,11,343.8
GB00BD0SFR60,233483521,MOTR,GBP,2021-12-08,345.0,345.0,329.0,335.5,3310,5,342.25
GB00BD0SFR60,233483521,MOTR,GBP,2021-12-09,330.0,330.0,330.0,330.0,4,1,330.0
GB00BD0SFR60,233483521,MOTR,GBP,2021-12-10,336.0,345.0,332.0,338.0,24242,14,343.55
GB00BD0SFR60,233483521,MOTR,GBP,2021-12-13,337.0,337.0,330.0,332.0,2253,8,332.25
GB00BD0SFR60,233483521,MOTR,GBP,2021-12-14,336.0,336.0,334.0,334.0,148,1,336.0
GB00BD0SFR60,233483521,MOTR,GBP,2021-12-15,343.0,343.0,327.0,331.0,529,3,342.65
GB00BD0SFR60,233483521,MOTR,GBP,2021-12-16,327.0,330.0,325.0,325.0,1226,7,327.85
GB00BD0SFR60,233483521,MOTR,GBP,2021-12-17,327.0,327.0,319.0,319.0,7940,24,324.3
GB00BD0SFR60,233483521,MOTR,GBP,2021-12-20,326.0,326.0,310.0,316.5,4379,19,319.45
GB00BD0SFR60,233483521,MOTR,GBP,2021-12-21,326.0,331.0,322.0,325.0,41203,49,325.25
GB00BD0SFR60,233483521,MOTR,GBP,2021-12-22,314.0,325.0,313.0,325.0,13615,33,317.55
GB00BD0SFR60,233483521,MOTR,GBP,2021-12-23,318.5,325.0,318.5,325.0,19411,15,324.7
GB00BD0SFR60,233483521,MOTR,GBP,2021-12-24,325.0,325.0,322.5,322.5,11774,3,325.0
GB00BD0SFR60,233483521,MOTR,GBP,2021-12-29,316.0,327.0,311.0,327.0,3330,20,319.75
GB00BD0SFR60,233483521,MOTR,GBP,2021-12-30,339.0,349.0,337.5,337.5,2,2,344.0
GB00BD0SFR60,233483521,MOTR,GBP,2021-12-31,350.0,350.0,350.0,350.0,52,1,350.0
GB00BD0SFR60,233483521,MOTR,GBP,2022-01-04,341.0,343.0,330.0,335.0,23541,40,334.55
GB00BD0SFR60,233483521,MOTR,GBP,2022-01-05,336.0,339.5,324.0,324.0,11202,34,332.4
GB00BD0SFR60,233483521,MOTR,GBP,2022-01-06,332.0,337.0,325.0,334.0,2069,13,331.4
GB00BD0SFR60,233483521,MOTR,GBP,2022-01-07,322.0,337.0,322.0,331.0,94,5,326.25
GB00BD0SFR60,233483521,MOTR,GBP,2022-01-10,324.0,341.0,323.0,334.0,7009,42,325.75
GB00BD0SFR60,233483521,MOTR,GBP,2022-01-11,334.5,334.5,320.0,327.5,472,5,320.75
GB00BD0SFR60,233483521,MOTR,GBP,2022-01-12,325.0,325.0,308.0,318.0,50495,51,319.9
GB00BD0SFR60,233483521,MOTR,GBP,2022-01-13,316.0,330.0,312.0,322.0,20407,55,319.05
GB00BD0SFR60,233483521,MOTR,GBP,2022-01-14,323.0,324.0,308.0,308.0,2085,17,313.3
GB00BD0SFR60,233483521,MOTR,GBP,2022-01-17,323.0,323.0,310.0,317.0,27,2,319.65
GB00BD0SFR60,233483521,MOTR,GBP,2022-01-18,311.0,314.0,306.0,309.0,9553,28,309.85
GB00BD0SFR60,233483521,MOTR,GBP,2022-01-19,322.0,322.0,309.0,309.0,18924,39,315.55
GB00BD0SFR60,233483521,MOTR,GBP,2022-01-20,312.0,321.0,300.0,321.0,29778,32,306.45
GB00BD0SFR60,233483521,MOTR,GBP,2022-01-21,314.0,315.0,291.0,300.0,49035,51,301.2
GB00BD0SFR60,233483521,MOTR,GBP,2022-01-24,302.0,302.0,283.0,287.0,172716,311,291.1
GB00BD0SFR60,233483521,MOTR,GBP,2022-01-25,287.0,296.0,278.0,295.0,52824,115,281.35
GB00BD0SFR60,233483521,MOTR,GBP,2022-01-26,297.0,297.0,280.0,297.0,28823,53,286.5
GB00BD0SFR60,233483521,MOTR,GBP,2022-01-27,294.0,299.0,288.0,292.0,5036,17,291.65
GB00BD0SFR60,233483521,MOTR,GBP,2022-01-28,301.0,303.0,285.0,288.0,28194,48,292.45
GB00BD0SFR60,233483521,MOTR,GBP,2022-01-31,296.0,301.0,290.0,300.0,6582,17,292.45
GB00BD0SFR60,233483521,MOTR,GBP,2022-02-01,300.0,300.0,295.0,296.0,3850,16,297.15
GB00BD0SFR60,233483521,MOTR,GBP,2022-02-02,298.0,300.0,296.0,298.0,25073,35,299.15
GB00BD0SFR60,233483521,MOTR,GBP,2022-02-03,295.0,305.0,295.0,295.0,24865,42,297.45
GB00BD0SFR60,233483521,MOTR,GBP,2022-02-04,295.0,296.0,289.0,296.0,23297,41,294.05
GB00BD0SFR60,233483521,MOTR,GBP,2022-02-07,296.0,296.0,290.0,292.0,14615,41,293.7
GB00BD0SFR60,233483521,MOTR,GBP,2022-02-08,298.0,298.0,272.0,277.0,15206,59,283.95
GB00BD0SFR60,233483521,MOTR,GBP,2022-02-09,285.5,293.0,277.0,293.0,26472,52,283.85
GB00BD0SFR60,233483521,MOTR,GBP,2022-02-10,295.0,296.0,287.0,296.0,13237,35,293.15
GB00BD0SFR60,233483521,MOTR,GBP,2022-02-11,295.0,295.0,289.0,295.0,27273,31,294.6
GB00BD0SFR60,233483521,MOTR,GBP,2022-02-14,290.0,295.0,287.0,290.0,14768,66,290.85
GB00BD0SFR60,233483521,MOTR,GBP,2022-02-15,293.0,293.0,290.0,290.0,2990,9,290.3
GB00BD0SFR60,233483521,MOTR,GBP,2022-02-16,291.0,299.0,290.0,299.0,9630,32,293.75
GB00BD0SFR60,233483521,MOTR,GBP,2022-02-17,300.0,307.0,300.0,300.0,3081,9,300.55
GB00BD0SFR60,233483521,MOTR,GBP,2022-02-18,308.0,314.0,302.0,314.0,31677,71,308.8
GB00BD0SFR60,233483521,MOTR,GBP,2022-02-21,320.0,320.0,304.0,308.0,9479,21,307.25
GB00BD0SFR60,233483521,MOTR,GBP,2022-02-22,312.0,312.0,297.0,304.0,6006,16,305.05
GB00BD0SFR60,233483521,MOTR,GBP,2022-02-23,295.0,300.0,291.0,295.0,18616,327,295.2
GB00BD0SFR60,233483521,MOTR,GBP,2022-02-24,303.0,303.0,289.0,295.0,28656,58,295.65
GB00BD0SFR60,233483521,MOTR,GBP,2022-02-25,295.0,296.0,291.0,296.0,21226,14,295.9
GB00BD0SFR60,233483521,MOTR,GBP,2022-02-28,292.0,293.0,285.0,290.0,7937,22,289.4
GB00BD0SFR60,233483521,MOTR,GBP,2022-03-01,295.0,296.0,290.0,290.5,1397,6,293.75
GB00BD0SFR60,233483521,MOTR,GBP,2022-03-02,294.0,296.0,287.0,296.0,1528,5,294.15
GB00BD0SFR60,233483521,MOTR,GBP,2022-03-03,288.0,308.0,288.0,298.0,36728,37,296.0
GB00BD0SFR60,233483521,MOTR,GBP,2022-03-04,292.0,296.0,288.0,296.0,14570,11,291.6
GB00BD0SFR60,233483521,MOTR,GBP,2022-03-07,293.0,293.0,273.0,277.0,21731,42,279.55
GB00BD0SFR60,233483521,MOTR,GBP,2022-03-08,279.0,281.0,275.0,280.0,3075,11,279.4
GB00BD0SFR60,233483521,MOTR,GBP,2022-03-09,283.0,290.0,277.0,277.0,28071,45,285.7
GB00BD0SFR60,233483521,MOTR,GBP,2022-03-10,284.0,284.0,272.0,281.0,1090,7,272.75
GB00BD0SFR60,233483521,MOTR,GBP,2022-03-11,284.0,284.0,282.0,282.0,12473,10,283.0
GB00BD0SFR60,233483521,MOTR,GBP,2022-03-14,277.0,283.0,276.0,283.0,912,4,276.35
GB00BD0SFR60,233483521,MOTR,GBP,2022-03-15,280.0,280.0,280.0,280.0,0,0,280.0
GB00BD0SFR60,233483521,MOTR,GBP,2022-03-16,284.0,308.0,284.0,308.0,35193,72,297.95
GB00BD0SFR60,233483521,MOTR,GBP,2022-03-17,308.0,308.0,291.0,305.0,24508,24,302.3
GB00BD0SFR60,233483521,MOTR,GBP,2022-03-18,293.0,300.0,293.0,300.0,148520,38,299.6
GB00BD0SFR60,233483521,MOTR,GBP,2022-03-21,292.0,300.0,291.0,296.0,9546,16,296.55
GB00BD0SFR60,233483521,MOTR,GBP,2022-03-22,292.0,295.0,285.0,295.0,8613,27,290.45
GB00BD0SFR60,233483521,MOTR,GBP,2022-03-23,293.0,293.0,287.5,287.5,40,2,290.3
GB00BD0SFR60,233483521,MOTR,GBP,2022-03-24,285.0,293.0,282.0,285.5,5106,12,283.6
GB00BD0SFR60,233483521,MOTR,GBP,2022-03-25,288.5,288.5,288.5,288.5,0,0,288.5
GB00BD0SFR60,233483521,MOTR,GBP,2022-03-28,293.0,293.0,283.0,289.5,345,3,290.25
GB00BD0SFR60,233483521,MOTR,GBP,2022-03-29,290.0,290.0,277.0,285.0,12075,17,282.8
GB00BD0SFR60,233483521,MOTR,GBP,2022-03-30,283.0,285.0,275.0,285.0,3157,16,278.65
GB00BD0SFR60,233483521,MOTR,GBP,2022-03-31,283.0,283.0,280.0,280.0,1545,2,280.0
GB00BD0SFR60,233483521,MOTR,GBP,2022-04-01,280.0,285.0,275.0,285.0,2671,18,280.55
GB00BD0SFR60,233483521,MOTR,GBP,2022-04-04,283.0,285.0,275.0,275.0,12112,14,283.0
GB00BD0SFR60,233483521,MOTR,GBP,2022-04-05,278.0,279.0,270.0,270.0,8756,15,274.35
GB00BD0SFR60,233483521,MOTR,GBP,2022-04-06,268.0,275.0,262.0,275.0,35781,45,264.55
GB00BD0SFR60,233483521,MOTR,GBP,2022-04-07,273.0,273.0,264.0,265.0,2242,10,265.35
GB00BD0SFR60,233483521,MOTR,GBP,2022-04-08,268.0,268.0,258.0,265.0,6346,7,265.2
GB00BD0SFR60,233483521,MOTR,GBP,2022-04-11,269.0,275.0,268.0,275.0,9415,14,272.85
GB00BD0SFR60,233483521,MOTR,GBP,2022-04-12,262.0,262.0,262.0,262.0,251,1,262.0
GB00BD0SFR60,233483521,MOTR,GBP,2022-04-13,263.0,271.0,256.0,271.0,10030,25,261.24
GB00BD0SFR60,233483521,MOTR,GBP,2022-04-14,262.0,262.0,250.0,250.0,18911,20,259.48
GB00BD0SFR60,233483521,MOTR,GBP,2022-04-19,257.0,263.0,251.0,251.0,1985,10,260.32
GB00BD0SFR60,233483521,MOTR,GBP,2022-04-20,262.6,263.0,260.0,262.6,2946,5,261.84
GB00BD0SFR60,233483521,MOTR,GBP,2022-04-21,259.0,259.0,257.0,257.0,1375,9,257.48
GB00BD0SFR60,233483521,MOTR,GBP,2022-04-22,256.0,260.0,246.0,260.0,12856,43,254.0
GB00BD0SFR60,233483521,MOTR,GBP,2022-04-25,260.0,260.0,252.0,253.0,5089,14,252.46
GB00BD0SFR60,233483521,MOTR,GBP,2022-04-26,251.0,253.6,245.0,249.0,181365,21,252.88
GB00BD0SFR60,233483521,MOTR,GBP,2022-04-27,254.0,255.0,231.0,250.0,23818,35,247.82
GB00BD0SFR60,233483521,MOTR,GBP,2022-04-28,248.0,249.0,248.0,248.0,2303,6,248.22
GB00BD0SFR60,233483521,MOTR,GBP,2022-04-29,253.0,253.0,235.0,242.0,18304,17,243.34
GB00BD0SFR60,233483521,MOTR,GBP,2022-05-03,246.0,252.0,239.0,244.0,85646,87,243.94
GB00BD0SFR60,233483521,MOTR,GBP,2022-05-04,247.0,254.0,239.0,254.0,8495,18,245.26
GB00BD0SFR60,233483521,MOTR,GBP,2022-05-05,239.0,246.0,239.0,244.0,29761,27,242.9
GB00BD0SFR60,233483521,MOTR,GBP,2022-05-06,250.0,250.0,242.0,245.0,23346,10,243.64
GB00BD0SFR60,233483521,MOTR,GBP,2022-05-09,244.0,248.0,238.0,238.0,16814,25,240.32
GB00BD0SFR60,233483521,MOTR,GBP,2022-05-10,239.0,240.0,237.4,240.0,11450,10,239.72
GB00BD0SFR60,233483521,MOTR,GBP,2022-05-11,237.0,247.0,237.0,241.0,24990,45,240.14
GB00BD0SFR60,233483521,MOTR,GBP,2022-05-12,240.0,242.0,235.0,237.0,8372,20,237.24
GB00BD0SFR60,233483521,MOTR,GBP,2022-05-13,240.0,243.0,235.0,238.4,22129,23,239.2
GB00BD0SFR60,233483521,MOTR,GBP,2022-05-16,235.0,240.0,235.0,239.0,13083,27,237.96
GB00BD0SFR60,233483521,MOTR,GBP,2022-05-17,238.0,240.0,238.0,238.0,10378,19,238.52
GB00BD0SFR60,233483521,MOTR,GBP,2022-05-18,239.0,239.0,237.0,238.0,3223,8,238.04
GB00BD0SFR60,233483521,MOTR,GBP,2022-05-19,236.0,236.0,214.0,230.0,38281,37,229.56
GB00BD0SFR60,233483521,MOTR,GBP,2022-05-20,225.0,232.0,224.0,227.0,18783,39,226.9
GB00BD0SFR60,233483521,MOTR,GBP,2022-05-23,224.0,233.0,224.0,232.0,18850,28,230.46
GB00BD0SFR60,233483521,MOTR,GBP,2022-05-24,228.0,230.0,223.0,223.0,13711,15,229.12
GB00BD0SFR60,233483521,MOTR,GBP,2022-05-25,229.0,232.0,225.0,229.0,19253,32,229.16
GB00BD0SFR60,233483521,MOTR,GBP,2022-05-26,230.0,235.0,230.0,235.0,7121,8,231.82
GB00BD0SFR60,233483521,MOTR,GBP,2022-05-27,231.4,234.0,231.0,231.0,19143,27,231.38
GB00BD0SFR60,233483521,MOTR,GBP,2022-05-30,230.0,230.0,230.0,230.0,19023,3,230.0
GB00BD0SFR60,233483521,MOTR,GBP,2022-05-31,230.4,232.0,229.0,230.0,13247,13,230.66
GB00BD0SFR60,233483521,MOTR,GBP,2022-06-01,230.0,232.0,229.0,232.0,4280,8,231.14
GB00BD0SFR60,233483521,MOTR,GBP,2022-06-06,230.0,234.0,223.0,234.0,10057,19,227.86
GB00BD0SFR60,233483521,MOTR,GBP,2022-06-07,230.0,235.0,227.0,232.0,102900,55,232.36
GB00BD0SFR60,233483521,MOTR,GBP,2022-06-08,225.0,233.0,219.0,219.0,11069,32,227.34
GB00BD0SFR60,233483521,MOTR,GBP,2022-06-09,225.0,228.0,225.0,226.4,4827,26,226.08
GB00BD0SFR60,233483521,MOTR,GBP,2022-06-10,224.0,234.0,222.0,226.4,15929,16,227.44
GB00BD0SFR60,233483521,MOTR,GBP,2022-06-13,230.0,230.0,226.0,228.0,21660,19,229.24
GB00BD0SFR60,233483521,MOTR,GBP,2022-06-14,228.0,229.0,225.0,225.4,10406,11,226.62
GB00BD0SFR60,233483521,MOTR,GBP,2022-06-15,194.0,217.0,193.4,213.0,72742,50,203.18
GB00BD0SFR60,233483521,MOTR,GBP,2022-06-16,217.0,217.0,203.0,203.0,23483,30,213.7
GB00BD0SFR60,233483521,MOTR,GBP,2022-06-17,215.0,215.0,210.0,210.0,2315,4,210.12
GB00BD0SFR60,233483521,MOTR,GBP,2022-06-20,211.0,215.0,210.0,215.0,19518,4,214.76
GB00BD0SFR60,233483521,MOTR,GBP,2022-06-21,213.0,216.0,210.0,210.0,1826,6,211.82
GB00BD0SFR60,233483521,MOTR,GBP,2022-06-22,208.0,208.0,196.0,198.0,49132,36,201.86
GB00BD0SFR60,233483521,MOTR,GBP,2022-06-23,195.0,199.0,190.0,191.4,3654,16,192.38
GB00BD0SFR60,233483521,MOTR,GBP,2022-06-24,195.0,195.0,190.4,195.0,9469,13,192.94
GB00BD0SFR60,233483521,MOTR,GBP,2022-06-27,195.4,200.0,195.0,195.0,4413,17,195.96
GB00BD0SFR60,233483521,MOTR,GBP,2022-06-28,194.0,205.0,194.0,194.0,12797,13,196.2
GB00BD0SFR60,233483521,MOTR,GBP,2022-06-29,197.0,203.0,194.0,195.0,6585,11,195.1
GB00BD0SFR60,233483521,MOTR,GBP,2022-06-30,195.0,197.8,194.4,194.4,6326,6,197.08
GB00BD0SFR60,233483521,MOTR,GBP,2022-07-01,194.4,195.0,194.4,194.4,9189,7,194.5
GB00BD0SFR60,233483521,MOTR,GBP,2022-07-04,195.0,197.0,194.0,197.0,47573,21,194.98
GB00BD0SFR60,233483521,MOTR,GBP,2022-07-05,195.0,195.8,190.0,190.0,117281,63,193.56
GB00BD0SFR60,233483521,MOTR,GBP,2022-07-06,195.0,195.0,187.0,193.4,38534,24,191.18
GB00BD0SFR60,233483521,MOTR,GBP,2022-07-07,195.2,199.0,194.4,195.0,114592,50,196.08
GB00BD0SFR60,233483521,MOTR,GBP,2022-07-08,194.0,195.0,188.4,188.6,24,4,193.3
GB00BD0SFR60,233483521,MOTR,GBP,2022-07-11,194.4,195.0,190.0,194.2,20844,18,194.56
GB00BD0SFR60,233483521,MOTR,GBP,2022-07-12,192.0,192.0,190.0,190.0,1045,3,190.0
GB00BD0SFR60,233483521,MOTR,GBP,2022-07-13,190.0,192.2,190.0,192.2,2218,7,190.1
GB00BD0SFR60,233483521,MOTR,GBP,2022-07-14,194.0,194.0,192.8,192.8,5409,9,193.68
GB00BD0SFR60,233483521,MOTR,GBP,2022-07-15,193.0,193.2,193.0,193.2,378,1,193.0
GB00BD0SFR60,233483521,MOTR,GBP,2022-07-18,193.0,195.0,193.0,193.0,42627,6,193.0
GB00BD0SFR60,233483521,MOTR,GBP,2022-07-19,195.0,195.0,193.4,194.0,1229,2,194.92
GB00BD0SFR60,233483521,MOTR,GBP,2022-07-20,195.0,195.0,193.0,195.0,94719,37,194.1
GB00BD0SFR60,233483521,MOTR,GBP,2022-07-21,195.0,195.0,193.0,193.0,25811,16,194.92
GB00BD0SFR60,233483521,MOTR,GBP,2022-07-22,193.0,195.0,193.0,193.0,1114,3,193.08
GB00BD0SFR60,233483521,MOTR,GBP,2022-07-25,193.0,193.0,192.0,192.0,35335,3,192.96
GB00BD0SFR60,233483521,MOTR,GBP,2022-07-26,195.0,195.0,192.0,192.0,20167,4,192.02
GB00BD0SFR60,233483521,MOTR,GBP,2022-07-27,192.0,193.4,192.0,193.4,31691,7,192.08
GB00BD0SFR60,233483521,MOTR,GBP,2022-07-28,194.0,195.0,192.0,195.0,8997,15,194.74
GB00BD0SFR60,233483521,MOTR,GBP,2022-07-29,194.4,195.0,192.0,195.0,2687,7,195.0
GB00BD0SFR60,233483521,MOTR,GBP,2022-08-01,196.8,200.0,195.0,195.0,25078,13,195.6
GB00BD0SFR60,233483521,MOTR,GBP,2022-08-02,195.0,195.0,194.4,195.0,78653,33,195.0
GB00BD0SFR60,233483521,MOTR,GBP,2022-08-03,195.0,195.0,194.4,195.0,61540,15,195.0
GB00BD0SFR60,233483521,MOTR,GBP,2022-08-04,195.0,195.6,194.0,194.2,46598,20,194.98
GB00BD0SFR60,233483521,MOTR,GBP,2022-08-05,195.0,195.0,192.0,193.4,31373,16,192.22
GB00BD0SFR60,233483521,MOTR,GBP,2022-08-08,192.4,195.0,192.0,192.0,54264,62,194.8
GB00BD0SFR60,233483521,MOTR,GBP,2022-08-09,192.0,195.0,192.0,192.0,47789,18,193.96
GB00BD0SFR60,233483521,MOTR,GBP,2022-08-10,192.0,198.0,192.0,195.0,42252,18,195.06
GB00BD0SFR60,233483521,MOTR,GBP,2022-08-11,192.0,198.0,192.0,196.4,1106,9,194.42
GB00BD0SFR60,233483521,MOTR,GBP,2022-08-12,198.0,198.0,197.0,197.0,2697,6,197.36
GB00BD0SFR60,233483521,MOTR,GBP,2022-08-15,197.4,197.6,197.2,197.2,40,1,197.5
GB00BD0SFR60,233483521,MOTR,GBP,2022-08-16,196.0,198.0,195.0,195.4,15243,19,196.5
GB00BD0SFR60,233483521,MOTR,GBP,2022-08-17,196.4,198.0,196.4,197.0,3997,6,197.3
GB00BD0SFR60,233483521,MOTR,GBP,2022-08-18,198.0,205.0,198.0,199.4,25919,26,198.08
GB00BD0SFR60,233483521,MOTR,GBP,2022-08-19,197.0,197.0,193.0,196.2,21537,24,195.16
GB00BD0SFR60,233483521,MOTR,GBP,2022-08-22,199.0,199.0,199.0,199.0,673,1,199.0
GB00BD0SFR60,233483521,MOTR,GBP,2022-08-23,195.0,199.0,195.0,195.0,4346,12,195.14
GB00BD0SFR60,233483521,MOTR,GBP,2022-08-24,196.8,196.8,196.8,196.8,0,0,196.8
GB00BD0SFR60,233483521,MOTR,GBP,2022-08-25,199.0,200.0,196.0,199.0,4769,14,199.0
GB00BD0SFR60,233483521,MOTR,GBP,2022-08-26,197.0,200.0,195.0,195.8,116294,62,195.14
GB00BD0SFR60,233483521,MOTR,GBP,2022-08-30,196.0,197.0,194.4,195.8,2502,3,196.6
GB00BD0SFR60,233483521,MOTR,GBP,2022-08-31,197.6,197.6,197.6,197.6,0,0,197.6
GB00BD0SFR60,233483521,MOTR,GBP,2022-09-01,195.0,195.0,195.0,195.0,120,1,195.0
GB00BD0SFR60,233483521,MOTR,GBP,2022-09-02,195.4,195.6,195.0,195.2,1766,4,195.0
GB00BD0SFR60,233483521,MOTR,GBP,2022-09-05,195.4,200.0,194.0,195.8,4349,5,194.56
GB00BD0SFR60,233483521,MOTR,GBP,2022-09-06,197.4,198.0,197.4,198.0,135,2,197.8
GB00BD0SFR60,233483521,MOTR,GBP,2022-09-07,195.0,195.0,194.4,195.0,11244,16,194.98
GB00BD0SFR60,233483521,MOTR,GBP,2022-09-08,193.4,195.0,193.0,195.0,3327,9,193.56
GB00BD0SFR60,233483521,MOTR,GBP,2022-09-09,200.0,200.0,192.4,192.6,6926,21,195.34
GB00BD0SFR60,233483521,MOTR,GBP,2022-09-12,196.0,199.6,194.0,194.0,2216,11,195.9
GB00BD0SFR60,233483521,MOTR,GBP,2022-09-13,195.0,195.0,192.4,192.6,15635,20,194.46
GB00BD0SFR60,233483521,MOTR,GBP,2022-09-14,194.4,195.0,192.4,195.0,9834,8,193.12
GB00BD0SFR60,233483521,MOTR,GBP,2022-09-15,197.4,197.6,192.0,197.0,4952,9,193.9
GB00BD0SFR60,233483521,MOTR,GBP,2022-09-16,192.0,192.0,186.4,186.4,122039,19,189.88
GB00BD0SFR60,233483521,MOTR,GBP,2022-09-20,187.0,187.0,185.4,187.0,1045,6,186.58
GB00BD0SFR60,233483521,MOTR,GBP,2022-09-21,189.6,190.0,187.0,190.0,1589,7,187.66
GB00BD0SFR60,233483521,MOTR,GBP,2022-09-22,187.0,187.8,185.0,185.0,104572,17,185.04
GB00BD0SFR60,233483521,MOTR,GBP,2022-09-23,183.4,185.0,180.4,183.2,5582,15,184.0
GB00BD0SFR60,233483521,MOTR,GBP,2022-09-26,180.0,185.0,180.0,185.0,67162,4,180.02
GB00BD0SFR60,233483521,MOTR,GBP,2022-09-27,184.4,184.6,180.0,181.4,21581,18,181.98
GB00BD0SFR60,233483521,MOTR,GBP,2022-09-28,179.8,181.6,178.0,180.0,2847,9,179.86
GB00BD0SFR60,233483521,MOTR,GBP,2022-09-29,181.0,181.0,177.0,180.0,11580,10,177.64
GB00BD0SFR60,233483521,MOTR,GBP,2022-09-30,177.0,179.0,177.0,179.0,1900,10,178.02
GB00BD0SFR60,233483521,MOTR,GBP,2022-10-03,178.4,180.0,177.0,177.0,29041,20,177.98
GB00BD0SFR60,233483521,MOTR,GBP,2022-10-04,180.0,180.0,179.0,180.0,8289,30,179.84
GB00BD0SFR60,233483521,MOTR,GBP,2022-10-05,180.0,180.0,178.4,178.6,1829,5,179.4
GB00BD0SFR60,233483521,MOTR,GBP,2022-10-06,171.0,171.0,148.0,148.0,693417,75,151.76
GB00BD0SFR60,233483521,MOTR,GBP,2022-10-07,150.0,150.8,147.4,148.0,542556,45,150.58
GB00BD0SFR60,233483521,MOTR,GBP,2022-10-10,148.0,152.0,148.0,151.0,133931,49,151.72
GB00BD0SFR60,233483521,MOTR,GBP,2022-10-11,149.4,152.0,149.0,149.0,132271,27,150.2
GB00BD0SFR60,233483521,MOTR,GBP,2022-10-12,152.4,155.0,149.0,149.6,38400,34,150.86
GB00BD0SFR60,233483521,MOTR,GBP,2022-10-13,150.4,150.6,149.0,150.0,6215,4,150.3
GB00BD0SFR60,233483521,MOTR,GBP,2022-10-14,150.0,152.0,149.4,150.0,411497,41,150.6
GB00BD0SFR60,233483521,MOTR,GBP,2022-10-17,150.0,150.0,148.0,148.6,4181,6,148.74
GB00BD0SFR60,233483521,MOTR,GBP,2022-10-18,147.4,150.0,146.4,146.6,2798,6,149.0
GB00BD0SFR60,233483521,MOTR,GBP,2022-10-19,148.0,148.6,148.0,148.6,3621,4,148.24
GB00BD0SFR60,233483521,MOTR,GBP,2022-10-20,148.0,148.0,146.0,146.0,371257,23,146.08
GB00BD0SFR60,233483521,MOTR,GBP,2022-10-21,144.0,144.0,142.0,142.0,2243,6,143.52
GB00BD0SFR60,233483521,MOTR,GBP,2022-10-24,141.0,141.0,140.0,140.0,4779,10,140.96
GB00BD0SFR60,233483521,MOTR,GBP,2022-10-25,140.6,141.0,140.0,140.6,20810,9,140.02
GB00BD0SFR60,233483521,MOTR,GBP,2022-10-26,140.6,150.0,140.4,143.0,197892,33,144.52
GB00BD0SFR60,233483521,MOTR,GBP,2022-10-27,144.0,151.0,142.0,147.0,12796,18,143.42
GB00BD0SFR60,233483521,MOTR,GBP,2022-10-28,145.0,146.6,144.0,146.6,41860,32,145.16
GB00BD0SFR60,233483521,MOTR,GBP,2022-10-31,144.6,144.6,144.6,144.6,0,0,144.6
GB00BD0SFR60,233483521,MOTR,GBP,2022-11-01,143.0,145.0,143.0,143.0,875285,113,143.6
GB00BD0SFR60,233483521,MOTR,GBP,2022-11-02,146.0,149.6,146.0,149.0,15455,21,148.76
GB00BD0SFR60,233483521,MOTR,GBP,2022-11-03,148.4,151.0,148.0,148.0,209555,31,148.96
GB00BD0SFR60,233483521,MOTR,GBP,2022-11-04,147.0,149.0,146.0,147.0,27335,14,147.32
GB00BD0SFR60,233483521,MOTR,GBP,2022-11-07,147.0,149.0,147.0,147.0,176424,11,147.0
GB00BD0SFR60,233483521,MOTR,GBP,2022-11-08,146.0,146.0,146.0,146.0,0,0,146.0
GB00BD0SFR60,233483521,MOTR,GBP,2022-11-09,146.0,146.0,146.0,146.0,55,1,146.0
GB00BD0SFR60,233483521,MOTR,GBP,2022-11-10,152.0,152.0,147.0,152.0,1532,4,147.78
GB00BD0SFR60,233483521,MOTR,GBP,2022-11-11,153.0,158.0,146.0,158.0,11342,10,153.76
GB00BD0SFR60,233483521,MOTR,GBP,2022-11-14,157.0,157.6,155.0,157.0,296167,51,157.06
GB00BD0SFR60,233483521,MOTR,GBP,2022-11-15,159.0,159.6,150.0,155.0,9445,10,155.1
GB00BD0SFR60,233483521,MOTR,GBP,2022-11-16,155.0,163.0,155.0,157.0,8845,6,156.2
GB00BD0SFR60,233483521,MOTR,GBP,2022-11-17,154.0,157.0,154.0,157.0,205,2,154.0
GB00BD0SFR60,233483521,MOTR,GBP,2022-11-18,162.6,162.6,153.0,153.0,1945,7,156.62
GB00BD0SFR60,233483521,MOTR,GBP,2022-11-21,158.0,158.0,158.0,158.0,0,0,158.0
GB00BD0SFR60,233483521,MOTR,GBP,2022-11-22,157.0,157.0,157.0,157.0,87151,6,157.0
GB00BD0SFR60,233483521,MOTR,GBP,2022-11-23,153.4,162.0,153.4,154.0,11232,3,153.94
GB00BD0SFR60,233483521,MOTR,GBP,2022-11-24,152.0,157.0,151.0,156.0,7138,10,152.02
GB00BD0SFR60,233483521,MOTR,GBP,2022-11-25,157.4,164.0,155.0,157.0,97229,44,157.1
GB00BD0SFR60,233483521,MOTR,GBP,2022-11-28,156.0,158.0,155.4,157.0,8956,7,157.0
GB00BD0SFR60,233483521,MOTR,GBP,2022-11-29,155.0,155.0,150.0,150.0,15445,3,150.1
GB00BD0SFR60,233483521,MOTR,GBP,2022-11-30,151.0,159.0,151.0,155.0,70795,33,156.38
GB00BD0SFR60,233483521,MOTR,GBP,2022-12-01,156.0,156.0,153.0,153.6,30467,31,154.04
GB00BD0SFR60,233483521,MOTR,GBP,2022-12-02,153.0,157.6,153.0,157.0,2047,15,155.6
GB00BD0SFR60,233483521,MOTR,GBP,2022-12-05,156.4,156.6,149.0,150.6,5786,12,151.18
GB00BD0SFR60,233483521,MOTR,GBP,2022-12-06,152.0,154.0,149.0,154.0,38238,13,150.32
GB00BD0SFR60,233483521,MOTR,GBP,2022-12-07,152.4,152.6,152.4,152.6,4104,2,152.5
GB00BD0SFR60,233483521,MOTR,GBP,2022-12-08,155.0,155.0,155.0,155.0,105,1,155.0
GB00BD0SFR60,233483521,MOTR,GBP,2022-12-09,150.6,150.6,150.6,150.6,0,0,150.6
GB00BD0SFR60,233483521,MOTR,GBP,2022-12-12,152.0,155.0,152.0,152.0,198,6,152.36
GB00BD0SFR60,233483521,MOTR,GBP,2022-12-13,155.0,155.6,149.4,151.0,106474,46,154.28
GB00BD0SFR60,233483521,MOTR,GBP,2022-12-14,149.0,149.6,148.0,148.8,7807,11,149.08
GB00BD0SFR60,233483521,MOTR,GBP,2022-12-15,149.0,153.0,149.0,153.0,64,4,149.94
GB00BD0SFR60,233483521,MOTR,GBP,2022-12-16,148.4,148.6,148.0,148.0,11692,3,148.12
GB00BD0SFR60,233483521,MOTR,GBP,2022-12-19,148.4,148.6,148.4,148.6,232,1,148.5
GB00BD0SFR60,233483521,MOTR,GBP,2022-12-20,145.4,150.0,145.0,147.6,10021,14,145.02
GB00BD0SFR60,233483521,MOTR,GBP,2022-12-21,145.0,147.0,145.0,145.0,45531,16,145.16
GB00BD0SFR60,233483521,MOTR,GBP,2022-12-22,145.0,150.0,145.0,145.0,64757,64,145.04
GB00BD0SFR60,233483521,MOTR,GBP,2022-12-23,145.0,146.0,142.4,146.0,114686,27,145.0
GB00BD0SFR60,233483521,MOTR,GBP,2022-12-28,148.4,148.6,145.0,145.0,7221,14,146.94
GB00BD0SFR60,233483521,MOTR,GBP,2022-12-29,145.0,145.2,143.4,145.2,914,2,144.9
GB00BD0SFR60,233483521,MOTR,GBP,2022-12-30,148.0,148.0,145.0,145.0,15422,2,145.0
GB00BD0SFR60,233483521,MOTR,GBP,2023-01-03,144.4,144.6,144.4,144.6,343,1,144.5
GB00BD0SFR60,233483521,MOTR,GBP,2023-01-04,146.4,147.4,144.4,145.0,9820,15,145.1
GB00BD0SFR60,233483521,MOTR,GBP,2023-01-05,145.0,145.0,142.4,142.6,3715,9,144.4
GB00BD0SFR60,233483521,MOTR,GBP,2023-01-06,145.0,145.0,145.0,145.0,21,1,145.0
GB00BD0SFR60,233483521,MOTR,GBP,2023-01-09,142.6,142.6,142.4,142.6,342,3,142.5
GB00BD0SFR60,233483521,MOTR,GBP,2023-01-10,141.0,143.0,141.0,143.0,1614,6,141.76
GB00BD0SFR60,233483521,MOTR,GBP,2023-01-11,141.6,145.0,141.4,143.0,4391,10,143.42
GB00BD0SFR60,233483521,MOTR,GBP,2023-01-12,142.0,145.0,142.0,145.0,21956,17,143.22
GB00BD0SFR60,233483521,MOTR,GBP,2023-01-13,142.6,145.0,142.0,145.0,27633,31,144.94
GB00BD0SFR60,233483521,MOTR,GBP,2023-01-16,141.6,145.0,141.4,145.0,15711,6,144.74
GB00BD0SFR60,233483521,MOTR,GBP,2023-01-17,145.0,145.0,142.4,143.0,45776,57,144.92
GB00BD0SFR60,233483521,MOTR,GBP,2023-01-18,145.0,145.0,145.0,145.0,20741,12,145.0
GB00BD0SFR60,233483521,MOTR,GBP,2023-01-19,142.6,145.0,141.0,145.0,20585,12,141.3
GB00BD0SFR60,233483521,MOTR,GBP,2023-01-20,145.0,145.0,143.0,144.6,66699,24,144.6
GB00BD0SFR60,233483521,MOTR,GBP,2023-01-23,145.0,146.0,142.0,145.0,218960,73,144.96
GB00BD0SFR60,233483521,MOTR,GBP,2023-01-24,145.0,145.0,143.0,145.0,54301,22,145.0
GB00BD0SFR60,233483521,MOTR,GBP,2023-01-25,144.0,145.0,144.0,145.0,65973,28,144.8
GB00BD0SFR60,233483521,MOTR,GBP,2023-01-26,146.0,149.0,145.0,145.0,16801,8,145.02
GB00BD0SFR60,233483521,MOTR,GBP,2023-01-27,140.6,147.0,139.4,144.0,29990,62,140.46
GB00BD0SFR60,233483521,MOTR,GBP,2023-01-30,143.0,143.0,141.0,141.0,7137,4,141.12
GB00BD0SFR60,233483521,MOTR,GBP,2023-01-31,143.0,145.0,140.0,140.0,46813,22,142.66
GB00BD0SFR60,233483521,MOTR,GBP,2023-02-01,149.0,149.0,142.4,142.6,60359,18,144.86
GB00BD0SFR60,233483521,MOTR,GBP,2023-02-02,146.0,148.6,140.0,141.0,91047,43,145.94
GB00BD0SFR60,233483521,MOTR,GBP,2023-02-03,144.6,144.6,142.4,142.6,1011,6,142.88
GB00BD0SFR60,233483521,MOTR,GBP,2023-02-06,146.6,148.0,141.0,141.0,368633,44,145.32
GB00BD0SFR60,233483521,MOTR,GBP,2023-02-07,148.0,148.0,144.4,145.0,169023,26,145.0
GB00BD0SFR60,233483521,MOTR,GBP,2023-02-08,145.6,145.6,142.4,142.6,25622,5,145.18
GB00BD0SFR60,233483521,MOTR,GBP,2023-02-09,140.0,145.6,140.0,141.0,11226,4,142.84
GB00BD0SFR60,233483521,MOTR,GBP,2023-02-10,146.6,146.6,146.6,146.6,0,0,146.6
GB00BD0SFR60,233483521,MOTR,GBP,2023-02-13,145.0,145.0,145.0,145.0,13491,2,145.0
GB00BD0SFR60,233483521,MOTR,GBP,2023-02-14,144.0,144.6,142.0,143.0,3003,5,144.32
GB00BD0SFR60,233483521,MOTR,GBP,2023-02-15,143.0,145.0,143.0,145.0,1881,4,143.8
GB00BD0SFR60,233483521,MOTR,GBP,2023-02-16,144.6,145.6,143.4,143.8,20771,18,144.32
GB00BD0SFR60,233483521,MOTR,GBP,2023-02-17,143.6,145.0,143.4,145.0,2027,2,143.8
GB00BD0SFR60,233483521,MOTR,GBP,2023-02-20,146.0,146.0,143.0,143.0,5024,10,144.94
GB00BD0SFR60,233483521,MOTR,GBP,2023-02-21,143.0,143.0,143.0,143.0,1,1,143.0
GB00BD0SFR60,233483521,MOTR,GBP,2023-02-22,144.0,144.6,144.0,144.6,5541,11,144.44
GB00BD0SFR60,233483521,MOTR,GBP,2023-02-23,143.0,143.0,140.0,142.2,34678,25,142.72
GB00BD0SFR60,233483521,MOTR,GBP,2023-02-24,142.6,143.0,141.2,143.0,1555,3,142.04
GB00BD0SFR60,233483521,MOTR,GBP,2023-02-27,143.0,143.0,143.0,143.0,48,1,143.0
GB00BD0SFR60,233483521,MOTR,GBP,2023-02-28,140.0,142.0,140.0,141.0,9132,13,141.62
GB00BD0SFR60,233483521,MOTR,GBP,2023-03-01,140.0,141.6,140.0,140.0,18097,27,140.72
GB00BD0SFR60,233483521,MOTR,GBP,2023-03-02,140.0,140.0,139.4,140.0,81137,16,140.0
GB00BD0SFR60,233483521,MOTR,GBP,2023-03-03,139.6,141.0,139.4,140.0,87077,50,140.06
GB00BD0SFR60,233483521,MOTR,GBP,2023-03-06,140.0,142.0,140.0,141.6,48213,48,140.58
GB00BD0SFR60,233483521,MOTR,GBP,2023-03-07,141.0,142.0,140.0,140.0,80983,34,140.06
GB00BD0SFR60,233483521,MOTR,GBP,2023-03-08,140.0,141.6,140.0,140.0,8784,7,141.16
GB00BD0SFR60,233483521,MOTR,GBP,2023-03-09,139.0,140.0,137.4,139.0,8568,24,139.34
GB00BD0SFR60,233483521,MOTR,GBP,2023-03-10,138.0,140.0,138.0,138.0,17052,19,138.1
GB00BD0SFR60,233483521,MOTR,GBP,2023-03-13,138.0,139.0,135.4,136.0,66499,57,136.7
GB00BD0SFR60,233483521,MOTR,GBP,2023-03-14,138.0,138.0,135.0,135.4,37246,80,136.36
GB00BD0SFR60,233483521,MOTR,GBP,2023-03-15,138.0,138.0,132.4,136.0,24965,55,134.98
GB00BD0SFR60,233483521,MOTR,GBP,2023-03-16,139.0,139.0,134.0,136.0,21433,38,136.18
GB00BD0SFR60,233483521,MOTR,GBP,2023-03-17,136.0,136.0,132.0,132.0,28213,15,133.84
GB00BD0SFR60,233483521,MOTR,GBP,2023-03-20,132.0,135.6,132.0,133.0,12973,9,132.36
GB00BD0SFR60,233483521,MOTR,GBP,2023-03-21,136.0,139.6,134.4,134.4,35785,10,134.54
GB00BD0SFR60,233483521,MOTR,GBP,2023-03-22,133.0,134.6,133.0,133.6,207,5,134.24
GB00BD0SFR60,233483521,MOTR,GBP,2023-03-23,136.0,136.0,135.0,135.0,1056,2,135.4
GB00BD0SFR60,233483521,MOTR,GBP,2023-03-24,136.2,136.4,135.0,135.0,2806,2,135.16
GB00BD0SFR60,233483521,MOTR,GBP,2023-03-27,135.0,139.0,134.0,134.0,1993,7,134.96
GB00BD0SFR60,233483521,MOTR,GBP,2023-03-28,137.0,137.0,135.0,135.0,4259,9,135.92
GB00BD0SFR60,233483521,MOTR,GBP,2023-03-29,135.0,139.0,134.0,135.0,64397,15,134.92
GB00BD0SFR60,233483521,MOTR,GBP,2023-03-30,133.4,135.0,132.4,133.4,8992,15,133.22
GB00BD0SFR60,233483521,MOTR,GBP,2023-03-31,134.0,135.0,134.0,135.0,306,5,134.22
GB00BD0SFR60,233483521,MOTR,GBP,2023-04-03,139.0,139.0,135.6,135.6,244,2,139.0
GB00BD0SFR60,233483521,MOTR,GBP,2023-04-04,134.4,139.0,130.0,130.0,19276,19,130.96
GB00BD0SFR60,233483521,MOTR,GBP,2023-04-05,130.4,131.0,130.0,131.0,11805,10,130.44
GB00BD0SFR60,233483521,MOTR,GBP,2023-04-06,129.4,134.6,129.4,134.6,19272,17,131.0
GB00BD0SFR60,233483521,MOTR,GBP,2023-04-11,139.0,139.0,132.0,134.0,25260,31,134.12
GB00BD0SFR60,233483521,MOTR,GBP,2023-04-12,136.0,139.0,132.2,132.2,2631,5,135.94
GB00BD0SFR60,233483521,MOTR,GBP,2023-04-13,130.0,134.0,130.0,133.0,9683,12,131.42
GB00BD0SFR60,233483521,MOTR,GBP,2023-04-14,131.0,133.6,131.0,133.4,830,2,133.22
GB00BD0SFR60,233483521,MOTR,GBP,2023-04-17,133.0,133.0,133.0,133.0,0,0,133.0
GB00BD0SFR60,233483521,MOTR,GBP,2023-04-18,133.0,133.0,131.0,131.0,2919,6,131.58
GB00BD0SFR60,233483521,MOTR,GBP,2023-04-19,135.0,135.0,135.0,135.0,0,0,135.0
GB00BD0SFR60,233483521,MOTR,GBP,2023-04-20,130.4,136.6,130.4,136.6,22,2,130.5
GB00BD0SFR60,233483521,MOTR,GBP,2023-04-21,134.0,135.6,132.4,132.4,5095,6,134.32
GB00BD0SFR60,233483521,MOTR,GBP,2023-04-24,132.4,140.0,132.4,135.4,77514,57,137.84
GB00BD0SFR60,233483521,MOTR,GBP,2023-04-25,136.0,137.0,133.0,135.2,9727,10,135.4
GB00BD0SFR60,233483521,MOTR,GBP,2023-04-26,139.0,139.0,137.0,137.0,86,2,137.14
GB00BD0SFR60,233483521,MOTR,GBP,2023-04-27,135.0,135.0,135.0,135.0,0,0,135.0
GB00BD0SFR60,233483521,MOTR,GBP,2023-04-28,140.0,140.0,134.0,135.0,10513,7,136.12
GB00BD0SFR60,233483521,MOTR,GBP,2023-05-02,136.0,136.0,131.0,133.4,12,2,131.42
GB00BD0SFR60,233483521,MOTR,GBP,2023-05-03,134.0,134.6,132.0,132.0,12761,15,132.88
GB00BD0SFR60,233483521,MOTR,GBP,2023-05-04,135.0,135.0,134.0,134.0,1183,2,134.8
GB00BD0SFR60,233483521,MOTR,GBP,2023-05-05,135.0,135.0,135.0,135.0,1079,1,135.0
GB00BD0SFR60,233483521,MOTR,GBP,2023-05-09,136.0,136.0,130.0,130.0,4801,2,135.38
GB00BD0SFR60,233483521,MOTR,GBP,2023-05-10,130.0,132.4,130.0,132.4,5974,1,130.0
GB00BD0SFR60,233483521,MOTR,GBP,2023-05-11,132.4,133.0,132.4,133.0,64105,4,132.54
GB00BD0SFR60,233483521,MOTR,GBP,2023-05-12,132.4,133.6,132.4,133.0,31570,5,132.5
GB00BD0SFR60,233483521,MOTR,GBP,2023-05-15,132.0,132.0,131.4,131.4,70,2,131.64
GB00BD0SFR60,233483521,MOTR,GBP,2023-05-16,133.0,133.0,131.0,131.0,16,2,132.38
GB00BD0SFR60,233483521,MOTR,GBP,2023-05-17,130.0,130.0,129.4,130.0,40183,44,129.94
GB00BD0SFR60,233483521,MOTR,GBP,2023-05-18,131.0,133.6,131.0,133.4,9083,4,131.28
GB00BD0SFR60,233483521,MOTR,GBP,2023-05-19,132.0,133.0,129.4,132.0,10643,16,130.14
GB00BD0SFR60,233483521,MOTR,GBP,2023-05-22,133.4,133.6,130.0,131.4,5097,10,130.24
GB00BD0SFR60,233483521,MOTR,GBP,2023-05-23,133.0,133.0,130.4,130.4,83,3,131.56
GB00BD0SFR60,233483521,MOTR,GBP,2023-05-24,130.0,130.0,128.4,128.4,35052,28,129.8
GB00BD0SFR60,233483521,MOTR,GBP,2023-05-25,130.4,130.6,129.0,130.0,17290,37,130.0
GB00BD0SFR60,233483521,MOTR,GBP,2023-05-26,130.0,131.0,127.4,130.0,61505,25,129.98
GB00BD0SFR60,233483521,MOTR,GBP,2023-05-30,128.0,131.0,127.4,128.4,89837,14,130.0
GB00BD0SFR60,233483521,MOTR,GBP,2023-05-31,127.6,127.6,127.4,127.6,4,1,127.5
GB00BD0SFR60,233483521,MOTR,GBP,2023-06-01,129.6,129.6,129.6,129.6,0,0,129.6
GB00BD0SFR60,233483521,MOTR,GBP,2023-06-02,127.0,127.0,126.0,126.0,102246,3,127.0
GB00BD0SFR60,233483521,MOTR,GBP,2023-06-05,126.0,126.0,125.0,125.0,410,5,125.56
GB00BD0SFR60,233483521,MOTR,GBP,2023-06-06,126.0,126.0,123.0,123.0,39496,35,124.56
GB00BD0SFR60,233483521,MOTR,GBP,2023-06-07,125.0,125.6,123.4,125.0,44979,40,124.7
GB00BD0SFR60,233483521,MOTR,GBP,2023-06-08,125.0,125.0,124.0,125.0,136353,115,124.94
GB00BD0SFR60,233483521,MOTR,GBP,2023-06-09,125.0,126.6,124.4,125.0,34878,18,124.92
GB00BD0SFR60,233483521,MOTR,GBP,2023-06-12,123.0,123.0,123.0,123.0,113,1,123.0
GB00BD0SFR60,233483521,MOTR,GBP,2023-06-13,123.6,125.0,123.4,125.0,5706,9,124.58
GB00BD0SFR60,233483521,MOTR,GBP,2023-06-14,121.0,123.0,120.0,120.0,43174,29,120.86
GB00BD0SFR60,233483521,MOTR,GBP,2023-06-15,119.0,119.0,111.2,111.2,170062,68,114.88
GB00BD0SFR60,233483521,MOTR,GBP,2023-06-16,110.0,110.0,103.0,104.4,100786,42,105.42
GB00BD0SFR60,233483521,MOTR,GBP,2023-06-19,104.0,104.6,102.6,102.6,400,3,104.44
GB00BD0SFR60,233483521,MOTR,GBP,2023-06-20,104.0,105.0,102.0,102.0,35791,16,103.34
GB00BD0SFR60,233483521,MOTR,GBP,2023-06-21,104.0,104.0,104.0,104.0,975,8,104.0
GB00BD0SFR60,233483521,MOTR,GBP,2023-06-22,102.0,104.0,99.8,102.4,89761,48,102.7
GB00BD0SFR60,233483521,MOTR,GBP,2023-06-23,100.6,100.6,100.0,100.6,136904,96,100.06
GB00BD0SFR60,233483521,MOTR,GBP,2023-06-26,100.6,100.6,99.0,99.4,76417,46,99.9
GB00BD0SFR60,233483521,MOTR,GBP,2023-06-27,99.8,100.6,98.0,100.6,38435,26,100.04
GB00BD0SFR60,233483521,MOTR,GBP,2023-06-28,99.0,100.6,99.0,100.6,783,4,99.44
GB00BD0SFR60,233483521,MOTR,GBP,2023-06-29,100.6,100.6,95.0,95.0,57463,31,96.44
GB00BD0SFR60,233483521,MOTR,GBP,2023-06-30,96.6,96.6,95.4,95.4,26197,7,95.48
GB00BD0SFR60,233483521,MOTR,GBP,2023-07-03,96.0,97.0,96.0,96.4,20157,10,96.24
GB00BD0SFR60,233483521,MOTR,GBP,2023-07-04,96.0,96.4,95.0,96.4,53105,26,95.04
GB00BD0SFR60,233483521,MOTR,GBP,2023-07-05,95.0,96.8,95.0,95.0,108212,67,95.06
GB00BD0SFR60,233483521,MOTR,GBP,2023-07-06,96.8,96.8,95.4,95.4,14605,11,95.98
GB00BD0SFR60,233483521,MOTR,GBP,2023-07-07,96.8,96.8,95.0,96.4,8876,15,96.08
GB00BD0SFR60,233483521,MOTR,GBP,2023-07-10,96.0,96.6,96.0,96.6,5693,10,96.14
GB00BD0SFR60,233483521,MOTR,GBP,2023-07-11,97.0,97.0,96.0,97.0,18202,9,96.8
GB00BD0SFR60,233483521,MOTR,GBP,2023-07-12,97.0,97.4,96.8,97.0,118891,26,97.0
GB00BD0SFR60,233483521,MOTR,GBP,2023-07-13,97.4,97.4,96.8,96.8,135,3,96.82
GB00BD0SFR60,233483521,MOTR,GBP,2023-07-14,96.8,96.8,96.8,96.8,2377,3,96.8
GB00BD0SFR60,233483521,MOTR,GBP,2023-07-17,96.8,99.0,96.8,97.2,22538,21,98.26
GB00BD0SFR60,233483521,MOTR,GBP,2023-07-18,98.8,99.0,97.6,98.2,7827,20,98.9
GB00BD0SFR60,233483521,MOTR,GBP,2023-07-19,97.0,99.0,96.0,97.0,437103,122,96.9
GB00BD0SFR60,233483521,MOTR,GBP,2023-07-20,97.6,98.0,95.2,96.6,40345,11,97.62
GB00BD0SFR60,233483521,MOTR,GBP,2023-07-21,98.0,98.2,97.8,98.0,19445,12,97.96
GB00BD0SFR60,233483521,MOTR,GBP,2023-07-24,99.8,99.8,98.0,99.0,2163,6,99.66
GB00BD0SFR60,233483521,MOTR,GBP,2023-07-25,99.8,102.6,99.8,102.0,22924,20,101.44
GB00BD0SFR60,233483521,MOTR,GBP,2023-07-26,105.4,110.0,105.4,110.0,204806,73,107.32
GB00BD0SFR60,233483521,MOTR,GBP,2023-07-27,112.0,112.0,106.0,106.0,32536,28,107.98
GB00BD0SFR60,233483521,MOTR,GBP,2023-07-28,108.0,108.0,106.0,106.4,12764,18,106.82
GB00BD0SFR60,233483521,MOTR,GBP,2023-07-31,107.0,107.6,106.4,106.4,12886,12,107.0
GB00BD0SFR60,233483521,MOTR,GBP,2023-08-01,108.0,108.0,107.0,107.0,1163,3,107.02
GB00BD0SFR60,233483521,MOTR,GBP,2023-08-02,106.4,109.0,106.4,106.4,62136,40,107.6
GB00BD0SFR60,233483521,MOTR,GBP,2023-08-03,107.4,107.6,105.0,105.0,15205,11,106.58
GB00BD0SFR60,233483521,MOTR,GBP,2023-08-04,104.0,104.0,101.0,101.0,32010,20,102.32
GB00BD0SFR60,233483521,MOTR,GBP,2023-08-07,101.6,101.6,101.4,101.6,800,2,101.5
GB00BD0SFR60,233483521,MOTR,GBP,2023-08-08,101.6,102.6,100.0,100.0,13291,9,101.22
GB00BD0SFR60,233483521,MOTR,GBP,2023-08-09,100.0,100.0,100.0,100.0,137,2,100.0
GB00BD0SFR60,233483521,MOTR,GBP,2023-08-10,102.0,102.6,100.0,102.4,37987,25,101.44
GB00BD0SFR60,233483521,MOTR,GBP,2023-08-11,101.2,102.6,101.2,101.8,20939,22,101.74
GB00BD0SFR60,233483521,MOTR,GBP,2023-08-14,101.6,101.6,96.2,96.2,36907,12,97.14
GB00BD0SFR60,233483521,MOTR,GBP,2023-08-15,98.0,98.0,96.0,96.2,7322,5,97.06
GB00BD0SFR60,233483521,MOTR,GBP,2023-08-16,96.0,96.0,95.0,95.0,46333,18,95.06
GB00BD0SFR60,233483521,MOTR,GBP,2023-08-17,96.0,96.0,95.0,95.0,604,3,95.82
GB00BD0SFR60,233483521,MOTR,GBP,2023-08-18,96.0,97.6,95.0,95.6,17919,12,95.86
GB00BD0SFR60,233483521,MOTR,GBP,2023-08-21,95.4,95.4,95.4,95.4,980,2,95.4
GB00BD0SFR60,233483521,MOTR,GBP,2023-08-22,96.8,96.8,94.0,95.2,155591,33,95.18
GB00BD0SFR60,233483521,MOTR,GBP,2023-08-23,95.6,95.6,94.0,94.0,92,2,94.02
GB00BD0SFR60,233483521,MOTR,GBP,2023-08-24,94.0,95.0,94.0,95.0,6,1,94.0
GB00BD0SFR60,233483521,MOTR,GBP,2023-08-25,94.0,95.0,94.0,95.0,135,1,94.0
GB00BD0SFR60,233483521,MOTR,GBP,2023-08-29,95.8,97.0,94.2,97.0,45976,41,95.84
GB00BD0SFR60,233483521,MOTR,GBP,2023-08-30,95.0,96.0,95.0,96.0,450,1,95.0
GB00BD0SFR60,233483521,MOTR,GBP,2023-08-31,97.0,97.0,97.0,97.0,30120,1,97.0
GB00BD0SFR60,233483521,MOTR,GBP,2023-09-01,97.0,97.0,94.8,94.8,270,2,95.06
GB00BD0SFR60,233483521,MOTR,GBP,2023-09-04,93.0,93.0,91.0,92.0,28075,20,91.78
GB00BD0SFR60,233483521,MOTR,GBP,2023-09-05,93.4,93.4,93.4,93.4,0,0,93.4
GB00BD0SFR60,233483521,MOTR,GBP,2023-09-06,92.8,92.8,92.8,92.8,1910,2,92.8
GB00BD0SFR60,233483521,MOTR,GBP,2023-09-07,92.8,92.8,91.0,91.0,21492,10,91.44
GB00BD0SFR60,233483521,MOTR,GBP,2023-09-08,91.0,92.0,91.0,92.0,2063,4,91.48
GB00BD0SFR60,233483521,MOTR,GBP,2023-09-11,91.0,91.0,91.0,91.0,16961,5,91.0
GB00BD0SFR60,233483521,MOTR,GBP,2023-09-12,91.0,92.0,91.0,92.0,3794,3,91.06
GB00BD0SFR60,233483521,MOTR,GBP,2023-09-13,93.2,96.0,93.2,94.0,34466,35,93.98
GB00BD0SFR60,233483521,MOTR,GBP,2023-09-14,94.4,94.4,91.0,93.0,17573,23,93.52
GB00BD0SFR60,233483521,MOTR,GBP,2023-09-15,92.0,92.0,91.0,91.0,11766,3,91.0
GB00BD0SFR60,233483521,MOTR,GBP,2023-09-18,91.0,92.4,91.0,92.4,17837,3,91.0
GB00BD0SFR60,233483521,MOTR,GBP,2023-09-19,93.0,93.0,93.0,93.0,1163,1,93.0
GB00BD0SFR60,233483521,MOTR,GBP,2023-09-20,93.0,94.0,90.2,91.0,167649,34,91.34
GB00BD0SFR60,233483521,MOTR,GBP,2023-09-21,90.6,94.8,90.6,92.8,11,2,92.12
GB00BD0SFR60,233483521,MOTR,GBP,2023-09-22,91.2,91.2,88.0,88.0,18844,5,88.42
GB00BD0SFR60,233483521,MOTR,GBP,2023-09-25,90.0,90.0,90.0,90.0,127,3,90.0
GB00BD0SFR60,233483521,MOTR,GBP,2023-09-26,90.0,90.0,90.0,90.0,28,2,90.0
GB00BD0SFR60,233483521,MOTR,GBP,2023-09-27,91.8,91.8,90.0,90.0,206,3,91.74
GB00BD0SFR60,233483521,MOTR,GBP,2023-09-28,90.0,90.0,88.4,90.0,68839,17,90.0
GB00BD0SFR60,233483521,MOTR,GBP,2023-09-29,88.6,88.6,88.0,88.0,1236,6,88.4
GB00BD0SFR60,233483521,MOTR,GBP,2023-10-02,88.0,90.0,88.0,88.0,4992,6,88.04
GB00BD0SFR60,233483521,MOTR,GBP,2023-10-03,88.0,90.8,88.0,88.0,11407,11,88.32
GB00BD0SFR60,233483521,MOTR,GBP,2023-10-04,88.0,88.0,85.0,86.8,197457,60,87.18
GB00BD0SFR60,233483521,MOTR,GBP,2023-10-05,88.8,88.8,86.2,87.0,137732,63,87.78
GB00BD0SFR60,233483521,MOTR,GBP,2023-10-06,87.0,87.2,85.2,86.2,127955,121,86.68
GB00BD0SFR60,233483521,MOTR,GBP,2023-10-09,86.4,86.4,84.0,85.0,92771,38,85.18
GB00BD0SFR60,233483521,MOTR,GBP,2023-10-10,85.0,85.0,84.0,84.6,43986,38,84.44
GB00BD0SFR60,233483521,MOTR,GBP,2023-10-11,85.0,85.0,83.2,83.4,99305,68,84.74
GB00BD0SFR60,233483521,MOTR,GBP,2023-10-12,83.8,83.8,82.8,82.8,136836,23,83.0
GB00BD0SFR60,233483521,MOTR,GBP,2023-10-13,83.0,83.2,81.8,81.8,39088,18,82.9
GB00BD0SFR60,233483521,MOTR,GBP,2023-10-16,82.0,82.0,81.6,81.6,4279,5,82.0
GB00BD0SFR60,233483521,MOTR,GBP,2023-10-17,81.2,82.0,81.2,82.0,15167,4,81.74
GB00BD0SFR60,233483521,MOTR,GBP,2023-10-18,81.0,82.0,81.0,82.0,647,6,81.16
GB00BD0SFR60,233483521,MOTR,GBP,2023-10-19,80.0,80.2,80.0,80.0,36676,13,80.02
GB00BD0SFR60,233483521,MOTR,GBP,2023-10-20,80.0,80.0,79.0,79.0,52700,12,79.76
GB00BD0SFR60,233483521,MOTR,GBP,2023-10-23,78.0,79.6,78.0,78.0,18255,20,78.24
GB00BD0SFR60,233483521,MOTR,GBP,2023-10-24,78.0,78.0,78.0,78.0,8293,23,78.0
GB00BD0SFR60,233483521,MOTR,GBP,2023-10-25,78.0,78.0,77.2,77.2,7475,6,77.66
GB00BD0SFR60,233483521,MOTR,GBP,2023-10-26,77.0,77.4,77.0,77.4,18600,7,77.0
GB00BD0SFR60,233483521,MOTR,GBP,2023-10-27,77.0,77.8,77.0,77.6,39299,17,77.04
GB00BD0SFR60,233483521,MOTR,GBP,2023-10-30,78.0,78.2,78.0,78.2,2532,10,78.0
GB00BD0SFR60,233483521,MOTR,GBP,2023-10-31,77.4,80.0,77.4,79.2,47151,26,79.54
GB00BD0SFR60,233483521,MOTR,GBP,2023-11-01,80.0,80.0,80.0,80.0,3279,2,80.0
GB00BD0SFR60,233483521,MOTR,GBP,2023-11-02,80.0,80.0,79.8,79.8,27619,7,80.0
GB00BD0SFR60,233483521,MOTR,GBP,2023-11-03,78.0,80.0,78.0,79.0,11971,8,79.0
GB00BD0SFR60,233483521,MOTR,GBP,2023-11-06,78.0,80.0,78.0,80.0,9827,6,80.0
GB00BD0SFR60,233483521,MOTR,GBP,2023-11-07,78.0,78.6,77.2,78.6,7155,12,77.32
GB00BD0SFR60,233483521,MOTR,GBP,2023-11-08,79.8,79.8,79.0,79.0,440,1,79.8
GB00BD0SFR60,233483521,MOTR,GBP,2023-11-09,78.0,79.0,78.0,79.0,1594,3,78.0
GB00BD0SFR60,233483521,MOTR,GBP,2023-11-10,78.6,80.0,77.0,77.0,25058,13,78.54
GB00BD0SFR60,233483521,MOTR,GBP,2023-11-13,78.0,79.8,78.0,78.4,19555,7,78.9
GB00BD0SFR60,233483521,MOTR,GBP,2023-11-14,77.0,78.8,77.0,78.0,11332,11,78.34
GB00BD0SFR60,233483521,MOTR,GBP,2023-11-15,78.6,79.0,78.0,79.0,3464,3,78.14
GB00BD0SFR60,233483521,MOTR,GBP,2023-11-16,78.6,79.2,77.8,78.0,15022,10,78.44
GB00BD0SFR60,233483521,MOTR,GBP,2023-11-17,77.6,79.0,77.6,79.0,898,3,78.56
GB00BD0SFR60,233483521,MOTR,GBP,2023-11-20,79.6,80.4,78.0,78.6,36336,28,78.72
GB00BD0SFR60,233483521,MOTR,GBP,2023-11-21,76.0,79.8,76.0,78.4,54289,30,77.34
GB00BD0SFR60,233483521,MOTR,GBP,2023-11-22,77.2,80.0,77.0,77.4,6696,7,78.1
GB00BD0SFR60,233483521,MOTR,GBP,2023-11-23,72.6,77.4,70.8,76.0,149902,71,73.96
GB00BD0SFR60,233483521,MOTR,GBP,2023-11-24,76.0,77.4,76.0,77.4,13432,8,76.62
GB00BD0SFR60,233483521,MOTR,GBP,2023-11-27,76.0,78.0,76.0,77.0,14308,14,77.14
GB00BD0SFR60,233483521,MOTR,GBP,2023-11-28,77.8,79.0,77.0,77.0,36982,15,77.8
GB00BD0SFR60,233483521,MOTR,GBP,2023-11-29,80.0,80.0,75.0,75.0,50942,27,76.58
GB00BD0SFR60,233483521,MOTR,GBP,2023-11-30,77.0,83.4,77.0,81.0,69024,53,79.9
GB00BD0SFR60,233483521,MOTR,GBP,2023-12-01,83.4,89.2,83.2,85.4,182516,73,84.4
GB00BD0SFR60,233483521,MOTR,GBP,2023-12-04,87.4,87.4,85.0,85.6,16510,13,85.88
GB00BD0SFR60,233483521,MOTR,GBP,2023-12-05,88.0,89.6,87.0,89.6,86363,55,88.52
GB00BD0SFR60,233483521,MOTR,GBP,2023-12-06,87.0,90.0,85.2,88.4,12051,14,88.42
GB00BD0SFR60,233483521,MOTR,GBP,2023-12-07,88.2,88.8,87.0,87.0,26214,17,88.14
GB00BD0SFR60,233483521,MOTR,GBP,2023-12-08,87.2,87.2,86.4,86.4,4080,2,86.48
GB00BD0SFR60,233483521,MOTR,GBP,2023-12-11,89.8,89.8,88.0,88.0,2996,2,89.5
GB00BD0SFR60,233483521,MOTR,GBP,2023-12-12,87.4,87.6,87.4,87.4,2680,4,87.4
GB00BD0SFR60,233483521,MOTR,GBP,2023-12-13,87.6,88.0,84.0,84.0,11401,12,87.26
GB00BD0SFR60,233483521,MOTR,GBP,2023-12-14,87.0,90.6,87.0,90.2,153154,73,89.42
GB00BD0SFR60,233483521,MOTR,GBP,2023-12-15,89.0,92.0,89.0,92.0,14088,29,91.62
GB00BD0SFR60,233483521,MOTR,GBP,2023-12-18,91.8,95.0,91.4,94.0,38635,36,92.56
GB00BD0SFR60,233483521,MOTR,GBP,2023-12-19,96.8,97.2,94.6,97.2,14438,12,96.74
GB00BD0SFR60,233483521,MOTR,GBP,2023-12-20,97.6,105.0,97.6,102.0,163142,43,102.22
GB00BD0SFR60,233483521,MOTR,GBP,2023-12-21,105.0,105.0,100.0,103.0,49437,31,102.86
GB00BD0SFR60,233483521,MOTR,GBP,2023-12-22,103.0,103.6,103.0,103.0,2291,5,103.0
GB00BD0SFR60,233483521,MOTR,GBP,2023-12-27,106.0,106.6,106.0,106.4,1501,2,106.0
GB00BD0SFR60,233483521,MOTR,GBP,2023-12-28,106.0,111.6,106.0,108.4,22826,17,108.18
GB00BD0SFR60,233483521,MOTR,GBP,2023-12-29,109.0,115.0,108.4,114.6,20349,13,111.34
