ISIN,conId,Symbol,Currency,date,open,high,low,close,volume,barCount,average
GB0007668071,12605023,CBG,GBP,2019-01-02,1435.0,1459.0,1422.0,1447.0,264874,1471,1441.3
GB0007668071,12605023,CBG,GBP,2019-01-03,1452.0,1459.0,1438.0,1446.0,202571,1237,1450.3
GB0007668071,12605023,CBG,GBP,2019-01-04,1460.0,1472.0,1442.0,1470.0,197531,1249,1466.35
GB0007668071,12605023,CBG,GBP,2019-01-07,1478.0,1494.0,1476.0,1493.0,315022,1884,1488.15
GB0007668071,12605023,CBG,GBP,2019-01-08,1497.0,1513.0,1481.0,1501.0,218724,1304,1502.6
GB0007668071,12605023,CBG,GBP,2019-01-09,1503.0,1518.0,1490.0,1498.0,323247,1695,1499.3
GB0007668071,12605023,CBG,GBP,2019-01-10,1498.0,1510.0,1494.0,1507.0,224189,1215,1503.3
GB0007668071,12605023,CBG,GBP,2019-01-11,1505.0,1525.0,1505.0,1521.0,324684,1515,1517.95
GB0007668071,12605023,CBG,GBP,2019-01-14,1507.0,1524.0,1494.0,1513.0,213419,1291,1508.3
GB0007668071,12605023,CBG,GBP,2019-01-15,1510.0,1547.0,1498.0,1536.0,404692,2360,1535.0
GB0007668071,12605023,CBG,GBP,2019-01-16,1549.0,1568.0,1545.0,1566.0,441782,2536,1557.25
GB0007668071,12605023,CBG,GBP,2019-01-17,1564.0,1564.0,1537.0,1549.0,266799,1576,1546.45
GB0007668071,12605023,CBG,GBP,2019-01-18,1548.0,1571.0,1545.0,1569.0,336031,2086,1563.35
GB0007668071,12605023,CBG,GBP,2019-01-21,1571.0,1577.0,1560.0,1562.0,160507,1093,1565.8
GB0007668071,12605023,CBG,GBP,2019-01-22,1499.0,1560.0,1467.0,1539.0,402109,1962,1537.85
GB0007668071,12605023,CBG,GBP,2019-01-23,1531.0,1542.0,1520.0,1521.0,274470,1793,1527.25
GB0007668071,12605023,CBG,GBP,2019-01-24,1530.0,1533.0,1513.0,1525.0,238643,1587,1525.05
GB0007668071,12605023,CBG,GBP,2019-01-25,1525.0,1531.0,1512.0,1512.0,218983,1345,1518.2
GB0007668071,12605023,CBG,GBP,2019-01-28,1508.0,1517.0,1495.0,1497.0,316026,2090,1502.35
GB0007668071,12605023,CBG,GBP,2019-01-29,1495.0,1517.0,1495.0,1509.0,216256,1406,1508.3
GB0007668071,12605023,CBG,GBP,2019-01-30,1514.0,1520.0,1502.0,1513.0,290868,1677,1511.55
GB0007668071,12605023,CBG,GBP,2019-01-31,1503.0,1520.0,1482.0,1485.0,404096,1619,1491.05
GB0007668071,12605023,CBG,GBP,2019-02-01,1447.0,1477.0,1423.0,1464.0,451526,2610,1462.85
GB0007668071,12605023,CBG,GBP,2019-02-04,1458.0,1464.0,1425.0,1453.0,226440,1341,1455.75
GB0007668071,12605023,CBG,GBP,2019-02-05,1468.0,1468.0,1443.0,1451.0,351823,1870,1449.3
GB0007668071,12605023,CBG,GBP,2019-02-06,1439.0,1478.0,1439.0,1478.0,307568,1518,1470.65
GB0007668071,12605023,CBG,GBP,2019-02-07,1467.0,1475.0,1449.0,1449.0,198265,1087,1456.4
GB0007668071,12605023,CBG,GBP,2019-02-08,1446.0,1453.0,1425.5,1426.0,190820,1229,1433.4
GB0007668071,12605023,CBG,GBP,2019-02-11,1440.0,1457.0,1433.0,1457.0,238750,1288,1452.05
GB0007668071,12605023,CBG,GBP,2019-02-12,1458.0,1460.0,1440.0,1445.0,338791,1943,1447.45
GB0007668071,12605023,CBG,GBP,2019-02-13,1440.0,1453.0,1440.0,1449.0,290778,1690,1447.2
GB0007668071,12605023,CBG,GBP,2019-02-14,1444.0,1457.0,1440.0,1455.0,349597,2059,1449.75
GB0007668071,12605023,CBG,GBP,2019-02-15,1456.0,1492.0,1446.0,1492.0,415887,2163,1482.1
GB0007668071,12605023,CBG,GBP,2019-02-18,1480.0,1507.0,1480.0,1490.0,221366,1761,1495.0
GB0007668071,12605023,CBG,GBP,2019-02-19,1490.0,1492.0,1469.0,1482.0,286294,1043,1479.15
GB0007668071,12605023,CBG,GBP,2019-02-20,1472.0,1504.0,1472.0,1492.0,306720,1955,1491.95
GB0007668071,12605023,CBG,GBP,2019-02-21,1500.0,1500.0,1487.0,1490.0,183370,1077,1491.15
GB0007668071,12605023,CBG,GBP,2019-02-22,1501.0,1501.0,1485.0,1495.0,263020,1887,1493.5
GB0007668071,12605023,CBG,GBP,2019-02-25,1493.0,1503.0,1482.0,1501.0,168422,1248,1495.6
GB0007668071,12605023,CBG,GBP,2019-02-26,1495.0,1520.0,1493.0,1512.0,245292,1640,1511.5
GB0007668071,12605023,CBG,GBP,2019-02-27,1500.0,1511.0,1494.0,1506.0,255975,1686,1503.1
GB0007668071,12605023,CBG,GBP,2019-02-28,1508.0,1516.0,1488.0,1510.0,269723,2058,1508.5
GB0007668071,12605023,CBG,GBP,2019-03-01,1511.0,1534.0,1511.0,1525.0,305237,1352,1524.75
GB0007668071,12605023,CBG,GBP,2019-03-04,1530.0,1540.0,1511.0,1518.0,279241,2114,1517.55
GB0007668071,12605023,CBG,GBP,2019-03-05,1519.0,1526.0,1512.5,1519.0,188804,1389,1520.1
GB0007668071,12605023,CBG,GBP,2019-03-06,1513.0,1527.0,1512.0,1520.0,173530,1183,1518.75
GB0007668071,12605023,CBG,GBP,2019-03-07,1524.0,1524.0,1491.0,1500.0,280504,1625,1503.5
GB0007668071,12605023,CBG,GBP,2019-03-08,1470.0,1487.0,1444.0,1465.0,306352,1637,1468.4
GB0007668071,12605023,CBG,GBP,2019-03-11,1465.0,1476.0,1454.0,1470.0,336021,1835,1467.8
GB0007668071,12605023,CBG,GBP,2019-03-12,1487.0,1519.0,1465.0,1486.0,346451,2051,1488.9
GB0007668071,12605023,CBG,GBP,2019-03-13,1481.0,1502.0,1481.0,1493.0,377040,1574,1493.5
GB0007668071,12605023,CBG,GBP,2019-03-14,1490.0,1522.0,1490.0,1510.0,358716,1647,1510.6
GB0007668071,12605023,CBG,GBP,2019-03-15,1503.0,1511.0,1486.0,1501.0,430655,2270,1500.75
GB0007668071,12605023,CBG,GBP,2019-03-18,1502.0,1525.0,1486.0,1494.0,394237,2239,1496.35
GB0007668071,12605023,CBG,GBP,2019-03-19,1496.0,1513.0,1491.0,1512.0,308756,1488,1510.1
GB0007668071,12605023,CBG,GBP,2019-03-20,1504.0,1506.0,1460.5,1465.0,222052,1192,1473.45
GB0007668071,12605023,CBG,GBP,2019-03-21,1450.0,1452.0,1417.0,1430.0,284126,1579,1427.45
GB0007668071,12605023,CBG,GBP,2019-03-22,1437.0,1452.0,1404.0,1422.0,402054,2323,1421.55
GB0007668071,12605023,CBG,GBP,2019-03-25,1411.0,1436.0,1406.0,1420.0,307315,2083,1421.95
GB0007668071,12605023,CBG,GBP,2019-03-26,1429.0,1437.0,1410.0,1427.0,394914,1990,1428.7
GB0007668071,12605023,CBG,GBP,2019-03-27,1437.0,1444.0,1418.0,1430.0,300942,1839,1428.65
GB0007668071,12605023,CBG,GBP,2019-03-28,1430.0,1441.0,1422.0,1433.0,207478,1427,1434.05
GB0007668071,12605023,CBG,GBP,2019-03-29,1443.0,1455.0,1427.0,1455.0,320207,1595,1447.25
GB0007668071,12605023,CBG,GBP,2019-04-01,1453.0,1469.0,1450.0,1466.0,308819,1926,1459.3
GB0007668071,12605023,CBG,GBP,2019-04-02,1474.0,1487.0,1468.0,1483.0,269954,1839,1480.2
GB0007668071,12605023,CBG,GBP,2019-04-03,1478.0,1509.0,1478.0,1508.0,279202,1945,1502.55
GB0007668071,12605023,CBG,GBP,2019-04-04,1508.0,1536.0,1501.0,1532.0,267276,1814,1525.15
GB0007668071,12605023,CBG,GBP,2019-04-05,1515.0,1530.0,1506.0,1510.0,249554,1595,1515.3
GB0007668071,12605023,CBG,GBP,2019-04-08,1518.0,1518.0,1504.0,1512.0,138064,915,1510.6
GB0007668071,12605023,CBG,GBP,2019-04-09,1503.0,1526.0,1503.0,1509.0,225479,1551,1514.9
GB0007668071,12605023,CBG,GBP,2019-04-10,1519.0,1521.0,1507.0,1517.0,229655,1358,1515.5
GB0007668071,12605023,CBG,GBP,2019-04-11,1523.0,1535.0,1516.0,1531.0,143351,1102,1530.4
GB0007668071,12605023,CBG,GBP,2019-04-12,1534.0,1560.0,1519.0,1553.0,220524,1285,1550.05
GB0007668071,12605023,CBG,GBP,2019-04-15,1564.0,1568.0,1556.0,1561.0,186674,1137,1561.75
GB0007668071,12605023,CBG,GBP,2019-04-16,1570.0,1609.0,1563.0,1605.0,312743,2100,1598.35
GB0007668071,12605023,CBG,GBP,2019-04-17,1611.0,1614.0,1577.0,1585.0,322643,1867,1586.75
GB0007668071,12605023,CBG,GBP,2019-04-18,1589.0,1589.0,1560.0,1587.0,272297,1087,1579.55
GB0007668071,12605023,CBG,GBP,2019-04-23,1594.0,1594.0,1558.0,1580.0,331055,1854,1573.15
GB0007668071,12605023,CBG,GBP,2019-04-24,1569.0,1595.0,1569.0,1572.0,206618,1347,1578.3
GB0007668071,12605023,CBG,GBP,2019-04-25,1583.0,1583.0,1553.0,1553.0,153526,923,1557.25
GB0007668071,12605023,CBG,GBP,2019-04-26,1564.0,1567.0,1543.0,1566.0,349903,2059,1554.25
GB0007668071,12605023,CBG,GBP,2019-04-29,1557.0,1575.0,1557.0,1572.0,187541,1215,1567.2
GB0007668071,12605023,CBG,GBP,2019-04-30,1576.0,1576.0,1550.0,1552.0,204309,1075,1556.25
GB0007668071,12605023,CBG,GBP,2019-05-01,1550.0,1567.0,1534.0,1547.0,91606,604,1550.15
GB0007668071,12605023,CBG,GBP,2019-05-02,1534.0,1572.0,1531.0,1560.0,361095,1881,1557.6
GB0007668071,12605023,CBG,GBP,2019-05-03,1569.0,1575.0,1556.0,1559.0,201076,1337,1563.1
GB0007668071,12605023,CBG,GBP,2019-05-07,1548.0,1555.0,1534.0,1534.0,202971,1185,1538.4
GB0007668071,12605023,CBG,GBP,2019-05-08,1528.0,1545.0,1518.0,1538.0,236712,1177,1530.65
GB0007668071,12605023,CBG,GBP,2019-05-09,1517.0,1539.0,1513.0,1519.0,257672,1362,1523.45
GB0007668071,12605023,CBG,GBP,2019-05-10,1528.0,1541.0,1515.0,1526.0,228614,1482,1530.0
GB0007668071,12605023,CBG,GBP,2019-05-13,1532.0,1532.0,1504.0,1505.0,172249,1062,1509.65
GB0007668071,12605023,CBG,GBP,2019-05-14,1507.0,1514.0,1498.0,1510.0,259605,1441,1505.5
GB0007668071,12605023,CBG,GBP,2019-05-15,1512.0,1519.0,1497.0,1502.0,178892,1017,1503.45
GB0007668071,12605023,CBG,GBP,2019-05-16,1512.0,1521.0,1498.0,1521.0,203641,1452,1512.85
GB0007668071,12605023,CBG,GBP,2019-05-17,1520.0,1523.0,1496.0,1505.0,231791,1334,1504.45
GB0007668071,12605023,CBG,GBP,2019-05-20,1496.0,1512.0,1485.0,1488.0,183915,1126,1491.5
GB0007668071,12605023,CBG,GBP,2019-05-21,1499.0,1505.0,1489.0,1495.0,299543,1164,1494.3
GB0007668071,12605023,CBG,GBP,2019-05-22,1529.0,1529.0,1426.0,1432.0,455323,2838,1446.8
GB0007668071,12605023,CBG,GBP,2019-05-23,1430.0,1430.0,1386.0,1390.0,303715,1867,1396.5
GB0007668071,12605023,CBG,GBP,2019-05-24,1414.0,1416.0,1392.0,1399.0,369242,1936,1400.2
GB0007668071,12605023,CBG,GBP,2019-05-28,1408.0,1412.0,1395.0,1406.0,294922,1276,1405.05
GB0007668071,12605023,CBG,GBP,2019-05-29,1390.0,1404.0,1386.0,1391.0,295621,1714,1393.3
GB0007668071,12605023,CBG,GBP,2019-05-30,1390.0,1407.0,1390.0,1402.0,202714,993,1401.7
GB0007668071,12605023,CBG,GBP,2019-05-31,1395.0,1395.0,1376.0,1376.0,250319,1228,1378.15
GB0007668071,12605023,CBG,GBP,2019-06-03,1379.0,1379.0,1349.0,1374.0,268003,1424,1366.95
GB0007668071,12605023,CBG,GBP,2019-06-04,1376.0,1412.0,1353.0,1411.0,360335,1604,1400.3
GB0007668071,12605023,CBG,GBP,2019-06-05,1420.0,1421.0,1403.0,1403.0,445623,2220,1412.45
GB0007668071,12605023,CBG,GBP,2019-06-06,1408.0,1415.5,1403.0,1414.0,262508,1233,1410.7
GB0007668071,12605023,CBG,GBP,2019-06-07,1420.0,1427.0,1408.0,1418.0,216293,1166,1417.55
GB0007668071,12605023,CBG,GBP,2019-06-10,1426.0,1435.0,1410.0,1426.0,181669,816,1423.3
GB0007668071,12605023,CBG,GBP,2019-06-11,1437.0,1437.0,1417.0,1424.0,189567,1033,1423.3
GB0007668071,12605023,CBG,GBP,2019-06-12,1419.0,1421.0,1406.0,1413.0,251695,1390,1411.9
GB0007668071,12605023,CBG,GBP,2019-06-13,1413.0,1428.0,1403.0,1410.0,248235,1179,1411.55
GB0007668071,12605023,CBG,GBP,2019-06-14,1418.0,1418.0,1387.0,1388.0,221773,1167,1393.05
GB0007668071,12605023,CBG,GBP,2019-06-17,1400.0,1418.0,1399.0,1416.0,213771,1100,1414.15
GB0007668071,12605023,CBG,GBP,2019-06-18,1422.0,1432.0,1403.0,1426.0,262797,1560,1421.15
GB0007668071,12605023,CBG,GBP,2019-06-19,1435.0,1438.0,1425.0,1425.0,216724,1244,1428.1
GB0007668071,12605023,CBG,GBP,2019-06-20,1434.0,1434.0,1414.0,1415.0,321153,1279,1419.85
GB0007668071,12605023,CBG,GBP,2019-06-21,1408.0,1428.0,1408.0,1417.0,658648,1505,1419.4
GB0007668071,12605023,CBG,GBP,2019-06-24,1425.0,1431.0,1415.0,1417.0,135128,715,1420.15
GB0007668071,12605023,CBG,GBP,2019-06-25,1409.0,1419.0,1401.0,1417.0,248095,1139,1412.2
GB0007668071,12605023,CBG,GBP,2019-06-26,1404.0,1423.0,1404.0,1415.0,204652,948,1416.65
GB0007668071,12605023,CBG,GBP,2019-06-27,1422.0,1427.0,1414.0,1420.0,243416,1001,1422.5
GB0007668071,12605023,CBG,GBP,2019-06-28,1424.0,1428.0,1408.0,1414.0,310563,1677,1414.4
GB0007668071,12605023,CBG,GBP,2019-07-01,1428.0,1447.0,1420.5,1442.0,278414,1113,1438.4
GB0007668071,12605023,CBG,GBP,2019-07-02,1449.0,1455.0,1433.0,1446.0,172785,1138,1445.85
GB0007668071,12605023,CBG,GBP,2019-07-03,1457.0,1469.0,1449.0,1469.0,145521,874,1462.75
GB0007668071,12605023,CBG,GBP,2019-07-04,1464.0,1477.0,1464.0,1469.0,170015,760,1470.3
GB0007668071,12605023,CBG,GBP,2019-07-05,1465.0,1473.0,1455.0,1455.0,126658,777,1458.6
GB0007668071,12605023,CBG,GBP,2019-07-08,1449.0,1468.0,1449.0,1450.0,141381,655,1454.4
GB0007668071,12605023,CBG,GBP,2019-07-09,1458.0,1458.0,1433.0,1444.0,245264,1172,1442.95
GB0007668071,12605023,CBG,GBP,2019-07-10,1450.0,1454.0,1433.0,1436.0,133798,807,1441.55
GB0007668071,12605023,CBG,GBP,2019-07-11,1443.0,1447.0,1423.5,1435.0,266085,1353,1434.65
GB0007668071,12605023,CBG,GBP,2019-07-12,1437.0,1450.0,1429.0,1430.0,385405,1916,1435.7
GB0007668071,12605023,CBG,GBP,2019-07-15,1432.0,1451.0,1418.0,1449.0,299555,1556,1442.85
GB0007668071,12605023,CBG,GBP,2019-07-16,1449.0,1457.0,1440.0,1456.0,228667,1107,1452.45
GB0007668071,12605023,CBG,GBP,2019-07-17,1445.0,1453.0,1433.0,1437.0,176171,883,1438.75
GB0007668071,12605023,CBG,GBP,2019-07-18,1435.0,1453.5,1428.0,1451.0,292103,1349,1445.05
GB0007668071,12605023,CBG,GBP,2019-07-19,1426.0,1442.0,1375.0,1400.0,607891,2753,1400.75
GB0007668071,12605023,CBG,GBP,2019-07-22,1375.0,1393.0,1365.0,1380.0,444148,2050,1382.3
GB0007668071,12605023,CBG,GBP,2019-07-23,1382.0,1388.0,1375.5,1380.0,278164,1698,1381.65
GB0007668071,12605023,CBG,GBP,2019-07-24,1383.0,1390.0,1366.0,1366.0,208212,1294,1368.8
GB0007668071,12605023,CBG,GBP,2019-07-25,1363.0,1377.0,1348.0,1358.0,329981,2057,1361.75
GB0007668071,12605023,CBG,GBP,2019-07-26,1355.0,1363.0,1349.0,1354.0,218651,1414,1355.6
GB0007668071,12605023,CBG,GBP,2019-07-29,1360.0,1366.0,1350.0,1357.0,351732,2187,1357.3
GB0007668071,12605023,CBG,GBP,2019-07-30,1368.0,1368.0,1338.0,1339.0,386219,1796,1344.45
GB0007668071,12605023,CBG,GBP,2019-07-31,1331.0,1341.0,1322.0,1331.0,731132,1425,1330.25
GB0007668071,12605023,CBG,GBP,2019-08-01,1327.0,1351.0,1327.0,1344.0,456358,2181,1343.1
GB0007668071,12605023,CBG,GBP,2019-08-02,1336.0,1339.0,1313.0,1313.0,348711,1775,1322.2
GB0007668071,12605023,CBG,GBP,2019-08-05,1308.0,1310.0,1285.0,1285.0,235399,1130,1292.25
GB0007668071,12605023,CBG,GBP,2019-08-06,1282.0,1301.0,1281.0,1281.0,195154,1074,1287.25
GB0007668071,12605023,CBG,GBP,2019-08-07,1294.0,1307.0,1280.0,1294.0,354105,1775,1293.55
GB0007668071,12605023,CBG,GBP,2019-08-08,1309.0,1309.0,1292.0,1304.0,246088,1314,1301.4
GB0007668071,12605023,CBG,GBP,2019-08-09,1306.0,1312.0,1283.0,1283.0,165575,1098,1289.3
GB0007668071,12605023,CBG,GBP,2019-08-12,1283.0,1297.0,1262.0,1262.0,226426,1286,1270.65
GB0007668071,12605023,CBG,GBP,2019-08-13,1262.0,1270.0,1248.0,1266.0,297512,1959,1259.0
GB0007668071,12605023,CBG,GBP,2019-08-14,1250.0,1270.0,1226.0,1227.0,293826,1493,1231.8
GB0007668071,12605023,CBG,GBP,2019-08-15,1238.0,1244.0,1225.0,1240.0,263410,1696,1236.55
GB0007668071,12605023,CBG,GBP,2019-08-16,1209.0,1257.0,1209.0,1257.0,278169,1367,1250.25
GB0007668071,12605023,CBG,GBP,2019-08-19,1256.0,1275.0,1256.0,1268.0,203144,905,1267.7
GB0007668071,12605023,CBG,GBP,2019-08-20,1272.0,1299.0,1260.0,1271.0,254746,1556,1278.0
GB0007668071,12605023,CBG,GBP,2019-08-21,1274.0,1293.0,1268.0,1286.0,351548,1488,1286.75
GB0007668071,12605023,CBG,GBP,2019-08-22,1282.0,1294.0,1268.0,1284.0,225256,1548,1279.05
GB0007668071,12605023,CBG,GBP,2019-08-23,1292.0,1302.0,1285.0,1285.0,457521,1805,1293.9
GB0007668071,12605023,CBG,GBP,2019-08-27,1285.0,1306.0,1270.0,1297.0,364517,1552,1295.7
GB0007668071,12605023,CBG,GBP,2019-08-28,1291.0,1298.0,1268.0,1283.0,196643,821,1282.1
GB0007668071,12605023,CBG,GBP,2019-08-29,1277.0,1293.0,1263.0,1286.0,294010,1459,1285.45
GB0007668071,12605023,CBG,GBP,2019-08-30,1292.0,1301.0,1285.0,1289.0,539080,2387,1290.5
GB0007668071,12605023,CBG,GBP,2019-09-02,1286.0,1303.0,1286.0,1291.0,273344,1112,1293.8
GB0007668071,12605023,CBG,GBP,2019-09-03,1284.0,1287.0,1269.0,1272.0,297915,1275,1273.85
GB0007668071,12605023,CBG,GBP,2019-09-04,1291.0,1302.0,1283.0,1287.0,207564,1028,1289.25
GB0007668071,12605023,CBG,GBP,2019-09-05,1297.0,1333.0,1284.0,1333.0,293556,981,1315.4
GB0007668071,12605023,CBG,GBP,2019-09-06,1333.0,1334.0,1321.0,1330.0,149980,616,1328.5
GB0007668071,12605023,CBG,GBP,2019-09-09,1335.0,1342.0,1323.0,1342.0,234178,990,1337.0
GB0007668071,12605023,CBG,GBP,2019-09-10,1343.0,1364.0,1330.0,1358.0,328301,1420,1351.1
GB0007668071,12605023,CBG,GBP,2019-09-11,1370.0,1393.0,1363.0,1376.0,280860,1565,1380.5
GB0007668071,12605023,CBG,GBP,2019-09-12,1352.0,1363.0,1332.0,1362.0,436625,2334,1354.15
GB0007668071,12605023,CBG,GBP,2019-09-13,1354.0,1411.0,1350.5,1409.0,249626,1221,1402.75
GB0007668071,12605023,CBG,GBP,2019-09-16,1408.0,1411.0,1391.0,1402.0,308648,1618,1400.05
GB0007668071,12605023,CBG,GBP,2019-09-17,1402.0,1402.0,1387.0,1397.0,252534,1508,1393.85
GB0007668071,12605023,CBG,GBP,2019-09-18,1387.0,1407.0,1387.0,1391.0,269084,1354,1395.1
GB0007668071,12605023,CBG,GBP,2019-09-19,1397.0,1411.5,1391.0,1396.0,262306,1121,1400.15
GB0007668071,12605023,CBG,GBP,2019-09-20,1385.0,1416.0,1385.0,1405.0,426415,2069,1403.9
GB0007668071,12605023,CBG,GBP,2019-09-23,1409.0,1409.0,1369.0,1375.0,340974,1774,1378.0
GB0007668071,12605023,CBG,GBP,2019-09-24,1360.0,1387.0,1292.0,1354.0,450162,2258,1350.95
GB0007668071,12605023,CBG,GBP,2019-09-25,1337.0,1354.0,1335.0,1354.0,414196,1620,1347.5
GB0007668071,12605023,CBG,GBP,2019-09-26,1358.0,1363.5,1341.0,1357.0,553243,2757,1353.0
GB0007668071,12605023,CBG,GBP,2019-09-27,1358.0,1397.0,1358.0,1397.0,354003,1699,1389.75
GB0007668071,12605023,CBG,GBP,2019-09-30,1407.0,1410.0,1394.0,1409.0,274243,1324,1406.75
GB0007668071,12605023,CBG,GBP,2019-10-01,1412.0,1424.0,1378.0,1378.0,244372,1239,1388.6
GB0007668071,12605023,CBG,GBP,2019-10-02,1378.0,1378.0,1341.0,1346.0,401639,1932,1349.45
GB0007668071,12605023,CBG,GBP,2019-10-03,1378.0,1378.0,1331.0,1346.0,248978,1242,1341.0
GB0007668071,12605023,CBG,GBP,2019-10-04,1352.0,1356.0,1336.0,1353.0,220924,1081,1349.6
GB0007668071,12605023,CBG,GBP,2019-10-07,1360.0,1360.0,1336.0,1341.0,171212,1018,1344.4
GB0007668071,12605023,CBG,GBP,2019-10-08,1355.0,1368.0,1314.0,1314.0,305104,1135,1322.05
GB0007668071,12605023,CBG,GBP,2019-10-09,1315.0,1324.0,1295.0,1300.0,370559,1644,1304.75
GB0007668071,12605023,CBG,GBP,2019-10-10,1264.0,1280.0,1238.0,1280.0,573439,2842,1261.4
GB0007668071,12605023,CBG,GBP,2019-10-11,1277.0,1370.0,1277.0,1370.0,660388,3758,1341.7
GB0007668071,12605023,CBG,GBP,2019-10-14,1343.0,1346.0,1318.0,1329.0,308484,1600,1327.55
GB0007668071,12605023,CBG,GBP,2019-10-15,1335.0,1393.0,1329.0,1389.0,550068,2183,1365.35
GB0007668071,12605023,CBG,GBP,2019-10-16,1399.0,1399.0,1349.0,1387.0,609604,3659,1372.05
GB0007668071,12605023,CBG,GBP,2019-10-17,1381.0,1419.0,1362.0,1399.0,680222,3157,1396.95
GB0007668071,12605023,CBG,GBP,2019-10-18,1388.0,1428.0,1387.0,1417.0,569966,2839,1418.2
GB0007668071,12605023,CBG,GBP,2019-10-21,1415.0,1439.5,1411.0,1428.0,290246,1607,1428.7
GB0007668071,12605023,CBG,GBP,2019-10-22,1435.0,1438.0,1411.0,1424.0,311440,955,1422.6
GB0007668071,12605023,CBG,GBP,2019-10-23,1402.0,1423.0,1398.0,1423.0,300404,1124,1416.9
GB0007668071,12605023,CBG,GBP,2019-10-24,1425.0,1440.0,1415.0,1422.0,235353,1290,1424.45
GB0007668071,12605023,CBG,GBP,2019-10-25,1410.0,1426.0,1400.0,1417.0,210385,971,1412.25
GB0007668071,12605023,CBG,GBP,2019-10-28,1409.0,1422.0,1408.0,1422.0,162208,844,1417.8
GB0007668071,12605023,CBG,GBP,2019-10-29,1408.0,1422.0,1398.0,1416.0,236993,1013,1410.75
GB0007668071,12605023,CBG,GBP,2019-10-30,1416.0,1419.0,1386.0,1388.0,209232,769,1390.75
GB0007668071,12605023,CBG,GBP,2019-10-31,1387.0,1401.0,1373.0,1383.0,238232,1017,1381.35
GB0007668071,12605023,CBG,GBP,2019-11-01,1388.0,1388.0,1362.0,1379.0,280861,1416,1373.45
GB0007668071,12605023,CBG,GBP,2019-11-04,1385.0,1408.0,1384.0,1405.0,253840,957,1402.3
GB0007668071,12605023,CBG,GBP,2019-11-05,1394.0,1420.0,1394.0,1420.0,308608,2008,1409.3
GB0007668071,12605023,CBG,GBP,2019-11-06,1420.0,1422.5,1383.0,1397.0,301409,1726,1397.9
GB0007668071,12605023,CBG,GBP,2019-11-07,1424.0,1427.0,1403.0,1421.0,237331,1106,1418.05
GB0007668071,12605023,CBG,GBP,2019-11-08,1409.0,1411.0,1395.0,1401.0,185441,1088,1402.1
GB0007668071,12605023,CBG,GBP,2019-11-11,1390.0,1427.0,1384.0,1419.0,189458,1050,1413.1
GB0007668071,12605023,CBG,GBP,2019-11-12,1428.0,1428.0,1414.0,1420.0,234199,1122,1419.45
GB0007668071,12605023,CBG,GBP,2019-11-13,1419.0,1442.0,1391.0,1404.0,231872,1067,1400.65
GB0007668071,12605023,CBG,GBP,2019-11-14,1397.0,1425.0,1397.0,1422.0,267164,1159,1418.5
GB0007668071,12605023,CBG,GBP,2019-11-15,1421.0,1450.0,1421.0,1442.0,313230,1640,1440.85
GB0007668071,12605023,CBG,GBP,2019-11-18,1452.0,1464.0,1427.0,1430.0,193219,1303,1436.65
GB0007668071,12605023,CBG,GBP,2019-11-19,1442.0,1469.0,1434.0,1450.0,187246,1149,1452.55
GB0007668071,12605023,CBG,GBP,2019-11-20,1447.0,1470.0,1428.0,1455.0,311755,1896,1447.45
GB0007668071,12605023,CBG,GBP,2019-11-21,1431.0,1443.0,1407.0,1426.0,587959,2919,1421.45
GB0007668071,12605023,CBG,GBP,2019-11-22,1419.0,1448.0,1419.0,1436.0,347081,1665,1437.15
GB0007668071,12605023,CBG,GBP,2019-11-25,1440.0,1473.0,1433.0,1466.0,226286,1203,1460.25
GB0007668071,12605023,CBG,GBP,2019-11-26,1462.0,1478.0,1457.0,1469.0,490522,1582,1468.4
GB0007668071,12605023,CBG,GBP,2019-11-27,1460.0,1496.0,1458.0,1496.0,317768,1314,1488.6
GB0007668071,12605023,CBG,GBP,2019-11-28,1480.0,1520.0,1479.0,1516.0,280981,1414,1509.05
GB0007668071,12605023,CBG,GBP,2019-11-29,1490.0,1517.0,1487.0,1487.0,267460,1136,1496.85
GB0007668071,12605023,CBG,GBP,2019-12-02,1497.0,1497.0,1470.0,1476.0,547516,3021,1477.75
GB0007668071,12605023,CBG,GBP,2019-12-03,1486.0,1486.0,1462.0,1473.0,596205,3480,1470.25
GB0007668071,12605023,CBG,GBP,2019-12-04,1477.0,1495.0,1461.0,1486.0,440462,2379,1481.5
GB0007668071,12605023,CBG,GBP,2019-12-05,1475.0,1500.0,1475.0,1494.0,305992,1488,1492.0
GB0007668071,12605023,CBG,GBP,2019-12-06,1504.0,1511.0,1494.0,1503.0,226585,936,1502.5
GB0007668071,12605023,CBG,GBP,2019-12-09,1491.0,1522.0,1491.0,1514.0,255868,1044,1512.6
GB0007668071,12605023,CBG,GBP,2019-12-10,1511.0,1529.0,1491.0,1507.0,310398,1988,1503.95
GB0007668071,12605023,CBG,GBP,2019-12-11,1506.0,1515.0,1488.0,1510.0,328365,1777,1506.45
GB0007668071,12605023,CBG,GBP,2019-12-12,1525.0,1545.0,1510.0,1533.0,314223,2058,1530.15
GB0007668071,12605023,CBG,GBP,2019-12-13,1600.0,1655.0,1600.0,1625.0,1178497,6418,1626.3
GB0007668071,12605023,CBG,GBP,2019-12-16,1658.0,1663.0,1630.0,1663.0,466265,2424,1654.0
GB0007668071,12605023,CBG,GBP,2019-12-17,1620.0,1636.0,1578.0,1615.0,607196,3168,1610.15
GB0007668071,12605023,CBG,GBP,2019-12-18,1623.0,1623.0,1587.0,1603.0,412639,1967,1601.9
GB0007668071,12605023,CBG,GBP,2019-12-19,1590.0,1609.0,1590.0,1600.0,308600,994,1601.1
GB0007668071,12605023,CBG,GBP,2019-12-20,1609.0,1609.0,1586.0,1589.0,438185,2370,1593.15
GB0007668071,12605023,CBG,GBP,2019-12-23,1598.0,1608.0,1587.0,1597.0,106873,655,1598.35
GB0007668071,12605023,CBG,GBP,2019-12-24,1631.0,1631.0,1600.0,1609.0,31425,164,1607.2
GB0007668071,12605023,CBG,GBP,2019-12-27,1604.0,1619.0,1604.0,1618.0,118399,581,1615.9
GB0007668071,12605023,CBG,GBP,2019-12-30,1616.0,1620.0,1601.0,1611.0,110664,561,1609.55
GB0007668071,12605023,CBG,GBP,2019-12-31,1613.0,1624.0,1598.0,1598.0,37285,223,1600.8
GB0007668071,12605023,CBG,GBP,2020-01-02,1615.0,1637.0,1608.0,1634.0,206890,1155,1630.56
GB0007668071,12605023,CBG,GBP,2020-01-03,1617.0,1629.0,1610.0,1625.0,194632,829,1623.42
GB0007668071,12605023,CBG,GBP,2020-01-06,1600.0,1616.0,1592.0,1613.0,203085,1350,1609.64
GB0007668071,12605023,CBG,GBP,2020-01-07,1641.0,1641.0,1621.0,1625.0,261742,1272,1627.56
GB0007668071,12605023,CBG,GBP,2020-01-08,1612.0,1632.0,1606.0,1626.0,254238,1441,1625.3
GB0007668071,12605023,CBG,GBP,2020-01-09,1631.0,1644.0,1621.0,1626.0,230844,845,1627.02
GB0007668071,12605023,CBG,GBP,2020-01-10,1622.0,1632.0,1594.0,1594.0,258354,1132,1600.44
GB0007668071,12605023,CBG,GBP,2020-01-13,1599.0,1617.0,1591.0,1595.0,262474,1450,1599.72
GB0007668071,12605023,CBG,GBP,2020-01-14,1612.0,1612.0,1589.0,1599.0,220357,1315,1597.44
GB0007668071,12605023,CBG,GBP,2020-01-15,1633.0,1633.0,1586.0,1588.0,242618,1317,1591.14
GB0007668071,12605023,CBG,GBP,2020-01-16,1626.0,1626.0,1570.4,1575.0,355140,1577,1576.08
GB0007668071,12605023,CBG,GBP,2020-01-17,1590.0,1603.0,1573.0,1595.0,182096,1237,1591.58
GB0007668071,12605023,CBG,GBP,2020-01-20,1577.0,1594.0,1571.0,1577.0,184349,1083,1577.62
GB0007668071,12605023,CBG,GBP,2020-01-21,1567.0,1582.6,1555.0,1567.0,293469,1405,1567.88
GB0007668071,12605023,CBG,GBP,2020-01-22,1540.0,1571.0,1442.0,1490.0,971556,5457,1489.52
GB0007668071,12605023,CBG,GBP,2020-01-23,1454.0,1493.0,1454.0,1478.0,611764,3608,1477.76
GB0007668071,12605023,CBG,GBP,2020-01-24,1502.0,1514.0,1488.0,1490.0,386654,2078,1496.08
GB0007668071,12605023,CBG,GBP,2020-01-27,1526.0,1526.0,1445.0,1450.0,383982,1887,1453.3
GB0007668071,12605023,CBG,GBP,2020-01-28,1484.0,1484.0,1447.0,1466.0,377900,1726,1459.72
GB0007668071,12605023,CBG,GBP,2020-01-29,1491.0,1491.0,1461.0,1466.0,236428,1406,1469.58
GB0007668071,12605023,CBG,GBP,2020-01-30,1480.0,1480.0,1437.0,1447.0,345464,1528,1446.96
GB0007668071,12605023,CBG,GBP,2020-01-31,1459.0,1471.0,1415.4,1416.0,636593,1253,1422.12
GB0007668071,12605023,CBG,GBP,2020-02-03,1410.0,1440.0,1410.0,1435.0,309944,1399,1430.6
GB0007668071,12605023,CBG,GBP,2020-02-04,1445.0,1458.0,1443.0,1448.0,263984,1340,1448.84
GB0007668071,12605023,CBG,GBP,2020-02-05,1446.0,1462.0,1436.0,1446.0,317011,1416,1449.92
GB0007668071,12605023,CBG,GBP,2020-02-06,1445.0,1458.0,1429.0,1429.0,366356,1903,1438.94
GB0007668071,12605023,CBG,GBP,2020-02-07,1429.0,1454.0,1425.0,1451.0,301823,1737,1443.88
GB0007668071,12605023,CBG,GBP,2020-02-10,1422.0,1453.0,1422.0,1444.0,184602,1140,1443.92
GB0007668071,12605023,CBG,GBP,2020-02-11,1460.0,1461.0,1442.0,1450.0,253221,1334,1452.5
GB0007668071,12605023,CBG,GBP,2020-02-12,1477.0,1477.0,1450.0,1476.0,647125,2746,1465.06
GB0007668071,12605023,CBG,GBP,2020-02-13,1450.0,1462.0,1442.0,1454.0,376296,1670,1452.98
GB0007668071,12605023,CBG,GBP,2020-02-14,1420.0,1469.0,1420.0,1457.0,231177,1395,1458.32
GB0007668071,12605023,CBG,GBP,2020-02-17,1464.0,1471.0,1439.0,1462.0,86091,489,1461.58
GB0007668071,12605023,CBG,GBP,2020-02-18,1452.0,1462.0,1435.0,1436.0,200256,1053,1446.0
GB0007668071,12605023,CBG,GBP,2020-02-19,1437.0,1445.0,1437.0,1443.0,177179,863,1441.62
GB0007668071,12605023,CBG,GBP,2020-02-20,1429.0,1457.0,1429.0,1446.0,152542,803,1450.54
GB0007668071,12605023,CBG,GBP,2020-02-21,1421.0,1446.0,1421.0,1440.0,280293,1325,1437.54
GB0007668071,12605023,CBG,GBP,2020-02-24,1429.0,1429.0,1383.0,1403.0,338428,2035,1397.5
GB0007668071,12605023,CBG,GBP,2020-02-25,1435.0,1435.0,1367.0,1369.0,339081,2227,1381.5
GB0007668071,12605023,CBG,GBP,2020-02-26,1390.0,1390.0,1333.0,1357.0,346549,2534,1350.2
GB0007668071,12605023,CBG,GBP,2020-02-27,1330.0,1338.0,1295.0,1309.0,584532,3621,1316.1
GB0007668071,12605023,CBG,GBP,2020-02-28,1283.0,1286.0,1244.0,1283.0,650087,3694,1273.98
GB0007668071,12605023,CBG,GBP,2020-03-02,1311.0,1319.0,1259.0,1266.0,663434,4448,1276.92
GB0007668071,12605023,CBG,GBP,2020-03-03,1286.0,1303.0,1277.0,1279.0,556534,3582,1285.78
GB0007668071,12605023,CBG,GBP,2020-03-04,1255.0,1291.0,1255.0,1281.0,489696,3196,1277.12
GB0007668071,12605023,CBG,GBP,2020-03-05,1295.0,1305.0,1235.0,1246.0,401679,2374,1257.06
GB0007668071,12605023,CBG,GBP,2020-03-06,1229.0,1233.0,1201.0,1227.0,395572,2446,1219.86
GB0007668071,12605023,CBG,GBP,2020-03-09,1030.0,1176.0,1014.0,1138.0,964970,6091,1138.68
GB0007668071,12605023,CBG,GBP,2020-03-10,1126.0,1181.0,1110.0,1136.0,765219,4941,1140.38
GB0007668071,12605023,CBG,GBP,2020-03-11,1149.0,1192.0,1131.0,1146.0,992990,6580,1158.08
GB0007668071,12605023,CBG,GBP,2020-03-12,1101.0,1101.0,1016.4,1031.0,906611,6379,1044.96
GB0007668071,12605023,CBG,GBP,2020-03-13,1039.0,1114.0,1027.0,1064.0,1035224,6801,1067.24
GB0007668071,12605023,CBG,GBP,2020-03-16,1039.0,1052.0,937.4,1031.0,924464,5846,990.92
GB0007668071,12605023,CBG,GBP,2020-03-17,1056.0,1063.0,976.4,1047.0,852285,4806,1011.42
GB0007668071,12605023,CBG,GBP,2020-03-18,1028.0,1042.0,947.4,960.0,903490,3543,971.4
GB0007668071,12605023,CBG,GBP,2020-03-19,937.0,951.6,846.4,942.0,801373,3151,914.92
GB0007668071,12605023,CBG,GBP,2020-03-20,976.6,1022.0,929.4,940.4,727440,4080,962.26
GB0007668071,12605023,CBG,GBP,2020-03-23,908.0,961.0,883.4,926.6,571610,2640,927.12
GB0007668071,12605023,CBG,GBP,2020-03-24,949.0,1015.0,936.0,1015.0,499254,2112,995.58
GB0007668071,12605023,CBG,GBP,2020-03-25,1041.0,1116.0,1034.0,1078.0,435961,2473,1071.82
GB0007668071,12605023,CBG,GBP,2020-03-26,1053.0,1166.0,1050.0,1166.0,390371,1954,1121.2
GB0007668071,12605023,CBG,GBP,2020-03-27,1144.0,1144.0,1077.0,1096.0,444463,2201,1095.58
GB0007668071,12605023,CBG,GBP,2020-03-30,1099.0,1102.0,1050.0,1102.0,337994,1533,1087.94
GB0007668071,12605023,CBG,GBP,2020-03-31,1101.0,1143.0,1099.0,1132.0,351909,1712,1123.58
GB0007668071,12605023,CBG,GBP,2020-04-01,1132.0,1132.0,1036.0,1046.0,458196,2059,1058.6
GB0007668071,12605023,CBG,GBP,2020-04-02,1035.0,1039.0,953.4,958.0,338822,1954,978.48
GB0007668071,12605023,CBG,GBP,2020-04-03,976.6,992.6,943.0,943.0,325938,2082,957.7
GB0007668071,12605023,CBG,GBP,2020-04-06,946.4,992.0,946.4,984.6,511527,2595,980.82
GB0007668071,12605023,CBG,GBP,2020-04-07,1002.0,1094.0,1002.0,1042.0,551703,2582,1053.12
GB0007668071,12605023,CBG,GBP,2020-04-08,1032.0,1047.0,1001.0,1034.0,526696,1731,1034.2
GB0007668071,12605023,CBG,GBP,2020-04-09,1050.0,1130.0,1048.0,1107.0,537474,3005,1099.9
GB0007668071,12605023,CBG,GBP,2020-04-14,1118.0,1138.0,1058.0,1060.0,501427,2684,1076.58
GB0007668071,12605023,CBG,GBP,2020-04-15,1058.0,1058.0,1016.0,1025.0,324083,1559,1026.76
GB0007668071,12605023,CBG,GBP,2020-04-16,1011.0,1037.0,970.4,970.6,386963,1853,981.08
GB0007668071,12605023,CBG,GBP,2020-04-17,993.5,1051.0,981.0,1040.0,371896,1699,1033.35
GB0007668071,12605023,CBG,GBP,2020-04-20,1046.0,1058.0,1017.0,1053.0,355353,1807,1040.05
GB0007668071,12605023,CBG,GBP,2020-04-21,1043.0,1052.0,1019.0,1025.0,379047,1925,1026.45
GB0007668071,12605023,CBG,GBP,2020-04-22,1028.0,1056.0,1026.0,1043.0,281569,1660,1040.25
GB0007668071,12605023,CBG,GBP,2020-04-23,1028.0,1083.0,1028.0,1066.0,206474,1133,1064.75
GB0007668071,12605023,CBG,GBP,2020-04-24,1048.0,1056.0,1023.0,1043.0,222896,1027,1038.0
GB0007668071,12605023,CBG,GBP,2020-04-27,1029.0,1056.0,1022.0,1027.0,220373,1389,1031.15
GB0007668071,12605023,CBG,GBP,2020-04-28,1023.0,1100.0,1023.0,1080.0,449395,1883,1068.95
GB0007668071,12605023,CBG,GBP,2020-04-29,1101.0,1153.0,1086.0,1153.0,269844,1896,1126.25
GB0007668071,12605023,CBG,GBP,2020-04-30,1156.0,1180.0,1084.0,1091.0,406287,2103,1116.15
GB0007668071,12605023,CBG,GBP,2020-05-01,1080.0,1083.0,1061.0,1083.0,138642,429,1077.35
GB0007668071,12605023,CBG,GBP,2020-05-04,1078.0,1078.0,1034.0,1034.0,139504,716,1041.75
GB0007668071,12605023,CBG,GBP,2020-05-05,1035.0,1073.0,1035.0,1057.0,151330,995,1054.5
GB0007668071,12605023,CBG,GBP,2020-05-06,1072.0,1072.0,1013.0,1023.0,233537,1397,1032.45
GB0007668071,12605023,CBG,GBP,2020-05-07,1047.0,1088.0,1025.0,1085.0,234908,1147,1076.05
GB0007668071,12605023,CBG,GBP,2020-05-11,1092.0,1098.0,1047.0,1069.0,164479,994,1066.3
GB0007668071,12605023,CBG,GBP,2020-05-12,1064.0,1076.0,1035.0,1045.0,211936,1182,1046.2
GB0007668071,12605023,CBG,GBP,2020-05-13,1032.0,1065.0,1016.0,1050.0,240189,1380,1053.1
GB0007668071,12605023,CBG,GBP,2020-05-14,1030.0,1041.0,971.0,1010.0,273015,1394,1002.25
GB0007668071,12605023,CBG,GBP,2020-05-15,1020.0,1056.0,1000.0,1027.0,228395,1050,1028.3
GB0007668071,12605023,CBG,GBP,2020-05-18,1052.0,1077.0,1037.0,1073.0,231039,1028,1061.0
GB0007668071,12605023,CBG,GBP,2020-05-19,1086.0,1097.0,1059.0,1077.0,211927,1070,1075.2
GB0007668071,12605023,CBG,GBP,2020-05-20,1080.0,1080.0,1061.0,1080.0,258196,1247,1075.6
GB0007668071,12605023,CBG,GBP,2020-05-21,1070.0,1090.0,1059.0,1081.0,180373,722,1078.65
GB0007668071,12605023,CBG,GBP,2020-05-22,1077.0,1077.0,1035.0,1050.0,329850,1695,1053.4
GB0007668071,12605023,CBG,GBP,2020-05-26,1075.0,1098.0,1063.0,1089.0,304303,1716,1086.45
GB0007668071,12605023,CBG,GBP,2020-05-27,1090.0,1121.0,1080.0,1114.0,383422,2576,1103.65
GB0007668071,12605023,CBG,GBP,2020-05-28,1118.0,1138.0,1092.0,1120.0,343458,1413,1115.0
GB0007668071,12605023,CBG,GBP,2020-05-29,1093.0,1121.0,1072.0,1078.0,340913,1384,1086.05
GB0007668071,12605023,CBG,GBP,2020-06-01,1100.0,1105.0,1053.0,1074.0,239655,1440,1074.05
GB0007668071,12605023,CBG,GBP,2020-06-02,1075.0,1111.0,1061.0,1107.0,348113,1772,1100.0
GB0007668071,12605023,CBG,GBP,2020-06-03,1120.0,1180.0,1108.0,1168.0,451914,2919,1157.6
GB0007668071,12605023,CBG,GBP,2020-06-04,1158.0,1178.0,1145.0,1166.0,258650,1854,1163.65
GB0007668071,12605023,CBG,GBP,2020-06-05,1183.0,1227.0,1181.0,1227.0,263943,1724,1214.75
GB0007668071,12605023,CBG,GBP,2020-06-08,1228.0,1260.0,1208.0,1228.0,306221,2130,1229.7
GB0007668071,12605023,CBG,GBP,2020-06-09,1199.0,1217.0,1146.0,1155.0,405270,2355,1160.9
GB0007668071,12605023,CBG,GBP,2020-06-10,1151.0,1179.0,1114.0,1124.0,260306,1679,1135.05
GB0007668071,12605023,CBG,GBP,2020-06-11,1121.0,1125.0,1068.0,1077.0,213958,1369,1083.8
GB0007668071,12605023,CBG,GBP,2020-06-12,1054.0,1106.0,1050.0,1078.0,274807,1990,1082.8
GB0007668071,12605023,CBG,GBP,2020-06-15,1053.0,1067.0,1031.0,1061.0,410227,3109,1051.2
GB0007668071,12605023,CBG,GBP,2020-06-16,1068.0,1121.0,1065.0,1104.0,287517,2267,1101.05
GB0007668071,12605023,CBG,GBP,2020-06-17,1100.0,1132.0,1093.0,1097.0,501349,2249,1102.95
GB0007668071,12605023,CBG,GBP,2020-06-18,1089.0,1106.0,1069.0,1087.0,188842,1275,1087.15
GB0007668071,12605023,CBG,GBP,2020-06-19,1093.0,1111.0,1080.0,1092.0,515234,1508,1094.2
GB0007668071,12605023,CBG,GBP,2020-06-22,1081.0,1120.0,1064.0,1112.0,407776,1963,1104.9
GB0007668071,12605023,CBG,GBP,2020-06-23,1110.0,1128.0,1103.0,1122.0,271577,1769,1119.75
GB0007668071,12605023,CBG,GBP,2020-06-24,1110.0,1129.0,1092.0,1092.0,374195,1748,1101.1
GB0007668071,12605023,CBG,GBP,2020-06-25,1070.0,1112.0,1062.0,1110.0,182287,1214,1097.2
GB0007668071,12605023,CBG,GBP,2020-06-26,1112.0,1126.0,1091.0,1092.0,138547,989,1100.85
GB0007668071,12605023,CBG,GBP,2020-06-29,1095.0,1123.0,1078.0,1117.0,136434,1084,1111.1
GB0007668071,12605023,CBG,GBP,2020-06-30,1093.0,1122.0,1093.0,1105.0,288991,1361,1105.1
GB0007668071,12605023,CBG,GBP,2020-07-01,1121.0,1165.0,1115.0,1119.0,345457,2031,1128.1
GB0007668071,12605023,CBG,GBP,2020-07-02,1140.0,1166.0,1124.0,1149.0,148198,878,1151.4
GB0007668071,12605023,CBG,GBP,2020-07-03,1149.0,1157.0,1094.0,1113.0,245951,1323,1108.3
GB0007668071,12605023,CBG,GBP,2020-07-06,1128.0,1168.0,1106.0,1163.0,173064,870,1158.35
GB0007668071,12605023,CBG,GBP,2020-07-07,1135.0,1164.0,1135.0,1143.0,162215,742,1147.55
GB0007668071,12605023,CBG,GBP,2020-07-08,1155.0,1155.0,1114.0,1129.0,176672,1033,1128.5
GB0007668071,12605023,CBG,GBP,2020-07-09,1135.0,1137.0,1108.0,1108.0,177309,1126,1122.35
GB0007668071,12605023,CBG,GBP,2020-07-10,1117.0,1141.0,1108.0,1131.0,327032,1546,1128.45
GB0007668071,12605023,CBG,GBP,2020-07-13,1146.0,1165.0,1128.0,1143.0,203218,1088,1140.9
GB0007668071,12605023,CBG,GBP,2020-07-14,1139.0,1146.0,1123.0,1138.0,176496,1183,1137.1
GB0007668071,12605023,CBG,GBP,2020-07-15,1160.0,1165.0,1127.0,1163.0,175417,1303,1156.15
GB0007668071,12605023,CBG,GBP,2020-07-16,1135.0,1160.0,1135.0,1156.0,210661,1075,1153.3
GB0007668071,12605023,CBG,GBP,2020-07-17,1149.0,1161.0,1131.0,1139.0,177427,1082,1140.05
GB0007668071,12605023,CBG,GBP,2020-07-20,1123.0,1148.0,1123.0,1131.0,178093,1122,1132.0
GB0007668071,12605023,CBG,GBP,2020-07-21,1155.0,1188.0,1146.0,1163.0,204380,1241,1165.4
GB0007668071,12605023,CBG,GBP,2020-07-22,1147.0,1189.0,1142.0,1181.0,256211,1236,1175.3
GB0007668071,12605023,CBG,GBP,2020-07-23,1185.0,1186.0,1162.0,1180.0,357462,2275,1179.7
GB0007668071,12605023,CBG,GBP,2020-07-24,1156.0,1184.0,1156.0,1165.0,254531,1225,1171.0
GB0007668071,12605023,CBG,GBP,2020-07-27,1167.0,1170.0,1153.0,1160.0,267360,1134,1161.45
GB0007668071,12605023,CBG,GBP,2020-07-28,1161.0,1172.0,1155.0,1155.0,174448,1184,1159.05
GB0007668071,12605023,CBG,GBP,2020-07-29,1183.0,1183.0,1139.0,1145.0,133224,819,1146.45
GB0007668071,12605023,CBG,GBP,2020-07-30,1128.0,1128.0,1092.0,1107.0,120824,634,1105.6
GB0007668071,12605023,CBG,GBP,2020-07-31,1107.0,1116.0,1092.0,1096.0,213387,1231,1100.45
GB0007668071,12605023,CBG,GBP,2020-08-03,1097.0,1112.0,1077.0,1101.0,159771,861,1099.5
GB0007668071,12605023,CBG,GBP,2020-08-04,1119.0,1123.0,1102.0,1117.0,298953,1716,1111.55
GB0007668071,12605023,CBG,GBP,2020-08-05,1141.0,1141.0,1088.0,1109.0,285148,1395,1105.85
GB0007668071,12605023,CBG,GBP,2020-08-06,1109.0,1113.0,1091.0,1100.0,216934,932,1101.05
GB0007668071,12605023,CBG,GBP,2020-08-07,1099.0,1104.0,1089.0,1094.0,127678,818,1095.4
GB0007668071,12605023,CBG,GBP,2020-08-10,1103.0,1129.0,1101.0,1127.0,150476,857,1122.35
GB0007668071,12605023,CBG,GBP,2020-08-11,1139.0,1170.0,1137.0,1161.0,268196,1373,1159.65
GB0007668071,12605023,CBG,GBP,2020-08-12,1152.0,1203.0,1152.0,1182.0,170581,1053,1187.85
GB0007668071,12605023,CBG,GBP,2020-08-13,1175.0,1199.0,1165.0,1167.0,130144,742,1176.3
GB0007668071,12605023,CBG,GBP,2020-08-14,1151.0,1164.0,1138.5,1156.0,259067,1493,1151.1
GB0007668071,12605023,CBG,GBP,2020-08-17,1128.0,1168.0,1128.0,1162.0,153938,869,1161.95
GB0007668071,12605023,CBG,GBP,2020-08-18,1139.0,1168.0,1139.0,1146.0,145677,575,1152.65
GB0007668071,12605023,CBG,GBP,2020-08-19,1127.0,1156.0,1127.0,1138.0,278272,1308,1139.55
GB0007668071,12605023,CBG,GBP,2020-08-20,1123.0,1128.0,1099.0,1108.0,120608,673,1111.0
GB0007668071,12605023,CBG,GBP,2020-08-21,1135.0,1135.0,1088.0,1097.0,161389,885,1098.8
GB0007668071,12605023,CBG,GBP,2020-08-24,1076.0,1117.0,1076.0,1117.0,187596,1338,1111.9
GB0007668071,12605023,CBG,GBP,2020-08-25,1118.0,1148.0,1098.0,1099.0,118325,792,1109.5
GB0007668071,12605023,CBG,GBP,2020-08-26,1117.0,1117.0,1092.0,1110.0,123132,847,1107.9
GB0007668071,12605023,CBG,GBP,2020-08-27,1104.0,1126.0,1104.0,1112.0,127336,950,1112.95
GB0007668071,12605023,CBG,GBP,2020-08-28,1125.0,1125.0,1102.0,1123.0,235239,1422,1118.85
GB0007668071,12605023,CBG,GBP,2020-09-01,1120.0,1121.0,1070.0,1072.0,294942,1611,1078.75
GB0007668071,12605023,CBG,GBP,2020-09-02,1098.0,1098.0,1073.0,1078.0,134710,1077,1080.15
GB0007668071,12605023,CBG,GBP,2020-09-03,1074.0,1105.0,1073.0,1073.0,240821,1257,1079.0
GB0007668071,12605023,CBG,GBP,2020-09-04,1087.0,1098.0,1072.0,1073.0,96557,1092,1080.0
GB0007668071,12605023,CBG,GBP,2020-09-07,1099.0,1099.0,1072.0,1086.0,89148,724,1083.35
GB0007668071,12605023,CBG,GBP,2020-09-08,1081.5,1091.0,1068.0,1083.0,153506,962,1080.65
GB0007668071,12605023,CBG,GBP,2020-09-09,1087.0,1095.0,1073.0,1089.0,186376,1226,1085.05
GB0007668071,12605023,CBG,GBP,2020-09-10,1104.0,1106.0,1065.0,1073.0,187402,1246,1079.7
GB0007668071,12605023,CBG,GBP,2020-09-11,1082.0,1092.0,1066.5,1075.0,107409,619,1078.05
GB0007668071,12605023,CBG,GBP,2020-09-14,1060.0,1084.0,1060.0,1072.0,196012,1579,1071.15
GB0007668071,12605023,CBG,GBP,2020-09-15,1097.0,1097.0,1068.0,1083.0,147901,852,1080.55
GB0007668071,12605023,CBG,GBP,2020-09-16,1100.0,1100.0,1072.0,1090.0,240118,1201,1086.65
GB0007668071,12605023,CBG,GBP,2020-09-17,1081.0,1086.0,1071.0,1071.0,235858,1114,1075.4
GB0007668071,12605023,CBG,GBP,2020-09-18,1064.0,1073.0,1034.0,1034.0,422882,1654,1042.8
GB0007668071,12605023,CBG,GBP,2020-09-21,1028.0,1028.0,962.0,962.5,392654,2510,973.05
GB0007668071,12605023,CBG,GBP,2020-09-22,980.0,1014.0,957.0,999.0,539808,2944,995.55
GB0007668071,12605023,CBG,GBP,2020-09-23,1000.0,1018.0,986.5,1001.0,447042,2722,1006.75
GB0007668071,12605023,CBG,GBP,2020-09-24,986.0,1004.0,970.5,975.0,336969,1998,982.2
GB0007668071,12605023,CBG,GBP,2020-09-25,973.0,980.0,941.0,946.5,335182,2118,952.7
GB0007668071,12605023,CBG,GBP,2020-09-28,955.0,1024.0,951.0,1018.0,437599,1800,1011.75
GB0007668071,12605023,CBG,GBP,2020-09-29,1004.0,1012.0,995.0,998.0,276790,1409,1000.0
GB0007668071,12605023,CBG,GBP,2020-09-30,1019.0,1029.0,1000.0,1021.0,240240,1526,1020.55
GB0007668071,12605023,CBG,GBP,2020-10-01,1010.0,1031.0,1003.0,1028.0,322584,1088,1021.95
GB0007668071,12605023,CBG,GBP,2020-10-02,1018.0,1050.0,1014.0,1048.0,409915,2038,1035.4
GB0007668071,12605023,CBG,GBP,2020-10-05,1057.0,1077.0,1041.0,1055.0,325534,1839,1055.15
GB0007668071,12605023,CBG,GBP,2020-10-06,1079.0,1079.0,1054.0,1069.0,255986,1355,1067.7
GB0007668071,12605023,CBG,GBP,2020-10-07,1074.0,1088.0,1063.0,1070.0,280155,1519,1074.25
GB0007668071,12605023,CBG,GBP,2020-10-08,1096.0,1108.0,1083.0,1097.0,238015,1379,1095.6
GB0007668071,12605023,CBG,GBP,2020-10-09,1072.0,1105.0,1065.0,1080.0,297633,1660,1081.0
GB0007668071,12605023,CBG,GBP,2020-10-12,1087.0,1093.0,1075.0,1081.0,151581,860,1081.45
GB0007668071,12605023,CBG,GBP,2020-10-13,1095.0,1095.0,1061.0,1068.0,249454,1386,1070.4
GB0007668071,12605023,CBG,GBP,2020-10-14,1070.0,1078.0,1053.0,1078.0,274518,1021,1072.75
GB0007668071,12605023,CBG,GBP,2020-10-15,1037.0,1037.0,1011.0,1034.0,262670,1385,1028.9
GB0007668071,12605023,CBG,GBP,2020-10-16,1049.0,1049.0,1015.0,1019.0,298875,1129,1020.7
GB0007668071,12605023,CBG,GBP,2020-10-19,1026.0,1037.0,1013.0,1027.0,162640,993,1025.85
GB0007668071,12605023,CBG,GBP,2020-10-20,1050.0,1050.0,1015.0,1045.0,241936,909,1040.15
GB0007668071,12605023,CBG,GBP,2020-10-21,1051.0,1062.5,1042.0,1060.0,267469,1711,1056.75
GB0007668071,12605023,CBG,GBP,2020-10-22,1070.0,1070.0,1049.0,1063.0,243750,1407,1060.9
GB0007668071,12605023,CBG,GBP,2020-10-23,1086.0,1098.0,1073.0,1098.0,257605,1423,1092.2
GB0007668071,12605023,CBG,GBP,2020-10-26,1096.0,1111.0,1074.0,1094.0,223809,916,1095.3
GB0007668071,12605023,CBG,GBP,2020-10-27,1111.0,1111.0,1054.0,1065.0,281857,1822,1069.45
GB0007668071,12605023,CBG,GBP,2020-10-28,1056.0,1065.0,1041.0,1061.0,366361,2545,1057.4
GB0007668071,12605023,CBG,GBP,2020-10-29,1077.0,1083.0,1059.0,1066.0,287923,2160,1070.2
GB0007668071,12605023,CBG,GBP,2020-10-30,1055.0,1077.0,1055.0,1077.0,180952,1512,1070.8
GB0007668071,12605023,CBG,GBP,2020-11-02,1067.0,1070.0,1049.0,1063.0,307131,1875,1061.95
GB0007668071,12605023,CBG,GBP,2020-11-03,1083.0,1098.0,1065.0,1097.0,343022,2365,1091.9
GB0007668071,12605023,CBG,GBP,2020-11-04,1071.0,1121.0,1071.0,1121.0,382765,2729,1110.15
GB0007668071,12605023,CBG,GBP,2020-11-05,1128.0,1131.0,1101.0,1118.0,589768,1932,1117.7
GB0007668071,12605023,CBG,GBP,2020-11-06,1120.0,1147.0,1107.0,1116.0,201237,1511,1120.35
GB0007668071,12605023,CBG,GBP,2020-11-09,1125.0,1222.0,1105.0,1215.0,409540,3214,1190.95
GB0007668071,12605023,CBG,GBP,2020-11-10,1215.0,1298.0,1204.0,1286.0,383473,2671,1274.8
GB0007668071,12605023,CBG,GBP,2020-11-11,1295.0,1345.0,1271.0,1333.0,340472,2872,1313.4
GB0007668071,12605023,CBG,GBP,2020-11-12,1329.0,1343.0,1303.0,1313.0,590785,3834,1319.55
GB0007668071,12605023,CBG,GBP,2020-11-13,1306.0,1336.0,1300.0,1322.0,311141,2211,1321.5
GB0007668071,12605023,CBG,GBP,2020-11-16,1340.0,1387.0,1332.0,1366.0,304516,2506,1364.0
GB0007668071,12605023,CBG,GBP,2020-11-17,1379.0,1388.0,1351.0,1374.0,350412,2105,1367.5
GB0007668071,12605023,CBG,GBP,2020-11-18,1367.0,1380.0,1358.0,1376.0,390785,2815,1369.7
GB0007668071,12605023,CBG,GBP,2020-11-19,1364.0,1392.0,1317.0,1352.0,378389,2582,1351.15
GB0007668071,12605023,CBG,GBP,2020-11-20,1363.0,1381.0,1343.0,1379.0,303579,2325,1368.1
GB0007668071,12605023,CBG,GBP,2020-11-23,1390.0,1403.5,1388.0,1396.0,217679,1550,1395.45
GB0007668071,12605023,CBG,GBP,2020-11-24,1395.0,1405.0,1377.5,1395.0,442742,2395,1395.35
GB0007668071,12605023,CBG,GBP,2020-11-25,1400.0,1405.0,1357.0,1358.0,320435,2083,1365.2
GB0007668071,12605023,CBG,GBP,2020-11-26,1361.0,1365.0,1317.0,1326.0,359033,2875,1327.95
GB0007668071,12605023,CBG,GBP,2020-11-27,1349.0,1349.0,1284.0,1316.0,649895,4379,1306.1
GB0007668071,12605023,CBG,GBP,2020-11-30,1312.0,1325.0,1294.0,1294.0,501482,2374,1302.25
GB0007668071,12605023,CBG,GBP,2020-12-01,1287.0,1357.0,1287.0,1354.0,352647,2335,1334.55
GB0007668071,12605023,CBG,GBP,2020-12-02,1327.0,1373.0,1327.0,1371.0,221920,1674,1363.35
GB0007668071,12605023,CBG,GBP,2020-12-03,1360.0,1398.0,1360.0,1398.0,361267,1944,1391.7
GB0007668071,12605023,CBG,GBP,2020-12-04,1413.0,1418.0,1385.0,1393.0,284900,1895,1397.7
GB0007668071,12605023,CBG,GBP,2020-12-07,1410.0,1410.0,1357.5,1378.0,233279,1380,1376.3
GB0007668071,12605023,CBG,GBP,2020-12-08,1354.0,1382.0,1354.0,1370.0,180793,1325,1370.85
GB0007668071,12605023,CBG,GBP,2020-12-09,1346.0,1382.0,1346.0,1356.0,170268,1236,1360.4
GB0007668071,12605023,CBG,GBP,2020-12-10,1369.0,1370.0,1308.0,1337.0,247225,1478,1331.35
GB0007668071,12605023,CBG,GBP,2020-12-11,1311.0,1329.0,1299.0,1320.0,250625,1207,1313.7
GB0007668071,12605023,CBG,GBP,2020-12-14,1298.0,1374.0,1298.0,1329.0,222427,1298,1339.25
GB0007668071,12605023,CBG,GBP,2020-12-15,1346.0,1379.0,1326.0,1372.0,362672,1617,1360.2
GB0007668071,12605023,CBG,GBP,2020-12-16,1350.0,1411.0,1350.0,1380.0,327179,1590,1388.2
GB0007668071,12605023,CBG,GBP,2020-12-17,1383.0,1403.0,1377.0,1377.0,353881,2470,1383.25
GB0007668071,12605023,CBG,GBP,2020-12-18,1404.0,1404.0,1363.0,1386.0,412165,2344,1386.7
GB0007668071,12605023,CBG,GBP,2020-12-21,1373.0,1373.0,1291.0,1338.0,271790,2258,1327.0
GB0007668071,12605023,CBG,GBP,2020-12-22,1317.0,1369.0,1317.0,1359.0,128602,937,1356.25
GB0007668071,12605023,CBG,GBP,2020-12-23,1377.0,1412.0,1359.0,1403.0,154708,1051,1395.9
GB0007668071,12605023,CBG,GBP,2020-12-24,1401.0,1447.0,1401.0,1445.0,50849,516,1436.7
GB0007668071,12605023,CBG,GBP,2020-12-29,1460.0,1460.0,1413.0,1426.0,306793,2428,1434.5
GB0007668071,12605023,CBG,GBP,2020-12-30,1424.0,1446.0,1407.0,1412.0,108752,798,1417.55
GB0007668071,12605023,CBG,GBP,2020-12-31,1410.0,1416.0,1382.0,1382.0,67942,518,1390.1
GB0007668071,12605023,CBG,GBP,2021-01-04,1395.0,1409.0,1373.0,1392.0,222308,1738,1394.45
GB0007668071,12605023,CBG,GBP,2021-01-05,1383.0,1408.0,1379.0,1397.0,254410,1815,1397.25
GB0007668071,12605023,CBG,GBP,2021-01-06,1400.0,1456.0,1386.0,1453.0,291410,2245,1429.2
GB0007668071,12605023,CBG,GBP,2021-01-07,1450.0,1469.0,1438.0,1458.0,222572,1517,1456.5
GB0007668071,12605023,CBG,GBP,2021-01-08,1466.0,1469.5,1449.0,1455.0,269628,1903,1458.5
GB0007668071,12605023,CBG,GBP,2021-01-11,1426.0,1465.0,1409.0,1415.0,191912,1568,1421.05
GB0007668071,12605023,CBG,GBP,2021-01-12,1387.0,1430.0,1387.0,1419.0,125168,1156,1417.2
GB0007668071,12605023,CBG,GBP,2021-01-13,1383.0,1425.0,1383.0,1394.0,117840,962,1396.05
GB0007668071,12605023,CBG,GBP,2021-01-14,1417.0,1448.0,1403.0,1422.0,187547,1468,1425.7
GB0007668071,12605023,CBG,GBP,2021-01-15,1424.0,1437.0,1394.0,1405.0,224228,1667,1408.5
GB0007668071,12605023,CBG,GBP,2021-01-18,1374.0,1418.0,1374.0,1410.0,113913,907,1408.4
GB0007668071,12605023,CBG,GBP,2021-01-19,1436.0,1436.0,1390.0,1397.0,137849,1028,1400.25
GB0007668071,12605023,CBG,GBP,2021-01-20,1427.0,1427.0,1394.0,1419.0,182174,1762,1412.6
GB0007668071,12605023,CBG,GBP,2021-01-21,1385.0,1476.0,1385.0,1447.0,302279,2670,1454.25
GB0007668071,12605023,CBG,GBP,2021-01-22,1477.0,1477.0,1435.0,1438.0,223677,1639,1443.5
GB0007668071,12605023,CBG,GBP,2021-01-25,1471.0,1471.0,1412.0,1417.0,219279,1657,1423.95
GB0007668071,12605023,CBG,GBP,2021-01-26,1422.0,1446.0,1411.5,1436.0,196104,1466,1434.95
GB0007668071,12605023,CBG,GBP,2021-01-27,1405.0,1429.0,1405.0,1420.0,297984,2228,1415.75
GB0007668071,12605023,CBG,GBP,2021-01-28,1406.0,1450.0,1388.0,1442.0,314245,2380,1425.1
GB0007668071,12605023,CBG,GBP,2021-01-29,1430.0,1430.0,1398.0,1410.0,291461,2376,1413.8
GB0007668071,12605023,CBG,GBP,2021-02-01,1402.0,1440.0,1402.0,1418.0,152546,1643,1420.95
GB0007668071,12605023,CBG,GBP,2021-02-02,1404.0,1459.0,1404.0,1459.0,171466,1065,1452.55
GB0007668071,12605023,CBG,GBP,2021-02-03,1466.0,1480.0,1456.0,1466.0,215357,1823,1465.15
GB0007668071,12605023,CBG,GBP,2021-02-04,1480.0,1534.5,1463.0,1516.0,405361,3017,1509.9
GB0007668071,12605023,CBG,GBP,2021-02-05,1489.0,1532.0,1489.0,1519.0,339914,2419,1519.85
GB0007668071,12605023,CBG,GBP,2021-02-08,1487.0,1534.0,1487.0,1530.0,192570,1586,1526.25
GB0007668071,12605023,CBG,GBP,2021-02-09,1526.0,1549.0,1515.0,1544.0,309840,2943,1538.7
GB0007668071,12605023,CBG,GBP,2021-02-10,1557.0,1560.0,1523.0,1550.0,315142,2431,1546.9
GB0007668071,12605023,CBG,GBP,2021-02-11,1551.0,1556.0,1529.0,1545.0,180902,1621,1542.75
GB0007668071,12605023,CBG,GBP,2021-02-12,1550.0,1559.0,1522.0,1555.0,176347,1167,1550.0
GB0007668071,12605023,CBG,GBP,2021-02-15,1562.0,1607.0,1562.0,1606.0,136623,1145,1599.8
GB0007668071,12605023,CBG,GBP,2021-02-16,1567.0,1628.0,1567.0,1616.0,319562,2355,1610.3
GB0007668071,12605023,CBG,GBP,2021-02-17,1627.0,1627.0,1565.0,1571.0,334427,2601,1577.35
GB0007668071,12605023,CBG,GBP,2021-02-18,1560.0,1580.5,1532.0,1537.0,321222,2283,1541.9
GB0007668071,12605023,CBG,GBP,2021-02-19,1565.0,1565.0,1526.0,1554.0,160723,1209,1551.3
GB0007668071,12605023,CBG,GBP,2021-02-22,1520.0,1552.0,1520.0,1548.0,222856,2187,1540.2
GB0007668071,12605023,CBG,GBP,2021-02-23,1579.0,1584.0,1548.0,1570.0,286368,2563,1567.9
GB0007668071,12605023,CBG,GBP,2021-02-24,1590.0,1590.0,1556.0,1573.0,331325,2962,1573.15
GB0007668071,12605023,CBG,GBP,2021-02-25,1550.0,1599.0,1550.0,1574.0,352429,2480,1579.45
GB0007668071,12605023,CBG,GBP,2021-02-26,1565.0,1568.0,1543.0,1555.0,390400,2635,1556.75
GB0007668071,12605023,CBG,GBP,2021-03-01,1570.0,1587.0,1564.0,1571.0,209146,1702,1574.05
GB0007668071,12605023,CBG,GBP,2021-03-02,1552.0,1586.0,1552.0,1579.0,199674,1205,1579.45
GB0007668071,12605023,CBG,GBP,2021-03-03,1574.0,1640.0,1570.0,1640.0,389170,3108,1616.4
GB0007668071,12605023,CBG,GBP,2021-03-04,1623.0,1645.0,1615.0,1640.0,463440,3996,1631.45
GB0007668071,12605023,CBG,GBP,2021-03-05,1631.0,1663.0,1622.0,1632.0,354059,2809,1639.8
GB0007668071,12605023,CBG,GBP,2021-03-08,1650.0,1684.0,1642.0,1678.0,231151,2377,1669.85
GB0007668071,12605023,CBG,GBP,2021-03-09,1700.0,1700.0,1660.0,1672.0,216855,1938,1669.85
GB0007668071,12605023,CBG,GBP,2021-03-10,1651.0,1696.0,1651.0,1682.0,248716,2646,1680.2
GB0007668071,12605023,CBG,GBP,2021-03-11,1694.0,1700.0,1660.0,1684.0,243468,2224,1681.9
GB0007668071,12605023,CBG,GBP,2021-03-12,1660.0,1691.0,1660.0,1685.0,151621,1346,1682.9
GB0007668071,12605023,CBG,GBP,2021-03-15,1699.0,1700.0,1636.0,1650.0,240850,2554,1656.4
GB0007668071,12605023,CBG,GBP,2021-03-16,1644.0,1685.0,1610.0,1663.0,658735,4082,1649.3
GB0007668071,12605023,CBG,GBP,2021-03-17,1633.0,1654.0,1618.0,1647.0,363777,2687,1643.65
GB0007668071,12605023,CBG,GBP,2021-03-18,1659.0,1661.0,1633.0,1633.0,434713,2992,1638.85
GB0007668071,12605023,CBG,GBP,2021-03-19,1640.0,1640.0,1590.0,1609.0,687075,4097,1606.3
GB0007668071,12605023,CBG,GBP,2021-03-22,1587.0,1621.0,1580.0,1588.0,267371,2625,1597.0
GB0007668071,12605023,CBG,GBP,2021-03-23,1625.0,1625.0,1561.0,1570.0,267395,2069,1570.85
GB0007668071,12605023,CBG,GBP,2021-03-24,1582.0,1586.5,1548.0,1580.0,230943,2257,1576.9
GB0007668071,12605023,CBG,GBP,2021-03-25,1564.0,1564.0,1515.0,1531.0,261807,1954,1531.3
GB0007668071,12605023,CBG,GBP,2021-03-26,1551.0,1559.0,1532.0,1542.0,230313,1605,1544.0
GB0007668071,12605023,CBG,GBP,2021-03-29,1579.0,1579.0,1523.0,1523.0,172058,1404,1531.35
GB0007668071,12605023,CBG,GBP,2021-03-30,1538.0,1560.0,1526.0,1560.0,106627,1035,1554.7
GB0007668071,12605023,CBG,GBP,2021-03-31,1553.0,1564.0,1551.0,1551.0,299470,2092,1555.75
GB0007668071,12605023,CBG,GBP,2021-04-01,1554.0,1565.0,1549.0,1561.0,173567,1188,1558.45
GB0007668071,12605023,CBG,GBP,2021-04-06,1555.0,1602.0,1555.0,1567.0,201196,1454,1576.45
GB0007668071,12605023,CBG,GBP,2021-04-07,1605.0,1608.0,1577.0,1606.0,196384,877,1603.1
GB0007668071,12605023,CBG,GBP,2021-04-08,1587.0,1624.0,1587.0,1621.0,207911,1492,1617.2
GB0007668071,12605023,CBG,GBP,2021-04-09,1631.0,1631.0,1608.0,1623.0,250327,1976,1620.05
GB0007668071,12605023,CBG,GBP,2021-04-12,1628.0,1628.0,1604.0,1616.0,195219,2060,1613.4
GB0007668071,12605023,CBG,GBP,2021-04-13,1590.0,1631.0,1590.0,1612.0,141889,1252,1615.15
GB0007668071,12605023,CBG,GBP,2021-04-14,1576.0,1618.0,1576.0,1618.0,152802,1283,1608.4
GB0007668071,12605023,CBG,GBP,2021-04-15,1630.0,1638.0,1604.0,1606.0,214753,1246,1612.45
GB0007668071,12605023,CBG,GBP,2021-04-16,1624.0,1627.0,1606.0,1616.0,226340,1617,1615.05
GB0007668071,12605023,CBG,GBP,2021-04-19,1591.0,1622.0,1591.0,1609.0,210856,1361,1611.5
GB0007668071,12605023,CBG,GBP,2021-04-20,1648.0,1648.0,1556.0,1556.0,207302,1978,1569.25
GB0007668071,12605023,CBG,GBP,2021-04-21,1545.0,1570.0,1543.0,1558.0,218636,1601,1559.7
GB0007668071,12605023,CBG,GBP,2021-04-22,1565.0,1567.0,1536.5,1548.0,268708,2086,1545.95
GB0007668071,12605023,CBG,GBP,2021-04-23,1546.0,1573.0,1535.0,1573.0,177894,1283,1560.55
GB0007668071,12605023,CBG,GBP,2021-04-26,1535.0,1611.0,1535.0,1602.0,155052,1664,1598.65
GB0007668071,12605023,CBG,GBP,2021-04-27,1600.0,1611.0,1585.0,1587.0,164207,1300,1589.65
GB0007668071,12605023,CBG,GBP,2021-04-28,1585.0,1601.0,1575.0,1586.0,212991,1773,1585.4
GB0007668071,12605023,CBG,GBP,2021-04-29,1549.0,1585.0,1549.0,1579.0,208910,2180,1578.8
GB0007668071,12605023,CBG,GBP,2021-04-30,1567.0,1593.0,1566.0,1588.0,255795,1831,1584.85
GB0007668071,12605023,CBG,GBP,2021-05-04,1610.0,1618.0,1594.0,1598.0,251908,2172,1602.8
GB0007668071,12605023,CBG,GBP,2021-05-05,1604.0,1624.0,1604.0,1624.0,191282,1796,1616.25
GB0007668071,12605023,CBG,GBP,2021-05-06,1654.0,1654.0,1619.0,1625.0,157177,1615,1627.15
GB0007668071,12605023,CBG,GBP,2021-05-07,1626.0,1645.0,1621.0,1637.0,135464,1714,1636.05
GB0007668071,12605023,CBG,GBP,2021-05-10,1601.0,1650.0,1601.0,1633.0,197408,1495,1628.7
GB0007668071,12605023,CBG,GBP,2021-05-11,1616.0,1622.0,1594.0,1595.0,305499,1946,1599.05
GB0007668071,12605023,CBG,GBP,2021-05-12,1569.0,1605.0,1569.0,1598.0,170656,1482,1592.95
GB0007668071,12605023,CBG,GBP,2021-05-13,1592.0,1592.0,1566.0,1588.0,138898,1678,1580.2
GB0007668071,12605023,CBG,GBP,2021-05-14,1626.0,1626.0,1596.0,1601.0,147152,1523,1601.65
GB0007668071,12605023,CBG,GBP,2021-05-17,1630.0,1630.0,1582.0,1584.0,89108,764,1588.15
GB0007668071,12605023,CBG,GBP,2021-05-18,1622.0,1622.0,1580.0,1587.0,106507,915,1588.2
GB0007668071,12605023,CBG,GBP,2021-05-19,1580.0,1589.0,1560.0,1575.0,173430,1560,1572.7
GB0007668071,12605023,CBG,GBP,2021-05-20,1584.0,1607.0,1569.0,1578.0,230001,1974,1574.7
GB0007668071,12605023,CBG,GBP,2021-05-21,1546.0,1610.0,1546.0,1604.0,205993,1872,1598.9
GB0007668071,12605023,CBG,GBP,2021-05-24,1600.0,1627.0,1600.0,1613.0,135673,686,1613.45
GB0007668071,12605023,CBG,GBP,2021-05-25,1619.0,1625.0,1595.0,1607.0,183407,1772,1604.95
GB0007668071,12605023,CBG,GBP,2021-05-26,1615.0,1641.5,1600.0,1619.0,201027,1980,1619.1
GB0007668071,12605023,CBG,GBP,2021-05-27,1649.0,1649.0,1608.0,1613.0,482648,2770,1618.5
GB0007668071,12605023,CBG,GBP,2021-05-28,1649.0,1652.0,1616.0,1641.0,219034,1783,1642.55
GB0007668071,12605023,CBG,GBP,2021-06-01,1652.0,1652.0,1629.0,1645.0,97078,927,1641.55
GB0007668071,12605023,CBG,GBP,2021-06-02,1685.0,1685.0,1630.0,1644.0,116896,874,1641.35
GB0007668071,12605023,CBG,GBP,2021-06-03,1604.0,1641.0,1604.0,1633.0,160223,1351,1632.35
GB0007668071,12605023,CBG,GBP,2021-06-04,1595.0,1634.0,1595.0,1610.0,135671,1361,1612.45
GB0007668071,12605023,CBG,GBP,2021-06-07,1625.0,1638.0,1610.0,1631.0,126388,947,1630.05
GB0007668071,12605023,CBG,GBP,2021-06-08,1630.0,1640.0,1625.0,1640.0,121197,1093,1635.55
GB0007668071,12605023,CBG,GBP,2021-06-09,1600.0,1640.0,1584.0,1584.0,122010,1134,1593.1
GB0007668071,12605023,CBG,GBP,2021-06-10,1576.0,1591.0,1566.0,1573.0,126558,925,1574.8
GB0007668071,12605023,CBG,GBP,2021-06-11,1576.0,1579.0,1566.0,1577.0,113925,778,1576.2
GB0007668071,12605023,CBG,GBP,2021-06-14,1594.0,1610.0,1591.0,1601.0,136913,830,1600.5
GB0007668071,12605023,CBG,GBP,2021-06-15,1590.0,1604.0,1570.0,1592.0,224479,1084,1590.15
GB0007668071,12605023,CBG,GBP,2021-06-16,1601.0,1608.0,1582.0,1586.0,331081,2397,1589.55
GB0007668071,12605023,CBG,GBP,2021-06-17,1585.0,1595.0,1554.0,1558.0,268957,1917,1567.45
GB0007668071,12605023,CBG,GBP,2021-06-18,1571.0,1574.0,1520.0,1529.0,545592,2170,1535.75
GB0007668071,12605023,CBG,GBP,2021-06-21,1492.0,1553.0,1492.0,1552.0,218762,2178,1534.75
GB0007668071,12605023,CBG,GBP,2021-06-22,1583.0,1583.0,1543.0,1552.0,87753,708,1551.3
GB0007668071,12605023,CBG,GBP,2021-06-23,1515.0,1574.0,1515.0,1566.0,194378,1280,1566.05
GB0007668071,12605023,CBG,GBP,2021-06-24,1577.0,1577.0,1533.0,1533.0,188589,1175,1540.8
GB0007668071,12605023,CBG,GBP,2021-06-25,1510.0,1541.0,1510.0,1541.0,131868,1143,1533.45
GB0007668071,12605023,CBG,GBP,2021-06-28,1510.0,1535.0,1510.0,1522.0,132970,791,1522.75
GB0007668071,12605023,CBG,GBP,2021-06-29,1520.0,1539.0,1517.0,1522.0,160959,1494,1522.15
GB0007668071,12605023,CBG,GBP,2021-06-30,1550.0,1550.0,1505.5,1515.0,281065,1894,1515.8
GB0007668071,12605023,CBG,GBP,2021-07-01,1522.0,1545.0,1522.0,1543.0,209040,1638,1537.55
GB0007668071,12605023,CBG,GBP,2021-07-02,1507.0,1554.0,1506.0,1527.0,167258,1115,1531.05
GB0007668071,12605023,CBG,GBP,2021-07-05,1550.0,1569.0,1534.0,1564.0,112820,726,1562.4
GB0007668071,12605023,CBG,GBP,2021-07-06,1563.0,1567.0,1533.0,1538.0,87030,745,1541.85
GB0007668071,12605023,CBG,GBP,2021-07-07,1502.0,1550.0,1502.0,1535.0,155970,1336,1533.15
GB0007668071,12605023,CBG,GBP,2021-07-08,1562.0,1562.0,1505.0,1510.0,141138,1271,1512.5
GB0007668071,12605023,CBG,GBP,2021-07-09,1546.0,1555.0,1513.0,1553.0,196049,1885,1542.35
GB0007668071,12605023,CBG,GBP,2021-07-12,1514.0,1554.0,1514.0,1545.0,95028,842,1541.3
GB0007668071,12605023,CBG,GBP,2021-07-13,1555.0,1564.0,1537.0,1537.0,164369,964,1544.5
GB0007668071,12605023,CBG,GBP,2021-07-14,1543.0,1561.0,1537.0,1547.0,181713,1164,1548.8
GB0007668071,12605023,CBG,GBP,2021-07-15,1543.0,1543.0,1522.0,1535.0,136714,1463,1532.65
GB0007668071,12605023,CBG,GBP,2021-07-16,1543.0,1545.0,1509.0,1509.0,267603,2326,1519.75
GB0007668071,12605023,CBG,GBP,2021-07-19,1496.0,1498.0,1449.0,1457.0,165424,1565,1461.7
GB0007668071,12605023,CBG,GBP,2021-07-20,1468.0,1485.0,1444.0,1485.0,345142,2896,1471.5
GB0007668071,12605023,CBG,GBP,2021-07-21,1470.0,1521.0,1470.0,1513.0,153610,1573,1511.5
GB0007668071,12605023,CBG,GBP,2021-07-22,1548.0,1548.0,1510.0,1518.0,137776,1192,1521.95
GB0007668071,12605023,CBG,GBP,2021-07-23,1496.0,1537.0,1496.0,1530.0,128418,1563,1529.15
GB0007668071,12605023,CBG,GBP,2021-07-26,1533.0,1549.0,1508.0,1549.0,90286,860,1543.05
GB0007668071,12605023,CBG,GBP,2021-07-27,1518.0,1547.0,1517.0,1538.0,103376,901,1534.95
GB0007668071,12605023,CBG,GBP,2021-07-28,1539.0,1558.5,1538.0,1543.0,95048,1944,1546.0
GB0007668071,12605023,CBG,GBP,2021-07-29,1570.0,1570.0,1536.0,1562.0,113710,1397,1554.7
GB0007668071,12605023,CBG,GBP,2021-07-30,1560.0,1563.0,1539.0,1543.0,153761,1039,1546.3
GB0007668071,12605023,CBG,GBP,2021-08-02,1558.0,1572.0,1544.0,1549.0,80076,939,1550.85
GB0007668071,12605023,CBG,GBP,2021-08-03,1520.0,1571.0,1520.0,1558.0,125222,1896,1555.85
GB0007668071,12605023,CBG,GBP,2021-08-04,1591.0,1591.0,1551.0,1560.0,141305,780,1560.5
GB0007668071,12605023,CBG,GBP,2021-08-05,1529.0,1586.0,1529.0,1576.0,128463,992,1570.75
GB0007668071,12605023,CBG,GBP,2021-08-06,1581.0,1595.0,1566.0,1587.0,69325,887,1584.6
GB0007668071,12605023,CBG,GBP,2021-08-09,1576.0,1603.0,1576.0,1598.0,132227,1194,1594.8
GB0007668071,12605023,CBG,GBP,2021-08-10,1598.0,1606.0,1590.0,1602.0,126082,1094,1599.4
GB0007668071,12605023,CBG,GBP,2021-08-11,1607.0,1612.0,1589.0,1590.0,192299,1320,1594.2
GB0007668071,12605023,CBG,GBP,2021-08-12,1559.0,1613.0,1559.0,1585.0,191612,2077,1595.6
GB0007668071,12605023,CBG,GBP,2021-08-13,1566.0,1590.0,1566.0,1577.0,55704,514,1578.85
GB0007668071,12605023,CBG,GBP,2021-08-16,1568.0,1581.0,1549.0,1555.0,128322,1415,1557.4
GB0007668071,12605023,CBG,GBP,2021-08-17,1591.0,1591.0,1532.0,1532.0,108864,1013,1538.25
GB0007668071,12605023,CBG,GBP,2021-08-18,1536.0,1551.0,1532.0,1549.0,91933,974,1544.75
GB0007668071,12605023,CBG,GBP,2021-08-19,1529.0,1533.0,1518.0,1524.0,155325,1627,1525.1
GB0007668071,12605023,CBG,GBP,2021-08-20,1505.0,1529.0,1505.0,1524.0,192203,1955,1522.9
GB0007668071,12605023,CBG,GBP,2021-08-23,1522.0,1534.0,1511.0,1517.0,83330,810,1518.25
GB0007668071,12605023,CBG,GBP,2021-08-24,1550.0,1550.0,1489.0,1502.0,104948,941,1500.5
GB0007668071,12605023,CBG,GBP,2021-08-25,1513.5,1536.0,1499.0,1528.0,130352,1521,1520.0
GB0007668071,12605023,CBG,GBP,2021-08-26,1492.0,1537.5,1492.0,1528.0,135720,1985,1528.65
GB0007668071,12605023,CBG,GBP,2021-08-27,1559.0,1559.0,1521.0,1537.0,82362,985,1533.8
GB0007668071,12605023,CBG,GBP,2021-08-31,1550.0,1553.0,1533.0,1543.0,221970,1789,1544.0
GB0007668071,12605023,CBG,GBP,2021-09-01,1555.0,1568.0,1542.0,1561.0,110698,1168,1559.7
GB0007668071,12605023,CBG,GBP,2021-09-02,1542.0,1575.0,1542.0,1575.0,91715,978,1571.15
GB0007668071,12605023,CBG,GBP,2021-09-03,1564.0,1587.0,1564.0,1572.0,132806,1376,1574.5
GB0007668071,12605023,CBG,GBP,2021-09-06,1594.0,1599.0,1571.0,1595.0,95456,945,1592.3
GB0007668071,12605023,CBG,GBP,2021-09-07,1633.0,1633.0,1588.0,1591.0,130491,1128,1592.1
GB0007668071,12605023,CBG,GBP,2021-09-08,1556.0,1575.0,1556.0,1562.0,167877,1357,1564.65
GB0007668071,12605023,CBG,GBP,2021-09-09,1552.0,1570.0,1546.0,1562.0,70849,830,1560.7
GB0007668071,12605023,CBG,GBP,2021-09-10,1525.0,1568.0,1512.0,1518.0,129026,1068,1524.05
GB0007668071,12605023,CBG,GBP,2021-09-13,1529.0,1570.0,1526.0,1566.0,130550,1335,1559.5
GB0007668071,12605023,CBG,GBP,2021-09-14,1590.0,1590.0,1553.0,1555.0,188936,1548,1558.95
GB0007668071,12605023,CBG,GBP,2021-09-15,1527.0,1567.0,1527.0,1554.0,160393,1022,1554.95
GB0007668071,12605023,CBG,GBP,2021-09-16,1539.0,1575.0,1539.0,1564.0,130700,1008,1564.75
GB0007668071,12605023,CBG,GBP,2021-09-17,1578.0,1582.0,1561.0,1574.0,344278,1710,1573.15
GB0007668071,12605023,CBG,GBP,2021-09-20,1569.0,1569.0,1529.0,1536.0,209211,2392,1542.9
GB0007668071,12605023,CBG,GBP,2021-09-21,1573.0,1573.0,1511.0,1515.0,201869,1835,1527.15
GB0007668071,12605023,CBG,GBP,2021-09-22,1506.0,1556.0,1506.0,1555.0,303956,2841,1546.95
GB0007668071,12605023,CBG,GBP,2021-09-23,1568.0,1602.0,1557.0,1574.0,279317,2708,1580.25
GB0007668071,12605023,CBG,GBP,2021-09-24,1560.0,1584.0,1559.0,1559.0,150490,1523,1565.35
GB0007668071,12605023,CBG,GBP,2021-09-27,1600.0,1600.0,1567.0,1575.0,126685,1472,1575.35
GB0007668071,12605023,CBG,GBP,2021-09-28,1600.0,1600.0,1520.0,1544.0,311454,2765,1548.25
GB0007668071,12605023,CBG,GBP,2021-09-29,1555.0,1571.0,1537.5,1561.0,189179,1806,1555.55
GB0007668071,12605023,CBG,GBP,2021-09-30,1590.0,1590.0,1514.0,1547.0,270490,2231,1544.05
GB0007668071,12605023,CBG,GBP,2021-10-01,1529.0,1550.0,1512.0,1550.0,128361,1435,1541.1
GB0007668071,12605023,CBG,GBP,2021-10-04,1560.0,1560.0,1511.0,1527.0,147247,1635,1528.9
GB0007668071,12605023,CBG,GBP,2021-10-05,1560.0,1560.0,1528.0,1557.0,163208,2252,1548.75
GB0007668071,12605023,CBG,GBP,2021-10-06,1528.0,1537.0,1501.0,1510.0,320147,3699,1511.15
GB0007668071,12605023,CBG,GBP,2021-10-07,1517.0,1532.0,1504.0,1530.0,307338,3097,1519.0
GB0007668071,12605023,CBG,GBP,2021-10-08,1545.0,1545.0,1507.0,1524.0,149409,2152,1521.0
GB0007668071,12605023,CBG,GBP,2021-10-11,1528.5,1550.0,1518.0,1541.0,128471,1294,1538.7
GB0007668071,12605023,CBG,GBP,2021-10-12,1509.0,1533.0,1507.0,1533.0,208927,1868,1527.3
GB0007668071,12605023,CBG,GBP,2021-10-13,1515.0,1547.0,1515.0,1538.0,243866,2096,1535.8
GB0007668071,12605023,CBG,GBP,2021-10-14,1505.0,1514.0,1488.0,1490.0,206398,1843,1493.65
GB0007668071,12605023,CBG,GBP,2021-10-15,1505.0,1508.0,1481.0,1494.0,212414,1454,1491.95
GB0007668071,12605023,CBG,GBP,2021-10-18,1490.0,1495.0,1475.5,1485.0,123530,1103,1484.45
GB0007668071,12605023,CBG,GBP,2021-10-19,1500.0,1500.0,1478.0,1485.0,129519,799,1484.75
GB0007668071,12605023,CBG,GBP,2021-10-20,1450.0,1482.0,1450.0,1462.0,121966,1276,1462.0
GB0007668071,12605023,CBG,GBP,2021-10-21,1430.0,1466.0,1430.0,1457.0,137257,1304,1457.95
GB0007668071,12605023,CBG,GBP,2021-10-22,1434.0,1466.0,1434.0,1455.0,135464,1150,1458.05
GB0007668071,12605023,CBG,GBP,2021-10-25,1448.0,1472.0,1445.5,1460.0,133885,1604,1460.1
GB0007668071,12605023,CBG,GBP,2021-10-26,1451.0,1483.0,1451.0,1483.0,126097,1023,1476.05
GB0007668071,12605023,CBG,GBP,2021-10-27,1460.0,1490.0,1460.0,1468.0,169116,1399,1470.7
GB0007668071,12605023,CBG,GBP,2021-10-28,1499.0,1499.0,1440.0,1442.0,139945,1674,1448.6
GB0007668071,12605023,CBG,GBP,2021-10-29,1453.0,1453.0,1429.0,1440.0,414098,3470,1442.2
GB0007668071,12605023,CBG,GBP,2021-11-01,1405.0,1445.0,1405.0,1435.0,143443,1312,1434.95
GB0007668071,12605023,CBG,GBP,2021-11-02,1412.0,1428.0,1408.0,1425.0,204475,1278,1421.35
GB0007668071,12605023,CBG,GBP,2021-11-03,1409.0,1424.0,1408.0,1418.0,216798,1468,1417.4
GB0007668071,12605023,CBG,GBP,2021-11-04,1440.0,1440.0,1399.0,1415.0,583437,2139,1413.95
GB0007668071,12605023,CBG,GBP,2021-11-05,1444.0,1450.0,1411.0,1439.0,155800,1408,1439.7
GB0007668071,12605023,CBG,GBP,2021-11-08,1469.0,1469.0,1423.0,1433.0,120084,930,1432.45
GB0007668071,12605023,CBG,GBP,2021-11-09,1433.0,1438.0,1401.0,1403.0,171680,1711,1410.3
GB0007668071,12605023,CBG,GBP,2021-11-10,1436.0,1436.0,1400.0,1408.0,147620,1315,1407.55
GB0007668071,12605023,CBG,GBP,2021-11-11,1376.0,1424.0,1376.0,1417.0,77565,626,1417.9
GB0007668071,12605023,CBG,GBP,2021-11-12,1387.0,1413.0,1387.0,1410.0,58056,565,1409.1
GB0007668071,12605023,CBG,GBP,2021-11-15,1414.0,1429.0,1394.0,1418.0,87171,1102,1418.05
GB0007668071,12605023,CBG,GBP,2021-11-16,1454.0,1454.0,1418.0,1423.0,151404,1128,1423.4
GB0007668071,12605023,CBG,GBP,2021-11-17,1410.0,1427.0,1395.0,1395.0,151973,1157,1402.55
GB0007668071,12605023,CBG,GBP,2021-11-18,1404.0,1414.0,1390.5,1414.0,255738,1754,1409.9
GB0007668071,12605023,CBG,GBP,2021-11-19,1416.0,1416.0,1318.0,1357.0,362451,2685,1357.65
GB0007668071,12605023,CBG,GBP,2021-11-22,1380.0,1386.0,1353.0,1385.0,270012,2555,1379.7
GB0007668071,12605023,CBG,GBP,2021-11-23,1374.0,1387.0,1365.0,1365.0,239539,1589,1371.35
GB0007668071,12605023,CBG,GBP,2021-11-24,1341.0,1365.0,1340.0,1345.0,184166,1390,1348.15
GB0007668071,12605023,CBG,GBP,2021-11-25,1355.0,1355.0,1335.0,1353.0,132010,1005,1348.3
GB0007668071,12605023,CBG,GBP,2021-11-26,1370.0,1370.0,1289.0,1295.0,166292,1836,1306.1
GB0007668071,12605023,CBG,GBP,2021-11-29,1331.0,1331.0,1297.0,1297.0,152422,1417,1304.5
GB0007668071,12605023,CBG,GBP,2021-11-30,1295.0,1313.0,1278.0,1293.0,302128,2050,1294.8
GB0007668071,12605023,CBG,GBP,2021-12-01,1290.0,1323.0,1290.0,1316.0,235210,1617,1314.25
GB0007668071,12605023,CBG,GBP,2021-12-02,1303.0,1326.0,1298.0,1324.0,235842,2760,1319.9
GB0007668071,12605023,CBG,GBP,2021-12-03,1291.0,1335.0,1291.0,1312.0,211485,1782,1320.05
GB0007668071,12605023,CBG,GBP,2021-12-06,1325.0,1346.0,1316.0,1340.0,137491,1137,1333.85
GB0007668071,12605023,CBG,GBP,2021-12-07,1367.0,1372.0,1347.0,1352.0,196226,1576,1356.25
GB0007668071,12605023,CBG,GBP,2021-12-08,1350.0,1358.0,1321.0,1341.0,165527,1461,1339.8
GB0007668071,12605023,CBG,GBP,2021-12-09,1311.0,1341.0,1311.0,1334.0,202373,1258,1335.95
GB0007668071,12605023,CBG,GBP,2021-12-10,1370.0,1370.0,1323.0,1323.0,151119,745,1327.9
GB0007668071,12605023,CBG,GBP,2021-12-13,1311.0,1333.0,1311.0,1316.0,173976,1550,1321.0
GB0007668071,12605023,CBG,GBP,2021-12-14,1346.0,1346.0,1313.0,1328.0,270116,964,1327.45
GB0007668071,12605023,CBG,GBP,2021-12-15,1300.0,1337.0,1300.0,1319.0,270546,1204,1322.75
GB0007668071,12605023,CBG,GBP,2021-12-16,1361.0,1361.0,1329.0,1338.0,117938,1466,1339.2
GB0007668071,12605023,CBG,GBP,2021-12-17,1340.0,1368.0,1338.0,1360.0,251088,1613,1356.65
GB0007668071,12605023,CBG,GBP,2021-12-20,1357.0,1357.0,1320.0,1330.0,177601,1810,1331.3
GB0007668071,12605023,CBG,GBP,2021-12-21,1347.0,1360.0,1337.0,1360.0,107408,560,1356.3
GB0007668071,12605023,CBG,GBP,2021-12-22,1350.0,1380.0,1347.0,1380.0,156277,849,1375.7
GB0007668071,12605023,CBG,GBP,2021-12-23,1343.0,1416.0,1343.0,1409.0,175376,1053,1408.3
GB0007668071,12605023,CBG,GBP,2021-12-24,1445.0,1445.0,1399.0,1399.0,43555,263,1401.5
GB0007668071,12605023,CBG,GBP,2021-12-29,1408.0,1432.0,1408.0,1413.0,129989,1424,1419.05
GB0007668071,12605023,CBG,GBP,2021-12-30,1447.0,1447.0,1408.0,1409.0,52579,493,1411.15
GB0007668071,12605023,CBG,GBP,2021-12-31,1444.0,1444.0,1398.0,1404.0,41700,260,1403.45
GB0007668071,12605023,CBG,GBP,2022-01-04,1418.0,1463.0,1416.0,1452.0,238908,2656,1448.5
GB0007668071,12605023,CBG,GBP,2022-01-05,1488.0,1488.0,1432.0,1437.0,202545,1568,1442.5
GB0007668071,12605023,CBG,GBP,2022-01-06,1417.0,1451.0,1413.0,1436.0,172445,1645,1430.5
GB0007668071,12605023,CBG,GBP,2022-01-07,1402.0,1445.0,1402.0,1445.0,153870,1140,1435.65
GB0007668071,12605023,CBG,GBP,2022-01-10,1474.0,1474.0,1439.0,1446.0,139504,1312,1447.15
GB0007668071,12605023,CBG,GBP,2022-01-11,1457.0,1457.0,1428.0,1430.0,218866,1420,1432.25
GB0007668071,12605023,CBG,GBP,2022-01-12,1427.0,1444.0,1396.0,1400.0,165912,1368,1404.55
GB0007668071,12605023,CBG,GBP,2022-01-13,1403.0,1415.0,1398.0,1408.0,277421,2115,1405.9
GB0007668071,12605023,CBG,GBP,2022-01-14,1387.0,1409.0,1369.0,1385.0,513510,3943,1388.4
GB0007668071,12605023,CBG,GBP,2022-01-17,1347.0,1404.0,1347.0,1390.0,281640,1830,1391.55
GB0007668071,12605023,CBG,GBP,2022-01-18,1415.0,1415.0,1347.0,1381.0,366371,2158,1369.2
GB0007668071,12605023,CBG,GBP,2022-01-19,1375.0,1389.5,1359.0,1364.0,204693,2018,1369.7
GB0007668071,12605023,CBG,GBP,2022-01-20,1372.0,1377.0,1342.0,1348.0,255444,1766,1349.4
GB0007668071,12605023,CBG,GBP,2022-01-21,1317.0,1345.0,1264.0,1266.0,415240,2855,1285.6
GB0007668071,12605023,CBG,GBP,2022-01-24,1244.0,1262.0,1234.0,1239.0,443099,3461,1242.5
GB0007668071,12605023,CBG,GBP,2022-01-25,1239.0,1265.0,1234.0,1265.0,381210,2405,1257.95
GB0007668071,12605023,CBG,GBP,2022-01-26,1275.0,1300.0,1269.0,1281.0,220781,1689,1287.8
GB0007668071,12605023,CBG,GBP,2022-01-27,1270.0,1293.0,1268.0,1271.0,241668,2519,1277.6
GB0007668071,12605023,CBG,GBP,2022-01-28,1285.0,1285.0,1253.0,1264.0,381701,2241,1265.95
GB0007668071,12605023,CBG,GBP,2022-01-31,1246.0,1286.0,1246.0,1283.0,206739,1882,1276.95
GB0007668071,12605023,CBG,GBP,2022-02-01,1304.0,1313.0,1279.0,1294.0,224327,1954,1294.2
GB0007668071,12605023,CBG,GBP,2022-02-02,1318.0,1320.0,1296.0,1314.0,342831,2538,1311.3
GB0007668071,12605023,CBG,GBP,2022-02-03,1285.0,1320.0,1283.0,1288.0,275310,1658,1291.2
GB0007668071,12605023,CBG,GBP,2022-02-04,1295.0,1306.0,1272.0,1274.0,257545,1565,1280.35
GB0007668071,12605023,CBG,GBP,2022-02-07,1282.0,1299.0,1271.0,1298.0,259312,1634,1294.05
GB0007668071,12605023,CBG,GBP,2022-02-08,1298.0,1325.0,1298.0,1316.0,161424,1335,1313.75
GB0007668071,12605023,CBG,GBP,2022-02-09,1339.0,1339.0,1315.0,1322.0,278984,1548,1323.55
GB0007668071,12605023,CBG,GBP,2022-02-10,1313.0,1327.5,1285.0,1290.0,307607,2132,1295.5
GB0007668071,12605023,CBG,GBP,2022-02-11,1280.0,1284.0,1259.0,1275.0,597404,3513,1273.65
GB0007668071,12605023,CBG,GBP,2022-02-14,1263.0,1263.0,1228.0,1243.0,473309,3115,1240.9
GB0007668071,12605023,CBG,GBP,2022-02-15,1221.0,1252.0,1221.0,1248.0,144386,1050,1246.3
GB0007668071,12605023,CBG,GBP,2022-02-16,1214.0,1250.0,1214.0,1239.0,183720,1438,1236.3
GB0007668071,12605023,CBG,GBP,2022-02-17,1272.0,1272.0,1214.0,1216.0,273870,1311,1227.65
GB0007668071,12605023,CBG,GBP,2022-02-18,1247.0,1247.0,1210.0,1229.0,369711,1713,1225.7
GB0007668071,12605023,CBG,GBP,2022-02-21,1249.0,1249.0,1223.0,1231.0,349146,2787,1233.55
GB0007668071,12605023,CBG,GBP,2022-02-22,1206.0,1222.0,1199.0,1213.0,278352,1802,1211.95
GB0007668071,12605023,CBG,GBP,2022-02-23,1215.0,1228.0,1200.0,1204.0,171284,1220,1208.05
GB0007668071,12605023,CBG,GBP,2022-02-24,1164.0,1180.0,1131.0,1139.0,501698,3675,1147.95
GB0007668071,12605023,CBG,GBP,2022-02-25,1167.0,1183.0,1134.5,1183.0,478293,3164,1170.2
GB0007668071,12605023,CBG,GBP,2022-02-28,1183.0,1183.0,1129.0,1171.0,354546,2017,1162.9
GB0007668071,12605023,CBG,GBP,2022-03-01,1154.0,1176.0,1108.0,1108.0,372424,2740,1132.2
GB0007668071,12605023,CBG,GBP,2022-03-02,1136.0,1167.0,1106.0,1153.0,337099,2248,1148.75
GB0007668071,12605023,CBG,GBP,2022-03-03,1183.0,1183.0,1109.0,1116.0,378736,1728,1134.35
GB0007668071,12605023,CBG,GBP,2022-03-04,1110.0,1116.0,1068.0,1073.0,243483,1628,1083.45
GB0007668071,12605023,CBG,GBP,2022-03-07,1054.0,1102.0,999.0,1072.0,596313,4087,1069.5
GB0007668071,12605023,CBG,GBP,2022-03-08,1075.0,1101.0,1065.0,1074.0,490822,3246,1081.05
GB0007668071,12605023,CBG,GBP,2022-03-09,1107.0,1159.0,1098.0,1140.0,404889,3171,1138.55
GB0007668071,12605023,CBG,GBP,2022-03-10,1169.0,1169.0,1133.0,1142.0,406266,3237,1142.65
GB0007668071,12605023,CBG,GBP,2022-03-11,1151.0,1186.0,1147.0,1159.0,484319,4286,1167.8
GB0007668071,12605023,CBG,GBP,2022-03-14,1170.0,1217.0,1156.0,1208.0,352670,2736,1201.85
GB0007668071,12605023,CBG,GBP,2022-03-15,1183.0,1203.0,1071.0,1077.0,788585,5950,1094.55
GB0007668071,12605023,CBG,GBP,2022-03-16,1092.0,1168.0,1092.0,1164.0,671935,3633,1158.75
GB0007668071,12605023,CBG,GBP,2022-03-17,1173.0,1186.0,1156.0,1186.0,325862,2169,1175.25
GB0007668071,12605023,CBG,GBP,2022-03-18,1155.0,1194.0,1155.0,1184.0,1175097,3517,1181.55
GB0007668071,12605023,CBG,GBP,2022-03-21,1165.0,1190.0,1164.5,1185.0,278773,1626,1179.0
GB0007668071,12605023,CBG,GBP,2022-03-22,1185.0,1228.0,1184.0,1217.0,386916,2473,1217.55
GB0007668071,12605023,CBG,GBP,2022-03-23,1195.0,1224.0,1183.0,1201.0,729931,3977,1204.2
GB0007668071,12605023,CBG,GBP,2022-03-24,1183.0,1202.0,1177.0,1188.0,529409,2726,1189.55
GB0007668071,12605023,CBG,GBP,2022-03-25,1168.0,1202.0,1168.0,1190.0,405468,2556,1190.25
GB0007668071,12605023,CBG,GBP,2022-03-28,1208.0,1208.0,1167.0,1167.0,390449,2231,1179.8
GB0007668071,12605023,CBG,GBP,2022-03-29,1156.0,1206.0,1156.0,1203.0,405529,1908,1189.15
GB0007668071,12605023,CBG,GBP,2022-03-30,1202.0,1205.0,1167.0,1190.0,371761,2300,1186.2
GB0007668071,12605023,CBG,GBP,2022-03-31,1197.0,1206.0,1181.0,1191.0,595387,4051,1196.05
GB0007668071,12605023,CBG,GBP,2022-04-01,1228.0,1259.0,1203.0,1209.0,355588,2628,1220.2
GB0007668071,12605023,CBG,GBP,2022-04-04,1213.0,1219.5,1192.0,1210.0,207096,1289,1206.45
GB0007668071,12605023,CBG,GBP,2022-04-05,1209.0,1225.0,1199.0,1214.0,332921,2070,1215.25
GB0007668071,12605023,CBG,GBP,2022-04-06,1211.0,1222.0,1150.0,1153.0,382691,2616,1169.2
GB0007668071,12605023,CBG,GBP,2022-04-07,1156.0,1184.0,1138.0,1167.0,395308,2470,1170.9
GB0007668071,12605023,CBG,GBP,2022-04-08,1185.0,1192.0,1177.5,1186.0,201374,1396,1185.85
GB0007668071,12605023,CBG,GBP,2022-04-11,1188.0,1197.0,1176.0,1192.0,201880,1360,1191.9
GB0007668071,12605023,CBG,GBP,2022-04-12,1200.0,1200.0,1170.0,1182.0,296483,1872,1183.55
GB0007668071,12605023,CBG,GBP,2022-04-13,1188.0,1194.0,1178.0,1193.0,227975,1147,1188.05
GB0007668071,12605023,CBG,GBP,2022-04-14,1170.0,1191.0,1170.0,1191.0,150522,990,1187.55
GB0007668071,12605023,CBG,GBP,2022-04-19,1171.0,1193.0,1164.0,1171.0,275217,1627,1175.05
GB0007668071,12605023,CBG,GBP,2022-04-20,1146.0,1180.0,1146.0,1180.0,268749,1620,1174.4
GB0007668071,12605023,CBG,GBP,2022-04-21,1183.0,1195.0,1169.0,1188.0,348342,1807,1186.15
GB0007668071,12605023,CBG,GBP,2022-04-22,1156.0,1182.0,1156.0,1170.0,273857,1444,1171.7
GB0007668071,12605023,CBG,GBP,2022-04-25,1155.0,1159.5,1131.0,1141.0,283707,1992,1145.25
GB0007668071,12605023,CBG,GBP,2022-04-26,1146.0,1154.5,1106.0,1106.0,301433,1868,1121.7
GB0007668071,12605023,CBG,GBP,2022-04-27,1126.0,1126.0,1091.0,1097.0,273806,1793,1102.7
GB0007668071,12605023,CBG,GBP,2022-04-28,1090.0,1115.0,1090.0,1104.0,202750,1242,1107.2
GB0007668071,12605023,CBG,GBP,2022-04-29,1112.0,1120.0,1104.0,1110.0,289504,1808,1110.75
GB0007668071,12605023,CBG,GBP,2022-05-03,1104.0,1125.0,1099.0,1115.0,341833,2421,1113.8
GB0007668071,12605023,CBG,GBP,2022-05-04,1106.0,1111.0,1073.0,1074.0,639981,4001,1080.55
GB0007668071,12605023,CBG,GBP,2022-05-05,1074.0,1098.0,1055.0,1057.0,386144,2829,1071.4
GB0007668071,12605023,CBG,GBP,2022-05-06,1051.0,1051.0,1022.0,1025.0,417980,2493,1027.8
GB0007668071,12605023,CBG,GBP,2022-05-09,1040.0,1040.0,1010.0,1010.0,636993,2029,1019.9
GB0007668071,12605023,CBG,GBP,2022-05-10,1000.0,1023.0,1000.0,1007.0,371055,2378,1009.45
GB0007668071,12605023,CBG,GBP,2022-05-11,997.5,1053.0,996.5,1053.0,550307,3259,1038.85
GB0007668071,12605023,CBG,GBP,2022-05-12,1032.0,1056.0,1025.0,1050.0,399642,2228,1047.25
GB0007668071,12605023,CBG,GBP,2022-05-13,1054.0,1076.0,1054.0,1075.0,172343,1237,1070.45
GB0007668071,12605023,CBG,GBP,2022-05-16,1066.0,1080.0,1065.0,1079.0,247638,1741,1075.25
GB0007668071,12605023,CBG,GBP,2022-05-17,1089.0,1103.0,1083.0,1096.0,244062,1425,1095.9
GB0007668071,12605023,CBG,GBP,2022-05-18,1096.0,1107.0,1085.0,1091.0,343246,1796,1093.1
GB0007668071,12605023,CBG,GBP,2022-05-19,1080.0,1082.0,1046.0,1071.0,855930,5231,1067.45
GB0007668071,12605023,CBG,GBP,2022-05-20,1060.0,1096.0,1060.0,1079.0,426468,2520,1082.15
GB0007668071,12605023,CBG,GBP,2022-05-23,1079.0,1111.0,1079.0,1111.0,318957,1858,1101.25
GB0007668071,12605023,CBG,GBP,2022-05-24,1089.0,1106.0,1070.0,1084.0,289187,1506,1088.1
GB0007668071,12605023,CBG,GBP,2022-05-25,1091.0,1092.0,1065.0,1083.0,174806,1218,1077.35
GB0007668071,12605023,CBG,GBP,2022-05-26,1078.5,1111.0,1078.5,1110.0,184349,1374,1102.15
GB0007668071,12605023,CBG,GBP,2022-05-27,1136.0,1136.0,1099.0,1102.0,221583,1680,1104.0
GB0007668071,12605023,CBG,GBP,2022-05-30,1082.0,1123.0,1082.0,1120.0,210508,1625,1114.45
GB0007668071,12605023,CBG,GBP,2022-05-31,1112.0,1116.0,1087.0,1097.0,353915,1663,1097.55
GB0007668071,12605023,CBG,GBP,2022-06-01,1093.0,1105.0,1076.0,1078.0,229854,1776,1086.5
GB0007668071,12605023,CBG,GBP,2022-06-06,1100.0,1102.0,1084.0,1084.0,254936,1634,1090.85
GB0007668071,12605023,CBG,GBP,2022-06-07,1082.0,1085.0,1065.0,1073.0,295568,1906,1073.5
GB0007668071,12605023,CBG,GBP,2022-06-08,1047.0,1080.0,1047.0,1068.0,256261,1779,1067.7
GB0007668071,12605023,CBG,GBP,2022-06-09,1072.0,1075.0,1058.0,1058.0,153582,1131,1062.35
GB0007668071,12605023,CBG,GBP,2022-06-10,1045.0,1056.0,1023.0,1028.0,199230,1716,1036.65
GB0007668071,12605023,CBG,GBP,2022-06-13,1016.0,1020.0,1000.0,1013.0,203389,1334,1010.65
GB0007668071,12605023,CBG,GBP,2022-06-14,1046.0,1057.0,1034.0,1046.0,478517,2695,1047.05
GB0007668071,12605023,CBG,GBP,2022-06-15,1050.0,1076.0,1050.0,1066.0,371647,1511,1065.3
GB0007668071,12605023,CBG,GBP,2022-06-16,1054.0,1069.0,1033.0,1037.0,429101,2121,1042.5
GB0007668071,12605023,CBG,GBP,2022-06-17,1043.0,1067.0,1032.0,1032.0,707454,2403,1036.55
GB0007668071,12605023,CBG,GBP,2022-06-20,1029.0,1049.0,1029.0,1049.0,131651,950,1042.95
GB0007668071,12605023,CBG,GBP,2022-06-21,1060.0,1061.0,1032.5,1038.0,210342,1600,1042.8
GB0007668071,12605023,CBG,GBP,2022-06-22,1020.0,1039.0,1013.0,1037.0,256221,1643,1027.45
GB0007668071,12605023,CBG,GBP,2022-06-23,1041.0,1045.0,1022.0,1024.0,196437,1564,1030.15
GB0007668071,12605023,CBG,GBP,2022-06-24,1025.0,1054.0,1022.0,1052.0,178239,888,1044.65
GB0007668071,12605023,CBG,GBP,2022-06-27,1034.0,1054.0,1031.0,1048.0,239086,1640,1047.3
GB0007668071,12605023,CBG,GBP,2022-06-28,1034.0,1065.0,1034.0,1061.0,132073,1079,1059.85
GB0007668071,12605023,CBG,GBP,2022-06-29,1049.0,1061.0,1036.0,1047.0,218254,1461,1047.35
GB0007668071,12605023,CBG,GBP,2022-06-30,1033.0,1033.0,1009.0,1025.0,314234,1972,1019.3
GB0007668071,12605023,CBG,GBP,2022-07-01,1016.0,1036.0,1012.0,1021.0,176143,1984,1024.15
GB0007668071,12605023,CBG,GBP,2022-07-04,1030.0,1031.0,1012.0,1021.0,91206,601,1020.55
GB0007668071,12605023,CBG,GBP,2022-07-05,1010.0,1026.0,987.0,987.0,230772,1332,996.1
GB0007668071,12605023,CBG,GBP,2022-07-06,975.0,1005.0,975.0,1004.0,348243,2439,1001.2
GB0007668071,12605023,CBG,GBP,2022-07-07,993.5,1036.0,993.5,1036.0,220425,1891,1027.6
GB0007668071,12605023,CBG,GBP,2022-07-08,1038.0,1038.0,1017.0,1023.0,163323,1067,1024.15
GB0007668071,12605023,CBG,GBP,2022-07-11,1020.0,1028.0,1009.0,1019.0,163035,1353,1019.7
GB0007668071,12605023,CBG,GBP,2022-07-12,1028.0,1033.0,1006.0,1033.0,300731,1153,1020.2
GB0007668071,12605023,CBG,GBP,2022-07-13,1040.0,1040.0,1016.5,1020.0,182817,1226,1024.4
GB0007668071,12605023,CBG,GBP,2022-07-14,1014.0,1026.0,1004.0,1013.0,175929,1132,1014.5
GB0007668071,12605023,CBG,GBP,2022-07-15,1033.0,1041.0,1013.0,1034.0,183857,1241,1031.75
GB0007668071,12605023,CBG,GBP,2022-07-18,1056.5,1058.0,1045.0,1054.0,166578,1272,1051.85
GB0007668071,12605023,CBG,GBP,2022-07-19,1030.0,1076.0,1030.0,1071.0,142135,1275,1066.4
GB0007668071,12605023,CBG,GBP,2022-07-20,1046.0,1072.0,1046.0,1057.0,201680,1445,1058.65
GB0007668071,12605023,CBG,GBP,2022-07-21,1045.0,1077.0,1041.0,1073.0,191237,1631,1067.7
GB0007668071,12605023,CBG,GBP,2022-07-22,1093.0,1093.0,1065.0,1080.0,207887,1456,1081.05
GB0007668071,12605023,CBG,GBP,2022-07-25,1062.0,1094.0,1062.0,1080.0,158746,1085,1085.75
GB0007668071,12605023,CBG,GBP,2022-07-26,1073.0,1083.0,1066.0,1067.0,105895,725,1072.05
GB0007668071,12605023,CBG,GBP,2022-07-27,1054.0,1078.0,1054.0,1069.0,133121,711,1070.05
GB0007668071,12605023,CBG,GBP,2022-07-28,1060.0,1083.0,1060.0,1083.0,237438,955,1079.1
GB0007668071,12605023,CBG,GBP,2022-07-29,1085.0,1114.0,1084.0,1110.0,157697,835,1106.7
GB0007668071,12605023,CBG,GBP,2022-08-01,1098.0,1123.0,1093.0,1103.0,134168,832,1103.6
GB0007668071,12605023,CBG,GBP,2022-08-02,1098.0,1114.0,1091.0,1114.0,188070,1076,1110.0
GB0007668071,12605023,CBG,GBP,2022-08-03,1114.0,1129.0,1103.0,1125.0,274491,1946,1122.7
GB0007668071,12605023,CBG,GBP,2022-08-04,1110.0,1131.0,1108.0,1126.0,172661,828,1123.75
GB0007668071,12605023,CBG,GBP,2022-08-05,1140.0,1142.0,1121.0,1134.0,148552,800,1134.4
GB0007668071,12605023,CBG,GBP,2022-08-08,1132.0,1140.0,1114.5,1124.0,127747,896,1123.65
GB0007668071,12605023,CBG,GBP,2022-08-09,1121.0,1127.0,1116.0,1117.0,107328,652,1119.1
GB0007668071,12605023,CBG,GBP,2022-08-10,1130.0,1154.0,1113.0,1148.0,121695,874,1144.0
GB0007668071,12605023,CBG,GBP,2022-08-11,1169.0,1169.0,1138.0,1140.0,150023,795,1144.0
GB0007668071,12605023,CBG,GBP,2022-08-12,1139.5,1149.0,1136.0,1145.0,124847,935,1143.45
GB0007668071,12605023,CBG,GBP,2022-08-15,1137.0,1143.0,1121.0,1134.0,81361,402,1133.05
GB0007668071,12605023,CBG,GBP,2022-08-16,1120.0,1139.0,1120.0,1131.0,85859,490,1131.0
GB0007668071,12605023,CBG,GBP,2022-08-17,1138.0,1139.0,1106.0,1114.0,137268,682,1114.75
GB0007668071,12605023,CBG,GBP,2022-08-18,1100.0,1120.0,1100.0,1113.0,111649,699,1111.2
GB0007668071,12605023,CBG,GBP,2022-08-19,1100.0,1114.0,1100.0,1104.0,147772,693,1105.55
GB0007668071,12605023,CBG,GBP,2022-08-22,1096.0,1105.0,1074.0,1076.0,76135,685,1078.8
GB0007668071,12605023,CBG,GBP,2022-08-23,1060.0,1087.0,1060.0,1070.0,145368,693,1071.8
GB0007668071,12605023,CBG,GBP,2022-08-24,1075.0,1077.0,1049.0,1052.0,123691,583,1054.65
GB0007668071,12605023,CBG,GBP,2022-08-25,1054.0,1059.0,1028.0,1034.0,129887,707,1036.3
GB0007668071,12605023,CBG,GBP,2022-08-26,1029.0,1055.5,1029.0,1029.0,152847,998,1036.15
GB0007668071,12605023,CBG,GBP,2022-08-30,1029.0,1051.0,1028.0,1028.0,203641,1266,1033.6
GB0007668071,12605023,CBG,GBP,2022-08-31,1037.0,1037.0,1020.0,1021.0,202822,1316,1022.7
GB0007668071,12605023,CBG,GBP,2022-09-01,1022.0,1027.0,993.0,993.0,192449,1167,998.4
GB0007668071,12605023,CBG,GBP,2022-09-02,1020.0,1022.0,995.5,1022.0,274762,2577,1013.0
GB0007668071,12605023,CBG,GBP,2022-09-05,1006.0,1006.0,990.5,1001.0,220880,1513,998.9
GB0007668071,12605023,CBG,GBP,2022-09-06,991.0,1020.0,991.0,1005.0,237997,1230,1007.4
GB0007668071,12605023,CBG,GBP,2022-09-07,991.0,1003.0,991.0,1001.0,178403,1671,999.75
GB0007668071,12605023,CBG,GBP,2022-09-08,1010.0,1015.0,993.5,1012.0,242595,1836,1006.4
GB0007668071,12605023,CBG,GBP,2022-09-09,1023.0,1038.0,1023.0,1032.0,188307,1296,1031.55
GB0007668071,12605023,CBG,GBP,2022-09-12,1048.0,1061.0,1041.0,1061.0,254388,2293,1054.8
GB0007668071,12605023,CBG,GBP,2022-09-13,1077.0,1077.0,1045.0,1048.0,244960,1187,1050.15
GB0007668071,12605023,CBG,GBP,2022-09-14,1032.0,1049.0,1007.0,1027.0,278002,1479,1025.35
GB0007668071,12605023,CBG,GBP,2022-09-15,1021.0,1044.0,1021.0,1038.0,220799,1107,1036.55
GB0007668071,12605023,CBG,GBP,2022-09-16,1035.0,1050.0,1025.0,1036.0,1094184,2704,1036.05
GB0007668071,12605023,CBG,GBP,2022-09-20,1030.0,1050.0,1030.0,1036.0,282991,1646,1039.9
GB0007668071,12605023,CBG,GBP,2022-09-21,1040.0,1055.0,1026.0,1049.0,254273,1569,1046.1
GB0007668071,12605023,CBG,GBP,2022-09-22,1045.0,1061.0,1033.0,1042.0,146748,1506,1048.15
GB0007668071,12605023,CBG,GBP,2022-09-23,1033.0,1041.0,1017.0,1020.0,191226,1387,1023.5
GB0007668071,12605023,CBG,GBP,2022-09-26,1049.0,1049.0,1016.0,1023.0,326389,2144,1024.3
GB0007668071,12605023,CBG,GBP,2022-09-27,1000.0,1010.0,912.5,913.0,930600,4124,944.75
GB0007668071,12605023,CBG,GBP,2022-09-28,929.5,952.5,897.0,946.5,550632,4023,929.55
GB0007668071,12605023,CBG,GBP,2022-09-29,930.0,938.5,878.5,894.0,629842,5280,903.6
GB0007668071,12605023,CBG,GBP,2022-09-30,885.0,935.0,885.0,927.5,484640,2804,924.05
GB0007668071,12605023,CBG,GBP,2022-10-03,922.0,940.0,910.5,934.5,350944,2963,927.8
GB0007668071,12605023,CBG,GBP,2022-10-04,947.5,971.0,926.5,971.0,267114,1609,961.25
GB0007668071,12605023,CBG,GBP,2022-10-05,971.5,979.0,953.5,960.5,252227,2511,962.2
GB0007668071,12605023,CBG,GBP,2022-10-06,940.0,971.5,940.0,960.5,188428,1556,962.4
GB0007668071,12605023,CBG,GBP,2022-10-07,952.0,963.5,943.0,947.0,212271,1628,950.45
GB0007668071,12605023,CBG,GBP,2022-10-10,939.0,957.0,938.5,947.0,202104,1165,947.45
GB0007668071,12605023,CBG,GBP,2022-10-11,964.5,964.5,929.5,940.5,198047,1574,938.95
GB0007668071,12605023,CBG,GBP,2022-10-12,935.0,938.0,897.0,918.5,466892,2573,921.35
GB0007668071,12605023,CBG,GBP,2022-10-13,884.5,911.0,872.0,903.0,324966,2211,891.3
GB0007668071,12605023,CBG,GBP,2022-10-14,914.5,926.0,891.0,897.5,306594,2199,904.4
GB0007668071,12605023,CBG,GBP,2022-10-17,903.0,938.0,891.5,928.0,321539,2725,922.15
GB0007668071,12605023,CBG,GBP,2022-10-18,940.5,950.5,928.5,935.0,240964,1675,938.25
GB0007668071,12605023,CBG,GBP,2022-10-19,957.0,957.5,912.0,923.0,279737,2204,926.05
GB0007668071,12605023,CBG,GBP,2022-10-20,922.0,947.0,909.0,938.0,249274,1670,936.95
GB0007668071,12605023,CBG,GBP,2022-10-21,922.0,937.5,919.5,937.5,233273,1253,931.9
GB0007668071,12605023,CBG,GBP,2022-10-24,930.5,966.0,930.5,957.5,265084,1919,957.0
GB0007668071,12605023,CBG,GBP,2022-10-25,940.0,976.5,940.0,976.5,247170,1619,966.35
GB0007668071,12605023,CBG,GBP,2022-10-26,980.5,996.0,968.5,993.0,188899,1710,988.2
GB0007668071,12605023,CBG,GBP,2022-10-27,1000.0,1005.0,986.0,1005.0,201988,1497,1000.0
GB0007668071,12605023,CBG,GBP,2022-10-28,985.5,995.0,969.5,985.5,249146,2445,983.85
GB0007668071,12605023,CBG,GBP,2022-10-31,974.5,989.5,970.5,982.0,238432,2209,981.2
GB0007668071,12605023,CBG,GBP,2022-11-01,967.5,1011.0,967.5,995.0,216506,2639,999.0
GB0007668071,12605023,CBG,GBP,2022-11-02,1008.0,1008.0,973.5,988.0,664024,2115,986.65
GB0007668071,12605023,CBG,GBP,2022-11-03,965.0,989.5,965.0,980.5,211814,2070,980.3
GB0007668071,12605023,CBG,GBP,2022-11-04,1001.0,1012.0,984.5,1009.0,245157,2476,1000.7
GB0007668071,12605023,CBG,GBP,2022-11-07,990.0,1031.0,990.0,1021.0,127051,1250,1021.15
GB0007668071,12605023,CBG,GBP,2022-11-08,1043.0,1043.0,1015.0,1029.0,186398,1158,1024.25
GB0007668071,12605023,CBG,GBP,2022-11-09,1004.0,1031.0,1004.0,1030.0,142388,1169,1025.45
GB0007668071,12605023,CBG,GBP,2022-11-10,1040.0,1081.0,1023.0,1081.0,207700,1654,1065.05
GB0007668071,12605023,CBG,GBP,2022-11-11,1097.0,1131.0,1082.0,1131.0,317866,2449,1122.35
GB0007668071,12605023,CBG,GBP,2022-11-14,1109.0,1124.0,1057.0,1081.0,280588,2712,1077.0
GB0007668071,12605023,CBG,GBP,2022-11-15,1098.0,1098.0,1065.0,1069.0,194684,1999,1072.6
GB0007668071,12605023,CBG,GBP,2022-11-16,1065.0,1067.0,1042.0,1056.0,214380,1567,1050.45
GB0007668071,12605023,CBG,GBP,2022-11-17,1056.0,1059.0,1018.0,1033.0,232024,2064,1034.55
GB0007668071,12605023,CBG,GBP,2022-11-18,1050.0,1053.0,1036.0,1050.0,312987,1502,1049.05
GB0007668071,12605023,CBG,GBP,2022-11-21,1046.0,1058.0,1036.0,1056.0,170642,1199,1052.75
GB0007668071,12605023,CBG,GBP,2022-11-22,1053.0,1072.0,1053.0,1055.0,166181,1307,1060.5
GB0007668071,12605023,CBG,GBP,2022-11-23,1080.0,1080.0,1054.0,1074.0,118757,1493,1071.85
GB0007668071,12605023,CBG,GBP,2022-11-24,1100.0,1100.0,1075.0,1088.0,73564,724,1086.5
GB0007668071,12605023,CBG,GBP,2022-11-25,1084.5,1087.0,1067.0,1086.0,114396,830,1081.3
GB0007668071,12605023,CBG,GBP,2022-11-28,1103.0,1103.0,1065.0,1068.0,156251,954,1070.8
GB0007668071,12605023,CBG,GBP,2022-11-29,1065.0,1080.0,1065.0,1072.0,124874,869,1072.4
GB0007668071,12605023,CBG,GBP,2022-11-30,1093.0,1093.0,1064.0,1071.0,183493,1398,1070.2
GB0007668071,12605023,CBG,GBP,2022-12-01,1050.0,1098.0,1050.0,1088.0,204811,1670,1087.7
GB0007668071,12605023,CBG,GBP,2022-12-02,1102.0,1107.5,1080.0,1094.0,166554,1258,1096.3
GB0007668071,12605023,CBG,GBP,2022-12-05,1120.0,1120.0,1089.5,1097.0,116028,964,1100.2
GB0007668071,12605023,CBG,GBP,2022-12-06,1067.0,1069.0,1047.5,1057.0,233853,1601,1057.65
GB0007668071,12605023,CBG,GBP,2022-12-07,1077.0,1077.0,1051.5,1055.0,221889,1088,1055.75
GB0007668071,12605023,CBG,GBP,2022-12-08,1049.0,1060.0,1019.0,1031.0,200829,1861,1030.35
GB0007668071,12605023,CBG,GBP,2022-12-09,1036.0,1038.0,1011.0,1034.0,137354,1035,1030.45
GB0007668071,12605023,CBG,GBP,2022-12-12,1027.0,1042.0,1019.0,1028.0,136293,1392,1025.65
GB0007668071,12605023,CBG,GBP,2022-12-13,1035.0,1064.0,1024.0,1057.0,290319,1630,1053.05
GB0007668071,12605023,CBG,GBP,2022-12-14,1073.0,1073.0,1044.0,1051.0,182290,921,1051.4
GB0007668071,12605023,CBG,GBP,2022-12-15,1028.0,1045.0,1020.0,1020.0,374238,1632,1024.05
GB0007668071,12605023,CBG,GBP,2022-12-16,1040.0,1040.0,1017.0,1032.0,491394,2506,1027.7
GB0007668071,12605023,CBG,GBP,2022-12-19,1049.0,1049.0,1023.0,1037.0,113940,1001,1036.1
GB0007668071,12605023,CBG,GBP,2022-12-20,1057.0,1057.0,1024.0,1034.0,109108,823,1032.9
GB0007668071,12605023,CBG,GBP,2022-12-21,1043.0,1069.0,1032.0,1065.0,90482,1044,1060.5
GB0007668071,12605023,CBG,GBP,2022-12-22,1065.0,1075.0,1057.0,1059.0,81624,758,1061.4
GB0007668071,12605023,CBG,GBP,2022-12-23,1070.0,1077.0,1053.0,1053.0,63517,458,1059.4
GB0007668071,12605023,CBG,GBP,2022-12-28,1062.0,1081.0,1062.0,1072.0,167996,1061,1071.65
GB0007668071,12605023,CBG,GBP,2022-12-29,1090.0,1090.0,1050.0,1063.0,147063,985,1063.4
GB0007668071,12605023,CBG,GBP,2022-12-30,1067.0,1067.0,1043.0,1047.0,70823,438,1048.95
GB0007668071,12605023,CBG,GBP,2023-01-03,1055.0,1098.0,1055.0,1098.0,234828,1776,1090.02
GB0007668071,12605023,CBG,GBP,2023-01-04,1120.0,1127.0,1097.0,1124.0,221437,1581,1119.42
GB0007668071,12605023,CBG,GBP,2023-01-05,1110.0,1129.0,1098.0,1121.0,257982,1995,1119.34
GB0007668071,12605023,CBG,GBP,2023-01-06,1139.0,1139.0,1101.0,1124.0,183671,1090,1116.56
GB0007668071,12605023,CBG,GBP,2023-01-09,1122.0,1130.0,1110.4,1121.0,183617,1278,1121.52
GB0007668071,12605023,CBG,GBP,2023-01-10,1135.0,1135.0,1111.0,1120.0,171145,1103,1121.46
GB0007668071,12605023,CBG,GBP,2023-01-11,1111.0,1111.0,1064.0,1076.0,269285,1970,1079.1
GB0007668071,12605023,CBG,GBP,2023-01-12,1067.0,1083.0,1062.0,1078.0,256828,1823,1072.22
GB0007668071,12605023,CBG,GBP,2023-01-13,1060.0,1080.0,1060.0,1068.0,154635,1033,1070.52
GB0007668071,12605023,CBG,GBP,2023-01-16,1090.0,1092.0,1070.0,1092.0,152935,952,1084.68
GB0007668071,12605023,CBG,GBP,2023-01-17,1093.0,1102.0,1086.0,1091.0,275802,1798,1092.74
GB0007668071,12605023,CBG,GBP,2023-01-18,1098.0,1105.0,1078.0,1083.0,175484,1595,1085.76
GB0007668071,12605023,CBG,GBP,2023-01-19,1090.0,1090.0,1044.0,1048.0,161127,1281,1052.06
GB0007668071,12605023,CBG,GBP,2023-01-20,980.0,990.6,895.4,937.6,748180,5728,926.56
GB0007668071,12605023,CBG,GBP,2023-01-23,946.8,969.0,940.0,962.0,450835,2842,959.74
GB0007668071,12605023,CBG,GBP,2023-01-24,961.6,972.0,951.0,954.4,273983,1385,955.98
GB0007668071,12605023,CBG,GBP,2023-01-25,948.0,963.0,948.0,955.0,402628,1944,956.4
GB0007668071,12605023,CBG,GBP,2023-01-26,952.0,973.0,952.0,965.0,538757,3936,965.68
GB0007668071,12605023,CBG,GBP,2023-01-27,941.4,964.6,941.4,959.6,588657,1273,959.9
GB0007668071,12605023,CBG,GBP,2023-01-30,960.0,967.0,942.4,962.0,563394,1251,957.5
GB0007668071,12605023,CBG,GBP,2023-01-31,966.0,980.0,961.0,969.0,650435,3213,970.32
GB0007668071,12605023,CBG,GBP,2023-02-01,991.4,996.6,977.4,981.4,552137,4036,986.74
GB0007668071,12605023,CBG,GBP,2023-02-02,986.0,999.6,970.0,994.4,484648,2293,989.12
GB0007668071,12605023,CBG,GBP,2023-02-03,994.6,1004.0,985.4,1004.0,395252,2358,996.62
GB0007668071,12605023,CBG,GBP,2023-02-06,1019.0,1019.0,986.4,1001.0,226961,1889,1005.56
GB0007668071,12605023,CBG,GBP,2023-02-07,1011.6,1011.6,991.0,997.6,255695,1471,998.56
GB0007668071,12605023,CBG,GBP,2023-02-08,997.4,1021.0,997.4,1013.0,215662,1993,1014.52
GB0007668071,12605023,CBG,GBP,2023-02-09,1037.0,1037.0,1013.0,1017.0,237086,1574,1019.22
GB0007668071,12605023,CBG,GBP,2023-02-10,1011.0,1019.0,1001.0,1002.0,343108,2536,1007.74
GB0007668071,12605023,CBG,GBP,2023-02-13,1014.0,1014.0,1000.0,1009.0,124479,766,1008.12
GB0007668071,12605023,CBG,GBP,2023-02-14,1007.0,1022.0,1007.0,1016.0,288716,1569,1015.48
GB0007668071,12605023,CBG,GBP,2023-02-15,1010.0,1021.0,1007.0,1016.0,142992,1196,1014.98
GB0007668071,12605023,CBG,GBP,2023-02-16,1020.0,1029.0,1018.4,1026.0,332938,1506,1024.08
GB0007668071,12605023,CBG,GBP,2023-02-17,1047.0,1047.0,1005.0,1005.0,363756,1743,1012.18
GB0007668071,12605023,CBG,GBP,2023-02-20,998.0,1007.0,994.0,1001.0,194038,850,1000.32
GB0007668071,12605023,CBG,GBP,2023-02-21,976.0,985.6,940.4,969.4,355752,2196,970.94
GB0007668071,12605023,CBG,GBP,2023-02-22,951.0,967.0,948.4,964.6,289068,2072,959.84
GB0007668071,12605023,CBG,GBP,2023-02-23,950.0,990.0,949.4,982.0,294718,1840,981.32
GB0007668071,12605023,CBG,GBP,2023-02-24,1000.0,1000.0,984.0,991.0,229090,1740,990.62
GB0007668071,12605023,CBG,GBP,2023-02-27,998.4,1001.0,989.4,1001.0,106441,755,998.74
GB0007668071,12605023,CBG,GBP,2023-02-28,990.0,1019.0,990.0,1012.0,331543,1175,1011.64
GB0007668071,12605023,CBG,GBP,2023-03-01,1026.0,1029.0,997.2,1007.0,186213,1275,1006.38
GB0007668071,12605023,CBG,GBP,2023-03-02,982.4,1014.0,979.0,993.0,790344,2770,989.12
GB0007668071,12605023,CBG,GBP,2023-03-03,982.8,1002.0,982.2,1001.0,141777,696,997.98
GB0007668071,12605023,CBG,GBP,2023-03-06,985.0,1018.0,985.0,1014.0,361589,1213,1012.48
GB0007668071,12605023,CBG,GBP,2023-03-07,1003.6,1017.0,1001.0,1004.0,459960,1545,1008.26
GB0007668071,12605023,CBG,GBP,2023-03-08,980.0,1007.0,980.0,999.0,296297,2055,998.42
GB0007668071,12605023,CBG,GBP,2023-03-09,1020.0,1106.0,1010.0,1080.0,1704644,6490,1068.46
GB0007668071,12605023,CBG,GBP,2023-03-10,1056.0,1082.0,1028.0,1077.0,1216065,5929,1069.24
GB0007668071,12605023,CBG,GBP,2023-03-13,1054.0,1069.0,1016.0,1016.0,7525775,10065,1019.46
GB0007668071,12605023,CBG,GBP,2023-03-14,1017.0,1017.0,939.6,955.6,1193567,5080,967.26
GB0007668071,12605023,CBG,GBP,2023-03-15,956.0,968.6,903.0,920.6,1045561,4909,926.44
GB0007668071,12605023,CBG,GBP,2023-03-16,929.0,934.6,867.4,904.0,1063622,4720,894.12
GB0007668071,12605023,CBG,GBP,2023-03-17,902.0,933.0,892.0,896.0,2154819,4396,901.22
GB0007668071,12605023,CBG,GBP,2023-03-20,884.0,923.0,843.4,901.6,879222,5992,894.26
GB0007668071,12605023,CBG,GBP,2023-03-21,907.4,952.0,904.4,931.0,876446,4812,931.6
GB0007668071,12605023,CBG,GBP,2023-03-22,908.4,944.6,908.4,923.0,374165,1925,926.48
GB0007668071,12605023,CBG,GBP,2023-03-23,900.4,909.6,889.6,893.0,340483,1214,896.16
GB0007668071,12605023,CBG,GBP,2023-03-24,878.6,890.0,855.4,876.0,545265,2703,871.26
GB0007668071,12605023,CBG,GBP,2023-03-27,884.0,897.0,877.0,878.6,280423,1627,883.02
GB0007668071,12605023,CBG,GBP,2023-03-28,865.0,888.6,862.4,876.0,476013,1816,874.26
GB0007668071,12605023,CBG,GBP,2023-03-29,875.0,898.0,875.0,898.0,258446,1594,893.14
GB0007668071,12605023,CBG,GBP,2023-03-30,906.4,924.0,906.4,915.0,326689,1358,916.78
GB0007668071,12605023,CBG,GBP,2023-03-31,936.0,936.0,900.4,901.0,362119,1410,907.24
GB0007668071,12605023,CBG,GBP,2023-04-03,916.0,916.0,890.4,896.4,199851,1241,898.84
GB0007668071,12605023,CBG,GBP,2023-04-04,900.0,905.6,882.4,885.4,208922,1002,889.12
GB0007668071,12605023,CBG,GBP,2023-04-05,890.0,890.0,852.0,858.4,314795,2075,860.12
GB0007668071,12605023,CBG,GBP,2023-04-06,846.4,876.0,846.4,876.0,354513,1899,871.7
GB0007668071,12605023,CBG,GBP,2023-04-11,891.4,894.0,878.0,891.4,352512,3276,888.32
GB0007668071,12605023,CBG,GBP,2023-04-12,875.0,906.0,875.0,898.4,329890,2826,894.72
GB0007668071,12605023,CBG,GBP,2023-04-13,880.4,898.0,880.4,892.0,293138,1803,891.82
GB0007668071,12605023,CBG,GBP,2023-04-14,892.4,915.6,892.4,910.4,325180,2085,910.02
GB0007668071,12605023,CBG,GBP,2023-04-17,929.4,929.6,899.4,899.4,207176,1792,902.28
GB0007668071,12605023,CBG,GBP,2023-04-18,910.0,910.0,890.4,902.4,335129,1764,898.94
GB0007668071,12605023,CBG,GBP,2023-04-19,895.6,903.0,886.4,900.4,297831,1419,896.86
GB0007668071,12605023,CBG,GBP,2023-04-20,880.4,908.6,880.4,897.0,259827,1627,896.66
GB0007668071,12605023,CBG,GBP,2023-04-21,900.0,900.0,879.4,895.6,302457,1064,892.92
GB0007668071,12605023,CBG,GBP,2023-04-24,896.0,900.0,886.0,886.6,234037,1104,889.06
GB0007668071,12605023,CBG,GBP,2023-04-25,871.0,883.6,867.0,880.0,192728,1369,879.58
GB0007668071,12605023,CBG,GBP,2023-04-26,898.4,898.6,873.4,892.0,925599,1319,890.24
GB0007668071,12605023,CBG,GBP,2023-04-27,899.0,910.6,891.0,898.0,144850,1150,900.9
GB0007668071,12605023,CBG,GBP,2023-04-28,894.6,915.6,887.4,908.0,208742,1206,905.24
GB0007668071,12605023,CBG,GBP,2023-05-02,923.0,924.0,893.4,898.0,251306,1507,902.02
GB0007668071,12605023,CBG,GBP,2023-05-03,903.0,907.0,893.4,898.0,270912,1452,900.02
GB0007668071,12605023,CBG,GBP,2023-05-04,915.0,915.0,890.4,900.0,459075,1760,899.68
GB0007668071,12605023,CBG,GBP,2023-05-05,921.0,927.6,899.0,923.4,239782,1615,919.12
GB0007668071,12605023,CBG,GBP,2023-05-09,940.0,940.0,908.0,920.0,246807,1553,918.36
GB0007668071,12605023,CBG,GBP,2023-05-10,908.2,923.0,908.2,923.0,152810,671,920.68
GB0007668071,12605023,CBG,GBP,2023-05-11,924.8,927.6,909.4,918.0,193638,1234,917.7
GB0007668071,12605023,CBG,GBP,2023-05-12,909.4,923.6,901.4,901.6,153704,790,906.3
GB0007668071,12605023,CBG,GBP,2023-05-15,890.0,910.6,890.0,910.4,139591,713,903.48
GB0007668071,12605023,CBG,GBP,2023-05-16,912.0,917.0,903.0,905.6,97145,604,907.08
GB0007668071,12605023,CBG,GBP,2023-05-17,900.0,910.6,894.0,907.0,120981,720,905.68
GB0007668071,12605023,CBG,GBP,2023-05-18,907.0,920.6,907.0,919.4,163616,1003,918.22
GB0007668071,12605023,CBG,GBP,2023-05-19,930.0,941.0,918.0,931.0,147812,900,932.08
GB0007668071,12605023,CBG,GBP,2023-05-22,930.4,933.6,911.4,918.0,208990,1238,918.88
GB0007668071,12605023,CBG,GBP,2023-05-23,900.0,941.0,900.0,939.6,218618,855,936.0
GB0007668071,12605023,CBG,GBP,2023-05-24,949.0,954.0,926.0,941.0,581387,3963,941.02
GB0007668071,12605023,CBG,GBP,2023-05-25,940.0,945.0,910.4,920.0,306041,1699,923.36
GB0007668071,12605023,CBG,GBP,2023-05-26,918.2,921.0,900.4,904.4,184104,1126,907.1
GB0007668071,12605023,CBG,GBP,2023-05-30,923.4,928.0,895.0,911.0,208531,1259,912.84
GB0007668071,12605023,CBG,GBP,2023-05-31,901.0,919.0,896.4,907.4,697833,1657,907.5
GB0007668071,12605023,CBG,GBP,2023-06-01,907.4,946.6,907.4,940.4,246143,2000,933.5
GB0007668071,12605023,CBG,GBP,2023-06-02,940.4,976.6,940.4,968.0,219782,1381,966.08
GB0007668071,12605023,CBG,GBP,2023-06-05,989.0,989.0,952.0,955.0,165975,1066,963.24
GB0007668071,12605023,CBG,GBP,2023-06-06,939.0,977.0,939.0,975.4,132287,1122,970.4
GB0007668071,12605023,CBG,GBP,2023-06-07,998.4,998.6,958.0,963.4,259427,1608,963.4
GB0007668071,12605023,CBG,GBP,2023-06-08,972.4,975.0,961.4,963.0,177024,1131,965.7
GB0007668071,12605023,CBG,GBP,2023-06-09,950.4,969.6,944.0,963.0,109643,1162,960.3
GB0007668071,12605023,CBG,GBP,2023-06-12,942.4,972.6,942.4,962.0,170415,940,963.22
GB0007668071,12605023,CBG,GBP,2023-06-13,957.4,962.6,947.4,955.0,133541,687,955.42
GB0007668071,12605023,CBG,GBP,2023-06-14,957.2,967.6,953.0,960.0,256352,1069,960.64
GB0007668071,12605023,CBG,GBP,2023-06-15,959.4,962.0,944.4,949.4,165387,736,950.7
GB0007668071,12605023,CBG,GBP,2023-06-16,929.0,964.0,929.0,944.0,548643,1749,945.94
GB0007668071,12605023,CBG,GBP,2023-06-19,930.0,942.6,928.4,930.0,132728,601,931.62
GB0007668071,12605023,CBG,GBP,2023-06-20,918.0,928.6,918.0,920.6,121904,688,921.54
GB0007668071,12605023,CBG,GBP,2023-06-21,916.0,916.6,894.4,899.4,199336,923,901.94
GB0007668071,12605023,CBG,GBP,2023-06-22,880.4,894.0,862.0,863.4,362331,2078,869.14
GB0007668071,12605023,CBG,GBP,2023-06-23,861.0,861.0,831.4,836.6,413886,2076,839.06
GB0007668071,12605023,CBG,GBP,2023-06-26,830.0,847.0,814.0,829.0,265485,1233,827.8
GB0007668071,12605023,CBG,GBP,2023-06-27,831.0,836.0,818.4,828.0,185663,1108,828.42
GB0007668071,12605023,CBG,GBP,2023-06-28,830.0,866.6,829.4,866.4,217194,1474,856.0
GB0007668071,12605023,CBG,GBP,2023-06-29,861.0,865.6,851.4,862.0,224021,990,859.36
GB0007668071,12605023,CBG,GBP,2023-06-30,838.0,885.0,838.0,881.4,218681,890,880.02
GB0007668071,12605023,CBG,GBP,2023-07-03,865.0,893.6,865.0,891.0,129294,886,888.9
GB0007668071,12605023,CBG,GBP,2023-07-04,887.6,897.6,881.2,890.0,101789,485,891.66
GB0007668071,12605023,CBG,GBP,2023-07-05,901.0,901.0,877.4,880.0,262657,1108,880.32
GB0007668071,12605023,CBG,GBP,2023-07-06,893.4,893.6,868.0,870.0,437225,1772,873.46
GB0007668071,12605023,CBG,GBP,2023-07-07,874.4,874.6,843.0,859.0,131166,971,858.14
GB0007668071,12605023,CBG,GBP,2023-07-10,860.0,869.6,851.4,859.0,174373,557,860.0
GB0007668071,12605023,CBG,GBP,2023-07-11,866.0,875.0,861.4,865.4,252964,783,867.38
GB0007668071,12605023,CBG,GBP,2023-07-12,866.4,924.6,866.4,921.0,464741,1478,905.76
GB0007668071,12605023,CBG,GBP,2023-07-13,938.0,941.6,913.0,941.4,373002,1383,931.64
GB0007668071,12605023,CBG,GBP,2023-07-14,943.4,948.6,929.0,941.0,194383,1171,941.22
GB0007668071,12605023,CBG,GBP,2023-07-17,950.0,950.0,924.4,930.6,175260,1177,930.62
GB0007668071,12605023,CBG,GBP,2023-07-18,935.6,949.6,933.4,945.0,333181,1583,943.94
GB0007668071,12605023,CBG,GBP,2023-07-19,968.0,979.0,953.0,973.4,391099,2192,967.86
GB0007668071,12605023,CBG,GBP,2023-07-20,987.6,990.0,970.4,976.6,193840,1182,978.98
GB0007668071,12605023,CBG,GBP,2023-07-21,979.0,979.0,942.0,946.0,264806,1696,949.52
GB0007668071,12605023,CBG,GBP,2023-07-24,930.0,947.6,929.4,940.0,119526,1089,939.54
GB0007668071,12605023,CBG,GBP,2023-07-25,932.0,946.0,932.0,942.0,110455,806,941.14
GB0007668071,12605023,CBG,GBP,2023-07-26,940.0,948.0,934.0,943.0,129392,582,942.98
GB0007668071,12605023,CBG,GBP,2023-07-27,954.4,954.6,927.0,931.4,160224,1280,933.74
GB0007668071,12605023,CBG,GBP,2023-07-28,934.8,934.8,915.4,918.0,130821,750,921.66
GB0007668071,12605023,CBG,GBP,2023-07-31,927.6,927.6,914.4,919.0,160297,1025,919.32
GB0007668071,12605023,CBG,GBP,2023-08-01,919.2,920.0,901.4,905.0,98128,553,907.1
GB0007668071,12605023,CBG,GBP,2023-08-02,903.0,903.0,878.4,882.4,195198,1029,884.26
GB0007668071,12605023,CBG,GBP,2023-08-03,880.4,890.0,872.4,881.4,288269,1603,882.12
GB0007668071,12605023,CBG,GBP,2023-08-04,903.0,903.0,867.0,875.0,274241,2006,873.4
GB0007668071,12605023,CBG,GBP,2023-08-07,875.0,877.0,863.0,863.4,379287,1385,865.48
GB0007668071,12605023,CBG,GBP,2023-08-08,884.4,884.6,836.6,838.0,162654,1140,844.66
GB0007668071,12605023,CBG,GBP,2023-08-09,858.0,863.0,818.6,845.0,723629,3209,835.74
GB0007668071,12605023,CBG,GBP,2023-08-10,851.4,861.0,846.0,850.4,396416,1897,850.44
GB0007668071,12605023,CBG,GBP,2023-08-11,853.0,853.0,825.0,825.0,341336,1327,830.34
GB0007668071,12605023,CBG,GBP,2023-08-14,821.0,832.6,819.4,822.0,212409,1025,823.94
GB0007668071,12605023,CBG,GBP,2023-08-15,821.4,821.6,810.0,812.6,186260,842,813.48
GB0007668071,12605023,CBG,GBP,2023-08-16,810.0,845.6,801.0,840.4,348917,1732,836.4
GB0007668071,12605023,CBG,GBP,2023-08-17,837.6,848.0,830.0,839.0,181414,941,838.8
GB0007668071,12605023,CBG,GBP,2023-08-18,819.0,836.0,811.4,819.6,176076,854,820.96
GB0007668071,12605023,CBG,GBP,2023-08-21,810.0,823.0,798.4,798.4,145507,752,803.5
GB0007668071,12605023,CBG,GBP,2023-08-22,801.0,809.0,796.4,796.4,188932,546,800.46
GB0007668071,12605023,CBG,GBP,2023-08-23,790.0,806.6,790.0,802.0,173904,908,801.56
GB0007668071,12605023,CBG,GBP,2023-08-24,790.0,816.0,790.0,807.0,98658,518,807.62
GB0007668071,12605023,CBG,GBP,2023-08-25,808.0,812.0,800.0,800.0,135478,587,802.72
GB0007668071,12605023,CBG,GBP,2023-08-29,806.0,824.6,806.0,823.4,173853,968,820.4
GB0007668071,12605023,CBG,GBP,2023-08-30,829.0,840.6,828.0,830.0,156848,1130,833.22
GB0007668071,12605023,CBG,GBP,2023-08-31,813.0,835.6,813.0,821.0,198936,700,822.9
GB0007668071,12605023,CBG,GBP,2023-09-01,810.0,830.6,810.0,822.0,94876,582,822.8
GB0007668071,12605023,CBG,GBP,2023-09-04,839.4,839.6,817.4,822.0,120429,817,823.36
GB0007668071,12605023,CBG,GBP,2023-09-05,816.0,821.0,813.4,814.4,130795,746,815.56
GB0007668071,12605023,CBG,GBP,2023-09-06,811.6,822.0,800.0,822.0,247981,1241,815.2
GB0007668071,12605023,CBG,GBP,2023-09-07,802.0,826.6,802.0,822.0,174992,890,821.26
GB0007668071,12605023,CBG,GBP,2023-09-08,827.0,840.0,815.4,820.6,237899,1111,824.8
GB0007668071,12605023,CBG,GBP,2023-09-11,819.6,832.0,819.4,827.6,185934,874,826.78
GB0007668071,12605023,CBG,GBP,2023-09-12,827.0,832.6,819.4,832.4,231393,569,831.42
GB0007668071,12605023,CBG,GBP,2023-09-13,810.0,832.6,810.0,827.6,231981,1148,828.28
GB0007668071,12605023,CBG,GBP,2023-09-14,810.6,839.6,810.4,839.4,394469,1446,834.48
GB0007668071,12605023,CBG,GBP,2023-09-15,845.0,852.4,834.0,840.4,1350437,1787,840.18
GB0007668071,12605023,CBG,GBP,2023-09-18,843.6,843.6,828.0,828.0,209151,1213,832.5
GB0007668071,12605023,CBG,GBP,2023-09-19,826.6,839.6,820.0,836.0,137306,672,834.84
GB0007668071,12605023,CBG,GBP,2023-09-20,845.6,872.0,845.4,866.6,295862,1530,865.64
GB0007668071,12605023,CBG,GBP,2023-09-21,858.6,879.6,858.0,869.0,200408,1178,868.56
GB0007668071,12605023,CBG,GBP,2023-09-22,861.0,877.0,849.0,849.0,514307,1285,853.94
GB0007668071,12605023,CBG,GBP,2023-09-25,869.6,872.6,843.4,852.6,346579,1128,853.62
GB0007668071,12605023,CBG,GBP,2023-09-26,840.6,846.0,791.4,836.6,481385,1349,831.32
GB0007668071,12605023,CBG,GBP,2023-09-27,839.4,892.6,831.4,892.6,281730,1440,884.46
GB0007668071,12605023,CBG,GBP,2023-09-28,887.6,903.0,882.0,899.6,248395,1051,896.82
GB0007668071,12605023,CBG,GBP,2023-09-29,878.0,911.6,878.0,886.0,347227,1556,889.6
GB0007668071,12605023,CBG,GBP,2023-10-02,883.6,885.6,839.4,845.0,280521,1486,852.9
GB0007668071,12605023,CBG,GBP,2023-10-03,858.6,867.6,842.0,865.0,226090,1437,860.6
GB0007668071,12605023,CBG,GBP,2023-10-04,855.4,868.0,852.0,859.6,165425,866,860.14
GB0007668071,12605023,CBG,GBP,2023-10-05,851.6,883.6,850.4,866.0,174238,1298,870.26
GB0007668071,12605023,CBG,GBP,2023-10-06,887.0,887.0,859.0,871.0,267688,1625,867.4
GB0007668071,12605023,CBG,GBP,2023-10-09,865.4,869.0,848.0,853.0,248059,1017,854.62
GB0007668071,12605023,CBG,GBP,2023-10-10,842.6,882.0,842.4,880.0,130120,903,875.36
GB0007668071,12605023,CBG,GBP,2023-10-11,870.6,880.0,860.4,869.0,212618,1420,867.68
GB0007668071,12605023,CBG,GBP,2023-10-12,865.0,875.0,849.0,849.6,299495,1384,858.18
GB0007668071,12605023,CBG,GBP,2023-10-13,849.6,851.0,825.0,825.0,205538,842,829.92
GB0007668071,12605023,CBG,GBP,2023-10-16,821.4,832.6,819.0,832.4,192514,1099,825.84
GB0007668071,12605023,CBG,GBP,2023-10-17,835.0,851.6,827.0,846.4,134704,936,846.02
GB0007668071,12605023,CBG,GBP,2023-10-18,847.0,847.6,828.0,828.0,291191,1153,835.98
GB0007668071,12605023,CBG,GBP,2023-10-19,789.6,789.6,760.4,760.6,360111,1060,767.7
GB0007668071,12605023,CBG,GBP,2023-10-20,768.0,777.6,749.0,773.0,241123,1355,766.5
GB0007668071,12605023,CBG,GBP,2023-10-23,784.0,784.0,748.4,760.0,197725,1306,757.6
GB0007668071,12605023,CBG,GBP,2023-10-24,761.0,768.6,742.4,759.4,216358,2115,758.5
GB0007668071,12605023,CBG,GBP,2023-10-25,750.4,750.6,724.4,734.0,347798,1666,734.64
GB0007668071,12605023,CBG,GBP,2023-10-26,726.0,794.6,723.0,750.4,450943,1589,756.72
GB0007668071,12605023,CBG,GBP,2023-10-27,768.0,769.6,749.0,769.6,166183,917,763.84
GB0007668071,12605023,CBG,GBP,2023-10-30,755.0,793.0,755.0,784.4,240813,1118,783.0
GB0007668071,12605023,CBG,GBP,2023-10-31,784.4,797.0,782.0,797.0,280450,1398,794.7
GB0007668071,12605023,CBG,GBP,2023-11-01,805.0,805.0,776.4,776.6,297148,1270,784.22
GB0007668071,12605023,CBG,GBP,2023-11-02,788.0,803.0,781.4,797.0,368873,1821,795.26
GB0007668071,12605023,CBG,GBP,2023-11-03,805.0,819.6,800.4,808.0,199383,1210,807.96
GB0007668071,12605023,CBG,GBP,2023-11-06,823.4,823.6,779.0,785.0,185122,1018,789.44
GB0007668071,12605023,CBG,GBP,2023-11-07,770.6,791.8,770.4,785.0,120440,765,785.32
GB0007668071,12605023,CBG,GBP,2023-11-08,766.6,785.6,766.4,776.6,421930,1990,776.5
GB0007668071,12605023,CBG,GBP,2023-11-09,781.4,792.0,767.4,792.0,105630,762,787.24
GB0007668071,12605023,CBG,GBP,2023-11-10,795.0,795.0,771.4,783.0,103462,622,780.94
GB0007668071,12605023,CBG,GBP,2023-11-13,780.6,786.6,770.4,777.6,92009,676,776.9
GB0007668071,12605023,CBG,GBP,2023-11-14,781.6,807.0,767.4,806.0,530209,4413,789.26
GB0007668071,12605023,CBG,GBP,2023-11-15,809.6,826.0,787.4,789.0,465686,3241,796.34
GB0007668071,12605023,CBG,GBP,2023-11-16,780.0,792.0,742.4,748.0,309600,1983,755.96
GB0007668071,12605023,CBG,GBP,2023-11-17,746.4,774.6,739.0,773.0,221206,1589,767.82
GB0007668071,12605023,CBG,GBP,2023-11-20,766.0,793.6,766.0,790.6,169605,917,787.2
GB0007668071,12605023,CBG,GBP,2023-11-21,787.0,795.0,760.4,760.6,179534,1261,766.38
GB0007668071,12605023,CBG,GBP,2023-11-22,779.0,779.0,760.0,763.4,239695,925,765.5
GB0007668071,12605023,CBG,GBP,2023-11-23,768.4,771.0,755.0,766.6,96412,522,764.92
GB0007668071,12605023,CBG,GBP,2023-11-24,762.0,775.0,762.0,773.0,207906,1601,770.94
GB0007668071,12605023,CBG,GBP,2023-11-27,774.6,780.0,764.0,772.0,171618,829,772.18
GB0007668071,12605023,CBG,GBP,2023-11-28,769.4,777.0,763.4,775.0,299279,1274,772.2
GB0007668071,12605023,CBG,GBP,2023-11-29,768.0,786.0,766.4,783.4,121168,371,781.84
GB0007668071,12605023,CBG,GBP,2023-11-30,783.6,784.0,767.0,767.0,323241,665,769.02
GB0007668071,12605023,CBG,GBP,2023-12-01,765.6,775.6,761.2,770.0,190280,1024,768.84
GB0007668071,12605023,CBG,GBP,2023-12-04,764.6,783.0,764.4,771.0,116936,515,773.68
GB0007668071,12605023,CBG,GBP,2023-12-05,770.0,779.0,769.6,779.0,136501,735,775.86
GB0007668071,12605023,CBG,GBP,2023-12-06,788.0,793.6,778.0,789.0,152856,1146,787.86
GB0007668071,12605023,CBG,GBP,2023-12-07,800.0,800.0,777.4,789.0,197328,1046,788.98
GB0007668071,12605023,CBG,GBP,2023-12-08,770.6,791.6,770.4,789.0,191169,1473,787.0
GB0007668071,12605023,CBG,GBP,2023-12-11,785.0,793.0,777.4,789.0,205503,1269,787.88
GB0007668071,12605023,CBG,GBP,2023-12-12,770.0,786.6,770.0,777.6,183767,704,777.8
GB0007668071,12605023,CBG,GBP,2023-12-13,770.0,790.0,770.0,785.0,194824,688,785.16
GB0007668071,12605023,CBG,GBP,2023-12-14,796.4,828.0,794.4,808.0,318767,2036,807.72
GB0007668071,12605023,CBG,GBP,2023-12-15,810.0,824.6,784.0,787.0,619283,1763,792.38
GB0007668071,12605023,CBG,GBP,2023-12-18,776.0,797.6,776.0,787.6,103723,562,787.84
GB0007668071,12605023,CBG,GBP,2023-12-19,784.0,798.6,783.0,784.4,155317,851,785.84
GB0007668071,12605023,CBG,GBP,2023-12-20,803.6,803.6,788.4,799.0,281692,1982,796.82
GB0007668071,12605023,CBG,GBP,2023-12-21,798.0,798.0,786.4,791.0,167213,1206,790.34
GB0007668071,12605023,CBG,GBP,2023-12-22,787.6,802.0,787.4,801.0,109211,667,796.44
GB0007668071,12605023,CBG,GBP,2023-12-27,813.0,814.0,801.4,807.4,115913,553,807.0
GB0007668071,12605023,CBG,GBP,2023-12-28,816.0,816.0,803.0,806.4,152180,844,806.04
GB0007668071,12605023,CBG,GBP,2023-12-29,801.0,805.6,794.0,794.0,84603,380,796.2
