ISIN,conId,Symbol,Currency,date,open,high,low,close,volume,barCount,average
IE00BQQP9H09,211076898,MOAT,USD,2019-01-02,28.91,29.37,28.91,29.37,3334,2,28.92
IE00BQQP9H09,211076898,MOAT,USD,2019-01-03,29.1,29.31,28.99,28.99,3408,8,29.067
IE00BQQP9H09,211076898,MOAT,USD,2019-01-04,29.59,29.59,29.52,29.52,18,1,29.59
IE00BQQP9H09,211076898,MOAT,USD,2019-01-07,29.79,29.97,29.79,29.87,1018,3,29.7925
IE00BQQP9H09,211076898,MOAT,USD,2019-01-08,30.16,30.16,29.91,29.975,6187,8,29.965
IE00BQQP9H09,211076898,MOAT,USD,2019-01-09,30.25,30.38,30.17,30.38,3582,8,30.1915
IE00BQQP9H09,211076898,MOAT,USD,2019-01-10,30.23,30.46,30.23,30.41,3621,5,30.2435
IE00BQQP9H09,211076898,MOAT,USD,2019-01-11,30.34,30.48,30.34,30.465,2313,3,30.3565
IE00BQQP9H09,211076898,MOAT,USD,2019-01-14,30.43,30.51,30.425,30.425,798,4,30.4425
IE00BQQP9H09,211076898,MOAT,USD,2019-01-15,30.55,30.59,30.44,30.59,5725,2,30.4405
IE00BQQP9H09,211076898,MOAT,USD,2019-01-16,31.05,31.05,31.005,31.005,1010,1,31.05
IE00BQQP9H09,211076898,MOAT,USD,2019-01-17,30.79,31.015,30.79,31.015,5944,11,30.8405
IE00BQQP9H09,211076898,MOAT,USD,2019-01-18,31.33,31.62,31.33,31.62,2302,3,31.434
IE00BQQP9H09,211076898,MOAT,USD,2019-01-21,31.56,31.6,31.47,31.525,4666,8,31.5435
IE00BQQP9H09,211076898,MOAT,USD,2019-01-22,31.47,31.48,31.3,31.3,4598,9,31.3775
IE00BQQP9H09,211076898,MOAT,USD,2019-01-23,31.23,31.34,31.16,31.17,8185,8,31.23
IE00BQQP9H09,211076898,MOAT,USD,2019-01-24,31.47,31.48,31.445,31.445,1115,2,31.479
IE00BQQP9H09,211076898,MOAT,USD,2019-01-25,31.69,31.69,31.69,31.69,0,0,31.69
IE00BQQP9H09,211076898,MOAT,USD,2019-01-28,31.43,31.43,31.35,31.35,1015,3,31.361
IE00BQQP9H09,211076898,MOAT,USD,2019-01-29,31.42,31.42,31.215,31.215,8850,10,31.358
IE00BQQP9H09,211076898,MOAT,USD,2019-01-30,31.37,31.37,31.335,31.335,75,1,31.37
IE00BQQP9H09,211076898,MOAT,USD,2019-01-31,31.71,32.055,31.66,32.055,7400,7,31.8145
IE00BQQP9H09,211076898,MOAT,USD,2019-02-01,32.25,32.25,32.03,32.14,745,5,32.171
IE00BQQP9H09,211076898,MOAT,USD,2019-02-04,32.18,32.23,32.16,32.225,4203,5,32.192
IE00BQQP9H09,211076898,MOAT,USD,2019-02-05,32.44,32.51,32.44,32.445,4176,6,32.471
IE00BQQP9H09,211076898,MOAT,USD,2019-02-06,32.4,32.455,32.39,32.455,8081,8,32.4335
IE00BQQP9H09,211076898,MOAT,USD,2019-02-07,32.33,32.33,32.2,32.2,497,7,32.295
IE00BQQP9H09,211076898,MOAT,USD,2019-02-08,32.11,32.12,31.88,31.88,3742,11,32.028
IE00BQQP9H09,211076898,MOAT,USD,2019-02-11,32.3,32.4,32.23,32.23,9926,14,32.311
IE00BQQP9H09,211076898,MOAT,USD,2019-02-12,32.47,32.78,32.46,32.78,6580,7,32.4735
IE00BQQP9H09,211076898,MOAT,USD,2019-02-13,33.05,33.07,32.93,32.93,4288,4,33.06
IE00BQQP9H09,211076898,MOAT,USD,2019-02-14,33.0,33.0,32.82,32.82,6250,12,32.9075
IE00BQQP9H09,211076898,MOAT,USD,2019-02-15,33.12,33.12,33.12,33.12,0,0,33.12
IE00BQQP9H09,211076898,MOAT,USD,2019-02-18,33.36,33.36,33.15,33.22,4423,8,33.186
IE00BQQP9H09,211076898,MOAT,USD,2019-02-19,33.23,33.28,33.17,33.23,5996,12,33.193
IE00BQQP9H09,211076898,MOAT,USD,2019-02-20,33.32,33.39,33.26,33.34,2674,7,33.3115
IE00BQQP9H09,211076898,MOAT,USD,2019-02-21,33.23,33.23,33.23,33.23,0,0,33.23
IE00BQQP9H09,211076898,MOAT,USD,2019-02-22,33.33,33.33,33.18,33.285,20721,22,33.259
IE00BQQP9H09,211076898,MOAT,USD,2019-02-25,33.5,33.59,33.5,33.54,3210,4,33.5105
IE00BQQP9H09,211076898,MOAT,USD,2019-02-26,33.38,33.39,33.21,33.34,7071,9,33.268
IE00BQQP9H09,211076898,MOAT,USD,2019-02-27,33.27,33.33,33.165,33.165,1434,5,33.214
IE00BQQP9H09,211076898,MOAT,USD,2019-02-28,33.3,33.31,33.22,33.22,3650,7,33.3055
IE00BQQP9H09,211076898,MOAT,USD,2019-03-01,33.52,33.61,33.455,33.455,27930,18,33.5835
IE00BQQP9H09,211076898,MOAT,USD,2019-03-04,33.65,33.65,33.4,33.4,20,2,33.58
IE00BQQP9H09,211076898,MOAT,USD,2019-03-05,33.39,33.39,33.25,33.25,330,3,33.38
IE00BQQP9H09,211076898,MOAT,USD,2019-03-06,33.15,33.15,33.0,33.0,3581,6,33.15
IE00BQQP9H09,211076898,MOAT,USD,2019-03-07,32.79,32.79,32.65,32.735,8500,13,32.7425
IE00BQQP9H09,211076898,MOAT,USD,2019-03-08,32.55,32.55,32.32,32.395,4881,8,32.416
IE00BQQP9H09,211076898,MOAT,USD,2019-03-11,32.87,32.87,32.84,32.84,182,1,32.87
IE00BQQP9H09,211076898,MOAT,USD,2019-03-12,33.02,33.12,33.0,33.12,1380,5,33.026
IE00BQQP9H09,211076898,MOAT,USD,2019-03-13,33.07,33.31,33.07,33.31,1178,4,33.098
IE00BQQP9H09,211076898,MOAT,USD,2019-03-14,33.34,33.34,33.22,33.315,29980,5,33.325
IE00BQQP9H09,211076898,MOAT,USD,2019-03-15,33.36,33.49,33.32,33.49,9621,12,33.3735
IE00BQQP9H09,211076898,MOAT,USD,2019-03-18,33.69,33.69,33.48,33.48,1194,8,33.6595
IE00BQQP9H09,211076898,MOAT,USD,2019-03-19,33.7,33.8,33.7,33.8,9123,10,33.72
IE00BQQP9H09,211076898,MOAT,USD,2019-03-20,33.59,33.6,33.275,33.275,6317,11,33.5885
IE00BQQP9H09,211076898,MOAT,USD,2019-03-21,33.23,33.48,32.98,33.385,9053,11,33.1395
IE00BQQP9H09,211076898,MOAT,USD,2019-03-22,33.62,33.62,32.88,32.88,1123,5,33.337
IE00BQQP9H09,211076898,MOAT,USD,2019-03-25,32.83,32.83,32.675,32.675,5562,5,32.741
IE00BQQP9H09,211076898,MOAT,USD,2019-03-26,32.86,33.0,32.86,32.93,1393,3,32.9525
IE00BQQP9H09,211076898,MOAT,USD,2019-03-27,32.96,32.96,32.77,32.77,800,1,32.96
IE00BQQP9H09,211076898,MOAT,USD,2019-03-28,32.89,32.89,32.83,32.83,3092,5,32.8695
IE00BQQP9H09,211076898,MOAT,USD,2019-03-29,33.09,33.15,33.09,33.15,5658,5,33.1045
IE00BQQP9H09,211076898,MOAT,USD,2019-04-01,33.5,33.56,33.43,33.55,5970,9,33.4575
IE00BQQP9H09,211076898,MOAT,USD,2019-04-02,33.58,33.58,33.58,33.58,0,0,33.58
IE00BQQP9H09,211076898,MOAT,USD,2019-04-03,33.765,33.765,33.765,33.765,0,0,33.765
IE00BQQP9H09,211076898,MOAT,USD,2019-04-04,33.74,33.755,33.74,33.755,825,1,33.74
IE00BQQP9H09,211076898,MOAT,USD,2019-04-05,33.9,33.975,33.9,33.975,15050,3,33.9
IE00BQQP9H09,211076898,MOAT,USD,2019-04-08,33.8,34.05,33.8,34.05,18114,11,33.989
IE00BQQP9H09,211076898,MOAT,USD,2019-04-09,34.07,34.07,33.965,33.965,1000,1,34.07
IE00BQQP9H09,211076898,MOAT,USD,2019-04-10,33.94,33.94,33.82,33.89,1976,5,33.9085
IE00BQQP9H09,211076898,MOAT,USD,2019-04-11,34.08,34.08,34.05,34.05,500,1,34.08
IE00BQQP9H09,211076898,MOAT,USD,2019-04-12,34.18,34.3,34.18,34.235,5496,6,34.1845
IE00BQQP9H09,211076898,MOAT,USD,2019-04-15,34.31,34.31,34.26,34.265,9901,16,34.2945
IE00BQQP9H09,211076898,MOAT,USD,2019-04-16,34.47,34.47,34.37,34.37,89,2,34.4375
IE00BQQP9H09,211076898,MOAT,USD,2019-04-17,34.45,34.49,34.135,34.135,5311,10,34.3685
IE00BQQP9H09,211076898,MOAT,USD,2019-04-18,34.1,34.1,34.0,34.02,2239,8,34.0445
IE00BQQP9H09,211076898,MOAT,USD,2019-04-23,34.32,34.42,34.32,34.42,45,1,34.32
IE00BQQP9H09,211076898,MOAT,USD,2019-04-24,34.4,34.54,34.38,34.51,5127,9,34.405
IE00BQQP9H09,211076898,MOAT,USD,2019-04-25,34.53,34.53,34.46,34.46,301,2,34.53
IE00BQQP9H09,211076898,MOAT,USD,2019-04-26,34.38,34.48,34.38,34.48,2805,7,34.407
IE00BQQP9H09,211076898,MOAT,USD,2019-04-29,34.68,34.68,34.66,34.66,40,2,34.67
IE00BQQP9H09,211076898,MOAT,USD,2019-04-30,34.69,34.69,34.56,34.56,1055,5,34.6765
IE00BQQP9H09,211076898,MOAT,USD,2019-05-01,34.85,34.85,34.66,34.66,546,3,34.689
IE00BQQP9H09,211076898,MOAT,USD,2019-05-02,34.46,34.62,34.3,34.3,573,6,34.456
IE00BQQP9H09,211076898,MOAT,USD,2019-05-03,34.56,34.78,34.56,34.735,1117,5,34.589
IE00BQQP9H09,211076898,MOAT,USD,2019-05-07,34.7,34.7,34.0,34.07,15091,14,34.4135
IE00BQQP9H09,211076898,MOAT,USD,2019-05-08,34.09,34.09,33.8,33.94,2982,8,33.8745
IE00BQQP9H09,211076898,MOAT,USD,2019-05-09,33.61,33.71,33.28,33.305,2356,6,33.427
IE00BQQP9H09,211076898,MOAT,USD,2019-05-10,33.73,33.74,33.21,33.21,6131,8,33.7095
IE00BQQP9H09,211076898,MOAT,USD,2019-05-13,33.37,33.37,32.96,32.96,10209,14,33.3275
IE00BQQP9H09,211076898,MOAT,USD,2019-05-14,33.08,33.23,33.07,33.23,6166,14,33.0875
IE00BQQP9H09,211076898,MOAT,USD,2019-05-15,33.23,33.355,33.04,33.355,3854,5,33.065
IE00BQQP9H09,211076898,MOAT,USD,2019-05-16,33.79,33.79,33.74,33.74,317,1,33.79
IE00BQQP9H09,211076898,MOAT,USD,2019-05-17,33.52,33.67,33.52,33.67,283,2,33.612
IE00BQQP9H09,211076898,MOAT,USD,2019-05-20,33.205,33.205,33.205,33.205,0,0,33.205
IE00BQQP9H09,211076898,MOAT,USD,2019-05-21,33.33,33.445,33.32,33.445,1872,8,33.341
IE00BQQP9H09,211076898,MOAT,USD,2019-05-22,33.33,33.395,33.19,33.395,4700,8,33.3375
IE00BQQP9H09,211076898,MOAT,USD,2019-05-23,33.25,33.25,33.055,33.055,600,1,33.25
IE00BQQP9H09,211076898,MOAT,USD,2019-05-24,33.25,33.33,33.01,33.01,2423,6,33.259
IE00BQQP9H09,211076898,MOAT,USD,2019-05-28,33.24,33.24,32.875,32.875,1112,4,33.0565
IE00BQQP9H09,211076898,MOAT,USD,2019-05-29,32.33,32.33,32.255,32.255,284,1,32.33
IE00BQQP9H09,211076898,MOAT,USD,2019-05-30,32.46,32.47,32.31,32.31,5538,5,32.3825
IE00BQQP9H09,211076898,MOAT,USD,2019-05-31,32.07,32.07,32.07,32.07,0,0,32.07
IE00BQQP9H09,211076898,MOAT,USD,2019-06-03,31.74,32.17,31.64,32.12,7827,15,31.868
IE00BQQP9H09,211076898,MOAT,USD,2019-06-04,32.06,32.555,32.05,32.555,2398,8,32.2605
IE00BQQP9H09,211076898,MOAT,USD,2019-06-05,32.88,32.97,32.76,32.76,2185,7,32.933
IE00BQQP9H09,211076898,MOAT,USD,2019-06-06,33.07,33.07,32.96,33.01,4831,5,32.9895
IE00BQQP9H09,211076898,MOAT,USD,2019-06-07,33.31,33.48,33.28,33.48,730,2,33.3005
IE00BQQP9H09,211076898,MOAT,USD,2019-06-10,33.6,33.645,33.6,33.645,3003,4,33.6035
IE00BQQP9H09,211076898,MOAT,USD,2019-06-11,33.735,33.735,33.735,33.735,0,0,33.735
IE00BQQP9H09,211076898,MOAT,USD,2019-06-12,33.57,33.57,33.545,33.545,338,3,33.567
IE00BQQP9H09,211076898,MOAT,USD,2019-06-13,33.73,33.73,33.61,33.635,2259,7,33.6555
IE00BQQP9H09,211076898,MOAT,USD,2019-06-14,33.71,33.71,33.49,33.56,3710,5,33.683
IE00BQQP9H09,211076898,MOAT,USD,2019-06-17,33.66,33.66,33.6,33.61,3689,7,33.636
IE00BQQP9H09,211076898,MOAT,USD,2019-06-18,33.85,34.0,33.76,33.96,437,3,33.9725
IE00BQQP9H09,211076898,MOAT,USD,2019-06-19,33.93,33.95,33.85,33.905,6483,6,33.904
IE00BQQP9H09,211076898,MOAT,USD,2019-06-20,34.35,34.4,34.2,34.2,7693,11,34.319
IE00BQQP9H09,211076898,MOAT,USD,2019-06-21,34.27,34.41,34.27,34.35,5479,3,34.278
IE00BQQP9H09,211076898,MOAT,USD,2019-06-24,34.21,34.22,34.14,34.14,902,3,34.204
IE00BQQP9H09,211076898,MOAT,USD,2019-06-25,34.14,34.2,34.03,34.11,2385,5,34.1195
IE00BQQP9H09,211076898,MOAT,USD,2019-06-26,34.03,34.2,33.915,33.915,21847,13,34.1225
IE00BQQP9H09,211076898,MOAT,USD,2019-06-27,34.03,34.04,33.95,33.955,1546,3,34.027
IE00BQQP9H09,211076898,MOAT,USD,2019-06-28,34.13,34.225,34.12,34.225,8162,7,34.133
IE00BQQP9H09,211076898,MOAT,USD,2019-07-01,34.63,34.67,34.52,34.52,13010,13,34.648
IE00BQQP9H09,211076898,MOAT,USD,2019-07-02,34.46,34.5,34.38,34.38,4483,6,34.498
IE00BQQP9H09,211076898,MOAT,USD,2019-07-03,34.57,34.78,34.56,34.78,14657,28,34.635
IE00BQQP9H09,211076898,MOAT,USD,2019-07-04,34.83,34.86,34.76,34.83,2282,5,34.8085
IE00BQQP9H09,211076898,MOAT,USD,2019-07-05,34.57,34.57,34.525,34.525,1455,1,34.57
IE00BQQP9H09,211076898,MOAT,USD,2019-07-08,34.65,34.65,34.445,34.445,111,1,34.65
IE00BQQP9H09,211076898,MOAT,USD,2019-07-09,34.33,34.39,34.25,34.39,2608,4,34.2955
IE00BQQP9H09,211076898,MOAT,USD,2019-07-10,34.42,34.59,34.42,34.59,2364,3,34.474
IE00BQQP9H09,211076898,MOAT,USD,2019-07-11,34.73,34.77,34.67,34.67,2749,6,34.7265
IE00BQQP9H09,211076898,MOAT,USD,2019-07-12,34.76,34.87,34.75,34.87,756,2,34.757
IE00BQQP9H09,211076898,MOAT,USD,2019-07-15,34.94,35.04,34.94,35.0,2301,6,34.993
IE00BQQP9H09,211076898,MOAT,USD,2019-07-16,35.18,35.18,35.02,35.02,528,3,35.1
IE00BQQP9H09,211076898,MOAT,USD,2019-07-17,35.01,35.14,34.855,34.855,1335,7,35.0225
IE00BQQP9H09,211076898,MOAT,USD,2019-07-18,34.87,34.96,34.71,34.885,800,3,34.8215
IE00BQQP9H09,211076898,MOAT,USD,2019-07-19,35.27,35.27,35.1,35.2,3420,6,35.136
IE00BQQP9H09,211076898,MOAT,USD,2019-07-22,35.18,35.18,35.01,35.01,3,1,35.18
IE00BQQP9H09,211076898,MOAT,USD,2019-07-23,35.12,35.31,35.12,35.31,3400,5,35.221
IE00BQQP9H09,211076898,MOAT,USD,2019-07-24,35.48,35.53,35.41,35.525,528,3,35.4625
IE00BQQP9H09,211076898,MOAT,USD,2019-07-25,35.78,35.79,35.67,35.67,2288,5,35.715
IE00BQQP9H09,211076898,MOAT,USD,2019-07-26,35.7,35.76,35.7,35.76,1989,5,35.701
IE00BQQP9H09,211076898,MOAT,USD,2019-07-29,35.91,35.91,35.56,35.67,1361,8,35.7415
IE00BQQP9H09,211076898,MOAT,USD,2019-07-30,35.55,35.61,35.5,35.61,4306,7,35.5255
IE00BQQP9H09,211076898,MOAT,USD,2019-07-31,35.66,35.66,35.59,35.59,300,1,35.66
IE00BQQP9H09,211076898,MOAT,USD,2019-08-01,35.2,35.84,35.2,35.84,3242,6,35.253
IE00BQQP9H09,211076898,MOAT,USD,2019-08-02,34.77,34.89,34.715,34.715,1961,4,34.8675
IE00BQQP9H09,211076898,MOAT,USD,2019-08-05,34.49,34.49,33.92,33.985,10093,12,34.1625
IE00BQQP9H09,211076898,MOAT,USD,2019-08-06,33.77,33.91,33.7,33.7,842,4,33.801
IE00BQQP9H09,211076898,MOAT,USD,2019-08-07,33.95,34.0,33.31,33.61,6257,10,33.517
IE00BQQP9H09,211076898,MOAT,USD,2019-08-08,34.0,34.32,33.96,34.32,1636,3,33.9895
IE00BQQP9H09,211076898,MOAT,USD,2019-08-09,34.4,34.4,34.16,34.16,885,1,34.4
IE00BQQP9H09,211076898,MOAT,USD,2019-08-12,34.11,34.14,33.985,33.985,3819,5,34.107
IE00BQQP9H09,211076898,MOAT,USD,2019-08-13,34.255,34.255,34.255,34.255,0,0,34.255
IE00BQQP9H09,211076898,MOAT,USD,2019-08-14,34.5,34.5,33.545,33.545,3292,6,34.053
IE00BQQP9H09,211076898,MOAT,USD,2019-08-15,33.73,33.73,33.43,33.44,1600,3,33.549
IE00BQQP9H09,211076898,MOAT,USD,2019-08-16,33.92,33.92,33.92,33.92,0,0,33.92
IE00BQQP9H09,211076898,MOAT,USD,2019-08-19,34.3,34.4,34.25,34.395,2418,7,34.2825
IE00BQQP9H09,211076898,MOAT,USD,2019-08-20,34.44,34.44,34.35,34.35,750,3,34.42
IE00BQQP9H09,211076898,MOAT,USD,2019-08-21,34.34,34.39,34.34,34.39,2,1,34.34
IE00BQQP9H09,211076898,MOAT,USD,2019-08-22,34.4,34.52,34.27,34.27,475,2,34.444
IE00BQQP9H09,211076898,MOAT,USD,2019-08-23,34.64,34.64,33.925,33.925,2425,4,34.437
IE00BQQP9H09,211076898,MOAT,USD,2019-08-27,33.75,33.77,33.625,33.625,6300,4,33.7595
IE00BQQP9H09,211076898,MOAT,USD,2019-08-28,33.45,33.78,33.26,33.78,6041,11,33.4735
IE00BQQP9H09,211076898,MOAT,USD,2019-08-29,34.11,34.21,34.07,34.21,282,3,34.0925
IE00BQQP9H09,211076898,MOAT,USD,2019-08-30,34.42,34.5,34.345,34.345,378,2,34.4995
IE00BQQP9H09,211076898,MOAT,USD,2019-09-02,34.34,34.42,34.245,34.245,2857,7,34.349
IE00BQQP9H09,211076898,MOAT,USD,2019-09-03,34.16,34.23,34.075,34.075,3244,3,34.1675
IE00BQQP9H09,211076898,MOAT,USD,2019-09-04,34.6,34.6,34.45,34.45,268,5,34.4875
IE00BQQP9H09,211076898,MOAT,USD,2019-09-05,34.65,35.16,34.65,35.16,5374,5,34.802
IE00BQQP9H09,211076898,MOAT,USD,2019-09-06,35.04,35.2,35.04,35.2,680,2,35.0965
IE00BQQP9H09,211076898,MOAT,USD,2019-09-09,35.24,35.46,35.24,35.415,4689,16,35.345
IE00BQQP9H09,211076898,MOAT,USD,2019-09-10,35.42,35.42,35.21,35.21,354,2,35.341
IE00BQQP9H09,211076898,MOAT,USD,2019-09-11,35.6,35.87,35.6,35.855,5395,6,35.7455
IE00BQQP9H09,211076898,MOAT,USD,2019-09-12,36.27,36.36,36.07,36.09,618,4,36.336
IE00BQQP9H09,211076898,MOAT,USD,2019-09-13,36.15,36.26,36.14,36.18,1490,5,36.2525
IE00BQQP9H09,211076898,MOAT,USD,2019-09-16,35.74,36.11,35.74,36.01,4920,10,35.9665
IE00BQQP9H09,211076898,MOAT,USD,2019-09-17,36.0,36.0,35.93,35.93,274,2,35.997
IE00BQQP9H09,211076898,MOAT,USD,2019-09-18,36.05,36.07,35.9,35.945,4904,11,35.982
IE00BQQP9H09,211076898,MOAT,USD,2019-09-19,35.94,36.26,35.94,36.195,833,5,36.09
IE00BQQP9H09,211076898,MOAT,USD,2019-09-20,36.21,36.21,36.1,36.175,6180,7,36.174
IE00BQQP9H09,211076898,MOAT,USD,2019-09-23,36.15,36.16,35.85,35.91,2092,4,36.114
IE00BQQP9H09,211076898,MOAT,USD,2019-09-24,36.06,36.06,35.75,35.76,1787,4,35.985
IE00BQQP9H09,211076898,MOAT,USD,2019-09-25,35.64,35.67,35.47,35.63,2355,4,35.5685
IE00BQQP9H09,211076898,MOAT,USD,2019-09-26,35.82,35.82,35.395,35.395,520,2,35.6815
IE00BQQP9H09,211076898,MOAT,USD,2019-09-27,35.69,35.71,35.66,35.675,1376,3,35.6605
IE00BQQP9H09,211076898,MOAT,USD,2019-09-30,35.6,35.62,35.5,35.62,6983,9,35.536
IE00BQQP9H09,211076898,MOAT,USD,2019-10-01,35.68,35.77,35.38,35.38,1493,3,35.443
IE00BQQP9H09,211076898,MOAT,USD,2019-10-02,34.91,34.91,34.55,34.55,345,2,34.767
IE00BQQP9H09,211076898,MOAT,USD,2019-10-03,34.48,34.64,34.48,34.485,1580,4,34.563
IE00BQQP9H09,211076898,MOAT,USD,2019-10-04,34.7,34.96,34.64,34.94,1430,6,34.7005
IE00BQQP9H09,211076898,MOAT,USD,2019-10-07,35.19,35.265,35.08,35.265,33026,7,35.1445
IE00BQQP9H09,211076898,MOAT,USD,2019-10-08,35.13,35.13,34.44,34.44,5092,6,34.7905
IE00BQQP9H09,211076898,MOAT,USD,2019-10-09,34.6,34.93,34.6,34.805,7022,6,34.814
IE00BQQP9H09,211076898,MOAT,USD,2019-10-10,34.83,35.265,34.83,35.265,1090,2,35.0835
IE00BQQP9H09,211076898,MOAT,USD,2019-10-11,35.4,35.945,35.4,35.945,595,2,35.428
IE00BQQP9H09,211076898,MOAT,USD,2019-10-14,35.87,35.87,35.65,35.71,4054,7,35.7555
IE00BQQP9H09,211076898,MOAT,USD,2019-10-15,36.16,36.245,36.16,36.245,1207,1,36.16
IE00BQQP9H09,211076898,MOAT,USD,2019-10-16,35.96,36.18,35.96,36.015,515,3,36.03
IE00BQQP9H09,211076898,MOAT,USD,2019-10-17,36.04,36.14,36.035,36.035,898,4,36.106
IE00BQQP9H09,211076898,MOAT,USD,2019-10-18,36.06,36.07,36.01,36.025,41167,26,36.0505
IE00BQQP9H09,211076898,MOAT,USD,2019-10-21,36.04,36.28,36.04,36.22,7292,15,36.128
IE00BQQP9H09,211076898,MOAT,USD,2019-10-22,36.32,36.76,36.26,36.645,6275,14,36.436
IE00BQQP9H09,211076898,MOAT,USD,2019-10-23,36.34,36.55,36.34,36.525,2876,3,36.5015
IE00BQQP9H09,211076898,MOAT,USD,2019-10-24,36.73,36.73,36.63,36.63,5100,2,36.69
IE00BQQP9H09,211076898,MOAT,USD,2019-10-25,36.85,36.97,36.7,36.97,7615,9,36.7845
IE00BQQP9H09,211076898,MOAT,USD,2019-10-28,36.74,37.23,36.74,37.205,1935,6,37.1095
IE00BQQP9H09,211076898,MOAT,USD,2019-10-29,37.34,37.41,37.34,37.37,27460,10,37.3595
IE00BQQP9H09,211076898,MOAT,USD,2019-10-30,37.35,37.37,37.19,37.245,4373,8,37.294
IE00BQQP9H09,211076898,MOAT,USD,2019-10-31,37.56,37.56,37.01,37.015,39523,36,37.216
IE00BQQP9H09,211076898,MOAT,USD,2019-11-01,37.37,37.61,37.37,37.575,3192,3,37.3815
IE00BQQP9H09,211076898,MOAT,USD,2019-11-04,37.83,37.9,37.83,37.84,1726,4,37.8845
IE00BQQP9H09,211076898,MOAT,USD,2019-11-05,37.97,38.0,37.76,37.875,28135,16,37.9945
IE00BQQP9H09,211076898,MOAT,USD,2019-11-06,37.91,37.92,37.815,37.815,2663,6,37.8955
IE00BQQP9H09,211076898,MOAT,USD,2019-11-07,37.88,38.1,37.88,37.95,45207,19,38.078
IE00BQQP9H09,211076898,MOAT,USD,2019-11-08,37.97,38.015,37.92,38.015,139,2,37.9205
IE00BQQP9H09,211076898,MOAT,USD,2019-11-11,38.1,38.13,37.97,38.025,2315,11,38.053
IE00BQQP9H09,211076898,MOAT,USD,2019-11-12,38.1,38.205,38.08,38.205,1156,6,38.105
IE00BQQP9H09,211076898,MOAT,USD,2019-11-13,38.17,38.17,37.92,37.94,3013,6,38.001
IE00BQQP9H09,211076898,MOAT,USD,2019-11-14,37.99,37.99,37.87,37.885,3035,8,37.923
IE00BQQP9H09,211076898,MOAT,USD,2019-11-15,38.16,38.28,38.04,38.28,1902,6,38.1415
IE00BQQP9H09,211076898,MOAT,USD,2019-11-18,38.56,38.56,38.31,38.31,4480,20,38.4435
IE00BQQP9H09,211076898,MOAT,USD,2019-11-19,38.35,38.53,38.345,38.345,3319,9,38.381
IE00BQQP9H09,211076898,MOAT,USD,2019-11-20,38.26,38.38,38.1,38.335,7311,12,38.211
IE00BQQP9H09,211076898,MOAT,USD,2019-11-21,38.21,38.25,38.04,38.235,7469,25,38.2
IE00BQQP9H09,211076898,MOAT,USD,2019-11-22,38.22,38.35,38.195,38.195,31892,21,38.2715
IE00BQQP9H09,211076898,MOAT,USD,2019-11-25,38.72,38.72,38.645,38.645,387,1,38.72
IE00BQQP9H09,211076898,MOAT,USD,2019-11-26,38.74,38.79,38.7,38.73,1859,6,38.767
IE00BQQP9H09,211076898,MOAT,USD,2019-11-27,38.92,38.93,38.795,38.795,6615,7,38.8885
IE00BQQP9H09,211076898,MOAT,USD,2019-11-28,38.88,38.89,38.88,38.89,1103,3,38.88
IE00BQQP9H09,211076898,MOAT,USD,2019-11-29,38.69,38.82,38.68,38.76,11983,11,38.7485
IE00BQQP9H09,211076898,MOAT,USD,2019-12-02,38.82,38.82,38.4,38.4,3318,8,38.6525
IE00BQQP9H09,211076898,MOAT,USD,2019-12-03,38.58,38.58,37.9,37.905,3114,8,38.3785
IE00BQQP9H09,211076898,MOAT,USD,2019-12-04,38.11,38.43,38.11,38.335,1997,10,38.295
IE00BQQP9H09,211076898,MOAT,USD,2019-12-05,38.29,38.48,38.29,38.305,1433,4,38.4125
IE00BQQP9H09,211076898,MOAT,USD,2019-12-06,38.64,38.8,38.47,38.77,16898,17,38.6455
IE00BQQP9H09,211076898,MOAT,USD,2019-12-09,38.85,38.85,38.61,38.735,861,8,38.749
IE00BQQP9H09,211076898,MOAT,USD,2019-12-10,38.52,38.645,38.5,38.645,3464,9,38.552
IE00BQQP9H09,211076898,MOAT,USD,2019-12-11,38.59,38.69,38.59,38.64,4928,9,38.608
IE00BQQP9H09,211076898,MOAT,USD,2019-12-12,38.82,39.29,38.75,39.125,5366,46,38.8345
IE00BQQP9H09,211076898,MOAT,USD,2019-12-13,39.2,39.34,39.0,39.005,12655,15,39.263
IE00BQQP9H09,211076898,MOAT,USD,2019-12-16,39.2,39.46,39.2,39.425,1292,10,39.281
IE00BQQP9H09,211076898,MOAT,USD,2019-12-17,39.5,39.5,39.275,39.275,2539,11,39.3705
IE00BQQP9H09,211076898,MOAT,USD,2019-12-18,39.25,39.36,39.25,39.34,8388,9,39.3165
IE00BQQP9H09,211076898,MOAT,USD,2019-12-19,39.31,39.34,39.24,39.24,6253,10,39.2835
IE00BQQP9H09,211076898,MOAT,USD,2019-12-20,39.57,39.57,39.29,39.535,2305,6,39.4715
IE00BQQP9H09,211076898,MOAT,USD,2019-12-23,39.7,39.7,39.5,39.675,32820,14,39.559
IE00BQQP9H09,211076898,MOAT,USD,2019-12-24,39.73,39.74,39.71,39.71,648,2,39.7355
IE00BQQP9H09,211076898,MOAT,USD,2019-12-27,39.95,39.96,39.7,39.825,1301,9,39.8995
IE00BQQP9H09,211076898,MOAT,USD,2019-12-30,39.94,39.94,39.52,39.63,15218,16,39.7465
IE00BQQP9H09,211076898,MOAT,USD,2019-12-31,39.53,39.57,39.385,39.385,7383,6,39.544
IE00BQQP9H09,211076898,MOAT,USD,2020-01-02,39.59,39.75,39.51,39.68,13957,27,39.667
IE00BQQP9H09,211076898,MOAT,USD,2020-01-03,39.3,39.62,39.3,39.575,1600,6,39.5495
IE00BQQP9H09,211076898,MOAT,USD,2020-01-06,39.52,39.55,39.2,39.495,6813,13,39.299
IE00BQQP9H09,211076898,MOAT,USD,2020-01-07,39.67,39.84,39.61,39.73,58971,16,39.7185
IE00BQQP9H09,211076898,MOAT,USD,2020-01-08,39.69,39.81,39.61,39.76,7435,21,39.766
IE00BQQP9H09,211076898,MOAT,USD,2020-01-09,40.03,40.04,39.95,40.005,1605,10,39.9685
IE00BQQP9H09,211076898,MOAT,USD,2020-01-10,40.12,40.12,40.005,40.005,1104,3,40.108
IE00BQQP9H09,211076898,MOAT,USD,2020-01-13,40.1,40.13,40.0,40.1,5432,15,40.0815
IE00BQQP9H09,211076898,MOAT,USD,2020-01-14,40.03,40.14,40.03,40.115,920,4,40.082
IE00BQQP9H09,211076898,MOAT,USD,2020-01-15,40.1,40.27,40.1,40.205,642,4,40.1755
IE00BQQP9H09,211076898,MOAT,USD,2020-01-16,40.32,40.4,40.26,40.31,2409,6,40.3465
IE00BQQP9H09,211076898,MOAT,USD,2020-01-17,40.53,40.56,40.32,40.56,15264,21,40.4755
IE00BQQP9H09,211076898,MOAT,USD,2020-01-20,40.24,40.37,40.24,40.335,4460,10,40.334
IE00BQQP9H09,211076898,MOAT,USD,2020-01-21,40.33,40.39,40.15,40.35,495,6,40.278
IE00BQQP9H09,211076898,MOAT,USD,2020-01-22,40.4,40.5,40.37,40.39,33131,24,40.4075
IE00BQQP9H09,211076898,MOAT,USD,2020-01-23,40.4,40.4,40.045,40.045,29881,21,40.2385
IE00BQQP9H09,211076898,MOAT,USD,2020-01-24,40.42,40.42,40.055,40.055,5449,17,40.3305
IE00BQQP9H09,211076898,MOAT,USD,2020-01-27,39.6,39.6,39.13,39.255,9648,22,39.395
IE00BQQP9H09,211076898,MOAT,USD,2020-01-28,39.56,39.58,39.21,39.57,24105,36,39.422
IE00BQQP9H09,211076898,MOAT,USD,2020-01-29,39.64,39.85,39.49,39.635,1349,7,39.7505
IE00BQQP9H09,211076898,MOAT,USD,2020-01-30,38.99,39.39,38.99,39.315,5058,8,39.251
IE00BQQP9H09,211076898,MOAT,USD,2020-01-31,39.52,39.57,38.94,38.94,13367,11,39.5365
IE00BQQP9H09,211076898,MOAT,USD,2020-02-03,39.01,39.29,39.01,39.22,596,6,39.0515
IE00BQQP9H09,211076898,MOAT,USD,2020-02-04,39.67,39.98,39.66,39.96,3683,10,39.762
IE00BQQP9H09,211076898,MOAT,USD,2020-02-05,40.22,40.33,40.07,40.19,2277,7,40.2535
IE00BQQP9H09,211076898,MOAT,USD,2020-02-06,40.84,40.84,40.475,40.475,1800,5,40.688
IE00BQQP9H09,211076898,MOAT,USD,2020-02-07,40.37,40.5,40.27,40.305,13963,16,40.353
IE00BQQP9H09,211076898,MOAT,USD,2020-02-10,40.13,40.26,40.13,40.25,3448,9,40.1945
IE00BQQP9H09,211076898,MOAT,USD,2020-02-11,40.45,40.75,40.45,40.65,2200,5,40.5175
IE00BQQP9H09,211076898,MOAT,USD,2020-02-12,40.86,40.86,40.71,40.71,1400,2,40.851
IE00BQQP9H09,211076898,MOAT,USD,2020-02-13,40.77,40.77,40.49,40.7,1826,7,40.557
IE00BQQP9H09,211076898,MOAT,USD,2020-02-14,40.81,40.81,40.56,40.67,14451,35,40.637
IE00BQQP9H09,211076898,MOAT,USD,2020-02-17,40.93,40.93,40.77,40.83,8741,18,40.8375
IE00BQQP9H09,211076898,MOAT,USD,2020-02-18,40.81,40.81,40.38,40.38,8674,13,40.635
IE00BQQP9H09,211076898,MOAT,USD,2020-02-19,40.8,40.8,40.54,40.725,1756,8,40.578
IE00BQQP9H09,211076898,MOAT,USD,2020-02-20,40.65,40.94,40.49,40.49,3696,7,40.6605
IE00BQQP9H09,211076898,MOAT,USD,2020-02-21,40.56,40.56,40.28,40.28,3648,7,40.405
IE00BQQP9H09,211076898,MOAT,USD,2020-02-24,39.77,39.78,39.17,39.22,41744,61,39.3675
IE00BQQP9H09,211076898,MOAT,USD,2020-02-25,39.25,39.26,38.52,38.52,12749,33,39.0175
IE00BQQP9H09,211076898,MOAT,USD,2020-02-26,38.36,38.49,37.67,38.445,21525,31,38.024
IE00BQQP9H09,211076898,MOAT,USD,2020-02-27,37.43,37.64,36.76,37.105,7595,42,37.186
IE00BQQP9H09,211076898,MOAT,USD,2020-02-28,30.03,35.78,30.03,35.475,15950,28,35.1145
IE00BQQP9H09,211076898,MOAT,USD,2020-03-02,36.81,36.81,35.5,36.57,6173,16,36.103
IE00BQQP9H09,211076898,MOAT,USD,2020-03-03,37.04,37.58,36.765,36.765,20422,30,37.254
IE00BQQP9H09,211076898,MOAT,USD,2020-03-04,37.09,37.26,37.035,37.035,1697,11,37.1545
IE00BQQP9H09,211076898,MOAT,USD,2020-03-05,37.25,37.25,36.53,37.015,5455,11,36.641
IE00BQQP9H09,211076898,MOAT,USD,2020-03-06,36.05,36.05,35.1,35.455,7694,24,35.303
IE00BQQP9H09,211076898,MOAT,USD,2020-03-09,34.0,34.46,32.97,33.655,80553,56,33.4955
IE00BQQP9H09,211076898,MOAT,USD,2020-03-10,34.01,34.43,32.56,32.955,29141,31,33.7925
IE00BQQP9H09,211076898,MOAT,USD,2020-03-11,33.66,33.66,32.95,33.095,6596,14,33.546
IE00BQQP9H09,211076898,MOAT,USD,2020-03-12,31.49,31.49,28.0,29.71,24676,49,30.4215
IE00BQQP9H09,211076898,MOAT,USD,2020-03-13,30.34,31.31,29.75,29.92,5193,26,30.7025
IE00BQQP9H09,211076898,MOAT,USD,2020-03-16,29.3,30.65,28.33,30.05,10649,29,29.246
IE00BQQP9H09,211076898,MOAT,USD,2020-03-17,31.04,31.04,28.6,30.025,5259,20,29.8465
IE00BQQP9H09,211076898,MOAT,USD,2020-03-18,29.0,29.55,28.5,28.71,2220,10,29.089
IE00BQQP9H09,211076898,MOAT,USD,2020-03-19,29.21,30.15,28.6,29.515,6849,29,29.35
IE00BQQP9H09,211076898,MOAT,USD,2020-03-20,30.16,30.91,29.015,29.015,14601,18,30.3205
IE00BQQP9H09,211076898,MOAT,USD,2020-03-23,27.91,29.26,26.89,27.445,6884,17,27.891
IE00BQQP9H09,211076898,MOAT,USD,2020-03-24,28.58,29.635,28.34,29.635,9255,16,28.644
IE00BQQP9H09,211076898,MOAT,USD,2020-03-25,30.37,30.67,29.29,30.67,23917,31,30.0865
IE00BQQP9H09,211076898,MOAT,USD,2020-03-26,30.0,31.79,29.57,31.485,7510,17,30.2385
IE00BQQP9H09,211076898,MOAT,USD,2020-03-27,31.74,31.76,30.74,30.88,4794,22,31.0275
IE00BQQP9H09,211076898,MOAT,USD,2020-03-30,30.76,31.6,30.76,31.525,2968,10,31.1555
IE00BQQP9H09,211076898,MOAT,USD,2020-03-31,31.96,32.05,31.6,32.01,22752,23,31.7995
IE00BQQP9H09,211076898,MOAT,USD,2020-04-01,30.65,30.71,30.32,30.475,947,6,30.6115
IE00BQQP9H09,211076898,MOAT,USD,2020-04-02,30.65,30.68,30.0,30.265,324,5,30.561
IE00BQQP9H09,211076898,MOAT,USD,2020-04-03,30.65,30.65,30.1,30.12,1685,10,30.305
IE00BQQP9H09,211076898,MOAT,USD,2020-04-06,31.55,31.71,31.085,31.085,14667,26,31.4735
IE00BQQP9H09,211076898,MOAT,USD,2020-04-07,33.05,33.88,32.53,32.81,10541,13,33.227
IE00BQQP9H09,211076898,MOAT,USD,2020-04-08,32.26,32.83,32.21,32.83,27885,37,32.6345
IE00BQQP9H09,211076898,MOAT,USD,2020-04-09,33.5,34.08,33.01,33.94,8765,17,33.6495
IE00BQQP9H09,211076898,MOAT,USD,2020-04-14,34.0,34.44,33.74,33.915,6970,32,33.9885
IE00BQQP9H09,211076898,MOAT,USD,2020-04-15,34.37,34.37,32.885,32.885,8072,15,33.438
IE00BQQP9H09,211076898,MOAT,USD,2020-04-16,33.48,33.7,33.11,33.36,11873,23,33.4395
IE00BQQP9H09,211076898,MOAT,USD,2020-04-17,34.53,34.63,34.19,34.39,7865,20,34.4175
IE00BQQP9H09,211076898,MOAT,USD,2020-04-20,35.28,35.28,33.89,34.545,15518,21,34.438
IE00BQQP9H09,211076898,MOAT,USD,2020-04-21,34.7,34.7,32.985,32.985,1807,7,33.747
IE00BQQP9H09,211076898,MOAT,USD,2020-04-22,33.49,33.73,33.4,33.73,10951,16,33.581
IE00BQQP9H09,211076898,MOAT,USD,2020-04-23,33.76,34.28,33.61,34.28,1174,7,33.6855
IE00BQQP9H09,211076898,MOAT,USD,2020-04-24,33.7,33.87,33.32,33.795,1068,7,33.762
IE00BQQP9H09,211076898,MOAT,USD,2020-04-27,35.0,35.0,34.4,34.765,2787,13,34.455
IE00BQQP9H09,211076898,MOAT,USD,2020-04-28,34.96,35.66,34.93,35.26,3402,15,35.343
IE00BQQP9H09,211076898,MOAT,USD,2020-04-29,35.52,36.22,35.36,35.865,6754,16,35.613
IE00BQQP9H09,211076898,MOAT,USD,2020-04-30,36.39,36.7,35.94,36.095,9032,24,36.435
IE00BQQP9H09,211076898,MOAT,USD,2020-05-01,35.16,35.16,34.72,34.72,3319,2,35.089
IE00BQQP9H09,211076898,MOAT,USD,2020-05-04,34.72,34.72,34.12,34.19,15303,17,34.345
IE00BQQP9H09,211076898,MOAT,USD,2020-05-05,34.57,35.21,34.57,35.15,597,3,35.133
IE00BQQP9H09,211076898,MOAT,USD,2020-05-06,35.21,35.21,34.71,34.78,2337,17,34.87
IE00BQQP9H09,211076898,MOAT,USD,2020-05-07,35.5,35.5,34.78,35.23,2425,7,34.9805
IE00BQQP9H09,211076898,MOAT,USD,2020-05-11,35.42,35.98,35.23,35.43,7951,18,35.602
IE00BQQP9H09,211076898,MOAT,USD,2020-05-12,35.3,35.61,35.29,35.39,850,5,35.4015
IE00BQQP9H09,211076898,MOAT,USD,2020-05-13,35.15,35.15,34.05,34.05,6395,20,34.538
IE00BQQP9H09,211076898,MOAT,USD,2020-05-14,33.8,33.84,32.81,33.78,12620,31,33.436
IE00BQQP9H09,211076898,MOAT,USD,2020-05-15,34.29,34.32,34.1,34.185,2379,6,34.2345
IE00BQQP9H09,211076898,MOAT,USD,2020-05-18,34.88,36.0,34.88,35.645,45464,18,35.593
IE00BQQP9H09,211076898,MOAT,USD,2020-05-19,36.0,36.0,35.46,35.825,9056,27,35.6255
IE00BQQP9H09,211076898,MOAT,USD,2020-05-20,35.78,36.3,35.78,36.27,3321,5,35.8195
IE00BQQP9H09,211076898,MOAT,USD,2020-05-21,35.96,35.96,35.775,35.775,729,5,35.9515
IE00BQQP9H09,211076898,MOAT,USD,2020-05-22,35.5,35.9,35.5,35.67,4850,11,35.7245
IE00BQQP9H09,211076898,MOAT,USD,2020-05-26,36.69,36.98,36.66,36.9,3454,17,36.7865
IE00BQQP9H09,211076898,MOAT,USD,2020-05-27,37.24,37.35,36.78,36.78,3142,13,37.19
IE00BQQP9H09,211076898,MOAT,USD,2020-05-28,37.79,37.79,37.56,37.65,4480,7,37.581
IE00BQQP9H09,211076898,MOAT,USD,2020-05-29,37.1,37.38,37.0,37.01,9041,30,37.1945
IE00BQQP9H09,211076898,MOAT,USD,2020-06-01,37.38,37.48,37.3,37.365,700,7,37.409
IE00BQQP9H09,211076898,MOAT,USD,2020-06-02,37.62,37.75,37.56,37.63,3877,13,37.6735
IE00BQQP9H09,211076898,MOAT,USD,2020-06-03,38.01,38.69,38.01,38.69,11751,16,38.375
IE00BQQP9H09,211076898,MOAT,USD,2020-06-04,38.28,38.91,38.28,38.59,28796,37,38.6145
IE00BQQP9H09,211076898,MOAT,USD,2020-06-05,39.32,40.28,39.13,40.28,54907,48,39.6475
IE00BQQP9H09,211076898,MOAT,USD,2020-06-08,40.17,40.5,39.97,40.37,17505,38,40.231
IE00BQQP9H09,211076898,MOAT,USD,2020-06-09,40.5,40.5,40.07,40.19,5531,11,40.287
IE00BQQP9H09,211076898,MOAT,USD,2020-06-10,40.05,40.31,39.78,39.82,1731,12,40.08
IE00BQQP9H09,211076898,MOAT,USD,2020-06-11,38.77,38.86,37.93,37.93,4844,18,38.503
IE00BQQP9H09,211076898,MOAT,USD,2020-06-12,37.01,38.37,37.01,37.22,11899,24,37.6785
IE00BQQP9H09,211076898,MOAT,USD,2020-06-15,36.62,37.2,36.0,37.2,10156,16,36.656
IE00BQQP9H09,211076898,MOAT,USD,2020-06-16,38.41,39.16,38.22,38.44,4179,12,38.51
IE00BQQP9H09,211076898,MOAT,USD,2020-06-17,38.9,38.9,38.4,38.4,920,7,38.648
IE00BQQP9H09,211076898,MOAT,USD,2020-06-18,38.27,38.47,38.15,38.325,1446,5,38.312
IE00BQQP9H09,211076898,MOAT,USD,2020-06-19,38.31,38.8,38.31,38.535,1724,6,38.7035
IE00BQQP9H09,211076898,MOAT,USD,2020-06-22,37.87,38.63,37.87,38.11,2725,11,38.1545
IE00BQQP9H09,211076898,MOAT,USD,2020-06-23,38.55,38.64,38.34,38.34,5723,11,38.5545
IE00BQQP9H09,211076898,MOAT,USD,2020-06-24,38.32,38.32,37.11,37.13,6263,18,37.779
IE00BQQP9H09,211076898,MOAT,USD,2020-06-25,36.92,36.97,36.69,36.865,57,4,36.8035
IE00BQQP9H09,211076898,MOAT,USD,2020-06-26,37.03,37.29,36.43,36.43,10778,25,37.0085
IE00BQQP9H09,211076898,MOAT,USD,2020-06-29,36.83,37.0,36.54,36.925,5189,16,36.9545
IE00BQQP9H09,211076898,MOAT,USD,2020-06-30,37.02,37.25,37.0,37.13,7403,17,37.065
IE00BQQP9H09,211076898,MOAT,USD,2020-07-01,37.3,37.84,37.22,37.43,947,9,37.5895
IE00BQQP9H09,211076898,MOAT,USD,2020-07-02,37.87,38.19,37.79,37.87,11923,27,38.0195
IE00BQQP9H09,211076898,MOAT,USD,2020-07-03,37.8,37.8,37.6,37.6,360,2,37.7085
IE00BQQP9H09,211076898,MOAT,USD,2020-07-06,38.42,38.42,38.14,38.175,2502,5,38.183
IE00BQQP9H09,211076898,MOAT,USD,2020-07-07,38.25,38.25,37.93,37.94,1107,3,37.9655
IE00BQQP9H09,211076898,MOAT,USD,2020-07-08,37.46,37.85,37.45,37.49,1380,9,37.667
IE00BQQP9H09,211076898,MOAT,USD,2020-07-09,37.66,37.88,37.12,37.12,7977,13,37.612
IE00BQQP9H09,211076898,MOAT,USD,2020-07-10,37.01,37.645,37.01,37.645,8632,43,37.3315
IE00BQQP9H09,211076898,MOAT,USD,2020-07-13,37.94,38.31,37.94,38.3,20806,10,38.188
IE00BQQP9H09,211076898,MOAT,USD,2020-07-14,37.79,37.92,37.39,37.765,26712,28,37.807
IE00BQQP9H09,211076898,MOAT,USD,2020-07-15,38.24,38.77,38.21,38.58,29119,65,38.4565
IE00BQQP9H09,211076898,MOAT,USD,2020-07-16,38.88,38.88,38.45,38.57,5512,16,38.623
IE00BQQP9H09,211076898,MOAT,USD,2020-07-17,38.42,38.51,38.42,38.51,960,4,38.4645
IE00BQQP9H09,211076898,MOAT,USD,2020-07-20,38.39,38.42,38.31,38.385,8777,24,38.3675
IE00BQQP9H09,211076898,MOAT,USD,2020-07-21,38.8,39.03,38.78,39.015,1610,4,38.854
IE00BQQP9H09,211076898,MOAT,USD,2020-07-22,38.82,39.28,38.64,38.79,12464,15,38.8755
IE00BQQP9H09,211076898,MOAT,USD,2020-07-23,39.17,39.2,39.0,39.08,1578,8,39.0395
IE00BQQP9H09,211076898,MOAT,USD,2020-07-24,38.53,38.74,38.2,38.2,3846,7,38.5325
IE00BQQP9H09,211076898,MOAT,USD,2020-07-27,38.52,38.55,38.31,38.31,2007,5,38.41
IE00BQQP9H09,211076898,MOAT,USD,2020-07-28,38.64,38.73,38.59,38.67,5722,20,38.646
IE00BQQP9H09,211076898,MOAT,USD,2020-07-29,38.34,38.69,38.34,38.64,1362,5,38.6165
IE00BQQP9H09,211076898,MOAT,USD,2020-07-30,38.55,38.55,38.26,38.5,7649,11,38.41
IE00BQQP9H09,211076898,MOAT,USD,2020-07-31,38.09,38.16,38.02,38.12,5608,5,38.1295
IE00BQQP9H09,211076898,MOAT,USD,2020-08-03,38.46,38.695,38.46,38.695,3680,17,38.587
IE00BQQP9H09,211076898,MOAT,USD,2020-08-04,38.62,38.815,38.6,38.815,2144,5,38.65
IE00BQQP9H09,211076898,MOAT,USD,2020-08-05,38.73,39.01,38.73,39.01,4067,6,38.9065
IE00BQQP9H09,211076898,MOAT,USD,2020-08-06,38.88,38.99,38.82,38.82,2153,5,38.845
IE00BQQP9H09,211076898,MOAT,USD,2020-08-07,38.93,39.1,38.74,39.01,1847,8,38.9525
IE00BQQP9H09,211076898,MOAT,USD,2020-08-10,39.4,39.5,39.4,39.5,85,4,39.4935
IE00BQQP9H09,211076898,MOAT,USD,2020-08-11,39.6,40.08,39.6,40.01,2903,4,39.918
IE00BQQP9H09,211076898,MOAT,USD,2020-08-12,39.9,40.23,39.79,39.79,3545,7,40.065
IE00BQQP9H09,211076898,MOAT,USD,2020-08-13,39.58,39.77,39.58,39.77,14,3,39.722
IE00BQQP9H09,211076898,MOAT,USD,2020-08-14,39.82,39.95,39.67,39.85,2211,6,39.7585
IE00BQQP9H09,211076898,MOAT,USD,2020-08-17,39.8,40.0,39.74,39.74,7452,9,39.942
IE00BQQP9H09,211076898,MOAT,USD,2020-08-18,39.74,39.93,39.74,39.75,4454,8,39.778
IE00BQQP9H09,211076898,MOAT,USD,2020-08-19,39.89,40.01,39.73,39.895,6173,10,39.948
IE00BQQP9H09,211076898,MOAT,USD,2020-08-20,39.53,39.61,39.42,39.475,5725,6,39.55
IE00BQQP9H09,211076898,MOAT,USD,2020-08-21,39.46,39.55,39.17,39.31,2981,14,39.3325
IE00BQQP9H09,211076898,MOAT,USD,2020-08-24,39.7,39.95,39.65,39.865,2847,10,39.7885
IE00BQQP9H09,211076898,MOAT,USD,2020-08-25,40.2,40.2,39.94,39.95,6176,13,40.0345
IE00BQQP9H09,211076898,MOAT,USD,2020-08-26,40.32,40.4,40.11,40.26,10606,17,40.3055
IE00BQQP9H09,211076898,MOAT,USD,2020-08-27,40.7,40.82,40.32,40.63,22278,31,40.3705
IE00BQQP9H09,211076898,MOAT,USD,2020-08-28,40.86,40.95,40.755,40.755,1195,5,40.859
IE00BQQP9H09,211076898,MOAT,USD,2020-09-01,40.98,40.98,40.61,40.76,1633,13,40.7105
IE00BQQP9H09,211076898,MOAT,USD,2020-09-02,41.0,41.36,41.0,41.27,12709,13,41.281
IE00BQQP9H09,211076898,MOAT,USD,2020-09-03,41.87,41.87,40.55,40.85,6972,15,41.568
IE00BQQP9H09,211076898,MOAT,USD,2020-09-04,40.82,41.03,39.95,39.95,4493,13,40.456
IE00BQQP9H09,211076898,MOAT,USD,2020-09-07,40.41,40.695,40.41,40.695,821,3,40.4305
IE00BQQP9H09,211076898,MOAT,USD,2020-09-08,40.73,40.73,39.46,39.46,5862,7,40.2535
IE00BQQP9H09,211076898,MOAT,USD,2020-09-09,39.63,39.73,39.33,39.72,4990,14,39.6255
IE00BQQP9H09,211076898,MOAT,USD,2020-09-10,39.58,40.0,39.57,39.76,6646,9,39.635
IE00BQQP9H09,211076898,MOAT,USD,2020-09-11,39.4,39.42,39.4,39.42,2408,2,39.4185
IE00BQQP9H09,211076898,MOAT,USD,2020-09-14,40.0,40.0,39.6,39.8,5307,18,39.8645
IE00BQQP9H09,211076898,MOAT,USD,2020-09-15,39.88,40.24,39.88,40.07,7813,24,40.124
IE00BQQP9H09,211076898,MOAT,USD,2020-09-16,40.24,40.66,40.17,40.375,3069,5,40.3085
IE00BQQP9H09,211076898,MOAT,USD,2020-09-17,39.22,39.83,39.22,39.83,8005,14,39.4175
IE00BQQP9H09,211076898,MOAT,USD,2020-09-18,39.78,39.8,39.56,39.56,4824,6,39.7425
IE00BQQP9H09,211076898,MOAT,USD,2020-09-21,39.1,39.1,38.245,38.245,135,4,39.0275
IE00BQQP9H09,211076898,MOAT,USD,2020-09-22,38.55,38.87,38.42,38.42,9078,16,38.544
IE00BQQP9H09,211076898,MOAT,USD,2020-09-23,38.67,38.99,38.67,38.755,3682,12,38.9115
IE00BQQP9H09,211076898,MOAT,USD,2020-09-24,38.2,38.24,37.75,37.87,1520,10,38.151
IE00BQQP9H09,211076898,MOAT,USD,2020-09-25,38.13,38.185,37.95,38.185,2449,8,38.057
IE00BQQP9H09,211076898,MOAT,USD,2020-09-28,38.81,39.37,38.73,39.245,1735,7,38.946
IE00BQQP9H09,211076898,MOAT,USD,2020-09-29,39.2,39.2,38.985,38.985,50,1,39.2
IE00BQQP9H09,211076898,MOAT,USD,2020-09-30,38.51,39.315,38.51,39.315,6328,9,38.824
IE00BQQP9H09,211076898,MOAT,USD,2020-10-01,39.4,39.4,39.31,39.31,2461,3,39.3385
IE00BQQP9H09,211076898,MOAT,USD,2020-10-02,38.65,39.17,38.65,39.09,4654,4,39.075
IE00BQQP9H09,211076898,MOAT,USD,2020-10-05,39.5,39.71,39.38,39.71,4424,7,39.6665
IE00BQQP9H09,211076898,MOAT,USD,2020-10-06,39.7,40.02,39.64,39.975,1027,6,39.731
IE00BQQP9H09,211076898,MOAT,USD,2020-10-07,39.85,40.15,39.6,40.15,7990,7,39.7535
IE00BQQP9H09,211076898,MOAT,USD,2020-10-08,40.36,40.73,40.36,40.45,3248,16,40.638
IE00BQQP9H09,211076898,MOAT,USD,2020-10-09,41.0,41.0,40.87,40.98,6049,10,40.9065
IE00BQQP9H09,211076898,MOAT,USD,2020-10-12,41.09,41.3,41.09,41.3,655,4,41.2175
IE00BQQP9H09,211076898,MOAT,USD,2020-10-13,41.47,41.47,41.055,41.055,1458,6,41.2325
IE00BQQP9H09,211076898,MOAT,USD,2020-10-14,41.01,41.14,40.875,40.875,6579,10,41.0295
IE00BQQP9H09,211076898,MOAT,USD,2020-10-15,40.78,40.78,40.1,40.38,22375,29,40.1805
IE00BQQP9H09,211076898,MOAT,USD,2020-10-16,40.7,41.035,40.7,41.035,9149,7,40.8285
IE00BQQP9H09,211076898,MOAT,USD,2020-10-19,41.06,41.06,40.795,40.795,594,2,41.0315
IE00BQQP9H09,211076898,MOAT,USD,2020-10-20,40.66,40.66,40.455,40.455,1327,6,40.5855
IE00BQQP9H09,211076898,MOAT,USD,2020-10-21,40.36,40.4,40.1,40.13,6901,12,40.2945
IE00BQQP9H09,211076898,MOAT,USD,2020-10-22,39.86,40.27,39.86,40.14,519,7,39.977
IE00BQQP9H09,211076898,MOAT,USD,2020-10-23,40.68,40.68,40.37,40.37,1886,7,40.539
IE00BQQP9H09,211076898,MOAT,USD,2020-10-26,39.86,39.88,39.31,39.31,4120,8,39.593
IE00BQQP9H09,211076898,MOAT,USD,2020-10-27,39.53,39.83,39.43,39.43,10305,15,39.4565
IE00BQQP9H09,211076898,MOAT,USD,2020-10-28,38.9,38.9,38.09,38.26,8513,15,38.501
IE00BQQP9H09,211076898,MOAT,USD,2020-10-29,37.98,38.29,37.88,37.985,10353,15,38.0075
IE00BQQP9H09,211076898,MOAT,USD,2020-10-30,37.86,38.0,37.63,37.79,3702,10,37.942
IE00BQQP9H09,211076898,MOAT,USD,2020-11-02,38.14,38.68,38.14,38.53,904,5,38.409
IE00BQQP9H09,211076898,MOAT,USD,2020-11-03,38.86,39.35,38.86,39.23,3415,10,39.176
IE00BQQP9H09,211076898,MOAT,USD,2020-11-04,39.05,40.34,39.05,40.21,5434,9,39.6635
IE00BQQP9H09,211076898,MOAT,USD,2020-11-05,40.19,40.56,40.19,40.44,33235,45,40.461
IE00BQQP9H09,211076898,MOAT,USD,2020-11-06,40.23,40.5,40.23,40.47,16512,10,40.4155
IE00BQQP9H09,211076898,MOAT,USD,2020-11-09,40.74,42.61,40.73,42.08,6084,18,41.005
IE00BQQP9H09,211076898,MOAT,USD,2020-11-10,41.8,42.17,41.74,41.89,20681,25,42.004
IE00BQQP9H09,211076898,MOAT,USD,2020-11-11,42.32,42.59,41.95,42.1,9236,19,42.211
IE00BQQP9H09,211076898,MOAT,USD,2020-11-12,41.69,41.7,41.63,41.63,2110,6,41.6775
IE00BQQP9H09,211076898,MOAT,USD,2020-11-13,41.64,41.88,41.64,41.88,3687,5,41.6555
IE00BQQP9H09,211076898,MOAT,USD,2020-11-16,42.83,42.99,42.64,42.83,9223,9,42.8035
IE00BQQP9H09,211076898,MOAT,USD,2020-11-17,42.89,42.995,42.7,42.995,7676,15,42.848
IE00BQQP9H09,211076898,MOAT,USD,2020-11-18,42.91,43.43,42.91,43.275,6227,17,43.316
IE00BQQP9H09,211076898,MOAT,USD,2020-11-19,42.55,42.69,42.53,42.54,3018,13,42.574
IE00BQQP9H09,211076898,MOAT,USD,2020-11-20,42.7,43.15,42.7,42.845,7708,17,42.941
IE00BQQP9H09,211076898,MOAT,USD,2020-11-23,42.89,43.34,42.89,43.075,9295,16,43.141
IE00BQQP9H09,211076898,MOAT,USD,2020-11-24,43.67,44.12,43.67,44.12,3303,9,43.7685
IE00BQQP9H09,211076898,MOAT,USD,2020-11-25,44.32,44.32,44.005,44.005,2331,10,44.161
IE00BQQP9H09,211076898,MOAT,USD,2020-11-26,43.95,44.11,43.91,44.01,2016,16,44.011
IE00BQQP9H09,211076898,MOAT,USD,2020-11-27,44.05,44.24,44.05,44.05,2897,14,44.117
IE00BQQP9H09,211076898,MOAT,USD,2020-11-30,43.69,44.04,43.61,43.61,6634,20,43.886
IE00BQQP9H09,211076898,MOAT,USD,2020-12-01,44.25,44.39,44.11,44.27,2336,9,44.275
IE00BQQP9H09,211076898,MOAT,USD,2020-12-02,44.16,44.44,43.95,44.11,10288,13,44.2255
IE00BQQP9H09,211076898,MOAT,USD,2020-12-03,44.18,44.54,44.18,44.54,874,4,44.3445
IE00BQQP9H09,211076898,MOAT,USD,2020-12-04,44.7,45.01,44.56,45.01,8366,12,44.688
IE00BQQP9H09,211076898,MOAT,USD,2020-12-07,45.12,45.12,44.77,44.93,7470,18,44.857
IE00BQQP9H09,211076898,MOAT,USD,2020-12-08,44.84,45.13,44.7,45.13,1326,7,44.8295
IE00BQQP9H09,211076898,MOAT,USD,2020-12-09,45.38,45.38,44.95,44.95,12464,25,45.3005
IE00BQQP9H09,211076898,MOAT,USD,2020-12-10,44.96,44.96,44.785,44.785,4317,8,44.85
IE00BQQP9H09,211076898,MOAT,USD,2020-12-11,44.99,44.99,44.34,44.59,3219,6,44.5235
IE00BQQP9H09,211076898,MOAT,USD,2020-12-14,45.0,45.12,44.795,44.795,1612,6,45.024
IE00BQQP9H09,211076898,MOAT,USD,2020-12-15,44.79,44.99,44.54,44.695,906,10,44.6925
IE00BQQP9H09,211076898,MOAT,USD,2020-12-16,45.06,45.47,44.92,45.02,12429,15,45.0795
IE00BQQP9H09,211076898,MOAT,USD,2020-12-17,45.0,45.14,44.87,44.975,6013,21,44.9995
IE00BQQP9H09,211076898,MOAT,USD,2020-12-18,44.94,45.04,44.72,44.745,6303,11,45.0005
IE00BQQP9H09,211076898,MOAT,USD,2020-12-21,44.45,44.63,43.88,44.0,3733,13,44.006
IE00BQQP9H09,211076898,MOAT,USD,2020-12-22,44.43,44.47,44.37,44.395,174,5,44.446
IE00BQQP9H09,211076898,MOAT,USD,2020-12-23,44.49,44.77,44.32,44.695,1583,5,44.47
IE00BQQP9H09,211076898,MOAT,USD,2020-12-24,44.92,44.92,44.43,44.745,2559,6,44.6905
IE00BQQP9H09,211076898,MOAT,USD,2020-12-29,44.8,44.98,44.715,44.715,13673,24,44.926
IE00BQQP9H09,211076898,MOAT,USD,2020-12-30,44.76,44.87,44.76,44.845,3333,5,44.8405
IE00BQQP9H09,211076898,MOAT,USD,2020-12-31,44.59,44.86,44.59,44.75,2029,4,44.8215
IE00BQQP9H09,211076898,MOAT,USD,2021-01-04,45.12,45.29,44.435,44.435,2699,14,45.2325
IE00BQQP9H09,211076898,MOAT,USD,2021-01-05,44.43,44.73,44.43,44.725,1729,9,44.563
IE00BQQP9H09,211076898,MOAT,USD,2021-01-06,44.71,45.96,44.71,45.96,29157,25,45.274
IE00BQQP9H09,211076898,MOAT,USD,2021-01-07,46.53,46.6,46.03,46.48,1540,14,46.3065
IE00BQQP9H09,211076898,MOAT,USD,2021-01-08,46.39,46.64,46.325,46.325,2154,9,46.394
IE00BQQP9H09,211076898,MOAT,USD,2021-01-11,46.45,46.56,46.04,46.56,5147,13,46.3685
IE00BQQP9H09,211076898,MOAT,USD,2021-01-12,46.73,46.88,46.7,46.72,1931,10,46.7515
IE00BQQP9H09,211076898,MOAT,USD,2021-01-13,46.72,47.04,46.645,46.645,14582,16,46.811
IE00BQQP9H09,211076898,MOAT,USD,2021-01-14,46.89,47.2,46.82,47.15,4240,12,46.9845
IE00BQQP9H09,211076898,MOAT,USD,2021-01-15,46.8,46.9,46.4,46.555,778,12,46.646
IE00BQQP9H09,211076898,MOAT,USD,2021-01-18,46.41,46.63,46.19,46.575,4861,16,46.531
IE00BQQP9H09,211076898,MOAT,USD,2021-01-19,46.97,46.99,46.78,46.885,4188,11,46.8605
IE00BQQP9H09,211076898,MOAT,USD,2021-01-20,46.63,47.31,46.63,46.955,8432,13,47.092
IE00BQQP9H09,211076898,MOAT,USD,2021-01-21,47.39,47.39,46.84,46.84,1334,13,47.0285
IE00BQQP9H09,211076898,MOAT,USD,2021-01-22,46.93,46.93,46.4,46.53,2682,12,46.6345
IE00BQQP9H09,211076898,MOAT,USD,2021-01-25,46.05,46.68,46.05,46.06,3016,15,46.5075
IE00BQQP9H09,211076898,MOAT,USD,2021-01-26,46.31,46.64,46.19,46.19,1124,13,46.2155
IE00BQQP9H09,211076898,MOAT,USD,2021-01-27,46.09,46.09,45.32,45.47,9128,18,45.7685
IE00BQQP9H09,211076898,MOAT,USD,2021-01-28,45.31,45.67,44.93,45.555,895,11,45.3035
IE00BQQP9H09,211076898,MOAT,USD,2021-01-29,44.91,45.57,44.91,45.17,10216,15,45.316
IE00BQQP9H09,211076898,MOAT,USD,2021-02-01,44.85,45.21,44.81,45.015,5226,16,44.969
IE00BQQP9H09,211076898,MOAT,USD,2021-02-02,45.68,46.04,45.48,46.04,5297,13,45.6685
IE00BQQP9H09,211076898,MOAT,USD,2021-02-03,46.19,46.22,45.95,45.98,9917,29,46.1375
IE00BQQP9H09,211076898,MOAT,USD,2021-02-04,46.25,46.73,46.05,46.61,1961,10,46.628
IE00BQQP9H09,211076898,MOAT,USD,2021-02-05,47.14,47.22,46.8,47.17,3371,13,47.084
IE00BQQP9H09,211076898,MOAT,USD,2021-02-08,46.9,47.4,46.9,47.27,3093,15,47.243
IE00BQQP9H09,211076898,MOAT,USD,2021-02-09,47.5,47.66,47.5,47.55,1779,6,47.5675
IE00BQQP9H09,211076898,MOAT,USD,2021-02-10,47.89,48.23,47.765,47.765,7320,13,47.9865
IE00BQQP9H09,211076898,MOAT,USD,2021-02-11,47.93,48.08,47.81,47.99,952,9,47.9405
IE00BQQP9H09,211076898,MOAT,USD,2021-02-12,48.19,48.37,47.83,48.2,3636,13,48.2325
IE00BQQP9H09,211076898,MOAT,USD,2021-02-15,48.68,48.69,48.53,48.605,5812,19,48.5945
IE00BQQP9H09,211076898,MOAT,USD,2021-02-16,48.55,48.69,48.51,48.53,5694,18,48.591
IE00BQQP9H09,211076898,MOAT,USD,2021-02-17,48.62,48.78,48.21,48.31,14801,32,48.544
IE00BQQP9H09,211076898,MOAT,USD,2021-02-18,48.38,48.49,48.12,48.13,3389,16,48.2705
IE00BQQP9H09,211076898,MOAT,USD,2021-02-19,48.61,48.74,48.32,48.715,718,10,48.411
IE00BQQP9H09,211076898,MOAT,USD,2021-02-22,48.59,48.59,48.14,48.535,1708,9,48.29
IE00BQQP9H09,211076898,MOAT,USD,2021-02-23,48.54,48.54,48.0,48.39,24133,44,48.3435
IE00BQQP9H09,211076898,MOAT,USD,2021-02-24,48.61,49.06,48.47,49.06,12583,33,48.71
IE00BQQP9H09,211076898,MOAT,USD,2021-02-25,49.4,49.55,48.9,48.9,7853,33,49.235
IE00BQQP9H09,211076898,MOAT,USD,2021-02-26,48.0,48.4,47.5,47.71,4888,22,48.079
IE00BQQP9H09,211076898,MOAT,USD,2021-03-01,48.02,48.61,47.81,48.45,5785,26,48.0835
IE00BQQP9H09,211076898,MOAT,USD,2021-03-02,48.52,48.52,48.23,48.26,4156,19,48.369
IE00BQQP9H09,211076898,MOAT,USD,2021-03-03,48.31,48.53,48.1,48.46,11082,31,48.4195
IE00BQQP9H09,211076898,MOAT,USD,2021-03-04,48.25,48.25,47.77,47.95,1975,14,47.8645
IE00BQQP9H09,211076898,MOAT,USD,2021-03-05,47.7,48.11,47.13,47.13,6949,26,47.49
IE00BQQP9H09,211076898,MOAT,USD,2021-03-08,48.03,49.07,48.02,49.065,14611,23,48.3035
IE00BQQP9H09,211076898,MOAT,USD,2021-03-09,49.06,49.12,48.75,49.04,14809,39,48.872
IE00BQQP9H09,211076898,MOAT,USD,2021-03-10,48.66,49.21,48.55,49.07,7923,19,48.8635
IE00BQQP9H09,211076898,MOAT,USD,2021-03-11,49.7,49.77,49.47,49.72,3490,19,49.5295
IE00BQQP9H09,211076898,MOAT,USD,2021-03-12,49.37,49.75,49.37,49.56,15866,27,49.55
IE00BQQP9H09,211076898,MOAT,USD,2021-03-15,50.02,50.09,49.49,49.54,14069,29,49.8765
IE00BQQP9H09,211076898,MOAT,USD,2021-03-16,50.0,50.12,49.75,49.75,17896,36,49.8905
IE00BQQP9H09,211076898,MOAT,USD,2021-03-17,49.85,49.86,49.62,49.86,4809,16,49.7195
IE00BQQP9H09,211076898,MOAT,USD,2021-03-18,50.25,50.54,49.95,50.475,9359,14,50.417
IE00BQQP9H09,211076898,MOAT,USD,2021-03-19,49.67,50.1,49.5,49.84,2023,20,49.7085
IE00BQQP9H09,211076898,MOAT,USD,2021-03-22,49.7,49.915,49.55,49.915,5164,20,49.7425
IE00BQQP9H09,211076898,MOAT,USD,2021-03-23,49.81,49.93,49.785,49.785,589,7,49.879
IE00BQQP9H09,211076898,MOAT,USD,2021-03-24,49.73,49.88,49.49,49.77,11589,29,49.7065
IE00BQQP9H09,211076898,MOAT,USD,2021-03-25,49.48,49.48,49.05,49.24,9542,24,49.224
IE00BQQP9H09,211076898,MOAT,USD,2021-03-26,50.12,50.12,49.8,50.015,3946,20,49.929
IE00BQQP9H09,211076898,MOAT,USD,2021-03-29,50.3,50.57,50.17,50.34,9349,20,50.435
IE00BQQP9H09,211076898,MOAT,USD,2021-03-30,50.58,50.87,50.25,50.27,9802,17,50.551
IE00BQQP9H09,211076898,MOAT,USD,2021-03-31,50.27,50.37,50.11,50.2,3813,15,50.253
IE00BQQP9H09,211076898,MOAT,USD,2021-04-01,50.45,50.54,50.4,50.515,6779,16,50.488
IE00BQQP9H09,211076898,MOAT,USD,2021-04-06,51.25,51.46,50.85,51.29,15383,52,51.218
IE00BQQP9H09,211076898,MOAT,USD,2021-04-07,51.5,51.5,51.04,51.145,10522,31,51.2015
IE00BQQP9H09,211076898,MOAT,USD,2021-04-08,51.42,51.42,51.21,51.235,7878,27,51.2615
IE00BQQP9H09,211076898,MOAT,USD,2021-04-09,51.18,51.6,51.18,51.395,1840,15,51.4605
IE00BQQP9H09,211076898,MOAT,USD,2021-04-12,51.87,51.87,51.61,51.685,9724,18,51.7175
IE00BQQP9H09,211076898,MOAT,USD,2021-04-13,51.95,51.95,51.54,51.6,5597,28,51.68
IE00BQQP9H09,211076898,MOAT,USD,2021-04-14,52.0,52.03,51.65,52.0,7728,26,51.8055
IE00BQQP9H09,211076898,MOAT,USD,2021-04-15,52.23,52.23,52.0,52.09,6424,22,52.093
IE00BQQP9H09,211076898,MOAT,USD,2021-04-16,52.05,52.48,52.05,52.34,6544,18,52.4005
IE00BQQP9H09,211076898,MOAT,USD,2021-04-19,52.66,52.66,52.29,52.315,8200,23,52.3965
IE00BQQP9H09,211076898,MOAT,USD,2021-04-20,52.6,52.6,51.8,51.8,8966,24,52.2325
IE00BQQP9H09,211076898,MOAT,USD,2021-04-21,52.09,52.33,51.86,52.275,11869,22,52.071
IE00BQQP9H09,211076898,MOAT,USD,2021-04-22,52.67,52.69,52.24,52.365,10882,15,52.2805
IE00BQQP9H09,211076898,MOAT,USD,2021-04-23,52.05,52.26,52.02,52.24,2883,19,52.1155
IE00BQQP9H09,211076898,MOAT,USD,2021-04-26,52.34,52.53,52.33,52.49,4451,16,52.4285
IE00BQQP9H09,211076898,MOAT,USD,2021-04-27,52.73,52.73,52.29,52.455,1612,17,52.4785
IE00BQQP9H09,211076898,MOAT,USD,2021-04-28,52.44,52.75,52.44,52.64,15592,28,52.575
IE00BQQP9H09,211076898,MOAT,USD,2021-04-29,52.6,52.72,52.5,52.51,8020,27,52.604
IE00BQQP9H09,211076898,MOAT,USD,2021-04-30,52.54,52.6,52.26,52.26,5040,27,52.4
IE00BQQP9H09,211076898,MOAT,USD,2021-05-04,52.67,52.79,52.12,52.14,20557,44,52.4385
IE00BQQP9H09,211076898,MOAT,USD,2021-05-05,52.5,52.58,52.18,52.26,18454,36,52.4395
IE00BQQP9H09,211076898,MOAT,USD,2021-05-06,52.4,52.42,52.18,52.395,18881,25,52.289
IE00BQQP9H09,211076898,MOAT,USD,2021-05-07,53.11,53.11,52.7,52.925,9110,17,52.7465
IE00BQQP9H09,211076898,MOAT,USD,2021-05-10,53.0,53.26,53.0,53.18,7328,19,53.0895
IE00BQQP9H09,211076898,MOAT,USD,2021-05-11,52.97,52.97,52.2,52.43,10866,23,52.476
IE00BQQP9H09,211076898,MOAT,USD,2021-05-12,52.0,52.49,51.95,52.14,11072,26,52.296
IE00BQQP9H09,211076898,MOAT,USD,2021-05-13,52.04,52.15,51.38,52.15,3054,12,51.7295
IE00BQQP9H09,211076898,MOAT,USD,2021-05-14,52.3,52.82,52.3,52.78,10101,20,52.571
IE00BQQP9H09,211076898,MOAT,USD,2021-05-17,52.69,53.1,52.65,52.76,11922,20,52.7765
IE00BQQP9H09,211076898,MOAT,USD,2021-05-18,52.9,53.07,52.84,52.9,4190,19,52.9765
IE00BQQP9H09,211076898,MOAT,USD,2021-05-19,52.29,52.38,51.97,52.075,8612,25,52.183
IE00BQQP9H09,211076898,MOAT,USD,2021-05-20,52.56,52.8,52.15,52.78,11124,23,52.5395
IE00BQQP9H09,211076898,MOAT,USD,2021-05-21,53.1,53.2,52.75,53.005,2070,14,53.0005
IE00BQQP9H09,211076898,MOAT,USD,2021-05-24,53.08,53.22,53.0,53.205,13772,16,53.112
IE00BQQP9H09,211076898,MOAT,USD,2021-05-25,53.52,53.52,52.955,52.955,2930,16,53.304
IE00BQQP9H09,211076898,MOAT,USD,2021-05-26,53.14,53.4,52.87,52.94,43959,36,53.2245
IE00BQQP9H09,211076898,MOAT,USD,2021-05-27,52.98,53.22,52.77,53.1,11331,16,53.0285
IE00BQQP9H09,211076898,MOAT,USD,2021-05-28,53.34,53.42,53.22,53.325,4383,19,53.357
IE00BQQP9H09,211076898,MOAT,USD,2021-06-01,53.47,53.67,53.215,53.215,9064,29,53.3465
IE00BQQP9H09,211076898,MOAT,USD,2021-06-02,53.34,53.45,53.05,53.36,23692,25,53.274
IE00BQQP9H09,211076898,MOAT,USD,2021-06-03,53.2,53.215,52.99,53.215,3146,15,53.0885
IE00BQQP9H09,211076898,MOAT,USD,2021-06-04,53.32,53.7,53.16,53.66,2018,14,53.419
IE00BQQP9H09,211076898,MOAT,USD,2021-06-07,53.48,53.86,53.48,53.83,18021,29,53.771
IE00BQQP9H09,211076898,MOAT,USD,2021-06-08,53.87,54.23,53.865,53.865,2477,12,54.1455
IE00BQQP9H09,211076898,MOAT,USD,2021-06-09,54.12,54.33,54.05,54.215,9123,18,54.181
IE00BQQP9H09,211076898,MOAT,USD,2021-06-10,54.28,54.4,54.05,54.34,5234,10,54.298
IE00BQQP9H09,211076898,MOAT,USD,2021-06-11,54.44,54.56,54.295,54.295,4174,17,54.4135
IE00BQQP9H09,211076898,MOAT,USD,2021-06-14,54.67,54.67,54.21,54.21,2233,13,54.425
IE00BQQP9H09,211076898,MOAT,USD,2021-06-15,54.48,54.52,54.28,54.28,7160,19,54.3695
IE00BQQP9H09,211076898,MOAT,USD,2021-06-16,54.38,54.58,54.03,54.265,14660,33,54.3945
IE00BQQP9H09,211076898,MOAT,USD,2021-06-17,54.02,54.08,53.66,53.66,5272,16,53.803
IE00BQQP9H09,211076898,MOAT,USD,2021-06-18,53.84,53.84,53.03,53.03,2672,13,53.364
IE00BQQP9H09,211076898,MOAT,USD,2021-06-21,52.9,53.465,52.87,53.465,1932,11,53.123
IE00BQQP9H09,211076898,MOAT,USD,2021-06-22,53.53,53.62,53.37,53.62,6649,18,53.5345
IE00BQQP9H09,211076898,MOAT,USD,2021-06-23,53.98,53.98,53.545,53.545,8824,19,53.6835
IE00BQQP9H09,211076898,MOAT,USD,2021-06-24,53.68,53.68,53.5,53.55,4218,11,53.6095
IE00BQQP9H09,211076898,MOAT,USD,2021-06-25,53.8,53.8,53.49,53.745,532,9,53.736
IE00BQQP9H09,211076898,MOAT,USD,2021-06-28,53.93,54.05,53.705,53.705,9505,22,53.9105
IE00BQQP9H09,211076898,MOAT,USD,2021-06-29,53.99,53.99,53.55,53.8,6917,35,53.8455
IE00BQQP9H09,211076898,MOAT,USD,2021-06-30,53.92,53.92,53.61,53.745,19150,24,53.6985
IE00BQQP9H09,211076898,MOAT,USD,2021-07-01,53.9,53.95,53.64,53.845,5667,32,53.8695
IE00BQQP9H09,211076898,MOAT,USD,2021-07-02,53.92,54.2,53.92,54.145,2966,15,54.123
IE00BQQP9H09,211076898,MOAT,USD,2021-07-05,54.39,54.39,54.19,54.34,1476,9,54.286
IE00BQQP9H09,211076898,MOAT,USD,2021-07-06,54.45,54.45,53.855,53.855,5609,23,54.251
IE00BQQP9H09,211076898,MOAT,USD,2021-07-07,54.22,54.42,54.04,54.24,12838,28,54.228
IE00BQQP9H09,211076898,MOAT,USD,2021-07-08,54.25,54.25,53.57,53.88,35824,25,53.8325
IE00BQQP9H09,211076898,MOAT,USD,2021-07-09,54.14,54.44,54.09,54.42,2152,7,54.3475
IE00BQQP9H09,211076898,MOAT,USD,2021-07-12,54.57,54.57,54.09,54.34,18168,24,54.372
IE00BQQP9H09,211076898,MOAT,USD,2021-07-13,54.32,54.32,54.15,54.27,767,8,54.275
IE00BQQP9H09,211076898,MOAT,USD,2021-07-14,53.88,54.31,53.88,53.98,14866,14,54.1015
IE00BQQP9H09,211076898,MOAT,USD,2021-07-15,53.84,54.07,53.84,53.89,1953,7,54.0295
IE00BQQP9H09,211076898,MOAT,USD,2021-07-16,54.02,54.06,53.85,53.885,2880,9,53.934
IE00BQQP9H09,211076898,MOAT,USD,2021-07-19,53.5,53.55,52.945,52.945,7231,17,53.345
IE00BQQP9H09,211076898,MOAT,USD,2021-07-20,53.13,53.87,53.13,53.775,5087,21,53.6365
IE00BQQP9H09,211076898,MOAT,USD,2021-07-21,54.09,54.21,53.95,54.095,6915,16,54.096
IE00BQQP9H09,211076898,MOAT,USD,2021-07-22,54.04,54.33,54.04,54.17,2010,3,54.0605
IE00BQQP9H09,211076898,MOAT,USD,2021-07-23,54.49,54.59,54.33,54.59,1898,15,54.522
IE00BQQP9H09,211076898,MOAT,USD,2021-07-26,54.41,54.67,54.32,54.67,2196,9,54.537
IE00BQQP9H09,211076898,MOAT,USD,2021-07-27,54.7,54.7,54.48,54.57,4817,14,54.5215
IE00BQQP9H09,211076898,MOAT,USD,2021-07-28,54.7,54.89,54.7,54.83,8619,20,54.792
IE00BQQP9H09,211076898,MOAT,USD,2021-07-29,54.81,55.15,54.81,55.04,4646,28,55.006
IE00BQQP9H09,211076898,MOAT,USD,2021-07-30,54.68,55.01,54.68,54.91,8371,12,54.9925
IE00BQQP9H09,211076898,MOAT,USD,2021-08-02,55.03,55.18,54.85,54.94,1902,22,55.012
IE00BQQP9H09,211076898,MOAT,USD,2021-08-03,54.88,54.99,54.5,54.635,11084,34,54.5915
IE00BQQP9H09,211076898,MOAT,USD,2021-08-04,55.08,55.08,54.59,54.59,5223,16,55.0025
IE00BQQP9H09,211076898,MOAT,USD,2021-08-05,54.57,54.81,54.51,54.81,17217,27,54.7055
IE00BQQP9H09,211076898,MOAT,USD,2021-08-06,54.8,55.09,54.8,55.02,6375,18,54.9825
IE00BQQP9H09,211076898,MOAT,USD,2021-08-09,55.06,55.06,54.85,54.97,5150,16,54.9715
IE00BQQP9H09,211076898,MOAT,USD,2021-08-10,54.92,55.13,54.88,54.89,5335,14,54.924
IE00BQQP9H09,211076898,MOAT,USD,2021-08-11,55.0,55.18,54.61,54.955,9269,17,54.992
IE00BQQP9H09,211076898,MOAT,USD,2021-08-12,55.0,55.02,54.79,54.85,5322,20,54.854
IE00BQQP9H09,211076898,MOAT,USD,2021-08-13,55.05,55.2,54.98,55.16,21287,21,55.1145
IE00BQQP9H09,211076898,MOAT,USD,2021-08-16,55.2,55.2,54.93,55.12,7262,19,55.099
IE00BQQP9H09,211076898,MOAT,USD,2021-08-17,55.0,55.18,54.9,54.985,2989,14,55.1065
IE00BQQP9H09,211076898,MOAT,USD,2021-08-18,55.16,55.16,54.88,55.01,7698,25,55.0575
IE00BQQP9H09,211076898,MOAT,USD,2021-08-19,54.11,54.4,53.87,54.32,6572,18,54.2365
IE00BQQP9H09,211076898,MOAT,USD,2021-08-20,54.33,54.705,53.99,54.705,1877,10,54.2155
IE00BQQP9H09,211076898,MOAT,USD,2021-08-23,54.99,55.21,54.82,55.17,6298,19,55.076
IE00BQQP9H09,211076898,MOAT,USD,2021-08-24,55.38,55.42,55.24,55.32,7042,19,55.3375
IE00BQQP9H09,211076898,MOAT,USD,2021-08-25,55.35,55.36,55.17,55.28,5203,20,55.332
IE00BQQP9H09,211076898,MOAT,USD,2021-08-26,55.35,55.47,55.16,55.23,4564,14,55.256
IE00BQQP9H09,211076898,MOAT,USD,2021-08-27,55.35,55.51,55.2,55.455,7095,29,55.31
IE00BQQP9H09,211076898,MOAT,USD,2021-08-31,55.71,55.95,55.46,55.6,11080,38,55.569
IE00BQQP9H09,211076898,MOAT,USD,2021-09-01,55.62,55.76,55.4,55.5,18417,34,55.6345
IE00BQQP9H09,211076898,MOAT,USD,2021-09-02,55.38,55.7,55.38,55.63,5673,14,55.6575
IE00BQQP9H09,211076898,MOAT,USD,2021-09-03,55.8,55.95,55.78,55.78,3097,18,55.843
IE00BQQP9H09,211076898,MOAT,USD,2021-09-06,55.82,55.91,55.82,55.885,1904,18,55.8685
IE00BQQP9H09,211076898,MOAT,USD,2021-09-07,55.85,55.85,55.26,55.28,2919,9,55.51
IE00BQQP9H09,211076898,MOAT,USD,2021-09-08,55.2,55.23,55.02,55.07,13914,20,55.1415
IE00BQQP9H09,211076898,MOAT,USD,2021-09-09,54.86,55.21,54.86,54.98,8482,37,55.0605
IE00BQQP9H09,211076898,MOAT,USD,2021-09-10,54.96,55.0,54.64,54.645,3458,19,54.9385
IE00BQQP9H09,211076898,MOAT,USD,2021-09-13,54.85,54.85,54.48,54.48,7714,33,54.7315
IE00BQQP9H09,211076898,MOAT,USD,2021-09-14,54.73,54.73,54.29,54.415,2155,14,54.4705
IE00BQQP9H09,211076898,MOAT,USD,2021-09-15,54.43,54.56,54.24,54.56,12692,23,54.366
IE00BQQP9H09,211076898,MOAT,USD,2021-09-16,54.93,54.93,54.24,54.25,6343,25,54.6615
IE00BQQP9H09,211076898,MOAT,USD,2021-09-17,54.57,54.61,54.08,54.095,5644,23,54.3965
IE00BQQP9H09,211076898,MOAT,USD,2021-09-20,53.82,53.82,53.17,53.37,17179,31,53.3825
IE00BQQP9H09,211076898,MOAT,USD,2021-09-21,53.45,53.76,53.245,53.245,5722,34,53.5905
IE00BQQP9H09,211076898,MOAT,USD,2021-09-22,53.5,53.69,53.31,53.69,12484,20,53.4365
IE00BQQP9H09,211076898,MOAT,USD,2021-09-23,53.67,54.43,53.67,54.39,5387,21,54.226
IE00BQQP9H09,211076898,MOAT,USD,2021-09-24,54.43,54.61,54.17,54.415,3852,23,54.4615
IE00BQQP9H09,211076898,MOAT,USD,2021-09-27,54.68,54.92,54.54,54.6,13768,19,54.678
IE00BQQP9H09,211076898,MOAT,USD,2021-09-28,54.4,54.43,53.615,53.615,9710,17,54.057
IE00BQQP9H09,211076898,MOAT,USD,2021-09-29,53.93,54.01,53.72,53.895,8171,18,53.9575
IE00BQQP9H09,211076898,MOAT,USD,2021-09-30,54.28,54.28,53.69,53.69,1044,11,53.926
IE00BQQP9H09,211076898,MOAT,USD,2021-10-01,52.93,53.41,52.64,53.41,9357,23,53.1945
IE00BQQP9H09,211076898,MOAT,USD,2021-10-04,53.59,53.75,53.235,53.235,4756,16,53.6125
IE00BQQP9H09,211076898,MOAT,USD,2021-10-05,53.45,54.0,53.22,53.94,2984,17,53.457
IE00BQQP9H09,211076898,MOAT,USD,2021-10-06,53.27,53.65,52.99,53.16,11582,22,53.0855
IE00BQQP9H09,211076898,MOAT,USD,2021-10-07,54.2,54.67,54.12,54.545,6198,18,54.3725
IE00BQQP9H09,211076898,MOAT,USD,2021-10-08,54.63,54.63,54.28,54.335,19215,22,54.458
IE00BQQP9H09,211076898,MOAT,USD,2021-10-11,54.04,54.68,54.04,54.595,12897,22,54.2735
IE00BQQP9H09,211076898,MOAT,USD,2021-10-12,53.97,54.39,53.97,54.285,1884,10,54.263
IE00BQQP9H09,211076898,MOAT,USD,2021-10-13,54.12,54.3,54.04,54.07,16052,23,54.243
IE00BQQP9H09,211076898,MOAT,USD,2021-10-14,54.61,55.1,54.61,55.08,11745,34,54.8055
IE00BQQP9H09,211076898,MOAT,USD,2021-10-15,55.27,55.51,55.19,55.48,4954,23,55.3395
IE00BQQP9H09,211076898,MOAT,USD,2021-10-18,55.36,55.47,55.2,55.415,9873,23,55.3795
IE00BQQP9H09,211076898,MOAT,USD,2021-10-19,55.51,55.66,55.37,55.555,10322,31,55.515
IE00BQQP9H09,211076898,MOAT,USD,2021-10-20,55.68,55.83,55.51,55.69,12623,19,55.6835
IE00BQQP9H09,211076898,MOAT,USD,2021-10-21,55.43,55.52,55.36,55.36,8834,26,55.4455
IE00BQQP9H09,211076898,MOAT,USD,2021-10-22,55.6,55.62,55.315,55.315,11402,19,55.5395
IE00BQQP9H09,211076898,MOAT,USD,2021-10-25,55.51,55.51,55.15,55.445,6512,27,55.37
IE00BQQP9H09,211076898,MOAT,USD,2021-10-26,55.52,55.62,55.18,55.18,10714,33,55.3815
IE00BQQP9H09,211076898,MOAT,USD,2021-10-27,55.09,55.31,54.715,54.715,3385,15,55.0755
IE00BQQP9H09,211076898,MOAT,USD,2021-10-28,54.62,54.92,54.47,54.9,5087,16,54.7225
IE00BQQP9H09,211076898,MOAT,USD,2021-10-29,54.94,54.97,54.79,54.94,9249,25,54.857
IE00BQQP9H09,211076898,MOAT,USD,2021-11-01,55.01,55.44,55.01,55.36,5888,26,55.2785
IE00BQQP9H09,211076898,MOAT,USD,2021-11-02,55.36,55.53,55.36,55.405,2643,11,55.4595
IE00BQQP9H09,211076898,MOAT,USD,2021-11-03,55.54,55.57,55.46,55.57,10471,20,55.537
IE00BQQP9H09,211076898,MOAT,USD,2021-11-04,55.85,56.29,55.85,56.15,13312,28,56.1015
IE00BQQP9H09,211076898,MOAT,USD,2021-11-05,56.15,56.84,56.15,56.695,32995,49,56.486
IE00BQQP9H09,211076898,MOAT,USD,2021-11-08,56.92,56.92,56.52,56.54,16191,46,56.728
IE00BQQP9H09,211076898,MOAT,USD,2021-11-09,56.5,56.75,56.31,56.31,9632,25,56.5615
IE00BQQP9H09,211076898,MOAT,USD,2021-11-10,56.62,56.62,56.28,56.415,10609,25,56.4155
IE00BQQP9H09,211076898,MOAT,USD,2021-11-11,56.39,56.39,56.115,56.115,976,11,56.246
IE00BQQP9H09,211076898,MOAT,USD,2021-11-12,56.16,56.42,55.95,56.42,5146,21,56.115
IE00BQQP9H09,211076898,MOAT,USD,2021-11-15,56.32,56.72,56.32,56.63,7991,23,56.579
IE00BQQP9H09,211076898,MOAT,USD,2021-11-16,56.44,56.44,56.12,56.235,4460,20,56.321
IE00BQQP9H09,211076898,MOAT,USD,2021-11-17,56.17,56.18,55.885,55.885,3728,18,56.0955
IE00BQQP9H09,211076898,MOAT,USD,2021-11-18,56.18,56.18,55.52,55.64,10594,43,55.8715
IE00BQQP9H09,211076898,MOAT,USD,2021-11-19,55.93,55.98,55.63,55.64,4913,28,55.8035
IE00BQQP9H09,211076898,MOAT,USD,2021-11-22,55.63,55.76,55.5,55.74,17703,40,55.6505
IE00BQQP9H09,211076898,MOAT,USD,2021-11-23,54.95,55.46,54.95,55.17,8431,26,55.2615
IE00BQQP9H09,211076898,MOAT,USD,2021-11-24,55.32,55.32,54.98,55.16,5609,21,55.1495
IE00BQQP9H09,211076898,MOAT,USD,2021-11-25,55.5,55.5,55.28,55.28,2017,10,55.3905
IE00BQQP9H09,211076898,MOAT,USD,2021-11-26,54.58,54.59,53.96,54.07,8830,33,54.275
IE00BQQP9H09,211076898,MOAT,USD,2021-11-29,55.0,55.0,54.16,54.22,5715,15,54.346
IE00BQQP9H09,211076898,MOAT,USD,2021-11-30,54.06,54.06,53.39,53.39,9560,46,53.723
IE00BQQP9H09,211076898,MOAT,USD,2021-12-01,54.0,54.11,53.58,54.0,25822,57,53.767
IE00BQQP9H09,211076898,MOAT,USD,2021-12-02,53.05,53.19,52.53,53.07,13525,41,52.8265
IE00BQQP9H09,211076898,MOAT,USD,2021-12-03,53.42,54.11,53.05,53.055,2204,11,53.3875
IE00BQQP9H09,211076898,MOAT,USD,2021-12-06,53.37,53.75,53.37,53.75,1735,16,53.5155
IE00BQQP9H09,211076898,MOAT,USD,2021-12-07,54.2,54.82,54.2,54.81,4323,24,54.486
IE00BQQP9H09,211076898,MOAT,USD,2021-12-08,54.63,54.8,54.63,54.66,9294,8,54.7825
IE00BQQP9H09,211076898,MOAT,USD,2021-12-09,55.0,55.0,54.62,54.62,2608,8,54.6995
IE00BQQP9H09,211076898,MOAT,USD,2021-12-10,54.73,54.82,54.46,54.57,10404,18,54.6145
IE00BQQP9H09,211076898,MOAT,USD,2021-12-13,54.91,55.01,54.64,54.64,7030,23,54.886
IE00BQQP9H09,211076898,MOAT,USD,2021-12-14,54.91,54.98,54.25,54.44,11623,22,54.762
IE00BQQP9H09,211076898,MOAT,USD,2021-12-15,54.51,54.59,54.2,54.2,8269,9,54.5015
IE00BQQP9H09,211076898,MOAT,USD,2021-12-16,55.2,55.38,55.2,55.29,24538,30,55.312
IE00BQQP9H09,211076898,MOAT,USD,2021-12-17,55.13,55.13,54.41,54.925,2876,12,54.917
IE00BQQP9H09,211076898,MOAT,USD,2021-12-20,53.81,53.82,53.44,53.445,5986,27,53.651
IE00BQQP9H09,211076898,MOAT,USD,2021-12-21,54.25,54.46,54.16,54.35,19550,29,54.3825
IE00BQQP9H09,211076898,MOAT,USD,2021-12-22,54.75,55.075,54.75,55.075,3514,11,54.866
IE00BQQP9H09,211076898,MOAT,USD,2021-12-23,55.39,55.64,55.26,55.57,1466,20,55.3965
IE00BQQP9H09,211076898,MOAT,USD,2021-12-24,55.78,55.78,55.58,55.58,29,2,55.7775
IE00BQQP9H09,211076898,MOAT,USD,2021-12-29,56.53,56.56,56.29,56.34,10285,30,56.439
IE00BQQP9H09,211076898,MOAT,USD,2021-12-30,56.33,56.65,56.33,56.535,3795,18,56.585
IE00BQQP9H09,211076898,MOAT,USD,2021-12-31,56.29,56.35,56.11,56.175,1130,3,56.29
IE00BQQP9H09,211076898,MOAT,USD,2022-01-04,56.35,56.56,55.97,55.995,17572,36,56.287
IE00BQQP9H09,211076898,MOAT,USD,2022-01-05,56.05,56.67,55.9,56.025,9556,21,56.2105
IE00BQQP9H09,211076898,MOAT,USD,2022-01-06,55.03,55.12,54.96,55.095,2672,10,55.0155
IE00BQQP9H09,211076898,MOAT,USD,2022-01-07,55.18,55.19,54.58,54.665,5561,14,54.9595
IE00BQQP9H09,211076898,MOAT,USD,2022-01-10,54.67,54.67,53.57,53.825,2811,12,54.021
IE00BQQP9H09,211076898,MOAT,USD,2022-01-11,54.76,54.77,53.99,54.445,8004,26,54.361
IE00BQQP9H09,211076898,MOAT,USD,2022-01-12,54.74,55.12,54.73,54.9,20324,57,54.8635
IE00BQQP9H09,211076898,MOAT,USD,2022-01-13,54.86,55.2,54.83,55.05,7764,13,55.081
IE00BQQP9H09,211076898,MOAT,USD,2022-01-14,54.46,54.48,53.88,53.98,1854,15,54.3755
IE00BQQP9H09,211076898,MOAT,USD,2022-01-17,54.56,54.62,54.42,54.48,943,8,54.546
IE00BQQP9H09,211076898,MOAT,USD,2022-01-18,54.33,54.33,53.39,53.39,2044,16,53.9625
IE00BQQP9H09,211076898,MOAT,USD,2022-01-19,53.19,53.6,53.06,53.09,17203,23,53.258
IE00BQQP9H09,211076898,MOAT,USD,2022-01-20,53.11,53.4,52.67,53.385,912,8,53.009
IE00BQQP9H09,211076898,MOAT,USD,2022-01-21,52.16,52.31,51.74,52.275,7627,29,51.925
IE00BQQP9H09,211076898,MOAT,USD,2022-01-24,51.82,51.82,50.26,50.445,2285,28,51.072
IE00BQQP9H09,211076898,MOAT,USD,2022-01-25,51.15,51.52,50.36,50.81,3960,19,51.0895
IE00BQQP9H09,211076898,MOAT,USD,2022-01-26,51.06,51.76,51.06,51.6,28017,33,51.5435
IE00BQQP9H09,211076898,MOAT,USD,2022-01-27,50.43,51.53,50.29,51.065,30213,49,50.697
IE00BQQP9H09,211076898,MOAT,USD,2022-01-28,50.1,50.63,49.74,50.63,7619,11,49.879
IE00BQQP9H09,211076898,MOAT,USD,2022-01-31,51.68,51.685,51.32,51.685,1817,6,51.4485
IE00BQQP9H09,211076898,MOAT,USD,2022-02-01,52.44,52.57,52.05,52.305,8896,22,52.3385
IE00BQQP9H09,211076898,MOAT,USD,2022-02-02,53.02,53.05,52.6,52.685,18096,31,53.0
IE00BQQP9H09,211076898,MOAT,USD,2022-02-03,52.84,53.13,52.31,52.385,8771,26,52.5475
IE00BQQP9H09,211076898,MOAT,USD,2022-02-04,52.35,52.35,51.23,51.535,4750,19,51.545
IE00BQQP9H09,211076898,MOAT,USD,2022-02-07,51.72,51.97,51.72,51.885,3193,15,51.8105
IE00BQQP9H09,211076898,MOAT,USD,2022-02-08,51.74,51.775,51.5,51.775,3447,11,51.711
IE00BQQP9H09,211076898,MOAT,USD,2022-02-09,52.18,52.78,51.93,52.78,16433,29,52.404
IE00BQQP9H09,211076898,MOAT,USD,2022-02-10,52.84,52.9,52.38,52.695,5712,15,52.8445
IE00BQQP9H09,211076898,MOAT,USD,2022-02-11,51.8,52.15,51.66,51.9,4145,17,51.935
IE00BQQP9H09,211076898,MOAT,USD,2022-02-14,51.07,51.2,50.43,50.92,5455,13,50.8655
IE00BQQP9H09,211076898,MOAT,USD,2022-02-15,51.4,51.72,51.4,51.66,3123,9,51.6035
IE00BQQP9H09,211076898,MOAT,USD,2022-02-16,51.52,51.52,51.24,51.34,7730,11,51.4535
IE00BQQP9H09,211076898,MOAT,USD,2022-02-17,51.44,51.51,50.83,51.005,2084,8,51.4065
IE00BQQP9H09,211076898,MOAT,USD,2022-02-18,50.62,50.75,50.1,50.215,9351,22,50.381
IE00BQQP9H09,211076898,MOAT,USD,2022-02-21,50.62,50.62,49.71,49.73,4570,20,50.085
IE00BQQP9H09,211076898,MOAT,USD,2022-02-22,49.5,50.26,49.44,49.865,33953,37,49.825
IE00BQQP9H09,211076898,MOAT,USD,2022-02-23,49.92,50.32,49.51,49.575,17677,42,50.159
IE00BQQP9H09,211076898,MOAT,USD,2022-02-24,48.12,48.79,47.67,48.7,20732,52,47.97
IE00BQQP9H09,211076898,MOAT,USD,2022-02-25,49.71,50.4,49.71,50.4,2231,10,50.161
IE00BQQP9H09,211076898,MOAT,USD,2022-02-28,50.07,50.595,49.73,50.595,18327,36,49.9055
IE00BQQP9H09,211076898,MOAT,USD,2022-03-01,50.48,50.6,49.93,49.93,2324,14,50.1325
IE00BQQP9H09,211076898,MOAT,USD,2022-03-02,49.7,50.415,49.61,50.415,11296,19,49.979
IE00BQQP9H09,211076898,MOAT,USD,2022-03-03,50.43,50.43,50.01,50.03,6600,20,50.2795
IE00BQQP9H09,211076898,MOAT,USD,2022-03-04,49.72,49.75,49.305,49.305,1677,7,49.673
IE00BQQP9H09,211076898,MOAT,USD,2022-03-07,48.97,49.57,48.68,48.775,46628,59,49.002
IE00BQQP9H09,211076898,MOAT,USD,2022-03-08,47.76,48.15,47.46,47.52,4210,13,47.774
IE00BQQP9H09,211076898,MOAT,USD,2022-03-09,48.15,48.76,48.07,48.675,23228,18,48.3875
IE00BQQP9H09,211076898,MOAT,USD,2022-03-10,48.73,48.73,47.82,47.82,4526,15,48.302
IE00BQQP9H09,211076898,MOAT,USD,2022-03-11,48.05,49.0,48.05,48.245,4135,2,48.9115
IE00BQQP9H09,211076898,MOAT,USD,2022-03-14,47.8,48.13,47.64,47.64,7016,19,47.9315
IE00BQQP9H09,211076898,MOAT,USD,2022-03-15,47.3,48.18,47.05,48.15,1749,11,47.6485
IE00BQQP9H09,211076898,MOAT,USD,2022-03-16,48.93,49.42,48.82,49.27,21693,23,49.064
IE00BQQP9H09,211076898,MOAT,USD,2022-03-17,49.61,49.8,49.29,49.8,2664,15,49.6465
IE00BQQP9H09,211076898,MOAT,USD,2022-03-18,49.73,50.395,49.73,50.395,7469,13,49.991
IE00BQQP9H09,211076898,MOAT,USD,2022-03-21,50.85,51.07,50.42,50.42,6753,22,50.7355
IE00BQQP9H09,211076898,MOAT,USD,2022-03-22,50.69,51.1,50.59,50.99,13678,26,50.91
IE00BQQP9H09,211076898,MOAT,USD,2022-03-23,50.8,51.2,50.54,50.545,16005,22,50.911
IE00BQQP9H09,211076898,MOAT,USD,2022-03-24,50.55,50.55,47.895,47.895,4553,17,50.4855
IE00BQQP9H09,211076898,MOAT,USD,2022-03-25,51.08,51.21,50.84,50.87,3929,8,50.9085
IE00BQQP9H09,211076898,MOAT,USD,2022-03-28,50.76,51.31,50.76,51.085,2465,9,50.9615
IE00BQQP9H09,211076898,MOAT,USD,2022-03-29,51.6,52.33,51.6,52.145,3218,18,51.7305
IE00BQQP9H09,211076898,MOAT,USD,2022-03-30,52.38,52.43,52.01,52.1,16586,17,52.219
IE00BQQP9H09,211076898,MOAT,USD,2022-03-31,52.1,52.1,51.81,51.865,586,14,51.8725
IE00BQQP9H09,211076898,MOAT,USD,2022-04-01,51.66,51.66,51.03,51.03,3245,19,51.257
IE00BQQP9H09,211076898,MOAT,USD,2022-04-04,51.3,51.33,51.1,51.28,9651,19,51.247
IE00BQQP9H09,211076898,MOAT,USD,2022-04-05,51.6,51.6,51.04,51.075,11661,18,51.4015
IE00BQQP9H09,211076898,MOAT,USD,2022-04-06,50.55,50.57,49.8,49.93,9114,13,50.0215
IE00BQQP9H09,211076898,MOAT,USD,2022-04-07,50.21,50.4,49.98,49.98,5936,7,50.2635
IE00BQQP9H09,211076898,MOAT,USD,2022-04-08,50.71,50.73,50.14,50.41,5049,18,50.666
IE00BQQP9H09,211076898,MOAT,USD,2022-04-11,49.91,49.98,49.595,49.595,1556,7,49.6955
IE00BQQP9H09,211076898,MOAT,USD,2022-04-12,49.58,50.12,49.27,49.89,7628,14,49.465
IE00BQQP9H09,211076898,MOAT,USD,2022-04-13,49.33,49.59,49.18,49.59,4148,8,49.2535
IE00BQQP9H09,211076898,MOAT,USD,2022-04-14,49.82,49.82,49.5,49.65,3020,14,49.711
IE00BQQP9H09,211076898,MOAT,USD,2022-04-19,49.39,49.8,48.79,49.8,3054,12,49.1335
IE00BQQP9H09,211076898,MOAT,USD,2022-04-20,49.83,50.25,49.59,50.115,3420,26,49.938
IE00BQQP9H09,211076898,MOAT,USD,2022-04-21,50.23,50.34,50.04,50.04,7309,10,50.302
IE00BQQP9H09,211076898,MOAT,USD,2022-04-22,49.2,49.24,48.61,48.665,986,11,49.034
IE00BQQP9H09,211076898,MOAT,USD,2022-04-25,47.55,47.93,47.3,47.545,12444,21,47.47
IE00BQQP9H09,211076898,MOAT,USD,2022-04-26,48.41,48.41,47.37,47.37,4993,11,47.9025
IE00BQQP9H09,211076898,MOAT,USD,2022-04-27,47.18,47.51,46.9,47.345,11240,18,47.312
IE00BQQP9H09,211076898,MOAT,USD,2022-04-28,47.47,47.94,47.47,47.77,3371,15,47.7325
IE00BQQP9H09,211076898,MOAT,USD,2022-04-29,48.48,48.5,47.86,47.96,3396,15,48.172
IE00BQQP9H09,211076898,MOAT,USD,2022-05-03,47.38,47.61,47.07,47.505,12092,27,47.328
IE00BQQP9H09,211076898,MOAT,USD,2022-05-04,47.73,47.73,47.14,47.14,1512,16,47.301
IE00BQQP9H09,211076898,MOAT,USD,2022-05-05,48.71,48.72,47.32,47.32,7312,10,48.6965
IE00BQQP9H09,211076898,MOAT,USD,2022-05-06,47.11,47.14,46.36,47.13,3178,16,47.046
IE00BQQP9H09,211076898,MOAT,USD,2022-05-09,46.62,46.62,45.75,45.75,3282,17,46.104
IE00BQQP9H09,211076898,MOAT,USD,2022-05-10,46.32,46.32,45.3,45.39,10298,18,45.9065
IE00BQQP9H09,211076898,MOAT,USD,2022-05-11,45.76,46.26,45.28,45.94,8130,23,45.64
IE00BQQP9H09,211076898,MOAT,USD,2022-05-12,44.91,45.345,44.6,45.345,14605,20,44.7845
IE00BQQP9H09,211076898,MOAT,USD,2022-05-13,45.53,46.56,45.53,46.56,5997,18,45.8005
IE00BQQP9H09,211076898,MOAT,USD,2022-05-16,46.38,46.53,46.02,46.14,2873,12,46.304
IE00BQQP9H09,211076898,MOAT,USD,2022-05-17,46.48,47.02,46.48,46.765,26935,31,46.9275
IE00BQQP9H09,211076898,MOAT,USD,2022-05-18,46.73,46.83,45.585,45.585,4239,9,46.756
IE00BQQP9H09,211076898,MOAT,USD,2022-05-19,45.0,45.0,44.32,44.87,18180,24,44.6515
IE00BQQP9H09,211076898,MOAT,USD,2022-05-20,45.22,45.51,44.775,44.775,286,6,45.329
IE00BQQP9H09,211076898,MOAT,USD,2022-05-23,45.74,45.91,45.33,45.91,6508,16,45.6375
IE00BQQP9H09,211076898,MOAT,USD,2022-05-24,45.53,45.53,45.015,45.015,507,10,45.4075
IE00BQQP9H09,211076898,MOAT,USD,2022-05-25,46.02,46.02,45.38,45.76,8197,13,45.534
IE00BQQP9H09,211076898,MOAT,USD,2022-05-26,45.74,46.74,45.74,46.74,1001,6,45.94
IE00BQQP9H09,211076898,MOAT,USD,2022-05-27,46.73,47.55,46.73,47.55,1064,6,46.972
IE00BQQP9H09,211076898,MOAT,USD,2022-05-30,48.36,48.43,48.0,48.195,3825,16,48.0925
IE00BQQP9H09,211076898,MOAT,USD,2022-05-31,47.9,47.96,47.21,47.405,4916,18,47.638
IE00BQQP9H09,211076898,MOAT,USD,2022-06-01,47.93,48.03,47.14,47.14,1488,15,47.8975
IE00BQQP9H09,211076898,MOAT,USD,2022-06-06,47.69,48.25,47.69,47.845,4501,31,47.981
IE00BQQP9H09,211076898,MOAT,USD,2022-06-07,47.47,47.87,47.25,47.685,1529,11,47.3885
IE00BQQP9H09,211076898,MOAT,USD,2022-06-08,47.9,48.0,47.83,47.95,7293,11,47.91
IE00BQQP9H09,211076898,MOAT,USD,2022-06-09,47.39,47.78,47.3,47.36,5724,15,47.6715
IE00BQQP9H09,211076898,MOAT,USD,2022-06-10,46.79,46.79,45.355,45.355,885,8,46.615
IE00BQQP9H09,211076898,MOAT,USD,2022-06-13,44.72,44.72,43.9,43.9,10977,23,44.234
IE00BQQP9H09,211076898,MOAT,USD,2022-06-14,44.54,44.54,43.73,43.73,8627,15,44.0645
IE00BQQP9H09,211076898,MOAT,USD,2022-06-15,43.71,44.3,43.7,43.98,8009,16,43.8165
IE00BQQP9H09,211076898,MOAT,USD,2022-06-16,43.53,43.53,42.69,42.865,2304,9,43.0665
IE00BQQP9H09,211076898,MOAT,USD,2022-06-17,42.95,43.13,42.8,42.945,19731,42,42.9675
IE00BQQP9H09,211076898,MOAT,USD,2022-06-20,43.16,43.295,43.08,43.295,402,8,43.191
IE00BQQP9H09,211076898,MOAT,USD,2022-06-21,43.52,43.88,43.4,43.88,13885,14,43.714
IE00BQQP9H09,211076898,MOAT,USD,2022-06-22,43.17,44.195,43.17,44.195,4572,8,43.3535
IE00BQQP9H09,211076898,MOAT,USD,2022-06-23,43.79,45.01,43.79,44.51,13072,17,44.26
IE00BQQP9H09,211076898,MOAT,USD,2022-06-24,45.06,45.73,44.98,45.665,30471,119,45.586
IE00BQQP9H09,211076898,MOAT,USD,2022-06-27,45.92,46.45,45.8,46.18,6813,13,46.129
IE00BQQP9H09,211076898,MOAT,USD,2022-06-28,46.12,46.21,45.59,45.59,1227,12,45.964
IE00BQQP9H09,211076898,MOAT,USD,2022-06-29,45.04,45.19,44.83,44.89,3107,13,44.9145
IE00BQQP9H09,211076898,MOAT,USD,2022-06-30,44.29,44.54,44.21,44.54,1399,11,44.3735
IE00BQQP9H09,211076898,MOAT,USD,2022-07-01,44.29,44.75,44.29,44.48,1094,8,44.365
IE00BQQP9H09,211076898,MOAT,USD,2022-07-04,44.47,44.66,44.47,44.66,8450,7,44.47
IE00BQQP9H09,211076898,MOAT,USD,2022-07-05,44.98,44.98,44.13,44.25,774,8,44.7835
IE00BQQP9H09,211076898,MOAT,USD,2022-07-06,45.25,45.25,44.92,44.92,9390,19,45.084
IE00BQQP9H09,211076898,MOAT,USD,2022-07-07,45.21,45.63,45.21,45.5,8246,21,45.292
IE00BQQP9H09,211076898,MOAT,USD,2022-07-08,45.7,45.88,45.49,45.88,4076,18,45.696
IE00BQQP9H09,211076898,MOAT,USD,2022-07-11,45.52,45.52,45.22,45.35,6914,24,45.3265
IE00BQQP9H09,211076898,MOAT,USD,2022-07-12,45.01,45.45,44.94,45.24,8820,13,45.011
IE00BQQP9H09,211076898,MOAT,USD,2022-07-13,44.79,44.99,44.28,44.52,473,3,44.86
IE00BQQP9H09,211076898,MOAT,USD,2022-07-14,44.62,44.62,43.79,44.07,10705,23,44.0085
IE00BQQP9H09,211076898,MOAT,USD,2022-07-15,44.57,45.24,44.5,45.24,2830,8,44.8555
IE00BQQP9H09,211076898,MOAT,USD,2022-07-18,45.47,45.8,45.33,45.59,4536,15,45.4815
IE00BQQP9H09,211076898,MOAT,USD,2022-07-19,45.32,45.82,45.25,45.82,667,4,45.357
IE00BQQP9H09,211076898,MOAT,USD,2022-07-20,46.17,46.655,46.07,46.655,2781,8,46.4625
IE00BQQP9H09,211076898,MOAT,USD,2022-07-21,46.41,46.82,46.41,46.63,5116,14,46.726
IE00BQQP9H09,211076898,MOAT,USD,2022-07-22,47.01,47.19,46.955,46.955,2458,14,47.105
IE00BQQP9H09,211076898,MOAT,USD,2022-07-25,46.95,47.05,46.49,46.71,8664,33,46.8915
IE00BQQP9H09,211076898,MOAT,USD,2022-07-26,46.6,46.62,46.055,46.055,3648,12,46.5415
IE00BQQP9H09,211076898,MOAT,USD,2022-07-27,46.39,46.42,46.25,46.385,2470,12,46.353
IE00BQQP9H09,211076898,MOAT,USD,2022-07-28,46.98,47.44,46.72,47.44,5054,19,46.8505
IE00BQQP9H09,211076898,MOAT,USD,2022-07-29,47.76,47.99,47.76,47.865,1985,14,47.886
IE00BQQP9H09,211076898,MOAT,USD,2022-08-01,48.06,48.41,47.99,48.38,2384,17,48.2825
IE00BQQP9H09,211076898,MOAT,USD,2022-08-02,47.92,48.045,47.79,48.045,3837,6,47.902
IE00BQQP9H09,211076898,MOAT,USD,2022-08-03,48.14,48.37,47.99,48.37,940,8,48.2175
IE00BQQP9H09,211076898,MOAT,USD,2022-08-04,48.63,48.89,48.63,48.675,6593,13,48.766
IE00BQQP9H09,211076898,MOAT,USD,2022-08-05,48.8,48.8,48.21,48.255,668,5,48.26
IE00BQQP9H09,211076898,MOAT,USD,2022-08-08,48.82,49.14,48.77,48.915,5901,23,48.8755
IE00BQQP9H09,211076898,MOAT,USD,2022-08-09,48.5,48.72,48.0,48.09,5872,16,48.659
IE00BQQP9H09,211076898,MOAT,USD,2022-08-10,48.02,49.11,47.96,49.095,6019,25,48.36
IE00BQQP9H09,211076898,MOAT,USD,2022-08-11,49.24,49.56,49.24,49.39,6653,13,49.3975
IE00BQQP9H09,211076898,MOAT,USD,2022-08-12,49.39,49.485,49.35,49.485,141,5,49.385
IE00BQQP9H09,211076898,MOAT,USD,2022-08-15,49.79,49.94,49.6,49.87,2272,14,49.849
IE00BQQP9H09,211076898,MOAT,USD,2022-08-16,50.2,50.2,49.88,50.19,9512,23,50.032
IE00BQQP9H09,211076898,MOAT,USD,2022-08-17,50.25,50.25,49.63,49.66,2418,17,49.905
IE00BQQP9H09,211076898,MOAT,USD,2022-08-18,49.67,49.98,49.67,49.945,2698,17,49.807
IE00BQQP9H09,211076898,MOAT,USD,2022-08-19,49.56,49.72,49.15,49.23,613,9,49.18
IE00BQQP9H09,211076898,MOAT,USD,2022-08-22,49.24,49.24,48.485,48.485,5169,16,48.7505
IE00BQQP9H09,211076898,MOAT,USD,2022-08-23,48.31,48.4,48.16,48.16,587,6,48.236
IE00BQQP9H09,211076898,MOAT,USD,2022-08-24,48.11,48.41,47.97,48.41,7943,23,48.1305
IE00BQQP9H09,211076898,MOAT,USD,2022-08-25,48.55,48.61,48.27,48.435,582,7,48.437
IE00BQQP9H09,211076898,MOAT,USD,2022-08-26,48.84,48.91,47.745,47.745,2305,15,48.145
IE00BQQP9H09,211076898,MOAT,USD,2022-08-30,46.67,47.07,46.235,46.235,10675,21,46.9175
IE00BQQP9H09,211076898,MOAT,USD,2022-08-31,46.2,46.52,46.105,46.105,196,7,46.364
IE00BQQP9H09,211076898,MOAT,USD,2022-09-01,45.96,45.96,45.21,45.4,2156,12,45.5655
IE00BQQP9H09,211076898,MOAT,USD,2022-09-02,46.01,46.51,45.76,46.39,5762,25,45.9375
IE00BQQP9H09,211076898,MOAT,USD,2022-09-05,45.68,45.72,45.49,45.635,1468,11,45.5875
IE00BQQP9H09,211076898,MOAT,USD,2022-09-06,45.67,45.9,45.11,45.44,12722,19,45.855
IE00BQQP9H09,211076898,MOAT,USD,2022-09-07,45.26,45.505,45.2,45.505,1162,6,45.4205
IE00BQQP9H09,211076898,MOAT,USD,2022-09-08,45.91,46.425,45.76,46.425,4339,10,45.9965
IE00BQQP9H09,211076898,MOAT,USD,2022-09-09,46.85,47.13,46.85,46.99,61,5,46.8715
IE00BQQP9H09,211076898,MOAT,USD,2022-09-12,47.45,47.6,47.24,47.535,3611,10,47.3485
IE00BQQP9H09,211076898,MOAT,USD,2022-09-13,47.8,47.83,46.035,46.035,4431,10,47.492
IE00BQQP9H09,211076898,MOAT,USD,2022-09-14,45.39,45.88,45.39,45.75,1011,8,45.7065
IE00BQQP9H09,211076898,MOAT,USD,2022-09-15,45.59,45.63,45.07,45.21,1113,8,45.485
IE00BQQP9H09,211076898,MOAT,USD,2022-09-16,44.71,44.71,44.375,44.375,883,11,44.548
IE00BQQP9H09,211076898,MOAT,USD,2022-09-20,44.83,45.09,44.16,44.22,9172,17,44.5845
IE00BQQP9H09,211076898,MOAT,USD,2022-09-21,44.31,44.61,43.99,44.515,61,8,44.1245
IE00BQQP9H09,211076898,MOAT,USD,2022-09-22,43.51,43.75,43.07,43.07,5600,8,43.4245
IE00BQQP9H09,211076898,MOAT,USD,2022-09-23,43.0,43.0,42.38,42.38,4369,16,42.791
IE00BQQP9H09,211076898,MOAT,USD,2022-09-26,42.34,42.59,42.09,42.21,1671,16,42.341
IE00BQQP9H09,211076898,MOAT,USD,2022-09-27,42.61,42.61,42.035,42.035,2793,9,42.402
IE00BQQP9H09,211076898,MOAT,USD,2022-09-28,41.84,42.35,41.49,42.345,5487,22,41.817
IE00BQQP9H09,211076898,MOAT,USD,2022-09-29,42.21,42.53,41.83,41.98,11943,11,42.4535
IE00BQQP9H09,211076898,MOAT,USD,2022-09-30,42.02,42.35,42.02,42.24,299,5,42.055
IE00BQQP9H09,211076898,MOAT,USD,2022-10-03,41.48,42.22,41.46,42.19,1316,8,41.758
IE00BQQP9H09,211076898,MOAT,USD,2022-10-04,43.13,43.72,43.07,43.655,6114,15,43.2095
IE00BQQP9H09,211076898,MOAT,USD,2022-10-05,43.31,43.48,43.09,43.14,10929,14,43.1485
IE00BQQP9H09,211076898,MOAT,USD,2022-10-06,43.52,43.6,43.39,43.59,5098,10,43.5505
IE00BQQP9H09,211076898,MOAT,USD,2022-10-07,43.18,43.29,42.215,42.215,819,5,42.8295
IE00BQQP9H09,211076898,MOAT,USD,2022-10-10,41.92,41.95,41.52,41.52,364,4,41.612
IE00BQQP9H09,211076898,MOAT,USD,2022-10-11,41.29,41.49,41.15,41.49,4812,10,41.3595
IE00BQQP9H09,211076898,MOAT,USD,2022-10-12,41.51,41.51,41.31,41.355,6366,6,41.4215
IE00BQQP9H09,211076898,MOAT,USD,2022-10-13,41.19,41.49,40.44,41.425,4837,18,40.877
IE00BQQP9H09,211076898,MOAT,USD,2022-10-14,42.23,42.23,41.46,41.46,1683,5,42.1485
IE00BQQP9H09,211076898,MOAT,USD,2022-10-17,41.85,41.87,41.85,41.87,313,2,41.8505
IE00BQQP9H09,211076898,MOAT,USD,2022-10-18,42.54,42.7,42.0,42.0,15330,21,42.467
IE00BQQP9H09,211076898,MOAT,USD,2022-10-19,42.3,42.38,41.875,41.875,9959,20,42.0285
IE00BQQP9H09,211076898,MOAT,USD,2022-10-20,41.77,42.14,41.62,41.92,5775,16,41.8385
IE00BQQP9H09,211076898,MOAT,USD,2022-10-21,41.22,41.64,41.22,41.64,10219,12,41.4355
IE00BQQP9H09,211076898,MOAT,USD,2022-10-24,42.28,42.83,42.12,42.59,12052,20,42.4315
IE00BQQP9H09,211076898,MOAT,USD,2022-10-25,42.55,43.39,42.55,43.39,5061,7,42.8255
IE00BQQP9H09,211076898,MOAT,USD,2022-10-26,43.39,44.1,43.34,44.1,1126,9,43.4685
IE00BQQP9H09,211076898,MOAT,USD,2022-10-27,43.78,44.035,43.63,44.035,1545,6,43.6455
IE00BQQP9H09,211076898,MOAT,USD,2022-10-28,43.64,44.55,43.63,44.525,2610,14,44.1185
IE00BQQP9H09,211076898,MOAT,USD,2022-10-31,44.98,44.98,44.74,44.845,1739,11,44.8355
IE00BQQP9H09,211076898,MOAT,USD,2022-11-01,45.08,45.08,44.41,44.41,11,3,44.872
IE00BQQP9H09,211076898,MOAT,USD,2022-11-02,44.75,44.75,44.03,44.03,10990,16,44.5095
IE00BQQP9H09,211076898,MOAT,USD,2022-11-03,43.36,43.36,42.75,43.095,3583,11,43.033
IE00BQQP9H09,211076898,MOAT,USD,2022-11-04,43.17,43.61,43.05,43.095,3555,12,43.2215
IE00BQQP9H09,211076898,MOAT,USD,2022-11-07,43.38,43.84,43.38,43.83,6922,12,43.699
IE00BQQP9H09,211076898,MOAT,USD,2022-11-08,44.33,44.835,44.03,44.835,2249,8,44.2525
IE00BQQP9H09,211076898,MOAT,USD,2022-11-09,44.54,44.54,44.25,44.3,318,6,44.383
IE00BQQP9H09,211076898,MOAT,USD,2022-11-10,44.04,45.96,43.92,45.96,2569,16,45.05
IE00BQQP9H09,211076898,MOAT,USD,2022-11-11,46.73,46.81,46.58,46.64,1450,4,46.7475
IE00BQQP9H09,211076898,MOAT,USD,2022-11-14,46.73,47.0,46.73,46.805,4024,12,46.887
IE00BQQP9H09,211076898,MOAT,USD,2022-11-15,46.9,47.33,46.9,47.175,1236,6,47.232
IE00BQQP9H09,211076898,MOAT,USD,2022-11-16,47.08,47.08,46.74,46.77,5801,11,46.8845
IE00BQQP9H09,211076898,MOAT,USD,2022-11-17,46.82,46.82,45.79,45.92,1288,7,46.081
IE00BQQP9H09,211076898,MOAT,USD,2022-11-18,46.41,46.78,46.405,46.405,1648,11,46.667
IE00BQQP9H09,211076898,MOAT,USD,2022-11-21,46.19,46.445,46.13,46.445,9904,16,46.2155
IE00BQQP9H09,211076898,MOAT,USD,2022-11-22,46.73,46.83,46.36,46.75,2081,12,46.5585
IE00BQQP9H09,211076898,MOAT,USD,2022-11-23,47.24,47.445,47.1,47.445,8592,15,47.1885
IE00BQQP9H09,211076898,MOAT,USD,2022-11-24,47.47,47.56,47.47,47.505,644,5,47.4995
IE00BQQP9H09,211076898,MOAT,USD,2022-11-25,47.65,47.65,47.37,47.395,3002,15,47.439
IE00BQQP9H09,211076898,MOAT,USD,2022-11-28,47.23,47.23,47.005,47.005,525,6,47.1505
IE00BQQP9H09,211076898,MOAT,USD,2022-11-29,46.82,46.97,46.365,46.365,9901,30,46.798
IE00BQQP9H09,211076898,MOAT,USD,2022-11-30,46.48,46.69,46.48,46.6,778,6,46.5795
IE00BQQP9H09,211076898,MOAT,USD,2022-12-01,47.91,48.28,47.91,48.1,6222,17,48.0
IE00BQQP9H09,211076898,MOAT,USD,2022-12-02,48.3,48.3,47.38,47.81,5096,28,47.532
IE00BQQP9H09,211076898,MOAT,USD,2022-12-05,47.86,47.9,47.495,47.495,2826,16,47.8445
IE00BQQP9H09,211076898,MOAT,USD,2022-12-06,47.42,47.42,46.785,46.785,8778,6,47.2805
IE00BQQP9H09,211076898,MOAT,USD,2022-12-07,46.54,46.54,46.47,46.47,440,1,46.54
IE00BQQP9H09,211076898,MOAT,USD,2022-12-08,46.45,47.08,46.45,46.925,11045,11,46.8035
IE00BQQP9H09,211076898,MOAT,USD,2022-12-09,47.18,47.27,46.69,46.87,7008,8,46.8935
IE00BQQP9H09,211076898,MOAT,USD,2022-12-12,46.61,46.92,46.54,46.89,7271,20,46.768
IE00BQQP9H09,211076898,MOAT,USD,2022-12-13,47.19,48.77,47.19,48.075,14504,21,47.566
IE00BQQP9H09,211076898,MOAT,USD,2022-12-14,47.86,48.07,47.75,48.07,2406,5,47.977
IE00BQQP9H09,211076898,MOAT,USD,2022-12-15,47.06,47.06,46.2,46.21,2963,12,46.976
IE00BQQP9H09,211076898,MOAT,USD,2022-12-16,46.12,46.12,45.55,45.595,1302,13,45.8615
IE00BQQP9H09,211076898,MOAT,USD,2022-12-19,45.88,45.88,45.49,45.495,6618,17,45.738
IE00BQQP9H09,211076898,MOAT,USD,2022-12-20,45.05,45.31,45.05,45.145,24100,16,45.241
IE00BQQP9H09,211076898,MOAT,USD,2022-12-21,45.42,46.135,45.42,46.135,7648,10,45.6235
IE00BQQP9H09,211076898,MOAT,USD,2022-12-22,45.9,45.99,45.17,45.17,314,4,45.731
IE00BQQP9H09,211076898,MOAT,USD,2022-12-23,45.43,45.62,45.43,45.615,71,3,45.5905
IE00BQQP9H09,211076898,MOAT,USD,2022-12-28,45.73,45.73,45.335,45.335,11159,20,45.645
IE00BQQP9H09,211076898,MOAT,USD,2022-12-29,45.2,45.81,45.2,45.81,3554,4,45.481
IE00BQQP9H09,211076898,MOAT,USD,2022-12-30,45.8,45.8,45.67,45.67,4126,3,45.6935
IE00BQQP9H09,211076898,MOAT,USD,2023-01-03,46.13,46.24,45.65,45.65,15262,20,46.0955
IE00BQQP9H09,211076898,MOAT,USD,2023-01-04,45.96,46.295,45.95,46.295,4527,14,46.06
IE00BQQP9H09,211076898,MOAT,USD,2023-01-05,46.21,46.34,45.68,45.68,5100,10,46.15
IE00BQQP9H09,211076898,MOAT,USD,2023-01-06,45.76,46.48,45.65,46.48,6314,5,45.7605
IE00BQQP9H09,211076898,MOAT,USD,2023-01-09,46.93,47.76,46.88,47.68,3839,12,47.171
IE00BQQP9H09,211076898,MOAT,USD,2023-01-10,46.99,47.235,46.9,47.235,1378,6,47.033
IE00BQQP9H09,211076898,MOAT,USD,2023-01-11,47.32,47.72,47.32,47.72,2413,10,47.527
IE00BQQP9H09,211076898,MOAT,USD,2023-01-12,48.01,48.16,47.955,47.955,408,4,48.035
IE00BQQP9H09,211076898,MOAT,USD,2023-01-13,48.1,48.17,47.81,48.17,346,6,47.9565
IE00BQQP9H09,211076898,MOAT,USD,2023-01-16,48.39,48.4,48.19,48.34,5088,8,48.2975
IE00BQQP9H09,211076898,MOAT,USD,2023-01-17,48.31,48.5,48.15,48.23,6079,16,48.285
IE00BQQP9H09,211076898,MOAT,USD,2023-01-18,48.35,48.48,47.995,47.995,660,12,48.3035
IE00BQQP9H09,211076898,MOAT,USD,2023-01-19,47.51,47.57,46.89,46.89,5145,12,47.389
IE00BQQP9H09,211076898,MOAT,USD,2023-01-20,47.35,47.375,46.86,47.375,1655,6,47.2745
IE00BQQP9H09,211076898,MOAT,USD,2023-01-23,47.83,48.475,47.725,48.475,5216,12,47.7645
IE00BQQP9H09,211076898,MOAT,USD,2023-01-24,48.5,48.6,48.26,48.6,13797,27,48.432
IE00BQQP9H09,211076898,MOAT,USD,2023-01-25,48.48,48.48,47.96,48.005,3594,9,48.0165
IE00BQQP9H09,211076898,MOAT,USD,2023-01-26,48.55,48.82,48.54,48.58,7177,19,48.597
IE00BQQP9H09,211076898,MOAT,USD,2023-01-27,48.94,49.08,48.85,48.91,2029,12,48.911
IE00BQQP9H09,211076898,MOAT,USD,2023-01-30,48.71,48.815,48.51,48.815,7906,15,48.557
IE00BQQP9H09,211076898,MOAT,USD,2023-01-31,48.39,48.83,48.36,48.8,5302,9,48.42
IE00BQQP9H09,211076898,MOAT,USD,2023-02-01,49.36,49.36,49.12,49.345,2992,15,49.2125
IE00BQQP9H09,211076898,MOAT,USD,2023-02-02,50.16,50.92,50.1,50.815,3414,18,50.32
IE00BQQP9H09,211076898,MOAT,USD,2023-02-03,50.8,50.94,50.13,50.57,10012,19,50.686
IE00BQQP9H09,211076898,MOAT,USD,2023-02-06,49.82,49.93,49.64,49.9,1477,13,49.816
IE00BQQP9H09,211076898,MOAT,USD,2023-02-07,49.64,49.82,49.585,49.585,10821,15,49.7635
IE00BQQP9H09,211076898,MOAT,USD,2023-02-08,50.23,50.24,49.93,49.93,887,10,50.136
IE00BQQP9H09,211076898,MOAT,USD,2023-02-09,50.15,50.31,49.91,49.91,4661,10,50.2365
IE00BQQP9H09,211076898,MOAT,USD,2023-02-10,49.34,49.34,49.05,49.235,1769,9,49.0805
IE00BQQP9H09,211076898,MOAT,USD,2023-02-13,49.38,49.86,49.36,49.86,4230,11,49.584
IE00BQQP9H09,211076898,MOAT,USD,2023-02-14,50.0,50.28,49.69,49.69,1889,12,50.0695
IE00BQQP9H09,211076898,MOAT,USD,2023-02-15,49.67,49.94,49.58,49.94,12834,28,49.8095
IE00BQQP9H09,211076898,MOAT,USD,2023-02-16,50.6,50.6,49.69,49.905,1102,9,50.1715
IE00BQQP9H09,211076898,MOAT,USD,2023-02-17,49.65,49.65,49.24,49.24,367,3,49.49
IE00BQQP9H09,211076898,MOAT,USD,2023-02-20,49.84,49.84,49.34,49.37,719,7,49.393
IE00BQQP9H09,211076898,MOAT,USD,2023-02-21,49.2,49.23,48.69,48.69,11061,24,49.135
IE00BQQP9H09,211076898,MOAT,USD,2023-02-22,48.59,48.73,48.36,48.47,5051,24,48.625
IE00BQQP9H09,211076898,MOAT,USD,2023-02-23,48.83,48.83,48.26,48.26,3941,9,48.6445
IE00BQQP9H09,211076898,MOAT,USD,2023-02-24,48.53,48.53,47.84,48.01,5829,16,47.9365
IE00BQQP9H09,211076898,MOAT,USD,2023-02-27,48.34,48.42,48.21,48.3,7565,14,48.359
IE00BQQP9H09,211076898,MOAT,USD,2023-02-28,48.01,48.36,47.96,48.34,10377,21,48.203
IE00BQQP9H09,211076898,MOAT,USD,2023-03-01,48.29,48.37,47.835,47.835,868,10,48.242
IE00BQQP9H09,211076898,MOAT,USD,2023-03-02,47.55,47.775,47.55,47.775,5403,6,47.658
IE00BQQP9H09,211076898,MOAT,USD,2023-03-03,48.22,48.53,48.18,48.53,2385,8,48.2755
IE00BQQP9H09,211076898,MOAT,USD,2023-03-06,49.25,49.25,48.79,49.09,1886,12,49.0395
IE00BQQP9H09,211076898,MOAT,USD,2023-03-07,48.78,48.92,48.235,48.235,10595,12,48.86
IE00BQQP9H09,211076898,MOAT,USD,2023-03-08,48.06,48.2,48.0,48.2,3733,10,48.0955
IE00BQQP9H09,211076898,MOAT,USD,2023-03-09,48.52,48.52,48.055,48.055,6623,11,48.176
IE00BQQP9H09,211076898,MOAT,USD,2023-03-10,46.87,47.23,46.43,47.035,2893,16,47.0325
IE00BQQP9H09,211076898,MOAT,USD,2023-03-13,47.1,47.1,45.47,46.275,5772,34,46.047
IE00BQQP9H09,211076898,MOAT,USD,2023-03-14,46.46,46.9,46.18,46.795,19760,20,46.2395
IE00BQQP9H09,211076898,MOAT,USD,2023-03-15,46.92,46.92,45.8,46.01,8962,25,46.146
IE00BQQP9H09,211076898,MOAT,USD,2023-03-16,46.39,47.0,46.26,47.0,3169,6,46.4115
IE00BQQP9H09,211076898,MOAT,USD,2023-03-17,47.43,47.43,46.64,46.655,3655,19,46.882
IE00BQQP9H09,211076898,MOAT,USD,2023-03-20,46.44,47.19,46.44,46.915,465,8,47.1575
IE00BQQP9H09,211076898,MOAT,USD,2023-03-21,47.32,47.59,47.32,47.49,6230,8,47.454
IE00BQQP9H09,211076898,MOAT,USD,2023-03-22,47.75,47.75,47.535,47.535,379,8,47.695
IE00BQQP9H09,211076898,MOAT,USD,2023-03-23,47.16,47.54,46.87,47.41,2698,6,47.0405
IE00BQQP9H09,211076898,MOAT,USD,2023-03-24,46.83,46.92,46.43,46.605,7563,13,46.6135
IE00BQQP9H09,211076898,MOAT,USD,2023-03-27,47.61,47.61,47.18,47.18,413,5,47.46
IE00BQQP9H09,211076898,MOAT,USD,2023-03-28,47.43,47.6,47.14,47.15,10290,18,47.263
IE00BQQP9H09,211076898,MOAT,USD,2023-03-29,47.71,47.71,47.56,47.68,1841,13,47.6435
IE00BQQP9H09,211076898,MOAT,USD,2023-03-30,48.07,48.29,47.98,48.29,4603,18,48.1515
IE00BQQP9H09,211076898,MOAT,USD,2023-03-31,48.04,48.73,48.04,48.73,3380,15,48.461
IE00BQQP9H09,211076898,MOAT,USD,2023-04-03,49.0,49.0,48.7,48.7,765,18,48.8595
IE00BQQP9H09,211076898,MOAT,USD,2023-04-04,49.02,49.06,48.48,48.48,9025,10,49.0265
IE00BQQP9H09,211076898,MOAT,USD,2023-04-05,48.47,48.47,47.865,47.865,1382,18,48.252
IE00BQQP9H09,211076898,MOAT,USD,2023-04-06,47.97,47.97,47.61,47.745,16318,67,47.713
IE00BQQP9H09,211076898,MOAT,USD,2023-04-11,48.05,48.27,48.05,48.22,8679,21,48.2315
IE00BQQP9H09,211076898,MOAT,USD,2023-04-12,48.64,48.73,48.11,48.22,9756,34,48.467
IE00BQQP9H09,211076898,MOAT,USD,2023-04-13,48.25,48.29,48.14,48.275,5580,28,48.199
IE00BQQP9H09,211076898,MOAT,USD,2023-04-14,48.58,48.65,48.45,48.45,7630,23,48.5975
IE00BQQP9H09,211076898,MOAT,USD,2023-04-17,48.66,48.66,48.15,48.15,7335,41,48.303
IE00BQQP9H09,211076898,MOAT,USD,2023-04-18,48.71,48.8,48.5,48.5,9961,40,48.7285
IE00BQQP9H09,211076898,MOAT,USD,2023-04-19,48.45,48.5,48.45,48.5,2597,4,48.451
IE00BQQP9H09,211076898,MOAT,USD,2023-04-20,48.33,48.63,48.31,48.61,7136,14,48.4625
IE00BQQP9H09,211076898,MOAT,USD,2023-04-21,48.43,48.62,48.4,48.485,3449,24,48.489
IE00BQQP9H09,211076898,MOAT,USD,2023-04-24,48.41,48.64,48.38,48.45,3961,20,48.581
IE00BQQP9H09,211076898,MOAT,USD,2023-04-25,48.36,48.36,48.095,48.095,10827,16,48.285
IE00BQQP9H09,211076898,MOAT,USD,2023-04-26,47.9,47.9,47.48,47.755,17708,59,47.6415
IE00BQQP9H09,211076898,MOAT,USD,2023-04-27,47.62,47.87,47.58,47.87,9177,34,47.737
IE00BQQP9H09,211076898,MOAT,USD,2023-04-28,48.32,48.69,48.22,48.59,9660,28,48.339
IE00BQQP9H09,211076898,MOAT,USD,2023-05-02,48.94,49.04,47.94,47.98,3492,25,48.8555
IE00BQQP9H09,211076898,MOAT,USD,2023-05-03,48.64,48.69,48.36,48.36,16873,45,48.4955
IE00BQQP9H09,211076898,MOAT,USD,2023-05-04,48.02,48.16,47.57,47.59,14857,59,47.8875
IE00BQQP9H09,211076898,MOAT,USD,2023-05-05,47.57,48.15,47.57,48.06,8716,22,47.8185
IE00BQQP9H09,211076898,MOAT,USD,2023-05-09,48.54,48.54,47.99,48.11,13616,43,48.157
IE00BQQP9H09,211076898,MOAT,USD,2023-05-10,48.39,48.39,47.96,48.17,1599,15,48.1795
IE00BQQP9H09,211076898,MOAT,USD,2023-05-11,48.33,48.37,47.84,47.87,17192,35,48.0715
IE00BQQP9H09,211076898,MOAT,USD,2023-05-12,48.14,48.16,47.865,47.865,3067,10,48.1015
IE00BQQP9H09,211076898,MOAT,USD,2023-05-15,48.21,48.32,48.07,48.28,9465,24,48.194
IE00BQQP9H09,211076898,MOAT,USD,2023-05-16,48.34,48.4,48.04,48.15,2893,27,48.2165
IE00BQQP9H09,211076898,MOAT,USD,2023-05-17,48.07,48.26,47.93,48.245,2734,14,48.1065
IE00BQQP9H09,211076898,MOAT,USD,2023-05-18,48.57,48.97,48.57,48.93,5181,13,48.6755
IE00BQQP9H09,211076898,MOAT,USD,2023-05-19,49.25,49.27,48.905,48.905,14897,27,49.205
IE00BQQP9H09,211076898,MOAT,USD,2023-05-22,48.97,49.09,48.93,49.085,16453,33,49.0205
IE00BQQP9H09,211076898,MOAT,USD,2023-05-23,49.11,49.11,48.79,48.83,5091,19,49.007
IE00BQQP9H09,211076898,MOAT,USD,2023-05-24,48.43,48.43,47.86,47.895,21718,31,48.218
IE00BQQP9H09,211076898,MOAT,USD,2023-05-25,48.0,48.0,47.59,47.905,35413,47,47.8375
IE00BQQP9H09,211076898,MOAT,USD,2023-05-26,48.06,48.68,48.02,48.64,15584,47,48.281
IE00BQQP9H09,211076898,MOAT,USD,2023-05-30,48.93,49.09,48.75,48.75,8324,29,48.994
IE00BQQP9H09,211076898,MOAT,USD,2023-05-31,48.62,48.64,48.155,48.155,10442,18,48.398
IE00BQQP9H09,211076898,MOAT,USD,2023-06-01,48.35,48.69,48.32,48.69,11434,35,48.5175
IE00BQQP9H09,211076898,MOAT,USD,2023-06-02,48.79,49.56,48.78,49.56,5840,36,49.2865
IE00BQQP9H09,211076898,MOAT,USD,2023-06-05,49.7,49.74,49.53,49.605,12866,39,49.665
IE00BQQP9H09,211076898,MOAT,USD,2023-06-06,49.48,49.65,49.48,49.65,7612,21,49.579
IE00BQQP9H09,211076898,MOAT,USD,2023-06-07,49.62,49.81,49.57,49.7,15515,45,49.689
IE00BQQP9H09,211076898,MOAT,USD,2023-06-08,49.73,49.73,49.54,49.64,9499,28,49.596
IE00BQQP9H09,211076898,MOAT,USD,2023-06-09,49.62,50.0,49.62,49.72,7718,13,49.7835
IE00BQQP9H09,211076898,MOAT,USD,2023-06-12,50.0,50.03,49.875,49.875,7409,22,49.946
IE00BQQP9H09,211076898,MOAT,USD,2023-06-13,50.39,50.6,50.21,50.57,11186,45,50.376
IE00BQQP9H09,211076898,MOAT,USD,2023-06-14,50.56,50.99,50.56,50.945,10380,17,50.6595
IE00BQQP9H09,211076898,MOAT,USD,2023-06-15,50.62,50.84,50.53,50.84,9839,30,50.68
IE00BQQP9H09,211076898,MOAT,USD,2023-06-16,51.16,51.36,51.07,51.07,7755,17,51.232
IE00BQQP9H09,211076898,MOAT,USD,2023-06-19,50.95,50.95,50.835,50.835,363,4,50.9045
IE00BQQP9H09,211076898,MOAT,USD,2023-06-20,50.78,50.89,50.41,50.41,3070,18,50.7775
IE00BQQP9H09,211076898,MOAT,USD,2023-06-21,50.77,50.77,50.25,50.3,2293,15,50.3205
IE00BQQP9H09,211076898,MOAT,USD,2023-06-22,50.29,50.29,50.06,50.09,16786,38,50.1635
IE00BQQP9H09,211076898,MOAT,USD,2023-06-23,50.06,50.07,49.73,49.73,6894,28,49.932
IE00BQQP9H09,211076898,MOAT,USD,2023-06-26,50.14,50.14,49.66,49.85,12308,59,49.778
IE00BQQP9H09,211076898,MOAT,USD,2023-06-27,49.94,50.125,49.77,50.125,38543,52,49.943
IE00BQQP9H09,211076898,MOAT,USD,2023-06-28,50.42,50.54,50.17,50.275,13837,37,50.359
IE00BQQP9H09,211076898,MOAT,USD,2023-06-29,50.43,50.59,50.38,50.59,5237,21,50.456
IE00BQQP9H09,211076898,MOAT,USD,2023-06-30,50.71,51.12,50.71,51.07,947,8,50.936
IE00BQQP9H09,211076898,MOAT,USD,2023-07-03,51.01,51.17,50.85,51.08,3271,22,50.951
IE00BQQP9H09,211076898,MOAT,USD,2023-07-04,51.29,51.33,51.06,51.115,1525,12,51.096
IE00BQQP9H09,211076898,MOAT,USD,2023-07-05,51.0,51.03,50.79,50.95,1058,8,50.9295
IE00BQQP9H09,211076898,MOAT,USD,2023-07-06,51.08,51.08,50.0,50.03,4135,42,50.5645
IE00BQQP9H09,211076898,MOAT,USD,2023-07-07,50.12,50.47,50.12,50.43,10885,25,50.336
IE00BQQP9H09,211076898,MOAT,USD,2023-07-10,49.91,50.81,49.91,50.715,4938,23,50.342
IE00BQQP9H09,211076898,MOAT,USD,2023-07-11,51.0,51.04,50.71,50.945,9976,28,50.9
IE00BQQP9H09,211076898,MOAT,USD,2023-07-12,51.31,51.75,51.3,51.585,5371,19,51.514
IE00BQQP9H09,211076898,MOAT,USD,2023-07-13,51.66,51.79,51.56,51.775,9337,40,51.6265
IE00BQQP9H09,211076898,MOAT,USD,2023-07-14,51.79,51.99,51.52,51.605,9310,25,51.741
IE00BQQP9H09,211076898,MOAT,USD,2023-07-17,51.4,51.78,51.35,51.78,11048,49,51.4135
IE00BQQP9H09,211076898,MOAT,USD,2023-07-18,51.66,52.04,51.62,52.005,11903,28,51.791
IE00BQQP9H09,211076898,MOAT,USD,2023-07-19,52.19,52.48,52.02,52.48,4877,27,52.2815
IE00BQQP9H09,211076898,MOAT,USD,2023-07-20,52.36,52.56,52.11,52.22,7050,23,52.425
IE00BQQP9H09,211076898,MOAT,USD,2023-07-21,52.23,52.36,52.12,52.335,15834,37,52.2255
IE00BQQP9H09,211076898,MOAT,USD,2023-07-24,52.31,52.39,52.27,52.315,4985,33,52.3255
IE00BQQP9H09,211076898,MOAT,USD,2023-07-25,52.33,52.43,52.19,52.34,10392,34,52.3325
IE00BQQP9H09,211076898,MOAT,USD,2023-07-26,52.51,52.51,52.11,52.145,3305,30,52.237
IE00BQQP9H09,211076898,MOAT,USD,2023-07-27,52.46,52.93,52.46,52.655,14165,100,52.6135
IE00BQQP9H09,211076898,MOAT,USD,2023-07-28,52.48,52.53,52.12,52.47,5637,33,52.313
IE00BQQP9H09,211076898,MOAT,USD,2023-07-31,52.4,52.69,52.39,52.565,1992,21,52.5355
IE00BQQP9H09,211076898,MOAT,USD,2023-08-01,52.62,52.62,52.15,52.19,4479,17,52.331
IE00BQQP9H09,211076898,MOAT,USD,2023-08-02,52.37,52.37,51.59,51.71,13891,35,51.9755
IE00BQQP9H09,211076898,MOAT,USD,2023-08-03,51.7,51.71,51.36,51.56,9118,45,51.583
IE00BQQP9H09,211076898,MOAT,USD,2023-08-04,51.8,51.8,51.24,51.4,3127,27,51.451
IE00BQQP9H09,211076898,MOAT,USD,2023-08-07,51.25,51.4,51.1,51.4,637,13,51.264
IE00BQQP9H09,211076898,MOAT,USD,2023-08-08,51.28,51.28,50.52,50.575,8688,28,51.0435
IE00BQQP9H09,211076898,MOAT,USD,2023-08-09,51.18,51.2,50.81,50.815,6221,34,51.0545
IE00BQQP9H09,211076898,MOAT,USD,2023-08-10,51.03,51.42,50.91,51.23,13225,36,51.1455
IE00BQQP9H09,211076898,MOAT,USD,2023-08-11,50.97,50.97,50.67,50.725,2943,23,50.834
IE00BQQP9H09,211076898,MOAT,USD,2023-08-14,51.0,51.0,50.62,50.775,1014,10,50.7905
IE00BQQP9H09,211076898,MOAT,USD,2023-08-15,50.92,50.92,50.44,50.44,3953,14,50.5805
IE00BQQP9H09,211076898,MOAT,USD,2023-08-16,50.26,50.26,50.15,50.18,5059,20,50.2005
IE00BQQP9H09,211076898,MOAT,USD,2023-08-17,49.91,50.0,49.64,49.65,7076,22,49.791
IE00BQQP9H09,211076898,MOAT,USD,2023-08-18,49.48,49.48,48.94,49.185,5526,28,49.1675
IE00BQQP9H09,211076898,MOAT,USD,2023-08-21,49.6,49.6,49.18,49.22,2339,26,49.366
IE00BQQP9H09,211076898,MOAT,USD,2023-08-22,49.82,49.86,49.42,49.435,48019,57,49.6805
IE00BQQP9H09,211076898,MOAT,USD,2023-08-23,49.58,49.77,49.43,49.77,8250,19,49.604
IE00BQQP9H09,211076898,MOAT,USD,2023-08-24,49.95,50.1,49.68,49.68,11314,31,50.015
IE00BQQP9H09,211076898,MOAT,USD,2023-08-25,49.28,49.64,49.16,49.53,7826,26,49.3875
IE00BQQP9H09,211076898,MOAT,USD,2023-08-29,50.19,50.51,50.02,50.47,4659,23,50.122
IE00BQQP9H09,211076898,MOAT,USD,2023-08-30,50.82,50.95,50.67,50.83,8768,20,50.7175
IE00BQQP9H09,211076898,MOAT,USD,2023-08-31,51.03,51.17,50.95,51.06,4955,24,51.091
IE00BQQP9H09,211076898,MOAT,USD,2023-09-01,51.33,51.33,51.04,51.16,751,10,51.17
IE00BQQP9H09,211076898,MOAT,USD,2023-09-04,51.11,51.14,50.94,50.95,1258,16,51.044
IE00BQQP9H09,211076898,MOAT,USD,2023-09-05,51.0,51.04,50.78,50.89,25575,17,51.0
IE00BQQP9H09,211076898,MOAT,USD,2023-09-06,50.56,50.69,50.5,50.52,10593,23,50.616
IE00BQQP9H09,211076898,MOAT,USD,2023-09-07,50.4,50.56,50.08,50.27,18830,28,50.1715
IE00BQQP9H09,211076898,MOAT,USD,2023-09-08,50.47,50.54,50.24,50.42,1570,19,50.3485
IE00BQQP9H09,211076898,MOAT,USD,2023-09-11,50.54,50.65,50.39,50.39,7126,23,50.514
IE00BQQP9H09,211076898,MOAT,USD,2023-09-12,50.5,50.52,50.165,50.165,10464,31,50.3185
IE00BQQP9H09,211076898,MOAT,USD,2023-09-13,50.34,50.34,49.86,50.045,3279,17,49.9985
IE00BQQP9H09,211076898,MOAT,USD,2023-09-14,50.04,50.27,49.81,50.185,10301,40,50.1055
IE00BQQP9H09,211076898,MOAT,USD,2023-09-15,50.37,50.43,49.98,49.98,824,11,50.268
IE00BQQP9H09,211076898,MOAT,USD,2023-09-18,49.88,49.95,49.73,49.78,4931,31,49.7715
IE00BQQP9H09,211076898,MOAT,USD,2023-09-19,49.74,49.84,49.41,49.425,8292,28,49.711
IE00BQQP9H09,211076898,MOAT,USD,2023-09-20,49.73,49.79,49.72,49.76,66,5,49.7515
IE00BQQP9H09,211076898,MOAT,USD,2023-09-21,49.25,49.25,48.675,48.675,11985,81,48.949
IE00BQQP9H09,211076898,MOAT,USD,2023-09-22,48.6,48.64,48.48,48.64,10304,51,48.517
IE00BQQP9H09,211076898,MOAT,USD,2023-09-25,48.25,48.3,48.16,48.3,7218,30,48.2565
IE00BQQP9H09,211076898,MOAT,USD,2023-09-26,48.06,48.21,47.755,47.755,2531,14,48.116
IE00BQQP9H09,211076898,MOAT,USD,2023-09-27,47.83,47.87,47.72,47.775,6774,18,47.8245
IE00BQQP9H09,211076898,MOAT,USD,2023-09-28,47.65,48.13,47.65,48.13,11051,25,47.8
IE00BQQP9H09,211076898,MOAT,USD,2023-09-29,48.38,48.64,48.38,48.535,5803,27,48.487
IE00BQQP9H09,211076898,MOAT,USD,2023-10-02,48.43,48.46,47.86,48.09,16708,95,48.171
IE00BQQP9H09,211076898,MOAT,USD,2023-10-03,47.87,47.99,47.305,47.305,9234,33,47.737
IE00BQQP9H09,211076898,MOAT,USD,2023-10-04,46.97,47.48,46.9,47.345,17867,45,47.211
IE00BQQP9H09,211076898,MOAT,USD,2023-10-05,47.49,47.65,46.99,47.09,13348,73,47.437
IE00BQQP9H09,211076898,MOAT,USD,2023-10-06,47.39,47.71,47.12,47.71,8488,41,47.3135
IE00BQQP9H09,211076898,MOAT,USD,2023-10-09,47.71,47.8,47.58,47.79,16253,45,47.6865
IE00BQQP9H09,211076898,MOAT,USD,2023-10-10,48.19,48.605,48.15,48.605,7088,22,48.2825
IE00BQQP9H09,211076898,MOAT,USD,2023-10-11,48.42,48.61,48.31,48.31,2121,23,48.4915
IE00BQQP9H09,211076898,MOAT,USD,2023-10-12,48.83,48.83,48.06,48.195,33492,97,48.504
IE00BQQP9H09,211076898,MOAT,USD,2023-10-13,47.67,48.01,47.67,47.675,10507,73,47.8495
IE00BQQP9H09,211076898,MOAT,USD,2023-10-16,47.83,48.4,47.68,48.3,35733,76,47.868
IE00BQQP9H09,211076898,MOAT,USD,2023-10-17,48.18,48.51,48.01,48.51,23055,37,48.1015
IE00BQQP9H09,211076898,MOAT,USD,2023-10-18,48.32,48.4,48.03,48.03,15757,49,48.24
IE00BQQP9H09,211076898,MOAT,USD,2023-10-19,47.62,47.79,47.51,47.7,10791,20,47.6135
IE00BQQP9H09,211076898,MOAT,USD,2023-10-20,47.13,47.2,46.77,46.77,1467,11,47.1255
IE00BQQP9H09,211076898,MOAT,USD,2023-10-23,46.78,46.78,46.38,46.73,4462,32,46.4655
IE00BQQP9H09,211076898,MOAT,USD,2023-10-24,46.64,46.86,46.61,46.69,35646,48,46.679
IE00BQQP9H09,211076898,MOAT,USD,2023-10-25,46.54,46.61,46.07,46.335,1572,11,46.3635
IE00BQQP9H09,211076898,MOAT,USD,2023-10-26,45.86,46.12,45.79,45.825,3959,21,45.8765
IE00BQQP9H09,211076898,MOAT,USD,2023-10-27,46.02,46.02,45.595,45.595,7908,22,45.715
IE00BQQP9H09,211076898,MOAT,USD,2023-10-30,45.59,45.59,45.25,45.405,37029,154,45.463
IE00BQQP9H09,211076898,MOAT,USD,2023-10-31,45.57,45.97,45.57,45.965,18151,49,45.768
IE00BQQP9H09,211076898,MOAT,USD,2023-11-01,46.18,46.32,45.89,46.06,7416,27,46.107
IE00BQQP9H09,211076898,MOAT,USD,2023-11-02,46.55,47.18,46.51,47.13,25559,44,46.716
IE00BQQP9H09,211076898,MOAT,USD,2023-11-03,47.45,47.98,47.09,47.965,12858,33,47.1465
IE00BQQP9H09,211076898,MOAT,USD,2023-11-06,47.95,47.99,47.7,47.705,5372,24,47.953
IE00BQQP9H09,211076898,MOAT,USD,2023-11-07,47.64,47.93,47.55,47.855,10005,19,47.6505
IE00BQQP9H09,211076898,MOAT,USD,2023-11-08,47.71,47.8,47.71,47.755,6512,17,47.741
IE00BQQP9H09,211076898,MOAT,USD,2023-11-09,47.75,47.94,47.63,47.76,17910,63,47.786
IE00BQQP9H09,211076898,MOAT,USD,2023-11-10,47.6,47.6,47.31,47.52,9845,23,47.361
IE00BQQP9H09,211076898,MOAT,USD,2023-11-13,47.86,47.9,47.74,47.88,6659,23,47.805
IE00BQQP9H09,211076898,MOAT,USD,2023-11-14,47.94,49.2,47.84,49.2,7660,25,48.149
IE00BQQP9H09,211076898,MOAT,USD,2023-11-15,49.2,49.61,49.15,49.5,10936,21,49.3305
IE00BQQP9H09,211076898,MOAT,USD,2023-11-16,49.24,49.33,49.055,49.055,4568,10,49.2055
IE00BQQP9H09,211076898,MOAT,USD,2023-11-17,49.2,49.37,49.2,49.22,26342,52,49.2635
IE00BQQP9H09,211076898,MOAT,USD,2023-11-20,49.35,49.455,49.27,49.455,5058,10,49.329
IE00BQQP9H09,211076898,MOAT,USD,2023-11-21,49.59,49.62,49.52,49.54,2244,7,49.6
IE00BQQP9H09,211076898,MOAT,USD,2023-11-22,49.62,49.93,49.62,49.93,3018,8,49.6805
IE00BQQP9H09,211076898,MOAT,USD,2023-11-23,49.85,49.85,49.77,49.85,2654,11,49.838
IE00BQQP9H09,211076898,MOAT,USD,2023-11-24,49.89,49.95,49.84,49.87,11976,16,49.8965
IE00BQQP9H09,211076898,MOAT,USD,2023-11-27,49.81,49.86,49.72,49.845,6700,25,49.7865
IE00BQQP9H09,211076898,MOAT,USD,2023-11-28,49.78,49.97,49.72,49.97,3973,15,49.7945
IE00BQQP9H09,211076898,MOAT,USD,2023-11-29,49.87,50.27,49.87,50.11,24506,32,50.119
IE00BQQP9H09,211076898,MOAT,USD,2023-11-30,50.18,50.27,50.07,50.19,4110,31,50.198
IE00BQQP9H09,211076898,MOAT,USD,2023-12-01,50.53,50.73,50.34,50.73,6362,48,50.4405
IE00BQQP9H09,211076898,MOAT,USD,2023-12-04,50.87,51.12,50.68,50.74,12081,58,50.9075
IE00BQQP9H09,211076898,MOAT,USD,2023-12-05,50.65,50.78,50.52,50.59,12944,21,50.678
IE00BQQP9H09,211076898,MOAT,USD,2023-12-06,50.72,50.9,50.65,50.765,30860,67,50.7765
IE00BQQP9H09,211076898,MOAT,USD,2023-12-07,50.49,50.71,50.42,50.63,8069,28,50.561
IE00BQQP9H09,211076898,MOAT,USD,2023-12-08,50.7,50.86,50.57,50.85,2468,13,50.7835
IE00BQQP9H09,211076898,MOAT,USD,2023-12-11,50.86,51.38,50.86,51.32,24099,44,50.9155
IE00BQQP9H09,211076898,MOAT,USD,2023-12-12,51.48,51.6,51.29,51.58,7753,33,51.53
IE00BQQP9H09,211076898,MOAT,USD,2023-12-13,51.74,51.81,51.68,51.72,3002,29,51.798
IE00BQQP9H09,211076898,MOAT,USD,2023-12-14,52.74,53.18,52.74,53.13,6070,21,52.8435
IE00BQQP9H09,211076898,MOAT,USD,2023-12-15,53.31,53.44,52.96,53.12,8827,23,53.229
IE00BQQP9H09,211076898,MOAT,USD,2023-12-18,53.17,53.18,53.01,53.15,890,16,53.104
IE00BQQP9H09,211076898,MOAT,USD,2023-12-19,53.63,53.63,53.29,53.48,14090,26,53.403
IE00BQQP9H09,211076898,MOAT,USD,2023-12-20,53.6,53.6,53.35,53.555,1618,12,53.466
IE00BQQP9H09,211076898,MOAT,USD,2023-12-21,53.15,53.27,52.97,53.26,14936,51,53.08
IE00BQQP9H09,211076898,MOAT,USD,2023-12-22,53.28,53.37,53.27,53.345,2194,6,53.2845
IE00BQQP9H09,211076898,MOAT,USD,2023-12-27,53.97,53.97,53.67,53.95,1297,19,53.9005
IE00BQQP9H09,211076898,MOAT,USD,2023-12-28,54.12,54.12,53.99,54.01,4762,35,54.043
IE00BQQP9H09,211076898,MOAT,USD,2023-12-29,54.01,54.14,54.01,54.06,777,6,54.097
