ISIN,conId,Symbol,Currency,date,open,high,low,close,volume,barCount,average
IE00BCBJG560,139185348,ZPRS,EUR,2019-01-02,54.09,55.22,53.56,54.78,3140,32,54.053
IE00BCBJG560,139185348,ZPRS,EUR,2019-01-03,54.54,54.75,54.13,54.16,2662,20,54.4135
IE00BCBJG560,139185348,ZPRS,EUR,2019-01-04,54.78,55.95,54.66,55.95,863,16,55.104
IE00BCBJG560,139185348,ZPRS,EUR,2019-01-07,55.95,56.41,55.68,56.32,10567,23,55.9475
IE00BCBJG560,139185348,ZPRS,EUR,2019-01-08,56.71,57.29,56.56,57.09,1312,13,56.8965
IE00BCBJG560,139185348,ZPRS,EUR,2019-01-09,57.42,57.59,57.15,57.15,4518,18,57.4165
IE00BCBJG560,139185348,ZPRS,EUR,2019-01-10,57.16,57.79,57.0,57.79,4217,12,57.1545
IE00BCBJG560,139185348,ZPRS,EUR,2019-01-11,57.84,57.85,57.44,57.85,7450,15,57.612
IE00BCBJG560,139185348,ZPRS,EUR,2019-01-14,57.55,57.82,57.49,57.49,1087,11,57.592
IE00BCBJG560,139185348,ZPRS,EUR,2019-01-15,58.05,58.13,57.74,58.08,1586,17,57.918
IE00BCBJG560,139185348,ZPRS,EUR,2019-01-16,58.32,58.84,58.21,58.61,859,22,58.499
IE00BCBJG560,139185348,ZPRS,EUR,2019-01-17,58.39,58.93,58.32,58.93,138,10,58.554
IE00BCBJG560,139185348,ZPRS,EUR,2019-01-18,59.27,59.9,59.12,59.69,4438,19,59.559
IE00BCBJG560,139185348,ZPRS,EUR,2019-01-21,59.41,59.74,59.38,59.5,2307,17,59.6255
IE00BCBJG560,139185348,ZPRS,EUR,2019-01-22,59.54,59.61,58.87,58.87,1480,19,59.516
IE00BCBJG560,139185348,ZPRS,EUR,2019-01-23,59.06,59.52,58.81,58.81,4534,20,59.1955
IE00BCBJG560,139185348,ZPRS,EUR,2019-01-24,59.09,59.61,59.09,59.61,1879,17,59.324
IE00BCBJG560,139185348,ZPRS,EUR,2019-01-25,59.98,60.06,59.75,59.82,8347,31,59.962
IE00BCBJG560,139185348,ZPRS,EUR,2019-01-28,59.88,59.88,59.33,59.57,14215,29,59.599
IE00BCBJG560,139185348,ZPRS,EUR,2019-01-29,59.45,59.95,59.45,59.82,4773,28,59.753
IE00BCBJG560,139185348,ZPRS,EUR,2019-01-30,59.7,59.91,59.59,59.85,2689,29,59.766
IE00BCBJG560,139185348,ZPRS,EUR,2019-01-31,60.09,60.28,59.88,60.28,2674,22,60.0825
IE00BCBJG560,139185348,ZPRS,EUR,2019-02-01,60.63,60.63,60.06,60.35,7333,35,60.4525
IE00BCBJG560,139185348,ZPRS,EUR,2019-02-04,60.94,60.94,60.42,60.86,1074,15,60.5945
IE00BCBJG560,139185348,ZPRS,EUR,2019-02-05,61.13,61.43,60.98,61.23,4511,26,61.1665
IE00BCBJG560,139185348,ZPRS,EUR,2019-02-06,61.43,61.55,61.16,61.4,3041,21,61.494
IE00BCBJG560,139185348,ZPRS,EUR,2019-02-07,61.22,61.34,60.79,61.03,1718,18,61.274
IE00BCBJG560,139185348,ZPRS,EUR,2019-02-08,60.85,60.9,60.5,60.9,1713,14,60.7295
IE00BCBJG560,139185348,ZPRS,EUR,2019-02-11,60.92,61.42,60.92,61.28,3715,19,61.242
IE00BCBJG560,139185348,ZPRS,EUR,2019-02-12,61.85,61.89,61.59,61.66,2500,25,61.765
IE00BCBJG560,139185348,ZPRS,EUR,2019-02-13,62.11,62.39,62.0,62.29,1896,14,62.199
IE00BCBJG560,139185348,ZPRS,EUR,2019-02-14,62.68,62.68,61.8,62.16,710,12,62.3135
IE00BCBJG560,139185348,ZPRS,EUR,2019-02-15,62.27,63.02,62.21,62.77,792,15,62.5705
IE00BCBJG560,139185348,ZPRS,EUR,2019-02-18,63.26,63.26,62.78,62.83,619,10,62.934
IE00BCBJG560,139185348,ZPRS,EUR,2019-02-19,62.8,62.94,62.61,62.94,3941,19,62.8525
IE00BCBJG560,139185348,ZPRS,EUR,2019-02-20,62.76,63.09,62.75,63.03,4581,25,62.9105
IE00BCBJG560,139185348,ZPRS,EUR,2019-02-21,63.08,63.28,62.82,62.84,1294,15,63.179
IE00BCBJG560,139185348,ZPRS,EUR,2019-02-22,63.02,63.48,63.01,63.31,1417,16,63.2615
IE00BCBJG560,139185348,ZPRS,EUR,2019-02-25,63.77,63.77,63.27,63.27,2499,24,63.5655
IE00BCBJG560,139185348,ZPRS,EUR,2019-02-26,63.54,63.55,63.16,63.16,3193,19,63.4085
IE00BCBJG560,139185348,ZPRS,EUR,2019-02-27,63.12,63.21,62.95,63.05,3084,21,63.0265
IE00BCBJG560,139185348,ZPRS,EUR,2019-02-28,63.07,63.22,62.9,63.01,3126,17,63.009
IE00BCBJG560,139185348,ZPRS,EUR,2019-03-01,63.51,63.55,63.24,63.46,9651,18,63.452
IE00BCBJG560,139185348,ZPRS,EUR,2019-03-04,63.88,63.94,63.27,63.27,9499,31,63.7225
IE00BCBJG560,139185348,ZPRS,EUR,2019-03-05,63.69,63.69,63.37,63.44,2875,20,63.5685
IE00BCBJG560,139185348,ZPRS,EUR,2019-03-06,63.62,63.62,62.74,62.74,7930,13,63.477
IE00BCBJG560,139185348,ZPRS,EUR,2019-03-07,62.79,63.05,62.32,62.62,2823,26,62.6775
IE00BCBJG560,139185348,ZPRS,EUR,2019-03-08,62.51,62.51,61.85,62.14,1552,12,62.0025
IE00BCBJG560,139185348,ZPRS,EUR,2019-03-11,62.68,62.95,62.24,62.91,3525,26,62.3845
IE00BCBJG560,139185348,ZPRS,EUR,2019-03-12,63.29,63.29,62.78,62.78,3984,26,62.947
IE00BCBJG560,139185348,ZPRS,EUR,2019-03-13,63.06,63.25,62.76,63.01,6624,19,62.8995
IE00BCBJG560,139185348,ZPRS,EUR,2019-03-14,62.91,63.25,62.87,63.0,9020,29,63.028
IE00BCBJG560,139185348,ZPRS,EUR,2019-03-15,63.24,63.4,63.02,63.12,3626,21,63.159
IE00BCBJG560,139185348,ZPRS,EUR,2019-03-18,62.83,63.44,62.83,63.37,3779,16,63.256
IE00BCBJG560,139185348,ZPRS,EUR,2019-03-19,63.25,63.64,63.25,63.25,4446,23,63.5025
IE00BCBJG560,139185348,ZPRS,EUR,2019-03-20,63.31,63.31,62.37,62.37,4991,32,63.116
IE00BCBJG560,139185348,ZPRS,EUR,2019-03-21,62.33,63.3,62.26,63.3,1735,15,62.6725
IE00BCBJG560,139185348,ZPRS,EUR,2019-03-22,63.46,63.46,62.2,62.2,2046,19,63.1375
IE00BCBJG560,139185348,ZPRS,EUR,2019-03-25,62.1,62.1,61.62,62.09,2112,17,61.9385
IE00BCBJG560,139185348,ZPRS,EUR,2019-03-26,62.66,63.0,62.28,62.82,1847,18,62.72
IE00BCBJG560,139185348,ZPRS,EUR,2019-03-27,63.28,63.28,62.67,62.75,1683,12,62.759
IE00BCBJG560,139185348,ZPRS,EUR,2019-03-28,62.8,63.31,62.8,63.18,3077,17,63.064
IE00BCBJG560,139185348,ZPRS,EUR,2019-03-29,63.57,63.68,63.37,63.46,1591,15,63.5725
IE00BCBJG560,139185348,ZPRS,EUR,2019-04-01,64.17,64.25,63.81,64.23,5406,30,63.9435
IE00BCBJG560,139185348,ZPRS,EUR,2019-04-02,64.48,64.48,64.07,64.28,6063,37,64.3165
IE00BCBJG560,139185348,ZPRS,EUR,2019-04-03,64.31,64.83,64.31,64.43,9762,45,64.6615
IE00BCBJG560,139185348,ZPRS,EUR,2019-04-04,64.77,64.86,64.36,64.54,2618,23,64.6015
IE00BCBJG560,139185348,ZPRS,EUR,2019-04-05,64.93,65.12,64.52,64.91,1975,17,64.776
IE00BCBJG560,139185348,ZPRS,EUR,2019-04-08,65.08,65.08,64.39,64.68,5256,21,64.66
IE00BCBJG560,139185348,ZPRS,EUR,2019-04-09,64.94,64.94,64.17,64.17,12287,20,64.49
IE00BCBJG560,139185348,ZPRS,EUR,2019-04-10,64.06,64.6,64.06,64.53,1487,12,64.337
IE00BCBJG560,139185348,ZPRS,EUR,2019-04-11,64.56,64.8,64.4,64.64,9250,30,64.622
IE00BCBJG560,139185348,ZPRS,EUR,2019-04-12,64.81,64.94,64.52,64.8,3097,24,64.64
IE00BCBJG560,139185348,ZPRS,EUR,2019-04-15,64.93,65.41,64.81,64.89,26509,43,65.2435
IE00BCBJG560,139185348,ZPRS,EUR,2019-04-16,65.18,65.36,64.74,64.93,6184,34,65.068
IE00BCBJG560,139185348,ZPRS,EUR,2019-04-17,65.05,65.47,64.58,64.58,3752,19,65.104
IE00BCBJG560,139185348,ZPRS,EUR,2019-04-18,64.62,64.96,64.33,64.9,3832,19,64.7765
IE00BCBJG560,139185348,ZPRS,EUR,2019-04-23,64.93,65.55,64.65,65.24,2613,22,64.898
IE00BCBJG560,139185348,ZPRS,EUR,2019-04-24,65.31,65.72,65.19,65.72,4803,22,65.4025
IE00BCBJG560,139185348,ZPRS,EUR,2019-04-25,65.69,65.79,65.32,65.56,14832,24,65.394
IE00BCBJG560,139185348,ZPRS,EUR,2019-04-26,65.33,65.75,65.22,65.75,5146,19,65.4495
IE00BCBJG560,139185348,ZPRS,EUR,2019-04-29,65.85,66.0,65.69,65.84,5806,24,65.834
IE00BCBJG560,139185348,ZPRS,EUR,2019-04-30,65.56,65.83,65.4,65.44,1181,18,65.7085
IE00BCBJG560,139185348,ZPRS,EUR,2019-05-02,65.45,65.53,64.95,65.15,5015,41,65.1205
IE00BCBJG560,139185348,ZPRS,EUR,2019-05-03,65.3,65.84,65.3,65.83,3483,23,65.646
IE00BCBJG560,139185348,ZPRS,EUR,2019-05-06,65.09,65.57,64.87,65.52,3919,21,65.0695
IE00BCBJG560,139185348,ZPRS,EUR,2019-05-07,65.5,65.66,64.61,64.61,3819,27,65.471
IE00BCBJG560,139185348,ZPRS,EUR,2019-05-08,64.97,64.97,64.33,64.51,7299,18,64.7725
IE00BCBJG560,139185348,ZPRS,EUR,2019-05-09,64.35,64.35,63.26,64.06,7085,31,63.5825
IE00BCBJG560,139185348,ZPRS,EUR,2019-05-10,64.18,64.24,63.34,64.12,1676,18,63.7805
IE00BCBJG560,139185348,ZPRS,EUR,2019-05-13,63.92,63.92,62.5,62.51,3827,27,62.9615
IE00BCBJG560,139185348,ZPRS,EUR,2019-05-14,62.7,63.29,62.67,63.28,3269,29,62.959
IE00BCBJG560,139185348,ZPRS,EUR,2019-05-15,63.5,63.72,62.76,63.6,5283,59,63.3775
IE00BCBJG560,139185348,ZPRS,EUR,2019-05-16,63.71,64.42,63.6,64.05,3163,24,64.009
IE00BCBJG560,139185348,ZPRS,EUR,2019-05-17,64.0,64.25,63.58,63.58,3605,25,63.934
IE00BCBJG560,139185348,ZPRS,EUR,2019-05-20,64.02,64.02,63.01,63.05,6549,29,63.575
IE00BCBJG560,139185348,ZPRS,EUR,2019-05-21,63.51,63.79,63.29,63.68,3124,15,63.4375
IE00BCBJG560,139185348,ZPRS,EUR,2019-05-22,63.82,63.83,63.49,63.51,2882,24,63.7175
IE00BCBJG560,139185348,ZPRS,EUR,2019-05-23,62.96,63.17,62.33,62.33,6714,26,63.0125
IE00BCBJG560,139185348,ZPRS,EUR,2019-05-24,62.63,62.98,62.59,62.59,7412,22,62.809
IE00BCBJG560,139185348,ZPRS,EUR,2019-05-27,63.15,63.15,62.76,62.81,5172,10,63.0125
IE00BCBJG560,139185348,ZPRS,EUR,2019-05-28,62.85,63.1,62.53,62.53,4800,24,62.8905
IE00BCBJG560,139185348,ZPRS,EUR,2019-05-29,62.29,62.5,62.11,62.11,6215,14,62.374
IE00BCBJG560,139185348,ZPRS,EUR,2019-05-30,62.45,62.77,62.21,62.21,9374,8,62.6705
IE00BCBJG560,139185348,ZPRS,EUR,2019-05-31,61.96,61.96,61.21,61.4,8926,34,61.6885
IE00BCBJG560,139185348,ZPRS,EUR,2019-06-03,61.48,61.62,60.99,61.05,11650,32,61.392
IE00BCBJG560,139185348,ZPRS,EUR,2019-06-04,61.33,62.18,61.26,62.18,12344,24,61.5355
IE00BCBJG560,139185348,ZPRS,EUR,2019-06-05,62.57,62.66,62.1,62.57,6862,9,62.318
IE00BCBJG560,139185348,ZPRS,EUR,2019-06-06,62.78,62.91,62.24,62.35,6333,13,62.8275
IE00BCBJG560,139185348,ZPRS,EUR,2019-06-07,62.83,62.83,62.52,62.57,6421,16,62.708
IE00BCBJG560,139185348,ZPRS,EUR,2019-06-11,63.0,63.48,62.74,62.74,16315,35,63.188
IE00BCBJG560,139185348,ZPRS,EUR,2019-06-12,62.91,63.06,62.71,62.78,7025,18,62.902
IE00BCBJG560,139185348,ZPRS,EUR,2019-06-13,62.77,63.37,62.77,63.16,2645,17,63.2365
IE00BCBJG560,139185348,ZPRS,EUR,2019-06-14,63.42,63.56,63.15,63.15,2145,19,63.398
IE00BCBJG560,139185348,ZPRS,EUR,2019-06-17,63.46,63.51,63.12,63.26,2446,19,63.353
IE00BCBJG560,139185348,ZPRS,EUR,2019-06-18,63.22,64.4,63.11,63.97,3814,26,63.7515
IE00BCBJG560,139185348,ZPRS,EUR,2019-06-19,64.28,64.28,63.96,64.04,5387,19,64.137
IE00BCBJG560,139185348,ZPRS,EUR,2019-06-20,64.4,64.51,64.16,64.16,3902,17,64.452
IE00BCBJG560,139185348,ZPRS,EUR,2019-06-21,64.16,64.22,63.43,63.43,1919,18,64.1015
IE00BCBJG560,139185348,ZPRS,EUR,2019-06-24,63.8,63.8,62.95,62.95,11923,28,63.576
IE00BCBJG560,139185348,ZPRS,EUR,2019-06-25,62.78,63.2,62.69,62.69,13648,22,62.905
IE00BCBJG560,139185348,ZPRS,EUR,2019-06-26,62.62,63.13,62.62,62.63,6419,18,62.891
IE00BCBJG560,139185348,ZPRS,EUR,2019-06-27,62.96,63.18,62.77,63.15,4813,11,62.918
IE00BCBJG560,139185348,ZPRS,EUR,2019-06-28,63.49,63.87,63.48,63.87,5516,11,63.5105
IE00BCBJG560,139185348,ZPRS,EUR,2019-07-01,64.9,65.1,64.61,64.67,2539,19,64.936
IE00BCBJG560,139185348,ZPRS,EUR,2019-07-02,65.18,65.18,64.6,64.6,7165,30,64.823
IE00BCBJG560,139185348,ZPRS,EUR,2019-07-03,65.0,65.35,64.96,65.29,2643,13,65.227
IE00BCBJG560,139185348,ZPRS,EUR,2019-07-04,65.35,65.64,65.3,65.31,5972,25,65.488
IE00BCBJG560,139185348,ZPRS,EUR,2019-07-05,65.67,65.67,65.2,65.4,5371,18,65.3895
IE00BCBJG560,139185348,ZPRS,EUR,2019-07-08,65.5,65.55,64.91,65.02,3967,27,65.385
IE00BCBJG560,139185348,ZPRS,EUR,2019-07-09,65.01,65.01,64.61,64.88,7436,20,64.8435
IE00BCBJG560,139185348,ZPRS,EUR,2019-07-10,64.78,65.26,64.75,64.81,4030,15,64.9575
IE00BCBJG560,139185348,ZPRS,EUR,2019-07-11,65.2,65.2,64.71,64.73,7443,26,64.9775
IE00BCBJG560,139185348,ZPRS,EUR,2019-07-12,65.04,65.13,64.85,65.03,2592,11,65.028
IE00BCBJG560,139185348,ZPRS,EUR,2019-07-15,65.48,65.5,65.02,65.02,4063,24,65.2805
IE00BCBJG560,139185348,ZPRS,EUR,2019-07-16,65.36,65.41,64.99,65.07,1750,12,65.3285
IE00BCBJG560,139185348,ZPRS,EUR,2019-07-17,65.02,65.2,64.73,64.73,1513,6,65.0885
IE00BCBJG560,139185348,ZPRS,EUR,2019-07-18,64.45,64.68,64.3,64.56,1244,10,64.457
IE00BCBJG560,139185348,ZPRS,EUR,2019-07-19,65.12,65.12,64.77,64.81,1182,14,64.873
IE00BCBJG560,139185348,ZPRS,EUR,2019-07-22,64.82,64.92,64.52,64.67,11065,29,64.7605
IE00BCBJG560,139185348,ZPRS,EUR,2019-07-23,65.04,65.4,64.99,65.4,2561,16,65.124
IE00BCBJG560,139185348,ZPRS,EUR,2019-07-24,65.7,66.19,65.44,66.19,2252,10,65.629
IE00BCBJG560,139185348,ZPRS,EUR,2019-07-25,66.5,66.5,65.54,65.54,3520,12,66.357
IE00BCBJG560,139185348,ZPRS,EUR,2019-07-26,65.73,66.18,65.71,66.15,2427,11,65.807
IE00BCBJG560,139185348,ZPRS,EUR,2019-07-29,66.3,66.33,65.73,65.73,818,15,66.1555
IE00BCBJG560,139185348,ZPRS,EUR,2019-07-30,66.16,66.16,65.14,65.59,2099,14,65.5685
IE00BCBJG560,139185348,ZPRS,EUR,2019-07-31,66.13,66.24,65.83,66.01,1339,15,66.0235
IE00BCBJG560,139185348,ZPRS,EUR,2019-08-01,65.92,66.44,65.11,65.11,5191,18,66.183
IE00BCBJG560,139185348,ZPRS,EUR,2019-08-02,65.04,65.04,64.23,64.23,3987,23,64.562
IE00BCBJG560,139185348,ZPRS,EUR,2019-08-05,64.13,64.13,62.2,62.2,8936,36,62.998
IE00BCBJG560,139185348,ZPRS,EUR,2019-08-06,62.49,62.78,62.15,62.76,3786,20,62.5
IE00BCBJG560,139185348,ZPRS,EUR,2019-08-07,62.48,63.03,61.93,62.8,6884,21,62.6365
IE00BCBJG560,139185348,ZPRS,EUR,2019-08-08,63.17,63.98,62.86,63.98,3287,14,63.179
IE00BCBJG560,139185348,ZPRS,EUR,2019-08-09,63.84,63.93,63.37,63.37,5763,16,63.756
IE00BCBJG560,139185348,ZPRS,EUR,2019-08-12,63.69,63.69,62.39,62.39,1443,15,63.29
IE00BCBJG560,139185348,ZPRS,EUR,2019-08-13,62.42,63.46,62.13,63.23,2704,21,62.871
IE00BCBJG560,139185348,ZPRS,EUR,2019-08-14,63.24,63.24,61.75,61.75,1423,15,62.451
IE00BCBJG560,139185348,ZPRS,EUR,2019-08-15,62.6,62.6,61.27,61.82,9127,32,61.982
IE00BCBJG560,139185348,ZPRS,EUR,2019-08-16,62.35,62.88,62.19,62.88,2713,11,62.3835
IE00BCBJG560,139185348,ZPRS,EUR,2019-08-19,63.61,63.7,63.21,63.48,1802,20,63.3585
IE00BCBJG560,139185348,ZPRS,EUR,2019-08-20,63.86,63.86,63.07,63.07,3190,14,63.666
IE00BCBJG560,139185348,ZPRS,EUR,2019-08-21,63.64,63.71,63.38,63.63,3065,12,63.5925
IE00BCBJG560,139185348,ZPRS,EUR,2019-08-22,63.9,64.08,63.52,63.68,2510,13,63.738
IE00BCBJG560,139185348,ZPRS,EUR,2019-08-23,64.1,64.13,61.85,61.85,3264,18,63.7975
IE00BCBJG560,139185348,ZPRS,EUR,2019-08-26,62.45,63.24,62.45,62.68,5262,22,62.7155
IE00BCBJG560,139185348,ZPRS,EUR,2019-08-27,62.6,63.17,62.56,62.56,2700,21,62.8005
IE00BCBJG560,139185348,ZPRS,EUR,2019-08-28,62.52,62.8,62.35,62.79,1905,10,62.45
IE00BCBJG560,139185348,ZPRS,EUR,2019-08-29,63.13,63.7,63.13,63.65,5172,12,63.594
IE00BCBJG560,139185348,ZPRS,EUR,2019-08-30,64.26,64.26,64.05,64.15,3074,16,64.182
IE00BCBJG560,139185348,ZPRS,EUR,2019-09-02,64.32,64.4,63.66,63.66,2556,22,64.166
IE00BCBJG560,139185348,ZPRS,EUR,2019-09-03,63.86,64.11,63.57,63.59,7802,23,63.8315
IE00BCBJG560,139185348,ZPRS,EUR,2019-09-04,63.86,64.28,63.86,63.98,2737,15,64.1305
IE00BCBJG560,139185348,ZPRS,EUR,2019-09-05,64.57,64.98,64.28,64.7,7777,23,64.5825
IE00BCBJG560,139185348,ZPRS,EUR,2019-09-06,65.07,65.11,64.78,64.81,910,13,65.004
IE00BCBJG560,139185348,ZPRS,EUR,2019-09-09,65.17,65.17,64.83,64.86,3333,21,64.9455
IE00BCBJG560,139185348,ZPRS,EUR,2019-09-10,64.76,65.09,64.63,65.09,1655,18,64.8405
IE00BCBJG560,139185348,ZPRS,EUR,2019-09-11,65.07,66.18,65.07,66.18,1963,15,65.873
IE00BCBJG560,139185348,ZPRS,EUR,2019-09-12,66.53,66.82,65.9,66.08,4501,29,66.4265
IE00BCBJG560,139185348,ZPRS,EUR,2019-09-13,66.15,66.47,66.15,66.26,10203,35,66.325
IE00BCBJG560,139185348,ZPRS,EUR,2019-09-16,66.29,66.82,65.8,66.64,8222,28,66.0745
IE00BCBJG560,139185348,ZPRS,EUR,2019-09-17,66.64,66.69,66.38,66.38,967,13,66.557
IE00BCBJG560,139185348,ZPRS,EUR,2019-09-18,66.52,66.6,66.09,66.36,4047,18,66.409
IE00BCBJG560,139185348,ZPRS,EUR,2019-09-19,66.19,66.78,66.15,66.33,2216,14,66.5405
IE00BCBJG560,139185348,ZPRS,EUR,2019-09-20,66.49,66.77,66.4,66.4,2433,15,66.6125
IE00BCBJG560,139185348,ZPRS,EUR,2019-09-23,66.81,66.81,66.21,66.46,3425,16,66.333
IE00BCBJG560,139185348,ZPRS,EUR,2019-09-24,66.94,66.94,65.76,65.76,1914,19,66.588
IE00BCBJG560,139185348,ZPRS,EUR,2019-09-25,65.78,66.5,65.45,66.5,2002,18,65.778
IE00BCBJG560,139185348,ZPRS,EUR,2019-09-26,66.1,66.75,66.1,66.33,4199,14,66.662
IE00BCBJG560,139185348,ZPRS,EUR,2019-09-27,66.21,66.49,65.64,65.64,9870,28,66.382
IE00BCBJG560,139185348,ZPRS,EUR,2019-09-30,66.11,66.29,65.91,66.01,4573,18,66.23
IE00BCBJG560,139185348,ZPRS,EUR,2019-10-01,66.52,66.52,65.12,65.12,5244,19,66.3145
IE00BCBJG560,139185348,ZPRS,EUR,2019-10-02,65.4,65.4,64.23,64.23,4543,17,64.7055
IE00BCBJG560,139185348,ZPRS,EUR,2019-10-04,64.2,64.95,64.14,64.93,4416,29,64.41
IE00BCBJG560,139185348,ZPRS,EUR,2019-10-07,64.96,64.99,64.62,64.91,2080,11,64.851
IE00BCBJG560,139185348,ZPRS,EUR,2019-10-08,65.0,65.02,64.19,64.19,2052,18,64.575
IE00BCBJG560,139185348,ZPRS,EUR,2019-10-09,64.08,64.69,64.08,64.5,2491,18,64.466
IE00BCBJG560,139185348,ZPRS,EUR,2019-10-10,64.47,64.81,64.03,64.53,1050,13,64.5505
IE00BCBJG560,139185348,ZPRS,EUR,2019-10-11,64.76,65.47,64.76,65.47,976,10,65.086
IE00BCBJG560,139185348,ZPRS,EUR,2019-10-14,65.68,65.68,65.16,65.31,4555,22,65.3825
IE00BCBJG560,139185348,ZPRS,EUR,2019-10-15,65.61,66.3,65.54,65.96,4656,21,65.839
IE00BCBJG560,139185348,ZPRS,EUR,2019-10-16,65.81,66.0,65.56,65.66,3967,17,65.8465
IE00BCBJG560,139185348,ZPRS,EUR,2019-10-17,65.64,65.93,65.46,65.83,1739,17,65.759
IE00BCBJG560,139185348,ZPRS,EUR,2019-10-18,65.93,66.01,65.42,65.53,9367,24,65.768
IE00BCBJG560,139185348,ZPRS,EUR,2019-10-21,65.82,66.32,65.62,65.96,5330,27,66.052
IE00BCBJG560,139185348,ZPRS,EUR,2019-10-22,66.28,66.35,65.99,65.99,4702,20,66.191
IE00BCBJG560,139185348,ZPRS,EUR,2019-10-23,66.07,66.27,65.94,66.15,2300,21,66.117
IE00BCBJG560,139185348,ZPRS,EUR,2019-10-24,66.35,66.4,66.23,66.28,1031,13,66.372
IE00BCBJG560,139185348,ZPRS,EUR,2019-10-25,66.58,66.87,66.25,66.7,3699,23,66.3875
IE00BCBJG560,139185348,ZPRS,EUR,2019-10-28,66.88,67.26,66.75,66.98,1698,17,66.936
IE00BCBJG560,139185348,ZPRS,EUR,2019-10-29,67.28,67.28,66.86,66.94,1711,17,67.0335
IE00BCBJG560,139185348,ZPRS,EUR,2019-10-30,67.12,67.23,66.7,66.75,4204,16,66.9095
IE00BCBJG560,139185348,ZPRS,EUR,2019-10-31,66.99,66.99,66.26,66.31,2564,19,66.597
IE00BCBJG560,139185348,ZPRS,EUR,2019-11-01,66.57,67.33,66.57,67.31,2664,25,67.0795
IE00BCBJG560,139185348,ZPRS,EUR,2019-11-04,67.85,67.88,67.52,67.73,3125,24,67.7395
IE00BCBJG560,139185348,ZPRS,EUR,2019-11-05,68.05,68.39,67.77,68.21,1826,20,68.1185
IE00BCBJG560,139185348,ZPRS,EUR,2019-11-06,68.14,68.25,67.9,68.04,11511,29,68.105
IE00BCBJG560,139185348,ZPRS,EUR,2019-11-07,68.03,68.74,68.03,68.61,10132,26,68.6
IE00BCBJG560,139185348,ZPRS,EUR,2019-11-08,68.41,68.6,68.18,68.59,9224,30,68.3965
IE00BCBJG560,139185348,ZPRS,EUR,2019-11-11,68.53,68.63,68.12,68.4,10462,29,68.3315
IE00BCBJG560,139185348,ZPRS,EUR,2019-11-12,68.73,68.87,68.46,68.87,2795,16,68.7235
IE00BCBJG560,139185348,ZPRS,EUR,2019-11-13,68.6,68.6,68.0,68.48,4276,27,68.21
IE00BCBJG560,139185348,ZPRS,EUR,2019-11-14,68.49,68.64,68.25,68.59,2786,16,68.5355
IE00BCBJG560,139185348,ZPRS,EUR,2019-11-15,68.98,68.98,68.51,68.83,3511,19,68.763
IE00BCBJG560,139185348,ZPRS,EUR,2019-11-18,68.96,68.98,68.31,68.63,7145,29,68.6365
IE00BCBJG560,139185348,ZPRS,EUR,2019-11-19,68.93,68.94,68.39,68.61,3296,24,68.7885
IE00BCBJG560,139185348,ZPRS,EUR,2019-11-20,68.61,68.8,68.2,68.72,4330,16,68.6745
IE00BCBJG560,139185348,ZPRS,EUR,2019-11-21,68.3,68.6,68.03,68.12,3148,13,68.291
IE00BCBJG560,139185348,ZPRS,EUR,2019-11-22,68.46,68.52,68.26,68.36,3352,14,68.443
IE00BCBJG560,139185348,ZPRS,EUR,2019-11-25,69.0,69.44,68.76,69.33,2344,18,69.1935
IE00BCBJG560,139185348,ZPRS,EUR,2019-11-26,69.13,69.66,69.13,69.66,14328,26,69.389
IE00BCBJG560,139185348,ZPRS,EUR,2019-11-27,69.6,69.99,69.6,69.87,1892,12,69.939
IE00BCBJG560,139185348,ZPRS,EUR,2019-11-28,70.06,70.06,69.71,69.99,1884,18,69.924
IE00BCBJG560,139185348,ZPRS,EUR,2019-11-29,69.95,70.05,69.66,69.66,1762,13,69.9175
IE00BCBJG560,139185348,ZPRS,EUR,2019-12-02,69.97,69.97,68.58,68.58,6697,29,69.5855
IE00BCBJG560,139185348,ZPRS,EUR,2019-12-03,68.98,68.98,67.9,68.13,4034,31,68.6915
IE00BCBJG560,139185348,ZPRS,EUR,2019-12-04,68.84,69.2,68.46,69.03,7273,44,68.773
IE00BCBJG560,139185348,ZPRS,EUR,2019-12-05,69.41,69.41,68.93,68.93,5123,23,69.142
IE00BCBJG560,139185348,ZPRS,EUR,2019-12-06,69.41,70.07,69.21,70.02,1742,15,69.8145
IE00BCBJG560,139185348,ZPRS,EUR,2019-12-09,70.02,70.02,69.42,69.6,5342,30,69.7045
IE00BCBJG560,139185348,ZPRS,EUR,2019-12-10,69.49,69.61,69.08,69.26,3668,16,69.5065
IE00BCBJG560,139185348,ZPRS,EUR,2019-12-11,69.7,69.7,69.24,69.31,3884,21,69.493
IE00BCBJG560,139185348,ZPRS,EUR,2019-12-12,69.49,69.89,69.0,69.6,8397,21,69.6035
IE00BCBJG560,139185348,ZPRS,EUR,2019-12-13,69.69,70.27,69.67,69.67,12315,27,69.931
IE00BCBJG560,139185348,ZPRS,EUR,2019-12-16,70.2,70.7,69.96,70.45,5212,27,70.2775
IE00BCBJG560,139185348,ZPRS,EUR,2019-12-17,70.46,70.46,69.82,70.08,12602,28,70.105
IE00BCBJG560,139185348,ZPRS,EUR,2019-12-18,70.18,70.44,70.06,70.31,6917,25,70.214
IE00BCBJG560,139185348,ZPRS,EUR,2019-12-19,70.65,70.65,70.22,70.3,6440,25,70.3275
IE00BCBJG560,139185348,ZPRS,EUR,2019-12-20,70.89,71.25,70.56,71.12,7810,30,70.9215
IE00BCBJG560,139185348,ZPRS,EUR,2019-12-23,71.43,71.43,70.85,70.97,12460,33,71.0745
IE00BCBJG560,139185348,ZPRS,EUR,2019-12-27,71.48,71.5,70.96,71.05,3849,24,71.279
IE00BCBJG560,139185348,ZPRS,EUR,2019-12-30,71.13,71.13,70.54,70.56,3072,26,70.704
IE00BCBJG560,139185348,ZPRS,EUR,2020-01-02,71.16,71.39,70.72,70.72,10779,60,71.063
IE00BCBJG560,139185348,ZPRS,EUR,2020-01-03,70.72,70.86,70.28,70.69,9723,39,70.7
IE00BCBJG560,139185348,ZPRS,EUR,2020-01-06,70.94,70.94,70.0,70.46,2242,23,70.354
IE00BCBJG560,139185348,ZPRS,EUR,2020-01-07,71.19,71.19,70.7,70.86,3644,23,70.8525
IE00BCBJG560,139185348,ZPRS,EUR,2020-01-08,70.81,71.2,70.32,70.99,3742,24,70.9155
IE00BCBJG560,139185348,ZPRS,EUR,2020-01-09,71.06,71.42,71.05,71.24,3626,13,71.281
IE00BCBJG560,139185348,ZPRS,EUR,2020-01-10,71.6,71.6,71.13,71.13,3924,26,71.348
IE00BCBJG560,139185348,ZPRS,EUR,2020-01-13,71.27,71.3,70.8,70.8,4057,30,71.07
IE00BCBJG560,139185348,ZPRS,EUR,2020-01-14,71.24,71.29,70.78,71.29,7514,34,71.067
IE00BCBJG560,139185348,ZPRS,EUR,2020-01-15,71.57,71.72,71.13,71.63,6692,32,71.378
IE00BCBJG560,139185348,ZPRS,EUR,2020-01-16,71.84,71.92,71.51,71.83,2695,21,71.7305
IE00BCBJG560,139185348,ZPRS,EUR,2020-01-17,72.09,72.56,72.09,72.17,2503,16,72.355
IE00BCBJG560,139185348,ZPRS,EUR,2020-01-20,72.52,72.52,71.98,72.26,5764,24,72.1845
IE00BCBJG560,139185348,ZPRS,EUR,2020-01-21,72.17,72.17,71.77,72.12,4040,19,71.937
IE00BCBJG560,139185348,ZPRS,EUR,2020-01-22,72.35,72.35,71.87,72.05,3073,22,72.201
IE00BCBJG560,139185348,ZPRS,EUR,2020-01-23,71.75,71.91,71.33,71.76,4576,33,71.6605
IE00BCBJG560,139185348,ZPRS,EUR,2020-01-24,72.24,72.46,71.87,71.87,3007,18,72.2575
IE00BCBJG560,139185348,ZPRS,EUR,2020-01-27,71.32,71.32,70.24,70.58,4864,37,70.628
IE00BCBJG560,139185348,ZPRS,EUR,2020-01-28,70.49,71.15,70.36,71.12,7880,28,70.925
IE00BCBJG560,139185348,ZPRS,EUR,2020-01-29,71.3,71.39,70.99,71.22,4971,32,71.279
IE00BCBJG560,139185348,ZPRS,EUR,2020-01-30,70.35,70.58,70.16,70.33,3052,18,70.4375
IE00BCBJG560,139185348,ZPRS,EUR,2020-01-31,70.36,70.63,68.87,69.32,2182,29,70.176
IE00BCBJG560,139185348,ZPRS,EUR,2020-02-03,69.19,70.08,69.19,69.75,5249,33,69.83
IE00BCBJG560,139185348,ZPRS,EUR,2020-02-04,70.52,71.26,70.41,71.26,3769,33,70.7955
IE00BCBJG560,139185348,ZPRS,EUR,2020-02-05,71.16,72.01,70.98,72.01,9487,29,71.6655
IE00BCBJG560,139185348,ZPRS,EUR,2020-02-06,72.2,72.37,71.94,71.94,6559,32,72.1975
IE00BCBJG560,139185348,ZPRS,EUR,2020-02-07,71.74,72.08,71.52,71.93,3907,31,71.752
IE00BCBJG560,139185348,ZPRS,EUR,2020-02-10,71.41,71.92,71.38,71.84,2557,18,71.637
IE00BCBJG560,139185348,ZPRS,EUR,2020-02-11,72.31,72.77,72.02,72.69,3663,26,72.5295
IE00BCBJG560,139185348,ZPRS,EUR,2020-02-12,72.69,73.04,72.68,72.99,2910,28,72.9245
IE00BCBJG560,139185348,ZPRS,EUR,2020-02-13,72.59,73.42,72.59,73.41,1190,14,72.987
IE00BCBJG560,139185348,ZPRS,EUR,2020-02-14,73.38,73.67,73.33,73.47,6293,32,73.5135
IE00BCBJG560,139185348,ZPRS,EUR,2020-02-17,73.31,73.57,73.31,73.56,5118,25,73.5035
IE00BCBJG560,139185348,ZPRS,EUR,2020-02-18,73.14,73.48,72.87,73.13,9628,37,73.308
IE00BCBJG560,139185348,ZPRS,EUR,2020-02-19,73.87,73.87,73.36,73.8,1983,18,73.495
IE00BCBJG560,139185348,ZPRS,EUR,2020-02-20,73.78,73.78,73.12,73.12,5853,26,73.5745
IE00BCBJG560,139185348,ZPRS,EUR,2020-02-21,72.81,73.34,72.41,72.75,5245,34,72.9055
IE00BCBJG560,139185348,ZPRS,EUR,2020-02-24,71.4,71.4,70.07,70.27,6892,35,70.589
IE00BCBJG560,139185348,ZPRS,EUR,2020-02-25,70.99,70.99,68.85,69.06,4198,23,70.4165
IE00BCBJG560,139185348,ZPRS,EUR,2020-02-26,68.41,68.73,67.26,68.4,7145,38,67.801
IE00BCBJG560,139185348,ZPRS,EUR,2020-02-27,67.16,67.16,64.5,65.53,8369,52,65.6105
IE00BCBJG560,139185348,ZPRS,EUR,2020-02-28,63.42,63.69,62.3,63.22,16510,73,62.981
IE00BCBJG560,139185348,ZPRS,EUR,2020-03-02,64.52,64.67,62.0,63.45,17205,77,63.061
IE00BCBJG560,139185348,ZPRS,EUR,2020-03-03,64.46,65.1,63.82,63.82,13851,74,64.5745
IE00BCBJG560,139185348,ZPRS,EUR,2020-03-04,64.02,64.79,63.84,64.31,12576,42,64.272
IE00BCBJG560,139185348,ZPRS,EUR,2020-03-05,64.72,64.72,63.0,63.46,9181,36,63.6415
IE00BCBJG560,139185348,ZPRS,EUR,2020-03-06,62.12,62.12,59.79,60.82,9915,55,60.7845
IE00BCBJG560,139185348,ZPRS,EUR,2020-03-09,56.03,58.28,55.36,56.01,21272,77,56.5665
IE00BCBJG560,139185348,ZPRS,EUR,2020-03-10,56.29,58.07,55.13,55.33,12305,61,56.6765
IE00BCBJG560,139185348,ZPRS,EUR,2020-03-11,56.21,56.23,54.8,54.88,7838,45,55.5705
IE00BCBJG560,139185348,ZPRS,EUR,2020-03-12,53.71,53.71,45.8,49.91,10391,63,50.9125
IE00BCBJG560,139185348,ZPRS,EUR,2020-03-13,50.78,51.97,47.85,49.255,18681,74,49.63
IE00BCBJG560,139185348,ZPRS,EUR,2020-03-16,49.05,49.05,44.81,46.88,16617,82,46.1435
IE00BCBJG560,139185348,ZPRS,EUR,2020-03-17,47.27,47.65,44.2,47.12,25887,97,45.923
IE00BCBJG560,139185348,ZPRS,EUR,2020-03-18,44.485,45.86,44.29,44.56,11847,47,45.182
IE00BCBJG560,139185348,ZPRS,EUR,2020-03-19,44.42,47.38,43.2,45.365,11200,52,44.415
IE00BCBJG560,139185348,ZPRS,EUR,2020-03-20,47.675,49.08,46.51,46.95,8973,48,47.5155
IE00BCBJG560,139185348,ZPRS,EUR,2020-03-23,44.805,46.66,43.65,44.12,18537,93,44.5655
IE00BCBJG560,139185348,ZPRS,EUR,2020-03-24,46.475,47.99,46.04,47.865,12289,47,46.739
IE00BCBJG560,139185348,ZPRS,EUR,2020-03-25,49.545,50.15,47.61,49.27,16532,65,49.0055
IE00BCBJG560,139185348,ZPRS,EUR,2020-03-26,48.275,51.17,47.94,51.09,12943,53,49.529
IE00BCBJG560,139185348,ZPRS,EUR,2020-03-27,51.86,51.86,49.14,49.615,9796,36,49.798
IE00BCBJG560,139185348,ZPRS,EUR,2020-03-30,50.11,50.17,48.525,50.05,21842,81,49.732
IE00BCBJG560,139185348,ZPRS,EUR,2020-03-31,51.57,51.57,50.25,50.91,38427,66,50.8575
IE00BCBJG560,139185348,ZPRS,EUR,2020-04-01,48.725,49.4,48.545,49.09,22251,58,48.9625
IE00BCBJG560,139185348,ZPRS,EUR,2020-04-02,48.785,49.53,48.1,48.935,11632,28,48.7465
IE00BCBJG560,139185348,ZPRS,EUR,2020-04-03,48.69,49.0,47.905,48.085,6682,38,48.616
IE00BCBJG560,139185348,ZPRS,EUR,2020-04-06,50.54,51.58,49.255,50.38,20032,63,49.989
IE00BCBJG560,139185348,ZPRS,EUR,2020-04-07,51.88,52.82,51.5,52.24,9453,53,52.219
IE00BCBJG560,139185348,ZPRS,EUR,2020-04-08,51.3,53.65,50.8,52.54,29568,69,51.502
IE00BCBJG560,139185348,ZPRS,EUR,2020-04-09,53.58,54.99,52.99,54.5,21183,55,53.968
IE00BCBJG560,139185348,ZPRS,EUR,2020-04-14,56.59,56.59,54.0,54.16,42134,64,54.6105
IE00BCBJG560,139185348,ZPRS,EUR,2020-04-15,54.35,54.35,52.35,52.77,14051,73,53.3235
IE00BCBJG560,139185348,ZPRS,EUR,2020-04-16,53.5,53.5,52.46,52.63,7542,31,52.9675
IE00BCBJG560,139185348,ZPRS,EUR,2020-04-17,54.82,54.98,54.0,54.08,10778,38,54.414
IE00BCBJG560,139185348,ZPRS,EUR,2020-04-20,54.8,55.45,53.57,54.78,16843,43,54.4795
IE00BCBJG560,139185348,ZPRS,EUR,2020-04-21,53.7,54.18,52.59,52.59,6602,37,53.1445
IE00BCBJG560,139185348,ZPRS,EUR,2020-04-22,53.45,54.02,52.91,53.62,8065,27,53.336
IE00BCBJG560,139185348,ZPRS,EUR,2020-04-23,54.21,54.99,53.68,54.65,8449,22,54.6035
IE00BCBJG560,139185348,ZPRS,EUR,2020-04-24,54.44,54.69,54.06,54.38,12169,27,54.4005
IE00BCBJG560,139185348,ZPRS,EUR,2020-04-27,55.38,56.1,55.27,56.03,13119,38,55.5585
IE00BCBJG560,139185348,ZPRS,EUR,2020-04-28,56.62,57.62,56.29,57.1,16356,49,57.149
IE00BCBJG560,139185348,ZPRS,EUR,2020-04-29,57.67,59.13,57.38,58.89,5322,27,58.085
IE00BCBJG560,139185348,ZPRS,EUR,2020-04-30,59.32,59.32,57.52,57.71,34700,73,58.6205
IE00BCBJG560,139185348,ZPRS,EUR,2020-05-04,55.25,55.49,54.6,55.24,22447,52,54.966
IE00BCBJG560,139185348,ZPRS,EUR,2020-05-05,56.22,57.21,56.22,57.16,6806,29,56.629
IE00BCBJG560,139185348,ZPRS,EUR,2020-05-06,57.03,57.17,56.47,56.47,10386,30,56.9355
IE00BCBJG560,139185348,ZPRS,EUR,2020-05-07,57.04,57.56,56.95,57.41,6762,19,57.4305
IE00BCBJG560,139185348,ZPRS,EUR,2020-05-08,58.39,58.39,57.86,58.31,11569,30,58.0505
IE00BCBJG560,139185348,ZPRS,EUR,2020-05-11,58.96,59.19,58.18,58.34,28533,66,58.804
IE00BCBJG560,139185348,ZPRS,EUR,2020-05-12,58.07,58.76,57.83,57.95,9260,34,58.1705
IE00BCBJG560,139185348,ZPRS,EUR,2020-05-13,57.13,57.13,55.81,55.81,13814,43,56.6225
IE00BCBJG560,139185348,ZPRS,EUR,2020-05-14,55.48,55.48,53.8,55.21,18605,55,54.6325
IE00BCBJG560,139185348,ZPRS,EUR,2020-05-15,56.24,56.24,55.26,55.84,6545,37,55.8425
IE00BCBJG560,139185348,ZPRS,EUR,2020-05-18,56.79,58.42,56.79,58.32,5436,29,57.889
IE00BCBJG560,139185348,ZPRS,EUR,2020-05-19,57.6,58.24,57.45,58.24,3157,15,57.796
IE00BCBJG560,139185348,ZPRS,EUR,2020-05-20,58.13,58.91,58.13,58.91,11967,27,58.405
IE00BCBJG560,139185348,ZPRS,EUR,2020-05-21,57.83,58.67,57.83,58.34,5747,12,58.2135
IE00BCBJG560,139185348,ZPRS,EUR,2020-05-22,58.25,58.91,57.7,58.91,3139,20,58.536
IE00BCBJG560,139185348,ZPRS,EUR,2020-05-25,58.91,60.07,58.91,60.07,13520,36,59.655
IE00BCBJG560,139185348,ZPRS,EUR,2020-05-26,60.63,60.86,60.25,60.49,8987,35,60.6035
IE00BCBJG560,139185348,ZPRS,EUR,2020-05-27,61.13,61.59,60.0,60.63,7044,29,60.9375
IE00BCBJG560,139185348,ZPRS,EUR,2020-05-28,61.55,62.0,61.35,61.54,6924,33,61.691
IE00BCBJG560,139185348,ZPRS,EUR,2020-05-29,60.49,60.59,59.93,59.99,6231,21,60.258
IE00BCBJG560,139185348,ZPRS,EUR,2020-06-02,61.45,61.94,61.15,61.44,14477,54,61.5345
IE00BCBJG560,139185348,ZPRS,EUR,2020-06-03,62.05,62.8,61.75,62.8,11859,37,61.9495
IE00BCBJG560,139185348,ZPRS,EUR,2020-06-04,62.65,62.65,61.89,62.13,6562,35,62.3435
IE00BCBJG560,139185348,ZPRS,EUR,2020-06-05,62.9,64.67,62.72,64.67,14161,58,63.6375
IE00BCBJG560,139185348,ZPRS,EUR,2020-06-08,64.36,64.99,63.87,64.75,7651,24,64.346
IE00BCBJG560,139185348,ZPRS,EUR,2020-06-09,65.03,65.28,63.45,63.45,3851,32,63.988
IE00BCBJG560,139185348,ZPRS,EUR,2020-06-10,64.3,64.42,62.62,62.8,3931,26,63.4945
IE00BCBJG560,139185348,ZPRS,EUR,2020-06-11,61.28,61.28,58.64,59.92,19035,69,60.6295
IE00BCBJG560,139185348,ZPRS,EUR,2020-06-12,59.58,60.78,59.58,60.21,5163,23,60.237
IE00BCBJG560,139185348,ZPRS,EUR,2020-06-15,58.75,59.95,58.26,59.94,27930,71,58.7405
IE00BCBJG560,139185348,ZPRS,EUR,2020-06-16,61.34,62.84,61.34,62.11,7536,46,62.08
IE00BCBJG560,139185348,ZPRS,EUR,2020-06-17,62.41,62.91,62.08,62.32,2218,17,62.5825
IE00BCBJG560,139185348,ZPRS,EUR,2020-06-18,62.06,62.06,61.2,61.91,4104,13,61.781
IE00BCBJG560,139185348,ZPRS,EUR,2020-06-19,62.06,62.46,61.93,62.23,2265,13,62.1295
IE00BCBJG560,139185348,ZPRS,EUR,2020-06-22,61.36,61.78,60.97,61.62,5562,28,61.5115
IE00BCBJG560,139185348,ZPRS,EUR,2020-06-23,61.66,62.22,61.49,61.71,9226,31,61.923
IE00BCBJG560,139185348,ZPRS,EUR,2020-06-24,61.8,61.85,59.89,60.29,3675,31,60.825
IE00BCBJG560,139185348,ZPRS,EUR,2020-06-25,60.3,60.5,59.93,60.22,6076,21,60.3245
IE00BCBJG560,139185348,ZPRS,EUR,2020-06-26,61.18,61.18,60.0,60.16,3533,19,60.285
IE00BCBJG560,139185348,ZPRS,EUR,2020-06-29,59.52,60.71,59.48,60.71,1193,19,60.359
IE00BCBJG560,139185348,ZPRS,EUR,2020-06-30,61.22,61.22,60.67,60.67,4075,16,60.8215
IE00BCBJG560,139185348,ZPRS,EUR,2020-07-01,62.39,62.39,60.53,60.9,5506,26,61.585
IE00BCBJG560,139185348,ZPRS,EUR,2020-07-02,61.39,62.04,61.05,61.59,2508,18,61.278
IE00BCBJG560,139185348,ZPRS,EUR,2020-07-03,61.95,61.95,60.87,61.41,2073,21,61.274
IE00BCBJG560,139185348,ZPRS,EUR,2020-07-06,62.64,62.64,61.77,61.8,5083,34,62.15
IE00BCBJG560,139185348,ZPRS,EUR,2020-07-07,61.94,61.94,61.15,61.65,3110,26,61.4905
IE00BCBJG560,139185348,ZPRS,EUR,2020-07-08,60.75,61.42,60.75,61.07,3127,20,61.1365
IE00BCBJG560,139185348,ZPRS,EUR,2020-07-09,60.81,61.26,59.65,60.0,1391,17,60.733
IE00BCBJG560,139185348,ZPRS,EUR,2020-07-10,60.26,60.87,60.15,60.87,3295,16,60.3055
IE00BCBJG560,139185348,ZPRS,EUR,2020-07-13,61.41,61.58,60.89,61.1,9123,28,61.2315
IE00BCBJG560,139185348,ZPRS,EUR,2020-07-14,60.5,60.53,59.56,60.53,7612,28,60.102
IE00BCBJG560,139185348,ZPRS,EUR,2020-07-15,60.95,62.07,60.91,62.07,7256,32,61.7525
IE00BCBJG560,139185348,ZPRS,EUR,2020-07-16,62.06,62.19,61.46,61.46,3254,21,61.751
IE00BCBJG560,139185348,ZPRS,EUR,2020-07-17,62.14,62.14,61.51,61.98,4701,18,61.898
IE00BCBJG560,139185348,ZPRS,EUR,2020-07-20,61.81,62.12,61.26,62.12,3542,14,61.8805
IE00BCBJG560,139185348,ZPRS,EUR,2020-07-21,62.45,62.8,62.17,62.42,6834,47,62.535
IE00BCBJG560,139185348,ZPRS,EUR,2020-07-22,62.51,62.51,61.56,62.17,2890,21,62.157
IE00BCBJG560,139185348,ZPRS,EUR,2020-07-23,62.76,62.76,61.99,62.46,3947,45,62.2905
IE00BCBJG560,139185348,ZPRS,EUR,2020-07-24,61.05,61.91,61.01,61.01,11089,19,61.101
IE00BCBJG560,139185348,ZPRS,EUR,2020-07-27,60.75,61.29,60.51,60.51,2834,21,60.74
IE00BCBJG560,139185348,ZPRS,EUR,2020-07-28,60.99,61.55,60.93,61.11,12018,27,61.1955
IE00BCBJG560,139185348,ZPRS,EUR,2020-07-29,60.88,61.57,60.88,61.57,2210,13,61.2915
IE00BCBJG560,139185348,ZPRS,EUR,2020-07-30,61.67,61.67,60.48,61.12,4260,19,60.7825
IE00BCBJG560,139185348,ZPRS,EUR,2020-07-31,60.71,60.9,59.88,59.88,1891,21,60.566
IE00BCBJG560,139185348,ZPRS,EUR,2020-08-03,61.02,61.64,60.48,61.64,12492,127,61.2675
IE00BCBJG560,139185348,ZPRS,EUR,2020-08-04,61.72,61.95,61.3,61.73,2322,19,61.6095
IE00BCBJG560,139185348,ZPRS,EUR,2020-08-05,62.04,62.52,62.04,62.52,6043,21,62.3825
IE00BCBJG560,139185348,ZPRS,EUR,2020-08-06,62.77,62.77,62.13,62.54,3639,19,62.4905
IE00BCBJG560,139185348,ZPRS,EUR,2020-08-07,62.27,63.0,62.22,62.8,4869,18,62.7155
IE00BCBJG560,139185348,ZPRS,EUR,2020-08-10,63.4,63.51,62.92,63.51,5218,46,63.412
IE00BCBJG560,139185348,ZPRS,EUR,2020-08-11,64.02,64.3,63.78,64.07,1713,16,64.143
IE00BCBJG560,139185348,ZPRS,EUR,2020-08-12,64.19,64.19,63.7,63.93,5460,21,63.9355
IE00BCBJG560,139185348,ZPRS,EUR,2020-08-13,63.34,63.89,63.34,63.62,7896,33,63.519
IE00BCBJG560,139185348,ZPRS,EUR,2020-08-14,63.93,63.93,63.05,63.58,1519,15,63.414
IE00BCBJG560,139185348,ZPRS,EUR,2020-08-17,63.66,63.73,63.33,63.64,1245,15,63.5835
IE00BCBJG560,139185348,ZPRS,EUR,2020-08-18,63.59,63.63,62.91,63.23,907,10,63.353
IE00BCBJG560,139185348,ZPRS,EUR,2020-08-19,62.91,63.34,62.67,63.34,3722,17,63.104
IE00BCBJG560,139185348,ZPRS,EUR,2020-08-20,62.5,63.12,62.5,62.74,6220,16,62.865
IE00BCBJG560,139185348,ZPRS,EUR,2020-08-21,62.95,63.29,62.77,63.15,4572,28,62.9395
IE00BCBJG560,139185348,ZPRS,EUR,2020-08-24,63.69,63.69,63.16,63.58,5075,27,63.42
IE00BCBJG560,139185348,ZPRS,EUR,2020-08-25,63.73,63.89,63.38,63.55,2352,19,63.662
IE00BCBJG560,139185348,ZPRS,EUR,2020-08-26,63.57,64.11,63.57,63.93,4579,27,63.7855
IE00BCBJG560,139185348,ZPRS,EUR,2020-08-27,63.5,63.96,63.33,63.96,5425,16,63.5395
IE00BCBJG560,139185348,ZPRS,EUR,2020-08-28,64.0,64.06,63.34,63.41,2304,22,63.516
IE00BCBJG560,139185348,ZPRS,EUR,2020-08-31,64.0,64.39,63.02,63.06,3528,28,63.475
IE00BCBJG560,139185348,ZPRS,EUR,2020-09-01,63.5,63.59,62.55,63.5,9914,50,63.165
IE00BCBJG560,139185348,ZPRS,EUR,2020-09-02,63.83,64.54,63.83,64.3,3767,28,64.4045
IE00BCBJG560,139185348,ZPRS,EUR,2020-09-03,64.98,64.98,62.92,63.21,3526,31,64.162
IE00BCBJG560,139185348,ZPRS,EUR,2020-09-04,62.67,63.76,61.96,62.38,2966,27,62.817
IE00BCBJG560,139185348,ZPRS,EUR,2020-09-07,62.92,63.52,62.7,63.23,7894,46,63.136
IE00BCBJG560,139185348,ZPRS,EUR,2020-09-08,63.64,63.64,62.14,62.52,6177,40,62.706
IE00BCBJG560,139185348,ZPRS,EUR,2020-09-09,62.24,62.77,62.24,62.69,9769,35,62.517
IE00BCBJG560,139185348,ZPRS,EUR,2020-09-10,62.61,62.9,62.28,62.46,2145,18,62.5015
IE00BCBJG560,139185348,ZPRS,EUR,2020-09-11,62.2,62.42,62.01,62.01,2064,24,62.2015
IE00BCBJG560,139185348,ZPRS,EUR,2020-09-14,62.86,62.88,62.3,62.88,1974,9,62.7555
IE00BCBJG560,139185348,ZPRS,EUR,2020-09-15,63.27,63.68,63.11,63.35,11146,42,63.485
IE00BCBJG560,139185348,ZPRS,EUR,2020-09-16,63.64,64.06,63.53,63.99,4394,22,63.71
IE00BCBJG560,139185348,ZPRS,EUR,2020-09-17,63.58,63.67,63.0,63.67,1479,19,63.4435
IE00BCBJG560,139185348,ZPRS,EUR,2020-09-18,63.68,63.75,62.8,63.42,1275,23,63.402
IE00BCBJG560,139185348,ZPRS,EUR,2020-09-21,62.86,63.13,61.54,61.64,4553,57,61.8845
IE00BCBJG560,139185348,ZPRS,EUR,2020-09-22,61.65,62.34,61.65,61.69,2726,18,61.897
IE00BCBJG560,139185348,ZPRS,EUR,2020-09-23,62.65,62.92,62.4,62.45,3565,16,62.713
IE00BCBJG560,139185348,ZPRS,EUR,2020-09-24,61.44,61.8,61.11,61.56,16592,21,61.4535
IE00BCBJG560,139185348,ZPRS,EUR,2020-09-25,61.53,61.93,60.92,61.93,2546,24,61.595
IE00BCBJG560,139185348,ZPRS,EUR,2020-09-28,63.02,63.55,62.89,63.38,1900,18,63.266
IE00BCBJG560,139185348,ZPRS,EUR,2020-09-29,62.97,63.41,62.81,62.82,2537,23,63.1515
IE00BCBJG560,139185348,ZPRS,EUR,2020-09-30,62.75,63.53,62.49,63.26,3657,22,63.0525
IE00BCBJG560,139185348,ZPRS,EUR,2020-10-01,63.54,63.64,63.24,63.37,9179,33,63.385
IE00BCBJG560,139185348,ZPRS,EUR,2020-10-02,63.17,63.75,62.84,63.75,3473,27,63.1315
IE00BCBJG560,139185348,ZPRS,EUR,2020-10-05,64.6,64.72,64.18,64.62,7227,30,64.424
IE00BCBJG560,139185348,ZPRS,EUR,2020-10-06,64.98,65.41,64.7,65.3,21583,62,65.09
IE00BCBJG560,139185348,ZPRS,EUR,2020-10-07,65.36,65.73,65.17,65.73,3225,18,65.4775
IE00BCBJG560,139185348,ZPRS,EUR,2020-10-08,66.26,66.6,66.04,66.04,2015,19,66.2425
IE00BCBJG560,139185348,ZPRS,EUR,2020-10-09,66.37,66.72,66.33,66.33,6702,27,66.5565
IE00BCBJG560,139185348,ZPRS,EUR,2020-10-12,66.64,66.91,66.57,66.91,1900,27,66.782
IE00BCBJG560,139185348,ZPRS,EUR,2020-10-13,66.9,66.99,66.66,66.8,2989,19,66.7955
IE00BCBJG560,139185348,ZPRS,EUR,2020-10-14,66.85,67.15,66.53,66.64,4028,26,66.9465
IE00BCBJG560,139185348,ZPRS,EUR,2020-10-15,66.5,66.5,65.63,66.16,1340,22,65.987
IE00BCBJG560,139185348,ZPRS,EUR,2020-10-16,66.56,67.07,66.52,66.74,1735,13,66.6205
IE00BCBJG560,139185348,ZPRS,EUR,2020-10-19,67.02,67.1,66.38,66.38,4900,19,66.7675
IE00BCBJG560,139185348,ZPRS,EUR,2020-10-20,66.07,66.14,65.77,65.87,5312,23,65.958
IE00BCBJG560,139185348,ZPRS,EUR,2020-10-21,65.97,65.97,65.11,65.35,5536,26,65.5435
IE00BCBJG560,139185348,ZPRS,EUR,2020-10-22,64.85,65.84,64.78,65.47,4840,30,65.381
IE00BCBJG560,139185348,ZPRS,EUR,2020-10-23,66.04,66.52,65.86,65.93,17036,39,66.2135
IE00BCBJG560,139185348,ZPRS,EUR,2020-10-26,65.41,65.64,64.79,64.79,11413,39,65.4175
IE00BCBJG560,139185348,ZPRS,EUR,2020-10-27,65.09,65.42,64.49,64.49,12371,28,64.8675
IE00BCBJG560,139185348,ZPRS,EUR,2020-10-28,64.22,64.22,63.1,63.3,8111,34,63.615
IE00BCBJG560,139185348,ZPRS,EUR,2020-10-29,63.42,63.65,62.86,63.64,7498,28,63.3015
IE00BCBJG560,139185348,ZPRS,EUR,2020-10-30,62.79,63.82,62.79,63.67,10927,33,63.1735
IE00BCBJG560,139185348,ZPRS,EUR,2020-11-02,63.71,64.39,63.65,64.39,16049,55,64.147
IE00BCBJG560,139185348,ZPRS,EUR,2020-11-03,64.98,65.42,64.62,65.27,8882,45,65.1705
IE00BCBJG560,139185348,ZPRS,EUR,2020-11-04,64.32,66.52,64.32,66.39,7277,35,65.762
IE00BCBJG560,139185348,ZPRS,EUR,2020-11-05,66.99,67.23,66.18,66.93,6834,34,66.8335
IE00BCBJG560,139185348,ZPRS,EUR,2020-11-06,67.01,67.07,66.34,66.68,4785,27,66.812
IE00BCBJG560,139185348,ZPRS,EUR,2020-11-09,67.3,70.74,67.29,69.57,13700,45,67.9935
IE00BCBJG560,139185348,ZPRS,EUR,2020-11-10,68.91,69.65,68.86,69.08,5306,30,69.1995
IE00BCBJG560,139185348,ZPRS,EUR,2020-11-11,69.55,70.11,69.38,69.73,5060,32,69.7575
IE00BCBJG560,139185348,ZPRS,EUR,2020-11-12,69.07,69.47,69.06,69.14,4458,28,69.2845
IE00BCBJG560,139185348,ZPRS,EUR,2020-11-13,68.67,69.42,68.67,69.19,5318,32,69.0775
IE00BCBJG560,139185348,ZPRS,EUR,2020-11-16,70.38,71.12,69.85,70.65,13090,64,70.5265
IE00BCBJG560,139185348,ZPRS,EUR,2020-11-17,70.73,70.73,69.91,70.24,6792,23,70.13
IE00BCBJG560,139185348,ZPRS,EUR,2020-11-18,70.51,71.38,70.51,71.38,11401,46,70.9615
IE00BCBJG560,139185348,ZPRS,EUR,2020-11-19,70.61,70.64,69.95,70.22,18093,47,70.241
IE00BCBJG560,139185348,ZPRS,EUR,2020-11-20,70.05,71.14,70.05,70.84,7752,34,70.9665
IE00BCBJG560,139185348,ZPRS,EUR,2020-11-23,71.17,71.9,71.13,71.44,15022,34,71.481
IE00BCBJG560,139185348,ZPRS,EUR,2020-11-24,71.97,72.89,71.97,72.59,5855,44,72.4805
IE00BCBJG560,139185348,ZPRS,EUR,2020-11-25,72.66,72.67,71.94,72.1,29515,74,72.278
IE00BCBJG560,139185348,ZPRS,EUR,2020-11-26,72.49,72.51,72.06,72.06,9875,32,72.203
IE00BCBJG560,139185348,ZPRS,EUR,2020-11-27,72.2,72.38,72.09,72.15,7922,30,72.239
IE00BCBJG560,139185348,ZPRS,EUR,2020-11-30,71.91,72.12,71.28,71.52,3509,25,71.7645
IE00BCBJG560,139185348,ZPRS,EUR,2020-12-01,72.33,72.54,71.63,71.82,6325,34,72.143
IE00BCBJG560,139185348,ZPRS,EUR,2020-12-02,71.7,71.7,71.17,71.3,18327,49,71.4305
IE00BCBJG560,139185348,ZPRS,EUR,2020-12-03,71.5,71.87,71.15,71.87,20947,50,71.331
IE00BCBJG560,139185348,ZPRS,EUR,2020-12-04,71.88,72.56,71.58,72.56,3422,37,72.004
IE00BCBJG560,139185348,ZPRS,EUR,2020-12-07,72.58,72.72,72.08,72.55,8794,35,72.352
IE00BCBJG560,139185348,ZPRS,EUR,2020-12-08,72.5,72.82,71.92,72.82,1543,17,72.2695
IE00BCBJG560,139185348,ZPRS,EUR,2020-12-09,73.36,73.91,73.07,73.11,50938,54,73.4685
IE00BCBJG560,139185348,ZPRS,EUR,2020-12-10,72.9,72.99,72.1,72.9,17939,31,72.7945
IE00BCBJG560,139185348,ZPRS,EUR,2020-12-11,72.81,73.02,72.28,72.71,7464,40,72.538
IE00BCBJG560,139185348,ZPRS,EUR,2020-12-14,73.23,73.58,73.11,73.22,9514,36,73.366
IE00BCBJG560,139185348,ZPRS,EUR,2020-12-15,72.94,73.45,72.83,73.09,8518,55,73.1145
IE00BCBJG560,139185348,ZPRS,EUR,2020-12-16,74.13,74.3,73.73,73.9,13664,52,74.114
IE00BCBJG560,139185348,ZPRS,EUR,2020-12-17,73.59,74.2,73.59,73.83,3912,25,73.9945
IE00BCBJG560,139185348,ZPRS,EUR,2020-12-18,74.0,74.72,73.77,74.04,7409,43,74.291
IE00BCBJG560,139185348,ZPRS,EUR,2020-12-21,73.68,73.82,71.88,72.97,12525,42,72.9395
IE00BCBJG560,139185348,ZPRS,EUR,2020-12-22,73.47,74.3,73.19,74.06,3722,31,73.968
IE00BCBJG560,139185348,ZPRS,EUR,2020-12-23,74.41,75.08,74.41,74.98,18007,38,74.6415
IE00BCBJG560,139185348,ZPRS,EUR,2020-12-28,75.27,76.2,74.97,75.12,39390,90,75.668
IE00BCBJG560,139185348,ZPRS,EUR,2020-12-29,75.21,75.46,74.32,74.34,3164,33,75.041
IE00BCBJG560,139185348,ZPRS,EUR,2020-12-30,74.5,74.71,74.37,74.37,2809,29,74.555
IE00BCBJG560,139185348,ZPRS,EUR,2021-01-04,75.2,75.88,73.4,73.98,9887,66,75.0845
IE00BCBJG560,139185348,ZPRS,EUR,2021-01-05,74.34,74.79,73.93,74.64,4482,36,74.259
IE00BCBJG560,139185348,ZPRS,EUR,2021-01-06,75.26,76.73,74.91,76.63,9745,39,76.0525
IE00BCBJG560,139185348,ZPRS,EUR,2021-01-07,77.21,77.78,76.7,77.42,16809,63,76.9775
IE00BCBJG560,139185348,ZPRS,EUR,2021-01-08,78.56,78.56,77.8,78.02,5446,40,78.169
IE00BCBJG560,139185348,ZPRS,EUR,2021-01-11,77.82,78.25,77.37,77.82,6144,50,77.7785
IE00BCBJG560,139185348,ZPRS,EUR,2021-01-12,78.44,78.82,78.16,78.8,12466,58,78.4415
IE00BCBJG560,139185348,ZPRS,EUR,2021-01-13,78.92,79.39,78.63,78.91,22354,46,78.8795
IE00BCBJG560,139185348,ZPRS,EUR,2021-01-14,79.03,79.86,79.03,79.75,12875,47,79.37
IE00BCBJG560,139185348,ZPRS,EUR,2021-01-15,79.33,79.61,78.5,78.78,9483,45,79.1715
IE00BCBJG560,139185348,ZPRS,EUR,2021-01-18,78.98,79.48,78.76,79.48,5139,28,79.03
IE00BCBJG560,139185348,ZPRS,EUR,2021-01-19,79.6,79.64,79.06,79.1,4566,32,79.393
IE00BCBJG560,139185348,ZPRS,EUR,2021-01-20,79.37,80.35,79.24,79.99,8985,47,79.77
IE00BCBJG560,139185348,ZPRS,EUR,2021-01-21,80.36,80.36,79.42,79.42,11041,62,79.9865
IE00BCBJG560,139185348,ZPRS,EUR,2021-01-22,79.2,79.35,78.43,78.85,12556,58,78.6585
IE00BCBJG560,139185348,ZPRS,EUR,2021-01-25,79.56,80.26,78.89,79.07,7149,57,79.493
IE00BCBJG560,139185348,ZPRS,EUR,2021-01-26,79.19,79.92,79.19,79.47,10104,32,79.455
IE00BCBJG560,139185348,ZPRS,EUR,2021-01-27,79.08,79.12,77.6,78.5,28398,82,78.295
IE00BCBJG560,139185348,ZPRS,EUR,2021-01-28,77.43,78.9,76.97,78.34,9293,66,78.016
IE00BCBJG560,139185348,ZPRS,EUR,2021-01-29,77.1,78.3,76.98,77.09,6971,56,77.8365
IE00BCBJG560,139185348,ZPRS,EUR,2021-02-01,77.55,78.22,77.02,77.9,16867,77,77.724
IE00BCBJG560,139185348,ZPRS,EUR,2021-02-02,78.97,80.17,78.97,79.84,20277,78,79.6155
IE00BCBJG560,139185348,ZPRS,EUR,2021-02-03,80.19,80.27,79.72,80.02,6462,53,80.0605
IE00BCBJG560,139185348,ZPRS,EUR,2021-02-04,80.5,81.39,80.0,80.99,7863,50,80.734
IE00BCBJG560,139185348,ZPRS,EUR,2021-02-05,81.93,82.08,81.46,81.8,6698,39,81.9275
IE00BCBJG560,139185348,ZPRS,EUR,2021-02-08,82.07,82.93,82.07,82.74,7035,58,82.4395
IE00BCBJG560,139185348,ZPRS,EUR,2021-02-09,83.0,83.0,82.54,82.82,5769,40,82.7965
IE00BCBJG560,139185348,ZPRS,EUR,2021-02-10,83.23,83.38,82.3,82.62,11712,43,83.0525
IE00BCBJG560,139185348,ZPRS,EUR,2021-02-11,82.75,83.08,82.45,83.05,7583,45,82.8575
IE00BCBJG560,139185348,ZPRS,EUR,2021-02-12,82.85,83.24,82.41,83.14,7876,72,82.852
IE00BCBJG560,139185348,ZPRS,EUR,2021-02-15,83.32,84.08,83.32,83.71,13414,65,83.8425
IE00BCBJG560,139185348,ZPRS,EUR,2021-02-16,84.0,84.1,83.44,83.44,7618,40,83.79
IE00BCBJG560,139185348,ZPRS,EUR,2021-02-17,83.37,83.37,82.41,82.46,180863,869,83.055
IE00BCBJG560,139185348,ZPRS,EUR,2021-02-18,82.67,82.67,81.37,81.49,4452,41,81.8575
IE00BCBJG560,139185348,ZPRS,EUR,2021-02-19,81.31,82.63,81.14,82.59,32313,78,81.771
IE00BCBJG560,139185348,ZPRS,EUR,2021-02-22,82.58,82.58,81.78,82.47,6231,49,82.061
IE00BCBJG560,139185348,ZPRS,EUR,2021-02-23,82.36,82.47,80.14,81.35,9856,61,81.4715
IE00BCBJG560,139185348,ZPRS,EUR,2021-02-24,81.7,83.19,81.54,82.94,10499,44,82.242
IE00BCBJG560,139185348,ZPRS,EUR,2021-02-25,83.2,83.31,80.99,81.86,18865,40,82.122
IE00BCBJG560,139185348,ZPRS,EUR,2021-02-26,80.35,81.17,79.86,81.13,16762,62,80.493
IE00BCBJG560,139185348,ZPRS,EUR,2021-03-01,81.38,83.18,81.38,82.95,7622,54,82.615
IE00BCBJG560,139185348,ZPRS,EUR,2021-03-02,83.24,83.29,82.3,82.3,4924,36,83.027
IE00BCBJG560,139185348,ZPRS,EUR,2021-03-03,82.91,83.1,81.84,82.46,7820,32,82.689
IE00BCBJG560,139185348,ZPRS,EUR,2021-03-04,81.6,81.96,80.85,81.31,9238,36,81.534
IE00BCBJG560,139185348,ZPRS,EUR,2021-03-05,80.27,81.56,79.37,79.83,13690,61,80.767
IE00BCBJG560,139185348,ZPRS,EUR,2021-03-08,82.32,83.36,81.5,83.09,3208,43,82.441
IE00BCBJG560,139185348,ZPRS,EUR,2021-03-09,82.98,84.02,82.98,83.95,10078,39,83.5535
IE00BCBJG560,139185348,ZPRS,EUR,2021-03-10,83.6,84.55,83.34,84.39,14774,53,84.119
IE00BCBJG560,139185348,ZPRS,EUR,2021-03-11,84.76,85.34,84.37,85.24,4985,36,84.6865
IE00BCBJG560,139185348,ZPRS,EUR,2021-03-12,85.26,85.72,85.2,85.45,8605,52,85.461
IE00BCBJG560,139185348,ZPRS,EUR,2021-03-15,86.54,86.59,85.84,86.11,20437,94,86.3125
IE00BCBJG560,139185348,ZPRS,EUR,2021-03-16,86.43,86.88,86.0,86.19,21120,66,86.4305
IE00BCBJG560,139185348,ZPRS,EUR,2021-03-17,86.18,86.26,85.3,85.59,8098,48,85.8625
IE00BCBJG560,139185348,ZPRS,EUR,2021-03-18,86.26,86.61,85.84,86.35,8491,51,86.2375
IE00BCBJG560,139185348,ZPRS,EUR,2021-03-19,85.55,85.82,84.8,85.61,7218,48,85.2455
IE00BCBJG560,139185348,ZPRS,EUR,2021-03-22,85.55,85.55,84.78,85.01,12308,60,85.1375
IE00BCBJG560,139185348,ZPRS,EUR,2021-03-23,84.92,84.92,84.06,84.1,13106,46,84.503
IE00BCBJG560,139185348,ZPRS,EUR,2021-03-24,83.58,84.32,83.0,83.87,11086,41,83.7695
IE00BCBJG560,139185348,ZPRS,EUR,2021-03-25,82.97,83.64,81.83,83.64,7000,52,82.618
IE00BCBJG560,139185348,ZPRS,EUR,2021-03-26,84.45,85.07,84.18,85.07,5157,59,84.5265
IE00BCBJG560,139185348,ZPRS,EUR,2021-03-29,84.89,85.12,83.95,84.13,12573,73,84.6425
IE00BCBJG560,139185348,ZPRS,EUR,2021-03-30,84.42,84.94,83.97,84.77,5912,30,84.4215
IE00BCBJG560,139185348,ZPRS,EUR,2021-03-31,84.97,85.43,84.78,85.24,5999,33,85.1825
IE00BCBJG560,139185348,ZPRS,EUR,2021-04-01,85.46,86.25,85.36,86.18,19275,55,85.968
IE00BCBJG560,139185348,ZPRS,EUR,2021-04-06,86.79,86.82,86.11,86.82,8723,64,86.411
IE00BCBJG560,139185348,ZPRS,EUR,2021-04-07,86.18,86.37,85.4,85.45,11795,61,85.9925
IE00BCBJG560,139185348,ZPRS,EUR,2021-04-08,86.02,86.15,85.3,85.56,7324,60,85.849
IE00BCBJG560,139185348,ZPRS,EUR,2021-04-09,86.11,86.41,85.81,86.02,9144,47,86.1265
IE00BCBJG560,139185348,ZPRS,EUR,2021-04-12,85.85,86.21,85.47,85.74,5750,54,85.8645
IE00BCBJG560,139185348,ZPRS,EUR,2021-04-13,85.83,86.3,85.43,85.95,11533,65,85.9715
IE00BCBJG560,139185348,ZPRS,EUR,2021-04-14,85.95,86.58,85.53,86.34,22609,72,85.9295
IE00BCBJG560,139185348,ZPRS,EUR,2021-04-15,86.54,86.64,86.0,86.35,10233,47,86.3615
IE00BCBJG560,139185348,ZPRS,EUR,2021-04-16,86.26,86.88,86.26,86.71,6094,53,86.5665
IE00BCBJG560,139185348,ZPRS,EUR,2021-04-19,86.78,87.1,85.55,85.84,32207,83,86.355
IE00BCBJG560,139185348,ZPRS,EUR,2021-04-20,85.86,85.86,83.99,84.08,14283,67,85.029
IE00BCBJG560,139185348,ZPRS,EUR,2021-04-21,84.78,85.25,84.27,84.94,11637,47,84.685
IE00BCBJG560,139185348,ZPRS,EUR,2021-04-22,85.5,86.26,85.43,86.26,3375,25,85.7215
IE00BCBJG560,139185348,ZPRS,EUR,2021-04-23,85.81,86.26,85.4,86.06,2611,26,85.68
IE00BCBJG560,139185348,ZPRS,EUR,2021-04-26,86.16,86.98,86.16,86.67,4779,30,86.6825
IE00BCBJG560,139185348,ZPRS,EUR,2021-04-27,86.77,87.35,86.45,87.35,4303,50,86.824
IE00BCBJG560,139185348,ZPRS,EUR,2021-04-28,87.03,87.32,86.47,86.75,6198,36,86.823
IE00BCBJG560,139185348,ZPRS,EUR,2021-04-29,86.89,87.19,86.34,86.34,8016,58,86.9155
IE00BCBJG560,139185348,ZPRS,EUR,2021-04-30,86.86,86.86,86.08,86.41,3107,27,86.512
IE00BCBJG560,139185348,ZPRS,EUR,2021-05-03,86.64,86.98,86.3,86.55,5057,41,86.6975
IE00BCBJG560,139185348,ZPRS,EUR,2021-05-04,86.29,86.77,85.41,85.43,6560,78,86.185
IE00BCBJG560,139185348,ZPRS,EUR,2021-05-05,86.46,86.75,85.92,86.41,16155,74,86.479
IE00BCBJG560,139185348,ZPRS,EUR,2021-05-06,86.3,86.32,85.04,85.52,5198,29,85.6675
IE00BCBJG560,139185348,ZPRS,EUR,2021-05-07,85.99,86.45,85.95,86.36,5666,26,86.2105
IE00BCBJG560,139185348,ZPRS,EUR,2021-05-10,86.78,86.8,86.1,86.42,8563,40,86.372
IE00BCBJG560,139185348,ZPRS,EUR,2021-05-11,85.16,85.16,83.49,84.59,9639,65,84.2435
IE00BCBJG560,139185348,ZPRS,EUR,2021-05-12,84.36,84.77,83.38,83.99,12561,45,84.2775
IE00BCBJG560,139185348,ZPRS,EUR,2021-05-13,83.0,84.0,81.92,83.29,6927,43,82.717
IE00BCBJG560,139185348,ZPRS,EUR,2021-05-14,83.97,84.58,83.69,84.52,11847,89,84.1195
IE00BCBJG560,139185348,ZPRS,EUR,2021-05-17,84.89,85.01,84.18,84.47,14130,50,84.4035
IE00BCBJG560,139185348,ZPRS,EUR,2021-05-18,85.04,85.17,84.53,85.17,6519,54,84.851
IE00BCBJG560,139185348,ZPRS,EUR,2021-05-19,83.84,83.84,82.42,82.97,16747,60,83.259
IE00BCBJG560,139185348,ZPRS,EUR,2021-05-20,83.9,84.03,83.2,84.01,5662,38,83.5515
IE00BCBJG560,139185348,ZPRS,EUR,2021-05-21,84.34,84.96,84.1,84.59,6704,46,84.6235
IE00BCBJG560,139185348,ZPRS,EUR,2021-05-25,85.14,85.14,84.36,84.36,5388,44,84.814
IE00BCBJG560,139185348,ZPRS,EUR,2021-05-26,84.62,85.11,84.01,84.84,19794,48,84.344
IE00BCBJG560,139185348,ZPRS,EUR,2021-05-27,85.13,85.72,84.93,85.66,9040,55,85.2335
IE00BCBJG560,139185348,ZPRS,EUR,2021-05-28,85.79,86.38,85.74,85.9,10593,43,86.09
IE00BCBJG560,139185348,ZPRS,EUR,2021-05-31,85.95,86.08,84.91,85.41,2476,26,85.7775
IE00BCBJG560,139185348,ZPRS,EUR,2021-06-01,85.65,86.42,85.65,86.13,8997,57,86.215
IE00BCBJG560,139185348,ZPRS,EUR,2021-06-02,86.67,86.75,86.22,86.34,7801,40,86.619
IE00BCBJG560,139185348,ZPRS,EUR,2021-06-03,86.88,86.88,85.87,86.39,6339,41,86.132
IE00BCBJG560,139185348,ZPRS,EUR,2021-06-04,86.66,86.83,86.46,86.53,10468,46,86.685
IE00BCBJG560,139185348,ZPRS,EUR,2021-06-07,86.82,87.0,86.5,86.79,6192,34,86.846
IE00BCBJG560,139185348,ZPRS,EUR,2021-06-08,87.03,87.65,86.96,87.27,12625,48,87.405
IE00BCBJG560,139185348,ZPRS,EUR,2021-06-09,87.96,87.96,87.46,87.6,8406,48,87.7575
IE00BCBJG560,139185348,ZPRS,EUR,2021-06-10,87.61,87.75,87.03,87.15,5738,26,87.431
IE00BCBJG560,139185348,ZPRS,EUR,2021-06-11,86.92,88.1,86.92,87.86,7612,45,87.726
IE00BCBJG560,139185348,ZPRS,EUR,2021-06-14,88.31,88.52,87.81,87.81,8698,39,88.089
IE00BCBJG560,139185348,ZPRS,EUR,2021-06-15,88.0,88.0,87.1,87.1,8345,53,87.674
IE00BCBJG560,139185348,ZPRS,EUR,2021-06-16,87.66,87.66,87.03,87.5,14104,63,87.341
IE00BCBJG560,139185348,ZPRS,EUR,2021-06-17,87.71,88.06,87.04,87.5,9604,22,87.69
IE00BCBJG560,139185348,ZPRS,EUR,2021-06-18,87.44,87.54,86.44,86.53,8278,41,86.7345
IE00BCBJG560,139185348,ZPRS,EUR,2021-06-21,85.75,87.08,85.61,86.99,10330,53,86.189
IE00BCBJG560,139185348,ZPRS,EUR,2021-06-22,87.27,87.39,86.89,87.31,3203,31,87.08
IE00BCBJG560,139185348,ZPRS,EUR,2021-06-23,87.72,87.72,86.93,87.33,11217,43,87.3175
IE00BCBJG560,139185348,ZPRS,EUR,2021-06-24,87.48,87.98,87.48,87.97,6262,28,87.8435
IE00BCBJG560,139185348,ZPRS,EUR,2021-06-25,88.33,88.59,87.95,88.59,4049,30,88.315
IE00BCBJG560,139185348,ZPRS,EUR,2021-06-28,89.03,89.03,87.96,87.98,8412,44,88.629
IE00BCBJG560,139185348,ZPRS,EUR,2021-06-29,88.12,88.65,87.91,88.41,4499,38,88.3235
IE00BCBJG560,139185348,ZPRS,EUR,2021-06-30,88.28,88.28,87.56,88.27,9670,54,87.957
IE00BCBJG560,139185348,ZPRS,EUR,2021-07-01,88.53,88.82,88.34,88.67,15454,57,88.6065
IE00BCBJG560,139185348,ZPRS,EUR,2021-07-02,89.1,89.5,88.79,88.79,6933,46,89.139
IE00BCBJG560,139185348,ZPRS,EUR,2021-07-05,88.91,89.08,88.52,88.96,6419,42,88.856
IE00BCBJG560,139185348,ZPRS,EUR,2021-07-06,88.89,89.22,87.87,88.02,8753,57,88.3415
IE00BCBJG560,139185348,ZPRS,EUR,2021-07-07,88.23,88.71,87.9,88.17,8270,44,88.3235
IE00BCBJG560,139185348,ZPRS,EUR,2021-07-08,87.9,87.9,85.89,86.9,8088,61,86.521
IE00BCBJG560,139185348,ZPRS,EUR,2021-07-09,87.59,88.18,87.28,88.18,15091,60,87.709
IE00BCBJG560,139185348,ZPRS,EUR,2021-07-12,88.5,88.5,87.95,88.37,6565,44,88.3085
IE00BCBJG560,139185348,ZPRS,EUR,2021-07-13,88.32,88.74,88.11,88.2,4926,39,88.465
IE00BCBJG560,139185348,ZPRS,EUR,2021-07-14,88.0,88.49,87.41,87.41,9284,50,88.0555
IE00BCBJG560,139185348,ZPRS,EUR,2021-07-15,87.01,87.01,86.38,86.72,4542,43,86.6965
IE00BCBJG560,139185348,ZPRS,EUR,2021-07-16,86.91,87.12,86.29,86.47,2841,42,86.7875
IE00BCBJG560,139185348,ZPRS,EUR,2021-07-19,85.0,85.56,83.44,84.44,15829,78,84.2935
IE00BCBJG560,139185348,ZPRS,EUR,2021-07-20,84.67,86.1,84.52,85.92,7792,51,84.9395
IE00BCBJG560,139185348,ZPRS,EUR,2021-07-21,86.56,87.46,86.46,87.17,12691,41,86.8445
IE00BCBJG560,139185348,ZPRS,EUR,2021-07-22,87.77,87.97,87.0,87.08,7812,45,87.5285
IE00BCBJG560,139185348,ZPRS,EUR,2021-07-23,87.7,87.7,87.31,87.61,5006,21,87.576
IE00BCBJG560,139185348,ZPRS,EUR,2021-07-26,87.14,87.89,86.78,87.61,5379,35,87.3705
IE00BCBJG560,139185348,ZPRS,EUR,2021-07-27,87.64,87.64,86.48,86.59,12203,41,86.9485
IE00BCBJG560,139185348,ZPRS,EUR,2021-07-28,87.29,87.72,87.18,87.39,14231,48,87.5075
IE00BCBJG560,139185348,ZPRS,EUR,2021-07-29,87.8,88.37,87.64,88.35,8868,47,87.9575
IE00BCBJG560,139185348,ZPRS,EUR,2021-07-30,87.47,88.13,87.33,87.85,6649,22,87.5545
IE00BCBJG560,139185348,ZPRS,EUR,2021-08-02,88.03,88.8,88.03,88.18,5387,44,88.4535
IE00BCBJG560,139185348,ZPRS,EUR,2021-08-03,88.0,88.22,87.4,87.8,6392,45,87.9235
IE00BCBJG560,139185348,ZPRS,EUR,2021-08-04,88.04,88.27,87.48,88.0,9353,34,88.1485
IE00BCBJG560,139185348,ZPRS,EUR,2021-08-05,87.54,88.69,87.54,88.55,5613,30,87.914
IE00BCBJG560,139185348,ZPRS,EUR,2021-08-06,88.53,89.22,88.5,89.11,9415,40,89.021
IE00BCBJG560,139185348,ZPRS,EUR,2021-08-09,88.98,89.11,88.68,88.9,7715,44,88.854
IE00BCBJG560,139185348,ZPRS,EUR,2021-08-10,88.75,89.62,88.75,89.42,4415,24,89.277
IE00BCBJG560,139185348,ZPRS,EUR,2021-08-11,89.5,89.8,89.23,89.23,8757,49,89.4435
IE00BCBJG560,139185348,ZPRS,EUR,2021-08-12,90.02,90.02,89.45,89.45,2882,30,89.7795
IE00BCBJG560,139185348,ZPRS,EUR,2021-08-13,89.58,89.81,89.24,89.26,8198,40,89.595
IE00BCBJG560,139185348,ZPRS,EUR,2021-08-16,88.95,89.0,88.25,88.67,7004,50,88.647
IE00BCBJG560,139185348,ZPRS,EUR,2021-08-17,88.4,88.4,87.68,87.91,6944,44,88.164
IE00BCBJG560,139185348,ZPRS,EUR,2021-08-18,88.41,88.77,87.99,88.25,11458,39,88.272
IE00BCBJG560,139185348,ZPRS,EUR,2021-08-19,87.64,87.88,86.34,86.75,26673,117,86.5925
IE00BCBJG560,139185348,ZPRS,EUR,2021-08-20,86.67,87.47,86.22,87.47,7533,43,86.815
IE00BCBJG560,139185348,ZPRS,EUR,2021-08-23,87.85,88.61,87.85,88.38,8825,40,88.261
IE00BCBJG560,139185348,ZPRS,EUR,2021-08-24,89.07,89.09,88.79,89.05,2778,26,88.903
IE00BCBJG560,139185348,ZPRS,EUR,2021-08-25,89.53,89.71,89.33,89.66,7088,30,89.497
IE00BCBJG560,139185348,ZPRS,EUR,2021-08-26,89.55,89.55,89.05,89.15,2107,14,89.382
IE00BCBJG560,139185348,ZPRS,EUR,2021-08-27,88.97,90.3,88.97,90.14,7246,45,89.4105
IE00BCBJG560,139185348,ZPRS,EUR,2021-08-30,90.6,90.72,90.15,90.33,46699,114,90.417
IE00BCBJG560,139185348,ZPRS,EUR,2021-08-31,90.24,90.5,89.82,90.18,3646,29,90.079
IE00BCBJG560,139185348,ZPRS,EUR,2021-09-01,90.89,90.89,90.08,90.08,17811,63,90.5455
IE00BCBJG560,139185348,ZPRS,EUR,2021-09-02,90.31,91.21,90.31,90.95,13563,44,90.772
IE00BCBJG560,139185348,ZPRS,EUR,2021-09-03,91.22,91.36,90.55,90.72,3394,33,90.85
IE00BCBJG560,139185348,ZPRS,EUR,2021-09-06,91.16,91.38,90.8,91.28,4681,33,91.2215
IE00BCBJG560,139185348,ZPRS,EUR,2021-09-07,91.05,91.14,90.75,90.77,5359,62,91.013
IE00BCBJG560,139185348,ZPRS,EUR,2021-09-08,90.69,90.69,89.77,89.85,11435,39,90.35
IE00BCBJG560,139185348,ZPRS,EUR,2021-09-09,89.5,90.66,89.29,90.35,6533,37,90.287
IE00BCBJG560,139185348,ZPRS,EUR,2021-09-10,90.55,90.55,89.83,89.94,4875,40,90.2375
IE00BCBJG560,139185348,ZPRS,EUR,2021-09-13,90.11,90.55,89.56,89.97,7914,48,90.081
IE00BCBJG560,139185348,ZPRS,EUR,2021-09-14,90.25,90.26,89.38,89.6,12478,50,90.0015
IE00BCBJG560,139185348,ZPRS,EUR,2021-09-15,89.54,89.81,89.04,89.29,18613,51,89.399
IE00BCBJG560,139185348,ZPRS,EUR,2021-09-16,90.08,90.26,89.73,89.9,2231,35,89.9915
IE00BCBJG560,139185348,ZPRS,EUR,2021-09-17,90.33,90.59,89.66,90.26,4198,42,90.0805
IE00BCBJG560,139185348,ZPRS,EUR,2021-09-20,89.2,89.2,87.73,88.48,10160,56,88.471
IE00BCBJG560,139185348,ZPRS,EUR,2021-09-21,89.13,89.51,88.16,88.73,4997,37,88.816
IE00BCBJG560,139185348,ZPRS,EUR,2021-09-22,89.37,89.65,88.58,89.65,11275,44,89.0645
IE00BCBJG560,139185348,ZPRS,EUR,2021-09-23,90.31,90.93,90.19,90.69,16967,51,90.483
IE00BCBJG560,139185348,ZPRS,EUR,2021-09-24,90.68,90.68,90.1,90.43,15927,77,90.3665
IE00BCBJG560,139185348,ZPRS,EUR,2021-09-27,91.05,91.19,90.42,91.14,10654,60,90.7035
IE00BCBJG560,139185348,ZPRS,EUR,2021-09-28,90.83,90.9,89.39,89.49,6900,67,90.276
IE00BCBJG560,139185348,ZPRS,EUR,2021-09-29,89.68,90.23,89.35,89.51,9329,41,89.8625
IE00BCBJG560,139185348,ZPRS,EUR,2021-09-30,90.0,90.45,89.3,89.35,21100,53,89.9975
IE00BCBJG560,139185348,ZPRS,EUR,2021-10-01,88.5,89.3,87.83,89.19,6812,57,88.7395
IE00BCBJG560,139185348,ZPRS,EUR,2021-10-04,89.41,89.63,88.54,88.54,8092,56,89.4165
IE00BCBJG560,139185348,ZPRS,EUR,2021-10-05,89.32,89.93,88.77,89.61,5146,33,89.4835
IE00BCBJG560,139185348,ZPRS,EUR,2021-10-06,88.98,89.05,88.0,88.29,9712,41,88.429
IE00BCBJG560,139185348,ZPRS,EUR,2021-10-07,89.55,90.74,89.19,90.42,13233,53,89.6945
IE00BCBJG560,139185348,ZPRS,EUR,2021-10-08,90.43,90.55,90.05,90.32,17876,32,90.346
IE00BCBJG560,139185348,ZPRS,EUR,2021-10-11,89.91,90.21,89.31,90.21,6810,36,89.8775
IE00BCBJG560,139185348,ZPRS,EUR,2021-10-12,88.98,90.0,88.97,89.9,6481,34,89.6195
IE00BCBJG560,139185348,ZPRS,EUR,2021-10-13,89.7,90.32,89.61,90.02,9133,39,90.0515
IE00BCBJG560,139185348,ZPRS,EUR,2021-10-14,90.42,91.28,90.42,91.21,4503,42,90.944
IE00BCBJG560,139185348,ZPRS,EUR,2021-10-15,91.96,92.21,91.49,92.06,6372,53,91.9585
IE00BCBJG560,139185348,ZPRS,EUR,2021-10-18,91.39,91.6,90.99,91.34,10033,57,91.3355
IE00BCBJG560,139185348,ZPRS,EUR,2021-10-19,91.47,91.91,91.34,91.72,4483,38,91.554
IE00BCBJG560,139185348,ZPRS,EUR,2021-10-20,91.59,92.14,91.55,91.95,8387,36,91.7545
IE00BCBJG560,139185348,ZPRS,EUR,2021-10-21,91.63,92.2,91.54,91.73,6156,42,91.8235
IE00BCBJG560,139185348,ZPRS,EUR,2021-10-22,92.16,92.56,92.04,92.04,4757,51,92.356
IE00BCBJG560,139185348,ZPRS,EUR,2021-10-25,92.49,93.16,91.96,92.81,8534,65,92.501
IE00BCBJG560,139185348,ZPRS,EUR,2021-10-26,93.23,93.34,92.95,93.02,8679,53,93.1205
IE00BCBJG560,139185348,ZPRS,EUR,2021-10-27,92.62,92.68,91.88,91.95,7698,42,92.315
IE00BCBJG560,139185348,ZPRS,EUR,2021-10-28,91.44,92.06,91.44,91.79,23863,62,91.6625
IE00BCBJG560,139185348,ZPRS,EUR,2021-10-29,91.79,92.89,91.79,92.89,11407,46,92.1365
IE00BCBJG560,139185348,ZPRS,EUR,2021-11-01,93.17,94.12,92.94,93.8,11405,57,93.37
IE00BCBJG560,139185348,ZPRS,EUR,2021-11-02,93.97,94.09,93.69,93.77,14365,72,93.9365
IE00BCBJG560,139185348,ZPRS,EUR,2021-11-03,94.07,94.81,93.79,94.47,26525,73,94.1415
IE00BCBJG560,139185348,ZPRS,EUR,2021-11-04,95.37,95.74,95.15,95.2,14080,77,95.4535
IE00BCBJG560,139185348,ZPRS,EUR,2021-11-05,95.24,96.4,95.21,95.94,14879,69,95.673
IE00BCBJG560,139185348,ZPRS,EUR,2021-11-08,95.93,96.43,95.65,96.18,8088,65,95.9885
IE00BCBJG560,139185348,ZPRS,EUR,2021-11-09,95.82,95.89,95.26,95.73,5287,47,95.752
IE00BCBJG560,139185348,ZPRS,EUR,2021-11-10,95.69,95.81,95.2,95.71,17690,61,95.493
IE00BCBJG560,139185348,ZPRS,EUR,2021-11-11,95.44,96.18,95.0,95.81,24694,97,95.3135
IE00BCBJG560,139185348,ZPRS,EUR,2021-11-12,96.0,96.25,95.74,96.0,8863,40,96.0715
IE00BCBJG560,139185348,ZPRS,EUR,2021-11-15,96.15,96.74,96.14,96.39,5300,58,96.3555
IE00BCBJG560,139185348,ZPRS,EUR,2021-11-16,96.3,96.8,96.3,96.8,10040,61,96.6435
IE00BCBJG560,139185348,ZPRS,EUR,2021-11-17,96.7,97.08,95.7,96.21,4138,59,96.7135
IE00BCBJG560,139185348,ZPRS,EUR,2021-11-18,96.1,96.4,95.01,95.52,9447,67,95.94
IE00BCBJG560,139185348,ZPRS,EUR,2021-11-19,96.08,96.17,95.04,95.34,10726,50,95.4285
IE00BCBJG560,139185348,ZPRS,EUR,2021-11-22,95.51,96.32,95.51,95.95,25171,81,95.885
IE00BCBJG560,139185348,ZPRS,EUR,2021-11-23,95.29,95.43,94.06,94.29,8288,81,95.0395
IE00BCBJG560,139185348,ZPRS,EUR,2021-11-24,94.92,95.27,94.48,95.0,12562,70,94.778
IE00BCBJG560,139185348,ZPRS,EUR,2021-11-25,95.63,95.65,95.1,95.36,2565,31,95.333
IE00BCBJG560,139185348,ZPRS,EUR,2021-11-26,93.1,93.1,90.62,90.92,33667,156,91.337
IE00BCBJG560,139185348,ZPRS,EUR,2021-11-29,92.57,93.08,91.65,91.98,35878,151,92.29
IE00BCBJG560,139185348,ZPRS,EUR,2021-11-30,90.62,91.12,89.85,90.43,24827,203,90.4765
IE00BCBJG560,139185348,ZPRS,EUR,2021-12-01,91.02,91.89,89.14,91.87,27776,153,91.418
IE00BCBJG560,139185348,ZPRS,EUR,2021-12-02,89.49,90.58,88.67,89.87,22747,155,89.343
IE00BCBJG560,139185348,ZPRS,EUR,2021-12-03,90.49,91.05,89.16,89.6,7839,85,90.386
IE00BCBJG560,139185348,ZPRS,EUR,2021-12-06,89.94,91.31,89.5,90.89,21019,99,90.092
IE00BCBJG560,139185348,ZPRS,EUR,2021-12-07,92.27,93.98,91.45,93.34,10366,103,92.553
IE00BCBJG560,139185348,ZPRS,EUR,2021-12-08,92.79,93.46,92.36,92.63,21953,129,92.842
IE00BCBJG560,139185348,ZPRS,EUR,2021-12-09,92.89,92.89,92.1,92.32,5087,45,92.5155
IE00BCBJG560,139185348,ZPRS,EUR,2021-12-10,91.97,92.33,91.0,91.27,11493,88,91.652
IE00BCBJG560,139185348,ZPRS,EUR,2021-12-13,91.99,91.99,90.35,90.77,19027,106,91.172
IE00BCBJG560,139185348,ZPRS,EUR,2021-12-14,90.88,91.19,89.9,90.12,7806,78,90.45
IE00BCBJG560,139185348,ZPRS,EUR,2021-12-15,90.5,90.5,89.38,89.38,17219,121,90.091
IE00BCBJG560,139185348,ZPRS,EUR,2021-12-16,91.43,91.79,89.95,90.95,2543,50,91.23
IE00BCBJG560,139185348,ZPRS,EUR,2021-12-17,90.15,90.7,89.15,90.59,17059,85,89.8965
IE00BCBJG560,139185348,ZPRS,EUR,2021-12-20,89.04,89.09,87.92,87.92,23116,192,88.647
IE00BCBJG560,139185348,ZPRS,EUR,2021-12-21,89.64,90.34,89.1,90.3,35688,142,89.7465
IE00BCBJG560,139185348,ZPRS,EUR,2021-12-22,91.06,91.13,90.56,91.13,9758,80,90.715
IE00BCBJG560,139185348,ZPRS,EUR,2021-12-23,91.9,92.47,91.82,92.47,4811,30,92.2555
IE00BCBJG560,139185348,ZPRS,EUR,2021-12-27,92.05,92.86,92.01,92.66,5851,52,92.43
IE00BCBJG560,139185348,ZPRS,EUR,2021-12-28,92.69,93.83,92.69,93.03,3322,51,93.3145
IE00BCBJG560,139185348,ZPRS,EUR,2021-12-29,93.47,93.74,92.72,93.08,12041,53,93.2935
IE00BCBJG560,139185348,ZPRS,EUR,2021-12-30,93.36,93.48,93.12,93.26,1507,22,93.3125
IE00BCBJG560,139185348,ZPRS,EUR,2022-01-03,93.75,94.37,93.31,93.58,13755,77,93.8115
IE00BCBJG560,139185348,ZPRS,EUR,2022-01-04,94.38,94.85,93.93,94.22,9491,87,94.6
IE00BCBJG560,139185348,ZPRS,EUR,2022-01-05,94.56,94.6,92.59,94.07,28956,63,94.27
IE00BCBJG560,139185348,ZPRS,EUR,2022-01-06,92.17,93.02,91.67,92.36,7192,68,92.1625
IE00BCBJG560,139185348,ZPRS,EUR,2022-01-07,92.15,92.47,91.39,91.75,7288,65,91.99
IE00BCBJG560,139185348,ZPRS,EUR,2022-01-10,92.11,92.19,89.75,90.17,5867,80,91.0835
IE00BCBJG560,139185348,ZPRS,EUR,2022-01-11,91.11,91.39,90.56,91.02,19328,64,90.852
IE00BCBJG560,139185348,ZPRS,EUR,2022-01-12,92.11,92.31,91.28,91.31,30627,68,91.6275
IE00BCBJG560,139185348,ZPRS,EUR,2022-01-13,90.74,91.77,90.74,91.54,27347,54,91.3955
IE00BCBJG560,139185348,ZPRS,EUR,2022-01-14,90.6,90.8,89.75,90.02,9171,79,90.292
IE00BCBJG560,139185348,ZPRS,EUR,2022-01-17,90.6,91.07,90.44,90.92,6955,60,90.774
IE00BCBJG560,139185348,ZPRS,EUR,2022-01-18,90.62,90.62,89.5,89.63,6819,64,89.861
IE00BCBJG560,139185348,ZPRS,EUR,2022-01-19,89.06,89.75,88.18,88.5,12444,35,89.386
IE00BCBJG560,139185348,ZPRS,EUR,2022-01-20,88.51,89.62,88.19,89.62,7172,55,89.0635
IE00BCBJG560,139185348,ZPRS,EUR,2022-01-21,87.06,87.49,85.62,87.07,13406,124,86.8665
IE00BCBJG560,139185348,ZPRS,EUR,2022-01-24,86.02,86.42,82.99,83.75,13481,171,84.638
IE00BCBJG560,139185348,ZPRS,EUR,2022-01-25,85.89,86.27,84.42,84.73,12975,89,85.29
IE00BCBJG560,139185348,ZPRS,EUR,2022-01-26,85.63,87.2,85.49,86.6,17665,77,86.8795
IE00BCBJG560,139185348,ZPRS,EUR,2022-01-27,84.58,86.82,84.5,86.17,8632,87,85.3915
IE00BCBJG560,139185348,ZPRS,EUR,2022-01-28,84.79,85.23,83.58,84.41,17633,138,84.108
IE00BCBJG560,139185348,ZPRS,EUR,2022-01-31,85.52,87.01,85.18,86.2,10290,80,85.702
IE00BCBJG560,139185348,ZPRS,EUR,2022-02-01,87.13,87.95,86.53,87.68,34233,82,86.9165
IE00BCBJG560,139185348,ZPRS,EUR,2022-02-02,88.21,88.32,87.13,87.13,27907,114,87.904
IE00BCBJG560,139185348,ZPRS,EUR,2022-02-03,87.43,87.5,85.69,85.95,13880,100,86.6325
IE00BCBJG560,139185348,ZPRS,EUR,2022-02-04,86.13,86.13,84.4,85.09,13281,78,84.901
IE00BCBJG560,139185348,ZPRS,EUR,2022-02-07,85.43,86.0,84.77,85.65,17924,79,85.5645
IE00BCBJG560,139185348,ZPRS,EUR,2022-02-08,85.94,86.67,85.42,86.36,11072,47,85.938
IE00BCBJG560,139185348,ZPRS,EUR,2022-02-09,87.2,88.19,87.2,87.92,13249,35,87.469
IE00BCBJG560,139185348,ZPRS,EUR,2022-02-10,88.2,88.38,86.5,87.87,4417,26,87.8265
IE00BCBJG560,139185348,ZPRS,EUR,2022-02-11,86.91,87.96,86.67,87.33,13624,35,87.2175
IE00BCBJG560,139185348,ZPRS,EUR,2022-02-14,86.61,87.03,85.75,86.87,11105,105,86.4635
IE00BCBJG560,139185348,ZPRS,EUR,2022-02-15,85.82,87.71,85.82,87.51,7172,60,87.4025
IE00BCBJG560,139185348,ZPRS,EUR,2022-02-16,87.6,88.19,87.59,87.77,12473,53,87.8525
IE00BCBJG560,139185348,ZPRS,EUR,2022-02-17,87.77,87.92,86.98,87.37,206908,677,87.412
IE00BCBJG560,139185348,ZPRS,EUR,2022-02-18,87.12,87.12,86.03,86.11,5993,64,86.638
IE00BCBJG560,139185348,ZPRS,EUR,2022-02-21,86.72,86.72,84.0,85.06,4936,65,85.49
IE00BCBJG560,139185348,ZPRS,EUR,2022-02-22,84.28,86.39,84.2,85.36,247436,684,85.7225
IE00BCBJG560,139185348,ZPRS,EUR,2022-02-23,85.55,85.99,84.34,84.7,32360,92,85.426
IE00BCBJG560,139185348,ZPRS,EUR,2022-02-24,82.91,84.35,81.31,83.73,21097,147,82.799
IE00BCBJG560,139185348,ZPRS,EUR,2022-02-25,84.79,86.86,84.59,86.21,7756,70,85.355
IE00BCBJG560,139185348,ZPRS,EUR,2022-02-28,85.11,87.75,85.11,87.75,19609,103,86.246
IE00BCBJG560,139185348,ZPRS,EUR,2022-03-01,88.58,88.58,86.53,86.53,19447,84,87.2655
IE00BCBJG560,139185348,ZPRS,EUR,2022-03-02,86.2,88.05,86.2,87.65,12380,64,86.9445
IE00BCBJG560,139185348,ZPRS,EUR,2022-03-03,88.03,88.67,87.03,87.04,4566,42,87.5745
IE00BCBJG560,139185348,ZPRS,EUR,2022-03-04,87.35,87.35,85.82,85.82,11022,67,86.542
IE00BCBJG560,139185348,ZPRS,EUR,2022-03-07,86.0,86.46,84.36,85.51,29727,127,85.4325
IE00BCBJG560,139185348,ZPRS,EUR,2022-03-08,84.1,85.23,83.74,84.14,10140,92,84.291
IE00BCBJG560,139185348,ZPRS,EUR,2022-03-09,84.58,86.14,84.58,85.65,22065,89,85.0735
IE00BCBJG560,139185348,ZPRS,EUR,2022-03-10,85.54,85.84,84.56,85.0,5828,44,85.3325
IE00BCBJG560,139185348,ZPRS,EUR,2022-03-11,86.02,87.34,85.71,86.12,5183,49,86.571
IE00BCBJG560,139185348,ZPRS,EUR,2022-03-14,86.6,86.6,84.99,85.09,20453,102,85.9175
IE00BCBJG560,139185348,ZPRS,EUR,2022-03-15,84.48,85.3,83.6,85.24,7773,59,84.6375
IE00BCBJG560,139185348,ZPRS,EUR,2022-03-16,86.6,87.89,86.04,87.36,29162,117,86.7705
IE00BCBJG560,139185348,ZPRS,EUR,2022-03-17,88.01,88.3,87.21,87.86,7757,49,87.7595
IE00BCBJG560,139185348,ZPRS,EUR,2022-03-18,88.58,89.4,88.21,89.05,5036,56,88.6815
IE00BCBJG560,139185348,ZPRS,EUR,2022-03-21,89.53,89.9,89.11,89.47,21531,67,89.4765
IE00BCBJG560,139185348,ZPRS,EUR,2022-03-22,89.77,90.46,89.67,89.97,6076,70,90.0295
IE00BCBJG560,139185348,ZPRS,EUR,2022-03-23,90.56,90.57,89.45,89.53,29524,76,89.8375
IE00BCBJG560,139185348,ZPRS,EUR,2022-03-24,89.73,89.73,89.06,89.21,8145,62,89.3915
IE00BCBJG560,139185348,ZPRS,EUR,2022-03-25,89.91,89.99,89.39,89.71,3322,35,89.626
IE00BCBJG560,139185348,ZPRS,EUR,2022-03-28,90.04,90.25,88.88,89.33,5085,57,89.868
IE00BCBJG560,139185348,ZPRS,EUR,2022-03-29,90.12,90.65,89.88,90.51,30473,93,90.089
IE00BCBJG560,139185348,ZPRS,EUR,2022-03-30,90.77,90.77,89.83,90.05,12451,53,90.308
IE00BCBJG560,139185348,ZPRS,EUR,2022-03-31,89.28,90.04,89.28,89.6,14287,52,89.7805
IE00BCBJG560,139185348,ZPRS,EUR,2022-04-01,89.36,89.98,89.34,89.64,6961,65,89.626
IE00BCBJG560,139185348,ZPRS,EUR,2022-04-04,90.01,90.89,89.84,90.38,10982,84,90.3295
IE00BCBJG560,139185348,ZPRS,EUR,2022-04-05,90.71,91.1,90.29,90.35,12335,73,90.787
IE00BCBJG560,139185348,ZPRS,EUR,2022-04-06,90.02,90.05,88.08,88.35,22074,131,89.04
IE00BCBJG560,139185348,ZPRS,EUR,2022-04-07,88.21,88.82,87.74,87.74,15958,101,88.466
IE00BCBJG560,139185348,ZPRS,EUR,2022-04-08,89.01,89.08,88.44,88.81,8715,67,88.736
IE00BCBJG560,139185348,ZPRS,EUR,2022-04-11,87.61,88.51,87.49,88.13,11078,97,87.8305
IE00BCBJG560,139185348,ZPRS,EUR,2022-04-12,87.65,89.06,87.25,89.0,39065,80,87.939
IE00BCBJG560,139185348,ZPRS,EUR,2022-04-13,88.5,88.87,88.19,88.87,7799,51,88.5185
IE00BCBJG560,139185348,ZPRS,EUR,2022-04-14,88.86,89.94,88.78,89.64,11267,43,89.726
IE00BCBJG560,139185348,ZPRS,EUR,2022-04-19,88.81,90.32,88.46,89.8,7033,62,88.9165
IE00BCBJG560,139185348,ZPRS,EUR,2022-04-20,90.35,90.59,89.82,90.26,9885,67,90.246
IE00BCBJG560,139185348,ZPRS,EUR,2022-04-21,90.32,90.86,88.42,89.93,9061,65,90.4655
IE00BCBJG560,139185348,ZPRS,EUR,2022-04-22,88.5,88.98,87.36,87.67,4537,55,88.437
IE00BCBJG560,139185348,ZPRS,EUR,2022-04-25,85.94,87.11,85.94,86.35,11734,64,86.451
IE00BCBJG560,139185348,ZPRS,EUR,2022-04-26,87.22,87.61,85.94,86.23,5618,54,86.956
IE00BCBJG560,139185348,ZPRS,EUR,2022-04-27,86.11,87.03,85.63,86.64,18006,70,86.5215
IE00BCBJG560,139185348,ZPRS,EUR,2022-04-28,87.45,88.15,86.15,86.58,8243,43,87.248
IE00BCBJG560,139185348,ZPRS,EUR,2022-04-29,88.03,88.51,86.51,87.82,25540,73,88.007
IE00BCBJG560,139185348,ZPRS,EUR,2022-05-02,86.2,86.68,85.26,85.94,11399,106,86.1985
IE00BCBJG560,139185348,ZPRS,EUR,2022-05-03,86.69,87.13,86.1,87.04,25575,112,86.595
IE00BCBJG560,139185348,ZPRS,EUR,2022-05-04,87.18,87.5,86.02,86.02,8199,75,86.708
IE00BCBJG560,139185348,ZPRS,EUR,2022-05-05,88.37,88.37,85.48,85.76,9170,57,87.953
IE00BCBJG560,139185348,ZPRS,EUR,2022-05-06,85.6,86.09,83.41,84.16,19205,121,85.1755
IE00BCBJG560,139185348,ZPRS,EUR,2022-05-09,84.07,84.07,80.75,81.62,6294,100,82.9015
IE00BCBJG560,139185348,ZPRS,EUR,2022-05-10,81.07,82.24,80.11,80.51,218060,942,81.5305
IE00BCBJG560,139185348,ZPRS,EUR,2022-05-11,81.31,82.19,80.26,82.03,243658,931,81.5465
IE00BCBJG560,139185348,ZPRS,EUR,2022-05-12,79.98,81.98,79.69,81.4,9512,81,80.2385
IE00BCBJG560,139185348,ZPRS,EUR,2022-05-13,81.98,83.74,81.75,83.7,10362,81,82.5715
IE00BCBJG560,139185348,ZPRS,EUR,2022-05-16,83.35,83.84,82.96,83.35,6512,66,83.4055
IE00BCBJG560,139185348,ZPRS,EUR,2022-05-17,83.52,84.56,83.49,84.19,13538,57,84.17
IE00BCBJG560,139185348,ZPRS,EUR,2022-05-18,84.6,84.6,82.61,83.15,2232,25,83.885
IE00BCBJG560,139185348,ZPRS,EUR,2022-05-19,82.72,82.72,81.48,82.34,27194,98,82.02
IE00BCBJG560,139185348,ZPRS,EUR,2022-05-20,82.83,83.41,81.21,81.92,2659,30,83.0265
IE00BCBJG560,139185348,ZPRS,EUR,2022-05-23,83.5,83.5,82.03,82.73,7514,44,82.49
IE00BCBJG560,139185348,ZPRS,EUR,2022-05-24,81.64,82.01,80.34,80.41,3381,45,81.2605
IE00BCBJG560,139185348,ZPRS,EUR,2022-05-25,82.07,82.48,81.25,82.2,13151,52,82.0095
IE00BCBJG560,139185348,ZPRS,EUR,2022-05-26,82.47,83.88,82.47,83.71,685,19,83.145
IE00BCBJG560,139185348,ZPRS,EUR,2022-05-27,83.35,85.39,83.35,85.11,2810,35,84.53
IE00BCBJG560,139185348,ZPRS,EUR,2022-05-30,85.59,86.09,85.43,85.43,3917,40,85.769
IE00BCBJG560,139185348,ZPRS,EUR,2022-05-31,85.25,85.33,84.49,84.49,3588,39,85.0325
IE00BCBJG560,139185348,ZPRS,EUR,2022-06-01,85.33,85.33,83.94,84.2,7914,56,85.0055
IE00BCBJG560,139185348,ZPRS,EUR,2022-06-02,84.59,85.13,84.43,85.12,5037,20,84.8195
IE00BCBJG560,139185348,ZPRS,EUR,2022-06-03,85.73,85.74,84.78,84.78,2243,31,85.132
IE00BCBJG560,139185348,ZPRS,EUR,2022-06-06,85.58,86.0,85.58,85.69,1483,26,85.812
IE00BCBJG560,139185348,ZPRS,EUR,2022-06-07,84.96,85.94,84.8,85.6,25278,45,85.2025
IE00BCBJG560,139185348,ZPRS,EUR,2022-06-08,86.31,86.31,85.07,85.7,2834,35,85.8625
IE00BCBJG560,139185348,ZPRS,EUR,2022-06-09,85.17,85.51,84.4,84.5,3589,36,85.35
IE00BCBJG560,139185348,ZPRS,EUR,2022-06-10,84.07,84.07,82.13,82.13,4879,62,82.9105
IE00BCBJG560,139185348,ZPRS,EUR,2022-06-13,81.58,81.63,79.22,79.63,16992,124,79.832
IE00BCBJG560,139185348,ZPRS,EUR,2022-06-14,79.76,80.14,78.77,79.04,8961,88,79.268
IE00BCBJG560,139185348,ZPRS,EUR,2022-06-15,79.03,80.71,78.5,79.71,5557,45,79.0205
IE00BCBJG560,139185348,ZPRS,EUR,2022-06-16,79.84,79.84,75.68,76.7,5447,91,77.435
IE00BCBJG560,139185348,ZPRS,EUR,2022-06-17,76.34,77.66,76.34,77.18,8555,87,77.3
IE00BCBJG560,139185348,ZPRS,EUR,2022-06-20,77.03,78.03,76.75,77.51,2748,36,77.175
IE00BCBJG560,139185348,ZPRS,EUR,2022-06-21,77.45,78.26,77.39,78.07,12511,51,77.8215
IE00BCBJG560,139185348,ZPRS,EUR,2022-06-22,77.07,77.65,76.46,77.42,17043,81,76.862
IE00BCBJG560,139185348,ZPRS,EUR,2022-06-23,77.32,78.08,76.67,77.64,12502,80,77.627
IE00BCBJG560,139185348,ZPRS,EUR,2022-06-24,78.11,79.97,78.11,79.52,6267,44,78.6455
IE00BCBJG560,139185348,ZPRS,EUR,2022-06-27,79.9,80.45,79.79,80.18,6774,69,80.2375
IE00BCBJG560,139185348,ZPRS,EUR,2022-06-28,80.92,81.43,79.87,80.27,5021,47,80.7965
IE00BCBJG560,139185348,ZPRS,EUR,2022-06-29,79.72,79.76,78.85,79.07,7166,61,79.2615
IE00BCBJG560,139185348,ZPRS,EUR,2022-06-30,78.74,78.74,77.71,78.27,1981,35,78.292
IE00BCBJG560,139185348,ZPRS,EUR,2022-07-01,77.54,79.45,77.54,78.88,5198,54,78.4915
IE00BCBJG560,139185348,ZPRS,EUR,2022-07-04,79.37,79.37,78.77,79.01,6991,50,79.078
IE00BCBJG560,139185348,ZPRS,EUR,2022-07-05,79.52,79.68,78.44,78.81,5654,50,79.2045
IE00BCBJG560,139185348,ZPRS,EUR,2022-07-06,80.19,81.04,80.0,80.0,3776,49,80.5595
IE00BCBJG560,139185348,ZPRS,EUR,2022-07-07,80.46,82.46,80.46,82.25,15353,53,81.4045
IE00BCBJG560,139185348,ZPRS,EUR,2022-07-08,82.25,82.83,81.95,82.77,8597,55,82.521
IE00BCBJG560,139185348,ZPRS,EUR,2022-07-11,82.03,82.52,81.43,81.86,983,26,82.158
IE00BCBJG560,139185348,ZPRS,EUR,2022-07-12,81.9,82.19,81.34,82.13,5746,29,81.7775
IE00BCBJG560,139185348,ZPRS,EUR,2022-07-13,82.05,82.62,80.91,81.11,24569,42,81.599
IE00BCBJG560,139185348,ZPRS,EUR,2022-07-14,81.11,81.11,80.06,80.06,9246,34,80.615
IE00BCBJG560,139185348,ZPRS,EUR,2022-07-15,80.82,81.84,80.66,81.41,2176,27,81.085
IE00BCBJG560,139185348,ZPRS,EUR,2022-07-18,82.34,82.57,81.95,82.49,4614,28,82.3745
IE00BCBJG560,139185348,ZPRS,EUR,2022-07-19,81.68,83.0,81.21,82.85,6659,39,81.738
IE00BCBJG560,139185348,ZPRS,EUR,2022-07-20,83.71,84.32,83.15,83.95,28038,52,83.5545
IE00BCBJG560,139185348,ZPRS,EUR,2022-07-21,84.25,84.75,83.96,84.38,3686,27,84.1805
IE00BCBJG560,139185348,ZPRS,EUR,2022-07-22,84.77,85.63,84.25,84.6,5153,44,85.1205
IE00BCBJG560,139185348,ZPRS,EUR,2022-07-25,83.9,84.56,83.9,84.46,2449,34,84.3215
IE00BCBJG560,139185348,ZPRS,EUR,2022-07-26,84.46,85.05,84.23,84.49,7482,35,84.725
IE00BCBJG560,139185348,ZPRS,EUR,2022-07-27,85.07,85.82,84.7,85.07,2798,30,84.937
IE00BCBJG560,139185348,ZPRS,EUR,2022-07-28,85.72,86.7,85.48,86.49,3454,33,86.059
IE00BCBJG560,139185348,ZPRS,EUR,2022-07-29,86.54,87.59,86.54,87.2,10475,49,87.3775
IE00BCBJG560,139185348,ZPRS,EUR,2022-08-01,87.42,87.77,86.84,87.2,5326,47,87.2965
IE00BCBJG560,139185348,ZPRS,EUR,2022-08-02,86.98,88.09,86.65,87.33,6717,41,86.9575
IE00BCBJG560,139185348,ZPRS,EUR,2022-08-03,87.39,88.33,87.39,88.02,4936,25,87.879
IE00BCBJG560,139185348,ZPRS,EUR,2022-08-04,88.25,88.66,87.37,87.66,14463,40,88.3245
IE00BCBJG560,139185348,ZPRS,EUR,2022-08-05,87.97,88.23,87.23,87.64,12899,37,87.6765
IE00BCBJG560,139185348,ZPRS,EUR,2022-08-08,88.5,89.34,88.18,89.02,1949,35,88.8065
IE00BCBJG560,139185348,ZPRS,EUR,2022-08-09,88.71,88.92,87.16,87.51,7304,39,88.34
IE00BCBJG560,139185348,ZPRS,EUR,2022-08-10,87.57,89.18,87.54,88.78,2036,30,88.152
IE00BCBJG560,139185348,ZPRS,EUR,2022-08-11,89.81,90.07,89.19,89.72,7403,41,89.4745
IE00BCBJG560,139185348,ZPRS,EUR,2022-08-12,89.47,90.64,89.47,90.64,609,30,90.0075
IE00BCBJG560,139185348,ZPRS,EUR,2022-08-15,90.83,92.1,90.69,91.05,4817,48,90.916
IE00BCBJG560,139185348,ZPRS,EUR,2022-08-16,91.5,92.0,91.06,91.51,8475,44,91.684
IE00BCBJG560,139185348,ZPRS,EUR,2022-08-17,91.74,91.74,90.16,90.19,7932,52,91.0585
IE00BCBJG560,139185348,ZPRS,EUR,2022-08-18,90.16,91.16,90.16,91.16,19645,51,90.715
IE00BCBJG560,139185348,ZPRS,EUR,2022-08-19,90.49,90.84,89.81,90.09,3326,21,90.5295
IE00BCBJG560,139185348,ZPRS,EUR,2022-08-22,89.67,90.19,89.18,89.61,5073,34,89.514
IE00BCBJG560,139185348,ZPRS,EUR,2022-08-23,88.81,89.73,88.81,89.39,7018,41,89.3585
IE00BCBJG560,139185348,ZPRS,EUR,2022-08-24,89.33,90.2,89.26,89.93,16241,36,89.787
IE00BCBJG560,139185348,ZPRS,EUR,2022-08-25,90.06,90.7,89.93,90.43,1309,21,90.24
IE00BCBJG560,139185348,ZPRS,EUR,2022-08-26,90.6,90.81,88.36,88.82,5794,51,89.3895
IE00BCBJG560,139185348,ZPRS,EUR,2022-08-29,88.1,88.1,87.15,87.62,2148,34,87.443
IE00BCBJG560,139185348,ZPRS,EUR,2022-08-30,87.38,88.2,86.05,86.55,5933,47,87.7645
IE00BCBJG560,139185348,ZPRS,EUR,2022-08-31,86.56,86.86,85.86,85.99,4427,61,86.5205
IE00BCBJG560,139185348,ZPRS,EUR,2022-09-01,85.59,85.59,84.51,84.93,8885,62,84.992
IE00BCBJG560,139185348,ZPRS,EUR,2022-09-02,85.12,85.9,84.94,85.77,5472,42,85.1995
IE00BCBJG560,139185348,ZPRS,EUR,2022-09-05,85.57,85.57,84.96,85.42,8801,55,85.242
IE00BCBJG560,139185348,ZPRS,EUR,2022-09-06,85.42,85.82,84.48,84.9,33326,97,85.351
IE00BCBJG560,139185348,ZPRS,EUR,2022-09-07,84.17,84.6,84.16,84.54,7033,67,84.4005
IE00BCBJG560,139185348,ZPRS,EUR,2022-09-08,85.4,86.16,84.93,85.97,4871,46,85.1655
IE00BCBJG560,139185348,ZPRS,EUR,2022-09-09,86.0,87.14,85.6,87.08,10099,48,86.701
IE00BCBJG560,139185348,ZPRS,EUR,2022-09-12,87.18,87.8,86.21,87.53,4308,35,87.3435
IE00BCBJG560,139185348,ZPRS,EUR,2022-09-13,87.99,88.08,86.0,86.16,10579,46,87.559
IE00BCBJG560,139185348,ZPRS,EUR,2022-09-14,86.08,86.08,85.41,85.55,1583,14,85.635
IE00BCBJG560,139185348,ZPRS,EUR,2022-09-15,85.68,86.11,85.17,85.3,5752,34,85.844
IE00BCBJG560,139185348,ZPRS,EUR,2022-09-16,84.46,84.55,83.25,83.64,4186,28,84.0995
IE00BCBJG560,139185348,ZPRS,EUR,2022-09-19,83.71,84.13,83.08,83.81,3946,22,83.7275
IE00BCBJG560,139185348,ZPRS,EUR,2022-09-20,84.59,84.72,83.09,83.41,17147,47,83.9785
IE00BCBJG560,139185348,ZPRS,EUR,2022-09-21,83.62,84.62,83.62,84.62,3486,17,84.309
IE00BCBJG560,139185348,ZPRS,EUR,2022-09-22,83.25,83.66,82.27,82.27,3951,50,83.2705
IE00BCBJG560,139185348,ZPRS,EUR,2022-09-23,81.95,81.99,80.46,80.59,4915,44,81.2625
IE00BCBJG560,139185348,ZPRS,EUR,2022-09-26,80.42,81.39,80.03,80.83,3414,35,80.7985
IE00BCBJG560,139185348,ZPRS,EUR,2022-09-27,80.99,81.05,79.96,80.51,14078,39,80.6445
IE00BCBJG560,139185348,ZPRS,EUR,2022-09-28,80.4,81.29,79.42,81.24,7104,43,80.3285
IE00BCBJG560,139185348,ZPRS,EUR,2022-09-29,80.79,80.79,78.8,79.11,32058,55,79.446
IE00BCBJG560,139185348,ZPRS,EUR,2022-09-30,79.5,80.31,78.97,80.24,40003,124,79.7335
IE00BCBJG560,139185348,ZPRS,EUR,2022-10-03,78.93,80.58,78.72,80.49,5219,34,79.335
IE00BCBJG560,139185348,ZPRS,EUR,2022-10-04,81.85,82.7,81.43,82.44,17346,58,82.0965
IE00BCBJG560,139185348,ZPRS,EUR,2022-10-05,82.48,82.48,81.74,82.0,3803,26,82.069
IE00BCBJG560,139185348,ZPRS,EUR,2022-10-06,82.52,83.21,81.95,82.72,5272,30,82.6515
IE00BCBJG560,139185348,ZPRS,EUR,2022-10-07,82.52,83.69,81.28,81.3,13205,72,82.0285
IE00BCBJG560,139185348,ZPRS,EUR,2022-10-10,80.96,81.57,80.84,81.0,6903,43,81.1835
IE00BCBJG560,139185348,ZPRS,EUR,2022-10-11,81.0,81.0,79.66,80.8,5282,37,80.2615
IE00BCBJG560,139185348,ZPRS,EUR,2022-10-12,80.78,81.26,79.91,80.1,12964,34,80.322
IE00BCBJG560,139185348,ZPRS,EUR,2022-10-13,80.18,81.44,78.64,80.62,19182,70,79.8875
IE00BCBJG560,139185348,ZPRS,EUR,2022-10-14,82.05,82.5,80.37,81.04,3814,30,81.809
IE00BCBJG560,139185348,ZPRS,EUR,2022-10-17,80.34,81.74,80.34,81.51,14496,46,81.195
IE00BCBJG560,139185348,ZPRS,EUR,2022-10-18,82.17,82.67,81.67,81.67,11621,42,82.3145
IE00BCBJG560,139185348,ZPRS,EUR,2022-10-19,82.06,82.14,81.11,81.25,10798,15,81.9755
IE00BCBJG560,139185348,ZPRS,EUR,2022-10-20,80.96,81.76,80.61,81.44,15526,38,81.037
IE00BCBJG560,139185348,ZPRS,EUR,2022-10-21,80.5,81.21,79.88,80.63,4030,24,80.141
IE00BCBJG560,139185348,ZPRS,EUR,2022-10-24,81.33,82.01,80.81,81.2,6929,36,81.141
IE00BCBJG560,139185348,ZPRS,EUR,2022-10-25,81.35,82.69,81.26,82.67,8844,38,81.5905
IE00BCBJG560,139185348,ZPRS,EUR,2022-10-26,82.48,83.6,82.48,83.54,17087,30,82.761
IE00BCBJG560,139185348,ZPRS,EUR,2022-10-27,82.76,84.04,82.74,83.91,7214,26,83.3895
IE00BCBJG560,139185348,ZPRS,EUR,2022-10-28,83.28,84.21,82.7,83.71,6453,36,83.34
IE00BCBJG560,139185348,ZPRS,EUR,2022-10-31,84.79,85.2,84.06,84.99,3411,26,84.483
IE00BCBJG560,139185348,ZPRS,EUR,2022-11-01,85.49,85.68,85.22,85.49,5462,45,85.3745
IE00BCBJG560,139185348,ZPRS,EUR,2022-11-02,85.4,85.42,83.89,84.66,8882,44,85.1025
IE00BCBJG560,139185348,ZPRS,EUR,2022-11-03,83.87,84.2,83.0,83.92,14060,40,83.3385
IE00BCBJG560,139185348,ZPRS,EUR,2022-11-04,83.85,84.47,82.91,83.17,11534,50,83.866
IE00BCBJG560,139185348,ZPRS,EUR,2022-11-07,83.33,84.12,83.26,83.72,3123,35,83.795
IE00BCBJG560,139185348,ZPRS,EUR,2022-11-08,83.73,84.46,83.09,84.46,18437,54,84.0285
IE00BCBJG560,139185348,ZPRS,EUR,2022-11-09,83.75,83.91,83.27,83.27,2166,23,83.525
IE00BCBJG560,139185348,ZPRS,EUR,2022-11-10,82.84,85.78,82.79,85.78,10514,88,84.456
IE00BCBJG560,139185348,ZPRS,EUR,2022-11-11,86.3,86.73,85.47,85.6,6800,43,85.959
IE00BCBJG560,139185348,ZPRS,EUR,2022-11-14,86.05,86.05,85.03,85.29,5341,35,85.516
IE00BCBJG560,139185348,ZPRS,EUR,2022-11-15,85.37,85.98,84.78,85.97,7037,41,85.5735
IE00BCBJG560,139185348,ZPRS,EUR,2022-11-16,85.72,85.72,84.2,84.22,6204,46,84.7295
IE00BCBJG560,139185348,ZPRS,EUR,2022-11-17,84.47,84.72,83.47,83.54,5892,47,83.8
IE00BCBJG560,139185348,ZPRS,EUR,2022-11-18,83.92,84.71,83.75,84.4,5722,33,84.354
IE00BCBJG560,139185348,ZPRS,EUR,2022-11-21,84.83,84.97,84.37,84.54,6724,27,84.847
IE00BCBJG560,139185348,ZPRS,EUR,2022-11-22,84.55,85.48,84.5,85.16,13358,56,85.151
IE00BCBJG560,139185348,ZPRS,EUR,2022-11-23,85.16,85.69,85.09,85.6,7015,34,85.5505
IE00BCBJG560,139185348,ZPRS,EUR,2022-11-24,85.08,85.88,85.08,85.76,4664,25,85.717
IE00BCBJG560,139185348,ZPRS,EUR,2022-11-25,85.43,85.84,85.42,85.78,1697,27,85.7265
IE00BCBJG560,139185348,ZPRS,EUR,2022-11-28,85.7,85.7,84.42,84.86,1907,28,85.0145
IE00BCBJG560,139185348,ZPRS,EUR,2022-11-29,84.84,84.92,84.56,84.57,13063,33,84.7625
IE00BCBJG560,139185348,ZPRS,EUR,2022-11-30,84.75,85.82,84.25,84.8,2466,27,84.438
IE00BCBJG560,139185348,ZPRS,EUR,2022-12-01,86.19,86.25,85.44,85.69,8042,56,86.0395
IE00BCBJG560,139185348,ZPRS,EUR,2022-12-02,85.39,85.69,84.75,85.57,7384,69,85.388
IE00BCBJG560,139185348,ZPRS,EUR,2022-12-05,85.46,85.46,83.94,84.22,5559,41,85.3265
IE00BCBJG560,139185348,ZPRS,EUR,2022-12-06,84.26,84.26,82.94,83.14,6905,27,83.7845
IE00BCBJG560,139185348,ZPRS,EUR,2022-12-07,83.39,83.39,82.35,82.86,10472,38,82.8805
IE00BCBJG560,139185348,ZPRS,EUR,2022-12-08,82.68,83.42,82.63,82.87,15086,36,82.845
IE00BCBJG560,139185348,ZPRS,EUR,2022-12-09,82.82,83.33,82.74,83.11,3675,26,83.1285
IE00BCBJG560,139185348,ZPRS,EUR,2022-12-12,82.25,82.85,82.19,82.85,12355,31,82.709
IE00BCBJG560,139185348,ZPRS,EUR,2022-12-13,83.31,84.96,83.1,83.64,16899,57,84.242
IE00BCBJG560,139185348,ZPRS,EUR,2022-12-14,83.54,83.67,82.88,83.67,12453,41,83.4965
IE00BCBJG560,139185348,ZPRS,EUR,2022-12-15,82.48,82.57,80.72,80.95,16315,158,81.727
IE00BCBJG560,139185348,ZPRS,EUR,2022-12-16,81.11,81.11,79.91,80.37,6666,63,80.306
IE00BCBJG560,139185348,ZPRS,EUR,2022-12-19,80.89,80.96,79.76,80.06,9615,49,80.8075
IE00BCBJG560,139185348,ZPRS,EUR,2022-12-20,79.27,80.05,79.19,79.97,13236,40,79.759
IE00BCBJG560,139185348,ZPRS,EUR,2022-12-21,80.27,81.46,80.25,81.43,11600,31,80.6515
IE00BCBJG560,139185348,ZPRS,EUR,2022-12-22,81.52,81.52,79.4,80.13,16461,51,80.455
IE00BCBJG560,139185348,ZPRS,EUR,2022-12-23,80.66,80.75,80.1,80.43,31807,39,80.591
IE00BCBJG560,139185348,ZPRS,EUR,2022-12-27,80.77,81.52,80.2,80.41,4761,39,81.035
IE00BCBJG560,139185348,ZPRS,EUR,2022-12-28,80.4,80.69,79.88,79.88,8457,41,80.4045
IE00BCBJG560,139185348,ZPRS,EUR,2022-12-29,79.68,80.91,79.28,80.72,10853,74,79.9785
IE00BCBJG560,139185348,ZPRS,EUR,2022-12-30,80.27,80.68,80.13,80.13,6725,54,80.426
IE00BCBJG560,139185348,ZPRS,EUR,2023-01-02,80.31,81.9,80.31,81.68,5592,59,81.5695
IE00BCBJG560,139185348,ZPRS,EUR,2023-01-03,81.62,82.32,80.92,81.15,16251,81,81.8425
IE00BCBJG560,139185348,ZPRS,EUR,2023-01-04,81.29,82.05,80.88,81.88,5782,49,81.3695
IE00BCBJG560,139185348,ZPRS,EUR,2023-01-05,81.42,81.9,81.03,81.43,13206,59,81.5275
IE00BCBJG560,139185348,ZPRS,EUR,2023-01-06,81.46,82.48,81.44,82.48,2961,58,81.973
IE00BCBJG560,139185348,ZPRS,EUR,2023-01-09,82.36,82.78,82.28,82.77,7523,53,82.59
IE00BCBJG560,139185348,ZPRS,EUR,2023-01-10,81.98,82.57,81.81,82.19,3204,27,82.0665
IE00BCBJG560,139185348,ZPRS,EUR,2023-01-11,82.8,83.72,82.75,83.06,8950,38,83.0315
IE00BCBJG560,139185348,ZPRS,EUR,2023-01-12,83.48,83.82,83.35,83.55,8477,45,83.486
IE00BCBJG560,139185348,ZPRS,EUR,2023-01-13,84.54,84.54,83.6,84.29,6402,48,84.171
IE00BCBJG560,139185348,ZPRS,EUR,2023-01-16,84.39,84.88,84.31,84.67,3992,47,84.61
IE00BCBJG560,139185348,ZPRS,EUR,2023-01-17,84.66,85.08,84.3,84.81,8877,49,84.575
IE00BCBJG560,139185348,ZPRS,EUR,2023-01-18,84.98,85.44,84.63,84.63,5265,45,84.959
IE00BCBJG560,139185348,ZPRS,EUR,2023-01-19,84.13,84.13,82.92,83.03,5402,54,83.428
IE00BCBJG560,139185348,ZPRS,EUR,2023-01-20,83.28,84.19,82.93,83.75,4152,31,83.4645
IE00BCBJG560,139185348,ZPRS,EUR,2023-01-23,83.75,85.41,83.75,84.81,1409,19,84.2995
IE00BCBJG560,139185348,ZPRS,EUR,2023-01-24,85.15,85.15,84.6,84.89,7138,32,84.856
IE00BCBJG560,139185348,ZPRS,EUR,2023-01-25,84.65,84.7,83.72,84.14,3882,33,84.3325
IE00BCBJG560,139185348,ZPRS,EUR,2023-01-26,84.69,85.61,84.69,84.92,5253,37,85.0695
IE00BCBJG560,139185348,ZPRS,EUR,2023-01-27,85.68,85.92,85.22,85.65,5707,40,85.528
IE00BCBJG560,139185348,ZPRS,EUR,2023-01-30,85.89,86.01,84.76,85.49,2570,55,85.307
IE00BCBJG560,139185348,ZPRS,EUR,2023-01-31,85.38,86.24,84.82,85.82,3936,44,85.0605
IE00BCBJG560,139185348,ZPRS,EUR,2023-02-01,86.32,86.49,85.61,85.92,10990,95,86.142
IE00BCBJG560,139185348,ZPRS,EUR,2023-02-02,86.19,88.82,86.19,88.5,5589,101,87.3625
IE00BCBJG560,139185348,ZPRS,EUR,2023-02-03,88.38,88.83,87.89,88.64,4432,60,88.377
IE00BCBJG560,139185348,ZPRS,EUR,2023-02-06,88.27,88.64,87.6,87.89,6047,41,87.8475
IE00BCBJG560,139185348,ZPRS,EUR,2023-02-07,87.64,88.11,87.42,87.68,9524,36,87.8645
IE00BCBJG560,139185348,ZPRS,EUR,2023-02-08,88.66,88.66,87.45,87.68,9187,100,88.064
IE00BCBJG560,139185348,ZPRS,EUR,2023-02-09,87.77,88.26,87.57,87.57,3574,41,88.0195
IE00BCBJG560,139185348,ZPRS,EUR,2023-02-10,86.98,87.19,86.53,86.91,4039,43,86.8585
IE00BCBJG560,139185348,ZPRS,EUR,2023-02-13,87.2,87.79,86.76,87.23,3503,33,87.0325
IE00BCBJG560,139185348,ZPRS,EUR,2023-02-14,87.25,87.9,87.07,87.07,14190,63,87.4175
IE00BCBJG560,139185348,ZPRS,EUR,2023-02-15,87.55,88.56,87.18,87.94,8753,43,87.4525
IE00BCBJG560,139185348,ZPRS,EUR,2023-02-16,88.56,88.6,87.41,88.25,2576,32,88.096
IE00BCBJG560,139185348,ZPRS,EUR,2023-02-17,87.45,87.92,87.36,87.47,993,22,87.587
IE00BCBJG560,139185348,ZPRS,EUR,2023-02-20,87.96,88.03,87.49,87.5,2553,25,87.644
IE00BCBJG560,139185348,ZPRS,EUR,2023-02-21,87.54,87.66,86.38,86.38,8731,32,87.3285
IE00BCBJG560,139185348,ZPRS,EUR,2023-02-22,86.05,86.47,85.85,86.28,5385,22,86.2735
IE00BCBJG560,139185348,ZPRS,EUR,2023-02-23,86.42,87.22,86.42,86.42,4066,33,86.6865
IE00BCBJG560,139185348,ZPRS,EUR,2023-02-24,87.06,87.07,85.98,86.22,2744,33,86.2135
IE00BCBJG560,139185348,ZPRS,EUR,2023-02-27,86.92,87.28,86.51,86.92,4454,44,86.9785
IE00BCBJG560,139185348,ZPRS,EUR,2023-02-28,86.79,87.4,86.21,86.96,8913,55,86.71
IE00BCBJG560,139185348,ZPRS,EUR,2023-03-01,86.57,87.0,85.97,86.06,4721,43,86.402
IE00BCBJG560,139185348,ZPRS,EUR,2023-03-02,86.44,86.8,85.82,86.36,5083,31,86.1765
IE00BCBJG560,139185348,ZPRS,EUR,2023-03-03,86.97,87.46,86.92,87.46,1279,20,87.22
IE00BCBJG560,139185348,ZPRS,EUR,2023-03-06,87.91,87.91,86.48,87.2,5696,44,87.509
IE00BCBJG560,139185348,ZPRS,EUR,2023-03-07,86.95,87.12,86.6,86.65,6140,17,87.0055
IE00BCBJG560,139185348,ZPRS,EUR,2023-03-08,86.66,86.8,86.48,86.48,2535,15,86.653
IE00BCBJG560,139185348,ZPRS,EUR,2023-03-09,86.8,86.8,84.2,86.03,5990,43,86.111
IE00BCBJG560,139185348,ZPRS,EUR,2023-03-10,83.77,84.73,82.1,83.76,3896,70,83.6265
IE00BCBJG560,139185348,ZPRS,EUR,2023-03-13,82.64,83.04,80.0,80.75,7751,94,81.3195
IE00BCBJG560,139185348,ZPRS,EUR,2023-03-14,81.13,82.35,80.72,82.14,19125,64,81.5805
IE00BCBJG560,139185348,ZPRS,EUR,2023-03-15,81.87,81.87,80.4,80.59,9479,53,80.99
IE00BCBJG560,139185348,ZPRS,EUR,2023-03-16,81.38,81.61,80.0,81.34,5175,41,80.801
IE00BCBJG560,139185348,ZPRS,EUR,2023-03-17,81.94,81.97,80.0,80.17,3267,55,81.114
IE00BCBJG560,139185348,ZPRS,EUR,2023-03-20,79.39,80.91,78.75,80.46,7661,55,80.0915
IE00BCBJG560,139185348,ZPRS,EUR,2023-03-21,80.92,81.54,80.91,81.24,13890,35,81.205
IE00BCBJG560,139185348,ZPRS,EUR,2023-03-22,81.39,81.39,79.52,80.8,15468,45,81.1425
IE00BCBJG560,139185348,ZPRS,EUR,2023-03-23,79.87,80.41,79.43,79.92,9200,44,79.8045
IE00BCBJG560,139185348,ZPRS,EUR,2023-03-24,79.92,80.46,78.99,79.53,7774,45,79.4585
IE00BCBJG560,139185348,ZPRS,EUR,2023-03-27,80.69,80.73,80.03,80.22,4508,40,80.366
IE00BCBJG560,139185348,ZPRS,EUR,2023-03-28,80.98,80.98,79.9,80.31,14001,50,80.3535
IE00BCBJG560,139185348,ZPRS,EUR,2023-03-29,81.06,81.28,80.77,80.95,3687,21,80.9515
IE00BCBJG560,139185348,ZPRS,EUR,2023-03-30,81.42,81.73,81.31,81.39,6442,34,81.547
IE00BCBJG560,139185348,ZPRS,EUR,2023-03-31,81.44,82.86,81.24,82.47,11148,35,82.2235
IE00BCBJG560,139185348,ZPRS,EUR,2023-04-03,82.83,82.9,81.98,82.24,4063,38,82.608
IE00BCBJG560,139185348,ZPRS,EUR,2023-04-04,82.38,82.79,80.91,81.08,9956,44,82.46
IE00BCBJG560,139185348,ZPRS,EUR,2023-04-05,81.05,81.07,80.28,80.52,18342,50,80.482
IE00BCBJG560,139185348,ZPRS,EUR,2023-04-06,80.68,80.9,80.4,80.52,3946,16,80.5205
IE00BCBJG560,139185348,ZPRS,EUR,2023-04-11,81.3,81.79,81.3,81.78,11080,32,81.6575
IE00BCBJG560,139185348,ZPRS,EUR,2023-04-12,81.74,82.13,81.4,81.4,11252,43,81.8575
IE00BCBJG560,139185348,ZPRS,EUR,2023-04-13,81.53,81.82,80.97,81.24,3839,27,81.222
IE00BCBJG560,139185348,ZPRS,EUR,2023-04-14,81.35,82.11,81.35,81.63,3965,35,81.6085
IE00BCBJG560,139185348,ZPRS,EUR,2023-04-17,81.86,82.39,81.78,82.21,6076,34,82.114
IE00BCBJG560,139185348,ZPRS,EUR,2023-04-18,82.65,82.76,82.19,82.24,6912,37,82.541
IE00BCBJG560,139185348,ZPRS,EUR,2023-04-19,82.29,82.29,81.78,81.8,1941,34,81.9315
IE00BCBJG560,139185348,ZPRS,EUR,2023-04-20,81.87,82.15,81.59,81.77,3147,17,81.7235
IE00BCBJG560,139185348,ZPRS,EUR,2023-04-21,81.84,81.86,81.44,81.7,2706,31,81.6475
IE00BCBJG560,139185348,ZPRS,EUR,2023-04-24,81.55,81.64,81.26,81.27,1782,22,81.3835
IE00BCBJG560,139185348,ZPRS,EUR,2023-04-25,81.02,81.02,80.54,80.89,14953,51,80.7915
IE00BCBJG560,139185348,ZPRS,EUR,2023-04-26,79.76,80.3,79.37,79.91,4741,65,79.7645
IE00BCBJG560,139185348,ZPRS,EUR,2023-04-27,79.66,80.17,79.64,80.05,1420,20,79.9645
IE00BCBJG560,139185348,ZPRS,EUR,2023-04-28,80.59,81.19,80.28,81.07,2944,28,80.975
IE00BCBJG560,139185348,ZPRS,EUR,2023-05-02,81.55,81.55,79.55,79.69,6726,51,80.202
IE00BCBJG560,139185348,ZPRS,EUR,2023-05-03,80.03,80.29,79.79,80.17,9396,28,80.0395
IE00BCBJG560,139185348,ZPRS,EUR,2023-05-04,79.81,79.81,78.94,79.35,4417,43,79.4725
IE00BCBJG560,139185348,ZPRS,EUR,2023-05-05,79.67,81.14,79.33,80.65,3809,38,80.194
IE00BCBJG560,139185348,ZPRS,EUR,2023-05-08,81.22,81.32,80.81,80.87,5462,30,81.0865
IE00BCBJG560,139185348,ZPRS,EUR,2023-05-09,81.21,81.22,80.85,81.11,8783,30,81.1075
IE00BCBJG560,139185348,ZPRS,EUR,2023-05-10,81.14,81.82,80.62,81.23,4759,31,81.1905
IE00BCBJG560,139185348,ZPRS,EUR,2023-05-11,81.61,81.84,80.73,80.98,6606,42,81.3695
IE00BCBJG560,139185348,ZPRS,EUR,2023-05-12,81.23,81.68,81.18,81.19,2709,25,81.2765
IE00BCBJG560,139185348,ZPRS,EUR,2023-05-15,81.61,82.33,81.19,81.95,12978,46,81.7995
IE00BCBJG560,139185348,ZPRS,EUR,2023-05-16,81.74,82.17,81.3,81.39,8208,63,81.663
IE00BCBJG560,139185348,ZPRS,EUR,2023-05-17,80.94,82.59,80.94,81.9,1372,34,81.644
IE00BCBJG560,139185348,ZPRS,EUR,2023-05-18,82.27,82.99,82.27,82.87,4045,47,82.5935
IE00BCBJG560,139185348,ZPRS,EUR,2023-05-19,83.02,83.19,82.4,82.4,3070,22,82.835
IE00BCBJG560,139185348,ZPRS,EUR,2023-05-22,82.51,83.21,82.44,82.91,10371,32,82.647
IE00BCBJG560,139185348,ZPRS,EUR,2023-05-23,83.0,83.39,82.58,83.38,3295,24,83.268
IE00BCBJG560,139185348,ZPRS,EUR,2023-05-24,82.34,82.34,81.38,81.56,15485,64,81.823
IE00BCBJG560,139185348,ZPRS,EUR,2023-05-25,81.91,81.93,81.09,81.09,5672,33,81.6045
IE00BCBJG560,139185348,ZPRS,EUR,2023-05-26,81.36,82.13,81.23,81.94,983,16,81.7285
IE00BCBJG560,139185348,ZPRS,EUR,2023-05-29,82.1,82.55,82.1,82.19,1590,20,82.2295
IE00BCBJG560,139185348,ZPRS,EUR,2023-05-30,82.37,82.43,81.58,81.74,6403,29,81.9795
IE00BCBJG560,139185348,ZPRS,EUR,2023-05-31,81.9,82.03,81.02,81.06,3210,36,81.815
IE00BCBJG560,139185348,ZPRS,EUR,2023-06-01,81.7,81.96,81.09,81.9,10116,45,81.5895
IE00BCBJG560,139185348,ZPRS,EUR,2023-06-02,82.1,84.04,81.74,83.71,1592,36,83.098
IE00BCBJG560,139185348,ZPRS,EUR,2023-06-05,84.11,84.54,83.31,83.67,9225,48,83.8165
IE00BCBJG560,139185348,ZPRS,EUR,2023-06-06,83.37,85.17,83.37,85.09,12035,36,84.7695
IE00BCBJG560,139185348,ZPRS,EUR,2023-06-07,85.3,85.89,84.88,85.8,13697,40,85.3265
IE00BCBJG560,139185348,ZPRS,EUR,2023-06-08,85.84,85.85,84.72,84.87,3125,37,84.965
IE00BCBJG560,139185348,ZPRS,EUR,2023-06-09,84.83,85.37,84.83,84.97,3456,35,85.042
IE00BCBJG560,139185348,ZPRS,EUR,2023-06-12,85.24,85.56,84.98,85.19,7354,34,85.183
IE00BCBJG560,139185348,ZPRS,EUR,2023-06-13,85.65,86.33,85.18,86.15,6856,30,86.083
IE00BCBJG560,139185348,ZPRS,EUR,2023-06-14,86.23,86.49,85.01,85.95,13015,46,86.0135
IE00BCBJG560,139185348,ZPRS,EUR,2023-06-15,85.42,85.43,84.53,84.85,3224,41,84.995
IE00BCBJG560,139185348,ZPRS,EUR,2023-06-16,85.21,85.4,84.6,84.81,1805,27,85.2145
IE00BCBJG560,139185348,ZPRS,EUR,2023-06-19,84.56,84.99,84.53,84.53,5889,22,84.5855
IE00BCBJG560,139185348,ZPRS,EUR,2023-06-20,84.65,84.65,83.93,84.07,5642,31,84.2895
IE00BCBJG560,139185348,ZPRS,EUR,2023-06-21,84.06,84.37,83.52,83.77,3088,29,83.8235
IE00BCBJG560,139185348,ZPRS,EUR,2023-06-22,83.13,83.32,82.84,83.17,8255,39,83.168
IE00BCBJG560,139185348,ZPRS,EUR,2023-06-23,82.92,83.2,82.26,82.54,5342,35,82.966
IE00BCBJG560,139185348,ZPRS,EUR,2023-06-26,82.41,82.84,82.05,82.37,5900,31,82.397
IE00BCBJG560,139185348,ZPRS,EUR,2023-06-27,82.49,83.19,81.88,82.7,10823,37,82.456
IE00BCBJG560,139185348,ZPRS,EUR,2023-06-28,82.94,83.55,82.94,83.55,5516,27,83.377
IE00BCBJG560,139185348,ZPRS,EUR,2023-06-29,83.57,84.36,83.56,84.18,18944,63,84.1255
IE00BCBJG560,139185348,ZPRS,EUR,2023-06-30,84.3,85.11,84.3,84.81,7305,33,84.842
IE00BCBJG560,139185348,ZPRS,EUR,2023-07-03,84.95,85.22,84.6,85.0,6223,59,85.024
IE00BCBJG560,139185348,ZPRS,EUR,2023-07-04,85.31,85.36,84.84,85.09,4394,28,84.9995
IE00BCBJG560,139185348,ZPRS,EUR,2023-07-05,84.97,85.09,84.42,84.87,2068,35,84.7715
IE00BCBJG560,139185348,ZPRS,EUR,2023-07-06,84.43,84.43,82.8,82.83,3590,35,83.337
IE00BCBJG560,139185348,ZPRS,EUR,2023-07-07,82.91,84.0,82.91,83.91,13656,30,83.391
IE00BCBJG560,139185348,ZPRS,EUR,2023-07-10,83.35,84.36,83.33,84.19,5005,19,83.9195
IE00BCBJG560,139185348,ZPRS,EUR,2023-07-11,84.59,85.03,84.32,84.86,11348,36,84.754
IE00BCBJG560,139185348,ZPRS,EUR,2023-07-12,85.31,85.98,85.05,85.56,4890,17,85.463
IE00BCBJG560,139185348,ZPRS,EUR,2023-07-13,85.53,85.69,85.29,85.53,3589,30,85.5735
IE00BCBJG560,139185348,ZPRS,EUR,2023-07-14,85.11,85.4,84.35,84.62,2001,21,85.165
IE00BCBJG560,139185348,ZPRS,EUR,2023-07-17,84.31,85.18,84.29,84.74,10991,30,84.6425
IE00BCBJG560,139185348,ZPRS,EUR,2023-07-18,84.64,85.67,84.64,85.65,5053,26,85.0635
IE00BCBJG560,139185348,ZPRS,EUR,2023-07-19,86.0,86.5,85.9,86.41,1588,21,86.068
IE00BCBJG560,139185348,ZPRS,EUR,2023-07-20,86.12,86.6,85.91,86.23,5812,34,86.3425
IE00BCBJG560,139185348,ZPRS,EUR,2023-07-21,86.03,86.56,86.03,86.31,2266,23,86.2465
IE00BCBJG560,139185348,ZPRS,EUR,2023-07-24,85.77,86.61,85.77,86.4,6228,43,86.466
IE00BCBJG560,139185348,ZPRS,EUR,2023-07-25,86.74,87.03,86.4,87.0,7039,32,86.791
IE00BCBJG560,139185348,ZPRS,EUR,2023-07-26,86.58,87.13,86.54,86.73,3744,29,86.7825
IE00BCBJG560,139185348,ZPRS,EUR,2023-07-27,87.36,88.23,87.1,87.62,3593,36,87.4355
IE00BCBJG560,139185348,ZPRS,EUR,2023-07-28,86.99,87.48,86.99,87.41,1593,24,87.3405
IE00BCBJG560,139185348,ZPRS,EUR,2023-07-31,87.66,88.13,87.27,87.86,3709,37,87.4485
IE00BCBJG560,139185348,ZPRS,EUR,2023-08-01,88.04,88.05,87.2,87.57,3029,25,87.664
IE00BCBJG560,139185348,ZPRS,EUR,2023-08-02,87.2,87.25,86.47,86.72,9842,36,86.8795
IE00BCBJG560,139185348,ZPRS,EUR,2023-08-03,86.42,86.73,86.1,86.32,1647,19,86.4135
IE00BCBJG560,139185348,ZPRS,EUR,2023-08-04,86.59,86.87,85.87,86.54,6570,35,86.5435
IE00BCBJG560,139185348,ZPRS,EUR,2023-08-07,86.27,86.71,86.14,86.3,2924,34,86.4545
IE00BCBJG560,139185348,ZPRS,EUR,2023-08-08,85.92,86.37,85.5,85.63,6883,42,85.879
IE00BCBJG560,139185348,ZPRS,EUR,2023-08-09,85.99,86.45,85.61,85.61,1324,20,86.134
IE00BCBJG560,139185348,ZPRS,EUR,2023-08-10,86.12,86.18,85.65,85.89,2813,27,86.0165
IE00BCBJG560,139185348,ZPRS,EUR,2023-08-11,85.27,85.69,85.27,85.55,5001,31,85.53
IE00BCBJG560,139185348,ZPRS,EUR,2023-08-14,85.53,85.75,85.28,85.61,3230,26,85.4675
IE00BCBJG560,139185348,ZPRS,EUR,2023-08-15,85.48,85.58,84.62,84.96,5399,39,85.0125
IE00BCBJG560,139185348,ZPRS,EUR,2023-08-16,84.9,84.99,84.66,84.71,12025,29,84.7435
IE00BCBJG560,139185348,ZPRS,EUR,2023-08-17,84.35,84.42,83.7,83.92,9406,38,84.0845
IE00BCBJG560,139185348,ZPRS,EUR,2023-08-18,83.45,83.45,82.81,83.42,2137,24,83.2805
IE00BCBJG560,139185348,ZPRS,EUR,2023-08-21,83.22,83.77,83.01,83.08,7489,32,83.2745
IE00BCBJG560,139185348,ZPRS,EUR,2023-08-22,83.28,83.93,83.28,83.66,3478,27,83.582
IE00BCBJG560,139185348,ZPRS,EUR,2023-08-23,84.07,84.44,83.72,84.25,3550,24,84.2355
IE00BCBJG560,139185348,ZPRS,EUR,2023-08-24,84.65,84.65,83.71,83.91,3101,21,84.0585
IE00BCBJG560,139185348,ZPRS,EUR,2023-08-25,84.15,84.31,83.6,84.03,6597,30,84.0125
IE00BCBJG560,139185348,ZPRS,EUR,2023-08-28,84.38,85.05,84.08,84.82,4105,27,84.7655
IE00BCBJG560,139185348,ZPRS,EUR,2023-08-29,85.09,85.58,84.79,85.45,2729,18,85.2455
IE00BCBJG560,139185348,ZPRS,EUR,2023-08-30,85.56,85.56,85.1,85.48,5922,27,85.3075
IE00BCBJG560,139185348,ZPRS,EUR,2023-08-31,85.49,86.33,85.49,86.14,1150,24,85.8925
IE00BCBJG560,139185348,ZPRS,EUR,2023-09-01,85.99,87.0,85.99,86.96,4542,50,86.6395
IE00BCBJG560,139185348,ZPRS,EUR,2023-09-04,87.44,87.44,86.55,86.71,3671,37,86.9615
IE00BCBJG560,139185348,ZPRS,EUR,2023-09-05,86.55,86.97,86.32,86.52,24934,49,86.7275
IE00BCBJG560,139185348,ZPRS,EUR,2023-09-06,86.0,86.14,85.7,85.7,1873,19,85.782
IE00BCBJG560,139185348,ZPRS,EUR,2023-09-07,85.55,85.92,85.16,85.25,4055,25,85.666
IE00BCBJG560,139185348,ZPRS,EUR,2023-09-08,85.07,85.33,84.84,85.29,4536,23,85.246
IE00BCBJG560,139185348,ZPRS,EUR,2023-09-11,85.0,85.57,85.0,85.22,1535,17,85.381
IE00BCBJG560,139185348,ZPRS,EUR,2023-09-12,85.42,85.42,85.12,85.33,5300,19,85.265
IE00BCBJG560,139185348,ZPRS,EUR,2023-09-13,85.05,85.06,84.83,84.89,1548,19,84.904
IE00BCBJG560,139185348,ZPRS,EUR,2023-09-14,84.76,86.16,84.76,86.07,6106,20,85.405
IE00BCBJG560,139185348,ZPRS,EUR,2023-09-15,86.33,86.54,85.59,85.59,2899,25,86.0055
IE00BCBJG560,139185348,ZPRS,EUR,2023-09-18,85.67,85.67,84.87,85.15,3930,23,85.218
IE00BCBJG560,139185348,ZPRS,EUR,2023-09-19,84.85,85.31,84.75,84.83,11080,31,85.1965
IE00BCBJG560,139185348,ZPRS,EUR,2023-09-20,84.97,85.24,84.54,85.1,3613,29,85.027
IE00BCBJG560,139185348,ZPRS,EUR,2023-09-21,84.48,84.48,83.56,83.7,7438,39,83.997
IE00BCBJG560,139185348,ZPRS,EUR,2023-09-22,83.67,83.83,83.25,83.49,1326,21,83.549
IE00BCBJG560,139185348,ZPRS,EUR,2023-09-25,83.65,83.69,83.07,83.69,6717,29,83.317
IE00BCBJG560,139185348,ZPRS,EUR,2023-09-26,83.22,83.46,82.53,83.1,7363,51,83.1785
IE00BCBJG560,139185348,ZPRS,EUR,2023-09-27,83.04,83.67,83.04,83.57,10451,58,83.4145
IE00BCBJG560,139185348,ZPRS,EUR,2023-09-28,83.9,83.9,83.08,83.72,7006,75,83.386
IE00BCBJG560,139185348,ZPRS,EUR,2023-09-29,83.52,84.44,83.27,83.77,1725,43,83.921
IE00BCBJG560,139185348,ZPRS,EUR,2023-10-02,83.77,83.83,82.8,83.1,9908,64,83.528
IE00BCBJG560,139185348,ZPRS,EUR,2023-10-03,82.61,82.72,81.43,81.43,4012,26,81.7785
IE00BCBJG560,139185348,ZPRS,EUR,2023-10-04,80.72,81.25,80.61,80.75,7287,42,81.0695
IE00BCBJG560,139185348,ZPRS,EUR,2023-10-05,81.06,81.44,80.9,81.02,4039,30,81.165
IE00BCBJG560,139185348,ZPRS,EUR,2023-10-06,81.49,81.62,80.72,81.4,9354,77,81.2815
IE00BCBJG560,139185348,ZPRS,EUR,2023-10-09,81.09,82.02,81.09,82.02,9230,52,81.712
IE00BCBJG560,139185348,ZPRS,EUR,2023-10-10,82.07,83.27,82.07,83.27,14865,40,82.881
IE00BCBJG560,139185348,ZPRS,EUR,2023-10-11,82.45,83.07,82.44,82.85,5469,36,82.8475
IE00BCBJG560,139185348,ZPRS,EUR,2023-10-12,82.97,83.42,82.33,82.37,4124,33,83.1665
IE00BCBJG560,139185348,ZPRS,EUR,2023-10-13,81.99,82.03,81.45,81.52,1535,35,81.712
IE00BCBJG560,139185348,ZPRS,EUR,2023-10-16,81.26,82.03,81.08,81.89,9492,58,81.584
IE00BCBJG560,139185348,ZPRS,EUR,2023-10-17,81.59,82.5,81.35,82.5,12270,56,81.7565
IE00BCBJG560,139185348,ZPRS,EUR,2023-10-18,82.1,82.22,81.01,81.55,7674,39,81.6695
IE00BCBJG560,139185348,ZPRS,EUR,2023-10-19,80.75,81.13,79.95,80.67,19308,54,80.662
IE00BCBJG560,139185348,ZPRS,EUR,2023-10-20,79.89,79.89,78.9,78.91,9933,62,79.2465
IE00BCBJG560,139185348,ZPRS,EUR,2023-10-23,79.2,79.2,78.07,78.67,4737,56,78.3345
IE00BCBJG560,139185348,ZPRS,EUR,2023-10-24,78.21,79.06,78.11,78.85,14178,45,78.6415
IE00BCBJG560,139185348,ZPRS,EUR,2023-10-25,78.76,78.76,77.9,78.07,3031,26,78.266
IE00BCBJG560,139185348,ZPRS,EUR,2023-10-26,77.48,78.41,77.44,78.24,27209,101,77.925
IE00BCBJG560,139185348,ZPRS,EUR,2023-10-27,78.09,78.53,77.45,77.61,2177,44,78.103
IE00BCBJG560,139185348,ZPRS,EUR,2023-10-30,77.83,78.02,77.06,77.36,13253,132,77.5345
IE00BCBJG560,139185348,ZPRS,EUR,2023-10-31,77.32,78.69,77.32,78.37,6679,40,77.865
IE00BCBJG560,139185348,ZPRS,EUR,2023-11-01,78.51,78.91,78.25,78.8,4784,66,78.4455
IE00BCBJG560,139185348,ZPRS,EUR,2023-11-02,79.08,80.77,78.72,80.07,19503,87,79.7535
IE00BCBJG560,139185348,ZPRS,EUR,2023-11-03,80.18,81.82,80.18,81.58,2909,39,81.364
IE00BCBJG560,139185348,ZPRS,EUR,2023-11-06,81.64,81.64,80.46,80.67,9313,37,81.029
IE00BCBJG560,139185348,ZPRS,EUR,2023-11-07,80.83,80.85,80.38,80.76,7268,28,80.667
IE00BCBJG560,139185348,ZPRS,EUR,2023-11-08,80.44,80.73,80.0,80.08,3081,31,80.4955
IE00BCBJG560,139185348,ZPRS,EUR,2023-11-09,80.0,80.71,79.93,80.33,7931,35,80.4445
IE00BCBJG560,139185348,ZPRS,EUR,2023-11-10,79.83,80.44,79.39,79.74,5847,20,79.768
IE00BCBJG560,139185348,ZPRS,EUR,2023-11-13,79.79,80.18,79.76,80.18,5409,39,79.893
IE00BCBJG560,139185348,ZPRS,EUR,2023-11-14,79.8,82.34,79.8,82.28,26375,86,80.8195
IE00BCBJG560,139185348,ZPRS,EUR,2023-11-15,82.17,83.23,82.17,82.93,7778,56,82.65
IE00BCBJG560,139185348,ZPRS,EUR,2023-11-16,82.59,82.59,81.35,81.44,12864,37,81.5755
IE00BCBJG560,139185348,ZPRS,EUR,2023-11-17,82.07,82.45,82.0,82.1,13823,66,82.186
IE00BCBJG560,139185348,ZPRS,EUR,2023-11-20,82.11,82.57,81.92,82.23,18343,72,82.085
IE00BCBJG560,139185348,ZPRS,EUR,2023-11-21,82.27,82.27,81.65,81.85,3501,30,81.9315
IE00BCBJG560,139185348,ZPRS,EUR,2023-11-22,82.02,82.78,81.98,82.56,15988,87,82.3705
IE00BCBJG560,139185348,ZPRS,EUR,2023-11-23,82.19,82.5,81.75,82.43,12155,64,82.3795
IE00BCBJG560,139185348,ZPRS,EUR,2023-11-24,82.07,82.58,82.07,82.58,10621,29,82.427
IE00BCBJG560,139185348,ZPRS,EUR,2023-11-27,82.54,82.63,82.11,82.42,3577,32,82.2735
IE00BCBJG560,139185348,ZPRS,EUR,2023-11-28,82.63,82.63,81.76,82.34,7670,79,82.102
IE00BCBJG560,139185348,ZPRS,EUR,2023-11-29,82.33,83.14,82.33,82.71,4195,39,82.7845
IE00BCBJG560,139185348,ZPRS,EUR,2023-11-30,83.03,83.17,82.73,83.11,3929,43,82.949
IE00BCBJG560,139185348,ZPRS,EUR,2023-12-01,83.06,84.78,83.06,84.58,7031,37,83.8925
IE00BCBJG560,139185348,ZPRS,EUR,2023-12-04,84.96,85.95,84.85,85.27,10561,57,85.2075
IE00BCBJG560,139185348,ZPRS,EUR,2023-12-05,85.28,85.78,85.1,85.55,19290,60,85.3795
IE00BCBJG560,139185348,ZPRS,EUR,2023-12-06,85.61,86.53,85.48,86.13,12818,52,85.971
IE00BCBJG560,139185348,ZPRS,EUR,2023-12-07,85.67,85.67,85.24,85.67,3449,41,85.437
IE00BCBJG560,139185348,ZPRS,EUR,2023-12-08,85.73,86.58,85.72,85.91,14596,66,86.185
IE00BCBJG560,139185348,ZPRS,EUR,2023-12-11,86.49,86.68,86.18,86.24,4351,26,86.2755
IE00BCBJG560,139185348,ZPRS,EUR,2023-12-12,86.21,86.7,85.73,85.89,28452,175,86.2425
IE00BCBJG560,139185348,ZPRS,EUR,2023-12-13,86.25,86.6,85.89,86.03,22235,111,86.05
IE00BCBJG560,139185348,ZPRS,EUR,2023-12-14,88.02,89.07,87.08,88.68,22677,125,88.4095
IE00BCBJG560,139185348,ZPRS,EUR,2023-12-15,88.64,89.65,88.41,89.02,26237,184,89.2845
IE00BCBJG560,139185348,ZPRS,EUR,2023-12-18,88.92,88.92,88.13,88.21,39703,127,88.5435
IE00BCBJG560,139185348,ZPRS,EUR,2023-12-19,88.64,89.56,88.21,89.13,15336,118,88.819
IE00BCBJG560,139185348,ZPRS,EUR,2023-12-20,89.67,89.75,88.87,89.7,6826,50,89.571
IE00BCBJG560,139185348,ZPRS,EUR,2023-12-21,88.95,89.09,88.65,88.87,6794,42,88.8745
IE00BCBJG560,139185348,ZPRS,EUR,2023-12-22,88.9,89.88,88.81,89.7,3988,30,89.431
IE00BCBJG560,139185348,ZPRS,EUR,2023-12-27,90.32,90.4,89.5,89.8,3415,56,90.0625
IE00BCBJG560,139185348,ZPRS,EUR,2023-12-28,89.94,90.37,89.79,90.03,1142,29,89.9855
IE00BCBJG560,139185348,ZPRS,EUR,2023-12-29,90.27,90.48,90.09,90.2,4202,29,90.247
