ISIN,conId,Symbol,Currency,date,open,high,low,close,volume,barCount,average
IE00B4L5ZG21,69169645,EEXF,GBP,2019-01-02,103.715,103.715,103.715,103.715,0,0,103.715
IE00B4L5ZG21,69169645,EEXF,GBP,2019-01-03,103.83,103.83,103.83,103.83,0,0,103.83
IE00B4L5ZG21,69169645,EEXF,GBP,2019-01-04,103.22,103.22,102.83,102.83,376,3,103.1825
IE00B4L5ZG21,69169645,EEXF,GBP,2019-01-07,102.86,102.935,102.77,102.935,101,2,102.859
IE00B4L5ZG21,69169645,EEXF,GBP,2019-01-08,102.815,102.815,102.815,102.815,0,0,102.815
IE00B4L5ZG21,69169645,EEXF,GBP,2019-01-09,103.575,103.575,103.575,103.575,0,0,103.575
IE00B4L5ZG21,69169645,EEXF,GBP,2019-01-10,103.385,103.385,103.385,103.385,0,0,103.385
IE00B4L5ZG21,69169645,EEXF,GBP,2019-01-11,102.715,102.715,102.715,102.715,0,0,102.715
IE00B4L5ZG21,69169645,EEXF,GBP,2019-01-14,102.29,102.29,102.185,102.185,100,1,102.29
IE00B4L5ZG21,69169645,EEXF,GBP,2019-01-15,102.705,102.705,102.705,102.705,0,0,102.705
IE00B4L5ZG21,69169645,EEXF,GBP,2019-01-16,101.89,102.14,101.89,102.14,125,2,102.018
IE00B4L5ZG21,69169645,EEXF,GBP,2019-01-17,100.675,100.675,100.675,100.675,0,0,100.675
IE00B4L5ZG21,69169645,EEXF,GBP,2019-01-18,100.58,100.89,100.58,100.785,225,3,100.738
IE00B4L5ZG21,69169645,EEXF,GBP,2019-01-21,100.93,100.93,100.93,100.93,0,0,100.93
IE00B4L5ZG21,69169645,EEXF,GBP,2019-01-22,100.91,100.91,100.47,100.475,110,2,100.87
IE00B4L5ZG21,69169645,EEXF,GBP,2019-01-23,99.99,99.99,99.88,99.88,124,1,99.99
IE00B4L5ZG21,69169645,EEXF,GBP,2019-01-24,100.12,100.12,99.995,99.995,85,2,100.0425
IE00B4L5ZG21,69169645,EEXF,GBP,2019-01-25,99.52,99.52,99.455,99.455,100,1,99.52
IE00B4L5ZG21,69169645,EEXF,GBP,2019-01-28,99.76,99.76,99.76,99.76,0,0,99.76
IE00B4L5ZG21,69169645,EEXF,GBP,2019-01-29,99.76,99.76,99.64,99.76,300,3,99.6965
IE00B4L5ZG21,69169645,EEXF,GBP,2019-01-30,100.4,100.455,100.4,100.455,100,1,100.4
IE00B4L5ZG21,69169645,EEXF,GBP,2019-01-31,100.67,101.02,100.67,100.685,165,2,100.882
IE00B4L5ZG21,69169645,EEXF,GBP,2019-02-01,101.27,101.27,101.24,101.24,1,1,101.27
IE00B4L5ZG21,69169645,EEXF,GBP,2019-02-04,101.07,101.07,101.07,101.07,0,0,101.07
IE00B4L5ZG21,69169645,EEXF,GBP,2019-02-05,101.99,102.215,101.95,102.215,200,2,101.97
IE00B4L5ZG21,69169645,EEXF,GBP,2019-02-06,101.89,101.945,101.89,101.945,101,2,101.8905
IE00B4L5ZG21,69169645,EEXF,GBP,2019-02-07,101.52,101.58,101.52,101.58,1,1,101.52
IE00B4L5ZG21,69169645,EEXF,GBP,2019-02-08,101.525,101.525,101.525,101.525,0,0,101.525
IE00B4L5ZG21,69169645,EEXF,GBP,2019-02-11,101.605,101.605,101.605,101.605,0,0,101.605
IE00B4L5ZG21,69169645,EEXF,GBP,2019-02-12,101.73,101.795,101.73,101.795,100,1,101.73
IE00B4L5ZG21,69169645,EEXF,GBP,2019-02-13,101.76,101.805,101.76,101.805,2,1,101.76
IE00B4L5ZG21,69169645,EEXF,GBP,2019-02-14,102.47,102.47,102.47,102.47,0,0,102.47
IE00B4L5ZG21,69169645,EEXF,GBP,2019-02-15,101.945,101.945,101.945,101.945,0,0,101.945
IE00B4L5ZG21,69169645,EEXF,GBP,2019-02-18,101.725,101.725,101.725,101.725,0,0,101.725
IE00B4L5ZG21,69169645,EEXF,GBP,2019-02-19,101.115,101.115,101.115,101.115,0,0,101.115
IE00B4L5ZG21,69169645,EEXF,GBP,2019-02-20,101.0,101.045,101.0,101.045,85,1,101.0
IE00B4L5ZG21,69169645,EEXF,GBP,2019-02-21,100.83,100.83,100.83,100.83,0,0,100.83
IE00B4L5ZG21,69169645,EEXF,GBP,2019-02-22,100.885,100.885,100.885,100.885,0,0,100.885
IE00B4L5ZG21,69169645,EEXF,GBP,2019-02-25,100.9,100.955,100.9,100.955,100,1,100.9
IE00B4L5ZG21,69169645,EEXF,GBP,2019-02-26,99.665,99.665,99.665,99.665,0,0,99.665
IE00B4L5ZG21,69169645,EEXF,GBP,2019-02-27,99.26,99.26,99.26,99.26,0,0,99.26
IE00B4L5ZG21,69169645,EEXF,GBP,2019-02-28,99.525,99.525,99.525,99.525,0,0,99.525
IE00B4L5ZG21,69169645,EEXF,GBP,2019-03-01,99.38,100.005,99.38,100.005,114,2,99.8275
IE00B4L5ZG21,69169645,EEXF,GBP,2019-03-04,99.97,100.065,99.97,100.065,100,1,99.97
IE00B4L5ZG21,69169645,EEXF,GBP,2019-03-05,100.29,100.29,100.03,100.075,200,2,100.16
IE00B4L5ZG21,69169645,EEXF,GBP,2019-03-06,100.08,100.29,100.08,100.285,400,4,100.2375
IE00B4L5ZG21,69169645,EEXF,GBP,2019-03-07,100.02,100.02,99.975,99.975,200,2,100.02
IE00B4L5ZG21,69169645,EEXF,GBP,2019-03-08,99.98,100.375,99.98,100.375,100,1,99.98
IE00B4L5ZG21,69169645,EEXF,GBP,2019-03-11,100.82,100.99,99.835,99.835,800,8,100.384
IE00B4L5ZG21,69169645,EEXF,GBP,2019-03-12,99.54,100.74,99.54,100.74,80,1,99.54
IE00B4L5ZG21,69169645,EEXF,GBP,2019-03-13,100.22,100.22,99.965,99.965,614,3,100.161
IE00B4L5ZG21,69169645,EEXF,GBP,2019-03-14,99.65,99.65,99.65,99.65,0,0,99.65
IE00B4L5ZG21,69169645,EEXF,GBP,2019-03-15,99.735,99.735,99.735,99.735,0,0,99.735
IE00B4L5ZG21,69169645,EEXF,GBP,2019-03-18,100.44,100.44,100.44,100.44,0,0,100.44
IE00B4L5ZG21,69169645,EEXF,GBP,2019-03-19,100.3,100.31,100.3,100.31,40,1,100.3
IE00B4L5ZG21,69169645,EEXF,GBP,2019-03-20,100.91,100.91,100.715,100.715,29,1,100.91
IE00B4L5ZG21,69169645,EEXF,GBP,2019-03-21,102.385,102.385,102.385,102.385,0,0,102.385
IE00B4L5ZG21,69169645,EEXF,GBP,2019-03-22,100.49,100.49,100.49,100.49,0,0,100.49
IE00B4L5ZG21,69169645,EEXF,GBP,2019-03-25,100.42,100.845,100.42,100.845,10000,2,100.42
IE00B4L5ZG21,69169645,EEXF,GBP,2019-03-26,100.37,100.37,100.37,100.37,0,0,100.37
IE00B4L5ZG21,69169645,EEXF,GBP,2019-03-27,100.325,100.325,100.325,100.325,0,0,100.325
IE00B4L5ZG21,69169645,EEXF,GBP,2019-03-28,100.78,101.175,100.78,101.175,100,1,100.78
IE00B4L5ZG21,69169645,EEXF,GBP,2019-03-29,101.42,101.72,101.42,101.675,1103,4,101.6665
IE00B4L5ZG21,69169645,EEXF,GBP,2019-04-01,101.46,101.46,100.895,100.895,300,3,101.4265
IE00B4L5ZG21,69169645,EEXF,GBP,2019-04-02,101.4,101.4,101.4,101.4,0,0,101.4
IE00B4L5ZG21,69169645,EEXF,GBP,2019-04-03,100.735,100.735,100.735,100.735,0,0,100.735
IE00B4L5ZG21,69169645,EEXF,GBP,2019-04-04,100.73,101.195,100.73,101.195,1,1,100.73
IE00B4L5ZG21,69169645,EEXF,GBP,2019-04-05,101.59,101.59,101.59,101.59,0,0,101.59
IE00B4L5ZG21,69169645,EEXF,GBP,2019-04-08,101.3,101.775,101.3,101.775,100,1,101.3
IE00B4L5ZG21,69169645,EEXF,GBP,2019-04-09,101.815,101.815,101.815,101.815,0,0,101.815
IE00B4L5ZG21,69169645,EEXF,GBP,2019-04-10,101.51,101.59,101.51,101.59,100,1,101.51
IE00B4L5ZG21,69169645,EEXF,GBP,2019-04-11,101.745,101.745,101.745,101.745,0,0,101.745
IE00B4L5ZG21,69169645,EEXF,GBP,2019-04-12,101.715,101.715,101.715,101.715,0,0,101.715
IE00B4L5ZG21,69169645,EEXF,GBP,2019-04-15,101.715,101.715,101.715,101.715,0,0,101.715
IE00B4L5ZG21,69169645,EEXF,GBP,2019-04-16,102.09,102.09,102.09,102.09,0,0,102.09
IE00B4L5ZG21,69169645,EEXF,GBP,2019-04-17,102.215,102.215,102.215,102.215,0,0,102.215
IE00B4L5ZG21,69169645,EEXF,GBP,2019-04-18,102.28,102.28,102.28,102.28,0,0,102.28
IE00B4L5ZG21,69169645,EEXF,GBP,2019-04-23,102.47,102.47,102.47,102.47,0,0,102.47
IE00B4L5ZG21,69169645,EEXF,GBP,2019-04-24,102.575,102.575,102.575,102.575,0,0,102.575
IE00B4L5ZG21,69169645,EEXF,GBP,2019-04-25,102.395,102.395,102.395,102.395,0,0,102.395
IE00B4L5ZG21,69169645,EEXF,GBP,2019-04-26,102.525,102.525,102.525,102.525,0,0,102.525
IE00B4L5ZG21,69169645,EEXF,GBP,2019-04-29,102.595,102.595,102.595,102.595,0,0,102.595
IE00B4L5ZG21,69169645,EEXF,GBP,2019-04-30,102.175,102.175,102.175,102.175,0,0,102.175
IE00B4L5ZG21,69169645,EEXF,GBP,2019-05-01,102.18,102.18,102.13,102.13,200,2,102.155
IE00B4L5ZG21,69169645,EEXF,GBP,2019-05-02,101.85,102.05,101.82,101.92,300,3,101.9065
IE00B4L5ZG21,69169645,EEXF,GBP,2019-05-03,101.095,101.095,101.095,101.095,0,0,101.095
IE00B4L5ZG21,69169645,EEXF,GBP,2019-05-07,101.47,101.785,101.47,101.785,100,1,101.47
IE00B4L5ZG21,69169645,EEXF,GBP,2019-05-08,102.04,102.04,102.01,102.01,70,1,102.04
IE00B4L5ZG21,69169645,EEXF,GBP,2019-05-09,102.1,102.1,102.1,102.1,0,0,102.1
IE00B4L5ZG21,69169645,EEXF,GBP,2019-05-10,102.105,102.105,102.105,102.105,0,0,102.105
IE00B4L5ZG21,69169645,EEXF,GBP,2019-05-13,102.525,102.525,102.525,102.525,0,0,102.525
IE00B4L5ZG21,69169645,EEXF,GBP,2019-05-14,102.74,102.77,102.63,102.63,250,2,102.758
IE00B4L5ZG21,69169645,EEXF,GBP,2019-05-15,103.03,103.055,103.03,103.055,147,1,103.03
IE00B4L5ZG21,69169645,EEXF,GBP,2019-05-16,103.53,103.6,103.53,103.565,362,4,103.5685
IE00B4L5ZG21,69169645,EEXF,GBP,2019-05-17,103.8,103.915,103.8,103.915,20,1,103.8
IE00B4L5ZG21,69169645,EEXF,GBP,2019-05-20,103.76,103.945,103.76,103.945,100,1,103.76
IE00B4L5ZG21,69169645,EEXF,GBP,2019-05-21,103.525,103.525,103.525,103.525,0,0,103.525
IE00B4L5ZG21,69169645,EEXF,GBP,2019-05-22,104.18,104.38,104.18,104.27,200,2,104.28
IE00B4L5ZG21,69169645,EEXF,GBP,2019-05-23,104.155,104.155,104.155,104.155,0,0,104.155
IE00B4L5ZG21,69169645,EEXF,GBP,2019-05-24,104.29,104.45,104.29,104.45,100,1,104.29
IE00B4L5ZG21,69169645,EEXF,GBP,2019-05-28,104.63,104.67,104.435,104.435,150,2,104.6435
IE00B4L5ZG21,69169645,EEXF,GBP,2019-05-29,104.355,104.355,104.355,104.355,0,0,104.355
IE00B4L5ZG21,69169645,EEXF,GBP,2019-05-30,104.61,104.61,104.61,104.61,0,0,104.61
IE00B4L5ZG21,69169645,EEXF,GBP,2019-05-31,104.63,104.63,104.63,104.63,0,0,104.63
IE00B4L5ZG21,69169645,EEXF,GBP,2019-06-03,105.015,105.015,105.015,105.015,0,0,105.015
IE00B4L5ZG21,69169645,EEXF,GBP,2019-06-04,105.075,105.075,105.075,105.075,0,0,105.075
IE00B4L5ZG21,69169645,EEXF,GBP,2019-06-05,105.16,105.16,105.15,105.15,200,2,105.16
IE00B4L5ZG21,69169645,EEXF,GBP,2019-06-06,105.605,105.605,105.605,105.605,0,0,105.605
IE00B4L5ZG21,69169645,EEXF,GBP,2019-06-07,106.04,106.04,106.04,106.04,0,0,106.04
IE00B4L5ZG21,69169645,EEXF,GBP,2019-06-10,106.245,106.245,106.245,106.245,0,0,106.245
IE00B4L5ZG21,69169645,EEXF,GBP,2019-06-11,106.17,106.22,106.08,106.08,150,2,106.1865
IE00B4L5ZG21,69169645,EEXF,GBP,2019-06-12,106.0,106.0,106.0,106.0,0,0,106.0
IE00B4L5ZG21,69169645,EEXF,GBP,2019-06-13,106.24,106.24,105.93,105.93,100,1,106.24
IE00B4L5ZG21,69169645,EEXF,GBP,2019-06-14,106.225,106.225,106.225,106.225,0,0,106.225
IE00B4L5ZG21,69169645,EEXF,GBP,2019-06-17,106.715,106.715,106.715,106.715,0,0,106.715
IE00B4L5ZG21,69169645,EEXF,GBP,2019-06-18,107.205,107.205,107.205,107.205,0,0,107.205
IE00B4L5ZG21,69169645,EEXF,GBP,2019-06-19,107.16,107.16,106.67,106.67,100,1,107.16
IE00B4L5ZG21,69169645,EEXF,GBP,2019-06-20,107.05,107.05,107.05,107.05,0,0,107.05
IE00B4L5ZG21,69169645,EEXF,GBP,2019-06-21,107.515,107.515,107.515,107.515,0,0,107.515
IE00B4L5ZG21,69169645,EEXF,GBP,2019-06-24,107.95,107.95,107.95,107.95,0,0,107.95
IE00B4L5ZG21,69169645,EEXF,GBP,2019-06-25,107.57,107.905,107.57,107.905,599,2,107.57
IE00B4L5ZG21,69169645,EEXF,GBP,2019-06-26,107.83,107.945,107.79,107.945,100,2,107.81
IE00B4L5ZG21,69169645,EEXF,GBP,2019-06-27,108.01,108.01,108.01,108.01,0,0,108.01
IE00B4L5ZG21,69169645,EEXF,GBP,2019-06-28,107.915,107.915,107.915,107.915,0,0,107.915
IE00B4L5ZG21,69169645,EEXF,GBP,2019-07-01,108.07,108.07,108.07,108.07,0,0,108.07
IE00B4L5ZG21,69169645,EEXF,GBP,2019-07-02,107.98,108.345,107.98,108.345,282,3,108.0675
IE00B4L5ZG21,69169645,EEXF,GBP,2019-07-03,108.625,108.625,108.625,108.625,0,0,108.625
IE00B4L5ZG21,69169645,EEXF,GBP,2019-07-04,108.705,108.705,108.705,108.705,0,0,108.705
IE00B4L5ZG21,69169645,EEXF,GBP,2019-07-05,108.81,108.81,108.53,108.53,100,1,108.81
IE00B4L5ZG21,69169645,EEXF,GBP,2019-07-08,108.515,108.515,108.515,108.515,0,0,108.515
IE00B4L5ZG21,69169645,EEXF,GBP,2019-07-09,108.56,108.73,108.56,108.73,160,3,108.56
IE00B4L5ZG21,69169645,EEXF,GBP,2019-07-10,108.37,108.655,108.37,108.655,100,1,108.37
IE00B4L5ZG21,69169645,EEXF,GBP,2019-07-11,108.0,108.0,107.57,107.57,100,1,108.0
IE00B4L5ZG21,69169645,EEXF,GBP,2019-07-12,107.455,107.455,107.455,107.455,0,0,107.455
IE00B4L5ZG21,69169645,EEXF,GBP,2019-07-15,108.075,108.075,108.075,108.075,0,0,108.075
IE00B4L5ZG21,69169645,EEXF,GBP,2019-07-16,108.49,108.725,108.49,108.725,300,3,108.5035
IE00B4L5ZG21,69169645,EEXF,GBP,2019-07-17,108.72,108.735,108.72,108.735,90,1,108.72
IE00B4L5ZG21,69169645,EEXF,GBP,2019-07-18,108.225,108.225,108.225,108.225,0,0,108.225
IE00B4L5ZG21,69169645,EEXF,GBP,2019-07-19,108.46,108.46,108.24,108.24,20,1,108.46
IE00B4L5ZG21,69169645,EEXF,GBP,2019-07-22,108.46,108.46,108.46,108.46,0,0,108.46
IE00B4L5ZG21,69169645,EEXF,GBP,2019-07-23,108.69,108.69,108.385,108.385,200,2,108.67
IE00B4L5ZG21,69169645,EEXF,GBP,2019-07-24,108.27,108.27,108.18,108.215,200,2,108.225
IE00B4L5ZG21,69169645,EEXF,GBP,2019-07-25,108.46,108.46,108.46,108.46,0,0,108.46
IE00B4L5ZG21,69169645,EEXF,GBP,2019-07-26,108.81,109.02,108.81,109.02,101,2,108.8595
IE00B4L5ZG21,69169645,EEXF,GBP,2019-07-29,110.69,110.69,110.69,110.69,0,0,110.69
IE00B4L5ZG21,69169645,EEXF,GBP,2019-07-30,111.41,111.41,111.32,111.32,100,1,111.41
IE00B4L5ZG21,69169645,EEXF,GBP,2019-07-31,111.17,111.21,110.63,110.63,400,4,111.1875
IE00B4L5ZG21,69169645,EEXF,GBP,2019-08-01,110.79,110.79,110.79,110.79,0,0,110.79
IE00B4L5ZG21,69169645,EEXF,GBP,2019-08-02,110.99,111.16,110.99,111.16,100,1,110.99
IE00B4L5ZG21,69169645,EEXF,GBP,2019-08-05,111.27,111.56,111.27,111.56,40,1,111.27
IE00B4L5ZG21,69169645,EEXF,GBP,2019-08-06,111.71,111.71,111.71,111.71,0,0,111.71
IE00B4L5ZG21,69169645,EEXF,GBP,2019-08-07,111.93,112.24,111.93,112.24,100,1,111.93
IE00B4L5ZG21,69169645,EEXF,GBP,2019-08-08,112.4,112.4,112.4,112.4,0,0,112.4
IE00B4L5ZG21,69169645,EEXF,GBP,2019-08-09,112.93,112.93,112.93,112.93,0,0,112.93
IE00B4L5ZG21,69169645,EEXF,GBP,2019-08-12,113.06,113.19,113.06,113.19,64,1,113.06
IE00B4L5ZG21,69169645,EEXF,GBP,2019-08-13,112.83,113.195,112.83,113.195,504,3,112.9115
IE00B4L5ZG21,69169645,EEXF,GBP,2019-08-14,112.78,112.78,112.65,112.65,200,2,112.78
IE00B4L5ZG21,69169645,EEXF,GBP,2019-08-15,111.99,111.99,111.99,111.99,0,0,111.99
IE00B4L5ZG21,69169645,EEXF,GBP,2019-08-16,111.25,111.515,111.25,111.515,100,1,111.25
IE00B4L5ZG21,69169645,EEXF,GBP,2019-08-19,111.65,111.69,111.54,111.54,189,2,111.669
IE00B4L5ZG21,69169645,EEXF,GBP,2019-08-20,111.505,111.505,111.505,111.505,0,0,111.505
IE00B4L5ZG21,69169645,EEXF,GBP,2019-08-21,111.67,111.67,111.62,111.62,100,1,111.67
IE00B4L5ZG21,69169645,EEXF,GBP,2019-08-22,110.49,110.49,110.49,110.49,0,0,110.49
IE00B4L5ZG21,69169645,EEXF,GBP,2019-08-23,110.78,110.78,110.78,110.78,0,0,110.78
IE00B4L5ZG21,69169645,EEXF,GBP,2019-08-27,111.26,111.26,110.295,110.295,27,1,111.26
IE00B4L5ZG21,69169645,EEXF,GBP,2019-08-28,110.43,110.8,110.43,110.665,117,2,110.746
IE00B4L5ZG21,69169645,EEXF,GBP,2019-08-29,110.77,110.77,110.77,110.77,0,0,110.77
IE00B4L5ZG21,69169645,EEXF,GBP,2019-08-30,110.26,110.26,110.26,110.26,0,0,110.26
IE00B4L5ZG21,69169645,EEXF,GBP,2019-09-02,110.32,111.03,110.32,111.03,34,1,110.32
IE00B4L5ZG21,69169645,EEXF,GBP,2019-09-03,110.665,110.665,110.665,110.665,0,0,110.665
IE00B4L5ZG21,69169645,EEXF,GBP,2019-09-04,110.25,110.25,110.155,110.155,100,1,110.25
IE00B4L5ZG21,69169645,EEXF,GBP,2019-09-05,108.705,108.705,108.705,108.705,0,0,108.705
IE00B4L5ZG21,69169645,EEXF,GBP,2019-09-06,109.125,109.125,109.125,109.125,0,0,109.125
IE00B4L5ZG21,69169645,EEXF,GBP,2019-09-09,108.515,108.515,108.515,108.515,0,0,108.515
IE00B4L5ZG21,69169645,EEXF,GBP,2019-09-10,108.0,108.2,108.0,108.2,100,1,108.0
IE00B4L5ZG21,69169645,EEXF,GBP,2019-09-11,107.72,107.785,107.63,107.785,137,2,107.6955
IE00B4L5ZG21,69169645,EEXF,GBP,2019-09-12,108.28,108.515,108.28,108.515,100,1,108.28
IE00B4L5ZG21,69169645,EEXF,GBP,2019-09-13,107.76,107.76,107.56,107.56,100,1,107.76
IE00B4L5ZG21,69169645,EEXF,GBP,2019-09-16,107.19,107.19,107.19,107.19,0,0,107.19
IE00B4L5ZG21,69169645,EEXF,GBP,2019-09-17,107.34,107.34,106.885,106.885,100,1,107.34
IE00B4L5ZG21,69169645,EEXF,GBP,2019-09-18,107.04,107.04,106.97,106.97,1,1,107.04
IE00B4L5ZG21,69169645,EEXF,GBP,2019-09-19,107.0,107.0,106.865,106.865,333,2,107.0
IE00B4L5ZG21,69169645,EEXF,GBP,2019-09-20,106.33,106.33,106.33,106.33,0,0,106.33
IE00B4L5ZG21,69169645,EEXF,GBP,2019-09-23,106.84,106.95,106.84,106.95,200,2,106.865
IE00B4L5ZG21,69169645,EEXF,GBP,2019-09-24,106.63,106.86,106.63,106.86,300,3,106.6865
IE00B4L5ZG21,69169645,EEXF,GBP,2019-09-25,106.97,107.14,106.96,107.14,211,3,106.979
IE00B4L5ZG21,69169645,EEXF,GBP,2019-09-26,107.18,107.18,107.18,107.18,0,0,107.18
IE00B4L5ZG21,69169645,EEXF,GBP,2019-09-27,107.66,107.66,107.66,107.66,0,0,107.66
IE00B4L5ZG21,69169645,EEXF,GBP,2019-09-30,107.455,107.455,107.455,107.455,0,0,107.455
IE00B4L5ZG21,69169645,EEXF,GBP,2019-10-01,108.185,108.185,108.185,108.185,0,0,108.185
IE00B4L5ZG21,69169645,EEXF,GBP,2019-10-02,107.735,107.735,107.735,107.735,0,0,107.735
IE00B4L5ZG21,69169645,EEXF,GBP,2019-10-03,107.77,107.77,107.345,107.345,100,1,107.77
IE00B4L5ZG21,69169645,EEXF,GBP,2019-10-04,108.105,108.105,108.105,108.105,0,0,108.105
IE00B4L5ZG21,69169645,EEXF,GBP,2019-10-07,108.08,108.08,108.08,108.08,0,0,108.08
IE00B4L5ZG21,69169645,EEXF,GBP,2019-10-08,108.725,108.725,108.725,108.725,0,0,108.725
IE00B4L5ZG21,69169645,EEXF,GBP,2019-10-09,108.53,108.755,108.53,108.755,10200,5,108.7475
IE00B4L5ZG21,69169645,EEXF,GBP,2019-10-10,107.81,107.81,107.81,107.81,0,0,107.81
IE00B4L5ZG21,69169645,EEXF,GBP,2019-10-11,106.44,106.44,105.125,105.125,10000,4,106.44
IE00B4L5ZG21,69169645,EEXF,GBP,2019-10-14,105.755,105.755,105.755,105.755,0,0,105.755
IE00B4L5ZG21,69169645,EEXF,GBP,2019-10-15,105.44,105.45,104.47,104.47,10000,2,105.45
IE00B4L5ZG21,69169645,EEXF,GBP,2019-10-16,104.64,104.64,103.895,103.895,100,1,104.64
IE00B4L5ZG21,69169645,EEXF,GBP,2019-10-17,104.28,104.28,104.28,104.28,0,0,104.28
IE00B4L5ZG21,69169645,EEXF,GBP,2019-10-18,104.275,104.275,104.275,104.275,0,0,104.275
IE00B4L5ZG21,69169645,EEXF,GBP,2019-10-21,103.32,103.32,103.32,103.32,0,0,103.32
IE00B4L5ZG21,69169645,EEXF,GBP,2019-10-22,103.85,103.85,103.72,103.72,7413,1,103.85
IE00B4L5ZG21,69169645,EEXF,GBP,2019-10-23,104.175,104.175,104.175,104.175,0,0,104.175
IE00B4L5ZG21,69169645,EEXF,GBP,2019-10-24,104.42,104.42,104.42,104.42,0,0,104.42
IE00B4L5ZG21,69169645,EEXF,GBP,2019-10-25,104.245,104.245,104.245,104.245,0,0,104.245
IE00B4L5ZG21,69169645,EEXF,GBP,2019-10-28,104.065,104.065,104.065,104.065,0,0,104.065
IE00B4L5ZG21,69169645,EEXF,GBP,2019-10-29,104.12,104.12,104.055,104.055,100,1,104.12
IE00B4L5ZG21,69169645,EEXF,GBP,2019-10-30,104.01,104.24,104.01,104.24,100,1,104.01
IE00B4L5ZG21,69169645,EEXF,GBP,2019-10-31,104.15,104.22,104.0,104.22,247,3,104.0955
IE00B4L5ZG21,69169645,EEXF,GBP,2019-11-01,104.1,104.36,104.1,104.36,200,2,104.125
IE00B4L5ZG21,69169645,EEXF,GBP,2019-11-04,104.45,104.45,104.33,104.33,80,1,104.45
IE00B4L5ZG21,69169645,EEXF,GBP,2019-11-05,103.925,103.925,103.925,103.925,0,0,103.925
IE00B4L5ZG21,69169645,EEXF,GBP,2019-11-06,103.955,103.955,103.955,103.955,0,0,103.955
IE00B4L5ZG21,69169645,EEXF,GBP,2019-11-07,103.93,103.93,103.735,103.735,100,1,103.93
IE00B4L5ZG21,69169645,EEXF,GBP,2019-11-08,103.795,103.795,103.795,103.795,0,0,103.795
IE00B4L5ZG21,69169645,EEXF,GBP,2019-11-11,103.65,103.65,103.255,103.255,100,1,103.65
IE00B4L5ZG21,69169645,EEXF,GBP,2019-11-12,103.155,103.155,103.155,103.155,0,0,103.155
IE00B4L5ZG21,69169645,EEXF,GBP,2019-11-13,103.165,103.165,103.165,103.165,0,0,103.165
IE00B4L5ZG21,69169645,EEXF,GBP,2019-11-14,103.085,103.085,103.085,103.085,0,0,103.085
IE00B4L5ZG21,69169645,EEXF,GBP,2019-11-15,103.2,103.2,103.2,103.2,0,0,103.2
IE00B4L5ZG21,69169645,EEXF,GBP,2019-11-18,103.09,103.09,102.965,102.965,50,1,103.09
IE00B4L5ZG21,69169645,EEXF,GBP,2019-11-19,103.155,103.155,103.155,103.155,0,0,103.155
IE00B4L5ZG21,69169645,EEXF,GBP,2019-11-20,103.3,103.3,103.065,103.065,100,1,103.3
IE00B4L5ZG21,69169645,EEXF,GBP,2019-11-21,102.93,102.93,102.93,102.93,0,0,102.93
IE00B4L5ZG21,69169645,EEXF,GBP,2019-11-22,103.51,103.51,103.485,103.485,26,1,103.51
IE00B4L5ZG21,69169645,EEXF,GBP,2019-11-25,102.775,102.775,102.775,102.775,0,0,102.775
IE00B4L5ZG21,69169645,EEXF,GBP,2019-11-26,103.515,103.515,103.515,103.515,0,0,103.515
IE00B4L5ZG21,69169645,EEXF,GBP,2019-11-27,102.925,102.925,102.925,102.925,0,0,102.925
IE00B4L5ZG21,69169645,EEXF,GBP,2019-11-28,102.83,102.83,102.83,102.83,0,0,102.83
IE00B4L5ZG21,69169645,EEXF,GBP,2019-11-29,102.79,102.82,102.79,102.795,310,3,102.807
IE00B4L5ZG21,69169645,EEXF,GBP,2019-12-02,103.08,103.08,103.08,103.08,0,0,103.08
IE00B4L5ZG21,69169645,EEXF,GBP,2019-12-03,102.875,102.875,102.875,102.875,0,0,102.875
IE00B4L5ZG21,69169645,EEXF,GBP,2019-12-04,101.935,101.935,101.935,101.935,0,0,101.935
IE00B4L5ZG21,69169645,EEXF,GBP,2019-12-05,101.625,101.625,101.625,101.625,0,0,101.625
IE00B4L5ZG21,69169645,EEXF,GBP,2019-12-06,101.48,101.48,101.48,101.48,0,0,101.48
IE00B4L5ZG21,69169645,EEXF,GBP,2019-12-09,101.44,101.49,101.44,101.49,200,2,101.45
IE00B4L5ZG21,69169645,EEXF,GBP,2019-12-10,101.54,101.57,101.43,101.57,15100,3,101.4305
IE00B4L5ZG21,69169645,EEXF,GBP,2019-12-11,101.625,101.625,101.625,101.625,0,0,101.625
IE00B4L5ZG21,69169645,EEXF,GBP,2019-12-12,102.1,102.1,102.1,102.1,0,0,102.1
IE00B4L5ZG21,69169645,EEXF,GBP,2019-12-13,100.795,100.795,100.795,100.795,0,0,100.795
IE00B4L5ZG21,69169645,EEXF,GBP,2019-12-16,101.045,101.045,101.045,101.045,0,0,101.045
IE00B4L5ZG21,69169645,EEXF,GBP,2019-12-17,102.765,102.765,102.765,102.765,0,0,102.765
IE00B4L5ZG21,69169645,EEXF,GBP,2019-12-18,102.755,102.755,102.755,102.755,0,0,102.755
IE00B4L5ZG21,69169645,EEXF,GBP,2019-12-19,103.15,103.15,103.15,103.15,0,0,103.15
IE00B4L5ZG21,69169645,EEXF,GBP,2019-12-20,102.64,102.64,102.64,102.64,0,0,102.64
IE00B4L5ZG21,69169645,EEXF,GBP,2019-12-23,103.725,103.725,103.725,103.725,0,0,103.725
IE00B4L5ZG21,69169645,EEXF,GBP,2019-12-24,103.39,103.39,103.39,103.39,0,0,103.39
IE00B4L5ZG21,69169645,EEXF,GBP,2019-12-27,103.135,103.135,103.135,103.135,0,0,103.135
IE00B4L5ZG21,69169645,EEXF,GBP,2019-12-30,102.65,102.855,102.65,102.855,43,1,102.65
IE00B4L5ZG21,69169645,EEXF,GBP,2019-12-31,102.545,102.545,102.545,102.545,0,0,102.545
IE00B4L5ZG21,69169645,EEXF,GBP,2020-01-02,102.16,102.725,102.16,102.725,2100,2,102.6265
IE00B4L5ZG21,69169645,EEXF,GBP,2020-01-03,103.31,103.34,103.31,103.315,61,2,103.3115
IE00B4L5ZG21,69169645,EEXF,GBP,2020-01-06,103.06,103.06,102.815,102.815,100,1,103.06
IE00B4L5ZG21,69169645,EEXF,GBP,2020-01-07,102.69,102.69,102.69,102.69,0,0,102.69
IE00B4L5ZG21,69169645,EEXF,GBP,2020-01-08,102.505,102.505,102.505,102.505,0,0,102.505
IE00B4L5ZG21,69169645,EEXF,GBP,2020-01-09,102.485,102.485,102.485,102.485,0,0,102.485
IE00B4L5ZG21,69169645,EEXF,GBP,2020-01-10,102.5,102.735,102.5,102.735,14022,3,102.5
IE00B4L5ZG21,69169645,EEXF,GBP,2020-01-13,103.33,103.33,103.33,103.33,0,0,103.33
IE00B4L5ZG21,69169645,EEXF,GBP,2020-01-14,103.0,103.09,102.96,103.09,270,2,102.975
IE00B4L5ZG21,69169645,EEXF,GBP,2020-01-15,103.32,103.32,103.32,103.32,0,0,103.32
IE00B4L5ZG21,69169645,EEXF,GBP,2020-01-16,102.46,102.46,102.46,102.46,0,0,102.46
IE00B4L5ZG21,69169645,EEXF,GBP,2020-01-17,102.47,102.47,102.47,102.47,0,0,102.47
IE00B4L5ZG21,69169645,EEXF,GBP,2020-01-20,102.78,102.78,102.655,102.655,34,1,102.78
IE00B4L5ZG21,69169645,EEXF,GBP,2020-01-21,102.55,102.55,102.55,102.55,0,0,102.55
IE00B4L5ZG21,69169645,EEXF,GBP,2020-01-22,101.79,101.79,101.79,101.79,0,0,101.79
IE00B4L5ZG21,69169645,EEXF,GBP,2020-01-23,101.73,101.73,101.73,101.73,0,0,101.73
IE00B4L5ZG21,69169645,EEXF,GBP,2020-01-24,102.015,102.015,102.015,102.015,0,0,102.015
IE00B4L5ZG21,69169645,EEXF,GBP,2020-01-27,102.13,102.13,102.13,102.13,0,0,102.13
IE00B4L5ZG21,69169645,EEXF,GBP,2020-01-28,102.35,102.375,102.11,102.375,1400,8,102.1665
IE00B4L5ZG21,69169645,EEXF,GBP,2020-01-29,102.415,102.415,102.415,102.415,0,0,102.415
IE00B4L5ZG21,69169645,EEXF,GBP,2020-01-30,102.005,102.005,102.005,102.005,0,0,102.005
IE00B4L5ZG21,69169645,EEXF,GBP,2020-01-31,102.09,102.09,101.97,101.97,1,1,102.09
IE00B4L5ZG21,69169645,EEXF,GBP,2020-02-03,102.78,103.115,102.78,103.115,50,1,102.78
IE00B4L5ZG21,69169645,EEXF,GBP,2020-02-04,102.69,102.69,102.69,102.69,0,0,102.69
IE00B4L5ZG21,69169645,EEXF,GBP,2020-02-05,102.51,102.545,102.51,102.545,10000,2,102.51
IE00B4L5ZG21,69169645,EEXF,GBP,2020-02-06,102.75,102.75,102.75,102.75,0,0,102.75
IE00B4L5ZG21,69169645,EEXF,GBP,2020-02-07,102.66,102.66,102.66,102.66,0,0,102.66
IE00B4L5ZG21,69169645,EEXF,GBP,2020-02-10,102.31,102.44,102.31,102.44,147,1,102.31
IE00B4L5ZG21,69169645,EEXF,GBP,2020-02-11,102.29,102.29,102.135,102.135,17,1,102.29
IE00B4L5ZG21,69169645,EEXF,GBP,2020-02-12,101.68,101.68,101.68,101.68,0,0,101.68
IE00B4L5ZG21,69169645,EEXF,GBP,2020-02-13,100.86,100.86,100.67,100.67,100,1,100.86
IE00B4L5ZG21,69169645,EEXF,GBP,2020-02-14,100.87,100.87,100.87,100.87,0,0,100.87
IE00B4L5ZG21,69169645,EEXF,GBP,2020-02-17,100.955,100.955,100.955,100.955,0,0,100.955
IE00B4L5ZG21,69169645,EEXF,GBP,2020-02-18,100.765,100.765,100.765,100.765,0,0,100.765
IE00B4L5ZG21,69169645,EEXF,GBP,2020-02-19,101.22,101.22,101.22,101.22,0,0,101.22
IE00B4L5ZG21,69169645,EEXF,GBP,2020-02-20,101.66,101.66,101.66,101.66,0,0,101.66
IE00B4L5ZG21,69169645,EEXF,GBP,2020-02-21,101.51,101.645,101.51,101.645,49,1,101.51
IE00B4L5ZG21,69169645,EEXF,GBP,2020-02-24,101.845,101.845,101.845,101.845,0,0,101.845
IE00B4L5ZG21,69169645,EEXF,GBP,2020-02-25,101.34,101.345,101.34,101.345,100,1,101.34
IE00B4L5ZG21,69169645,EEXF,GBP,2020-02-26,101.97,101.97,101.97,101.97,0,0,101.97
IE00B4L5ZG21,69169645,EEXF,GBP,2020-02-27,102.97,102.97,102.97,102.97,0,0,102.97
IE00B4L5ZG21,69169645,EEXF,GBP,2020-02-28,103.69,103.69,103.69,103.69,0,0,103.69
IE00B4L5ZG21,69169645,EEXF,GBP,2020-03-02,105.245,105.245,105.245,105.245,0,0,105.245
IE00B4L5ZG21,69169645,EEXF,GBP,2020-03-03,105.425,105.425,105.425,105.425,0,0,105.425
IE00B4L5ZG21,69169645,EEXF,GBP,2020-03-04,105.055,105.055,105.055,105.055,0,0,105.055
IE00B4L5ZG21,69169645,EEXF,GBP,2020-03-05,104.68,104.68,104.68,104.68,0,0,104.68
IE00B4L5ZG21,69169645,EEXF,GBP,2020-03-06,105.12,105.12,104.63,104.63,276,3,105.039
IE00B4L5ZG21,69169645,EEXF,GBP,2020-03-09,103.25,103.25,103.22,103.22,169,1,103.25
IE00B4L5ZG21,69169645,EEXF,GBP,2020-03-10,103.665,103.665,103.665,103.665,0,0,103.665
IE00B4L5ZG21,69169645,EEXF,GBP,2020-03-11,103.78,103.78,103.78,103.78,0,0,103.78
IE00B4L5ZG21,69169645,EEXF,GBP,2020-03-12,102.22,102.22,102.22,102.22,0,0,102.22
IE00B4L5ZG21,69169645,EEXF,GBP,2020-03-13,102.25,103.755,102.25,103.755,445,1,102.25
IE00B4L5ZG21,69169645,EEXF,GBP,2020-03-16,101.81,101.81,101.375,101.375,180,1,101.81
IE00B4L5ZG21,69169645,EEXF,GBP,2020-03-17,100.975,100.975,100.975,100.975,0,0,100.975
IE00B4L5ZG21,69169645,EEXF,GBP,2020-03-18,96.5,97.255,96.5,97.255,135,4,96.5
IE00B4L5ZG21,69169645,EEXF,GBP,2020-03-19,100.93,100.93,99.715,99.715,1,1,100.93
IE00B4L5ZG21,69169645,EEXF,GBP,2020-03-20,100.89,101.315,100.89,101.315,16006,2,100.89
IE00B4L5ZG21,69169645,EEXF,GBP,2020-03-23,103.06,103.635,103.06,103.635,1766,4,103.2365
IE00B4L5ZG21,69169645,EEXF,GBP,2020-03-24,102.48,102.48,102.48,102.48,0,0,102.48
IE00B4L5ZG21,69169645,EEXF,GBP,2020-03-25,102.985,102.985,102.985,102.985,0,0,102.985
IE00B4L5ZG21,69169645,EEXF,GBP,2020-03-26,102.87,102.87,102.87,102.87,0,0,102.87
IE00B4L5ZG21,69169645,EEXF,GBP,2020-03-27,100.805,100.805,100.805,100.805,0,0,100.805
IE00B4L5ZG21,69169645,EEXF,GBP,2020-03-30,100.8,100.8,100.8,100.8,0,0,100.8
IE00B4L5ZG21,69169645,EEXF,GBP,2020-03-31,99.735,99.735,99.735,99.735,0,0,99.735
IE00B4L5ZG21,69169645,EEXF,GBP,2020-04-01,98.63,99.225,98.63,99.225,50,5,98.6395
IE00B4L5ZG21,69169645,EEXF,GBP,2020-04-02,98.405,98.405,98.405,98.405,0,0,98.405
IE00B4L5ZG21,69169645,EEXF,GBP,2020-04-03,98.925,98.925,98.925,98.925,0,0,98.925
IE00B4L5ZG21,69169645,EEXF,GBP,2020-04-06,99.055,99.055,99.055,99.055,0,0,99.055
IE00B4L5ZG21,69169645,EEXF,GBP,2020-04-07,99.25,99.25,99.25,99.25,0,0,99.25
IE00B4L5ZG21,69169645,EEXF,GBP,2020-04-08,98.715,98.715,98.715,98.715,0,0,98.715
IE00B4L5ZG21,69169645,EEXF,GBP,2020-04-09,100.59,100.59,100.59,100.59,0,0,100.59
IE00B4L5ZG21,69169645,EEXF,GBP,2020-04-14,100.135,100.135,100.135,100.135,0,0,100.135
IE00B4L5ZG21,69169645,EEXF,GBP,2020-04-15,100.31,100.31,99.74,99.74,7500,2,100.31
IE00B4L5ZG21,69169645,EEXF,GBP,2020-04-16,100.06,100.06,100.06,100.06,0,0,100.06
IE00B4L5ZG21,69169645,EEXF,GBP,2020-04-17,100.27,100.27,100.27,100.27,0,0,100.27
IE00B4L5ZG21,69169645,EEXF,GBP,2020-04-20,100.45,100.45,100.45,100.45,0,0,100.45
IE00B4L5ZG21,69169645,EEXF,GBP,2020-04-21,101.45,101.45,101.45,101.45,0,0,101.45
IE00B4L5ZG21,69169645,EEXF,GBP,2020-04-22,101.1,101.325,101.1,101.325,2000,1,101.1
IE00B4L5ZG21,69169645,EEXF,GBP,2020-04-23,101.2,101.2,101.2,101.2,0,0,101.2
IE00B4L5ZG21,69169645,EEXF,GBP,2020-04-24,101.63,101.63,101.63,101.63,0,0,101.63
IE00B4L5ZG21,69169645,EEXF,GBP,2020-04-27,101.83,101.975,101.7,101.975,1851,3,101.779
IE00B4L5ZG21,69169645,EEXF,GBP,2020-04-28,101.23,101.23,101.23,101.23,0,0,101.23
IE00B4L5ZG21,69169645,EEXF,GBP,2020-04-29,101.885,101.885,101.885,101.885,0,0,101.885
IE00B4L5ZG21,69169645,EEXF,GBP,2020-04-30,101.67,101.67,101.67,101.67,0,0,101.67
IE00B4L5ZG21,69169645,EEXF,GBP,2020-05-01,102.545,102.545,102.545,102.545,0,0,102.545
IE00B4L5ZG21,69169645,EEXF,GBP,2020-05-04,102.475,102.475,102.475,102.475,0,0,102.475
IE00B4L5ZG21,69169645,EEXF,GBP,2020-05-05,101.605,101.605,101.605,101.605,0,0,101.605
IE00B4L5ZG21,69169645,EEXF,GBP,2020-05-06,101.5,101.5,101.5,101.5,0,0,101.5
IE00B4L5ZG21,69169645,EEXF,GBP,2020-05-07,101.82,101.82,101.82,101.82,0,0,101.82
IE00B4L5ZG21,69169645,EEXF,GBP,2020-05-11,101.695,101.695,101.695,101.695,0,0,101.695
IE00B4L5ZG21,69169645,EEXF,GBP,2020-05-12,102.365,102.365,102.365,102.365,0,0,102.365
IE00B4L5ZG21,69169645,EEXF,GBP,2020-05-13,102.64,102.64,102.64,102.64,0,0,102.64
IE00B4L5ZG21,69169645,EEXF,GBP,2020-05-14,102.405,102.405,102.405,102.405,0,0,102.405
IE00B4L5ZG21,69169645,EEXF,GBP,2020-05-15,101.57,103.05,101.57,103.05,341,1,101.57
IE00B4L5ZG21,69169645,EEXF,GBP,2020-05-18,103.17,103.17,103.17,103.17,0,0,103.17
IE00B4L5ZG21,69169645,EEXF,GBP,2020-05-19,103.21,103.21,103.21,103.21,0,0,103.21
IE00B4L5ZG21,69169645,EEXF,GBP,2020-05-20,103.66,103.935,103.66,103.935,100,1,103.66
IE00B4L5ZG21,69169645,EEXF,GBP,2020-05-21,104.1,104.29,104.1,104.29,100,1,104.1
IE00B4L5ZG21,69169645,EEXF,GBP,2020-05-22,104.08,104.08,104.08,104.08,0,0,104.08
IE00B4L5ZG21,69169645,EEXF,GBP,2020-05-26,103.68,103.68,103.68,103.68,0,0,103.68
IE00B4L5ZG21,69169645,EEXF,GBP,2020-05-27,104.95,104.95,104.95,104.95,0,0,104.95
IE00B4L5ZG21,69169645,EEXF,GBP,2020-05-28,105.09,105.09,105.09,105.09,0,0,105.09
IE00B4L5ZG21,69169645,EEXF,GBP,2020-05-29,105.62,105.62,105.62,105.62,0,0,105.62
IE00B4L5ZG21,69169645,EEXF,GBP,2020-06-01,104.53,104.53,104.46,104.46,178,1,104.53
IE00B4L5ZG21,69169645,EEXF,GBP,2020-06-02,104.91,104.91,104.91,104.91,0,0,104.91
IE00B4L5ZG21,69169645,EEXF,GBP,2020-06-03,105.15,105.15,105.15,105.15,0,0,105.15
IE00B4L5ZG21,69169645,EEXF,GBP,2020-06-04,106.555,106.555,106.555,106.555,0,0,106.555
IE00B4L5ZG21,69169645,EEXF,GBP,2020-06-05,106.36,106.36,106.22,106.22,7500,2,106.36
IE00B4L5ZG21,69169645,EEXF,GBP,2020-06-08,106.2,106.26,105.985,105.985,60,2,106.21
IE00B4L5ZG21,69169645,EEXF,GBP,2020-06-09,105.815,105.815,105.815,105.815,0,0,105.815
IE00B4L5ZG21,69169645,EEXF,GBP,2020-06-10,105.375,105.375,105.375,105.375,0,0,105.375
IE00B4L5ZG21,69169645,EEXF,GBP,2020-06-11,106.49,106.49,106.49,106.49,0,0,106.49
IE00B4L5ZG21,69169645,EEXF,GBP,2020-06-12,106.58,106.6,106.5,106.5,8700,4,106.583
IE00B4L5ZG21,69169645,EEXF,GBP,2020-06-15,106.345,106.345,106.345,106.345,0,0,106.345
IE00B4L5ZG21,69169645,EEXF,GBP,2020-06-16,106.94,106.94,106.4,106.4,100,1,106.94
IE00B4L5ZG21,69169645,EEXF,GBP,2020-06-17,106.42,106.5,106.42,106.5,100,1,106.42
IE00B4L5ZG21,69169645,EEXF,GBP,2020-06-18,106.99,106.99,106.99,106.99,0,0,106.99
IE00B4L5ZG21,69169645,EEXF,GBP,2020-06-19,107.305,107.305,107.305,107.305,0,0,107.305
IE00B4L5ZG21,69169645,EEXF,GBP,2020-06-22,107.245,107.245,107.245,107.245,0,0,107.245
IE00B4L5ZG21,69169645,EEXF,GBP,2020-06-23,107.39,107.39,107.13,107.13,190,2,107.39
IE00B4L5ZG21,69169645,EEXF,GBP,2020-06-24,107.25,107.25,107.25,107.25,0,0,107.25
IE00B4L5ZG21,69169645,EEXF,GBP,2020-06-25,106.98,106.98,106.98,106.98,0,0,106.98
IE00B4L5ZG21,69169645,EEXF,GBP,2020-06-26,107.12,107.54,107.12,107.54,200,2,107.2
IE00B4L5ZG21,69169645,EEXF,GBP,2020-06-29,107.8,108.61,107.8,108.6,306,8,108.3395
IE00B4L5ZG21,69169645,EEXF,GBP,2020-06-30,108.12,108.15,107.83,107.83,92,4,108.1455
IE00B4L5ZG21,69169645,EEXF,GBP,2020-07-01,106.965,106.965,106.965,106.965,0,0,106.965
IE00B4L5ZG21,69169645,EEXF,GBP,2020-07-02,107.015,107.015,107.015,107.015,0,0,107.015
IE00B4L5ZG21,69169645,EEXF,GBP,2020-07-03,107.05,107.05,107.05,107.05,0,0,107.05
IE00B4L5ZG21,69169645,EEXF,GBP,2020-07-06,107.645,107.645,107.645,107.645,0,0,107.645
IE00B4L5ZG21,69169645,EEXF,GBP,2020-07-07,106.66,106.66,106.66,106.66,0,0,106.66
IE00B4L5ZG21,69169645,EEXF,GBP,2020-07-08,107.2,107.2,107.15,107.15,5,1,107.2
IE00B4L5ZG21,69169645,EEXF,GBP,2020-07-09,106.495,106.495,106.495,106.495,0,0,106.495
IE00B4L5ZG21,69169645,EEXF,GBP,2020-07-10,106.535,106.535,106.535,106.535,0,0,106.535
IE00B4L5ZG21,69169645,EEXF,GBP,2020-07-13,107.11,107.11,107.11,107.11,0,0,107.11
IE00B4L5ZG21,69169645,EEXF,GBP,2020-07-14,108.205,108.205,108.205,108.205,0,0,108.205
IE00B4L5ZG21,69169645,EEXF,GBP,2020-07-15,108.215,108.215,108.215,108.215,0,0,108.215
IE00B4L5ZG21,69169645,EEXF,GBP,2020-07-16,108.06,108.08,108.06,108.08,16,1,108.06
IE00B4L5ZG21,69169645,EEXF,GBP,2020-07-17,108.625,108.625,108.625,108.625,0,0,108.625
IE00B4L5ZG21,69169645,EEXF,GBP,2020-07-20,108.05,108.17,108.05,108.17,6062,3,108.055
IE00B4L5ZG21,69169645,EEXF,GBP,2020-07-21,108.05,108.05,108.03,108.03,100,1,108.05
IE00B4L5ZG21,69169645,EEXF,GBP,2020-07-22,108.99,109.165,108.99,109.165,200,2,109.035
IE00B4L5ZG21,69169645,EEXF,GBP,2020-07-23,108.965,108.965,108.965,108.965,0,0,108.965
IE00B4L5ZG21,69169645,EEXF,GBP,2020-07-24,109.05,109.05,108.88,108.88,200,2,108.975
IE00B4L5ZG21,69169645,EEXF,GBP,2020-07-27,109.5,109.5,109.5,109.5,0,0,109.5
IE00B4L5ZG21,69169645,EEXF,GBP,2020-07-28,109.48,109.48,108.78,108.78,200,1,109.48
IE00B4L5ZG21,69169645,EEXF,GBP,2020-07-29,108.795,108.795,108.795,108.795,0,0,108.795
IE00B4L5ZG21,69169645,EEXF,GBP,2020-07-30,108.37,108.37,108.37,108.37,0,0,108.37
IE00B4L5ZG21,69169645,EEXF,GBP,2020-07-31,107.87,107.87,107.87,107.87,0,0,107.87
IE00B4L5ZG21,69169645,EEXF,GBP,2020-08-03,108.025,108.025,108.025,108.025,0,0,108.025
IE00B4L5ZG21,69169645,EEXF,GBP,2020-08-04,108.3,108.3,108.3,108.3,0,0,108.3
IE00B4L5ZG21,69169645,EEXF,GBP,2020-08-05,108.605,108.605,108.605,108.605,0,0,108.605
IE00B4L5ZG21,69169645,EEXF,GBP,2020-08-06,108.24,108.67,108.24,108.67,2106,3,108.24
IE00B4L5ZG21,69169645,EEXF,GBP,2020-08-07,108.725,108.725,108.725,108.725,0,0,108.725
IE00B4L5ZG21,69169645,EEXF,GBP,2020-08-10,108.455,108.455,108.455,108.455,0,0,108.455
IE00B4L5ZG21,69169645,EEXF,GBP,2020-08-11,108.44,108.44,108.34,108.34,100,1,108.44
IE00B4L5ZG21,69169645,EEXF,GBP,2020-08-12,108.795,108.795,108.795,108.795,0,0,108.795
IE00B4L5ZG21,69169645,EEXF,GBP,2020-08-13,108.655,108.655,108.655,108.655,0,0,108.655
IE00B4L5ZG21,69169645,EEXF,GBP,2020-08-14,108.33,108.33,108.3,108.3,30,1,108.33
IE00B4L5ZG21,69169645,EEXF,GBP,2020-08-17,108.31,108.82,108.31,108.82,56,1,108.31
IE00B4L5ZG21,69169645,EEXF,GBP,2020-08-18,108.285,108.285,108.285,108.285,0,0,108.285
IE00B4L5ZG21,69169645,EEXF,GBP,2020-08-19,108.545,108.545,108.545,108.545,0,0,108.545
IE00B4L5ZG21,69169645,EEXF,GBP,2020-08-20,108.445,108.445,108.445,108.445,0,0,108.445
IE00B4L5ZG21,69169645,EEXF,GBP,2020-08-21,108.11,108.485,108.11,108.485,100,1,108.11
IE00B4L5ZG21,69169645,EEXF,GBP,2020-08-24,108.765,108.765,108.765,108.765,0,0,108.765
IE00B4L5ZG21,69169645,EEXF,GBP,2020-08-25,108.075,108.075,108.075,108.075,0,0,108.075
IE00B4L5ZG21,69169645,EEXF,GBP,2020-08-26,107.485,107.485,107.485,107.485,0,0,107.485
IE00B4L5ZG21,69169645,EEXF,GBP,2020-08-27,107.15,107.245,107.15,107.245,100,1,107.15
IE00B4L5ZG21,69169645,EEXF,GBP,2020-08-28,106.995,106.995,106.995,106.995,0,0,106.995
IE00B4L5ZG21,69169645,EEXF,GBP,2020-09-01,106.8,106.8,106.8,106.8,0,0,106.8
IE00B4L5ZG21,69169645,EEXF,GBP,2020-09-02,107.225,107.225,107.225,107.225,0,0,107.225
IE00B4L5ZG21,69169645,EEXF,GBP,2020-09-03,107.485,107.485,107.485,107.485,0,0,107.485
IE00B4L5ZG21,69169645,EEXF,GBP,2020-09-04,107.455,107.455,107.455,107.455,0,0,107.455
IE00B4L5ZG21,69169645,EEXF,GBP,2020-09-07,107.83,108.11,107.83,108.11,306,5,108.0035
IE00B4L5ZG21,69169645,EEXF,GBP,2020-09-08,108.98,109.0,108.98,109.0,100,1,108.98
IE00B4L5ZG21,69169645,EEXF,GBP,2020-09-09,109.275,109.275,109.275,109.275,0,0,109.275
IE00B4L5ZG21,69169645,EEXF,GBP,2020-09-10,109.34,110.84,109.34,110.84,22,1,109.34
IE00B4L5ZG21,69169645,EEXF,GBP,2020-09-11,111.49,111.49,111.49,111.49,0,0,111.49
IE00B4L5ZG21,69169645,EEXF,GBP,2020-09-14,111.04,111.04,111.04,111.04,0,0,111.04
IE00B4L5ZG21,69169645,EEXF,GBP,2020-09-15,111.05,111.055,111.05,111.055,9,1,111.05
IE00B4L5ZG21,69169645,EEXF,GBP,2020-09-16,109.855,109.855,109.855,109.855,0,0,109.855
IE00B4L5ZG21,69169645,EEXF,GBP,2020-09-17,110.125,110.125,110.125,110.125,0,0,110.125
IE00B4L5ZG21,69169645,EEXF,GBP,2020-09-18,110.17,110.41,110.17,110.41,100,1,110.17
IE00B4L5ZG21,69169645,EEXF,GBP,2020-09-21,110.56,110.56,110.56,110.56,0,0,110.56
IE00B4L5ZG21,69169645,EEXF,GBP,2020-09-22,110.64,110.64,110.64,110.64,0,0,110.64
IE00B4L5ZG21,69169645,EEXF,GBP,2020-09-23,110.22,110.22,110.22,110.22,0,0,110.22
IE00B4L5ZG21,69169645,EEXF,GBP,2020-09-24,109.96,109.96,109.96,109.96,0,0,109.96
IE00B4L5ZG21,69169645,EEXF,GBP,2020-09-25,109.93,109.93,109.93,109.93,0,0,109.93
IE00B4L5ZG21,69169645,EEXF,GBP,2020-09-28,109.03,109.06,108.74,109.06,500,5,108.874
IE00B4L5ZG21,69169645,EEXF,GBP,2020-09-29,109.81,109.83,109.81,109.83,100,1,109.81
IE00B4L5ZG21,69169645,EEXF,GBP,2020-09-30,109.42,109.42,109.42,109.42,0,0,109.42
IE00B4L5ZG21,69169645,EEXF,GBP,2020-10-01,109.66,109.925,109.66,109.925,8723,1,109.66
IE00B4L5ZG21,69169645,EEXF,GBP,2020-10-02,109.3,109.3,109.3,109.3,0,0,109.3
IE00B4L5ZG21,69169645,EEXF,GBP,2020-10-05,109.65,109.65,109.65,109.65,0,0,109.65
IE00B4L5ZG21,69169645,EEXF,GBP,2020-10-06,110.12,110.12,109.94,109.94,70,1,110.12
IE00B4L5ZG21,69169645,EEXF,GBP,2020-10-07,109.97,109.97,109.97,109.97,0,0,109.97
IE00B4L5ZG21,69169645,EEXF,GBP,2020-10-08,109.955,109.955,109.955,109.955,0,0,109.955
IE00B4L5ZG21,69169645,EEXF,GBP,2020-10-09,110.43,110.43,110.01,110.01,49,1,110.43
IE00B4L5ZG21,69169645,EEXF,GBP,2020-10-12,109.49,109.49,109.49,109.49,0,0,109.49
IE00B4L5ZG21,69169645,EEXF,GBP,2020-10-13,109.63,109.63,109.63,109.63,0,0,109.63
IE00B4L5ZG21,69169645,EEXF,GBP,2020-10-14,110.36,110.36,109.515,109.515,98,2,110.125
IE00B4L5ZG21,69169645,EEXF,GBP,2020-10-15,109.88,109.88,109.88,109.88,0,0,109.88
IE00B4L5ZG21,69169645,EEXF,GBP,2020-10-16,109.94,110.38,109.94,110.31,8700,2,110.377
IE00B4L5ZG21,69169645,EEXF,GBP,2020-10-19,110.41,110.41,110.41,110.41,0,0,110.41
IE00B4L5ZG21,69169645,EEXF,GBP,2020-10-20,110.955,110.955,110.955,110.955,0,0,110.955
IE00B4L5ZG21,69169645,EEXF,GBP,2020-10-21,109.99,109.99,109.75,109.75,60,1,109.99
IE00B4L5ZG21,69169645,EEXF,GBP,2020-10-22,109.85,109.95,109.85,109.87,200,2,109.92
IE00B4L5ZG21,69169645,EEXF,GBP,2020-10-23,110.27,110.305,110.27,110.305,4,1,110.27
IE00B4L5ZG21,69169645,EEXF,GBP,2020-10-26,110.215,110.215,110.215,110.215,0,0,110.215
IE00B4L5ZG21,69169645,EEXF,GBP,2020-10-27,110.075,110.075,110.075,110.075,0,0,110.075
IE00B4L5ZG21,69169645,EEXF,GBP,2020-10-28,110.07,110.07,109.925,109.925,180,3,110.0435
IE00B4L5ZG21,69169645,EEXF,GBP,2020-10-29,109.89,109.89,109.8,109.8,60,1,109.89
IE00B4L5ZG21,69169645,EEXF,GBP,2020-10-30,109.215,109.215,109.215,109.215,0,0,109.215
IE00B4L5ZG21,69169645,EEXF,GBP,2020-11-02,109.725,109.725,109.725,109.725,0,0,109.725
IE00B4L5ZG21,69169645,EEXF,GBP,2020-11-03,109.24,109.27,109.18,109.18,330,3,109.2405
IE00B4L5ZG21,69169645,EEXF,GBP,2020-11-04,109.97,110.0,109.81,109.94,405,6,109.8635
IE00B4L5ZG21,69169645,EEXF,GBP,2020-11-05,110.49,110.8,110.26,110.26,325,5,110.743
IE00B4L5ZG21,69169645,EEXF,GBP,2020-11-06,110.19,110.19,110.19,110.19,0,0,110.19
IE00B4L5ZG21,69169645,EEXF,GBP,2020-11-09,110.6,110.6,109.81,109.81,145,2,110.3765
IE00B4L5ZG21,69169645,EEXF,GBP,2020-11-10,108.99,108.99,108.99,108.99,0,0,108.99
IE00B4L5ZG21,69169645,EEXF,GBP,2020-11-11,108.8,108.93,108.77,108.77,340,4,108.8705
IE00B4L5ZG21,69169645,EEXF,GBP,2020-11-12,109.85,109.85,109.85,109.85,0,0,109.85
IE00B4L5ZG21,69169645,EEXF,GBP,2020-11-13,109.62,109.62,109.62,109.62,0,0,109.62
IE00B4L5ZG21,69169645,EEXF,GBP,2020-11-16,109.77,109.83,109.65,109.83,278,7,109.7075
IE00B4L5ZG21,69169645,EEXF,GBP,2020-11-17,109.69,109.69,109.59,109.59,1304,6,109.685
IE00B4L5ZG21,69169645,EEXF,GBP,2020-11-18,109.11,109.49,109.11,109.46,309,3,109.2735
IE00B4L5ZG21,69169645,EEXF,GBP,2020-11-19,109.82,109.82,109.62,109.66,2360,3,109.815
IE00B4L5ZG21,69169645,EEXF,GBP,2020-11-20,109.54,109.54,109.34,109.34,130,2,109.513
IE00B4L5ZG21,69169645,EEXF,GBP,2020-11-23,108.89,109.05,108.83,109.05,300,2,108.842
IE00B4L5ZG21,69169645,EEXF,GBP,2020-11-24,109.03,109.19,109.03,109.19,61,2,109.1185
IE00B4L5ZG21,69169645,EEXF,GBP,2020-11-25,109.13,109.13,109.13,109.13,0,0,109.13
IE00B4L5ZG21,69169645,EEXF,GBP,2020-11-26,109.615,109.615,109.615,109.615,0,0,109.615
IE00B4L5ZG21,69169645,EEXF,GBP,2020-11-27,109.93,110.11,109.9,110.11,120,2,109.915
IE00B4L5ZG21,69169645,EEXF,GBP,2020-11-30,110.25,110.26,109.89,109.89,420,7,110.1455
IE00B4L5ZG21,69169645,EEXF,GBP,2020-12-01,110.14,110.14,109.84,109.865,180,3,109.9465
IE00B4L5ZG21,69169645,EEXF,GBP,2020-12-02,110.59,111.2,110.59,110.97,180,3,110.94
IE00B4L5ZG21,69169645,EEXF,GBP,2020-12-03,110.79,110.85,110.5,110.5,240,4,110.79
IE00B4L5ZG21,69169645,EEXF,GBP,2020-12-04,110.99,110.99,110.585,110.585,300,5,110.826
IE00B4L5ZG21,69169645,EEXF,GBP,2020-12-07,112.26,112.26,111.67,111.67,180,3,112.1665
IE00B4L5ZG21,69169645,EEXF,GBP,2020-12-08,111.75,111.75,111.38,111.59,360,6,111.5815
IE00B4L5ZG21,69169645,EEXF,GBP,2020-12-09,110.99,111.1,110.92,111.1,232,4,110.951
IE00B4L5ZG21,69169645,EEXF,GBP,2020-12-10,112.28,112.28,112.195,112.195,60,1,112.28
IE00B4L5ZG21,69169645,EEXF,GBP,2020-12-11,112.91,113.2,112.78,112.78,120,2,113.055
IE00B4L5ZG21,69169645,EEXF,GBP,2020-12-14,111.95,112.14,111.91,112.05,240,4,111.9875
IE00B4L5ZG21,69169645,EEXF,GBP,2020-12-15,111.54,111.54,111.2,111.2,60,1,111.54
IE00B4L5ZG21,69169645,EEXF,GBP,2020-12-16,110.74,110.94,110.74,110.79,12258,7,110.742
IE00B4L5ZG21,69169645,EEXF,GBP,2020-12-17,110.61,110.63,110.57,110.63,180,3,110.5965
IE00B4L5ZG21,69169645,EEXF,GBP,2020-12-18,111.28,111.365,111.28,111.365,60,1,111.28
IE00B4L5ZG21,69169645,EEXF,GBP,2020-12-21,112.99,113.24,112.53,112.53,300,5,113.18
IE00B4L5ZG21,69169645,EEXF,GBP,2020-12-22,112.18,112.18,112.18,112.18,0,0,112.18
IE00B4L5ZG21,69169645,EEXF,GBP,2020-12-23,111.12,111.12,110.81,110.81,120,2,110.98
IE00B4L5ZG21,69169645,EEXF,GBP,2020-12-24,110.33,110.33,110.33,110.33,0,0,110.33
IE00B4L5ZG21,69169645,EEXF,GBP,2020-12-29,111.69,111.85,111.48,111.48,10192,3,111.7075
IE00B4L5ZG21,69169645,EEXF,GBP,2020-12-30,111.085,111.085,111.085,111.085,0,0,111.085
IE00B4L5ZG21,69169645,EEXF,GBP,2020-12-31,110.44,110.44,110.44,110.44,0,0,110.44
IE00B4L5ZG21,69169645,EEXF,GBP,2021-01-04,110.46,111.16,110.46,111.15,120,2,110.81
IE00B4L5ZG21,69169645,EEXF,GBP,2021-01-05,111.005,111.005,111.005,111.005,0,0,111.005
IE00B4L5ZG21,69169645,EEXF,GBP,2021-01-06,111.11,111.69,111.02,111.2,10540,6,111.0445
IE00B4L5ZG21,69169645,EEXF,GBP,2021-01-07,111.385,111.385,111.385,111.385,0,0,111.385
IE00B4L5ZG21,69169645,EEXF,GBP,2021-01-08,111.0,111.05,110.95,111.05,120,2,110.975
IE00B4L5ZG21,69169645,EEXF,GBP,2021-01-11,110.95,110.95,110.73,110.73,60,1,110.95
IE00B4L5ZG21,69169645,EEXF,GBP,2021-01-12,109.76,109.76,109.435,109.435,60,1,109.76
IE00B4L5ZG21,69169645,EEXF,GBP,2021-01-13,109.42,109.65,109.18,109.65,240,4,109.2775
IE00B4L5ZG21,69169645,EEXF,GBP,2021-01-14,108.9,108.9,108.65,108.65,60,1,108.9
IE00B4L5ZG21,69169645,EEXF,GBP,2021-01-15,108.83,108.83,108.83,108.83,0,0,108.83
IE00B4L5ZG21,69169645,EEXF,GBP,2021-01-18,109.05,109.1,108.72,108.76,180,3,108.9565
IE00B4L5ZG21,69169645,EEXF,GBP,2021-01-19,108.94,108.94,108.83,108.845,385,4,108.8745
IE00B4L5ZG21,69169645,EEXF,GBP,2021-01-20,108.4,108.65,108.31,108.565,420,7,108.4355
IE00B4L5ZG21,69169645,EEXF,GBP,2021-01-21,108.23,108.41,108.03,108.03,300,5,108.338
IE00B4L5ZG21,69169645,EEXF,GBP,2021-01-22,108.58,108.925,108.58,108.925,360,6,108.7115
IE00B4L5ZG21,69169645,EEXF,GBP,2021-01-25,108.68,108.725,108.6,108.725,180,3,108.6365
IE00B4L5ZG21,69169645,EEXF,GBP,2021-01-26,108.71,108.71,108.225,108.225,240,4,108.5625
IE00B4L5ZG21,69169645,EEXF,GBP,2021-01-27,107.67,107.785,107.63,107.785,100,2,107.654
IE00B4L5ZG21,69169645,EEXF,GBP,2021-01-28,108.25,108.25,107.79,107.79,540,9,108.0455
IE00B4L5ZG21,69169645,EEXF,GBP,2021-01-29,107.83,108.025,107.83,108.025,360,6,107.9165
IE00B4L5ZG21,69169645,EEXF,GBP,2021-02-01,107.89,107.89,107.89,107.89,0,0,107.89
IE00B4L5ZG21,69169645,EEXF,GBP,2021-02-02,107.96,107.96,107.67,107.67,60,1,107.96
IE00B4L5ZG21,69169645,EEXF,GBP,2021-02-03,107.59,107.66,107.45,107.57,480,8,107.575
IE00B4L5ZG21,69169645,EEXF,GBP,2021-02-04,107.86,107.86,107.0,107.0,180,3,107.3835
IE00B4L5ZG21,69169645,EEXF,GBP,2021-02-05,106.89,106.94,106.89,106.935,240,4,106.9175
IE00B4L5ZG21,69169645,EEXF,GBP,2021-02-08,107.09,107.2,106.98,106.98,300,5,107.112
IE00B4L5ZG21,69169645,EEXF,GBP,2021-02-09,107.03,107.18,106.96,107.095,480,8,107.0775
IE00B4L5ZG21,69169645,EEXF,GBP,2021-02-10,107.01,107.01,106.89,106.89,300,5,106.968
IE00B4L5ZG21,69169645,EEXF,GBP,2021-02-11,107.23,107.23,107.21,107.23,180,3,107.2235
IE00B4L5ZG21,69169645,EEXF,GBP,2021-02-12,107.07,107.07,106.66,106.72,420,7,106.8355
IE00B4L5ZG21,69169645,EEXF,GBP,2021-02-15,106.22,106.39,106.17,106.225,420,7,106.2455
IE00B4L5ZG21,69169645,EEXF,GBP,2021-02-16,106.31,106.31,105.815,105.815,240,4,106.2025
IE00B4L5ZG21,69169645,EEXF,GBP,2021-02-17,105.82,105.82,105.56,105.815,300,5,105.678
IE00B4L5ZG21,69169645,EEXF,GBP,2021-02-18,105.51,105.61,105.145,105.145,180,3,105.46
IE00B4L5ZG21,69169645,EEXF,GBP,2021-02-19,105.26,105.26,105.01,105.125,486,5,105.14
IE00B4L5ZG21,69169645,EEXF,GBP,2021-02-22,104.89,104.98,104.74,104.98,360,6,104.8865
IE00B4L5ZG21,69169645,EEXF,GBP,2021-02-23,104.61,104.61,104.52,104.56,533,3,104.5335
IE00B4L5ZG21,69169645,EEXF,GBP,2021-02-24,104.37,104.42,104.14,104.42,240,4,104.2875
IE00B4L5ZG21,69169645,EEXF,GBP,2021-02-25,104.61,104.61,104.425,104.425,240,4,104.5375
IE00B4L5ZG21,69169645,EEXF,GBP,2021-02-26,105.23,105.23,104.78,104.985,5043,13,104.91
IE00B4L5ZG21,69169645,EEXF,GBP,2021-03-01,104.98,104.98,104.78,104.88,120,2,104.88
IE00B4L5ZG21,69169645,EEXF,GBP,2021-03-02,105.05,105.05,104.82,105.04,120,2,104.935
IE00B4L5ZG21,69169645,EEXF,GBP,2021-03-03,104.91,104.98,104.52,104.54,360,6,104.8335
IE00B4L5ZG21,69169645,EEXF,GBP,2021-03-04,104.52,104.52,104.24,104.355,360,6,104.4435
IE00B4L5ZG21,69169645,EEXF,GBP,2021-03-05,104.365,104.365,104.365,104.365,0,0,104.365
IE00B4L5ZG21,69169645,EEXF,GBP,2021-03-08,103.99,103.99,103.7,103.885,300,5,103.892
IE00B4L5ZG21,69169645,EEXF,GBP,2021-03-09,103.88,103.89,103.625,103.625,9289,5,103.713
IE00B4L5ZG21,69169645,EEXF,GBP,2021-03-10,103.54,103.655,103.54,103.655,180,3,103.5765
IE00B4L5ZG21,69169645,EEXF,GBP,2021-03-11,103.77,103.94,103.77,103.85,154,3,103.8625
IE00B4L5ZG21,69169645,EEXF,GBP,2021-03-12,103.64,104.0,103.64,103.995,120,2,103.82
IE00B4L5ZG21,69169645,EEXF,GBP,2021-03-15,103.71,104.15,103.71,104.15,300,5,103.834
IE00B4L5ZG21,69169645,EEXF,GBP,2021-03-16,104.46,104.46,103.78,103.78,260,3,104.1985
IE00B4L5ZG21,69169645,EEXF,GBP,2021-03-17,103.735,103.735,103.735,103.735,0,0,103.735
IE00B4L5ZG21,69169645,EEXF,GBP,2021-03-18,103.33,103.33,103.33,103.33,0,0,103.33
IE00B4L5ZG21,69169645,EEXF,GBP,2021-03-19,103.81,103.81,103.745,103.745,60,1,103.81
IE00B4L5ZG21,69169645,EEXF,GBP,2021-03-22,103.91,104.265,103.91,104.265,1389,1,103.91
IE00B4L5ZG21,69169645,EEXF,GBP,2021-03-23,104.285,104.285,104.285,104.285,0,0,104.285
IE00B4L5ZG21,69169645,EEXF,GBP,2021-03-24,104.52,104.55,104.51,104.51,180,3,104.54
IE00B4L5ZG21,69169645,EEXF,GBP,2021-03-25,104.4,104.4,104.075,104.075,60,1,104.4
IE00B4L5ZG21,69169645,EEXF,GBP,2021-03-26,103.66,103.67,103.66,103.67,2300,2,103.66
IE00B4L5ZG21,69169645,EEXF,GBP,2021-03-29,103.42,103.42,103.42,103.42,0,0,103.42
IE00B4L5ZG21,69169645,EEXF,GBP,2021-03-30,103.42,103.42,103.42,103.42,0,0,103.42
IE00B4L5ZG21,69169645,EEXF,GBP,2021-03-31,103.295,103.295,103.295,103.295,0,0,103.295
IE00B4L5ZG21,69169645,EEXF,GBP,2021-04-01,103.455,103.455,103.455,103.455,0,0,103.455
IE00B4L5ZG21,69169645,EEXF,GBP,2021-04-06,103.995,103.995,103.995,103.995,0,0,103.995
IE00B4L5ZG21,69169645,EEXF,GBP,2021-04-07,104.51,105.16,104.5,104.975,215,5,104.808
IE00B4L5ZG21,69169645,EEXF,GBP,2021-04-08,105.36,105.36,105.36,105.36,0,0,105.36
IE00B4L5ZG21,69169645,EEXF,GBP,2021-04-09,105.12,105.12,105.12,105.12,0,0,105.12
IE00B4L5ZG21,69169645,EEXF,GBP,2021-04-12,105.17,105.17,105.17,105.17,0,0,105.17
IE00B4L5ZG21,69169645,EEXF,GBP,2021-04-13,105.38,105.38,105.38,105.38,0,0,105.38
IE00B4L5ZG21,69169645,EEXF,GBP,2021-04-14,105.23,105.23,105.23,105.23,0,0,105.23
IE00B4L5ZG21,69169645,EEXF,GBP,2021-04-15,105.45,105.45,105.45,105.45,0,0,105.45
IE00B4L5ZG21,69169645,EEXF,GBP,2021-04-16,105.71,105.71,105.175,105.175,60,1,105.71
IE00B4L5ZG21,69169645,EEXF,GBP,2021-04-19,104.225,104.225,104.225,104.225,0,0,104.225
IE00B4L5ZG21,69169645,EEXF,GBP,2021-04-20,104.61,104.715,104.61,104.715,9096,3,104.61
IE00B4L5ZG21,69169645,EEXF,GBP,2021-04-21,104.48,104.77,104.47,104.745,155,3,104.497
IE00B4L5ZG21,69169645,EEXF,GBP,2021-04-22,105.3,105.3,105.3,105.3,0,0,105.3
IE00B4L5ZG21,69169645,EEXF,GBP,2021-04-23,105.695,105.695,105.695,105.695,0,0,105.695
IE00B4L5ZG21,69169645,EEXF,GBP,2021-04-26,105.52,105.52,105.52,105.52,0,0,105.52
IE00B4L5ZG21,69169645,EEXF,GBP,2021-04-27,105.235,105.235,105.235,105.235,0,0,105.235
IE00B4L5ZG21,69169645,EEXF,GBP,2021-04-28,105.5,105.5,105.38,105.38,8913,4,105.5
IE00B4L5ZG21,69169645,EEXF,GBP,2021-04-29,105.075,105.075,105.075,105.075,0,0,105.075
IE00B4L5ZG21,69169645,EEXF,GBP,2021-04-30,105.51,105.51,105.51,105.51,0,0,105.51
IE00B4L5ZG21,69169645,EEXF,GBP,2021-05-04,105.07,105.07,104.995,104.995,2715,1,105.07
IE00B4L5ZG21,69169645,EEXF,GBP,2021-05-05,104.615,104.615,104.615,104.615,0,0,104.615
IE00B4L5ZG21,69169645,EEXF,GBP,2021-05-06,105.29,105.29,105.29,105.29,0,0,105.29
IE00B4L5ZG21,69169645,EEXF,GBP,2021-05-07,105.275,105.275,105.275,105.275,0,0,105.275
IE00B4L5ZG21,69169645,EEXF,GBP,2021-05-10,104.255,104.255,104.255,104.255,0,0,104.255
IE00B4L5ZG21,69169645,EEXF,GBP,2021-05-11,103.93,103.93,103.93,103.93,0,0,103.93
IE00B4L5ZG21,69169645,EEXF,GBP,2021-05-12,103.315,103.315,103.315,103.315,0,0,103.315
IE00B4L5ZG21,69169645,EEXF,GBP,2021-05-13,103.73,103.73,103.73,103.73,0,0,103.73
IE00B4L5ZG21,69169645,EEXF,GBP,2021-05-14,103.945,103.945,103.945,103.945,0,0,103.945
IE00B4L5ZG21,69169645,EEXF,GBP,2021-05-17,103.785,103.785,103.785,103.785,0,0,103.785
IE00B4L5ZG21,69169645,EEXF,GBP,2021-05-18,103.685,103.685,103.685,103.685,0,0,103.685
IE00B4L5ZG21,69169645,EEXF,GBP,2021-05-19,104.005,104.005,104.005,104.005,0,0,104.005
IE00B4L5ZG21,69169645,EEXF,GBP,2021-05-20,103.815,103.815,103.815,103.815,0,0,103.815
IE00B4L5ZG21,69169645,EEXF,GBP,2021-05-21,103.67,103.68,103.66,103.68,58,4,103.665
IE00B4L5ZG21,69169645,EEXF,GBP,2021-05-24,104.1,104.1,104.1,104.1,0,0,104.1
IE00B4L5ZG21,69169645,EEXF,GBP,2021-05-25,104.56,104.56,104.56,104.56,0,0,104.56
IE00B4L5ZG21,69169645,EEXF,GBP,2021-05-26,104.48,104.48,104.48,104.48,0,0,104.48
IE00B4L5ZG21,69169645,EEXF,GBP,2021-05-27,103.865,103.865,103.865,103.865,0,0,103.865
IE00B4L5ZG21,69169645,EEXF,GBP,2021-05-28,103.92,103.92,103.92,103.92,0,0,103.92
IE00B4L5ZG21,69169645,EEXF,GBP,2021-06-01,104.475,104.475,104.475,104.475,0,0,104.475
IE00B4L5ZG21,69169645,EEXF,GBP,2021-06-02,104.225,104.225,104.225,104.225,0,0,104.225
IE00B4L5ZG21,69169645,EEXF,GBP,2021-06-03,103.995,103.995,103.995,103.995,0,0,103.995
IE00B4L5ZG21,69169645,EEXF,GBP,2021-06-04,104.09,104.09,104.09,104.09,0,0,104.09
IE00B4L5ZG21,69169645,EEXF,GBP,2021-06-07,104.2,104.2,104.2,104.2,0,0,104.2
IE00B4L5ZG21,69169645,EEXF,GBP,2021-06-08,104.43,104.43,104.43,104.43,0,0,104.43
IE00B4L5ZG21,69169645,EEXF,GBP,2021-06-09,104.805,104.805,104.805,104.805,0,0,104.805
IE00B4L5ZG21,69169645,EEXF,GBP,2021-06-10,104.37,104.37,104.37,104.37,0,0,104.37
IE00B4L5ZG21,69169645,EEXF,GBP,2021-06-11,104.23,104.23,104.23,104.23,0,0,104.23
IE00B4L5ZG21,69169645,EEXF,GBP,2021-06-14,104.375,104.375,104.375,104.375,0,0,104.375
IE00B4L5ZG21,69169645,EEXF,GBP,2021-06-15,104.44,104.44,104.44,104.44,0,0,104.44
IE00B4L5ZG21,69169645,EEXF,GBP,2021-06-16,104.325,104.325,104.325,104.325,0,0,104.325
IE00B4L5ZG21,69169645,EEXF,GBP,2021-06-17,103.735,103.735,103.735,103.735,0,0,103.735
IE00B4L5ZG21,69169645,EEXF,GBP,2021-06-18,104.245,104.245,104.245,104.245,0,0,104.245
IE00B4L5ZG21,69169645,EEXF,GBP,2021-06-21,103.72,103.72,103.72,103.72,0,0,103.72
IE00B4L5ZG21,69169645,EEXF,GBP,2021-06-22,103.555,103.555,103.555,103.555,0,0,103.555
IE00B4L5ZG21,69169645,EEXF,GBP,2021-06-23,103.45,103.73,103.45,103.73,12018,3,103.45
IE00B4L5ZG21,69169645,EEXF,GBP,2021-06-24,104.01,104.01,104.01,104.01,0,0,104.01
IE00B4L5ZG21,69169645,EEXF,GBP,2021-06-25,104.02,104.02,104.02,104.02,0,0,104.02
IE00B4L5ZG21,69169645,EEXF,GBP,2021-06-28,104.18,104.18,104.18,104.18,0,0,104.18
IE00B4L5ZG21,69169645,EEXF,GBP,2021-06-29,104.315,104.315,104.315,104.315,0,0,104.315
IE00B4L5ZG21,69169645,EEXF,GBP,2021-06-30,104.23,104.23,104.23,104.23,0,0,104.23
IE00B4L5ZG21,69169645,EEXF,GBP,2021-07-01,104.48,104.48,104.48,104.48,0,0,104.48
IE00B4L5ZG21,69169645,EEXF,GBP,2021-07-02,104.45,104.45,104.45,104.45,0,0,104.45
IE00B4L5ZG21,69169645,EEXF,GBP,2021-07-05,104.1,104.1,104.1,104.1,0,0,104.1
IE00B4L5ZG21,69169645,EEXF,GBP,2021-07-06,104.42,104.42,104.42,104.42,0,0,104.42
IE00B4L5ZG21,69169645,EEXF,GBP,2021-07-07,104.505,104.505,104.505,104.505,0,0,104.505
IE00B4L5ZG21,69169645,EEXF,GBP,2021-07-08,105.04,105.04,105.04,105.04,0,0,105.04
IE00B4L5ZG21,69169645,EEXF,GBP,2021-07-09,104.49,104.49,104.49,104.49,0,0,104.49
IE00B4L5ZG21,69169645,EEXF,GBP,2021-07-12,104.24,104.24,104.24,104.24,0,0,104.24
IE00B4L5ZG21,69169645,EEXF,GBP,2021-07-13,104.125,104.125,104.125,104.125,0,0,104.125
IE00B4L5ZG21,69169645,EEXF,GBP,2021-07-14,103.81,104.19,103.81,104.19,95,1,103.81
IE00B4L5ZG21,69169645,EEXF,GBP,2021-07-15,103.73,103.73,103.73,103.73,0,0,103.73
IE00B4L5ZG21,69169645,EEXF,GBP,2021-07-16,104.35,104.35,104.35,104.35,0,0,104.35
IE00B4L5ZG21,69169645,EEXF,GBP,2021-07-19,105.31,105.31,105.165,105.165,60,1,105.31
IE00B4L5ZG21,69169645,EEXF,GBP,2021-07-20,105.55,105.55,105.55,105.55,0,0,105.55
IE00B4L5ZG21,69169645,EEXF,GBP,2021-07-21,105.205,105.205,105.205,105.205,0,0,105.205
IE00B4L5ZG21,69169645,EEXF,GBP,2021-07-22,104.565,104.565,104.565,104.565,0,0,104.565
IE00B4L5ZG21,69169645,EEXF,GBP,2021-07-23,104.52,104.52,104.47,104.47,10,1,104.52
IE00B4L5ZG21,69169645,EEXF,GBP,2021-07-26,104.405,104.405,104.405,104.405,0,0,104.405
IE00B4L5ZG21,69169645,EEXF,GBP,2021-07-27,104.275,104.275,104.275,104.275,0,0,104.275
IE00B4L5ZG21,69169645,EEXF,GBP,2021-07-28,104.13,104.13,104.13,104.13,0,0,104.13
IE00B4L5ZG21,69169645,EEXF,GBP,2021-07-29,104.175,104.175,104.175,104.175,0,0,104.175
IE00B4L5ZG21,69169645,EEXF,GBP,2021-07-30,104.4,104.4,104.4,104.4,0,0,104.4
IE00B4L5ZG21,69169645,EEXF,GBP,2021-08-02,104.75,104.75,104.75,104.75,0,0,104.75
IE00B4L5ZG21,69169645,EEXF,GBP,2021-08-03,104.58,104.58,104.58,104.58,0,0,104.58
IE00B4L5ZG21,69169645,EEXF,GBP,2021-08-04,104.405,104.405,104.405,104.405,0,0,104.405
IE00B4L5ZG21,69169645,EEXF,GBP,2021-08-05,104.54,104.54,104.28,104.28,60,1,104.54
IE00B4L5ZG21,69169645,EEXF,GBP,2021-08-06,103.885,103.885,103.885,103.885,0,0,103.885
IE00B4L5ZG21,69169645,EEXF,GBP,2021-08-09,103.8,103.8,103.8,103.8,0,0,103.8
IE00B4L5ZG21,69169645,EEXF,GBP,2021-08-10,103.65,103.65,103.61,103.61,34,1,103.65
IE00B4L5ZG21,69169645,EEXF,GBP,2021-08-11,103.59,103.59,103.59,103.59,0,0,103.59
IE00B4L5ZG21,69169645,EEXF,GBP,2021-08-12,103.805,103.805,103.805,103.805,0,0,103.805
IE00B4L5ZG21,69169645,EEXF,GBP,2021-08-13,104.16,104.16,104.16,104.16,0,0,104.16
IE00B4L5ZG21,69169645,EEXF,GBP,2021-08-16,104.11,104.11,104.11,104.11,0,0,104.11
IE00B4L5ZG21,69169645,EEXF,GBP,2021-08-17,104.28,104.28,104.28,104.28,0,0,104.28
IE00B4L5ZG21,69169645,EEXF,GBP,2021-08-18,104.15,104.15,104.15,104.15,0,0,104.15
IE00B4L5ZG21,69169645,EEXF,GBP,2021-08-19,104.725,104.725,104.725,104.725,0,0,104.725
IE00B4L5ZG21,69169645,EEXF,GBP,2021-08-20,105.04,105.04,105.04,105.04,0,0,105.04
IE00B4L5ZG21,69169645,EEXF,GBP,2021-08-23,104.63,104.63,104.63,104.63,0,0,104.63
IE00B4L5ZG21,69169645,EEXF,GBP,2021-08-24,104.71,104.71,104.71,104.71,0,0,104.71
IE00B4L5ZG21,69169645,EEXF,GBP,2021-08-25,104.505,104.505,104.505,104.505,0,0,104.505
IE00B4L5ZG21,69169645,EEXF,GBP,2021-08-26,104.485,104.485,104.485,104.485,0,0,104.485
IE00B4L5ZG21,69169645,EEXF,GBP,2021-08-27,104.555,104.555,104.555,104.555,0,0,104.555
IE00B4L5ZG21,69169645,EEXF,GBP,2021-08-31,104.48,104.485,104.48,104.485,5,1,104.48
IE00B4L5ZG21,69169645,EEXF,GBP,2021-09-01,104.645,104.645,104.645,104.645,0,0,104.645
IE00B4L5ZG21,69169645,EEXF,GBP,2021-09-02,104.71,104.75,104.535,104.535,875,10,104.7285
IE00B4L5ZG21,69169645,EEXF,GBP,2021-09-03,104.25,104.29,104.25,104.29,4,1,104.25
IE00B4L5ZG21,69169645,EEXF,GBP,2021-09-06,104.425,104.425,104.425,104.425,0,0,104.425
IE00B4L5ZG21,69169645,EEXF,GBP,2021-09-07,104.325,104.325,104.325,104.325,0,0,104.325
IE00B4L5ZG21,69169645,EEXF,GBP,2021-09-08,104.38,104.38,104.38,104.38,0,0,104.38
IE00B4L5ZG21,69169645,EEXF,GBP,2021-09-09,103.935,103.935,103.935,103.935,0,0,103.935
IE00B4L5ZG21,69169645,EEXF,GBP,2021-09-10,103.905,103.905,103.905,103.905,0,0,103.905
IE00B4L5ZG21,69169645,EEXF,GBP,2021-09-13,103.745,103.745,103.745,103.745,0,0,103.745
IE00B4L5ZG21,69169645,EEXF,GBP,2021-09-14,103.835,103.835,103.835,103.835,0,0,103.835
IE00B4L5ZG21,69169645,EEXF,GBP,2021-09-15,103.755,103.755,103.755,103.755,0,0,103.755
IE00B4L5ZG21,69169645,EEXF,GBP,2021-09-16,103.735,103.735,103.735,103.735,0,0,103.735
IE00B4L5ZG21,69169645,EEXF,GBP,2021-09-17,103.515,103.515,103.515,103.515,0,0,103.515
IE00B4L5ZG21,69169645,EEXF,GBP,2021-09-20,104.235,104.235,104.235,104.235,0,0,104.235
IE00B4L5ZG21,69169645,EEXF,GBP,2021-09-21,104.36,104.36,104.36,104.36,0,0,104.36
IE00B4L5ZG21,69169645,EEXF,GBP,2021-09-22,104.425,104.425,104.425,104.425,0,0,104.425
IE00B4L5ZG21,69169645,EEXF,GBP,2021-09-23,103.74,103.74,103.51,103.51,2250,3,103.74
IE00B4L5ZG21,69169645,EEXF,GBP,2021-09-24,103.685,103.685,103.685,103.685,0,0,103.685
IE00B4L5ZG21,69169645,EEXF,GBP,2021-09-27,103.24,103.24,103.24,103.24,0,0,103.24
IE00B4L5ZG21,69169645,EEXF,GBP,2021-09-28,103.2,104.23,103.2,104.2,48,5,103.5615
IE00B4L5ZG21,69169645,EEXF,GBP,2021-09-29,104.5,104.59,104.5,104.525,100,2,104.501
IE00B4L5ZG21,69169645,EEXF,GBP,2021-09-30,103.72,103.72,103.72,103.72,0,0,103.72
IE00B4L5ZG21,69169645,EEXF,GBP,2021-10-01,103.5,103.5,103.5,103.5,0,0,103.5
IE00B4L5ZG21,69169645,EEXF,GBP,2021-10-04,103.305,103.305,103.305,103.305,0,0,103.305
IE00B4L5ZG21,69169645,EEXF,GBP,2021-10-05,102.81,102.825,102.81,102.825,193,1,102.81
IE00B4L5ZG21,69169645,EEXF,GBP,2021-10-06,102.685,102.685,102.685,102.685,0,0,102.685
IE00B4L5ZG21,69169645,EEXF,GBP,2021-10-07,102.455,102.455,102.455,102.455,0,0,102.455
IE00B4L5ZG21,69169645,EEXF,GBP,2021-10-08,102.265,102.265,102.265,102.265,0,0,102.265
IE00B4L5ZG21,69169645,EEXF,GBP,2021-10-11,102.17,102.17,102.17,102.17,0,0,102.17
IE00B4L5ZG21,69169645,EEXF,GBP,2021-10-12,101.94,101.94,101.94,101.94,0,0,101.94
IE00B4L5ZG21,69169645,EEXF,GBP,2021-10-13,102.035,102.035,102.035,102.035,0,0,102.035
IE00B4L5ZG21,69169645,EEXF,GBP,2021-10-14,102.23,102.23,102.23,102.23,0,0,102.23
IE00B4L5ZG21,69169645,EEXF,GBP,2021-10-15,101.695,101.695,101.695,101.695,0,0,101.695
IE00B4L5ZG21,69169645,EEXF,GBP,2021-10-18,101.855,101.855,101.855,101.855,0,0,101.855
IE00B4L5ZG21,69169645,EEXF,GBP,2021-10-19,101.4,101.4,101.4,101.4,0,0,101.4
IE00B4L5ZG21,69169645,EEXF,GBP,2021-10-20,101.375,101.375,101.375,101.375,0,0,101.375
IE00B4L5ZG21,69169645,EEXF,GBP,2021-10-21,101.225,101.225,101.225,101.225,0,0,101.225
IE00B4L5ZG21,69169645,EEXF,GBP,2021-10-22,101.56,101.56,101.52,101.52,24,1,101.56
IE00B4L5ZG21,69169645,EEXF,GBP,2021-10-25,101.425,101.425,101.425,101.425,0,0,101.425
IE00B4L5ZG21,69169645,EEXF,GBP,2021-10-26,101.23,101.23,101.23,101.23,0,0,101.23
IE00B4L5ZG21,69169645,EEXF,GBP,2021-10-27,101.77,101.77,101.77,101.77,0,0,101.77
IE00B4L5ZG21,69169645,EEXF,GBP,2021-10-28,101.86,101.86,101.86,101.86,0,0,101.86
IE00B4L5ZG21,69169645,EEXF,GBP,2021-10-29,101.355,101.355,101.355,101.355,0,0,101.355
IE00B4L5ZG21,69169645,EEXF,GBP,2021-11-01,101.745,101.745,101.745,101.745,0,0,101.745
IE00B4L5ZG21,69169645,EEXF,GBP,2021-11-02,102.51,102.51,102.51,102.51,0,0,102.51
IE00B4L5ZG21,69169645,EEXF,GBP,2021-11-03,102.14,102.14,102.14,102.14,0,0,102.14
IE00B4L5ZG21,69169645,EEXF,GBP,2021-11-04,103.435,103.435,103.435,103.435,0,0,103.435
IE00B4L5ZG21,69169645,EEXF,GBP,2021-11-05,103.84,103.84,103.84,103.84,0,0,103.84
IE00B4L5ZG21,69169645,EEXF,GBP,2021-11-08,103.53,103.53,103.53,103.53,0,0,103.53
IE00B4L5ZG21,69169645,EEXF,GBP,2021-11-09,103.81,103.81,103.81,103.81,0,0,103.81
IE00B4L5ZG21,69169645,EEXF,GBP,2021-11-10,103.42,103.42,103.42,103.42,0,0,103.42
IE00B4L5ZG21,69169645,EEXF,GBP,2021-11-11,103.5,103.54,103.5,103.54,5,1,103.5
IE00B4L5ZG21,69169645,EEXF,GBP,2021-11-12,103.3,103.3,103.3,103.3,0,0,103.3
IE00B4L5ZG21,69169645,EEXF,GBP,2021-11-15,102.7,102.7,102.7,102.7,0,0,102.7
IE00B4L5ZG21,69169645,EEXF,GBP,2021-11-16,101.96,101.98,101.96,101.98,1451,1,101.96
IE00B4L5ZG21,69169645,EEXF,GBP,2021-11-17,101.065,101.065,101.065,101.065,0,0,101.065
IE00B4L5ZG21,69169645,EEXF,GBP,2021-11-18,101.26,101.705,101.26,101.705,892,5,101.2605
IE00B4L5ZG21,69169645,EEXF,GBP,2021-11-19,101.78,101.78,101.71,101.78,3000,2,101.7115
IE00B4L5ZG21,69169645,EEXF,GBP,2021-11-22,101.45,101.45,101.45,101.45,0,0,101.45
IE00B4L5ZG21,69169645,EEXF,GBP,2021-11-23,101.43,101.43,101.43,101.43,0,0,101.43
IE00B4L5ZG21,69169645,EEXF,GBP,2021-11-24,100.95,100.95,100.95,100.95,0,0,100.95
IE00B4L5ZG21,69169645,EEXF,GBP,2021-11-25,101.3,101.3,101.135,101.135,68,1,101.3
IE00B4L5ZG21,69169645,EEXF,GBP,2021-11-26,101.945,101.945,101.945,101.945,0,0,101.945
IE00B4L5ZG21,69169645,EEXF,GBP,2021-11-29,101.69,101.82,101.69,101.82,60,1,101.69
IE00B4L5ZG21,69169645,EEXF,GBP,2021-11-30,102.48,102.48,102.48,102.48,0,0,102.48
IE00B4L5ZG21,69169645,EEXF,GBP,2021-12-01,102.63,102.63,102.63,102.63,0,0,102.63
IE00B4L5ZG21,69169645,EEXF,GBP,2021-12-02,102.715,102.715,102.715,102.715,0,0,102.715
IE00B4L5ZG21,69169645,EEXF,GBP,2021-12-03,103.26,103.26,103.26,103.26,0,0,103.26
IE00B4L5ZG21,69169645,EEXF,GBP,2021-12-06,103.02,103.02,103.02,103.02,0,0,103.02
IE00B4L5ZG21,69169645,EEXF,GBP,2021-12-07,103.015,103.015,103.015,103.015,0,0,103.015
IE00B4L5ZG21,69169645,EEXF,GBP,2021-12-08,103.72,103.72,103.43,103.43,14,1,103.72
IE00B4L5ZG21,69169645,EEXF,GBP,2021-12-09,103.465,103.465,103.465,103.465,0,0,103.465
IE00B4L5ZG21,69169645,EEXF,GBP,2021-12-10,103.46,103.46,103.46,103.46,0,0,103.46
IE00B4L5ZG21,69169645,EEXF,GBP,2021-12-13,103.4,103.4,103.4,103.4,0,0,103.4
IE00B4L5ZG21,69169645,EEXF,GBP,2021-12-14,103.005,103.005,103.005,103.005,0,0,103.005
IE00B4L5ZG21,69169645,EEXF,GBP,2021-12-15,103.065,103.065,103.065,103.065,0,0,103.065
IE00B4L5ZG21,69169645,EEXF,GBP,2021-12-16,102.755,102.755,102.755,102.755,0,0,102.755
IE00B4L5ZG21,69169645,EEXF,GBP,2021-12-17,102.92,102.975,102.86,102.975,100,2,102.896
IE00B4L5ZG21,69169645,EEXF,GBP,2021-12-20,103.53,103.53,103.53,103.53,0,0,103.53
IE00B4L5ZG21,69169645,EEXF,GBP,2021-12-21,102.805,102.805,102.805,102.805,0,0,102.805
IE00B4L5ZG21,69169645,EEXF,GBP,2021-12-22,102.56,102.56,102.56,102.56,0,0,102.56
IE00B4L5ZG21,69169645,EEXF,GBP,2021-12-23,101.805,101.805,101.805,101.805,0,0,101.805
IE00B4L5ZG21,69169645,EEXF,GBP,2021-12-24,101.885,101.885,101.885,101.885,0,0,101.885
IE00B4L5ZG21,69169645,EEXF,GBP,2021-12-29,101.37,101.37,101.37,101.37,0,0,101.37
IE00B4L5ZG21,69169645,EEXF,GBP,2021-12-30,100.92,100.92,100.92,100.92,0,0,100.92
IE00B4L5ZG21,69169645,EEXF,GBP,2021-12-31,101.035,101.035,101.035,101.035,0,0,101.035
IE00B4L5ZG21,69169645,EEXF,GBP,2022-01-04,100.14,100.14,100.14,100.14,0,0,100.14
IE00B4L5ZG21,69169645,EEXF,GBP,2022-01-05,100.15,100.15,100.15,100.15,0,0,100.15
IE00B4L5ZG21,69169645,EEXF,GBP,2022-01-06,100.06,100.06,100.06,100.06,0,0,100.06
IE00B4L5ZG21,69169645,EEXF,GBP,2022-01-07,100.05,100.05,100.05,100.05,0,0,100.05
IE00B4L5ZG21,69169645,EEXF,GBP,2022-01-10,99.765,99.765,99.765,99.765,0,0,99.765
IE00B4L5ZG21,69169645,EEXF,GBP,2022-01-11,99.57,99.57,99.57,99.57,0,0,99.57
IE00B4L5ZG21,69169645,EEXF,GBP,2022-01-12,99.715,99.715,99.715,99.715,0,0,99.715
IE00B4L5ZG21,69169645,EEXF,GBP,2022-01-13,99.38,99.38,99.38,99.38,0,0,99.38
IE00B4L5ZG21,69169645,EEXF,GBP,2022-01-14,99.24,99.24,99.24,99.24,0,0,99.24
IE00B4L5ZG21,69169645,EEXF,GBP,2022-01-17,99.115,99.115,99.115,99.115,0,0,99.115
IE00B4L5ZG21,69169645,EEXF,GBP,2022-01-18,98.915,98.915,98.915,98.915,0,0,98.915
IE00B4L5ZG21,69169645,EEXF,GBP,2022-01-19,98.795,98.795,98.795,98.795,0,0,98.795
IE00B4L5ZG21,69169645,EEXF,GBP,2022-01-20,98.695,98.695,98.695,98.695,0,0,98.695
IE00B4L5ZG21,69169645,EEXF,GBP,2022-01-21,99.48,99.48,99.48,99.48,0,0,99.48
IE00B4L5ZG21,69169645,EEXF,GBP,2022-01-24,99.91,99.91,99.91,99.91,0,0,99.91
IE00B4L5ZG21,69169645,EEXF,GBP,2022-01-25,99.275,99.275,99.275,99.275,0,0,99.275
IE00B4L5ZG21,69169645,EEXF,GBP,2022-01-26,99.125,99.125,99.125,99.125,0,0,99.125
IE00B4L5ZG21,69169645,EEXF,GBP,2022-01-27,98.68,98.68,98.68,98.68,0,0,98.68
IE00B4L5ZG21,69169645,EEXF,GBP,2022-01-28,98.35,98.35,98.35,98.35,0,0,98.35
IE00B4L5ZG21,69169645,EEXF,GBP,2022-01-31,98.41,98.41,98.41,98.41,0,0,98.41
IE00B4L5ZG21,69169645,EEXF,GBP,2022-02-01,98.12,98.17,98.12,98.17,1,1,98.12
IE00B4L5ZG21,69169645,EEXF,GBP,2022-02-02,98.2,98.2,98.2,98.2,0,0,98.2
IE00B4L5ZG21,69169645,EEXF,GBP,2022-02-03,98.085,98.085,98.085,98.085,0,0,98.085
IE00B4L5ZG21,69169645,EEXF,GBP,2022-02-04,97.84,97.84,97.84,97.84,0,0,97.84
IE00B4L5ZG21,69169645,EEXF,GBP,2022-02-07,97.31,97.56,97.31,97.56,60,1,97.31
IE00B4L5ZG21,69169645,EEXF,GBP,2022-02-08,97.275,97.275,97.275,97.275,0,0,97.275
IE00B4L5ZG21,69169645,EEXF,GBP,2022-02-09,97.81,97.81,97.81,97.81,0,0,97.81
IE00B4L5ZG21,69169645,EEXF,GBP,2022-02-10,97.27,97.27,97.27,97.27,0,0,97.27
IE00B4L5ZG21,69169645,EEXF,GBP,2022-02-11,96.68,96.68,96.68,96.68,0,0,96.68
IE00B4L5ZG21,69169645,EEXF,GBP,2022-02-14,96.31,96.31,96.31,96.31,0,0,96.31
IE00B4L5ZG21,69169645,EEXF,GBP,2022-02-15,96.595,96.595,96.595,96.595,0,0,96.595
IE00B4L5ZG21,69169645,EEXF,GBP,2022-02-16,96.505,96.505,96.505,96.505,0,0,96.505
IE00B4L5ZG21,69169645,EEXF,GBP,2022-02-17,96.23,96.23,96.23,96.23,0,0,96.23
IE00B4L5ZG21,69169645,EEXF,GBP,2022-02-18,96.28,96.28,96.28,96.28,0,0,96.28
IE00B4L5ZG21,69169645,EEXF,GBP,2022-02-21,96.01,96.125,96.01,96.125,43,4,96.013
IE00B4L5ZG21,69169645,EEXF,GBP,2022-02-22,95.95,95.95,95.95,95.95,0,0,95.95
IE00B4L5ZG21,69169645,EEXF,GBP,2022-02-23,95.87,95.87,95.87,95.87,0,0,95.87
IE00B4L5ZG21,69169645,EEXF,GBP,2022-02-24,95.8,95.8,95.8,95.8,0,0,95.8
IE00B4L5ZG21,69169645,EEXF,GBP,2022-02-25,96.355,96.355,96.355,96.355,0,0,96.355
IE00B4L5ZG21,69169645,EEXF,GBP,2022-02-28,96.43,96.43,96.43,96.43,0,0,96.43
IE00B4L5ZG21,69169645,EEXF,GBP,2022-03-01,96.62,96.97,96.62,96.97,60,1,96.62
IE00B4L5ZG21,69169645,EEXF,GBP,2022-03-02,96.34,96.34,96.34,96.34,0,0,96.34
IE00B4L5ZG21,69169645,EEXF,GBP,2022-03-03,95.995,95.995,95.995,95.995,0,0,95.995
IE00B4L5ZG21,69169645,EEXF,GBP,2022-03-04,95.71,95.84,95.71,95.84,60,1,95.71
IE00B4L5ZG21,69169645,EEXF,GBP,2022-03-07,95.14,95.49,95.14,95.26,180,5,95.27
IE00B4L5ZG21,69169645,EEXF,GBP,2022-03-08,95.175,95.175,95.175,95.175,0,0,95.175
IE00B4L5ZG21,69169645,EEXF,GBP,2022-03-09,96.04,96.52,96.04,96.52,60,1,96.04
IE00B4L5ZG21,69169645,EEXF,GBP,2022-03-10,95.455,95.455,95.455,95.455,0,0,95.455
IE00B4L5ZG21,69169645,EEXF,GBP,2022-03-11,95.33,95.33,95.33,95.33,0,0,95.33
IE00B4L5ZG21,69169645,EEXF,GBP,2022-03-14,95.415,95.415,95.415,95.415,0,0,95.415
IE00B4L5ZG21,69169645,EEXF,GBP,2022-03-15,95.45,95.45,95.45,95.45,0,0,95.45
IE00B4L5ZG21,69169645,EEXF,GBP,2022-03-16,95.52,95.52,95.52,95.52,0,0,95.52
IE00B4L5ZG21,69169645,EEXF,GBP,2022-03-17,96.205,96.205,96.205,96.205,0,0,96.205
IE00B4L5ZG21,69169645,EEXF,GBP,2022-03-18,95.79,95.79,95.79,95.79,0,0,95.79
IE00B4L5ZG21,69169645,EEXF,GBP,2022-03-21,95.22,95.22,95.22,95.22,0,0,95.22
IE00B4L5ZG21,69169645,EEXF,GBP,2022-03-22,94.315,94.315,94.315,94.315,0,0,94.315
IE00B4L5ZG21,69169645,EEXF,GBP,2022-03-23,94.42,94.71,94.42,94.71,60,1,94.42
IE00B4L5ZG21,69169645,EEXF,GBP,2022-03-24,94.655,94.655,94.655,94.655,0,0,94.655
IE00B4L5ZG21,69169645,EEXF,GBP,2022-03-25,94.3,94.3,94.3,94.3,0,0,94.3
IE00B4L5ZG21,69169645,EEXF,GBP,2022-03-28,94.74,94.86,94.74,94.86,60,1,94.74
IE00B4L5ZG21,69169645,EEXF,GBP,2022-03-29,95.32,95.76,95.24,95.76,600,5,95.344
IE00B4L5ZG21,69169645,EEXF,GBP,2022-03-30,95.685,95.685,95.685,95.685,0,0,95.685
IE00B4L5ZG21,69169645,EEXF,GBP,2022-03-31,95.84,95.84,95.775,95.775,60,2,95.84
IE00B4L5ZG21,69169645,EEXF,GBP,2022-04-01,95.53,95.53,95.53,95.53,0,0,95.53
IE00B4L5ZG21,69169645,EEXF,GBP,2022-04-04,95.32,95.32,95.32,95.32,0,0,95.32
IE00B4L5ZG21,69169645,EEXF,GBP,2022-04-05,94.245,94.245,94.245,94.245,0,0,94.245
IE00B4L5ZG21,69169645,EEXF,GBP,2022-04-06,94.15,94.15,94.15,94.15,0,0,94.15
IE00B4L5ZG21,69169645,EEXF,GBP,2022-04-07,93.995,93.995,93.995,93.995,0,0,93.995
IE00B4L5ZG21,69169645,EEXF,GBP,2022-04-08,93.925,93.925,93.925,93.925,0,0,93.925
IE00B4L5ZG21,69169645,EEXF,GBP,2022-04-11,93.255,93.255,93.255,93.255,0,0,93.255
IE00B4L5ZG21,69169645,EEXF,GBP,2022-04-12,93.175,93.175,93.175,93.175,0,0,93.175
IE00B4L5ZG21,69169645,EEXF,GBP,2022-04-13,93.065,93.065,93.065,93.065,0,0,93.065
IE00B4L5ZG21,69169645,EEXF,GBP,2022-04-14,92.37,92.41,92.37,92.41,10,1,92.37
IE00B4L5ZG21,69169645,EEXF,GBP,2022-04-19,92.37,92.37,92.37,92.37,0,0,92.37
IE00B4L5ZG21,69169645,EEXF,GBP,2022-04-20,92.66,92.72,92.66,92.72,39,1,92.66
IE00B4L5ZG21,69169645,EEXF,GBP,2022-04-21,92.41,92.41,92.41,92.41,0,0,92.41
IE00B4L5ZG21,69169645,EEXF,GBP,2022-04-22,92.86,92.86,92.68,92.815,340,4,92.746
IE00B4L5ZG21,69169645,EEXF,GBP,2022-04-25,93.51,93.51,93.51,93.51,0,0,93.51
IE00B4L5ZG21,69169645,EEXF,GBP,2022-04-26,93.79,93.79,93.79,93.79,0,0,93.79
IE00B4L5ZG21,69169645,EEXF,GBP,2022-04-27,93.45,93.6,93.185,93.185,57,5,93.5595
IE00B4L5ZG21,69169645,EEXF,GBP,2022-04-28,93.55,93.58,93.32,93.32,120,2,93.565
IE00B4L5ZG21,69169645,EEXF,GBP,2022-04-29,92.42,92.42,92.42,92.42,0,0,92.42
IE00B4L5ZG21,69169645,EEXF,GBP,2022-05-03,92.7,92.7,92.7,92.7,0,0,92.7
IE00B4L5ZG21,69169645,EEXF,GBP,2022-05-04,92.5,92.66,92.5,92.66,27,1,92.5
IE00B4L5ZG21,69169645,EEXF,GBP,2022-05-05,93.085,93.085,93.085,93.085,0,0,93.085
IE00B4L5ZG21,69169645,EEXF,GBP,2022-05-06,93.015,93.015,93.015,93.015,0,0,93.015
IE00B4L5ZG21,69169645,EEXF,GBP,2022-05-09,92.905,92.905,92.905,92.905,0,0,92.905
IE00B4L5ZG21,69169645,EEXF,GBP,2022-05-10,93.515,93.515,93.515,93.515,0,0,93.515
IE00B4L5ZG21,69169645,EEXF,GBP,2022-05-11,93.55,93.57,93.55,93.57,60,1,93.55
IE00B4L5ZG21,69169645,EEXF,GBP,2022-05-12,93.66,93.66,93.66,93.66,0,0,93.66
IE00B4L5ZG21,69169645,EEXF,GBP,2022-05-13,93.525,93.525,93.525,93.525,0,0,93.525
IE00B4L5ZG21,69169645,EEXF,GBP,2022-05-16,93.365,93.365,93.365,93.365,0,0,93.365
IE00B4L5ZG21,69169645,EEXF,GBP,2022-05-17,92.43,92.43,92.43,92.43,0,0,92.43
IE00B4L5ZG21,69169645,EEXF,GBP,2022-05-18,92.505,92.505,92.505,92.505,0,0,92.505
IE00B4L5ZG21,69169645,EEXF,GBP,2022-05-19,92.645,92.645,92.645,92.645,0,0,92.645
IE00B4L5ZG21,69169645,EEXF,GBP,2022-05-20,92.52,92.52,92.52,92.52,0,0,92.52
IE00B4L5ZG21,69169645,EEXF,GBP,2022-05-23,92.63,92.63,92.63,92.63,0,0,92.63
IE00B4L5ZG21,69169645,EEXF,GBP,2022-05-24,93.4,93.71,93.03,93.62,116,3,93.538
IE00B4L5ZG21,69169645,EEXF,GBP,2022-05-25,93.105,93.105,93.105,93.105,0,0,93.105
IE00B4L5ZG21,69169645,EEXF,GBP,2022-05-26,93.39,93.39,93.39,93.39,0,0,93.39
IE00B4L5ZG21,69169645,EEXF,GBP,2022-05-27,93.23,93.23,93.23,93.23,0,0,93.23
IE00B4L5ZG21,69169645,EEXF,GBP,2022-05-30,93.29,93.29,93.29,93.29,0,0,93.29
IE00B4L5ZG21,69169645,EEXF,GBP,2022-05-31,92.715,92.715,92.715,92.715,0,0,92.715
IE00B4L5ZG21,69169645,EEXF,GBP,2022-06-01,92.66,92.85,92.66,92.755,120,2,92.755
IE00B4L5ZG21,69169645,EEXF,GBP,2022-06-06,92.27,92.27,92.17,92.195,35,2,92.2355
IE00B4L5ZG21,69169645,EEXF,GBP,2022-06-07,91.97,91.97,91.97,91.97,0,0,91.97
IE00B4L5ZG21,69169645,EEXF,GBP,2022-06-08,92.205,92.205,92.205,92.205,0,0,92.205
IE00B4L5ZG21,69169645,EEXF,GBP,2022-06-09,91.62,91.62,90.84,90.84,118,4,91.1995
IE00B4L5ZG21,69169645,EEXF,GBP,2022-06-10,90.67,90.67,90.235,90.235,120,3,90.465
IE00B4L5ZG21,69169645,EEXF,GBP,2022-06-13,89.655,89.655,89.655,89.655,0,0,89.655
IE00B4L5ZG21,69169645,EEXF,GBP,2022-06-14,90.09,90.09,90.09,90.09,0,0,90.09
IE00B4L5ZG21,69169645,EEXF,GBP,2022-06-15,90.365,90.365,90.365,90.365,0,0,90.365
IE00B4L5ZG21,69169645,EEXF,GBP,2022-06-16,88.8,88.8,88.505,88.505,60,1,88.8
IE00B4L5ZG21,69169645,EEXF,GBP,2022-06-17,88.78,89.045,88.78,89.045,120,2,88.825
IE00B4L5ZG21,69169645,EEXF,GBP,2022-06-20,89.22,89.22,89.22,89.22,0,0,89.22
IE00B4L5ZG21,69169645,EEXF,GBP,2022-06-21,89.32,89.34,89.17,89.22,640,11,89.242
IE00B4L5ZG21,69169645,EEXF,GBP,2022-06-22,89.56,89.88,89.2,89.88,4561,12,89.667
IE00B4L5ZG21,69169645,EEXF,GBP,2022-06-23,90.49,90.49,90.215,90.215,60,1,90.49
IE00B4L5ZG21,69169645,EEXF,GBP,2022-06-24,90.47,90.47,90.47,90.47,0,0,90.47
IE00B4L5ZG21,69169645,EEXF,GBP,2022-06-27,90.38,90.38,90.365,90.365,60,1,90.38
IE00B4L5ZG21,69169645,EEXF,GBP,2022-06-28,89.88,89.88,89.88,89.88,0,0,89.88
IE00B4L5ZG21,69169645,EEXF,GBP,2022-06-29,90.05,90.05,90.05,90.05,0,0,90.05
IE00B4L5ZG21,69169645,EEXF,GBP,2022-06-30,89.84,90.41,89.84,90.41,60,1,89.84
IE00B4L5ZG21,69169645,EEXF,GBP,2022-07-01,91.19,91.705,91.19,91.705,60,1,91.19
IE00B4L5ZG21,69169645,EEXF,GBP,2022-07-04,90.88,90.88,90.85,90.85,27,1,90.88
IE00B4L5ZG21,69169645,EEXF,GBP,2022-07-05,91.49,91.49,91.49,91.49,0,0,91.49
IE00B4L5ZG21,69169645,EEXF,GBP,2022-07-06,91.415,91.415,91.415,91.415,0,0,91.415
IE00B4L5ZG21,69169645,EEXF,GBP,2022-07-07,90.9,90.9,90.24,90.24,120,2,90.835
IE00B4L5ZG21,69169645,EEXF,GBP,2022-07-08,90.315,90.315,90.315,90.315,0,0,90.315
IE00B4L5ZG21,69169645,EEXF,GBP,2022-07-11,90.905,90.905,90.905,90.905,0,0,90.905
IE00B4L5ZG21,69169645,EEXF,GBP,2022-07-12,91.21,91.21,91.115,91.115,60,1,91.21
IE00B4L5ZG21,69169645,EEXF,GBP,2022-07-13,90.91,90.91,90.91,90.91,0,0,90.91
IE00B4L5ZG21,69169645,EEXF,GBP,2022-07-14,90.38,90.38,90.38,90.38,0,0,90.38
IE00B4L5ZG21,69169645,EEXF,GBP,2022-07-15,91.03,91.155,91.03,91.155,60,1,91.03
IE00B4L5ZG21,69169645,EEXF,GBP,2022-07-18,90.8,90.8,90.665,90.665,60,1,90.8
IE00B4L5ZG21,69169645,EEXF,GBP,2022-07-19,91.11,91.11,91.11,91.11,0,0,91.11
IE00B4L5ZG21,69169645,EEXF,GBP,2022-07-20,91.465,91.465,91.465,91.465,0,0,91.465
IE00B4L5ZG21,69169645,EEXF,GBP,2022-07-21,91.615,91.615,91.615,91.615,0,0,91.615
IE00B4L5ZG21,69169645,EEXF,GBP,2022-07-22,92.735,92.735,92.735,92.735,0,0,92.735
IE00B4L5ZG21,69169645,EEXF,GBP,2022-07-25,92.58,92.58,92.58,92.58,0,0,92.58
IE00B4L5ZG21,69169645,EEXF,GBP,2022-07-26,91.78,91.78,91.71,91.71,60,1,91.78
IE00B4L5ZG21,69169645,EEXF,GBP,2022-07-27,91.875,91.875,91.875,91.875,0,0,91.875
IE00B4L5ZG21,69169645,EEXF,GBP,2022-07-28,92.34,92.34,92.335,92.335,60,1,92.34
IE00B4L5ZG21,69169645,EEXF,GBP,2022-07-29,92.53,92.53,92.53,92.53,0,0,92.53
IE00B4L5ZG21,69169645,EEXF,GBP,2022-08-01,92.21,92.475,92.21,92.475,60,1,92.21
IE00B4L5ZG21,69169645,EEXF,GBP,2022-08-02,92.05,92.05,92.05,92.05,0,0,92.05
IE00B4L5ZG21,69169645,EEXF,GBP,2022-08-03,91.99,91.99,91.99,91.99,0,0,91.99
IE00B4L5ZG21,69169645,EEXF,GBP,2022-08-04,92.805,92.805,92.805,92.805,0,0,92.805
IE00B4L5ZG21,69169645,EEXF,GBP,2022-08-05,92.83,92.83,92.155,92.155,60,1,92.83
IE00B4L5ZG21,69169645,EEXF,GBP,2022-08-08,92.5,92.565,92.5,92.565,50,1,92.5
IE00B4L5ZG21,69169645,EEXF,GBP,2022-08-09,92.48,92.48,92.48,92.48,0,0,92.48
IE00B4L5ZG21,69169645,EEXF,GBP,2022-08-10,92.8,92.8,92.8,92.8,0,0,92.8
IE00B4L5ZG21,69169645,EEXF,GBP,2022-08-11,92.63,92.63,92.63,92.63,0,0,92.63
IE00B4L5ZG21,69169645,EEXF,GBP,2022-08-12,92.56,92.56,92.56,92.56,0,0,92.56
IE00B4L5ZG21,69169645,EEXF,GBP,2022-08-15,92.635,92.635,92.635,92.635,0,0,92.635
IE00B4L5ZG21,69169645,EEXF,GBP,2022-08-16,91.83,91.83,91.83,91.83,0,0,91.83
IE00B4L5ZG21,69169645,EEXF,GBP,2022-08-17,91.3,91.3,91.3,91.3,0,0,91.3
IE00B4L5ZG21,69169645,EEXF,GBP,2022-08-18,90.87,91.26,90.87,91.245,120,2,91.065
IE00B4L5ZG21,69169645,EEXF,GBP,2022-08-19,91.25,91.25,91.13,91.13,60,1,91.25
IE00B4L5ZG21,69169645,EEXF,GBP,2022-08-22,90.87,90.87,89.835,89.835,27,1,90.87
IE00B4L5ZG21,69169645,EEXF,GBP,2022-08-23,89.61,89.74,89.61,89.715,4324,4,89.641
IE00B4L5ZG21,69169645,EEXF,GBP,2022-08-24,89.45,89.92,89.45,89.92,60,1,89.45
IE00B4L5ZG21,69169645,EEXF,GBP,2022-08-25,90.18,90.18,90.18,90.18,0,0,90.18
IE00B4L5ZG21,69169645,EEXF,GBP,2022-08-26,90.215,90.215,90.215,90.215,0,0,90.215
IE00B4L5ZG21,69169645,EEXF,GBP,2022-08-30,90.14,90.35,90.14,90.35,8849,1,90.14
IE00B4L5ZG21,69169645,EEXF,GBP,2022-08-31,90.61,90.61,90.61,90.61,0,0,90.61
IE00B4L5ZG21,69169645,EEXF,GBP,2022-09-01,90.19,90.19,90.19,90.19,0,0,90.19
IE00B4L5ZG21,69169645,EEXF,GBP,2022-09-02,90.55,91.26,90.55,91.26,5,1,90.55
IE00B4L5ZG21,69169645,EEXF,GBP,2022-09-05,90.16,90.34,90.16,90.34,60,1,90.16
IE00B4L5ZG21,69169645,EEXF,GBP,2022-09-06,90.07,90.07,90.07,90.07,0,0,90.07
IE00B4L5ZG21,69169645,EEXF,GBP,2022-09-07,91.0,91.0,91.0,91.0,0,0,91.0
IE00B4L5ZG21,69169645,EEXF,GBP,2022-09-08,90.6,90.6,90.6,90.6,0,0,90.6
IE00B4L5ZG21,69169645,EEXF,GBP,2022-09-09,90.825,90.825,90.825,90.825,0,0,90.825
IE00B4L5ZG21,69169645,EEXF,GBP,2022-09-12,91.08,91.08,91.08,91.08,0,0,91.08
IE00B4L5ZG21,69169645,EEXF,GBP,2022-09-13,90.635,90.635,90.635,90.635,0,0,90.635
IE00B4L5ZG21,69169645,EEXF,GBP,2022-09-14,90.29,90.33,90.2,90.33,120,2,90.245
IE00B4L5ZG21,69169645,EEXF,GBP,2022-09-15,90.685,90.685,90.685,90.685,0,0,90.685
IE00B4L5ZG21,69169645,EEXF,GBP,2022-09-16,91.17,91.17,91.17,91.17,0,0,91.17
IE00B4L5ZG21,69169645,EEXF,GBP,2022-09-20,90.24,90.24,90.24,90.24,0,0,90.24
IE00B4L5ZG21,69169645,EEXF,GBP,2022-09-21,89.93,89.93,89.93,89.93,0,0,89.93
IE00B4L5ZG21,69169645,EEXF,GBP,2022-09-22,90.05,90.05,89.59,89.59,120,2,89.97
IE00B4L5ZG21,69169645,EEXF,GBP,2022-09-23,90.52,90.93,90.52,90.93,60,1,90.52
IE00B4L5ZG21,69169645,EEXF,GBP,2022-09-26,91.59,91.64,90.61,90.61,180,3,91.6235
IE00B4L5ZG21,69169645,EEXF,GBP,2022-09-27,90.62,90.92,90.3,90.3,120,2,90.77
IE00B4L5ZG21,69169645,EEXF,GBP,2022-09-28,90.12,90.84,89.97,90.78,180,3,90.31
IE00B4L5ZG21,69169645,EEXF,GBP,2022-09-29,89.41,89.41,89.41,89.41,0,0,89.41
IE00B4L5ZG21,69169645,EEXF,GBP,2022-09-30,89.57,89.57,89.36,89.36,60,1,89.57
IE00B4L5ZG21,69169645,EEXF,GBP,2022-10-03,89.29,89.29,89.29,89.29,0,0,89.29
IE00B4L5ZG21,69169645,EEXF,GBP,2022-10-04,90.12,90.12,90.12,90.12,0,0,90.12
IE00B4L5ZG21,69169645,EEXF,GBP,2022-10-05,89.6,89.6,89.6,89.6,0,0,89.6
IE00B4L5ZG21,69169645,EEXF,GBP,2022-10-06,89.685,89.685,89.685,89.685,0,0,89.685
IE00B4L5ZG21,69169645,EEXF,GBP,2022-10-07,89.16,89.16,89.16,89.16,0,0,89.16
IE00B4L5ZG21,69169645,EEXF,GBP,2022-10-10,88.94,88.94,88.47,88.47,60,1,88.94
IE00B4L5ZG21,69169645,EEXF,GBP,2022-10-11,88.22,88.22,88.22,88.22,0,0,88.22
IE00B4L5ZG21,69169645,EEXF,GBP,2022-10-12,88.065,88.065,88.065,88.065,0,0,88.065
IE00B4L5ZG21,69169645,EEXF,GBP,2022-10-13,86.875,86.875,86.875,86.875,0,0,86.875
IE00B4L5ZG21,69169645,EEXF,GBP,2022-10-14,87.53,87.53,87.32,87.32,60,1,87.53
IE00B4L5ZG21,69169645,EEXF,GBP,2022-10-17,86.79,86.79,86.79,86.79,0,0,86.79
IE00B4L5ZG21,69169645,EEXF,GBP,2022-10-18,87.97,87.97,87.97,87.97,0,0,87.97
IE00B4L5ZG21,69169645,EEXF,GBP,2022-10-19,87.565,87.565,87.565,87.565,0,0,87.565
IE00B4L5ZG21,69169645,EEXF,GBP,2022-10-20,87.47,87.47,87.47,87.47,0,0,87.47
IE00B4L5ZG21,69169645,EEXF,GBP,2022-10-21,87.59,87.895,87.59,87.895,100,1,87.59
IE00B4L5ZG21,69169645,EEXF,GBP,2022-10-24,88.335,88.335,88.335,88.335,0,0,88.335
IE00B4L5ZG21,69169645,EEXF,GBP,2022-10-25,88.365,88.365,88.365,88.365,0,0,88.365
IE00B4L5ZG21,69169645,EEXF,GBP,2022-10-26,88.55,88.55,88.55,88.55,0,0,88.55
IE00B4L5ZG21,69169645,EEXF,GBP,2022-10-27,88.67,88.755,88.66,88.755,2004,3,88.66
IE00B4L5ZG21,69169645,EEXF,GBP,2022-10-28,88.04,88.05,87.87,87.87,6443,3,88.043
IE00B4L5ZG21,69169645,EEXF,GBP,2022-10-31,87.545,87.545,87.545,87.545,0,0,87.545
IE00B4L5ZG21,69169645,EEXF,GBP,2022-11-01,88.07,88.18,88.07,88.18,300,2,88.075
IE00B4L5ZG21,69169645,EEXF,GBP,2022-11-02,88.06,88.06,88.06,88.06,0,0,88.06
IE00B4L5ZG21,69169645,EEXF,GBP,2022-11-03,88.34,88.96,88.34,88.96,450,4,88.54
IE00B4L5ZG21,69169645,EEXF,GBP,2022-11-04,89.675,89.675,89.675,89.675,0,0,89.675
IE00B4L5ZG21,69169645,EEXF,GBP,2022-11-07,89.055,89.055,89.055,89.055,0,0,89.055
IE00B4L5ZG21,69169645,EEXF,GBP,2022-11-08,89.2,89.2,89.2,89.2,0,0,89.2
IE00B4L5ZG21,69169645,EEXF,GBP,2022-11-09,90.31,90.31,90.31,90.31,0,0,90.31
IE00B4L5ZG21,69169645,EEXF,GBP,2022-11-10,89.55,90.59,89.2,90.59,226,2,89.4325
IE00B4L5ZG21,69169645,EEXF,GBP,2022-11-11,90.93,90.99,90.835,90.835,450,3,90.9235
IE00B4L5ZG21,69169645,EEXF,GBP,2022-11-14,90.66,91.35,90.66,91.35,150,1,90.66
IE00B4L5ZG21,69169645,EEXF,GBP,2022-11-15,90.69,90.69,90.69,90.69,0,0,90.69
IE00B4L5ZG21,69169645,EEXF,GBP,2022-11-16,91.265,91.265,91.265,91.265,0,0,91.265
IE00B4L5ZG21,69169645,EEXF,GBP,2022-11-17,91.04,91.04,91.04,91.04,0,0,91.04
IE00B4L5ZG21,69169645,EEXF,GBP,2022-11-18,90.45,90.6,90.45,90.57,79,2,90.5355
IE00B4L5ZG21,69169645,EEXF,GBP,2022-11-21,90.67,90.67,90.67,90.67,0,0,90.67
IE00B4L5ZG21,69169645,EEXF,GBP,2022-11-22,90.575,90.575,90.575,90.575,0,0,90.575
IE00B4L5ZG21,69169645,EEXF,GBP,2022-11-23,90.81,90.81,90.16,90.16,300,2,90.56
IE00B4L5ZG21,69169645,EEXF,GBP,2022-11-24,90.41,90.41,90.41,90.41,0,0,90.41
IE00B4L5ZG21,69169645,EEXF,GBP,2022-11-25,90.155,90.155,90.155,90.155,0,0,90.155
IE00B4L5ZG21,69169645,EEXF,GBP,2022-11-28,90.45,90.45,90.45,90.45,0,0,90.45
IE00B4L5ZG21,69169645,EEXF,GBP,2022-11-29,90.78,90.78,90.78,90.78,0,0,90.78
IE00B4L5ZG21,69169645,EEXF,GBP,2022-11-30,90.805,90.805,90.805,90.805,0,0,90.805
IE00B4L5ZG21,69169645,EEXF,GBP,2022-12-01,90.775,90.775,90.775,90.775,0,0,90.775
IE00B4L5ZG21,69169645,EEXF,GBP,2022-12-02,90.685,90.685,90.685,90.685,0,0,90.685
IE00B4L5ZG21,69169645,EEXF,GBP,2022-12-05,91.14,91.29,91.14,91.29,150,1,91.14
IE00B4L5ZG21,69169645,EEXF,GBP,2022-12-06,91.135,91.135,91.135,91.135,0,0,91.135
IE00B4L5ZG21,69169645,EEXF,GBP,2022-12-07,91.41,91.41,91.41,91.41,0,0,91.41
IE00B4L5ZG21,69169645,EEXF,GBP,2022-12-08,91.375,91.375,91.375,91.375,0,0,91.375
IE00B4L5ZG21,69169645,EEXF,GBP,2022-12-09,90.37,90.37,90.37,90.37,0,0,90.37
IE00B4L5ZG21,69169645,EEXF,GBP,2022-12-12,90.475,90.475,90.475,90.475,0,0,90.475
IE00B4L5ZG21,69169645,EEXF,GBP,2022-12-13,91.03,91.03,91.03,91.03,0,0,91.03
IE00B4L5ZG21,69169645,EEXF,GBP,2022-12-14,90.765,90.765,90.765,90.765,0,0,90.765
IE00B4L5ZG21,69169645,EEXF,GBP,2022-12-15,90.87,91.0,90.87,91.0,35,1,90.87
IE00B4L5ZG21,69169645,EEXF,GBP,2022-12-16,90.745,90.745,90.745,90.745,0,0,90.745
IE00B4L5ZG21,69169645,EEXF,GBP,2022-12-19,90.585,90.585,90.585,90.585,0,0,90.585
IE00B4L5ZG21,69169645,EEXF,GBP,2022-12-20,90.595,90.595,90.595,90.595,0,0,90.595
IE00B4L5ZG21,69169645,EEXF,GBP,2022-12-21,91.085,91.085,91.085,91.085,0,0,91.085
IE00B4L5ZG21,69169645,EEXF,GBP,2022-12-22,91.105,91.105,91.105,91.105,0,0,91.105
IE00B4L5ZG21,69169645,EEXF,GBP,2022-12-23,90.925,90.925,90.925,90.925,0,0,90.925
IE00B4L5ZG21,69169645,EEXF,GBP,2022-12-28,90.85,90.85,90.85,90.85,0,0,90.85
IE00B4L5ZG21,69169645,EEXF,GBP,2022-12-29,91.415,91.415,91.415,91.415,0,0,91.415
IE00B4L5ZG21,69169645,EEXF,GBP,2022-12-30,91.445,91.445,91.445,91.445,0,0,91.445
IE00B4L5ZG21,69169645,EEXF,GBP,2023-01-03,91.275,91.275,91.275,91.275,0,0,91.275
IE00B4L5ZG21,69169645,EEXF,GBP,2023-01-04,91.47,91.815,91.47,91.815,19,1,91.47
IE00B4L5ZG21,69169645,EEXF,GBP,2023-01-05,91.945,91.945,91.945,91.945,0,0,91.945
IE00B4L5ZG21,69169645,EEXF,GBP,2023-01-06,91.95,92.115,91.95,92.115,45,1,91.95
IE00B4L5ZG21,69169645,EEXF,GBP,2023-01-09,92.205,92.205,92.205,92.205,0,0,92.205
IE00B4L5ZG21,69169645,EEXF,GBP,2023-01-10,91.88,91.88,91.88,91.88,0,0,91.88
IE00B4L5ZG21,69169645,EEXF,GBP,2023-01-11,92.845,92.845,92.845,92.845,0,0,92.845
IE00B4L5ZG21,69169645,EEXF,GBP,2023-01-12,92.74,92.825,92.74,92.825,5,1,92.74
IE00B4L5ZG21,69169645,EEXF,GBP,2023-01-13,92.67,92.67,92.67,92.67,0,0,92.67
IE00B4L5ZG21,69169645,EEXF,GBP,2023-01-16,92.48,92.69,92.48,92.69,90,2,92.515
IE00B4L5ZG21,69169645,EEXF,GBP,2023-01-17,92.77,92.77,92.545,92.545,128,3,92.67
IE00B4L5ZG21,69169645,EEXF,GBP,2023-01-18,92.355,92.355,92.355,92.355,0,0,92.355
IE00B4L5ZG21,69169645,EEXF,GBP,2023-01-19,91.665,91.665,91.665,91.665,0,0,91.665
IE00B4L5ZG21,69169645,EEXF,GBP,2023-01-20,91.5,91.525,91.5,91.525,2,1,91.5
IE00B4L5ZG21,69169645,EEXF,GBP,2023-01-23,91.825,91.825,91.825,91.825,0,0,91.825
IE00B4L5ZG21,69169645,EEXF,GBP,2023-01-24,92.45,92.45,92.45,92.45,0,0,92.45
IE00B4L5ZG21,69169645,EEXF,GBP,2023-01-25,92.415,92.415,92.415,92.415,0,0,92.415
IE00B4L5ZG21,69169645,EEXF,GBP,2023-01-26,91.965,91.965,91.965,91.965,0,0,91.965
IE00B4L5ZG21,69169645,EEXF,GBP,2023-01-27,91.635,91.635,91.635,91.635,0,0,91.635
IE00B4L5ZG21,69169645,EEXF,GBP,2023-01-30,91.55,91.55,91.3,91.3,86,6,91.5335
IE00B4L5ZG21,69169645,EEXF,GBP,2023-01-31,91.35,91.815,91.35,91.815,16,1,91.35
IE00B4L5ZG21,69169645,EEXF,GBP,2023-02-01,92.405,92.405,92.405,92.405,0,0,92.405
IE00B4L5ZG21,69169645,EEXF,GBP,2023-02-02,93.05,94.19,93.05,94.19,90,2,93.45
IE00B4L5ZG21,69169645,EEXF,GBP,2023-02-03,94.285,94.285,94.285,94.285,0,0,94.285
IE00B4L5ZG21,69169645,EEXF,GBP,2023-02-06,93.425,93.425,93.425,93.425,0,0,93.425
IE00B4L5ZG21,69169645,EEXF,GBP,2023-02-07,93.045,93.045,93.045,93.045,0,0,93.045
IE00B4L5ZG21,69169645,EEXF,GBP,2023-02-08,92.605,92.605,92.605,92.605,0,0,92.605
IE00B4L5ZG21,69169645,EEXF,GBP,2023-02-09,92.65,92.79,92.44,92.44,445,5,92.6605
IE00B4L5ZG21,69169645,EEXF,GBP,2023-02-10,92.06,92.06,91.985,91.985,45,1,92.06
IE00B4L5ZG21,69169645,EEXF,GBP,2023-02-13,91.8,91.8,91.8,91.8,0,0,91.8
IE00B4L5ZG21,69169645,EEXF,GBP,2023-02-14,91.59,91.59,91.335,91.335,138,3,91.5765
IE00B4L5ZG21,69169645,EEXF,GBP,2023-02-15,91.88,91.88,91.88,91.88,0,0,91.88
IE00B4L5ZG21,69169645,EEXF,GBP,2023-02-16,91.88,92.0,91.88,91.975,208,7,91.918
IE00B4L5ZG21,69169645,EEXF,GBP,2023-02-17,91.92,91.975,91.92,91.975,118,2,91.9445
IE00B4L5ZG21,69169645,EEXF,GBP,2023-02-20,91.865,91.865,91.865,91.865,0,0,91.865
IE00B4L5ZG21,69169645,EEXF,GBP,2023-02-21,90.555,90.555,90.555,90.555,0,0,90.555
IE00B4L5ZG21,69169645,EEXF,GBP,2023-02-22,90.58,90.92,90.58,90.66,291,3,90.816
IE00B4L5ZG21,69169645,EEXF,GBP,2023-02-23,91.03,91.05,90.985,90.985,110,2,91.0375
IE00B4L5ZG21,69169645,EEXF,GBP,2023-02-24,90.54,90.745,90.54,90.745,128,2,90.596
IE00B4L5ZG21,69169645,EEXF,GBP,2023-02-27,90.355,90.355,90.355,90.355,0,0,90.355
IE00B4L5ZG21,69169645,EEXF,GBP,2023-02-28,89.515,89.515,89.515,89.515,0,0,89.515
IE00B4L5ZG21,69169645,EEXF,GBP,2023-03-01,90.385,90.385,90.385,90.385,0,0,90.385
IE00B4L5ZG21,69169645,EEXF,GBP,2023-03-02,90.285,90.285,90.285,90.285,0,0,90.285
IE00B4L5ZG21,69169645,EEXF,GBP,2023-03-03,90.225,90.225,90.225,90.225,0,0,90.225
IE00B4L5ZG21,69169645,EEXF,GBP,2023-03-06,90.495,90.495,90.495,90.495,0,0,90.495
IE00B4L5ZG21,69169645,EEXF,GBP,2023-03-07,90.71,90.945,90.71,90.945,73,1,90.71
IE00B4L5ZG21,69169645,EEXF,GBP,2023-03-08,91.015,91.015,91.015,91.015,0,0,91.015
IE00B4L5ZG21,69169645,EEXF,GBP,2023-03-09,90.76,90.785,90.76,90.785,146,2,90.76
IE00B4L5ZG21,69169645,EEXF,GBP,2023-03-10,90.96,90.96,90.96,90.96,0,0,90.96
IE00B4L5ZG21,69169645,EEXF,GBP,2023-03-13,91.58,91.58,91.4,91.4,238,4,91.549
IE00B4L5ZG21,69169645,EEXF,GBP,2023-03-14,90.61,90.66,90.61,90.66,46,1,90.61
IE00B4L5ZG21,69169645,EEXF,GBP,2023-03-15,90.31,90.94,90.31,90.94,54,1,90.31
IE00B4L5ZG21,69169645,EEXF,GBP,2023-03-16,91.1,91.12,90.715,90.715,110,2,91.11
IE00B4L5ZG21,69169645,EEXF,GBP,2023-03-17,90.51,90.81,90.51,90.795,110,2,90.66
IE00B4L5ZG21,69169645,EEXF,GBP,2023-03-20,90.955,90.955,90.955,90.955,0,0,90.955
IE00B4L5ZG21,69169645,EEXF,GBP,2023-03-21,91.12,91.76,91.12,91.76,874,4,91.257
IE00B4L5ZG21,69169645,EEXF,GBP,2023-03-22,91.0,91.335,91.0,91.335,54,1,91.0
IE00B4L5ZG21,69169645,EEXF,GBP,2023-03-23,92.095,92.095,92.095,92.095,0,0,92.095
IE00B4L5ZG21,69169645,EEXF,GBP,2023-03-24,91.835,91.835,91.835,91.835,0,0,91.835
IE00B4L5ZG21,69169645,EEXF,GBP,2023-03-27,91.42,91.42,91.42,91.42,0,0,91.42
IE00B4L5ZG21,69169645,EEXF,GBP,2023-03-28,91.22,91.22,91.16,91.185,183,2,91.1895
IE00B4L5ZG21,69169645,EEXF,GBP,2023-03-29,91.365,91.365,91.365,91.365,0,0,91.365
IE00B4L5ZG21,69169645,EEXF,GBP,2023-03-30,91.38,91.38,91.315,91.315,73,1,91.38
IE00B4L5ZG21,69169645,EEXF,GBP,2023-03-31,91.485,91.485,91.485,91.485,0,0,91.485
IE00B4L5ZG21,69169645,EEXF,GBP,2023-04-03,91.815,91.815,91.815,91.815,0,0,91.815
IE00B4L5ZG21,69169645,EEXF,GBP,2023-04-04,91.08,91.62,91.08,91.62,73,1,91.08
IE00B4L5ZG21,69169645,EEXF,GBP,2023-04-05,91.59,92.02,91.59,91.945,146,2,91.805
IE00B4L5ZG21,69169645,EEXF,GBP,2023-04-06,92.08,92.37,92.08,92.37,73,1,92.08
IE00B4L5ZG21,69169645,EEXF,GBP,2023-04-11,91.715,91.715,91.715,91.715,0,0,91.715
IE00B4L5ZG21,69169645,EEXF,GBP,2023-04-12,91.94,91.94,91.935,91.935,73,1,91.94
IE00B4L5ZG21,69169645,EEXF,GBP,2023-04-13,92.185,92.185,92.185,92.185,0,0,92.185
IE00B4L5ZG21,69169645,EEXF,GBP,2023-04-14,92.34,92.35,92.195,92.195,108,5,92.3475
IE00B4L5ZG21,69169645,EEXF,GBP,2023-04-17,91.895,91.895,91.895,91.895,0,0,91.895
IE00B4L5ZG21,69169645,EEXF,GBP,2023-04-18,91.95,91.95,91.95,91.95,0,0,91.95
IE00B4L5ZG21,69169645,EEXF,GBP,2023-04-19,91.545,91.545,91.545,91.545,0,0,91.545
IE00B4L5ZG21,69169645,EEXF,GBP,2023-04-20,91.785,91.785,91.785,91.785,0,0,91.785
IE00B4L5ZG21,69169645,EEXF,GBP,2023-04-21,91.985,91.985,91.985,91.985,0,0,91.985
IE00B4L5ZG21,69169645,EEXF,GBP,2023-04-24,91.935,91.935,91.935,91.935,0,0,91.935
IE00B4L5ZG21,69169645,EEXF,GBP,2023-04-25,92.31,92.31,92.31,92.31,0,0,92.31
IE00B4L5ZG21,69169645,EEXF,GBP,2023-04-26,92.185,92.185,92.185,92.185,0,0,92.185
IE00B4L5ZG21,69169645,EEXF,GBP,2023-04-27,91.695,91.695,91.695,91.695,0,0,91.695
IE00B4L5ZG21,69169645,EEXF,GBP,2023-04-28,91.875,91.875,91.875,91.875,0,0,91.875
IE00B4L5ZG21,69169645,EEXF,GBP,2023-05-02,92.465,92.465,92.465,92.465,0,0,92.465
IE00B4L5ZG21,69169645,EEXF,GBP,2023-05-03,92.395,92.395,92.395,92.395,0,0,92.395
IE00B4L5ZG21,69169645,EEXF,GBP,2023-05-04,92.14,92.14,92.14,92.14,0,0,92.14
IE00B4L5ZG21,69169645,EEXF,GBP,2023-05-05,91.545,91.545,91.545,91.545,0,0,91.545
IE00B4L5ZG21,69169645,EEXF,GBP,2023-05-09,90.895,90.895,90.895,90.895,0,0,90.895
IE00B4L5ZG21,69169645,EEXF,GBP,2023-05-10,91.1,91.17,91.1,91.17,73,1,91.1
IE00B4L5ZG21,69169645,EEXF,GBP,2023-05-11,91.705,91.705,91.705,91.705,0,0,91.705
IE00B4L5ZG21,69169645,EEXF,GBP,2023-05-12,91.35,91.35,91.35,91.35,0,0,91.35
IE00B4L5ZG21,69169645,EEXF,GBP,2023-05-15,90.79,90.79,90.79,90.79,0,0,90.79
IE00B4L5ZG21,69169645,EEXF,GBP,2023-05-16,90.655,90.655,90.655,90.655,0,0,90.655
IE00B4L5ZG21,69169645,EEXF,GBP,2023-05-17,90.2,90.2,90.2,90.2,0,0,90.2
IE00B4L5ZG21,69169645,EEXF,GBP,2023-05-18,90.28,90.28,89.93,89.93,51,1,90.28
IE00B4L5ZG21,69169645,EEXF,GBP,2023-05-19,90.04,90.215,90.04,90.215,35,1,90.04
IE00B4L5ZG21,69169645,EEXF,GBP,2023-05-22,90.22,90.22,90.22,90.22,0,0,90.22
IE00B4L5ZG21,69169645,EEXF,GBP,2023-05-23,90.15,90.17,90.025,90.025,219,3,90.1435
IE00B4L5ZG21,69169645,EEXF,GBP,2023-05-24,90.225,90.225,90.225,90.225,0,0,90.225
IE00B4L5ZG21,69169645,EEXF,GBP,2023-05-25,90.1,90.165,89.88,90.165,1173,2,89.8935
IE00B4L5ZG21,69169645,EEXF,GBP,2023-05-26,89.985,89.985,89.985,89.985,0,0,89.985
IE00B4L5ZG21,69169645,EEXF,GBP,2023-05-30,90.335,90.335,90.335,90.335,0,0,90.335
IE00B4L5ZG21,69169645,EEXF,GBP,2023-05-31,90.105,90.105,90.105,90.105,0,0,90.105
IE00B4L5ZG21,69169645,EEXF,GBP,2023-06-01,90.01,90.01,90.01,90.01,0,0,90.01
IE00B4L5ZG21,69169645,EEXF,GBP,2023-06-02,90.06,90.06,90.06,90.06,0,0,90.06
IE00B4L5ZG21,69169645,EEXF,GBP,2023-06-05,90.05,90.05,90.05,90.05,0,0,90.05
IE00B4L5ZG21,69169645,EEXF,GBP,2023-06-06,90.035,90.035,90.035,90.035,0,0,90.035
IE00B4L5ZG21,69169645,EEXF,GBP,2023-06-07,89.515,89.515,89.515,89.515,0,0,89.515
IE00B4L5ZG21,69169645,EEXF,GBP,2023-06-08,89.615,89.615,89.615,89.615,0,0,89.615
IE00B4L5ZG21,69169645,EEXF,GBP,2023-06-09,89.325,89.325,89.325,89.325,0,0,89.325
IE00B4L5ZG21,69169645,EEXF,GBP,2023-06-12,89.925,89.925,89.925,89.925,0,0,89.925
IE00B4L5ZG21,69169645,EEXF,GBP,2023-06-13,89.315,89.315,89.315,89.315,0,0,89.315
IE00B4L5ZG21,69169645,EEXF,GBP,2023-06-14,89.145,89.145,89.145,89.145,0,0,89.145
IE00B4L5ZG21,69169645,EEXF,GBP,2023-06-15,89.02,89.02,89.02,89.02,0,0,89.02
IE00B4L5ZG21,69169645,EEXF,GBP,2023-06-16,89.1,89.1,88.865,88.865,73,1,89.1
IE00B4L5ZG21,69169645,EEXF,GBP,2023-06-19,88.785,88.785,88.785,88.785,0,0,88.785
IE00B4L5ZG21,69169645,EEXF,GBP,2023-06-20,89.51,89.51,89.375,89.375,5,1,89.51
IE00B4L5ZG21,69169645,EEXF,GBP,2023-06-21,89.635,89.635,89.635,89.635,0,0,89.635
IE00B4L5ZG21,69169645,EEXF,GBP,2023-06-22,89.295,89.295,89.295,89.295,0,0,89.295
IE00B4L5ZG21,69169645,EEXF,GBP,2023-06-23,89.47,89.47,89.375,89.375,73,1,89.47
IE00B4L5ZG21,69169645,EEXF,GBP,2023-06-26,89.49,89.73,89.49,89.73,4794,4,89.5115
IE00B4L5ZG21,69169645,EEXF,GBP,2023-06-27,89.565,89.565,89.565,89.565,0,0,89.565
IE00B4L5ZG21,69169645,EEXF,GBP,2023-06-28,90.225,90.225,90.225,90.225,0,0,90.225
IE00B4L5ZG21,69169645,EEXF,GBP,2023-06-29,89.845,89.845,89.845,89.845,0,0,89.845
IE00B4L5ZG21,69169645,EEXF,GBP,2023-06-30,89.54,89.62,89.54,89.62,125,1,89.54
IE00B4L5ZG21,69169645,EEXF,GBP,2023-07-03,89.69,89.69,89.625,89.625,73,1,89.69
IE00B4L5ZG21,69169645,EEXF,GBP,2023-07-04,89.255,89.255,89.255,89.255,0,0,89.255
IE00B4L5ZG21,69169645,EEXF,GBP,2023-07-05,88.985,88.985,88.985,88.985,0,0,88.985
IE00B4L5ZG21,69169645,EEXF,GBP,2023-07-06,88.385,88.385,88.385,88.385,0,0,88.385
IE00B4L5ZG21,69169645,EEXF,GBP,2023-07-07,88.28,88.28,88.28,88.28,0,0,88.28
IE00B4L5ZG21,69169645,EEXF,GBP,2023-07-10,88.625,88.625,88.625,88.625,0,0,88.625
IE00B4L5ZG21,69169645,EEXF,GBP,2023-07-11,88.3,88.33,88.3,88.315,610,2,88.3265
IE00B4L5ZG21,69169645,EEXF,GBP,2023-07-12,89.22,89.22,89.22,89.22,0,0,89.22
IE00B4L5ZG21,69169645,EEXF,GBP,2023-07-13,88.85,88.85,88.57,88.59,555,4,88.6565
IE00B4L5ZG21,69169645,EEXF,GBP,2023-07-14,88.715,88.715,88.715,88.715,0,0,88.715
IE00B4L5ZG21,69169645,EEXF,GBP,2023-07-17,88.895,88.895,88.895,88.895,0,0,88.895
IE00B4L5ZG21,69169645,EEXF,GBP,2023-07-18,89.435,89.435,89.435,89.435,0,0,89.435
IE00B4L5ZG21,69169645,EEXF,GBP,2023-07-19,90.215,90.215,90.215,90.215,0,0,90.215
IE00B4L5ZG21,69169645,EEXF,GBP,2023-07-20,89.905,89.905,89.905,89.905,0,0,89.905
IE00B4L5ZG21,69169645,EEXF,GBP,2023-07-21,89.805,89.805,89.805,89.805,0,0,89.805
IE00B4L5ZG21,69169645,EEXF,GBP,2023-07-24,89.835,89.835,89.835,89.835,0,0,89.835
IE00B4L5ZG21,69169645,EEXF,GBP,2023-07-25,89.3,89.3,89.285,89.285,51,1,89.3
IE00B4L5ZG21,69169645,EEXF,GBP,2023-07-26,88.725,88.725,88.725,88.725,0,0,88.725
IE00B4L5ZG21,69169645,EEXF,GBP,2023-07-27,88.88,88.88,88.88,88.88,0,0,88.88
IE00B4L5ZG21,69169645,EEXF,GBP,2023-07-28,89.175,89.175,89.175,89.175,0,0,89.175
IE00B4L5ZG21,69169645,EEXF,GBP,2023-07-31,89.12,89.12,89.09,89.09,73,1,89.12
IE00B4L5ZG21,69169645,EEXF,GBP,2023-08-01,89.2,89.2,89.2,89.2,0,0,89.2
IE00B4L5ZG21,69169645,EEXF,GBP,2023-08-02,89.54,89.54,89.405,89.405,146,2,89.535
IE00B4L5ZG21,69169645,EEXF,GBP,2023-08-03,89.285,89.285,89.285,89.285,0,0,89.285
IE00B4L5ZG21,69169645,EEXF,GBP,2023-08-04,89.735,89.735,89.735,89.735,0,0,89.735
IE00B4L5ZG21,69169645,EEXF,GBP,2023-08-07,89.475,89.475,89.475,89.475,0,0,89.475
IE00B4L5ZG21,69169645,EEXF,GBP,2023-08-08,89.675,89.675,89.675,89.675,0,0,89.675
IE00B4L5ZG21,69169645,EEXF,GBP,2023-08-09,89.825,89.825,89.825,89.825,0,0,89.825
IE00B4L5ZG21,69169645,EEXF,GBP,2023-08-10,90.015,90.015,90.015,90.015,0,0,90.015
IE00B4L5ZG21,69169645,EEXF,GBP,2023-08-11,89.305,89.305,89.305,89.305,0,0,89.305
IE00B4L5ZG21,69169645,EEXF,GBP,2023-08-14,89.045,89.045,89.045,89.045,0,0,89.045
IE00B4L5ZG21,69169645,EEXF,GBP,2023-08-15,88.53,88.585,88.53,88.585,26,1,88.53
IE00B4L5ZG21,69169645,EEXF,GBP,2023-08-16,88.405,88.405,88.405,88.405,0,0,88.405
IE00B4L5ZG21,69169645,EEXF,GBP,2023-08-17,87.835,87.835,87.835,87.835,0,0,87.835
IE00B4L5ZG21,69169645,EEXF,GBP,2023-08-18,88.37,88.37,88.255,88.255,32,1,88.37
IE00B4L5ZG21,69169645,EEXF,GBP,2023-08-21,88.055,88.055,88.055,88.055,0,0,88.055
IE00B4L5ZG21,69169645,EEXF,GBP,2023-08-22,87.945,87.945,87.945,87.945,0,0,87.945
IE00B4L5ZG21,69169645,EEXF,GBP,2023-08-23,88.36,88.685,88.36,88.685,73,1,88.36
IE00B4L5ZG21,69169645,EEXF,GBP,2023-08-24,89.015,89.015,89.015,89.015,0,0,89.015
IE00B4L5ZG21,69169645,EEXF,GBP,2023-08-25,88.875,88.875,88.875,88.875,0,0,88.875
IE00B4L5ZG21,69169645,EEXF,GBP,2023-08-29,89.295,89.295,89.295,89.295,0,0,89.295
IE00B4L5ZG21,69169645,EEXF,GBP,2023-08-30,89.045,89.045,89.045,89.045,0,0,89.045
IE00B4L5ZG21,69169645,EEXF,GBP,2023-08-31,89.015,89.015,89.015,89.015,0,0,89.015
IE00B4L5ZG21,69169645,EEXF,GBP,2023-09-01,88.825,88.825,88.825,88.825,0,0,88.825
IE00B4L5ZG21,69169645,EEXF,GBP,2023-09-04,88.52,88.52,88.52,88.52,0,0,88.52
IE00B4L5ZG21,69169645,EEXF,GBP,2023-09-05,88.195,88.195,88.195,88.195,0,0,88.195
IE00B4L5ZG21,69169645,EEXF,GBP,2023-09-06,88.37,88.37,88.37,88.37,0,0,88.37
IE00B4L5ZG21,69169645,EEXF,GBP,2023-09-07,88.645,88.645,88.645,88.645,0,0,88.645
IE00B4L5ZG21,69169645,EEXF,GBP,2023-09-08,88.98,88.98,88.98,88.98,0,0,88.98
IE00B4L5ZG21,69169645,EEXF,GBP,2023-09-11,88.755,88.755,88.755,88.755,0,0,88.755
IE00B4L5ZG21,69169645,EEXF,GBP,2023-09-12,88.945,88.945,88.945,88.945,0,0,88.945
IE00B4L5ZG21,69169645,EEXF,GBP,2023-09-13,88.875,88.875,88.875,88.875,0,0,88.875
IE00B4L5ZG21,69169645,EEXF,GBP,2023-09-14,89.205,89.205,89.205,89.205,0,0,89.205
IE00B4L5ZG21,69169645,EEXF,GBP,2023-09-15,89.085,89.085,89.085,89.085,0,0,89.085
IE00B4L5ZG21,69169645,EEXF,GBP,2023-09-18,88.985,88.985,88.985,88.985,0,0,88.985
IE00B4L5ZG21,69169645,EEXF,GBP,2023-09-19,88.925,88.925,88.925,88.925,0,0,88.925
IE00B4L5ZG21,69169645,EEXF,GBP,2023-09-20,89.36,89.36,89.36,89.36,0,0,89.36
IE00B4L5ZG21,69169645,EEXF,GBP,2023-09-21,89.355,89.355,89.355,89.355,0,0,89.355
IE00B4L5ZG21,69169645,EEXF,GBP,2023-09-22,89.695,89.695,89.695,89.695,0,0,89.695
IE00B4L5ZG21,69169645,EEXF,GBP,2023-09-25,89.35,89.35,89.315,89.315,23,1,89.35
IE00B4L5ZG21,69169645,EEXF,GBP,2023-09-26,89.6,89.61,89.425,89.425,112,2,89.6035
IE00B4L5ZG21,69169645,EEXF,GBP,2023-09-27,88.885,88.885,88.885,88.885,0,0,88.885
IE00B4L5ZG21,69169645,EEXF,GBP,2023-09-28,88.365,88.365,88.365,88.365,0,0,88.365
IE00B4L5ZG21,69169645,EEXF,GBP,2023-09-29,89.145,89.145,89.145,89.145,0,0,89.145
IE00B4L5ZG21,69169645,EEXF,GBP,2023-10-02,88.725,88.725,88.725,88.725,0,0,88.725
IE00B4L5ZG21,69169645,EEXF,GBP,2023-10-03,88.705,88.705,88.705,88.705,0,0,88.705
IE00B4L5ZG21,69169645,EEXF,GBP,2023-10-04,88.54,88.54,88.54,88.54,0,0,88.54
IE00B4L5ZG21,69169645,EEXF,GBP,2023-10-05,88.685,88.685,88.685,88.685,0,0,88.685
IE00B4L5ZG21,69169645,EEXF,GBP,2023-10-06,88.665,88.665,88.665,88.665,0,0,88.665
IE00B4L5ZG21,69169645,EEXF,GBP,2023-10-09,88.915,88.915,88.915,88.915,0,0,88.915
IE00B4L5ZG21,69169645,EEXF,GBP,2023-10-10,89.095,89.095,89.095,89.095,0,0,89.095
IE00B4L5ZG21,69169645,EEXF,GBP,2023-10-11,89.065,89.065,89.065,89.065,0,0,89.065
IE00B4L5ZG21,69169645,EEXF,GBP,2023-10-12,88.985,88.985,88.985,88.985,0,0,88.985
IE00B4L5ZG21,69169645,EEXF,GBP,2023-10-13,89.2,89.2,89.185,89.185,2,1,89.2
IE00B4L5ZG21,69169645,EEXF,GBP,2023-10-16,89.055,89.055,89.055,89.055,0,0,89.055
IE00B4L5ZG21,69169645,EEXF,GBP,2023-10-17,88.965,88.965,88.965,88.965,0,0,88.965
IE00B4L5ZG21,69169645,EEXF,GBP,2023-10-18,88.695,88.695,88.695,88.695,0,0,88.695
IE00B4L5ZG21,69169645,EEXF,GBP,2023-10-19,88.695,88.695,88.695,88.695,0,0,88.695
IE00B4L5ZG21,69169645,EEXF,GBP,2023-10-20,89.15,89.225,89.15,89.225,73,1,89.15
IE00B4L5ZG21,69169645,EEXF,GBP,2023-10-23,88.94,89.175,88.94,89.175,73,1,88.94
IE00B4L5ZG21,69169645,EEXF,GBP,2023-10-24,89.465,89.465,89.465,89.465,0,0,89.465
IE00B4L5ZG21,69169645,EEXF,GBP,2023-10-25,89.485,89.485,89.485,89.485,0,0,89.485
IE00B4L5ZG21,69169645,EEXF,GBP,2023-10-26,89.45,89.45,89.345,89.345,33,1,89.45
IE00B4L5ZG21,69169645,EEXF,GBP,2023-10-27,89.52,89.715,89.52,89.715,146,2,89.605
IE00B4L5ZG21,69169645,EEXF,GBP,2023-10-30,89.965,89.965,89.965,89.965,0,0,89.965
IE00B4L5ZG21,69169645,EEXF,GBP,2023-10-31,90.22,90.26,89.905,89.905,75,2,90.259
IE00B4L5ZG21,69169645,EEXF,GBP,2023-11-01,90.095,90.095,90.095,90.095,0,0,90.095
IE00B4L5ZG21,69169645,EEXF,GBP,2023-11-02,90.72,90.72,90.695,90.695,73,1,90.72
IE00B4L5ZG21,69169645,EEXF,GBP,2023-11-03,90.515,90.515,90.515,90.515,0,0,90.515
IE00B4L5ZG21,69169645,EEXF,GBP,2023-11-06,90.065,90.065,90.065,90.065,0,0,90.065
IE00B4L5ZG21,69169645,EEXF,GBP,2023-11-07,90.465,90.465,90.465,90.465,0,0,90.465
IE00B4L5ZG21,69169645,EEXF,GBP,2023-11-08,90.855,90.855,90.855,90.855,0,0,90.855
IE00B4L5ZG21,69169645,EEXF,GBP,2023-11-09,90.995,90.995,90.995,90.995,0,0,90.995
IE00B4L5ZG21,69169645,EEXF,GBP,2023-11-10,90.97,91.02,90.935,90.935,952,3,91.016
IE00B4L5ZG21,69169645,EEXF,GBP,2023-11-13,90.735,90.735,90.735,90.735,0,0,90.735
IE00B4L5ZG21,69169645,EEXF,GBP,2023-11-14,91.145,91.145,91.145,91.145,0,0,91.145
IE00B4L5ZG21,69169645,EEXF,GBP,2023-11-15,91.325,91.325,91.325,91.325,0,0,91.325
IE00B4L5ZG21,69169645,EEXF,GBP,2023-11-16,91.625,91.625,91.625,91.625,0,0,91.625
IE00B4L5ZG21,69169645,EEXF,GBP,2023-11-17,91.82,91.82,91.82,91.82,0,0,91.82
IE00B4L5ZG21,69169645,EEXF,GBP,2023-11-20,91.645,91.645,91.645,91.645,0,0,91.645
IE00B4L5ZG21,69169645,EEXF,GBP,2023-11-21,91.465,91.465,91.465,91.465,0,0,91.465
IE00B4L5ZG21,69169645,EEXF,GBP,2023-11-22,91.445,91.445,91.445,91.445,0,0,91.445
IE00B4L5ZG21,69169645,EEXF,GBP,2023-11-23,91.075,91.075,91.075,91.075,0,0,91.075
IE00B4L5ZG21,69169645,EEXF,GBP,2023-11-24,90.685,90.685,90.685,90.685,0,0,90.685
IE00B4L5ZG21,69169645,EEXF,GBP,2023-11-27,91.06,91.06,91.06,91.06,0,0,91.06
IE00B4L5ZG21,69169645,EEXF,GBP,2023-11-28,91.14,91.275,91.14,91.275,73,1,91.14
IE00B4L5ZG21,69169645,EEXF,GBP,2023-11-29,91.605,91.605,91.605,91.605,0,0,91.605
IE00B4L5ZG21,69169645,EEXF,GBP,2023-11-30,91.26,91.355,91.26,91.355,71,1,91.26
IE00B4L5ZG21,69169645,EEXF,GBP,2023-12-01,91.365,91.365,91.365,91.365,0,0,91.365
IE00B4L5ZG21,69169645,EEXF,GBP,2023-12-04,91.365,91.365,91.365,91.365,0,0,91.365
IE00B4L5ZG21,69169645,EEXF,GBP,2023-12-05,91.725,91.725,91.725,91.725,0,0,91.725
IE00B4L5ZG21,69169645,EEXF,GBP,2023-12-06,91.87,91.87,91.87,91.87,0,0,91.87
IE00B4L5ZG21,69169645,EEXF,GBP,2023-12-07,91.94,92.025,91.94,92.025,2,1,91.94
IE00B4L5ZG21,69169645,EEXF,GBP,2023-12-08,91.74,91.74,91.705,91.705,146,2,91.725
IE00B4L5ZG21,69169645,EEXF,GBP,2023-12-11,91.55,91.585,91.55,91.585,150,1,91.55
IE00B4L5ZG21,69169645,EEXF,GBP,2023-12-12,92.2,92.21,92.0,92.0,468,3,92.2065
IE00B4L5ZG21,69169645,EEXF,GBP,2023-12-13,92.485,92.485,92.485,92.485,0,0,92.485
IE00B4L5ZG21,69169645,EEXF,GBP,2023-12-14,93.21,93.21,93.0,93.03,219,3,93.1135
IE00B4L5ZG21,69169645,EEXF,GBP,2023-12-15,93.36,93.36,93.31,93.31,73,1,93.36
IE00B4L5ZG21,69169645,EEXF,GBP,2023-12-18,93.44,93.465,93.44,93.465,90,2,93.442
IE00B4L5ZG21,69169645,EEXF,GBP,2023-12-19,93.375,93.375,93.375,93.375,0,0,93.375
IE00B4L5ZG21,69169645,EEXF,GBP,2023-12-20,94.1,94.135,94.1,94.135,73,1,94.1
IE00B4L5ZG21,69169645,EEXF,GBP,2023-12-21,94.565,94.565,94.565,94.565,0,0,94.565
IE00B4L5ZG21,69169645,EEXF,GBP,2023-12-22,94.44,94.455,94.44,94.455,84,1,94.44
IE00B4L5ZG21,69169645,EEXF,GBP,2023-12-27,94.895,94.895,94.895,94.895,0,0,94.895
IE00B4L5ZG21,69169645,EEXF,GBP,2023-12-28,94.86,94.9,94.86,94.9,146,2,94.875
IE00B4L5ZG21,69169645,EEXF,GBP,2023-12-29,94.735,94.735,94.735,94.735,0,0,94.735
