ISIN,conId,Symbol,Currency,date,open,high,low,close,volume,barCount,average
IE000R94NGM2,794909199,JHX,USD,2019-01-02,10.9,10.93,10.51,10.72,1008,590,10.749
IE000R94NGM2,794909199,JHX,USD,2019-01-03,10.76,10.86,10.53,10.7,465,268,10.681
IE000R94NGM2,794909199,JHX,USD,2019-01-04,10.72,11.02,10.72,10.92,288,139,10.937
IE000R94NGM2,794909199,JHX,USD,2019-01-07,10.81,11.02,10.73,11.02,369,210,10.913
IE000R94NGM2,794909199,JHX,USD,2019-01-08,10.99,11.71,10.95,11.18,2172,1332,11.261
IE000R94NGM2,794909199,JHX,USD,2019-01-09,11.08,11.16,11.02,11.1,340,192,11.09
IE000R94NGM2,794909199,JHX,USD,2019-01-10,11.07,11.24,11.04,11.21,451,279,11.166
IE000R94NGM2,794909199,JHX,USD,2019-01-11,11.13,11.22,11.04,11.19,204,98,11.178
IE000R94NGM2,794909199,JHX,USD,2019-01-14,11.03,11.08,10.92,11.05,710,492,11.021
IE000R94NGM2,794909199,JHX,USD,2019-01-15,10.84,10.87,10.74,10.82,408,198,10.833
IE000R94NGM2,794909199,JHX,USD,2019-01-16,10.79,10.85,10.72,10.82,462,215,10.792
IE000R94NGM2,794909199,JHX,USD,2019-01-17,10.8,10.94,10.8,10.9,190,103,10.879
IE000R94NGM2,794909199,JHX,USD,2019-01-18,11.07,11.07,10.99,10.99,192,94,11.013
IE000R94NGM2,794909199,JHX,USD,2019-01-22,10.88,10.91,10.72,10.83,243,118,10.816
IE000R94NGM2,794909199,JHX,USD,2019-01-23,10.8,10.88,10.73,10.82,254,121,10.796
IE000R94NGM2,794909199,JHX,USD,2019-01-24,10.78,10.78,10.66,10.73,289,97,10.711
IE000R94NGM2,794909199,JHX,USD,2019-01-25,10.73,10.9,10.73,10.87,152,73,10.851
IE000R94NGM2,794909199,JHX,USD,2019-01-28,10.9,10.9,10.74,10.82,553,273,10.799
IE000R94NGM2,794909199,JHX,USD,2019-01-29,10.89,10.9,10.8,10.87,276,140,10.849
IE000R94NGM2,794909199,JHX,USD,2019-01-30,10.86,11.01,10.81,10.93,138,61,10.916
IE000R94NGM2,794909199,JHX,USD,2019-01-31,11.17,11.24,11.14,11.15,399,209,11.184
IE000R94NGM2,794909199,JHX,USD,2019-02-01,11.06,11.1,10.98,10.98,291,113,11.045
IE000R94NGM2,794909199,JHX,USD,2019-02-04,10.97,11.1,10.97,11.1,150,54,11.053
IE000R94NGM2,794909199,JHX,USD,2019-02-05,11.58,11.69,11.54,11.65,277,201,11.61
IE000R94NGM2,794909199,JHX,USD,2019-02-06,11.92,11.94,11.71,11.72,190,77,11.791
IE000R94NGM2,794909199,JHX,USD,2019-02-07,12.04,12.13,11.83,11.94,692,413,11.953
IE000R94NGM2,794909199,JHX,USD,2019-02-08,11.69,11.78,11.63,11.68,168,61,11.676
IE000R94NGM2,794909199,JHX,USD,2019-02-11,11.91,12.01,11.89,11.91,212,81,11.919
IE000R94NGM2,794909199,JHX,USD,2019-02-12,12.12,12.23,12.08,12.22,196,80,12.177
IE000R94NGM2,794909199,JHX,USD,2019-02-13,12.43,12.53,12.37,12.39,151,71,12.425
IE000R94NGM2,794909199,JHX,USD,2019-02-14,12.28,12.35,12.22,12.27,120,41,12.29
IE000R94NGM2,794909199,JHX,USD,2019-02-15,12.55,12.66,12.54,12.6,173,103,12.588
IE000R94NGM2,794909199,JHX,USD,2019-02-19,12.6,12.78,12.6,12.77,128,54,12.718
IE000R94NGM2,794909199,JHX,USD,2019-02-20,12.71,12.88,12.71,12.82,203,91,12.817
IE000R94NGM2,794909199,JHX,USD,2019-02-21,12.71,12.71,12.63,12.71,25,8,12.692
IE000R94NGM2,794909199,JHX,USD,2019-02-22,12.87,12.94,12.87,12.93,64,29,12.908
IE000R94NGM2,794909199,JHX,USD,2019-02-25,13.05,13.08,13.02,13.02,126,45,13.047
IE000R94NGM2,794909199,JHX,USD,2019-02-26,13.08,13.24,13.03,13.24,111,55,13.168
IE000R94NGM2,794909199,JHX,USD,2019-02-27,12.99,12.99,12.88,12.92,108,38,12.93
IE000R94NGM2,794909199,JHX,USD,2019-02-28,12.7,12.71,12.55,12.55,261,88,12.599
IE000R94NGM2,794909199,JHX,USD,2019-03-01,12.74,12.8,12.57,12.76,170,67,12.647
IE000R94NGM2,794909199,JHX,USD,2019-03-04,12.99,13.05,12.94,12.99,180,64,12.978
IE000R94NGM2,794909199,JHX,USD,2019-03-05,13.09,13.12,13.07,13.12,46,31,13.11
IE000R94NGM2,794909199,JHX,USD,2019-03-06,13.09,13.19,13.08,13.11,113,73,13.118
IE000R94NGM2,794909199,JHX,USD,2019-03-07,13.2,13.2,13.01,13.08,126,54,13.083
IE000R94NGM2,794909199,JHX,USD,2019-03-08,13.73,13.73,13.02,13.08,56,33,13.074
IE000R94NGM2,794909199,JHX,USD,2019-03-11,12.98,13.1,12.89,13.1,78,42,13.038
IE000R94NGM2,794909199,JHX,USD,2019-03-12,13.01,13.02,12.94,12.94,143,59,12.99
IE000R94NGM2,794909199,JHX,USD,2019-03-13,12.89,12.91,12.7,12.84,384,96,12.822
IE000R94NGM2,794909199,JHX,USD,2019-03-14,12.76,12.84,12.72,12.84,109,38,12.785
IE000R94NGM2,794909199,JHX,USD,2019-03-15,12.81,12.94,12.81,12.93,74,40,12.905
IE000R94NGM2,794909199,JHX,USD,2019-03-18,12.85,12.87,12.8,12.8,120,50,12.825
IE000R94NGM2,794909199,JHX,USD,2019-03-19,12.75,12.78,12.66,12.68,72,38,12.731
IE000R94NGM2,794909199,JHX,USD,2019-03-20,12.51,12.6,12.45,12.53,65,37,12.525
IE000R94NGM2,794909199,JHX,USD,2019-03-21,12.55,12.68,12.52,12.68,131,67,12.633
IE000R94NGM2,794909199,JHX,USD,2019-03-22,12.75,12.75,12.62,12.66,79,41,12.672
IE000R94NGM2,794909199,JHX,USD,2019-03-25,12.71,12.81,12.69,12.79,86,49,12.738
IE000R94NGM2,794909199,JHX,USD,2019-03-26,13.02,13.12,12.97,13.09,167,95,13.057
IE000R94NGM2,794909199,JHX,USD,2019-03-27,12.92,12.92,12.73,12.82,181,64,12.814
IE000R94NGM2,794909199,JHX,USD,2019-03-28,12.86,12.86,12.71,12.77,100,47,12.789
IE000R94NGM2,794909199,JHX,USD,2019-03-29,12.98,13.01,12.85,12.87,393,197,12.916
IE000R94NGM2,794909199,JHX,USD,2019-04-01,12.99,13.07,12.99,13.05,266,90,13.024
IE000R94NGM2,794909199,JHX,USD,2019-04-02,12.9,12.98,12.88,12.98,206,116,12.93
IE000R94NGM2,794909199,JHX,USD,2019-04-03,12.91,13.03,12.88,12.92,63,34,12.967
IE000R94NGM2,794909199,JHX,USD,2019-04-04,12.82,12.85,12.77,12.77,77,38,12.802
IE000R94NGM2,794909199,JHX,USD,2019-04-05,12.98,13.04,12.96,13.0,63,28,12.999
IE000R94NGM2,794909199,JHX,USD,2019-04-08,13.01,13.27,13.01,13.27,139,39,13.155
IE000R94NGM2,794909199,JHX,USD,2019-04-09,13.28,13.63,13.27,13.32,133,71,13.377
IE000R94NGM2,794909199,JHX,USD,2019-04-10,13.34,13.42,13.29,13.38,45,18,13.354
IE000R94NGM2,794909199,JHX,USD,2019-04-11,13.24,13.32,13.22,13.26,72,31,13.262
IE000R94NGM2,794909199,JHX,USD,2019-04-12,13.24,13.34,13.23,13.29,36,15,13.284
IE000R94NGM2,794909199,JHX,USD,2019-04-15,13.45,13.54,13.44,13.44,46,22,13.492
IE000R94NGM2,794909199,JHX,USD,2019-04-16,13.55,13.65,13.53,13.55,37,18,13.584
IE000R94NGM2,794909199,JHX,USD,2019-04-17,13.76,13.76,13.66,13.71,19,10,13.711
IE000R94NGM2,794909199,JHX,USD,2019-04-18,13.64,13.72,13.54,13.67,168,96,13.604
IE000R94NGM2,794909199,JHX,USD,2019-04-22,13.6,13.64,13.59,13.62,15,5,13.614
IE000R94NGM2,794909199,JHX,USD,2019-04-23,13.6,13.66,13.6,13.66,67,33,13.64
IE000R94NGM2,794909199,JHX,USD,2019-04-24,13.65,13.65,13.48,13.53,68,41,13.53
IE000R94NGM2,794909199,JHX,USD,2019-04-25,13.55,13.58,13.54,13.58,31,18,13.562
IE000R94NGM2,794909199,JHX,USD,2019-04-26,13.67,13.67,13.59,13.65,67,37,13.636
IE000R94NGM2,794909199,JHX,USD,2019-04-29,13.74,13.75,13.7,13.7,21,13,13.727
IE000R94NGM2,794909199,JHX,USD,2019-04-30,13.74,13.75,13.62,13.69,128,57,13.699
IE000R94NGM2,794909199,JHX,USD,2019-05-01,13.79,13.84,13.69,13.73,24,17,13.781
IE000R94NGM2,794909199,JHX,USD,2019-05-02,13.64,13.64,13.52,13.61,26,14,13.593
IE000R94NGM2,794909199,JHX,USD,2019-05-03,13.69,13.73,13.64,13.69,63,39,13.694
IE000R94NGM2,794909199,JHX,USD,2019-05-06,13.27,13.42,13.15,13.4,62,26,13.289
IE000R94NGM2,794909199,JHX,USD,2019-05-07,13.26,13.26,13.11,13.17,54,32,13.178
IE000R94NGM2,794909199,JHX,USD,2019-05-08,13.0,13.16,12.99,13.07,72,43,13.111
IE000R94NGM2,794909199,JHX,USD,2019-05-09,12.98,13.02,12.87,12.99,48,35,12.973
IE000R94NGM2,794909199,JHX,USD,2019-05-10,12.91,13.05,12.78,13.04,116,62,12.917
IE000R94NGM2,794909199,JHX,USD,2019-05-13,12.77,12.78,12.63,12.64,84,49,12.685
IE000R94NGM2,794909199,JHX,USD,2019-05-14,12.57,12.62,12.44,12.52,114,63,12.555
IE000R94NGM2,794909199,JHX,USD,2019-05-15,12.75,12.92,12.7,12.92,88,39,12.841
IE000R94NGM2,794909199,JHX,USD,2019-05-16,12.81,12.86,12.74,12.85,84,45,12.829
IE000R94NGM2,794909199,JHX,USD,2019-05-17,12.63,12.75,12.62,12.7,295,126,12.692
IE000R94NGM2,794909199,JHX,USD,2019-05-20,12.35,12.36,12.21,12.36,139,64,12.283
IE000R94NGM2,794909199,JHX,USD,2019-05-21,12.64,12.84,12.64,12.75,92,58,12.768
IE000R94NGM2,794909199,JHX,USD,2019-05-22,13.0,13.09,12.96,13.07,97,65,13.033
IE000R94NGM2,794909199,JHX,USD,2019-05-23,12.86,12.88,12.78,12.83,41,24,12.831
IE000R94NGM2,794909199,JHX,USD,2019-05-24,12.67,12.81,12.67,12.81,64,38,12.788
IE000R94NGM2,794909199,JHX,USD,2019-05-28,12.79,12.84,12.7,12.7,84,56,12.759
IE000R94NGM2,794909199,JHX,USD,2019-05-29,12.67,12.7,12.67,12.7,100,55,12.687
IE000R94NGM2,794909199,JHX,USD,2019-05-30,12.7,12.75,12.66,12.73,123,47,12.7
IE000R94NGM2,794909199,JHX,USD,2019-05-31,12.74,12.8,12.74,12.76,94,46,12.766
IE000R94NGM2,794909199,JHX,USD,2019-06-03,12.62,12.62,12.51,12.61,89,37,12.591
IE000R94NGM2,794909199,JHX,USD,2019-06-04,12.78,12.83,12.67,12.83,152,77,12.788
IE000R94NGM2,794909199,JHX,USD,2019-06-05,12.91,12.91,12.64,12.71,141,77,12.777
IE000R94NGM2,794909199,JHX,USD,2019-06-06,12.61,12.82,12.61,12.74,64,26,12.708
IE000R94NGM2,794909199,JHX,USD,2019-06-07,12.85,13.0,12.85,13.0,165,90,12.958
IE000R94NGM2,794909199,JHX,USD,2019-06-10,12.94,13.01,12.92,12.97,31,12,12.959
IE000R94NGM2,794909199,JHX,USD,2019-06-11,13.06,13.15,13.05,13.13,140,79,13.11
IE000R94NGM2,794909199,JHX,USD,2019-06-12,12.95,13.06,12.83,12.88,97,52,12.912
IE000R94NGM2,794909199,JHX,USD,2019-06-13,12.91,12.94,12.81,12.81,95,51,12.881
IE000R94NGM2,794909199,JHX,USD,2019-06-14,12.78,12.79,12.67,12.76,60,35,12.769
IE000R94NGM2,794909199,JHX,USD,2019-06-17,12.91,12.98,12.86,12.97,193,101,12.951
IE000R94NGM2,794909199,JHX,USD,2019-06-18,12.97,12.97,12.79,12.89,197,83,12.884
IE000R94NGM2,794909199,JHX,USD,2019-06-19,12.85,12.98,12.85,12.96,27,20,12.957
IE000R94NGM2,794909199,JHX,USD,2019-06-20,13.06,13.06,12.96,13.01,52,23,13.013
IE000R94NGM2,794909199,JHX,USD,2019-06-21,13.22,13.34,13.0,13.0,170,40,13.121
IE000R94NGM2,794909199,JHX,USD,2019-06-24,13.25,13.37,13.25,13.25,51,18,13.279
IE000R94NGM2,794909199,JHX,USD,2019-06-25,13.46,13.57,13.44,13.45,110,32,13.466
IE000R94NGM2,794909199,JHX,USD,2019-06-26,13.43,13.44,13.4,13.42,68,32,13.419
IE000R94NGM2,794909199,JHX,USD,2019-06-27,13.38,13.39,13.35,13.39,35,14,13.381
IE000R94NGM2,794909199,JHX,USD,2019-06-28,13.24,13.24,13.19,13.21,54,27,13.228
IE000R94NGM2,794909199,JHX,USD,2019-07-01,13.15,13.15,13.0,13.12,87,38,13.085
IE000R94NGM2,794909199,JHX,USD,2019-07-02,12.95,13.07,12.95,13.04,99,68,13.037
IE000R94NGM2,794909199,JHX,USD,2019-07-03,13.11,13.18,13.1,13.11,63,31,13.14
IE000R94NGM2,794909199,JHX,USD,2019-07-05,13.18,13.28,13.16,13.27,47,30,13.235
IE000R94NGM2,794909199,JHX,USD,2019-07-08,13.16,13.19,13.13,13.15,38,19,13.158
IE000R94NGM2,794909199,JHX,USD,2019-07-09,12.97,13.21,12.97,13.15,141,85,13.063
IE000R94NGM2,794909199,JHX,USD,2019-07-10,13.06,13.24,12.99,13.24,226,113,13.121
IE000R94NGM2,794909199,JHX,USD,2019-07-11,13.25,13.33,13.06,13.11,113,58,13.125
IE000R94NGM2,794909199,JHX,USD,2019-07-12,13.18,13.26,13.15,13.26,149,99,13.237
IE000R94NGM2,794909199,JHX,USD,2019-07-15,13.39,13.42,13.29,13.42,101,46,13.364
IE000R94NGM2,794909199,JHX,USD,2019-07-16,13.28,13.28,13.05,13.17,248,140,13.137
IE000R94NGM2,794909199,JHX,USD,2019-07-17,13.2,13.21,13.11,13.11,30,19,13.178
IE000R94NGM2,794909199,JHX,USD,2019-07-18,13.03,13.25,13.03,13.25,104,61,13.217
IE000R94NGM2,794909199,JHX,USD,2019-07-19,13.31,13.38,13.25,13.3,64,31,13.318
IE000R94NGM2,794909199,JHX,USD,2019-07-22,13.24,13.24,13.14,13.2,58,33,13.201
IE000R94NGM2,794909199,JHX,USD,2019-07-23,13.19,13.25,13.11,13.22,72,43,13.216
IE000R94NGM2,794909199,JHX,USD,2019-07-24,13.3,13.34,13.27,13.32,94,52,13.305
IE000R94NGM2,794909199,JHX,USD,2019-07-25,13.57,13.62,13.52,13.55,57,25,13.553
IE000R94NGM2,794909199,JHX,USD,2019-07-26,13.72,13.84,13.7,13.81,74,48,13.762
IE000R94NGM2,794909199,JHX,USD,2019-07-29,13.9,13.95,13.89,13.94,54,20,13.922
IE000R94NGM2,794909199,JHX,USD,2019-07-30,13.75,13.78,13.61,13.61,159,57,13.69
IE000R94NGM2,794909199,JHX,USD,2019-07-31,13.74,13.82,13.6,13.7,129,63,13.753
IE000R94NGM2,794909199,JHX,USD,2019-08-01,13.73,13.94,13.69,13.8,214,106,13.828
IE000R94NGM2,794909199,JHX,USD,2019-08-02,13.61,13.61,13.51,13.59,82,42,13.562
IE000R94NGM2,794909199,JHX,USD,2019-08-05,13.4,13.4,12.93,13.01,147,91,13.016
IE000R94NGM2,794909199,JHX,USD,2019-08-06,13.01,13.2,13.0,13.19,183,125,13.078
IE000R94NGM2,794909199,JHX,USD,2019-08-07,12.88,13.25,12.88,13.25,174,84,13.025
IE000R94NGM2,794909199,JHX,USD,2019-08-08,12.97,13.25,12.97,13.21,106,58,13.124
IE000R94NGM2,794909199,JHX,USD,2019-08-09,14.3,14.88,14.01,14.87,382,172,14.766
IE000R94NGM2,794909199,JHX,USD,2019-08-12,16.0,16.0,14.96,14.98,127,52,15.087
IE000R94NGM2,794909199,JHX,USD,2019-08-13,15.04,15.4,14.97,15.34,149,71,15.271
IE000R94NGM2,794909199,JHX,USD,2019-08-14,15.25,15.29,15.07,15.13,233,125,15.146
IE000R94NGM2,794909199,JHX,USD,2019-08-15,15.28,15.35,15.21,15.35,185,89,15.296
IE000R94NGM2,794909199,JHX,USD,2019-08-16,15.41,15.5,15.39,15.5,83,41,15.463
IE000R94NGM2,794909199,JHX,USD,2019-08-19,15.45,15.47,15.32,15.4,68,38,15.396
IE000R94NGM2,794909199,JHX,USD,2019-08-20,15.45,15.78,15.45,15.7,161,89,15.726
IE000R94NGM2,794909199,JHX,USD,2019-08-21,15.74,15.76,15.61,15.69,49,21,15.696
IE000R94NGM2,794909199,JHX,USD,2019-08-22,15.61,15.64,15.5,15.59,77,40,15.59
IE000R94NGM2,794909199,JHX,USD,2019-08-23,15.57,15.66,15.36,15.39,40,26,15.457
IE000R94NGM2,794909199,JHX,USD,2019-08-26,15.35,15.35,15.22,15.32,60,46,15.266
IE000R94NGM2,794909199,JHX,USD,2019-08-27,15.3,15.3,15.13,15.2,119,70,15.221
IE000R94NGM2,794909199,JHX,USD,2019-08-28,15.2,15.2,14.97,15.11,145,72,15.098
IE000R94NGM2,794909199,JHX,USD,2019-08-29,15.11,15.25,15.1,15.23,93,34,15.166
IE000R94NGM2,794909199,JHX,USD,2019-08-30,15.14,15.3,15.14,15.27,99,50,15.215
IE000R94NGM2,794909199,JHX,USD,2019-09-03,15.15,15.38,15.15,15.35,98,56,15.326
IE000R94NGM2,794909199,JHX,USD,2019-09-04,15.33,15.4,15.31,15.4,155,88,15.366
IE000R94NGM2,794909199,JHX,USD,2019-09-05,15.63,15.68,15.63,15.65,59,29,15.659
IE000R94NGM2,794909199,JHX,USD,2019-09-06,15.76,15.86,15.74,15.8,66,44,15.804
IE000R94NGM2,794909199,JHX,USD,2019-09-09,16.1,16.2,16.08,16.08,107,36,16.12
IE000R94NGM2,794909199,JHX,USD,2019-09-10,16.04,16.11,15.92,16.03,29,15,16.032
IE000R94NGM2,794909199,JHX,USD,2019-09-11,15.95,16.03,15.93,15.95,46,24,15.974
IE000R94NGM2,794909199,JHX,USD,2019-09-12,16.15,16.3,16.15,16.26,26,16,16.236
IE000R94NGM2,794909199,JHX,USD,2019-09-13,16.25,16.27,16.2,16.22,44,12,16.23
IE000R94NGM2,794909199,JHX,USD,2019-09-16,16.13,16.18,16.09,16.09,28,20,16.142
IE000R94NGM2,794909199,JHX,USD,2019-09-17,16.24,16.33,16.24,16.33,40,21,16.279
IE000R94NGM2,794909199,JHX,USD,2019-09-18,16.35,16.41,16.25,16.31,99,51,16.307
IE000R94NGM2,794909199,JHX,USD,2019-09-19,16.57,16.69,16.57,16.67,145,108,16.661
IE000R94NGM2,794909199,JHX,USD,2019-09-20,16.85,16.9,16.76,16.76,60,35,16.825
IE000R94NGM2,794909199,JHX,USD,2019-09-23,16.7,16.82,16.67,16.8,64,28,16.776
IE000R94NGM2,794909199,JHX,USD,2019-09-24,16.78,16.79,16.58,16.58,48,33,16.687
IE000R94NGM2,794909199,JHX,USD,2019-09-25,16.58,16.63,16.52,16.62,71,55,16.563
IE000R94NGM2,794909199,JHX,USD,2019-09-26,16.73,16.77,16.68,16.77,124,75,16.71
IE000R94NGM2,794909199,JHX,USD,2019-09-27,16.75,16.87,16.6,16.71,46,22,16.699
IE000R94NGM2,794909199,JHX,USD,2019-09-30,16.79,16.9,16.76,16.81,104,56,16.833
IE000R94NGM2,794909199,JHX,USD,2019-10-01,16.77,16.78,16.53,16.64,56,24,16.66
IE000R94NGM2,794909199,JHX,USD,2019-10-02,16.44,16.44,16.2,16.26,51,36,16.299
IE000R94NGM2,794909199,JHX,USD,2019-10-03,17.0,17.0,16.15,16.28,43,21,16.275
IE000R94NGM2,794909199,JHX,USD,2019-10-04,16.43,16.59,16.42,16.59,303,126,16.513
IE000R94NGM2,794909199,JHX,USD,2019-10-07,16.55,16.6,16.51,16.54,88,47,16.546
IE000R94NGM2,794909199,JHX,USD,2019-10-08,16.36,16.47,16.3,16.37,75,39,16.397
IE000R94NGM2,794909199,JHX,USD,2019-10-09,16.51,16.64,16.49,16.59,33,21,16.578
IE000R94NGM2,794909199,JHX,USD,2019-10-10,16.51,16.64,16.51,16.59,42,26,16.575
IE000R94NGM2,794909199,JHX,USD,2019-10-11,16.97,17.14,16.97,17.0,93,44,17.033
IE000R94NGM2,794909199,JHX,USD,2019-10-14,16.71,16.73,16.62,16.62,43,23,16.679
IE000R94NGM2,794909199,JHX,USD,2019-10-15,16.9,17.23,16.9,17.11,137,87,17.157
IE000R94NGM2,794909199,JHX,USD,2019-10-16,17.11,17.27,17.11,17.15,33,12,17.196
IE000R94NGM2,794909199,JHX,USD,2019-10-17,17.35,17.41,17.31,17.38,215,74,17.388
IE000R94NGM2,794909199,JHX,USD,2019-10-18,17.33,17.33,17.25,17.32,29,9,17.297
IE000R94NGM2,794909199,JHX,USD,2019-10-21,17.2,17.2,17.11,17.17,54,36,17.163
IE000R94NGM2,794909199,JHX,USD,2019-10-22,17.25,17.29,17.15,17.18,51,30,17.249
IE000R94NGM2,794909199,JHX,USD,2019-10-23,17.34,17.4,17.21,17.38,114,68,17.312
IE000R94NGM2,794909199,JHX,USD,2019-10-24,17.46,18.04,17.4,18.01,381,354,17.681
IE000R94NGM2,794909199,JHX,USD,2019-10-25,17.65,17.93,17.65,17.86,127,81,17.837
IE000R94NGM2,794909199,JHX,USD,2019-10-28,17.86,17.88,17.66,17.88,78,49,17.785
IE000R94NGM2,794909199,JHX,USD,2019-10-29,17.67,17.67,17.47,17.55,224,106,17.551
IE000R94NGM2,794909199,JHX,USD,2019-10-30,17.34,17.34,17.15,17.3,104,48,17.213
IE000R94NGM2,794909199,JHX,USD,2019-10-31,17.23,17.24,17.08,17.18,75,44,17.165
IE000R94NGM2,794909199,JHX,USD,2019-11-01,17.39,17.43,17.33,17.42,48,24,17.396
IE000R94NGM2,794909199,JHX,USD,2019-11-04,17.55,17.64,17.49,17.6,91,52,17.574
IE000R94NGM2,794909199,JHX,USD,2019-11-05,17.45,17.47,17.35,17.35,29,8,17.399
IE000R94NGM2,794909199,JHX,USD,2019-11-06,17.12,17.27,17.06,17.27,61,32,17.123
IE000R94NGM2,794909199,JHX,USD,2019-11-07,18.5,19.23,18.5,18.98,214,88,18.767
IE000R94NGM2,794909199,JHX,USD,2019-11-08,19.09,19.11,19.03,19.1,108,51,19.088
IE000R94NGM2,794909199,JHX,USD,2019-11-11,19.49,19.65,19.49,19.52,107,52,19.568
IE000R94NGM2,794909199,JHX,USD,2019-11-12,19.74,19.78,19.64,19.72,52,33,19.714
IE000R94NGM2,794909199,JHX,USD,2019-11-13,19.73,19.85,19.73,19.81,49,26,19.789
IE000R94NGM2,794909199,JHX,USD,2019-11-14,19.68,19.72,19.6,19.65,85,28,19.649
IE000R94NGM2,794909199,JHX,USD,2019-11-15,19.35,19.75,19.34,19.61,251,111,19.602
IE000R94NGM2,794909199,JHX,USD,2019-11-18,19.4,19.47,19.3,19.47,49,22,19.411
IE000R94NGM2,794909199,JHX,USD,2019-11-19,19.48,19.48,19.4,19.47,94,61,19.452
IE000R94NGM2,794909199,JHX,USD,2019-11-20,19.35,19.38,19.25,19.33,66,33,19.332
IE000R94NGM2,794909199,JHX,USD,2019-11-21,19.51,19.58,19.46,19.56,139,83,19.522
IE000R94NGM2,794909199,JHX,USD,2019-11-22,19.79,19.85,19.75,19.8,55,36,19.799
IE000R94NGM2,794909199,JHX,USD,2019-11-25,19.67,19.75,19.63,19.7,103,59,19.682
IE000R94NGM2,794909199,JHX,USD,2019-11-26,19.71,19.81,19.71,19.81,113,75,19.769
IE000R94NGM2,794909199,JHX,USD,2019-11-27,19.62,19.75,19.57,19.73,110,64,19.697
IE000R94NGM2,794909199,JHX,USD,2019-11-29,19.71,19.77,19.69,19.73,28,13,19.729
IE000R94NGM2,794909199,JHX,USD,2019-12-02,19.62,19.62,19.39,19.56,241,88,19.502
IE000R94NGM2,794909199,JHX,USD,2019-12-03,19.23,19.38,19.08,19.37,144,94,19.298
IE000R94NGM2,794909199,JHX,USD,2019-12-04,19.52,19.66,19.49,19.64,235,158,19.615
IE000R94NGM2,794909199,JHX,USD,2019-12-05,19.64,19.72,19.64,19.71,96,27,19.681
IE000R94NGM2,794909199,JHX,USD,2019-12-06,19.93,19.94,19.83,19.9,106,59,19.893
IE000R94NGM2,794909199,JHX,USD,2019-12-09,19.77,19.77,19.51,19.51,206,72,19.57
IE000R94NGM2,794909199,JHX,USD,2019-12-10,19.46,19.46,19.34,19.42,65,30,19.4
IE000R94NGM2,794909199,JHX,USD,2019-12-11,19.36,19.43,19.28,19.43,113,91,19.335
IE000R94NGM2,794909199,JHX,USD,2019-12-12,19.46,19.71,19.46,19.71,217,114,19.577
IE000R94NGM2,794909199,JHX,USD,2019-12-13,19.4,19.4,19.2,19.38,124,66,19.337
IE000R94NGM2,794909199,JHX,USD,2019-12-16,19.46,19.49,19.34,19.43,77,51,19.419
IE000R94NGM2,794909199,JHX,USD,2019-12-17,19.42,19.45,19.27,19.32,105,69,19.403
IE000R94NGM2,794909199,JHX,USD,2019-12-18,19.59,19.69,19.59,19.69,96,47,19.633
IE000R94NGM2,794909199,JHX,USD,2019-12-19,19.6,19.69,19.59,19.69,53,30,19.64
IE000R94NGM2,794909199,JHX,USD,2019-12-20,19.69,19.84,18.69,19.84,335,106,19.754
IE000R94NGM2,794909199,JHX,USD,2019-12-23,19.95,20.04,19.86,20.04,208,86,20.001
IE000R94NGM2,794909199,JHX,USD,2019-12-24,19.8,19.82,19.67,19.82,76,39,19.789
IE000R94NGM2,794909199,JHX,USD,2019-12-26,19.87,19.91,19.76,19.87,79,40,19.862
IE000R94NGM2,794909199,JHX,USD,2019-12-27,19.99,19.99,19.83,19.98,102,57,19.941
IE000R94NGM2,794909199,JHX,USD,2019-12-30,20.12,20.12,19.89,19.93,76,34,19.987
IE000R94NGM2,794909199,JHX,USD,2019-12-31,19.72,19.72,19.47,19.64,115,52,19.588
IE000R94NGM2,794909199,JHX,USD,2020-01-02,19.68,19.82,19.68,19.81,100,78,19.758
IE000R94NGM2,794909199,JHX,USD,2020-01-03,19.64,19.68,19.56,19.56,149,66,19.649
IE000R94NGM2,794909199,JHX,USD,2020-01-06,19.65,19.86,19.65,19.86,47,23,19.76
IE000R94NGM2,794909199,JHX,USD,2020-01-07,19.64,19.69,19.43,19.55,101,42,19.539
IE000R94NGM2,794909199,JHX,USD,2020-01-08,19.55,20.06,19.55,20.03,96,36,19.935
IE000R94NGM2,794909199,JHX,USD,2020-01-09,20.26,20.29,20.12,20.29,64,35,20.254
IE000R94NGM2,794909199,JHX,USD,2020-01-10,20.31,20.4,20.25,20.36,179,67,20.331
IE000R94NGM2,794909199,JHX,USD,2020-01-13,20.37,20.5,20.35,20.48,95,49,20.427
IE000R94NGM2,794909199,JHX,USD,2020-01-14,20.6,20.69,20.5,20.65,67,41,20.625
IE000R94NGM2,794909199,JHX,USD,2020-01-15,20.75,20.83,20.75,20.8,74,31,20.795
IE000R94NGM2,794909199,JHX,USD,2020-01-16,20.92,21.12,20.92,21.09,183,109,21.063
IE000R94NGM2,794909199,JHX,USD,2020-01-17,21.17,21.22,21.07,21.19,121,89,21.168
IE000R94NGM2,794909199,JHX,USD,2020-01-21,21.26,21.26,20.95,21.06,117,66,21.087
IE000R94NGM2,794909199,JHX,USD,2020-01-22,21.17,21.2,21.09,21.18,124,78,21.137
IE000R94NGM2,794909199,JHX,USD,2020-01-23,21.29,21.36,21.13,21.32,102,44,21.254
IE000R94NGM2,794909199,JHX,USD,2020-01-24,21.72,21.78,21.46,21.59,175,116,21.625
IE000R94NGM2,794909199,JHX,USD,2020-01-27,21.22,21.26,21.07,21.16,264,95,21.141
IE000R94NGM2,794909199,JHX,USD,2020-01-28,21.46,21.54,21.28,21.54,155,110,21.453
IE000R94NGM2,794909199,JHX,USD,2020-01-29,21.58,21.67,21.53,21.61,68,32,21.61
IE000R94NGM2,794909199,JHX,USD,2020-01-30,21.57,21.73,21.4,21.71,92,41,21.529
IE000R94NGM2,794909199,JHX,USD,2020-01-31,21.32,21.32,20.91,21.0,146,80,21.041
IE000R94NGM2,794909199,JHX,USD,2020-02-03,21.39,21.41,21.22,21.41,63,42,21.366
IE000R94NGM2,794909199,JHX,USD,2020-02-04,21.46,21.6,21.35,21.54,120,55,21.5
IE000R94NGM2,794909199,JHX,USD,2020-02-05,21.62,21.62,21.46,21.58,89,51,21.541
IE000R94NGM2,794909199,JHX,USD,2020-02-06,21.55,21.55,21.39,21.46,167,60,21.453
IE000R94NGM2,794909199,JHX,USD,2020-02-07,21.21,21.21,21.09,21.12,61,34,21.142
IE000R94NGM2,794909199,JHX,USD,2020-02-10,21.13,21.26,21.11,21.26,111,61,21.215
IE000R94NGM2,794909199,JHX,USD,2020-02-11,21.47,22.13,21.0,21.0,57,39,21.617
IE000R94NGM2,794909199,JHX,USD,2020-02-12,21.5,21.5,21.38,21.48,154,94,21.454
IE000R94NGM2,794909199,JHX,USD,2020-02-13,20.63,20.66,20.5,20.56,156,54,20.582
IE000R94NGM2,794909199,JHX,USD,2020-02-14,20.57,20.57,20.42,20.53,57,28,20.514
IE000R94NGM2,794909199,JHX,USD,2020-02-18,20.54,20.81,20.18,20.76,127,51,20.509
IE000R94NGM2,794909199,JHX,USD,2020-02-19,20.64,20.74,20.54,20.71,125,83,20.705
IE000R94NGM2,794909199,JHX,USD,2020-02-20,20.36,20.36,20.1,20.24,179,86,20.195
IE000R94NGM2,794909199,JHX,USD,2020-02-21,20.11,20.11,19.97,20.1,177,103,20.06
IE000R94NGM2,794909199,JHX,USD,2020-02-24,19.33,19.36,19.1,19.3,263,134,19.264
IE000R94NGM2,794909199,JHX,USD,2020-02-25,19.39,19.45,18.89,19.03,259,117,19.169
IE000R94NGM2,794909199,JHX,USD,2020-02-26,19.24,19.32,18.97,19.07,148,84,19.147
IE000R94NGM2,794909199,JHX,USD,2020-02-27,18.69,18.98,18.56,18.56,324,184,18.773
IE000R94NGM2,794909199,JHX,USD,2020-02-28,18.28,18.31,17.76,18.26,521,264,18.035
IE000R94NGM2,794909199,JHX,USD,2020-03-02,18.41,18.83,18.27,18.83,318,136,18.539
IE000R94NGM2,794909199,JHX,USD,2020-03-03,18.96,19.37,18.54,18.82,734,318,18.939
IE000R94NGM2,794909199,JHX,USD,2020-03-04,19.02,19.57,18.79,19.57,378,243,19.217
IE000R94NGM2,794909199,JHX,USD,2020-03-05,18.82,19.01,18.75,18.96,563,302,18.908
IE000R94NGM2,794909199,JHX,USD,2020-03-06,18.3,18.31,18.03,18.28,250,161,18.188
IE000R94NGM2,794909199,JHX,USD,2020-03-09,16.66,16.7,16.05,16.22,433,254,16.318
IE000R94NGM2,794909199,JHX,USD,2020-03-10,17.34,17.51,16.82,17.31,629,382,17.094
IE000R94NGM2,794909199,JHX,USD,2020-03-11,16.66,16.76,15.97,16.01,343,178,16.197
IE000R94NGM2,794909199,JHX,USD,2020-03-12,14.26,14.26,13.54,13.72,1012,570,13.823
IE000R94NGM2,794909199,JHX,USD,2020-03-13,14.96,14.96,13.96,14.88,635,315,14.36
IE000R94NGM2,794909199,JHX,USD,2020-03-16,13.5,13.5,12.26,12.57,683,432,12.591
IE000R94NGM2,794909199,JHX,USD,2020-03-17,12.16,13.27,11.79,13.07,1384,794,12.397
IE000R94NGM2,794909199,JHX,USD,2020-03-18,11.0,11.27,10.72,10.99,1045,534,10.884
IE000R94NGM2,794909199,JHX,USD,2020-03-19,8.98,16.4,8.98,11.11,2135,1261,11.464
IE000R94NGM2,794909199,JHX,USD,2020-03-20,11.08,11.41,10.33,10.33,753,391,10.615
IE000R94NGM2,794909199,JHX,USD,2020-03-23,9.92,10.05,9.46,9.46,1262,754,9.679
IE000R94NGM2,794909199,JHX,USD,2020-03-24,10.12,10.88,10.1,10.66,1307,602,10.562
IE000R94NGM2,794909199,JHX,USD,2020-03-25,10.47,11.3,10.27,11.02,1744,979,10.994
IE000R94NGM2,794909199,JHX,USD,2020-03-26,10.89,11.73,10.83,11.38,765,431,11.358
IE000R94NGM2,794909199,JHX,USD,2020-03-27,11.09,11.15,10.62,10.86,1199,529,10.962
IE000R94NGM2,794909199,JHX,USD,2020-03-30,11.41,13.08,11.35,12.42,1793,879,12.11
IE000R94NGM2,794909199,JHX,USD,2020-03-31,11.79,12.96,11.53,11.98,1625,935,12.119
IE000R94NGM2,794909199,JHX,USD,2020-04-01,12.04,12.34,11.76,11.76,617,361,11.962
IE000R94NGM2,794909199,JHX,USD,2020-04-02,11.69,12.33,11.65,12.15,749,419,11.992
IE000R94NGM2,794909199,JHX,USD,2020-04-03,11.6,11.67,11.23,11.38,1028,608,11.37
IE000R94NGM2,794909199,JHX,USD,2020-04-06,11.92,12.63,11.92,12.63,891,455,12.186
IE000R94NGM2,794909199,JHX,USD,2020-04-07,12.63,12.65,12.08,12.18,1278,665,12.371
IE000R94NGM2,794909199,JHX,USD,2020-04-08,12.2,12.32,11.96,12.18,850,449,12.133
IE000R94NGM2,794909199,JHX,USD,2020-04-09,12.53,12.92,12.53,12.9,733,408,12.857
IE000R94NGM2,794909199,JHX,USD,2020-04-13,13.0,13.0,12.52,12.64,370,239,12.621
IE000R94NGM2,794909199,JHX,USD,2020-04-14,13.04,13.42,13.0,13.36,1294,587,13.208
IE000R94NGM2,794909199,JHX,USD,2020-04-15,12.47,12.49,12.11,12.16,1034,567,12.254
IE000R94NGM2,794909199,JHX,USD,2020-04-16,12.15,12.15,11.39,11.68,742,333,11.62
IE000R94NGM2,794909199,JHX,USD,2020-04-17,12.19,12.26,11.99,12.26,475,321,12.124
IE000R94NGM2,794909199,JHX,USD,2020-04-20,11.69,11.99,11.6,11.64,537,314,11.761
IE000R94NGM2,794909199,JHX,USD,2020-04-21,11.4,11.4,10.98,11.03,1141,762,11.1
IE000R94NGM2,794909199,JHX,USD,2020-04-22,11.74,11.86,11.56,11.71,591,358,11.742
IE000R94NGM2,794909199,JHX,USD,2020-04-23,11.74,11.87,11.61,11.78,484,274,11.767
IE000R94NGM2,794909199,JHX,USD,2020-04-24,11.69,11.73,11.39,11.62,439,222,11.551
IE000R94NGM2,794909199,JHX,USD,2020-04-27,12.0,12.25,11.96,12.17,663,339,12.156
IE000R94NGM2,794909199,JHX,USD,2020-04-28,12.4,12.49,12.2,12.28,932,510,12.317
IE000R94NGM2,794909199,JHX,USD,2020-04-29,12.23,13.71,12.23,13.52,403,246,13.544
IE000R94NGM2,794909199,JHX,USD,2020-04-30,14.51,14.67,14.35,14.55,817,526,14.534
IE000R94NGM2,794909199,JHX,USD,2020-05-01,14.39,14.39,12.8,12.8,387,195,13.341
IE000R94NGM2,794909199,JHX,USD,2020-05-04,13.38,13.54,13.2,13.48,407,230,13.415
IE000R94NGM2,794909199,JHX,USD,2020-05-05,14.16,14.23,13.12,13.67,636,429,13.841
IE000R94NGM2,794909199,JHX,USD,2020-05-06,13.5,13.5,12.96,13.02,316,206,13.069
IE000R94NGM2,794909199,JHX,USD,2020-05-07,13.77,13.98,13.21,13.85,581,290,13.832
IE000R94NGM2,794909199,JHX,USD,2020-05-08,14.02,14.08,13.83,14.08,216,148,13.982
IE000R94NGM2,794909199,JHX,USD,2020-05-11,14.17,14.41,14.04,14.33,311,210,14.275
IE000R94NGM2,794909199,JHX,USD,2020-05-12,14.16,14.33,13.87,13.89,642,337,14.16
IE000R94NGM2,794909199,JHX,USD,2020-05-13,14.15,14.15,13.34,13.44,667,362,13.667
IE000R94NGM2,794909199,JHX,USD,2020-05-14,13.29,13.84,13.26,13.84,489,234,13.651
IE000R94NGM2,794909199,JHX,USD,2020-05-15,13.77,13.97,13.73,13.93,236,158,13.873
IE000R94NGM2,794909199,JHX,USD,2020-05-18,14.22,14.47,14.16,14.41,624,333,14.345
IE000R94NGM2,794909199,JHX,USD,2020-05-19,15.85,15.85,15.43,15.43,804,493,15.678
IE000R94NGM2,794909199,JHX,USD,2020-05-20,15.7,15.99,15.7,15.84,444,265,15.826
IE000R94NGM2,794909199,JHX,USD,2020-05-21,15.77,16.0,15.61,15.65,317,204,15.724
IE000R94NGM2,794909199,JHX,USD,2020-05-22,15.61,15.76,15.5,15.76,255,157,15.657
IE000R94NGM2,794909199,JHX,USD,2020-05-26,17.01,17.14,16.95,17.04,274,162,17.051
IE000R94NGM2,794909199,JHX,USD,2020-05-27,17.57,17.78,17.4,17.78,429,230,17.576
IE000R94NGM2,794909199,JHX,USD,2020-05-28,17.86,17.96,17.64,17.77,331,189,17.789
IE000R94NGM2,794909199,JHX,USD,2020-05-29,17.25,17.26,16.88,17.21,238,145,17.145
IE000R94NGM2,794909199,JHX,USD,2020-06-01,17.62,18.07,17.62,18.07,251,151,17.934
IE000R94NGM2,794909199,JHX,USD,2020-06-02,18.19,18.35,18.17,18.32,330,240,18.272
IE000R94NGM2,794909199,JHX,USD,2020-06-03,18.45,18.7,18.39,18.59,260,152,18.605
IE000R94NGM2,794909199,JHX,USD,2020-06-04,18.49,18.7,18.48,18.63,227,168,18.59
IE000R94NGM2,794909199,JHX,USD,2020-06-05,19.15,19.36,18.98,19.14,337,207,19.218
IE000R94NGM2,794909199,JHX,USD,2020-06-08,19.43,19.83,19.34,19.64,392,256,19.577
IE000R94NGM2,794909199,JHX,USD,2020-06-09,19.34,19.34,18.85,18.89,253,120,18.995
IE000R94NGM2,794909199,JHX,USD,2020-06-10,19.2,19.51,19.12,19.22,283,214,19.249
IE000R94NGM2,794909199,JHX,USD,2020-06-11,18.29,18.5,17.41,17.53,408,269,17.805
IE000R94NGM2,794909199,JHX,USD,2020-06-12,18.07,18.29,17.5,17.91,306,198,17.868
IE000R94NGM2,794909199,JHX,USD,2020-06-15,17.5,18.26,17.5,18.09,341,197,17.983
IE000R94NGM2,794909199,JHX,USD,2020-06-16,18.94,19.23,18.7,18.77,248,144,18.852
IE000R94NGM2,794909199,JHX,USD,2020-06-17,18.87,19.08,18.75,18.86,143,102,18.944
IE000R94NGM2,794909199,JHX,USD,2020-06-18,18.37,18.66,18.23,18.48,186,115,18.477
IE000R94NGM2,794909199,JHX,USD,2020-06-19,18.81,18.81,18.15,18.33,186,121,18.44
IE000R94NGM2,794909199,JHX,USD,2020-06-22,19.8,20.27,19.72,20.23,285,178,19.99
IE000R94NGM2,794909199,JHX,USD,2020-06-23,22.03,22.03,19.95,20.04,286,151,20.314
IE000R94NGM2,794909199,JHX,USD,2020-06-24,19.5,19.5,18.7,18.8,297,212,18.911
IE000R94NGM2,794909199,JHX,USD,2020-06-25,18.6,18.71,18.38,18.63,217,112,18.619
IE000R94NGM2,794909199,JHX,USD,2020-06-26,18.35,18.55,18.0,18.11,182,84,18.167
IE000R94NGM2,794909199,JHX,USD,2020-06-29,18.17,18.64,18.05,18.38,232,128,18.468
IE000R94NGM2,794909199,JHX,USD,2020-06-30,18.79,19.33,18.79,19.24,187,128,19.193
IE000R94NGM2,794909199,JHX,USD,2020-07-01,19.26,19.48,19.2,19.31,82,51,19.286
IE000R94NGM2,794909199,JHX,USD,2020-07-02,19.58,19.91,19.46,19.54,99,71,19.576
IE000R94NGM2,794909199,JHX,USD,2020-07-06,19.54,19.65,19.16,19.25,136,89,19.313
IE000R94NGM2,794909199,JHX,USD,2020-07-07,19.42,19.58,19.36,19.39,140,98,19.439
IE000R94NGM2,794909199,JHX,USD,2020-07-08,18.74,19.09,18.74,18.92,154,91,18.903
IE000R94NGM2,794909199,JHX,USD,2020-07-09,18.92,18.92,18.4,18.56,152,93,18.597
IE000R94NGM2,794909199,JHX,USD,2020-07-10,18.6,18.85,18.54,18.74,112,74,18.75
IE000R94NGM2,794909199,JHX,USD,2020-07-13,18.8,18.88,18.36,18.42,132,92,18.66
IE000R94NGM2,794909199,JHX,USD,2020-07-14,18.62,18.99,18.61,18.89,114,67,18.783
IE000R94NGM2,794909199,JHX,USD,2020-07-15,19.76,19.98,19.7,19.71,75,46,19.781
IE000R94NGM2,794909199,JHX,USD,2020-07-16,19.71,19.71,19.53,19.53,47,32,19.591
IE000R94NGM2,794909199,JHX,USD,2020-07-17,19.92,20.18,19.85,20.15,94,57,19.998
IE000R94NGM2,794909199,JHX,USD,2020-07-20,19.96,20.11,19.76,19.81,170,115,19.964
IE000R94NGM2,794909199,JHX,USD,2020-07-21,20.4,20.6,20.36,20.53,139,72,20.48
IE000R94NGM2,794909199,JHX,USD,2020-07-22,20.48,20.68,20.38,20.47,79,52,20.53
IE000R94NGM2,794909199,JHX,USD,2020-07-23,20.62,20.74,20.29,20.37,145,101,20.49
IE000R94NGM2,794909199,JHX,USD,2020-07-24,20.21,20.34,20.09,20.16,132,81,20.262
IE000R94NGM2,794909199,JHX,USD,2020-07-27,20.78,21.05,20.72,21.01,124,76,20.9
IE000R94NGM2,794909199,JHX,USD,2020-07-28,21.14,21.17,21.0,21.0,85,57,21.095
IE000R94NGM2,794909199,JHX,USD,2020-07-29,20.81,21.01,20.73,20.75,141,74,20.824
IE000R94NGM2,794909199,JHX,USD,2020-07-30,20.74,21.0,20.55,20.99,143,94,20.725
IE000R94NGM2,794909199,JHX,USD,2020-07-31,21.1,21.1,20.51,20.79,108,70,20.781
IE000R94NGM2,794909199,JHX,USD,2020-08-03,20.9,21.31,20.86,21.17,165,144,21.139
IE000R94NGM2,794909199,JHX,USD,2020-08-04,21.19,21.35,21.14,21.21,88,59,21.239
IE000R94NGM2,794909199,JHX,USD,2020-08-05,21.71,22.0,21.71,21.74,173,107,21.879
IE000R94NGM2,794909199,JHX,USD,2020-08-06,21.89,21.97,21.76,21.94,80,55,21.882
IE000R94NGM2,794909199,JHX,USD,2020-08-07,21.79,22.1,21.79,22.08,186,101,21.938
IE000R94NGM2,794909199,JHX,USD,2020-08-10,21.87,22.08,21.66,21.7,125,88,21.82
IE000R94NGM2,794909199,JHX,USD,2020-08-11,23.18,23.7,22.88,22.88,187,115,23.208
IE000R94NGM2,794909199,JHX,USD,2020-08-12,22.5,22.78,22.5,22.78,211,89,22.605
IE000R94NGM2,794909199,JHX,USD,2020-08-13,22.53,22.77,22.17,22.17,109,67,22.405
IE000R94NGM2,794909199,JHX,USD,2020-08-14,22.25,22.25,21.56,21.69,178,85,21.666
IE000R94NGM2,794909199,JHX,USD,2020-08-17,22.21,22.49,22.01,22.36,88,58,22.305
IE000R94NGM2,794909199,JHX,USD,2020-08-18,22.65,22.78,22.42,22.7,159,82,22.632
IE000R94NGM2,794909199,JHX,USD,2020-08-19,22.66,22.8,22.49,22.5,159,99,22.692
IE000R94NGM2,794909199,JHX,USD,2020-08-20,22.74,22.98,22.64,22.9,54,33,22.837
IE000R94NGM2,794909199,JHX,USD,2020-08-21,22.57,22.67,22.38,22.67,69,51,22.549
IE000R94NGM2,794909199,JHX,USD,2020-08-24,23.18,23.32,22.95,23.07,84,41,23.125
IE000R94NGM2,794909199,JHX,USD,2020-08-25,23.0,23.0,22.68,22.91,79,48,22.841
IE000R94NGM2,794909199,JHX,USD,2020-08-26,23.01,23.16,22.85,23.0,106,54,23.045
IE000R94NGM2,794909199,JHX,USD,2020-08-27,23.34,23.4,23.16,23.36,115,55,23.297
IE000R94NGM2,794909199,JHX,USD,2020-08-28,22.87,23.18,22.7,23.0,68,53,22.877
IE000R94NGM2,794909199,JHX,USD,2020-08-31,23.4,23.4,22.45,22.45,84,49,22.694
IE000R94NGM2,794909199,JHX,USD,2020-09-01,22.26,22.45,22.16,22.17,112,71,22.32
IE000R94NGM2,794909199,JHX,USD,2020-09-02,22.45,23.35,22.44,23.35,182,80,22.909
IE000R94NGM2,794909199,JHX,USD,2020-09-03,22.9,23.23,22.12,22.41,185,114,22.4
IE000R94NGM2,794909199,JHX,USD,2020-09-04,22.12,22.48,21.58,22.08,108,67,21.916
IE000R94NGM2,794909199,JHX,USD,2020-09-08,21.69,22.3,21.44,21.56,86,58,21.609
IE000R94NGM2,794909199,JHX,USD,2020-09-09,22.11,22.33,21.96,22.11,152,111,22.164
IE000R94NGM2,794909199,JHX,USD,2020-09-10,22.29,22.43,21.77,21.91,133,110,21.95
IE000R94NGM2,794909199,JHX,USD,2020-09-11,22.21,22.36,22.09,22.35,70,49,22.222
IE000R94NGM2,794909199,JHX,USD,2020-09-14,22.42,22.65,22.38,22.52,143,90,22.543
IE000R94NGM2,794909199,JHX,USD,2020-09-15,22.5,22.83,22.4,22.52,78,44,22.614
IE000R94NGM2,794909199,JHX,USD,2020-09-16,22.83,22.97,22.65,22.65,66,37,22.775
IE000R94NGM2,794909199,JHX,USD,2020-09-17,22.34,22.65,22.34,22.41,75,61,22.533
IE000R94NGM2,794909199,JHX,USD,2020-09-18,22.44,22.46,22.02,22.02,93,62,22.252
IE000R94NGM2,794909199,JHX,USD,2020-09-21,21.88,21.88,21.51,21.81,200,137,21.649
IE000R94NGM2,794909199,JHX,USD,2020-09-22,22.15,22.31,21.86,22.13,82,51,22.095
IE000R94NGM2,794909199,JHX,USD,2020-09-23,22.2,22.75,22.2,22.2,153,84,22.534
IE000R94NGM2,794909199,JHX,USD,2020-09-24,22.17,22.67,22.01,22.18,81,57,22.266
IE000R94NGM2,794909199,JHX,USD,2020-09-25,22.27,22.69,22.27,22.57,115,76,22.475
IE000R94NGM2,794909199,JHX,USD,2020-09-28,23.0,23.54,23.0,23.52,143,98,23.405
IE000R94NGM2,794909199,JHX,USD,2020-09-29,23.58,23.64,23.36,23.42,78,62,23.478
IE000R94NGM2,794909199,JHX,USD,2020-09-30,23.79,24.04,23.78,23.81,79,43,23.935
IE000R94NGM2,794909199,JHX,USD,2020-10-01,24.45,24.57,24.3,24.47,96,67,24.455
IE000R94NGM2,794909199,JHX,USD,2020-10-02,24.01,24.62,23.98,24.62,181,112,24.421
IE000R94NGM2,794909199,JHX,USD,2020-10-05,24.72,24.84,24.62,24.68,91,78,24.719
IE000R94NGM2,794909199,JHX,USD,2020-10-06,24.6,24.6,24.02,24.02,184,113,24.343
IE000R94NGM2,794909199,JHX,USD,2020-10-07,24.41,25.0,24.41,24.72,103,52,24.726
IE000R94NGM2,794909199,JHX,USD,2020-10-08,25.05,25.4,25.05,25.4,68,36,25.247
IE000R94NGM2,794909199,JHX,USD,2020-10-09,25.5,25.88,25.5,25.72,78,50,25.725
IE000R94NGM2,794909199,JHX,USD,2020-10-12,26.1,26.1,25.56,25.7,135,70,25.834
IE000R94NGM2,794909199,JHX,USD,2020-10-13,25.41,25.95,25.05,25.45,387,224,25.426
IE000R94NGM2,794909199,JHX,USD,2020-10-14,25.89,26.05,25.59,25.6,146,105,25.708
IE000R94NGM2,794909199,JHX,USD,2020-10-15,26.01,26.37,25.97,26.25,149,103,26.215
IE000R94NGM2,794909199,JHX,USD,2020-10-16,25.86,25.97,25.65,25.73,101,60,25.817
IE000R94NGM2,794909199,JHX,USD,2020-10-19,25.69,25.74,25.31,25.31,100,50,25.56
IE000R94NGM2,794909199,JHX,USD,2020-10-20,25.47,25.54,25.21,25.22,304,141,25.374
IE000R94NGM2,794909199,JHX,USD,2020-10-21,25.47,25.77,25.47,25.68,118,60,25.632
IE000R94NGM2,794909199,JHX,USD,2020-10-22,25.9,26.14,25.74,26.02,72,39,25.987
IE000R94NGM2,794909199,JHX,USD,2020-10-23,25.77,25.81,25.51,25.78,88,49,25.689
IE000R94NGM2,794909199,JHX,USD,2020-10-26,25.32,25.38,24.96,25.11,152,85,25.139
IE000R94NGM2,794909199,JHX,USD,2020-10-27,25.13,25.37,24.76,25.04,137,101,25.006
IE000R94NGM2,794909199,JHX,USD,2020-10-28,24.57,24.57,23.8,23.87,242,182,24.073
IE000R94NGM2,794909199,JHX,USD,2020-10-29,24.37,24.75,24.22,24.45,340,119,24.504
IE000R94NGM2,794909199,JHX,USD,2020-10-30,24.48,24.48,24.07,24.38,180,114,24.189
IE000R94NGM2,794909199,JHX,USD,2020-11-02,24.78,25.02,24.65,24.87,134,83,24.83
IE000R94NGM2,794909199,JHX,USD,2020-11-03,25.58,26.17,25.35,26.0,110,67,25.879
IE000R94NGM2,794909199,JHX,USD,2020-11-04,26.28,26.98,26.21,26.65,163,103,26.599
IE000R94NGM2,794909199,JHX,USD,2020-11-05,26.98,27.26,26.96,27.13,146,89,27.107
IE000R94NGM2,794909199,JHX,USD,2020-11-06,27.02,27.12,26.83,26.93,108,77,26.964
IE000R94NGM2,794909199,JHX,USD,2020-11-09,28.62,28.83,28.28,28.53,246,155,28.516
IE000R94NGM2,794909199,JHX,USD,2020-11-10,26.91,26.95,25.3,25.95,338,230,26.037
IE000R94NGM2,794909199,JHX,USD,2020-11-11,27.0,27.47,27.0,27.32,158,82,27.289
IE000R94NGM2,794909199,JHX,USD,2020-11-12,27.35,27.48,27.06,27.3,114,99,27.272
IE000R94NGM2,794909199,JHX,USD,2020-11-13,27.75,28.13,27.68,28.13,108,61,27.928
IE000R94NGM2,794909199,JHX,USD,2020-11-16,28.55,28.65,28.13,28.5,105,38,28.439
IE000R94NGM2,794909199,JHX,USD,2020-11-17,28.65,29.02,28.46,28.76,194,137,28.8
IE000R94NGM2,794909199,JHX,USD,2020-11-18,29.15,29.29,28.8,28.8,137,91,29.113
IE000R94NGM2,794909199,JHX,USD,2020-11-19,29.17,29.53,29.01,29.35,158,100,29.282
IE000R94NGM2,794909199,JHX,USD,2020-11-20,28.6,28.68,28.2,28.6,151,69,28.528
IE000R94NGM2,794909199,JHX,USD,2020-11-23,28.86,29.0,28.68,28.72,245,107,28.795
IE000R94NGM2,794909199,JHX,USD,2020-11-24,29.21,29.53,29.08,29.53,84,53,29.374
IE000R94NGM2,794909199,JHX,USD,2020-11-25,29.21,29.32,28.96,29.24,137,71,29.211
IE000R94NGM2,794909199,JHX,USD,2020-11-27,29.11,29.49,29.0,29.28,154,112,29.297
IE000R94NGM2,794909199,JHX,USD,2020-11-30,29.47,30.0,29.13,29.46,1157,536,29.493
IE000R94NGM2,794909199,JHX,USD,2020-12-01,28.83,28.88,28.55,28.62,437,213,28.691
IE000R94NGM2,794909199,JHX,USD,2020-12-02,28.61,28.61,28.19,28.5,293,157,28.408
IE000R94NGM2,794909199,JHX,USD,2020-12-03,28.03,28.09,27.79,27.96,314,175,27.956
IE000R94NGM2,794909199,JHX,USD,2020-12-04,28.02,28.29,28.02,28.29,259,104,28.241
IE000R94NGM2,794909199,JHX,USD,2020-12-07,28.18,28.21,27.96,28.01,113,88,28.064
IE000R94NGM2,794909199,JHX,USD,2020-12-08,27.87,27.88,27.63,27.76,165,80,27.791
IE000R94NGM2,794909199,JHX,USD,2020-12-09,27.71,27.71,27.23,27.34,144,89,27.448
IE000R94NGM2,794909199,JHX,USD,2020-12-10,27.46,27.65,27.31,27.51,75,44,27.525
IE000R94NGM2,794909199,JHX,USD,2020-12-11,27.63,27.94,27.5,27.94,132,80,27.7
IE000R94NGM2,794909199,JHX,USD,2020-12-14,28.37,28.37,28.01,28.11,127,65,28.15
IE000R94NGM2,794909199,JHX,USD,2020-12-15,28.36,28.72,28.36,28.56,174,98,28.564
IE000R94NGM2,794909199,JHX,USD,2020-12-16,29.1,29.3,29.03,29.2,154,91,29.166
IE000R94NGM2,794909199,JHX,USD,2020-12-17,29.64,29.91,29.64,29.7,237,131,29.789
IE000R94NGM2,794909199,JHX,USD,2020-12-18,29.0,29.06,28.68,29.02,610,259,28.933
IE000R94NGM2,794909199,JHX,USD,2020-12-21,28.22,28.94,28.22,28.76,198,113,28.685
IE000R94NGM2,794909199,JHX,USD,2020-12-22,28.75,28.75,28.45,28.59,108,83,28.577
IE000R94NGM2,794909199,JHX,USD,2020-12-23,29.19,29.45,29.19,29.31,103,53,29.322
IE000R94NGM2,794909199,JHX,USD,2020-12-24,29.27,29.31,29.16,29.31,77,35,29.253
IE000R94NGM2,794909199,JHX,USD,2020-12-28,29.58,29.58,29.25,29.27,128,66,29.354
IE000R94NGM2,794909199,JHX,USD,2020-12-29,29.52,29.52,29.2,29.41,90,63,29.341
IE000R94NGM2,794909199,JHX,USD,2020-12-30,29.49,29.89,29.49,29.61,86,53,29.787
IE000R94NGM2,794909199,JHX,USD,2020-12-31,29.64,29.66,29.39,29.66,268,87,29.545
IE000R94NGM2,794909199,JHX,USD,2021-01-04,29.87,30.0,29.34,29.68,123,57,29.678
IE000R94NGM2,794909199,JHX,USD,2021-01-05,29.45,29.75,29.35,29.67,64,42,29.564
IE000R94NGM2,794909199,JHX,USD,2021-01-06,28.92,29.49,28.78,29.29,209,152,29.08
IE000R94NGM2,794909199,JHX,USD,2021-01-07,28.52,28.61,28.29,28.35,409,323,28.459
IE000R94NGM2,794909199,JHX,USD,2021-01-08,28.59,28.62,28.25,28.62,110,72,28.52
IE000R94NGM2,794909199,JHX,USD,2021-01-11,28.7,28.7,27.8,28.02,151,91,27.997
IE000R94NGM2,794909199,JHX,USD,2021-01-12,27.98,28.35,27.86,28.31,180,108,28.167
IE000R94NGM2,794909199,JHX,USD,2021-01-13,28.49,28.58,28.38,28.54,141,76,28.519
IE000R94NGM2,794909199,JHX,USD,2021-01-14,28.72,29.03,28.5,28.98,225,128,28.848
IE000R94NGM2,794909199,JHX,USD,2021-01-15,28.54,28.62,28.2,28.37,271,135,28.363
IE000R94NGM2,794909199,JHX,USD,2021-01-19,29.0,29.2,28.95,29.09,149,89,29.087
IE000R94NGM2,794909199,JHX,USD,2021-01-20,29.48,29.8,29.4,29.8,223,162,29.679
IE000R94NGM2,794909199,JHX,USD,2021-01-21,29.84,29.84,29.2,29.22,174,93,29.322
IE000R94NGM2,794909199,JHX,USD,2021-01-22,29.32,29.32,29.12,29.28,73,28,29.266
IE000R94NGM2,794909199,JHX,USD,2021-01-25,29.3,29.44,28.77,29.29,191,112,29.183
IE000R94NGM2,794909199,JHX,USD,2021-01-26,29.43,29.53,29.27,29.44,92,43,29.398
IE000R94NGM2,794909199,JHX,USD,2021-01-27,29.18,29.4,28.84,29.13,163,102,29.139
IE000R94NGM2,794909199,JHX,USD,2021-01-28,28.41,28.74,28.34,28.5,297,166,28.549
IE000R94NGM2,794909199,JHX,USD,2021-01-29,28.15,28.44,27.75,27.91,345,182,27.993
IE000R94NGM2,794909199,JHX,USD,2021-02-01,28.1,28.27,27.89,28.19,150,91,28.08
IE000R94NGM2,794909199,JHX,USD,2021-02-02,28.19,28.88,28.19,28.82,104,59,28.772
IE000R94NGM2,794909199,JHX,USD,2021-02-03,29.16,29.34,29.13,29.33,92,58,29.268
IE000R94NGM2,794909199,JHX,USD,2021-02-04,29.47,29.8,29.38,29.67,131,96,29.659
IE000R94NGM2,794909199,JHX,USD,2021-02-05,30.0,31.87,29.82,30.47,350,263,30.697
IE000R94NGM2,794909199,JHX,USD,2021-02-08,31.4,31.71,31.35,31.36,208,130,31.468
IE000R94NGM2,794909199,JHX,USD,2021-02-09,31.85,32.24,31.03,32.0,411,226,31.827
IE000R94NGM2,794909199,JHX,USD,2021-02-10,32.5,32.5,31.58,31.74,113,76,31.824
IE000R94NGM2,794909199,JHX,USD,2021-02-11,31.7,31.85,31.55,31.81,249,158,31.718
IE000R94NGM2,794909199,JHX,USD,2021-02-12,31.52,32.08,31.52,32.08,118,74,31.859
IE000R94NGM2,794909199,JHX,USD,2021-02-16,32.15,32.38,31.97,32.06,245,160,32.122
IE000R94NGM2,794909199,JHX,USD,2021-02-17,31.7,32.49,31.65,31.92,277,177,31.977
IE000R94NGM2,794909199,JHX,USD,2021-02-18,30.83,30.94,30.58,30.76,174,139,30.773
IE000R94NGM2,794909199,JHX,USD,2021-02-19,31.16,31.28,30.64,30.93,136,95,30.91
IE000R94NGM2,794909199,JHX,USD,2021-02-22,30.97,30.97,30.29,30.42,424,330,30.531
IE000R94NGM2,794909199,JHX,USD,2021-02-23,30.67,31.11,30.31,31.01,174,122,30.828
IE000R94NGM2,794909199,JHX,USD,2021-02-24,30.29,30.87,30.16,30.87,196,140,30.532
IE000R94NGM2,794909199,JHX,USD,2021-02-25,30.25,30.25,29.38,29.55,216,116,29.779
IE000R94NGM2,794909199,JHX,USD,2021-02-26,28.91,28.96,28.35,28.36,265,212,28.56
IE000R94NGM2,794909199,JHX,USD,2021-03-01,29.21,29.68,29.13,29.62,209,138,29.46
IE000R94NGM2,794909199,JHX,USD,2021-03-02,30.02,30.36,29.72,30.24,349,211,30.138
IE000R94NGM2,794909199,JHX,USD,2021-03-03,29.96,30.19,29.54,29.7,232,173,29.8
IE000R94NGM2,794909199,JHX,USD,2021-03-04,29.91,29.95,28.89,29.28,303,241,29.468
IE000R94NGM2,794909199,JHX,USD,2021-03-05,28.93,29.0,28.24,28.97,314,268,28.706
IE000R94NGM2,794909199,JHX,USD,2021-03-08,28.85,28.9,28.42,28.47,249,137,28.625
IE000R94NGM2,794909199,JHX,USD,2021-03-09,29.1,29.1,28.44,28.65,299,225,28.595
IE000R94NGM2,794909199,JHX,USD,2021-03-10,28.88,28.94,28.7,28.91,126,76,28.86
IE000R94NGM2,794909199,JHX,USD,2021-03-11,29.38,29.68,29.21,29.68,125,70,29.504
IE000R94NGM2,794909199,JHX,USD,2021-03-12,29.77,30.49,29.77,30.39,476,399,30.241
IE000R94NGM2,794909199,JHX,USD,2021-03-15,29.96,29.96,29.23,29.78,221,165,29.569
IE000R94NGM2,794909199,JHX,USD,2021-03-16,30.07,30.17,29.83,29.93,177,114,29.997
IE000R94NGM2,794909199,JHX,USD,2021-03-17,30.07,30.21,29.75,30.14,147,86,29.973
IE000R94NGM2,794909199,JHX,USD,2021-03-18,29.9,29.98,29.6,29.64,113,63,29.739
IE000R94NGM2,794909199,JHX,USD,2021-03-19,29.42,29.42,28.71,28.99,133,75,28.999
IE000R94NGM2,794909199,JHX,USD,2021-03-22,29.22,29.51,29.08,29.1,137,80,29.187
IE000R94NGM2,794909199,JHX,USD,2021-03-23,29.1,29.3,28.82,28.88,209,129,29.065
IE000R94NGM2,794909199,JHX,USD,2021-03-24,29.33,29.45,29.11,29.31,160,76,29.318
IE000R94NGM2,794909199,JHX,USD,2021-03-25,29.42,29.7,29.27,29.66,170,103,29.552
IE000R94NGM2,794909199,JHX,USD,2021-03-26,29.97,30.28,29.9,30.28,264,120,30.079
IE000R94NGM2,794909199,JHX,USD,2021-03-29,29.84,30.31,29.74,30.25,473,270,30.131
IE000R94NGM2,794909199,JHX,USD,2021-03-30,30.22,30.28,30.01,30.28,254,151,30.203
IE000R94NGM2,794909199,JHX,USD,2021-03-31,30.55,30.62,30.45,30.58,164,78,30.564
IE000R94NGM2,794909199,JHX,USD,2021-04-01,31.41,31.89,31.35,31.88,197,106,31.688
IE000R94NGM2,794909199,JHX,USD,2021-04-05,32.55,32.55,32.1,32.46,312,196,32.349
IE000R94NGM2,794909199,JHX,USD,2021-04-06,32.08,32.75,31.87,32.75,296,176,32.069
IE000R94NGM2,794909199,JHX,USD,2021-04-07,32.01,32.4,31.79,32.08,172,109,31.995
IE000R94NGM2,794909199,JHX,USD,2021-04-08,32.0,32.23,31.86,32.23,109,58,32.092
IE000R94NGM2,794909199,JHX,USD,2021-04-09,32.7,32.97,32.33,32.84,373,309,32.593
IE000R94NGM2,794909199,JHX,USD,2021-04-12,32.5,32.5,31.74,31.97,200,124,31.906
IE000R94NGM2,794909199,JHX,USD,2021-04-13,31.74,32.04,31.51,32.03,135,92,31.884
IE000R94NGM2,794909199,JHX,USD,2021-04-14,32.3,32.74,32.3,32.55,126,64,32.535
IE000R94NGM2,794909199,JHX,USD,2021-04-15,33.47,33.83,33.39,33.73,223,148,33.636
IE000R94NGM2,794909199,JHX,USD,2021-04-16,33.56,33.56,33.14,33.42,137,61,33.353
IE000R94NGM2,794909199,JHX,USD,2021-04-19,33.42,33.84,33.42,33.59,179,113,33.573
IE000R94NGM2,794909199,JHX,USD,2021-04-20,33.6,33.6,32.83,32.93,101,48,32.984
IE000R94NGM2,794909199,JHX,USD,2021-04-21,33.75,33.86,33.49,33.86,220,148,33.747
IE000R94NGM2,794909199,JHX,USD,2021-04-22,34.05,34.11,33.8,33.92,220,144,33.915
IE000R94NGM2,794909199,JHX,USD,2021-04-23,34.35,34.69,34.11,34.63,155,98,34.5
IE000R94NGM2,794909199,JHX,USD,2021-04-26,34.5,34.51,34.29,34.45,111,74,34.41
IE000R94NGM2,794909199,JHX,USD,2021-04-27,34.25,34.32,34.06,34.2,134,82,34.196
IE000R94NGM2,794909199,JHX,USD,2021-04-28,34.41,34.55,34.24,34.39,122,56,34.389
IE000R94NGM2,794909199,JHX,USD,2021-04-29,34.79,34.79,33.75,34.01,126,70,34.058
IE000R94NGM2,794909199,JHX,USD,2021-04-30,33.57,33.61,33.07,33.23,200,121,33.215
IE000R94NGM2,794909199,JHX,USD,2021-05-03,33.0,33.0,32.5,32.64,359,236,32.615
IE000R94NGM2,794909199,JHX,USD,2021-05-04,32.64,33.31,32.6,33.31,712,380,33.021
IE000R94NGM2,794909199,JHX,USD,2021-05-05,33.84,34.22,33.62,33.97,244,177,33.945
IE000R94NGM2,794909199,JHX,USD,2021-05-06,44.6,44.6,33.51,33.94,234,169,33.856
IE000R94NGM2,794909199,JHX,USD,2021-05-07,35.0,35.0,34.0,34.25,122,89,34.251
IE000R94NGM2,794909199,JHX,USD,2021-05-10,34.49,34.76,34.29,34.42,641,290,34.44
IE000R94NGM2,794909199,JHX,USD,2021-05-11,34.21,34.21,33.36,33.86,445,265,33.798
IE000R94NGM2,794909199,JHX,USD,2021-05-12,33.48,33.48,32.67,32.74,183,106,33.064
IE000R94NGM2,794909199,JHX,USD,2021-05-13,32.35,32.77,32.27,32.56,131,93,32.49
IE000R94NGM2,794909199,JHX,USD,2021-05-14,32.75,33.03,32.61,32.89,201,142,32.876
IE000R94NGM2,794909199,JHX,USD,2021-05-17,32.71,33.02,32.66,32.9,254,126,32.847
IE000R94NGM2,794909199,JHX,USD,2021-05-18,32.49,33.2,31.78,32.0,389,188,32.187
IE000R94NGM2,794909199,JHX,USD,2021-05-19,31.38,31.71,31.04,31.55,135,85,31.402
IE000R94NGM2,794909199,JHX,USD,2021-05-20,31.5,32.33,31.5,32.29,96,57,32.074
IE000R94NGM2,794909199,JHX,USD,2021-05-21,31.98,32.24,31.71,31.85,126,82,31.927
IE000R94NGM2,794909199,JHX,USD,2021-05-24,32.27,32.48,32.1,32.4,105,61,32.332
IE000R94NGM2,794909199,JHX,USD,2021-05-25,32.4,32.55,31.95,32.12,134,85,32.148
IE000R94NGM2,794909199,JHX,USD,2021-05-26,33.0,33.12,32.66,33.0,139,66,32.923
IE000R94NGM2,794909199,JHX,USD,2021-05-27,32.98,33.17,32.78,33.11,106,63,33.012
IE000R94NGM2,794909199,JHX,USD,2021-05-28,32.9,33.14,32.27,32.27,103,53,32.807
IE000R94NGM2,794909199,JHX,USD,2021-06-01,33.71,34.8,33.67,34.52,500,341,34.455
IE000R94NGM2,794909199,JHX,USD,2021-06-02,34.72,34.72,34.03,34.24,219,94,34.216
IE000R94NGM2,794909199,JHX,USD,2021-06-03,33.59,33.78,33.06,33.22,247,160,33.275
IE000R94NGM2,794909199,JHX,USD,2021-06-04,33.46,33.46,33.18,33.38,114,49,33.315
IE000R94NGM2,794909199,JHX,USD,2021-06-07,33.55,33.66,33.27,33.54,93,53,33.506
IE000R94NGM2,794909199,JHX,USD,2021-06-08,33.82,33.93,33.64,33.72,196,98,33.779
IE000R94NGM2,794909199,JHX,USD,2021-06-09,33.87,33.87,33.53,33.57,62,42,33.612
IE000R94NGM2,794909199,JHX,USD,2021-06-10,34.3,34.55,34.27,34.48,118,78,34.419
IE000R94NGM2,794909199,JHX,USD,2021-06-11,34.48,34.63,34.4,34.63,89,45,34.496
IE000R94NGM2,794909199,JHX,USD,2021-06-14,34.77,34.77,34.43,34.5,120,41,34.546
IE000R94NGM2,794909199,JHX,USD,2021-06-15,34.86,34.99,34.72,34.99,199,106,34.835
IE000R94NGM2,794909199,JHX,USD,2021-06-16,35.18,35.42,34.85,34.89,119,56,35.046
IE000R94NGM2,794909199,JHX,USD,2021-06-17,34.83,34.83,34.06,34.33,74,35,34.387
IE000R94NGM2,794909199,JHX,USD,2021-06-18,34.19,34.64,34.19,34.46,154,95,34.424
IE000R94NGM2,794909199,JHX,USD,2021-06-21,34.67,34.98,34.6,34.92,140,74,34.857
IE000R94NGM2,794909199,JHX,USD,2021-06-22,34.96,35.37,34.81,35.3,145,95,35.149
IE000R94NGM2,794909199,JHX,USD,2021-06-23,35.14,35.29,35.01,35.14,138,79,35.091
IE000R94NGM2,794909199,JHX,USD,2021-06-24,35.1,36.0,34.9,36.0,470,342,35.255
IE000R94NGM2,794909199,JHX,USD,2021-06-25,35.23,35.67,35.0,35.0,398,285,35.262
IE000R94NGM2,794909199,JHX,USD,2021-06-28,34.9,35.02,34.59,34.8,195,116,34.786
IE000R94NGM2,794909199,JHX,USD,2021-06-29,34.48,34.79,34.35,34.35,202,120,34.428
IE000R94NGM2,794909199,JHX,USD,2021-06-30,34.37,34.46,34.0,34.19,243,142,34.153
IE000R94NGM2,794909199,JHX,USD,2021-07-01,33.68,33.68,33.26,33.59,299,174,33.464
IE000R94NGM2,794909199,JHX,USD,2021-07-02,33.58,33.61,33.4,33.61,213,126,33.518
IE000R94NGM2,794909199,JHX,USD,2021-07-06,33.35,33.35,32.82,33.03,156,108,33.053
IE000R94NGM2,794909199,JHX,USD,2021-07-07,33.65,34.13,33.65,34.13,303,152,33.996
IE000R94NGM2,794909199,JHX,USD,2021-07-08,32.95,34.75,32.84,34.75,188,105,33.077
IE000R94NGM2,794909199,JHX,USD,2021-07-09,34.89,35.5,33.79,34.24,1529,866,34.457
IE000R94NGM2,794909199,JHX,USD,2021-07-12,34.5,35.0,33.58,33.82,638,414,33.967
IE000R94NGM2,794909199,JHX,USD,2021-07-13,34.61,35.48,33.3,33.63,587,370,33.973
IE000R94NGM2,794909199,JHX,USD,2021-07-14,34.39,34.39,34.05,34.18,190,123,34.191
IE000R94NGM2,794909199,JHX,USD,2021-07-15,34.12,34.12,33.75,34.08,210,117,33.937
IE000R94NGM2,794909199,JHX,USD,2021-07-16,34.22,34.64,33.86,33.99,303,200,34.125
IE000R94NGM2,794909199,JHX,USD,2021-07-19,33.89,33.95,32.89,33.95,405,272,33.171
IE000R94NGM2,794909199,JHX,USD,2021-07-20,33.4,34.02,33.28,33.83,255,180,33.714
IE000R94NGM2,794909199,JHX,USD,2021-07-21,34.23,34.49,33.96,34.48,179,110,34.354
IE000R94NGM2,794909199,JHX,USD,2021-07-22,34.66,34.66,34.28,34.38,250,165,34.374
IE000R94NGM2,794909199,JHX,USD,2021-07-23,34.58,34.58,34.36,34.51,114,66,34.478
IE000R94NGM2,794909199,JHX,USD,2021-07-26,34.14,34.4,34.1,34.4,183,81,34.258
IE000R94NGM2,794909199,JHX,USD,2021-07-27,34.0,34.0,33.5,33.76,193,114,33.721
IE000R94NGM2,794909199,JHX,USD,2021-07-28,33.75,33.98,33.62,33.98,100,57,33.842
IE000R94NGM2,794909199,JHX,USD,2021-07-29,34.3,34.45,34.22,34.31,92,42,34.321
IE000R94NGM2,794909199,JHX,USD,2021-07-30,33.8,33.89,33.53,33.76,130,55,33.703
IE000R94NGM2,794909199,JHX,USD,2021-08-02,34.48,34.48,33.71,34.06,207,70,34.007
IE000R94NGM2,794909199,JHX,USD,2021-08-03,33.81,34.17,33.59,34.04,230,132,33.891
IE000R94NGM2,794909199,JHX,USD,2021-08-04,34.15,34.25,33.88,33.88,131,70,34.006
IE000R94NGM2,794909199,JHX,USD,2021-08-05,34.93,35.18,34.8,34.96,254,156,34.979
IE000R94NGM2,794909199,JHX,USD,2021-08-06,35.41,35.67,35.2,35.25,409,143,35.305
IE000R94NGM2,794909199,JHX,USD,2021-08-09,35.26,35.29,35.04,35.21,138,82,35.18
IE000R94NGM2,794909199,JHX,USD,2021-08-10,36.0,36.99,36.0,36.81,508,316,36.671
IE000R94NGM2,794909199,JHX,USD,2021-08-11,37.27,38.52,37.07,37.5,685,486,37.46
IE000R94NGM2,794909199,JHX,USD,2021-08-12,37.36,37.37,37.07,37.33,156,78,37.246
IE000R94NGM2,794909199,JHX,USD,2021-08-13,37.3,37.99,37.3,37.99,214,114,37.809
IE000R94NGM2,794909199,JHX,USD,2021-08-16,37.74,37.81,37.3,37.76,125,68,37.604
IE000R94NGM2,794909199,JHX,USD,2021-08-17,37.3,37.41,36.69,37.04,225,139,37.0
IE000R94NGM2,794909199,JHX,USD,2021-08-18,37.0,37.6,36.88,37.22,115,63,37.308
IE000R94NGM2,794909199,JHX,USD,2021-08-19,37.4,38.37,37.4,38.19,561,313,38.008
IE000R94NGM2,794909199,JHX,USD,2021-08-20,38.18,38.5,37.78,38.47,260,147,38.218
IE000R94NGM2,794909199,JHX,USD,2021-08-23,38.62,38.89,38.51,38.82,112,78,38.724
IE000R94NGM2,794909199,JHX,USD,2021-08-24,39.26,39.57,38.94,39.53,361,266,39.337
IE000R94NGM2,794909199,JHX,USD,2021-08-25,39.59,39.59,39.05,39.4,301,208,39.262
IE000R94NGM2,794909199,JHX,USD,2021-08-26,38.54,38.76,38.34,38.46,217,119,38.452
IE000R94NGM2,794909199,JHX,USD,2021-08-27,38.16,38.59,38.06,38.58,147,92,38.32
IE000R94NGM2,794909199,JHX,USD,2021-08-30,38.25,38.62,38.19,38.59,180,79,38.439
IE000R94NGM2,794909199,JHX,USD,2021-08-31,38.6,38.79,38.47,38.57,155,81,38.594
IE000R94NGM2,794909199,JHX,USD,2021-09-01,38.79,39.08,38.63,38.99,127,59,38.872
IE000R94NGM2,794909199,JHX,USD,2021-09-02,39.23,39.69,39.18,39.63,181,111,39.516
IE000R94NGM2,794909199,JHX,USD,2021-09-03,39.99,40.64,39.99,40.5,215,127,40.406
IE000R94NGM2,794909199,JHX,USD,2021-09-07,40.75,41.04,40.23,40.46,334,176,40.545
IE000R94NGM2,794909199,JHX,USD,2021-09-08,40.11,40.11,39.1,39.43,472,333,39.475
IE000R94NGM2,794909199,JHX,USD,2021-09-09,39.22,39.79,38.58,39.08,815,498,39.031
IE000R94NGM2,794909199,JHX,USD,2021-09-10,39.84,39.84,39.23,39.52,518,410,39.601
IE000R94NGM2,794909199,JHX,USD,2021-09-13,40.23,40.23,39.62,39.96,292,195,39.973
IE000R94NGM2,794909199,JHX,USD,2021-09-14,40.56,40.56,39.4,39.52,562,314,39.712
IE000R94NGM2,794909199,JHX,USD,2021-09-15,39.71,40.06,39.55,40.03,260,188,39.867
IE000R94NGM2,794909199,JHX,USD,2021-09-16,40.01,40.33,39.94,40.26,245,171,40.146
IE000R94NGM2,794909199,JHX,USD,2021-09-17,39.88,39.88,38.9,39.24,292,139,39.235
IE000R94NGM2,794909199,JHX,USD,2021-09-20,39.2,40.0,37.61,37.95,465,315,37.949
IE000R94NGM2,794909199,JHX,USD,2021-09-21,38.81,38.81,38.21,38.5,471,230,38.471
IE000R94NGM2,794909199,JHX,USD,2021-09-22,39.05,39.65,39.05,39.27,270,145,39.272
IE000R94NGM2,794909199,JHX,USD,2021-09-23,39.19,39.61,39.19,39.4,223,104,39.379
IE000R94NGM2,794909199,JHX,USD,2021-09-24,38.54,38.54,38.12,38.41,213,133,38.383
IE000R94NGM2,794909199,JHX,USD,2021-09-27,38.15,38.53,38.15,38.49,206,146,38.405
IE000R94NGM2,794909199,JHX,USD,2021-09-28,37.0,37.84,36.42,36.65,416,269,36.835
IE000R94NGM2,794909199,JHX,USD,2021-09-29,36.65,36.65,35.86,35.99,362,208,36.061
IE000R94NGM2,794909199,JHX,USD,2021-09-30,36.05,36.17,35.66,35.68,514,221,35.802
IE000R94NGM2,794909199,JHX,USD,2021-10-01,36.04,37.0,35.77,37.0,257,165,36.166
IE000R94NGM2,794909199,JHX,USD,2021-10-04,36.25,36.46,35.7,35.92,177,123,35.948
IE000R94NGM2,794909199,JHX,USD,2021-10-05,35.96,36.53,35.78,35.78,1036,447,36.01
IE000R94NGM2,794909199,JHX,USD,2021-10-06,35.28,35.89,35.18,35.81,240,145,35.648
IE000R94NGM2,794909199,JHX,USD,2021-10-07,36.19,36.48,36.06,36.12,175,103,36.229
IE000R94NGM2,794909199,JHX,USD,2021-10-08,36.08,36.08,35.7,35.71,174,93,35.813
IE000R94NGM2,794909199,JHX,USD,2021-10-11,35.69,35.72,35.17,35.17,283,123,35.452
IE000R94NGM2,794909199,JHX,USD,2021-10-12,35.32,35.65,35.21,35.5,232,167,35.494
IE000R94NGM2,794909199,JHX,USD,2021-10-13,35.62,35.68,35.35,35.61,163,80,35.527
IE000R94NGM2,794909199,JHX,USD,2021-10-14,36.29,36.62,36.29,36.47,184,106,36.476
IE000R94NGM2,794909199,JHX,USD,2021-10-15,36.75,36.98,36.5,36.5,246,138,36.87
IE000R94NGM2,794909199,JHX,USD,2021-10-18,36.84,37.43,36.84,37.28,269,177,37.164
IE000R94NGM2,794909199,JHX,USD,2021-10-19,37.5,38.01,37.5,37.98,265,174,37.862
IE000R94NGM2,794909199,JHX,USD,2021-10-20,38.26,38.52,38.15,38.48,261,152,38.395
IE000R94NGM2,794909199,JHX,USD,2021-10-21,38.7,38.98,38.65,38.93,279,188,38.811
IE000R94NGM2,794909199,JHX,USD,2021-10-22,39.4,39.63,39.13,39.44,180,117,39.41
IE000R94NGM2,794909199,JHX,USD,2021-10-25,39.47,39.59,39.32,39.38,117,85,39.439
IE000R94NGM2,794909199,JHX,USD,2021-10-26,39.64,39.71,39.29,39.42,140,64,39.433
IE000R94NGM2,794909199,JHX,USD,2021-10-27,39.03,39.03,38.54,38.65,180,98,38.752
IE000R94NGM2,794909199,JHX,USD,2021-10-28,38.97,39.39,38.97,39.38,114,72,39.224
IE000R94NGM2,794909199,JHX,USD,2021-10-29,39.1,39.33,39.02,39.33,169,93,39.163
IE000R94NGM2,794909199,JHX,USD,2021-11-01,39.65,39.68,39.15,39.4,160,96,39.415
IE000R94NGM2,794909199,JHX,USD,2021-11-02,39.25,39.35,38.98,39.29,201,131,39.168
IE000R94NGM2,794909199,JHX,USD,2021-11-03,39.69,40.47,39.59,39.59,176,106,40.116
IE000R94NGM2,794909199,JHX,USD,2021-11-04,40.4,40.49,40.0,40.42,183,122,40.27
IE000R94NGM2,794909199,JHX,USD,2021-11-05,40.79,40.96,40.65,40.96,121,65,40.79
IE000R94NGM2,794909199,JHX,USD,2021-11-08,40.7,40.94,40.45,40.9,120,75,40.72
IE000R94NGM2,794909199,JHX,USD,2021-11-09,41.0,41.0,39.77,40.03,221,172,40.135
IE000R94NGM2,794909199,JHX,USD,2021-11-10,39.87,40.65,39.87,40.16,124,66,40.315
IE000R94NGM2,794909199,JHX,USD,2021-11-11,40.0,40.0,39.3,39.41,100,69,39.414
IE000R94NGM2,794909199,JHX,USD,2021-11-12,40.25,41.65,40.25,41.53,302,143,41.355
IE000R94NGM2,794909199,JHX,USD,2021-11-15,41.58,41.85,41.23,41.39,168,91,41.454
IE000R94NGM2,794909199,JHX,USD,2021-11-16,41.0,41.0,40.46,40.52,176,123,40.647
IE000R94NGM2,794909199,JHX,USD,2021-11-17,40.51,40.68,40.28,40.45,171,109,40.384
IE000R94NGM2,794909199,JHX,USD,2021-11-18,39.4,39.82,39.14,39.67,330,235,39.505
IE000R94NGM2,794909199,JHX,USD,2021-11-19,39.7,39.73,39.35,39.55,133,84,39.526
IE000R94NGM2,794909199,JHX,USD,2021-11-22,39.96,40.39,39.68,40.13,311,237,40.127
IE000R94NGM2,794909199,JHX,USD,2021-11-23,40.18,40.56,40.02,40.56,158,109,40.299
IE000R94NGM2,794909199,JHX,USD,2021-11-24,40.46,40.46,39.79,40.05,191,123,40.04
IE000R94NGM2,794909199,JHX,USD,2021-11-26,38.95,39.06,38.42,38.54,100,52,38.762
IE000R94NGM2,794909199,JHX,USD,2021-11-29,39.5,39.7,39.01,39.49,144,94,39.409
IE000R94NGM2,794909199,JHX,USD,2021-11-30,39.77,40.18,39.13,39.38,324,185,39.422
IE000R94NGM2,794909199,JHX,USD,2021-12-01,39.16,39.28,38.24,38.33,192,105,38.759
IE000R94NGM2,794909199,JHX,USD,2021-12-02,38.63,39.5,38.63,39.41,270,199,39.203
IE000R94NGM2,794909199,JHX,USD,2021-12-03,39.47,39.47,38.74,39.26,114,86,39.004
IE000R94NGM2,794909199,JHX,USD,2021-12-06,39.84,40.33,39.63,40.21,235,171,40.108
IE000R94NGM2,794909199,JHX,USD,2021-12-07,40.22,41.0,40.22,41.0,312,222,40.761
IE000R94NGM2,794909199,JHX,USD,2021-12-08,40.99,41.34,40.83,41.32,159,94,41.053
IE000R94NGM2,794909199,JHX,USD,2021-12-09,40.72,40.96,40.61,40.76,67,37,40.751
IE000R94NGM2,794909199,JHX,USD,2021-12-10,41.04,41.36,40.74,41.02,159,104,40.965
IE000R94NGM2,794909199,JHX,USD,2021-12-13,40.2,40.59,40.0,40.12,135,103,40.211
IE000R94NGM2,794909199,JHX,USD,2021-12-14,40.17,42.0,39.8,41.0,357,262,40.189
IE000R94NGM2,794909199,JHX,USD,2021-12-15,40.44,42.5,39.37,42.5,517,315,39.914
IE000R94NGM2,794909199,JHX,USD,2021-12-16,39.94,40.0,39.19,39.45,185,122,39.558
IE000R94NGM2,794909199,JHX,USD,2021-12-17,39.12,39.38,38.63,39.18,263,175,39.189
IE000R94NGM2,794909199,JHX,USD,2021-12-20,39.15,39.16,38.7,39.14,193,118,38.976
IE000R94NGM2,794909199,JHX,USD,2021-12-21,38.74,39.25,38.59,39.0,227,139,38.96
IE000R94NGM2,794909199,JHX,USD,2021-12-22,39.28,39.77,39.17,39.66,163,90,39.437
IE000R94NGM2,794909199,JHX,USD,2021-12-23,39.87,40.43,39.86,40.36,121,83,40.202
IE000R94NGM2,794909199,JHX,USD,2021-12-27,40.51,40.65,40.11,40.65,198,156,40.479
IE000R94NGM2,794909199,JHX,USD,2021-12-28,40.8,40.83,40.54,40.64,91,51,40.676
IE000R94NGM2,794909199,JHX,USD,2021-12-29,40.74,41.09,40.68,41.05,137,97,40.965
IE000R94NGM2,794909199,JHX,USD,2021-12-30,40.89,41.08,40.71,40.82,151,89,40.86
IE000R94NGM2,794909199,JHX,USD,2021-12-31,40.8,40.92,40.43,40.69,143,80,40.763
IE000R94NGM2,794909199,JHX,USD,2022-01-03,40.68,40.68,40.26,40.49,179,108,40.453
IE000R94NGM2,794909199,JHX,USD,2022-01-04,41.09,41.64,40.9,41.46,347,212,41.357
IE000R94NGM2,794909199,JHX,USD,2022-01-05,41.42,41.48,40.0,40.0,374,272,41.156
IE000R94NGM2,794909199,JHX,USD,2022-01-06,39.5,40.22,38.5,39.11,372,219,39.165
IE000R94NGM2,794909199,JHX,USD,2022-01-07,38.0,38.4,36.6,37.08,376,216,36.986
IE000R94NGM2,794909199,JHX,USD,2022-01-10,37.2,37.2,35.77,36.42,605,415,36.154
IE000R94NGM2,794909199,JHX,USD,2022-01-11,36.29,36.42,35.0,35.99,579,345,35.784
IE000R94NGM2,794909199,JHX,USD,2022-01-12,36.19,36.78,36.19,36.73,248,137,36.53
IE000R94NGM2,794909199,JHX,USD,2022-01-13,37.78,37.78,36.73,36.8,440,298,37.022
IE000R94NGM2,794909199,JHX,USD,2022-01-14,36.71,36.89,36.21,36.7,205,147,36.61
IE000R94NGM2,794909199,JHX,USD,2022-01-18,36.32,36.39,35.98,36.2,399,309,36.171
IE000R94NGM2,794909199,JHX,USD,2022-01-19,36.28,36.56,35.0,35.0,375,269,35.902
IE000R94NGM2,794909199,JHX,USD,2022-01-20,35.59,36.3,35.14,35.37,552,379,35.687
IE000R94NGM2,794909199,JHX,USD,2022-01-21,35.0,35.15,32.93,32.93,523,366,34.582
IE000R94NGM2,794909199,JHX,USD,2022-01-24,33.81,34.55,33.05,34.47,1112,721,33.872
IE000R94NGM2,794909199,JHX,USD,2022-01-25,33.78,34.08,33.19,33.63,556,289,33.542
IE000R94NGM2,794909199,JHX,USD,2022-01-26,33.97,34.21,32.61,33.03,964,676,33.542
IE000R94NGM2,794909199,JHX,USD,2022-01-27,32.62,32.8,31.29,31.59,938,670,32.07
IE000R94NGM2,794909199,JHX,USD,2022-01-28,31.83,32.17,31.47,32.13,428,274,31.788
IE000R94NGM2,794909199,JHX,USD,2022-01-31,32.55,33.42,32.55,33.32,720,421,33.176
IE000R94NGM2,794909199,JHX,USD,2022-02-01,33.36,33.57,32.87,33.53,471,270,33.305
IE000R94NGM2,794909199,JHX,USD,2022-02-02,33.85,34.11,33.67,33.95,393,203,33.902
IE000R94NGM2,794909199,JHX,USD,2022-02-03,33.1,33.25,32.42,32.55,536,362,32.702
IE000R94NGM2,794909199,JHX,USD,2022-02-04,33.0,33.57,32.95,33.28,606,430,33.294
IE000R94NGM2,794909199,JHX,USD,2022-02-07,34.36,34.76,33.68,34.3,636,342,34.212
IE000R94NGM2,794909199,JHX,USD,2022-02-08,34.82,35.4,34.81,35.22,561,383,35.104
IE000R94NGM2,794909199,JHX,USD,2022-02-09,35.52,36.0,35.52,36.0,435,292,35.828
IE000R94NGM2,794909199,JHX,USD,2022-02-10,35.22,36.26,34.89,35.12,597,409,35.384
IE000R94NGM2,794909199,JHX,USD,2022-02-11,34.78,34.78,33.64,33.89,341,221,34.146
IE000R94NGM2,794909199,JHX,USD,2022-02-14,33.45,33.49,32.73,33.11,316,158,33.12
IE000R94NGM2,794909199,JHX,USD,2022-02-15,33.89,34.08,33.68,33.89,750,418,33.891
IE000R94NGM2,794909199,JHX,USD,2022-02-16,33.49,33.98,33.33,33.93,264,119,33.719
IE000R94NGM2,794909199,JHX,USD,2022-02-17,33.5,33.5,33.01,33.06,430,220,33.213
IE000R94NGM2,794909199,JHX,USD,2022-02-18,33.12,33.33,32.69,32.86,205,142,32.865
IE000R94NGM2,794909199,JHX,USD,2022-02-22,32.69,33.41,32.69,33.01,620,377,33.12
IE000R94NGM2,794909199,JHX,USD,2022-02-23,33.29,33.82,32.12,33.0,668,445,32.648
IE000R94NGM2,794909199,JHX,USD,2022-02-24,31.25,31.85,30.89,31.82,668,443,31.366
IE000R94NGM2,794909199,JHX,USD,2022-02-25,32.23,33.11,32.16,33.1,343,199,32.709
IE000R94NGM2,794909199,JHX,USD,2022-02-28,32.47,32.91,32.25,32.52,820,410,32.617
IE000R94NGM2,794909199,JHX,USD,2022-03-01,32.26,32.26,31.41,31.72,764,414,31.735
IE000R94NGM2,794909199,JHX,USD,2022-03-02,32.16,32.71,31.96,32.68,497,300,32.424
IE000R94NGM2,794909199,JHX,USD,2022-03-03,32.44,32.44,31.65,31.95,441,219,31.929
IE000R94NGM2,794909199,JHX,USD,2022-03-04,31.78,31.81,31.22,31.8,528,325,31.555
IE000R94NGM2,794909199,JHX,USD,2022-03-07,31.01,31.3,30.25,30.3,625,374,30.536
IE000R94NGM2,794909199,JHX,USD,2022-03-08,30.62,31.17,30.34,30.59,534,303,30.61
IE000R94NGM2,794909199,JHX,USD,2022-03-09,31.18,31.51,31.1,31.4,538,346,31.326
IE000R94NGM2,794909199,JHX,USD,2022-03-10,31.72,32.66,31.7,32.52,433,256,32.359
IE000R94NGM2,794909199,JHX,USD,2022-03-11,32.42,32.42,31.7,31.76,308,157,31.968
IE000R94NGM2,794909199,JHX,USD,2022-03-14,32.02,32.27,31.48,31.55,283,142,31.72
IE000R94NGM2,794909199,JHX,USD,2022-03-15,31.83,32.26,31.54,31.99,678,369,31.905
IE000R94NGM2,794909199,JHX,USD,2022-03-16,32.85,33.45,32.44,33.35,244,158,33.023
IE000R94NGM2,794909199,JHX,USD,2022-03-17,33.85,34.86,33.85,34.72,293,215,34.466
IE000R94NGM2,794909199,JHX,USD,2022-03-18,33.72,34.58,33.72,34.52,310,186,34.336
IE000R94NGM2,794909199,JHX,USD,2022-03-21,34.31,34.48,34.03,34.32,284,195,34.251
IE000R94NGM2,794909199,JHX,USD,2022-03-22,33.87,33.96,33.0,33.86,287,186,33.813
IE000R94NGM2,794909199,JHX,USD,2022-03-23,33.58,33.93,33.5,33.66,173,114,33.647
IE000R94NGM2,794909199,JHX,USD,2022-03-24,33.01,33.15,32.69,33.08,202,77,32.974
IE000R94NGM2,794909199,JHX,USD,2022-03-25,32.39,32.68,32.25,32.49,347,159,32.413
IE000R94NGM2,794909199,JHX,USD,2022-03-28,31.89,32.25,31.39,31.65,300,158,31.622
IE000R94NGM2,794909199,JHX,USD,2022-03-29,31.38,31.7,31.14,31.51,504,253,31.376
IE000R94NGM2,794909199,JHX,USD,2022-03-30,31.64,31.83,31.48,31.61,240,109,31.635
IE000R94NGM2,794909199,JHX,USD,2022-03-31,31.4,31.4,30.1,30.15,491,303,30.402
IE000R94NGM2,794909199,JHX,USD,2022-04-01,30.21,30.23,29.79,30.01,343,185,29.967
IE000R94NGM2,794909199,JHX,USD,2022-04-04,29.96,30.52,29.95,30.34,500,279,30.31
IE000R94NGM2,794909199,JHX,USD,2022-04-05,30.6,31.9,30.6,31.29,646,481,31.458
IE000R94NGM2,794909199,JHX,USD,2022-04-06,30.75,30.75,30.15,30.39,437,273,30.468
IE000R94NGM2,794909199,JHX,USD,2022-04-07,29.91,30.21,29.61,29.97,815,375,29.909
IE000R94NGM2,794909199,JHX,USD,2022-04-08,29.82,30.17,29.73,29.81,550,323,29.9
IE000R94NGM2,794909199,JHX,USD,2022-04-11,29.53,29.66,29.19,29.2,536,280,29.325
IE000R94NGM2,794909199,JHX,USD,2022-04-12,30.06,30.47,29.35,29.95,929,592,30.126
IE000R94NGM2,794909199,JHX,USD,2022-04-13,29.65,29.65,29.09,29.23,794,504,29.303
IE000R94NGM2,794909199,JHX,USD,2022-04-14,29.64,30.37,29.64,29.92,569,298,30.078
IE000R94NGM2,794909199,JHX,USD,2022-04-18,29.78,29.78,29.44,29.49,355,209,29.579
IE000R94NGM2,794909199,JHX,USD,2022-04-19,29.85,30.47,29.7,30.4,804,477,30.265
IE000R94NGM2,794909199,JHX,USD,2022-04-20,30.54,30.81,30.4,30.75,324,192,30.692
IE000R94NGM2,794909199,JHX,USD,2022-04-21,30.81,30.81,29.68,29.84,407,268,30.017
IE000R94NGM2,794909199,JHX,USD,2022-04-22,29.09,29.79,28.0,28.0,411,248,29.212
IE000R94NGM2,794909199,JHX,USD,2022-04-25,28.51,28.86,28.26,28.74,727,499,28.563
IE000R94NGM2,794909199,JHX,USD,2022-04-26,29.0,29.41,28.32,28.42,885,578,28.845
IE000R94NGM2,794909199,JHX,USD,2022-04-27,28.35,28.71,28.22,28.36,450,282,28.427
IE000R94NGM2,794909199,JHX,USD,2022-04-28,28.36,29.1,28.03,28.94,591,357,28.673
IE000R94NGM2,794909199,JHX,USD,2022-04-29,29.29,29.62,28.61,28.69,543,385,29.084
IE000R94NGM2,794909199,JHX,USD,2022-05-02,28.53,28.83,28.07,28.65,871,414,28.434
IE000R94NGM2,794909199,JHX,USD,2022-05-03,28.77,29.08,28.73,28.93,497,259,28.92
IE000R94NGM2,794909199,JHX,USD,2022-05-04,29.1,30.01,28.73,29.99,597,424,29.388
IE000R94NGM2,794909199,JHX,USD,2022-05-05,29.74,29.74,28.5,28.74,652,430,28.817
IE000R94NGM2,794909199,JHX,USD,2022-05-06,28.27,28.27,27.23,27.83,1306,764,27.589
IE000R94NGM2,794909199,JHX,USD,2022-05-09,26.85,27.13,26.19,26.44,821,492,26.497
IE000R94NGM2,794909199,JHX,USD,2022-05-10,26.5,27.46,26.5,27.03,830,475,26.982
IE000R94NGM2,794909199,JHX,USD,2022-05-11,26.9,27.32,26.34,26.42,703,501,26.779
IE000R94NGM2,794909199,JHX,USD,2022-05-12,26.13,26.7,26.02,26.59,580,339,26.396
IE000R94NGM2,794909199,JHX,USD,2022-05-13,26.97,27.5,26.85,27.48,579,365,27.288
IE000R94NGM2,794909199,JHX,USD,2022-05-16,27.12,27.42,26.75,26.93,499,295,27.171
IE000R94NGM2,794909199,JHX,USD,2022-05-17,26.53,27.22,26.22,27.1,786,486,26.592
IE000R94NGM2,794909199,JHX,USD,2022-05-18,27.48,27.48,26.06,26.11,714,428,26.364
IE000R94NGM2,794909199,JHX,USD,2022-05-19,25.59,25.98,25.0,25.73,576,315,25.744
IE000R94NGM2,794909199,JHX,USD,2022-05-20,26.02,26.13,25.49,25.92,727,473,25.752
IE000R94NGM2,794909199,JHX,USD,2022-05-23,26.52,28.29,26.52,27.44,1243,585,27.244
IE000R94NGM2,794909199,JHX,USD,2022-05-24,26.37,26.39,25.15,25.15,816,452,25.732
IE000R94NGM2,794909199,JHX,USD,2022-05-25,25.23,25.6,25.05,25.55,558,311,25.401
IE000R94NGM2,794909199,JHX,USD,2022-05-26,25.45,26.02,25.45,25.94,684,488,25.824
IE000R94NGM2,794909199,JHX,USD,2022-05-27,25.89,26.31,25.89,26.19,580,378,26.114
IE000R94NGM2,794909199,JHX,USD,2022-05-31,25.86,26.08,25.6,25.83,709,353,25.873
IE000R94NGM2,794909199,JHX,USD,2022-06-01,25.52,25.52,24.69,24.91,624,338,24.94
IE000R94NGM2,794909199,JHX,USD,2022-06-02,24.52,25.15,24.44,25.08,693,386,24.9
IE000R94NGM2,794909199,JHX,USD,2022-06-03,24.71,24.93,24.51,24.57,402,260,24.616
IE000R94NGM2,794909199,JHX,USD,2022-06-06,24.65,24.76,24.39,24.64,550,304,24.604
IE000R94NGM2,794909199,JHX,USD,2022-06-07,24.61,25.2,24.61,25.17,869,444,24.965
IE000R94NGM2,794909199,JHX,USD,2022-06-08,25.09,25.1,24.65,24.72,621,355,24.828
IE000R94NGM2,794909199,JHX,USD,2022-06-09,24.43,24.55,23.9,23.95,545,361,24.138
IE000R94NGM2,794909199,JHX,USD,2022-06-10,24.0,24.07,23.36,23.63,1737,1178,23.621
IE000R94NGM2,794909199,JHX,USD,2022-06-13,23.4,23.47,22.5,22.58,927,507,22.73
IE000R94NGM2,794909199,JHX,USD,2022-06-14,22.4,22.4,21.8,22.04,1344,743,22.064
IE000R94NGM2,794909199,JHX,USD,2022-06-15,21.6,21.7,20.99,21.5,894,548,21.321
IE000R94NGM2,794909199,JHX,USD,2022-06-16,20.71,20.76,20.27,20.51,1011,613,20.54
IE000R94NGM2,794909199,JHX,USD,2022-06-17,20.4,20.65,20.14,20.5,983,485,20.462
IE000R94NGM2,794909199,JHX,USD,2022-06-21,20.75,21.14,20.71,21.08,901,613,20.984
IE000R94NGM2,794909199,JHX,USD,2022-06-22,20.7,21.04,20.63,20.71,1365,785,20.834
IE000R94NGM2,794909199,JHX,USD,2022-06-23,21.27,21.53,21.08,21.47,1089,436,21.34
IE000R94NGM2,794909199,JHX,USD,2022-06-24,21.99,22.79,21.99,22.73,979,490,22.597
IE000R94NGM2,794909199,JHX,USD,2022-06-27,22.76,22.98,22.57,22.76,774,355,22.785
IE000R94NGM2,794909199,JHX,USD,2022-06-28,22.5,22.78,21.0,22.34,1590,1056,22.335
IE000R94NGM2,794909199,JHX,USD,2022-06-29,22.01,22.02,21.58,21.7,916,543,21.721
IE000R94NGM2,794909199,JHX,USD,2022-06-30,21.77,22.11,21.42,21.94,543,282,21.861
IE000R94NGM2,794909199,JHX,USD,2022-07-01,21.88,22.57,21.8,22.54,805,443,22.287
IE000R94NGM2,794909199,JHX,USD,2022-07-05,22.37,22.89,22.15,22.88,955,552,22.585
IE000R94NGM2,794909199,JHX,USD,2022-07-06,23.33,24.0,22.98,23.97,2486,1597,23.649
IE000R94NGM2,794909199,JHX,USD,2022-07-07,23.52,23.94,23.49,23.82,753,393,23.751
IE000R94NGM2,794909199,JHX,USD,2022-07-08,23.92,24.5,23.64,24.41,769,448,24.286
IE000R94NGM2,794909199,JHX,USD,2022-07-11,23.78,24.25,23.42,24.05,1516,980,23.87
IE000R94NGM2,794909199,JHX,USD,2022-07-12,23.67,24.3,23.48,23.63,1729,1059,23.821
IE000R94NGM2,794909199,JHX,USD,2022-07-13,23.19,24.02,23.17,23.68,617,405,23.686
IE000R94NGM2,794909199,JHX,USD,2022-07-14,23.69,23.69,22.88,23.21,762,389,23.177
IE000R94NGM2,794909199,JHX,USD,2022-07-15,23.14,23.62,22.86,23.13,481,260,23.09
IE000R94NGM2,794909199,JHX,USD,2022-07-18,23.52,23.87,23.36,23.51,868,544,23.588
IE000R94NGM2,794909199,JHX,USD,2022-07-19,22.91,23.63,22.91,23.42,1351,801,23.378
IE000R94NGM2,794909199,JHX,USD,2022-07-20,23.45,24.06,23.45,23.82,846,442,23.823
IE000R94NGM2,794909199,JHX,USD,2022-07-21,24.0,24.17,23.77,24.15,369,216,24.052
IE000R94NGM2,794909199,JHX,USD,2022-07-22,24.41,24.41,23.83,24.09,580,362,24.064
IE000R94NGM2,794909199,JHX,USD,2022-07-25,24.39,24.68,23.76,23.76,721,407,24.419
IE000R94NGM2,794909199,JHX,USD,2022-07-26,24.01,24.07,23.76,23.84,652,320,23.879
IE000R94NGM2,794909199,JHX,USD,2022-07-27,23.55,23.99,23.17,23.94,309,164,23.73
IE000R94NGM2,794909199,JHX,USD,2022-07-28,24.31,24.74,23.84,24.66,486,253,24.54
IE000R94NGM2,794909199,JHX,USD,2022-07-29,24.71,24.85,24.52,24.84,345,177,24.703
IE000R94NGM2,794909199,JHX,USD,2022-08-01,24.93,25.29,24.65,25.09,817,351,25.039
IE000R94NGM2,794909199,JHX,USD,2022-08-02,24.57,25.1,24.49,24.53,435,258,24.695
IE000R94NGM2,794909199,JHX,USD,2022-08-03,24.96,25.31,24.59,25.2,497,224,25.021
IE000R94NGM2,794909199,JHX,USD,2022-08-04,24.85,25.38,24.79,25.25,338,200,25.219
IE000R94NGM2,794909199,JHX,USD,2022-08-05,24.9,25.27,24.85,25.19,331,170,25.147
IE000R94NGM2,794909199,JHX,USD,2022-08-08,25.2,25.35,24.86,25.01,410,217,25.104
IE000R94NGM2,794909199,JHX,USD,2022-08-09,25.18,25.18,24.43,24.75,680,469,24.668
IE000R94NGM2,794909199,JHX,USD,2022-08-10,24.95,25.37,24.95,25.3,489,355,25.229
IE000R94NGM2,794909199,JHX,USD,2022-08-11,25.79,26.0,25.62,25.84,474,278,25.801
IE000R94NGM2,794909199,JHX,USD,2022-08-12,25.76,25.98,25.64,25.98,305,171,25.81
IE000R94NGM2,794909199,JHX,USD,2022-08-15,25.95,26.0,25.75,25.88,232,137,25.895
IE000R94NGM2,794909199,JHX,USD,2022-08-16,25.82,25.97,25.49,25.85,265,160,25.814
IE000R94NGM2,794909199,JHX,USD,2022-08-17,25.89,25.89,25.16,25.35,154,68,25.411
IE000R94NGM2,794909199,JHX,USD,2022-08-18,25.58,25.7,25.36,25.66,215,90,25.588
IE000R94NGM2,794909199,JHX,USD,2022-08-19,25.27,25.27,24.71,24.73,200,98,24.87
IE000R94NGM2,794909199,JHX,USD,2022-08-22,24.45,24.49,23.96,24.18,1059,742,24.137
IE000R94NGM2,794909199,JHX,USD,2022-08-23,23.61,24.14,23.54,23.67,420,242,23.686
IE000R94NGM2,794909199,JHX,USD,2022-08-24,23.56,23.87,23.43,23.63,292,175,23.628
IE000R94NGM2,794909199,JHX,USD,2022-08-25,24.07,24.28,23.86,24.18,314,186,24.092
IE000R94NGM2,794909199,JHX,USD,2022-08-26,24.23,24.23,23.15,23.5,415,238,23.428
IE000R94NGM2,794909199,JHX,USD,2022-08-29,22.91,23.14,22.75,22.85,525,264,22.913
IE000R94NGM2,794909199,JHX,USD,2022-08-30,22.84,22.84,22.37,22.51,684,355,22.569
IE000R94NGM2,794909199,JHX,USD,2022-08-31,22.92,22.92,22.37,22.41,1173,581,22.573
IE000R94NGM2,794909199,JHX,USD,2022-09-01,22.5,22.57,22.16,22.55,581,361,22.371
IE000R94NGM2,794909199,JHX,USD,2022-09-02,22.83,22.98,22.36,22.45,372,235,22.616
IE000R94NGM2,794909199,JHX,USD,2022-09-06,22.37,22.56,21.93,21.97,889,596,22.088
IE000R94NGM2,794909199,JHX,USD,2022-09-07,21.9,22.55,21.9,22.45,815,433,22.293
IE000R94NGM2,794909199,JHX,USD,2022-09-08,22.45,22.86,22.37,22.56,1343,865,22.579
IE000R94NGM2,794909199,JHX,USD,2022-09-09,22.9,23.31,22.9,23.25,563,300,23.111
IE000R94NGM2,794909199,JHX,USD,2022-09-12,23.81,23.99,23.51,23.69,938,513,23.699
IE000R94NGM2,794909199,JHX,USD,2022-09-13,23.31,23.57,22.84,22.85,891,510,23.085
IE000R94NGM2,794909199,JHX,USD,2022-09-14,22.85,22.85,22.45,22.66,408,234,22.594
IE000R94NGM2,794909199,JHX,USD,2022-09-15,22.34,22.8,22.18,22.2,412,199,22.321
IE000R94NGM2,794909199,JHX,USD,2022-09-16,21.56,21.76,21.39,21.6,432,221,21.552
IE000R94NGM2,794909199,JHX,USD,2022-09-19,21.32,21.78,21.32,21.7,1103,617,21.606
IE000R94NGM2,794909199,JHX,USD,2022-09-20,21.57,21.58,21.13,21.28,1046,563,21.34
IE000R94NGM2,794909199,JHX,USD,2022-09-21,21.58,21.8,21.1,21.18,600,283,21.436
IE000R94NGM2,794909199,JHX,USD,2022-09-22,21.02,21.2,20.66,20.92,617,370,20.926
IE000R94NGM2,794909199,JHX,USD,2022-09-23,20.35,20.48,19.41,19.68,1813,1062,19.75
IE000R94NGM2,794909199,JHX,USD,2022-09-26,19.87,20.26,19.73,19.94,1296,671,19.975
IE000R94NGM2,794909199,JHX,USD,2022-09-27,20.02,20.04,19.23,19.56,1807,956,19.561
IE000R94NGM2,794909199,JHX,USD,2022-09-28,19.73,20.33,19.7,20.18,699,326,19.998
IE000R94NGM2,794909199,JHX,USD,2022-09-29,19.92,19.99,19.67,19.8,1765,988,19.836
IE000R94NGM2,794909199,JHX,USD,2022-09-30,19.92,20.32,19.75,19.78,1087,489,20.014
IE000R94NGM2,794909199,JHX,USD,2022-10-03,20.18,20.63,20.01,20.45,809,391,20.484
IE000R94NGM2,794909199,JHX,USD,2022-10-04,20.86,21.84,20.79,21.77,3303,2121,21.463
IE000R94NGM2,794909199,JHX,USD,2022-10-05,21.94,22.26,21.58,22.11,793,433,21.976
IE000R94NGM2,794909199,JHX,USD,2022-10-06,21.51,21.88,21.21,21.33,571,250,21.426
IE000R94NGM2,794909199,JHX,USD,2022-10-07,21.22,21.22,20.79,20.98,589,304,20.972
IE000R94NGM2,794909199,JHX,USD,2022-10-10,20.58,20.73,20.29,20.65,877,383,20.555
IE000R94NGM2,794909199,JHX,USD,2022-10-11,20.79,21.04,20.48,20.68,1140,451,20.784
IE000R94NGM2,794909199,JHX,USD,2022-10-12,20.53,20.59,20.26,20.46,591,270,20.448
IE000R94NGM2,794909199,JHX,USD,2022-10-13,20.45,20.82,19.56,20.64,985,491,20.501
IE000R94NGM2,794909199,JHX,USD,2022-10-14,20.7,20.74,19.86,19.92,931,521,20.023
IE000R94NGM2,794909199,JHX,USD,2022-10-17,19.98,20.65,19.98,20.41,1682,1080,20.441
IE000R94NGM2,794909199,JHX,USD,2022-10-18,20.94,20.94,20.09,20.39,1319,667,20.419
IE000R94NGM2,794909199,JHX,USD,2022-10-19,20.47,20.66,20.22,20.39,529,246,20.393
IE000R94NGM2,794909199,JHX,USD,2022-10-20,20.26,20.59,20.08,20.11,716,333,20.277
IE000R94NGM2,794909199,JHX,USD,2022-10-21,19.94,20.89,19.87,20.75,598,326,20.553
IE000R94NGM2,794909199,JHX,USD,2022-10-24,20.83,21.19,20.66,21.12,627,289,21.032
IE000R94NGM2,794909199,JHX,USD,2022-10-25,21.18,21.95,21.18,21.85,1060,649,21.767
IE000R94NGM2,794909199,JHX,USD,2022-10-26,21.99,22.1,21.73,21.83,229,149,21.899
IE000R94NGM2,794909199,JHX,USD,2022-10-27,21.8,21.92,21.4,21.47,517,308,21.607
IE000R94NGM2,794909199,JHX,USD,2022-10-28,21.64,21.98,21.53,21.98,327,198,21.847
IE000R94NGM2,794909199,JHX,USD,2022-10-31,21.74,22.18,21.6,22.04,834,560,22.016
IE000R94NGM2,794909199,JHX,USD,2022-11-01,22.57,22.69,22.17,22.55,1063,719,22.468
IE000R94NGM2,794909199,JHX,USD,2022-11-02,22.5,22.6,21.51,21.53,919,656,22.032
IE000R94NGM2,794909199,JHX,USD,2022-11-03,20.86,21.83,20.85,21.42,1765,1260,21.531
IE000R94NGM2,794909199,JHX,USD,2022-11-04,21.79,21.93,21.44,21.89,774,527,21.694
IE000R94NGM2,794909199,JHX,USD,2022-11-07,21.75,22.15,19.6,19.6,3063,977,21.625
IE000R94NGM2,794909199,JHX,USD,2022-11-08,20.35,20.35,18.15,19.14,2100,1172,19.051
IE000R94NGM2,794909199,JHX,USD,2022-11-09,19.0,19.0,17.86,17.93,1832,977,18.253
IE000R94NGM2,794909199,JHX,USD,2022-11-10,18.74,19.96,18.71,19.93,3752,2146,19.439
IE000R94NGM2,794909199,JHX,USD,2022-11-11,19.97,20.33,19.9,20.22,1783,1367,20.133
IE000R94NGM2,794909199,JHX,USD,2022-11-14,20.01,20.14,19.35,20.1,890,510,19.591
IE000R94NGM2,794909199,JHX,USD,2022-11-15,20.08,20.25,19.78,20.01,1546,949,20.041
IE000R94NGM2,794909199,JHX,USD,2022-11-16,19.67,19.75,19.33,19.51,883,440,19.488
IE000R94NGM2,794909199,JHX,USD,2022-11-17,19.45,19.57,19.0,19.53,893,449,19.3
IE000R94NGM2,794909199,JHX,USD,2022-11-18,19.83,19.83,19.37,19.54,727,476,19.558
IE000R94NGM2,794909199,JHX,USD,2022-11-21,19.24,19.3,18.8,18.93,1191,789,18.942
IE000R94NGM2,794909199,JHX,USD,2022-11-22,19.09,19.24,18.95,19.18,917,573,19.103
IE000R94NGM2,794909199,JHX,USD,2022-11-23,19.2,19.63,19.2,19.55,308,220,19.502
IE000R94NGM2,794909199,JHX,USD,2022-11-25,19.82,20.1,19.61,20.02,503,366,19.97
IE000R94NGM2,794909199,JHX,USD,2022-11-28,19.84,19.92,19.19,19.34,1241,770,19.491
IE000R94NGM2,794909199,JHX,USD,2022-11-29,19.45,19.66,19.18,19.42,1157,627,19.397
IE000R94NGM2,794909199,JHX,USD,2022-11-30,19.51,19.92,18.37,19.85,905,564,19.465
IE000R94NGM2,794909199,JHX,USD,2022-12-01,20.55,20.92,20.12,20.74,1046,724,20.641
IE000R94NGM2,794909199,JHX,USD,2022-12-02,20.78,21.13,20.5,20.99,912,514,20.944
IE000R94NGM2,794909199,JHX,USD,2022-12-05,21.1,21.1,20.01,20.31,668,435,20.31
IE000R94NGM2,794909199,JHX,USD,2022-12-06,19.82,19.82,18.98,19.22,1665,1068,19.228
IE000R94NGM2,794909199,JHX,USD,2022-12-07,19.05,19.25,18.65,18.91,2631,1829,18.816
IE000R94NGM2,794909199,JHX,USD,2022-12-08,19.48,20.02,19.48,19.88,1252,769,19.812
IE000R94NGM2,794909199,JHX,USD,2022-12-09,19.76,20.06,19.72,19.74,616,429,19.858
IE000R94NGM2,794909199,JHX,USD,2022-12-12,19.92,20.25,19.85,20.22,494,300,20.074
IE000R94NGM2,794909199,JHX,USD,2022-12-13,20.18,20.91,20.12,20.15,1293,775,20.422
IE000R94NGM2,794909199,JHX,USD,2022-12-14,20.32,20.6,20.12,20.2,525,368,20.374
IE000R94NGM2,794909199,JHX,USD,2022-12-15,19.84,19.84,19.41,19.5,598,356,19.495
IE000R94NGM2,794909199,JHX,USD,2022-12-16,19.48,19.71,19.41,19.58,523,336,19.554
IE000R94NGM2,794909199,JHX,USD,2022-12-19,19.45,19.45,19.05,19.11,1055,670,19.235
IE000R94NGM2,794909199,JHX,USD,2022-12-20,18.51,18.62,18.29,18.38,1332,759,18.461
IE000R94NGM2,794909199,JHX,USD,2022-12-21,18.3,18.5,18.25,18.38,849,450,18.385
IE000R94NGM2,794909199,JHX,USD,2022-12-22,18.09,18.09,17.25,17.55,1633,885,17.477
IE000R94NGM2,794909199,JHX,USD,2022-12-23,17.57,18.45,17.42,18.45,928,574,17.776
IE000R94NGM2,794909199,JHX,USD,2022-12-27,17.78,17.96,17.12,17.53,1261,830,17.806
IE000R94NGM2,794909199,JHX,USD,2022-12-28,18.0,18.06,17.46,17.47,1091,593,17.703
IE000R94NGM2,794909199,JHX,USD,2022-12-29,17.72,18.03,17.68,17.93,1257,639,17.908
IE000R94NGM2,794909199,JHX,USD,2022-12-30,17.79,18.01,17.65,17.94,832,503,17.878
IE000R94NGM2,794909199,JHX,USD,2023-01-03,18.09,18.17,17.59,17.95,2539,1671,17.879
IE000R94NGM2,794909199,JHX,USD,2023-01-04,18.43,18.75,18.41,18.67,1469,824,18.601
IE000R94NGM2,794909199,JHX,USD,2023-01-05,18.6,18.6,18.36,18.41,750,386,18.463
IE000R94NGM2,794909199,JHX,USD,2023-01-06,18.61,19.2,18.37,19.17,988,503,19.026
IE000R94NGM2,794909199,JHX,USD,2023-01-09,19.68,19.93,19.49,19.66,761,419,19.762
IE000R94NGM2,794909199,JHX,USD,2023-01-10,19.8,19.88,19.66,19.83,782,435,19.767
IE000R94NGM2,794909199,JHX,USD,2023-01-11,20.12,20.51,20.01,20.46,450,260,20.311
IE000R94NGM2,794909199,JHX,USD,2023-01-12,20.46,20.48,20.01,20.33,553,322,20.35
IE000R94NGM2,794909199,JHX,USD,2023-01-13,20.4,20.91,20.4,20.86,306,180,20.739
IE000R94NGM2,794909199,JHX,USD,2023-01-17,21.01,21.26,20.98,21.16,540,288,21.177
IE000R94NGM2,794909199,JHX,USD,2023-01-18,21.2,21.34,20.59,20.64,449,259,20.859
IE000R94NGM2,794909199,JHX,USD,2023-01-19,20.52,20.63,20.33,20.56,402,256,20.514
IE000R94NGM2,794909199,JHX,USD,2023-01-20,20.32,20.56,20.24,20.55,392,231,20.441
IE000R94NGM2,794909199,JHX,USD,2023-01-23,20.61,21.07,20.58,21.07,309,181,20.93
IE000R94NGM2,794909199,JHX,USD,2023-01-24,20.92,21.6,20.92,21.6,523,317,21.392
IE000R94NGM2,794909199,JHX,USD,2023-01-25,21.7,22.39,21.7,22.31,747,496,22.137
IE000R94NGM2,794909199,JHX,USD,2023-01-26,22.47,22.57,22.12,22.57,343,217,22.382
IE000R94NGM2,794909199,JHX,USD,2023-01-27,22.34,22.68,22.33,22.58,420,285,22.564
IE000R94NGM2,794909199,JHX,USD,2023-01-30,22.22,22.37,21.9,22.0,1130,719,22.053
IE000R94NGM2,794909199,JHX,USD,2023-01-31,21.96,22.48,21.93,22.47,367,238,22.336
IE000R94NGM2,794909199,JHX,USD,2023-02-01,22.86,24.1,22.78,24.0,1046,658,23.546
IE000R94NGM2,794909199,JHX,USD,2023-02-02,24.63,24.63,24.24,24.42,526,380,24.383
IE000R94NGM2,794909199,JHX,USD,2023-02-03,23.97,24.25,23.76,23.86,230,160,23.903
IE000R94NGM2,794909199,JHX,USD,2023-02-06,23.49,23.49,23.12,23.19,328,197,23.224
IE000R94NGM2,794909199,JHX,USD,2023-02-07,23.16,23.57,23.03,23.54,373,230,23.37
IE000R94NGM2,794909199,JHX,USD,2023-02-08,22.99,23.03,22.68,22.77,288,179,22.8
IE000R94NGM2,794909199,JHX,USD,2023-02-09,23.2,23.2,22.53,22.62,289,203,22.754
IE000R94NGM2,794909199,JHX,USD,2023-02-10,22.28,22.73,22.11,22.34,243,162,22.286
IE000R94NGM2,794909199,JHX,USD,2023-02-13,22.24,22.58,22.24,22.25,330,231,22.483
IE000R94NGM2,794909199,JHX,USD,2023-02-14,21.0,22.8,20.63,22.8,1040,562,20.886
IE000R94NGM2,794909199,JHX,USD,2023-02-15,20.9,21.39,20.82,21.37,306,141,21.205
IE000R94NGM2,794909199,JHX,USD,2023-02-16,21.84,24.2,21.74,22.6,3089,2051,22.687
IE000R94NGM2,794909199,JHX,USD,2023-02-17,22.21,22.61,22.21,22.44,3542,645,22.285
IE000R94NGM2,794909199,JHX,USD,2023-02-21,22.42,22.42,21.8,21.8,4422,735,22.351
IE000R94NGM2,794909199,JHX,USD,2023-02-22,21.46,21.67,20.74,20.86,2704,433,21.357
IE000R94NGM2,794909199,JHX,USD,2023-02-23,21.09,21.34,20.81,21.34,606,394,21.058
IE000R94NGM2,794909199,JHX,USD,2023-02-24,20.93,20.96,20.77,20.93,378,243,20.885
IE000R94NGM2,794909199,JHX,USD,2023-02-27,20.91,20.97,20.65,20.85,542,264,20.769
IE000R94NGM2,794909199,JHX,USD,2023-02-28,20.8,21.14,20.79,20.86,845,542,20.991
IE000R94NGM2,794909199,JHX,USD,2023-03-01,20.98,21.36,20.8,20.8,604,369,20.971
IE000R94NGM2,794909199,JHX,USD,2023-03-02,20.41,20.7,20.4,20.63,550,377,20.593
IE000R94NGM2,794909199,JHX,USD,2023-03-03,20.75,21.03,20.68,20.97,544,287,20.878
IE000R94NGM2,794909199,JHX,USD,2023-03-06,21.17,21.27,20.98,21.0,646,355,21.105
IE000R94NGM2,794909199,JHX,USD,2023-03-07,21.12,21.12,20.54,20.58,371,224,20.716
IE000R94NGM2,794909199,JHX,USD,2023-03-08,20.75,21.9,20.73,21.9,380,213,20.831
IE000R94NGM2,794909199,JHX,USD,2023-03-09,20.99,21.09,20.5,20.51,402,222,20.726
IE000R94NGM2,794909199,JHX,USD,2023-03-10,20.72,20.81,20.16,20.23,597,371,20.458
IE000R94NGM2,794909199,JHX,USD,2023-03-13,20.0,20.52,19.72,20.45,854,602,20.332
IE000R94NGM2,794909199,JHX,USD,2023-03-14,20.84,20.84,20.55,20.7,649,327,20.699
IE000R94NGM2,794909199,JHX,USD,2023-03-15,20.52,20.52,19.85,20.04,699,458,20.045
IE000R94NGM2,794909199,JHX,USD,2023-03-16,20.0,20.55,20.0,20.5,609,338,20.391
IE000R94NGM2,794909199,JHX,USD,2023-03-17,20.14,20.24,19.95,20.02,701,511,20.083
IE000R94NGM2,794909199,JHX,USD,2023-03-20,20.23,20.35,20.14,20.26,474,283,20.251
IE000R94NGM2,794909199,JHX,USD,2023-03-21,20.6,20.75,20.36,20.6,648,377,20.559
IE000R94NGM2,794909199,JHX,USD,2023-03-22,20.71,21.2,20.62,20.68,571,351,20.822
IE000R94NGM2,794909199,JHX,USD,2023-03-23,20.86,21.06,20.51,20.74,307,172,20.854
IE000R94NGM2,794909199,JHX,USD,2023-03-24,20.78,21.04,20.67,21.03,288,164,20.894
IE000R94NGM2,794909199,JHX,USD,2023-03-27,21.12,21.23,21.02,21.19,394,162,21.135
IE000R94NGM2,794909199,JHX,USD,2023-03-28,21.04,21.45,21.01,21.36,672,474,21.298
IE000R94NGM2,794909199,JHX,USD,2023-03-29,21.74,22.1,21.66,22.07,454,214,21.953
IE000R94NGM2,794909199,JHX,USD,2023-03-30,21.98,21.98,21.61,21.78,664,424,21.784
IE000R94NGM2,794909199,JHX,USD,2023-03-31,21.64,21.72,21.5,21.65,567,444,21.609
IE000R94NGM2,794909199,JHX,USD,2023-04-03,21.5,21.65,21.36,21.59,315,135,21.531
IE000R94NGM2,794909199,JHX,USD,2023-04-04,21.67,21.67,21.35,21.48,383,192,21.466
IE000R94NGM2,794909199,JHX,USD,2023-04-05,21.53,21.85,21.32,21.81,1480,1033,21.676
IE000R94NGM2,794909199,JHX,USD,2023-04-06,21.68,21.68,21.21,21.42,273,168,21.416
IE000R94NGM2,794909199,JHX,USD,2023-04-10,21.6,21.62,21.14,21.52,394,241,21.438
IE000R94NGM2,794909199,JHX,USD,2023-04-11,21.66,21.82,21.55,21.74,499,368,21.699
IE000R94NGM2,794909199,JHX,USD,2023-04-12,21.94,22.16,21.82,21.99,333,140,22.012
IE000R94NGM2,794909199,JHX,USD,2023-04-13,22.36,22.65,22.36,22.63,235,126,22.514
IE000R94NGM2,794909199,JHX,USD,2023-04-14,22.62,22.66,22.22,22.4,237,145,22.38
IE000R94NGM2,794909199,JHX,USD,2023-04-17,22.63,22.77,22.61,22.72,220,122,22.687
IE000R94NGM2,794909199,JHX,USD,2023-04-18,22.8,22.84,22.62,22.83,124,62,22.771
IE000R94NGM2,794909199,JHX,USD,2023-04-19,22.24,22.38,22.12,22.31,222,150,22.28
IE000R94NGM2,794909199,JHX,USD,2023-04-20,22.21,22.88,22.21,22.68,333,208,22.666
IE000R94NGM2,794909199,JHX,USD,2023-04-21,22.75,22.75,22.4,22.63,182,87,22.572
IE000R94NGM2,794909199,JHX,USD,2023-04-24,22.37,22.5,22.14,22.32,181,99,22.289
IE000R94NGM2,794909199,JHX,USD,2023-04-25,22.05,22.12,21.76,21.79,235,140,21.895
IE000R94NGM2,794909199,JHX,USD,2023-04-26,21.91,22.15,21.84,21.96,206,113,22.004
IE000R94NGM2,794909199,JHX,USD,2023-04-27,21.95,22.38,21.88,22.38,460,316,22.241
IE000R94NGM2,794909199,JHX,USD,2023-04-28,22.22,22.3,22.02,22.26,224,130,22.192
IE000R94NGM2,794909199,JHX,USD,2023-05-01,22.5,22.71,22.41,22.64,196,84,22.585
IE000R94NGM2,794909199,JHX,USD,2023-05-02,22.71,22.71,22.17,22.34,154,86,22.396
IE000R94NGM2,794909199,JHX,USD,2023-05-03,22.29,22.47,22.14,22.24,265,185,22.335
IE000R94NGM2,794909199,JHX,USD,2023-05-04,22.58,22.83,22.46,22.75,221,125,22.674
IE000R94NGM2,794909199,JHX,USD,2023-05-05,23.13,23.26,22.87,23.22,252,183,23.121
IE000R94NGM2,794909199,JHX,USD,2023-05-08,23.35,23.44,23.27,23.37,122,92,23.37
IE000R94NGM2,794909199,JHX,USD,2023-05-09,23.15,23.44,23.15,23.3,208,160,23.296
IE000R94NGM2,794909199,JHX,USD,2023-05-10,23.47,23.52,22.91,23.24,202,111,23.155
IE000R94NGM2,794909199,JHX,USD,2023-05-11,23.14,23.16,22.62,22.84,822,611,22.788
IE000R94NGM2,794909199,JHX,USD,2023-05-12,22.77,22.78,22.53,22.65,178,77,22.651
IE000R94NGM2,794909199,JHX,USD,2023-05-15,22.68,22.9,21.0,22.55,302,136,22.708
IE000R94NGM2,794909199,JHX,USD,2023-05-16,24.15,25.59,24.02,24.6,696,404,24.358
IE000R94NGM2,794909199,JHX,USD,2023-05-17,24.87,24.92,24.43,24.85,1430,1021,24.754
IE000R94NGM2,794909199,JHX,USD,2023-05-18,24.72,24.99,24.72,24.94,157,82,24.852
IE000R94NGM2,794909199,JHX,USD,2023-05-19,25.05,25.12,24.44,24.65,2250,1751,24.618
IE000R94NGM2,794909199,JHX,USD,2023-05-22,24.87,25.11,24.8,25.0,475,349,24.909
IE000R94NGM2,794909199,JHX,USD,2023-05-23,24.79,24.95,24.61,24.66,166,89,24.736
IE000R94NGM2,794909199,JHX,USD,2023-05-24,24.54,24.54,24.18,24.3,146,93,24.297
IE000R94NGM2,794909199,JHX,USD,2023-05-25,24.72,24.93,24.6,24.86,267,166,24.782
IE000R94NGM2,794909199,JHX,USD,2023-05-26,25.23,25.23,24.69,24.88,187,99,24.847
IE000R94NGM2,794909199,JHX,USD,2023-05-30,24.97,25.11,24.63,24.87,199,126,24.784
IE000R94NGM2,794909199,JHX,USD,2023-05-31,24.67,24.67,24.4,24.6,193,116,24.538
IE000R94NGM2,794909199,JHX,USD,2023-06-01,24.74,25.49,24.61,25.49,388,235,25.175
IE000R94NGM2,794909199,JHX,USD,2023-06-02,25.49,25.99,25.4,25.5,643,463,25.809
IE000R94NGM2,794909199,JHX,USD,2023-06-05,25.88,25.9,25.62,25.68,341,250,25.753
IE000R94NGM2,794909199,JHX,USD,2023-06-06,25.64,25.88,25.6,25.86,348,220,25.792
IE000R94NGM2,794909199,JHX,USD,2023-06-07,25.96,26.14,25.71,25.82,272,197,25.855
IE000R94NGM2,794909199,JHX,USD,2023-06-08,25.62,25.79,25.48,25.7,141,91,25.643
IE000R94NGM2,794909199,JHX,USD,2023-06-09,25.64,25.66,25.48,25.66,460,146,25.605
IE000R94NGM2,794909199,JHX,USD,2023-06-12,25.79,25.79,25.51,25.72,168,120,25.688
IE000R94NGM2,794909199,JHX,USD,2023-06-13,26.13,26.37,26.08,26.34,285,165,26.235
IE000R94NGM2,794909199,JHX,USD,2023-06-14,26.66,27.01,26.52,26.81,171,100,26.791
IE000R94NGM2,794909199,JHX,USD,2023-06-15,27.18,27.76,27.18,27.71,261,156,27.557
IE000R94NGM2,794909199,JHX,USD,2023-06-16,27.8,27.81,27.5,27.51,226,110,27.599
IE000R94NGM2,794909199,JHX,USD,2023-06-20,27.61,27.61,27.18,27.4,338,224,27.412
IE000R94NGM2,794909199,JHX,USD,2023-06-21,27.15,27.28,26.86,26.99,221,122,27.022
IE000R94NGM2,794909199,JHX,USD,2023-06-22,26.75,26.75,26.34,26.55,262,102,26.487
IE000R94NGM2,794909199,JHX,USD,2023-06-23,26.09,26.09,25.8,25.99,294,203,25.984
IE000R94NGM2,794909199,JHX,USD,2023-06-26,26.01,26.21,25.93,25.96,246,142,26.02
IE000R94NGM2,794909199,JHX,USD,2023-06-27,25.98,26.25,25.76,26.18,539,400,26.08
IE000R94NGM2,794909199,JHX,USD,2023-06-28,25.96,26.24,25.76,26.09,351,285,26.099
IE000R94NGM2,794909199,JHX,USD,2023-06-29,26.17,26.41,25.99,26.37,245,175,26.281
IE000R94NGM2,794909199,JHX,USD,2023-06-30,26.67,26.96,26.57,26.89,409,249,26.852
IE000R94NGM2,794909199,JHX,USD,2023-07-03,27.0,27.17,26.9,26.95,149,90,26.991
IE000R94NGM2,794909199,JHX,USD,2023-07-05,27.1,27.3,26.47,27.3,232,166,26.782
IE000R94NGM2,794909199,JHX,USD,2023-07-06,26.49,26.52,26.18,26.38,287,234,26.367
IE000R94NGM2,794909199,JHX,USD,2023-07-07,25.93,26.22,25.63,26.11,320,209,25.983
IE000R94NGM2,794909199,JHX,USD,2023-07-10,25.81,26.11,25.81,26.08,201,137,25.957
IE000R94NGM2,794909199,JHX,USD,2023-07-11,26.23,26.49,26.15,26.41,230,172,26.318
IE000R94NGM2,794909199,JHX,USD,2023-07-12,26.77,26.94,26.66,26.86,144,98,26.829
IE000R94NGM2,794909199,JHX,USD,2023-07-13,27.18,27.88,27.14,27.87,252,190,27.671
IE000R94NGM2,794909199,JHX,USD,2023-07-14,28.03,28.03,27.74,27.79,208,160,27.816
IE000R94NGM2,794909199,JHX,USD,2023-07-17,27.56,28.6,27.41,27.62,237,171,27.593
IE000R94NGM2,794909199,JHX,USD,2023-07-18,27.41,27.7,27.2,27.2,204,151,27.547
IE000R94NGM2,794909199,JHX,USD,2023-07-19,27.8,27.8,27.4,27.62,168,115,27.586
IE000R94NGM2,794909199,JHX,USD,2023-07-20,27.75,27.85,27.41,27.46,158,109,27.539
IE000R94NGM2,794909199,JHX,USD,2023-07-21,27.42,28.79,27.33,28.79,208,126,27.415
IE000R94NGM2,794909199,JHX,USD,2023-07-24,27.91,28.17,27.9,28.14,271,168,28.054
IE000R94NGM2,794909199,JHX,USD,2023-07-25,28.24,28.5,28.13,28.39,191,130,28.376
IE000R94NGM2,794909199,JHX,USD,2023-07-26,28.2,28.58,28.2,28.44,153,101,28.407
IE000R94NGM2,794909199,JHX,USD,2023-07-27,29.28,29.28,28.66,28.71,222,135,28.993
IE000R94NGM2,794909199,JHX,USD,2023-07-28,29.08,29.48,28.51,28.51,300,206,29.251
IE000R94NGM2,794909199,JHX,USD,2023-07-31,29.39,29.6,29.26,29.6,218,152,29.423
IE000R94NGM2,794909199,JHX,USD,2023-08-01,29.4,29.4,28.39,28.5,336,149,28.653
IE000R94NGM2,794909199,JHX,USD,2023-08-02,28.1,28.32,26.91,27.22,1754,1107,27.224
IE000R94NGM2,794909199,JHX,USD,2023-08-03,27.22,27.22,26.7,26.89,254,162,26.923
IE000R94NGM2,794909199,JHX,USD,2023-08-04,26.84,27.4,26.75,27.0,290,200,27.112
IE000R94NGM2,794909199,JHX,USD,2023-08-07,27.3,28.0,26.87,28.0,279,177,27.031
IE000R94NGM2,794909199,JHX,USD,2023-08-08,30.0,31.93,29.87,31.04,1307,728,30.844
IE000R94NGM2,794909199,JHX,USD,2023-08-09,30.6,30.65,30.2,30.3,241,141,30.39
IE000R94NGM2,794909199,JHX,USD,2023-08-10,30.3,31.18,30.16,30.64,252,175,30.708
IE000R94NGM2,794909199,JHX,USD,2023-08-11,30.14,30.35,29.99,30.04,385,256,30.098
IE000R94NGM2,794909199,JHX,USD,2023-08-14,30.11,30.46,29.96,30.35,380,190,30.277
IE000R94NGM2,794909199,JHX,USD,2023-08-15,30.46,30.6,30.15,30.26,211,147,30.278
IE000R94NGM2,794909199,JHX,USD,2023-08-16,30.0,30.18,29.66,29.69,241,180,29.865
IE000R94NGM2,794909199,JHX,USD,2023-08-17,29.7,30.23,29.16,29.16,313,196,29.87
IE000R94NGM2,794909199,JHX,USD,2023-08-18,28.87,28.92,27.93,28.48,1684,1116,28.457
IE000R94NGM2,794909199,JHX,USD,2023-08-21,28.65,28.84,28.34,28.73,4614,526,28.654
IE000R94NGM2,794909199,JHX,USD,2023-08-22,28.37,28.37,28.0,28.29,1224,395,28.308
IE000R94NGM2,794909199,JHX,USD,2023-08-23,28.36,28.97,28.34,28.92,410,213,28.783
IE000R94NGM2,794909199,JHX,USD,2023-08-24,28.86,28.98,28.28,28.33,293,228,28.547
IE000R94NGM2,794909199,JHX,USD,2023-08-25,28.6,28.83,28.34,28.78,280,175,28.661
IE000R94NGM2,794909199,JHX,USD,2023-08-28,28.81,29.14,28.72,29.13,347,210,28.969
IE000R94NGM2,794909199,JHX,USD,2023-08-29,28.82,29.72,28.8,29.72,166,94,29.558
IE000R94NGM2,794909199,JHX,USD,2023-08-30,29.83,29.97,29.72,29.88,79,45,29.869
IE000R94NGM2,794909199,JHX,USD,2023-08-31,30.21,30.33,29.94,30.18,248,138,30.116
IE000R94NGM2,794909199,JHX,USD,2023-09-01,30.54,30.66,30.15,30.52,309,185,30.427
IE000R94NGM2,794909199,JHX,USD,2023-09-05,30.42,30.42,29.55,29.58,443,293,29.739
IE000R94NGM2,794909199,JHX,USD,2023-09-06,29.42,29.42,29.19,29.4,230,150,29.322
IE000R94NGM2,794909199,JHX,USD,2023-09-07,29.14,29.37,28.91,29.25,223,138,29.172
IE000R94NGM2,794909199,JHX,USD,2023-09-08,29.82,29.82,29.35,29.51,287,120,29.504
IE000R94NGM2,794909199,JHX,USD,2023-09-11,29.8,29.81,29.6,29.78,249,149,29.716
IE000R94NGM2,794909199,JHX,USD,2023-09-12,29.35,29.71,29.12,29.15,176,113,29.276
IE000R94NGM2,794909199,JHX,USD,2023-09-13,28.74,28.74,28.42,28.54,161,67,28.558
IE000R94NGM2,794909199,JHX,USD,2023-09-14,28.68,28.99,28.68,28.99,215,108,28.863
IE000R94NGM2,794909199,JHX,USD,2023-09-15,28.59,28.67,28.18,28.34,377,195,28.434
IE000R94NGM2,794909199,JHX,USD,2023-09-18,28.01,28.01,27.37,27.52,275,157,27.629
IE000R94NGM2,794909199,JHX,USD,2023-09-19,27.3,27.49,27.07,27.34,416,278,27.282
IE000R94NGM2,794909199,JHX,USD,2023-09-20,27.47,27.62,27.24,27.35,171,112,27.412
IE000R94NGM2,794909199,JHX,USD,2023-09-21,26.83,27.34,26.23,26.3,275,150,26.465
IE000R94NGM2,794909199,JHX,USD,2023-09-22,26.3,26.72,26.26,26.41,429,223,26.445
IE000R94NGM2,794909199,JHX,USD,2023-09-25,26.06,26.66,25.99,26.61,453,259,26.406
IE000R94NGM2,794909199,JHX,USD,2023-09-26,26.2,26.5,25.98,26.11,422,197,26.177
IE000R94NGM2,794909199,JHX,USD,2023-09-27,26.16,26.3,25.88,26.08,305,178,26.073
IE000R94NGM2,794909199,JHX,USD,2023-09-28,26.15,26.62,26.08,26.58,425,227,26.428
IE000R94NGM2,794909199,JHX,USD,2023-09-29,26.7,26.7,26.13,26.24,146,89,26.311
IE000R94NGM2,794909199,JHX,USD,2023-10-02,26.09,26.22,25.57,25.66,295,216,25.765
IE000R94NGM2,794909199,JHX,USD,2023-10-03,25.55,25.55,25.01,25.05,516,333,25.144
IE000R94NGM2,794909199,JHX,USD,2023-10-04,25.0,25.0,24.62,24.89,615,345,24.874
IE000R94NGM2,794909199,JHX,USD,2023-10-05,25.03,25.31,24.95,25.21,280,202,25.143
IE000R94NGM2,794909199,JHX,USD,2023-10-06,24.86,25.86,24.86,25.75,292,186,25.653
IE000R94NGM2,794909199,JHX,USD,2023-10-09,25.62,25.93,25.52,25.88,228,132,25.713
IE000R94NGM2,794909199,JHX,USD,2023-10-10,26.08,26.41,26.06,26.4,367,247,26.258
IE000R94NGM2,794909199,JHX,USD,2023-10-11,26.65,26.8,26.51,26.74,241,161,26.632
IE000R94NGM2,794909199,JHX,USD,2023-10-12,27.08,27.09,26.25,26.41,819,660,26.51
IE000R94NGM2,794909199,JHX,USD,2023-10-13,26.33,26.33,25.98,26.14,276,189,26.095
IE000R94NGM2,794909199,JHX,USD,2023-10-16,26.07,26.41,25.99,26.27,266,185,26.295
IE000R94NGM2,794909199,JHX,USD,2023-10-17,26.26,26.73,26.26,26.73,415,267,26.564
IE000R94NGM2,794909199,JHX,USD,2023-10-18,25.91,26.0,25.35,25.41,565,419,25.569
IE000R94NGM2,794909199,JHX,USD,2023-10-19,25.19,25.49,25.08,25.19,252,164,25.22
IE000R94NGM2,794909199,JHX,USD,2023-10-20,24.99,25.01,24.54,24.59,254,162,24.691
IE000R94NGM2,794909199,JHX,USD,2023-10-23,24.63,24.95,24.63,24.76,288,152,24.828
IE000R94NGM2,794909199,JHX,USD,2023-10-24,25.07,25.39,25.07,25.31,541,350,25.234
IE000R94NGM2,794909199,JHX,USD,2023-10-25,24.99,24.99,24.59,24.65,314,193,24.778
IE000R94NGM2,794909199,JHX,USD,2023-10-26,24.64,24.67,24.28,24.45,212,120,24.457
IE000R94NGM2,794909199,JHX,USD,2023-10-27,24.63,24.7,24.38,24.53,397,235,24.479
IE000R94NGM2,794909199,JHX,USD,2023-10-30,24.89,24.98,24.7,24.84,274,173,24.829
IE000R94NGM2,794909199,JHX,USD,2023-10-31,24.88,25.05,24.69,24.87,402,247,24.894
IE000R94NGM2,794909199,JHX,USD,2023-11-01,24.95,25.38,24.87,25.35,301,187,25.104
IE000R94NGM2,794909199,JHX,USD,2023-11-02,26.06,26.66,26.06,26.65,604,363,26.528
IE000R94NGM2,794909199,JHX,USD,2023-11-03,26.93,27.03,26.66,26.88,306,211,26.898
IE000R94NGM2,794909199,JHX,USD,2023-11-06,26.96,27.01,26.68,26.88,366,230,26.809
IE000R94NGM2,794909199,JHX,USD,2023-11-07,26.47,28.5,26.4,28.5,308,207,26.552
IE000R94NGM2,794909199,JHX,USD,2023-11-08,29.38,31.04,29.38,29.39,692,472,30.742
IE000R94NGM2,794909199,JHX,USD,2023-11-09,31.25,31.25,28.8,28.8,676,336,29.845
IE000R94NGM2,794909199,JHX,USD,2023-11-10,28.97,29.33,28.46,29.23,401,248,29.174
IE000R94NGM2,794909199,JHX,USD,2023-11-13,29.24,29.75,29.24,29.65,312,190,29.58
IE000R94NGM2,794909199,JHX,USD,2023-11-14,30.34,31.5,30.32,31.5,552,461,30.82
IE000R94NGM2,794909199,JHX,USD,2023-11-15,30.94,31.3,30.93,30.96,381,277,31.105
IE000R94NGM2,794909199,JHX,USD,2023-11-16,30.96,32.02,30.96,31.94,1695,1152,31.69
IE000R94NGM2,794909199,JHX,USD,2023-11-17,31.94,32.49,31.47,32.21,979,596,32.101
IE000R94NGM2,794909199,JHX,USD,2023-11-20,32.18,32.59,32.02,32.27,315,219,32.266
IE000R94NGM2,794909199,JHX,USD,2023-11-21,32.03,32.49,32.03,32.26,226,147,32.315
IE000R94NGM2,794909199,JHX,USD,2023-11-22,32.0,32.27,31.68,31.79,308,215,31.87
IE000R94NGM2,794909199,JHX,USD,2023-11-24,31.5,35.0,30.61,31.67,421,218,31.501
IE000R94NGM2,794909199,JHX,USD,2023-11-27,31.18,31.29,30.91,31.19,558,399,31.119
IE000R94NGM2,794909199,JHX,USD,2023-11-28,31.31,31.86,31.31,31.61,470,273,31.619
IE000R94NGM2,794909199,JHX,USD,2023-11-29,31.81,32.28,31.64,31.64,579,345,31.878
IE000R94NGM2,794909199,JHX,USD,2023-11-30,32.15,32.4,31.8,32.15,489,284,32.139
IE000R94NGM2,794909199,JHX,USD,2023-12-01,32.18,32.81,32.18,32.81,421,201,32.684
IE000R94NGM2,794909199,JHX,USD,2023-12-04,32.7,32.99,32.65,32.86,234,150,32.835
IE000R94NGM2,794909199,JHX,USD,2023-12-05,32.98,32.98,32.43,32.63,197,119,32.674
IE000R94NGM2,794909199,JHX,USD,2023-12-06,33.17,33.24,32.7,32.71,117,60,32.935
IE000R94NGM2,794909199,JHX,USD,2023-12-07,33.03,33.03,32.38,32.91,145,81,32.791
IE000R94NGM2,794909199,JHX,USD,2023-12-08,32.29,32.87,32.11,32.86,267,181,32.715
IE000R94NGM2,794909199,JHX,USD,2023-12-11,32.62,32.89,32.49,32.72,319,223,32.657
IE000R94NGM2,794909199,JHX,USD,2023-12-12,32.8,32.8,32.4,32.61,219,93,32.645
IE000R94NGM2,794909199,JHX,USD,2023-12-13,32.93,33.94,32.64,33.77,295,136,33.316
IE000R94NGM2,794909199,JHX,USD,2023-12-14,34.83,35.72,34.13,35.58,502,311,35.293
IE000R94NGM2,794909199,JHX,USD,2023-12-15,34.98,35.01,34.39,34.66,151,86,34.721
IE000R94NGM2,794909199,JHX,USD,2023-12-18,34.81,35.09,34.29,34.97,289,235,34.948
IE000R94NGM2,794909199,JHX,USD,2023-12-19,35.72,36.53,34.8,36.0,589,365,35.971
IE000R94NGM2,794909199,JHX,USD,2023-12-20,36.74,36.82,35.97,35.97,403,229,36.447
IE000R94NGM2,794909199,JHX,USD,2023-12-21,36.96,38.78,36.77,38.78,503,261,37.167
IE000R94NGM2,794909199,JHX,USD,2023-12-22,37.82,37.88,36.85,37.78,315,201,37.645
IE000R94NGM2,794909199,JHX,USD,2023-12-26,38.5,38.5,37.76,38.06,404,255,38.101
IE000R94NGM2,794909199,JHX,USD,2023-12-27,38.5,38.64,38.25,38.4,515,246,38.422
IE000R94NGM2,794909199,JHX,USD,2023-12-28,38.27,38.54,38.12,38.39,328,195,38.358
IE000R94NGM2,794909199,JHX,USD,2023-12-29,38.75,39.01,38.47,38.67,528,378,38.75
