ISIN,conId,Symbol,Currency,date,open,high,low,close,volume,barCount,average
IE00B3VTN290,78999213,CE01,GBP,2019-01-02,14410.5,14410.5,14410.5,14410.5,0,0,14410.5
IE00B3VTN290,78999213,CE01,GBP,2019-01-03,14403.5,14403.5,14403.5,14403.5,0,0,14403.5
IE00B3VTN290,78999213,CE01,GBP,2019-01-04,14257.5,14257.5,14257.5,14257.5,0,0,14257.5
IE00B3VTN290,78999213,CE01,GBP,2019-01-07,14265.0,14265.0,14265.0,14265.0,0,0,14265.0
IE00B3VTN290,78999213,CE01,GBP,2019-01-08,14239.5,14239.5,14239.5,14239.5,0,0,14239.5
IE00B3VTN290,78999213,CE01,GBP,2019-01-09,14248.0,14335.5,14248.0,14335.5,37,1,14248.0
IE00B3VTN290,78999213,CE01,GBP,2019-01-10,14344.5,14344.5,14344.5,14344.5,0,0,14344.5
IE00B3VTN290,78999213,CE01,GBP,2019-01-11,14242.5,14242.5,14242.5,14242.5,0,0,14242.5
IE00B3VTN290,78999213,CE01,GBP,2019-01-14,14198.5,14198.5,14198.5,14198.5,0,0,14198.5
IE00B3VTN290,78999213,CE01,GBP,2019-01-15,14260.5,14260.5,14260.5,14260.5,0,0,14260.5
IE00B3VTN290,78999213,CE01,GBP,2019-01-16,14173.0,14173.0,14173.0,14173.0,0,0,14173.0
IE00B3VTN290,78999213,CE01,GBP,2019-01-17,14071.0,14071.0,14071.0,14071.0,0,0,14071.0
IE00B3VTN290,78999213,CE01,GBP,2019-01-18,14066.0,14066.0,14066.0,14066.0,0,0,14066.0
IE00B3VTN290,78999213,CE01,GBP,2019-01-21,14070.5,14070.5,14070.5,14070.5,0,0,14070.5
IE00B3VTN290,78999213,CE01,GBP,2019-01-22,14023.0,14023.0,14023.0,14023.0,0,0,14023.0
IE00B3VTN290,78999213,CE01,GBP,2019-01-23,13950.0,13950.0,13950.0,13950.0,0,0,13950.0
IE00B3VTN290,78999213,CE01,GBP,2019-01-24,13996.0,13996.0,13996.0,13996.0,0,0,13996.0
IE00B3VTN290,78999213,CE01,GBP,2019-01-25,13920.0,13920.0,13920.0,13920.0,0,0,13920.0
IE00B3VTN290,78999213,CE01,GBP,2019-01-28,13938.0,13959.5,13938.0,13959.5,35,1,13938.0
IE00B3VTN290,78999213,CE01,GBP,2019-01-29,13968.5,13968.5,13968.5,13968.5,0,0,13968.5
IE00B3VTN290,78999213,CE01,GBP,2019-01-30,14055.0,14055.0,14055.0,14055.0,0,0,14055.0
IE00B3VTN290,78999213,CE01,GBP,2019-01-31,14060.5,14060.5,14060.5,14060.5,0,0,14060.5
IE00B3VTN290,78999213,CE01,GBP,2019-02-01,14099.0,14099.0,14099.0,14099.0,0,0,14099.0
IE00B3VTN290,78999213,CE01,GBP,2019-02-04,14052.0,14052.0,14052.0,14052.0,0,0,14052.0
IE00B3VTN290,78999213,CE01,GBP,2019-02-05,14160.0,14160.5,14160.0,14160.5,3,1,14160.0
IE00B3VTN290,78999213,CE01,GBP,2019-02-06,14099.0,14099.0,14099.0,14099.0,0,0,14099.0
IE00B3VTN290,78999213,CE01,GBP,2019-02-07,14061.5,14061.5,14061.5,14061.5,0,0,14061.5
IE00B3VTN290,78999213,CE01,GBP,2019-02-08,14058.0,14058.5,14058.0,14058.5,90,1,14058.0
IE00B3VTN290,78999213,CE01,GBP,2019-02-11,14087.0,14087.0,14087.0,14087.0,0,0,14087.0
IE00B3VTN290,78999213,CE01,GBP,2019-02-12,14105.0,14105.0,14105.0,14105.0,0,0,14105.0
IE00B3VTN290,78999213,CE01,GBP,2019-02-13,14111.0,14111.0,14111.0,14111.0,0,0,14111.0
IE00B3VTN290,78999213,CE01,GBP,2019-02-14,14205.0,14205.0,14205.0,14205.0,0,0,14205.0
IE00B3VTN290,78999213,CE01,GBP,2019-02-15,14128.0,14128.0,14119.0,14119.0,29,1,14128.0
IE00B3VTN290,78999213,CE01,GBP,2019-02-18,14092.0,14092.0,14092.0,14092.0,0,0,14092.0
IE00B3VTN290,78999213,CE01,GBP,2019-02-19,14008.0,14008.0,14008.0,14008.0,0,0,14008.0
IE00B3VTN290,78999213,CE01,GBP,2019-02-20,13990.0,13990.0,13986.0,13986.0,2,1,13990.0
IE00B3VTN290,78999213,CE01,GBP,2019-02-21,13975.0,13975.0,13975.0,13975.0,0,0,13975.0
IE00B3VTN290,78999213,CE01,GBP,2019-02-22,13991.0,13991.0,13991.0,13991.0,0,0,13991.0
IE00B3VTN290,78999213,CE01,GBP,2019-02-25,14011.0,14011.0,14011.0,14011.0,0,0,14011.0
IE00B3VTN290,78999213,CE01,GBP,2019-02-26,13930.0,13930.0,13841.5,13841.5,30,1,13930.0
IE00B3VTN290,78999213,CE01,GBP,2019-02-27,13762.0,13762.0,13753.0,13753.0,206,1,13762.0
IE00B3VTN290,78999213,CE01,GBP,2019-02-28,13784.0,13784.0,13772.0,13772.0,1,1,13784.0
IE00B3VTN290,78999213,CE01,GBP,2019-03-01,13816.0,13830.0,13816.0,13830.0,33,1,13816.0
IE00B3VTN290,78999213,CE01,GBP,2019-03-04,13816.0,13831.0,13816.0,13831.0,57,1,13816.0
IE00B3VTN290,78999213,CE01,GBP,2019-03-05,13858.5,13858.5,13858.5,13858.5,0,0,13858.5
IE00B3VTN290,78999213,CE01,GBP,2019-03-06,13939.0,13939.0,13939.0,13939.0,0,0,13939.0
IE00B3VTN290,78999213,CE01,GBP,2019-03-07,13964.0,13964.0,13964.0,13964.0,0,0,13964.0
IE00B3VTN290,78999213,CE01,GBP,2019-03-08,14024.0,14035.0,14024.0,14035.0,15,1,14024.0
IE00B3VTN290,78999213,CE01,GBP,2019-03-11,13964.0,13964.0,13940.5,13940.5,5,1,13964.0
IE00B3VTN290,78999213,CE01,GBP,2019-03-12,14036.0,14036.0,14036.0,14036.0,0,0,14036.0
IE00B3VTN290,78999213,CE01,GBP,2019-03-13,13913.0,13913.0,13913.0,13913.0,0,0,13913.0
IE00B3VTN290,78999213,CE01,GBP,2019-03-14,13850.5,13850.5,13850.5,13850.5,0,0,13850.5
IE00B3VTN290,78999213,CE01,GBP,2019-03-15,13859.5,13859.5,13859.5,13859.5,0,0,13859.5
IE00B3VTN290,78999213,CE01,GBP,2019-03-18,13968.0,13968.0,13968.0,13968.0,0,0,13968.0
IE00B3VTN290,78999213,CE01,GBP,2019-03-19,13916.0,13916.0,13916.0,13916.0,0,0,13916.0
IE00B3VTN290,78999213,CE01,GBP,2019-03-20,13994.0,13994.0,13994.0,13994.0,0,0,13994.0
IE00B3VTN290,78999213,CE01,GBP,2019-03-21,14249.0,14249.0,14249.0,14249.0,0,0,14249.0
IE00B3VTN290,78999213,CE01,GBP,2019-03-22,14003.0,14015.0,14003.0,14015.0,1,1,14003.0
IE00B3VTN290,78999213,CE01,GBP,2019-03-25,14056.0,14056.0,14056.0,14056.0,0,0,14056.0
IE00B3VTN290,78999213,CE01,GBP,2019-03-26,13983.5,13983.5,13983.5,13983.5,0,0,13983.5
IE00B3VTN290,78999213,CE01,GBP,2019-03-27,13994.0,13994.0,13994.0,13994.0,0,0,13994.0
IE00B3VTN290,78999213,CE01,GBP,2019-03-28,14089.0,14089.0,14089.0,14089.0,0,0,14089.0
IE00B3VTN290,78999213,CE01,GBP,2019-03-29,14145.0,14145.0,14145.0,14145.0,0,0,14145.0
IE00B3VTN290,78999213,CE01,GBP,2019-04-01,13981.0,13981.0,13981.0,13981.0,0,0,13981.0
IE00B3VTN290,78999213,CE01,GBP,2019-04-02,14058.0,14058.0,14058.0,14058.0,0,0,14058.0
IE00B3VTN290,78999213,CE01,GBP,2019-04-03,13959.0,13959.0,13959.0,13959.0,0,0,13959.0
IE00B3VTN290,78999213,CE01,GBP,2019-04-04,14041.0,14041.0,14041.0,14041.0,0,0,14041.0
IE00B3VTN290,78999213,CE01,GBP,2019-04-05,14103.0,14103.0,14103.0,14103.0,0,0,14103.0
IE00B3VTN290,78999213,CE01,GBP,2019-04-08,14134.0,14134.0,14134.0,14134.0,0,0,14134.0
IE00B3VTN290,78999213,CE01,GBP,2019-04-09,14156.0,14156.0,14156.0,14156.0,0,0,14156.0
IE00B3VTN290,78999213,CE01,GBP,2019-04-10,14122.0,14130.0,14122.0,14130.0,336,1,14122.0
IE00B3VTN290,78999213,CE01,GBP,2019-04-11,14164.0,14164.0,14164.0,14164.0,0,0,14164.0
IE00B3VTN290,78999213,CE01,GBP,2019-04-12,14134.0,14134.0,14134.0,14134.0,0,0,14134.0
IE00B3VTN290,78999213,CE01,GBP,2019-04-15,14095.0,14095.0,14095.0,14095.0,0,0,14095.0
IE00B3VTN290,78999213,CE01,GBP,2019-04-16,14134.0,14134.0,14134.0,14134.0,0,0,14134.0
IE00B3VTN290,78999213,CE01,GBP,2019-04-17,14134.0,14134.0,14134.0,14134.0,0,0,14134.0
IE00B3VTN290,78999213,CE01,GBP,2019-04-18,14174.0,14174.0,14160.0,14160.0,17,1,14174.0
IE00B3VTN290,78999213,CE01,GBP,2019-04-23,14146.0,14151.0,14146.0,14151.0,1,1,14146.0
IE00B3VTN290,78999213,CE01,GBP,2019-04-24,14170.0,14170.0,14170.0,14170.0,0,0,14170.0
IE00B3VTN290,78999213,CE01,GBP,2019-04-25,14119.5,14119.5,14119.5,14119.5,0,0,14119.5
IE00B3VTN290,78999213,CE01,GBP,2019-04-26,14175.0,14175.0,14175.0,14175.0,0,0,14175.0
IE00B3VTN290,78999213,CE01,GBP,2019-04-29,14174.0,14174.0,14174.0,14174.0,0,0,14174.0
IE00B3VTN290,78999213,CE01,GBP,2019-04-30,14112.0,14112.0,14112.0,14112.0,0,0,14112.0
IE00B3VTN290,78999213,CE01,GBP,2019-05-01,14115.5,14115.5,14115.5,14115.5,0,0,14115.5
IE00B3VTN290,78999213,CE01,GBP,2019-05-02,14120.0,14120.0,14075.0,14075.0,1,1,14120.0
IE00B3VTN290,78999213,CE01,GBP,2019-05-03,13977.0,13977.0,13977.0,13977.0,0,0,13977.0
IE00B3VTN290,78999213,CE01,GBP,2019-05-07,14101.0,14101.0,14101.0,14101.0,0,0,14101.0
IE00B3VTN290,78999213,CE01,GBP,2019-05-08,14160.0,14160.0,14160.0,14160.0,0,0,14160.0
IE00B3VTN290,78999213,CE01,GBP,2019-05-09,14178.0,14178.0,14163.0,14163.0,447,1,14178.0
IE00B3VTN290,78999213,CE01,GBP,2019-05-10,14180.0,14180.0,14168.0,14168.0,41,1,14180.0
IE00B3VTN290,78999213,CE01,GBP,2019-05-13,14244.0,14244.0,14244.0,14244.0,0,0,14244.0
IE00B3VTN290,78999213,CE01,GBP,2019-05-14,14267.0,14267.0,14254.0,14255.0,670,2,14260.5
IE00B3VTN290,78999213,CE01,GBP,2019-05-15,14317.0,14317.0,14317.0,14317.0,0,0,14317.0
IE00B3VTN290,78999213,CE01,GBP,2019-05-16,14394.5,14394.5,14394.5,14394.5,0,0,14394.5
IE00B3VTN290,78999213,CE01,GBP,2019-05-17,14457.0,14457.0,14457.0,14457.0,0,0,14457.0
IE00B3VTN290,78999213,CE01,GBP,2019-05-20,14450.0,14450.0,14450.0,14450.0,0,0,14450.0
IE00B3VTN290,78999213,CE01,GBP,2019-05-21,14456.0,14456.0,14408.0,14408.0,4,1,14456.0
IE00B3VTN290,78999213,CE01,GBP,2019-05-22,14537.0,14537.0,14537.0,14537.0,0,0,14537.0
IE00B3VTN290,78999213,CE01,GBP,2019-05-23,14556.5,14556.5,14556.5,14556.5,0,0,14556.5
IE00B3VTN290,78999213,CE01,GBP,2019-05-24,14615.0,14615.0,14615.0,14615.0,0,0,14615.0
IE00B3VTN290,78999213,CE01,GBP,2019-05-28,14593.0,14593.0,14593.0,14593.0,0,0,14593.0
IE00B3VTN290,78999213,CE01,GBP,2019-05-29,14621.0,14621.0,14621.0,14621.0,0,0,14621.0
IE00B3VTN290,78999213,CE01,GBP,2019-05-30,14638.0,14638.0,14630.5,14630.5,41,1,14638.0
IE00B3VTN290,78999213,CE01,GBP,2019-05-31,14663.0,14663.0,14663.0,14663.0,0,0,14663.0
IE00B3VTN290,78999213,CE01,GBP,2019-06-03,14753.0,14753.0,14753.0,14753.0,0,0,14753.0
IE00B3VTN290,78999213,CE01,GBP,2019-06-04,14763.5,14763.5,14763.5,14763.5,0,0,14763.5
IE00B3VTN290,78999213,CE01,GBP,2019-06-05,14769.0,14769.0,14769.0,14769.0,0,0,14769.0
IE00B3VTN290,78999213,CE01,GBP,2019-06-06,14828.0,14841.0,14828.0,14841.0,12,1,14828.0
IE00B3VTN290,78999213,CE01,GBP,2019-06-07,14930.0,14930.0,14928.0,14928.0,156,1,14930.0
IE00B3VTN290,78999213,CE01,GBP,2019-06-10,14923.0,14923.0,14923.0,14923.0,0,0,14923.0
IE00B3VTN290,78999213,CE01,GBP,2019-06-11,14907.0,14907.0,14907.0,14907.0,0,0,14907.0
IE00B3VTN290,78999213,CE01,GBP,2019-06-12,14878.5,14878.5,14878.5,14878.5,0,0,14878.5
IE00B3VTN290,78999213,CE01,GBP,2019-06-13,14892.0,14892.0,14889.0,14889.0,6,1,14892.0
IE00B3VTN290,78999213,CE01,GBP,2019-06-14,14947.0,14947.0,14947.0,14947.0,0,0,14947.0
IE00B3VTN290,78999213,CE01,GBP,2019-06-17,15007.5,15007.5,15007.5,15007.5,0,0,15007.5
IE00B3VTN290,78999213,CE01,GBP,2019-06-18,15111.0,15111.0,15111.0,15111.0,0,0,15111.0
IE00B3VTN290,78999213,CE01,GBP,2019-06-19,14995.0,14995.0,14995.0,14995.0,0,0,14995.0
IE00B3VTN290,78999213,CE01,GBP,2019-06-20,15049.0,15049.0,15022.0,15022.0,44,1,15049.0
IE00B3VTN290,78999213,CE01,GBP,2019-06-21,15034.0,15087.0,15034.0,15034.5,462,3,15049.55
IE00B3VTN290,78999213,CE01,GBP,2019-06-24,15126.0,15126.0,15124.5,15124.5,327,1,15126.0
IE00B3VTN290,78999213,CE01,GBP,2019-06-25,15145.0,15145.0,15145.0,15145.0,0,0,15145.0
IE00B3VTN290,78999213,CE01,GBP,2019-06-26,15160.5,15160.5,15160.5,15160.5,0,0,15160.5
IE00B3VTN290,78999213,CE01,GBP,2019-06-27,15172.0,15172.0,15172.0,15172.0,0,0,15172.0
IE00B3VTN290,78999213,CE01,GBP,2019-06-28,15190.0,15190.0,15159.0,15159.0,6,1,15190.0
IE00B3VTN290,78999213,CE01,GBP,2019-07-01,15142.0,15217.0,15142.0,15217.0,6,1,15142.0
IE00B3VTN290,78999213,CE01,GBP,2019-07-02,15290.0,15290.0,15290.0,15290.0,0,0,15290.0
IE00B3VTN290,78999213,CE01,GBP,2019-07-03,15385.0,15385.0,15385.0,15385.0,0,0,15385.0
IE00B3VTN290,78999213,CE01,GBP,2019-07-04,15359.0,15359.0,15359.0,15359.0,0,0,15359.0
IE00B3VTN290,78999213,CE01,GBP,2019-07-05,15299.0,15299.0,15299.0,15299.0,0,0,15299.0
IE00B3VTN290,78999213,CE01,GBP,2019-07-08,15275.0,15275.0,15275.0,15275.0,0,0,15275.0
IE00B3VTN290,78999213,CE01,GBP,2019-07-09,15326.0,15326.0,15326.0,15326.0,0,0,15326.0
IE00B3VTN290,78999213,CE01,GBP,2019-07-10,15301.0,15301.0,15301.0,15301.0,0,0,15301.0
IE00B3VTN290,78999213,CE01,GBP,2019-07-11,15208.0,15208.0,15208.0,15208.0,0,0,15208.0
IE00B3VTN290,78999213,CE01,GBP,2019-07-12,15152.0,15152.0,15152.0,15152.0,0,0,15152.0
IE00B3VTN290,78999213,CE01,GBP,2019-07-15,15275.0,15275.0,15275.0,15275.0,0,0,15275.0
IE00B3VTN290,78999213,CE01,GBP,2019-07-16,15362.0,15362.0,15362.0,15362.0,0,0,15362.0
IE00B3VTN290,78999213,CE01,GBP,2019-07-17,15386.0,15386.0,15386.0,15386.0,0,0,15386.0
IE00B3VTN290,78999213,CE01,GBP,2019-07-18,15353.0,15353.0,15353.0,15353.0,0,0,15353.0
IE00B3VTN290,78999213,CE01,GBP,2019-07-19,15333.0,15333.0,15333.0,15333.0,0,0,15333.0
IE00B3VTN290,78999213,CE01,GBP,2019-07-22,15332.0,15346.0,15332.0,15346.0,4,1,15332.0
IE00B3VTN290,78999213,CE01,GBP,2019-07-23,15327.0,15327.0,15327.0,15327.0,0,0,15327.0
IE00B3VTN290,78999213,CE01,GBP,2019-07-24,15302.0,15302.0,15302.0,15302.0,0,0,15302.0
IE00B3VTN290,78999213,CE01,GBP,2019-07-25,15316.0,15316.0,15316.0,15316.0,0,0,15316.0
IE00B3VTN290,78999213,CE01,GBP,2019-07-26,15382.0,15382.0,15382.0,15382.0,0,0,15382.0
IE00B3VTN290,78999213,CE01,GBP,2019-07-29,15610.0,15610.0,15610.0,15610.0,0,0,15610.0
IE00B3VTN290,78999213,CE01,GBP,2019-07-30,15720.0,15735.0,15712.0,15735.0,508,2,15719.85
IE00B3VTN290,78999213,CE01,GBP,2019-07-31,15668.0,15668.0,15668.0,15668.0,0,0,15668.0
IE00B3VTN290,78999213,CE01,GBP,2019-08-01,15688.5,15688.5,15688.5,15688.5,0,0,15688.5
IE00B3VTN290,78999213,CE01,GBP,2019-08-02,15781.0,15814.0,15781.0,15814.0,31,1,15781.0
IE00B3VTN290,78999213,CE01,GBP,2019-08-05,15895.0,15895.0,15895.0,15895.0,0,0,15895.0
IE00B3VTN290,78999213,CE01,GBP,2019-08-06,15940.0,15940.0,15940.0,15940.0,0,0,15940.0
IE00B3VTN290,78999213,CE01,GBP,2019-08-07,16052.0,16052.0,16052.0,16052.0,0,0,16052.0
IE00B3VTN290,78999213,CE01,GBP,2019-08-08,15992.0,15992.0,15992.0,15992.0,0,0,15992.0
IE00B3VTN290,78999213,CE01,GBP,2019-08-09,16000.0,16000.0,16000.0,16000.0,0,0,16000.0
IE00B3VTN290,78999213,CE01,GBP,2019-08-12,16066.0,16066.0,16066.0,16066.0,0,0,16066.0
IE00B3VTN290,78999213,CE01,GBP,2019-08-13,16078.0,16078.0,16078.0,16078.0,0,0,16078.0
IE00B3VTN290,78999213,CE01,GBP,2019-08-14,16066.0,16078.0,16066.0,16073.0,43,2,16074.65
IE00B3VTN290,78999213,CE01,GBP,2019-08-15,16008.0,16053.0,16008.0,16053.0,316,1,16008.0
IE00B3VTN290,78999213,CE01,GBP,2019-08-16,15972.0,15972.0,15950.0,15950.0,93,1,15972.0
IE00B3VTN290,78999213,CE01,GBP,2019-08-19,15940.0,15940.0,15916.0,15916.0,93,1,15940.0
IE00B3VTN290,78999213,CE01,GBP,2019-08-20,15956.0,15956.0,15956.0,15956.0,0,0,15956.0
IE00B3VTN290,78999213,CE01,GBP,2019-08-21,15958.0,15966.0,15958.0,15966.0,13,1,15958.0
IE00B3VTN290,78999213,CE01,GBP,2019-08-22,15780.0,15780.0,15780.0,15780.0,0,0,15780.0
IE00B3VTN290,78999213,CE01,GBP,2019-08-23,15837.0,15837.0,15837.0,15837.0,0,0,15837.0
IE00B3VTN290,78999213,CE01,GBP,2019-08-27,15837.0,15837.0,15820.5,15820.5,316,1,15837.0
IE00B3VTN290,78999213,CE01,GBP,2019-08-28,15940.0,15940.0,15926.0,15926.0,116,1,15940.0
IE00B3VTN290,78999213,CE01,GBP,2019-08-29,15940.0,15940.0,15925.0,15925.0,313,1,15940.0
IE00B3VTN290,78999213,CE01,GBP,2019-08-30,15894.0,15894.0,15841.0,15841.0,2,1,15894.0
IE00B3VTN290,78999213,CE01,GBP,2019-09-02,15956.0,15956.0,15956.0,15956.0,0,0,15956.0
IE00B3VTN290,78999213,CE01,GBP,2019-09-03,15966.5,15966.5,15966.5,15966.5,0,0,15966.5
IE00B3VTN290,78999213,CE01,GBP,2019-09-04,15886.0,15886.0,15886.0,15886.0,0,0,15886.0
IE00B3VTN290,78999213,CE01,GBP,2019-09-05,15634.0,15634.0,15634.0,15634.0,0,0,15634.0
IE00B3VTN290,78999213,CE01,GBP,2019-09-06,15716.0,15716.0,15716.0,15716.0,0,0,15716.0
IE00B3VTN290,78999213,CE01,GBP,2019-09-09,15607.5,15607.5,15607.5,15607.5,0,0,15607.5
IE00B3VTN290,78999213,CE01,GBP,2019-09-10,15549.5,15549.5,15549.5,15549.5,0,0,15549.5
IE00B3VTN290,78999213,CE01,GBP,2019-09-11,15540.0,15540.0,15540.0,15540.0,0,0,15540.0
IE00B3VTN290,78999213,CE01,GBP,2019-09-12,15616.0,15616.0,15616.0,15616.0,0,0,15616.0
IE00B3VTN290,78999213,CE01,GBP,2019-09-13,15428.0,15428.0,15428.0,15428.0,0,0,15428.0
IE00B3VTN290,78999213,CE01,GBP,2019-09-16,15422.0,15463.0,15392.5,15392.5,1925,5,15461.2
IE00B3VTN290,78999213,CE01,GBP,2019-09-17,15334.0,15356.5,15334.0,15356.5,21,1,15334.0
IE00B3VTN290,78999213,CE01,GBP,2019-09-18,15419.0,15419.0,15419.0,15419.0,0,0,15419.0
IE00B3VTN290,78999213,CE01,GBP,2019-09-19,15385.0,15385.0,15385.0,15385.0,0,0,15385.0
IE00B3VTN290,78999213,CE01,GBP,2019-09-20,15304.0,15304.0,15304.0,15304.0,0,0,15304.0
IE00B3VTN290,78999213,CE01,GBP,2019-09-23,15364.0,15454.0,15364.0,15454.0,4,1,15364.0
IE00B3VTN290,78999213,CE01,GBP,2019-09-24,15422.0,15440.5,15422.0,15440.5,10,1,15422.0
IE00B3VTN290,78999213,CE01,GBP,2019-09-25,15470.0,15470.0,15470.0,15470.0,0,0,15470.0
IE00B3VTN290,78999213,CE01,GBP,2019-09-26,15455.5,15455.5,15455.5,15455.5,0,0,15455.5
IE00B3VTN290,78999213,CE01,GBP,2019-09-27,15538.0,15538.0,15538.0,15538.0,0,0,15538.0
IE00B3VTN290,78999213,CE01,GBP,2019-09-30,15538.0,15538.0,15491.0,15491.0,19,1,15538.0
IE00B3VTN290,78999213,CE01,GBP,2019-10-01,15426.0,15570.5,15426.0,15570.5,123,1,15426.0
IE00B3VTN290,78999213,CE01,GBP,2019-10-02,15508.0,15508.0,15508.0,15508.0,0,0,15508.0
IE00B3VTN290,78999213,CE01,GBP,2019-10-03,15493.0,15493.0,15493.0,15493.0,0,0,15493.0
IE00B3VTN290,78999213,CE01,GBP,2019-10-04,15608.0,15608.0,15586.0,15586.0,165,3,15607.85
IE00B3VTN290,78999213,CE01,GBP,2019-10-07,15581.0,15581.0,15581.0,15581.0,0,0,15581.0
IE00B3VTN290,78999213,CE01,GBP,2019-10-08,15694.0,15694.0,15694.0,15694.0,0,0,15694.0
IE00B3VTN290,78999213,CE01,GBP,2019-10-09,15673.5,15673.5,15673.5,15673.5,0,0,15673.5
IE00B3VTN290,78999213,CE01,GBP,2019-10-10,15498.5,15498.5,15498.5,15498.5,0,0,15498.5
IE00B3VTN290,78999213,CE01,GBP,2019-10-11,15248.0,15248.0,15083.0,15083.0,318,1,15248.0
IE00B3VTN290,78999213,CE01,GBP,2019-10-14,15276.0,15276.0,15176.0,15200.0,90,2,15254.9
IE00B3VTN290,78999213,CE01,GBP,2019-10-15,14998.0,14998.0,14998.0,14998.0,0,0,14998.0
IE00B3VTN290,78999213,CE01,GBP,2019-10-16,15068.0,15068.0,14905.0,14905.0,6,1,15068.0
IE00B3VTN290,78999213,CE01,GBP,2019-10-17,14990.0,14990.0,14967.0,14967.0,71,1,14990.0
IE00B3VTN290,78999213,CE01,GBP,2019-10-18,14935.0,14957.0,14935.0,14957.0,141,2,14935.6
IE00B3VTN290,78999213,CE01,GBP,2019-10-21,14800.0,14800.0,14784.0,14784.0,4,1,14800.0
IE00B3VTN290,78999213,CE01,GBP,2019-10-22,14870.0,14870.0,14855.0,14855.0,122,1,14870.0
IE00B3VTN290,78999213,CE01,GBP,2019-10-23,14920.0,14920.0,14920.0,14920.0,0,0,14920.0
IE00B3VTN290,78999213,CE01,GBP,2019-10-24,14961.5,14961.5,14961.5,14961.5,0,0,14961.5
IE00B3VTN290,78999213,CE01,GBP,2019-10-25,14911.5,14911.5,14911.5,14911.5,0,0,14911.5
IE00B3VTN290,78999213,CE01,GBP,2019-10-28,14839.0,14839.0,14839.0,14839.0,0,0,14839.0
IE00B3VTN290,78999213,CE01,GBP,2019-10-29,14857.0,14857.0,14857.0,14857.0,0,0,14857.0
IE00B3VTN290,78999213,CE01,GBP,2019-10-30,14894.0,14894.0,14889.5,14889.5,1,1,14894.0
IE00B3VTN290,78999213,CE01,GBP,2019-10-31,14906.5,14906.5,14906.5,14906.5,0,0,14906.5
IE00B3VTN290,78999213,CE01,GBP,2019-11-01,14883.0,14883.0,14883.0,14883.0,0,0,14883.0
IE00B3VTN290,78999213,CE01,GBP,2019-11-04,14857.0,14857.0,14857.0,14857.0,0,0,14857.0
IE00B3VTN290,78999213,CE01,GBP,2019-11-05,14786.0,14786.0,14786.0,14786.0,0,0,14786.0
IE00B3VTN290,78999213,CE01,GBP,2019-11-06,14801.0,14801.0,14793.0,14793.0,66,2,14800.5
IE00B3VTN290,78999213,CE01,GBP,2019-11-07,14713.0,14713.0,14713.0,14713.0,0,0,14713.0
IE00B3VTN290,78999213,CE01,GBP,2019-11-08,14727.0,14727.0,14727.0,14727.0,0,0,14727.0
IE00B3VTN290,78999213,CE01,GBP,2019-11-11,14619.0,14619.0,14619.0,14619.0,0,0,14619.0
IE00B3VTN290,78999213,CE01,GBP,2019-11-12,14625.0,14625.0,14610.0,14611.5,12,2,14617.5
IE00B3VTN290,78999213,CE01,GBP,2019-11-13,14625.0,14625.0,14625.0,14625.0,0,0,14625.0
IE00B3VTN290,78999213,CE01,GBP,2019-11-14,14593.0,14593.0,14593.0,14593.0,0,0,14593.0
IE00B3VTN290,78999213,CE01,GBP,2019-11-15,14643.0,14643.0,14643.0,14643.0,0,0,14643.0
IE00B3VTN290,78999213,CE01,GBP,2019-11-18,14631.0,14631.0,14631.0,14631.0,0,0,14631.0
IE00B3VTN290,78999213,CE01,GBP,2019-11-19,14629.0,14656.0,14629.0,14651.0,240,3,14642.15
IE00B3VTN290,78999213,CE01,GBP,2019-11-20,14669.0,14669.0,14669.0,14669.0,0,0,14669.0
IE00B3VTN290,78999213,CE01,GBP,2019-11-21,14663.0,14663.0,14663.0,14663.0,0,0,14663.0
IE00B3VTN290,78999213,CE01,GBP,2019-11-22,14735.0,14735.0,14735.0,14735.0,0,0,14735.0
IE00B3VTN290,78999213,CE01,GBP,2019-11-25,14621.0,14621.0,14621.0,14621.0,0,0,14621.0
IE00B3VTN290,78999213,CE01,GBP,2019-11-26,14730.0,14730.0,14711.0,14711.0,22,1,14730.0
IE00B3VTN290,78999213,CE01,GBP,2019-11-27,14621.0,14621.0,14621.0,14621.0,0,0,14621.0
IE00B3VTN290,78999213,CE01,GBP,2019-11-28,14597.5,14597.5,14597.5,14597.5,0,0,14597.5
IE00B3VTN290,78999213,CE01,GBP,2019-11-29,14581.0,14581.0,14581.0,14581.0,0,0,14581.0
IE00B3VTN290,78999213,CE01,GBP,2019-12-02,14579.0,14579.0,14579.0,14579.0,0,0,14579.0
IE00B3VTN290,78999213,CE01,GBP,2019-12-03,14519.0,14590.0,14519.0,14589.0,2047,2,14519.55
IE00B3VTN290,78999213,CE01,GBP,2019-12-04,14449.0,14449.0,14449.0,14449.0,0,0,14449.0
IE00B3VTN290,78999213,CE01,GBP,2019-12-05,14360.0,14360.0,14360.0,14360.0,0,0,14360.0
IE00B3VTN290,78999213,CE01,GBP,2019-12-06,14333.5,14333.5,14333.5,14333.5,0,0,14333.5
IE00B3VTN290,78999213,CE01,GBP,2019-12-09,14350.0,14350.0,14350.0,14350.0,0,0,14350.0
IE00B3VTN290,78999213,CE01,GBP,2019-12-10,14365.0,14365.0,14365.0,14365.0,0,0,14365.0
IE00B3VTN290,78999213,CE01,GBP,2019-12-11,14398.0,14398.0,14398.0,14398.0,0,0,14398.0
IE00B3VTN290,78999213,CE01,GBP,2019-12-12,14432.0,14432.0,14432.0,14432.0,0,0,14432.0
IE00B3VTN290,78999213,CE01,GBP,2019-12-13,14260.0,14261.0,14260.0,14261.0,21,1,14260.0
IE00B3VTN290,78999213,CE01,GBP,2019-12-16,14271.0,14271.0,14271.0,14271.0,0,0,14271.0
IE00B3VTN290,78999213,CE01,GBP,2019-12-17,14519.0,14519.0,14519.0,14519.0,0,0,14519.0
IE00B3VTN290,78999213,CE01,GBP,2019-12-18,14495.0,14495.0,14495.0,14495.0,0,0,14495.0
IE00B3VTN290,78999213,CE01,GBP,2019-12-19,14535.0,14535.0,14535.0,14535.0,0,0,14535.0
IE00B3VTN290,78999213,CE01,GBP,2019-12-20,14509.0,14509.0,14446.0,14446.5,31,3,14480.55
IE00B3VTN290,78999213,CE01,GBP,2019-12-23,14601.0,14601.0,14601.0,14601.0,0,0,14601.0
IE00B3VTN290,78999213,CE01,GBP,2019-12-24,14554.0,14554.0,14554.0,14554.0,0,0,14554.0
IE00B3VTN290,78999213,CE01,GBP,2019-12-27,14506.0,14539.0,14506.0,14539.0,293,1,14506.0
IE00B3VTN290,78999213,CE01,GBP,2019-12-30,14479.5,14479.5,14479.5,14479.5,0,0,14479.5
IE00B3VTN290,78999213,CE01,GBP,2019-12-31,14460.0,14460.0,14440.0,14440.0,5,1,14460.0
IE00B3VTN290,78999213,CE01,GBP,2020-01-02,14448.0,14448.0,14448.0,14448.0,3,1,14448.0
IE00B3VTN290,78999213,CE01,GBP,2020-01-03,14594.0,14594.0,14576.0,14576.0,1,1,14594.0
IE00B3VTN290,78999213,CE01,GBP,2020-01-06,14509.0,14509.0,14509.0,14509.0,0,0,14509.0
IE00B3VTN290,78999213,CE01,GBP,2020-01-07,14490.0,14490.0,14490.0,14490.0,0,0,14490.0
IE00B3VTN290,78999213,CE01,GBP,2020-01-08,14463.5,14463.5,14463.5,14463.5,0,0,14463.5
IE00B3VTN290,78999213,CE01,GBP,2020-01-09,14456.5,14456.5,14456.5,14456.5,0,0,14456.5
IE00B3VTN290,78999213,CE01,GBP,2020-01-10,14502.0,14502.0,14502.0,14502.0,0,0,14502.0
IE00B3VTN290,78999213,CE01,GBP,2020-01-13,14565.5,14565.5,14565.5,14565.5,0,0,14565.5
IE00B3VTN290,78999213,CE01,GBP,2020-01-14,14531.0,14531.0,14531.0,14531.0,0,0,14531.0
IE00B3VTN290,78999213,CE01,GBP,2020-01-15,14571.5,14571.5,14571.5,14571.5,0,0,14571.5
IE00B3VTN290,78999213,CE01,GBP,2020-01-16,14485.0,14485.0,14485.0,14485.0,0,0,14485.0
IE00B3VTN290,78999213,CE01,GBP,2020-01-17,14491.0,14491.0,14491.0,14491.0,0,0,14491.0
IE00B3VTN290,78999213,CE01,GBP,2020-01-20,14517.0,14517.0,14517.0,14517.0,0,0,14517.0
IE00B3VTN290,78999213,CE01,GBP,2020-01-21,14506.0,14506.0,14506.0,14506.0,0,0,14506.0
IE00B3VTN290,78999213,CE01,GBP,2020-01-22,14411.0,14411.0,14411.0,14411.0,0,0,14411.0
IE00B3VTN290,78999213,CE01,GBP,2020-01-23,14445.5,14445.5,14445.5,14445.5,0,0,14445.5
IE00B3VTN290,78999213,CE01,GBP,2020-01-24,14516.0,14516.0,14490.5,14490.5,75,1,14516.0
IE00B3VTN290,78999213,CE01,GBP,2020-01-27,14585.0,14585.0,14585.0,14585.0,0,0,14585.0
IE00B3VTN290,78999213,CE01,GBP,2020-01-28,14622.0,14622.0,14619.0,14619.0,9,1,14622.0
IE00B3VTN290,78999213,CE01,GBP,2020-01-29,14623.5,14623.5,14623.5,14623.5,0,0,14623.5
IE00B3VTN290,78999213,CE01,GBP,2020-01-30,14593.0,14593.0,14593.0,14593.0,0,0,14593.0
IE00B3VTN290,78999213,CE01,GBP,2020-01-31,14603.0,14603.0,14603.0,14603.0,0,0,14603.0
IE00B3VTN290,78999213,CE01,GBP,2020-02-03,14753.0,14753.0,14753.0,14753.0,0,0,14753.0
IE00B3VTN290,78999213,CE01,GBP,2020-02-04,14677.0,14677.0,14677.0,14677.0,0,0,14677.0
IE00B3VTN290,78999213,CE01,GBP,2020-02-05,14641.0,14641.0,14641.0,14641.0,0,0,14641.0
IE00B3VTN290,78999213,CE01,GBP,2020-02-06,14669.0,14669.0,14669.0,14669.0,0,0,14669.0
IE00B3VTN290,78999213,CE01,GBP,2020-02-07,14681.0,14681.0,14681.0,14681.0,0,0,14681.0
IE00B3VTN290,78999213,CE01,GBP,2020-02-10,14645.0,14645.0,14645.0,14645.0,0,0,14645.0
IE00B3VTN290,78999213,CE01,GBP,2020-02-11,14601.0,14601.0,14601.0,14601.0,0,0,14601.0
IE00B3VTN290,78999213,CE01,GBP,2020-02-12,14564.0,14564.0,14536.0,14536.0,20,1,14564.0
IE00B3VTN290,78999213,CE01,GBP,2020-02-13,14462.0,14462.0,14414.0,14414.0,69,1,14462.0
IE00B3VTN290,78999213,CE01,GBP,2020-02-14,14431.5,14431.5,14431.5,14431.5,0,0,14431.5
IE00B3VTN290,78999213,CE01,GBP,2020-02-17,14417.0,14447.0,14417.0,14439.0,32,3,14430.25
IE00B3VTN290,78999213,CE01,GBP,2020-02-18,14407.0,14407.0,14407.0,14407.0,0,0,14407.0
IE00B3VTN290,78999213,CE01,GBP,2020-02-19,14436.0,14466.0,14436.0,14466.0,3,1,14436.0
IE00B3VTN290,78999213,CE01,GBP,2020-02-20,14569.0,14569.0,14569.0,14569.0,0,0,14569.0
IE00B3VTN290,78999213,CE01,GBP,2020-02-21,14544.0,14552.0,14544.0,14552.0,26,1,14544.0
IE00B3VTN290,78999213,CE01,GBP,2020-02-24,14600.0,14615.0,14600.0,14615.0,22,1,14600.0
IE00B3VTN290,78999213,CE01,GBP,2020-02-25,14559.0,14559.0,14559.0,14559.0,0,0,14559.0
IE00B3VTN290,78999213,CE01,GBP,2020-02-26,14647.0,14647.0,14647.0,14647.0,0,0,14647.0
IE00B3VTN290,78999213,CE01,GBP,2020-02-27,14829.0,14829.0,14829.0,14829.0,0,0,14829.0
IE00B3VTN290,78999213,CE01,GBP,2020-02-28,15003.0,15003.0,15003.0,15003.0,0,0,15003.0
IE00B3VTN290,78999213,CE01,GBP,2020-03-02,15197.0,15197.0,15197.0,15197.0,0,0,15197.0
IE00B3VTN290,78999213,CE01,GBP,2020-03-03,15142.0,15259.0,15142.0,15259.0,53,2,15145.95
IE00B3VTN290,78999213,CE01,GBP,2020-03-04,15204.0,15204.0,15204.0,15204.0,0,0,15204.0
IE00B3VTN290,78999213,CE01,GBP,2020-03-05,15151.0,15151.0,15151.0,15151.0,0,0,15151.0
IE00B3VTN290,78999213,CE01,GBP,2020-03-06,15241.0,15241.0,15241.0,15241.0,0,0,15241.0
IE00B3VTN290,78999213,CE01,GBP,2020-03-09,15245.0,15245.0,15245.0,15245.0,0,0,15245.0
IE00B3VTN290,78999213,CE01,GBP,2020-03-10,15240.0,15240.0,15240.0,15240.0,0,0,15240.0
IE00B3VTN290,78999213,CE01,GBP,2020-03-11,15295.0,15295.0,15295.0,15295.0,0,0,15295.0
IE00B3VTN290,78999213,CE01,GBP,2020-03-12,15183.5,15183.5,15183.5,15183.5,0,0,15183.5
IE00B3VTN290,78999213,CE01,GBP,2020-03-13,15064.0,15174.0,15063.0,15174.0,118,3,15069.6
IE00B3VTN290,78999213,CE01,GBP,2020-03-16,15215.0,15331.0,15144.0,15144.0,2,2,15273.0
IE00B3VTN290,78999213,CE01,GBP,2020-03-17,15137.0,15176.0,15092.0,15092.0,26,3,15156.5
IE00B3VTN290,78999213,CE01,GBP,2020-03-18,15140.5,15140.5,15140.5,15140.5,0,0,15140.5
IE00B3VTN290,78999213,CE01,GBP,2020-03-19,15241.0,15241.0,15241.0,15241.0,0,0,15241.0
IE00B3VTN290,78999213,CE01,GBP,2020-03-20,15449.0,15450.0,15374.0,15374.0,23,2,15449.9
IE00B3VTN290,78999213,CE01,GBP,2020-03-23,15621.0,15784.0,15621.0,15784.0,19,2,15621.0
IE00B3VTN290,78999213,CE01,GBP,2020-03-24,15390.0,15390.0,15390.0,15390.0,0,0,15390.0
IE00B3VTN290,78999213,CE01,GBP,2020-03-25,15378.0,15451.5,15378.0,15451.5,110,1,15378.0
IE00B3VTN290,78999213,CE01,GBP,2020-03-26,15455.0,15514.0,15452.0,15514.0,75,2,15452.7
IE00B3VTN290,78999213,CE01,GBP,2020-03-27,15295.0,15295.0,15295.0,15295.0,0,0,15295.0
IE00B3VTN290,78999213,CE01,GBP,2020-03-30,15218.0,15218.0,15218.0,15218.0,0,0,15218.0
IE00B3VTN290,78999213,CE01,GBP,2020-03-31,15014.0,15014.0,15014.0,15014.0,0,0,15014.0
IE00B3VTN290,78999213,CE01,GBP,2020-04-01,14989.5,14989.5,14989.5,14989.5,0,0,14989.5
IE00B3VTN290,78999213,CE01,GBP,2020-04-02,14909.0,14909.0,14891.5,14891.5,86,2,14909.0
IE00B3VTN290,78999213,CE01,GBP,2020-04-03,14932.5,14932.5,14932.5,14932.5,0,0,14932.5
IE00B3VTN290,78999213,CE01,GBP,2020-04-06,14930.0,14930.0,14930.0,14930.0,0,0,14930.0
IE00B3VTN290,78999213,CE01,GBP,2020-04-07,14837.0,14837.0,14837.0,14837.0,0,0,14837.0
IE00B3VTN290,78999213,CE01,GBP,2020-04-08,14707.0,14707.0,14707.0,14707.0,0,0,14707.0
IE00B3VTN290,78999213,CE01,GBP,2020-04-09,14803.0,14803.0,14803.0,14803.0,0,0,14803.0
IE00B3VTN290,78999213,CE01,GBP,2020-04-14,14639.0,14639.0,14639.0,14639.0,0,0,14639.0
IE00B3VTN290,78999213,CE01,GBP,2020-04-15,14658.0,14658.0,14658.0,14658.0,0,0,14658.0
IE00B3VTN290,78999213,CE01,GBP,2020-04-16,14660.0,14728.0,14660.0,14677.0,132,2,14675.45
IE00B3VTN290,78999213,CE01,GBP,2020-04-17,14691.0,14691.0,14691.0,14691.0,0,0,14691.0
IE00B3VTN290,78999213,CE01,GBP,2020-04-20,14644.0,14644.0,14644.0,14644.0,0,0,14644.0
IE00B3VTN290,78999213,CE01,GBP,2020-04-21,14769.0,14769.0,14769.0,14769.0,0,0,14769.0
IE00B3VTN290,78999213,CE01,GBP,2020-04-22,14622.0,14622.0,14622.0,14622.0,0,0,14622.0
IE00B3VTN290,78999213,CE01,GBP,2020-04-23,14620.0,14620.0,14620.0,14620.0,0,0,14620.0
IE00B3VTN290,78999213,CE01,GBP,2020-04-24,14674.0,14726.0,14674.0,14726.0,144,1,14674.0
IE00B3VTN290,78999213,CE01,GBP,2020-04-27,14710.0,14710.0,14710.0,14710.0,0,0,14710.0
IE00B3VTN290,78999213,CE01,GBP,2020-04-28,14719.0,14719.0,14719.0,14719.0,0,0,14719.0
IE00B3VTN290,78999213,CE01,GBP,2020-04-29,14777.0,14777.0,14777.0,14777.0,0,0,14777.0
IE00B3VTN290,78999213,CE01,GBP,2020-04-30,14787.0,14787.0,14787.0,14787.0,0,0,14787.0
IE00B3VTN290,78999213,CE01,GBP,2020-05-01,14951.0,14951.0,14951.0,14951.0,0,0,14951.0
IE00B3VTN290,78999213,CE01,GBP,2020-05-04,14938.0,14938.0,14925.0,14925.0,33,1,14938.0
IE00B3VTN290,78999213,CE01,GBP,2020-05-05,14767.0,14767.0,14767.0,14767.0,0,0,14767.0
IE00B3VTN290,78999213,CE01,GBP,2020-05-06,14743.0,14743.0,14743.0,14743.0,0,0,14743.0
IE00B3VTN290,78999213,CE01,GBP,2020-05-07,14838.0,14838.0,14838.0,14838.0,0,0,14838.0
IE00B3VTN290,78999213,CE01,GBP,2020-05-11,14870.0,14870.0,14813.5,14813.5,99,3,14848.65
IE00B3VTN290,78999213,CE01,GBP,2020-05-12,14926.0,14926.0,14926.0,14926.0,0,0,14926.0
IE00B3VTN290,78999213,CE01,GBP,2020-05-13,15045.0,15045.0,15045.0,15045.0,0,0,15045.0
IE00B3VTN290,78999213,CE01,GBP,2020-05-14,15019.0,15019.0,15019.0,15019.0,0,0,15019.0
IE00B3VTN290,78999213,CE01,GBP,2020-05-15,15105.0,15105.0,15105.0,15105.0,0,0,15105.0
IE00B3VTN290,78999213,CE01,GBP,2020-05-18,15103.0,15103.0,15103.0,15103.0,0,0,15103.0
IE00B3VTN290,78999213,CE01,GBP,2020-05-19,15159.0,15159.0,15159.0,15159.0,0,0,15159.0
IE00B3VTN290,78999213,CE01,GBP,2020-05-20,15228.0,15228.0,15228.0,15228.0,0,0,15228.0
IE00B3VTN290,78999213,CE01,GBP,2020-05-21,15254.0,15254.0,15254.0,15254.0,0,0,15254.0
IE00B3VTN290,78999213,CE01,GBP,2020-05-22,15222.0,15222.0,15222.0,15222.0,0,0,15222.0
IE00B3VTN290,78999213,CE01,GBP,2020-05-26,15161.0,15161.0,15112.0,15112.0,19,5,15159.75
IE00B3VTN290,78999213,CE01,GBP,2020-05-27,15295.0,15295.0,15295.0,15295.0,0,0,15295.0
IE00B3VTN290,78999213,CE01,GBP,2020-05-28,15331.0,15331.0,15331.0,15331.0,0,0,15331.0
IE00B3VTN290,78999213,CE01,GBP,2020-05-29,15401.0,15401.0,15401.0,15401.0,0,0,15401.0
IE00B3VTN290,78999213,CE01,GBP,2020-06-01,15214.0,15214.0,15214.0,15214.0,0,0,15214.0
IE00B3VTN290,78999213,CE01,GBP,2020-06-02,15212.0,15212.0,15212.0,15212.0,0,0,15212.0
IE00B3VTN290,78999213,CE01,GBP,2020-06-03,15147.0,15147.0,15147.0,15147.0,0,0,15147.0
IE00B3VTN290,78999213,CE01,GBP,2020-06-04,15323.5,15323.5,15323.5,15323.5,0,0,15323.5
IE00B3VTN290,78999213,CE01,GBP,2020-06-05,15140.0,15140.0,15125.0,15125.0,4,1,15140.0
IE00B3VTN290,78999213,CE01,GBP,2020-06-08,15152.0,15176.0,15152.0,15176.0,32,1,15152.0
IE00B3VTN290,78999213,CE01,GBP,2020-06-09,15159.0,15159.0,15159.0,15159.0,0,0,15159.0
IE00B3VTN290,78999213,CE01,GBP,2020-06-10,15103.0,15103.0,15103.0,15103.0,0,0,15103.0
IE00B3VTN290,78999213,CE01,GBP,2020-06-11,15371.0,15371.0,15371.0,15371.0,0,0,15371.0
IE00B3VTN290,78999213,CE01,GBP,2020-06-12,15361.0,15361.0,15361.0,15361.0,0,0,15361.0
IE00B3VTN290,78999213,CE01,GBP,2020-06-15,15374.0,15374.0,15371.0,15371.0,6,1,15374.0
IE00B3VTN290,78999213,CE01,GBP,2020-06-16,15335.0,15335.0,15335.0,15335.0,0,0,15335.0
IE00B3VTN290,78999213,CE01,GBP,2020-06-17,15357.0,15357.0,15357.0,15357.0,0,0,15357.0
IE00B3VTN290,78999213,CE01,GBP,2020-06-18,15505.0,15505.0,15505.0,15505.0,0,0,15505.0
IE00B3VTN290,78999213,CE01,GBP,2020-06-19,15560.0,15568.0,15558.0,15558.0,33,2,15562.9
IE00B3VTN290,78999213,CE01,GBP,2020-06-22,15547.0,15594.0,15547.0,15594.0,19,1,15547.0
IE00B3VTN290,78999213,CE01,GBP,2020-06-23,15568.0,15568.0,15568.0,15568.0,0,0,15568.0
IE00B3VTN290,78999213,CE01,GBP,2020-06-24,15623.0,15623.0,15623.0,15623.0,0,0,15623.0
IE00B3VTN290,78999213,CE01,GBP,2020-06-25,15599.0,15599.0,15599.0,15599.0,0,0,15599.0
IE00B3VTN290,78999213,CE01,GBP,2020-06-26,15694.0,15694.0,15694.0,15694.0,0,0,15694.0
IE00B3VTN290,78999213,CE01,GBP,2020-06-29,15801.0,15816.0,15801.0,15816.0,63,1,15801.0
IE00B3VTN290,78999213,CE01,GBP,2020-06-30,15677.0,15677.0,15677.0,15677.0,0,0,15677.0
IE00B3VTN290,78999213,CE01,GBP,2020-07-01,15529.0,15529.0,15529.0,15529.0,0,0,15529.0
IE00B3VTN290,78999213,CE01,GBP,2020-07-02,15543.0,15543.0,15543.0,15543.0,0,0,15543.0
IE00B3VTN290,78999213,CE01,GBP,2020-07-03,15562.0,15564.0,15549.0,15549.0,46,6,15561.3
IE00B3VTN290,78999213,CE01,GBP,2020-07-06,15626.0,15626.0,15626.0,15626.0,0,0,15626.0
IE00B3VTN290,78999213,CE01,GBP,2020-07-07,15492.0,15492.0,15492.0,15492.0,0,0,15492.0
IE00B3VTN290,78999213,CE01,GBP,2020-07-08,15548.0,15548.0,15548.0,15548.0,0,0,15548.0
IE00B3VTN290,78999213,CE01,GBP,2020-07-09,15495.0,15495.0,15495.0,15495.0,0,0,15495.0
IE00B3VTN290,78999213,CE01,GBP,2020-07-10,15469.0,15469.0,15469.0,15469.0,0,0,15469.0
IE00B3VTN290,78999213,CE01,GBP,2020-07-13,15520.0,15520.0,15520.0,15520.0,0,0,15520.0
IE00B3VTN290,78999213,CE01,GBP,2020-07-14,15704.0,15704.0,15704.0,15704.0,0,0,15704.0
IE00B3VTN290,78999213,CE01,GBP,2020-07-15,15656.0,15656.0,15656.0,15656.0,0,0,15656.0
IE00B3VTN290,78999213,CE01,GBP,2020-07-16,15716.0,15716.0,15684.0,15692.0,81,2,15692.3
IE00B3VTN290,78999213,CE01,GBP,2020-07-17,15771.0,15771.0,15771.0,15771.0,0,0,15771.0
IE00B3VTN290,78999213,CE01,GBP,2020-07-20,15689.0,15689.0,15689.0,15689.0,0,0,15689.0
IE00B3VTN290,78999213,CE01,GBP,2020-07-21,15622.0,15646.0,15612.0,15646.0,70,5,15616.1
IE00B3VTN290,78999213,CE01,GBP,2020-07-22,15825.0,15825.0,15825.0,15825.0,0,0,15825.0
IE00B3VTN290,78999213,CE01,GBP,2020-07-23,15815.0,15815.0,15815.0,15815.0,0,0,15815.0
IE00B3VTN290,78999213,CE01,GBP,2020-07-24,15783.0,15783.0,15783.0,15783.0,0,0,15783.0
IE00B3VTN290,78999213,CE01,GBP,2020-07-27,15827.0,15878.0,15827.0,15878.0,73,5,15837.45
IE00B3VTN290,78999213,CE01,GBP,2020-07-28,15763.5,15763.5,15763.5,15763.5,0,0,15763.5
IE00B3VTN290,78999213,CE01,GBP,2020-07-29,15774.0,15774.0,15774.0,15774.0,0,0,15774.0
IE00B3VTN290,78999213,CE01,GBP,2020-07-30,15782.0,15782.0,15773.5,15773.5,65,1,15782.0
IE00B3VTN290,78999213,CE01,GBP,2020-07-31,15663.0,15663.0,15663.0,15663.0,0,0,15663.0
IE00B3VTN290,78999213,CE01,GBP,2020-08-03,15671.0,15671.0,15671.0,15671.0,0,0,15671.0
IE00B3VTN290,78999213,CE01,GBP,2020-08-04,15737.5,15737.5,15737.5,15737.5,0,0,15737.5
IE00B3VTN290,78999213,CE01,GBP,2020-08-05,15785.0,15785.0,15762.0,15762.0,200,1,15785.0
IE00B3VTN290,78999213,CE01,GBP,2020-08-06,15756.5,15756.5,15756.5,15756.5,0,0,15756.5
IE00B3VTN290,78999213,CE01,GBP,2020-08-07,15753.5,15753.5,15753.5,15753.5,0,0,15753.5
IE00B3VTN290,78999213,CE01,GBP,2020-08-10,15699.5,15699.5,15699.5,15699.5,0,0,15699.5
IE00B3VTN290,78999213,CE01,GBP,2020-08-11,15668.0,15672.0,15661.5,15661.5,69,4,15671.0
IE00B3VTN290,78999213,CE01,GBP,2020-08-12,15709.0,15709.0,15709.0,15709.0,0,0,15709.0
IE00B3VTN290,78999213,CE01,GBP,2020-08-13,15646.5,15646.5,15646.5,15646.5,0,0,15646.5
IE00B3VTN290,78999213,CE01,GBP,2020-08-14,15641.0,15641.0,15641.0,15641.0,0,0,15641.0
IE00B3VTN290,78999213,CE01,GBP,2020-08-17,15741.0,15741.0,15741.0,15741.0,0,0,15741.0
IE00B3VTN290,78999213,CE01,GBP,2020-08-18,15680.0,15680.0,15671.0,15671.0,605,1,15680.0
IE00B3VTN290,78999213,CE01,GBP,2020-08-19,15705.0,15705.0,15705.0,15705.0,0,0,15705.0
IE00B3VTN290,78999213,CE01,GBP,2020-08-20,15689.0,15689.0,15689.0,15689.0,0,0,15689.0
IE00B3VTN290,78999213,CE01,GBP,2020-08-21,15676.0,15679.5,15674.0,15679.5,42,6,15675.1
IE00B3VTN290,78999213,CE01,GBP,2020-08-24,15713.5,15713.5,15713.5,15713.5,0,0,15713.5
IE00B3VTN290,78999213,CE01,GBP,2020-08-25,15588.5,15588.5,15588.5,15588.5,0,0,15588.5
IE00B3VTN290,78999213,CE01,GBP,2020-08-26,15514.0,15514.0,15514.0,15514.0,0,0,15514.0
IE00B3VTN290,78999213,CE01,GBP,2020-08-27,15557.0,15557.0,15443.0,15470.0,28,3,15504.45
IE00B3VTN290,78999213,CE01,GBP,2020-08-28,15422.5,15422.5,15422.5,15422.5,0,0,15422.5
IE00B3VTN290,78999213,CE01,GBP,2020-09-01,15429.0,15429.0,15385.0,15396.0,57,9,15402.55
IE00B3VTN290,78999213,CE01,GBP,2020-09-02,15474.0,15474.0,15474.0,15474.0,0,0,15474.0
IE00B3VTN290,78999213,CE01,GBP,2020-09-03,15533.0,15533.0,15515.0,15515.0,20,3,15531.3
IE00B3VTN290,78999213,CE01,GBP,2020-09-04,15514.0,15518.5,15510.0,15518.5,42,6,15511.85
IE00B3VTN290,78999213,CE01,GBP,2020-09-07,15583.0,15584.0,15580.0,15580.0,22,4,15582.9
IE00B3VTN290,78999213,CE01,GBP,2020-09-08,15738.0,15740.0,15729.5,15729.5,28,6,15738.55
IE00B3VTN290,78999213,CE01,GBP,2020-09-09,15760.0,15760.0,15760.0,15760.0,0,0,15760.0
IE00B3VTN290,78999213,CE01,GBP,2020-09-10,15979.0,16008.0,15979.0,15994.0,12,2,15993.5
IE00B3VTN290,78999213,CE01,GBP,2020-09-11,16101.5,16101.5,16101.5,16101.5,0,0,16101.5
IE00B3VTN290,78999213,CE01,GBP,2020-09-14,16070.0,16070.0,16051.5,16051.5,2,2,16070.0
IE00B3VTN290,78999213,CE01,GBP,2020-09-15,16053.5,16053.5,16053.5,16053.5,0,0,16053.5
IE00B3VTN290,78999213,CE01,GBP,2020-09-16,15886.5,15886.5,15886.5,15886.5,0,0,15886.5
IE00B3VTN290,78999213,CE01,GBP,2020-09-17,15885.0,15923.0,15885.0,15923.0,602,1,15885.0
IE00B3VTN290,78999213,CE01,GBP,2020-09-18,15967.5,15967.5,15967.5,15967.5,0,0,15967.5
IE00B3VTN290,78999213,CE01,GBP,2020-09-21,15971.0,16054.0,15966.0,16040.5,49,5,15997.8
IE00B3VTN290,78999213,CE01,GBP,2020-09-22,16077.0,16077.0,16077.0,16077.0,0,0,16077.0
IE00B3VTN290,78999213,CE01,GBP,2020-09-23,16140.0,16140.0,16018.0,16018.0,50,1,16140.0
IE00B3VTN290,78999213,CE01,GBP,2020-09-24,16001.5,16001.5,16001.5,16001.5,0,0,16001.5
IE00B3VTN290,78999213,CE01,GBP,2020-09-25,15992.0,15992.0,15992.0,15992.0,0,0,15992.0
IE00B3VTN290,78999213,CE01,GBP,2020-09-28,15933.0,15933.0,15858.0,15858.0,21,5,15907.0
IE00B3VTN290,78999213,CE01,GBP,2020-09-29,16006.0,16006.0,15983.0,15990.5,651,7,15984.75
IE00B3VTN290,78999213,CE01,GBP,2020-09-30,15879.5,15879.5,15879.5,15879.5,0,0,15879.5
IE00B3VTN290,78999213,CE01,GBP,2020-10-01,15884.0,15946.5,15884.0,15946.5,601,3,15884.0
IE00B3VTN290,78999213,CE01,GBP,2020-10-02,15876.0,15876.0,15876.0,15876.0,0,0,15876.0
IE00B3VTN290,78999213,CE01,GBP,2020-10-05,15905.0,15905.0,15905.0,15905.0,0,0,15905.0
IE00B3VTN290,78999213,CE01,GBP,2020-10-06,15945.0,15945.0,15915.0,15929.0,28,2,15930.0
IE00B3VTN290,78999213,CE01,GBP,2020-10-07,15935.0,15935.0,15935.0,15935.0,0,0,15935.0
IE00B3VTN290,78999213,CE01,GBP,2020-10-08,15950.0,15950.0,15950.0,15950.0,0,0,15950.0
IE00B3VTN290,78999213,CE01,GBP,2020-10-09,15963.0,15963.0,15963.0,15963.0,0,0,15963.0
IE00B3VTN290,78999213,CE01,GBP,2020-10-12,15891.0,15891.0,15891.0,15891.0,0,0,15891.0
IE00B3VTN290,78999213,CE01,GBP,2020-10-13,15929.0,15929.0,15929.0,15929.0,0,0,15929.0
IE00B3VTN290,78999213,CE01,GBP,2020-10-14,15960.0,15960.0,15893.0,15909.0,92,3,15949.1
IE00B3VTN290,78999213,CE01,GBP,2020-10-15,15969.0,15969.0,15969.0,15969.0,0,0,15969.0
IE00B3VTN290,78999213,CE01,GBP,2020-10-16,15996.0,16040.0,15995.0,16026.0,648,7,16025.5
IE00B3VTN290,78999213,CE01,GBP,2020-10-19,16005.0,16005.0,16005.0,16005.0,0,0,16005.0
IE00B3VTN290,78999213,CE01,GBP,2020-10-20,16070.0,16070.0,16070.0,16070.0,0,0,16070.0
IE00B3VTN290,78999213,CE01,GBP,2020-10-21,15879.0,15879.0,15879.0,15879.0,0,0,15879.0
IE00B3VTN290,78999213,CE01,GBP,2020-10-22,15865.0,15865.0,15865.0,15865.0,0,0,15865.0
IE00B3VTN290,78999213,CE01,GBP,2020-10-23,15953.0,15953.0,15953.0,15953.0,0,0,15953.0
IE00B3VTN290,78999213,CE01,GBP,2020-10-26,16036.0,16036.0,15963.0,15963.0,598,1,16036.0
IE00B3VTN290,78999213,CE01,GBP,2020-10-27,15957.0,15957.0,15957.0,15957.0,0,0,15957.0
IE00B3VTN290,78999213,CE01,GBP,2020-10-28,15951.0,15951.0,15951.0,15951.0,0,0,15951.0
IE00B3VTN290,78999213,CE01,GBP,2020-10-29,15949.0,15949.0,15949.0,15949.0,0,0,15949.0
IE00B3VTN290,78999213,CE01,GBP,2020-10-30,15869.0,15869.0,15869.0,15869.0,0,0,15869.0
IE00B3VTN290,78999213,CE01,GBP,2020-11-02,15935.0,15935.0,15930.0,15930.0,50,1,15935.0
IE00B3VTN290,78999213,CE01,GBP,2020-11-03,15844.5,15844.5,15844.5,15844.5,0,0,15844.5
IE00B3VTN290,78999213,CE01,GBP,2020-11-04,15957.0,15957.0,15957.0,15957.0,0,0,15957.0
IE00B3VTN290,78999213,CE01,GBP,2020-11-05,15964.0,15964.0,15964.0,15964.0,0,0,15964.0
IE00B3VTN290,78999213,CE01,GBP,2020-11-06,15953.5,15953.5,15953.5,15953.5,0,0,15953.5
IE00B3VTN290,78999213,CE01,GBP,2020-11-09,15777.5,15777.5,15777.5,15777.5,0,0,15777.5
IE00B3VTN290,78999213,CE01,GBP,2020-11-10,15611.0,15661.5,15609.0,15661.5,21,4,15610.05
IE00B3VTN290,78999213,CE01,GBP,2020-11-11,15528.0,15647.0,15528.0,15647.0,28,2,15581.5
IE00B3VTN290,78999213,CE01,GBP,2020-11-12,15782.0,15830.0,15782.0,15824.0,627,3,15783.45
IE00B3VTN290,78999213,CE01,GBP,2020-11-13,15820.0,15845.0,15813.0,15813.0,33,3,15839.05
IE00B3VTN290,78999213,CE01,GBP,2020-11-16,15815.0,15815.0,15815.0,15815.0,0,0,15815.0
IE00B3VTN290,78999213,CE01,GBP,2020-11-17,15805.0,15805.0,15805.0,15805.0,0,0,15805.0
IE00B3VTN290,78999213,CE01,GBP,2020-11-18,15751.0,15751.0,15751.0,15751.0,0,0,15751.0
IE00B3VTN290,78999213,CE01,GBP,2020-11-19,15811.0,15811.0,15811.0,15811.0,0,0,15811.0
IE00B3VTN290,78999213,CE01,GBP,2020-11-20,15769.0,15769.0,15769.0,15769.0,0,0,15769.0
IE00B3VTN290,78999213,CE01,GBP,2020-11-23,15723.0,15723.0,15723.0,15723.0,0,0,15723.0
IE00B3VTN290,78999213,CE01,GBP,2020-11-24,15715.0,15717.0,15700.0,15717.0,39,3,15712.7
IE00B3VTN290,78999213,CE01,GBP,2020-11-25,15723.0,15723.0,15723.0,15723.0,0,0,15723.0
IE00B3VTN290,78999213,CE01,GBP,2020-11-26,15797.0,15797.0,15797.0,15797.0,0,0,15797.0
IE00B3VTN290,78999213,CE01,GBP,2020-11-27,15860.0,15860.0,15860.0,15860.0,0,0,15860.0
IE00B3VTN290,78999213,CE01,GBP,2020-11-30,15815.0,15815.0,15815.0,15815.0,0,0,15815.0
IE00B3VTN290,78999213,CE01,GBP,2020-12-01,15810.0,15810.0,15780.5,15780.5,595,1,15810.0
IE00B3VTN290,78999213,CE01,GBP,2020-12-02,15893.0,15957.0,15893.0,15957.0,597,1,15893.0
IE00B3VTN290,78999213,CE01,GBP,2020-12-03,15893.0,15893.0,15893.0,15893.0,0,0,15893.0
IE00B3VTN290,78999213,CE01,GBP,2020-12-04,15885.0,15885.0,15885.0,15885.0,0,0,15885.0
IE00B3VTN290,78999213,CE01,GBP,2020-12-07,16063.0,16063.0,16063.0,16063.0,0,0,16063.0
IE00B3VTN290,78999213,CE01,GBP,2020-12-08,16063.0,16063.0,16063.0,16063.0,0,0,16063.0
IE00B3VTN290,78999213,CE01,GBP,2020-12-09,15993.0,15993.0,15993.0,15993.0,0,0,15993.0
IE00B3VTN290,78999213,CE01,GBP,2020-12-10,16157.0,16157.0,16157.0,16157.0,0,0,16157.0
IE00B3VTN290,78999213,CE01,GBP,2020-12-11,16237.0,16258.0,16237.0,16258.0,593,1,16237.0
IE00B3VTN290,78999213,CE01,GBP,2020-12-14,16108.0,16155.0,16108.0,16155.0,592,1,16108.0
IE00B3VTN290,78999213,CE01,GBP,2020-12-15,16048.0,16048.0,16048.0,16048.0,0,0,16048.0
IE00B3VTN290,78999213,CE01,GBP,2020-12-16,16004.0,16004.0,15957.0,15965.0,2960,5,15977.0
IE00B3VTN290,78999213,CE01,GBP,2020-12-17,15935.0,15950.0,15935.0,15938.0,1016,2,15941.25
IE00B3VTN290,78999213,CE01,GBP,2020-12-18,16022.0,16022.0,16022.0,16022.0,0,0,16022.0
IE00B3VTN290,78999213,CE01,GBP,2020-12-21,16283.0,16311.0,16205.0,16205.0,4760,8,16290.9
IE00B3VTN290,78999213,CE01,GBP,2020-12-22,16085.0,16197.0,16085.0,16157.0,3610,9,16133.2
IE00B3VTN290,78999213,CE01,GBP,2020-12-23,15933.0,15933.0,15933.0,15933.0,0,0,15933.0
IE00B3VTN290,78999213,CE01,GBP,2020-12-24,15849.0,15849.0,15849.0,15849.0,0,0,15849.0
IE00B3VTN290,78999213,CE01,GBP,2020-12-29,16014.0,16063.0,16014.0,16035.0,2380,4,16044.5
IE00B3VTN290,78999213,CE01,GBP,2020-12-30,15982.0,15982.0,15969.0,15982.0,1188,2,15975.5
IE00B3VTN290,78999213,CE01,GBP,2020-12-31,15892.0,15892.0,15892.0,15892.0,0,0,15892.0
IE00B3VTN290,78999213,CE01,GBP,2021-01-04,15894.0,15980.0,15894.0,15980.0,2,1,15894.0
IE00B3VTN290,78999213,CE01,GBP,2021-01-05,15959.0,15959.0,15959.0,15959.0,0,0,15959.0
IE00B3VTN290,78999213,CE01,GBP,2021-01-06,15961.0,15961.0,15961.0,15961.0,0,0,15961.0
IE00B3VTN290,78999213,CE01,GBP,2021-01-07,15980.0,15980.0,15980.0,15980.0,0,0,15980.0
IE00B3VTN290,78999213,CE01,GBP,2021-01-08,15946.0,15946.0,15946.0,15946.0,0,0,15946.0
IE00B3VTN290,78999213,CE01,GBP,2021-01-11,15887.0,15887.0,15887.0,15887.0,0,0,15887.0
IE00B3VTN290,78999213,CE01,GBP,2021-01-12,15712.0,15712.0,15676.0,15676.0,12,1,15712.0
IE00B3VTN290,78999213,CE01,GBP,2021-01-13,15738.0,15738.0,15738.0,15738.0,0,0,15738.0
IE00B3VTN290,78999213,CE01,GBP,2021-01-14,15658.0,15658.0,15658.0,15658.0,0,0,15658.0
IE00B3VTN290,78999213,CE01,GBP,2021-01-15,15704.0,15704.0,15704.0,15704.0,0,0,15704.0
IE00B3VTN290,78999213,CE01,GBP,2021-01-18,15674.0,15674.0,15674.0,15674.0,0,0,15674.0
IE00B3VTN290,78999213,CE01,GBP,2021-01-19,15698.5,15698.5,15698.5,15698.5,0,0,15698.5
IE00B3VTN290,78999213,CE01,GBP,2021-01-20,15636.0,15636.0,15636.0,15636.0,0,0,15636.0
IE00B3VTN290,78999213,CE01,GBP,2021-01-21,15542.0,15542.0,15542.0,15542.0,0,0,15542.0
IE00B3VTN290,78999213,CE01,GBP,2021-01-22,15653.0,15653.0,15653.0,15653.0,0,0,15653.0
IE00B3VTN290,78999213,CE01,GBP,2021-01-25,15660.0,15660.0,15660.0,15660.0,0,0,15660.0
IE00B3VTN290,78999213,CE01,GBP,2021-01-26,15606.0,15606.0,15606.0,15606.0,0,0,15606.0
IE00B3VTN290,78999213,CE01,GBP,2021-01-27,15574.0,15574.0,15574.0,15574.0,0,0,15574.0
IE00B3VTN290,78999213,CE01,GBP,2021-01-28,15662.0,15662.0,15578.0,15578.0,2500,1,15662.0
IE00B3VTN290,78999213,CE01,GBP,2021-01-29,15588.0,15588.0,15578.0,15578.0,15,1,15588.0
IE00B3VTN290,78999213,CE01,GBP,2021-02-01,15551.0,15567.0,15551.0,15556.0,38,3,15559.0
IE00B3VTN290,78999213,CE01,GBP,2021-02-02,15521.0,15521.0,15492.0,15492.0,597,1,15521.0
IE00B3VTN290,78999213,CE01,GBP,2021-02-03,15478.0,15478.0,15478.0,15478.0,0,0,15478.0
IE00B3VTN290,78999213,CE01,GBP,2021-02-04,15410.0,15410.0,15410.0,15410.0,0,0,15410.0
IE00B3VTN290,78999213,CE01,GBP,2021-02-05,15394.0,15394.0,15394.0,15394.0,0,0,15394.0
IE00B3VTN290,78999213,CE01,GBP,2021-02-08,15412.0,15412.0,15412.0,15412.0,0,0,15412.0
IE00B3VTN290,78999213,CE01,GBP,2021-02-09,15410.0,15448.0,15410.0,15426.0,423,2,15410.25
IE00B3VTN290,78999213,CE01,GBP,2021-02-10,15401.5,15401.5,15401.5,15401.5,0,0,15401.5
IE00B3VTN290,78999213,CE01,GBP,2021-02-11,15457.0,15457.0,15457.0,15457.0,0,0,15457.0
IE00B3VTN290,78999213,CE01,GBP,2021-02-12,15375.0,15375.0,15375.0,15375.0,0,0,15375.0
IE00B3VTN290,78999213,CE01,GBP,2021-02-15,15265.0,15265.0,15265.0,15265.0,0,0,15265.0
IE00B3VTN290,78999213,CE01,GBP,2021-02-16,15278.0,15278.0,15189.0,15189.0,1,1,15278.0
IE00B3VTN290,78999213,CE01,GBP,2021-02-17,15186.0,15186.0,15186.0,15186.0,0,0,15186.0
IE00B3VTN290,78999213,CE01,GBP,2021-02-18,15046.0,15059.5,15046.0,15059.5,153,1,15046.0
IE00B3VTN290,78999213,CE01,GBP,2021-02-19,15052.0,15052.0,15052.0,15052.0,0,0,15052.0
IE00B3VTN290,78999213,CE01,GBP,2021-02-22,15009.0,15076.0,15009.0,15058.0,504,3,15065.8
IE00B3VTN290,78999213,CE01,GBP,2021-02-23,15072.0,15072.0,14984.0,14984.0,25,2,15018.25
IE00B3VTN290,78999213,CE01,GBP,2021-02-24,14876.0,14940.0,14876.0,14940.0,250,1,14876.0
IE00B3VTN290,78999213,CE01,GBP,2021-02-25,14920.0,14920.0,14912.0,14912.0,70,1,14920.0
IE00B3VTN290,78999213,CE01,GBP,2021-02-26,15048.0,15048.0,15007.0,15007.0,860,7,15043.85
IE00B3VTN290,78999213,CE01,GBP,2021-03-01,15011.0,15048.0,15011.0,15048.0,643,5,15031.65
IE00B3VTN290,78999213,CE01,GBP,2021-03-02,15075.0,15075.0,15039.0,15065.0,606,3,15039.1
IE00B3VTN290,78999213,CE01,GBP,2021-03-03,15023.0,15046.0,14973.0,14973.0,1206,2,15034.5
IE00B3VTN290,78999213,CE01,GBP,2021-03-04,15004.0,15004.0,14939.0,14939.0,606,1,15004.0
IE00B3VTN290,78999213,CE01,GBP,2021-03-05,14974.0,14974.0,14958.0,14958.0,606,1,14974.0
IE00B3VTN290,78999213,CE01,GBP,2021-03-08,14907.0,14907.0,14870.0,14870.0,1213,5,14882.0
IE00B3VTN290,78999213,CE01,GBP,2021-03-09,14860.0,14860.0,14855.0,14855.0,15,1,14860.0
IE00B3VTN290,78999213,CE01,GBP,2021-03-10,14873.0,14873.0,14873.0,14873.0,0,0,14873.0
IE00B3VTN290,78999213,CE01,GBP,2021-03-11,14930.0,14930.0,14930.0,14930.0,0,0,14930.0
IE00B3VTN290,78999213,CE01,GBP,2021-03-12,14928.0,14928.0,14928.0,14928.0,0,0,14928.0
IE00B3VTN290,78999213,CE01,GBP,2021-03-15,14979.5,14979.5,14979.5,14979.5,0,0,14979.5
IE00B3VTN290,78999213,CE01,GBP,2021-03-16,14958.0,14958.0,14925.0,14925.5,8,2,14941.5
IE00B3VTN290,78999213,CE01,GBP,2021-03-17,14880.0,14883.0,14880.0,14883.0,2,1,14880.0
IE00B3VTN290,78999213,CE01,GBP,2021-03-18,14831.5,14831.5,14831.5,14831.5,0,0,14831.5
IE00B3VTN290,78999213,CE01,GBP,2021-03-19,14903.0,14903.0,14903.0,14903.0,0,0,14903.0
IE00B3VTN290,78999213,CE01,GBP,2021-03-22,14945.0,14972.5,14892.0,14972.5,31349,18,14924.75
IE00B3VTN290,78999213,CE01,GBP,2021-03-23,15015.0,15015.0,15015.0,15015.0,0,0,15015.0
IE00B3VTN290,78999213,CE01,GBP,2021-03-24,15051.0,15051.0,15051.0,15051.0,0,0,15051.0
IE00B3VTN290,78999213,CE01,GBP,2021-03-25,15005.0,15005.0,15005.0,15005.0,0,0,15005.0
IE00B3VTN290,78999213,CE01,GBP,2021-03-26,14932.5,14932.5,14932.5,14932.5,0,0,14932.5
IE00B3VTN290,78999213,CE01,GBP,2021-03-29,14870.0,14870.0,14870.0,14870.0,0,0,14870.0
IE00B3VTN290,78999213,CE01,GBP,2021-03-30,14831.5,14831.5,14831.5,14831.5,0,0,14831.5
IE00B3VTN290,78999213,CE01,GBP,2021-03-31,14800.0,14809.5,14800.0,14809.5,35,1,14800.0
IE00B3VTN290,78999213,CE01,GBP,2021-04-01,14822.0,14822.0,14822.0,14822.0,0,0,14822.0
IE00B3VTN290,78999213,CE01,GBP,2021-04-06,14811.0,14860.5,14811.0,14860.5,1,1,14811.0
IE00B3VTN290,78999213,CE01,GBP,2021-04-07,15006.5,15006.5,15006.5,15006.5,0,0,15006.5
IE00B3VTN290,78999213,CE01,GBP,2021-04-08,15007.0,15076.5,15007.0,15076.5,41,4,15008.9
IE00B3VTN290,78999213,CE01,GBP,2021-04-09,15097.0,15102.0,15017.0,15017.0,69,3,15099.7
IE00B3VTN290,78999213,CE01,GBP,2021-04-12,15013.0,15021.5,15013.0,15021.5,153,1,15013.0
IE00B3VTN290,78999213,CE01,GBP,2021-04-13,15046.5,15046.5,15046.5,15046.5,0,0,15046.5
IE00B3VTN290,78999213,CE01,GBP,2021-04-14,15013.0,15013.0,15013.0,15013.0,0,0,15013.0
IE00B3VTN290,78999213,CE01,GBP,2021-04-15,15051.0,15053.0,15046.5,15046.5,76,4,15051.0
IE00B3VTN290,78999213,CE01,GBP,2021-04-16,15004.0,15004.0,15004.0,15004.0,0,0,15004.0
IE00B3VTN290,78999213,CE01,GBP,2021-04-19,14850.5,14850.5,14850.5,14850.5,0,0,14850.5
IE00B3VTN290,78999213,CE01,GBP,2021-04-20,14872.0,14928.5,14872.0,14928.5,28,2,14900.0
IE00B3VTN290,78999213,CE01,GBP,2021-04-21,14940.5,14940.5,14940.5,14940.5,0,0,14940.5
IE00B3VTN290,78999213,CE01,GBP,2021-04-22,15021.0,15021.0,15021.0,15021.0,0,0,15021.0
IE00B3VTN290,78999213,CE01,GBP,2021-04-23,15064.5,15064.5,15064.5,15064.5,0,0,15064.5
IE00B3VTN290,78999213,CE01,GBP,2021-04-26,15038.5,15038.5,15038.5,15038.5,0,0,15038.5
IE00B3VTN290,78999213,CE01,GBP,2021-04-27,14982.5,14982.5,14982.5,14982.5,0,0,14982.5
IE00B3VTN290,78999213,CE01,GBP,2021-04-28,14993.5,14993.5,14993.5,14993.5,0,0,14993.5
IE00B3VTN290,78999213,CE01,GBP,2021-04-29,14929.5,14929.5,14929.5,14929.5,0,0,14929.5
IE00B3VTN290,78999213,CE01,GBP,2021-04-30,14981.5,14981.5,14981.5,14981.5,0,0,14981.5
IE00B3VTN290,78999213,CE01,GBP,2021-05-04,14929.0,14947.0,14929.0,14947.0,610,1,14929.0
IE00B3VTN290,78999213,CE01,GBP,2021-05-05,14864.5,14864.5,14864.5,14864.5,0,0,14864.5
IE00B3VTN290,78999213,CE01,GBP,2021-05-06,14960.5,14960.5,14960.5,14960.5,0,0,14960.5
IE00B3VTN290,78999213,CE01,GBP,2021-05-07,14933.0,14933.0,14933.0,14933.0,0,0,14933.0
IE00B3VTN290,78999213,CE01,GBP,2021-05-10,14800.5,14800.5,14800.5,14800.5,0,0,14800.5
IE00B3VTN290,78999213,CE01,GBP,2021-05-11,14732.0,14732.0,14732.0,14732.0,0,0,14732.0
IE00B3VTN290,78999213,CE01,GBP,2021-05-12,14634.5,14634.5,14634.5,14634.5,0,0,14634.5
IE00B3VTN290,78999213,CE01,GBP,2021-05-13,14669.0,14669.0,14669.0,14669.0,0,0,14669.0
IE00B3VTN290,78999213,CE01,GBP,2021-05-14,14684.5,14684.5,14684.5,14684.5,0,0,14684.5
IE00B3VTN290,78999213,CE01,GBP,2021-05-17,14703.0,14703.0,14650.0,14650.0,9,1,14703.0
IE00B3VTN290,78999213,CE01,GBP,2021-05-18,14625.0,14649.0,14625.0,14649.0,618,2,14634.0
IE00B3VTN290,78999213,CE01,GBP,2021-05-19,14695.0,14695.0,14695.0,14695.0,0,0,14695.0
IE00B3VTN290,78999213,CE01,GBP,2021-05-20,14702.0,14702.0,14702.0,14702.0,0,0,14702.0
IE00B3VTN290,78999213,CE01,GBP,2021-05-21,14697.0,14697.0,14697.0,14697.0,0,0,14697.0
IE00B3VTN290,78999213,CE01,GBP,2021-05-24,14775.0,14775.0,14766.5,14766.5,2,1,14775.0
IE00B3VTN290,78999213,CE01,GBP,2021-05-25,14847.0,14861.0,14847.0,14861.0,614,1,14847.0
IE00B3VTN290,78999213,CE01,GBP,2021-05-26,14877.0,14877.0,14877.0,14877.0,0,0,14877.0
IE00B3VTN290,78999213,CE01,GBP,2021-05-27,14770.0,14770.0,14770.0,14770.0,0,0,14770.0
IE00B3VTN290,78999213,CE01,GBP,2021-05-28,14732.0,14784.0,14732.0,14784.0,1,1,14732.0
IE00B3VTN290,78999213,CE01,GBP,2021-06-01,14868.0,14868.0,14868.0,14868.0,0,0,14868.0
IE00B3VTN290,78999213,CE01,GBP,2021-06-02,14835.0,14835.0,14835.0,14835.0,0,0,14835.0
IE00B3VTN290,78999213,CE01,GBP,2021-06-03,14792.0,14792.0,14792.0,14792.0,0,0,14792.0
IE00B3VTN290,78999213,CE01,GBP,2021-06-04,14803.0,14803.0,14803.0,14803.0,0,0,14803.0
IE00B3VTN290,78999213,CE01,GBP,2021-06-07,14800.0,14800.0,14800.0,14800.0,0,0,14800.0
IE00B3VTN290,78999213,CE01,GBP,2021-06-08,14856.0,14856.0,14856.0,14856.0,0,0,14856.0
IE00B3VTN290,78999213,CE01,GBP,2021-06-09,14929.5,14929.5,14929.5,14929.5,0,0,14929.5
IE00B3VTN290,78999213,CE01,GBP,2021-06-10,14877.5,14877.5,14877.5,14877.5,0,0,14877.5
IE00B3VTN290,78999213,CE01,GBP,2021-06-11,14870.0,14870.0,14870.0,14870.0,0,0,14870.0
IE00B3VTN290,78999213,CE01,GBP,2021-06-14,14880.5,14880.5,14880.5,14880.5,0,0,14880.5
IE00B3VTN290,78999213,CE01,GBP,2021-06-15,14876.5,14876.5,14876.5,14876.5,0,0,14876.5
IE00B3VTN290,78999213,CE01,GBP,2021-06-16,14870.0,14871.0,14870.0,14870.0,2,2,14870.5
IE00B3VTN290,78999213,CE01,GBP,2021-06-17,14772.0,14772.0,14772.0,14772.0,0,0,14772.0
IE00B3VTN290,78999213,CE01,GBP,2021-06-18,14821.0,14821.0,14821.0,14821.0,0,0,14821.0
IE00B3VTN290,78999213,CE01,GBP,2021-06-21,14746.0,14746.0,14746.0,14746.0,0,0,14746.0
IE00B3VTN290,78999213,CE01,GBP,2021-06-22,14720.0,14720.0,14720.0,14720.0,0,0,14720.0
IE00B3VTN290,78999213,CE01,GBP,2021-06-23,14742.0,14742.0,14742.0,14742.0,0,0,14742.0
IE00B3VTN290,78999213,CE01,GBP,2021-06-24,14723.0,14800.0,14723.0,14798.0,2,2,14761.5
IE00B3VTN290,78999213,CE01,GBP,2021-06-25,14762.0,14762.0,14762.0,14762.0,0,0,14762.0
IE00B3VTN290,78999213,CE01,GBP,2021-06-28,14796.0,14811.0,14796.0,14811.0,89,3,14796.55
IE00B3VTN290,78999213,CE01,GBP,2021-06-29,14823.0,14823.0,14823.0,14823.0,0,0,14823.0
IE00B3VTN290,78999213,CE01,GBP,2021-06-30,14831.0,14831.0,14831.0,14831.0,0,0,14831.0
IE00B3VTN290,78999213,CE01,GBP,2021-07-01,14873.0,14873.0,14873.0,14873.0,0,0,14873.0
IE00B3VTN290,78999213,CE01,GBP,2021-07-02,14888.0,14888.0,14888.0,14888.0,0,0,14888.0
IE00B3VTN290,78999213,CE01,GBP,2021-07-05,14804.0,14813.5,14804.0,14813.5,149,3,14804.75
IE00B3VTN290,78999213,CE01,GBP,2021-07-06,14901.0,14901.0,14901.0,14901.0,0,0,14901.0
IE00B3VTN290,78999213,CE01,GBP,2021-07-07,14895.0,14895.0,14895.0,14895.0,0,0,14895.0
IE00B3VTN290,78999213,CE01,GBP,2021-07-08,14972.5,14972.5,14972.5,14972.5,0,0,14972.5
IE00B3VTN290,78999213,CE01,GBP,2021-07-09,14894.5,14894.5,14894.5,14894.5,0,0,14894.5
IE00B3VTN290,78999213,CE01,GBP,2021-07-12,14864.0,14864.0,14864.0,14864.0,0,0,14864.0
IE00B3VTN290,78999213,CE01,GBP,2021-07-13,14864.0,14864.0,14864.0,14864.0,0,0,14864.0
IE00B3VTN290,78999213,CE01,GBP,2021-07-14,14869.0,14869.0,14869.0,14869.0,0,0,14869.0
IE00B3VTN290,78999213,CE01,GBP,2021-07-15,14860.5,14860.5,14860.5,14860.5,0,0,14860.5
IE00B3VTN290,78999213,CE01,GBP,2021-07-16,14962.0,14962.0,14962.0,14962.0,0,0,14962.0
IE00B3VTN290,78999213,CE01,GBP,2021-07-19,15057.0,15088.0,15057.0,15088.0,6,2,15072.5
IE00B3VTN290,78999213,CE01,GBP,2021-07-20,15151.0,15187.0,15144.0,15144.5,16,3,15156.5
IE00B3VTN290,78999213,CE01,GBP,2021-07-21,15089.0,15089.0,15089.0,15089.0,0,0,15089.0
IE00B3VTN290,78999213,CE01,GBP,2021-07-22,15022.5,15022.5,15022.5,15022.5,0,0,15022.5
IE00B3VTN290,78999213,CE01,GBP,2021-07-23,15015.5,15015.5,15015.5,15015.5,0,0,15015.5
IE00B3VTN290,78999213,CE01,GBP,2021-07-26,14993.5,14993.5,14993.5,14993.5,0,0,14993.5
IE00B3VTN290,78999213,CE01,GBP,2021-07-27,14985.0,14985.0,14985.0,14985.0,0,0,14985.0
IE00B3VTN290,78999213,CE01,GBP,2021-07-28,14955.5,14955.5,14955.5,14955.5,0,0,14955.5
IE00B3VTN290,78999213,CE01,GBP,2021-07-29,14965.0,14965.0,14965.0,14965.0,0,0,14965.0
IE00B3VTN290,78999213,CE01,GBP,2021-07-30,14973.0,14999.5,14962.0,14999.5,62,6,14980.5
IE00B3VTN290,78999213,CE01,GBP,2021-08-02,15078.0,15078.0,15078.0,15078.0,0,0,15078.0
IE00B3VTN290,78999213,CE01,GBP,2021-08-03,15049.0,15049.0,15049.0,15049.0,0,0,15049.0
IE00B3VTN290,78999213,CE01,GBP,2021-08-04,15021.5,15021.5,15021.5,15021.5,0,0,15021.5
IE00B3VTN290,78999213,CE01,GBP,2021-08-05,15041.0,15041.0,15021.0,15021.0,2,2,15035.5
IE00B3VTN290,78999213,CE01,GBP,2021-08-06,14973.0,14973.0,14943.0,14943.0,2,2,14961.0
IE00B3VTN290,78999213,CE01,GBP,2021-08-09,14940.0,14940.0,14940.0,14940.0,0,0,14940.0
IE00B3VTN290,78999213,CE01,GBP,2021-08-10,14965.0,14965.0,14931.0,14931.0,2,2,14948.0
IE00B3VTN290,78999213,CE01,GBP,2021-08-11,14914.0,14914.0,14907.5,14907.5,231,2,14912.05
IE00B3VTN290,78999213,CE01,GBP,2021-08-12,14951.5,14951.5,14951.5,14951.5,0,0,14951.5
IE00B3VTN290,78999213,CE01,GBP,2021-08-13,14999.5,14999.5,14999.5,14999.5,0,0,14999.5
IE00B3VTN290,78999213,CE01,GBP,2021-08-16,14989.5,14989.5,14989.5,14989.5,0,0,14989.5
IE00B3VTN290,78999213,CE01,GBP,2021-08-17,15043.0,15047.0,15009.5,15009.5,12,3,15045.35
IE00B3VTN290,78999213,CE01,GBP,2021-08-18,15004.5,15004.5,15004.5,15004.5,0,0,15004.5
IE00B3VTN290,78999213,CE01,GBP,2021-08-19,15084.0,15088.5,15084.0,15088.5,596,1,15084.0
IE00B3VTN290,78999213,CE01,GBP,2021-08-20,15140.5,15140.5,15140.5,15140.5,0,0,15140.5
IE00B3VTN290,78999213,CE01,GBP,2021-08-23,15092.0,15092.0,15070.0,15070.0,52,1,15092.0
IE00B3VTN290,78999213,CE01,GBP,2021-08-24,15085.5,15085.5,15085.5,15085.5,0,0,15085.5
IE00B3VTN290,78999213,CE01,GBP,2021-08-25,15008.5,15008.5,15008.5,15008.5,0,0,15008.5
IE00B3VTN290,78999213,CE01,GBP,2021-08-26,15014.5,15014.5,15014.5,15014.5,0,0,15014.5
IE00B3VTN290,78999213,CE01,GBP,2021-08-27,15005.0,15030.5,15005.0,15030.5,2,1,15005.0
IE00B3VTN290,78999213,CE01,GBP,2021-08-31,14996.0,14996.0,14996.0,14996.0,0,0,14996.0
IE00B3VTN290,78999213,CE01,GBP,2021-09-01,15025.0,15025.0,15025.0,15025.0,0,0,15025.0
IE00B3VTN290,78999213,CE01,GBP,2021-09-02,15019.0,15019.0,15019.0,15019.0,0,0,15019.0
IE00B3VTN290,78999213,CE01,GBP,2021-09-03,14975.0,14975.0,14975.0,14975.0,0,0,14975.0
IE00B3VTN290,78999213,CE01,GBP,2021-09-06,15004.5,15004.5,15004.5,15004.5,0,0,15004.5
IE00B3VTN290,78999213,CE01,GBP,2021-09-07,14946.0,14946.0,14946.0,14946.0,0,0,14946.0
IE00B3VTN290,78999213,CE01,GBP,2021-09-08,14969.0,14969.0,14969.0,14969.0,0,0,14969.0
IE00B3VTN290,78999213,CE01,GBP,2021-09-09,14945.0,14945.0,14945.0,14945.0,0,0,14945.0
IE00B3VTN290,78999213,CE01,GBP,2021-09-10,14907.0,14907.0,14907.0,14907.0,0,0,14907.0
IE00B3VTN290,78999213,CE01,GBP,2021-09-13,14889.0,14889.0,14889.0,14889.0,0,0,14889.0
IE00B3VTN290,78999213,CE01,GBP,2021-09-14,14924.5,14924.5,14924.5,14924.5,0,0,14924.5
IE00B3VTN290,78999213,CE01,GBP,2021-09-15,14879.0,14879.0,14879.0,14879.0,0,0,14879.0
IE00B3VTN290,78999213,CE01,GBP,2021-09-16,14881.0,14881.0,14881.0,14881.0,0,0,14881.0
IE00B3VTN290,78999213,CE01,GBP,2021-09-17,14845.5,14845.5,14845.5,14845.5,0,0,14845.5
IE00B3VTN290,78999213,CE01,GBP,2021-09-20,14955.5,14955.5,14955.5,14955.5,0,0,14955.5
IE00B3VTN290,78999213,CE01,GBP,2021-09-21,14993.0,14993.0,14993.0,14993.0,0,0,14993.0
IE00B3VTN290,78999213,CE01,GBP,2021-09-22,15011.0,15011.0,15011.0,15011.0,0,0,15011.0
IE00B3VTN290,78999213,CE01,GBP,2021-09-23,14846.5,14846.5,14846.5,14846.5,0,0,14846.5
IE00B3VTN290,78999213,CE01,GBP,2021-09-24,14834.0,14834.0,14834.0,14834.0,0,0,14834.0
IE00B3VTN290,78999213,CE01,GBP,2021-09-27,14772.5,14772.5,14772.5,14772.5,0,0,14772.5
IE00B3VTN290,78999213,CE01,GBP,2021-09-28,14885.5,14885.5,14885.5,14885.5,0,0,14885.5
IE00B3VTN290,78999213,CE01,GBP,2021-09-29,14938.0,14938.0,14938.0,14938.0,0,0,14938.0
IE00B3VTN290,78999213,CE01,GBP,2021-09-30,14802.0,14802.0,14802.0,14802.0,0,0,14802.0
IE00B3VTN290,78999213,CE01,GBP,2021-10-01,14798.0,14798.0,14798.0,14798.0,0,0,14798.0
IE00B3VTN290,78999213,CE01,GBP,2021-10-04,14765.5,14765.5,14765.5,14765.5,0,0,14765.5
IE00B3VTN290,78999213,CE01,GBP,2021-10-05,14676.0,14676.0,14676.0,14676.0,0,0,14676.0
IE00B3VTN290,78999213,CE01,GBP,2021-10-06,14665.0,14665.0,14665.0,14665.0,0,0,14665.0
IE00B3VTN290,78999213,CE01,GBP,2021-10-07,14643.0,14643.0,14643.0,14643.0,0,0,14643.0
IE00B3VTN290,78999213,CE01,GBP,2021-10-08,14602.0,14602.0,14601.0,14601.0,609,1,14602.0
IE00B3VTN290,78999213,CE01,GBP,2021-10-11,14585.0,14585.0,14585.0,14585.0,0,0,14585.0
IE00B3VTN290,78999213,CE01,GBP,2021-10-12,14555.5,14555.5,14555.5,14555.5,0,0,14555.5
IE00B3VTN290,78999213,CE01,GBP,2021-10-13,14574.0,14574.0,14574.0,14574.0,0,0,14574.0
IE00B3VTN290,78999213,CE01,GBP,2021-10-14,14619.5,14619.5,14619.5,14619.5,0,0,14619.5
IE00B3VTN290,78999213,CE01,GBP,2021-10-15,14525.5,14525.5,14525.5,14525.5,0,0,14525.5
IE00B3VTN290,78999213,CE01,GBP,2021-10-18,14527.0,14536.5,14521.0,14536.5,15,7,14523.65
IE00B3VTN290,78999213,CE01,GBP,2021-10-19,14452.0,14452.0,14449.5,14449.5,612,1,14452.0
IE00B3VTN290,78999213,CE01,GBP,2021-10-20,14455.5,14455.5,14455.5,14455.5,0,0,14455.5
IE00B3VTN290,78999213,CE01,GBP,2021-10-21,14431.0,14431.0,14431.0,14431.0,0,0,14431.0
IE00B3VTN290,78999213,CE01,GBP,2021-10-22,14457.5,14457.5,14457.5,14457.5,0,0,14457.5
IE00B3VTN290,78999213,CE01,GBP,2021-10-25,14458.5,14458.5,14458.5,14458.5,0,0,14458.5
IE00B3VTN290,78999213,CE01,GBP,2021-10-26,14416.5,14416.5,14416.5,14416.5,0,0,14416.5
IE00B3VTN290,78999213,CE01,GBP,2021-10-27,14565.0,14565.0,14528.5,14528.5,61,3,14558.55
IE00B3VTN290,78999213,CE01,GBP,2021-10-28,14496.5,14496.5,14496.5,14496.5,0,0,14496.5
IE00B3VTN290,78999213,CE01,GBP,2021-10-29,14362.0,14362.0,14357.5,14357.5,614,1,14362.0
IE00B3VTN290,78999213,CE01,GBP,2021-11-01,14399.5,14399.5,14399.5,14399.5,0,0,14399.5
IE00B3VTN290,78999213,CE01,GBP,2021-11-02,14573.5,14573.5,14573.5,14573.5,0,0,14573.5
IE00B3VTN290,78999213,CE01,GBP,2021-11-03,14601.0,14601.0,14539.0,14539.0,614,1,14601.0
IE00B3VTN290,78999213,CE01,GBP,2021-11-04,14764.0,14764.0,14764.0,14764.0,0,0,14764.0
IE00B3VTN290,78999213,CE01,GBP,2021-11-05,14853.5,14853.5,14853.5,14853.5,0,0,14853.5
IE00B3VTN290,78999213,CE01,GBP,2021-11-08,14794.5,14794.5,14794.5,14794.5,0,0,14794.5
IE00B3VTN290,78999213,CE01,GBP,2021-11-09,14837.0,14859.0,14837.0,14859.0,51,1,14837.0
IE00B3VTN290,78999213,CE01,GBP,2021-11-10,14765.5,14765.5,14765.5,14765.5,0,0,14765.5
IE00B3VTN290,78999213,CE01,GBP,2021-11-11,14778.0,14778.0,14778.0,14778.0,0,0,14778.0
IE00B3VTN290,78999213,CE01,GBP,2021-11-12,14747.5,14747.5,14747.5,14747.5,0,0,14747.5
IE00B3VTN290,78999213,CE01,GBP,2021-11-15,14673.0,14673.0,14673.0,14673.0,0,0,14673.0
IE00B3VTN290,78999213,CE01,GBP,2021-11-16,14596.0,14596.0,14596.0,14596.0,0,0,14596.0
IE00B3VTN290,78999213,CE01,GBP,2021-11-17,14487.0,14487.0,14487.0,14487.0,0,0,14487.0
IE00B3VTN290,78999213,CE01,GBP,2021-11-18,14585.0,14585.0,14585.0,14585.0,0,0,14585.0
IE00B3VTN290,78999213,CE01,GBP,2021-11-19,14633.5,14633.5,14633.5,14633.5,0,0,14633.5
IE00B3VTN290,78999213,CE01,GBP,2021-11-22,14558.5,14558.5,14558.5,14558.5,0,0,14558.5
IE00B3VTN290,78999213,CE01,GBP,2021-11-23,14515.5,14515.5,14515.5,14515.5,0,0,14515.5
IE00B3VTN290,78999213,CE01,GBP,2021-11-24,14451.0,14451.0,14451.0,14451.0,0,0,14451.0
IE00B3VTN290,78999213,CE01,GBP,2021-11-25,14506.0,14506.0,14506.0,14506.0,0,0,14506.0
IE00B3VTN290,78999213,CE01,GBP,2021-11-26,14737.0,14737.0,14737.0,14737.0,0,0,14737.0
IE00B3VTN290,78999213,CE01,GBP,2021-11-29,14685.0,14685.0,14685.0,14685.0,0,0,14685.0
IE00B3VTN290,78999213,CE01,GBP,2021-11-30,14788.5,14788.5,14788.5,14788.5,0,0,14788.5
IE00B3VTN290,78999213,CE01,GBP,2021-12-01,14728.0,14728.0,14728.0,14728.0,0,0,14728.0
IE00B3VTN290,78999213,CE01,GBP,2021-12-02,14776.5,14776.5,14776.5,14776.5,0,0,14776.5
IE00B3VTN290,78999213,CE01,GBP,2021-12-03,14864.5,14864.5,14864.5,14864.5,0,0,14864.5
IE00B3VTN290,78999213,CE01,GBP,2021-12-06,14830.0,14830.0,14830.0,14830.0,0,0,14830.0
IE00B3VTN290,78999213,CE01,GBP,2021-12-07,14803.5,14803.5,14803.5,14803.5,0,0,14803.5
IE00B3VTN290,78999213,CE01,GBP,2021-12-08,14810.5,14810.5,14810.5,14810.5,0,0,14810.5
IE00B3VTN290,78999213,CE01,GBP,2021-12-09,14832.5,14832.5,14832.5,14832.5,0,0,14832.5
IE00B3VTN290,78999213,CE01,GBP,2021-12-10,14831.0,14857.0,14831.0,14857.0,606,1,14831.0
IE00B3VTN290,78999213,CE01,GBP,2021-12-13,14871.0,14871.0,14871.0,14871.0,0,0,14871.0
IE00B3VTN290,78999213,CE01,GBP,2021-12-14,14810.0,14810.0,14810.0,14810.0,0,0,14810.0
IE00B3VTN290,78999213,CE01,GBP,2021-12-15,14819.0,14819.0,14819.0,14819.0,0,0,14819.0
IE00B3VTN290,78999213,CE01,GBP,2021-12-16,14742.0,14742.0,14742.0,14742.0,0,0,14742.0
IE00B3VTN290,78999213,CE01,GBP,2021-12-17,14794.0,14794.0,14794.0,14794.0,0,0,14794.0
IE00B3VTN290,78999213,CE01,GBP,2021-12-20,14864.5,14864.5,14864.5,14864.5,0,0,14864.5
IE00B3VTN290,78999213,CE01,GBP,2021-12-21,14705.0,14705.0,14705.0,14705.0,0,0,14705.0
IE00B3VTN290,78999213,CE01,GBP,2021-12-22,14660.0,14660.0,14660.0,14660.0,0,0,14660.0
IE00B3VTN290,78999213,CE01,GBP,2021-12-23,14517.0,14517.0,14517.0,14517.0,0,0,14517.0
IE00B3VTN290,78999213,CE01,GBP,2021-12-24,14526.0,14526.0,14526.0,14526.0,0,0,14526.0
IE00B3VTN290,78999213,CE01,GBP,2021-12-29,14405.5,14405.5,14405.5,14405.5,0,0,14405.5
IE00B3VTN290,78999213,CE01,GBP,2021-12-30,14347.0,14347.0,14347.0,14347.0,0,0,14347.0
IE00B3VTN290,78999213,CE01,GBP,2021-12-31,14374.0,14374.0,14374.0,14374.0,0,0,14374.0
IE00B3VTN290,78999213,CE01,GBP,2022-01-04,14233.0,14233.0,14233.0,14233.0,0,0,14233.0
IE00B3VTN290,78999213,CE01,GBP,2022-01-05,14260.0,14260.0,14231.0,14231.0,11,1,14260.0
IE00B3VTN290,78999213,CE01,GBP,2022-01-06,14211.5,14211.5,14211.5,14211.5,0,0,14211.5
IE00B3VTN290,78999213,CE01,GBP,2022-01-07,14171.0,14171.0,14171.0,14171.0,0,0,14171.0
IE00B3VTN290,78999213,CE01,GBP,2022-01-10,14161.5,14161.5,14161.5,14161.5,0,0,14161.5
IE00B3VTN290,78999213,CE01,GBP,2022-01-11,14149.0,14149.0,14149.0,14149.0,0,0,14149.0
IE00B3VTN290,78999213,CE01,GBP,2022-01-12,14181.0,14181.0,14181.0,14181.0,0,0,14181.0
IE00B3VTN290,78999213,CE01,GBP,2022-01-13,14226.5,14226.5,14226.5,14226.5,0,0,14226.5
IE00B3VTN290,78999213,CE01,GBP,2022-01-14,14183.0,14183.0,14183.0,14183.0,0,0,14183.0
IE00B3VTN290,78999213,CE01,GBP,2022-01-17,14156.5,14156.5,14156.5,14156.5,0,0,14156.5
IE00B3VTN290,78999213,CE01,GBP,2022-01-18,14122.5,14122.5,14122.5,14122.5,0,0,14122.5
IE00B3VTN290,78999213,CE01,GBP,2022-01-19,14084.0,14084.0,14084.0,14084.0,0,0,14084.0
IE00B3VTN290,78999213,CE01,GBP,2022-01-20,14073.0,14073.0,14073.0,14073.0,0,0,14073.0
IE00B3VTN290,78999213,CE01,GBP,2022-01-21,14199.0,14199.0,14199.0,14199.0,0,0,14199.0
IE00B3VTN290,78999213,CE01,GBP,2022-01-24,14292.5,14292.5,14292.5,14292.5,0,0,14292.5
IE00B3VTN290,78999213,CE01,GBP,2022-01-25,14200.5,14200.5,14200.5,14200.5,0,0,14200.5
IE00B3VTN290,78999213,CE01,GBP,2022-01-26,14155.0,14155.0,14155.0,14155.0,0,0,14155.0
IE00B3VTN290,78999213,CE01,GBP,2022-01-27,14110.5,14110.5,14110.5,14110.5,0,0,14110.5
IE00B3VTN290,78999213,CE01,GBP,2022-01-28,14087.5,14087.5,14087.5,14087.5,0,0,14087.5
IE00B3VTN290,78999213,CE01,GBP,2022-01-31,14088.0,14091.0,14080.5,14080.5,630,4,14089.05
IE00B3VTN290,78999213,CE01,GBP,2022-02-01,14110.0,14110.0,14016.0,14016.0,44,2,14105.0
IE00B3VTN290,78999213,CE01,GBP,2022-02-02,14013.5,14013.5,14013.5,14013.5,0,0,14013.5
IE00B3VTN290,78999213,CE01,GBP,2022-02-03,13948.5,13948.5,13948.5,13948.5,0,0,13948.5
IE00B3VTN290,78999213,CE01,GBP,2022-02-04,13929.5,13929.5,13929.5,13929.5,0,0,13929.5
IE00B3VTN290,78999213,CE01,GBP,2022-02-07,13898.5,13898.5,13898.5,13898.5,0,0,13898.5
IE00B3VTN290,78999213,CE01,GBP,2022-02-08,13796.5,13796.5,13796.5,13796.5,0,0,13796.5
IE00B3VTN290,78999213,CE01,GBP,2022-02-09,13884.5,13884.5,13884.5,13884.5,0,0,13884.5
IE00B3VTN290,78999213,CE01,GBP,2022-02-10,13752.0,13752.0,13752.0,13752.0,0,0,13752.0
IE00B3VTN290,78999213,CE01,GBP,2022-02-11,13681.0,13681.0,13681.0,13681.0,0,0,13681.0
IE00B3VTN290,78999213,CE01,GBP,2022-02-14,13637.0,13637.0,13637.0,13637.0,0,0,13637.0
IE00B3VTN290,78999213,CE01,GBP,2022-02-15,13666.5,13666.5,13666.5,13666.5,0,0,13666.5
IE00B3VTN290,78999213,CE01,GBP,2022-02-16,13683.5,13683.5,13683.5,13683.5,0,0,13683.5
IE00B3VTN290,78999213,CE01,GBP,2022-02-17,13694.5,13694.5,13694.5,13694.5,0,0,13694.5
IE00B3VTN290,78999213,CE01,GBP,2022-02-18,13705.5,13705.5,13705.5,13705.5,0,0,13705.5
IE00B3VTN290,78999213,CE01,GBP,2022-02-21,13669.0,13669.0,13669.0,13669.0,0,0,13669.0
IE00B3VTN290,78999213,CE01,GBP,2022-02-22,13722.0,13723.0,13661.0,13661.0,26,2,13722.4
IE00B3VTN290,78999213,CE01,GBP,2022-02-23,13661.0,13661.0,13661.0,13661.0,0,0,13661.0
IE00B3VTN290,78999213,CE01,GBP,2022-02-24,13752.0,13752.0,13752.0,13752.0,0,0,13752.0
IE00B3VTN290,78999213,CE01,GBP,2022-02-25,13783.0,13783.0,13783.0,13783.0,0,0,13783.0
IE00B3VTN290,78999213,CE01,GBP,2022-02-28,13857.0,13857.0,13857.0,13857.0,0,0,13857.0
IE00B3VTN290,78999213,CE01,GBP,2022-03-01,14095.5,14095.5,14095.5,14095.5,0,0,14095.5
IE00B3VTN290,78999213,CE01,GBP,2022-03-02,13935.0,13935.0,13935.0,13935.0,0,0,13935.0
IE00B3VTN290,78999213,CE01,GBP,2022-03-03,13862.5,13862.5,13862.5,13862.5,0,0,13862.5
IE00B3VTN290,78999213,CE01,GBP,2022-03-04,13931.0,13931.0,13931.0,13931.0,0,0,13931.0
IE00B3VTN290,78999213,CE01,GBP,2022-03-07,13874.0,13874.0,13874.0,13874.0,0,0,13874.0
IE00B3VTN290,78999213,CE01,GBP,2022-03-08,13859.0,13859.0,13859.0,13859.0,0,0,13859.0
IE00B3VTN290,78999213,CE01,GBP,2022-03-09,13938.0,13938.0,13938.0,13938.0,0,0,13938.0
IE00B3VTN290,78999213,CE01,GBP,2022-03-10,13730.0,13730.0,13730.0,13730.0,0,0,13730.0
IE00B3VTN290,78999213,CE01,GBP,2022-03-11,13726.0,13726.0,13726.0,13726.0,0,0,13726.0
IE00B3VTN290,78999213,CE01,GBP,2022-03-14,13677.0,13677.0,13677.0,13677.0,0,0,13677.0
IE00B3VTN290,78999213,CE01,GBP,2022-03-15,13698.5,13698.5,13698.5,13698.5,0,0,13698.5
IE00B3VTN290,78999213,CE01,GBP,2022-03-16,13672.0,13672.0,13672.0,13672.0,0,0,13672.0
IE00B3VTN290,78999213,CE01,GBP,2022-03-17,13749.0,13749.0,13749.0,13749.0,0,0,13749.0
IE00B3VTN290,78999213,CE01,GBP,2022-03-18,13696.5,13696.5,13696.5,13696.5,0,0,13696.5
IE00B3VTN290,78999213,CE01,GBP,2022-03-21,13551.5,13551.5,13551.5,13551.5,0,0,13551.5
IE00B3VTN290,78999213,CE01,GBP,2022-03-22,13396.5,13396.5,13396.5,13396.5,0,0,13396.5
IE00B3VTN290,78999213,CE01,GBP,2022-03-23,13473.5,13473.5,13473.5,13473.5,0,0,13473.5
IE00B3VTN290,78999213,CE01,GBP,2022-03-24,13418.0,13440.0,13418.0,13440.0,650,1,13418.0
IE00B3VTN290,78999213,CE01,GBP,2022-03-25,13386.0,13386.0,13386.0,13386.0,0,0,13386.0
IE00B3VTN290,78999213,CE01,GBP,2022-03-28,13437.5,13437.5,13437.5,13437.5,0,0,13437.5
IE00B3VTN290,78999213,CE01,GBP,2022-03-29,13489.0,13489.0,13489.0,13489.0,0,0,13489.0
IE00B3VTN290,78999213,CE01,GBP,2022-03-30,13499.0,13499.0,13499.0,13499.0,0,0,13499.0
IE00B3VTN290,78999213,CE01,GBP,2022-03-31,13557.0,13557.0,13557.0,13557.0,0,0,13557.0
IE00B3VTN290,78999213,CE01,GBP,2022-04-01,13480.0,13480.0,13480.0,13480.0,0,0,13480.0
IE00B3VTN290,78999213,CE01,GBP,2022-04-04,13450.0,13450.0,13450.0,13450.0,0,0,13450.0
IE00B3VTN290,78999213,CE01,GBP,2022-04-05,13231.0,13231.0,13231.0,13231.0,0,0,13231.0
IE00B3VTN290,78999213,CE01,GBP,2022-04-06,13206.0,13206.0,13206.0,13206.0,0,0,13206.0
IE00B3VTN290,78999213,CE01,GBP,2022-04-07,13188.0,13188.0,13188.0,13188.0,0,0,13188.0
IE00B3VTN290,78999213,CE01,GBP,2022-04-08,13155.5,13155.5,13155.5,13155.5,0,0,13155.5
IE00B3VTN290,78999213,CE01,GBP,2022-04-11,13060.0,13060.0,13060.0,13060.0,0,0,13060.0
IE00B3VTN290,78999213,CE01,GBP,2022-04-12,13078.0,13078.0,13078.0,13078.0,0,0,13078.0
IE00B3VTN290,78999213,CE01,GBP,2022-04-13,13084.0,13084.0,13084.0,13084.0,0,0,13084.0
IE00B3VTN290,78999213,CE01,GBP,2022-04-14,12927.5,12927.5,12927.5,12927.5,0,0,12927.5
IE00B3VTN290,78999213,CE01,GBP,2022-04-19,12931.0,12931.0,12914.5,12914.5,3,1,12931.0
IE00B3VTN290,78999213,CE01,GBP,2022-04-20,13004.0,13004.0,12994.5,12994.5,2,1,13004.0
IE00B3VTN290,78999213,CE01,GBP,2022-04-21,12990.0,12990.0,12924.0,12928.0,38,2,12957.0
IE00B3VTN290,78999213,CE01,GBP,2022-04-22,12988.0,12988.0,12988.0,12988.0,0,0,12988.0
IE00B3VTN290,78999213,CE01,GBP,2022-04-25,13147.0,13147.0,13147.0,13147.0,0,0,13147.0
IE00B3VTN290,78999213,CE01,GBP,2022-04-26,13224.0,13224.0,13224.0,13224.0,0,0,13224.0
IE00B3VTN290,78999213,CE01,GBP,2022-04-27,13173.5,13173.5,13173.5,13173.5,0,0,13173.5
IE00B3VTN290,78999213,CE01,GBP,2022-04-28,13136.0,13156.0,13102.5,13102.5,5834,9,13137.2
IE00B3VTN290,78999213,CE01,GBP,2022-04-29,13031.0,13031.0,12959.5,12959.5,1008,1,13031.0
IE00B3VTN290,78999213,CE01,GBP,2022-05-03,12972.5,12972.5,12972.5,12972.5,0,0,12972.5
IE00B3VTN290,78999213,CE01,GBP,2022-05-04,12955.5,12955.5,12955.5,12955.5,0,0,12955.5
IE00B3VTN290,78999213,CE01,GBP,2022-05-05,13004.5,13004.5,13004.5,13004.5,0,0,13004.5
IE00B3VTN290,78999213,CE01,GBP,2022-05-06,12966.5,12966.5,12966.5,12966.5,0,0,12966.5
IE00B3VTN290,78999213,CE01,GBP,2022-05-09,13003.5,13003.5,13003.5,13003.5,0,0,13003.5
IE00B3VTN290,78999213,CE01,GBP,2022-05-10,13118.5,13118.5,13118.5,13118.5,0,0,13118.5
IE00B3VTN290,78999213,CE01,GBP,2022-05-11,13148.5,13148.5,13148.5,13148.5,0,0,13148.5
IE00B3VTN290,78999213,CE01,GBP,2022-05-12,13247.5,13247.5,13247.5,13247.5,0,0,13247.5
IE00B3VTN290,78999213,CE01,GBP,2022-05-13,13144.5,13144.5,13144.5,13144.5,0,0,13144.5
IE00B3VTN290,78999213,CE01,GBP,2022-05-16,13102.0,13123.0,13102.0,13123.0,19,1,13102.0
IE00B3VTN290,78999213,CE01,GBP,2022-05-17,12944.0,12944.0,12929.0,12929.0,4508,6,12943.95
IE00B3VTN290,78999213,CE01,GBP,2022-05-18,12985.0,12985.0,12985.0,12985.0,0,0,12985.0
IE00B3VTN290,78999213,CE01,GBP,2022-05-19,13064.0,13064.0,13064.0,13064.0,0,0,13064.0
IE00B3VTN290,78999213,CE01,GBP,2022-05-20,13020.0,13020.0,13020.0,13020.0,0,0,13020.0
IE00B3VTN290,78999213,CE01,GBP,2022-05-23,12992.0,12992.0,12992.0,12992.0,0,0,12992.0
IE00B3VTN290,78999213,CE01,GBP,2022-05-24,13066.0,13180.0,13066.0,13179.5,39,3,13111.5
IE00B3VTN290,78999213,CE01,GBP,2022-05-25,13120.0,13120.0,13094.0,13094.0,25,2,13112.45
IE00B3VTN290,78999213,CE01,GBP,2022-05-26,13097.0,13110.5,13097.0,13110.5,111,1,13097.0
IE00B3VTN290,78999213,CE01,GBP,2022-05-27,13088.0,13088.0,13088.0,13088.0,0,0,13088.0
IE00B3VTN290,78999213,CE01,GBP,2022-05-30,13039.0,13039.0,13039.0,13039.0,0,0,13039.0
IE00B3VTN290,78999213,CE01,GBP,2022-05-31,12959.0,12964.0,12923.0,12923.0,3120,7,12959.35
IE00B3VTN290,78999213,CE01,GBP,2022-06-01,12935.0,12935.0,12903.0,12903.0,64,3,12922.25
IE00B3VTN290,78999213,CE01,GBP,2022-06-06,12856.0,12856.0,12715.0,12724.5,6262,9,12805.7
IE00B3VTN290,78999213,CE01,GBP,2022-06-07,12749.5,12749.5,12749.5,12749.5,0,0,12749.5
IE00B3VTN290,78999213,CE01,GBP,2022-06-08,12738.0,12759.0,12738.0,12759.0,80,3,12749.5
IE00B3VTN290,78999213,CE01,GBP,2022-06-09,12621.0,12622.0,12536.5,12536.5,60,2,12621.65
IE00B3VTN290,78999213,CE01,GBP,2022-06-10,12463.5,12463.5,12463.5,12463.5,0,0,12463.5
IE00B3VTN290,78999213,CE01,GBP,2022-06-13,12328.5,12328.5,12328.5,12328.5,0,0,12328.5
IE00B3VTN290,78999213,CE01,GBP,2022-06-14,12336.5,12336.5,12336.5,12336.5,0,0,12336.5
IE00B3VTN290,78999213,CE01,GBP,2022-06-15,12449.0,12478.5,12449.0,12478.5,25,1,12449.0
IE00B3VTN290,78999213,CE01,GBP,2022-06-16,12316.5,12316.5,12316.5,12316.5,0,0,12316.5
IE00B3VTN290,78999213,CE01,GBP,2022-06-17,12469.5,12469.5,12469.5,12469.5,0,0,12469.5
IE00B3VTN290,78999213,CE01,GBP,2022-06-20,12426.0,12426.0,12426.0,12426.0,0,0,12426.0
IE00B3VTN290,78999213,CE01,GBP,2022-06-21,12407.5,12407.5,12407.5,12407.5,0,0,12407.5
IE00B3VTN290,78999213,CE01,GBP,2022-06-22,12580.5,12580.5,12580.5,12580.5,0,0,12580.5
IE00B3VTN290,78999213,CE01,GBP,2022-06-23,12723.0,12723.0,12723.0,12723.0,0,0,12723.0
IE00B3VTN290,78999213,CE01,GBP,2022-06-24,12708.5,12708.5,12708.5,12708.5,0,0,12708.5
IE00B3VTN290,78999213,CE01,GBP,2022-06-27,12669.5,12669.5,12669.5,12669.5,0,0,12669.5
IE00B3VTN290,78999213,CE01,GBP,2022-06-28,12602.5,12602.5,12602.5,12602.5,0,0,12602.5
IE00B3VTN290,78999213,CE01,GBP,2022-06-29,12669.0,12760.5,12669.0,12760.5,719,1,12669.0
IE00B3VTN290,78999213,CE01,GBP,2022-06-30,12793.0,12845.0,12793.0,12840.0,27,2,12814.2
IE00B3VTN290,78999213,CE01,GBP,2022-07-01,13074.0,13074.0,13074.0,13074.0,0,0,13074.0
IE00B3VTN290,78999213,CE01,GBP,2022-07-04,12881.0,12881.0,12881.0,12881.0,0,0,12881.0
IE00B3VTN290,78999213,CE01,GBP,2022-07-05,12888.0,13008.0,12883.0,13008.0,15,4,12888.6
IE00B3VTN290,78999213,CE01,GBP,2022-07-06,12953.0,12953.0,12953.0,12953.0,0,0,12953.0
IE00B3VTN290,78999213,CE01,GBP,2022-07-07,12879.0,12879.0,12727.0,12727.0,1029,3,12774.2
IE00B3VTN290,78999213,CE01,GBP,2022-07-08,12693.0,12693.0,12693.0,12693.0,0,0,12693.0
IE00B3VTN290,78999213,CE01,GBP,2022-07-11,12811.0,12811.0,12811.0,12811.0,0,0,12811.0
IE00B3VTN290,78999213,CE01,GBP,2022-07-12,12784.0,12896.0,12779.0,12896.0,6381,7,12782.9
IE00B3VTN290,78999213,CE01,GBP,2022-07-13,12871.5,12871.5,12871.5,12871.5,0,0,12871.5
IE00B3VTN290,78999213,CE01,GBP,2022-07-14,12750.0,12810.0,12750.0,12810.0,391,1,12750.0
IE00B3VTN290,78999213,CE01,GBP,2022-07-15,12915.0,12915.0,12915.0,12915.0,0,0,12915.0
IE00B3VTN290,78999213,CE01,GBP,2022-07-18,12799.0,12799.0,12799.0,12799.0,0,0,12799.0
IE00B3VTN290,78999213,CE01,GBP,2022-07-19,12800.0,12800.0,12800.0,12800.0,0,0,12800.0
IE00B3VTN290,78999213,CE01,GBP,2022-07-20,12798.0,12798.0,12798.0,12798.0,0,0,12798.0
IE00B3VTN290,78999213,CE01,GBP,2022-07-21,12804.5,12804.5,12804.5,12804.5,0,0,12804.5
IE00B3VTN290,78999213,CE01,GBP,2022-07-22,12976.0,12976.0,12976.0,12976.0,0,0,12976.0
IE00B3VTN290,78999213,CE01,GBP,2022-07-25,12960.0,12960.0,12960.0,12960.0,0,0,12960.0
IE00B3VTN290,78999213,CE01,GBP,2022-07-26,12964.0,12964.0,12964.0,12964.0,0,0,12964.0
IE00B3VTN290,78999213,CE01,GBP,2022-07-27,12926.5,12926.5,12926.5,12926.5,0,0,12926.5
IE00B3VTN290,78999213,CE01,GBP,2022-07-28,13046.0,13046.0,13046.0,13046.0,0,0,13046.0
IE00B3VTN290,78999213,CE01,GBP,2022-07-29,13071.0,13093.0,13071.0,13073.0,4507,31,13084.45
IE00B3VTN290,78999213,CE01,GBP,2022-08-01,13146.0,13146.0,13146.0,13146.0,0,0,13146.0
IE00B3VTN290,78999213,CE01,GBP,2022-08-02,13064.0,13064.0,13064.0,13064.0,0,0,13064.0
IE00B3VTN290,78999213,CE01,GBP,2022-08-03,13025.0,13025.0,13025.0,13025.0,0,0,13025.0
IE00B3VTN290,78999213,CE01,GBP,2022-08-04,13210.0,13210.0,13210.0,13210.0,0,0,13210.0
IE00B3VTN290,78999213,CE01,GBP,2022-08-05,13074.0,13074.0,13074.0,13074.0,0,0,13074.0
IE00B3VTN290,78999213,CE01,GBP,2022-08-08,13117.5,13117.5,13117.5,13117.5,0,0,13117.5
IE00B3VTN290,78999213,CE01,GBP,2022-08-09,13155.0,13155.0,13129.5,13129.5,1008,2,13155.0
IE00B3VTN290,78999213,CE01,GBP,2022-08-10,13156.0,13156.0,13156.0,13156.0,0,0,13156.0
IE00B3VTN290,78999213,CE01,GBP,2022-08-11,13103.5,13103.5,13103.5,13103.5,0,0,13103.5
IE00B3VTN290,78999213,CE01,GBP,2022-08-12,13099.0,13099.0,13064.0,13064.0,152,1,13099.0
IE00B3VTN290,78999213,CE01,GBP,2022-08-15,13138.0,13138.0,13138.0,13138.0,0,0,13138.0
IE00B3VTN290,78999213,CE01,GBP,2022-08-16,12993.0,12993.0,12993.0,12993.0,0,0,12993.0
IE00B3VTN290,78999213,CE01,GBP,2022-08-17,12903.0,12903.0,12903.0,12903.0,0,0,12903.0
IE00B3VTN290,78999213,CE01,GBP,2022-08-18,12890.0,12890.0,12890.0,12890.0,0,0,12890.0
IE00B3VTN290,78999213,CE01,GBP,2022-08-19,12846.0,12846.0,12837.0,12837.0,27,2,12845.6
IE00B3VTN290,78999213,CE01,GBP,2022-08-22,12671.5,12671.5,12671.5,12671.5,0,0,12671.5
IE00B3VTN290,78999213,CE01,GBP,2022-08-23,12613.0,12613.0,12613.0,12613.0,0,0,12613.0
IE00B3VTN290,78999213,CE01,GBP,2022-08-24,12540.0,12599.5,12540.0,12599.5,2238,2,12540.0
IE00B3VTN290,78999213,CE01,GBP,2022-08-25,12626.0,12647.5,12625.0,12647.5,718,2,12625.0
IE00B3VTN290,78999213,CE01,GBP,2022-08-26,12644.5,12644.5,12644.5,12644.5,0,0,12644.5
IE00B3VTN290,78999213,CE01,GBP,2022-08-30,12657.0,12657.0,12657.0,12657.0,0,0,12657.0
IE00B3VTN290,78999213,CE01,GBP,2022-08-31,12700.0,12700.0,12700.0,12700.0,0,0,12700.0
IE00B3VTN290,78999213,CE01,GBP,2022-09-01,12618.0,12618.0,12618.0,12618.0,0,0,12618.0
IE00B3VTN290,78999213,CE01,GBP,2022-09-02,12753.0,12753.0,12753.0,12753.0,0,0,12753.0
IE00B3VTN290,78999213,CE01,GBP,2022-09-05,12631.0,12631.0,12631.0,12631.0,0,0,12631.0
IE00B3VTN290,78999213,CE01,GBP,2022-09-06,12570.0,12570.0,12570.0,12570.0,0,0,12570.0
IE00B3VTN290,78999213,CE01,GBP,2022-09-07,12737.5,12737.5,12737.5,12737.5,0,0,12737.5
IE00B3VTN290,78999213,CE01,GBP,2022-09-08,12605.0,12605.0,12605.0,12605.0,0,0,12605.0
IE00B3VTN290,78999213,CE01,GBP,2022-09-09,12591.0,12645.0,12589.0,12589.0,179,4,12644.6
IE00B3VTN290,78999213,CE01,GBP,2022-09-12,12626.0,12643.0,12626.0,12638.0,35,3,12631.7
IE00B3VTN290,78999213,CE01,GBP,2022-09-13,12602.0,12602.0,12602.0,12602.0,0,0,12602.0
IE00B3VTN290,78999213,CE01,GBP,2022-09-14,12500.0,12556.5,12500.0,12556.5,101,2,12550.5
IE00B3VTN290,78999213,CE01,GBP,2022-09-15,12598.0,12598.0,12598.0,12598.0,0,0,12598.0
IE00B3VTN290,78999213,CE01,GBP,2022-09-16,12676.0,12676.0,12676.0,12676.0,0,0,12676.0
IE00B3VTN290,78999213,CE01,GBP,2022-09-20,12482.0,12482.0,12482.0,12482.0,0,0,12482.0
IE00B3VTN290,78999213,CE01,GBP,2022-09-21,12477.0,12477.0,12477.0,12477.0,0,0,12477.0
IE00B3VTN290,78999213,CE01,GBP,2022-09-22,12538.0,12538.0,12396.5,12396.5,1,1,12538.0
IE00B3VTN290,78999213,CE01,GBP,2022-09-23,12453.0,12548.0,12453.0,12548.0,1015,2,12453.0
IE00B3VTN290,78999213,CE01,GBP,2022-09-26,12483.0,12483.0,12483.0,12483.0,0,0,12483.0
IE00B3VTN290,78999213,CE01,GBP,2022-09-27,12337.0,12337.0,12337.0,12337.0,0,0,12337.0
IE00B3VTN290,78999213,CE01,GBP,2022-09-28,12509.5,12509.5,12509.5,12509.5,0,0,12509.5
IE00B3VTN290,78999213,CE01,GBP,2022-09-29,12319.5,12319.5,12319.5,12319.5,0,0,12319.5
IE00B3VTN290,78999213,CE01,GBP,2022-09-30,12326.5,12326.5,12326.5,12326.5,0,0,12326.5
IE00B3VTN290,78999213,CE01,GBP,2022-10-03,12434.0,12434.0,12434.0,12434.0,0,0,12434.0
IE00B3VTN290,78999213,CE01,GBP,2022-10-04,12481.5,12481.5,12481.5,12481.5,0,0,12481.5
IE00B3VTN290,78999213,CE01,GBP,2022-10-05,12370.0,12370.0,12370.0,12370.0,0,0,12370.0
IE00B3VTN290,78999213,CE01,GBP,2022-10-06,12347.0,12347.0,12347.0,12347.0,0,0,12347.0
IE00B3VTN290,78999213,CE01,GBP,2022-10-07,12228.0,12236.0,12228.0,12236.0,1,1,12228.0
IE00B3VTN290,78999213,CE01,GBP,2022-10-10,12149.0,12154.0,12149.0,12154.0,20,1,12149.0
IE00B3VTN290,78999213,CE01,GBP,2022-10-11,12109.0,12109.0,12109.0,12109.0,0,0,12109.0
IE00B3VTN290,78999213,CE01,GBP,2022-10-12,12080.0,12080.0,12080.0,12080.0,0,0,12080.0
IE00B3VTN290,78999213,CE01,GBP,2022-10-13,11950.0,11950.0,11950.0,11950.0,0,0,11950.0
IE00B3VTN290,78999213,CE01,GBP,2022-10-14,12059.0,12060.0,11970.0,11970.0,1062,10,12059.05
IE00B3VTN290,78999213,CE01,GBP,2022-10-17,11924.0,11924.0,11924.0,11924.0,0,0,11924.0
IE00B3VTN290,78999213,CE01,GBP,2022-10-18,12073.0,12073.0,12073.0,12073.0,0,0,12073.0
IE00B3VTN290,78999213,CE01,GBP,2022-10-19,11982.0,11982.0,11982.0,11982.0,0,0,11982.0
IE00B3VTN290,78999213,CE01,GBP,2022-10-20,11973.0,11973.0,11966.0,11966.0,1008,1,11973.0
IE00B3VTN290,78999213,CE01,GBP,2022-10-21,12008.0,12008.0,12008.0,12008.0,0,0,12008.0
IE00B3VTN290,78999213,CE01,GBP,2022-10-24,12124.0,12124.0,12124.0,12124.0,0,0,12124.0
IE00B3VTN290,78999213,CE01,GBP,2022-10-25,12213.0,12213.0,12213.0,12213.0,0,0,12213.0
IE00B3VTN290,78999213,CE01,GBP,2022-10-26,12248.0,12248.0,12248.0,12248.0,0,0,12248.0
IE00B3VTN290,78999213,CE01,GBP,2022-10-27,12360.0,12360.0,12360.0,12360.0,0,0,12360.0
IE00B3VTN290,78999213,CE01,GBP,2022-10-28,12183.0,12183.0,12183.0,12183.0,0,0,12183.0
IE00B3VTN290,78999213,CE01,GBP,2022-10-31,12118.5,12118.5,12118.5,12118.5,0,0,12118.5
IE00B3VTN290,78999213,CE01,GBP,2022-11-01,12170.0,12170.0,12170.0,12170.0,0,0,12170.0
IE00B3VTN290,78999213,CE01,GBP,2022-11-02,12145.0,12145.0,12145.0,12145.0,0,0,12145.0
IE00B3VTN290,78999213,CE01,GBP,2022-11-03,12203.0,12203.0,12203.0,12203.0,0,0,12203.0
IE00B3VTN290,78999213,CE01,GBP,2022-11-04,12240.0,12240.0,12240.0,12240.0,0,0,12240.0
IE00B3VTN290,78999213,CE01,GBP,2022-11-07,12138.5,12138.5,12138.5,12138.5,0,0,12138.5
IE00B3VTN290,78999213,CE01,GBP,2022-11-08,12183.0,12183.0,12183.0,12183.0,0,0,12183.0
IE00B3VTN290,78999213,CE01,GBP,2022-11-09,12402.5,12402.5,12402.5,12402.5,0,0,12402.5
IE00B3VTN290,78999213,CE01,GBP,2022-11-10,12482.0,12482.0,12482.0,12482.0,0,0,12482.0
IE00B3VTN290,78999213,CE01,GBP,2022-11-11,12387.5,12387.5,12387.5,12387.5,0,0,12387.5
IE00B3VTN290,78999213,CE01,GBP,2022-11-14,12461.0,12461.0,12461.0,12461.0,0,0,12461.0
IE00B3VTN290,78999213,CE01,GBP,2022-11-15,12424.5,12424.5,12424.5,12424.5,0,0,12424.5
IE00B3VTN290,78999213,CE01,GBP,2022-11-16,12550.0,12550.0,12550.0,12550.0,0,0,12550.0
IE00B3VTN290,78999213,CE01,GBP,2022-11-17,12546.5,12546.5,12546.5,12546.5,0,0,12546.5
IE00B3VTN290,78999213,CE01,GBP,2022-11-18,12462.0,12462.0,12462.0,12462.0,0,0,12462.0
IE00B3VTN290,78999213,CE01,GBP,2022-11-21,12474.0,12474.0,12474.0,12474.0,0,0,12474.0
IE00B3VTN290,78999213,CE01,GBP,2022-11-22,12419.0,12433.5,12419.0,12433.5,1,1,12419.0
IE00B3VTN290,78999213,CE01,GBP,2022-11-23,12409.0,12409.0,12409.0,12409.0,0,0,12409.0
IE00B3VTN290,78999213,CE01,GBP,2022-11-24,12489.0,12489.0,12489.0,12489.0,0,0,12489.0
IE00B3VTN290,78999213,CE01,GBP,2022-11-25,12370.0,12370.0,12370.0,12370.0,0,0,12370.0
IE00B3VTN290,78999213,CE01,GBP,2022-11-28,12385.0,12385.0,12385.0,12385.0,0,0,12385.0
IE00B3VTN290,78999213,CE01,GBP,2022-11-29,12477.0,12477.0,12471.5,12471.5,56,1,12477.0
IE00B3VTN290,78999213,CE01,GBP,2022-11-30,12441.0,12441.0,12441.0,12441.0,0,0,12441.0
IE00B3VTN290,78999213,CE01,GBP,2022-12-01,12464.0,12464.0,12464.0,12464.0,0,0,12464.0
IE00B3VTN290,78999213,CE01,GBP,2022-12-02,12427.0,12427.0,12427.0,12427.0,0,0,12427.0
IE00B3VTN290,78999213,CE01,GBP,2022-12-05,12506.5,12506.5,12506.5,12506.5,0,0,12506.5
IE00B3VTN290,78999213,CE01,GBP,2022-12-06,12536.0,12536.0,12536.0,12536.0,0,0,12536.0
IE00B3VTN290,78999213,CE01,GBP,2022-12-07,12600.0,12600.0,12600.0,12600.0,0,0,12600.0
IE00B3VTN290,78999213,CE01,GBP,2022-12-08,12643.0,12643.0,12573.0,12573.0,7,1,12643.0
IE00B3VTN290,78999213,CE01,GBP,2022-12-09,12377.0,12377.0,12377.0,12377.0,0,0,12377.0
IE00B3VTN290,78999213,CE01,GBP,2022-12-12,12384.0,12384.0,12384.0,12384.0,0,0,12384.0
IE00B3VTN290,78999213,CE01,GBP,2022-12-13,12444.0,12444.0,12444.0,12444.0,0,0,12444.0
IE00B3VTN290,78999213,CE01,GBP,2022-12-14,12378.0,12378.0,12378.0,12378.0,0,0,12378.0
IE00B3VTN290,78999213,CE01,GBP,2022-12-15,12359.5,12359.5,12359.5,12359.5,0,0,12359.5
IE00B3VTN290,78999213,CE01,GBP,2022-12-16,12276.0,12276.0,12276.0,12276.0,0,0,12276.0
IE00B3VTN290,78999213,CE01,GBP,2022-12-19,12235.0,12235.0,12235.0,12235.0,0,0,12235.0
IE00B3VTN290,78999213,CE01,GBP,2022-12-20,12168.0,12186.0,12168.0,12186.0,12,3,12177.5
IE00B3VTN290,78999213,CE01,GBP,2022-12-21,12227.0,12227.0,12227.0,12227.0,0,0,12227.0
IE00B3VTN290,78999213,CE01,GBP,2022-12-22,12218.5,12218.5,12218.5,12218.5,0,0,12218.5
IE00B3VTN290,78999213,CE01,GBP,2022-12-23,12166.5,12166.5,12166.5,12166.5,0,0,12166.5
IE00B3VTN290,78999213,CE01,GBP,2022-12-28,12102.5,12102.5,12102.5,12102.5,0,0,12102.5
IE00B3VTN290,78999213,CE01,GBP,2022-12-29,12183.5,12183.5,12183.5,12183.5,0,0,12183.5
IE00B3VTN290,78999213,CE01,GBP,2022-12-30,12163.5,12163.5,12163.5,12163.5,0,0,12163.5
IE00B3VTN290,78999213,CE01,GBP,2023-01-03,12215.0,12215.0,12215.0,12215.0,0,0,12215.0
IE00B3VTN290,78999213,CE01,GBP,2023-01-04,12352.0,12352.0,12352.0,12352.0,0,0,12352.0
IE00B3VTN290,78999213,CE01,GBP,2023-01-05,12369.5,12369.5,12369.5,12369.5,0,0,12369.5
IE00B3VTN290,78999213,CE01,GBP,2023-01-06,12403.0,12403.0,12403.0,12403.0,0,0,12403.0
IE00B3VTN290,78999213,CE01,GBP,2023-01-09,12429.0,12429.0,12429.0,12429.0,0,0,12429.0
IE00B3VTN290,78999213,CE01,GBP,2023-01-10,12376.5,12376.5,12376.5,12376.5,0,0,12376.5
IE00B3VTN290,78999213,CE01,GBP,2023-01-11,12560.0,12560.0,12560.0,12560.0,0,0,12560.0
IE00B3VTN290,78999213,CE01,GBP,2023-01-12,12647.0,12647.0,12647.0,12647.0,0,0,12647.0
IE00B3VTN290,78999213,CE01,GBP,2023-01-13,12680.0,12680.0,12622.5,12622.5,4,1,12680.0
IE00B3VTN290,78999213,CE01,GBP,2023-01-16,12629.0,12629.0,12612.5,12612.5,65,1,12629.0
IE00B3VTN290,78999213,CE01,GBP,2023-01-17,12625.5,12625.5,12625.5,12625.5,0,0,12625.5
IE00B3VTN290,78999213,CE01,GBP,2023-01-18,12651.0,12651.0,12651.0,12651.0,0,0,12651.0
IE00B3VTN290,78999213,CE01,GBP,2023-01-19,12587.5,12587.5,12587.5,12587.5,0,0,12587.5
IE00B3VTN290,78999213,CE01,GBP,2023-01-20,12478.5,12478.5,12478.5,12478.5,0,0,12478.5
IE00B3VTN290,78999213,CE01,GBP,2023-01-23,12483.0,12483.0,12483.0,12483.0,0,0,12483.0
IE00B3VTN290,78999213,CE01,GBP,2023-01-24,12602.5,12602.5,12602.5,12602.5,0,0,12602.5
IE00B3VTN290,78999213,CE01,GBP,2023-01-25,12579.0,12579.0,12579.0,12579.0,0,0,12579.0
IE00B3VTN290,78999213,CE01,GBP,2023-01-26,12474.5,12474.5,12474.5,12474.5,0,0,12474.5
IE00B3VTN290,78999213,CE01,GBP,2023-01-27,12405.0,12405.0,12405.0,12405.0,0,0,12405.0
IE00B3VTN290,78999213,CE01,GBP,2023-01-30,12349.0,12349.0,12349.0,12349.0,0,0,12349.0
IE00B3VTN290,78999213,CE01,GBP,2023-01-31,12445.0,12445.0,12445.0,12445.0,0,0,12445.0
IE00B3VTN290,78999213,CE01,GBP,2023-02-01,12497.0,12497.0,12497.0,12497.0,0,0,12497.0
IE00B3VTN290,78999213,CE01,GBP,2023-02-02,12839.5,12839.5,12839.5,12839.5,0,0,12839.5
IE00B3VTN290,78999213,CE01,GBP,2023-02-03,12797.5,12797.5,12797.5,12797.5,0,0,12797.5
IE00B3VTN290,78999213,CE01,GBP,2023-02-06,12650.0,12650.0,12650.0,12650.0,0,0,12650.0
IE00B3VTN290,78999213,CE01,GBP,2023-02-07,12599.0,12599.0,12581.0,12581.0,15,1,12599.0
IE00B3VTN290,78999213,CE01,GBP,2023-02-08,12492.5,12492.5,12492.5,12492.5,0,0,12492.5
IE00B3VTN290,78999213,CE01,GBP,2023-02-09,12504.0,12504.0,12504.0,12504.0,0,0,12504.0
IE00B3VTN290,78999213,CE01,GBP,2023-02-10,12434.0,12434.0,12434.0,12434.0,0,0,12434.0
IE00B3VTN290,78999213,CE01,GBP,2023-02-13,12420.0,12420.0,12420.0,12420.0,0,0,12420.0
IE00B3VTN290,78999213,CE01,GBP,2023-02-14,12439.0,12439.0,12334.5,12334.5,747,1,12439.0
IE00B3VTN290,78999213,CE01,GBP,2023-02-15,12393.0,12393.0,12376.0,12376.0,230,1,12393.0
IE00B3VTN290,78999213,CE01,GBP,2023-02-16,12379.0,12380.0,12379.0,12380.0,12,1,12379.0
IE00B3VTN290,78999213,CE01,GBP,2023-02-17,12399.0,12399.0,12399.0,12399.0,0,0,12399.0
IE00B3VTN290,78999213,CE01,GBP,2023-02-20,12377.5,12377.5,12377.5,12377.5,0,0,12377.5
IE00B3VTN290,78999213,CE01,GBP,2023-02-21,12180.0,12180.0,12180.0,12180.0,0,0,12180.0
IE00B3VTN290,78999213,CE01,GBP,2023-02-22,12206.0,12206.0,12206.0,12206.0,0,0,12206.0
IE00B3VTN290,78999213,CE01,GBP,2023-02-23,12263.0,12263.0,12263.0,12263.0,0,0,12263.0
IE00B3VTN290,78999213,CE01,GBP,2023-02-24,12229.0,12229.0,12229.0,12229.0,0,0,12229.0
IE00B3VTN290,78999213,CE01,GBP,2023-02-27,12158.0,12158.0,12158.0,12158.0,0,0,12158.0
IE00B3VTN290,78999213,CE01,GBP,2023-02-28,12045.0,12045.0,12045.0,12045.0,0,0,12045.0
IE00B3VTN290,78999213,CE01,GBP,2023-03-01,12130.0,12130.0,12130.0,12130.0,0,0,12130.0
IE00B3VTN290,78999213,CE01,GBP,2023-03-02,12077.0,12077.0,12077.0,12077.0,0,0,12077.0
IE00B3VTN290,78999213,CE01,GBP,2023-03-03,12094.0,12094.0,12094.0,12094.0,0,0,12094.0
IE00B3VTN290,78999213,CE01,GBP,2023-03-06,12105.5,12105.5,12105.5,12105.5,0,0,12105.5
IE00B3VTN290,78999213,CE01,GBP,2023-03-07,12193.0,12193.0,12193.0,12193.0,0,0,12193.0
IE00B3VTN290,78999213,CE01,GBP,2023-03-08,12242.5,12242.5,12242.5,12242.5,0,0,12242.5
IE00B3VTN290,78999213,CE01,GBP,2023-03-09,12208.5,12208.5,12208.5,12208.5,0,0,12208.5
IE00B3VTN290,78999213,CE01,GBP,2023-03-10,12287.5,12287.5,12287.5,12287.5,0,0,12287.5
IE00B3VTN290,78999213,CE01,GBP,2023-03-13,12500.0,12500.0,12454.0,12454.0,606,5,12458.1
IE00B3VTN290,78999213,CE01,GBP,2023-03-14,12286.5,12286.5,12286.5,12286.5,0,0,12286.5
IE00B3VTN290,78999213,CE01,GBP,2023-03-15,12409.0,12505.5,12409.0,12505.5,2075,3,12410.7
IE00B3VTN290,78999213,CE01,GBP,2023-03-16,12410.5,12410.5,12410.5,12410.5,0,0,12410.5
IE00B3VTN290,78999213,CE01,GBP,2023-03-17,12524.0,12524.0,12524.0,12524.0,0,0,12524.0
IE00B3VTN290,78999213,CE01,GBP,2023-03-20,12531.5,12531.5,12531.5,12531.5,0,0,12531.5
IE00B3VTN290,78999213,CE01,GBP,2023-03-21,12517.0,12517.0,12517.0,12517.0,0,0,12517.0
IE00B3VTN290,78999213,CE01,GBP,2023-03-22,12441.0,12441.0,12441.0,12441.0,0,0,12441.0
IE00B3VTN290,78999213,CE01,GBP,2023-03-23,12603.5,12603.5,12603.5,12603.5,0,0,12603.5
IE00B3VTN290,78999213,CE01,GBP,2023-03-24,12609.5,12609.5,12609.5,12609.5,0,0,12609.5
IE00B3VTN290,78999213,CE01,GBP,2023-03-27,12513.5,12513.5,12513.5,12513.5,0,0,12513.5
IE00B3VTN290,78999213,CE01,GBP,2023-03-28,12444.5,12444.5,12444.5,12444.5,0,0,12444.5
IE00B3VTN290,78999213,CE01,GBP,2023-03-29,12444.5,12444.5,12444.5,12444.5,0,0,12444.5
IE00B3VTN290,78999213,CE01,GBP,2023-03-30,12476.0,12476.0,12397.0,12397.0,23,1,12476.0
IE00B3VTN290,78999213,CE01,GBP,2023-03-31,12427.5,12427.5,12427.5,12427.5,0,0,12427.5
IE00B3VTN290,78999213,CE01,GBP,2023-04-03,12492.0,12492.0,12492.0,12492.0,0,0,12492.0
IE00B3VTN290,78999213,CE01,GBP,2023-04-04,12422.0,12442.5,12422.0,12442.5,1,1,12422.0
IE00B3VTN290,78999213,CE01,GBP,2023-04-05,12526.0,12526.0,12526.0,12526.0,0,0,12526.0
IE00B3VTN290,78999213,CE01,GBP,2023-04-06,12543.0,12554.0,12543.0,12554.0,40,1,12543.0
IE00B3VTN290,78999213,CE01,GBP,2023-04-11,12450.0,12484.0,12418.0,12420.0,17258,14702,12449.45
IE00B3VTN290,78999213,CE01,GBP,2023-04-12,12404.0,12404.0,12404.0,12404.0,0,0,12404.0
IE00B3VTN290,78999213,CE01,GBP,2023-04-13,12413.0,12413.0,12413.0,12413.0,137,1,12413.0
IE00B3VTN290,78999213,CE01,GBP,2023-04-14,12387.0,12387.0,12387.0,12387.0,0,0,12387.0
IE00B3VTN290,78999213,CE01,GBP,2023-04-17,12332.0,12332.0,12332.0,12332.0,0,0,12332.0
IE00B3VTN290,78999213,CE01,GBP,2023-04-18,12341.0,12341.0,12336.0,12336.0,50,1,12341.0
IE00B3VTN290,78999213,CE01,GBP,2023-04-19,12276.0,12276.0,12276.0,12276.0,0,0,12276.0
IE00B3VTN290,78999213,CE01,GBP,2023-04-20,12331.0,12331.0,12331.0,12331.0,0,0,12331.0
IE00B3VTN290,78999213,CE01,GBP,2023-04-21,12337.0,12337.0,12337.0,12337.0,0,0,12337.0
IE00B3VTN290,78999213,CE01,GBP,2023-04-24,12341.0,12341.0,12341.0,12341.0,0,0,12341.0
IE00B3VTN290,78999213,CE01,GBP,2023-04-25,12391.0,12455.0,12391.0,12455.0,50,1,12391.0
IE00B3VTN290,78999213,CE01,GBP,2023-04-26,12462.0,12462.0,12462.0,12462.0,0,0,12462.0
IE00B3VTN290,78999213,CE01,GBP,2023-04-27,12342.5,12342.5,12342.5,12342.5,0,0,12342.5
IE00B3VTN290,78999213,CE01,GBP,2023-04-28,12417.0,12417.0,12417.0,12417.0,0,0,12417.0
IE00B3VTN290,78999213,CE01,GBP,2023-05-02,12522.0,12522.0,12522.0,12522.0,0,0,12522.0
IE00B3VTN290,78999213,CE01,GBP,2023-05-03,12522.0,12522.0,12522.0,12522.0,0,0,12522.0
IE00B3VTN290,78999213,CE01,GBP,2023-05-04,12499.0,12499.0,12491.0,12491.0,40,1,12499.0
IE00B3VTN290,78999213,CE01,GBP,2023-05-05,12360.5,12360.5,12360.5,12360.5,0,0,12360.5
IE00B3VTN290,78999213,CE01,GBP,2023-05-09,12299.0,12299.0,12258.0,12258.0,91,4,12269.55
IE00B3VTN290,78999213,CE01,GBP,2023-05-10,12245.0,12324.0,12245.0,12324.0,2,1,12245.0
IE00B3VTN290,78999213,CE01,GBP,2023-05-11,12440.0,12440.0,12440.0,12440.0,0,0,12440.0
IE00B3VTN290,78999213,CE01,GBP,2023-05-12,12374.0,12374.0,12374.0,12374.0,0,0,12374.0
IE00B3VTN290,78999213,CE01,GBP,2023-05-15,12301.0,12301.0,12301.0,12301.0,0,0,12301.0
IE00B3VTN290,78999213,CE01,GBP,2023-05-16,12286.0,12286.0,12286.0,12286.0,0,0,12286.0
IE00B3VTN290,78999213,CE01,GBP,2023-05-17,12264.0,12264.0,12264.0,12264.0,0,0,12264.0
IE00B3VTN290,78999213,CE01,GBP,2023-05-18,12161.5,12161.5,12161.5,12161.5,0,0,12161.5
IE00B3VTN290,78999213,CE01,GBP,2023-05-19,12191.0,12191.0,12191.0,12191.0,0,0,12191.0
IE00B3VTN290,78999213,CE01,GBP,2023-05-22,12191.5,12191.5,12191.5,12191.5,0,0,12191.5
IE00B3VTN290,78999213,CE01,GBP,2023-05-23,12144.5,12144.5,12144.5,12144.5,0,0,12144.5
IE00B3VTN290,78999213,CE01,GBP,2023-05-24,12181.0,12181.0,12181.0,12181.0,0,0,12181.0
IE00B3VTN290,78999213,CE01,GBP,2023-05-25,12151.0,12151.0,12151.0,12151.0,0,0,12151.0
IE00B3VTN290,78999213,CE01,GBP,2023-05-26,12090.0,12090.0,12090.0,12090.0,0,0,12090.0
IE00B3VTN290,78999213,CE01,GBP,2023-05-30,12239.5,12239.5,12239.5,12239.5,0,0,12239.5
IE00B3VTN290,78999213,CE01,GBP,2023-05-31,12249.0,12253.0,12248.0,12253.0,749,2,12248.0
IE00B3VTN290,78999213,CE01,GBP,2023-06-01,12249.0,12249.0,12249.0,12249.0,0,0,12249.0
IE00B3VTN290,78999213,CE01,GBP,2023-06-02,12251.0,12251.0,12251.0,12251.0,0,0,12251.0
IE00B3VTN290,78999213,CE01,GBP,2023-06-05,12225.0,12227.0,12225.0,12227.0,52,1,12225.0
IE00B3VTN290,78999213,CE01,GBP,2023-06-06,12206.0,12206.0,12206.0,12206.0,0,0,12206.0
IE00B3VTN290,78999213,CE01,GBP,2023-06-07,12105.5,12105.5,12105.5,12105.5,0,0,12105.5
IE00B3VTN290,78999213,CE01,GBP,2023-06-08,12130.5,12130.5,12130.5,12130.5,0,0,12130.5
IE00B3VTN290,78999213,CE01,GBP,2023-06-09,12120.5,12120.5,12120.5,12120.5,0,0,12120.5
IE00B3VTN290,78999213,CE01,GBP,2023-06-12,12210.5,12210.5,12210.5,12210.5,0,0,12210.5
IE00B3VTN290,78999213,CE01,GBP,2023-06-13,12120.5,12120.5,12120.5,12120.5,0,0,12120.5
IE00B3VTN290,78999213,CE01,GBP,2023-06-14,12078.0,12078.0,12078.0,12078.0,0,0,12078.0
IE00B3VTN290,78999213,CE01,GBP,2023-06-15,12032.0,12047.0,12032.0,12047.0,744,1,12032.0
IE00B3VTN290,78999213,CE01,GBP,2023-06-16,12047.5,12047.5,12047.5,12047.5,0,0,12047.5
IE00B3VTN290,78999213,CE01,GBP,2023-06-19,12009.5,12009.5,12009.5,12009.5,0,0,12009.5
IE00B3VTN290,78999213,CE01,GBP,2023-06-20,12048.0,12135.5,12048.0,12135.5,41,4,12048.0
IE00B3VTN290,78999213,CE01,GBP,2023-06-21,12169.5,12169.5,12169.5,12169.5,0,0,12169.5
IE00B3VTN290,78999213,CE01,GBP,2023-06-22,12101.0,12101.0,12101.0,12101.0,0,0,12101.0
IE00B3VTN290,78999213,CE01,GBP,2023-06-23,12171.5,12171.5,12171.5,12171.5,0,0,12171.5
IE00B3VTN290,78999213,CE01,GBP,2023-06-26,12251.0,12251.0,12251.0,12251.0,0,0,12251.0
IE00B3VTN290,78999213,CE01,GBP,2023-06-27,12214.0,12214.0,12214.0,12214.0,0,0,12214.0
IE00B3VTN290,78999213,CE01,GBP,2023-06-28,12228.0,12322.0,12228.0,12310.0,2008,2,12231.85
IE00B3VTN290,78999213,CE01,GBP,2023-06-29,12209.5,12209.5,12209.5,12209.5,0,0,12209.5
IE00B3VTN290,78999213,CE01,GBP,2023-06-30,12163.0,12163.0,12163.0,12163.0,0,0,12163.0
IE00B3VTN290,78999213,CE01,GBP,2023-07-03,12186.0,12188.0,12135.0,12135.0,12,2,12187.0
IE00B3VTN290,78999213,CE01,GBP,2023-07-04,12056.5,12056.5,12056.5,12056.5,0,0,12056.5
IE00B3VTN290,78999213,CE01,GBP,2023-07-05,12089.0,12089.0,12035.5,12035.5,32,1,12089.0
IE00B3VTN290,78999213,CE01,GBP,2023-07-06,11889.5,11889.5,11889.5,11889.5,0,0,11889.5
IE00B3VTN290,78999213,CE01,GBP,2023-07-07,11840.0,11866.0,11839.5,11866.0,35,1,11839.8
IE00B3VTN290,78999213,CE01,GBP,2023-07-10,11909.5,11909.5,11909.5,11909.5,0,0,11909.5
IE00B3VTN290,78999213,CE01,GBP,2023-07-11,11830.5,11830.5,11830.5,11830.5,0,0,11830.5
IE00B3VTN290,78999213,CE01,GBP,2023-07-12,11982.5,11982.5,11982.5,11982.5,0,0,11982.5
IE00B3VTN290,78999213,CE01,GBP,2023-07-13,12051.0,12051.0,12051.0,12051.0,0,0,12051.0
IE00B3VTN290,78999213,CE01,GBP,2023-07-14,12065.5,12065.5,12065.5,12065.5,0,0,12065.5
IE00B3VTN290,78999213,CE01,GBP,2023-07-17,12111.0,12111.0,12111.0,12111.0,0,0,12111.0
IE00B3VTN290,78999213,CE01,GBP,2023-07-18,12200.0,12230.5,12200.0,12230.5,60,3,12206.0
IE00B3VTN290,78999213,CE01,GBP,2023-07-19,12317.5,12317.5,12317.5,12317.5,0,0,12317.5
IE00B3VTN290,78999213,CE01,GBP,2023-07-20,12254.0,12254.0,12254.0,12254.0,0,0,12254.0
IE00B3VTN290,78999213,CE01,GBP,2023-07-21,12255.5,12255.5,12255.5,12255.5,0,0,12255.5
IE00B3VTN290,78999213,CE01,GBP,2023-07-24,12285.0,12285.0,12274.5,12274.5,1904,1,12285.0
IE00B3VTN290,78999213,CE01,GBP,2023-07-25,12207.0,12208.0,12186.0,12186.0,6,2,12207.5
IE00B3VTN290,78999213,CE01,GBP,2023-07-26,12098.0,12098.0,12098.0,12098.0,0,0,12098.0
IE00B3VTN290,78999213,CE01,GBP,2023-07-27,12151.0,12155.0,12110.0,12110.0,1939,2,12154.95
IE00B3VTN290,78999213,CE01,GBP,2023-07-28,12080.0,12132.5,12080.0,12132.5,1,1,12080.0
IE00B3VTN290,78999213,CE01,GBP,2023-07-31,12118.0,12118.0,12118.0,12118.0,0,0,12118.0
IE00B3VTN290,78999213,CE01,GBP,2023-08-01,12107.5,12107.5,12107.5,12107.5,0,0,12107.5
IE00B3VTN290,78999213,CE01,GBP,2023-08-02,12127.5,12127.5,12127.5,12127.5,0,0,12127.5
IE00B3VTN290,78999213,CE01,GBP,2023-08-03,12097.0,12141.0,12089.5,12089.5,2199,2,12102.05
IE00B3VTN290,78999213,CE01,GBP,2023-08-04,12148.0,12148.0,12148.0,12148.0,0,0,12148.0
IE00B3VTN290,78999213,CE01,GBP,2023-08-07,12068.0,12093.0,12068.0,12093.0,28,3,12070.5
IE00B3VTN290,78999213,CE01,GBP,2023-08-08,12202.0,12202.0,12188.0,12188.0,68,1,12202.0
IE00B3VTN290,78999213,CE01,GBP,2023-08-09,12209.0,12209.0,12209.0,12209.0,0,0,12209.0
IE00B3VTN290,78999213,CE01,GBP,2023-08-10,12217.0,12217.0,12217.0,12217.0,0,0,12217.0
IE00B3VTN290,78999213,CE01,GBP,2023-08-11,12093.5,12093.5,12093.5,12093.5,0,0,12093.5
IE00B3VTN290,78999213,CE01,GBP,2023-08-14,12093.0,12093.0,12042.5,12042.5,153,1,12093.0
IE00B3VTN290,78999213,CE01,GBP,2023-08-15,11962.0,11962.0,11962.0,11962.0,0,0,11962.0
IE00B3VTN290,78999213,CE01,GBP,2023-08-16,11949.0,11949.0,11949.0,11949.0,0,0,11949.0
IE00B3VTN290,78999213,CE01,GBP,2023-08-17,11865.5,11865.5,11865.5,11865.5,0,0,11865.5
IE00B3VTN290,78999213,CE01,GBP,2023-08-18,11950.0,11950.0,11950.0,11950.0,0,0,11950.0
IE00B3VTN290,78999213,CE01,GBP,2023-08-21,11945.0,11945.0,11895.0,11895.0,2,1,11945.0
IE00B3VTN290,78999213,CE01,GBP,2023-08-22,11908.0,11908.0,11908.0,11908.0,0,0,11908.0
IE00B3VTN290,78999213,CE01,GBP,2023-08-23,11986.0,12066.0,11986.0,12066.0,21,5,12019.75
IE00B3VTN290,78999213,CE01,GBP,2023-08-24,12107.5,12107.5,12107.5,12107.5,0,0,12107.5
IE00B3VTN290,78999213,CE01,GBP,2023-08-25,12077.5,12077.5,12077.5,12077.5,0,0,12077.5
IE00B3VTN290,78999213,CE01,GBP,2023-08-29,12160.5,12160.5,12160.5,12160.5,0,0,12160.5
IE00B3VTN290,78999213,CE01,GBP,2023-08-30,12127.0,12127.0,12127.0,12127.0,0,0,12127.0
IE00B3VTN290,78999213,CE01,GBP,2023-08-31,12135.0,12152.0,12135.0,12152.0,12,1,12135.0
IE00B3VTN290,78999213,CE01,GBP,2023-09-01,12090.0,12090.0,12090.0,12090.0,0,0,12090.0
IE00B3VTN290,78999213,CE01,GBP,2023-09-04,12025.5,12025.5,12025.5,12025.5,0,0,12025.5
IE00B3VTN290,78999213,CE01,GBP,2023-09-05,12026.0,12026.0,11965.5,11965.5,21,2,12024.85
IE00B3VTN290,78999213,CE01,GBP,2023-09-06,11972.0,11972.0,11972.0,11972.0,0,0,11972.0
IE00B3VTN290,78999213,CE01,GBP,2023-09-07,12032.0,12032.0,12032.0,12032.0,0,0,12032.0
IE00B3VTN290,78999213,CE01,GBP,2023-09-08,12059.5,12059.5,12059.5,12059.5,0,0,12059.5
IE00B3VTN290,78999213,CE01,GBP,2023-09-11,11998.5,11998.5,11998.5,11998.5,0,0,11998.5
IE00B3VTN290,78999213,CE01,GBP,2023-09-12,12026.0,12026.0,12026.0,12026.0,0,0,12026.0
IE00B3VTN290,78999213,CE01,GBP,2023-09-13,12000.5,12000.5,12000.5,12000.5,0,0,12000.5
IE00B3VTN290,78999213,CE01,GBP,2023-09-14,12072.0,12073.0,12069.0,12069.0,122,2,12072.95
IE00B3VTN290,78999213,CE01,GBP,2023-09-15,12010.0,12010.0,12010.0,12010.0,0,0,12010.0
IE00B3VTN290,78999213,CE01,GBP,2023-09-18,11979.0,11979.0,11979.0,11979.0,0,0,11979.0
IE00B3VTN290,78999213,CE01,GBP,2023-09-19,11965.0,11965.0,11965.0,11965.0,0,0,11965.0
IE00B3VTN290,78999213,CE01,GBP,2023-09-20,12044.5,12044.5,12044.5,12044.5,0,0,12044.5
IE00B3VTN290,78999213,CE01,GBP,2023-09-21,12025.5,12025.5,12025.5,12025.5,0,0,12025.5
IE00B3VTN290,78999213,CE01,GBP,2023-09-22,12069.0,12069.0,12067.0,12067.0,50,1,12069.0
IE00B3VTN290,78999213,CE01,GBP,2023-09-25,12032.0,12032.0,11993.0,11993.0,129,1,12032.0
IE00B3VTN290,78999213,CE01,GBP,2023-09-26,12010.0,12010.0,11996.5,11996.5,207,1,12010.0
IE00B3VTN290,78999213,CE01,GBP,2023-09-27,12013.0,12013.0,11913.5,11913.5,2057,1,12013.0
IE00B3VTN290,78999213,CE01,GBP,2023-09-28,11771.0,11791.5,11758.0,11791.5,44,3,11779.25
IE00B3VTN290,78999213,CE01,GBP,2023-09-29,11926.0,11926.0,11926.0,11926.0,0,0,11926.0
IE00B3VTN290,78999213,CE01,GBP,2023-10-02,11857.5,11857.5,11857.5,11857.5,0,0,11857.5
IE00B3VTN290,78999213,CE01,GBP,2023-10-03,11821.5,11821.5,11821.5,11821.5,0,0,11821.5
IE00B3VTN290,78999213,CE01,GBP,2023-10-04,11824.5,11824.5,11824.5,11824.5,0,0,11824.5
IE00B3VTN290,78999213,CE01,GBP,2023-10-05,11857.5,11857.5,11857.5,11857.5,0,0,11857.5
IE00B3VTN290,78999213,CE01,GBP,2023-10-06,11842.5,11842.5,11842.5,11842.5,0,0,11842.5
IE00B3VTN290,78999213,CE01,GBP,2023-10-09,11871.0,11923.5,11871.0,11923.5,725,1,11871.0
IE00B3VTN290,78999213,CE01,GBP,2023-10-10,11948.5,11948.5,11948.5,11948.5,0,0,11948.5
IE00B3VTN290,78999213,CE01,GBP,2023-10-11,11990.5,11990.5,11990.5,11990.5,0,0,11990.5
IE00B3VTN290,78999213,CE01,GBP,2023-10-12,11942.0,11942.0,11937.5,11937.5,10,1,11942.0
IE00B3VTN290,78999213,CE01,GBP,2023-10-13,11985.0,11985.0,11985.0,11985.0,0,0,11985.0
IE00B3VTN290,78999213,CE01,GBP,2023-10-16,11955.0,11955.0,11955.0,11955.0,0,0,11955.0
IE00B3VTN290,78999213,CE01,GBP,2023-10-17,11898.0,11898.0,11896.5,11896.5,97,1,11898.0
IE00B3VTN290,78999213,CE01,GBP,2023-10-18,11891.0,11891.0,11837.5,11837.5,138,1,11891.0
IE00B3VTN290,78999213,CE01,GBP,2023-10-19,11837.5,11837.5,11837.5,11837.5,0,0,11837.5
IE00B3VTN290,78999213,CE01,GBP,2023-10-20,11956.0,11956.0,11956.0,11956.0,0,0,11956.0
IE00B3VTN290,78999213,CE01,GBP,2023-10-23,11975.5,11975.5,11975.5,11975.5,0,0,11975.5
IE00B3VTN290,78999213,CE01,GBP,2023-10-24,11990.5,11990.5,11990.5,11990.5,0,0,11990.5
IE00B3VTN290,78999213,CE01,GBP,2023-10-25,11962.5,11962.5,11962.5,11962.5,0,0,11962.5
IE00B3VTN290,78999213,CE01,GBP,2023-10-26,11973.5,11973.5,11973.5,11973.5,0,0,11973.5
IE00B3VTN290,78999213,CE01,GBP,2023-10-27,12037.0,12037.0,12037.0,12037.0,0,0,12037.0
IE00B3VTN290,78999213,CE01,GBP,2023-10-30,12082.0,12082.0,12082.0,12082.0,0,0,12082.0
IE00B3VTN290,78999213,CE01,GBP,2023-10-31,12063.0,12063.0,12063.0,12063.0,0,0,12063.0
IE00B3VTN290,78999213,CE01,GBP,2023-11-01,12093.5,12093.5,12093.5,12093.5,0,0,12093.5
IE00B3VTN290,78999213,CE01,GBP,2023-11-02,12185.0,12185.0,12185.0,12185.0,0,0,12185.0
IE00B3VTN290,78999213,CE01,GBP,2023-11-03,12180.0,12202.0,12180.0,12202.0,14,1,12180.0
IE00B3VTN290,78999213,CE01,GBP,2023-11-06,12145.0,12145.0,12095.5,12095.5,40,2,12142.0
IE00B3VTN290,78999213,CE01,GBP,2023-11-07,12189.0,12189.0,12189.0,12189.0,0,0,12189.0
IE00B3VTN290,78999213,CE01,GBP,2023-11-08,12269.5,12269.5,12269.5,12269.5,0,0,12269.5
IE00B3VTN290,78999213,CE01,GBP,2023-11-09,12250.5,12250.5,12250.5,12250.5,0,0,12250.5
IE00B3VTN290,78999213,CE01,GBP,2023-11-10,12232.5,12232.5,12232.5,12232.5,0,0,12232.5
IE00B3VTN290,78999213,CE01,GBP,2023-11-13,12196.5,12196.5,12196.5,12196.5,0,0,12196.5
IE00B3VTN290,78999213,CE01,GBP,2023-11-14,12251.0,12284.5,12251.0,12284.5,17,1,12251.0
IE00B3VTN290,78999213,CE01,GBP,2023-11-15,12300.0,12300.0,12300.0,12300.0,0,0,12300.0
IE00B3VTN290,78999213,CE01,GBP,2023-11-16,12383.5,12383.5,12383.5,12383.5,0,0,12383.5
IE00B3VTN290,78999213,CE01,GBP,2023-11-17,12401.0,12401.0,12401.0,12401.0,0,0,12401.0
IE00B3VTN290,78999213,CE01,GBP,2023-11-20,12381.0,12381.0,12381.0,12381.0,0,0,12381.0
IE00B3VTN290,78999213,CE01,GBP,2023-11-21,12381.0,12381.0,12381.0,12381.0,0,0,12381.0
IE00B3VTN290,78999213,CE01,GBP,2023-11-22,12375.5,12375.5,12375.5,12375.5,0,0,12375.5
IE00B3VTN290,78999213,CE01,GBP,2023-11-23,12343.0,12343.0,12291.0,12291.0,75,3,12342.35
IE00B3VTN290,78999213,CE01,GBP,2023-11-24,12235.0,12235.0,12235.0,12235.0,0,0,12235.0
IE00B3VTN290,78999213,CE01,GBP,2023-11-27,12320.0,12320.0,12320.0,12320.0,0,0,12320.0
IE00B3VTN290,78999213,CE01,GBP,2023-11-28,12311.0,12361.0,12311.0,12361.0,23,1,12311.0
IE00B3VTN290,78999213,CE01,GBP,2023-11-29,12399.0,12422.0,12399.0,12422.0,224,3,12400.75
IE00B3VTN290,78999213,CE01,GBP,2023-11-30,12381.0,12394.0,12346.0,12346.0,83,3,12380.75
IE00B3VTN290,78999213,CE01,GBP,2023-12-01,12350.0,12383.0,12350.0,12380.0,98,2,12382.0
IE00B3VTN290,78999213,CE01,GBP,2023-12-04,12381.5,12381.5,12381.5,12381.5,0,0,12381.5
IE00B3VTN290,78999213,CE01,GBP,2023-12-05,12485.0,12485.0,12485.0,12485.0,0,0,12485.0
IE00B3VTN290,78999213,CE01,GBP,2023-12-06,12469.0,12520.0,12469.0,12520.0,8000,1,12469.0
IE00B3VTN290,78999213,CE01,GBP,2023-12-07,12521.0,12554.0,12521.0,12554.0,193,4,12550.6
IE00B3VTN290,78999213,CE01,GBP,2023-12-08,12470.0,12470.0,12470.0,12470.0,0,0,12470.0
IE00B3VTN290,78999213,CE01,GBP,2023-12-11,12448.0,12448.0,12448.0,12448.0,0,0,12448.0
IE00B3VTN290,78999213,CE01,GBP,2023-12-12,12532.0,12532.0,12532.0,12532.0,0,0,12532.0
IE00B3VTN290,78999213,CE01,GBP,2023-12-13,12591.0,12628.0,12586.0,12628.0,103,2,12586.15
IE00B3VTN290,78999213,CE01,GBP,2023-12-14,12695.5,12695.5,12695.5,12695.5,0,0,12695.5
IE00B3VTN290,78999213,CE01,GBP,2023-12-15,12770.5,12770.5,12770.5,12770.5,0,0,12770.5
IE00B3VTN290,78999213,CE01,GBP,2023-12-18,12826.0,12826.0,12776.5,12776.5,40,1,12826.0
IE00B3VTN290,78999213,CE01,GBP,2023-12-19,12799.0,12816.0,12799.0,12816.0,37,1,12799.0
IE00B3VTN290,78999213,CE01,GBP,2023-12-20,12949.0,12949.0,12925.0,12929.0,62,2,12945.15
IE00B3VTN290,78999213,CE01,GBP,2023-12-21,12984.0,13005.5,12964.0,13005.5,2002,7,12969.65
IE00B3VTN290,78999213,CE01,GBP,2023-12-22,12980.0,12980.0,12980.0,12980.0,0,0,12980.0
IE00B3VTN290,78999213,CE01,GBP,2023-12-27,13069.0,13071.0,13069.0,13071.0,11,1,13069.0
IE00B3VTN290,78999213,CE01,GBP,2023-12-28,13023.0,13023.0,13023.0,13023.0,0,0,13023.0
IE00B3VTN290,78999213,CE01,GBP,2023-12-29,12973.0,12973.0,12966.5,12966.5,115,1,12973.0
