ISIN,conId,Symbol,Currency,date,open,high,low,close,volume,barCount,average
IE00B4M7GH52,83007898,IPOL,USD,2019-01-02,20.71,21.076,20.71,21.02,33350,6,20.7272
IE00B4M7GH52,83007898,IPOL,USD,2019-01-03,20.586,20.65,20.584,20.65,3800,2,20.6172
IE00B4M7GH52,83007898,IPOL,USD,2019-01-04,20.87,21.016,20.834,20.964,23855,15,20.8831
IE00B4M7GH52,83007898,IPOL,USD,2019-01-07,21.33,21.33,21.33,21.33,0,0,21.33
IE00B4M7GH52,83007898,IPOL,USD,2019-01-08,21.332,21.332,21.332,21.332,0,0,21.332
IE00B4M7GH52,83007898,IPOL,USD,2019-01-09,21.65,21.65,21.65,21.65,0,0,21.65
IE00B4M7GH52,83007898,IPOL,USD,2019-01-10,21.612,21.612,21.612,21.612,0,0,21.612
IE00B4M7GH52,83007898,IPOL,USD,2019-01-11,21.558,21.558,21.558,21.558,0,0,21.558
IE00B4M7GH52,83007898,IPOL,USD,2019-01-14,21.44,21.44,21.44,21.44,0,0,21.44
IE00B4M7GH52,83007898,IPOL,USD,2019-01-15,21.644,21.646,21.47,21.47,530,3,21.5894
IE00B4M7GH52,83007898,IPOL,USD,2019-01-16,21.51,21.792,21.51,21.792,1422,5,21.5522
IE00B4M7GH52,83007898,IPOL,USD,2019-01-17,21.706,21.706,21.61,21.642,3112,4,21.6974
IE00B4M7GH52,83007898,IPOL,USD,2019-01-18,21.746,21.746,21.67,21.73,966,3,21.6704
IE00B4M7GH52,83007898,IPOL,USD,2019-01-21,21.46,21.556,21.46,21.532,434,3,21.5127
IE00B4M7GH52,83007898,IPOL,USD,2019-01-22,21.542,21.542,21.542,21.542,0,0,21.542
IE00B4M7GH52,83007898,IPOL,USD,2019-01-23,21.686,22.048,21.684,22.048,665,5,21.915
IE00B4M7GH52,83007898,IPOL,USD,2019-01-24,22.0,22.0,21.94,21.94,260,3,21.985
IE00B4M7GH52,83007898,IPOL,USD,2019-01-25,21.83,21.93,21.83,21.93,5000,1,21.83
IE00B4M7GH52,83007898,IPOL,USD,2019-01-28,21.574,21.714,21.574,21.714,5000,1,21.575
IE00B4M7GH52,83007898,IPOL,USD,2019-01-29,21.702,21.702,21.702,21.702,0,0,21.702
IE00B4M7GH52,83007898,IPOL,USD,2019-01-30,21.506,21.574,21.504,21.574,700,1,21.505
IE00B4M7GH52,83007898,IPOL,USD,2019-01-31,21.99,22.12,21.95,22.078,11313,7,22.1052
IE00B4M7GH52,83007898,IPOL,USD,2019-02-01,21.91,21.966,21.91,21.948,25258,7,21.9284
IE00B4M7GH52,83007898,IPOL,USD,2019-02-04,21.936,22.056,21.918,21.918,4720,5,21.9413
IE00B4M7GH52,83007898,IPOL,USD,2019-02-05,21.91,22.046,21.91,22.046,9903,3,21.91
IE00B4M7GH52,83007898,IPOL,USD,2019-02-06,21.91,21.91,21.91,21.91,0,0,21.91
IE00B4M7GH52,83007898,IPOL,USD,2019-02-07,21.412,21.412,21.412,21.412,0,0,21.412
IE00B4M7GH52,83007898,IPOL,USD,2019-02-08,21.176,21.212,21.174,21.212,150,1,21.175
IE00B4M7GH52,83007898,IPOL,USD,2019-02-11,21.082,21.082,21.082,21.082,0,0,21.082
IE00B4M7GH52,83007898,IPOL,USD,2019-02-12,21.11,21.312,21.104,21.312,1000,2,21.1057
IE00B4M7GH52,83007898,IPOL,USD,2019-02-13,21.346,21.346,20.88,20.908,2522,4,21.3095
IE00B4M7GH52,83007898,IPOL,USD,2019-02-14,21.03,21.03,20.63,20.63,475,2,21.03
IE00B4M7GH52,83007898,IPOL,USD,2019-02-15,20.906,20.906,20.898,20.898,200,1,20.905
IE00B4M7GH52,83007898,IPOL,USD,2019-02-18,20.89,20.89,20.784,20.818,1594,4,20.8321
IE00B4M7GH52,83007898,IPOL,USD,2019-02-19,20.766,20.926,20.764,20.83,10076,7,20.92
IE00B4M7GH52,83007898,IPOL,USD,2019-02-20,21.272,21.272,21.272,21.272,0,0,21.272
IE00B4M7GH52,83007898,IPOL,USD,2019-02-21,21.17,21.27,20.89,20.89,8035,3,21.0945
IE00B4M7GH52,83007898,IPOL,USD,2019-02-22,21.142,21.142,21.142,21.142,0,0,21.142
IE00B4M7GH52,83007898,IPOL,USD,2019-02-25,21.22,21.292,21.22,21.292,10000,2,21.2225
IE00B4M7GH52,83007898,IPOL,USD,2019-02-26,21.234,21.362,21.234,21.362,2170,1,21.235
IE00B4M7GH52,83007898,IPOL,USD,2019-02-27,21.36,21.36,21.094,21.11,28900,7,21.232
IE00B4M7GH52,83007898,IPOL,USD,2019-02-28,21.25,21.26,21.15,21.15,232,3,21.2287
IE00B4M7GH52,83007898,IPOL,USD,2019-03-01,21.118,21.118,21.118,21.118,0,0,21.118
IE00B4M7GH52,83007898,IPOL,USD,2019-03-04,21.226,21.226,20.964,20.964,10593,5,21.1202
IE00B4M7GH52,83007898,IPOL,USD,2019-03-05,21.082,21.082,21.082,21.082,0,0,21.082
IE00B4M7GH52,83007898,IPOL,USD,2019-03-06,21.1,21.1,21.062,21.062,187,1,21.1
IE00B4M7GH52,83007898,IPOL,USD,2019-03-07,20.698,20.698,20.698,20.698,0,0,20.698
IE00B4M7GH52,83007898,IPOL,USD,2019-03-08,20.586,20.7,20.584,20.7,9700,1,20.585
IE00B4M7GH52,83007898,IPOL,USD,2019-03-11,20.81,20.81,20.648,20.648,19461,8,20.7438
IE00B4M7GH52,83007898,IPOL,USD,2019-03-12,20.882,20.882,20.882,20.882,0,0,20.882
IE00B4M7GH52,83007898,IPOL,USD,2019-03-13,20.894,20.916,20.878,20.878,10150,3,20.9049
IE00B4M7GH52,83007898,IPOL,USD,2019-03-14,20.91,20.922,20.91,20.922,5000,1,20.91
IE00B4M7GH52,83007898,IPOL,USD,2019-03-15,21.286,21.286,21.282,21.282,5000,1,21.285
IE00B4M7GH52,83007898,IPOL,USD,2019-03-18,21.358,21.358,21.358,21.358,0,0,21.358
IE00B4M7GH52,83007898,IPOL,USD,2019-03-19,21.4,21.486,21.4,21.472,2207,3,21.4402
IE00B4M7GH52,83007898,IPOL,USD,2019-03-20,21.48,21.48,21.48,21.48,0,0,21.48
IE00B4M7GH52,83007898,IPOL,USD,2019-03-21,21.45,21.45,21.45,21.45,0,0,21.45
IE00B4M7GH52,83007898,IPOL,USD,2019-03-22,21.59,21.59,20.914,20.97,36840,10,21.1811
IE00B4M7GH52,83007898,IPOL,USD,2019-03-25,21.02,21.032,20.994,21.032,33596,3,21.0144
IE00B4M7GH52,83007898,IPOL,USD,2019-03-26,21.022,21.022,21.022,21.022,0,0,21.022
IE00B4M7GH52,83007898,IPOL,USD,2019-03-27,20.87,20.916,20.824,20.916,36716,13,20.8495
IE00B4M7GH52,83007898,IPOL,USD,2019-03-28,20.876,20.876,20.742,20.742,19303,3,20.8077
IE00B4M7GH52,83007898,IPOL,USD,2019-03-29,20.698,20.698,20.698,20.698,0,0,20.698
IE00B4M7GH52,83007898,IPOL,USD,2019-04-01,20.998,20.998,20.998,20.998,0,0,20.998
IE00B4M7GH52,83007898,IPOL,USD,2019-04-02,21.336,21.336,21.21,21.21,5000,1,21.335
IE00B4M7GH52,83007898,IPOL,USD,2019-04-03,21.45,21.71,21.45,21.692,2932,2,21.6213
IE00B4M7GH52,83007898,IPOL,USD,2019-04-04,21.606,21.606,21.5,21.5,210,1,21.605
IE00B4M7GH52,83007898,IPOL,USD,2019-04-05,21.148,21.148,21.148,21.148,0,0,21.148
IE00B4M7GH52,83007898,IPOL,USD,2019-04-08,21.336,21.336,21.336,21.336,0,0,21.336
IE00B4M7GH52,83007898,IPOL,USD,2019-04-09,21.456,21.456,21.402,21.402,770,1,21.455
IE00B4M7GH52,83007898,IPOL,USD,2019-04-10,21.45,21.644,21.45,21.644,5400,2,21.5796
IE00B4M7GH52,83007898,IPOL,USD,2019-04-11,21.526,21.526,21.526,21.526,0,0,21.526
IE00B4M7GH52,83007898,IPOL,USD,2019-04-12,21.516,21.516,21.516,21.516,0,0,21.516
IE00B4M7GH52,83007898,IPOL,USD,2019-04-15,21.406,21.458,21.404,21.458,1000,1,21.405
IE00B4M7GH52,83007898,IPOL,USD,2019-04-16,21.5,21.54,21.464,21.54,3495,2,21.47
IE00B4M7GH52,83007898,IPOL,USD,2019-04-17,21.618,21.618,21.618,21.618,0,0,21.618
IE00B4M7GH52,83007898,IPOL,USD,2019-04-18,21.438,21.438,21.438,21.438,0,0,21.438
IE00B4M7GH52,83007898,IPOL,USD,2019-04-23,21.332,21.332,21.332,21.332,0,0,21.332
IE00B4M7GH52,83007898,IPOL,USD,2019-04-24,21.226,21.226,21.226,21.226,0,0,21.226
IE00B4M7GH52,83007898,IPOL,USD,2019-04-25,21.078,21.078,21.078,21.078,0,0,21.078
IE00B4M7GH52,83007898,IPOL,USD,2019-04-26,21.192,21.192,21.192,21.192,0,0,21.192
IE00B4M7GH52,83007898,IPOL,USD,2019-04-29,21.196,21.196,21.09,21.118,930,2,21.1781
IE00B4M7GH52,83007898,IPOL,USD,2019-04-30,21.12,21.12,21.0,21.006,1100,3,21.0427
IE00B4M7GH52,83007898,IPOL,USD,2019-05-01,21.196,21.196,21.196,21.196,0,0,21.196
IE00B4M7GH52,83007898,IPOL,USD,2019-05-02,20.748,20.748,20.748,20.748,0,0,20.748
IE00B4M7GH52,83007898,IPOL,USD,2019-05-03,20.964,20.964,20.964,20.964,0,0,20.964
IE00B4M7GH52,83007898,IPOL,USD,2019-05-07,20.006,20.006,20.006,20.006,0,0,20.006
IE00B4M7GH52,83007898,IPOL,USD,2019-05-08,20.15,20.15,19.878,19.878,10000,2,20.033
IE00B4M7GH52,83007898,IPOL,USD,2019-05-09,19.71,19.71,19.44,19.44,205,1,19.71
IE00B4M7GH52,83007898,IPOL,USD,2019-05-10,19.738,19.738,19.738,19.738,0,0,19.738
IE00B4M7GH52,83007898,IPOL,USD,2019-05-13,19.442,19.442,19.442,19.442,0,0,19.442
IE00B4M7GH52,83007898,IPOL,USD,2019-05-14,19.344,19.344,19.344,19.344,0,0,19.344
IE00B4M7GH52,83007898,IPOL,USD,2019-05-15,19.3,19.378,19.3,19.378,240,1,19.3
IE00B4M7GH52,83007898,IPOL,USD,2019-05-16,19.526,19.526,19.526,19.526,0,0,19.526
IE00B4M7GH52,83007898,IPOL,USD,2019-05-17,19.422,19.422,19.422,19.422,0,0,19.422
IE00B4M7GH52,83007898,IPOL,USD,2019-05-20,19.242,19.378,19.242,19.378,20,1,19.242
IE00B4M7GH52,83007898,IPOL,USD,2019-05-21,19.38,19.48,19.38,19.48,87,1,19.38
IE00B4M7GH52,83007898,IPOL,USD,2019-05-22,19.702,19.764,19.702,19.764,51,1,19.702
IE00B4M7GH52,83007898,IPOL,USD,2019-05-23,19.432,19.432,19.388,19.388,100,1,19.432
IE00B4M7GH52,83007898,IPOL,USD,2019-05-24,19.46,19.608,19.46,19.606,300,3,19.512
IE00B4M7GH52,83007898,IPOL,USD,2019-05-28,19.754,19.754,19.654,19.654,500,1,19.754
IE00B4M7GH52,83007898,IPOL,USD,2019-05-29,19.424,19.514,19.416,19.514,95574,16,19.4287
IE00B4M7GH52,83007898,IPOL,USD,2019-05-30,19.936,19.936,19.936,19.936,0,0,19.936
IE00B4M7GH52,83007898,IPOL,USD,2019-05-31,20.116,20.14,20.114,20.14,500,1,20.115
IE00B4M7GH52,83007898,IPOL,USD,2019-06-03,20.208,20.208,20.208,20.208,0,0,20.208
IE00B4M7GH52,83007898,IPOL,USD,2019-06-04,20.226,20.226,20.226,20.226,0,0,20.226
IE00B4M7GH52,83007898,IPOL,USD,2019-06-05,20.316,20.316,20.156,20.156,750,2,20.2183
IE00B4M7GH52,83007898,IPOL,USD,2019-06-06,20.578,20.578,20.578,20.578,0,0,20.578
IE00B4M7GH52,83007898,IPOL,USD,2019-06-07,20.92,20.92,20.83,20.83,1252,4,20.9115
IE00B4M7GH52,83007898,IPOL,USD,2019-06-10,20.778,20.778,20.778,20.778,0,0,20.778
IE00B4M7GH52,83007898,IPOL,USD,2019-06-11,20.916,20.916,20.916,20.916,0,0,20.916
IE00B4M7GH52,83007898,IPOL,USD,2019-06-12,20.916,20.916,20.824,20.824,12,1,20.915
IE00B4M7GH52,83007898,IPOL,USD,2019-06-13,20.83,20.95,20.83,20.92,5696,4,20.8365
IE00B4M7GH52,83007898,IPOL,USD,2019-06-14,20.8,20.8,20.726,20.726,5911,2,20.7908
IE00B4M7GH52,83007898,IPOL,USD,2019-06-17,20.644,20.66,20.644,20.66,5500,2,20.645
IE00B4M7GH52,83007898,IPOL,USD,2019-06-18,21.016,21.016,21.016,21.016,0,0,21.016
IE00B4M7GH52,83007898,IPOL,USD,2019-06-19,20.946,20.952,20.944,20.952,150,1,20.945
IE00B4M7GH52,83007898,IPOL,USD,2019-06-20,21.26,21.5,21.26,21.452,9098,5,21.3848
IE00B4M7GH52,83007898,IPOL,USD,2019-06-21,21.116,21.116,21.116,21.116,0,0,21.116
IE00B4M7GH52,83007898,IPOL,USD,2019-06-24,21.536,21.536,21.534,21.536,72361,1,21.535
IE00B4M7GH52,83007898,IPOL,USD,2019-06-25,21.252,21.252,21.252,21.252,0,0,21.252
IE00B4M7GH52,83007898,IPOL,USD,2019-06-26,21.26,21.348,21.14,21.348,264,4,21.2222
IE00B4M7GH52,83007898,IPOL,USD,2019-06-27,21.335,21.462,21.335,21.462,10000,2,21.3725
IE00B4M7GH52,83007898,IPOL,USD,2019-06-28,21.462,21.462,21.462,21.462,0,0,21.462
IE00B4M7GH52,83007898,IPOL,USD,2019-07-01,21.382,21.382,21.382,21.382,0,0,21.382
IE00B4M7GH52,83007898,IPOL,USD,2019-07-02,21.245,21.408,21.245,21.408,333,2,21.3598
IE00B4M7GH52,83007898,IPOL,USD,2019-07-03,21.365,21.41,21.365,21.383,1000,2,21.3875
IE00B4M7GH52,83007898,IPOL,USD,2019-07-04,21.523,21.523,21.523,21.523,0,0,21.523
IE00B4M7GH52,83007898,IPOL,USD,2019-07-05,21.21,21.21,21.21,21.21,0,0,21.21
IE00B4M7GH52,83007898,IPOL,USD,2019-07-08,21.12,21.183,21.1,21.183,14636,2,21.1
IE00B4M7GH52,83007898,IPOL,USD,2019-07-09,20.968,20.968,20.968,20.968,0,0,20.968
IE00B4M7GH52,83007898,IPOL,USD,2019-07-10,20.925,21.012,20.905,21.012,21319,3,20.9098
IE00B4M7GH52,83007898,IPOL,USD,2019-07-11,21.1,21.1,20.97,21.018,15283,7,21.0046
IE00B4M7GH52,83007898,IPOL,USD,2019-07-12,21.023,21.023,21.023,21.023,0,0,21.023
IE00B4M7GH52,83007898,IPOL,USD,2019-07-15,21.113,21.113,21.113,21.113,0,0,21.113
IE00B4M7GH52,83007898,IPOL,USD,2019-07-16,21.003,21.003,21.003,21.003,0,0,21.003
IE00B4M7GH52,83007898,IPOL,USD,2019-07-17,20.885,20.915,20.885,20.915,5000,1,20.885
IE00B4M7GH52,83007898,IPOL,USD,2019-07-18,20.925,21.075,20.925,21.075,118961,71,21.0447
IE00B4M7GH52,83007898,IPOL,USD,2019-07-19,21.28,21.395,21.28,21.395,80,1,21.28
IE00B4M7GH52,83007898,IPOL,USD,2019-07-22,21.35,21.35,21.35,21.35,0,0,21.35
IE00B4M7GH52,83007898,IPOL,USD,2019-07-23,21.203,21.203,21.203,21.203,0,0,21.203
IE00B4M7GH52,83007898,IPOL,USD,2019-07-24,21.135,21.148,21.135,21.148,550,1,21.135
IE00B4M7GH52,83007898,IPOL,USD,2019-07-25,21.19,21.19,20.925,20.925,5003,2,21.0901
IE00B4M7GH52,83007898,IPOL,USD,2019-07-26,20.762,20.762,20.762,20.762,0,0,20.762
IE00B4M7GH52,83007898,IPOL,USD,2019-07-29,20.518,20.518,20.518,20.518,0,0,20.518
IE00B4M7GH52,83007898,IPOL,USD,2019-07-30,20.53,20.53,20.395,20.395,5683,2,20.53
IE00B4M7GH52,83007898,IPOL,USD,2019-07-31,20.575,20.575,20.575,20.575,0,0,20.575
IE00B4M7GH52,83007898,IPOL,USD,2019-08-01,20.003,20.003,20.003,20.003,0,0,20.003
IE00B4M7GH52,83007898,IPOL,USD,2019-08-02,19.828,19.954,19.828,19.866,8009,3,19.9461
IE00B4M7GH52,83007898,IPOL,USD,2019-08-05,19.414,19.414,19.414,19.414,0,0,19.414
IE00B4M7GH52,83007898,IPOL,USD,2019-08-06,19.379,19.379,19.379,19.379,0,0,19.379
IE00B4M7GH52,83007898,IPOL,USD,2019-08-07,19.506,19.506,19.236,19.236,5500,2,19.4831
IE00B4M7GH52,83007898,IPOL,USD,2019-08-08,19.436,19.436,19.436,19.436,0,0,19.436
IE00B4M7GH52,83007898,IPOL,USD,2019-08-09,19.186,19.186,19.076,19.076,4127,2,19.1299
IE00B4M7GH52,83007898,IPOL,USD,2019-08-12,18.958,18.958,18.958,18.958,0,0,18.958
IE00B4M7GH52,83007898,IPOL,USD,2019-08-13,19.303,19.303,19.303,19.303,0,0,19.303
IE00B4M7GH52,83007898,IPOL,USD,2019-08-14,19.228,19.228,18.482,18.524,97329,36,18.7533
IE00B4M7GH52,83007898,IPOL,USD,2019-08-15,18.52,18.52,18.34,18.373,15110,14,18.3995
IE00B4M7GH52,83007898,IPOL,USD,2019-08-16,18.488,18.488,18.424,18.424,10000,2,18.468
IE00B4M7GH52,83007898,IPOL,USD,2019-08-19,18.684,18.684,18.652,18.652,287,2,18.6829
IE00B4M7GH52,83007898,IPOL,USD,2019-08-20,18.598,18.733,18.598,18.733,120,1,18.598
IE00B4M7GH52,83007898,IPOL,USD,2019-08-21,18.803,18.803,18.803,18.803,0,0,18.803
IE00B4M7GH52,83007898,IPOL,USD,2019-08-22,18.762,18.764,18.706,18.706,90,3,18.7618
IE00B4M7GH52,83007898,IPOL,USD,2019-08-23,18.6,18.6,18.6,18.6,0,0,18.6
IE00B4M7GH52,83007898,IPOL,USD,2019-08-27,18.6,18.66,18.534,18.639,15001,6,18.5986
IE00B4M7GH52,83007898,IPOL,USD,2019-08-28,18.039,18.039,18.039,18.039,0,0,18.039
IE00B4M7GH52,83007898,IPOL,USD,2019-08-29,18.152,18.152,18.152,18.152,0,0,18.152
IE00B4M7GH52,83007898,IPOL,USD,2019-08-30,18.676,18.676,18.623,18.623,26,1,18.676
IE00B4M7GH52,83007898,IPOL,USD,2019-09-02,18.775,18.775,18.775,18.775,0,0,18.775
IE00B4M7GH52,83007898,IPOL,USD,2019-09-03,18.396,18.551,18.396,18.551,15808,1,18.396
IE00B4M7GH52,83007898,IPOL,USD,2019-09-04,18.665,18.665,18.665,18.665,0,0,18.665
IE00B4M7GH52,83007898,IPOL,USD,2019-09-05,18.748,18.748,18.734,18.734,968,2,18.748
IE00B4M7GH52,83007898,IPOL,USD,2019-09-06,18.88,18.88,18.88,18.88,0,0,18.88
IE00B4M7GH52,83007898,IPOL,USD,2019-09-09,18.92,19.41,18.92,19.41,5626,6,19.1352
IE00B4M7GH52,83007898,IPOL,USD,2019-09-10,19.475,19.475,19.475,19.475,0,0,19.475
IE00B4M7GH52,83007898,IPOL,USD,2019-09-11,19.334,19.334,19.324,19.324,126,1,19.334
IE00B4M7GH52,83007898,IPOL,USD,2019-09-12,19.514,19.514,19.434,19.492,9441,4,19.4749
IE00B4M7GH52,83007898,IPOL,USD,2019-09-13,19.518,19.747,19.518,19.747,5020,2,19.7212
IE00B4M7GH52,83007898,IPOL,USD,2019-09-16,19.748,19.748,19.748,19.748,0,0,19.748
IE00B4M7GH52,83007898,IPOL,USD,2019-09-17,19.603,19.603,19.603,19.603,0,0,19.603
IE00B4M7GH52,83007898,IPOL,USD,2019-09-18,19.58,19.58,19.569,19.569,500,1,19.58
IE00B4M7GH52,83007898,IPOL,USD,2019-09-19,19.514,19.514,19.514,19.514,0,0,19.514
IE00B4M7GH52,83007898,IPOL,USD,2019-09-20,19.482,19.482,18.982,18.982,18025,7,19.4539
IE00B4M7GH52,83007898,IPOL,USD,2019-09-23,18.804,18.804,18.804,18.804,0,0,18.804
IE00B4M7GH52,83007898,IPOL,USD,2019-09-24,19.102,19.146,19.06,19.102,17820,12,19.1111
IE00B4M7GH52,83007898,IPOL,USD,2019-09-25,18.89,18.89,18.866,18.866,1000,2,18.8885
IE00B4M7GH52,83007898,IPOL,USD,2019-09-26,18.912,18.912,18.845,18.845,6,1,18.912
IE00B4M7GH52,83007898,IPOL,USD,2019-09-27,19.085,19.085,19.085,19.085,0,0,19.085
IE00B4M7GH52,83007898,IPOL,USD,2019-09-30,18.888,18.894,18.884,18.894,1210,2,18.8851
IE00B4M7GH52,83007898,IPOL,USD,2019-10-01,18.733,18.733,18.733,18.733,0,0,18.733
IE00B4M7GH52,83007898,IPOL,USD,2019-10-02,18.522,18.522,18.388,18.388,5000,1,18.522
IE00B4M7GH52,83007898,IPOL,USD,2019-10-03,18.596,18.732,18.52,18.571,30183,11,18.5892
IE00B4M7GH52,83007898,IPOL,USD,2019-10-04,18.824,18.824,18.81,18.81,48,1,18.824
IE00B4M7GH52,83007898,IPOL,USD,2019-10-07,18.717,18.717,18.717,18.717,0,0,18.717
IE00B4M7GH52,83007898,IPOL,USD,2019-10-08,18.77,18.77,18.77,18.77,0,0,18.77
IE00B4M7GH52,83007898,IPOL,USD,2019-10-09,18.818,18.818,18.818,18.818,2812,1,18.818
IE00B4M7GH52,83007898,IPOL,USD,2019-10-10,18.768,18.876,18.768,18.853,22855,4,18.7948
IE00B4M7GH52,83007898,IPOL,USD,2019-10-11,19.316,19.408,19.316,19.408,4913,3,19.3312
IE00B4M7GH52,83007898,IPOL,USD,2019-10-14,19.24,19.256,19.14,19.14,326664,16,19.1754
IE00B4M7GH52,83007898,IPOL,USD,2019-10-15,19.218,19.296,19.218,19.296,16000,14,19.218
IE00B4M7GH52,83007898,IPOL,USD,2019-10-16,19.26,19.425,19.26,19.425,10130,7,19.3232
IE00B4M7GH52,83007898,IPOL,USD,2019-10-17,19.37,19.748,19.37,19.735,30,2,19.559
IE00B4M7GH52,83007898,IPOL,USD,2019-10-18,19.602,19.626,19.602,19.613,6662,5,19.6069
IE00B4M7GH52,83007898,IPOL,USD,2019-10-21,19.664,19.76,19.664,19.76,48,1,19.664
IE00B4M7GH52,83007898,IPOL,USD,2019-10-22,19.81,20.088,19.798,20.088,5298,4,19.8412
IE00B4M7GH52,83007898,IPOL,USD,2019-10-23,19.944,20.025,19.944,19.995,3167,7,20.0074
IE00B4M7GH52,83007898,IPOL,USD,2019-10-24,19.986,19.986,19.867,19.867,5500,2,19.9793
IE00B4M7GH52,83007898,IPOL,USD,2019-10-25,19.643,19.643,19.643,19.643,0,0,19.643
IE00B4M7GH52,83007898,IPOL,USD,2019-10-28,20.027,20.027,20.027,20.027,0,0,20.027
IE00B4M7GH52,83007898,IPOL,USD,2019-10-29,20.172,20.172,20.172,20.172,0,0,20.172
IE00B4M7GH52,83007898,IPOL,USD,2019-10-30,20.2,20.253,20.195,20.253,300,2,20.1967
IE00B4M7GH52,83007898,IPOL,USD,2019-10-31,20.345,20.345,19.975,19.975,40,1,20.345
IE00B4M7GH52,83007898,IPOL,USD,2019-11-01,20.17,20.21,20.01,20.172,8056,8,20.1929
IE00B4M7GH52,83007898,IPOL,USD,2019-11-04,20.255,20.568,20.255,20.568,1347,4,20.4064
IE00B4M7GH52,83007898,IPOL,USD,2019-11-05,20.515,20.55,20.515,20.523,2600,2,20.5352
IE00B4M7GH52,83007898,IPOL,USD,2019-11-06,20.422,20.422,20.422,20.422,0,0,20.422
IE00B4M7GH52,83007898,IPOL,USD,2019-11-07,20.515,20.515,20.42,20.425,29624,16,20.4392
IE00B4M7GH52,83007898,IPOL,USD,2019-11-08,20.28,20.305,20.275,20.275,3094,3,20.2925
IE00B4M7GH52,83007898,IPOL,USD,2019-11-11,20.3,20.3,20.16,20.213,2443,4,20.1867
IE00B4M7GH52,83007898,IPOL,USD,2019-11-12,20.22,20.245,20.105,20.105,85831,27,20.2048
IE00B4M7GH52,83007898,IPOL,USD,2019-11-13,19.9,19.9,19.87,19.9,4872,2,19.8731
IE00B4M7GH52,83007898,IPOL,USD,2019-11-14,19.982,19.982,19.859,19.859,1750,1,19.982
IE00B4M7GH52,83007898,IPOL,USD,2019-11-15,19.992,20.075,19.992,20.075,995,2,20.0189
IE00B4M7GH52,83007898,IPOL,USD,2019-11-18,20.11,20.11,20.03,20.03,1,1,20.11
IE00B4M7GH52,83007898,IPOL,USD,2019-11-19,19.748,19.77,19.748,19.77,50,1,19.748
IE00B4M7GH52,83007898,IPOL,USD,2019-11-20,19.522,19.612,19.522,19.524,119248,80,19.5666
IE00B4M7GH52,83007898,IPOL,USD,2019-11-21,19.426,19.465,19.414,19.465,480,3,19.4301
IE00B4M7GH52,83007898,IPOL,USD,2019-11-22,19.476,19.476,19.476,19.476,0,0,19.476
IE00B4M7GH52,83007898,IPOL,USD,2019-11-25,19.582,19.582,19.582,19.582,140,1,19.582
IE00B4M7GH52,83007898,IPOL,USD,2019-11-26,19.509,19.509,19.509,19.509,0,0,19.509
IE00B4M7GH52,83007898,IPOL,USD,2019-11-27,19.486,19.486,19.262,19.262,27073,7,19.3464
IE00B4M7GH52,83007898,IPOL,USD,2019-11-28,19.191,19.191,19.191,19.191,0,0,19.191
IE00B4M7GH52,83007898,IPOL,USD,2019-11-29,19.096,19.096,19.079,19.079,16294,1,19.096
IE00B4M7GH52,83007898,IPOL,USD,2019-12-02,18.964,19.06,18.964,19.053,1000,2,19.012
IE00B4M7GH52,83007898,IPOL,USD,2019-12-03,18.77,18.782,18.754,18.782,334,2,18.7574
IE00B4M7GH52,83007898,IPOL,USD,2019-12-04,18.856,18.856,18.712,18.712,338,2,18.792
IE00B4M7GH52,83007898,IPOL,USD,2019-12-05,18.84,18.856,18.804,18.84,16777,5,18.8455
IE00B4M7GH52,83007898,IPOL,USD,2019-12-06,18.64,18.64,18.553,18.553,1594,7,18.5796
IE00B4M7GH52,83007898,IPOL,USD,2019-12-09,18.592,18.594,18.477,18.477,1136,5,18.5162
IE00B4M7GH52,83007898,IPOL,USD,2019-12-10,18.3,18.454,18.3,18.454,180,1,18.3
IE00B4M7GH52,83007898,IPOL,USD,2019-12-11,18.27,18.461,18.27,18.461,24000,6,18.3125
IE00B4M7GH52,83007898,IPOL,USD,2019-12-12,18.632,18.956,18.626,18.935,255600,24,18.6517
IE00B4M7GH52,83007898,IPOL,USD,2019-12-13,19.1,19.1,19.005,19.005,100,1,19.1
IE00B4M7GH52,83007898,IPOL,USD,2019-12-16,19.128,19.22,19.128,19.185,6049,4,19.183
IE00B4M7GH52,83007898,IPOL,USD,2019-12-17,19.39,19.39,19.352,19.352,1000,1,19.39
IE00B4M7GH52,83007898,IPOL,USD,2019-12-18,19.216,19.23,19.216,19.217,15462,6,19.2252
IE00B4M7GH52,83007898,IPOL,USD,2019-12-19,19.302,19.302,19.302,19.302,0,0,19.302
IE00B4M7GH52,83007898,IPOL,USD,2019-12-20,19.32,19.32,19.255,19.255,17956,7,19.3109
IE00B4M7GH52,83007898,IPOL,USD,2019-12-23,19.236,19.293,19.236,19.293,18760,7,19.2551
IE00B4M7GH52,83007898,IPOL,USD,2019-12-24,19.296,19.302,19.276,19.276,2513,2,19.2982
IE00B4M7GH52,83007898,IPOL,USD,2019-12-27,19.562,19.562,19.56,19.56,6018,2,19.562
IE00B4M7GH52,83007898,IPOL,USD,2019-12-30,19.626,19.626,19.546,19.576,5844,3,19.5678
IE00B4M7GH52,83007898,IPOL,USD,2019-12-31,19.586,19.586,19.561,19.561,52,1,19.586
IE00B4M7GH52,83007898,IPOL,USD,2020-01-02,19.738,20.11,19.738,20.04,9876,6,19.834
IE00B4M7GH52,83007898,IPOL,USD,2020-01-03,19.748,19.773,19.748,19.773,5180,2,19.7481
IE00B4M7GH52,83007898,IPOL,USD,2020-01-06,19.718,19.722,19.608,19.709,22133,6,19.719
IE00B4M7GH52,83007898,IPOL,USD,2020-01-07,19.842,19.862,19.533,19.533,77796,18,19.8235
IE00B4M7GH52,83007898,IPOL,USD,2020-01-08,19.482,19.482,19.211,19.211,1509,3,19.3302
IE00B4M7GH52,83007898,IPOL,USD,2020-01-09,19.555,19.555,19.555,19.555,0,0,19.555
IE00B4M7GH52,83007898,IPOL,USD,2020-01-10,19.5,19.734,19.5,19.672,1596,4,19.6889
IE00B4M7GH52,83007898,IPOL,USD,2020-01-13,19.73,19.999,19.73,19.999,10473,9,19.8994
IE00B4M7GH52,83007898,IPOL,USD,2020-01-14,19.884,20.05,19.884,19.958,1322,5,19.9216
IE00B4M7GH52,83007898,IPOL,USD,2020-01-15,19.816,19.817,19.79,19.817,3020,3,19.8137
IE00B4M7GH52,83007898,IPOL,USD,2020-01-16,19.85,19.85,19.794,19.81,538,4,19.8251
IE00B4M7GH52,83007898,IPOL,USD,2020-01-17,19.692,19.712,19.686,19.712,10000,2,19.689
IE00B4M7GH52,83007898,IPOL,USD,2020-01-20,19.738,19.74,19.718,19.718,324,3,19.7355
IE00B4M7GH52,83007898,IPOL,USD,2020-01-21,19.454,19.6,19.454,19.6,7969,6,19.579
IE00B4M7GH52,83007898,IPOL,USD,2020-01-22,19.64,19.64,19.42,19.444,2333,6,19.447
IE00B4M7GH52,83007898,IPOL,USD,2020-01-23,19.482,19.482,19.311,19.311,330,1,19.482
IE00B4M7GH52,83007898,IPOL,USD,2020-01-24,19.54,19.54,19.37,19.372,1345,5,19.5018
IE00B4M7GH52,83007898,IPOL,USD,2020-01-27,19.182,19.182,18.556,18.572,14722,13,18.7993
IE00B4M7GH52,83007898,IPOL,USD,2020-01-28,18.728,18.804,18.578,18.759,19099,16,18.6872
IE00B4M7GH52,83007898,IPOL,USD,2020-01-29,18.832,18.832,18.653,18.653,452,5,18.7331
IE00B4M7GH52,83007898,IPOL,USD,2020-01-30,18.51,18.616,18.482,18.57,13325,10,18.5069
IE00B4M7GH52,83007898,IPOL,USD,2020-01-31,18.35,18.387,18.3,18.387,6929,7,18.3497
IE00B4M7GH52,83007898,IPOL,USD,2020-02-03,18.418,18.514,18.328,18.494,45341,20,18.3495
IE00B4M7GH52,83007898,IPOL,USD,2020-02-04,18.938,18.98,18.896,18.945,755,5,18.9134
IE00B4M7GH52,83007898,IPOL,USD,2020-02-05,19.046,19.192,19.046,19.097,7834,9,19.1392
IE00B4M7GH52,83007898,IPOL,USD,2020-02-06,19.088,19.088,18.912,18.94,11662,8,19.0001
IE00B4M7GH52,83007898,IPOL,USD,2020-02-07,18.756,18.78,18.756,18.766,2202,5,18.768
IE00B4M7GH52,83007898,IPOL,USD,2020-02-10,18.742,18.742,18.576,18.577,6760,10,18.5897
IE00B4M7GH52,83007898,IPOL,USD,2020-02-11,18.72,18.8,18.72,18.797,2581,7,18.7481
IE00B4M7GH52,83007898,IPOL,USD,2020-02-12,18.926,18.968,18.89,18.968,1900,7,18.9166
IE00B4M7GH52,83007898,IPOL,USD,2020-02-13,18.688,18.77,18.686,18.761,731,4,18.6984
IE00B4M7GH52,83007898,IPOL,USD,2020-02-14,18.84,18.84,18.736,18.741,1500,5,18.8015
IE00B4M7GH52,83007898,IPOL,USD,2020-02-17,18.806,18.806,18.711,18.711,247,3,18.7922
IE00B4M7GH52,83007898,IPOL,USD,2020-02-18,18.52,18.596,18.492,18.492,1902,6,18.5374
IE00B4M7GH52,83007898,IPOL,USD,2020-02-19,18.616,18.616,18.49,18.59,312,3,18.5318
IE00B4M7GH52,83007898,IPOL,USD,2020-02-20,18.478,18.478,18.339,18.339,715,4,18.4711
IE00B4M7GH52,83007898,IPOL,USD,2020-02-21,18.398,18.422,18.365,18.365,3316,6,18.4016
IE00B4M7GH52,83007898,IPOL,USD,2020-02-24,18.072,18.072,17.462,17.492,14302,27,17.6479
IE00B4M7GH52,83007898,IPOL,USD,2020-02-25,17.58,17.582,17.06,17.103,4959,11,17.4001
IE00B4M7GH52,83007898,IPOL,USD,2020-02-26,17.01,17.064,16.76,16.936,18658,22,16.8855
IE00B4M7GH52,83007898,IPOL,USD,2020-02-27,16.804,16.804,16.272,16.291,16690,9,16.2886
IE00B4M7GH52,83007898,IPOL,USD,2020-02-28,15.626,15.778,15.624,15.65,61489,27,15.6999
IE00B4M7GH52,83007898,IPOL,USD,2020-03-02,16.09,16.291,15.868,16.291,19860,15,15.8992
IE00B4M7GH52,83007898,IPOL,USD,2020-03-03,16.374,17.042,16.374,16.86,23063,13,16.7226
IE00B4M7GH52,83007898,IPOL,USD,2020-03-04,16.762,16.944,16.73,16.757,48219,26,16.8028
IE00B4M7GH52,83007898,IPOL,USD,2020-03-05,16.99,16.99,16.4,16.4,38915,24,16.522
IE00B4M7GH52,83007898,IPOL,USD,2020-03-06,16.074,16.074,15.962,16.034,6231,6,15.9698
IE00B4M7GH52,83007898,IPOL,USD,2020-03-09,15.624,15.624,14.825,14.825,12801,12,15.0767
IE00B4M7GH52,83007898,IPOL,USD,2020-03-10,14.95,15.004,14.58,14.597,38702,19,14.7654
IE00B4M7GH52,83007898,IPOL,USD,2020-03-11,14.17,14.21,13.522,13.585,4461,12,13.8472
IE00B4M7GH52,83007898,IPOL,USD,2020-03-12,12.212,12.34,12.0,12.0,89813,17,12.2045
IE00B4M7GH52,83007898,IPOL,USD,2020-03-13,12.102,12.22,11.808,11.999,3904,4,12.0781
IE00B4M7GH52,83007898,IPOL,USD,2020-03-16,11.02,11.618,10.95,11.616,1192,9,11.24
IE00B4M7GH52,83007898,IPOL,USD,2020-03-17,11.892,12.082,11.892,12.056,1143,3,11.951
IE00B4M7GH52,83007898,IPOL,USD,2020-03-18,12.28,12.28,11.499,11.499,11271,11,12.1646
IE00B4M7GH52,83007898,IPOL,USD,2020-03-19,11.696,11.696,11.696,11.696,0,0,11.696
IE00B4M7GH52,83007898,IPOL,USD,2020-03-20,12.492,12.536,11.897,11.897,34625,6,12.4858
IE00B4M7GH52,83007898,IPOL,USD,2020-03-23,11.332,11.456,11.21,11.348,5127,3,11.3533
IE00B4M7GH52,83007898,IPOL,USD,2020-03-24,11.709,11.709,11.709,11.709,0,0,11.709
IE00B4M7GH52,83007898,IPOL,USD,2020-03-25,11.614,11.815,11.614,11.815,826,1,11.614
IE00B4M7GH52,83007898,IPOL,USD,2020-03-26,11.654,12.442,11.654,12.432,2009,4,11.6575
IE00B4M7GH52,83007898,IPOL,USD,2020-03-27,12.448,12.448,12.36,12.36,25,1,12.448
IE00B4M7GH52,83007898,IPOL,USD,2020-03-30,12.178,12.298,12.178,12.298,2816,3,12.1999
IE00B4M7GH52,83007898,IPOL,USD,2020-03-31,12.746,12.746,12.533,12.533,42,1,12.746
IE00B4M7GH52,83007898,IPOL,USD,2020-04-01,12.083,12.083,12.083,12.083,0,0,12.083
IE00B4M7GH52,83007898,IPOL,USD,2020-04-02,12.1,12.1,12.1,12.1,0,0,12.1
IE00B4M7GH52,83007898,IPOL,USD,2020-04-03,12.038,12.135,12.038,12.135,195,3,12.0702
IE00B4M7GH52,83007898,IPOL,USD,2020-04-06,12.804,12.804,12.804,12.804,0,0,12.804
IE00B4M7GH52,83007898,IPOL,USD,2020-04-07,13.438,13.5,13.291,13.291,33100,6,13.4397
IE00B4M7GH52,83007898,IPOL,USD,2020-04-08,13.0,13.07,12.886,13.019,2400,6,13.0168
IE00B4M7GH52,83007898,IPOL,USD,2020-04-09,13.243,13.243,13.243,13.243,0,0,13.243
IE00B4M7GH52,83007898,IPOL,USD,2020-04-14,13.532,13.71,13.532,13.608,900,2,13.5518
IE00B4M7GH52,83007898,IPOL,USD,2020-04-15,13.408,13.408,13.153,13.153,25887,9,13.2072
IE00B4M7GH52,83007898,IPOL,USD,2020-04-16,13.16,13.16,13.025,13.025,17600,6,13.1526
IE00B4M7GH52,83007898,IPOL,USD,2020-04-17,13.204,13.38,13.204,13.354,456,6,13.3067
IE00B4M7GH52,83007898,IPOL,USD,2020-04-20,13.334,13.598,13.186,13.537,32385,37,13.4045
IE00B4M7GH52,83007898,IPOL,USD,2020-04-21,13.186,13.198,12.788,12.788,25757,6,13.1902
IE00B4M7GH52,83007898,IPOL,USD,2020-04-22,12.834,13.144,12.834,13.108,3543,6,13.0268
IE00B4M7GH52,83007898,IPOL,USD,2020-04-23,12.98,13.219,12.98,13.219,150,3,13.0544
IE00B4M7GH52,83007898,IPOL,USD,2020-04-24,12.972,13.146,12.972,13.022,36109,6,13.0484
IE00B4M7GH52,83007898,IPOL,USD,2020-04-27,13.298,13.298,12.934,13.071,6213,8,13.0482
IE00B4M7GH52,83007898,IPOL,USD,2020-04-28,12.964,13.254,12.962,12.987,79979,19,13.0286
IE00B4M7GH52,83007898,IPOL,USD,2020-04-29,13.14,13.512,13.14,13.505,21848,9,13.3519
IE00B4M7GH52,83007898,IPOL,USD,2020-04-30,13.664,13.71,13.446,13.503,57156,17,13.5875
IE00B4M7GH52,83007898,IPOL,USD,2020-05-01,13.228,13.252,13.198,13.198,347,3,13.2353
IE00B4M7GH52,83007898,IPOL,USD,2020-05-04,13.162,13.182,13.06,13.067,37077,17,13.0836
IE00B4M7GH52,83007898,IPOL,USD,2020-05-05,13.174,13.174,13.02,13.113,33004,16,13.1441
IE00B4M7GH52,83007898,IPOL,USD,2020-05-06,12.95,12.95,12.725,12.725,611,3,12.8526
IE00B4M7GH52,83007898,IPOL,USD,2020-05-07,12.74,12.86,12.74,12.86,1348,1,12.74
IE00B4M7GH52,83007898,IPOL,USD,2020-05-11,12.996,13.04,12.848,12.907,13178,8,12.9936
IE00B4M7GH52,83007898,IPOL,USD,2020-05-12,13.12,13.267,13.12,13.267,15000,3,13.12
IE00B4M7GH52,83007898,IPOL,USD,2020-05-13,13.25,13.25,13.091,13.091,500,2,13.238
IE00B4M7GH52,83007898,IPOL,USD,2020-05-14,12.768,12.83,12.768,12.783,2854,6,12.8025
IE00B4M7GH52,83007898,IPOL,USD,2020-05-15,12.89,12.89,12.746,12.746,10,1,12.89
IE00B4M7GH52,83007898,IPOL,USD,2020-05-18,12.91,13.367,12.908,13.367,356,2,12.9098
IE00B4M7GH52,83007898,IPOL,USD,2020-05-19,13.46,13.514,13.46,13.514,1501,4,13.4708
IE00B4M7GH52,83007898,IPOL,USD,2020-05-20,13.568,13.734,13.568,13.734,16250,3,13.7034
IE00B4M7GH52,83007898,IPOL,USD,2020-05-21,13.722,13.722,13.492,13.492,240,2,13.685
IE00B4M7GH52,83007898,IPOL,USD,2020-05-22,13.382,13.482,13.382,13.468,22035,7,13.3955
IE00B4M7GH52,83007898,IPOL,USD,2020-05-26,13.848,14.598,13.848,14.598,7185,8,14.4294
IE00B4M7GH52,83007898,IPOL,USD,2020-05-27,14.886,14.886,14.468,14.51,13888,7,14.6332
IE00B4M7GH52,83007898,IPOL,USD,2020-05-28,14.934,14.934,14.661,14.661,13458,9,14.8794
IE00B4M7GH52,83007898,IPOL,USD,2020-05-29,14.596,14.746,14.596,14.746,5230,8,14.6114
IE00B4M7GH52,83007898,IPOL,USD,2020-06-01,14.9,14.994,14.874,14.984,9667,9,14.9057
IE00B4M7GH52,83007898,IPOL,USD,2020-06-02,14.97,15.11,14.97,15.088,32611,9,15.0615
IE00B4M7GH52,83007898,IPOL,USD,2020-06-03,15.224,15.329,15.224,15.329,3960,2,15.2636
IE00B4M7GH52,83007898,IPOL,USD,2020-06-04,15.606,15.616,15.451,15.451,20600,3,15.6092
IE00B4M7GH52,83007898,IPOL,USD,2020-06-05,15.818,16.135,15.818,16.135,3271,15,15.9481
IE00B4M7GH52,83007898,IPOL,USD,2020-06-08,15.812,16.044,15.76,16.044,4383,7,15.8949
IE00B4M7GH52,83007898,IPOL,USD,2020-06-09,16.036,16.036,15.722,15.947,130,2,15.7945
IE00B4M7GH52,83007898,IPOL,USD,2020-06-10,15.964,15.98,15.928,15.96,22949,10,15.9724
IE00B4M7GH52,83007898,IPOL,USD,2020-06-11,15.806,15.806,15.53,15.627,1591,6,15.7326
IE00B4M7GH52,83007898,IPOL,USD,2020-06-12,15.488,15.592,15.272,15.272,1072,4,15.4217
IE00B4M7GH52,83007898,IPOL,USD,2020-06-15,14.974,15.064,14.926,15.011,3641,10,15.0241
IE00B4M7GH52,83007898,IPOL,USD,2020-06-16,15.468,15.468,15.468,15.468,0,0,15.468
IE00B4M7GH52,83007898,IPOL,USD,2020-06-17,15.472,15.472,15.134,15.174,12535,7,15.2766
IE00B4M7GH52,83007898,IPOL,USD,2020-06-18,15.364,15.364,15.248,15.29,26306,7,15.3404
IE00B4M7GH52,83007898,IPOL,USD,2020-06-19,15.408,15.442,15.242,15.296,39402,15,15.4094
IE00B4M7GH52,83007898,IPOL,USD,2020-06-22,15.404,15.404,15.366,15.395,1897,5,15.3808
IE00B4M7GH52,83007898,IPOL,USD,2020-06-23,15.748,15.796,15.746,15.764,16153,8,15.7625
IE00B4M7GH52,83007898,IPOL,USD,2020-06-24,15.646,15.646,15.194,15.247,17821,8,15.2261
IE00B4M7GH52,83007898,IPOL,USD,2020-06-25,15.14,15.337,15.116,15.337,25046,10,15.1984
IE00B4M7GH52,83007898,IPOL,USD,2020-06-26,15.252,15.252,14.926,14.98,20512,16,14.9812
IE00B4M7GH52,83007898,IPOL,USD,2020-06-29,14.98,15.045,14.98,15.045,456,4,15.0111
IE00B4M7GH52,83007898,IPOL,USD,2020-06-30,14.998,15.152,14.998,15.113,43462,11,15.0588
IE00B4M7GH52,83007898,IPOL,USD,2020-07-01,14.874,15.128,14.868,15.053,12335,10,14.9091
IE00B4M7GH52,83007898,IPOL,USD,2020-07-02,15.41,15.41,15.295,15.295,6093,17,15.3421
IE00B4M7GH52,83007898,IPOL,USD,2020-07-03,15.325,15.325,15.325,15.325,0,0,15.325
IE00B4M7GH52,83007898,IPOL,USD,2020-07-06,15.514,15.56,15.511,15.511,2658,7,15.5324
IE00B4M7GH52,83007898,IPOL,USD,2020-07-07,15.37,15.394,15.336,15.384,28796,9,15.3572
IE00B4M7GH52,83007898,IPOL,USD,2020-07-08,15.218,15.278,15.173,15.173,1896,5,15.2332
IE00B4M7GH52,83007898,IPOL,USD,2020-07-09,15.306,15.384,15.2,15.244,7292,15,15.2255
IE00B4M7GH52,83007898,IPOL,USD,2020-07-10,15.266,15.43,15.258,15.311,62845,32,15.2894
IE00B4M7GH52,83007898,IPOL,USD,2020-07-13,15.482,15.482,15.414,15.433,18757,4,15.4227
IE00B4M7GH52,83007898,IPOL,USD,2020-07-14,15.244,15.266,15.146,15.238,5673,16,15.2037
IE00B4M7GH52,83007898,IPOL,USD,2020-07-15,15.42,15.459,15.42,15.459,991,5,15.4291
IE00B4M7GH52,83007898,IPOL,USD,2020-07-16,15.346,15.492,15.346,15.478,2935,9,15.4285
IE00B4M7GH52,83007898,IPOL,USD,2020-07-17,15.354,15.498,15.354,15.498,1478,3,15.4151
IE00B4M7GH52,83007898,IPOL,USD,2020-07-20,15.568,15.91,15.568,15.91,18388,12,15.7346
IE00B4M7GH52,83007898,IPOL,USD,2020-07-21,16.176,16.324,16.098,16.114,20692,21,16.1908
IE00B4M7GH52,83007898,IPOL,USD,2020-07-22,16.03,16.234,16.03,16.211,1872,9,16.1526
IE00B4M7GH52,83007898,IPOL,USD,2020-07-23,16.218,16.22,16.104,16.176,5332,11,16.1683
IE00B4M7GH52,83007898,IPOL,USD,2020-07-24,15.944,16.1,15.866,16.076,6755,9,16.0329
IE00B4M7GH52,83007898,IPOL,USD,2020-07-27,16.252,16.54,16.252,16.466,3415,9,16.4582
IE00B4M7GH52,83007898,IPOL,USD,2020-07-28,16.398,16.402,16.224,16.351,16140,14,16.3624
IE00B4M7GH52,83007898,IPOL,USD,2020-07-29,16.31,16.435,16.31,16.435,856,3,16.4013
IE00B4M7GH52,83007898,IPOL,USD,2020-07-30,15.962,16.0,15.904,15.934,19910,17,15.9381
IE00B4M7GH52,83007898,IPOL,USD,2020-07-31,16.294,16.294,15.992,15.998,13052,10,16.0542
IE00B4M7GH52,83007898,IPOL,USD,2020-08-03,15.974,16.262,15.94,16.239,2455,7,16.1958
IE00B4M7GH52,83007898,IPOL,USD,2020-08-04,16.392,16.452,16.392,16.422,1347,4,16.4113
IE00B4M7GH52,83007898,IPOL,USD,2020-08-05,16.732,16.798,16.718,16.78,53599,17,16.7765
IE00B4M7GH52,83007898,IPOL,USD,2020-08-06,16.658,16.658,16.455,16.455,34290,14,16.4943
IE00B4M7GH52,83007898,IPOL,USD,2020-08-07,16.476,16.486,16.476,16.484,330,2,16.4848
IE00B4M7GH52,83007898,IPOL,USD,2020-08-10,16.504,16.535,16.5,16.535,130,2,16.5015
IE00B4M7GH52,83007898,IPOL,USD,2020-08-11,16.8,16.8,16.748,16.748,518,5,16.7916
IE00B4M7GH52,83007898,IPOL,USD,2020-08-12,16.644,16.882,16.644,16.856,1310,8,16.7985
IE00B4M7GH52,83007898,IPOL,USD,2020-08-13,16.964,17.174,16.964,16.979,34780,21,17.0958
IE00B4M7GH52,83007898,IPOL,USD,2020-08-14,16.946,16.946,16.848,16.942,363,3,16.919
IE00B4M7GH52,83007898,IPOL,USD,2020-08-17,16.994,17.042,16.994,17.033,156,2,17.018
IE00B4M7GH52,83007898,IPOL,USD,2020-08-18,16.948,17.156,16.948,16.983,1221,6,17.0007
IE00B4M7GH52,83007898,IPOL,USD,2020-08-19,17.08,17.08,16.792,16.792,2,2,16.939
IE00B4M7GH52,83007898,IPOL,USD,2020-08-20,16.678,16.678,16.656,16.656,24,2,16.668
IE00B4M7GH52,83007898,IPOL,USD,2020-08-21,16.684,16.684,16.502,16.554,723,5,16.6128
IE00B4M7GH52,83007898,IPOL,USD,2020-08-24,16.642,16.852,16.642,16.74,32873,23,16.7986
IE00B4M7GH52,83007898,IPOL,USD,2020-08-25,16.902,16.902,16.571,16.571,2,2,16.778
IE00B4M7GH52,83007898,IPOL,USD,2020-08-26,16.532,16.788,16.532,16.778,3555,5,16.6921
IE00B4M7GH52,83007898,IPOL,USD,2020-08-27,16.852,16.852,16.686,16.686,6982,4,16.7634
IE00B4M7GH52,83007898,IPOL,USD,2020-08-28,16.826,16.984,16.816,16.883,2050,5,16.9198
IE00B4M7GH52,83007898,IPOL,USD,2020-09-01,16.654,16.7,16.372,16.392,1040,5,16.584
IE00B4M7GH52,83007898,IPOL,USD,2020-09-02,16.394,16.394,16.282,16.282,1333,3,16.3659
IE00B4M7GH52,83007898,IPOL,USD,2020-09-03,16.254,16.256,15.932,15.932,23526,9,16.0066
IE00B4M7GH52,83007898,IPOL,USD,2020-09-04,15.926,16.018,15.79,15.79,2855,8,15.9777
IE00B4M7GH52,83007898,IPOL,USD,2020-09-07,16.11,16.11,16.095,16.095,1614,3,16.1082
IE00B4M7GH52,83007898,IPOL,USD,2020-09-08,16.082,16.084,15.51,15.612,2801,9,15.7427
IE00B4M7GH52,83007898,IPOL,USD,2020-09-09,15.63,16.151,15.63,16.151,545,4,15.8925
IE00B4M7GH52,83007898,IPOL,USD,2020-09-10,15.978,16.056,15.954,16.056,4000,10,15.9963
IE00B4M7GH52,83007898,IPOL,USD,2020-09-11,16.054,16.054,16.054,16.054,0,0,16.054
IE00B4M7GH52,83007898,IPOL,USD,2020-09-14,16.078,16.078,16.002,16.065,31310,11,16.0319
IE00B4M7GH52,83007898,IPOL,USD,2020-09-15,15.91,15.952,15.826,15.856,6125,13,15.9036
IE00B4M7GH52,83007898,IPOL,USD,2020-09-16,15.796,15.796,15.738,15.779,404,3,15.79
IE00B4M7GH52,83007898,IPOL,USD,2020-09-17,15.628,15.758,15.582,15.758,1071,4,15.6125
IE00B4M7GH52,83007898,IPOL,USD,2020-09-18,15.862,15.862,15.642,15.72,406,3,15.7162
IE00B4M7GH52,83007898,IPOL,USD,2020-09-21,15.584,15.584,14.85,14.852,38704,17,15.2236
IE00B4M7GH52,83007898,IPOL,USD,2020-09-22,14.858,14.884,14.818,14.851,4472,5,14.8721
IE00B4M7GH52,83007898,IPOL,USD,2020-09-23,14.698,14.698,14.698,14.698,0,0,14.698
IE00B4M7GH52,83007898,IPOL,USD,2020-09-24,14.498,14.57,14.341,14.341,5679,4,14.5649
IE00B4M7GH52,83007898,IPOL,USD,2020-09-25,14.352,14.382,14.331,14.331,1814,5,14.3712
IE00B4M7GH52,83007898,IPOL,USD,2020-09-28,14.602,14.855,14.602,14.855,1451,4,14.7741
IE00B4M7GH52,83007898,IPOL,USD,2020-09-29,14.81,14.995,14.81,14.995,19171,11,14.9653
IE00B4M7GH52,83007898,IPOL,USD,2020-09-30,14.862,14.926,14.862,14.875,438,3,14.9166
IE00B4M7GH52,83007898,IPOL,USD,2020-10-01,14.964,14.964,14.774,14.885,11541,14,14.8497
IE00B4M7GH52,83007898,IPOL,USD,2020-10-02,14.624,14.796,14.624,14.781,1022,3,14.7052
IE00B4M7GH52,83007898,IPOL,USD,2020-10-05,14.996,15.258,14.996,15.206,5550,10,15.2013
IE00B4M7GH52,83007898,IPOL,USD,2020-10-06,15.278,15.362,15.278,15.32,1056,4,15.3233
IE00B4M7GH52,83007898,IPOL,USD,2020-10-07,15.108,15.283,15.108,15.283,4035,7,15.2126
IE00B4M7GH52,83007898,IPOL,USD,2020-10-08,15.106,15.111,15.102,15.111,1948,3,15.1054
IE00B4M7GH52,83007898,IPOL,USD,2020-10-09,15.03,15.1,14.972,15.1,11297,8,14.982
IE00B4M7GH52,83007898,IPOL,USD,2020-10-12,15.156,15.156,14.86,14.862,510,3,14.9295
IE00B4M7GH52,83007898,IPOL,USD,2020-10-13,14.738,14.738,14.536,14.599,17626,12,14.7247
IE00B4M7GH52,83007898,IPOL,USD,2020-10-14,14.698,14.698,14.684,14.684,1000,3,14.6952
IE00B4M7GH52,83007898,IPOL,USD,2020-10-15,13.927,13.927,13.927,13.927,0,0,13.927
IE00B4M7GH52,83007898,IPOL,USD,2020-10-16,14.032,14.176,14.014,14.176,17993,31,14.1188
IE00B4M7GH52,83007898,IPOL,USD,2020-10-19,14.37,14.37,14.003,14.003,34992,12,14.1391
IE00B4M7GH52,83007898,IPOL,USD,2020-10-20,13.908,14.153,13.908,14.153,244,3,14.061
IE00B4M7GH52,83007898,IPOL,USD,2020-10-21,14.206,14.206,14.044,14.102,26793,4,14.1664
IE00B4M7GH52,83007898,IPOL,USD,2020-10-22,13.884,14.032,13.858,14.032,18524,7,13.913
IE00B4M7GH52,83007898,IPOL,USD,2020-10-23,13.94,14.158,13.935,13.935,53448,29,14.1234
IE00B4M7GH52,83007898,IPOL,USD,2020-10-26,13.77,13.836,13.764,13.807,8851,10,13.7713
IE00B4M7GH52,83007898,IPOL,USD,2020-10-27,13.732,13.732,13.732,13.732,0,0,13.732
IE00B4M7GH52,83007898,IPOL,USD,2020-10-28,13.308,13.308,12.762,12.876,18439,9,12.8154
IE00B4M7GH52,83007898,IPOL,USD,2020-10-29,12.926,12.926,12.748,12.748,3255,10,12.774
IE00B4M7GH52,83007898,IPOL,USD,2020-10-30,12.568,12.568,12.424,12.518,89336,27,12.4619
IE00B4M7GH52,83007898,IPOL,USD,2020-11-02,12.812,12.892,12.812,12.856,268,9,12.8406
IE00B4M7GH52,83007898,IPOL,USD,2020-11-03,13.012,13.828,13.012,13.828,18643,8,13.3011
IE00B4M7GH52,83007898,IPOL,USD,2020-11-04,13.526,13.89,13.52,13.859,2600,6,13.8712
IE00B4M7GH52,83007898,IPOL,USD,2020-11-05,14.066,14.422,14.066,14.236,290,3,14.3222
IE00B4M7GH52,83007898,IPOL,USD,2020-11-06,14.332,14.64,14.318,14.64,566,4,14.3242
IE00B4M7GH52,83007898,IPOL,USD,2020-11-09,14.89,15.45,14.76,15.291,89114,17,15.2837
IE00B4M7GH52,83007898,IPOL,USD,2020-11-10,15.188,15.389,15.188,15.389,3352,5,15.2344
IE00B4M7GH52,83007898,IPOL,USD,2020-11-11,15.522,15.522,15.372,15.372,10,1,15.522
IE00B4M7GH52,83007898,IPOL,USD,2020-11-12,15.364,15.382,15.266,15.266,40186,9,15.3593
IE00B4M7GH52,83007898,IPOL,USD,2020-11-13,15.152,15.152,15.12,15.122,301,5,15.1283
IE00B4M7GH52,83007898,IPOL,USD,2020-11-16,15.426,15.644,15.426,15.63,18773,7,15.452
IE00B4M7GH52,83007898,IPOL,USD,2020-11-17,15.538,15.62,15.486,15.563,4892,10,15.5504
IE00B4M7GH52,83007898,IPOL,USD,2020-11-18,15.736,15.812,15.736,15.795,324,3,15.7703
IE00B4M7GH52,83007898,IPOL,USD,2020-11-19,15.714,15.716,15.47,15.606,34386,8,15.5129
IE00B4M7GH52,83007898,IPOL,USD,2020-11-20,15.916,15.916,15.916,15.916,0,0,15.916
IE00B4M7GH52,83007898,IPOL,USD,2020-11-23,16.2,16.2,15.854,15.854,961,6,16.016
IE00B4M7GH52,83007898,IPOL,USD,2020-11-24,16.1,16.319,16.054,16.319,25634,16,16.218
IE00B4M7GH52,83007898,IPOL,USD,2020-11-25,16.298,16.298,16.112,16.271,61773,30,16.1421
IE00B4M7GH52,83007898,IPOL,USD,2020-11-26,16.332,16.332,16.148,16.187,758,3,16.3302
IE00B4M7GH52,83007898,IPOL,USD,2020-11-27,16.1,16.18,16.076,16.18,232,3,16.097
IE00B4M7GH52,83007898,IPOL,USD,2020-11-30,16.126,16.126,15.915,15.915,16483,4,16.026
IE00B4M7GH52,83007898,IPOL,USD,2020-12-01,16.461,16.461,16.461,16.461,0,0,16.461
IE00B4M7GH52,83007898,IPOL,USD,2020-12-02,16.462,16.868,16.462,16.864,17274,9,16.5635
IE00B4M7GH52,83007898,IPOL,USD,2020-12-03,16.866,16.95,16.74,16.862,17683,8,16.8872
IE00B4M7GH52,83007898,IPOL,USD,2020-12-04,17.0,17.414,17.0,17.407,1516,8,17.1542
IE00B4M7GH52,83007898,IPOL,USD,2020-12-07,17.296,17.46,17.296,17.422,18114,10,17.3371
IE00B4M7GH52,83007898,IPOL,USD,2020-12-08,17.238,17.65,17.186,17.648,2664,15,17.4353
IE00B4M7GH52,83007898,IPOL,USD,2020-12-09,17.636,18.08,17.636,17.771,53811,23,17.8663
IE00B4M7GH52,83007898,IPOL,USD,2020-12-10,17.78,17.848,17.736,17.772,21184,17,17.8261
IE00B4M7GH52,83007898,IPOL,USD,2020-12-11,17.456,17.49,17.2,17.364,75162,29,17.33
IE00B4M7GH52,83007898,IPOL,USD,2020-12-14,17.32,17.446,17.22,17.262,2562,13,17.3452
IE00B4M7GH52,83007898,IPOL,USD,2020-12-15,17.284,17.448,17.284,17.427,1387,10,17.3081
IE00B4M7GH52,83007898,IPOL,USD,2020-12-16,17.536,17.844,17.536,17.711,1542,8,17.7414
IE00B4M7GH52,83007898,IPOL,USD,2020-12-17,18.058,18.058,17.794,17.794,815,6,17.81
IE00B4M7GH52,83007898,IPOL,USD,2020-12-18,17.5,17.534,17.434,17.435,83,4,17.474
IE00B4M7GH52,83007898,IPOL,USD,2020-12-21,17.016,17.016,16.366,16.755,1868,13,16.7679
IE00B4M7GH52,83007898,IPOL,USD,2020-12-22,16.792,17.048,16.792,17.027,906,5,16.9559
IE00B4M7GH52,83007898,IPOL,USD,2020-12-23,17.048,17.194,17.048,17.194,52,2,17.0768
IE00B4M7GH52,83007898,IPOL,USD,2020-12-24,17.25,17.25,17.25,17.25,0,0,17.25
IE00B4M7GH52,83007898,IPOL,USD,2020-12-29,17.962,17.962,17.56,17.772,12848,17,17.7622
IE00B4M7GH52,83007898,IPOL,USD,2020-12-30,17.668,17.694,17.324,17.369,1474,9,17.6514
IE00B4M7GH52,83007898,IPOL,USD,2020-12-31,17.42,17.428,17.314,17.369,35,4,17.3678
IE00B4M7GH52,83007898,IPOL,USD,2021-01-04,17.662,17.722,17.53,17.577,19832,13,17.5994
IE00B4M7GH52,83007898,IPOL,USD,2021-01-05,17.494,17.776,17.494,17.658,719,13,17.6652
IE00B4M7GH52,83007898,IPOL,USD,2021-01-06,17.84,18.158,17.84,18.129,96,8,18.03
IE00B4M7GH52,83007898,IPOL,USD,2021-01-07,18.1,18.286,17.888,18.28,697,11,18.0589
IE00B4M7GH52,83007898,IPOL,USD,2021-01-08,18.42,18.42,18.23,18.354,34083,15,18.2815
IE00B4M7GH52,83007898,IPOL,USD,2021-01-11,18.192,18.414,17.968,18.132,14419,21,18.0919
IE00B4M7GH52,83007898,IPOL,USD,2021-01-12,18.14,18.14,17.76,17.76,46953,15,17.7758
IE00B4M7GH52,83007898,IPOL,USD,2021-01-13,17.87,17.904,17.65,17.703,17042,15,17.706
IE00B4M7GH52,83007898,IPOL,USD,2021-01-14,17.692,17.692,17.656,17.692,627,7,17.6628
IE00B4M7GH52,83007898,IPOL,USD,2021-01-15,17.606,17.674,17.186,17.24,11972,24,17.5732
IE00B4M7GH52,83007898,IPOL,USD,2021-01-18,17.136,17.542,17.118,17.525,1506,8,17.4384
IE00B4M7GH52,83007898,IPOL,USD,2021-01-19,17.552,17.552,17.21,17.222,5089,11,17.422
IE00B4M7GH52,83007898,IPOL,USD,2021-01-20,17.73,18.084,17.152,17.189,18749,18,17.2298
IE00B4M7GH52,83007898,IPOL,USD,2021-01-21,17.28,17.28,16.975,16.975,286,8,17.0857
IE00B4M7GH52,83007898,IPOL,USD,2021-01-22,16.84,17.086,16.838,17.007,18022,13,16.887
IE00B4M7GH52,83007898,IPOL,USD,2021-01-25,17.246,17.246,16.798,16.813,1703,18,16.8915
IE00B4M7GH52,83007898,IPOL,USD,2021-01-26,16.916,17.312,16.856,17.241,6649,12,17.1147
IE00B4M7GH52,83007898,IPOL,USD,2021-01-27,17.288,17.328,16.54,16.714,34285,16,17.2563
IE00B4M7GH52,83007898,IPOL,USD,2021-01-28,16.55,17.268,16.39,17.268,34277,14,16.9608
IE00B4M7GH52,83007898,IPOL,USD,2021-01-29,16.968,17.124,16.951,16.951,95,3,17.0048
IE00B4M7GH52,83007898,IPOL,USD,2021-02-01,17.188,17.236,17.06,17.168,33575,17,17.1045
IE00B4M7GH52,83007898,IPOL,USD,2021-02-02,16.9,17.158,16.9,17.1,17516,6,16.9825
IE00B4M7GH52,83007898,IPOL,USD,2021-02-03,17.186,17.186,16.85,16.97,1089,9,17.0888
IE00B4M7GH52,83007898,IPOL,USD,2021-02-04,17.004,17.004,16.634,16.634,394,7,16.6835
IE00B4M7GH52,83007898,IPOL,USD,2021-02-05,16.74,17.07,16.74,17.04,47239,20,17.008
IE00B4M7GH52,83007898,IPOL,USD,2021-02-08,17.02,17.052,16.98,16.983,1478,10,17.01
IE00B4M7GH52,83007898,IPOL,USD,2021-02-09,16.966,17.074,16.954,17.005,158,6,17.0406
IE00B4M7GH52,83007898,IPOL,USD,2021-02-10,16.9,16.93,16.742,16.797,17302,5,16.75
IE00B4M7GH52,83007898,IPOL,USD,2021-02-11,16.82,17.136,16.802,17.094,434,6,16.9128
IE00B4M7GH52,83007898,IPOL,USD,2021-02-12,16.99,16.99,16.722,16.917,1180,11,16.9196
IE00B4M7GH52,83007898,IPOL,USD,2021-02-15,17.078,17.352,17.07,17.31,3794,15,17.2042
IE00B4M7GH52,83007898,IPOL,USD,2021-02-16,17.402,17.68,17.398,17.462,60256,20,17.5296
IE00B4M7GH52,83007898,IPOL,USD,2021-02-17,17.24,17.24,17.2,17.2,161589,53,17.2399
IE00B4M7GH52,83007898,IPOL,USD,2021-02-18,17.44,17.488,17.213,17.213,36055,21,17.2749
IE00B4M7GH52,83007898,IPOL,USD,2021-02-19,17.342,17.436,17.342,17.436,63,4,17.3642
IE00B4M7GH52,83007898,IPOL,USD,2021-02-22,17.28,17.28,17.12,17.214,2253,7,17.1746
IE00B4M7GH52,83007898,IPOL,USD,2021-02-23,16.954,16.954,16.642,16.85,2058,11,16.8088
IE00B4M7GH52,83007898,IPOL,USD,2021-02-24,16.994,16.994,16.914,16.914,24270,9,16.9932
IE00B4M7GH52,83007898,IPOL,USD,2021-02-25,17.17,17.244,16.946,16.946,899,11,17.0468
IE00B4M7GH52,83007898,IPOL,USD,2021-02-26,16.628,16.796,16.398,16.452,419,10,16.5854
IE00B4M7GH52,83007898,IPOL,USD,2021-03-01,16.55,16.782,16.528,16.766,540,4,16.776
IE00B4M7GH52,83007898,IPOL,USD,2021-03-02,16.73,16.854,16.73,16.854,49845,8,16.822
IE00B4M7GH52,83007898,IPOL,USD,2021-03-03,17.052,17.096,16.678,16.744,62,6,16.7178
IE00B4M7GH52,83007898,IPOL,USD,2021-03-04,16.626,16.664,16.52,16.664,37,2,16.54
IE00B4M7GH52,83007898,IPOL,USD,2021-03-05,16.378,16.406,16.192,16.192,119,4,16.3174
IE00B4M7GH52,83007898,IPOL,USD,2021-03-08,16.286,16.428,16.284,16.368,21499,25,16.3642
IE00B4M7GH52,83007898,IPOL,USD,2021-03-09,16.516,16.816,16.516,16.81,470,6,16.7582
IE00B4M7GH52,83007898,IPOL,USD,2021-03-10,16.824,17.0,16.77,16.784,5509,24,16.8664
IE00B4M7GH52,83007898,IPOL,USD,2021-03-11,17.024,17.142,16.82,16.888,798,6,16.8676
IE00B4M7GH52,83007898,IPOL,USD,2021-03-12,16.92,17.002,16.81,16.946,129,3,16.9178
IE00B4M7GH52,83007898,IPOL,USD,2021-03-15,16.99,17.152,16.892,16.892,358,5,16.9542
IE00B4M7GH52,83007898,IPOL,USD,2021-03-16,16.9,16.9,16.6,16.656,9779,12,16.6194
IE00B4M7GH52,83007898,IPOL,USD,2021-03-17,16.52,16.52,16.07,16.254,788,17,16.2772
IE00B4M7GH52,83007898,IPOL,USD,2021-03-18,16.356,16.476,16.326,16.444,757,5,16.401
IE00B4M7GH52,83007898,IPOL,USD,2021-03-19,16.374,16.374,16.142,16.28,23827,13,16.3336
IE00B4M7GH52,83007898,IPOL,USD,2021-03-22,16.104,16.36,16.104,16.332,2531,6,16.2054
IE00B4M7GH52,83007898,IPOL,USD,2021-03-23,16.266,16.266,16.01,16.094,257,3,16.1498
IE00B4M7GH52,83007898,IPOL,USD,2021-03-24,15.838,15.84,15.664,15.814,2723,12,15.7924
IE00B4M7GH52,83007898,IPOL,USD,2021-03-25,15.738,15.738,15.462,15.52,635,8,15.4872
IE00B4M7GH52,83007898,IPOL,USD,2021-03-26,15.666,15.886,15.666,15.866,579,6,15.8572
IE00B4M7GH52,83007898,IPOL,USD,2021-03-29,15.924,16.004,15.924,15.974,390,5,15.9762
IE00B4M7GH52,83007898,IPOL,USD,2021-03-30,16.0,16.0,15.922,15.922,2063,3,15.9662
IE00B4M7GH52,83007898,IPOL,USD,2021-03-31,15.8,16.004,15.796,16.004,16550,7,15.9562
IE00B4M7GH52,83007898,IPOL,USD,2021-04-01,16.112,16.242,16.112,16.242,38,2,16.1626
IE00B4M7GH52,83007898,IPOL,USD,2021-04-06,16.4,16.846,16.4,16.846,190,12,16.6078
IE00B4M7GH52,83007898,IPOL,USD,2021-04-07,16.846,16.858,16.798,16.858,6639,5,16.8572
IE00B4M7GH52,83007898,IPOL,USD,2021-04-08,16.792,16.792,16.79,16.79,245,1,16.792
IE00B4M7GH52,83007898,IPOL,USD,2021-04-09,16.702,16.702,16.7,16.7,206,3,16.7014
IE00B4M7GH52,83007898,IPOL,USD,2021-04-12,16.73,16.86,16.73,16.838,1707,12,16.8148
IE00B4M7GH52,83007898,IPOL,USD,2021-04-13,16.712,16.752,16.694,16.752,506,2,16.6942
IE00B4M7GH52,83007898,IPOL,USD,2021-04-14,17.0,17.164,17.0,17.164,30411,17,17.161
IE00B4M7GH52,83007898,IPOL,USD,2021-04-15,17.168,17.264,17.094,17.218,62198,26,17.136
IE00B4M7GH52,83007898,IPOL,USD,2021-04-16,17.2,17.23,17.148,17.148,227,4,17.2254
IE00B4M7GH52,83007898,IPOL,USD,2021-04-19,17.294,17.418,17.088,17.11,13092,36,17.2772
IE00B4M7GH52,83007898,IPOL,USD,2021-04-20,17.208,17.208,17.02,17.02,730,1,17.208
IE00B4M7GH52,83007898,IPOL,USD,2021-04-21,16.956,17.028,16.86,16.976,2482,24,16.9688
IE00B4M7GH52,83007898,IPOL,USD,2021-04-22,17.158,17.158,16.986,17.028,87623,238,17.05
IE00B4M7GH52,83007898,IPOL,USD,2021-04-23,17.02,17.07,16.866,17.07,61887,24,16.9472
IE00B4M7GH52,83007898,IPOL,USD,2021-04-26,17.266,17.266,17.142,17.262,1002,5,17.261
IE00B4M7GH52,83007898,IPOL,USD,2021-04-27,17.174,17.226,17.174,17.226,18,1,17.174
IE00B4M7GH52,83007898,IPOL,USD,2021-04-28,17.242,17.46,17.234,17.432,7100,29,17.4178
IE00B4M7GH52,83007898,IPOL,USD,2021-04-29,17.554,17.81,17.516,17.712,8346,17,17.5714
IE00B4M7GH52,83007898,IPOL,USD,2021-04-30,17.724,17.766,17.492,17.498,4206,12,17.6228
IE00B4M7GH52,83007898,IPOL,USD,2021-05-04,17.546,17.546,17.084,17.126,21645,43,17.445
IE00B4M7GH52,83007898,IPOL,USD,2021-05-05,17.216,17.512,17.162,17.512,4356,31,17.4812
IE00B4M7GH52,83007898,IPOL,USD,2021-05-06,17.432,17.466,17.396,17.466,2287,3,17.44
IE00B4M7GH52,83007898,IPOL,USD,2021-05-07,17.668,18.19,17.666,18.19,3635,19,18.1578
IE00B4M7GH52,83007898,IPOL,USD,2021-05-10,18.354,18.452,18.284,18.334,29391,11,18.4368
IE00B4M7GH52,83007898,IPOL,USD,2021-05-11,18.18,18.43,18.15,18.39,37740,10,18.2914
IE00B4M7GH52,83007898,IPOL,USD,2021-05-12,18.314,18.402,17.98,17.98,49938,13,18.2048
IE00B4M7GH52,83007898,IPOL,USD,2021-05-13,17.904,18.078,17.69,18.078,20101,10,17.914
IE00B4M7GH52,83007898,IPOL,USD,2021-05-14,18.044,18.204,18.044,18.204,43523,9,18.1176
IE00B4M7GH52,83007898,IPOL,USD,2021-05-17,18.25,18.52,18.25,18.52,4690,11,18.425
IE00B4M7GH52,83007898,IPOL,USD,2021-05-18,18.674,18.832,18.674,18.694,60483,19,18.75
IE00B4M7GH52,83007898,IPOL,USD,2021-05-19,18.606,18.63,18.538,18.63,3934,5,18.5598
IE00B4M7GH52,83007898,IPOL,USD,2021-05-20,18.614,18.92,18.582,18.92,61169,152,18.8068
IE00B4M7GH52,83007898,IPOL,USD,2021-05-21,18.864,18.908,18.796,18.796,508,4,18.9074
IE00B4M7GH52,83007898,IPOL,USD,2021-05-24,19.0,19.0,18.78,18.92,72,4,18.8342
IE00B4M7GH52,83007898,IPOL,USD,2021-05-25,19.05,19.164,18.984,19.164,3029,4,19.1426
IE00B4M7GH52,83007898,IPOL,USD,2021-05-26,19.056,19.142,19.056,19.112,91,2,19.0616
IE00B4M7GH52,83007898,IPOL,USD,2021-05-27,19.232,19.5,19.232,19.452,5182,10,19.4752
IE00B4M7GH52,83007898,IPOL,USD,2021-05-28,19.658,19.824,19.6,19.824,1085,4,19.6572
IE00B4M7GH52,83007898,IPOL,USD,2021-06-01,19.976,20.206,19.962,20.004,7817,12,20.021
IE00B4M7GH52,83007898,IPOL,USD,2021-06-02,19.956,20.098,19.956,20.098,1083,4,20.0534
IE00B4M7GH52,83007898,IPOL,USD,2021-06-03,19.962,20.05,19.962,20.05,1375,4,20.0414
IE00B4M7GH52,83007898,IPOL,USD,2021-06-04,19.99,19.99,19.686,19.978,23180,9,19.8224
IE00B4M7GH52,83007898,IPOL,USD,2021-06-07,19.986,20.09,19.986,20.004,2301,3,20.0124
IE00B4M7GH52,83007898,IPOL,USD,2021-06-08,19.868,19.898,19.82,19.898,2235,5,19.8518
IE00B4M7GH52,83007898,IPOL,USD,2021-06-09,19.932,19.956,19.6,19.6,66821,33,19.6382
IE00B4M7GH52,83007898,IPOL,USD,2021-06-10,19.676,19.838,19.676,19.798,96611,26,19.7922
IE00B4M7GH52,83007898,IPOL,USD,2021-06-11,19.746,19.746,19.504,19.504,458,6,19.6794
IE00B4M7GH52,83007898,IPOL,USD,2021-06-14,19.612,19.68,19.59,19.68,2052,4,19.6686
IE00B4M7GH52,83007898,IPOL,USD,2021-06-15,19.51,19.51,19.386,19.386,5857,6,19.4646
IE00B4M7GH52,83007898,IPOL,USD,2021-06-16,19.498,19.498,19.448,19.49,3176,3,19.472
IE00B4M7GH52,83007898,IPOL,USD,2021-06-17,19.088,19.104,18.83,18.83,48521,18,18.9104
IE00B4M7GH52,83007898,IPOL,USD,2021-06-18,18.808,18.856,18.764,18.764,35779,10,18.8266
IE00B4M7GH52,83007898,IPOL,USD,2021-06-21,18.794,19.004,18.7,19.004,1787,7,18.8304
IE00B4M7GH52,83007898,IPOL,USD,2021-06-22,19.078,19.086,18.86,19.086,2542,3,19.0712
IE00B4M7GH52,83007898,IPOL,USD,2021-06-23,19.152,19.306,19.152,19.198,6590,8,19.2202
IE00B4M7GH52,83007898,IPOL,USD,2021-06-24,19.202,19.564,19.2,19.564,44558,13,19.4898
IE00B4M7GH52,83007898,IPOL,USD,2021-06-25,19.63,19.7,19.612,19.7,289,3,19.6928
IE00B4M7GH52,83007898,IPOL,USD,2021-06-28,19.7,19.816,19.696,19.696,3886,5,19.7042
IE00B4M7GH52,83007898,IPOL,USD,2021-06-29,19.3,19.446,19.3,19.446,4309,4,19.3978
IE00B4M7GH52,83007898,IPOL,USD,2021-06-30,19.506,19.506,18.898,18.9,5712,7,18.9722
IE00B4M7GH52,83007898,IPOL,USD,2021-07-01,19.052,19.264,19.052,19.12,1988,3,19.1794
IE00B4M7GH52,83007898,IPOL,USD,2021-07-02,19.17,19.17,19.17,19.17,1206,1,19.17
IE00B4M7GH52,83007898,IPOL,USD,2021-07-05,19.338,19.338,19.338,19.338,0,0,19.338
IE00B4M7GH52,83007898,IPOL,USD,2021-07-06,19.2,19.2,18.976,18.976,31,3,19.1286
IE00B4M7GH52,83007898,IPOL,USD,2021-07-07,19.4,19.4,19.396,19.396,3095,2,19.3962
IE00B4M7GH52,83007898,IPOL,USD,2021-07-08,19.134,19.134,18.972,18.972,393,2,19.0614
IE00B4M7GH52,83007898,IPOL,USD,2021-07-09,19.15,19.15,19.072,19.108,2322,4,19.1112
IE00B4M7GH52,83007898,IPOL,USD,2021-07-12,19.026,19.136,19.026,19.136,8368,5,19.0744
IE00B4M7GH52,83007898,IPOL,USD,2021-07-13,19.128,19.128,19.054,19.054,598,1,19.128
IE00B4M7GH52,83007898,IPOL,USD,2021-07-14,19.018,19.096,19.018,19.096,709,4,19.0724
IE00B4M7GH52,83007898,IPOL,USD,2021-07-15,19.07,19.07,18.988,19.034,2636,4,19.023
IE00B4M7GH52,83007898,IPOL,USD,2021-07-16,18.94,19.058,18.94,18.992,34084,29,18.9992
IE00B4M7GH52,83007898,IPOL,USD,2021-07-19,18.53,18.548,18.47,18.548,1519,4,18.498
IE00B4M7GH52,83007898,IPOL,USD,2021-07-20,18.598,18.6,18.458,18.504,72331,12,18.5374
IE00B4M7GH52,83007898,IPOL,USD,2021-07-21,18.788,18.936,18.788,18.936,107,2,18.794
IE00B4M7GH52,83007898,IPOL,USD,2021-07-22,18.852,18.852,18.818,18.818,18019,2,18.8182
IE00B4M7GH52,83007898,IPOL,USD,2021-07-23,18.82,18.89,18.82,18.89,1,1,18.82
IE00B4M7GH52,83007898,IPOL,USD,2021-07-26,18.82,18.882,18.82,18.88,1895,3,18.8636
IE00B4M7GH52,83007898,IPOL,USD,2021-07-27,18.722,18.758,18.722,18.758,1669,2,18.7564
IE00B4M7GH52,83007898,IPOL,USD,2021-07-28,18.85,18.85,18.848,18.85,0,0,18.848
IE00B4M7GH52,83007898,IPOL,USD,2021-07-29,19.126,19.352,19.126,19.352,1346,4,19.2178
IE00B4M7GH52,83007898,IPOL,USD,2021-07-30,19.182,19.182,19.182,19.182,24110,1,19.182
IE00B4M7GH52,83007898,IPOL,USD,2021-08-02,19.264,19.306,19.264,19.306,4,1,19.264
IE00B4M7GH52,83007898,IPOL,USD,2021-08-03,19.382,19.444,19.23,19.256,1261,4,19.2516
IE00B4M7GH52,83007898,IPOL,USD,2021-08-04,19.456,19.456,19.39,19.39,5624,4,19.3966
IE00B4M7GH52,83007898,IPOL,USD,2021-08-05,19.424,19.478,19.322,19.468,610,4,19.4666
IE00B4M7GH52,83007898,IPOL,USD,2021-08-06,19.258,19.258,19.224,19.224,1279,2,19.232
IE00B4M7GH52,83007898,IPOL,USD,2021-08-09,19.238,19.238,19.238,19.238,417,1,19.238
IE00B4M7GH52,83007898,IPOL,USD,2021-08-10,19.09,19.13,19.09,19.098,1201,3,19.1046
IE00B4M7GH52,83007898,IPOL,USD,2021-08-11,19.06,19.23,18.942,19.23,3987,5,19.2078
IE00B4M7GH52,83007898,IPOL,USD,2021-08-12,19.272,19.322,19.256,19.322,2648,3,19.2652
IE00B4M7GH52,83007898,IPOL,USD,2021-08-13,19.354,19.452,19.318,19.452,5402,3,19.3536
IE00B4M7GH52,83007898,IPOL,USD,2021-08-16,19.446,19.446,19.324,19.324,2678,4,19.431
IE00B4M7GH52,83007898,IPOL,USD,2021-08-17,19.322,19.364,19.31,19.364,19695,4,19.3218
IE00B4M7GH52,83007898,IPOL,USD,2021-08-18,19.396,19.396,19.23,19.262,54148,8,19.2322
IE00B4M7GH52,83007898,IPOL,USD,2021-08-19,18.976,18.976,18.8,18.928,1282,4,18.9042
IE00B4M7GH52,83007898,IPOL,USD,2021-08-20,18.852,18.852,18.852,18.852,340,1,18.852
IE00B4M7GH52,83007898,IPOL,USD,2021-08-23,19.002,19.192,19.002,19.176,5347,6,19.1468
IE00B4M7GH52,83007898,IPOL,USD,2021-08-24,19.308,19.352,19.25,19.292,1647,7,19.3236
IE00B4M7GH52,83007898,IPOL,USD,2021-08-25,19.28,19.532,19.28,19.532,40196,12,19.4098
IE00B4M7GH52,83007898,IPOL,USD,2021-08-26,19.466,19.484,19.466,19.478,4814,2,19.484
IE00B4M7GH52,83007898,IPOL,USD,2021-08-27,19.524,19.602,19.372,19.572,73,4,19.52
IE00B4M7GH52,83007898,IPOL,USD,2021-08-31,20.016,20.32,20.014,20.246,5953,9,20.2316
IE00B4M7GH52,83007898,IPOL,USD,2021-09-01,20.324,20.464,20.294,20.464,79285,24,20.3538
IE00B4M7GH52,83007898,IPOL,USD,2021-09-02,20.426,20.558,20.34,20.558,96,6,20.4118
IE00B4M7GH52,83007898,IPOL,USD,2021-09-03,20.574,20.576,20.484,20.496,20,2,20.53
IE00B4M7GH52,83007898,IPOL,USD,2021-09-06,20.706,20.706,20.704,20.706,0,0,20.706
IE00B4M7GH52,83007898,IPOL,USD,2021-09-07,20.65,20.65,20.594,20.594,1232,2,20.6004
IE00B4M7GH52,83007898,IPOL,USD,2021-09-08,20.37,20.37,20.254,20.316,2327,6,20.3236
IE00B4M7GH52,83007898,IPOL,USD,2021-09-09,20.066,20.066,20.064,20.066,374,1,20.065
IE00B4M7GH52,83007898,IPOL,USD,2021-09-10,20.24,20.24,20.128,20.128,500,2,20.24
IE00B4M7GH52,83007898,IPOL,USD,2021-09-13,20.23,20.34,20.23,20.34,2584,2,20.329
IE00B4M7GH52,83007898,IPOL,USD,2021-09-14,20.3,20.53,20.3,20.53,2590,5,20.4702
IE00B4M7GH52,83007898,IPOL,USD,2021-09-15,20.296,20.306,20.18,20.18,48679,56,20.296
IE00B4M7GH52,83007898,IPOL,USD,2021-09-16,20.054,20.056,19.97,20.0,4030,3,19.9838
IE00B4M7GH52,83007898,IPOL,USD,2021-09-17,19.952,19.952,19.674,19.706,45645,54,19.7088
IE00B4M7GH52,83007898,IPOL,USD,2021-09-20,19.364,19.364,19.11,19.158,1204,4,19.3464
IE00B4M7GH52,83007898,IPOL,USD,2021-09-21,19.194,19.222,19.072,19.072,607,3,19.1502
IE00B4M7GH52,83007898,IPOL,USD,2021-09-22,19.254,19.596,19.254,19.594,7749,6,19.5736
IE00B4M7GH52,83007898,IPOL,USD,2021-09-23,19.66,19.66,19.522,19.522,15562,8,19.6296
IE00B4M7GH52,83007898,IPOL,USD,2021-09-24,19.412,19.412,19.266,19.266,5981,5,19.3592
IE00B4M7GH52,83007898,IPOL,USD,2021-09-27,19.446,19.446,19.25,19.282,44089,23,19.3526
IE00B4M7GH52,83007898,IPOL,USD,2021-09-28,19.128,19.128,18.892,18.892,25,1,19.128
IE00B4M7GH52,83007898,IPOL,USD,2021-09-29,18.96,18.96,18.96,18.96,567,1,18.96
IE00B4M7GH52,83007898,IPOL,USD,2021-09-30,19.142,19.266,19.142,19.242,758,3,19.2196
IE00B4M7GH52,83007898,IPOL,USD,2021-10-01,19.458,19.59,19.458,19.59,2997,2,19.5896
IE00B4M7GH52,83007898,IPOL,USD,2021-10-04,19.498,19.546,19.498,19.516,1206,9,19.5332
IE00B4M7GH52,83007898,IPOL,USD,2021-10-05,19.576,19.686,19.434,19.676,2838,4,19.6742
IE00B4M7GH52,83007898,IPOL,USD,2021-10-06,19.64,19.782,19.64,19.708,3529,17,19.729
IE00B4M7GH52,83007898,IPOL,USD,2021-10-07,19.776,19.878,19.776,19.798,1839,5,19.8026
IE00B4M7GH52,83007898,IPOL,USD,2021-10-08,19.8,20.036,19.8,20.026,2390,7,20.0156
IE00B4M7GH52,83007898,IPOL,USD,2021-10-11,20.2,20.538,20.2,20.538,6147,7,20.3468
IE00B4M7GH52,83007898,IPOL,USD,2021-10-12,20.4,20.74,20.4,20.74,23726,9,20.6832
IE00B4M7GH52,83007898,IPOL,USD,2021-10-13,20.574,20.63,20.42,20.63,2101,7,20.574
IE00B4M7GH52,83007898,IPOL,USD,2021-10-14,20.57,20.726,20.57,20.726,6815,5,20.6836
IE00B4M7GH52,83007898,IPOL,USD,2021-10-15,20.776,20.776,20.554,20.658,90,4,20.643
IE00B4M7GH52,83007898,IPOL,USD,2021-10-18,20.6,20.666,20.59,20.664,6870,7,20.602
IE00B4M7GH52,83007898,IPOL,USD,2021-10-19,20.77,20.77,20.59,20.59,3278,4,20.7032
IE00B4M7GH52,83007898,IPOL,USD,2021-10-20,20.464,20.554,20.464,20.554,23,1,20.465
IE00B4M7GH52,83007898,IPOL,USD,2021-10-21,20.356,20.356,20.264,20.34,19212,8,20.3442
IE00B4M7GH52,83007898,IPOL,USD,2021-10-22,20.34,20.34,20.152,20.152,1070,5,20.2526
IE00B4M7GH52,83007898,IPOL,USD,2021-10-25,20.286,20.29,20.15,20.29,3533,7,20.2752
IE00B4M7GH52,83007898,IPOL,USD,2021-10-26,20.25,20.306,20.22,20.22,1265,9,20.2786
IE00B4M7GH52,83007898,IPOL,USD,2021-10-27,20.0,20.046,20.0,20.004,1848,3,20.0086
IE00B4M7GH52,83007898,IPOL,USD,2021-10-28,19.998,20.17,19.866,20.17,2576,5,20.133
IE00B4M7GH52,83007898,IPOL,USD,2021-10-29,19.958,20.034,19.958,20.034,5179,6,19.9892
IE00B4M7GH52,83007898,IPOL,USD,2021-11-01,20.304,20.306,20.304,20.304,3723,1,20.305
IE00B4M7GH52,83007898,IPOL,USD,2021-11-02,20.086,20.206,20.084,20.126,16338,3,20.0854
IE00B4M7GH52,83007898,IPOL,USD,2021-11-03,20.324,20.326,19.982,19.982,17525,4,20.2702
IE00B4M7GH52,83007898,IPOL,USD,2021-11-04,20.156,20.336,20.154,20.336,10681,4,20.2188
IE00B4M7GH52,83007898,IPOL,USD,2021-11-05,20.29,20.3,20.27,20.273,54,3,20.2859
IE00B4M7GH52,83007898,IPOL,USD,2021-11-08,20.2,20.29,20.19,20.29,1878,20,20.2278
IE00B4M7GH52,83007898,IPOL,USD,2021-11-09,20.235,20.235,20.035,20.035,5270,4,20.0677
IE00B4M7GH52,83007898,IPOL,USD,2021-11-10,19.984,19.984,19.646,19.682,6819,9,19.8259
IE00B4M7GH52,83007898,IPOL,USD,2021-11-11,19.528,19.584,19.507,19.507,87,3,19.5504
IE00B4M7GH52,83007898,IPOL,USD,2021-11-12,19.414,19.468,19.304,19.431,3103,6,19.3801
IE00B4M7GH52,83007898,IPOL,USD,2021-11-15,19.458,19.462,19.085,19.085,218,10,19.2984
IE00B4M7GH52,83007898,IPOL,USD,2021-11-16,19.044,19.09,18.924,18.976,22188,15,19.0564
IE00B4M7GH52,83007898,IPOL,USD,2021-11-17,18.918,18.918,18.686,18.69,5035,12,18.7366
IE00B4M7GH52,83007898,IPOL,USD,2021-11-18,18.57,18.57,18.234,18.28,545,8,18.4711
IE00B4M7GH52,83007898,IPOL,USD,2021-11-19,18.342,18.388,17.81,18.0,33042,19,18.0043
IE00B4M7GH52,83007898,IPOL,USD,2021-11-22,17.958,17.958,17.812,17.874,3704,13,17.8601
IE00B4M7GH52,83007898,IPOL,USD,2021-11-23,17.75,18.034,17.66,18.034,4103,7,18.0214
IE00B4M7GH52,83007898,IPOL,USD,2021-11-24,18.0,18.0,17.704,17.811,3313,7,17.8007
IE00B4M7GH52,83007898,IPOL,USD,2021-11-25,17.854,17.854,17.7,17.729,81,4,17.7578
IE00B4M7GH52,83007898,IPOL,USD,2021-11-26,17.24,17.24,16.976,17.001,3985,22,17.0938
IE00B4M7GH52,83007898,IPOL,USD,2021-11-29,17.1,17.196,16.91,17.176,108020,21,17.1705
IE00B4M7GH52,83007898,IPOL,USD,2021-11-30,17.058,17.74,17.058,17.636,45780,19,17.2354
IE00B4M7GH52,83007898,IPOL,USD,2021-12-01,17.982,18.07,17.918,18.07,88704,14,17.9714
IE00B4M7GH52,83007898,IPOL,USD,2021-12-02,17.894,18.025,17.894,18.025,674,5,17.9642
IE00B4M7GH52,83007898,IPOL,USD,2021-12-03,18.024,18.024,17.738,17.9,4090,6,17.8589
IE00B4M7GH52,83007898,IPOL,USD,2021-12-06,17.57,17.892,17.57,17.872,1225,3,17.7498
IE00B4M7GH52,83007898,IPOL,USD,2021-12-07,18.054,18.234,18.05,18.198,24273,13,18.0849
IE00B4M7GH52,83007898,IPOL,USD,2021-12-08,18.336,18.336,18.152,18.256,19646,17,18.2137
IE00B4M7GH52,83007898,IPOL,USD,2021-12-09,17.97,17.996,17.92,17.996,75919,56,17.9461
IE00B4M7GH52,83007898,IPOL,USD,2021-12-10,17.962,18.076,17.938,18.076,1679,4,17.9518
IE00B4M7GH52,83007898,IPOL,USD,2021-12-13,18.112,18.112,17.93,17.931,666,3,18.0716
IE00B4M7GH52,83007898,IPOL,USD,2021-12-14,17.956,17.956,17.908,17.908,638,1,17.956
IE00B4M7GH52,83007898,IPOL,USD,2021-12-15,17.572,17.572,17.376,17.45,4755,14,17.4395
IE00B4M7GH52,83007898,IPOL,USD,2021-12-16,17.738,17.914,17.738,17.914,50,1,17.738
IE00B4M7GH52,83007898,IPOL,USD,2021-12-17,17.734,17.754,17.716,17.716,9939,13,17.7419
IE00B4M7GH52,83007898,IPOL,USD,2021-12-20,17.278,17.748,17.278,17.748,135,1,17.278
IE00B4M7GH52,83007898,IPOL,USD,2021-12-21,17.776,17.784,17.776,17.784,802,1,17.776
IE00B4M7GH52,83007898,IPOL,USD,2021-12-22,17.73,17.974,17.73,17.974,660,2,17.7401
IE00B4M7GH52,83007898,IPOL,USD,2021-12-23,17.998,18.124,17.998,18.124,6222,4,18.0439
IE00B4M7GH52,83007898,IPOL,USD,2021-12-24,18.14,18.14,18.14,18.14,0,0,18.14
IE00B4M7GH52,83007898,IPOL,USD,2021-12-29,18.422,18.544,18.422,18.53,1395,2,18.4959
IE00B4M7GH52,83007898,IPOL,USD,2021-12-30,18.48,18.614,18.45,18.614,662,4,18.4807
IE00B4M7GH52,83007898,IPOL,USD,2021-12-31,18.608,18.608,18.556,18.556,1335,2,18.5574
IE00B4M7GH52,83007898,IPOL,USD,2022-01-04,18.846,18.964,18.846,18.927,18097,6,18.8737
IE00B4M7GH52,83007898,IPOL,USD,2022-01-05,18.9,19.098,18.9,19.098,8633,10,19.0469
IE00B4M7GH52,83007898,IPOL,USD,2022-01-06,18.945,18.945,18.945,18.945,0,0,18.945
IE00B4M7GH52,83007898,IPOL,USD,2022-01-07,19.255,19.255,19.255,19.255,0,0,19.255
IE00B4M7GH52,83007898,IPOL,USD,2022-01-10,19.374,19.374,19.126,19.126,4040,4,19.2577
IE00B4M7GH52,83007898,IPOL,USD,2022-01-11,19.436,19.72,19.436,19.72,1237,3,19.4614
IE00B4M7GH52,83007898,IPOL,USD,2022-01-12,19.888,20.387,19.888,20.387,3754,7,19.9262
IE00B4M7GH52,83007898,IPOL,USD,2022-01-13,20.395,20.595,20.275,20.43,56867,205,20.445
IE00B4M7GH52,83007898,IPOL,USD,2022-01-14,20.225,20.255,20.021,20.021,1847,6,20.2239
IE00B4M7GH52,83007898,IPOL,USD,2022-01-17,20.05,20.05,19.888,19.972,5570,5,19.9944
IE00B4M7GH52,83007898,IPOL,USD,2022-01-18,19.898,19.898,19.368,19.368,11182,8,19.5824
IE00B4M7GH52,83007898,IPOL,USD,2022-01-19,19.5,19.5,19.456,19.479,54,3,19.4937
IE00B4M7GH52,83007898,IPOL,USD,2022-01-20,19.388,19.415,19.306,19.415,406,3,19.372
IE00B4M7GH52,83007898,IPOL,USD,2022-01-21,19.09,19.09,18.992,19.048,9288,5,19.0658
IE00B4M7GH52,83007898,IPOL,USD,2022-01-24,19.008,19.08,17.928,17.971,759,8,18.3259
IE00B4M7GH52,83007898,IPOL,USD,2022-01-25,18.22,18.23,18.06,18.06,4417,7,18.1123
IE00B4M7GH52,83007898,IPOL,USD,2022-01-26,18.42,18.48,18.42,18.48,2177,10,18.4601
IE00B4M7GH52,83007898,IPOL,USD,2022-01-27,18.236,18.432,18.236,18.368,2214,6,18.3692
IE00B4M7GH52,83007898,IPOL,USD,2022-01-28,18.252,18.252,17.708,17.849,118,4,17.7276
IE00B4M7GH52,83007898,IPOL,USD,2022-01-31,17.962,18.14,17.96,18.089,36476,6,17.9835
IE00B4M7GH52,83007898,IPOL,USD,2022-02-01,18.372,18.486,18.372,18.486,4084,4,18.4647
IE00B4M7GH52,83007898,IPOL,USD,2022-02-02,18.554,18.842,18.554,18.779,32,2,18.833
IE00B4M7GH52,83007898,IPOL,USD,2022-02-03,18.662,18.951,18.662,18.951,133,4,18.7005
IE00B4M7GH52,83007898,IPOL,USD,2022-02-04,18.628,18.628,18.375,18.375,2511,4,18.5961
IE00B4M7GH52,83007898,IPOL,USD,2022-02-07,18.536,18.538,18.419,18.419,17894,9,18.5377
IE00B4M7GH52,83007898,IPOL,USD,2022-02-08,18.634,18.804,18.548,18.804,1002,5,18.6338
IE00B4M7GH52,83007898,IPOL,USD,2022-02-09,18.98,19.114,18.98,19.114,1100,2,19.0018
IE00B4M7GH52,83007898,IPOL,USD,2022-02-10,19.176,19.176,18.722,18.964,2702,4,18.9175
IE00B4M7GH52,83007898,IPOL,USD,2022-02-11,18.638,18.652,18.602,18.652,14,2,18.6277
IE00B4M7GH52,83007898,IPOL,USD,2022-02-14,17.944,18.166,17.64,18.08,4955,16,18.0813
IE00B4M7GH52,83007898,IPOL,USD,2022-02-15,18.786,18.786,18.786,18.786,0,0,18.786
IE00B4M7GH52,83007898,IPOL,USD,2022-02-16,18.976,18.976,18.732,18.864,5856,6,18.8389
IE00B4M7GH52,83007898,IPOL,USD,2022-02-17,18.844,18.844,18.405,18.405,251,2,18.5213
IE00B4M7GH52,83007898,IPOL,USD,2022-02-18,18.36,18.36,18.018,18.018,560,2,18.107
IE00B4M7GH52,83007898,IPOL,USD,2022-02-21,17.784,17.784,17.391,17.391,309,3,17.6674
IE00B4M7GH52,83007898,IPOL,USD,2022-02-22,17.128,17.584,17.078,17.488,712,7,17.4494
IE00B4M7GH52,83007898,IPOL,USD,2022-02-23,17.502,17.55,16.918,16.94,615,8,17.4135
IE00B4M7GH52,83007898,IPOL,USD,2022-02-24,16.54,16.968,14.33,14.596,183898,96,14.7998
IE00B4M7GH52,83007898,IPOL,USD,2022-02-25,15.264,16.298,15.01,16.108,16145,40,15.9931
IE00B4M7GH52,83007898,IPOL,USD,2022-02-28,15.426,16.092,15.268,16.092,163901,143,15.6618
IE00B4M7GH52,83007898,IPOL,USD,2022-03-01,16.278,16.278,15.314,15.346,29378,34,16.1865
IE00B4M7GH52,83007898,IPOL,USD,2022-03-02,15.172,15.906,15.088,15.782,15832,10,15.4551
IE00B4M7GH52,83007898,IPOL,USD,2022-03-03,15.6,15.702,15.237,15.237,2086,13,15.3997
IE00B4M7GH52,83007898,IPOL,USD,2022-03-04,15.0,15.0,14.1,14.222,5283,22,14.4906
IE00B4M7GH52,83007898,IPOL,USD,2022-03-07,14.102,14.11,13.48,13.98,13642,21,13.7612
IE00B4M7GH52,83007898,IPOL,USD,2022-03-08,13.834,14.344,13.812,13.812,1662,8,14.0163
IE00B4M7GH52,83007898,IPOL,USD,2022-03-09,14.438,15.358,14.438,15.358,109632,11,15.3449
IE00B4M7GH52,83007898,IPOL,USD,2022-03-10,15.166,15.166,14.821,14.821,10462,14,14.9576
IE00B4M7GH52,83007898,IPOL,USD,2022-03-11,15.428,15.428,15.266,15.266,1411,4,15.3949
IE00B4M7GH52,83007898,IPOL,USD,2022-03-14,15.272,15.288,15.102,15.184,920,7,15.205
IE00B4M7GH52,83007898,IPOL,USD,2022-03-15,15.206,15.45,15.1,15.413,3804,9,15.125
IE00B4M7GH52,83007898,IPOL,USD,2022-03-16,15.884,16.106,15.884,16.05,3616,13,16.0686
IE00B4M7GH52,83007898,IPOL,USD,2022-03-17,16.436,16.808,16.284,16.776,4181,14,16.4341
IE00B4M7GH52,83007898,IPOL,USD,2022-03-18,16.524,16.524,16.182,16.234,19120,8,16.4015
IE00B4M7GH52,83007898,IPOL,USD,2022-03-21,16.52,16.57,16.126,16.24,24110,15,16.3703
IE00B4M7GH52,83007898,IPOL,USD,2022-03-22,16.248,16.524,16.248,16.481,1379,5,16.4171
IE00B4M7GH52,83007898,IPOL,USD,2022-03-23,16.38,16.38,16.29,16.306,407,4,16.3015
IE00B4M7GH52,83007898,IPOL,USD,2022-03-24,16.3,16.402,16.198,16.37,4679,7,16.3794
IE00B4M7GH52,83007898,IPOL,USD,2022-03-25,16.484,16.484,16.19,16.21,46486,80,16.3068
IE00B4M7GH52,83007898,IPOL,USD,2022-03-28,16.38,16.38,16.242,16.242,8988,8,16.3178
IE00B4M7GH52,83007898,IPOL,USD,2022-03-29,16.388,17.108,16.388,17.015,42022,18,16.5699
IE00B4M7GH52,83007898,IPOL,USD,2022-03-30,17.19,17.362,17.034,17.334,2625,5,17.057
IE00B4M7GH52,83007898,IPOL,USD,2022-03-31,17.292,17.294,16.877,16.877,736,8,17.1209
IE00B4M7GH52,83007898,IPOL,USD,2022-04-01,16.942,17.016,16.898,16.898,11668,6,16.9524
IE00B4M7GH52,83007898,IPOL,USD,2022-04-04,17.078,17.078,17.004,17.028,1160,3,17.0287
IE00B4M7GH52,83007898,IPOL,USD,2022-04-05,16.912,16.912,16.46,16.46,1568,2,16.8533
IE00B4M7GH52,83007898,IPOL,USD,2022-04-06,16.3,16.358,16.234,16.245,1988,4,16.3015
IE00B4M7GH52,83007898,IPOL,USD,2022-04-07,16.204,16.204,16.051,16.051,104,2,16.1852
IE00B4M7GH52,83007898,IPOL,USD,2022-04-08,15.65,16.162,15.65,16.148,1357,6,16.1309
IE00B4M7GH52,83007898,IPOL,USD,2022-04-11,16.082,16.305,16.082,16.305,4007,5,16.1459
IE00B4M7GH52,83007898,IPOL,USD,2022-04-12,16.066,16.208,16.066,16.157,89,2,16.0963
IE00B4M7GH52,83007898,IPOL,USD,2022-04-13,16.144,16.208,16.0,16.208,1033,4,16.139
IE00B4M7GH52,83007898,IPOL,USD,2022-04-14,15.964,15.968,15.942,15.967,1813,5,15.964
IE00B4M7GH52,83007898,IPOL,USD,2022-04-19,15.7,15.816,15.602,15.738,3640,10,15.6449
IE00B4M7GH52,83007898,IPOL,USD,2022-04-20,16.012,16.012,15.7,15.7,550,6,15.7504
IE00B4M7GH52,83007898,IPOL,USD,2022-04-21,15.852,15.852,15.582,15.582,16823,6,15.8496
IE00B4M7GH52,83007898,IPOL,USD,2022-04-22,15.32,15.32,15.087,15.087,443,4,15.2673
IE00B4M7GH52,83007898,IPOL,USD,2022-04-25,14.78,14.82,14.414,14.414,13997,12,14.7868
IE00B4M7GH52,83007898,IPOL,USD,2022-04-26,14.458,14.46,14.02,14.02,128,2,14.4599
IE00B4M7GH52,83007898,IPOL,USD,2022-04-27,13.94,13.94,13.76,13.787,2299,14,13.8093
IE00B4M7GH52,83007898,IPOL,USD,2022-04-28,14.024,14.046,13.767,13.767,1662,10,13.8998
IE00B4M7GH52,83007898,IPOL,USD,2022-04-29,14.09,14.09,13.552,13.625,1978,8,13.7314
IE00B4M7GH52,83007898,IPOL,USD,2022-05-03,13.336,13.526,13.306,13.45,19133,15,13.3624
IE00B4M7GH52,83007898,IPOL,USD,2022-05-04,13.296,13.342,13.263,13.263,46,3,13.3197
IE00B4M7GH52,83007898,IPOL,USD,2022-05-05,13.652,13.652,12.701,12.701,777,5,13.4285
IE00B4M7GH52,83007898,IPOL,USD,2022-05-06,12.574,12.988,12.574,12.928,1007,9,12.8346
IE00B4M7GH52,83007898,IPOL,USD,2022-05-09,12.708,12.712,12.562,12.589,876,8,12.6186
IE00B4M7GH52,83007898,IPOL,USD,2022-05-10,12.502,12.76,12.502,12.567,5709,8,12.6456
IE00B4M7GH52,83007898,IPOL,USD,2022-05-11,12.62,12.754,12.514,12.571,20449,10,12.5714
IE00B4M7GH52,83007898,IPOL,USD,2022-05-12,12.202,12.264,11.98,12.241,17691,9,12.1894
IE00B4M7GH52,83007898,IPOL,USD,2022-05-13,12.418,12.756,12.418,12.749,39718,16,12.6526
IE00B4M7GH52,83007898,IPOL,USD,2022-05-16,12.94,12.94,12.66,12.783,6343,8,12.8553
IE00B4M7GH52,83007898,IPOL,USD,2022-05-17,12.908,13.372,12.908,13.271,1333,7,13.3401
IE00B4M7GH52,83007898,IPOL,USD,2022-05-18,13.25,13.378,13.16,13.16,562,7,13.3295
IE00B4M7GH52,83007898,IPOL,USD,2022-05-19,13.04,13.175,12.926,13.175,113444,17,13.0652
IE00B4M7GH52,83007898,IPOL,USD,2022-05-20,13.1,13.33,13.1,13.125,17913,7,13.3055
IE00B4M7GH52,83007898,IPOL,USD,2022-05-23,13.636,13.82,13.606,13.82,1886,11,13.6734
IE00B4M7GH52,83007898,IPOL,USD,2022-05-24,13.824,13.846,13.814,13.819,1133,4,13.8337
IE00B4M7GH52,83007898,IPOL,USD,2022-05-25,13.644,13.644,13.52,13.562,4106,11,13.5895
IE00B4M7GH52,83007898,IPOL,USD,2022-05-26,13.636,13.952,13.636,13.929,49146,8,13.7007
IE00B4M7GH52,83007898,IPOL,USD,2022-05-27,13.86,13.886,13.714,13.85,666,7,13.8616
IE00B4M7GH52,83007898,IPOL,USD,2022-05-30,14.01,14.27,14.01,14.27,250,4,14.1512
IE00B4M7GH52,83007898,IPOL,USD,2022-05-31,14.162,14.268,13.94,13.976,17264,8,13.9939
IE00B4M7GH52,83007898,IPOL,USD,2022-06-01,13.99,13.99,13.724,13.724,1886,8,13.7986
IE00B4M7GH52,83007898,IPOL,USD,2022-06-06,13.932,14.102,13.842,13.979,6534,9,14.0693
IE00B4M7GH52,83007898,IPOL,USD,2022-06-07,13.8,14.038,13.8,13.953,1334,3,13.8548
IE00B4M7GH52,83007898,IPOL,USD,2022-06-08,13.944,13.944,13.576,13.706,5999,10,13.9213
IE00B4M7GH52,83007898,IPOL,USD,2022-06-09,13.61,13.656,13.35,13.357,1007,6,13.4093
IE00B4M7GH52,83007898,IPOL,USD,2022-06-10,13.222,13.222,12.741,12.741,303,10,12.9076
IE00B4M7GH52,83007898,IPOL,USD,2022-06-13,12.466,12.466,12.264,12.314,37779,12,12.4193
IE00B4M7GH52,83007898,IPOL,USD,2022-06-14,12.45,12.45,12.31,12.367,1508,4,12.3803
IE00B4M7GH52,83007898,IPOL,USD,2022-06-15,12.4,12.408,12.172,12.349,4932,10,12.3339
IE00B4M7GH52,83007898,IPOL,USD,2022-06-16,12.25,12.25,11.96,11.96,9624,12,12.0838
IE00B4M7GH52,83007898,IPOL,USD,2022-06-17,12.164,12.28,12.164,12.271,937,4,12.2472
IE00B4M7GH52,83007898,IPOL,USD,2022-06-20,12.332,12.43,12.332,12.397,16888,4,12.3647
IE00B4M7GH52,83007898,IPOL,USD,2022-06-21,12.706,12.706,12.658,12.671,835,4,12.6907
IE00B4M7GH52,83007898,IPOL,USD,2022-06-22,12.428,12.428,12.252,12.295,36,3,12.3563
IE00B4M7GH52,83007898,IPOL,USD,2022-06-23,12.336,12.336,12.027,12.027,162,6,12.243
IE00B4M7GH52,83007898,IPOL,USD,2022-06-24,12.194,12.318,12.194,12.298,779,5,12.2513
IE00B4M7GH52,83007898,IPOL,USD,2022-06-27,12.448,12.62,12.448,12.613,700,2,12.6178
IE00B4M7GH52,83007898,IPOL,USD,2022-06-28,12.666,12.766,12.623,12.623,2815,7,12.666
IE00B4M7GH52,83007898,IPOL,USD,2022-06-29,12.492,12.606,12.492,12.56,1316,3,12.5537
IE00B4M7GH52,83007898,IPOL,USD,2022-06-30,12.448,12.448,12.328,12.34,33352,7,12.4228
IE00B4M7GH52,83007898,IPOL,USD,2022-07-01,12.352,12.352,12.14,12.207,300,2,12.2107
IE00B4M7GH52,83007898,IPOL,USD,2022-07-04,12.296,12.296,12.132,12.185,18210,4,12.2665
IE00B4M7GH52,83007898,IPOL,USD,2022-07-05,12.254,12.254,11.494,11.494,5515,12,11.9845
IE00B4M7GH52,83007898,IPOL,USD,2022-07-06,11.62,11.62,11.418,11.498,2653,6,11.5084
IE00B4M7GH52,83007898,IPOL,USD,2022-07-07,11.786,11.858,11.786,11.858,200,1,11.786
IE00B4M7GH52,83007898,IPOL,USD,2022-07-08,12.106,12.161,12.106,12.161,240,1,12.106
IE00B4M7GH52,83007898,IPOL,USD,2022-07-11,11.854,11.864,11.71,11.749,2184,8,11.808
IE00B4M7GH52,83007898,IPOL,USD,2022-07-12,11.53,11.53,11.364,11.396,11729,12,11.5203
IE00B4M7GH52,83007898,IPOL,USD,2022-07-13,11.42,11.42,11.184,11.295,20912,12,11.1962
IE00B4M7GH52,83007898,IPOL,USD,2022-07-14,11.142,11.148,10.832,10.998,17248,18,11.1155
IE00B4M7GH52,83007898,IPOL,USD,2022-07-15,10.95,11.19,10.95,11.173,18360,5,11.1854
IE00B4M7GH52,83007898,IPOL,USD,2022-07-18,11.424,11.598,11.424,11.576,2978,6,11.4505
IE00B4M7GH52,83007898,IPOL,USD,2022-07-19,11.52,11.826,11.52,11.798,34,2,11.556
IE00B4M7GH52,83007898,IPOL,USD,2022-07-20,11.978,11.978,11.728,11.832,73090,17,11.8062
IE00B4M7GH52,83007898,IPOL,USD,2022-07-21,11.882,11.922,11.598,11.76,14719,10,11.8384
IE00B4M7GH52,83007898,IPOL,USD,2022-07-22,11.73,12.05,11.718,11.99,6639,8,12.0102
IE00B4M7GH52,83007898,IPOL,USD,2022-07-25,12.15,12.15,11.982,11.982,9989,3,12.1409
IE00B4M7GH52,83007898,IPOL,USD,2022-07-26,11.978,11.978,11.52,11.52,11195,9,11.8839
IE00B4M7GH52,83007898,IPOL,USD,2022-07-27,11.5,11.5,11.4,11.475,25943,15,11.4406
IE00B4M7GH52,83007898,IPOL,USD,2022-07-28,11.7,11.741,11.548,11.741,22910,17,11.5782
IE00B4M7GH52,83007898,IPOL,USD,2022-07-29,11.936,12.22,11.936,12.199,43118,20,12.0371
IE00B4M7GH52,83007898,IPOL,USD,2022-08-01,12.26,12.494,12.2,12.448,11796,19,12.3472
IE00B4M7GH52,83007898,IPOL,USD,2022-08-02,12.308,12.308,12.209,12.209,949,5,12.2461
IE00B4M7GH52,83007898,IPOL,USD,2022-08-03,12.074,12.178,12.054,12.088,2049,3,12.0659
IE00B4M7GH52,83007898,IPOL,USD,2022-08-04,12.07,12.09,11.91,11.989,34276,19,12.0127
IE00B4M7GH52,83007898,IPOL,USD,2022-08-05,11.99,11.99,11.749,11.749,66,1,11.99
IE00B4M7GH52,83007898,IPOL,USD,2022-08-08,12.158,12.174,12.138,12.138,501,2,12.1727
IE00B4M7GH52,83007898,IPOL,USD,2022-08-09,12.242,12.242,12.08,12.08,16333,3,12.1002
IE00B4M7GH52,83007898,IPOL,USD,2022-08-10,12.332,12.43,12.332,12.403,643,4,12.4061
IE00B4M7GH52,83007898,IPOL,USD,2022-08-11,12.45,12.57,12.44,12.57,1495,7,12.5024
IE00B4M7GH52,83007898,IPOL,USD,2022-08-12,12.5,12.602,12.5,12.602,580,5,12.5483
IE00B4M7GH52,83007898,IPOL,USD,2022-08-15,12.508,12.51,12.432,12.476,21553,7,12.4353
IE00B4M7GH52,83007898,IPOL,USD,2022-08-16,12.49,12.506,12.348,12.405,55582,15,12.3633
IE00B4M7GH52,83007898,IPOL,USD,2022-08-17,12.444,12.444,11.884,11.917,10034,7,11.9874
IE00B4M7GH52,83007898,IPOL,USD,2022-08-18,11.93,12.044,11.872,12.044,3238,6,11.8915
IE00B4M7GH52,83007898,IPOL,USD,2022-08-19,11.8,11.8,11.58,11.597,4191,10,11.7133
IE00B4M7GH52,83007898,IPOL,USD,2022-08-22,11.5,11.55,11.207,11.207,26128,21,11.3766
IE00B4M7GH52,83007898,IPOL,USD,2022-08-23,11.176,11.424,11.176,11.424,10313,9,11.3287
IE00B4M7GH52,83007898,IPOL,USD,2022-08-24,11.27,11.278,11.04,11.114,35508,20,11.1466
IE00B4M7GH52,83007898,IPOL,USD,2022-08-25,11.358,11.362,11.172,11.221,7188,9,11.216
IE00B4M7GH52,83007898,IPOL,USD,2022-08-26,11.27,11.286,11.0,11.034,7287,16,11.1763
IE00B4M7GH52,83007898,IPOL,USD,2022-08-30,10.95,10.962,10.618,10.667,9533,17,10.7426
IE00B4M7GH52,83007898,IPOL,USD,2022-08-31,10.734,10.734,10.51,10.648,10211,12,10.6266
IE00B4M7GH52,83007898,IPOL,USD,2022-09-01,10.518,10.518,10.084,10.084,12627,24,10.2805
IE00B4M7GH52,83007898,IPOL,USD,2022-09-02,10.118,10.536,10.118,10.536,13139,10,10.1566
IE00B4M7GH52,83007898,IPOL,USD,2022-09-05,10.23,10.32,10.23,10.284,388,3,10.2603
IE00B4M7GH52,83007898,IPOL,USD,2022-09-06,10.208,10.398,9.95,9.95,3349,12,10.0322
IE00B4M7GH52,83007898,IPOL,USD,2022-09-07,9.905,10.232,9.768,10.206,2710,15,10.0215
IE00B4M7GH52,83007898,IPOL,USD,2022-09-08,10.364,10.396,10.186,10.252,2681,14,10.2852
IE00B4M7GH52,83007898,IPOL,USD,2022-09-09,10.498,10.752,10.498,10.752,406,5,10.707
IE00B4M7GH52,83007898,IPOL,USD,2022-09-12,11.004,11.086,10.972,11.081,4091,10,11.0216
IE00B4M7GH52,83007898,IPOL,USD,2022-09-13,11.09,11.11,10.58,10.603,9375,18,10.9318
IE00B4M7GH52,83007898,IPOL,USD,2022-09-14,10.534,10.752,10.534,10.683,181,3,10.655
IE00B4M7GH52,83007898,IPOL,USD,2022-09-15,10.78,10.78,10.735,10.735,215,2,10.7616
IE00B4M7GH52,83007898,IPOL,USD,2022-09-16,10.668,10.668,10.416,10.472,30311,19,10.5767
IE00B4M7GH52,83007898,IPOL,USD,2022-09-20,10.384,10.384,10.384,10.384,0,0,10.384
IE00B4M7GH52,83007898,IPOL,USD,2022-09-21,10.354,10.354,10.268,10.268,130,1,10.354
IE00B4M7GH52,83007898,IPOL,USD,2022-09-22,10.126,10.434,10.126,10.308,7141,16,10.353
IE00B4M7GH52,83007898,IPOL,USD,2022-09-23,10.2,10.2,9.805,9.805,257,13,10.0317
IE00B4M7GH52,83007898,IPOL,USD,2022-09-26,9.55,9.607,9.444,9.514,13890,21,9.4816
IE00B4M7GH52,83007898,IPOL,USD,2022-09-27,9.66,9.757,9.556,9.556,4602,9,9.7332
IE00B4M7GH52,83007898,IPOL,USD,2022-09-28,9.37,9.546,9.306,9.511,527,3,9.3268
IE00B4M7GH52,83007898,IPOL,USD,2022-09-29,9.55,9.55,9.163,9.223,5669,8,9.225
IE00B4M7GH52,83007898,IPOL,USD,2022-09-30,9.29,9.3,9.204,9.25,292,6,9.229
IE00B4M7GH52,83007898,IPOL,USD,2022-10-03,9.106,9.355,8.998,9.355,3666,15,9.0905
IE00B4M7GH52,83007898,IPOL,USD,2022-10-04,9.69,9.973,9.66,9.973,6001,14,9.744
IE00B4M7GH52,83007898,IPOL,USD,2022-10-05,9.939,9.939,9.6,9.671,150434,5,9.6715
IE00B4M7GH52,83007898,IPOL,USD,2022-10-06,9.761,9.761,9.475,9.475,600,2,9.7508
IE00B4M7GH52,83007898,IPOL,USD,2022-10-07,9.262,9.422,9.262,9.353,3636,4,9.3856
IE00B4M7GH52,83007898,IPOL,USD,2022-10-10,9.261,9.261,9.093,9.142,2475,8,9.1712
IE00B4M7GH52,83007898,IPOL,USD,2022-10-11,9.001,9.212,8.981,9.193,25443,10,9.1451
IE00B4M7GH52,83007898,IPOL,USD,2022-10-12,9.09,9.186,9.09,9.186,13489,7,9.1088
IE00B4M7GH52,83007898,IPOL,USD,2022-10-13,9.12,9.259,8.88,9.259,1651,14,9.1055
IE00B4M7GH52,83007898,IPOL,USD,2022-10-14,9.341,9.5,9.341,9.359,640,4,9.4065
IE00B4M7GH52,83007898,IPOL,USD,2022-10-17,9.337,9.606,9.317,9.552,19094,18,9.5966
IE00B4M7GH52,83007898,IPOL,USD,2022-10-18,9.708,9.738,9.63,9.63,2596,6,9.7085
IE00B4M7GH52,83007898,IPOL,USD,2022-10-19,9.606,9.606,9.447,9.447,8347,8,9.5529
IE00B4M7GH52,83007898,IPOL,USD,2022-10-20,9.412,9.808,9.412,9.739,50465,18,9.5653
IE00B4M7GH52,83007898,IPOL,USD,2022-10-21,9.653,9.653,9.464,9.643,980,7,9.6281
IE00B4M7GH52,83007898,IPOL,USD,2022-10-24,9.757,9.864,9.666,9.859,14129,18,9.8024
IE00B4M7GH52,83007898,IPOL,USD,2022-10-25,9.849,10.061,9.827,10.061,793,10,10.0184
IE00B4M7GH52,83007898,IPOL,USD,2022-10-26,10.238,10.496,10.238,10.496,26925,19,10.3472
IE00B4M7GH52,83007898,IPOL,USD,2022-10-27,10.432,10.61,10.384,10.595,4704,8,10.43
IE00B4M7GH52,83007898,IPOL,USD,2022-10-28,10.4,10.65,10.4,10.592,1658,10,10.5298
IE00B4M7GH52,83007898,IPOL,USD,2022-10-31,10.652,10.724,10.652,10.657,28347,16,10.6701
IE00B4M7GH52,83007898,IPOL,USD,2022-11-01,10.892,10.91,10.752,10.752,9469,8,10.8758
IE00B4M7GH52,83007898,IPOL,USD,2022-11-02,10.79,10.958,10.79,10.929,39869,44,10.8065
IE00B4M7GH52,83007898,IPOL,USD,2022-11-03,10.75,10.842,10.65,10.771,14062,20,10.7161
IE00B4M7GH52,83007898,IPOL,USD,2022-11-04,10.96,11.33,10.952,11.33,3262,9,11.1715
IE00B4M7GH52,83007898,IPOL,USD,2022-11-07,11.46,11.508,11.406,11.491,4070,11,11.4527
IE00B4M7GH52,83007898,IPOL,USD,2022-11-08,11.514,11.769,11.454,11.769,1976,12,11.6423
IE00B4M7GH52,83007898,IPOL,USD,2022-11-09,11.78,11.78,11.628,11.727,2823,8,11.7501
IE00B4M7GH52,83007898,IPOL,USD,2022-11-10,11.536,12.214,11.344,12.196,4616,13,11.5676
IE00B4M7GH52,83007898,IPOL,USD,2022-11-11,12.398,12.56,12.398,12.533,10875,10,12.4534
IE00B4M7GH52,83007898,IPOL,USD,2022-11-14,12.614,12.8,12.4,12.703,80495,26,12.742
IE00B4M7GH52,83007898,IPOL,USD,2022-11-15,12.802,13.2,12.722,13.036,22661,41,12.9688
IE00B4M7GH52,83007898,IPOL,USD,2022-11-16,12.968,12.968,12.764,12.894,15071,23,12.8519
IE00B4M7GH52,83007898,IPOL,USD,2022-11-17,12.834,12.834,12.392,12.5,5003,10,12.5896
IE00B4M7GH52,83007898,IPOL,USD,2022-11-18,12.572,12.682,12.502,12.504,4184,10,12.5747
IE00B4M7GH52,83007898,IPOL,USD,2022-11-21,12.37,12.378,12.2,12.253,3837,9,12.2426
IE00B4M7GH52,83007898,IPOL,USD,2022-11-22,12.334,12.614,12.302,12.464,59512,10,12.4697
IE00B4M7GH52,83007898,IPOL,USD,2022-11-23,12.676,12.676,12.614,12.651,11886,8,12.6542
IE00B4M7GH52,83007898,IPOL,USD,2022-11-24,12.972,12.992,12.972,12.992,4363,4,12.9723
IE00B4M7GH52,83007898,IPOL,USD,2022-11-25,12.994,13.01,12.88,12.966,17458,9,12.8822
IE00B4M7GH52,83007898,IPOL,USD,2022-11-28,12.882,13.004,12.78,12.78,1975,5,12.9644
IE00B4M7GH52,83007898,IPOL,USD,2022-11-29,12.67,12.816,12.67,12.699,2624,7,12.7888
IE00B4M7GH52,83007898,IPOL,USD,2022-11-30,12.934,12.98,12.699,12.699,3730,3,12.9796
IE00B4M7GH52,83007898,IPOL,USD,2022-12-01,12.992,13.182,12.984,13.108,1651,5,13.0807
IE00B4M7GH52,83007898,IPOL,USD,2022-12-02,13.208,13.208,12.899,12.899,141,3,13.1127
IE00B4M7GH52,83007898,IPOL,USD,2022-12-05,13.05,13.204,12.872,12.872,2846,11,13.0294
IE00B4M7GH52,83007898,IPOL,USD,2022-12-06,12.9,12.9,12.768,12.864,5600,16,12.8413
IE00B4M7GH52,83007898,IPOL,USD,2022-12-07,12.696,12.868,12.696,12.846,6139,8,12.7617
IE00B4M7GH52,83007898,IPOL,USD,2022-12-08,12.834,12.906,12.824,12.895,2762,8,12.8513
IE00B4M7GH52,83007898,IPOL,USD,2022-12-09,12.898,12.94,12.806,12.917,2242,5,12.8791
IE00B4M7GH52,83007898,IPOL,USD,2022-12-12,12.984,13.092,12.984,13.081,1070,4,13.0347
IE00B4M7GH52,83007898,IPOL,USD,2022-12-13,13.1,13.542,13.1,13.471,4397,10,13.2461
IE00B4M7GH52,83007898,IPOL,USD,2022-12-14,13.448,13.512,13.448,13.512,920,2,13.472
IE00B4M7GH52,83007898,IPOL,USD,2022-12-15,13.424,13.424,13.196,13.196,2401,9,13.3378
IE00B4M7GH52,83007898,IPOL,USD,2022-12-16,13.14,13.18,13.004,13.106,7777,18,13.1444
IE00B4M7GH52,83007898,IPOL,USD,2022-12-19,13.132,13.144,13.096,13.135,17120,5,13.1308
IE00B4M7GH52,83007898,IPOL,USD,2022-12-20,13.036,13.326,12.988,13.299,9640,15,13.1816
IE00B4M7GH52,83007898,IPOL,USD,2022-12-21,13.318,13.61,13.318,13.578,3194,6,13.4055
IE00B4M7GH52,83007898,IPOL,USD,2022-12-22,13.62,13.642,13.542,13.553,3162,8,13.5931
IE00B4M7GH52,83007898,IPOL,USD,2022-12-23,13.508,13.525,13.508,13.525,30,1,13.508
IE00B4M7GH52,83007898,IPOL,USD,2022-12-28,13.29,13.388,13.226,13.316,3926,13,13.2711
IE00B4M7GH52,83007898,IPOL,USD,2022-12-29,13.386,13.678,13.386,13.678,561,4,13.4075
IE00B4M7GH52,83007898,IPOL,USD,2022-12-30,13.632,13.642,13.574,13.619,703,5,13.592
IE00B4M7GH52,83007898,IPOL,USD,2023-01-03,13.584,13.782,13.53,13.686,18463,20,13.7461
IE00B4M7GH52,83007898,IPOL,USD,2023-01-04,13.96,14.102,13.96,14.084,2575,15,14.0315
IE00B4M7GH52,83007898,IPOL,USD,2023-01-05,14.2,14.2,13.872,13.884,3341,8,13.9318
IE00B4M7GH52,83007898,IPOL,USD,2023-01-06,13.864,14.17,13.864,14.142,5855,9,14.1377
IE00B4M7GH52,83007898,IPOL,USD,2023-01-09,14.25,14.53,14.25,14.518,822,5,14.4362
IE00B4M7GH52,83007898,IPOL,USD,2023-01-10,14.438,14.782,14.406,14.719,16317,20,14.6262
IE00B4M7GH52,83007898,IPOL,USD,2023-01-11,14.8,14.8,14.572,14.579,1020,3,14.5953
IE00B4M7GH52,83007898,IPOL,USD,2023-01-12,14.746,14.906,14.714,14.811,2249,10,14.8067
IE00B4M7GH52,83007898,IPOL,USD,2023-01-13,14.904,14.904,14.694,14.756,3137,9,14.7432
IE00B4M7GH52,83007898,IPOL,USD,2023-01-16,14.524,14.932,14.524,14.845,793,8,14.8514
IE00B4M7GH52,83007898,IPOL,USD,2023-01-17,14.794,14.8,14.55,14.57,965,6,14.624
IE00B4M7GH52,83007898,IPOL,USD,2023-01-18,14.608,14.8,14.554,14.584,2325,8,14.6728
IE00B4M7GH52,83007898,IPOL,USD,2023-01-19,14.422,14.488,14.232,14.331,10902,15,14.3224
IE00B4M7GH52,83007898,IPOL,USD,2023-01-20,14.458,14.672,14.436,14.672,25899,12,14.6032
IE00B4M7GH52,83007898,IPOL,USD,2023-01-23,14.796,14.853,14.698,14.853,4746,7,14.7573
IE00B4M7GH52,83007898,IPOL,USD,2023-01-24,14.96,14.96,14.624,14.733,4802,6,14.6967
IE00B4M7GH52,83007898,IPOL,USD,2023-01-25,14.598,14.598,14.426,14.503,23346,13,14.4533
IE00B4M7GH52,83007898,IPOL,USD,2023-01-26,14.66,14.68,14.594,14.63,10528,5,14.6183
IE00B4M7GH52,83007898,IPOL,USD,2023-01-27,14.624,14.791,14.624,14.791,13601,12,14.7117
IE00B4M7GH52,83007898,IPOL,USD,2023-01-30,14.476,14.57,14.428,14.475,11507,15,14.5078
IE00B4M7GH52,83007898,IPOL,USD,2023-01-31,14.33,14.538,14.33,14.538,9617,5,14.469
IE00B4M7GH52,83007898,IPOL,USD,2023-02-01,14.482,14.572,14.392,14.401,7862,12,14.4427
IE00B4M7GH52,83007898,IPOL,USD,2023-02-02,14.666,14.752,14.528,14.681,103,4,14.7484
IE00B4M7GH52,83007898,IPOL,USD,2023-02-03,14.662,14.732,14.482,14.543,607,9,14.5109
IE00B4M7GH52,83007898,IPOL,USD,2023-02-06,14.298,14.298,13.916,13.943,1496,14,13.979
IE00B4M7GH52,83007898,IPOL,USD,2023-02-07,13.95,13.968,13.882,13.942,589,6,13.8857
IE00B4M7GH52,83007898,IPOL,USD,2023-02-08,14.086,14.264,14.072,14.072,720,8,14.2029
IE00B4M7GH52,83007898,IPOL,USD,2023-02-09,14.292,14.342,14.146,14.146,3,3,14.3253
IE00B4M7GH52,83007898,IPOL,USD,2023-02-10,14.096,14.096,13.634,13.679,7165,8,14.0387
IE00B4M7GH52,83007898,IPOL,USD,2023-02-13,13.69,13.77,13.592,13.744,9759,11,13.6546
IE00B4M7GH52,83007898,IPOL,USD,2023-02-14,13.854,13.918,13.734,13.791,7410,7,13.7524
IE00B4M7GH52,83007898,IPOL,USD,2023-02-15,13.742,13.934,13.742,13.908,78,2,13.9143
IE00B4M7GH52,83007898,IPOL,USD,2023-02-16,13.734,13.811,13.734,13.811,10732,4,13.7392
IE00B4M7GH52,83007898,IPOL,USD,2023-02-17,13.738,13.741,13.694,13.741,583,5,13.7157
IE00B4M7GH52,83007898,IPOL,USD,2023-02-20,13.793,13.793,13.793,13.793,0,0,13.793
IE00B4M7GH52,83007898,IPOL,USD,2023-02-21,13.558,13.558,13.53,13.53,50,1,13.558
IE00B4M7GH52,83007898,IPOL,USD,2023-02-22,13.322,13.322,13.292,13.292,321,2,13.322
IE00B4M7GH52,83007898,IPOL,USD,2023-02-23,13.374,13.56,13.362,13.536,353,8,13.5061
IE00B4M7GH52,83007898,IPOL,USD,2023-02-24,13.342,13.406,13.342,13.406,65,1,13.342
IE00B4M7GH52,83007898,IPOL,USD,2023-02-27,13.45,13.524,13.45,13.494,17,2,13.4674
IE00B4M7GH52,83007898,IPOL,USD,2023-02-28,13.576,13.811,13.576,13.811,1712,7,13.6917
IE00B4M7GH52,83007898,IPOL,USD,2023-03-01,13.994,14.048,13.962,13.971,128,5,13.9917
IE00B4M7GH52,83007898,IPOL,USD,2023-03-02,13.952,13.952,13.595,13.595,2693,6,13.7053
IE00B4M7GH52,83007898,IPOL,USD,2023-03-03,13.748,13.769,13.684,13.769,2329,4,13.748
IE00B4M7GH52,83007898,IPOL,USD,2023-03-06,14.102,14.202,14.102,14.165,498,3,14.1355
IE00B4M7GH52,83007898,IPOL,USD,2023-03-07,14.116,14.124,13.786,13.786,1027,6,13.9282
IE00B4M7GH52,83007898,IPOL,USD,2023-03-08,13.786,13.894,13.786,13.894,3733,6,13.8876
IE00B4M7GH52,83007898,IPOL,USD,2023-03-09,13.685,13.685,13.685,13.685,0,0,13.685
IE00B4M7GH52,83007898,IPOL,USD,2023-03-10,13.444,13.638,13.444,13.628,10997,8,13.5278
IE00B4M7GH52,83007898,IPOL,USD,2023-03-13,13.392,13.392,13.1,13.256,3785,17,13.2294
IE00B4M7GH52,83007898,IPOL,USD,2023-03-14,13.314,13.332,13.213,13.213,4290,8,13.3222
IE00B4M7GH52,83007898,IPOL,USD,2023-03-15,13.3,13.3,12.532,12.539,3302,15,12.7339
IE00B4M7GH52,83007898,IPOL,USD,2023-03-16,12.8,12.8,12.372,12.679,1374,6,12.4964
IE00B4M7GH52,83007898,IPOL,USD,2023-03-17,12.856,12.856,12.53,12.557,762,8,12.7729
IE00B4M7GH52,83007898,IPOL,USD,2023-03-20,12.252,12.572,12.1,12.572,592,8,12.5234
IE00B4M7GH52,83007898,IPOL,USD,2023-03-21,12.846,13.074,12.846,13.074,187,6,12.9907
IE00B4M7GH52,83007898,IPOL,USD,2023-03-22,12.964,12.964,12.964,12.964,300,1,12.964
IE00B4M7GH52,83007898,IPOL,USD,2023-03-23,13.108,13.108,12.904,13.039,220,4,13.0022
IE00B4M7GH52,83007898,IPOL,USD,2023-03-24,12.76,12.76,12.51,12.566,2110,8,12.5594
IE00B4M7GH52,83007898,IPOL,USD,2023-03-27,12.702,12.802,12.702,12.732,534,3,12.793
IE00B4M7GH52,83007898,IPOL,USD,2023-03-28,13.002,13.008,12.876,12.926,7137,8,12.9873
IE00B4M7GH52,83007898,IPOL,USD,2023-03-29,12.99,13.008,12.96,12.978,484,5,12.9997
IE00B4M7GH52,83007898,IPOL,USD,2023-03-30,13.154,13.584,13.154,13.522,247,7,13.4408
IE00B4M7GH52,83007898,IPOL,USD,2023-03-31,13.54,13.55,13.411,13.411,3118,4,13.5484
IE00B4M7GH52,83007898,IPOL,USD,2023-04-03,13.512,13.718,13.512,13.612,1307,9,13.6347
IE00B4M7GH52,83007898,IPOL,USD,2023-04-04,13.776,13.776,13.646,13.646,247,4,13.7547
IE00B4M7GH52,83007898,IPOL,USD,2023-04-05,13.63,13.63,13.404,13.408,3320,8,13.4603
IE00B4M7GH52,83007898,IPOL,USD,2023-04-06,13.418,13.461,13.418,13.461,25,2,13.4487
IE00B4M7GH52,83007898,IPOL,USD,2023-04-11,13.542,13.744,13.542,13.714,687,5,13.7284
IE00B4M7GH52,83007898,IPOL,USD,2023-04-12,13.738,14.088,13.66,14.083,7805,20,13.9668
IE00B4M7GH52,83007898,IPOL,USD,2023-04-13,14.09,14.472,14.09,14.471,1324,8,14.4297
IE00B4M7GH52,83007898,IPOL,USD,2023-04-14,14.572,14.572,14.374,14.374,1002,5,14.5154
IE00B4M7GH52,83007898,IPOL,USD,2023-04-17,14.438,14.438,14.41,14.41,218,3,14.4162
IE00B4M7GH52,83007898,IPOL,USD,2023-04-18,14.554,14.852,14.554,14.76,2522,9,14.7604
IE00B4M7GH52,83007898,IPOL,USD,2023-04-19,14.574,14.758,14.528,14.758,430,6,14.7116
IE00B4M7GH52,83007898,IPOL,USD,2023-04-20,14.972,14.972,14.86,14.952,1351,8,14.9086
IE00B4M7GH52,83007898,IPOL,USD,2023-04-21,14.84,14.858,14.84,14.858,288,2,14.8526
IE00B4M7GH52,83007898,IPOL,USD,2023-04-24,14.734,15.006,14.734,15.006,917,7,14.7904
IE00B4M7GH52,83007898,IPOL,USD,2023-04-25,14.826,14.828,14.826,14.826,0,0,14.826
IE00B4M7GH52,83007898,IPOL,USD,2023-04-26,14.874,14.95,14.874,14.95,44,2,14.8868
IE00B4M7GH52,83007898,IPOL,USD,2023-04-27,15.148,15.426,15.14,15.426,951,8,15.327
IE00B4M7GH52,83007898,IPOL,USD,2023-04-28,15.418,15.418,15.146,15.238,2083,13,15.195
IE00B4M7GH52,83007898,IPOL,USD,2023-05-02,15.214,15.228,15.106,15.106,545,4,15.1806
IE00B4M7GH52,83007898,IPOL,USD,2023-05-03,15.256,15.256,15.228,15.228,57,1,15.256
IE00B4M7GH52,83007898,IPOL,USD,2023-05-04,15.274,15.274,14.782,14.842,1004,6,14.9084
IE00B4M7GH52,83007898,IPOL,USD,2023-05-05,14.88,15.15,14.88,15.15,200,1,14.88
IE00B4M7GH52,83007898,IPOL,USD,2023-05-09,15.17,15.33,15.0,15.154,4831,12,15.1114
IE00B4M7GH52,83007898,IPOL,USD,2023-05-10,15.42,15.42,15.392,15.392,32,2,15.4198
IE00B4M7GH52,83007898,IPOL,USD,2023-05-11,15.246,15.382,15.128,15.136,1301,7,15.345
IE00B4M7GH52,83007898,IPOL,USD,2023-05-12,15.2,15.344,15.2,15.258,1602,8,15.259
IE00B4M7GH52,83007898,IPOL,USD,2023-05-15,15.434,15.434,15.302,15.382,7378,23,15.3234
IE00B4M7GH52,83007898,IPOL,USD,2023-05-16,15.534,15.63,15.514,15.514,87,2,15.6288
IE00B4M7GH52,83007898,IPOL,USD,2023-05-17,15.336,15.342,15.26,15.284,340,5,15.2674
IE00B4M7GH52,83007898,IPOL,USD,2023-05-18,15.2,15.402,15.052,15.096,1372,15,15.2632
IE00B4M7GH52,83007898,IPOL,USD,2023-05-19,15.274,15.578,15.274,15.568,43,9,15.4248
IE00B4M7GH52,83007898,IPOL,USD,2023-05-22,15.69,15.878,15.69,15.878,1328,7,15.7534
IE00B4M7GH52,83007898,IPOL,USD,2023-05-23,15.864,16.0,15.816,15.816,1264,8,15.97
IE00B4M7GH52,83007898,IPOL,USD,2023-05-24,15.8,15.8,15.33,15.366,3447,21,15.3852
IE00B4M7GH52,83007898,IPOL,USD,2023-05-25,15.444,15.444,15.176,15.176,368,4,15.2652
IE00B4M7GH52,83007898,IPOL,USD,2023-05-26,15.446,15.482,15.202,15.422,2220,11,15.479
IE00B4M7GH52,83007898,IPOL,USD,2023-05-30,15.338,15.338,15.134,15.134,1245,14,15.196
IE00B4M7GH52,83007898,IPOL,USD,2023-05-31,14.884,14.884,14.584,14.632,7914,12,14.76
IE00B4M7GH52,83007898,IPOL,USD,2023-06-01,14.768,15.206,14.768,15.206,1475,4,14.7702
IE00B4M7GH52,83007898,IPOL,USD,2023-06-02,15.396,15.932,15.396,15.93,812,7,15.5822
IE00B4M7GH52,83007898,IPOL,USD,2023-06-05,15.952,16.118,15.858,15.916,3919,14,16.0594
IE00B4M7GH52,83007898,IPOL,USD,2023-06-06,16.018,16.124,15.928,16.124,523,5,15.9466
IE00B4M7GH52,83007898,IPOL,USD,2023-06-07,15.986,16.04,15.986,16.038,3749,9,16.0286
IE00B4M7GH52,83007898,IPOL,USD,2023-06-08,15.952,16.142,15.952,16.132,3063,9,16.123
IE00B4M7GH52,83007898,IPOL,USD,2023-06-09,16.252,16.498,16.252,16.392,868,9,16.4598
IE00B4M7GH52,83007898,IPOL,USD,2023-06-12,16.604,16.604,16.328,16.328,50109,20,16.4856
IE00B4M7GH52,83007898,IPOL,USD,2023-06-13,16.362,16.362,16.098,16.098,1130,8,16.3578
IE00B4M7GH52,83007898,IPOL,USD,2023-06-14,16.666,16.742,16.578,16.742,5,2,16.6308
IE00B4M7GH52,83007898,IPOL,USD,2023-06-15,16.448,17.024,16.448,17.024,599,5,16.6532
IE00B4M7GH52,83007898,IPOL,USD,2023-06-16,17.046,17.156,17.046,17.054,24016,10,17.1526
IE00B4M7GH52,83007898,IPOL,USD,2023-06-19,17.184,17.206,16.884,16.94,10469,17,17.0978
IE00B4M7GH52,83007898,IPOL,USD,2023-06-20,17.05,17.05,16.724,16.742,3331,9,16.9066
IE00B4M7GH52,83007898,IPOL,USD,2023-06-21,16.378,16.964,16.378,16.964,109,7,16.7616
IE00B4M7GH52,83007898,IPOL,USD,2023-06-22,16.87,17.094,16.87,16.932,5252,21,17.0002
IE00B4M7GH52,83007898,IPOL,USD,2023-06-23,16.802,16.802,16.426,16.426,260,7,16.6078
IE00B4M7GH52,83007898,IPOL,USD,2023-06-26,16.556,16.798,16.476,16.784,781,6,16.5242
IE00B4M7GH52,83007898,IPOL,USD,2023-06-27,16.968,16.968,16.556,16.6,2910,9,16.5702
IE00B4M7GH52,83007898,IPOL,USD,2023-06-28,16.792,16.792,16.372,16.432,23,3,16.7372
IE00B4M7GH52,83007898,IPOL,USD,2023-06-29,16.594,16.734,16.538,16.734,1726,16,16.6552
IE00B4M7GH52,83007898,IPOL,USD,2023-06-30,16.482,16.71,16.482,16.69,6527,14,16.588
IE00B4M7GH52,83007898,IPOL,USD,2023-07-03,16.78,16.958,16.78,16.888,5929,8,16.899
IE00B4M7GH52,83007898,IPOL,USD,2023-07-04,16.758,16.758,16.712,16.712,129,3,16.7424
IE00B4M7GH52,83007898,IPOL,USD,2023-07-05,16.422,16.422,16.208,16.208,15376,25,16.2944
IE00B4M7GH52,83007898,IPOL,USD,2023-07-06,16.01,16.144,15.948,16.042,582,8,16.0368
IE00B4M7GH52,83007898,IPOL,USD,2023-07-07,16.306,16.478,16.306,16.478,1003,4,16.33
IE00B4M7GH52,83007898,IPOL,USD,2023-07-10,16.408,16.606,16.408,16.606,337,6,16.4396
IE00B4M7GH52,83007898,IPOL,USD,2023-07-11,16.794,16.794,16.696,16.696,523,3,16.6984
IE00B4M7GH52,83007898,IPOL,USD,2023-07-12,16.814,17.504,16.814,17.466,2607,11,17.0574
IE00B4M7GH52,83007898,IPOL,USD,2023-07-13,17.566,17.682,17.556,17.556,316,10,17.5678
IE00B4M7GH52,83007898,IPOL,USD,2023-07-14,17.77,17.77,17.642,17.682,110,8,17.6814
IE00B4M7GH52,83007898,IPOL,USD,2023-07-17,17.848,17.848,17.658,17.804,1134,8,17.8084
IE00B4M7GH52,83007898,IPOL,USD,2023-07-18,17.802,18.014,17.802,18.014,3155,10,17.9722
IE00B4M7GH52,83007898,IPOL,USD,2023-07-19,18.074,18.09,17.972,18.02,2468,16,18.0556
IE00B4M7GH52,83007898,IPOL,USD,2023-07-20,18.064,18.064,17.816,17.844,242,7,17.8872
IE00B4M7GH52,83007898,IPOL,USD,2023-07-21,17.848,17.848,17.68,17.734,985,8,17.7384
IE00B4M7GH52,83007898,IPOL,USD,2023-07-24,17.862,17.944,17.862,17.862,3818,6,17.9352
IE00B4M7GH52,83007898,IPOL,USD,2023-07-25,17.86,18.014,17.86,17.914,5542,15,17.8766
IE00B4M7GH52,83007898,IPOL,USD,2023-07-26,17.912,17.912,17.85,17.862,22467,8,17.8628
IE00B4M7GH52,83007898,IPOL,USD,2023-07-27,18.15,18.166,17.962,17.962,305,5,18.0386
IE00B4M7GH52,83007898,IPOL,USD,2023-07-28,17.93,18.126,17.858,18.102,21500,11,18.1008
IE00B4M7GH52,83007898,IPOL,USD,2023-07-31,18.196,18.206,18.098,18.098,28207,20,18.1192
IE00B4M7GH52,83007898,IPOL,USD,2023-08-01,18.05,18.05,17.828,17.828,29,3,17.9764
IE00B4M7GH52,83007898,IPOL,USD,2023-08-02,17.836,17.836,17.346,17.416,154,9,17.5362
IE00B4M7GH52,83007898,IPOL,USD,2023-08-03,17.294,17.424,17.266,17.424,3379,8,17.288
IE00B4M7GH52,83007898,IPOL,USD,2023-08-04,17.656,17.87,17.656,17.856,136,4,17.69
IE00B4M7GH52,83007898,IPOL,USD,2023-08-07,17.858,17.86,17.59,17.644,1247,25,17.7734
IE00B4M7GH52,83007898,IPOL,USD,2023-08-08,17.26,17.564,17.128,17.154,6948,15,17.2794
IE00B4M7GH52,83007898,IPOL,USD,2023-08-09,17.374,17.404,17.168,17.168,45,5,17.2508
IE00B4M7GH52,83007898,IPOL,USD,2023-08-10,17.39,17.598,17.39,17.598,13,2,17.3922
IE00B4M7GH52,83007898,IPOL,USD,2023-08-11,17.324,17.426,17.296,17.296,2923,4,17.2968
IE00B4M7GH52,83007898,IPOL,USD,2023-08-14,17.298,17.298,17.106,17.106,929,1,17.298
IE00B4M7GH52,83007898,IPOL,USD,2023-08-15,16.95,16.954,16.808,16.858,5304,9,16.901
IE00B4M7GH52,83007898,IPOL,USD,2023-08-16,17.038,17.038,16.61,16.614,538,10,16.743
IE00B4M7GH52,83007898,IPOL,USD,2023-08-17,16.6,16.642,16.394,16.394,175,9,16.5424
IE00B4M7GH52,83007898,IPOL,USD,2023-08-18,16.282,16.394,16.154,16.394,4827,15,16.2746
IE00B4M7GH52,83007898,IPOL,USD,2023-08-21,16.456,16.456,16.288,16.35,645,4,16.3284
IE00B4M7GH52,83007898,IPOL,USD,2023-08-22,16.25,16.256,16.234,16.234,2206,5,16.251
IE00B4M7GH52,83007898,IPOL,USD,2023-08-23,16.326,16.366,16.172,16.366,1110,4,16.315
IE00B4M7GH52,83007898,IPOL,USD,2023-08-24,16.32,16.32,16.174,16.222,86,2,16.3184
IE00B4M7GH52,83007898,IPOL,USD,2023-08-25,16.278,16.306,16.118,16.206,22510,9,16.1198
IE00B4M7GH52,83007898,IPOL,USD,2023-08-29,16.428,16.678,16.428,16.63,392,5,16.6094
IE00B4M7GH52,83007898,IPOL,USD,2023-08-30,16.776,16.84,16.776,16.804,1503,2,16.7762
IE00B4M7GH52,83007898,IPOL,USD,2023-08-31,16.79,16.79,16.474,16.474,128,2,16.609
IE00B4M7GH52,83007898,IPOL,USD,2023-09-01,16.482,16.662,16.482,16.534,1806,18,16.6342
IE00B4M7GH52,83007898,IPOL,USD,2023-09-04,16.6,16.6,16.298,16.312,23768,4,16.3742
IE00B4M7GH52,83007898,IPOL,USD,2023-09-05,16.2,16.38,16.0,16.002,720,9,16.1228
IE00B4M7GH52,83007898,IPOL,USD,2023-09-06,16.02,16.02,15.336,15.4,1597,10,15.5138
IE00B4M7GH52,83007898,IPOL,USD,2023-09-07,15.058,15.336,14.948,14.984,558,7,14.9752
IE00B4M7GH52,83007898,IPOL,USD,2023-09-08,15.016,15.148,15.014,15.112,2398,8,15.0544
IE00B4M7GH52,83007898,IPOL,USD,2023-09-11,15.256,15.256,14.984,15.0,401,6,15.1348
IE00B4M7GH52,83007898,IPOL,USD,2023-09-12,14.866,14.98,14.866,14.98,751,1,14.866
IE00B4M7GH52,83007898,IPOL,USD,2023-09-13,14.878,15.196,14.878,15.196,3041,4,15.0618
IE00B4M7GH52,83007898,IPOL,USD,2023-09-14,15.186,15.2,15.13,15.16,7008,12,15.1672
IE00B4M7GH52,83007898,IPOL,USD,2023-09-15,15.304,15.304,15.174,15.174,16318,3,15.25
IE00B4M7GH52,83007898,IPOL,USD,2023-09-18,15.21,15.21,14.958,14.958,503,2,15.2088
IE00B4M7GH52,83007898,IPOL,USD,2023-09-19,15.058,15.058,14.762,14.772,2080,11,14.8416
IE00B4M7GH52,83007898,IPOL,USD,2023-09-20,14.98,15.264,14.98,15.26,671,4,15.2116
IE00B4M7GH52,83007898,IPOL,USD,2023-09-21,15.008,15.026,14.99,14.99,527,5,15.0012
IE00B4M7GH52,83007898,IPOL,USD,2023-09-22,15.058,15.058,15.058,15.058,0,0,15.058
IE00B4M7GH52,83007898,IPOL,USD,2023-09-25,14.958,15.116,14.82,14.82,510,3,15.1122
IE00B4M7GH52,83007898,IPOL,USD,2023-09-26,14.662,14.834,14.662,14.746,240,4,14.8278
IE00B4M7GH52,83007898,IPOL,USD,2023-09-27,14.87,14.87,14.41,14.44,3,3,14.5766
IE00B4M7GH52,83007898,IPOL,USD,2023-09-28,14.36,14.36,14.336,14.342,1035,3,14.3588
IE00B4M7GH52,83007898,IPOL,USD,2023-09-29,14.522,14.6,14.522,14.6,20,1,14.522
IE00B4M7GH52,83007898,IPOL,USD,2023-10-02,14.57,14.57,14.29,14.29,552,4,14.316
IE00B4M7GH52,83007898,IPOL,USD,2023-10-03,14.158,14.18,14.04,14.042,385,4,14.1096
IE00B4M7GH52,83007898,IPOL,USD,2023-10-04,13.866,14.424,13.8,14.278,2318,14,14.1064
IE00B4M7GH52,83007898,IPOL,USD,2023-10-05,14.134,14.134,14.134,14.134,0,0,14.134
IE00B4M7GH52,83007898,IPOL,USD,2023-10-06,14.262,14.41,14.18,14.41,192,6,14.1956
IE00B4M7GH52,83007898,IPOL,USD,2023-10-09,14.446,14.694,14.446,14.674,686,6,14.5196
IE00B4M7GH52,83007898,IPOL,USD,2023-10-10,14.878,15.3,14.878,15.268,197,9,15.281
IE00B4M7GH52,83007898,IPOL,USD,2023-10-11,15.238,15.474,15.238,15.384,2308,14,15.4434
IE00B4M7GH52,83007898,IPOL,USD,2023-10-12,15.52,15.52,15.142,15.142,1329,7,15.179
IE00B4M7GH52,83007898,IPOL,USD,2023-10-13,15.152,15.232,15.152,15.202,646,4,15.1784
IE00B4M7GH52,83007898,IPOL,USD,2023-10-16,16.012,16.584,15.952,16.422,3226,28,16.2628
IE00B4M7GH52,83007898,IPOL,USD,2023-10-17,16.886,17.134,16.758,16.994,7980,26,16.9204
IE00B4M7GH52,83007898,IPOL,USD,2023-10-18,16.764,16.82,16.556,16.578,3070,13,16.7302
IE00B4M7GH52,83007898,IPOL,USD,2023-10-19,16.488,16.9,16.23,16.252,46280,33,16.4604
IE00B4M7GH52,83007898,IPOL,USD,2023-10-20,16.166,16.232,16.078,16.078,2863,12,16.1038
IE00B4M7GH52,83007898,IPOL,USD,2023-10-23,16.026,16.132,16.026,16.074,249,3,16.0768
IE00B4M7GH52,83007898,IPOL,USD,2023-10-24,16.398,16.5,16.29,16.292,2263,8,16.3472
IE00B4M7GH52,83007898,IPOL,USD,2023-10-25,16.384,16.594,16.384,16.594,2881,7,16.4094
IE00B4M7GH52,83007898,IPOL,USD,2023-10-26,16.234,16.696,16.234,16.67,37796,16,16.5268
IE00B4M7GH52,83007898,IPOL,USD,2023-10-27,16.856,16.856,16.58,16.698,672,3,16.5812
IE00B4M7GH52,83007898,IPOL,USD,2023-10-30,16.74,16.944,16.74,16.876,1489,9,16.8302
IE00B4M7GH52,83007898,IPOL,USD,2023-10-31,17.006,17.284,16.958,16.958,2933,10,17.0604
IE00B4M7GH52,83007898,IPOL,USD,2023-11-01,17.104,17.2,16.954,17.124,8402,17,17.0634
IE00B4M7GH52,83007898,IPOL,USD,2023-11-02,17.196,17.3,17.006,17.116,47263,54,17.1938
IE00B4M7GH52,83007898,IPOL,USD,2023-11-03,17.284,17.502,17.268,17.502,5579,11,17.3388
IE00B4M7GH52,83007898,IPOL,USD,2023-11-06,17.422,17.702,17.422,17.552,865,5,17.479
IE00B4M7GH52,83007898,IPOL,USD,2023-11-07,17.434,17.434,17.22,17.22,1281,4,17.3826
IE00B4M7GH52,83007898,IPOL,USD,2023-11-08,17.334,17.334,16.962,17.15,1491,10,17.0362
IE00B4M7GH52,83007898,IPOL,USD,2023-11-09,17.264,17.534,17.074,17.534,474,7,17.5076
IE00B4M7GH52,83007898,IPOL,USD,2023-11-10,17.384,17.384,17.238,17.246,366,7,17.2898
IE00B4M7GH52,83007898,IPOL,USD,2023-11-13,17.444,17.444,17.174,17.232,1611,3,17.3354
IE00B4M7GH52,83007898,IPOL,USD,2023-11-14,17.38,18.434,17.38,18.412,2429,14,18.114
IE00B4M7GH52,83007898,IPOL,USD,2023-11-15,18.572,18.636,18.29,18.29,2635,9,18.4606
IE00B4M7GH52,83007898,IPOL,USD,2023-11-16,18.428,18.45,18.24,18.342,1455,13,18.3882
IE00B4M7GH52,83007898,IPOL,USD,2023-11-17,18.44,18.49,18.44,18.49,3,2,18.4574
IE00B4M7GH52,83007898,IPOL,USD,2023-11-20,18.562,19.0,18.562,18.934,469,16,18.9196
IE00B4M7GH52,83007898,IPOL,USD,2023-11-21,19.0,19.066,18.802,18.802,957,14,18.8274
IE00B4M7GH52,83007898,IPOL,USD,2023-11-22,18.864,18.864,18.66,18.66,2741,8,18.741
IE00B4M7GH52,83007898,IPOL,USD,2023-11-23,18.828,18.9,18.628,18.628,3946,21,18.8024
IE00B4M7GH52,83007898,IPOL,USD,2023-11-24,18.774,18.79,18.708,18.756,719,6,18.7212
IE00B4M7GH52,83007898,IPOL,USD,2023-11-27,18.886,18.886,18.566,18.674,9208,280,18.6806
IE00B4M7GH52,83007898,IPOL,USD,2023-11-28,18.522,19.074,18.522,19.062,2518,5,18.8602
IE00B4M7GH52,83007898,IPOL,USD,2023-11-29,18.736,18.836,18.736,18.774,1258,7,18.7588
IE00B4M7GH52,83007898,IPOL,USD,2023-11-30,18.67,19.022,18.55,18.55,37798,954,18.7068
IE00B4M7GH52,83007898,IPOL,USD,2023-12-01,18.778,19.296,18.434,19.286,1344,12,19.1928
IE00B4M7GH52,83007898,IPOL,USD,2023-12-04,19.33,19.33,19.168,19.168,42,2,19.3286
IE00B4M7GH52,83007898,IPOL,USD,2023-12-05,19.23,19.438,19.23,19.33,23,8,19.303
IE00B4M7GH52,83007898,IPOL,USD,2023-12-06,19.45,19.474,19.29,19.366,2846,8,19.4258
IE00B4M7GH52,83007898,IPOL,USD,2023-12-07,19.24,19.24,19.1,19.238,844,8,19.2148
IE00B4M7GH52,83007898,IPOL,USD,2023-12-08,19.36,19.38,19.274,19.274,714,11,19.3652
IE00B4M7GH52,83007898,IPOL,USD,2023-12-11,19.468,19.468,19.312,19.344,1928,8,19.3204
IE00B4M7GH52,83007898,IPOL,USD,2023-12-12,19.434,19.434,19.182,19.33,658,12,19.2192
IE00B4M7GH52,83007898,IPOL,USD,2023-12-13,19.274,19.392,19.27,19.308,850,5,19.291
IE00B4M7GH52,83007898,IPOL,USD,2023-12-14,19.804,19.908,19.76,19.79,1890,13,19.8814
IE00B4M7GH52,83007898,IPOL,USD,2023-12-15,20.136,20.16,19.714,19.766,389,9,19.865
IE00B4M7GH52,83007898,IPOL,USD,2023-12-18,19.77,19.938,19.706,19.938,145,9,19.7992
IE00B4M7GH52,83007898,IPOL,USD,2023-12-19,19.762,20.22,19.762,20.22,1575,9,19.9576
IE00B4M7GH52,83007898,IPOL,USD,2023-12-20,20.3,20.3,19.896,20.09,1081,13,20.0068
IE00B4M7GH52,83007898,IPOL,USD,2023-12-21,20.036,20.18,19.996,20.18,387,14,20.055
IE00B4M7GH52,83007898,IPOL,USD,2023-12-22,20.054,20.266,20.054,20.184,113,7,20.165
IE00B4M7GH52,83007898,IPOL,USD,2023-12-27,20.426,20.65,20.184,20.636,8193,29,20.276
IE00B4M7GH52,83007898,IPOL,USD,2023-12-28,20.75,20.8,20.37,20.37,433,10,20.4804
IE00B4M7GH52,83007898,IPOL,USD,2023-12-29,20.254,20.49,20.254,20.316,156,9,20.3152
