ISIN,conId,Symbol,Currency,date,open,high,low,close,volume,barCount,average
IT0003697080,42889783,GEO,EUR,2019-01-02,1.1049,1.1049,1.0601,1.0751,579406,412,1.0694628
IT0003697080,42889783,GEO,EUR,2019-01-03,1.0779,1.1282,1.062,1.0825,780677,613,1.10452104
IT0003697080,42889783,GEO,EUR,2019-01-04,1.0816,1.1282,1.0713,1.1282,632815,426,1.10545344
IT0003697080,42889783,GEO,EUR,2019-01-07,1.145,1.145,1.1096,1.1282,637055,380,1.12736484
IT0003697080,42889783,GEO,EUR,2019-01-08,1.1357,1.1487,1.1105,1.1161,493723,343,1.12671216
IT0003697080,42889783,GEO,EUR,2019-01-09,1.1282,1.1953,1.1152,1.1748,1842749,1043,1.16568648
IT0003697080,42889783,GEO,EUR,2019-01-10,1.1814,1.3417,1.159,1.2196,5358009,2617,1.26209664
IT0003697080,42889783,GEO,EUR,2019-01-11,1.2149,1.2597,1.2149,1.2298,1231972,772,1.2396258
IT0003697080,42889783,GEO,EUR,2019-01-14,1.241,1.2448,1.1692,1.1739,1014279,715,1.19337876
IT0003697080,42889783,GEO,EUR,2019-01-15,1.1767,1.1897,1.1263,1.1375,915587,591,1.14722496
IT0003697080,42889783,GEO,EUR,2019-01-16,1.1487,1.2494,1.1329,1.1991,1776543,800,1.19095452
IT0003697080,42889783,GEO,EUR,2019-01-17,1.2019,1.2298,1.1748,1.1879,476133,321,1.19682864
IT0003697080,42889783,GEO,EUR,2019-01-18,1.1897,1.2214,1.1841,1.2121,586696,403,1.20363516
IT0003697080,42889783,GEO,EUR,2019-01-21,1.2196,1.2196,1.1702,1.1832,386051,295,1.18955592
IT0003697080,42889783,GEO,EUR,2019-01-22,1.1674,1.2009,1.1674,1.1823,349053,268,1.1878776
IT0003697080,42889783,GEO,EUR,2019-01-23,1.1748,1.2009,1.1683,1.1692,342586,269,1.18452096
IT0003697080,42889783,GEO,EUR,2019-01-24,1.1664,1.1953,1.145,1.1758,571182,424,1.17556992
IT0003697080,42889783,GEO,EUR,2019-01-25,1.1944,1.1944,1.1702,1.1795,295551,246,1.18023192
IT0003697080,42889783,GEO,EUR,2019-01-28,1.1916,1.1916,1.1562,1.172,349871,233,1.17034848
IT0003697080,42889783,GEO,EUR,2019-01-29,1.1739,1.1869,1.1608,1.1776,344010,216,1.17771444
IT0003697080,42889783,GEO,EUR,2019-01-30,1.2224,1.2354,1.1916,1.2028,1157855,683,1.21174704
IT0003697080,42889783,GEO,EUR,2019-01-31,1.2121,1.2186,1.1851,1.2121,504870,336,1.20223656
IT0003697080,42889783,GEO,EUR,2019-02-01,1.2112,1.2121,1.1767,1.2093,351985,270,1.19608272
IT0003697080,42889783,GEO,EUR,2019-02-04,1.2121,1.2121,1.173,1.2065,406280,297,1.1976678
IT0003697080,42889783,GEO,EUR,2019-02-05,1.2121,1.2336,1.1935,1.2308,1233550,596,1.22163048
IT0003697080,42889783,GEO,EUR,2019-02-06,1.2214,1.3007,1.214,1.297,1895212,1158,1.26685188
IT0003697080,42889783,GEO,EUR,2019-02-07,1.2979,1.3287,1.2466,1.2867,1636862,977,1.2899754
IT0003697080,42889783,GEO,EUR,2019-02-08,1.2718,1.2848,1.2382,1.2765,847579,613,1.26703836
IT0003697080,42889783,GEO,EUR,2019-02-11,1.2848,1.2998,1.269,1.2709,365085,241,1.28335536
IT0003697080,42889783,GEO,EUR,2019-02-12,1.2867,1.2932,1.2662,1.2755,533717,379,1.28205
IT0003697080,42889783,GEO,EUR,2019-02-13,1.2774,1.296,1.2774,1.2811,506028,360,1.2871782
IT0003697080,42889783,GEO,EUR,2019-02-14,1.2979,1.3156,1.2699,1.2886,659216,462,1.29211992
IT0003697080,42889783,GEO,EUR,2019-02-15,1.297,1.3016,1.2699,1.2904,341786,251,1.28848356
IT0003697080,42889783,GEO,EUR,2019-02-18,1.2914,1.3958,1.2914,1.3538,2043361,1301,1.365966
IT0003697080,42889783,GEO,EUR,2019-02-19,1.3641,1.3846,1.3287,1.38,767576,615,1.3603716
IT0003697080,42889783,GEO,EUR,2019-02-20,1.3902,1.3986,1.3566,1.3855,1253764,639,1.3771548
IT0003697080,42889783,GEO,EUR,2019-02-21,1.3921,1.3958,1.3622,1.3688,513215,307,1.37239956
IT0003697080,42889783,GEO,EUR,2019-02-22,1.3744,1.3762,1.352,1.3706,424983,328,1.36055808
IT0003697080,42889783,GEO,EUR,2019-02-25,1.38,1.4359,1.3688,1.4172,1192765,880,1.40811048
IT0003697080,42889783,GEO,EUR,2019-02-26,1.4256,1.4816,1.4172,1.4434,1677981,1107,1.45277244
IT0003697080,42889783,GEO,EUR,2019-02-27,1.4639,1.4639,1.3986,1.4294,967459,765,1.43337852
IT0003697080,42889783,GEO,EUR,2019-02-28,1.5413,1.724,1.5291,1.6755,10491094,4701,1.66256244
IT0003697080,42889783,GEO,EUR,2019-03-01,1.6783,1.7315,1.6522,1.7016,2037252,1299,1.69827336
IT0003697080,42889783,GEO,EUR,2019-03-04,1.7221,1.8266,1.6867,1.8033,2871873,2011,1.77724764
IT0003697080,42889783,GEO,EUR,2019-03-05,1.7939,1.7939,1.6979,1.7128,1704513,1210,1.73724768
IT0003697080,42889783,GEO,EUR,2019-03-06,1.7287,1.7921,1.7184,1.7604,2216273,1465,1.75645512
IT0003697080,42889783,GEO,EUR,2019-03-07,1.7594,1.7594,1.6839,1.6876,1949641,1114,1.71067428
IT0003697080,42889783,GEO,EUR,2019-03-08,1.6783,1.6876,1.6317,1.6774,1026316,804,1.66358808
IT0003697080,42889783,GEO,EUR,2019-03-11,1.669,1.6867,1.6522,1.6597,424297,354,1.66983516
IT0003697080,42889783,GEO,EUR,2019-03-12,1.6615,1.682,1.642,1.6774,746644,477,1.65808692
IT0003697080,42889783,GEO,EUR,2019-03-13,1.6727,1.6858,1.6559,1.6662,357703,336,1.67160672
IT0003697080,42889783,GEO,EUR,2019-03-14,1.6755,1.697,1.6559,1.6774,570813,443,1.67514984
IT0003697080,42889783,GEO,EUR,2019-03-15,1.6625,1.6867,1.6457,1.6597,797613,485,1.66452048
IT0003697080,42889783,GEO,EUR,2019-03-18,1.6653,1.6783,1.6233,1.6569,684718,577,1.65389112
IT0003697080,42889783,GEO,EUR,2019-03-19,1.6522,1.6783,1.6457,1.6662,496744,338,1.66414752
IT0003697080,42889783,GEO,EUR,2019-03-20,1.6494,1.6541,1.6075,1.6131,1287704,859,1.6312338
IT0003697080,42889783,GEO,EUR,2019-03-21,1.6177,1.641,1.5953,1.6075,781810,699,1.61594244
IT0003697080,42889783,GEO,EUR,2019-03-22,1.6214,1.6261,1.5347,1.5562,1184505,881,1.57323852
IT0003697080,42889783,GEO,EUR,2019-03-25,1.5524,1.5776,1.5347,1.5431,673634,514,1.55673504
IT0003697080,42889783,GEO,EUR,2019-03-26,1.559,1.5646,1.5114,1.5487,1731611,902,1.54237608
IT0003697080,42889783,GEO,EUR,2019-03-27,1.5459,1.5814,1.5366,1.5459,1169617,709,1.55449728
IT0003697080,42889783,GEO,EUR,2019-03-28,1.5403,1.5702,1.5291,1.531,285030,270,1.54163016
IT0003697080,42889783,GEO,EUR,2019-03-29,1.5245,1.5618,1.5245,1.5403,312521,259,1.54741104
IT0003697080,42889783,GEO,EUR,2019-04-01,1.5385,1.6056,1.5385,1.5608,582675,410,1.57277232
IT0003697080,42889783,GEO,EUR,2019-04-02,1.5608,1.5683,1.5422,1.5478,429953,515,1.55142036
IT0003697080,42889783,GEO,EUR,2019-04-03,1.5664,1.5664,1.5403,1.5478,496960,524,1.55020824
IT0003697080,42889783,GEO,EUR,2019-04-04,1.5478,1.5552,1.5291,1.5441,507321,349,1.54069776
IT0003697080,42889783,GEO,EUR,2019-04-05,1.5385,1.5552,1.5291,1.5366,424656,351,1.54190988
IT0003697080,42889783,GEO,EUR,2019-04-08,1.5441,1.5478,1.5161,1.5179,757119,438,1.53090756
IT0003697080,42889783,GEO,EUR,2019-04-09,1.5198,1.6019,1.5105,1.5515,1079895,723,1.55505672
IT0003697080,42889783,GEO,EUR,2019-04-10,1.5608,1.5608,1.5012,1.5086,755277,576,1.52717796
IT0003697080,42889783,GEO,EUR,2019-04-11,1.5105,1.5273,1.4956,1.5068,409383,307,1.5123528
IT0003697080,42889783,GEO,EUR,2019-04-12,1.5179,1.5422,1.4937,1.5347,336721,268,1.53044136
IT0003697080,42889783,GEO,EUR,2019-04-15,1.5403,1.5627,1.5235,1.5366,380819,234,1.54414764
IT0003697080,42889783,GEO,EUR,2019-04-16,1.5291,1.5758,1.5254,1.5664,494649,370,1.56027816
IT0003697080,42889783,GEO,EUR,2019-04-17,1.5795,1.5795,1.559,1.5702,356985,325,1.5701616
IT0003697080,42889783,GEO,EUR,2019-04-18,1.5851,1.5851,1.5608,1.5832,294657,312,1.57650192
IT0003697080,42889783,GEO,EUR,2019-04-23,1.5851,1.6056,1.572,1.5851,464712,313,1.58722452
IT0003697080,42889783,GEO,EUR,2019-04-24,1.5832,1.5944,1.5403,1.5739,516579,324,1.57463712
IT0003697080,42889783,GEO,EUR,2019-04-25,1.5646,1.5832,1.5571,1.5627,148818,132,1.56839004
IT0003697080,42889783,GEO,EUR,2019-04-26,1.5534,1.5683,1.5459,1.5571,213688,178,1.55682828
IT0003697080,42889783,GEO,EUR,2019-04-29,1.5496,1.5739,1.5478,1.559,303773,230,1.56167676
IT0003697080,42889783,GEO,EUR,2019-04-30,1.5552,1.5739,1.5441,1.5478,291572,175,1.55561616
IT0003697080,42889783,GEO,EUR,2019-05-02,1.572,1.572,1.5291,1.5422,295795,231,1.54246932
IT0003697080,42889783,GEO,EUR,2019-05-03,1.5385,1.559,1.5105,1.5124,420990,363,1.52839008
IT0003697080,42889783,GEO,EUR,2019-05-06,1.4918,1.5142,1.4471,1.49,509805,418,1.48894956
IT0003697080,42889783,GEO,EUR,2019-05-07,1.4918,1.4918,1.4583,1.4601,314730,333,1.47328524
IT0003697080,42889783,GEO,EUR,2019-05-08,1.4545,1.4788,1.4079,1.4471,806949,601,1.43645544
IT0003697080,42889783,GEO,EUR,2019-05-09,1.4415,1.4583,1.4079,1.4284,441391,348,1.42722468
IT0003697080,42889783,GEO,EUR,2019-05-10,1.4415,1.5142,1.4359,1.462,679782,477,1.46675844
IT0003697080,42889783,GEO,EUR,2019-05-13,1.3986,1.4042,1.2438,1.2681,3486766,2127,1.289043
IT0003697080,42889783,GEO,EUR,2019-05-14,1.2681,1.2681,1.2047,1.2345,1774657,1077,1.22265612
IT0003697080,42889783,GEO,EUR,2019-05-15,1.2382,1.2513,1.1841,1.2177,768432,572,1.20997548
IT0003697080,42889783,GEO,EUR,2019-05-16,1.2121,1.227,1.1674,1.2121,861386,444,1.19794752
IT0003697080,42889783,GEO,EUR,2019-05-17,1.2214,1.2308,1.1935,1.1972,288561,312,1.2135186
IT0003697080,42889783,GEO,EUR,2019-05-20,1.1935,1.1991,1.1562,1.158,468407,330,1.16988228
IT0003697080,42889783,GEO,EUR,2019-05-21,1.158,1.1786,1.1562,1.1636,223272,240,1.16764452
IT0003697080,42889783,GEO,EUR,2019-05-22,1.1636,1.1786,1.1543,1.1674,293741,257,1.1664324
IT0003697080,42889783,GEO,EUR,2019-05-23,1.1674,1.1674,1.1413,1.1431,1138338,295,1.15300584
IT0003697080,42889783,GEO,EUR,2019-05-24,1.145,1.1599,1.1413,1.1413,202921,232,1.14908976
IT0003697080,42889783,GEO,EUR,2019-05-27,1.1469,1.1692,1.1394,1.145,510086,278,1.153845
IT0003697080,42889783,GEO,EUR,2019-05-28,1.173,1.173,1.1096,1.1655,548283,299,1.1496492
IT0003697080,42889783,GEO,EUR,2019-05-29,1.1636,1.1711,1.1282,1.1469,144118,189,1.14219
IT0003697080,42889783,GEO,EUR,2019-05-30,1.158,1.158,1.1245,1.1357,181577,171,1.13547672
IT0003697080,42889783,GEO,EUR,2019-05-31,1.1301,1.1319,1.1021,1.1021,427928,287,1.1128194
IT0003697080,42889783,GEO,EUR,2019-06-03,1.0984,1.1543,1.0928,1.1375,457891,310,1.1226096
IT0003697080,42889783,GEO,EUR,2019-06-04,1.1375,1.1655,1.1375,1.1562,312968,227,1.15496388
IT0003697080,42889783,GEO,EUR,2019-06-05,1.1562,1.2214,1.1562,1.1972,977887,779,1.19748132
IT0003697080,42889783,GEO,EUR,2019-06-06,1.2009,1.2196,1.1879,1.1953,353644,253,1.2060594
IT0003697080,42889783,GEO,EUR,2019-06-07,1.2121,1.2401,1.2009,1.2214,891376,498,1.21612932
IT0003697080,42889783,GEO,EUR,2019-06-10,1.227,1.2457,1.214,1.2308,465814,287,1.22713164
IT0003697080,42889783,GEO,EUR,2019-06-11,1.2345,1.2457,1.2214,1.2364,473004,256,1.23328548
IT0003697080,42889783,GEO,EUR,2019-06-12,1.227,1.2401,1.1841,1.1916,505441,311,1.21556988
IT0003697080,42889783,GEO,EUR,2019-06-13,1.1916,1.2009,1.1748,1.186,167683,181,1.19002212
IT0003697080,42889783,GEO,EUR,2019-06-14,1.1916,1.2289,1.1748,1.2121,227456,196,1.20130416
IT0003697080,42889783,GEO,EUR,2019-06-17,1.2196,1.2308,1.1991,1.2028,415340,245,1.21762116
IT0003697080,42889783,GEO,EUR,2019-06-18,1.2065,1.2065,1.1804,1.1991,361535,230,1.19543004
IT0003697080,42889783,GEO,EUR,2019-06-19,1.1935,1.2103,1.186,1.1935,222966,227,1.19925288
IT0003697080,42889783,GEO,EUR,2019-06-20,1.2028,1.2494,1.1953,1.2364,705307,513,1.22918292
IT0003697080,42889783,GEO,EUR,2019-06-21,1.2401,1.2699,1.2364,1.2457,1068244,344,1.24978896
IT0003697080,42889783,GEO,EUR,2019-06-24,1.2606,1.2606,1.2345,1.2345,301879,192,1.24251624
IT0003697080,42889783,GEO,EUR,2019-06-25,1.2401,1.2401,1.1972,1.1991,323664,365,1.21044168
IT0003697080,42889783,GEO,EUR,2019-06-26,1.2084,1.2084,1.1935,1.2028,115182,166,1.19841372
IT0003697080,42889783,GEO,EUR,2019-06-27,1.2065,1.2196,1.186,1.2047,159080,180,1.20260952
IT0003697080,42889783,GEO,EUR,2019-06-28,1.1953,1.2177,1.186,1.1897,194341,189,1.19729484
IT0003697080,42889783,GEO,EUR,2019-07-01,1.1935,1.2252,1.1935,1.214,537487,352,1.21333212
IT0003697080,42889783,GEO,EUR,2019-07-02,1.2047,1.2476,1.1879,1.1991,1015149,597,1.22060484
IT0003697080,42889783,GEO,EUR,2019-07-03,1.1935,1.2438,1.1935,1.2438,403555,382,1.22834376
IT0003697080,42889783,GEO,EUR,2019-07-04,1.2476,1.2662,1.2401,1.2494,321386,258,1.25286588
IT0003697080,42889783,GEO,EUR,2019-07-05,1.2531,1.2587,1.2214,1.2438,240598,249,1.24587288
IT0003697080,42889783,GEO,EUR,2019-07-08,1.2643,1.3594,1.2643,1.3371,3278164,1732,1.32950916
IT0003697080,42889783,GEO,EUR,2019-07-09,1.3427,1.38,1.3091,1.3464,1607991,868,1.34442756
IT0003697080,42889783,GEO,EUR,2019-07-10,1.3389,1.3538,1.3165,1.3184,537159,477,1.33044156
IT0003697080,42889783,GEO,EUR,2019-07-11,1.3296,1.3315,1.283,1.2979,596771,433,1.30526676
IT0003697080,42889783,GEO,EUR,2019-07-12,1.2979,1.3408,1.2979,1.3221,455942,297,1.32093108
IT0003697080,42889783,GEO,EUR,2019-07-15,1.3296,1.3296,1.3072,1.3072,331995,286,1.31337864
IT0003697080,42889783,GEO,EUR,2019-07-16,1.3128,1.3147,1.2718,1.2811,829538,511,1.28773764
IT0003697080,42889783,GEO,EUR,2019-07-17,1.2793,1.2811,1.2476,1.2476,558905,481,1.26041832
IT0003697080,42889783,GEO,EUR,2019-07-18,1.2494,1.2494,1.2214,1.2233,420642,391,1.23020856
IT0003697080,42889783,GEO,EUR,2019-07-19,1.2326,1.2326,1.2028,1.2047,556399,524,1.21156056
IT0003697080,42889783,GEO,EUR,2019-07-22,1.2084,1.2158,1.2028,1.2084,180467,182,1.2102552
IT0003697080,42889783,GEO,EUR,2019-07-23,1.2121,1.2364,1.2084,1.227,247023,223,1.22321556
IT0003697080,42889783,GEO,EUR,2019-07-24,1.2289,1.2345,1.214,1.2326,154230,204,1.22591952
IT0003697080,42889783,GEO,EUR,2019-07-25,1.2252,1.2382,1.214,1.2177,437344,294,1.22293584
IT0003697080,42889783,GEO,EUR,2019-07-26,1.2121,1.2326,1.2084,1.2084,180095,232,1.21687524
IT0003697080,42889783,GEO,EUR,2019-07-29,1.2214,1.2494,1.2047,1.2326,273936,219,1.22731812
IT0003697080,42889783,GEO,EUR,2019-07-30,1.2401,1.2699,1.2121,1.2177,483435,401,1.23459084
IT0003697080,42889783,GEO,EUR,2019-07-31,1.2028,1.2121,1.1394,1.1841,1312483,838,1.1780874
IT0003697080,42889783,GEO,EUR,2019-08-01,1.1953,1.1972,1.1655,1.1655,455410,337,1.17426456
IT0003697080,42889783,GEO,EUR,2019-08-02,1.1655,1.1804,1.1394,1.1618,829779,510,1.16288928
IT0003697080,42889783,GEO,EUR,2019-08-05,1.1655,1.1711,1.1394,1.1655,442459,438,1.15375176
IT0003697080,42889783,GEO,EUR,2019-08-06,1.1655,1.1655,1.1375,1.1375,308671,318,1.14992892
IT0003697080,42889783,GEO,EUR,2019-08-07,1.1394,1.145,1.1245,1.1413,357202,301,1.13622264
IT0003697080,42889783,GEO,EUR,2019-08-08,1.1636,1.1636,1.1394,1.1562,347832,298,1.15347204
IT0003697080,42889783,GEO,EUR,2019-08-09,1.1506,1.1506,1.0909,1.0946,906605,622,1.11272616
IT0003697080,42889783,GEO,EUR,2019-08-12,1.1058,1.1207,1.0984,1.104,210577,186,1.10946276
IT0003697080,42889783,GEO,EUR,2019-08-13,1.1431,1.1431,1.0853,1.1301,387852,402,1.10125764
IT0003697080,42889783,GEO,EUR,2019-08-14,1.1375,1.1375,1.0909,1.0946,246629,265,1.10125764
IT0003697080,42889783,GEO,EUR,2019-08-16,1.0909,1.1152,1.0834,1.1096,381240,285,1.09818072
IT0003697080,42889783,GEO,EUR,2019-08-19,1.117,1.1375,1.1133,1.1338,223162,212,1.12652568
IT0003697080,42889783,GEO,EUR,2019-08-20,1.1357,1.2084,1.1263,1.1394,819058,495,1.16773776
IT0003697080,42889783,GEO,EUR,2019-08-21,1.1655,1.1879,1.1394,1.1506,367383,341,1.15999884
IT0003697080,42889783,GEO,EUR,2019-08-22,1.1674,1.1841,1.1394,1.1655,337103,290,1.16438112
IT0003697080,42889783,GEO,EUR,2019-08-23,1.1804,1.186,1.1394,1.1506,292145,295,1.15776108
IT0003697080,42889783,GEO,EUR,2019-08-26,1.1618,1.1655,1.1413,1.1487,241424,190,1.1533788
IT0003697080,42889783,GEO,EUR,2019-08-27,1.1469,1.1748,1.1469,1.1524,285733,169,1.15887996
IT0003697080,42889783,GEO,EUR,2019-08-28,1.1655,1.1655,1.1487,1.158,123553,173,1.15459092
IT0003697080,42889783,GEO,EUR,2019-08-29,1.1655,1.1748,1.1431,1.1524,398812,238,1.1613042
IT0003697080,42889783,GEO,EUR,2019-08-30,1.1487,1.1748,1.1487,1.1506,235988,221,1.16298252
IT0003697080,42889783,GEO,EUR,2019-09-02,1.1711,1.1711,1.1562,1.1618,115489,157,1.16242308
IT0003697080,42889783,GEO,EUR,2019-09-03,1.1562,1.1711,1.1469,1.1487,219333,249,1.15319232
IT0003697080,42889783,GEO,EUR,2019-09-04,1.1562,1.173,1.1562,1.1655,271250,217,1.16391492
IT0003697080,42889783,GEO,EUR,2019-09-05,1.1636,1.1804,1.1394,1.1543,1512731,767,1.15654896
IT0003697080,42889783,GEO,EUR,2019-09-06,1.1524,1.1655,1.1338,1.1599,700429,366,1.15272612
IT0003697080,42889783,GEO,EUR,2019-09-09,1.1562,1.1841,1.1562,1.1786,411610,304,1.17538344
IT0003697080,42889783,GEO,EUR,2019-09-10,1.1841,1.2121,1.1804,1.1879,616837,405,1.193472
IT0003697080,42889783,GEO,EUR,2019-09-11,1.2028,1.2103,1.1823,1.1972,466921,290,1.19925288
IT0003697080,42889783,GEO,EUR,2019-09-12,1.2103,1.2121,1.1841,1.1935,475955,387,1.20018528
IT0003697080,42889783,GEO,EUR,2019-09-13,1.1991,1.2121,1.1935,1.2103,344948,263,1.20540672
IT0003697080,42889783,GEO,EUR,2019-09-16,1.2047,1.2065,1.1655,1.2065,403830,247,1.19543004
IT0003697080,42889783,GEO,EUR,2019-09-17,1.2047,1.2047,1.1804,1.1879,233519,199,1.18936944
IT0003697080,42889783,GEO,EUR,2019-09-18,1.1935,1.1935,1.1804,1.1897,162590,159,1.18638576
IT0003697080,42889783,GEO,EUR,2019-09-19,1.1953,1.2028,1.1804,1.1991,212749,220,1.19086128
IT0003697080,42889783,GEO,EUR,2019-09-20,1.1841,1.1991,1.1767,1.1786,208463,175,1.1860128
IT0003697080,42889783,GEO,EUR,2019-09-23,1.1935,1.1935,1.1655,1.1786,245319,263,1.17743472
IT0003697080,42889783,GEO,EUR,2019-09-24,1.1748,1.186,1.1655,1.1655,274067,255,1.16904312
IT0003697080,42889783,GEO,EUR,2019-09-25,1.1599,1.1748,1.1245,1.1674,401368,347,1.15347204
IT0003697080,42889783,GEO,EUR,2019-09-26,1.1655,1.1841,1.1562,1.1655,313270,236,1.17333216
IT0003697080,42889783,GEO,EUR,2019-09-27,1.1748,1.2121,1.1655,1.1823,305379,205,1.1939382
IT0003697080,42889783,GEO,EUR,2019-09-30,1.1935,1.1972,1.1767,1.1953,178460,188,1.19123424
IT0003697080,42889783,GEO,EUR,2019-10-01,1.1953,1.2289,1.1543,1.1599,1241478,910,1.18256292
IT0003697080,42889783,GEO,EUR,2019-10-02,1.173,1.173,1.1189,1.1189,970484,955,1.13575644
IT0003697080,42889783,GEO,EUR,2019-10-03,1.1319,1.1357,1.1002,1.1002,637638,527,1.11477744
IT0003697080,42889783,GEO,EUR,2019-10-04,1.1152,1.1282,1.1002,1.1096,371408,307,1.1107215
IT0003697080,42889783,GEO,EUR,2019-10-07,1.1133,1.1282,1.1021,1.117,139633,131,1.11612942
IT0003697080,42889783,GEO,EUR,2019-10-08,1.1245,1.1282,1.104,1.104,216388,163,1.10950938
IT0003697080,42889783,GEO,EUR,2019-10-09,1.1077,1.1263,1.104,1.1114,242724,194,1.11668886
IT0003697080,42889783,GEO,EUR,2019-10-10,1.1077,1.1189,1.1058,1.1096,182822,150,1.11277278
IT0003697080,42889783,GEO,EUR,2019-10-11,1.1096,1.1207,1.1077,1.1152,225544,231,1.11295926
IT0003697080,42889783,GEO,EUR,2019-10-14,1.1189,1.1263,1.1114,1.1189,233672,174,1.11780774
IT0003697080,42889783,GEO,EUR,2019-10-15,1.1152,1.1207,1.1077,1.1207,478823,294,1.114218
IT0003697080,42889783,GEO,EUR,2019-10-16,1.1189,1.1487,1.1096,1.1338,616030,380,1.13016204
IT0003697080,42889783,GEO,EUR,2019-10-17,1.1394,1.1543,1.1245,1.1263,407332,323,1.13790096
IT0003697080,42889783,GEO,EUR,2019-10-18,1.1282,1.1338,1.117,1.117,233525,191,1.12298256
IT0003697080,42889783,GEO,EUR,2019-10-21,1.1226,1.1394,1.1226,1.1301,324023,290,1.13114106
IT0003697080,42889783,GEO,EUR,2019-10-22,1.1338,1.1394,1.1189,1.1282,228007,140,1.12894992
IT0003697080,42889783,GEO,EUR,2019-10-23,1.1189,1.1375,1.1189,1.1319,154939,107,1.12988232
IT0003697080,42889783,GEO,EUR,2019-10-24,1.1282,1.1506,1.1282,1.1375,408334,246,1.13813406
IT0003697080,42889783,GEO,EUR,2019-10-25,1.1301,1.1487,1.1301,1.1394,143825,139,1.1440548
IT0003697080,42889783,GEO,EUR,2019-10-28,1.1469,1.1804,1.1469,1.1748,718268,391,1.16111772
IT0003697080,42889783,GEO,EUR,2019-10-29,1.1841,1.1841,1.1655,1.1692,190549,141,1.1694627
IT0003697080,42889783,GEO,EUR,2019-10-30,1.1748,1.1748,1.145,1.1506,372676,190,1.15682868
IT0003697080,42889783,GEO,EUR,2019-10-31,1.1524,1.173,1.145,1.1655,181711,118,1.15626924
IT0003697080,42889783,GEO,EUR,2019-11-01,1.1636,1.1823,1.1636,1.1748,231328,153,1.17580302
IT0003697080,42889783,GEO,EUR,2019-11-04,1.1767,1.2214,1.1767,1.2214,1082125,585,1.20041838
IT0003697080,42889783,GEO,EUR,2019-11-05,1.2214,1.2494,1.1879,1.1935,946119,524,1.21393818
IT0003697080,42889783,GEO,EUR,2019-11-06,1.1953,1.2103,1.1879,1.1897,381228,244,1.19748132
IT0003697080,42889783,GEO,EUR,2019-11-07,1.1897,1.2158,1.1879,1.2009,614508,338,1.202796
IT0003697080,42889783,GEO,EUR,2019-11-08,1.2028,1.214,1.1916,1.1935,272225,199,1.2032622
IT0003697080,42889783,GEO,EUR,2019-11-11,1.2028,1.2103,1.1879,1.1972,266654,175,1.200465
IT0003697080,42889783,GEO,EUR,2019-11-12,1.2103,1.2308,1.2009,1.2233,658215,372,1.2186468
IT0003697080,42889783,GEO,EUR,2019-11-13,1.2289,1.2438,1.2084,1.2326,586074,357,1.2263391
IT0003697080,42889783,GEO,EUR,2019-11-14,1.2438,1.2494,1.1972,1.1972,605039,252,1.22069808
IT0003697080,42889783,GEO,EUR,2019-11-15,1.186,1.2065,1.1077,1.1096,5127903,2505,1.13435784
IT0003697080,42889783,GEO,EUR,2019-11-18,1.1263,1.1301,1.1096,1.1189,1748079,727,1.11953268
IT0003697080,42889783,GEO,EUR,2019-11-19,1.1263,1.1263,1.1058,1.1058,1118271,547,1.1123532
IT0003697080,42889783,GEO,EUR,2019-11-20,1.1152,1.117,1.1002,1.1002,666779,319,1.10554668
IT0003697080,42889783,GEO,EUR,2019-11-21,1.1058,1.1058,1.076,1.0909,1009726,470,1.08955602
IT0003697080,42889783,GEO,EUR,2019-11-22,1.089,1.0984,1.0834,1.0909,510540,291,1.09104786
IT0003697080,42889783,GEO,EUR,2019-11-25,1.1058,1.1133,1.0965,1.1058,236304,131,1.10857698
IT0003697080,42889783,GEO,EUR,2019-11-26,1.1058,1.1189,1.1058,1.117,794661,240,1.11417138
IT0003697080,42889783,GEO,EUR,2019-11-27,1.1189,1.1245,1.1114,1.1189,495316,254,1.11860028
IT0003697080,42889783,GEO,EUR,2019-11-28,1.1263,1.1282,1.1133,1.117,326646,176,1.12093128
IT0003697080,42889783,GEO,EUR,2019-11-29,1.1152,1.1338,1.1152,1.117,580349,182,1.12699188
IT0003697080,42889783,GEO,EUR,2019-12-02,1.117,1.1338,1.1002,1.1058,1055502,374,1.11151404
IT0003697080,42889783,GEO,EUR,2019-12-03,1.0965,1.1058,1.0834,1.0909,622382,320,1.09239984
IT0003697080,42889783,GEO,EUR,2019-12-04,1.0853,1.1133,1.0853,1.1096,289312,166,1.10414808
IT0003697080,42889783,GEO,EUR,2019-12-05,1.1133,1.1282,1.1096,1.117,576333,255,1.1216772
IT0003697080,42889783,GEO,EUR,2019-12-06,1.1189,1.1245,1.1114,1.1114,295967,171,1.11743478
IT0003697080,42889783,GEO,EUR,2019-12-09,1.1096,1.1301,1.1077,1.1189,388670,208,1.11948606
IT0003697080,42889783,GEO,EUR,2019-12-10,1.1263,1.1282,1.1114,1.117,404131,222,1.11897324
IT0003697080,42889783,GEO,EUR,2019-12-11,1.117,1.1636,1.117,1.1226,2392148,899,1.14396156
IT0003697080,42889783,GEO,EUR,2019-12-12,1.1282,1.1357,1.1189,1.1226,690699,338,1.12466088
IT0003697080,42889783,GEO,EUR,2019-12-13,1.1282,1.1413,1.0928,1.0946,1406132,570,1.10941614
IT0003697080,42889783,GEO,EUR,2019-12-16,1.0946,1.1077,1.0946,1.1002,486325,216,1.10111778
IT0003697080,42889783,GEO,EUR,2019-12-17,1.1002,1.1114,1.0984,1.104,296110,184,1.10624598
IT0003697080,42889783,GEO,EUR,2019-12-18,1.104,1.1189,1.0965,1.0965,476582,267,1.104894
IT0003697080,42889783,GEO,EUR,2019-12-19,1.0965,1.104,1.0965,1.0984,235431,173,1.09981242
IT0003697080,42889783,GEO,EUR,2019-12-20,1.0965,1.1096,1.0946,1.1002,340243,166,1.10167722
IT0003697080,42889783,GEO,EUR,2019-12-23,1.0984,1.1114,1.0928,1.1002,484734,215,1.10214342
IT0003697080,42889783,GEO,EUR,2019-12-27,1.1058,1.1077,1.0965,1.1058,245095,127,1.10246976
IT0003697080,42889783,GEO,EUR,2019-12-30,1.1002,1.1114,1.0984,1.1021,207298,139,1.10498724
IT0003697080,42889783,GEO,EUR,2020-01-02,1.1002,1.117,1.1002,1.1058,332077,147,1.1093229
IT0003697080,42889783,GEO,EUR,2020-01-03,1.1058,1.1114,1.1002,1.1096,275376,156,1.10596626
IT0003697080,42889783,GEO,EUR,2020-01-06,1.1002,1.1096,1.0853,1.1058,288233,154,1.097901
IT0003697080,42889783,GEO,EUR,2020-01-07,1.1077,1.1114,1.0984,1.1002,367344,200,1.1016306
IT0003697080,42889783,GEO,EUR,2020-01-08,1.0909,1.1096,1.089,1.089,893361,422,1.09421802
IT0003697080,42889783,GEO,EUR,2020-01-09,1.0928,1.1058,1.089,1.0946,572409,307,1.09454436
IT0003697080,42889783,GEO,EUR,2020-01-10,1.0946,1.104,1.0909,1.0909,258271,145,1.0965024
IT0003697080,42889783,GEO,EUR,2020-01-13,1.104,1.104,1.0872,1.0928,281724,183,1.09398492
IT0003697080,42889783,GEO,EUR,2020-01-14,1.0909,1.0946,1.0834,1.0853,295545,196,1.08661896
IT0003697080,42889783,GEO,EUR,2020-01-15,1.0834,1.145,1.076,1.1096,1857762,810,1.10876346
IT0003697080,42889783,GEO,EUR,2020-01-16,1.1096,1.1282,1.1002,1.1096,671479,356,1.11198024
IT0003697080,42889783,GEO,EUR,2020-01-17,1.1002,1.1096,1.0797,1.0816,1974071,965,1.09132758
IT0003697080,42889783,GEO,EUR,2020-01-20,1.0816,1.0984,1.076,1.0816,643842,596,1.0834488
IT0003697080,42889783,GEO,EUR,2020-01-21,1.0816,1.0872,1.0723,1.0872,525618,299,1.07953272
IT0003697080,42889783,GEO,EUR,2020-01-22,1.0872,1.0872,1.076,1.0797,211923,174,1.08116442
IT0003697080,42889783,GEO,EUR,2020-01-23,1.076,1.0834,1.0555,1.0629,565407,363,1.0682973
IT0003697080,42889783,GEO,EUR,2020-01-24,1.0629,1.0741,1.0592,1.0723,445540,243,1.06517376
IT0003697080,42889783,GEO,EUR,2020-01-27,1.0573,1.0648,1.0256,1.035,720470,526,1.0428894
IT0003697080,42889783,GEO,EUR,2020-01-28,1.0387,1.0387,1.0126,1.0312,705448,459,1.02195702
IT0003697080,42889783,GEO,EUR,2020-01-29,1.0312,1.0443,1.0238,1.0294,586886,225,1.03323906
IT0003697080,42889783,GEO,EUR,2020-01-30,1.0219,1.0256,1.0107,1.0126,425753,251,1.0170153
IT0003697080,42889783,GEO,EUR,2020-01-31,1.0163,1.0275,0.9902,0.9995,662047,358,1.0030293
IT0003697080,42889783,GEO,EUR,2020-02-03,1.0014,1.0294,0.9958,1.0182,378364,241,1.0132857
IT0003697080,42889783,GEO,EUR,2020-02-04,1.02,1.0368,1.0145,1.0238,291930,174,1.0251738
IT0003697080,42889783,GEO,EUR,2020-02-05,1.0312,1.0424,1.0089,1.0294,565772,252,1.02997566
IT0003697080,42889783,GEO,EUR,2020-02-06,1.0406,1.0443,1.0312,1.0387,358217,239,1.03906656
IT0003697080,42889783,GEO,EUR,2020-02-07,1.0331,1.0629,1.0256,1.0611,496800,311,1.04554674
IT0003697080,42889783,GEO,EUR,2020-02-10,1.048,1.0629,1.0406,1.0536,321592,206,1.04922972
IT0003697080,42889783,GEO,EUR,2020-02-11,1.0573,1.0779,1.0555,1.0629,736744,389,1.0650339
IT0003697080,42889783,GEO,EUR,2020-02-12,1.076,1.0797,1.0592,1.0797,527809,286,1.07216676
IT0003697080,42889783,GEO,EUR,2020-02-13,1.0797,1.0797,1.0648,1.0797,277693,133,1.07426466
IT0003697080,42889783,GEO,EUR,2020-02-14,1.0723,1.0797,1.0592,1.0685,249602,174,1.07030196
IT0003697080,42889783,GEO,EUR,2020-02-17,1.0685,1.0704,1.0443,1.0443,432000,305,1.05319242
IT0003697080,42889783,GEO,EUR,2020-02-18,1.0406,1.0536,1.0368,1.0443,344157,207,1.04307588
IT0003697080,42889783,GEO,EUR,2020-02-19,1.048,1.0536,1.0275,1.0294,814180,390,1.03720176
IT0003697080,42889783,GEO,EUR,2020-02-20,1.0256,1.0368,1.0089,1.0107,613786,407,1.0181808
IT0003697080,42889783,GEO,EUR,2020-02-21,1.007,1.0145,0.9902,1.0014,806346,570,1.0002321
IT0003697080,42889783,GEO,EUR,2020-02-24,0.9492,0.9585,0.8401,0.9231,1920144,1130,0.91309932
IT0003697080,42889783,GEO,EUR,2020-02-25,0.9324,0.9324,0.869,0.8904,1892889,1076,0.89496414
IT0003697080,42889783,GEO,EUR,2020-02-26,0.8904,0.9473,0.8671,0.9212,4330591,1627,0.91850724
IT0003697080,42889783,GEO,EUR,2020-02-27,0.9184,0.951,0.8765,0.8848,1353334,717,0.90400842
IT0003697080,42889783,GEO,EUR,2020-02-28,0.8699,0.8876,0.8494,0.8587,1462378,905,0.86545368
IT0003697080,42889783,GEO,EUR,2020-03-02,0.8587,0.8821,0.8093,0.8186,1210555,751,0.8305353
IT0003697080,42889783,GEO,EUR,2020-03-03,0.8298,0.8559,0.8196,0.8242,931543,460,0.8379945
IT0003697080,42889783,GEO,EUR,2020-03-04,0.827,0.827,0.7664,0.7758,1508386,681,0.79337916
IT0003697080,42889783,GEO,EUR,2020-03-05,0.7851,0.7879,0.7021,0.7021,1654438,988,0.72638622
IT0003697080,42889783,GEO,EUR,2020-03-06,0.6713,0.7012,0.593,0.6256,5036882,1866,0.63314622
IT0003697080,42889783,GEO,EUR,2020-03-09,0.5427,0.5725,0.5184,0.5287,2105830,849,0.54633978
IT0003697080,42889783,GEO,EUR,2020-03-10,0.5548,0.6042,0.5333,0.5473,2819075,1166,0.57076866
IT0003697080,42889783,GEO,EUR,2020-03-11,0.5855,0.5855,0.5352,0.552,1738508,622,0.55561716
IT0003697080,42889783,GEO,EUR,2020-03-12,0.5231,0.5259,0.4503,0.4559,2534120,1077,0.49188762
IT0003697080,42889783,GEO,EUR,2020-03-13,0.4839,0.5408,0.4634,0.5287,1581361,597,0.50228388
IT0003697080,42889783,GEO,EUR,2020-03-16,0.511,0.5604,0.4802,0.5483,2029221,735,0.51058224
IT0003697080,42889783,GEO,EUR,2020-03-17,0.5594,0.5725,0.5231,0.5576,1320314,553,0.5561766
IT0003697080,42889783,GEO,EUR,2020-03-18,0.5576,0.6247,0.5501,0.6089,1001577,400,0.57869406
IT0003697080,42889783,GEO,EUR,2020-03-19,0.6303,0.6527,0.5939,0.6284,1672794,643,0.62694576
IT0003697080,42889783,GEO,EUR,2020-03-20,0.6564,0.6834,0.6303,0.6312,989033,477,0.65403198
IT0003697080,42889783,GEO,EUR,2020-03-23,0.6061,0.6527,0.5874,0.6434,611369,392,0.63748188
IT0003697080,42889783,GEO,EUR,2020-03-24,0.6648,0.6984,0.662,0.6974,910299,344,0.68433498
IT0003697080,42889783,GEO,EUR,2020-03-25,0.7077,0.7403,0.6807,0.69,944855,350,0.70717878
IT0003697080,42889783,GEO,EUR,2020-03-26,0.703,0.703,0.6713,0.6797,329183,201,0.68494104
IT0003697080,42889783,GEO,EUR,2020-03-27,0.6741,0.7021,0.6536,0.6704,501461,255,0.66498768
IT0003697080,42889783,GEO,EUR,2020-03-30,0.6769,0.6825,0.6406,0.6713,502044,217,0.66209724
IT0003697080,42889783,GEO,EUR,2020-03-31,0.6443,0.6965,0.6443,0.689,746909,148,0.68573358
IT0003697080,42889783,GEO,EUR,2020-04-01,0.6751,0.6825,0.6527,0.6527,546831,150,0.66368232
IT0003697080,42889783,GEO,EUR,2020-04-02,0.6657,0.6685,0.6527,0.6573,181632,124,0.65999934
IT0003697080,42889783,GEO,EUR,2020-04-03,0.662,0.6667,0.6527,0.6629,121694,57,0.6592068
IT0003697080,42889783,GEO,EUR,2020-04-06,0.6713,0.7012,0.662,0.6667,429580,221,0.6766893
IT0003697080,42889783,GEO,EUR,2020-04-07,0.6713,0.7086,0.6657,0.6713,563969,250,0.68731866
IT0003697080,42889783,GEO,EUR,2020-04-08,0.6788,0.6807,0.6639,0.676,118118,88,0.6701625
IT0003697080,42889783,GEO,EUR,2020-04-09,0.6741,0.6965,0.6704,0.6788,340005,170,0.6801858
IT0003697080,42889783,GEO,EUR,2020-04-14,0.69,0.6946,0.662,0.6816,333684,213,0.67939326
IT0003697080,42889783,GEO,EUR,2020-04-15,0.6816,0.6816,0.6471,0.6508,189111,121,0.65878722
IT0003697080,42889783,GEO,EUR,2020-04-16,0.6471,0.6751,0.6471,0.662,106897,59,0.66349584
IT0003697080,42889783,GEO,EUR,2020-04-17,0.6704,0.6751,0.662,0.6732,146182,86,0.66960306
IT0003697080,42889783,GEO,EUR,2020-04-20,0.6751,0.6807,0.6499,0.6527,421666,226,0.6594399
IT0003697080,42889783,GEO,EUR,2020-04-21,0.6555,0.6667,0.648,0.6527,125100,131,0.65393874
IT0003697080,42889783,GEO,EUR,2020-04-22,0.662,0.6639,0.6452,0.6639,103983,99,0.6524469
IT0003697080,42889783,GEO,EUR,2020-04-23,0.6657,0.6667,0.6527,0.6657,88712,67,0.66065202
IT0003697080,42889783,GEO,EUR,2020-04-24,0.6713,0.6713,0.6592,0.6639,58367,47,0.66330936
IT0003697080,42889783,GEO,EUR,2020-04-27,0.6713,0.6788,0.6527,0.662,277322,160,0.66400866
IT0003697080,42889783,GEO,EUR,2020-04-28,0.6648,0.6844,0.6545,0.6685,555041,262,0.67216716
IT0003697080,42889783,GEO,EUR,2020-04-29,0.6685,0.6872,0.6648,0.6872,283532,207,0.67804128
IT0003697080,42889783,GEO,EUR,2020-04-30,0.6807,0.6853,0.6695,0.6807,223801,135,0.67608324
IT0003697080,42889783,GEO,EUR,2020-05-04,0.6807,0.6807,0.662,0.6685,140129,63,0.66661938
IT0003697080,42889783,GEO,EUR,2020-05-05,0.676,0.676,0.6611,0.6751,154124,80,0.6703956
IT0003697080,42889783,GEO,EUR,2020-05-06,0.6751,0.676,0.6611,0.6648,70198,62,0.6657336
IT0003697080,42889783,GEO,EUR,2020-05-07,0.6741,0.6741,0.649,0.649,226909,126,0.65561706
IT0003697080,42889783,GEO,EUR,2020-05-08,0.649,0.676,0.649,0.6741,238819,143,0.66801798
IT0003697080,42889783,GEO,EUR,2020-05-11,0.6741,0.69,0.6704,0.6713,148247,105,0.67953312
IT0003697080,42889783,GEO,EUR,2020-05-12,0.6788,0.6788,0.6676,0.6779,105199,78,0.67221378
IT0003697080,42889783,GEO,EUR,2020-05-13,0.6779,0.6825,0.6583,0.6592,114739,99,0.66396204
IT0003697080,42889783,GEO,EUR,2020-05-14,0.6545,0.6695,0.6527,0.6667,138085,103,0.65771496
IT0003697080,42889783,GEO,EUR,2020-05-15,0.649,0.6611,0.6434,0.6434,179888,116,0.6501159
IT0003697080,42889783,GEO,EUR,2020-05-18,0.6434,0.6527,0.6331,0.6508,678940,321,0.64144458
IT0003697080,42889783,GEO,EUR,2020-05-19,0.6517,0.6517,0.5995,0.6266,903850,479,0.6249411
IT0003697080,42889783,GEO,EUR,2020-05-20,0.6424,0.6424,0.579,0.5902,435877,299,0.59981292
IT0003697080,42889783,GEO,EUR,2020-05-21,0.5921,0.6145,0.5855,0.6089,329390,244,0.60083856
IT0003697080,42889783,GEO,EUR,2020-05-22,0.5883,0.6322,0.5883,0.6322,550319,308,0.60717888
IT0003697080,42889783,GEO,EUR,2020-05-25,0.6126,0.6452,0.6126,0.6331,264823,181,0.63254016
IT0003697080,42889783,GEO,EUR,2020-05-26,0.6406,0.6648,0.6406,0.6527,398271,252,0.6494166
IT0003697080,42889783,GEO,EUR,2020-05-27,0.6527,0.6751,0.6089,0.6126,1508730,622,0.65207394
IT0003697080,42889783,GEO,EUR,2020-05-28,0.6247,0.6648,0.6247,0.6294,1426553,745,0.6442884
IT0003697080,42889783,GEO,EUR,2020-05-29,0.6396,0.6396,0.6117,0.6117,2154880,448,0.61729542
IT0003697080,42889783,GEO,EUR,2020-06-01,0.6294,0.6462,0.6154,0.634,701492,401,0.631701
IT0003697080,42889783,GEO,EUR,2020-06-02,0.6452,0.6629,0.6443,0.6592,738777,351,0.65286648
IT0003697080,42889783,GEO,EUR,2020-06-03,0.662,0.6769,0.6443,0.6704,1563663,582,0.66447486
IT0003697080,42889783,GEO,EUR,2020-06-04,0.6751,0.6928,0.6648,0.6825,1481542,901,0.68219046
IT0003697080,42889783,GEO,EUR,2020-06-05,0.6993,0.7515,0.6993,0.7394,2352003,1107,0.72685242
IT0003697080,42889783,GEO,EUR,2020-06-08,0.7413,0.7776,0.7254,0.7758,1934149,1055,0.76121136
IT0003697080,42889783,GEO,EUR,2020-06-09,0.8159,0.8485,0.7478,0.7534,3450764,1481,0.7869456
IT0003697080,42889783,GEO,EUR,2020-06-10,0.7543,0.8075,0.7543,0.7814,1281660,590,0.7811181
IT0003697080,42889783,GEO,EUR,2020-06-11,0.8103,0.8121,0.7366,0.7506,2448734,1080,0.77440482
IT0003697080,42889783,GEO,EUR,2020-06-12,0.7366,0.7599,0.7217,0.7478,727625,379,0.7424235
IT0003697080,42889783,GEO,EUR,2020-06-15,0.7273,0.7366,0.7086,0.7366,781126,456,0.720279
IT0003697080,42889783,GEO,EUR,2020-06-16,0.7441,0.7832,0.7366,0.7534,1202505,571,0.75738852
IT0003697080,42889783,GEO,EUR,2020-06-17,0.772,0.772,0.7301,0.7422,626989,251,0.74256336
IT0003697080,42889783,GEO,EUR,2020-06-18,0.7496,0.7506,0.7282,0.7366,700904,263,0.7379946
IT0003697080,42889783,GEO,EUR,2020-06-19,0.7357,0.7394,0.7245,0.7329,294400,135,0.73104822
IT0003697080,42889783,GEO,EUR,2020-06-22,0.717,0.7273,0.7021,0.7021,536290,220,0.71342586
IT0003697080,42889783,GEO,EUR,2020-06-23,0.7226,0.7282,0.704,0.7217,341159,225,0.71762166
IT0003697080,42889783,GEO,EUR,2020-06-24,0.7207,0.7207,0.676,0.6807,813413,416,0.69808788
IT0003697080,42889783,GEO,EUR,2020-06-25,0.6807,0.6956,0.662,0.689,712583,252,0.67710888
IT0003697080,42889783,GEO,EUR,2020-06-26,0.6974,0.6974,0.6629,0.6629,456876,240,0.67612986
IT0003697080,42889783,GEO,EUR,2020-06-29,0.689,0.6946,0.662,0.6834,615034,309,0.67743522
IT0003697080,42889783,GEO,EUR,2020-06-30,0.6685,0.6844,0.6601,0.6723,280622,217,0.66881052
IT0003697080,42889783,GEO,EUR,2020-07-01,0.6751,0.6769,0.6462,0.662,431731,230,0.66167766
IT0003697080,42889783,GEO,EUR,2020-07-02,0.6732,0.6807,0.6648,0.6769,436179,207,0.6734259
IT0003697080,42889783,GEO,EUR,2020-07-03,0.6667,0.6732,0.6611,0.6713,237990,115,0.66834432
IT0003697080,42889783,GEO,EUR,2020-07-06,0.6853,0.6853,0.6639,0.6667,345519,169,0.67384548
IT0003697080,42889783,GEO,EUR,2020-07-07,0.6648,0.6807,0.6564,0.6704,258569,174,0.6645681
IT0003697080,42889783,GEO,EUR,2020-07-08,0.676,0.676,0.6536,0.6629,298188,220,0.66116484
IT0003697080,42889783,GEO,EUR,2020-07-09,0.6583,0.6704,0.6555,0.6629,204269,122,0.6622371
IT0003697080,42889783,GEO,EUR,2020-07-10,0.6536,0.662,0.648,0.662,136862,113,0.6547779
IT0003697080,42889783,GEO,EUR,2020-07-13,0.6536,0.6909,0.6536,0.6816,370082,238,0.67794804
IT0003697080,42889783,GEO,EUR,2020-07-14,0.6807,0.6807,0.6573,0.6667,315963,185,0.6657336
IT0003697080,42889783,GEO,EUR,2020-07-15,0.6704,0.6844,0.662,0.6779,441840,299,0.6766893
IT0003697080,42889783,GEO,EUR,2020-07-16,0.6695,0.6853,0.6639,0.6788,341464,171,0.67165434
IT0003697080,42889783,GEO,EUR,2020-07-17,0.6657,0.6909,0.6657,0.6909,300782,205,0.68107158
IT0003697080,42889783,GEO,EUR,2020-07-20,0.6993,0.6993,0.6713,0.6918,240418,126,0.68783148
IT0003697080,42889783,GEO,EUR,2020-07-21,0.6956,0.7179,0.6834,0.689,782387,343,0.70242354
IT0003697080,42889783,GEO,EUR,2020-07-22,0.6984,0.6984,0.6732,0.6825,221765,148,0.68242356
IT0003697080,42889783,GEO,EUR,2020-07-23,0.6862,0.6862,0.6723,0.6834,77742,89,0.68083848
IT0003697080,42889783,GEO,EUR,2020-07-24,0.6779,0.6788,0.662,0.6788,232782,142,0.6701625
IT0003697080,42889783,GEO,EUR,2020-07-27,0.6639,0.6723,0.648,0.662,431425,263,0.6592068
IT0003697080,42889783,GEO,EUR,2020-07-28,0.6667,0.6667,0.6443,0.6536,293198,248,0.65039562
IT0003697080,42889783,GEO,EUR,2020-07-29,0.6536,0.6536,0.6443,0.6517,201352,137,0.6491835
IT0003697080,42889783,GEO,EUR,2020-07-30,0.6583,0.6583,0.6154,0.6191,583285,427,0.62592012
IT0003697080,42889783,GEO,EUR,2020-07-31,0.621,0.6303,0.5995,0.6061,310318,200,0.61636302
IT0003697080,42889783,GEO,EUR,2020-08-03,0.6238,0.6238,0.5967,0.6033,146364,133,0.60237702
IT0003697080,42889783,GEO,EUR,2020-08-04,0.5958,0.6294,0.5958,0.6294,206696,149,0.61650288
IT0003697080,42889783,GEO,EUR,2020-08-05,0.6322,0.6387,0.6089,0.62,412519,483,0.62009262
IT0003697080,42889783,GEO,EUR,2020-08-06,0.6172,0.6312,0.6145,0.6266,213657,156,0.62461476
IT0003697080,42889783,GEO,EUR,2020-08-07,0.6182,0.621,0.6079,0.6163,331180,227,0.61519752
IT0003697080,42889783,GEO,EUR,2020-08-10,0.62,0.6452,0.6172,0.6434,360550,187,0.63132804
IT0003697080,42889783,GEO,EUR,2020-08-11,0.6527,0.6741,0.6359,0.6536,602546,407,0.66051216
IT0003697080,42889783,GEO,EUR,2020-08-12,0.6601,0.6611,0.621,0.6527,403817,224,0.6461532
IT0003697080,42889783,GEO,EUR,2020-08-13,0.6406,0.6573,0.6368,0.6452,306472,218,0.64713222
IT0003697080,42889783,GEO,EUR,2020-08-14,0.6452,0.6452,0.6275,0.6378,331451,164,0.6321672
IT0003697080,42889783,GEO,EUR,2020-08-17,0.6294,0.6396,0.6228,0.6396,178350,141,0.63090846
IT0003697080,42889783,GEO,EUR,2020-08-18,0.6387,0.6396,0.6256,0.6331,217976,241,0.63361242
IT0003697080,42889783,GEO,EUR,2020-08-19,0.6266,0.6387,0.62,0.6266,323781,201,0.62806464
IT0003697080,42889783,GEO,EUR,2020-08-20,0.6247,0.6256,0.6126,0.6182,228438,124,0.61799472
IT0003697080,42889783,GEO,EUR,2020-08-21,0.6154,0.6238,0.6079,0.6126,373720,223,0.61365906
IT0003697080,42889783,GEO,EUR,2020-08-24,0.6182,0.6228,0.6107,0.6117,439630,365,0.61571034
IT0003697080,42889783,GEO,EUR,2020-08-25,0.6228,0.6303,0.6145,0.6284,262104,231,0.62265672
IT0003697080,42889783,GEO,EUR,2020-08-26,0.6247,0.634,0.6154,0.6182,244094,157,0.62298306
IT0003697080,42889783,GEO,EUR,2020-08-27,0.6172,0.6182,0.6079,0.6145,193025,217,0.6125868
IT0003697080,42889783,GEO,EUR,2020-08-28,0.6089,0.6191,0.6061,0.6117,274591,225,0.61114158
IT0003697080,42889783,GEO,EUR,2020-08-31,0.6191,0.6191,0.6079,0.6145,165108,152,0.61090848
IT0003697080,42889783,GEO,EUR,2020-09-01,0.6145,0.6145,0.6014,0.6023,306260,201,0.60657282
IT0003697080,42889783,GEO,EUR,2020-09-02,0.6107,0.6182,0.6033,0.607,154842,126,0.6095565
IT0003697080,42889783,GEO,EUR,2020-09-03,0.6033,0.6228,0.6033,0.6117,255692,181,0.6172488
IT0003697080,42889783,GEO,EUR,2020-09-04,0.6117,0.6191,0.6061,0.6061,228047,198,0.60941664
IT0003697080,42889783,GEO,EUR,2020-09-07,0.6145,0.6182,0.6051,0.6098,134355,145,0.60904368
IT0003697080,42889783,GEO,EUR,2020-09-08,0.6079,0.6107,0.5995,0.6089,125752,127,0.60330942
IT0003697080,42889783,GEO,EUR,2020-09-09,0.6023,0.6079,0.6005,0.6014,102292,84,0.60354252
IT0003697080,42889783,GEO,EUR,2020-09-10,0.5995,0.6061,0.5967,0.6051,117314,137,0.60102504
IT0003697080,42889783,GEO,EUR,2020-09-11,0.6051,0.6107,0.6023,0.6079,96958,110,0.60671268
IT0003697080,42889783,GEO,EUR,2020-09-14,0.6079,0.6107,0.5939,0.5967,256488,326,0.60037236
IT0003697080,42889783,GEO,EUR,2020-09-15,0.5967,0.6042,0.5688,0.5781,383762,262,0.59002272
IT0003697080,42889783,GEO,EUR,2020-09-16,0.5781,0.5939,0.5706,0.5939,553567,534,0.58177098
IT0003697080,42889783,GEO,EUR,2020-09-17,0.5828,0.5958,0.5744,0.5874,605560,505,0.58470804
IT0003697080,42889783,GEO,EUR,2020-09-18,0.5977,0.6163,0.5744,0.5921,1890783,429,0.59179428
IT0003697080,42889783,GEO,EUR,2020-09-21,0.5967,0.5967,0.5501,0.5697,763679,499,0.5631696
IT0003697080,42889783,GEO,EUR,2020-09-22,0.552,0.5734,0.5501,0.5594,283598,175,0.56023254
IT0003697080,42889783,GEO,EUR,2020-09-23,0.5716,0.5744,0.5585,0.5594,264085,139,0.5666661
IT0003697080,42889783,GEO,EUR,2020-09-24,0.5594,0.5594,0.5455,0.5501,172806,137,0.55202742
IT0003697080,42889783,GEO,EUR,2020-09-25,0.5566,0.5594,0.5455,0.5464,163338,171,0.54969642
IT0003697080,42889783,GEO,EUR,2020-09-28,0.5464,0.5576,0.5464,0.5483,237420,337,0.5519808
IT0003697080,42889783,GEO,EUR,2020-09-29,0.5557,0.5566,0.5455,0.5464,174893,234,0.55146798
IT0003697080,42889783,GEO,EUR,2020-09-30,0.5492,0.5725,0.5483,0.5576,721944,330,0.55981296
IT0003697080,42889783,GEO,EUR,2020-10-01,0.5716,0.5716,0.5408,0.5455,575991,311,0.55025586
IT0003697080,42889783,GEO,EUR,2020-10-02,0.5361,0.5594,0.5333,0.5538,251016,132,0.54666612
IT0003697080,42889783,GEO,EUR,2020-10-05,0.5594,0.5716,0.5455,0.5669,263056,204,0.56330946
IT0003697080,42889783,GEO,EUR,2020-10-06,0.5622,0.5949,0.5622,0.5939,590993,357,0.58051224
IT0003697080,42889783,GEO,EUR,2020-10-07,0.5828,0.6014,0.5716,0.5744,274001,235,0.58596678
IT0003697080,42889783,GEO,EUR,2020-10-08,0.5911,0.5911,0.5716,0.5809,144434,115,0.58270338
IT0003697080,42889783,GEO,EUR,2020-10-09,0.5874,0.5921,0.5688,0.5706,151243,142,0.57957984
IT0003697080,42889783,GEO,EUR,2020-10-12,0.5641,0.5734,0.5613,0.5613,121446,77,0.56717892
IT0003697080,42889783,GEO,EUR,2020-10-13,0.5613,0.5613,0.5501,0.552,181708,132,0.55286658
IT0003697080,42889783,GEO,EUR,2020-10-14,0.552,0.5594,0.5464,0.5473,232172,139,0.55109502
IT0003697080,42889783,GEO,EUR,2020-10-15,0.5464,0.5483,0.5091,0.5203,659200,380,0.52363584
IT0003697080,42889783,GEO,EUR,2020-10-16,0.5128,0.5315,0.5054,0.5165,520758,261,0.5144517
IT0003697080,42889783,GEO,EUR,2020-10-19,0.5156,0.5231,0.5063,0.5063,181053,142,0.51505776
IT0003697080,42889783,GEO,EUR,2020-10-20,0.5193,0.5305,0.5044,0.5147,248624,148,0.51832116
IT0003697080,42889783,GEO,EUR,2020-10-21,0.5138,0.5221,0.5016,0.5035,317123,252,0.5086242
IT0003697080,42889783,GEO,EUR,2020-10-22,0.496,0.5054,0.4876,0.4942,155791,114,0.49571046
IT0003697080,42889783,GEO,EUR,2020-10-23,0.4979,0.5091,0.4839,0.4848,364055,289,0.49244706
IT0003697080,42889783,GEO,EUR,2020-10-26,0.4755,0.4858,0.4681,0.4699,401866,263,0.4773888
IT0003697080,42889783,GEO,EUR,2020-10-27,0.4755,0.4765,0.4587,0.4653,368774,257,0.46839114
IT0003697080,42889783,GEO,EUR,2020-10-28,0.4625,0.4653,0.4298,0.4354,679724,319,0.44694594
IT0003697080,42889783,GEO,EUR,2020-10-29,0.4382,0.4541,0.4196,0.4336,512163,287,0.43277346
IT0003697080,42889783,GEO,EUR,2020-10-30,0.4252,0.4387,0.4196,0.4364,482631,220,0.42722568
IT0003697080,42889783,GEO,EUR,2020-11-02,0.4364,0.4643,0.4284,0.4601,634629,303,0.44671284
IT0003697080,42889783,GEO,EUR,2020-11-03,0.4639,0.4737,0.4476,0.4639,470333,199,0.4636359
IT0003697080,42889783,GEO,EUR,2020-11-04,0.4746,0.4774,0.4569,0.4662,243736,129,0.4687641
IT0003697080,42889783,GEO,EUR,2020-11-05,0.4531,0.5026,0.4531,0.4895,483085,255,0.4892769
IT0003697080,42889783,GEO,EUR,2020-11-06,0.4923,0.4923,0.4699,0.4699,213711,115,0.47608344
IT0003697080,42889783,GEO,EUR,2020-11-09,0.4821,0.5035,0.469,0.4914,744283,392,0.48988296
IT0003697080,42889783,GEO,EUR,2020-11-10,0.5026,0.5193,0.4923,0.5072,573927,344,0.50727222
IT0003697080,42889783,GEO,EUR,2020-11-11,0.5119,0.5203,0.5007,0.5184,415287,196,0.5118876
IT0003697080,42889783,GEO,EUR,2020-11-12,0.5203,0.5408,0.5128,0.5389,671676,286,0.53058222
IT0003697080,42889783,GEO,EUR,2020-11-13,0.5221,0.5455,0.5128,0.5277,867048,250,0.5326335
IT0003697080,42889783,GEO,EUR,2020-11-16,0.5389,0.5772,0.5389,0.5632,1539142,722,0.5636358
IT0003697080,42889783,GEO,EUR,2020-11-17,0.5604,0.5846,0.5604,0.5846,1337257,423,0.57370572
IT0003697080,42889783,GEO,EUR,2020-11-18,0.579,0.6145,0.5753,0.6107,1151549,539,0.59971968
IT0003697080,42889783,GEO,EUR,2020-11-19,0.6061,0.6191,0.5837,0.6182,539294,240,0.60899706
IT0003697080,42889783,GEO,EUR,2020-11-20,0.6154,0.6387,0.6089,0.6284,807066,449,0.62871732
IT0003697080,42889783,GEO,EUR,2020-11-23,0.6247,0.6387,0.6033,0.6163,898410,404,0.61953318
IT0003697080,42889783,GEO,EUR,2020-11-24,0.6322,0.6378,0.621,0.634,752723,313,0.63104832
IT0003697080,42889783,GEO,EUR,2020-11-25,0.635,0.6769,0.6247,0.676,2809583,1036,0.66051216
IT0003697080,42889783,GEO,EUR,2020-11-26,0.6928,0.8,0.6788,0.7767,7122749,2887,0.75790134
IT0003697080,42889783,GEO,EUR,2020-11-27,0.7832,0.7991,0.745,0.7571,2090001,1024,0.762237
IT0003697080,42889783,GEO,EUR,2020-11-30,0.7459,0.7496,0.7207,0.7347,914729,468,0.7337988
IT0003697080,42889783,GEO,EUR,2020-12-01,0.7273,0.7357,0.7049,0.7198,825337,385,0.71640954
IT0003697080,42889783,GEO,EUR,2020-12-02,0.7254,0.731,0.7021,0.731,753567,293,0.71626968
IT0003697080,42889783,GEO,EUR,2020-12-03,0.7319,0.7394,0.7161,0.7319,306110,178,0.7282044
IT0003697080,42889783,GEO,EUR,2020-12-04,0.7385,0.7459,0.7254,0.7273,438022,281,0.73515078
IT0003697080,42889783,GEO,EUR,2020-12-07,0.7254,0.745,0.7245,0.7394,217407,107,0.73328598
IT0003697080,42889783,GEO,EUR,2020-12-08,0.7459,0.7496,0.7347,0.7469,372825,220,0.74340252
IT0003697080,42889783,GEO,EUR,2020-12-09,0.7459,0.7543,0.731,0.7319,353589,150,0.73920672
IT0003697080,42889783,GEO,EUR,2020-12-10,0.7413,0.7459,0.7086,0.7291,523173,262,0.72256338
IT0003697080,42889783,GEO,EUR,2020-12-11,0.7357,0.7357,0.7105,0.7273,219758,123,0.72219042
IT0003697080,42889783,GEO,EUR,2020-12-14,0.7114,0.7394,0.7105,0.7329,257709,456,0.72899694
IT0003697080,42889783,GEO,EUR,2020-12-15,0.7179,0.7301,0.7179,0.7207,178409,124,0.72498762
IT0003697080,42889783,GEO,EUR,2020-12-16,0.7329,0.7599,0.7245,0.7506,783656,374,0.74601324
IT0003697080,42889783,GEO,EUR,2020-12-17,0.7599,0.7739,0.7441,0.758,773820,606,0.75818106
IT0003697080,42889783,GEO,EUR,2020-12-18,0.7552,0.7552,0.7375,0.7487,462949,280,0.74797128
IT0003697080,42889783,GEO,EUR,2020-12-21,0.7366,0.7366,0.7021,0.7291,591679,341,0.7198128
IT0003697080,42889783,GEO,EUR,2020-12-22,0.7319,0.7431,0.7217,0.7431,238586,160,0.73622304
IT0003697080,42889783,GEO,EUR,2020-12-23,0.7478,0.7515,0.7254,0.7329,271819,176,0.7370622
IT0003697080,42889783,GEO,EUR,2020-12-28,0.7422,0.7487,0.731,0.7422,185524,147,0.74013912
IT0003697080,42889783,GEO,EUR,2020-12-29,0.7422,0.7459,0.7338,0.745,190762,159,0.74088504
IT0003697080,42889783,GEO,EUR,2020-12-30,0.7478,0.7478,0.7338,0.7403,202749,119,0.7391601
IT0003697080,42889783,GEO,EUR,2021-01-04,0.7552,0.772,0.7478,0.7496,796358,485,0.76055868
IT0003697080,42889783,GEO,EUR,2021-01-05,0.7618,0.7618,0.7469,0.758,277497,173,0.75496428
IT0003697080,42889783,GEO,EUR,2021-01-06,0.7618,0.773,0.7469,0.773,377287,390,0.76694562
IT0003697080,42889783,GEO,EUR,2021-01-07,0.7571,0.7739,0.7515,0.773,606547,692,0.76484772
IT0003697080,42889783,GEO,EUR,2021-01-08,0.773,0.7897,0.7608,0.7664,464400,250,0.77477778
IT0003697080,42889783,GEO,EUR,2021-01-11,0.7636,0.7636,0.7478,0.7636,357311,241,0.75393864
IT0003697080,42889783,GEO,EUR,2021-01-12,0.7562,0.7646,0.7478,0.7571,258291,148,0.7540785
IT0003697080,42889783,GEO,EUR,2021-01-13,0.7515,0.7524,0.731,0.7413,598428,259,0.74088504
IT0003697080,42889783,GEO,EUR,2021-01-14,0.7347,0.7394,0.7189,0.7198,504501,231,0.72885708
IT0003697080,42889783,GEO,EUR,2021-01-15,0.7226,0.7319,0.7058,0.717,287046,189,0.7198128
IT0003697080,42889783,GEO,EUR,2021-01-18,0.717,0.7366,0.717,0.7366,121453,82,0.7270389
IT0003697080,42889783,GEO,EUR,2021-01-19,0.7496,0.7496,0.7142,0.7142,212492,103,0.7233093
IT0003697080,42889783,GEO,EUR,2021-01-20,0.7207,0.7357,0.7198,0.7245,159503,142,0.72923004
IT0003697080,42889783,GEO,EUR,2021-01-21,0.7338,0.7338,0.7189,0.7263,153247,103,0.7254072
IT0003697080,42889783,GEO,EUR,2021-01-22,0.7207,0.7207,0.6993,0.7124,409950,189,0.7083909
IT0003697080,42889783,GEO,EUR,2021-01-25,0.7142,0.7217,0.6862,0.7152,745948,522,0.7006986
IT0003697080,42889783,GEO,EUR,2021-01-26,0.7142,0.731,0.6974,0.731,302740,229,0.71948646
IT0003697080,42889783,GEO,EUR,2021-01-27,0.7263,0.731,0.7133,0.7179,183036,111,0.7200459
IT0003697080,42889783,GEO,EUR,2021-01-28,0.7077,0.731,0.6974,0.731,248131,140,0.71682912
IT0003697080,42889783,GEO,EUR,2021-01-29,0.7329,0.7329,0.7124,0.7189,207461,112,0.72125802
IT0003697080,42889783,GEO,EUR,2021-02-01,0.7273,0.7273,0.6956,0.7273,638841,410,0.71174754
IT0003697080,42889783,GEO,EUR,2021-02-02,0.7273,0.7291,0.7105,0.7207,259778,333,0.71906688
IT0003697080,42889783,GEO,EUR,2021-02-03,0.7226,0.7357,0.7179,0.7291,369827,397,0.72783144
IT0003697080,42889783,GEO,EUR,2021-02-04,0.7207,0.7347,0.7207,0.7329,156317,143,0.73016244
IT0003697080,42889783,GEO,EUR,2021-02-05,0.7282,0.7413,0.7282,0.7385,438946,278,0.73724868
IT0003697080,42889783,GEO,EUR,2021-02-08,0.7422,0.7599,0.7403,0.7562,739782,464,0.7508151
IT0003697080,42889783,GEO,EUR,2021-02-09,0.7599,0.7739,0.7469,0.7646,619512,245,0.76116474
IT0003697080,42889783,GEO,EUR,2021-02-10,0.7646,0.7683,0.7534,0.7627,270094,184,0.76018572
IT0003697080,42889783,GEO,EUR,2021-02-11,0.7627,0.7683,0.7552,0.7646,211092,115,0.76209714
IT0003697080,42889783,GEO,EUR,2021-02-12,0.7636,0.7646,0.7515,0.7599,379515,178,0.75785472
IT0003697080,42889783,GEO,EUR,2021-02-15,0.7627,0.7711,0.7422,0.759,506203,313,0.7587405
IT0003697080,42889783,GEO,EUR,2021-02-16,0.759,0.759,0.745,0.7552,353124,206,0.75030228
IT0003697080,42889783,GEO,EUR,2021-02-17,0.7459,0.7524,0.7338,0.7385,281257,169,0.74144448
IT0003697080,42889783,GEO,EUR,2021-02-18,0.7459,0.7459,0.7235,0.7254,345445,185,0.72923004
IT0003697080,42889783,GEO,EUR,2021-02-19,0.7357,0.7441,0.7319,0.7366,204715,102,0.73724868
IT0003697080,42889783,GEO,EUR,2021-02-22,0.7459,0.7459,0.7254,0.7347,128498,88,0.7321671
IT0003697080,42889783,GEO,EUR,2021-02-23,0.7319,0.7394,0.717,0.7366,291225,220,0.72382212
IT0003697080,42889783,GEO,EUR,2021-02-24,0.7291,0.7441,0.7273,0.7375,379507,153,0.73701558
IT0003697080,42889783,GEO,EUR,2021-02-25,0.7366,0.7403,0.7235,0.7273,301751,169,0.73067526
IT0003697080,42889783,GEO,EUR,2021-02-26,0.7217,0.7254,0.7114,0.7179,314423,145,0.71808786
IT0003697080,42889783,GEO,EUR,2021-03-01,0.7254,0.7469,0.7254,0.7403,377958,182,0.74004588
IT0003697080,42889783,GEO,EUR,2021-03-02,0.7459,0.7506,0.731,0.7347,251738,107,0.74330928
IT0003697080,42889783,GEO,EUR,2021-03-03,0.7506,0.7515,0.7245,0.7385,395317,221,0.7426566
IT0003697080,42889783,GEO,EUR,2021-03-04,0.731,0.7385,0.7161,0.7189,463439,239,0.72205056
IT0003697080,42889783,GEO,EUR,2021-03-05,0.7161,0.7245,0.7096,0.7105,240846,142,0.71612982
IT0003697080,42889783,GEO,EUR,2021-03-08,0.7254,0.7301,0.7133,0.7254,354826,205,0.72181746
IT0003697080,42889783,GEO,EUR,2021-03-09,0.7273,0.7357,0.7189,0.7282,329376,173,0.72904356
IT0003697080,42889783,GEO,EUR,2021-03-10,0.7273,0.7543,0.7254,0.7469,547838,316,0.74396196
IT0003697080,42889783,GEO,EUR,2021-03-11,0.7524,0.7552,0.7385,0.7413,346662,191,0.74722536
IT0003697080,42889783,GEO,EUR,2021-03-12,0.7441,0.7636,0.7375,0.7627,676890,469,0.74974284
IT0003697080,42889783,GEO,EUR,2021-03-15,0.7739,0.8392,0.7692,0.7814,3993315,1684,0.81090828
IT0003697080,42889783,GEO,EUR,2021-03-16,0.8019,0.8242,0.7627,0.7627,2486354,1052,0.79058196
IT0003697080,42889783,GEO,EUR,2021-03-17,0.7832,0.8009,0.7674,0.7758,1599344,724,0.78675912
IT0003697080,42889783,GEO,EUR,2021-03-18,0.7897,0.8009,0.7776,0.7916,764310,428,0.79048872
IT0003697080,42889783,GEO,EUR,2021-03-19,0.7776,0.7925,0.772,0.7786,497618,431,0.78023232
IT0003697080,42889783,GEO,EUR,2021-03-22,0.7907,0.7953,0.7758,0.7832,354513,192,0.7869456
IT0003697080,42889783,GEO,EUR,2021-03-23,0.7832,0.7832,0.759,0.7646,379006,277,0.76680576
IT0003697080,42889783,GEO,EUR,2021-03-24,0.7646,0.7804,0.7506,0.7702,694096,512,0.7673652
IT0003697080,42889783,GEO,EUR,2021-03-25,0.7758,0.7851,0.7571,0.759,432927,227,0.77184072
IT0003697080,42889783,GEO,EUR,2021-03-26,0.7692,0.7739,0.7636,0.7702,258315,151,0.76885704
IT0003697080,42889783,GEO,EUR,2021-03-29,0.7823,0.7823,0.7646,0.7711,240291,167,0.771561
IT0003697080,42889783,GEO,EUR,2021-03-30,0.7786,0.7786,0.7664,0.7748,263166,154,0.77454468
IT0003697080,42889783,GEO,EUR,2021-03-31,0.7767,0.7814,0.7571,0.7646,463505,233,0.76811112
IT0003697080,42889783,GEO,EUR,2021-04-01,0.7562,0.7683,0.7562,0.7636,368277,232,0.76391532
IT0003697080,42889783,GEO,EUR,2021-04-06,0.7674,0.7916,0.7599,0.7907,840829,445,0.7743582
IT0003697080,42889783,GEO,EUR,2021-04-07,0.7925,0.8205,0.7841,0.7851,1502208,714,0.8037288
IT0003697080,42889783,GEO,EUR,2021-04-08,0.7832,0.7953,0.7683,0.7739,497771,261,0.78069852
IT0003697080,42889783,GEO,EUR,2021-04-09,0.772,0.7832,0.7683,0.7776,307775,210,0.77557032
IT0003697080,42889783,GEO,EUR,2021-04-12,0.7739,0.7879,0.7711,0.7758,346833,240,0.78144444
IT0003697080,42889783,GEO,EUR,2021-04-13,0.7795,0.7869,0.7739,0.7786,368998,311,0.780885
IT0003697080,42889783,GEO,EUR,2021-04-14,0.7897,0.7897,0.7758,0.7814,248434,167,0.77976612
IT0003697080,42889783,GEO,EUR,2021-04-15,0.7814,0.7869,0.7692,0.7748,304456,382,0.77650272
IT0003697080,42889783,GEO,EUR,2021-04-16,0.7767,0.7786,0.7711,0.7748,203200,155,0.77407848
IT0003697080,42889783,GEO,EUR,2021-04-19,0.7748,0.8289,0.7748,0.8261,2091611,1086,0.81016236
IT0003697080,42889783,GEO,EUR,2021-04-20,0.8345,0.8392,0.7935,0.7935,1310753,726,0.80941644
IT0003697080,42889783,GEO,EUR,2021-04-21,0.7925,0.8336,0.7851,0.8205,812320,450,0.8083908
IT0003697080,42889783,GEO,EUR,2021-04-22,0.8205,0.8298,0.8075,0.8131,503983,192,0.81566352
IT0003697080,42889783,GEO,EUR,2021-04-23,0.8205,0.8429,0.7981,0.8037,1394980,713,0.82209708
IT0003697080,42889783,GEO,EUR,2021-04-26,0.8242,0.8382,0.8084,0.8121,749769,354,0.82274976
IT0003697080,42889783,GEO,EUR,2021-04-27,0.8224,0.8541,0.8056,0.8485,1418537,561,0.8354304
IT0003697080,42889783,GEO,EUR,2021-04-28,0.8578,0.8848,0.8401,0.8531,2287392,958,0.86069844
IT0003697080,42889783,GEO,EUR,2021-04-29,0.8559,0.8671,0.8242,0.8429,1156810,435,0.84876372
IT0003697080,42889783,GEO,EUR,2021-04-30,0.8531,0.8531,0.8308,0.8308,541264,218,0.84083832
IT0003697080,42889783,GEO,EUR,2021-05-03,0.8205,0.8345,0.8121,0.828,328007,178,0.82405512
IT0003697080,42889783,GEO,EUR,2021-05-04,0.8364,0.8466,0.8149,0.8186,541546,261,0.83104812
IT0003697080,42889783,GEO,EUR,2021-05-05,0.8252,0.8336,0.8186,0.8242,347333,201,0.82536048
IT0003697080,42889783,GEO,EUR,2021-05-06,0.8317,0.8559,0.8196,0.827,975669,407,0.83888028
IT0003697080,42889783,GEO,EUR,2021-05-07,0.8345,0.841,0.8196,0.8364,350134,163,0.8289036
IT0003697080,42889783,GEO,EUR,2021-05-10,0.8364,0.8559,0.8364,0.8485,546269,293,0.848484
IT0003697080,42889783,GEO,EUR,2021-05-11,0.8354,0.8448,0.8261,0.8373,536929,248,0.8354304
IT0003697080,42889783,GEO,EUR,2021-05-12,0.8485,0.8932,0.8373,0.8867,1812333,921,0.87487092
IT0003697080,42889783,GEO,EUR,2021-05-13,0.91,0.9231,0.8821,0.9063,2427182,1131,0.90284292
IT0003697080,42889783,GEO,EUR,2021-05-14,0.9193,0.9231,0.8438,0.8755,3836407,1559,0.8657334
IT0003697080,42889783,GEO,EUR,2021-05-17,0.8755,0.8774,0.8578,0.8699,781591,335,0.86787792
IT0003697080,42889783,GEO,EUR,2021-05-18,0.8765,0.9138,0.8737,0.91,2279558,905,0.89361216
IT0003697080,42889783,GEO,EUR,2021-05-19,0.911,0.9212,0.8904,0.9026,1110877,610,0.90526716
IT0003697080,42889783,GEO,EUR,2021-05-20,0.91,0.9827,0.9035,0.979,4480386,2588,0.95487084
IT0003697080,42889783,GEO,EUR,2021-05-21,0.9865,1.0573,0.9772,1.0051,7291958,2861,1.02209688
IT0003697080,42889783,GEO,EUR,2021-05-24,1.007,1.0723,1.007,1.0723,3720888,1822,1.046619
IT0003697080,42889783,GEO,EUR,2021-05-25,1.076,1.076,1.0275,1.035,2051758,868,1.05053508
IT0003697080,42889783,GEO,EUR,2021-05-26,1.0443,1.0573,0.9995,1.0145,1681512,731,1.01892672
IT0003697080,42889783,GEO,EUR,2021-05-27,1.0163,1.0517,1.007,1.0275,1454755,610,1.0261062
IT0003697080,42889783,GEO,EUR,2021-05-28,1.0406,1.0667,1.0294,1.0611,1504856,750,1.05351876
IT0003697080,42889783,GEO,EUR,2021-05-31,1.0741,1.1245,1.0611,1.1245,2754409,1130,1.09762128
IT0003697080,42889783,GEO,EUR,2021-06-01,1.1245,1.1599,1.104,1.1152,2978193,1188,1.13314572
IT0003697080,42889783,GEO,EUR,2021-06-02,1.1263,1.1543,1.1096,1.1524,951076,446,1.13762124
IT0003697080,42889783,GEO,EUR,2021-06-03,1.1562,1.1786,1.1133,1.1282,1782616,819,1.14163056
IT0003697080,42889783,GEO,EUR,2021-06-04,1.1282,1.1469,1.1114,1.1152,1337148,584,1.13128092
IT0003697080,42889783,GEO,EUR,2021-06-07,1.1226,1.1263,1.0984,1.1133,899503,416,1.11160728
IT0003697080,42889783,GEO,EUR,2021-06-08,1.1189,1.1413,1.0984,1.1338,931605,392,1.12149072
IT0003697080,42889783,GEO,EUR,2021-06-09,1.1338,1.1524,1.117,1.1431,745684,344,1.13808744
IT0003697080,42889783,GEO,EUR,2021-06-10,1.1431,1.1543,1.1207,1.1282,576010,314,1.1347308
IT0003697080,42889783,GEO,EUR,2021-06-11,1.145,1.1506,1.1301,1.1469,545578,306,1.1449872
IT0003697080,42889783,GEO,EUR,2021-06-14,1.1655,1.1655,1.1319,1.1338,661945,349,1.1487168
IT0003697080,42889783,GEO,EUR,2021-06-15,1.1506,1.1506,1.0965,1.1152,1542339,755,1.11403152
IT0003697080,42889783,GEO,EUR,2021-06-16,1.1189,1.1245,1.104,1.1133,541009,252,1.11253968
IT0003697080,42889783,GEO,EUR,2021-06-17,1.1226,1.1263,1.0984,1.1002,569780,298,1.1104884
IT0003697080,42889783,GEO,EUR,2021-06-18,1.0928,1.1096,1.0499,1.0685,1394551,799,1.07384508
IT0003697080,42889783,GEO,EUR,2021-06-21,1.0499,1.1096,1.0499,1.0984,668965,392,1.08615276
IT0003697080,42889783,GEO,EUR,2021-06-22,1.0853,1.1002,1.0723,1.0741,335530,208,1.08232992
IT0003697080,42889783,GEO,EUR,2021-06-23,1.0853,1.0872,1.0517,1.0573,418982,204,1.06414812
IT0003697080,42889783,GEO,EUR,2021-06-24,1.0648,1.076,1.048,1.048,368174,213,1.05799428
IT0003697080,42889783,GEO,EUR,2021-06-25,1.0573,1.0946,1.0573,1.0779,551932,372,1.0764558
IT0003697080,42889783,GEO,EUR,2021-06-28,1.0816,1.0853,1.0368,1.0424,464561,336,1.05519708
IT0003697080,42889783,GEO,EUR,2021-06-29,1.0387,1.0536,1.0294,1.0406,386567,244,1.03971924
IT0003697080,42889783,GEO,EUR,2021-06-30,1.0312,1.0443,0.9995,1.0256,762204,405,1.01901996
IT0003697080,42889783,GEO,EUR,2021-07-01,1.0256,1.0462,1.0107,1.0219,426313,262,1.02582648
IT0003697080,42889783,GEO,EUR,2021-07-02,1.0256,1.0387,1.0182,1.035,238038,137,1.03058172
IT0003697080,42889783,GEO,EUR,2021-07-05,1.0312,1.0667,1.0312,1.048,274610,161,1.05193368
IT0003697080,42889783,GEO,EUR,2021-07-06,1.0611,1.0611,1.0219,1.0294,273414,223,1.03570992
IT0003697080,42889783,GEO,EUR,2021-07-07,1.0312,1.0424,0.9939,1.0033,393151,307,1.01333232
IT0003697080,42889783,GEO,EUR,2021-07-08,1.0163,1.0219,0.951,0.9641,836057,489,0.96997572
IT0003697080,42889783,GEO,EUR,2021-07-09,0.9678,0.9883,0.9622,0.979,239023,159,0.97519716
IT0003697080,42889783,GEO,EUR,2021-07-12,0.9827,0.9827,0.9343,0.966,614951,325,0.95309928
IT0003697080,42889783,GEO,EUR,2021-07-13,0.9716,0.9716,0.951,0.951,187148,119,0.95906664
IT0003697080,42889783,GEO,EUR,2021-07-14,0.951,0.9529,0.9417,0.9492,216780,124,0.9468522
IT0003697080,42889783,GEO,EUR,2021-07-15,0.9417,0.9417,0.9193,0.9231,412622,246,0.93025548
IT0003697080,42889783,GEO,EUR,2021-07-16,0.9231,0.9259,0.8876,0.8914,852018,497,0.90386856
IT0003697080,42889783,GEO,EUR,2021-07-19,0.8699,0.8914,0.841,0.8578,1399545,650,0.86312268
IT0003697080,42889783,GEO,EUR,2021-07-20,0.869,0.8951,0.8569,0.8839,660490,369,0.88046532
IT0003697080,42889783,GEO,EUR,2021-07-21,0.8839,0.9315,0.883,0.924,481536,387,0.90992916
IT0003697080,42889783,GEO,EUR,2021-07-22,0.8951,0.9753,0.8951,0.9361,1017691,514,0.95132772
IT0003697080,42889783,GEO,EUR,2021-07-23,0.951,0.9566,0.9343,0.9436,254919,216,0.946386
IT0003697080,42889783,GEO,EUR,2021-07-26,0.9436,0.9622,0.9343,0.9566,274077,308,0.94741164
IT0003697080,42889783,GEO,EUR,2021-07-27,0.966,0.9678,0.9436,0.9455,335832,215,0.95067504
IT0003697080,42889783,GEO,EUR,2021-07-28,0.966,0.9678,0.9417,0.966,228814,156,0.9589734
IT0003697080,42889783,GEO,EUR,2021-07-29,0.9772,0.9883,0.9678,0.9883,638671,328,0.97752816
IT0003697080,42889783,GEO,EUR,2021-07-30,0.9921,1.0984,0.9734,1.0834,3423703,1869,1.04885676
IT0003697080,42889783,GEO,EUR,2021-08-02,1.1002,1.1357,1.0629,1.0872,1987635,895,1.10461428
IT0003697080,42889783,GEO,EUR,2021-08-03,1.0984,1.1021,1.0573,1.0723,784619,453,1.07888004
IT0003697080,42889783,GEO,EUR,2021-08-04,1.0723,1.076,1.0387,1.0573,580745,330,1.05305256
IT0003697080,42889783,GEO,EUR,2021-08-05,1.0629,1.076,1.0406,1.0723,308146,215,1.05808752
IT0003697080,42889783,GEO,EUR,2021-08-06,1.0779,1.0816,1.0573,1.0723,381414,268,1.07207352
IT0003697080,42889783,GEO,EUR,2021-08-09,1.0834,1.1096,1.0723,1.0928,613837,321,1.09212012
IT0003697080,42889783,GEO,EUR,2021-08-10,1.1096,1.1096,1.0723,1.1002,615805,439,1.09762128
IT0003697080,42889783,GEO,EUR,2021-08-11,1.0797,1.1077,1.0797,1.1077,558244,347,1.09780776
IT0003697080,42889783,GEO,EUR,2021-08-12,1.1096,1.1096,1.0853,1.0872,372127,305,1.09901988
IT0003697080,42889783,GEO,EUR,2021-08-13,1.0928,1.0946,1.0816,1.0909,320884,271,1.08783108
IT0003697080,42889783,GEO,EUR,2021-08-16,1.0834,1.0984,1.0648,1.0723,400676,285,1.07682876
IT0003697080,42889783,GEO,EUR,2021-08-17,1.0629,1.0667,1.0499,1.0592,270250,243,1.05706188
IT0003697080,42889783,GEO,EUR,2021-08-18,1.0536,1.0965,1.0536,1.0909,394024,394,1.08270288
IT0003697080,42889783,GEO,EUR,2021-08-19,1.0555,1.0741,1.0536,1.0536,235518,203,1.06097796
IT0003697080,42889783,GEO,EUR,2021-08-20,1.0536,1.0536,1.0275,1.0387,348780,244,1.037295
IT0003697080,42889783,GEO,EUR,2021-08-23,1.0536,1.0685,1.0443,1.0443,171775,118,1.05342552
IT0003697080,42889783,GEO,EUR,2021-08-24,1.0592,1.0592,1.0331,1.048,232316,162,1.03953276
IT0003697080,42889783,GEO,EUR,2021-08-25,1.0611,1.0611,1.0387,1.0536,195237,177,1.05193368
IT0003697080,42889783,GEO,EUR,2021-08-26,1.0406,1.0536,1.0387,1.048,138318,134,1.04531364
IT0003697080,42889783,GEO,EUR,2021-08-27,1.0462,1.0723,1.0406,1.0573,160932,138,1.05612948
IT0003697080,42889783,GEO,EUR,2021-08-30,1.0536,1.0592,1.048,1.0592,166522,114,1.05333228
IT0003697080,42889783,GEO,EUR,2021-08-31,1.0629,1.0629,1.0368,1.048,199053,188,1.04531364
IT0003697080,42889783,GEO,EUR,2021-09-01,1.0536,1.0611,1.0387,1.0555,269648,214,1.05044184
IT0003697080,42889783,GEO,EUR,2021-09-02,1.0536,1.0592,1.0443,1.048,165829,208,1.05062832
IT0003697080,42889783,GEO,EUR,2021-09-03,1.0406,1.0517,1.035,1.048,288904,179,1.04344884
IT0003697080,42889783,GEO,EUR,2021-09-06,1.0443,1.0573,1.0443,1.0555,233520,180,1.05193368
IT0003697080,42889783,GEO,EUR,2021-09-07,1.0573,1.0704,1.048,1.0592,323909,192,1.05911316
IT0003697080,42889783,GEO,EUR,2021-09-08,1.0462,1.0611,1.0406,1.0406,297304,286,1.04867028
IT0003697080,42889783,GEO,EUR,2021-09-09,1.0424,1.0611,1.0275,1.0611,262743,198,1.04074488
IT0003697080,42889783,GEO,EUR,2021-09-10,1.0611,1.0723,1.0368,1.0443,258933,307,1.05435792
IT0003697080,42889783,GEO,EUR,2021-09-13,1.0443,1.048,1.0033,1.0182,487011,333,1.02573324
IT0003697080,42889783,GEO,EUR,2021-09-14,1.007,1.0238,1.0033,1.0089,370279,260,1.01016216
IT0003697080,42889783,GEO,EUR,2021-09-15,1.0089,1.02,0.9716,0.9809,672864,479,0.98330904
IT0003697080,42889783,GEO,EUR,2021-09-16,0.9697,0.9977,0.9697,0.9753,233274,188,0.98340228
IT0003697080,42889783,GEO,EUR,2021-09-17,1.0126,1.0126,0.9716,0.979,384116,345,0.98470764
IT0003697080,42889783,GEO,EUR,2021-09-20,0.9697,0.9827,0.9455,0.9827,766145,412,0.95878692
IT0003697080,42889783,GEO,EUR,2021-09-21,1.0145,1.0145,0.9734,0.9883,274605,195,0.98908992
IT0003697080,42889783,GEO,EUR,2021-09-22,0.9883,0.9995,0.9734,0.9958,282278,165,0.98545356
IT0003697080,42889783,GEO,EUR,2021-09-23,1.0145,1.0256,1.0051,1.0107,235706,202,1.01557008
IT0003697080,42889783,GEO,EUR,2021-09-24,1.02,1.02,0.9977,1.0107,193206,127,1.0041948
IT0003697080,42889783,GEO,EUR,2021-09-27,1.0126,1.0536,1.0126,1.0424,531699,293,1.03272624
IT0003697080,42889783,GEO,EUR,2021-09-28,1.0462,1.048,0.9977,1.0014,433981,313,1.01715516
IT0003697080,42889783,GEO,EUR,2021-09-29,1.0163,1.0163,0.9809,0.9827,330724,272,0.99309924
IT0003697080,42889783,GEO,EUR,2021-09-30,1.0014,1.0107,0.9809,0.9883,219850,172,0.99552348
IT0003697080,42889783,GEO,EUR,2021-10-01,0.9697,1.0182,0.9697,1.0107,320663,224,1.0004652
IT0003697080,42889783,GEO,EUR,2021-10-04,0.9977,1.007,0.9809,0.9809,282065,252,0.99226008
IT0003697080,42889783,GEO,EUR,2021-10-05,0.9902,0.9902,0.9622,0.9809,477815,291,0.97566336
IT0003697080,42889783,GEO,EUR,2021-10-06,0.9809,0.9921,0.9492,0.9883,550552,367,0.96699204
IT0003697080,42889783,GEO,EUR,2021-10-07,0.9995,0.9995,0.9753,0.9958,249841,203,0.98619948
IT0003697080,42889783,GEO,EUR,2021-10-08,0.9902,1.0014,0.9809,0.9827,200994,224,0.99011556
IT0003697080,42889783,GEO,EUR,2021-10-11,0.9883,0.9883,0.9641,0.9753,256772,207,0.97407828
IT0003697080,42889783,GEO,EUR,2021-10-12,0.9753,0.9883,0.9604,0.9846,302300,234,0.97985916
IT0003697080,42889783,GEO,EUR,2021-10-13,0.9846,1.0033,0.9827,1.0014,574924,291,0.99095472
IT0003697080,42889783,GEO,EUR,2021-10-14,1.007,1.0219,0.9902,1.0163,396130,264,1.00764468
IT0003697080,42889783,GEO,EUR,2021-10-15,1.0163,1.0331,1.0163,1.0238,318633,300,1.0237752
IT0003697080,42889783,GEO,EUR,2021-10-18,1.0163,1.0275,1.007,1.0163,170360,123,1.01762136
IT0003697080,42889783,GEO,EUR,2021-10-19,1.0014,1.035,1.0014,1.02,422859,226,1.02498732
IT0003697080,42889783,GEO,EUR,2021-10-20,1.0126,1.0424,1.0126,1.0424,403873,196,1.03039524
IT0003697080,42889783,GEO,EUR,2021-10-21,1.0331,1.0629,1.0107,1.0611,483039,345,1.04671224
IT0003697080,42889783,GEO,EUR,2021-10-22,1.0536,1.0723,1.0499,1.0573,282274,194,1.05836724
IT0003697080,42889783,GEO,EUR,2021-10-25,1.0499,1.0685,1.0387,1.0443,227125,139,1.04811084
IT0003697080,42889783,GEO,EUR,2021-10-26,1.0499,1.0611,1.0462,1.0536,282440,167,1.0531458
IT0003697080,42889783,GEO,EUR,2021-10-27,1.0611,1.0667,1.0387,1.0499,433143,279,1.05323904
IT0003697080,42889783,GEO,EUR,2021-10-28,1.0555,1.0555,1.0275,1.0368,423444,236,1.04027868
IT0003697080,42889783,GEO,EUR,2021-10-29,1.0294,1.035,1.02,1.0219,295944,188,1.0270386
IT0003697080,42889783,GEO,EUR,2021-11-01,1.0238,1.0499,1.0238,1.0406,330363,287,1.04018544
IT0003697080,42889783,GEO,EUR,2021-11-02,1.0275,1.0499,1.0238,1.0424,254497,176,1.03710852
IT0003697080,42889783,GEO,EUR,2021-11-03,1.0294,1.0462,1.02,1.0312,269544,165,1.03253976
IT0003697080,42889783,GEO,EUR,2021-11-04,1.0368,1.0573,1.0294,1.0573,424839,333,1.04671224
IT0003697080,42889783,GEO,EUR,2021-11-05,1.0629,1.0909,1.0592,1.0834,886474,578,1.0787868
IT0003697080,42889783,GEO,EUR,2021-11-08,1.1002,1.2289,1.0909,1.2289,5991599,2899,1.17799416
IT0003697080,42889783,GEO,EUR,2021-11-09,1.2214,1.2587,1.186,1.2494,3862803,1870,1.22908968
IT0003697080,42889783,GEO,EUR,2021-11-10,1.2494,1.2998,1.1972,1.2438,3183761,1534,1.25538336
IT0003697080,42889783,GEO,EUR,2021-11-11,1.2084,1.2662,1.1972,1.227,1144811,669,1.22815728
IT0003697080,42889783,GEO,EUR,2021-11-12,1.2028,1.2121,1.1207,1.1618,2956840,1601,1.16484732
IT0003697080,42889783,GEO,EUR,2021-11-15,1.1767,1.1916,1.1226,1.1245,940282,551,1.14069816
IT0003697080,42889783,GEO,EUR,2021-11-16,1.1263,1.1599,1.1189,1.1226,889633,483,1.135197
IT0003697080,42889783,GEO,EUR,2021-11-17,1.1319,1.1319,1.0928,1.1021,936905,596,1.11039516
IT0003697080,42889783,GEO,EUR,2021-11-18,1.0946,1.1207,1.0816,1.0834,592699,366,1.097901
IT0003697080,42889783,GEO,EUR,2021-11-19,1.0834,1.0872,1.0331,1.0443,1133640,628,1.0522134
IT0003697080,42889783,GEO,EUR,2021-11-22,1.0629,1.0629,1.0294,1.0331,848609,420,1.0435887
IT0003697080,42889783,GEO,EUR,2021-11-23,1.0275,1.048,1.0107,1.0238,747199,452,1.02265632
IT0003697080,42889783,GEO,EUR,2021-11-24,1.035,1.0536,0.9977,1.0182,2824198,889,1.02615282
IT0003697080,42889783,GEO,EUR,2021-11-25,1.035,1.0424,1.0126,1.0126,1282385,483,1.02288942
IT0003697080,42889783,GEO,EUR,2021-11-26,0.9977,1.0275,0.9529,0.9566,3617066,1030,0.97421814
IT0003697080,42889783,GEO,EUR,2021-11-29,0.9622,1.0107,0.9436,0.9641,1703757,729,0.9685305
IT0003697080,42889783,GEO,EUR,2021-11-30,0.9697,0.9958,0.9436,0.9622,1552931,673,0.96400836
IT0003697080,42889783,GEO,EUR,2021-12-01,0.979,1.0145,0.9641,1.0107,1063394,553,0.99412488
IT0003697080,42889783,GEO,EUR,2021-12-02,1.0219,1.0219,0.9846,0.9958,1460705,651,0.9995328
IT0003697080,42889783,GEO,EUR,2021-12-03,1.0126,1.0406,0.9939,1.0089,2194959,1052,1.01757474
IT0003697080,42889783,GEO,EUR,2021-12-06,1.0107,1.0107,0.9622,0.9883,1619385,647,0.98149086
IT0003697080,42889783,GEO,EUR,2021-12-07,0.9809,1.0238,0.9809,1.0219,836532,366,1.00853046
IT0003697080,42889783,GEO,EUR,2021-12-08,1.0256,1.0275,0.9958,1.0089,780703,424,1.00936962
IT0003697080,42889783,GEO,EUR,2021-12-09,1.0014,1.0163,0.9977,1.0014,292413,197,1.00689876
IT0003697080,42889783,GEO,EUR,2021-12-10,1.0014,1.0126,0.9809,0.9939,525155,233,0.99911322
IT0003697080,42889783,GEO,EUR,2021-12-13,1.0238,1.0275,0.9772,0.9809,839550,345,1.00703862
IT0003697080,42889783,GEO,EUR,2021-12-14,0.9883,0.9939,0.9697,0.9846,966737,562,0.98480088
IT0003697080,42889783,GEO,EUR,2021-12-15,0.9977,0.9977,0.9678,0.9772,346459,213,0.97752816
IT0003697080,42889783,GEO,EUR,2021-12-16,0.9958,1.0014,0.9734,0.9734,291231,196,0.9878778
IT0003697080,42889783,GEO,EUR,2021-12-17,0.9604,0.979,0.9604,0.9753,254614,197,0.96834402
IT0003697080,42889783,GEO,EUR,2021-12-20,0.9529,0.9716,0.9473,0.9716,603089,311,0.95459112
IT0003697080,42889783,GEO,EUR,2021-12-21,0.9678,0.9753,0.9529,0.9622,352772,265,0.96288948
IT0003697080,42889783,GEO,EUR,2021-12-22,0.9734,0.9827,0.9697,0.9697,242145,152,0.9748242
IT0003697080,42889783,GEO,EUR,2021-12-23,0.9772,0.9977,0.9716,0.979,454340,216,0.98559342
IT0003697080,42889783,GEO,EUR,2021-12-27,0.9697,1.0051,0.9697,1.0033,317010,199,0.99566334
IT0003697080,42889783,GEO,EUR,2021-12-28,0.9772,1.0145,0.9772,1.0089,372239,226,1.00750482
IT0003697080,42889783,GEO,EUR,2021-12-29,0.9902,1.0126,0.9902,0.9995,299551,165,1.00135098
IT0003697080,42889783,GEO,EUR,2021-12-30,1.007,1.007,0.9809,0.9977,252043,154,0.9923067
IT0003697080,42889783,GEO,EUR,2022-01-03,0.9846,1.0182,0.9846,0.9977,318982,210,1.00717848
IT0003697080,42889783,GEO,EUR,2022-01-04,1.007,1.0667,1.007,1.048,1833623,932,1.04797098
IT0003697080,42889783,GEO,EUR,2022-01-05,1.0517,1.0611,1.0275,1.0368,891967,468,1.03976586
IT0003697080,42889783,GEO,EUR,2022-01-06,1.0387,1.048,1.0033,1.0312,507560,340,1.0291365
IT0003697080,42889783,GEO,EUR,2022-01-07,1.035,1.0462,1.0033,1.0033,509948,304,1.0179477
IT0003697080,42889783,GEO,EUR,2022-01-10,1.0051,1.02,0.9772,0.9865,658948,331,0.99496404
IT0003697080,42889783,GEO,EUR,2022-01-11,0.9977,0.9995,0.9772,0.9772,597223,314,0.9869454
IT0003697080,42889783,GEO,EUR,2022-01-12,0.9902,0.9902,0.9734,0.9772,452316,285,0.98191044
IT0003697080,42889783,GEO,EUR,2022-01-13,0.979,0.9883,0.9678,0.9678,334199,222,0.9762228
IT0003697080,42889783,GEO,EUR,2022-01-14,0.9641,0.9809,0.9604,0.9678,387396,191,0.97151418
IT0003697080,42889783,GEO,EUR,2022-01-17,0.9697,0.9753,0.9622,0.966,247072,129,0.96834402
IT0003697080,42889783,GEO,EUR,2022-01-18,0.9734,0.9734,0.9548,0.9641,360058,191,0.96195708
IT0003697080,42889783,GEO,EUR,2022-01-19,0.9604,0.9716,0.9529,0.9566,482417,237,0.95939298
IT0003697080,42889783,GEO,EUR,2022-01-20,0.9641,0.9809,0.9566,0.9753,365518,145,0.96881022
IT0003697080,42889783,GEO,EUR,2022-01-21,0.9753,0.9809,0.9548,0.9697,370932,150,0.96447456
IT0003697080,42889783,GEO,EUR,2022-01-24,0.9529,0.966,0.9175,0.9315,1320251,490,0.94340232
IT0003697080,42889783,GEO,EUR,2022-01-25,0.9417,0.9417,0.8998,0.91,713039,425,0.91915992
IT0003697080,42889783,GEO,EUR,2022-01-26,0.9054,0.9548,0.9054,0.9548,775729,324,0.93668904
IT0003697080,42889783,GEO,EUR,2022-01-27,0.951,0.9548,0.9231,0.9548,584546,332,0.94391514
IT0003697080,42889783,GEO,EUR,2022-01-28,0.938,0.9548,0.9296,0.9343,224093,170,0.93664242
IT0003697080,42889783,GEO,EUR,2022-01-31,0.9585,0.9585,0.9221,0.938,358972,248,0.9354303
IT0003697080,42889783,GEO,EUR,2022-02-01,0.9399,0.9772,0.9361,0.9697,990022,444,0.95785452
IT0003697080,42889783,GEO,EUR,2022-02-02,0.9772,1.0051,0.9716,0.9977,829479,370,0.9932391
IT0003697080,42889783,GEO,EUR,2022-02-03,0.979,0.9995,0.979,0.979,313469,192,0.98675892
IT0003697080,42889783,GEO,EUR,2022-02-04,0.9921,1.0014,0.9622,0.9678,469155,268,0.98074494
IT0003697080,42889783,GEO,EUR,2022-02-07,0.9604,0.9846,0.9529,0.9641,247454,143,0.96088482
IT0003697080,42889783,GEO,EUR,2022-02-08,0.966,0.966,0.9361,0.938,365308,205,0.94853052
IT0003697080,42889783,GEO,EUR,2022-02-09,0.9492,0.9529,0.9203,0.9343,1329917,406,0.94260978
IT0003697080,42889783,GEO,EUR,2022-02-10,0.9361,0.9529,0.9343,0.9529,362392,331,0.9424233
IT0003697080,42889783,GEO,EUR,2022-02-11,0.9324,0.9604,0.9305,0.9455,443719,240,0.94004568
IT0003697080,42889783,GEO,EUR,2022-02-14,0.9249,0.9324,0.8895,0.9324,1177453,657,0.90950958
IT0003697080,42889783,GEO,EUR,2022-02-15,0.9203,0.9529,0.9184,0.951,752094,501,0.9461529
IT0003697080,42889783,GEO,EUR,2022-02-16,0.9548,0.9697,0.9436,0.9585,492204,259,0.9564093
IT0003697080,42889783,GEO,EUR,2022-02-17,0.966,0.966,0.9455,0.9492,365745,224,0.95146758
IT0003697080,42889783,GEO,EUR,2022-02-18,0.9604,0.9604,0.9259,0.9436,366983,209,0.93925314
IT0003697080,42889783,GEO,EUR,2022-02-21,0.9249,0.951,0.9044,0.9184,780434,418,0.92316924
IT0003697080,42889783,GEO,EUR,2022-02-22,0.8858,0.9184,0.8746,0.9156,676056,345,0.89762148
IT0003697080,42889783,GEO,EUR,2022-02-23,0.9147,0.9343,0.91,0.9231,646578,329,0.9219105
IT0003697080,42889783,GEO,EUR,2022-02-24,0.8671,0.9044,0.758,0.7935,4835208,2233,0.806526
IT0003697080,42889783,GEO,EUR,2022-02-25,0.8019,0.8159,0.7795,0.8065,1937484,938,0.80130456
IT0003697080,42889783,GEO,EUR,2022-02-28,0.7748,0.7869,0.759,0.7758,1154699,586,0.77254002
IT0003697080,42889783,GEO,EUR,2022-03-01,0.7748,0.8028,0.7357,0.7357,1105486,603,0.77053536
IT0003697080,42889783,GEO,EUR,2022-03-02,0.7347,0.7599,0.7207,0.7515,790901,454,0.74093166
IT0003697080,42889783,GEO,EUR,2022-03-03,0.7627,0.7786,0.7152,0.7152,768700,410,0.73608318
IT0003697080,42889783,GEO,EUR,2022-03-04,0.7179,0.7245,0.6527,0.6545,1864251,731,0.67603662
IT0003697080,42889783,GEO,EUR,2022-03-07,0.62,0.689,0.5995,0.6695,1235088,522,0.6452208
IT0003697080,42889783,GEO,EUR,2022-03-08,0.689,0.703,0.6695,0.69,508113,328,0.69118812
IT0003697080,42889783,GEO,EUR,2022-03-09,0.717,0.7524,0.7012,0.7524,1983469,646,0.73398528
IT0003697080,42889783,GEO,EUR,2022-03-10,0.759,0.759,0.7114,0.7124,588483,308,0.72596664
IT0003697080,42889783,GEO,EUR,2022-03-11,0.7273,0.7487,0.717,0.7198,888215,418,0.72909018
IT0003697080,42889783,GEO,EUR,2022-03-14,0.7469,0.758,0.7161,0.7441,523384,236,0.74456802
IT0003697080,42889783,GEO,EUR,2022-03-15,0.7599,0.7599,0.7226,0.7301,361094,185,0.7326333
IT0003697080,42889783,GEO,EUR,2022-03-16,0.759,0.773,0.7413,0.7702,555198,300,0.76354236
IT0003697080,42889783,GEO,EUR,2022-03-17,0.7552,0.7767,0.7552,0.7702,607923,228,0.76778478
IT0003697080,42889783,GEO,EUR,2022-03-18,0.7786,0.7814,0.7506,0.7683,280941,132,0.76857732
IT0003697080,42889783,GEO,EUR,2022-03-21,0.7711,0.814,0.7692,0.7907,1072748,545,0.79985934
IT0003697080,42889783,GEO,EUR,2022-03-22,0.7841,0.8205,0.7841,0.8112,498974,289,0.81146772
IT0003697080,42889783,GEO,EUR,2022-03-23,0.8205,0.8289,0.7925,0.8047,634621,336,0.80764488
IT0003697080,42889783,GEO,EUR,2022-03-24,0.8168,0.8168,0.7953,0.8009,314138,170,0.80633952
IT0003697080,42889783,GEO,EUR,2022-03-25,0.7944,0.8205,0.7935,0.8121,309265,179,0.81034884
IT0003697080,42889783,GEO,EUR,2022-03-28,0.8205,0.8354,0.814,0.8242,310615,207,0.82526724
IT0003697080,42889783,GEO,EUR,2022-03-29,0.8336,0.8662,0.8233,0.8615,697040,413,0.85025556
IT0003697080,42889783,GEO,EUR,2022-03-30,0.8662,0.8783,0.8494,0.855,373500,213,0.8603721
IT0003697080,42889783,GEO,EUR,2022-03-31,0.8653,0.8653,0.8214,0.8345,503756,280,0.83622294
IT0003697080,42889783,GEO,EUR,2022-04-01,0.8345,0.8448,0.8168,0.8168,494960,225,0.82811106
IT0003697080,42889783,GEO,EUR,2022-04-04,0.8336,0.8345,0.8065,0.8233,273693,185,0.81757494
IT0003697080,42889783,GEO,EUR,2022-04-05,0.8298,0.8438,0.8112,0.8131,351701,237,0.83016234
IT0003697080,42889783,GEO,EUR,2022-04-06,0.8168,0.8224,0.7692,0.7786,562271,335,0.7871787
IT0003697080,42889783,GEO,EUR,2022-04-07,0.7646,0.7879,0.7571,0.7702,353917,216,0.77417172
IT0003697080,42889783,GEO,EUR,2022-04-08,0.7692,0.7972,0.7692,0.7767,308923,182,0.78288966
IT0003697080,42889783,GEO,EUR,2022-04-11,0.8093,0.8093,0.7543,0.7683,505561,315,0.764568
IT0003697080,42889783,GEO,EUR,2022-04-12,0.7636,0.7841,0.759,0.7832,302952,237,0.77501088
IT0003697080,42889783,GEO,EUR,2022-04-13,0.7739,0.786,0.7711,0.7823,170180,148,0.7797195
IT0003697080,42889783,GEO,EUR,2022-04-14,0.7925,0.7925,0.7804,0.7814,132943,107,0.78545376
IT0003697080,42889783,GEO,EUR,2022-04-19,0.7832,0.7991,0.7776,0.786,247307,137,0.78960294
IT0003697080,42889783,GEO,EUR,2022-04-20,0.7991,0.8112,0.7935,0.8019,328147,171,0.80456796
IT0003697080,42889783,GEO,EUR,2022-04-21,0.8149,0.8149,0.7907,0.7907,360547,183,0.80503416
IT0003697080,42889783,GEO,EUR,2022-04-22,0.7804,0.7972,0.7795,0.7916,129867,87,0.78978942
IT0003697080,42889783,GEO,EUR,2022-04-25,0.7832,0.7832,0.7646,0.7702,164894,138,0.7731927
IT0003697080,42889783,GEO,EUR,2022-04-26,0.7655,0.7748,0.7524,0.7524,232010,169,0.76144446
IT0003697080,42889783,GEO,EUR,2022-04-27,0.7506,0.758,0.7357,0.7459,214656,183,0.74811114
IT0003697080,42889783,GEO,EUR,2022-04-28,0.7552,0.7664,0.7496,0.7543,185296,132,0.75981276
IT0003697080,42889783,GEO,EUR,2022-04-29,0.7748,0.7758,0.7608,0.7692,111532,98,0.76881042
IT0003697080,42889783,GEO,EUR,2022-05-02,0.7692,0.7804,0.7608,0.7795,138044,110,0.7717941
IT0003697080,42889783,GEO,EUR,2022-05-03,0.7869,0.7935,0.772,0.7814,208480,176,0.78214374
IT0003697080,42889783,GEO,EUR,2022-05-04,0.7832,0.7841,0.7608,0.7767,205646,152,0.77473116
IT0003697080,42889783,GEO,EUR,2022-05-05,0.7683,0.7925,0.7571,0.758,268059,310,0.77309946
IT0003697080,42889783,GEO,EUR,2022-05-06,0.7552,0.7683,0.7469,0.759,191350,173,0.7538454
IT0003697080,42889783,GEO,EUR,2022-05-09,0.759,0.7608,0.7273,0.7273,419312,318,0.73724868
IT0003697080,42889783,GEO,EUR,2022-05-10,0.7571,0.7571,0.7142,0.7366,229631,199,0.734265
IT0003697080,42889783,GEO,EUR,2022-05-11,0.745,0.7552,0.7338,0.7496,226470,212,0.74489436
IT0003697080,42889783,GEO,EUR,2022-05-12,0.7469,0.7711,0.7207,0.7711,437034,219,0.741258
IT0003697080,42889783,GEO,EUR,2022-05-13,0.7814,0.8093,0.7422,0.7562,715723,355,0.7769223
IT0003697080,42889783,GEO,EUR,2022-05-16,0.7562,0.7627,0.7394,0.7413,170202,169,0.74834424
IT0003697080,42889783,GEO,EUR,2022-05-17,0.7413,0.7664,0.7413,0.7496,207313,146,0.7550109
IT0003697080,42889783,GEO,EUR,2022-05-18,0.7552,0.7646,0.7282,0.7282,491436,303,0.73971954
IT0003697080,42889783,GEO,EUR,2022-05-19,0.7273,0.7282,0.7086,0.7282,474184,319,0.7191135
IT0003697080,42889783,GEO,EUR,2022-05-20,0.7375,0.7385,0.7133,0.7142,358296,224,0.72302958
IT0003697080,42889783,GEO,EUR,2022-05-23,0.7198,0.7282,0.7086,0.7189,175376,148,0.71580348
IT0003697080,42889783,GEO,EUR,2022-05-24,0.7273,0.7273,0.7068,0.7142,154059,121,0.71594334
IT0003697080,42889783,GEO,EUR,2022-05-25,0.7254,0.7254,0.7021,0.7179,199110,151,0.70941654
IT0003697080,42889783,GEO,EUR,2022-05-26,0.7198,0.7459,0.7142,0.7431,547018,281,0.7349643
IT0003697080,42889783,GEO,EUR,2022-05-27,0.7422,0.759,0.7366,0.7459,501218,262,0.75072186
IT0003697080,42889783,GEO,EUR,2022-05-30,0.7599,0.7646,0.7487,0.7646,182273,144,0.76009248
IT0003697080,42889783,GEO,EUR,2022-05-31,0.7646,0.772,0.7487,0.7599,164704,116,0.76018572
IT0003697080,42889783,GEO,EUR,2022-06-01,0.758,0.7646,0.7515,0.7608,107036,92,0.75888036
IT0003697080,42889783,GEO,EUR,2022-06-02,0.7683,0.7683,0.7534,0.7534,91484,66,0.75878712
IT0003697080,42889783,GEO,EUR,2022-06-03,0.7636,0.7636,0.7515,0.759,86832,81,0.7573419
IT0003697080,42889783,GEO,EUR,2022-06-06,0.759,0.7814,0.759,0.7814,334910,247,0.77463792
IT0003697080,42889783,GEO,EUR,2022-06-07,0.7776,0.7795,0.7664,0.7748,85017,94,0.77212044
IT0003697080,42889783,GEO,EUR,2022-06-08,0.7814,0.7991,0.7739,0.7851,247458,204,0.7850808
IT0003697080,42889783,GEO,EUR,2022-06-09,0.7674,0.7888,0.7655,0.7692,195694,145,0.77431158
IT0003697080,42889783,GEO,EUR,2022-06-10,0.7692,0.7692,0.7179,0.7179,538819,412,0.73650276
IT0003697080,42889783,GEO,EUR,2022-06-13,0.7179,0.7226,0.6993,0.7021,250444,236,0.70913682
IT0003697080,42889783,GEO,EUR,2022-06-14,0.7357,0.7357,0.6993,0.7105,176658,138,0.70783146
IT0003697080,42889783,GEO,EUR,2022-06-15,0.7338,0.7552,0.7207,0.7552,221899,134,0.7305354
IT0003697080,42889783,GEO,EUR,2022-06-16,0.7599,0.7599,0.7226,0.7273,212532,180,0.73920672
IT0003697080,42889783,GEO,EUR,2022-06-17,0.7534,0.7534,0.7217,0.7319,144463,127,0.73585008
IT0003697080,42889783,GEO,EUR,2022-06-20,0.7245,0.7506,0.7235,0.7235,189526,142,0.73491768
IT0003697080,42889783,GEO,EUR,2022-06-21,0.7459,0.7534,0.7366,0.7366,420529,181,0.7484841
IT0003697080,42889783,GEO,EUR,2022-06-22,0.7552,0.7552,0.717,0.7403,132906,86,0.72498762
IT0003697080,42889783,GEO,EUR,2022-06-23,0.7478,0.7478,0.6984,0.7012,540716,317,0.71524404
IT0003697080,42889783,GEO,EUR,2022-06-24,0.7086,0.7329,0.6937,0.7329,356652,227,0.70759836
IT0003697080,42889783,GEO,EUR,2022-06-27,0.7207,0.7338,0.7058,0.7226,209684,163,0.71939322
IT0003697080,42889783,GEO,EUR,2022-06-28,0.7179,0.731,0.717,0.7254,86294,79,0.72428832
IT0003697080,42889783,GEO,EUR,2022-06-29,0.7179,0.7254,0.7142,0.7254,182744,122,0.71971956
IT0003697080,42889783,GEO,EUR,2022-06-30,0.717,0.717,0.6844,0.689,259782,198,0.6960366
IT0003697080,42889783,GEO,EUR,2022-07-01,0.6834,0.7086,0.6741,0.6937,95833,90,0.69319278
IT0003697080,42889783,GEO,EUR,2022-07-04,0.69,0.7002,0.6844,0.6946,37131,50,0.69263334
IT0003697080,42889783,GEO,EUR,2022-07-05,0.7105,0.7105,0.6695,0.6713,113921,89,0.6766893
IT0003697080,42889783,GEO,EUR,2022-07-06,0.6993,0.6993,0.6713,0.6825,85028,83,0.68097834
IT0003697080,42889783,GEO,EUR,2022-07-07,0.6909,0.717,0.6881,0.7142,714726,297,0.70153776
IT0003697080,42889783,GEO,EUR,2022-07-08,0.6965,0.7198,0.6965,0.717,145184,105,0.71179416
IT0003697080,42889783,GEO,EUR,2022-07-11,0.7096,0.7263,0.7096,0.7161,96503,83,0.71799462
IT0003697080,42889783,GEO,EUR,2022-07-12,0.7068,0.7068,0.6881,0.6881,122104,116,0.6951042
IT0003697080,42889783,GEO,EUR,2022-07-13,0.7002,0.7002,0.6676,0.6713,131996,108,0.68079186
IT0003697080,42889783,GEO,EUR,2022-07-14,0.6704,0.6807,0.6378,0.6807,209089,161,0.65393874
IT0003697080,42889783,GEO,EUR,2022-07-15,0.6872,0.6881,0.6555,0.6713,92083,88,0.6657336
IT0003697080,42889783,GEO,EUR,2022-07-18,0.6536,0.6881,0.6536,0.662,67722,61,0.6780879
IT0003697080,42889783,GEO,EUR,2022-07-19,0.6862,0.7431,0.6807,0.7422,714275,450,0.7221438
IT0003697080,42889783,GEO,EUR,2022-07-20,0.745,0.7664,0.7152,0.7198,236619,149,0.73412514
IT0003697080,42889783,GEO,EUR,2022-07-21,0.7012,0.7161,0.6918,0.7142,181758,162,0.7030296
IT0003697080,42889783,GEO,EUR,2022-07-22,0.717,0.7524,0.717,0.7366,307563,262,0.73943982
IT0003697080,42889783,GEO,EUR,2022-07-25,0.7366,0.745,0.7235,0.7301,92142,58,0.73067526
IT0003697080,42889783,GEO,EUR,2022-07-26,0.7301,0.7515,0.7133,0.7319,68720,76,0.72349578
IT0003697080,42889783,GEO,EUR,2022-07-27,0.7413,0.7413,0.7114,0.731,93975,74,0.72060534
IT0003697080,42889783,GEO,EUR,2022-07-28,0.7329,0.7534,0.7329,0.7496,270249,150,0.74442816
IT0003697080,42889783,GEO,EUR,2022-07-29,0.7552,0.7674,0.7375,0.7403,521695,306,0.75403188
IT0003697080,42889783,GEO,EUR,2022-08-01,0.7413,0.786,0.7413,0.7469,548950,300,0.77114142
IT0003697080,42889783,GEO,EUR,2022-08-02,0.7683,0.7739,0.7515,0.7664,171443,144,0.76349574
IT0003697080,42889783,GEO,EUR,2022-08-03,0.7869,0.7916,0.7748,0.7776,347613,195,0.78349572
IT0003697080,42889783,GEO,EUR,2022-08-04,0.7804,0.8205,0.7767,0.8177,658003,384,0.80344908
IT0003697080,42889783,GEO,EUR,2022-08-05,0.8205,0.8205,0.7944,0.8075,194246,124,0.80671248
IT0003697080,42889783,GEO,EUR,2022-08-08,0.7925,0.8009,0.7702,0.7702,680716,219,0.78480108
IT0003697080,42889783,GEO,EUR,2022-08-09,0.7795,0.7795,0.7524,0.7543,108836,85,0.76867056
IT0003697080,42889783,GEO,EUR,2022-08-10,0.7459,0.772,0.7459,0.7702,113583,86,0.75934656
IT0003697080,42889783,GEO,EUR,2022-08-11,0.7758,0.8065,0.7674,0.7879,278777,200,0.78936984
IT0003697080,42889783,GEO,EUR,2022-08-12,0.773,0.8186,0.773,0.8047,656008,351,0.80689896
IT0003697080,42889783,GEO,EUR,2022-08-16,0.8177,0.8289,0.8037,0.8093,482548,249,0.8167824
IT0003697080,42889783,GEO,EUR,2022-08-17,0.8196,0.827,0.7851,0.7972,235029,179,0.80811108
IT0003697080,42889783,GEO,EUR,2022-08-18,0.786,0.8056,0.786,0.7916,112059,94,0.79421832
IT0003697080,42889783,GEO,EUR,2022-08-19,0.7916,0.8028,0.7711,0.7711,195726,130,0.78452136
IT0003697080,42889783,GEO,EUR,2022-08-22,0.7814,0.7814,0.7413,0.7413,269978,171,0.75328596
IT0003697080,42889783,GEO,EUR,2022-08-23,0.7562,0.7674,0.7478,0.7562,119769,103,0.75785472
IT0003697080,42889783,GEO,EUR,2022-08-24,0.7422,0.7571,0.7422,0.7524,147442,107,0.75039552
IT0003697080,42889783,GEO,EUR,2022-08-25,0.7552,0.7608,0.7273,0.7608,160567,305,0.74377548
IT0003697080,42889783,GEO,EUR,2022-08-26,0.7543,0.7543,0.7319,0.7478,180524,139,0.74256336
IT0003697080,42889783,GEO,EUR,2022-08-29,0.7338,0.7552,0.7254,0.7459,248295,145,0.74088504
IT0003697080,42889783,GEO,EUR,2022-08-30,0.7487,0.7496,0.7235,0.7431,199349,107,0.73118808
IT0003697080,42889783,GEO,EUR,2022-08-31,0.7422,0.7422,0.7179,0.7217,192233,112,0.72689904
IT0003697080,42889783,GEO,EUR,2022-09-01,0.7422,0.7422,0.7105,0.7235,180484,127,0.71832096
IT0003697080,42889783,GEO,EUR,2022-09-02,0.7366,0.7366,0.7152,0.7357,116387,111,0.72624636
IT0003697080,42889783,GEO,EUR,2022-09-05,0.717,0.7263,0.7096,0.7179,157769,142,0.71384544
IT0003697080,42889783,GEO,EUR,2022-09-06,0.7263,0.7263,0.7058,0.7133,76988,98,0.71636292
IT0003697080,42889783,GEO,EUR,2022-09-07,0.7357,0.7357,0.7049,0.7077,98229,124,0.71058204
IT0003697080,42889783,GEO,EUR,2022-09-08,0.7077,0.7198,0.6974,0.7049,170049,115,0.70470792
IT0003697080,42889783,GEO,EUR,2022-09-09,0.7198,0.7273,0.7142,0.7142,73155,68,0.72046548
IT0003697080,42889783,GEO,EUR,2022-09-12,0.7179,0.7366,0.7179,0.731,85869,81,0.72904356
IT0003697080,42889783,GEO,EUR,2022-09-13,0.7431,0.7431,0.7226,0.7329,57395,57,0.73221372
IT0003697080,42889783,GEO,EUR,2022-09-14,0.7198,0.7431,0.7198,0.7226,95099,56,0.73463796
IT0003697080,42889783,GEO,EUR,2022-09-15,0.7254,0.7291,0.7124,0.7124,187061,100,0.71999928
IT0003697080,42889783,GEO,EUR,2022-09-16,0.7124,0.7161,0.6965,0.7012,94539,54,0.70414848
IT0003697080,42889783,GEO,EUR,2022-09-19,0.7263,0.7263,0.703,0.7189,32510,35,0.71776152
IT0003697080,42889783,GEO,EUR,2022-09-20,0.7114,0.7254,0.7086,0.7086,48770,45,0.71552376
IT0003697080,42889783,GEO,EUR,2022-09-21,0.717,0.7207,0.6965,0.7049,145275,137,0.70731864
IT0003697080,42889783,GEO,EUR,2022-09-22,0.6956,0.7114,0.6937,0.7114,47059,42,0.69967296
IT0003697080,42889783,GEO,EUR,2022-09-23,0.7179,0.7301,0.6862,0.6862,188751,190,0.70694568
IT0003697080,42889783,GEO,EUR,2022-09-26,0.7235,0.7235,0.6807,0.6807,151766,133,0.69473124
IT0003697080,42889783,GEO,EUR,2022-09-27,0.6807,0.6918,0.6536,0.6639,220712,142,0.67543056
IT0003697080,42889783,GEO,EUR,2022-09-28,0.662,0.6732,0.6471,0.6555,220363,184,0.65836764
IT0003697080,42889783,GEO,EUR,2022-09-29,0.6434,0.6601,0.6434,0.6471,55626,52,0.64969632
IT0003697080,42889783,GEO,EUR,2022-09-30,0.69,0.7049,0.6564,0.676,115684,115,0.6764562
IT0003697080,42889783,GEO,EUR,2022-10-03,0.6713,0.6853,0.6583,0.6853,62256,90,0.66964968
IT0003697080,42889783,GEO,EUR,2022-10-04,0.6844,0.7049,0.6844,0.6928,141728,98,0.69724872
IT0003697080,42889783,GEO,EUR,2022-10-05,0.7245,0.7245,0.6825,0.6918,197145,89,0.69864732
IT0003697080,42889783,GEO,EUR,2022-10-06,0.7077,0.7077,0.69,0.6965,32767,30,0.6941718
IT0003697080,42889783,GEO,EUR,2022-10-07,0.6788,0.704,0.6788,0.6965,52889,52,0.69594336
IT0003697080,42889783,GEO,EUR,2022-10-10,0.6788,0.6993,0.6751,0.689,118416,106,0.68139792
IT0003697080,42889783,GEO,EUR,2022-10-11,0.6825,0.6881,0.676,0.6872,44521,32,0.67766832
IT0003697080,42889783,GEO,EUR,2022-10-12,0.6779,0.6872,0.6769,0.6862,14098,17,0.68214384
IT0003697080,42889783,GEO,EUR,2022-10-13,0.6807,0.7021,0.6807,0.6872,111583,65,0.6895098
IT0003697080,42889783,GEO,EUR,2022-10-14,0.6788,0.7021,0.6667,0.6816,77091,90,0.69128136
IT0003697080,42889783,GEO,EUR,2022-10-17,0.6946,0.6993,0.6853,0.6956,24345,30,0.6918408
IT0003697080,42889783,GEO,EUR,2022-10-18,0.6928,0.7086,0.6881,0.69,120445,104,0.69874056
IT0003697080,42889783,GEO,EUR,2022-10-19,0.703,0.7058,0.6909,0.6909,16838,25,0.70041888
IT0003697080,42889783,GEO,EUR,2022-10-20,0.6909,0.7086,0.6909,0.704,39802,50,0.70405524
IT0003697080,42889783,GEO,EUR,2022-10-21,0.7049,0.7077,0.6965,0.7077,29566,41,0.70228368
IT0003697080,42889783,GEO,EUR,2022-10-24,0.7077,0.7235,0.703,0.7124,82975,78,0.71459136
IT0003697080,42889783,GEO,EUR,2022-10-25,0.7133,0.7291,0.7114,0.7282,64032,62,0.72111816
IT0003697080,42889783,GEO,EUR,2022-10-26,0.7124,0.7441,0.7124,0.7347,170568,142,0.7375284
IT0003697080,42889783,GEO,EUR,2022-10-27,0.7347,0.7459,0.7347,0.7441,138923,98,0.74135124
IT0003697080,42889783,GEO,EUR,2022-10-28,0.745,0.7459,0.7366,0.7403,80410,55,0.74135124
IT0003697080,42889783,GEO,EUR,2022-10-31,0.7422,0.7543,0.7329,0.7515,125294,115,0.74713212
IT0003697080,42889783,GEO,EUR,2022-11-01,0.7552,0.7646,0.7487,0.7562,158012,159,0.75953304
IT0003697080,42889783,GEO,EUR,2022-11-02,0.7627,0.7646,0.7487,0.7599,79786,82,0.75860064
IT0003697080,42889783,GEO,EUR,2022-11-03,0.758,0.7599,0.7366,0.7599,256694,189,0.74974284
IT0003697080,42889783,GEO,EUR,2022-11-04,0.7608,0.7683,0.745,0.7618,172646,183,0.75636288
IT0003697080,42889783,GEO,EUR,2022-11-07,0.7599,0.786,0.7599,0.772,167826,152,0.76904352
IT0003697080,42889783,GEO,EUR,2022-11-08,0.7823,0.7879,0.7711,0.7776,96029,111,0.77640948
IT0003697080,42889783,GEO,EUR,2022-11-09,0.7618,0.7869,0.7618,0.7776,197891,134,0.77696892
IT0003697080,42889783,GEO,EUR,2022-11-10,0.7925,0.8093,0.7776,0.8,571137,278,0.79701552
IT0003697080,42889783,GEO,EUR,2022-11-11,0.7888,0.8131,0.7841,0.8,238217,171,0.79701552
IT0003697080,42889783,GEO,EUR,2022-11-14,0.7888,0.8009,0.7851,0.7879,191168,105,0.7930062
IT0003697080,42889783,GEO,EUR,2022-11-15,0.7897,0.7981,0.7739,0.7739,201981,128,0.77957964
IT0003697080,42889783,GEO,EUR,2022-11-16,0.7758,0.7823,0.7543,0.7786,266126,169,0.76559364
IT0003697080,42889783,GEO,EUR,2022-11-17,0.7683,0.773,0.758,0.7655,106102,79,0.7641018
IT0003697080,42889783,GEO,EUR,2022-11-18,0.7674,0.772,0.7599,0.772,59183,46,0.76727196
IT0003697080,42889783,GEO,EUR,2022-11-21,0.7739,0.7739,0.7608,0.7646,50381,69,0.76671252
IT0003697080,42889783,GEO,EUR,2022-11-22,0.7618,0.7655,0.7543,0.759,89776,87,0.75888036
IT0003697080,42889783,GEO,EUR,2022-11-23,0.7552,0.7608,0.7329,0.7478,133510,95,0.75020904
IT0003697080,42889783,GEO,EUR,2022-11-24,0.7608,0.7664,0.7543,0.7655,145905,134,0.76139784
IT0003697080,42889783,GEO,EUR,2022-11-25,0.773,0.7767,0.7618,0.7767,90721,98,0.77118804
IT0003697080,42889783,GEO,EUR,2022-11-28,0.7608,0.7739,0.7599,0.7674,75641,60,0.76652604
IT0003697080,42889783,GEO,EUR,2022-11-29,0.7674,0.7786,0.7571,0.7767,107149,95,0.76857732
IT0003697080,42889783,GEO,EUR,2022-11-30,0.7692,0.7786,0.7692,0.7767,61744,50,0.7748244
IT0003697080,42889783,GEO,EUR,2022-12-01,0.7823,0.7823,0.7562,0.7646,241164,168,0.7673652
IT0003697080,42889783,GEO,EUR,2022-12-02,0.7664,0.7739,0.7646,0.7646,96055,85,0.76913676
IT0003697080,42889783,GEO,EUR,2022-12-05,0.7748,0.7879,0.7534,0.7786,127862,102,0.7729596
IT0003697080,42889783,GEO,EUR,2022-12-06,0.7618,0.7786,0.7618,0.7692,100978,122,0.76867056
IT0003697080,42889783,GEO,EUR,2022-12-07,0.7646,0.7655,0.759,0.7627,19674,34,0.76205052
IT0003697080,42889783,GEO,EUR,2022-12-08,0.7552,0.7646,0.7552,0.7571,16876,14,0.75841416
IT0003697080,42889783,GEO,EUR,2022-12-09,0.7571,0.759,0.7506,0.7552,80265,49,0.75533724
IT0003697080,42889783,GEO,EUR,2022-12-12,0.7515,0.7552,0.7515,0.7543,38066,22,0.75235356
IT0003697080,42889783,GEO,EUR,2022-12-13,0.7524,0.7758,0.7496,0.7552,284591,122,0.75645612
IT0003697080,42889783,GEO,EUR,2022-12-14,0.7646,0.7674,0.7469,0.7571,105340,67,0.75673584
IT0003697080,42889783,GEO,EUR,2022-12-15,0.7571,0.7571,0.7366,0.7459,153812,101,0.74517408
IT0003697080,42889783,GEO,EUR,2022-12-16,0.7441,0.7469,0.7394,0.7459,26758,27,0.74256336
IT0003697080,42889783,GEO,EUR,2022-12-19,0.7459,0.7459,0.7301,0.7366,54079,56,0.73827432
IT0003697080,42889783,GEO,EUR,2022-12-20,0.7366,0.745,0.7301,0.7347,131472,47,0.73724868
IT0003697080,42889783,GEO,EUR,2022-12-21,0.7469,0.7469,0.7357,0.7385,31990,32,0.73948644
IT0003697080,42889783,GEO,EUR,2022-12-22,0.7422,0.7469,0.7291,0.7385,84243,63,0.73715544
IT0003697080,42889783,GEO,EUR,2022-12-23,0.7431,0.7478,0.7347,0.7375,53331,46,0.741258
IT0003697080,42889783,GEO,EUR,2022-12-27,0.7394,0.7487,0.731,0.7366,49619,63,0.73771488
IT0003697080,42889783,GEO,EUR,2022-12-28,0.7469,0.7487,0.7338,0.7366,34452,42,0.73827432
IT0003697080,42889783,GEO,EUR,2022-12-29,0.7301,0.7506,0.7301,0.7506,115253,109,0.74396196
IT0003697080,42889783,GEO,EUR,2022-12-30,0.7394,0.7655,0.7394,0.7487,153340,131,0.75766824
IT0003697080,42889783,GEO,EUR,2023-01-02,0.7487,0.7692,0.7459,0.7552,192514,126,0.75552372
IT0003697080,42889783,GEO,EUR,2023-01-03,0.7552,0.7702,0.7459,0.7646,340142,252,0.76158432
IT0003697080,42889783,GEO,EUR,2023-01-04,0.7702,0.7767,0.7571,0.7646,295353,207,0.7678314
IT0003697080,42889783,GEO,EUR,2023-01-05,0.772,0.772,0.758,0.7646,72216,72,0.76615308
IT0003697080,42889783,GEO,EUR,2023-01-06,0.7655,0.7804,0.7627,0.7664,72764,60,0.76559364
IT0003697080,42889783,GEO,EUR,2023-01-09,0.7776,0.786,0.7692,0.7692,461439,198,0.7771554
IT0003697080,42889783,GEO,EUR,2023-01-10,0.7823,0.7832,0.7674,0.7814,166005,188,0.77846076
IT0003697080,42889783,GEO,EUR,2023-01-11,0.7832,0.7879,0.7804,0.7832,183450,181,0.78517404
IT0003697080,42889783,GEO,EUR,2023-01-12,0.7869,0.7916,0.7748,0.7851,346620,300,0.7850808
IT0003697080,42889783,GEO,EUR,2023-01-13,0.7916,0.7916,0.773,0.7832,370717,319,0.78545376
IT0003697080,42889783,GEO,EUR,2023-01-16,0.7832,0.7916,0.773,0.7786,170051,164,0.778554
IT0003697080,42889783,GEO,EUR,2023-01-17,0.7814,0.7879,0.7674,0.7739,177397,125,0.77827428
IT0003697080,42889783,GEO,EUR,2023-01-18,0.7832,0.7991,0.7711,0.7953,351626,227,0.79216704
IT0003697080,42889783,GEO,EUR,2023-01-19,0.7823,0.8009,0.7739,0.7804,307357,258,0.78731856
IT0003697080,42889783,GEO,EUR,2023-01-20,0.7925,0.8112,0.7804,0.8028,500765,283,0.79888032
IT0003697080,42889783,GEO,EUR,2023-01-23,0.814,0.8326,0.8065,0.8252,620594,385,0.82172412
IT0003697080,42889783,GEO,EUR,2023-01-24,0.828,0.8559,0.8224,0.8513,671171,453,0.83664252
IT0003697080,42889783,GEO,EUR,2023-01-25,0.8513,0.8746,0.8205,0.8485,1761435,782,0.84680568
IT0003697080,42889783,GEO,EUR,2023-01-26,0.8653,0.8783,0.855,0.8615,776747,570,0.86685228
IT0003697080,42889783,GEO,EUR,2023-01-27,0.8615,0.8746,0.8531,0.869,451869,346,0.86657256
IT0003697080,42889783,GEO,EUR,2023-01-30,0.8765,0.8783,0.8597,0.8625,254871,225,0.86815764
IT0003697080,42889783,GEO,EUR,2023-01-31,0.8709,0.8848,0.8662,0.8848,803333,384,0.8783208
IT0003697080,42889783,GEO,EUR,2023-02-01,0.8848,0.9091,0.8802,0.8914,1082816,560,0.89668908
IT0003697080,42889783,GEO,EUR,2023-02-02,0.9044,0.9259,0.8746,0.896,1616371,698,0.90377532
IT0003697080,42889783,GEO,EUR,2023-02-03,0.9231,0.951,0.9091,0.9473,2869716,1275,0.92811096
IT0003697080,42889783,GEO,EUR,2023-02-06,0.9492,0.9734,0.9417,0.9697,1457918,750,0.95934636
IT0003697080,42889783,GEO,EUR,2023-02-07,0.9697,0.9809,0.9455,0.9734,1326126,566,0.9664326
IT0003697080,42889783,GEO,EUR,2023-02-08,0.9753,0.9827,0.9604,0.966,778833,373,0.97165404
IT0003697080,42889783,GEO,EUR,2023-02-09,0.9716,0.979,0.9548,0.9697,557892,357,0.96857712
IT0003697080,42889783,GEO,EUR,2023-02-10,0.9604,0.9753,0.951,0.9604,607256,326,0.96335568
IT0003697080,42889783,GEO,EUR,2023-02-13,0.9734,1.0331,0.9716,1.02,2155776,925,1.00027872
IT0003697080,42889783,GEO,EUR,2023-02-14,1.02,1.0443,1.0014,1.0331,1603712,688,1.02881016
IT0003697080,42889783,GEO,EUR,2023-02-15,1.0182,1.0536,1.0182,1.0462,1404831,718,1.04167728
IT0003697080,42889783,GEO,EUR,2023-02-16,1.0462,1.0573,1.0312,1.0406,638976,435,1.04307588
IT0003697080,42889783,GEO,EUR,2023-02-17,1.035,1.0611,1.0163,1.0611,865979,451,1.0438218
IT0003697080,42889783,GEO,EUR,2023-02-20,1.0629,1.0797,1.0499,1.0648,1063534,510,1.067598
IT0003697080,42889783,GEO,EUR,2023-02-21,1.0648,1.076,1.035,1.0592,879355,670,1.04997564
IT0003697080,42889783,GEO,EUR,2023-02-22,1.0517,1.0629,0.9995,1.0182,1816590,887,1.01920644
IT0003697080,42889783,GEO,EUR,2023-02-23,1.0163,1.0312,1.0051,1.0107,590499,290,1.0172484
IT0003697080,42889783,GEO,EUR,2023-02-24,1.0312,1.0312,0.9958,1.0033,735099,378,1.01016216
IT0003697080,42889783,GEO,EUR,2023-02-27,1.0051,1.0331,1.0051,1.02,526436,322,1.02340224
IT0003697080,42889783,GEO,EUR,2023-02-28,1.0219,1.0779,1.0219,1.0779,3078126,1094,1.05995232
IT0003697080,42889783,GEO,EUR,2023-03-01,1.0816,1.0965,1.0611,1.0648,1231643,550,1.08139752
IT0003697080,42889783,GEO,EUR,2023-03-02,1.0667,1.076,1.0573,1.0611,463419,183,1.06536024
IT0003697080,42889783,GEO,EUR,2023-03-03,1.0723,1.089,1.0611,1.089,788972,338,1.07906652
IT0003697080,42889783,GEO,EUR,2023-03-06,1.0853,1.1002,1.076,1.0928,636921,321,1.08960264
IT0003697080,42889783,GEO,EUR,2023-03-07,1.0984,1.1152,1.0853,1.1021,1013356,460,1.10153736
IT0003697080,42889783,GEO,EUR,2023-03-08,1.0965,1.1002,1.0499,1.0592,1279722,510,1.07533692
IT0003697080,42889783,GEO,EUR,2023-03-09,1.0462,1.0834,1.0462,1.0723,635509,377,1.07067492
IT0003697080,42889783,GEO,EUR,2023-03-10,1.0517,1.0834,0.979,1.076,1241170,531,1.04363532
IT0003697080,42889783,GEO,EUR,2023-03-13,1.0723,1.0853,1.0126,1.0331,856522,427,1.03440456
IT0003697080,42889783,GEO,EUR,2023-03-14,1.0629,1.0909,1.0387,1.0853,1062130,532,1.07095464
IT0003697080,42889783,GEO,EUR,2023-03-15,1.0704,1.0872,1.0089,1.0107,1034845,471,1.0344978
IT0003697080,42889783,GEO,EUR,2023-03-16,1.0387,1.0387,0.9958,1.0256,725812,335,1.0228428
IT0003697080,42889783,GEO,EUR,2023-03-17,1.0462,1.0462,0.9529,0.9734,932693,533,0.98107128
IT0003697080,42889783,GEO,EUR,2023-03-20,0.9883,1.007,0.9361,0.9977,1128742,748,0.97314588
IT0003697080,42889783,GEO,EUR,2023-03-21,1.007,1.02,1.0033,1.0089,277450,167,1.01109456
IT0003697080,42889783,GEO,EUR,2023-03-22,1.0107,1.0182,1.0014,1.0014,208949,143,1.00773792
IT0003697080,42889783,GEO,EUR,2023-03-23,0.9995,1.0182,0.9939,1.0145,172710,118,1.0083906
IT0003697080,42889783,GEO,EUR,2023-03-24,1.0163,1.0163,0.9772,0.9902,353678,255,0.99039528
IT0003697080,42889783,GEO,EUR,2023-03-27,0.9716,1.0163,0.9716,0.9977,107912,94,1.00167732
IT0003697080,42889783,GEO,EUR,2023-03-28,1.007,1.007,0.9753,0.979,232003,135,0.98452116
IT0003697080,42889783,GEO,EUR,2023-03-29,0.9809,0.9977,0.979,0.9883,153896,88,0.98573328
IT0003697080,42889783,GEO,EUR,2023-03-30,0.9995,1.0051,0.9846,1.0033,156639,92,0.99375192
IT0003697080,42889783,GEO,EUR,2023-03-31,1.007,1.0126,0.979,0.9995,256040,140,0.9962694
IT0003697080,42889783,GEO,EUR,2023-04-03,1.0163,1.0163,0.9902,1.007,349698,192,1.00363536
IT0003697080,42889783,GEO,EUR,2023-04-04,1.0163,1.0163,0.9921,1.0051,408381,249,1.00242324
IT0003697080,42889783,GEO,EUR,2023-04-05,0.9939,1.0163,0.9921,1.007,216121,147,1.00540692
IT0003697080,42889783,GEO,EUR,2023-04-06,1.0126,1.0163,0.9958,1.0089,152639,121,1.0060596
IT0003697080,42889783,GEO,EUR,2023-04-11,1.0051,1.0145,0.9939,1.0033,272473,183,1.00167732
IT0003697080,42889783,GEO,EUR,2023-04-12,1.0033,1.0163,0.9977,1.0126,241479,211,1.00680552
IT0003697080,42889783,GEO,EUR,2023-04-13,1.0126,1.0517,1.0051,1.048,1296958,719,1.02899664
IT0003697080,42889783,GEO,EUR,2023-04-14,1.0536,1.0536,1.0387,1.0462,269589,272,1.04643252
IT0003697080,42889783,GEO,EUR,2023-04-17,1.0611,1.0611,1.0275,1.0406,175229,195,1.03580316
IT0003697080,42889783,GEO,EUR,2023-04-18,1.0331,1.0443,1.0312,1.0406,159704,166,1.03673556
IT0003697080,42889783,GEO,EUR,2023-04-19,1.0443,1.0443,1.0275,1.0294,129040,151,1.03337892
IT0003697080,42889783,GEO,EUR,2023-04-20,1.0238,1.0238,0.979,0.9939,460152,354,0.99529038
IT0003697080,42889783,GEO,EUR,2023-04-21,0.9902,0.9921,0.9548,0.966,495633,339,0.96964938
IT0003697080,42889783,GEO,EUR,2023-04-24,0.966,0.9902,0.9566,0.9753,228088,211,0.97589646
IT0003697080,42889783,GEO,EUR,2023-04-25,0.9678,0.9716,0.9585,0.966,109961,140,0.96326244
IT0003697080,42889783,GEO,EUR,2023-04-26,0.9622,0.9622,0.9417,0.9529,225054,183,0.948717
IT0003697080,42889783,GEO,EUR,2023-04-27,0.9343,0.9641,0.9343,0.951,164796,165,0.95393844
IT0003697080,42889783,GEO,EUR,2023-04-28,0.9548,0.9734,0.9417,0.9566,252894,200,0.96088482
IT0003697080,42889783,GEO,EUR,2023-05-02,0.9417,0.9883,0.9343,0.9343,192756,173,0.95277294
IT0003697080,42889783,GEO,EUR,2023-05-03,0.9734,0.9734,0.9203,0.9287,276991,246,0.93687552
IT0003697080,42889783,GEO,EUR,2023-05-04,0.9324,0.9399,0.9054,0.911,317067,255,0.91603638
IT0003697080,42889783,GEO,EUR,2023-05-05,0.9119,0.9939,0.9026,0.9846,1712745,736,0.96354216
IT0003697080,42889783,GEO,EUR,2023-05-08,0.979,0.9883,0.9641,0.979,1270975,440,0.97869366
IT0003697080,42889783,GEO,EUR,2023-05-09,0.9772,0.9883,0.9734,0.9827,213924,231,0.98130438
IT0003697080,42889783,GEO,EUR,2023-05-10,0.9772,1.0014,0.9716,0.9827,344315,239,0.99058176
IT0003697080,42889783,GEO,EUR,2023-05-11,0.9473,0.9883,0.9473,0.9809,398631,420,0.98023212
IT0003697080,42889783,GEO,EUR,2023-05-12,0.9455,0.9548,0.8998,0.938,2496502,1577,0.92591982
IT0003697080,42889783,GEO,EUR,2023-05-15,0.9566,0.9566,0.8895,0.8932,1072464,656,0.90974268
IT0003697080,42889783,GEO,EUR,2023-05-16,0.8895,0.8932,0.8699,0.8746,647320,428,0.88004574
IT0003697080,42889783,GEO,EUR,2023-05-17,0.8709,0.9063,0.8597,0.896,614027,474,0.88503408
IT0003697080,42889783,GEO,EUR,2023-05-18,0.9063,0.9156,0.8876,0.8876,832987,456,0.90111798
IT0003697080,42889783,GEO,EUR,2023-05-19,0.8858,0.8942,0.8802,0.8811,256058,203,0.8867124
IT0003697080,42889783,GEO,EUR,2023-05-22,0.8783,0.8988,0.8783,0.8802,298127,223,0.88801776
IT0003697080,42889783,GEO,EUR,2023-05-23,0.8783,0.8876,0.8709,0.8755,217471,181,0.8780877
IT0003697080,42889783,GEO,EUR,2023-05-24,0.8858,0.8858,0.8541,0.8569,293568,294,0.86274972
IT0003697080,42889783,GEO,EUR,2023-05-25,0.8671,0.8681,0.8531,0.8559,177312,220,0.85860054
IT0003697080,42889783,GEO,EUR,2023-05-26,0.8765,0.8765,0.8485,0.8569,305338,248,0.85370544
IT0003697080,42889783,GEO,EUR,2023-05-29,0.8513,0.8625,0.8494,0.8625,169639,128,0.85561686
IT0003697080,42889783,GEO,EUR,2023-05-30,0.8653,0.8699,0.8569,0.8587,191008,176,0.86260986
IT0003697080,42889783,GEO,EUR,2023-05-31,0.8485,0.8643,0.8354,0.8401,282356,228,0.84913668
IT0003697080,42889783,GEO,EUR,2023-06-01,0.855,0.8597,0.8354,0.842,232628,219,0.8463861
IT0003697080,42889783,GEO,EUR,2023-06-02,0.8429,0.8522,0.8429,0.8457,124066,154,0.84797118
IT0003697080,42889783,GEO,EUR,2023-06-05,0.8438,0.8597,0.8438,0.8485,203651,201,0.85160754
IT0003697080,42889783,GEO,EUR,2023-06-06,0.8448,0.8452,0.8186,0.8317,583178,407,0.83142108
IT0003697080,42889783,GEO,EUR,2023-06-07,0.8308,0.8485,0.8298,0.8401,325268,250,0.84163086
IT0003697080,42889783,GEO,EUR,2023-06-08,0.8401,0.8401,0.8242,0.8336,380885,350,0.83132784
IT0003697080,42889783,GEO,EUR,2023-06-09,0.8224,0.8401,0.8224,0.8308,440147,289,0.82876374
IT0003697080,42889783,GEO,EUR,2023-06-12,0.8373,0.8373,0.8159,0.8177,383341,332,0.82363554
IT0003697080,42889783,GEO,EUR,2023-06-13,0.8214,0.8578,0.8177,0.8559,457259,289,0.8419572
IT0003697080,42889783,GEO,EUR,2023-06-14,0.8578,0.8671,0.8485,0.8569,496897,292,0.85650264
IT0003697080,42889783,GEO,EUR,2023-06-15,0.8476,0.8587,0.8354,0.8392,356027,212,0.84247002
IT0003697080,42889783,GEO,EUR,2023-06-16,0.8392,0.8522,0.8317,0.8317,234099,187,0.83920662
IT0003697080,42889783,GEO,EUR,2023-06-19,0.8392,0.8392,0.8252,0.8261,233113,223,0.83039544
IT0003697080,42889783,GEO,EUR,2023-06-20,0.8354,0.8364,0.8159,0.8242,404407,298,0.82288962
IT0003697080,42889783,GEO,EUR,2023-06-21,0.8298,0.8298,0.8168,0.8168,221966,136,0.8209782
IT0003697080,42889783,GEO,EUR,2023-06-22,0.8186,0.8205,0.8112,0.814,137845,162,0.81617634
IT0003697080,42889783,GEO,EUR,2023-06-23,0.8168,0.8224,0.8047,0.8084,266946,201,0.8107218
IT0003697080,42889783,GEO,EUR,2023-06-26,0.8252,0.8252,0.7888,0.8028,280084,270,0.80237682
IT0003697080,42889783,GEO,EUR,2023-06-27,0.8075,0.8103,0.7907,0.7963,317429,293,0.79846074
IT0003697080,42889783,GEO,EUR,2023-06-28,0.7925,0.8093,0.7925,0.8028,229350,222,0.80135118
IT0003697080,42889783,GEO,EUR,2023-06-29,0.7925,0.8093,0.7925,0.7935,101823,154,0.79878708
IT0003697080,42889783,GEO,EUR,2023-06-30,0.7972,0.8103,0.7944,0.8084,195981,211,0.80414838
IT0003697080,42889783,GEO,EUR,2023-07-03,0.8084,0.8196,0.8065,0.8159,121528,145,0.81277308
IT0003697080,42889783,GEO,EUR,2023-07-04,0.8093,0.8252,0.8093,0.8242,201922,217,0.82041876
IT0003697080,42889783,GEO,EUR,2023-07-05,0.8149,0.8233,0.8093,0.8131,204875,232,0.81510408
IT0003697080,42889783,GEO,EUR,2023-07-06,0.8131,0.8131,0.7972,0.8009,156764,222,0.8058267
IT0003697080,42889783,GEO,EUR,2023-07-07,0.7972,0.8093,0.7925,0.8075,214098,315,0.79827426
IT0003697080,42889783,GEO,EUR,2023-07-10,0.8112,0.8112,0.7953,0.8028,178876,224,0.80083836
IT0003697080,42889783,GEO,EUR,2023-07-11,0.8,0.814,0.7851,0.8019,306029,324,0.80703882
IT0003697080,42889783,GEO,EUR,2023-07-12,0.8084,0.8168,0.8009,0.8075,178762,213,0.8079246
IT0003697080,42889783,GEO,EUR,2023-07-13,0.8075,0.8093,0.7851,0.7869,1300543,801,0.79142112
IT0003697080,42889783,GEO,EUR,2023-07-14,0.7869,0.7907,0.7776,0.7869,546320,427,0.78288966
IT0003697080,42889783,GEO,EUR,2023-07-17,0.7944,0.7944,0.7841,0.7841,234028,203,0.78829758
IT0003697080,42889783,GEO,EUR,2023-07-18,0.7897,0.7916,0.7823,0.786,179085,165,0.7869456
IT0003697080,42889783,GEO,EUR,2023-07-19,0.7869,0.7888,0.7795,0.7804,184996,189,0.78433488
IT0003697080,42889783,GEO,EUR,2023-07-20,0.7841,0.7888,0.772,0.7739,320056,306,0.7776216
IT0003697080,42889783,GEO,EUR,2023-07-21,0.7758,0.786,0.7702,0.7823,247388,221,0.77818104
IT0003697080,42889783,GEO,EUR,2023-07-24,0.786,0.7888,0.7758,0.786,177433,186,0.78396192
IT0003697080,42889783,GEO,EUR,2023-07-25,0.7804,0.7888,0.7767,0.7804,173912,186,0.78358896
IT0003697080,42889783,GEO,EUR,2023-07-26,0.7879,0.7879,0.7748,0.7832,319957,238,0.77888034
IT0003697080,42889783,GEO,EUR,2023-07-27,0.7739,0.7897,0.7739,0.7832,393833,311,0.78288966
IT0003697080,42889783,GEO,EUR,2023-07-28,0.7832,0.7832,0.7608,0.7748,495958,364,0.77053536
IT0003697080,42889783,GEO,EUR,2023-07-31,0.7832,0.7832,0.7683,0.7702,286997,216,0.77025564
IT0003697080,42889783,GEO,EUR,2023-08-01,0.7823,0.7823,0.7552,0.759,279710,221,0.7631694
IT0003697080,42889783,GEO,EUR,2023-08-02,0.7646,0.7646,0.7403,0.7496,342071,241,0.7519806
IT0003697080,42889783,GEO,EUR,2023-08-03,0.7524,0.7524,0.7403,0.7413,278893,221,0.74442816
IT0003697080,42889783,GEO,EUR,2023-08-04,0.7543,0.7571,0.7403,0.7422,201904,194,0.74666592
IT0003697080,42889783,GEO,EUR,2023-08-07,0.7469,0.7469,0.7254,0.7347,580960,412,0.73319274
IT0003697080,42889783,GEO,EUR,2023-08-08,0.7413,0.7413,0.7198,0.731,385418,268,0.72619974
IT0003697080,42889783,GEO,EUR,2023-08-09,0.7403,0.7422,0.7282,0.731,306885,229,0.73477782
IT0003697080,42889783,GEO,EUR,2023-08-10,0.7413,0.7413,0.7226,0.7282,384438,311,0.72881046
IT0003697080,42889783,GEO,EUR,2023-08-11,0.7357,0.7357,0.7273,0.7273,101085,120,0.73011582
IT0003697080,42889783,GEO,EUR,2023-08-14,0.7282,0.7329,0.7179,0.7301,234021,159,0.72848412
IT0003697080,42889783,GEO,EUR,2023-08-16,0.7319,0.7319,0.7189,0.7226,173327,113,0.72321606
IT0003697080,42889783,GEO,EUR,2023-08-17,0.7189,0.7198,0.7105,0.7114,259779,175,0.71557038
IT0003697080,42889783,GEO,EUR,2023-08-18,0.6993,0.7086,0.6974,0.7086,515348,337,0.70177086
IT0003697080,42889783,GEO,EUR,2023-08-21,0.717,0.7179,0.6993,0.7021,263942,197,0.7060599
IT0003697080,42889783,GEO,EUR,2023-08-22,0.7021,0.704,0.6956,0.6993,404581,281,0.69897366
IT0003697080,42889783,GEO,EUR,2023-08-23,0.7068,0.7263,0.7002,0.704,594072,326,0.71184078
IT0003697080,42889783,GEO,EUR,2023-08-24,0.7179,0.7179,0.6946,0.6984,299819,276,0.7006986
IT0003697080,42889783,GEO,EUR,2023-08-25,0.6984,0.7068,0.6946,0.6984,200421,214,0.70065198
IT0003697080,42889783,GEO,EUR,2023-08-28,0.6956,0.7086,0.6956,0.7086,131367,208,0.70386876
IT0003697080,42889783,GEO,EUR,2023-08-29,0.7086,0.7198,0.7077,0.7189,405745,290,0.71454474
IT0003697080,42889783,GEO,EUR,2023-08-30,0.7207,0.7217,0.7049,0.7152,385296,217,0.71230698
IT0003697080,42889783,GEO,EUR,2023-08-31,0.7096,0.7273,0.7096,0.7189,116268,95,0.7195797
IT0003697080,42889783,GEO,EUR,2023-09-01,0.7235,0.7263,0.7152,0.7235,264951,174,0.72261
IT0003697080,42889783,GEO,EUR,2023-09-04,0.7263,0.7413,0.7217,0.7263,608424,270,0.73174752
IT0003697080,42889783,GEO,EUR,2023-09-05,0.7245,0.7245,0.7114,0.7133,249903,220,0.71533728
IT0003697080,42889783,GEO,EUR,2023-09-06,0.7133,0.7133,0.7012,0.7021,213394,179,0.70619976
IT0003697080,42889783,GEO,EUR,2023-09-07,0.7086,0.7086,0.6881,0.6881,412465,313,0.6932394
IT0003697080,42889783,GEO,EUR,2023-09-08,0.6881,0.6937,0.6834,0.6918,208166,109,0.68909022
IT0003697080,42889783,GEO,EUR,2023-09-11,0.7198,0.7357,0.69,0.7179,1125151,553,0.71337924
IT0003697080,42889783,GEO,EUR,2023-09-12,0.7217,0.7245,0.7002,0.704,581385,435,0.70666596
IT0003697080,42889783,GEO,EUR,2023-09-13,0.6956,0.7096,0.6844,0.6909,524411,354,0.68983614
IT0003697080,42889783,GEO,EUR,2023-09-14,0.6928,0.6928,0.6741,0.6816,572273,322,0.6808851
IT0003697080,42889783,GEO,EUR,2023-09-15,0.6807,0.6928,0.6807,0.6853,402123,266,0.68559372
IT0003697080,42889783,GEO,EUR,2023-09-18,0.6853,0.6862,0.662,0.662,741796,479,0.66974292
IT0003697080,42889783,GEO,EUR,2023-09-19,0.6657,0.6807,0.6639,0.6723,438145,302,0.67375224
IT0003697080,42889783,GEO,EUR,2023-09-20,0.6723,0.7086,0.6723,0.6956,1270884,560,0.69118812
IT0003697080,42889783,GEO,EUR,2023-09-21,0.6965,0.7077,0.6779,0.7058,959638,492,0.694638
IT0003697080,42889783,GEO,EUR,2023-09-22,0.7086,0.7161,0.6816,0.689,974676,562,0.69589674
IT0003697080,42889783,GEO,EUR,2023-09-25,0.6816,0.6881,0.6667,0.6695,805835,335,0.67473126
IT0003697080,42889783,GEO,EUR,2023-09-26,0.6732,0.676,0.6629,0.6713,446951,297,0.67076856
IT0003697080,42889783,GEO,EUR,2023-09-27,0.6639,0.6751,0.6573,0.662,605422,328,0.66237696
IT0003697080,42889783,GEO,EUR,2023-09-28,0.6564,0.6704,0.6564,0.6639,320103,222,0.66414852
IT0003697080,42889783,GEO,EUR,2023-09-29,0.6629,0.6862,0.6629,0.6825,488217,297,0.6794865
IT0003697080,42889783,GEO,EUR,2023-10-02,0.6872,0.6956,0.6695,0.6732,408560,213,0.68312286
IT0003697080,42889783,GEO,EUR,2023-10-03,0.6629,0.6657,0.6545,0.6564,604544,347,0.65878722
IT0003697080,42889783,GEO,EUR,2023-10-04,0.6527,0.6695,0.6471,0.6629,651800,304,0.65645622
IT0003697080,42889783,GEO,EUR,2023-10-05,0.6611,0.6648,0.648,0.6517,506455,289,0.65263338
IT0003697080,42889783,GEO,EUR,2023-10-06,0.6564,0.6564,0.6368,0.6527,873416,428,0.64554714
IT0003697080,42889783,GEO,EUR,2023-10-09,0.6462,0.649,0.634,0.6387,360192,210,0.63930006
IT0003697080,42889783,GEO,EUR,2023-10-10,0.649,0.6629,0.6434,0.6629,442860,276,0.65281986
IT0003697080,42889783,GEO,EUR,2023-10-11,0.6704,0.6713,0.6527,0.6527,452282,263,0.6624702
IT0003697080,42889783,GEO,EUR,2023-10-12,0.6508,0.6611,0.6443,0.6443,353128,183,0.65076858
IT0003697080,42889783,GEO,EUR,2023-10-13,0.6517,0.6517,0.634,0.634,340271,187,0.63906696
IT0003697080,42889783,GEO,EUR,2023-10-16,0.6322,0.6564,0.6303,0.6527,856279,350,0.64633968
IT0003697080,42889783,GEO,EUR,2023-10-17,0.6601,0.6629,0.6387,0.6452,555234,197,0.65240028
IT0003697080,42889783,GEO,EUR,2023-10-18,0.662,0.662,0.6396,0.6396,284976,116,0.645687
IT0003697080,42889783,GEO,EUR,2023-10-19,0.6611,0.6611,0.6275,0.6471,497186,200,0.63738864
IT0003697080,42889783,GEO,EUR,2023-10-20,0.6517,0.6676,0.6322,0.649,1150940,487,0.65412522
IT0003697080,42889783,GEO,EUR,2023-10-23,0.6667,0.6667,0.6359,0.6387,817300,265,0.64107162
IT0003697080,42889783,GEO,EUR,2023-10-24,0.6508,0.6583,0.6462,0.6555,470638,189,0.6538455
IT0003697080,42889783,GEO,EUR,2023-10-25,0.6545,0.6545,0.6005,0.6033,2541967,982,0.61603668
IT0003697080,42889783,GEO,EUR,2023-10-26,0.6042,0.6042,0.5706,0.5911,1041223,460,0.5878782
IT0003697080,42889783,GEO,EUR,2023-10-27,0.5874,0.5949,0.5697,0.5781,1322982,493,0.57780828
IT0003697080,42889783,GEO,EUR,2023-10-30,0.5828,0.5949,0.579,0.5865,549693,226,0.58685256
IT0003697080,42889783,GEO,EUR,2023-10-31,0.579,0.5949,0.579,0.5865,388947,255,0.58815792
IT0003697080,42889783,GEO,EUR,2023-11-01,0.5995,0.5995,0.5846,0.5939,206225,117,0.59030244
IT0003697080,42889783,GEO,EUR,2023-11-02,0.6014,0.6294,0.5939,0.6182,1300278,570,0.61766838
IT0003697080,42889783,GEO,EUR,2023-11-03,0.6322,0.6387,0.6191,0.6331,407936,224,0.63095508
IT0003697080,42889783,GEO,EUR,2023-11-06,0.6378,0.6434,0.6238,0.6247,395042,166,0.63156114
IT0003697080,42889783,GEO,EUR,2023-11-07,0.6238,0.6284,0.6107,0.621,197138,137,0.6188805
IT0003697080,42889783,GEO,EUR,2023-11-08,0.6611,0.6611,0.62,0.6368,580806,300,0.63547722
IT0003697080,42889783,GEO,EUR,2023-11-09,0.6396,0.6452,0.6303,0.6434,465520,198,0.63850752
IT0003697080,42889783,GEO,EUR,2023-11-10,0.6275,0.6527,0.62,0.6471,1072754,563,0.63804132
IT0003697080,42889783,GEO,EUR,2023-11-13,0.6527,0.6527,0.6284,0.6322,531144,196,0.63585018
IT0003697080,42889783,GEO,EUR,2023-11-14,0.6378,0.6583,0.6294,0.6527,608516,318,0.64349586
IT0003697080,42889783,GEO,EUR,2023-11-15,0.6611,0.6807,0.6545,0.6732,2076075,536,0.671328
IT0003697080,42889783,GEO,EUR,2023-11-16,0.6732,0.6909,0.6648,0.6695,884069,381,0.67916016
IT0003697080,42889783,GEO,EUR,2023-11-17,0.6732,0.676,0.6508,0.6667,218771,164,0.66843756
IT0003697080,42889783,GEO,EUR,2023-11-20,0.6844,0.6844,0.6601,0.6732,405635,166,0.66825108
IT0003697080,42889783,GEO,EUR,2023-11-21,0.676,0.676,0.6527,0.6555,392686,188,0.66279654
IT0003697080,42889783,GEO,EUR,2023-11-22,0.6713,0.6713,0.6564,0.6583,93353,73,0.66004596
IT0003697080,42889783,GEO,EUR,2023-11-23,0.6611,0.6629,0.6527,0.6601,265559,120,0.6571089
IT0003697080,42889783,GEO,EUR,2023-11-24,0.6713,0.6713,0.6527,0.6639,267002,125,0.66051216
IT0003697080,42889783,GEO,EUR,2023-11-27,0.6704,0.6723,0.662,0.6713,248577,127,0.66801798
IT0003697080,42889783,GEO,EUR,2023-11-28,0.6713,0.676,0.6564,0.6713,525318,260,0.66699234
IT0003697080,42889783,GEO,EUR,2023-11-29,0.6807,0.6807,0.6676,0.676,469093,192,0.6748245
IT0003697080,42889783,GEO,EUR,2023-11-30,0.6797,0.6797,0.6629,0.6657,381081,194,0.67006926
IT0003697080,42889783,GEO,EUR,2023-12-01,0.6723,0.676,0.6676,0.6732,389799,243,0.67188744
IT0003697080,42889783,GEO,EUR,2023-12-04,0.6769,0.6853,0.6713,0.6713,450994,236,0.67780818
IT0003697080,42889783,GEO,EUR,2023-12-05,0.6667,0.6779,0.6648,0.6779,401127,239,0.67006926
IT0003697080,42889783,GEO,EUR,2023-12-06,0.6751,0.6807,0.6685,0.6769,518192,340,0.67519746
IT0003697080,42889783,GEO,EUR,2023-12-07,0.6844,0.6844,0.6629,0.6713,364630,197,0.66904362
IT0003697080,42889783,GEO,EUR,2023-12-08,0.6704,0.676,0.6667,0.6695,474486,246,0.67309956
IT0003697080,42889783,GEO,EUR,2023-12-11,0.6695,0.676,0.6648,0.6667,343514,183,0.67053546
IT0003697080,42889783,GEO,EUR,2023-12-12,0.6704,0.6807,0.6601,0.6667,564796,244,0.6664329
IT0003697080,42889783,GEO,EUR,2023-12-13,0.6723,0.6723,0.6555,0.6555,399231,157,0.65939328
IT0003697080,42889783,GEO,EUR,2023-12-14,0.6573,0.6713,0.6573,0.6611,520317,268,0.6622371
IT0003697080,42889783,GEO,EUR,2023-12-15,0.6704,0.6704,0.6564,0.662,463586,231,0.66237696
IT0003697080,42889783,GEO,EUR,2023-12-18,0.6704,0.6704,0.6573,0.6667,219961,142,0.66237696
IT0003697080,42889783,GEO,EUR,2023-12-19,0.6704,0.676,0.6676,0.6695,412993,230,0.6720273
IT0003697080,42889783,GEO,EUR,2023-12-20,0.676,0.69,0.6676,0.689,734678,263,0.68139792
IT0003697080,42889783,GEO,EUR,2023-12-21,0.689,0.689,0.6769,0.6844,224506,139,0.6836823
IT0003697080,42889783,GEO,EUR,2023-12-22,0.6797,0.6844,0.6713,0.6807,323396,137,0.6790203
IT0003697080,42889783,GEO,EUR,2023-12-27,0.689,0.689,0.6769,0.6779,168978,99,0.68149116
IT0003697080,42889783,GEO,EUR,2023-12-28,0.6769,0.6853,0.6741,0.6844,190564,143,0.68223708
IT0003697080,42889783,GEO,EUR,2023-12-29,0.6844,0.6844,0.6723,0.6797,251115,173,0.68013918
