ISIN,conId,Symbol,Currency,date,open,high,low,close,volume,barCount,average
JP3233250004,206408211,7181,JPY,2019-01-07,856.3333,868.0,855.0,855.6667,651300,1076,858.61666667
JP3233250004,206408211,7181,JPY,2019-01-08,860.3333,877.0,860.0,875.3333,1242000,1875,872.20666667
JP3233250004,206408211,7181,JPY,2019-01-09,883.3333,887.3333,876.3333,882.0,1386300,1614,883.17
JP3233250004,206408211,7181,JPY,2019-01-10,883.0,895.6667,881.0,885.3333,1432500,1851,887.52333333
JP3233250004,206408211,7181,JPY,2019-01-11,886.6667,887.3333,870.3333,875.0,1049400,1569,875.35333333
JP3233250004,206408211,7181,JPY,2019-01-15,859.6667,876.3333,858.3333,864.0,1017000,1699,867.17666667
JP3233250004,206408211,7181,JPY,2019-01-16,864.0,871.6667,852.3333,870.0,672000,1200,866.15333333
JP3233250004,206408211,7181,JPY,2019-01-17,870.0,871.3333,857.6667,862.0,1278000,2127,863.62666667
JP3233250004,206408211,7181,JPY,2019-01-18,860.3333,880.3333,860.3333,870.3333,1352100,1963,872.84
JP3233250004,206408211,7181,JPY,2019-01-21,863.6667,868.0,855.0,858.3333,1946400,2387,859.20666667
JP3233250004,206408211,7181,JPY,2019-01-22,854.3333,854.3333,831.6667,834.0,1756500,2745,837.51666667
JP3233250004,206408211,7181,JPY,2019-01-23,830.0,836.6667,821.6667,824.0,1536900,2087,827.68666667
JP3233250004,206408211,7181,JPY,2019-01-24,817.0,829.0,815.3333,825.3333,1087800,1597,821.74333333
JP3233250004,206408211,7181,JPY,2019-01-25,823.3333,833.0,823.3333,827.3333,1008600,1633,828.61666667
JP3233250004,206408211,7181,JPY,2019-01-28,829.0,829.0,817.3333,819.0,810000,1123,820.98666667
JP3233250004,206408211,7181,JPY,2019-01-29,822.0,822.0,814.3333,819.6667,714600,1048,817.80333333
JP3233250004,206408211,7181,JPY,2019-01-30,817.0,823.3333,815.0,815.3333,764100,1233,818.00333333
JP3233250004,206408211,7181,JPY,2019-01-31,830.0,832.0,820.0,827.3333,1008900,1458,826.01
JP3233250004,206408211,7181,JPY,2019-02-01,824.6667,829.0,820.0,824.0,768900,1119,824.92333333
JP3233250004,206408211,7181,JPY,2019-02-04,833.6667,848.6667,833.6667,840.3333,975900,1169,841.26
JP3233250004,206408211,7181,JPY,2019-02-05,837.0,842.3333,827.0,831.6667,803100,1118,834.08666667
JP3233250004,206408211,7181,JPY,2019-02-06,831.6667,837.0,828.3333,831.3333,499800,799,831.70333333
JP3233250004,206408211,7181,JPY,2019-02-07,831.3333,831.3333,822.0,826.0,594300,730,824.89666667
JP3233250004,206408211,7181,JPY,2019-02-08,819.0,820.0,807.3333,812.0,753000,1041,812.35
JP3233250004,206408211,7181,JPY,2019-02-12,824.6667,831.0,818.0,826.0,950700,1172,824.97333333
JP3233250004,206408211,7181,JPY,2019-02-13,825.0,826.3333,819.6667,826.3333,1026900,1259,824.05666667
JP3233250004,206408211,7181,JPY,2019-02-14,819.6667,830.6667,813.0,820.6667,839100,1150,819.99
JP3233250004,206408211,7181,JPY,2019-02-15,813.0,815.0,800.0,811.0,1003800,1234,808.22333333
JP3233250004,206408211,7181,JPY,2019-02-18,826.3333,828.3333,812.6667,815.6667,914400,1188,817.45333333
JP3233250004,206408211,7181,JPY,2019-02-19,817.3333,826.0,817.3333,823.6667,853500,1088,822.66333333
JP3233250004,206408211,7181,JPY,2019-02-20,823.3333,828.0,820.3333,826.0,566100,762,824.03666667
JP3233250004,206408211,7181,JPY,2019-02-21,825.3333,828.0,818.3333,826.0,707700,889,822.58666667
JP3233250004,206408211,7181,JPY,2019-02-22,818.3333,826.3333,818.3333,822.0,842100,915,821.65
JP3233250004,206408211,7181,JPY,2019-02-25,821.6667,834.6667,821.3333,830.6667,855300,1084,829.65
JP3233250004,206408211,7181,JPY,2019-02-26,833.0,836.3333,825.3333,830.6667,1056600,1479,832.37333333
JP3233250004,206408211,7181,JPY,2019-02-27,832.0,844.0,829.6667,842.3333,1510500,2167,839.15
JP3233250004,206408211,7181,JPY,2019-02-28,843.3333,845.0,837.0,839.6667,660600,1073,840.85
JP3233250004,206408211,7181,JPY,2019-03-01,839.0,850.0,836.3333,850.0,636300,929,844.32
JP3233250004,206408211,7181,JPY,2019-03-04,857.0,859.0,850.6667,854.3333,568500,920,854.06333333
JP3233250004,206408211,7181,JPY,2019-03-05,850.0,851.0,845.3333,847.0,487200,812,847.8
JP3233250004,206408211,7181,JPY,2019-03-06,843.3333,848.0,841.0,846.0,392400,622,844.85
JP3233250004,206408211,7181,JPY,2019-03-07,837.0,840.0,832.0,838.6667,763800,1104,836.15333333
JP3233250004,206408211,7181,JPY,2019-03-08,829.3333,831.6667,819.6,825.3333,1230900,1511,824.44333333
JP3233250004,206408211,7181,JPY,2019-03-11,828.6667,829.3333,816.0,822.6667,1243200,1532,821.5
JP3233250004,206408211,7181,JPY,2019-03-12,819.6667,834.3333,819.0,827.6667,726300,1017,828.70666667
JP3233250004,206408211,7181,JPY,2019-03-13,822.6667,826.6667,812.0,816.0,789900,1070,818.10666667
JP3233250004,206408211,7181,JPY,2019-03-14,820.6667,823.3333,812.0,814.3333,594300,885,816.10333333
JP3233250004,206408211,7181,JPY,2019-03-15,819.3333,828.3333,819.0,819.3333,631800,921,823.37
JP3233250004,206408211,7181,JPY,2019-03-18,825.3333,830.3333,820.6667,829.6667,589500,805,825.39666667
JP3233250004,206408211,7181,JPY,2019-03-19,828.3333,832.6667,824.6667,825.6667,799800,1032,826.55
JP3233250004,206408211,7181,JPY,2019-03-20,828.3333,832.6667,826.3333,832.3333,1023300,1454,830.05666667
JP3233250004,206408211,7181,JPY,2019-03-22,833.3333,833.3333,820.6667,828.3333,1059600,1278,825.59
JP3233250004,206408211,7181,JPY,2019-03-25,820.0,820.0,809.0,813.6667,909900,1120,811.63666667
JP3233250004,206408211,7181,JPY,2019-03-26,818.3333,830.0,815.6667,828.3333,1279500,1720,825.68666667
JP3233250004,206408211,7181,JPY,2019-03-27,816.6667,816.6667,802.3333,810.0,1037400,1303,808.64333333
JP3233250004,206408211,7181,JPY,2019-03-28,803.6667,805.6667,795.0,801.0,673200,978,800.01
JP3233250004,206408211,7181,JPY,2019-03-29,806.6667,811.0,796.3333,798.3333,871200,1194,801.74
JP3233250004,206408211,7181,JPY,2019-04-01,804.6667,815.3333,803.0,807.3333,928800,1292,809.62
JP3233250004,206408211,7181,JPY,2019-04-02,819.6667,831.0,816.6667,829.3333,1421700,1781,826.72333333
JP3233250004,206408211,7181,JPY,2019-04-03,827.6667,831.6667,821.3333,823.3333,823800,1155,824.51666667
JP3233250004,206408211,7181,JPY,2019-04-04,819.3333,819.6667,811.0,811.0,705300,992,814.72333333
JP3233250004,206408211,7181,JPY,2019-04-05,805.3333,896.6667,805.3333,891.0,11130000,11286,855.37
JP3233250004,206408211,7181,JPY,2019-04-08,886.6667,890.3333,848.3333,871.3333,4248300,5290,867.34
JP3233250004,206408211,7181,JPY,2019-04-09,866.6667,881.3333,866.6667,872.6667,2070000,2765,872.30666667
JP3233250004,206408211,7181,JPY,2019-04-10,861.0,927.6667,858.6667,925.0,4595100,5518,910.23333333
JP3233250004,206408211,7181,JPY,2019-04-11,903.3333,916.6667,876.6667,900.0,3620700,5223,896.82333333
JP3233250004,206408211,7181,JPY,2019-04-12,899.3333,900.3333,855.3667,861.6667,4328700,5814,871.2
JP3233250004,206408211,7181,JPY,2019-04-15,845.0,850.3333,818.3333,824.6667,5790300,5527,832.57333333
JP3233250004,206408211,7181,JPY,2019-04-16,808.0,814.0,793.6667,798.0,16276200,11795,803.15666667
JP3233250004,206408211,7181,JPY,2019-04-17,798.0,803.6667,791.6667,791.6667,21080400,9011,793.66666667
JP3233250004,206408211,7181,JPY,2019-04-18,766.6667,776.6667,753.6667,773.6667,23980800,11164,768.79
JP3233250004,206408211,7181,JPY,2019-04-19,781.3333,781.3333,763.3333,765.0,8682000,5233,770.33
JP3233250004,206408211,7181,JPY,2019-04-22,757.0,763.3333,734.0,734.6667,17380800,8350,743.35666667
JP3233250004,206408211,7181,JPY,2019-04-23,734.6667,771.0,734.6667,759.6667,63685500,16205,751.62333333
JP3233250004,206408211,7181,JPY,2019-04-24,751.6667,757.6667,747.0,747.3333,9045300,4232,750.16
JP3233250004,206408211,7181,JPY,2019-04-25,746.6667,751.6667,743.6667,746.6667,9698100,4183,747.56333333
JP3233250004,206408211,7181,JPY,2019-04-26,743.3333,751.0,741.3333,748.3333,8894700,5371,747.57666667
JP3233250004,206408211,7181,JPY,2019-05-07,750.0,753.6667,743.3333,744.6667,7265700,4087,748.49666667
JP3233250004,206408211,7181,JPY,2019-05-08,735.0,738.6667,724.0,725.6667,8364600,5320,729.45333333
JP3233250004,206408211,7181,JPY,2019-05-09,724.0,729.0,713.0,716.3333,7741800,4780,718.85
JP3233250004,206408211,7181,JPY,2019-05-10,705.6667,711.3333,689.3333,697.0,11814900,7183,698.98
JP3233250004,206408211,7181,JPY,2019-05-13,705.0,710.6667,692.3333,696.3333,7716300,5572,700.19333333
JP3233250004,206408211,7181,JPY,2019-05-14,683.6667,687.0,673.0,684.3333,8636700,7074,680.27666667
JP3233250004,206408211,7181,JPY,2019-05-15,690.3333,696.3333,682.0,683.0,6912600,4898,686.93333333
JP3233250004,206408211,7181,JPY,2019-05-16,668.0,680.0,656.0,665.0,9804900,6099,665.88
JP3233250004,206408211,7181,JPY,2019-05-17,669.6667,672.3333,658.0,662.6667,6121500,4234,665.17
JP3233250004,206408211,7181,JPY,2019-05-20,660.6667,667.6667,656.0,665.3333,4635600,3192,660.47333333
JP3233250004,206408211,7181,JPY,2019-05-21,663.3333,673.0,663.3333,668.0,4128000,2951,668.09666667
JP3233250004,206408211,7181,JPY,2019-05-22,665.6667,666.3333,655.6667,657.0,3476400,2227,659.62
JP3233250004,206408211,7181,JPY,2019-05-23,655.0333,656.6667,650.6667,656.3333,4003200,2874,654.02666667
JP3233250004,206408211,7181,JPY,2019-05-24,650.3333,662.3333,649.0,656.0,5441100,3065,655.90666667
JP3233250004,206408211,7181,JPY,2019-05-27,660.3667,671.3333,660.0,670.0,4787700,3750,667.84666667
JP3233250004,206408211,7181,JPY,2019-05-28,669.0,670.0,664.3333,667.3333,2849700,2236,667.25666667
JP3233250004,206408211,7181,JPY,2019-05-29,662.3333,677.3333,659.3333,677.3333,4817700,3354,669.77333333
JP3233250004,206408211,7181,JPY,2019-05-30,680.3333,695.3667,680.0,693.6667,7045200,4609,688.88666667
JP3233250004,206408211,7181,JPY,2019-05-31,688.0,704.0,687.3333,690.6667,7811400,6933,695.48333333
JP3233250004,206408211,7181,JPY,2019-06-03,686.0,688.0,676.0,688.0,3866700,3315,681.97
JP3233250004,206408211,7181,JPY,2019-06-04,691.3333,692.6667,680.3333,683.3333,2698500,2521,683.81
JP3233250004,206408211,7181,JPY,2019-06-05,687.3333,695.6667,684.3333,689.0,3313500,2896,690.50666667
JP3233250004,206408211,7181,JPY,2019-06-06,683.3333,690.2667,682.6667,685.6667,3192600,2952,686.40666667
JP3233250004,206408211,7181,JPY,2019-06-07,686.6667,689.6667,680.3333,685.6667,2509500,2319,685.91333333
JP3233250004,206408211,7181,JPY,2019-06-10,687.3333,687.6667,680.3333,685.6667,2496000,2059,685.39333333
JP3233250004,206408211,7181,JPY,2019-06-11,686.0,694.3333,683.3333,687.0,2694900,2476,688.66666667
JP3233250004,206408211,7181,JPY,2019-06-12,684.0,686.3333,678.3333,678.3333,2236200,1911,681.49666667
JP3233250004,206408211,7181,JPY,2019-06-13,673.6667,679.0,672.0,673.6667,1863000,2027,674.41666667
JP3233250004,206408211,7181,JPY,2019-06-14,670.6667,681.0,670.3333,676.0,2599500,1970,676.75
JP3233250004,206408211,7181,JPY,2019-06-17,676.0,678.0,672.0,672.0,1352100,1427,673.83666667
JP3233250004,206408211,7181,JPY,2019-06-18,667.3333,670.3333,659.6667,664.0,2591100,2126,664.11666667
JP3233250004,206408211,7181,JPY,2019-06-19,663.3333,672.0,663.3333,669.3333,2836800,2091,667.80333333
JP3233250004,206408211,7181,JPY,2019-06-20,668.6667,676.3333,668.0,671.3333,2170800,1786,671.68
JP3233250004,206408211,7181,JPY,2019-06-21,666.3,668.3333,663.3333,665.3333,3022800,2013,665.37333333
JP3233250004,206408211,7181,JPY,2019-06-24,650.0,662.6667,646.6667,662.0,5382900,3648,654.90666667
JP3233250004,206408211,7181,JPY,2019-06-25,662.6667,683.0,662.0,669.0,7525200,6260,674.02
JP3233250004,206408211,7181,JPY,2019-06-26,673.0,683.3333,669.3333,679.0,5121900,3922,677.17
JP3233250004,206408211,7181,JPY,2019-06-27,675.6667,687.0,670.0,678.0,4412100,3346,678.21
JP3233250004,206408211,7181,JPY,2019-06-28,676.6667,682.0,663.0,665.6667,4650000,3478,668.41
JP3233250004,206408211,7181,JPY,2019-07-01,673.3333,674.3333,664.3333,666.6667,3630300,2726,667.43666667
JP3233250004,206408211,7181,JPY,2019-07-02,666.6667,681.0,666.6667,674.6667,4025400,3516,675.48333333
JP3233250004,206408211,7181,JPY,2019-07-03,677.6667,681.3333,670.6667,673.0,2868300,2417,674.01666667
JP3233250004,206408211,7181,JPY,2019-07-04,675.3333,680.3333,673.0,677.0,2249100,2013,676.99666667
JP3233250004,206408211,7181,JPY,2019-07-05,671.3333,678.6667,671.3333,673.6667,2387400,2305,674.83
JP3233250004,206408211,7181,JPY,2019-07-08,675.0,678.0,669.3333,674.0,2138100,1873,673.01666667
JP3233250004,206408211,7181,JPY,2019-07-09,668.3333,676.0,668.3333,673.3333,2693700,2409,672.39333333
JP3233250004,206408211,7181,JPY,2019-07-10,665.0,666.6667,632.3333,639.3333,13763400,8253,645.91
JP3233250004,206408211,7181,JPY,2019-07-11,620.0,620.0,595.3333,598.3333,33376800,15795,601.04666667
JP3233250004,206408211,7181,JPY,2019-07-12,596.3333,605.0,590.0,597.0,19013400,8607,596.58666667
JP3233250004,206408211,7181,JPY,2019-07-16,590.0,594.3333,585.6667,589.3333,11012400,5822,589.03333333
JP3233250004,206408211,7181,JPY,2019-07-17,589.3333,594.6667,586.6667,586.6667,7356300,4054,589.27333333
JP3233250004,206408211,7181,JPY,2019-07-18,586.6333,590.0,581.6667,588.6667,10465200,5008,585.78666667
JP3233250004,206408211,7181,JPY,2019-07-19,590.3333,598.6667,586.0,586.3333,6858600,3750,590.6
JP3233250004,206408211,7181,JPY,2019-07-22,588.0,598.0,588.0,595.6667,6095400,3896,594.33
JP3233250004,206408211,7181,JPY,2019-07-23,594.3333,604.3333,593.3333,603.3333,6484500,4103,600.37333333
JP3233250004,206408211,7181,JPY,2019-07-24,603.6667,608.0,599.6667,601.6667,5262900,3009,603.56666667
JP3233250004,206408211,7181,JPY,2019-07-25,601.9667,608.7,601.6333,607.6667,5646600,3294,605.67333333
JP3233250004,206408211,7181,JPY,2019-07-26,604.6667,609.0,603.0,605.3333,3419400,2533,605.39333333
JP3233250004,206408211,7181,JPY,2019-07-29,597.0,606.3333,596.0,599.0,4038900,2714,600.01333333
JP3233250004,206408211,7181,JPY,2019-07-30,595.0,595.6667,584.3333,593.6667,7513200,4484,591.03666667
JP3233250004,206408211,7181,JPY,2019-07-31,590.9667,606.3333,590.9667,606.0,9384600,4799,600.73
JP3233250004,206408211,7181,JPY,2019-08-01,596.0,599.6667,592.3333,593.6667,4829100,2973,595.52666667
JP3233250004,206408211,7181,JPY,2019-08-02,585.3333,587.0,576.6667,579.6667,8257200,5625,581.23333333
JP3233250004,206408211,7181,JPY,2019-08-05,570.3333,570.6667,545.6667,557.3333,10562400,6983,556.74666667
JP3233250004,206408211,7181,JPY,2019-08-06,541.6333,564.0,541.0,561.6667,6597300,4841,551.7
JP3233250004,206408211,7181,JPY,2019-08-07,563.0,564.6667,551.6667,553.6667,4251600,3095,557.18333333
JP3233250004,206408211,7181,JPY,2019-08-08,554.3333,555.3333,545.0,547.6667,4707600,4193,549.24333333
JP3233250004,206408211,7181,JPY,2019-08-09,545.0,548.6667,533.6667,537.6667,7582800,5404,538.62333333
JP3233250004,206408211,7181,JPY,2019-08-13,532.0333,547.3333,525.0,526.3333,6464400,5127,532.19666667
JP3233250004,206408211,7181,JPY,2019-08-14,535.0,537.0,517.0,518.0,8030100,5409,522.96666667
JP3233250004,206408211,7181,JPY,2019-08-15,510.0,524.6667,507.0,520.6667,8394900,4954,515.99
JP3233250004,206408211,7181,JPY,2019-08-16,518.6667,523.0,514.6667,517.6667,4451700,3388,517.89333333
JP3233250004,206408211,7181,JPY,2019-08-19,519.6667,521.3333,515.0,519.3333,3429900,2352,518.32
JP3233250004,206408211,7181,JPY,2019-08-20,517.3333,520.6667,515.0,520.3333,3590400,1948,518.37
JP3233250004,206408211,7181,JPY,2019-08-21,515.3333,519.6667,508.3333,510.6667,4756800,2743,511.84333333
JP3233250004,206408211,7181,JPY,2019-08-22,509.3333,511.6667,502.3333,503.3333,4502700,2881,505.34666667
JP3233250004,206408211,7181,JPY,2019-08-23,501.3,503.3333,494.6667,497.6667,8121300,4068,497.69333333
JP3233250004,206408211,7181,JPY,2019-08-26,487.6667,491.0,485.0,488.6667,6967200,3778,487.97666667
JP3233250004,206408211,7181,JPY,2019-08-27,493.3333,505.3333,492.6667,498.0,7683300,4407,498.51666667
JP3233250004,206408211,7181,JPY,2019-08-28,496.0,497.6667,491.3333,497.0,4482000,3720,494.61666667
JP3233250004,206408211,7181,JPY,2019-08-29,500.3333,507.0,498.6667,504.0,5619000,4048,503.08666667
JP3233250004,206408211,7181,JPY,2019-08-30,506.6667,510.3333,502.3333,508.6667,3632100,2193,506.57666667
JP3233250004,206408211,7181,JPY,2019-09-02,508.6667,523.3333,508.3333,518.3333,6473100,4001,518.14
JP3233250004,206408211,7181,JPY,2019-09-03,518.0,518.6667,511.3333,512.6667,3332700,2805,514.56
JP3233250004,206408211,7181,JPY,2019-09-04,510.0,511.3333,502.0,503.0,3954000,2611,504.81
JP3233250004,206408211,7181,JPY,2019-09-05,502.0,514.0,501.3333,510.3333,3789600,2680,509.87
JP3233250004,206408211,7181,JPY,2019-09-06,516.0,519.3333,508.6667,511.6667,3126000,2478,512.92666667
JP3233250004,206408211,7181,JPY,2019-09-09,515.0,521.0,514.3333,518.0,3324900,2145,518.21
JP3233250004,206408211,7181,JPY,2019-09-10,526.0,549.6667,525.6667,546.0,11349300,8656,541.64333333
JP3233250004,206408211,7181,JPY,2019-09-11,558.3333,560.6667,542.3333,553.0,7887900,5232,552.52666667
JP3233250004,206408211,7181,JPY,2019-09-12,560.6667,562.6667,548.6667,551.3333,5435700,4429,554.03
JP3233250004,206408211,7181,JPY,2019-09-13,551.0,559.6667,542.6667,557.6667,5073900,3352,552.1
JP3233250004,206408211,7181,JPY,2019-09-17,554.6667,561.0,549.6667,555.6667,4206000,3366,556.74666667
JP3233250004,206408211,7181,JPY,2019-09-18,555.6667,556.0,550.0,552.3333,3580200,3246,552.33
JP3233250004,206408211,7181,JPY,2019-09-19,557.0,562.3333,554.0,555.0,3744600,2829,558.15666667
JP3233250004,206408211,7181,JPY,2019-09-20,556.6667,559.0,547.0,552.3333,4955400,3591,551.68666667
JP3233250004,206408211,7181,JPY,2019-09-24,555.6667,571.6667,555.0,566.6667,7003800,6093,566.05
JP3233250004,206408211,7181,JPY,2019-09-25,569.3333,570.3333,562.6333,566.0,4085400,3560,565.25666667
JP3233250004,206408211,7181,JPY,2019-09-26,566.3333,572.6667,564.3333,568.3333,5230200,3179,568.45666667
JP3233250004,206408211,7181,JPY,2019-09-27,553.0,553.6667,541.3333,549.6667,5607300,3915,546.93666667
JP3233250004,206408211,7181,JPY,2019-09-30,552.6667,558.3667,541.3333,543.3333,4583100,3600,548.49
JP3233250004,206408211,7181,JPY,2019-10-01,540.3333,558.3333,539.0,556.3333,5451000,4307,552.14333333
JP3233250004,206408211,7181,JPY,2019-10-02,551.0,553.7,546.6667,549.3333,5019600,4568,550.01666667
JP3233250004,206408211,7181,JPY,2019-10-03,539.6667,544.6667,534.0,543.6667,4610100,3671,539.79333333
JP3233250004,206408211,7181,JPY,2019-10-04,538.6667,540.0,531.6667,534.3333,4940400,3490,534.37
JP3233250004,206408211,7181,JPY,2019-10-07,536.6667,543.0,533.6667,542.6667,5014200,4538,539.75666667
JP3233250004,206408211,7181,JPY,2019-10-08,543.3333,554.6667,543.0,549.3333,4754100,4692,549.3
JP3233250004,206408211,7181,JPY,2019-10-09,542.0,551.6667,540.3333,546.3333,5006100,4212,546.7
JP3233250004,206408211,7181,JPY,2019-10-10,542.0,543.3333,525.6667,528.6667,7036500,5068,533.05
JP3233250004,206408211,7181,JPY,2019-10-11,535.6667,547.6667,534.3333,545.6667,6119700,4228,542.03333333
JP3233250004,206408211,7181,JPY,2019-10-15,548.0,558.6667,547.6667,556.0,4916100,3509,554.65666667
JP3233250004,206408211,7181,JPY,2019-10-16,565.0,567.0,557.0,561.0,4225200,2851,561.16333333
JP3233250004,206408211,7181,JPY,2019-10-17,560.0,564.6667,555.3333,555.6667,2931900,3105,558.04333333
JP3233250004,206408211,7181,JPY,2019-10-18,554.6667,557.6667,552.3333,555.6667,2361600,1776,555.18
JP3233250004,206408211,7181,JPY,2019-10-21,559.0,574.6667,558.6667,574.3333,7418100,4617,570.02333333
JP3233250004,206408211,7181,JPY,2019-10-23,574.3333,576.3333,561.3333,570.6667,5563800,3992,567.39333333
JP3233250004,206408211,7181,JPY,2019-10-24,575.0,580.0,573.3333,576.0,3722400,3027,576.96
JP3233250004,206408211,7181,JPY,2019-10-25,571.0,577.6667,569.0,577.3333,4118400,3495,574.03666667
JP3233250004,206408211,7181,JPY,2019-10-28,575.0,579.6667,572.6667,576.6667,3778500,3446,576.73
JP3233250004,206408211,7181,JPY,2019-10-29,578.3333,582.3333,578.3333,581.3333,2856600,2481,580.44666667
JP3233250004,206408211,7181,JPY,2019-10-30,581.6667,582.3333,574.3333,576.3333,3194100,2984,577.26
JP3233250004,206408211,7181,JPY,2019-10-31,573.3333,576.6667,570.0,571.3333,2900700,2754,572.89333333
JP3233250004,206408211,7181,JPY,2019-11-01,568.3333,577.6667,568.3333,575.6667,3946800,3884,574.9
JP3233250004,206408211,7181,JPY,2019-11-05,581.6667,589.3333,578.6667,583.6667,5005500,4147,585.20333333
JP3233250004,206408211,7181,JPY,2019-11-06,589.3333,591.6667,581.0,589.0,4784700,4324,587.10333333
JP3233250004,206408211,7181,JPY,2019-11-07,588.6667,589.6667,581.6667,585.0,3936900,3886,584.73333333
JP3233250004,206408211,7181,JPY,2019-11-08,595.0,603.3333,591.0,597.0,10554300,7901,597.11666667
JP3233250004,206408211,7181,JPY,2019-11-11,596.3333,601.6667,587.3333,588.6667,5042100,4729,592.87666667
JP3233250004,206408211,7181,JPY,2019-11-12,592.0,598.0,587.6667,596.0,4921200,3553,593.65666667
JP3233250004,206408211,7181,JPY,2019-11-13,594.6667,596.7,584.3333,584.3333,5059200,4909,587.82
JP3233250004,206408211,7181,JPY,2019-11-14,584.0,588.6667,580.3333,585.3333,4935600,4633,584.19666667
JP3233250004,206408211,7181,JPY,2019-11-15,591.6667,621.6667,591.3333,619.6667,12697500,8067,612.46
JP3233250004,206408211,7181,JPY,2019-11-18,622.6667,624.0,613.3333,619.3333,5771400,4690,618.27666667
JP3233250004,206408211,7181,JPY,2019-11-19,626.6667,630.0,621.0,626.0,7058100,6693,625.10666667
JP3233250004,206408211,7181,JPY,2019-11-20,620.6667,621.0,598.3333,601.6667,8033100,5792,606.72666667
JP3233250004,206408211,7181,JPY,2019-11-21,614.6667,616.0,598.6667,612.6667,7108200,6506,606.91666667
JP3233250004,206408211,7181,JPY,2019-11-22,612.6667,617.0,608.6667,610.3333,4203900,4157,612.03333333
JP3233250004,206408211,7181,JPY,2019-11-25,615.6667,630.6667,613.6667,630.3333,9713700,6487,626.41
JP3233250004,206408211,7181,JPY,2019-11-26,634.0,638.6667,623.0,634.0,19942200,12925,631.62333333
JP3233250004,206408211,7181,JPY,2019-11-27,630.3333,635.3333,624.3,627.0,7633800,5983,628.12666667
JP3233250004,206408211,7181,JPY,2019-11-28,630.0,631.0,618.3333,620.3333,4762500,3699,622.51666667
JP3233250004,206408211,7181,JPY,2019-11-29,620.6667,630.6667,617.6667,627.6667,5984100,4153,624.22
JP3233250004,206408211,7181,JPY,2019-12-02,627.6667,630.6667,624.3333,625.3333,2940900,2681,627.77666667
JP3233250004,206408211,7181,JPY,2019-12-03,628.3333,635.6667,619.9333,634.3333,4981800,3639,630.51333333
JP3233250004,206408211,7181,JPY,2019-12-04,629.3333,637.3333,629.0,637.3333,2833200,2785,633.95666667
JP3233250004,206408211,7181,JPY,2019-12-05,640.3333,652.0,640.0,646.0,5510100,3706,646.82333333
JP3233250004,206408211,7181,JPY,2019-12-06,644.3333,651.2667,643.3333,646.3333,4208400,5022,646.30333333
JP3233250004,206408211,7181,JPY,2019-12-09,653.3333,656.3333,646.0,648.3333,4524000,2966,649.85
JP3233250004,206408211,7181,JPY,2019-12-10,647.3333,651.3667,643.0,644.0,5350200,3292,646.17
JP3233250004,206408211,7181,JPY,2019-12-11,649.0,654.3333,646.3333,653.6667,6168000,4403,650.65
JP3233250004,206408211,7181,JPY,2019-12-12,653.6667,663.0,652.3333,660.6667,5677500,4401,660.03333333
JP3233250004,206408211,7181,JPY,2019-12-13,668.3333,672.3333,661.3333,663.3333,7034100,5037,665.94333333
JP3233250004,206408211,7181,JPY,2019-12-16,663.3333,666.0,659.3333,659.3333,3220800,2632,662.05666667
JP3233250004,206408211,7181,JPY,2019-12-17,635.0,644.0,629.6667,641.6667,13224600,6322,635.48333333
JP3233250004,206408211,7181,JPY,2019-12-18,644.6667,654.6667,642.3333,646.3333,6160200,4476,648.45333333
JP3233250004,206408211,7181,JPY,2019-12-19,641.6667,643.0,628.3333,630.3333,7314900,4771,633.13333333
JP3233250004,206408211,7181,JPY,2019-12-20,634.6667,639.6667,631.3,635.6667,4773600,3227,635.26
JP3233250004,206408211,7181,JPY,2019-12-23,633.3333,635.6667,631.6667,633.6667,3728100,2247,633.27333333
JP3233250004,206408211,7181,JPY,2019-12-24,628.6667,629.6667,612.6667,614.0,5827500,4416,618.16
JP3233250004,206408211,7181,JPY,2019-12-25,608.0,613.3333,600.0,607.0,6666900,3536,606.05666667
JP3233250004,206408211,7181,JPY,2019-12-26,607.0,624.3333,607.0,616.0,5731200,3609,616.76666667
JP3233250004,206408211,7181,JPY,2019-12-27,619.6667,626.0333,618.0,624.0,2622900,1814,622.52333333
JP3233250004,206408211,7181,JPY,2019-12-30,622.3333,623.3333,618.0,620.6667,2138700,1569,620.35666667
JP3233250004,206408211,7181,JPY,2020-01-06,619.6667,621.0,612.0,615.0,3574800,3188,615.56
JP3233250004,206408211,7181,JPY,2020-01-07,619.0,630.3333,619.0,629.0,4332300,2874,626.96333333
JP3233250004,206408211,7181,JPY,2020-01-08,625.6667,642.0,622.3,633.0,7424100,4713,631.54333333
JP3233250004,206408211,7181,JPY,2020-01-09,640.0,654.0,640.0,651.3333,5438700,3107,647.48666667
JP3233250004,206408211,7181,JPY,2020-01-10,660.0,663.0,648.6667,651.6667,4723500,3556,655.36333333
JP3233250004,206408211,7181,JPY,2020-01-14,655.3333,656.6667,638.3333,644.6667,4405200,4110,643.70666667
JP3233250004,206408211,7181,JPY,2020-01-15,640.6667,642.3333,634.0,637.0,3182100,2652,637.21333333
JP3233250004,206408211,7181,JPY,2020-01-16,636.6667,643.3333,636.0,643.3333,3883200,3051,640.71
JP3233250004,206408211,7181,JPY,2020-01-17,646.6667,656.0,641.6667,656.0,4057200,3565,651.57
JP3233250004,206408211,7181,JPY,2020-01-20,656.3333,659.3333,653.7,657.6667,1648500,1745,656.72333333
JP3233250004,206408211,7181,JPY,2020-01-21,652.3333,656.3333,649.0,651.6667,1320000,1345,651.73
JP3233250004,206408211,7181,JPY,2020-01-22,656.6667,667.6667,650.6667,664.6667,5560500,4247,661.72
JP3233250004,206408211,7181,JPY,2020-01-23,666.0,666.0,658.8333,662.0,2928300,2455,661.85333333
JP3233250004,206408211,7181,JPY,2020-01-24,658.0,661.0,649.0,650.3333,2853300,2371,654.33666667
JP3233250004,206408211,7181,JPY,2020-01-27,641.6667,642.6667,631.3,634.0,3419700,3045,635.92
JP3233250004,206408211,7181,JPY,2020-01-28,632.3333,634.0,624.0,628.6667,2506500,2320,628.75333333
JP3233250004,206408211,7181,JPY,2020-01-29,631.3333,632.0,624.0,628.6667,2268900,1970,627.51666667
JP3233250004,206408211,7181,JPY,2020-01-30,622.6667,624.3333,613.4,615.3333,3891300,2912,617.74
JP3233250004,206408211,7181,JPY,2020-01-31,620.0,622.0,616.0,617.6667,2273700,2731,618.76666667
JP3233250004,206408211,7181,JPY,2020-02-03,607.0,622.6667,606.0,620.3333,2438700,2318,616.53666667
JP3233250004,206408211,7181,JPY,2020-02-04,615.3333,621.3667,612.6667,617.6667,1960800,1874,617.59
JP3233250004,206408211,7181,JPY,2020-02-05,624.3333,633.0,623.0,623.3333,3677100,3364,627.20666667
JP3233250004,206408211,7181,JPY,2020-02-06,635.6667,645.3333,634.3333,638.3333,2601300,2381,640.06333333
JP3233250004,206408211,7181,JPY,2020-02-07,633.3333,637.0,627.6667,628.3333,2464500,2078,631.94666667
JP3233250004,206408211,7181,JPY,2020-02-10,626.3333,631.6667,622.0,628.0,1893300,2030,628.33
JP3233250004,206408211,7181,JPY,2020-02-12,633.0,633.0,615.6667,619.6667,3041400,2172,620.48333333
JP3233250004,206408211,7181,JPY,2020-02-13,615.3333,619.0,613.3,617.6667,1558800,1428,615.95
JP3233250004,206408211,7181,JPY,2020-02-14,611.0,613.0,607.3333,612.3333,2644800,2494,609.52
JP3233250004,206408211,7181,JPY,2020-02-17,616.0,617.0,605.0,606.6667,2652000,2457,608.29666667
JP3233250004,206408211,7181,JPY,2020-02-18,604.0,609.5667,603.6667,607.3333,1606500,1706,606.64666667
JP3233250004,206408211,7181,JPY,2020-02-19,611.6667,613.6667,606.6667,606.6667,1977600,1747,609.7
JP3233250004,206408211,7181,JPY,2020-02-20,609.0,618.0,606.6667,607.0,1667700,1702,611.40333333
JP3233250004,206408211,7181,JPY,2020-02-21,607.0,616.6667,606.3333,612.0,1917000,2012,613.1
JP3233250004,206408211,7181,JPY,2020-02-25,593.3333,602.3333,587.6667,594.3333,3999900,3976,594.39666667
JP3233250004,206408211,7181,JPY,2020-02-26,590.3333,591.3333,585.0,587.0,2696100,2603,587.84
JP3233250004,206408211,7181,JPY,2020-02-27,585.6667,586.0,568.3333,571.6667,3303300,3338,575.29
JP3233250004,206408211,7181,JPY,2020-02-28,556.3333,560.0,547.0,552.3333,5150700,4533,552.51333333
JP3233250004,206408211,7181,JPY,2020-03-02,535.6667,556.0,535.6667,543.0,4878600,5416,544.27666667
JP3233250004,206408211,7181,JPY,2020-03-03,553.6667,559.6667,533.6667,534.3333,5094600,4348,541.72666667
JP3233250004,206408211,7181,JPY,2020-03-04,524.3333,538.3333,522.3333,531.6667,3639000,3097,531.92333333
JP3233250004,206408211,7181,JPY,2020-03-05,536.6667,540.6667,533.6333,538.6667,2727600,2682,537.57333333
JP3233250004,206408211,7181,JPY,2020-03-06,530.0,532.0,510.3333,519.3333,4481400,3504,519.74666667
JP3233250004,206408211,7181,JPY,2020-03-09,498.3333,499.3333,474.3333,477.6667,5282100,4337,485.87666667
JP3233250004,206408211,7181,JPY,2020-03-10,466.0,488.0,450.6667,484.6667,6652500,5532,472.41
JP3233250004,206408211,7181,JPY,2020-03-11,487.0,498.6667,479.3333,480.0,3995700,3641,487.02
JP3233250004,206408211,7181,JPY,2020-03-12,468.0,471.6667,452.0,455.6667,6019500,5630,459.86666667
JP3233250004,206408211,7181,JPY,2020-03-13,413.6667,434.3333,412.6667,421.6667,7848300,6331,419.94
JP3233250004,206408211,7181,JPY,2020-03-16,427.3333,438.3333,413.3333,414.3333,6123900,5673,422.15666667
JP3233250004,206408211,7181,JPY,2020-03-17,404.3333,413.3333,396.3333,412.0,6741300,6328,405.79666667
JP3233250004,206408211,7181,JPY,2020-03-18,418.6667,432.3333,412.3333,413.0,5139900,4748,422.0
JP3233250004,206408211,7181,JPY,2020-03-19,425.3333,426.6667,398.3333,400.3333,6070500,5421,408.05
JP3233250004,206408211,7181,JPY,2020-03-23,399.6667,402.3333,379.0,401.0,6864600,5954,391.85
JP3233250004,206408211,7181,JPY,2020-03-24,413.3333,422.6667,408.0,421.6667,4341300,4445,417.33333333
JP3233250004,206408211,7181,JPY,2020-03-25,460.0,465.3333,447.6667,464.3333,4847100,5134,459.02
JP3233250004,206408211,7181,JPY,2020-03-26,464.0,468.3333,452.0,464.0,4518900,4315,461.05333333
JP3233250004,206408211,7181,JPY,2020-03-27,476.6667,487.3333,461.0,472.3333,5233800,4466,472.94
JP3233250004,206408211,7181,JPY,2020-03-30,446.6667,458.0,434.0,455.3333,3405600,3555,446.25333333
JP3233250004,206408211,7181,JPY,2020-03-31,459.0,466.3333,446.6667,447.0,2715000,3125,456.02333333
JP3233250004,206408211,7181,JPY,2020-04-01,448.3333,459.0,430.6667,438.6667,3573000,3865,447.93666667
JP3233250004,206408211,7181,JPY,2020-04-02,428.6667,437.0333,425.3333,433.3333,3022800,3409,433.02333333
JP3233250004,206408211,7181,JPY,2020-04-03,428.6667,439.0,428.6667,434.6667,2883000,2871,433.86666667
JP3233250004,206408211,7181,JPY,2020-04-06,438.3333,443.3333,430.0,441.0,3024900,3167,436.47666667
JP3233250004,206408211,7181,JPY,2020-04-07,455.3333,456.6667,435.0,446.0,3039000,3947,444.88
JP3233250004,206408211,7181,JPY,2020-04-08,448.6667,451.0,434.3333,439.6667,3298800,4144,439.10333333
JP3233250004,206408211,7181,JPY,2020-04-09,444.3333,444.3333,436.6667,441.3333,2695800,3181,440.16333333
JP3233250004,206408211,7181,JPY,2020-04-10,442.6667,451.3333,435.6667,449.6667,2375700,3045,444.98666667
JP3233250004,206408211,7181,JPY,2020-04-13,446.6667,453.3333,438.6667,440.0,2548500,2913,445.28
JP3233250004,206408211,7181,JPY,2020-04-14,442.3333,448.6667,437.3333,447.0,1978800,2318,443.20666667
JP3233250004,206408211,7181,JPY,2020-04-15,443.3333,445.0,436.6667,441.0,2988000,3290,440.45333333
JP3233250004,206408211,7181,JPY,2020-04-16,438.3333,439.3333,431.0,433.3333,2304600,2311,433.87
JP3233250004,206408211,7181,JPY,2020-04-17,436.0,440.0,430.3333,431.3333,3003000,2475,433.80333333
JP3233250004,206408211,7181,JPY,2020-04-20,429.3333,434.3333,427.3333,433.6667,2115900,1681,431.51
JP3233250004,206408211,7181,JPY,2020-04-21,427.3333,435.0,426.0,435.0,2734200,2782,429.69333333
JP3233250004,206408211,7181,JPY,2020-04-22,431.6667,432.7,425.0,427.3333,2502600,2459,428.89
JP3233250004,206408211,7181,JPY,2020-04-23,427.6667,435.0,427.0,435.0,1985100,1847,431.76666667
JP3233250004,206408211,7181,JPY,2020-04-24,432.0,437.0,431.0,436.0,2463900,2007,434.39
JP3233250004,206408211,7181,JPY,2020-04-27,438.0,449.6667,435.0,449.6667,2648700,2318,441.93333333
JP3233250004,206408211,7181,JPY,2020-04-28,449.9667,455.3333,448.6667,453.0,1757400,2136,452.22333333
JP3233250004,206408211,7181,JPY,2020-04-30,463.0,470.3333,460.0,460.6667,3545100,3159,465.76333333
JP3233250004,206408211,7181,JPY,2020-05-01,450.6667,454.6667,443.3333,445.6667,2719800,2990,447.87666667
JP3233250004,206408211,7181,JPY,2020-05-07,430.6667,431.0,423.3333,425.0,5115900,3984,426.84
JP3233250004,206408211,7181,JPY,2020-05-08,429.0,434.3333,423.3333,430.0,3457500,3418,429.69333333
JP3233250004,206408211,7181,JPY,2020-05-11,436.6667,459.3333,436.6667,459.3333,3713400,3072,451.76
JP3233250004,206408211,7181,JPY,2020-05-12,456.0,456.3333,444.0,445.6667,3243900,2846,447.52
JP3233250004,206408211,7181,JPY,2020-05-13,436.0,437.6667,432.3333,434.0,2796300,2082,434.55666667
JP3233250004,206408211,7181,JPY,2020-05-14,434.6667,435.0,426.6667,427.0,3322500,2463,429.93333333
JP3233250004,206408211,7181,JPY,2020-05-15,431.6667,432.6667,421.0,427.6667,2709000,2302,427.11666667
JP3233250004,206408211,7181,JPY,2020-05-18,421.3333,422.6667,412.6667,418.0,4585200,3484,417.78
JP3233250004,206408211,7181,JPY,2020-05-19,423.3333,444.0,418.3333,440.6667,9624300,7315,431.97
JP3233250004,206408211,7181,JPY,2020-05-20,433.3333,436.0333,426.6667,433.6667,5091300,3236,431.36
JP3233250004,206408211,7181,JPY,2020-05-21,435.0,443.0,431.0,439.3333,4463100,3684,438.33333333
JP3233250004,206408211,7181,JPY,2020-05-22,442.6667,447.3333,431.3333,431.6667,4062000,3342,438.34
JP3233250004,206408211,7181,JPY,2020-05-25,436.3333,437.3333,430.6667,431.6667,2451300,2092,433.36
JP3233250004,206408211,7181,JPY,2020-05-26,430.3333,435.0,427.3333,434.6667,4553700,3234,431.98333333
JP3233250004,206408211,7181,JPY,2020-05-27,438.6667,461.3333,438.0,458.6667,7581900,5062,453.33666667
JP3233250004,206408211,7181,JPY,2020-05-28,466.3333,483.0,464.0,472.3333,6344700,4442,473.37333333
JP3233250004,206408211,7181,JPY,2020-05-29,465.3333,471.0,456.0,456.0,4859700,3957,464.28
JP3233250004,206408211,7181,JPY,2020-06-01,462.3333,470.6667,459.6667,461.0,3263100,2669,463.63333333
JP3233250004,206408211,7181,JPY,2020-06-02,461.6667,469.0,460.0,464.3333,3340200,2394,466.22333333
JP3233250004,206408211,7181,JPY,2020-06-03,472.0,474.3333,464.6333,467.6667,4228800,3226,468.71666667
JP3233250004,206408211,7181,JPY,2020-06-04,473.3333,475.3333,465.3333,468.3333,4821600,3549,470.54666667
JP3233250004,206408211,7181,JPY,2020-06-05,473.3333,486.6667,471.6667,485.6667,7476600,3921,479.78666667
JP3233250004,206408211,7181,JPY,2020-06-08,496.6667,510.6667,496.6667,510.3333,5375400,3180,503.90333333
JP3233250004,206408211,7181,JPY,2020-06-09,513.0,520.0,502.6667,506.6667,3517800,2949,509.04333333
JP3233250004,206408211,7181,JPY,2020-06-10,500.0,508.6667,498.3333,503.6667,3842400,2500,504.64666667
JP3233250004,206408211,7181,JPY,2020-06-11,488.6667,490.0,474.6667,476.0,4050900,3192,481.75
JP3233250004,206408211,7181,JPY,2020-06-12,456.3333,468.0,454.3333,466.0,4646700,3470,461.98
JP3233250004,206408211,7181,JPY,2020-06-15,465.3333,472.0,455.0,455.0,2638500,2312,463.83
JP3233250004,206408211,7181,JPY,2020-06-16,472.6667,489.3333,471.6667,485.3333,4756500,3611,481.86666667
JP3233250004,206408211,7181,JPY,2020-06-17,474.0,479.6667,469.3333,477.0,3736800,3298,475.47
JP3233250004,206408211,7181,JPY,2020-06-18,475.3333,475.3333,464.0,472.0,3099300,2640,470.60666667
JP3233250004,206408211,7181,JPY,2020-06-19,476.0,476.6667,465.0,469.0,3122700,2364,469.03666667
JP3233250004,206408211,7181,JPY,2020-06-22,466.6667,475.0,465.6667,472.3333,2230500,2065,471.41333333
JP3233250004,206408211,7181,JPY,2020-06-23,473.6667,483.0,473.3333,477.6667,3861000,3124,479.52666667
JP3233250004,206408211,7181,JPY,2020-06-24,477.0,478.0,472.3333,473.3333,2292600,2247,474.34666667
JP3233250004,206408211,7181,JPY,2020-06-25,467.3333,473.3333,464.0,464.3333,3023100,2679,467.17333333
JP3233250004,206408211,7181,JPY,2020-06-26,480.6667,489.3333,477.6667,482.6667,4636200,3623,483.87
JP3233250004,206408211,7181,JPY,2020-06-29,476.6667,477.3333,463.3333,465.0,3796200,3048,467.92
JP3233250004,206408211,7181,JPY,2020-06-30,476.6667,478.0,471.0,471.0,2912700,2783,474.89666667
JP3233250004,206408211,7181,JPY,2020-07-01,472.6667,474.6667,464.3333,467.3333,4083900,3033,468.72
JP3233250004,206408211,7181,JPY,2020-07-02,473.3333,487.0,471.3333,477.3333,4494000,3686,479.42333333
JP3233250004,206408211,7181,JPY,2020-07-03,477.3333,479.3333,466.3333,471.3333,2579400,1969,470.20333333
JP3233250004,206408211,7181,JPY,2020-07-06,470.6667,481.0,470.6667,479.3333,2199600,1931,476.85
JP3233250004,206408211,7181,JPY,2020-07-07,484.0,486.0,478.0,485.0,4077900,3730,482.18333333
JP3233250004,206408211,7181,JPY,2020-07-08,478.0,483.3333,475.0,475.0,2926200,2516,478.13333333
JP3233250004,206408211,7181,JPY,2020-07-09,476.3333,478.0,472.3333,474.6667,2303400,1932,475.24
JP3233250004,206408211,7181,JPY,2020-07-10,469.0,473.6667,466.0,469.0,2940300,2456,469.41666667
JP3233250004,206408211,7181,JPY,2020-07-13,477.6667,484.3667,477.0,482.3333,3253200,2817,481.43333333
JP3233250004,206408211,7181,JPY,2020-07-14,479.0,490.0,479.0,488.6667,3462900,2912,486.17666667
JP3233250004,206408211,7181,JPY,2020-07-15,494.3333,500.6667,488.3333,491.3333,2208300,2135,493.06666667
JP3233250004,206408211,7181,JPY,2020-07-16,493.0,506.3333,489.0,500.0,6892200,5563,497.89
JP3233250004,206408211,7181,JPY,2020-07-17,497.6667,499.3667,487.6667,488.3333,3133500,2808,491.27666667
JP3233250004,206408211,7181,JPY,2020-07-20,490.3333,504.6667,487.3333,503.0,5144100,3991,498.54333333
JP3233250004,206408211,7181,JPY,2020-07-21,495.6667,499.6667,490.6667,492.6667,3294600,2446,494.03666667
JP3233250004,206408211,7181,JPY,2020-07-22,495.0,502.3333,490.6667,492.3333,2885400,2450,495.86333333
JP3233250004,206408211,7181,JPY,2020-07-27,492.3333,494.0,485.0,492.6667,3318600,3225,490.49666667
JP3233250004,206408211,7181,JPY,2020-07-28,490.6667,498.6667,488.0,495.3333,3164100,3088,493.91333333
JP3233250004,206408211,7181,JPY,2020-07-29,490.3333,492.0,485.3333,486.3333,2663100,2035,488.55
JP3233250004,206408211,7181,JPY,2020-07-30,488.6667,489.6667,484.6667,486.0,2948100,3179,487.12333333
JP3233250004,206408211,7181,JPY,2020-07-31,484.3,485.3333,465.0,465.3333,4557000,3429,473.20666667
JP3233250004,206408211,7181,JPY,2020-08-03,473.3333,478.6667,471.3333,478.0,2173800,2436,474.77333333
JP3233250004,206408211,7181,JPY,2020-08-04,475.6667,480.3333,472.3333,479.0,3225300,3157,476.27333333
JP3233250004,206408211,7181,JPY,2020-08-05,474.0,489.6667,472.6667,488.0,3651900,3443,484.9
JP3233250004,206408211,7181,JPY,2020-08-06,488.6667,499.0,488.0,491.0,4661700,3666,492.88666667
JP3233250004,206408211,7181,JPY,2020-08-07,491.0,497.0,489.0,490.3333,3196500,2603,492.23333333
JP3233250004,206408211,7181,JPY,2020-08-11,497.0,522.0,497.0,520.0,5314800,4304,512.06666667
JP3233250004,206408211,7181,JPY,2020-08-12,529.3333,549.3333,529.3333,539.3333,5904300,5135,540.21
JP3233250004,206408211,7181,JPY,2020-08-13,540.0,542.3333,533.3333,535.3333,3228300,2559,538.71333333
JP3233250004,206408211,7181,JPY,2020-08-14,527.3333,532.3333,523.6667,526.0,3042900,2528,526.81333333
JP3233250004,206408211,7181,JPY,2020-08-17,523.3333,530.3333,523.0,528.0,2232600,1953,527.57
JP3233250004,206408211,7181,JPY,2020-08-18,521.6667,524.0,515.0,523.0,3427800,2603,519.44666667
JP3233250004,206408211,7181,JPY,2020-08-19,519.0,528.6667,516.6667,527.6667,2145000,2167,525.09
JP3233250004,206408211,7181,JPY,2020-08-20,531.7,538.3333,530.6667,534.6667,3339000,2303,535.68
JP3233250004,206408211,7181,JPY,2020-08-21,536.6667,541.3333,529.3333,531.0,2454000,1931,534.09
JP3233250004,206408211,7181,JPY,2020-08-24,529.3333,532.3333,526.3333,528.0,1840200,1459,529.61666667
JP3233250004,206408211,7181,JPY,2020-08-25,538.6667,540.6667,534.3333,537.6667,3538500,2478,538.26
JP3233250004,206408211,7181,JPY,2020-08-26,549.3333,557.0,547.0,556.6667,5377800,3641,553.03333333
JP3233250004,206408211,7181,JPY,2020-08-27,551.0,557.0,547.3333,549.3333,5862900,3722,551.49666667
JP3233250004,206408211,7181,JPY,2020-08-28,557.3333,572.3333,554.0,558.6667,6185100,5197,564.48333333
JP3233250004,206408211,7181,JPY,2020-08-31,569.0,574.3333,564.6667,564.6667,3591300,2967,569.63333333
JP3233250004,206408211,7181,JPY,2020-09-01,561.6667,565.6667,557.3333,565.6667,3150300,2444,562.54333333
JP3233250004,206408211,7181,JPY,2020-09-02,562.6667,562.6667,553.3333,556.0,3786900,3191,556.45666667
JP3233250004,206408211,7181,JPY,2020-09-03,559.0,562.0,555.6667,556.6667,2085600,1865,557.64
JP3233250004,206408211,7181,JPY,2020-09-04,550.3333,557.0,550.0,553.0,2218800,1805,554.17
JP3233250004,206408211,7181,JPY,2020-09-07,556.3333,559.0,550.0,551.0,2315700,2102,553.06666667
JP3233250004,206408211,7181,JPY,2020-09-08,555.0,561.3333,554.4,558.0,2724900,2036,557.44333333
JP3233250004,206408211,7181,JPY,2020-09-09,550.0333,552.3333,545.0,549.0,3777300,3110,548.42
JP3233250004,206408211,7181,JPY,2020-09-10,553.0,565.3333,552.3333,565.3333,3334500,2472,560.22666667
JP3233250004,206408211,7181,JPY,2020-09-11,567.0333,573.7,563.3333,569.3333,3956100,3190,569.83666667
JP3233250004,206408211,7181,JPY,2020-09-14,573.3333,585.3333,572.6667,576.0,3515400,2593,579.02
JP3233250004,206408211,7181,JPY,2020-09-15,573.3333,574.3333,569.3333,573.3333,1572000,1464,571.98
JP3233250004,206408211,7181,JPY,2020-09-16,568.3333,575.3333,566.0,570.3333,3734700,2826,571.55333333
JP3233250004,206408211,7181,JPY,2020-09-17,571.6667,577.0,570.3333,576.0,3504900,2793,574.07333333
JP3233250004,206408211,7181,JPY,2020-09-18,572.3333,576.6667,572.0,574.6667,3445800,2648,574.02
JP3233250004,206408211,7181,JPY,2020-09-23,569.3333,573.3333,561.3333,567.0,3688200,2554,567.80333333
JP3233250004,206408211,7181,JPY,2020-09-24,559.0,572.6667,558.3333,569.6667,3165300,2690,567.91
JP3233250004,206408211,7181,JPY,2020-09-25,567.0,570.6667,557.6667,562.0,4248000,3550,563.65
JP3233250004,206408211,7181,JPY,2020-09-28,569.3333,576.3333,568.0,576.3333,2440500,2145,571.09666667
JP3233250004,206408211,7181,JPY,2020-09-29,580.0,583.0,571.0,577.3333,2188200,2199,576.11333333
JP3233250004,206408211,7181,JPY,2020-09-30,568.3333,569.0,550.3333,550.3333,3453600,3277,557.93
JP3233250004,206408211,7181,JPY,2020-10-01,550.3333,550.3333,550.3333,550.3333,0,0,550.33333333
JP3233250004,206408211,7181,JPY,2020-10-02,550.3,557.3333,550.0,555.3333,4117200,4504,554.18
JP3233250004,206408211,7181,JPY,2020-10-05,563.0,575.0,562.0,568.3333,3088200,2930,567.56333333
JP3233250004,206408211,7181,JPY,2020-10-06,570.6667,574.3333,567.6667,573.3333,2225700,1782,571.71333333
JP3233250004,206408211,7181,JPY,2020-10-07,567.0,578.0333,565.0,577.0,3178200,2546,572.28
JP3233250004,206408211,7181,JPY,2020-10-08,579.0,583.0,575.6667,579.0,3553200,2710,579.91666667
JP3233250004,206408211,7181,JPY,2020-10-09,583.3333,587.6667,581.3333,586.0,3210000,3142,585.19333333
JP3233250004,206408211,7181,JPY,2020-10-12,589.6667,590.3333,582.0,586.6667,2480400,2164,585.75666667
JP3233250004,206408211,7181,JPY,2020-10-13,590.0,595.0,589.0,595.0,2124900,1692,591.79333333
JP3233250004,206408211,7181,JPY,2020-10-14,588.3333,592.0,583.6667,588.3333,2104800,1847,587.5
JP3233250004,206408211,7181,JPY,2020-10-15,584.3333,591.3333,583.6667,588.0,1910400,1890,589.34333333
JP3233250004,206408211,7181,JPY,2020-10-16,583.3333,589.6667,582.3333,583.0,2475300,1752,585.72
JP3233250004,206408211,7181,JPY,2020-10-19,586.3333,592.0,583.0,583.0,1906200,1732,587.19666667
JP3233250004,206408211,7181,JPY,2020-10-20,585.0,585.3333,574.0,577.0,1966500,2073,578.01666667
JP3233250004,206408211,7181,JPY,2020-10-21,577.0,592.3333,575.0,591.6667,2923500,2374,585.80333333
JP3233250004,206408211,7181,JPY,2020-10-22,593.3333,594.0,585.4333,586.0,1864200,1658,588.51333333
JP3233250004,206408211,7181,JPY,2020-10-23,593.0,594.3333,589.0,593.3333,1788600,1590,592.07666667
JP3233250004,206408211,7181,JPY,2020-10-26,593.3333,596.6667,590.0,591.6667,1320900,1126,592.98666667
JP3233250004,206408211,7181,JPY,2020-10-27,585.0,588.6667,581.0,586.6667,1944000,2496,586.25333333
JP3233250004,206408211,7181,JPY,2020-10-28,576.6667,579.3333,564.0,566.3333,2206500,1778,568.94333333
JP3233250004,206408211,7181,JPY,2020-10-29,562.0,565.3333,558.3333,559.6667,2231400,2346,561.88
JP3233250004,206408211,7181,JPY,2020-10-30,559.0,559.0,549.0,550.0,2479800,2578,552.38333333
JP3233250004,206408211,7181,JPY,2020-11-02,556.3333,562.0,553.3333,560.3333,2144700,2156,558.64333333
JP3233250004,206408211,7181,JPY,2020-11-04,569.0,573.0,562.3333,562.6667,2604900,2538,567.81333333
JP3233250004,206408211,7181,JPY,2020-11-05,557.0,558.0,549.3333,555.0,2463900,2185,552.62333333
JP3233250004,206408211,7181,JPY,2020-11-06,554.3333,561.3333,552.6667,557.0,1591800,2073,557.36333333
JP3233250004,206408211,7181,JPY,2020-11-09,560.3333,564.6667,555.0,563.3333,2078400,2314,561.18666667
JP3233250004,206408211,7181,JPY,2020-11-10,583.3333,585.3333,574.0,577.6667,5394300,4137,579.11
JP3233250004,206408211,7181,JPY,2020-11-11,589.3333,593.0,583.3333,587.0,2716200,2272,586.55333333
JP3233250004,206408211,7181,JPY,2020-11-12,579.6667,583.3,570.3333,575.3333,1922100,2100,575.78666667
JP3233250004,206408211,7181,JPY,2020-11-13,566.6667,573.0,562.3333,564.6667,2059800,2171,566.03333333
JP3233250004,206408211,7181,JPY,2020-11-16,576.6667,602.0,571.6667,600.0,5541900,4265,595.47
JP3233250004,206408211,7181,JPY,2020-11-17,608.6667,615.3333,602.0,608.6667,4461600,3144,607.61333333
JP3233250004,206408211,7181,JPY,2020-11-18,606.0,608.0,593.3333,593.3333,3206100,2644,598.16
JP3233250004,206408211,7181,JPY,2020-11-19,587.0,602.6667,585.6667,602.3333,4923300,4291,594.37666667
JP3233250004,206408211,7181,JPY,2020-11-20,604.3333,606.3333,596.6667,600.0,2924100,2290,600.64
JP3233250004,206408211,7181,JPY,2020-11-24,613.3333,614.0,605.3333,606.6667,2995800,2758,609.58
JP3233250004,206408211,7181,JPY,2020-11-25,612.3333,614.3333,597.3333,600.0,4131900,3627,603.21333333
JP3233250004,206408211,7181,JPY,2020-11-26,597.0,600.0,590.6667,600.0,3162000,2705,595.98666667
JP3233250004,206408211,7181,JPY,2020-11-27,598.0,602.6667,593.3333,595.3333,3623100,2699,597.36666667
JP3233250004,206408211,7181,JPY,2020-11-30,593.6667,594.3333,579.3333,580.0,3231300,2852,584.80666667
JP3233250004,206408211,7181,JPY,2020-12-01,581.6667,599.3333,581.6667,595.6667,3481500,3254,593.07
JP3233250004,206408211,7181,JPY,2020-12-02,600.0,601.6667,595.3333,600.0,3668700,2840,599.64333333
JP3233250004,206408211,7181,JPY,2020-12-03,603.3333,604.6667,596.6667,604.3333,3196800,2513,601.54
JP3233250004,206408211,7181,JPY,2020-12-04,606.6667,625.0,605.6667,619.6667,7359600,4958,618.05666667
JP3233250004,206408211,7181,JPY,2020-12-07,625.0,630.0,619.0,619.3333,2753100,2470,624.69333333
JP3233250004,206408211,7181,JPY,2020-12-08,612.6667,619.3333,612.0,613.6667,2424600,2907,615.89666667
JP3233250004,206408211,7181,JPY,2020-12-09,613.0,618.6667,611.0,617.6667,2673000,2613,615.84
JP3233250004,206408211,7181,JPY,2020-12-10,622.0,627.3333,621.0,624.0,2693400,2526,624.54666667
JP3233250004,206408211,7181,JPY,2020-12-11,624.3333,626.6667,619.6667,621.3333,3214500,2695,622.43
JP3233250004,206408211,7181,JPY,2020-12-14,626.6667,632.3333,622.0,623.6667,3278100,2509,626.3
JP3233250004,206408211,7181,JPY,2020-12-15,623.6667,632.3333,622.3333,628.6667,3272100,3095,627.61333333
JP3233250004,206408211,7181,JPY,2020-12-16,632.3333,634.3333,626.6667,630.3333,2901300,2412,629.98333333
JP3233250004,206408211,7181,JPY,2020-12-17,690.0,706.3333,670.0,693.6667,20937600,11745,690.84333333
JP3233250004,206408211,7181,JPY,2020-12-18,688.6667,706.0,685.6667,705.6667,11082300,6907,696.37333333
JP3233250004,206408211,7181,JPY,2020-12-21,712.3333,714.0,701.6667,703.3333,4995900,3909,705.68
JP3233250004,206408211,7181,JPY,2020-12-22,700.0,701.6667,678.3333,681.0,6143100,5082,688.81666667
JP3233250004,206408211,7181,JPY,2020-12-23,681.0,684.6667,675.3333,679.3333,4920600,4043,679.62666667
JP3233250004,206408211,7181,JPY,2020-12-24,683.3333,692.0,679.3333,685.0,3172800,2472,686.30666667
JP3233250004,206408211,7181,JPY,2020-12-25,673.3333,677.6667,661.0,676.0,6280800,3831,670.20333333
JP3233250004,206408211,7181,JPY,2020-12-28,675.6667,681.6667,666.6667,681.6667,4763400,3746,675.02666667
JP3233250004,206408211,7181,JPY,2020-12-29,685.6667,706.6667,684.0,704.6667,6176700,4572,698.74
JP3233250004,206408211,7181,JPY,2020-12-30,696.6667,710.0,694.6667,704.0,3747900,2911,704.73
JP3233250004,206408211,7181,JPY,2021-01-04,710.3333,723.3333,701.3333,723.3333,5431800,5035,713.66666667
JP3233250004,206408211,7181,JPY,2021-01-05,716.0,737.0333,714.0,729.0,7314600,5343,731.17333333
JP3233250004,206408211,7181,JPY,2021-01-06,730.6667,742.0,730.0,741.0,5476500,4762,736.59
JP3233250004,206408211,7181,JPY,2021-01-07,743.3333,757.6667,728.0,735.0,9027900,7947,744.78666667
JP3233250004,206408211,7181,JPY,2021-01-08,731.6667,747.0,721.6667,745.6667,9599100,9548,737.39666667
JP3233250004,206408211,7181,JPY,2021-01-12,742.3333,760.0,736.3333,746.6667,10719900,8557,748.42666667
JP3233250004,206408211,7181,JPY,2021-01-13,751.6667,766.0,747.7333,766.0,6373800,4947,762.45666667
JP3233250004,206408211,7181,JPY,2021-01-14,753.3333,764.6667,752.0,760.6667,5940000,5719,760.18333333
JP3233250004,206408211,7181,JPY,2021-01-15,760.3333,763.3333,751.3333,751.3333,4778100,3869,757.54333333
JP3233250004,206408211,7181,JPY,2021-01-18,747.6667,754.0,743.3333,749.6667,3774300,3270,749.36666667
JP3233250004,206408211,7181,JPY,2021-01-19,751.6667,758.0,748.0,753.3333,5360100,4421,753.89
JP3233250004,206408211,7181,JPY,2021-01-20,753.0,755.0,743.3333,745.3333,3891600,3842,746.95666667
JP3233250004,206408211,7181,JPY,2021-01-21,758.3333,760.3333,747.6667,753.0,6317100,5131,755.06666667
JP3233250004,206408211,7181,JPY,2021-01-22,752.0,752.0,741.0,747.6667,5079300,3890,745.39
JP3233250004,206408211,7181,JPY,2021-01-25,746.6667,750.6667,734.3333,739.6667,5799300,5070,741.06666667
JP3233250004,206408211,7181,JPY,2021-01-26,739.6667,740.6667,724.0,725.6667,7284300,6692,731.58333333
JP3233250004,206408211,7181,JPY,2021-01-27,733.3333,735.0,708.0,724.3333,11355300,7653,720.66333333
JP3233250004,206408211,7181,JPY,2021-01-28,711.0,724.3333,690.0,694.3333,24602400,16084,701.97333333
JP3233250004,206408211,7181,JPY,2021-01-29,700.0,705.0,682.6667,684.3333,6011100,4788,692.31333333
JP3233250004,206408211,7181,JPY,2021-02-01,685.0,711.6667,684.6667,709.6667,6567600,5657,703.02
JP3233250004,206408211,7181,JPY,2021-02-02,707.0,712.0,695.3333,704.6667,6048900,4419,703.92333333
JP3233250004,206408211,7181,JPY,2021-02-03,712.0,716.0,706.6667,714.6667,3355200,2710,712.54
JP3233250004,206408211,7181,JPY,2021-02-04,719.6667,728.3333,717.6667,724.0,3671700,4210,723.64
JP3233250004,206408211,7181,JPY,2021-02-05,734.3333,739.6667,730.0333,734.3333,3711600,3151,735.43333333
JP3233250004,206408211,7181,JPY,2021-02-08,741.0,751.6667,738.6667,749.3333,4820700,4072,748.06
JP3233250004,206408211,7181,JPY,2021-02-09,749.6667,750.3333,735.3333,736.6667,3169200,3093,741.59666667
JP3233250004,206408211,7181,JPY,2021-02-10,735.3333,736.6667,728.0,736.3333,2469000,2079,734.01666667
JP3233250004,206408211,7181,JPY,2021-02-12,740.0,753.3333,738.6667,746.0,4642800,3602,746.84
JP3233250004,206408211,7181,JPY,2021-02-15,745.0,756.0,721.6667,724.6667,5575800,3462,731.05666667
JP3233250004,206408211,7181,JPY,2021-02-16,730.0,735.6667,719.0,721.6667,3677700,3135,724.13666667
JP3233250004,206408211,7181,JPY,2021-02-17,729.3333,733.3333,717.6667,719.6667,3259500,3636,723.04
JP3233250004,206408211,7181,JPY,2021-02-18,728.6667,729.3333,720.0,723.0,3566700,2915,724.56
JP3233250004,206408211,7181,JPY,2021-02-19,715.6667,719.0,705.0,710.3333,2262300,2029,711.21
JP3233250004,206408211,7181,JPY,2021-02-22,720.6667,731.0,719.3333,724.0,2326200,2028,725.8
JP3233250004,206408211,7181,JPY,2021-02-24,741.3,746.6667,734.0,737.3333,3897000,2382,741.77
JP3233250004,206408211,7181,JPY,2021-02-25,745.0,751.3333,740.3333,748.3333,2659200,2137,747.40333333
JP3233250004,206408211,7181,JPY,2021-02-26,742.0,742.0,726.3333,726.3333,3007800,2670,734.16666667
JP3233250004,206408211,7181,JPY,2021-03-01,727.0,749.3333,723.6667,747.6667,3182700,3121,741.84
JP3233250004,206408211,7181,JPY,2021-03-02,755.0,755.3333,736.0,737.6667,2445300,2758,743.28
JP3233250004,206408211,7181,JPY,2021-03-03,747.3333,752.0,741.3333,749.3333,3550500,2594,748.67
JP3233250004,206408211,7181,JPY,2021-03-04,748.3333,750.0,729.3333,736.3333,3441000,2176,740.58
JP3233250004,206408211,7181,JPY,2021-03-05,735.6667,747.3333,734.6667,746.0,3911100,3201,741.14666667
JP3233250004,206408211,7181,JPY,2021-03-08,756.6667,772.3333,753.3333,766.3333,7504200,4635,764.42666667
JP3233250004,206408211,7181,JPY,2021-03-09,775.0,776.3333,762.0,765.6667,3849000,3520,769.39666667
JP3233250004,206408211,7181,JPY,2021-03-10,760.3333,773.3333,751.0,755.3333,4420200,2776,760.04
JP3233250004,206408211,7181,JPY,2021-03-11,753.3333,763.6667,751.6667,754.0,2486400,2066,756.86
JP3233250004,206408211,7181,JPY,2021-03-12,755.3333,764.6667,740.6667,764.3333,5496000,3601,755.17333333
JP3233250004,206408211,7181,JPY,2021-03-15,769.3333,782.6667,768.3333,778.0,2862000,2422,776.50333333
JP3233250004,206408211,7181,JPY,2021-03-16,771.6667,775.3333,765.0,767.3333,2955000,2448,768.96666667
JP3233250004,206408211,7181,JPY,2021-03-17,760.3333,774.6667,758.3333,773.3333,2872500,2464,769.36666667
JP3233250004,206408211,7181,JPY,2021-03-18,781.6667,793.0,779.6667,790.6667,5771400,3883,787.91
JP3233250004,206408211,7181,JPY,2021-03-19,792.6667,804.6667,789.3333,804.6667,7447800,4619,798.20666667
JP3233250004,206408211,7181,JPY,2021-03-22,798.6667,806.0,797.3333,800.3333,3334200,2717,801.68333333
JP3233250004,206408211,7181,JPY,2021-03-23,798.3333,809.3333,795.3333,797.3333,3718200,2831,802.26
JP3233250004,206408211,7181,JPY,2021-03-24,793.6667,793.6667,771.6667,777.3333,5280300,3549,782.97
JP3233250004,206408211,7181,JPY,2021-03-25,784.0,799.3333,783.0,790.6667,2889900,2584,792.91
JP3233250004,206408211,7181,JPY,2021-03-26,798.6667,807.6667,793.0,803.6667,4185300,2837,802.71666667
JP3233250004,206408211,7181,JPY,2021-03-29,804.0,806.6667,786.6667,793.3333,3995400,3406,796.92333333
JP3233250004,206408211,7181,JPY,2021-03-30,764.0,765.0,749.3333,760.3333,4773900,3534,757.68333333
JP3233250004,206408211,7181,JPY,2021-03-31,760.6667,763.3333,753.6667,758.0,1985400,2091,759.97
JP3233250004,206408211,7181,JPY,2021-04-01,761.0,765.3333,745.0,747.6667,2700300,2744,751.59333333
JP3233250004,206408211,7181,JPY,2021-04-02,744.0,749.3333,733.6667,737.3333,2499000,2390,739.11
JP3233250004,206408211,7181,JPY,2021-04-05,743.3333,756.0,735.6667,754.3333,2385900,2754,749.10666667
JP3233250004,206408211,7181,JPY,2021-04-06,756.6667,761.0,740.0,746.3333,3316800,5012,750.21666667
JP3233250004,206408211,7181,JPY,2021-04-07,740.6667,751.0,740.6667,744.0,1746600,2582,743.79666667
JP3233250004,206408211,7181,JPY,2021-04-08,745.6667,746.6667,732.3333,733.3333,1703400,2338,736.84333333
JP3233250004,206408211,7181,JPY,2021-04-09,741.6667,747.3333,737.0,737.3333,1723500,2176,741.90333333
JP3233250004,206408211,7181,JPY,2021-04-12,739.3333,749.0,738.3333,738.6667,2009400,2180,743.08666667
JP3233250004,206408211,7181,JPY,2021-04-13,741.3333,749.6667,740.6667,744.0,1506900,2009,744.03
JP3233250004,206408211,7181,JPY,2021-04-14,736.3333,737.0,725.6667,729.0,2221800,2220,729.48666667
JP3233250004,206408211,7181,JPY,2021-04-15,732.6667,733.6667,721.0,721.0,2217000,1943,725.60666667
JP3233250004,206408211,7181,JPY,2021-04-16,720.0,720.0,705.3333,709.0,2954100,3224,709.46333333
JP3233250004,206408211,7181,JPY,2021-04-19,712.3333,726.6667,710.3333,725.6667,3002700,2563,720.63
JP3233250004,206408211,7181,JPY,2021-04-20,724.0,724.0,710.6667,715.3333,1969500,2442,714.61
JP3233250004,206408211,7181,JPY,2021-04-21,700.0,701.3333,683.6667,695.3333,2774100,3085,692.65666667
JP3233250004,206408211,7181,JPY,2021-04-22,700.3333,704.0,692.3333,700.3333,2254500,2361,697.90333333
JP3233250004,206408211,7181,JPY,2021-04-23,700.3333,702.6667,694.6667,701.0,1386000,1537,699.1
JP3233250004,206408211,7181,JPY,2021-04-26,706.0,708.3333,696.3333,698.6667,1364400,1403,699.69
JP3233250004,206408211,7181,JPY,2021-04-27,696.6667,712.6667,695.3333,709.0,2449500,2145,707.25666667
JP3233250004,206408211,7181,JPY,2021-04-28,712.0,712.3333,703.6667,706.3333,1386300,1554,706.84333333
JP3233250004,206408211,7181,JPY,2021-04-30,710.3333,714.0,700.0,702.0,1480800,1800,707.28666667
JP3233250004,206408211,7181,JPY,2021-05-06,712.3333,716.6667,702.3333,714.0,2964300,3594,711.50333333
JP3233250004,206408211,7181,JPY,2021-05-07,722.3333,729.6667,717.3333,729.0,1532700,1496,724.91
JP3233250004,206408211,7181,JPY,2021-05-10,728.3333,736.3333,724.6667,735.0,1639800,2005,732.50333333
JP3233250004,206408211,7181,JPY,2021-05-11,726.3333,730.0,712.3,713.3333,2176200,2956,717.59666667
JP3233250004,206408211,7181,JPY,2021-05-12,713.3333,725.0,712.0,722.3333,2243100,3107,719.62333333
JP3233250004,206408211,7181,JPY,2021-05-13,721.0,733.0,717.0,722.3333,1517700,2115,725.92666667
JP3233250004,206408211,7181,JPY,2021-05-14,733.3333,735.6667,724.6333,734.3333,1767900,2324,731.31333333
JP3233250004,206408211,7181,JPY,2021-05-17,762.0,766.0,752.2,766.0,9237000,6513,761.74666667
JP3233250004,206408211,7181,JPY,2021-05-18,772.6667,792.6667,772.6667,780.3333,6316500,5167,782.24666667
JP3233250004,206408211,7181,JPY,2021-05-19,770.6667,779.4,762.0333,770.3333,3935400,4188,771.47
JP3233250004,206408211,7181,JPY,2021-05-20,760.3333,767.3333,758.3333,764.6667,3232800,4486,763.28333333
JP3233250004,206408211,7181,JPY,2021-05-21,758.6667,774.0,757.3333,767.3333,3971700,3633,767.08666667
JP3233250004,206408211,7181,JPY,2021-05-24,768.3333,772.0,753.3333,758.0,3926100,3970,762.07333333
JP3233250004,206408211,7181,JPY,2021-05-25,758.0,760.0,743.0,743.0,2602500,3301,748.84666667
JP3233250004,206408211,7181,JPY,2021-05-26,730.3333,732.6667,711.0,711.0,6164400,4943,718.7
JP3233250004,206408211,7181,JPY,2021-05-27,712.3333,726.6667,705.6667,710.3333,3844800,3622,713.17666667
JP3233250004,206408211,7181,JPY,2021-05-28,726.3333,731.3333,718.6667,730.3333,3082200,3213,726.79666667
JP3233250004,206408211,7181,JPY,2021-05-31,717.3333,720.0,697.6667,700.0,4418100,3973,704.70333333
JP3233250004,206408211,7181,JPY,2021-06-01,701.6667,711.0,701.3333,706.6667,1656300,1889,706.23333333
JP3233250004,206408211,7181,JPY,2021-06-02,709.6667,729.0,704.3333,725.0,3109800,3112,722.05333333
JP3233250004,206408211,7181,JPY,2021-06-03,721.3333,744.6667,721.0,733.3333,2356500,2649,736.23666667
JP3233250004,206408211,7181,JPY,2021-06-04,741.6667,748.6667,737.6667,747.0,2886900,2668,745.63
JP3233250004,206408211,7181,JPY,2021-06-07,742.0,751.6667,739.3333,742.0,1853400,2352,743.17333333
JP3233250004,206408211,7181,JPY,2021-06-08,739.3333,740.6667,729.6667,733.3333,1524900,1770,735.26666667
JP3233250004,206408211,7181,JPY,2021-06-09,741.6667,741.6667,720.0,720.3333,1890000,1889,725.48333333
JP3233250004,206408211,7181,JPY,2021-06-10,716.6667,722.3333,713.3333,713.6667,1785300,2018,715.85
JP3233250004,206408211,7181,JPY,2021-06-11,708.6667,714.0,705.3333,710.0,2190900,2163,709.47333333
JP3233250004,206408211,7181,JPY,2021-06-14,713.6667,716.3333,700.6667,701.3333,2112000,2597,703.49666667
JP3233250004,206408211,7181,JPY,2021-06-15,696.0,702.6667,693.6667,701.3333,2033400,2012,699.54333333
JP3233250004,206408211,7181,JPY,2021-06-16,701.6667,708.0,700.6667,702.3333,1701900,1882,704.81333333
JP3233250004,206408211,7181,JPY,2021-06-17,708.3333,721.0,706.6667,710.0,2779800,2863,713.51
JP3233250004,206408211,7181,JPY,2021-06-18,701.3333,705.0,694.0,696.0,2860800,2388,697.53333333
JP3233250004,206408211,7181,JPY,2021-06-21,676.3333,682.0333,668.6667,671.0,3154200,3298,672.71333333
JP3233250004,206408211,7181,JPY,2021-06-22,698.6667,708.0,687.3333,705.6667,2933700,3251,701.94333333
JP3233250004,206408211,7181,JPY,2021-06-23,697.0,702.0,689.3333,690.0,2140800,2268,692.36666667
JP3233250004,206408211,7181,JPY,2021-06-24,686.6667,691.6667,681.3333,686.3333,1902000,1882,685.99666667
JP3233250004,206408211,7181,JPY,2021-06-25,695.6667,700.3333,688.6667,689.3333,1455900,1785,692.83
JP3233250004,206408211,7181,JPY,2021-06-28,694.0,700.6667,691.6667,693.3333,1418100,1310,694.75333333
JP3233250004,206408211,7181,JPY,2021-06-29,683.6667,689.0,681.6667,687.0,1543200,1761,684.66
JP3233250004,206408211,7181,JPY,2021-06-30,690.3333,692.6667,684.3333,684.6667,1472400,1644,687.76
JP3233250004,206408211,7181,JPY,2021-07-01,689.3333,689.6667,677.0333,678.0,371100,268,687.11
JP3233250004,206408211,7181,JPY,2021-07-02,681.6667,692.6667,680.0,692.0,2321400,2420,688.76
JP3233250004,206408211,7181,JPY,2021-07-05,677.3333,679.6667,674.0,674.0,2003100,1894,675.81333333
JP3233250004,206408211,7181,JPY,2021-07-06,669.6667,674.6667,667.0,670.0,2606100,2312,670.24
JP3233250004,206408211,7181,JPY,2021-07-07,659.6667,662.5333,654.7333,657.0,772500,855,658.67666667
JP3233250004,206408211,7181,JPY,2021-07-08,652.0,659.0,649.3333,649.3333,1799100,1812,652.34
JP3233250004,206408211,7181,JPY,2021-07-09,636.0,650.3333,634.6667,649.6667,2815500,2895,641.48666667
JP3233250004,206408211,7181,JPY,2021-07-12,671.3333,673.3333,659.8333,660.0,476100,647,667.69666667
JP3233250004,206408211,7181,JPY,2021-07-13,667.0,671.3333,665.6667,670.0,1682100,1902,669.11666667
JP3233250004,206408211,7181,JPY,2021-07-14,664.0,673.3333,664.0,666.6667,1281600,1769,669.25
JP3233250004,206408211,7181,JPY,2021-07-15,663.6667,665.6667,657.0,659.3333,1772700,1731,660.21333333
JP3233250004,206408211,7181,JPY,2021-07-16,656.6667,661.6667,655.3333,660.0,1579800,1836,659.28
JP3233250004,206408211,7181,JPY,2021-07-19,652.0,655.0,644.3333,646.6667,2061600,1788,648.22333333
JP3233250004,206408211,7181,JPY,2021-07-20,636.6667,643.6667,636.3333,641.6667,1650000,1504,639.58666667
JP3233250004,206408211,7181,JPY,2021-07-21,650.3333,654.6667,644.4667,646.3333,1477200,1499,649.37666667
JP3233250004,206408211,7181,JPY,2021-07-26,656.6667,658.6667,652.0,654.0,1602900,1690,654.52
JP3233250004,206408211,7181,JPY,2021-07-27,655.6667,657.0,651.6667,654.6667,1560600,1587,654.28
JP3233250004,206408211,7181,JPY,2021-07-28,652.0,656.0,651.6667,653.6667,1218600,1223,653.47666667
JP3233250004,206408211,7181,JPY,2021-07-29,655.0,655.0,647.6667,648.0,1835700,1793,650.67
JP3233250004,206408211,7181,JPY,2021-07-30,650.0,653.0,645.6667,646.0,2157300,1970,648.95333333
JP3233250004,206408211,7181,JPY,2021-08-02,650.3333,663.1333,650.0,660.3333,1929000,1735,659.66333333
JP3233250004,206408211,7181,JPY,2021-08-03,657.0,661.6667,648.0,649.0,1983600,1824,652.12666667
JP3233250004,206408211,7181,JPY,2021-08-04,649.6667,651.6667,642.6667,644.0,1863600,1213,645.24
JP3233250004,206408211,7181,JPY,2021-08-05,643.3333,649.0,642.6667,646.3333,1768200,1533,646.40333333
JP3233250004,206408211,7181,JPY,2021-08-06,649.6667,650.0,640.6667,641.6667,2366400,1934,642.79333333
JP3233250004,206408211,7181,JPY,2021-08-10,648.6667,657.3333,646.6667,651.3333,3628500,2427,652.27
JP3233250004,206408211,7181,JPY,2021-08-11,654.0,662.0,650.3333,656.0,4630500,3238,657.85666667
JP3233250004,206408211,7181,JPY,2021-08-12,673.3333,673.3333,634.0,636.0,8601300,6092,640.59333333
JP3233250004,206408211,7181,JPY,2021-08-13,640.1667,642.3333,634.9667,636.0,3816000,2383,637.49333333
JP3233250004,206408211,7181,JPY,2021-08-16,636.0,636.6667,629.0,635.0,2623500,1811,633.8
JP3233250004,206408211,7181,JPY,2021-08-17,637.3333,641.0,635.3333,636.3333,2768400,2256,638.27333333
JP3233250004,206408211,7181,JPY,2021-08-18,638.0,647.6667,637.0,644.3333,3570000,2081,642.84666667
JP3233250004,206408211,7181,JPY,2021-08-19,644.6667,645.3333,633.0,633.3333,3140700,1837,636.10666667
JP3233250004,206408211,7181,JPY,2021-08-20,633.3333,639.0,629.6667,637.6667,3503700,1856,636.09666667
JP3233250004,206408211,7181,JPY,2021-08-23,641.3333,647.3333,640.6667,644.0,2705400,1645,643.98
JP3233250004,206408211,7181,JPY,2021-08-24,644.6667,647.3333,641.0333,646.3333,3046500,2045,644.35666667
JP3233250004,206408211,7181,JPY,2021-08-25,649.0,655.3333,647.3333,655.0,2821200,1767,652.95
JP3233250004,206408211,7181,JPY,2021-08-26,661.3333,662.0,654.6667,658.6667,2014500,1333,658.06666667
JP3233250004,206408211,7181,JPY,2021-08-27,657.3333,663.0,656.6667,660.6667,2516700,1612,660.45
JP3233250004,206408211,7181,JPY,2021-08-30,663.0,667.6667,662.3333,667.6667,2461200,1431,665.4
JP3233250004,206408211,7181,JPY,2021-08-31,659.3333,667.8,655.3333,665.0,3185400,1887,662.03333333
JP3233250004,206408211,7181,JPY,2021-09-01,667.0,678.3333,666.6667,678.3333,3342900,2351,673.68666667
JP3233250004,206408211,7181,JPY,2021-09-02,677.3333,681.0,670.1333,675.3333,3752400,2426,674.52333333
JP3233250004,206408211,7181,JPY,2021-09-03,676.6667,687.3,674.3333,686.3333,3426300,2296,682.78666667
JP3233250004,206408211,7181,JPY,2021-09-06,686.6667,692.6667,682.6667,686.0,2430300,1798,686.12333333
JP3233250004,206408211,7181,JPY,2021-09-07,686.6667,693.0,679.6667,682.3333,3062100,2482,684.02
JP3233250004,206408211,7181,JPY,2021-09-08,684.3333,696.3333,683.0,694.6667,3519600,2105,692.37
JP3233250004,206408211,7181,JPY,2021-09-09,689.6667,696.0,684.3333,685.3333,2672100,1855,687.49
JP3233250004,206408211,7181,JPY,2021-09-10,686.6667,686.6667,678.6667,685.6667,3370500,2012,682.63333333
JP3233250004,206408211,7181,JPY,2021-09-13,686.6667,690.6667,682.3333,690.6667,2118900,1449,686.81
JP3233250004,206408211,7181,JPY,2021-09-14,698.3333,708.6667,697.0,707.6667,4307400,2882,704.63
JP3233250004,206408211,7181,JPY,2021-09-15,696.3333,701.6667,690.6,692.6667,2827500,1822,694.57666667
JP3233250004,206408211,7181,JPY,2021-09-16,689.3333,701.6667,689.3333,699.0,2989500,2355,698.08666667
JP3233250004,206408211,7181,JPY,2021-09-17,694.3333,705.2667,694.3333,697.0,5491200,2506,698.86666667
JP3233250004,206408211,7181,JPY,2021-09-21,686.3333,695.0,684.0,692.6667,3762900,2174,691.55
JP3233250004,206408211,7181,JPY,2021-09-22,687.0,691.0333,683.0,683.0,2659200,1733,685.80666667
JP3233250004,206408211,7181,JPY,2021-09-24,693.0,702.3333,688.3333,691.3333,5791200,2990,693.53666667
JP3233250004,206408211,7181,JPY,2021-09-27,690.0,700.6667,690.0,700.0,2726400,1663,697.32666667
JP3233250004,206408211,7181,JPY,2021-09-28,703.0,711.0,701.0,706.6667,5337300,2521,706.13666667
JP3233250004,206408211,7181,JPY,2021-09-29,690.0,691.6667,667.6667,674.0,3916200,2347,676.24666667
JP3233250004,206408211,7181,JPY,2021-09-30,672.0,682.6667,672.0,679.0,3645600,2357,678.93
JP3233250004,206408211,7181,JPY,2021-10-01,683.0,683.0,662.6667,663.3333,2756700,1941,667.23
JP3233250004,206408211,7181,JPY,2021-10-04,667.6667,670.3333,659.6667,660.6667,2375100,2080,662.51333333
JP3233250004,206408211,7181,JPY,2021-10-05,665.6667,666.0,653.0,654.3333,2878800,2315,657.07333333
JP3233250004,206408211,7181,JPY,2021-10-06,655.3333,675.0,655.0,672.6667,3706500,2922,669.44333333
JP3233250004,206408211,7181,JPY,2021-10-07,668.3333,676.0,661.6667,669.3333,3693000,2971,669.91666667
JP3233250004,206408211,7181,JPY,2021-10-08,667.6667,675.0,666.0,671.6667,3842100,2813,671.22
JP3233250004,206408211,7181,JPY,2021-10-11,674.0,678.0,669.0,674.3333,2788500,2350,672.63333333
JP3233250004,206408211,7181,JPY,2021-10-12,670.0,672.3333,661.3333,662.3333,2957100,2144,663.89666667
JP3233250004,206408211,7181,JPY,2021-10-13,656.6667,662.0,650.6667,650.6667,2774100,1993,654.80666667
JP3233250004,206408211,7181,JPY,2021-10-14,651.6667,651.6667,630.3333,636.3333,4415700,3127,634.49666667
JP3233250004,206408211,7181,JPY,2021-10-15,636.0,645.0,636.0,643.3333,2670600,1678,641.75
JP3233250004,206408211,7181,JPY,2021-10-18,645.0,646.3333,635.6667,637.6667,2564400,1657,638.38333333
JP3233250004,206408211,7181,JPY,2021-10-19,640.0,643.0,632.6667,635.3333,2789400,1916,635.75666667
JP3233250004,206408211,7181,JPY,2021-10-20,639.0,644.6667,635.3333,637.3333,2139000,1901,639.02
JP3233250004,206408211,7181,JPY,2021-10-21,639.6667,642.3333,634.3333,635.0,3068400,1908,637.16666667
JP3233250004,206408211,7181,JPY,2021-10-22,630.0,632.6667,625.3333,628.0,3036300,2098,628.91333333
JP3233250004,206408211,7181,JPY,2021-10-25,618.0,620.3,609.2667,609.6667,627600,1080,614.81666667
JP3233250004,206408211,7181,JPY,2021-10-26,610.3333,616.3333,607.0,609.6667,6452700,3419,611.27666667
JP3233250004,206408211,7181,JPY,2021-10-27,610.0,619.6667,605.6667,619.6667,5869200,3480,614.60666667
JP3233250004,206408211,7181,JPY,2021-10-28,621.6667,621.6667,604.0,619.6667,17357700,4152,617.45666667
JP3233250004,206408211,7181,JPY,2021-10-29,617.6667,618.0,611.6667,616.6667,3060600,2176,615.29666667
JP3233250004,206408211,7181,JPY,2021-11-01,623.3333,624.3333,611.0,616.0,3313200,2631,615.3
JP3233250004,206408211,7181,JPY,2021-11-02,622.3333,622.3333,605.6667,605.6667,4245000,2463,609.24333333
JP3233250004,206408211,7181,JPY,2021-11-04,605.3333,612.6667,603.0,607.0,5256900,2777,608.01
JP3233250004,206408211,7181,JPY,2021-11-05,601.3333,602.6667,592.6667,595.3333,5053200,2508,596.43
JP3233250004,206408211,7181,JPY,2021-11-08,597.0,610.7,596.3333,602.3333,4259700,2676,604.07666667
JP3233250004,206408211,7181,JPY,2021-11-09,605.0,608.6667,600.6667,601.3333,2656500,1891,603.51666667
JP3233250004,206408211,7181,JPY,2021-11-10,601.6667,604.3333,596.6667,597.0,3302100,2060,598.89
JP3233250004,206408211,7181,JPY,2021-11-11,599.0,612.6667,597.6667,612.6667,4490400,2317,608.45333333
JP3233250004,206408211,7181,JPY,2021-11-12,607.6667,619.6667,607.3333,615.6667,3649800,2601,615.12666667
JP3233250004,206408211,7181,JPY,2021-11-15,615.6667,621.3333,598.0,603.0,6010800,4313,604.96333333
JP3233250004,206408211,7181,JPY,2021-11-16,605.6667,612.0,600.6667,602.3333,3769200,2838,605.31
JP3233250004,206408211,7181,JPY,2021-11-17,601.6667,604.3333,599.0,600.6667,3661500,2384,600.94333333
JP3233250004,206408211,7181,JPY,2021-11-18,602.6667,602.6667,589.3333,598.0,4218300,2546,594.77666667
JP3233250004,206408211,7181,JPY,2021-11-19,597.6667,600.3333,595.0,600.3333,3228000,2256,598.11
JP3233250004,206408211,7181,JPY,2021-11-22,599.0,599.6667,586.3333,598.0,3811800,2391,594.40666667
JP3233250004,206408211,7181,JPY,2021-11-24,607.3333,609.6667,595.6,596.3333,3372300,2820,600.99333333
JP3233250004,206408211,7181,JPY,2021-11-25,600.3333,600.3333,593.3333,594.0,2158200,1890,595.3
JP3233250004,206408211,7181,JPY,2021-11-26,590.0,590.3333,579.6333,582.6667,4683900,2705,583.22666667
JP3233250004,206408211,7181,JPY,2021-11-29,577.0,582.6667,570.3333,575.0,4155900,3247,574.77
JP3233250004,206408211,7181,JPY,2021-11-30,571.8333,586.0,571.8333,586.0,14104800,4262,583.68
JP3233250004,206408211,7181,JPY,2021-12-01,577.3333,588.0,577.3333,580.0,4463700,4845,581.89666667
JP3233250004,206408211,7181,JPY,2021-12-02,579.1667,584.7667,576.6667,584.6667,3259200,3176,581.93666667
JP3233250004,206408211,7181,JPY,2021-12-03,590.6667,594.6667,582.6667,593.3333,5005800,3670,591.20333333
JP3233250004,206408211,7181,JPY,2021-12-06,596.0,601.1333,590.0667,597.6667,2327100,1743,597.09666667
JP3233250004,206408211,7181,JPY,2021-12-07,602.0,610.6667,576.3333,610.0,3080700,2068,606.40666667
JP3233250004,206408211,7181,JPY,2021-12-08,606.6667,615.3333,606.0,608.6667,3328800,3001,610.33333333
JP3233250004,206408211,7181,JPY,2021-12-09,606.6667,607.6667,597.6667,598.6667,3096900,2000,600.63333333
JP3233250004,206408211,7181,JPY,2021-12-10,596.6667,607.0,596.6667,600.0,2530500,1881,602.42333333
JP3233250004,206408211,7181,JPY,2021-12-13,604.0,609.6667,603.6667,607.3333,3165000,1685,607.02333333
JP3233250004,206408211,7181,JPY,2021-12-14,606.0,614.0,606.0,610.6667,2479800,1611,610.57
JP3233250004,206408211,7181,JPY,2021-12-15,610.6667,621.3333,610.0,615.0,2424300,1494,615.91
JP3233250004,206408211,7181,JPY,2021-12-16,614.0,616.3333,610.0,611.6667,2487300,1404,612.34
JP3233250004,206408211,7181,JPY,2021-12-17,615.3333,617.3333,608.6667,610.3333,3513900,1771,611.88333333
JP3233250004,206408211,7181,JPY,2021-12-20,610.3333,610.3333,594.6667,594.6667,2387400,1645,598.31333333
JP3233250004,206408211,7181,JPY,2021-12-21,594.6667,613.3333,593.3333,606.6667,3267600,1743,607.52333333
JP3233250004,206408211,7181,JPY,2021-12-22,606.6667,614.0,606.0,613.3333,2243100,1219,610.87
JP3233250004,206408211,7181,JPY,2021-12-23,613.3333,617.3333,612.0,617.3333,2578800,1417,615.46
JP3233250004,206408211,7181,JPY,2021-12-24,617.3333,618.0,608.0,613.0,1801500,1171,612.38666667
JP3233250004,206408211,7181,JPY,2021-12-27,613.0,613.0,606.6667,608.3333,2448600,1123,608.82
JP3233250004,206408211,7181,JPY,2021-12-28,613.0,617.3333,610.3333,613.6667,2520600,1640,613.31666667
JP3233250004,206408211,7181,JPY,2021-12-29,611.6667,617.0,611.6667,616.6667,1534800,953,615.29666667
JP3233250004,206408211,7181,JPY,2021-12-30,612.6667,619.3333,612.6667,616.6667,1635900,991,616.64
JP3233250004,206408211,7181,JPY,2022-01-04,620.0,631.0,617.0,631.0,3551700,2143,626.90666667
JP3233250004,206408211,7181,JPY,2022-01-05,644.0,654.3333,640.0,654.0,5338200,2823,647.86
JP3233250004,206408211,7181,JPY,2022-01-06,666.6667,666.6667,653.6667,656.6667,5817000,3386,658.02666667
JP3233250004,206408211,7181,JPY,2022-01-07,659.3333,669.6667,658.3333,668.0,4519500,2209,666.13333333
JP3233250004,206408211,7181,JPY,2022-01-11,674.0,695.6667,671.6667,695.0,6092400,2873,687.35666667
JP3233250004,206408211,7181,JPY,2022-01-12,694.9667,699.3333,684.6667,690.3333,4984500,3756,691.08
JP3233250004,206408211,7181,JPY,2022-01-13,688.3333,701.3333,684.6667,701.3333,4335900,3961,695.24
JP3233250004,206408211,7181,JPY,2022-01-14,701.3333,705.3333,693.0,704.0,4041000,2623,701.49
JP3233250004,206408211,7181,JPY,2022-01-17,696.0,708.3333,691.3333,693.3333,4118700,3039,697.58
JP3233250004,206408211,7181,JPY,2022-01-18,695.0,704.6667,685.6667,686.6667,3261600,2676,692.68666667
JP3233250004,206408211,7181,JPY,2022-01-19,682.1667,688.6667,671.6667,686.3333,3661200,2795,683.56
JP3233250004,206408211,7181,JPY,2022-01-20,674.3333,683.3333,668.3333,672.0,3941100,2614,675.07
JP3233250004,206408211,7181,JPY,2022-01-21,674.3333,674.3333,663.3333,669.6667,3641400,2978,668.75333333
JP3233250004,206408211,7181,JPY,2022-01-24,664.6667,680.6667,664.6667,677.6667,2684700,1769,676.19666667
JP3233250004,206408211,7181,JPY,2022-01-25,670.0,672.0333,662.3333,669.3333,3827700,2106,667.40333333
JP3233250004,206408211,7181,JPY,2022-01-26,676.6667,684.0,673.3333,673.3333,3301200,2096,677.25
JP3233250004,206408211,7181,JPY,2022-01-27,672.0,682.3333,659.3333,665.0,4700100,3332,668.30333333
JP3233250004,206408211,7181,JPY,2022-01-28,665.0,677.6667,665.0,677.0,2907600,2123,674.72
JP3233250004,206408211,7181,JPY,2022-01-31,666.6667,671.3333,663.3,668.3333,3153300,2490,667.37666667
JP3233250004,206408211,7181,JPY,2022-02-01,654.0,665.6667,654.0,660.0,3246600,2283,659.62666667
JP3233250004,206408211,7181,JPY,2022-02-02,661.6667,675.0,660.3333,672.6667,3726000,2150,669.86666667
JP3233250004,206408211,7181,JPY,2022-02-03,676.6667,682.6667,671.6667,680.6667,4499100,2875,679.06333333
JP3233250004,206408211,7181,JPY,2022-02-04,684.0,697.3333,683.0,694.3333,4618200,2947,691.47
JP3233250004,206408211,7181,JPY,2022-02-07,694.6667,722.0,692.6667,720.6667,5435100,3327,715.25
JP3233250004,206408211,7181,JPY,2022-02-08,716.0,720.6667,702.3333,704.0,4139400,3053,708.56
JP3233250004,206408211,7181,JPY,2022-02-09,700.0,716.3333,693.0,701.6667,3682800,3110,704.77666667
JP3233250004,206408211,7181,JPY,2022-02-10,703.3333,703.3333,692.6667,697.0,3544800,2296,696.16666667
JP3233250004,206408211,7181,JPY,2022-02-14,699.6667,706.6667,688.0,702.0,3962100,2806,698.11666667
JP3233250004,206408211,7181,JPY,2022-02-15,711.6667,720.0,689.0,698.0,5299500,4661,700.74
JP3233250004,206408211,7181,JPY,2022-02-16,703.0,711.3333,697.3333,699.6667,3027000,2542,702.84333333
JP3233250004,206408211,7181,JPY,2022-02-17,695.3333,700.0,686.6667,696.3333,3875100,2923,693.19333333
JP3233250004,206408211,7181,JPY,2022-02-18,689.3333,699.3333,687.3333,696.6667,2604300,2240,694.89333333
JP3233250004,206408211,7181,JPY,2022-02-21,691.0,697.7,688.0,693.0,1812600,1670,693.12
JP3233250004,206408211,7181,JPY,2022-02-22,689.0,689.0,678.0,679.6667,2704800,2459,681.74
JP3233250004,206408211,7181,JPY,2022-02-24,672.3333,680.6667,662.0,664.3333,3618000,2889,668.69333333
JP3233250004,206408211,7181,JPY,2022-02-25,663.6667,666.0,640.7,644.0,3786600,2951,649.46
JP3233250004,206408211,7181,JPY,2022-02-28,644.0,659.6667,644.0,658.0,3080100,1930,655.80666667
JP3233250004,206408211,7181,JPY,2022-03-01,658.6667,672.0,658.6667,668.6667,3667800,2232,668.13333333
JP3233250004,206408211,7181,JPY,2022-03-02,653.6667,656.0,644.3333,648.3333,3406200,2660,649.94666667
JP3233250004,206408211,7181,JPY,2022-03-03,647.3333,671.0,647.3333,663.6667,2722200,2073,663.82
JP3233250004,206408211,7181,JPY,2022-03-04,667.6667,673.3333,663.0,664.0,3104100,2085,666.94333333
JP3233250004,206408211,7181,JPY,2022-03-07,649.6667,652.6667,640.6667,649.3333,3827400,2852,647.70333333
JP3233250004,206408211,7181,JPY,2022-03-08,649.3333,653.6667,638.9,649.0,316800,503,649.01333333
JP3233250004,206408211,7181,JPY,2022-03-09,646.0,661.3333,636.6667,640.0,4637400,2862,646.73666667
JP3233250004,206408211,7181,JPY,2022-03-10,653.3333,666.2667,652.3333,656.6667,6487800,3707,660.28
JP3233250004,206408211,7181,JPY,2022-03-11,653.6667,663.3333,649.6667,656.6667,4926300,3071,656.55333333
JP3233250004,206408211,7181,JPY,2022-03-14,662.6667,674.6667,657.3333,669.3333,3612600,2464,667.89333333
JP3233250004,206408211,7181,JPY,2022-03-15,673.3333,693.6667,673.3333,688.0,3528900,2892,686.59666667
JP3233250004,206408211,7181,JPY,2022-03-16,690.0,708.3333,689.0,706.6667,4689600,3339,704.01
JP3233250004,206408211,7181,JPY,2022-03-17,704.6667,712.6667,694.0,705.6667,3501900,2786,703.80666667
JP3233250004,206408211,7181,JPY,2022-03-18,701.0,710.3333,701.0,710.0,4035900,1881,708.47666667
JP3233250004,206408211,7181,JPY,2022-03-22,705.3333,738.6667,705.3333,737.6667,6147900,3396,734.72
JP3233250004,206408211,7181,JPY,2022-03-23,740.0,751.3333,740.0,747.3333,4410000,2716,746.61666667
JP3233250004,206408211,7181,JPY,2022-03-24,740.0,751.3333,732.0,746.0,4182900,2709,744.83
JP3233250004,206408211,7181,JPY,2022-03-25,746.3333,748.3333,735.3333,736.6667,2639400,2243,740.43333333
JP3233250004,206408211,7181,JPY,2022-03-28,745.3333,751.3333,740.3333,750.0,4815000,2944,747.40333333
JP3233250004,206408211,7181,JPY,2022-03-29,746.6667,753.3333,742.3333,746.0,4307400,3119,747.39666667
JP3233250004,206408211,7181,JPY,2022-03-30,731.0,734.6667,716.6667,733.0,5618700,4049,728.48666667
JP3233250004,206408211,7181,JPY,2022-03-31,723.3333,729.3333,712.0,712.0,3513300,2391,718.89666667
JP3233250004,206408211,7181,JPY,2022-04-01,707.6667,724.3333,705.6667,723.3333,2510700,2004,718.24
JP3233250004,206408211,7181,JPY,2022-04-04,722.6667,723.3333,711.0,721.0,2173800,1959,718.66666667
JP3233250004,206408211,7181,JPY,2022-04-05,710.6667,714.3333,698.6667,701.3333,3302400,2485,702.92333333
JP3233250004,206408211,7181,JPY,2022-04-06,705.6667,708.3,694.6667,702.6667,2965200,2783,703.33
JP3233250004,206408211,7181,JPY,2022-04-07,695.6667,696.3333,686.3333,695.6667,3013800,2440,693.28333333
JP3233250004,206408211,7181,JPY,2022-04-08,691.6667,698.0,684.3333,688.0,4227300,3158,688.27666667
JP3233250004,206408211,7181,JPY,2022-04-11,696.6667,703.0,694.6667,702.6667,2556900,2118,700.4
JP3233250004,206408211,7181,JPY,2022-04-12,700.0,718.6667,700.0,711.3333,3084000,2592,711.63666667
JP3233250004,206408211,7181,JPY,2022-04-13,703.0,712.3333,697.0,712.0,3696000,3187,706.15333333
JP3233250004,206408211,7181,JPY,2022-04-14,707.3333,720.0,707.3333,718.6667,2010000,1654,715.24
JP3233250004,206408211,7181,JPY,2022-04-15,724.6667,726.0,717.6667,721.3333,1573200,1570,721.48
JP3233250004,206408211,7181,JPY,2022-04-18,725.0,727.6667,718.6667,724.0,1803900,1968,723.54
JP3233250004,206408211,7181,JPY,2022-04-19,731.6667,741.6667,728.3333,740.3333,3517800,2438,736.32333333
JP3233250004,206408211,7181,JPY,2022-04-20,740.0,745.6,727.0,731.0,5280900,3672,733.64666667
JP3233250004,206408211,7181,JPY,2022-04-21,726.0,729.0,710.6667,715.0,4994400,3504,715.89666667
JP3233250004,206408211,7181,JPY,2022-04-22,719.6667,723.3333,705.6667,715.0,3563100,2904,712.76666667
JP3233250004,206408211,7181,JPY,2022-04-25,701.6667,704.3333,694.6667,701.3333,2953800,2590,700.49
JP3233250004,206408211,7181,JPY,2022-04-26,697.3333,702.0,693.6667,698.6667,3426000,2556,698.60666667
JP3233250004,206408211,7181,JPY,2022-04-27,693.6667,694.3333,678.0,679.6667,5219100,3054,682.36333333
JP3233250004,206408211,7181,JPY,2022-04-28,681.6667,703.3333,681.6667,701.6667,3080700,2671,697.41333333
JP3233250004,206408211,7181,JPY,2022-05-02,693.6667,713.3333,693.6667,711.3333,2439900,2182,707.35666667
JP3233250004,206408211,7181,JPY,2022-05-06,718.3333,724.6667,714.3333,724.6667,3135900,2323,721.22666667
JP3233250004,206408211,7181,JPY,2022-05-09,727.0,729.0,722.0,724.6667,2900100,1894,725.61333333
JP3233250004,206408211,7181,JPY,2022-05-10,718.3333,722.3333,706.3333,715.6667,2611500,1941,714.65
JP3233250004,206408211,7181,JPY,2022-05-11,707.0,707.0,686.6667,687.0,4251600,2699,690.94333333
JP3233250004,206408211,7181,JPY,2022-05-12,693.6667,710.0,692.6667,700.3333,4822500,2686,701.76
JP3233250004,206408211,7181,JPY,2022-05-13,690.3333,704.6667,690.0,701.0,3198000,2264,700.66333333
JP3233250004,206408211,7181,JPY,2022-05-16,666.6667,719.0333,666.6667,714.3333,7233600,4303,707.94666667
JP3233250004,206408211,7181,JPY,2022-05-17,709.6667,718.3333,702.6667,706.3333,3438600,2129,707.72333333
JP3233250004,206408211,7181,JPY,2022-05-18,710.6667,726.0,709.0,721.6667,3023400,2253,721.08333333
JP3233250004,206408211,7181,JPY,2022-05-19,710.0,717.6667,700.6667,712.0,3736800,3611,708.8
JP3233250004,206408211,7181,JPY,2022-05-20,711.0,714.6667,704.0,706.0,3081600,2229,707.67666667
JP3233250004,206408211,7181,JPY,2022-05-23,713.6667,732.3333,712.6667,724.0,4340400,2723,724.14666667
JP3233250004,206408211,7181,JPY,2022-05-24,727.6667,734.0,724.6667,726.0,3595200,2354,728.92333333
JP3233250004,206408211,7181,JPY,2022-05-25,718.3333,727.6667,716.3333,724.6667,3141900,2049,724.43
JP3233250004,206408211,7181,JPY,2022-05-26,725.0,726.6667,711.0,711.6667,4038900,2904,717.41
JP3233250004,206408211,7181,JPY,2022-05-27,714.0,729.0,706.6667,727.6667,4910700,3061,721.95666667
JP3233250004,206408211,7181,JPY,2022-05-30,720.6667,727.3333,717.6333,717.6667,5054700,2557,719.56666667
JP3233250004,206408211,7181,JPY,2022-05-31,720.6667,721.3333,708.3333,708.6667,7891500,1920,710.75
JP3233250004,206408211,7181,JPY,2022-06-01,713.6667,725.0,713.6667,720.6667,3177000,2059,720.55333333
JP3233250004,206408211,7181,JPY,2022-06-02,720.6667,720.6667,710.3333,715.6667,2850600,1985,714.84333333
JP3233250004,206408211,7181,JPY,2022-06-03,713.6667,718.0,704.3333,705.3333,2378100,1748,708.74
JP3233250004,206408211,7181,JPY,2022-06-06,704.6667,711.3333,700.3333,708.6667,2153400,1512,708.06
JP3233250004,206408211,7181,JPY,2022-06-07,718.6667,725.6667,715.3333,721.3333,3234900,2124,722.05666667
JP3233250004,206408211,7181,JPY,2022-06-08,736.6667,742.0,727.3333,735.0,6073500,3825,735.01333333
JP3233250004,206408211,7181,JPY,2022-06-09,733.0,745.0,731.6667,734.0,3870300,2479,737.68666667
JP3233250004,206408211,7181,JPY,2022-06-10,730.6667,734.6667,725.6667,730.0,3405600,2291,730.58666667
JP3233250004,206408211,7181,JPY,2022-06-13,729.6667,738.6667,723.6667,737.0,2508900,1949,733.43666667
JP3233250004,206408211,7181,JPY,2022-06-14,739.0,753.0,737.0,749.0,4664400,3184,748.37
JP3233250004,206408211,7181,JPY,2022-06-15,743.6667,757.3333,738.6667,741.0,3880500,2966,744.99333333
JP3233250004,206408211,7181,JPY,2022-06-16,740.3333,755.3333,737.6667,740.6667,3591600,2233,744.19333333
JP3233250004,206408211,7181,JPY,2022-06-17,730.3333,740.3333,729.0,735.6667,8014500,3382,734.32
JP3233250004,206408211,7181,JPY,2022-06-20,726.6667,731.3333,720.4,726.0,2616900,2339,725.15333333
JP3233250004,206408211,7181,JPY,2022-06-21,721.1667,747.3333,721.1667,744.0,3620100,2539,743.79
JP3233250004,206408211,7181,JPY,2022-06-22,750.3333,752.0,743.6667,743.6667,2424600,1806,746.36666667
JP3233250004,206408211,7181,JPY,2022-06-23,738.3333,749.2333,737.3333,737.3333,2689500,1878,740.13666667
JP3233250004,206408211,7181,JPY,2022-06-24,729.3333,730.3333,712.3333,716.0,4152900,2467,716.43666667
JP3233250004,206408211,7181,JPY,2022-06-27,723.3333,729.0,715.3333,720.0,3507000,2091,720.63333333
JP3233250004,206408211,7181,JPY,2022-06-28,726.0,734.0,720.0,733.6667,4149900,2797,729.90666667
JP3233250004,206408211,7181,JPY,2022-06-29,736.6667,738.3333,723.6667,724.6667,5364600,3410,727.33333333
JP3233250004,206408211,7181,JPY,2022-06-30,720.0,727.3667,714.6667,723.6667,4206000,2187,721.95333333
JP3233250004,206408211,7181,JPY,2022-07-01,724.0,732.8667,722.3333,724.3333,2460900,1583,726.41
JP3233250004,206408211,7181,JPY,2022-07-04,724.6667,730.6667,720.6667,730.6667,1503600,1096,727.51333333
JP3233250004,206408211,7181,JPY,2022-07-05,735.3333,741.6667,730.6667,741.6667,2122800,1433,737.71666667
JP3233250004,206408211,7181,JPY,2022-07-06,726.3333,732.0,719.0,720.6667,3560700,2415,723.18666667
JP3233250004,206408211,7181,JPY,2022-07-07,725.5,731.6667,709.3333,717.0,3511200,2193,717.10666667
JP3233250004,206408211,7181,JPY,2022-07-08,717.3333,727.0,714.0,723.6667,2886600,1717,722.91
JP3233250004,206408211,7181,JPY,2022-07-11,728.0,737.6667,726.6667,732.6667,2277600,1440,732.86
JP3233250004,206408211,7181,JPY,2022-07-12,733.3333,735.3333,720.0,722.0,2118900,1356,724.91666667
JP3233250004,206408211,7181,JPY,2022-07-13,720.6667,726.6667,718.0,723.6667,1398000,1055,723.25333333
JP3233250004,206408211,7181,JPY,2022-07-14,712.0,715.0,703.0,703.0,4648500,2721,705.89666667
JP3233250004,206408211,7181,JPY,2022-07-15,703.0,704.6667,687.6667,696.6667,3619500,2434,696.79
JP3233250004,206408211,7181,JPY,2022-07-19,707.6667,714.3333,703.0,714.3333,3235500,1896,711.08666667
JP3233250004,206408211,7181,JPY,2022-07-20,716.6667,730.0,716.6667,730.0,3003300,1772,726.97
JP3233250004,206408211,7181,JPY,2022-07-21,726.6667,733.3333,725.6667,727.0,2517600,1592,728.17333333
JP3233250004,206408211,7181,JPY,2022-07-22,720.3333,722.7667,716.0,719.0,2133900,1387,719.63333333
JP3233250004,206408211,7181,JPY,2022-07-25,719.0,725.6667,719.0,722.3333,1694100,1158,722.41
JP3233250004,206408211,7181,JPY,2022-07-26,732.3333,738.0,729.0,731.6667,2141700,1322,732.89333333
JP3233250004,206408211,7181,JPY,2022-07-27,733.3333,735.3333,730.0,733.3333,1628100,1073,733.14666667
JP3233250004,206408211,7181,JPY,2022-07-28,729.0,729.6667,723.3333,725.0,2004000,1250,725.3
JP3233250004,206408211,7181,JPY,2022-07-29,716.3333,720.6667,714.3333,715.3333,2376000,1343,716.45333333
JP3233250004,206408211,7181,JPY,2022-08-01,720.0,726.6667,714.6667,725.3333,2684100,1658,723.32666667
JP3233250004,206408211,7181,JPY,2022-08-02,715.0,720.0,707.0,710.0,2682900,1576,710.80666667
JP3233250004,206408211,7181,JPY,2022-08-03,711.6667,713.6667,706.3333,713.3333,1974300,1162,710.46666667
JP3233250004,206408211,7181,JPY,2022-08-04,708.6667,708.6667,691.3333,692.3333,4366500,2805,697.03666667
JP3233250004,206408211,7181,JPY,2022-08-05,695.0,695.3333,684.3333,691.3333,1675800,1295,691.53333333
JP3233250004,206408211,7181,JPY,2022-08-08,699.0,702.0,694.0,702.0,2407200,2226,699.19
JP3233250004,206408211,7181,JPY,2022-08-09,696.3333,699.3333,689.6667,692.6667,1976100,1554,692.94333333
JP3233250004,206408211,7181,JPY,2022-08-10,693.0,708.3333,687.3333,689.3333,2292300,1633,690.30666667
JP3233250004,206408211,7181,JPY,2022-08-12,684.3333,704.0,673.3333,703.6667,6648900,4710,696.68
JP3233250004,206408211,7181,JPY,2022-08-15,707.0,712.0,697.3333,710.6667,2699400,1745,709.06333333
JP3233250004,206408211,7181,JPY,2022-08-16,706.0,709.6667,703.6667,707.0,2208600,1601,706.23666667
JP3233250004,206408211,7181,JPY,2022-08-17,711.6667,717.0,708.0,717.0,2265600,1356,714.61333333
JP3233250004,206408211,7181,JPY,2022-08-18,719.0,719.3333,711.6667,716.0,1745400,1201,715.05
JP3233250004,206408211,7181,JPY,2022-08-19,723.0,723.6667,713.6667,718.3333,2356200,1469,718.84666667
JP3233250004,206408211,7181,JPY,2022-08-22,718.0,721.0,714.0,720.0,1968000,1462,718.46666667
JP3233250004,206408211,7181,JPY,2022-08-23,715.3333,719.0,712.6667,718.3333,1999200,1187,716.77
JP3233250004,206408211,7181,JPY,2022-08-24,718.6667,724.6667,715.0,720.6667,3087300,1916,719.95
JP3233250004,206408211,7181,JPY,2022-08-25,719.0,719.3333,714.6667,717.3333,1994400,1134,717.13666667
JP3233250004,206408211,7181,JPY,2022-08-26,713.3333,715.6667,711.0,711.0,2385300,1357,712.44666667
JP3233250004,206408211,7181,JPY,2022-08-29,699.0,705.0,697.3333,703.0,2824200,1858,702.53666667
JP3233250004,206408211,7181,JPY,2022-08-30,708.3333,711.0,706.6667,710.3333,2098800,1228,709.58333333
JP3233250004,206408211,7181,JPY,2022-08-31,705.0,715.3333,705.0,710.6667,2913900,1521,710.86333333
JP3233250004,206408211,7181,JPY,2022-09-01,706.6667,711.3333,699.6667,702.3333,3081900,2294,702.56333333
JP3233250004,206408211,7181,JPY,2022-09-02,706.6667,709.6667,701.6667,708.6667,2354700,1736,706.9
JP3233250004,206408211,7181,JPY,2022-09-05,707.0,709.3333,703.3333,707.6667,1370400,906,706.96
JP3233250004,206408211,7181,JPY,2022-09-06,705.3333,717.0,703.0,710.0,2359500,1721,711.93333333
JP3233250004,206408211,7181,JPY,2022-09-07,712.3333,717.6667,707.6667,712.3333,2930100,1833,711.91666667
JP3233250004,206408211,7181,JPY,2022-09-08,713.3333,728.0,713.0,725.6667,3560100,1949,723.72333333
JP3233250004,206408211,7181,JPY,2022-09-09,727.3333,740.0,726.6667,738.0,3973800,2478,735.44666667
JP3233250004,206408211,7181,JPY,2022-09-12,739.9667,740.6667,732.0,734.3333,3113100,2031,735.59666667
JP3233250004,206408211,7181,JPY,2022-09-13,734.3333,735.0,727.3333,734.0,2076000,1440,732.64666667
JP3233250004,206408211,7181,JPY,2022-09-14,734.6667,741.6667,729.6667,737.0,3594300,2633,737.27333333
JP3233250004,206408211,7181,JPY,2022-09-15,738.0,742.3333,734.6667,740.6667,2240100,1509,739.59666667
JP3233250004,206408211,7181,JPY,2022-09-16,742.6667,753.3333,741.3333,753.3333,4387200,1960,750.55666667
JP3233250004,206408211,7181,JPY,2022-09-20,756.6667,762.6667,755.3333,762.3333,2690400,1739,759.66
JP3233250004,206408211,7181,JPY,2022-09-21,758.6667,765.6667,757.6667,761.0,3558600,2956,761.55666667
JP3233250004,206408211,7181,JPY,2022-09-22,753.3333,759.3333,747.6667,752.0,3018000,2264,752.52333333
JP3233250004,206408211,7181,JPY,2022-09-26,751.6667,751.6667,713.3333,715.0,5163600,3489,721.71666667
JP3233250004,206408211,7181,JPY,2022-09-27,713.6667,715.3333,698.3333,699.0,4887600,2658,705.22333333
JP3233250004,206408211,7181,JPY,2022-09-28,702.6667,702.6667,673.6667,679.3333,5532900,3409,681.13
JP3233250004,206408211,7181,JPY,2022-09-29,678.3333,678.6667,657.0,676.6667,5842800,4162,669.16
JP3233250004,206408211,7181,JPY,2022-09-30,672.1667,685.3333,671.0,675.3333,5520300,3517,677.53666667
JP3233250004,206408211,7181,JPY,2022-10-03,675.3333,681.6667,665.6667,680.0,3504300,2267,675.13
JP3233250004,206408211,7181,JPY,2022-10-04,684.5,709.3333,684.5,708.0,4072800,3284,704.96666667
JP3233250004,206408211,7181,JPY,2022-10-05,709.6667,720.0,709.6667,717.0,3465000,2643,716.56
JP3233250004,206408211,7181,JPY,2022-10-06,717.0,723.0,716.0,720.0,3515700,3190,720.07666667
JP3233250004,206408211,7181,JPY,2022-10-07,709.0,718.0333,708.6667,717.0,2642700,1457,715.03
JP3233250004,206408211,7181,JPY,2022-10-11,714.0,716.3333,703.6667,706.3333,3606900,2364,708.86666667
JP3233250004,206408211,7181,JPY,2022-10-12,706.3333,714.3333,704.0,710.0,3295200,2087,709.68333333
JP3233250004,206408211,7181,JPY,2022-10-13,703.6667,704.6667,695.3333,695.6667,3102600,1784,697.88333333
JP3233250004,206408211,7181,JPY,2022-10-14,714.6667,725.3333,713.0,717.0,2992500,2093,718.82666667
JP3233250004,206408211,7181,JPY,2022-10-17,714.6667,724.6667,711.0,711.0,2879400,1757,714.68666667
JP3233250004,206408211,7181,JPY,2022-10-18,714.0,720.0,708.6667,711.3333,2558100,1824,711.64666667
JP3233250004,206408211,7181,JPY,2022-10-19,710.0,720.6667,709.6667,718.0,2024100,1252,717.08
JP3233250004,206408211,7181,JPY,2022-10-20,717.6667,722.3333,714.6667,715.0,1861200,1220,716.41666667
JP3233250004,206408211,7181,JPY,2022-10-21,709.6667,715.1,708.6667,709.0,1709100,1385,710.34
JP3233250004,206408211,7181,JPY,2022-10-24,717.0,724.6667,715.6667,719.6667,2527800,1563,720.83666667
JP3233250004,206408211,7181,JPY,2022-10-25,722.0,733.6667,721.3333,731.0,3087600,2449,730.46333333
JP3233250004,206408211,7181,JPY,2022-10-26,728.0,732.0,725.3333,727.3333,2000100,1293,728.19666667
JP3233250004,206408211,7181,JPY,2022-10-27,724.3333,725.0,712.3333,715.6667,3274200,1946,717.02
JP3233250004,206408211,7181,JPY,2022-10-28,714.3333,724.0,714.3333,718.3333,6885000,2427,718.96
JP3233250004,206408211,7181,JPY,2022-10-31,723.0,734.0,723.0,732.3333,2295300,1644,731.02666667
JP3233250004,206408211,7181,JPY,2022-11-01,732.3333,733.6667,725.3333,728.3333,1886400,1417,728.25666667
JP3233250004,206408211,7181,JPY,2022-11-02,723.5,732.6667,721.0,724.0,3348600,1919,725.06333333
JP3233250004,206408211,7181,JPY,2022-11-04,722.3333,725.3333,714.3333,716.6667,2667900,1661,717.89
JP3233250004,206408211,7181,JPY,2022-11-07,726.0,729.3333,713.0,713.0,3016200,2053,717.64
JP3233250004,206408211,7181,JPY,2022-11-08,720.3333,724.3333,715.6667,722.6667,2315100,1946,720.93666667
JP3233250004,206408211,7181,JPY,2022-11-09,717.0,720.3333,713.0,716.3333,2104800,1917,715.97333333
JP3233250004,206408211,7181,JPY,2022-11-10,711.6667,717.3333,710.3333,715.3333,2655900,1642,714.74666667
JP3233250004,206408211,7181,JPY,2022-11-11,714.6667,722.3333,709.0,712.6667,3362400,2409,712.59666667
JP3233250004,206408211,7181,JPY,2022-11-14,681.0,738.6667,681.0,725.0,5968200,4774,728.52333333
JP3233250004,206408211,7181,JPY,2022-11-15,725.3333,742.0,724.6667,726.0,3565200,2823,729.28333333
JP3233250004,206408211,7181,JPY,2022-11-16,720.6667,720.6667,708.0,717.3333,3132300,2351,716.31666667
JP3233250004,206408211,7181,JPY,2022-11-17,719.6667,725.6667,719.6667,725.0,2239800,1829,723.12
JP3233250004,206408211,7181,JPY,2022-11-18,730.0,736.3333,729.6667,732.6667,2723400,1803,733.73
JP3233250004,206408211,7181,JPY,2022-11-21,726.6667,732.6667,721.6667,732.3333,2424900,1930,728.42333333
JP3233250004,206408211,7181,JPY,2022-11-22,733.3333,742.6667,732.3333,741.3333,2581200,1797,739.48666667
JP3233250004,206408211,7181,JPY,2022-11-24,743.3333,751.3333,743.0,750.3333,2773500,2104,747.93666667
JP3233250004,206408211,7181,JPY,2022-11-25,750.0,758.4,747.3333,757.0,2109900,1442,754.76333333
JP3233250004,206408211,7181,JPY,2022-11-28,759.3333,762.3333,745.6667,745.6667,2981700,1945,750.30333333
JP3233250004,206408211,7181,JPY,2022-11-29,746.6667,750.0,742.3333,749.3333,2588100,1993,747.57
JP3233250004,206408211,7181,JPY,2022-11-30,751.6667,764.6667,751.0,762.3333,5735100,2944,761.15333333
JP3233250004,206408211,7181,JPY,2022-12-01,753.3333,754.6667,739.6667,740.0,3875400,2910,744.47333333
JP3233250004,206408211,7181,JPY,2022-12-02,732.3333,734.3333,715.6333,718.6667,5620800,3314,719.59
JP3233250004,206408211,7181,JPY,2022-12-05,717.6667,718.0,706.3333,707.6667,5300400,3197,710.06333333
JP3233250004,206408211,7181,JPY,2022-12-06,708.0,716.6667,708.0,713.3333,3573300,2747,713.24666667
JP3233250004,206408211,7181,JPY,2022-12-07,716.6667,718.6667,712.3333,713.0,3310200,2296,714.57
JP3233250004,206408211,7181,JPY,2022-12-08,710.0,721.0333,708.3333,720.0,2888700,2070,716.40333333
JP3233250004,206408211,7181,JPY,2022-12-09,717.0,731.0,717.0,730.0,2626500,1786,726.75
JP3233250004,206408211,7181,JPY,2022-12-12,729.3333,732.3333,723.3333,725.0,2612100,1737,726.3
JP3233250004,206408211,7181,JPY,2022-12-13,732.6667,736.6667,727.6667,728.0,2994000,2330,730.31666667
JP3233250004,206408211,7181,JPY,2022-12-14,725.0,725.6667,720.3333,721.6667,2276100,1864,722.3
JP3233250004,206408211,7181,JPY,2022-12-15,718.3333,735.3333,717.6667,734.3333,2559300,1843,730.96333333
JP3233250004,206408211,7181,JPY,2022-12-16,734.6667,737.0,725.0,727.6667,4277400,2158,728.19
JP3233250004,206408211,7181,JPY,2022-12-19,724.0,727.3333,722.3333,722.3333,3245100,2511,724.06
JP3233250004,206408211,7181,JPY,2022-12-20,728.6667,773.3333,724.0,770.3333,12575400,6666,761.57333333
JP3233250004,206408211,7181,JPY,2022-12-21,782.3333,791.3333,769.6667,771.3333,8884800,5739,777.03333333
JP3233250004,206408211,7181,JPY,2022-12-22,768.6667,776.6667,762.6667,773.6667,3901800,3306,770.06333333
JP3233250004,206408211,7181,JPY,2022-12-23,771.3333,787.6667,769.3333,787.6667,4066500,2449,781.23
JP3233250004,206408211,7181,JPY,2022-12-26,787.3333,787.3333,774.6667,775.3333,2436300,2036,777.84
JP3233250004,206408211,7181,JPY,2022-12-27,780.0,785.6667,777.6667,785.6667,1604400,1202,782.61333333
JP3233250004,206408211,7181,JPY,2022-12-28,786.6667,793.6667,781.3333,787.3333,2419500,1859,788.24
JP3233250004,206408211,7181,JPY,2022-12-29,778.6667,783.0,767.6667,771.3333,2360100,2379,772.07333333
JP3233250004,206408211,7181,JPY,2022-12-30,770.3333,777.3333,767.6667,773.6667,1842300,1546,774.39666667
JP3233250004,206408211,7181,JPY,2023-01-04,770.0,780.6667,762.6667,780.0,2920200,2574,775.97666667
JP3233250004,206408211,7181,JPY,2023-01-05,771.0,771.6667,756.6667,759.3333,3676500,3110,761.88
JP3233250004,206408211,7181,JPY,2023-01-06,765.0,765.0,751.6667,751.6667,3370500,2333,754.48666667
JP3233250004,206408211,7181,JPY,2023-01-10,735.0,741.0,730.3333,733.0,4504500,3620,735.04
JP3233250004,206408211,7181,JPY,2023-01-11,728.3333,735.3333,728.3333,732.6667,4391400,3595,732.13666667
JP3233250004,206408211,7181,JPY,2023-01-12,726.0333,751.3333,725.0,750.6667,3700500,3205,743.29666667
JP3233250004,206408211,7181,JPY,2023-01-13,747.0,761.0,746.6667,757.0,2939100,2494,756.41666667
JP3233250004,206408211,7181,JPY,2023-01-16,753.6667,758.0,739.3333,740.3333,4467900,3085,745.32333333
JP3233250004,206408211,7181,JPY,2023-01-17,745.6667,752.6667,741.0,751.3333,3230100,2380,748.87666667
JP3233250004,206408211,7181,JPY,2023-01-18,753.3333,756.3333,735.3333,751.0,4652400,3371,745.67333333
JP3233250004,206408211,7181,JPY,2023-01-19,749.6667,753.6667,743.3333,748.3333,3498300,2321,748.10333333
JP3233250004,206408211,7181,JPY,2023-01-20,757.6667,770.0,754.0,769.3333,3270600,2787,765.00666667
JP3233250004,206408211,7181,JPY,2023-01-23,771.0,777.3333,767.0,771.3333,2415300,2238,771.66
JP3233250004,206408211,7181,JPY,2023-01-24,769.3333,778.3333,766.0,778.0,2009100,1870,774.90333333
JP3233250004,206408211,7181,JPY,2023-01-25,776.6667,777.6667,772.3333,776.3333,2303400,1748,775.63333333
JP3233250004,206408211,7181,JPY,2023-01-26,785.6667,785.6667,771.0,775.6667,1690200,1594,774.70333333
JP3233250004,206408211,7181,JPY,2023-01-27,779.3333,786.0,776.6667,785.3333,2029200,1341,782.64
JP3233250004,206408211,7181,JPY,2023-01-30,778.0,783.3333,776.6667,781.3333,1481400,1244,780.39333333
JP3233250004,206408211,7181,JPY,2023-01-31,783.6667,785.3333,771.3333,771.3333,2260800,1521,775.36
JP3233250004,206408211,7181,JPY,2023-02-01,780.3333,783.8,773.6667,777.3333,2085600,1358,778.41666667
JP3233250004,206408211,7181,JPY,2023-02-02,766.3333,767.6667,759.3333,761.0,1754100,1415,762.18666667
JP3233250004,206408211,7181,JPY,2023-02-03,748.6667,759.6667,745.0,756.6667,2042700,1885,753.91666667
JP3233250004,206408211,7181,JPY,2023-02-06,760.0,762.3333,749.3333,758.6667,2914500,2293,756.47666667
JP3233250004,206408211,7181,JPY,2023-02-07,765.0,767.6667,761.6667,763.0,2008200,1376,763.88666667
JP3233250004,206408211,7181,JPY,2023-02-08,769.3333,769.6667,759.0,764.6667,1676100,1261,764.03
JP3233250004,206408211,7181,JPY,2023-02-09,767.6667,770.6667,766.0,769.0,1573200,1160,768.80333333
JP3233250004,206408211,7181,JPY,2023-02-10,766.0,777.6333,766.0,774.0,1693200,1646,773.85666667
JP3233250004,206408211,7181,JPY,2023-02-13,776.8,776.8,762.3333,766.0,1957200,1712,766.99
JP3233250004,206408211,7181,JPY,2023-02-14,768.0,772.3333,763.6667,769.3333,2068200,1825,767.37666667
JP3233250004,206408211,7181,JPY,2023-02-15,763.3333,791.0,758.3333,786.0,4628700,3244,782.55333333
JP3233250004,206408211,7181,JPY,2023-02-16,784.1,789.0,778.3333,781.6667,2835900,2129,782.1
JP3233250004,206408211,7181,JPY,2023-02-17,783.6667,791.3333,781.0,788.0,2061600,1816,787.83333333
JP3233250004,206408211,7181,JPY,2023-02-20,790.6667,803.6667,789.0,803.6667,4000800,3310,798.13666667
JP3233250004,206408211,7181,JPY,2023-02-21,803.6667,808.3333,799.6667,806.0,2687400,1795,804.93
JP3233250004,206408211,7181,JPY,2023-02-22,803.0,804.0,775.3333,780.3333,4881300,3917,781.50333333
JP3233250004,206408211,7181,JPY,2023-02-24,782.2333,785.6667,772.3333,774.6667,2429700,1969,776.36666667
JP3233250004,206408211,7181,JPY,2023-02-27,777.0,791.1333,776.6667,789.3333,1850400,1610,787.4
JP3233250004,206408211,7181,JPY,2023-02-28,789.3333,789.3333,783.6667,787.3333,3399000,1679,786.82333333
JP3233250004,206408211,7181,JPY,2023-03-01,789.3333,811.6667,788.0,807.6667,4996500,4061,804.51666667
JP3233250004,206408211,7181,JPY,2023-03-02,812.0,826.0,802.0,802.0,3491700,2455,809.43
JP3233250004,206408211,7181,JPY,2023-03-03,800.0667,808.6667,799.3333,803.3333,3159300,2082,805.15
JP3233250004,206408211,7181,JPY,2023-03-06,806.6667,815.0,806.6667,811.3333,2485500,1852,811.84666667
JP3233250004,206408211,7181,JPY,2023-03-07,811.6667,816.3333,810.0,815.3333,2240700,1528,814.21333333
JP3233250004,206408211,7181,JPY,2023-03-08,813.3667,821.6667,812.0,821.0,2768400,1620,818.89666667
JP3233250004,206408211,7181,JPY,2023-03-09,820.6667,842.0,820.6667,837.0,3894000,2239,835.3
JP3233250004,206408211,7181,JPY,2023-03-10,820.3333,829.3333,809.6667,809.6667,4174200,2315,817.99666667
JP3233250004,206408211,7181,JPY,2023-03-13,797.0,798.6667,767.0,770.0,4314900,3083,774.27
JP3233250004,206408211,7181,JPY,2023-03-14,770.0,770.0,726.0,732.3333,5754300,3921,735.89
JP3233250004,206408211,7181,JPY,2023-03-15,735.8,763.0,734.0333,743.0,4269000,3595,748.48333333
JP3233250004,206408211,7181,JPY,2023-03-16,733.3333,733.3333,694.0,699.3333,7182300,5039,702.79
JP3233250004,206408211,7181,JPY,2023-03-17,701.5333,709.2667,697.3,705.6667,4905300,2598,705.00333333
JP3233250004,206408211,7181,JPY,2023-03-20,703.6667,707.3333,688.0,689.6667,3809700,3108,694.45333333
JP3233250004,206408211,7181,JPY,2023-03-22,687.6667,724.2,687.6667,700.6667,4060200,3214,703.23333333
JP3233250004,206408211,7181,JPY,2023-03-23,534.0,694.0,534.0,692.0,3681000,2039,690.11
JP3233250004,206408211,7181,JPY,2023-03-24,694.0,694.0,676.6667,685.3333,3160200,2010,682.38666667
JP3233250004,206408211,7181,JPY,2023-03-27,684.3333,694.3333,680.0,690.3333,2765100,2008,690.41666667
JP3233250004,206408211,7181,JPY,2023-03-28,692.5,705.6667,689.3333,690.6667,3252600,2778,695.27666667
JP3233250004,206408211,7181,JPY,2023-03-29,691.6667,699.6667,689.6667,699.6667,3860400,2387,695.31
JP3233250004,206408211,7181,JPY,2023-03-30,686.3333,693.3333,677.0,680.6667,5189700,3015,680.64333333
JP3233250004,206408211,7181,JPY,2023-03-31,682.3333,693.6333,681.6667,689.0,3910200,2378,688.28666667
JP3233250004,206408211,7181,JPY,2023-04-03,686.8333,701.6667,686.8333,701.6667,3434400,1720,699.44
JP3233250004,206408211,7181,JPY,2023-04-04,701.3333,708.0,699.3333,704.0,2883000,1762,703.5
JP3233250004,206408211,7181,JPY,2023-04-05,705.6667,705.6667,694.0,695.0,2621400,1976,696.53666667
JP3233250004,206408211,7181,JPY,2023-04-06,692.2,696.6667,688.3333,694.0,2280300,1555,692.60666667
JP3233250004,206408211,7181,JPY,2023-04-07,694.3333,700.6667,693.3333,698.3333,1491000,993,698.34666667
JP3233250004,206408211,7181,JPY,2023-04-10,700.0,705.0,698.3333,700.0,1581000,1130,701.35333333
JP3233250004,206408211,7181,JPY,2023-04-11,705.6667,707.6667,695.6667,703.3333,2667000,1983,702.69333333
JP3233250004,206408211,7181,JPY,2023-04-12,707.6667,711.3333,704.6667,710.0,2447700,1987,709.08333333
JP3233250004,206408211,7181,JPY,2023-04-13,712.0,714.3333,705.6667,708.3333,2349300,1874,708.74666667
JP3233250004,206408211,7181,JPY,2023-04-14,707.3333,715.3333,705.3333,710.6667,3729300,2653,711.16
JP3233250004,206408211,7181,JPY,2023-04-17,720.3333,725.0,715.0,720.3333,3359400,2329,721.30666667
JP3233250004,206408211,7181,JPY,2023-04-18,725.6667,727.6667,721.3333,723.0,2222400,1779,723.89
JP3233250004,206408211,7181,JPY,2023-04-19,727.6667,735.6667,726.3333,735.3333,2714400,1730,731.3
JP3233250004,206408211,7181,JPY,2023-04-20,733.3333,743.0,732.3333,739.6667,2701800,1720,738.33666667
JP3233250004,206408211,7181,JPY,2023-04-21,737.6667,739.0,731.3333,735.3333,2570100,2061,735.04666667
JP3233250004,206408211,7181,JPY,2023-04-24,733.6667,735.6667,730.3333,731.0,1049400,901,731.78333333
JP3233250004,206408211,7181,JPY,2023-04-25,735.6667,737.4667,731.3333,733.6667,2042100,1597,734.06
JP3233250004,206408211,7181,JPY,2023-04-26,728.6667,728.6667,721.6667,724.0,1887000,1652,724.74
JP3233250004,206408211,7181,JPY,2023-04-27,723.3333,726.0,717.3333,723.0,2037600,1380,722.50666667
JP3233250004,206408211,7181,JPY,2023-04-28,725.7,739.0,721.6667,733.0,3148500,2049,730.17
JP3233250004,206408211,7181,JPY,2023-05-01,730.7,744.3333,730.7,741.6667,2423400,1950,740.40333333
JP3233250004,206408211,7181,JPY,2023-05-02,744.3333,744.3333,730.0,736.3333,1731600,1453,735.39333333
JP3233250004,206408211,7181,JPY,2023-05-08,731.3333,733.6667,726.3333,732.6667,2799300,1620,730.90333333
JP3233250004,206408211,7181,JPY,2023-05-09,744.3333,752.6667,739.6667,752.0,3375600,2282,749.47333333
JP3233250004,206408211,7181,JPY,2023-05-10,749.2,755.0,742.6667,745.3333,1825500,1628,745.89333333
JP3233250004,206408211,7181,JPY,2023-05-11,734.6667,748.3333,733.6667,748.3333,1865100,1197,744.38
JP3233250004,206408211,7181,JPY,2023-05-12,745.0,748.0,739.3333,744.0,2180100,1337,743.38666667
JP3233250004,206408211,7181,JPY,2023-05-15,750.0,765.6667,746.0,763.3333,2718600,2224,757.58666667
JP3233250004,206408211,7181,JPY,2023-05-16,763.3333,763.3333,723.3333,734.0,6606900,4409,735.93
JP3233250004,206408211,7181,JPY,2023-05-17,737.6,746.6667,731.6667,745.3333,3488700,2690,742.51333333
JP3233250004,206408211,7181,JPY,2023-05-18,752.6667,752.6667,742.6667,749.3333,2526600,2300,747.97
JP3233250004,206408211,7181,JPY,2023-05-19,750.6667,750.6667,737.0,737.6667,2362800,1565,740.7
JP3233250004,206408211,7181,JPY,2023-05-22,744.0,749.1333,736.6667,738.6667,2039700,1664,740.77
JP3233250004,206408211,7181,JPY,2023-05-23,740.0,742.3333,732.4333,734.6667,2649000,1787,736.27666667
JP3233250004,206408211,7181,JPY,2023-05-24,739.6667,901.3333,735.0,736.0,1386900,933,737.68666667
JP3233250004,206408211,7181,JPY,2023-05-25,733.3333,734.0,723.6667,727.0,2088000,1405,727.06333333
JP3233250004,206408211,7181,JPY,2023-05-26,724.6667,726.6667,714.6667,715.0,2402100,1637,718.33
JP3233250004,206408211,7181,JPY,2023-05-29,720.0,720.0,709.0,716.0,2132400,1536,714.16333333
JP3233250004,206408211,7181,JPY,2023-05-30,709.3333,714.0,703.6667,705.3333,1655700,1413,706.12
JP3233250004,206408211,7181,JPY,2023-05-31,701.3333,705.6667,696.6667,699.0,5099700,1971,699.93
JP3233250004,206408211,7181,JPY,2023-06-01,695.0,707.3333,690.6667,706.6667,2494800,1823,703.45
JP3233250004,206408211,7181,JPY,2023-06-02,706.6667,713.0,704.6667,708.6667,3885900,3101,709.25333333
JP3233250004,206408211,7181,JPY,2023-06-05,710.3333,724.6667,708.5,709.1667,3040500,2379,712.36
JP3233250004,206408211,7181,JPY,2023-06-06,702.8333,716.1667,699.0,716.1667,2418600,2132,709.84
JP3233250004,206408211,7181,JPY,2023-06-07,716.0,721.3333,708.6667,710.8333,3477900,2809,715.06666667
JP3233250004,206408211,7181,JPY,2023-06-08,721.8333,727.6667,715.6667,718.0,3552900,2808,720.46666667
JP3233250004,206408211,7181,JPY,2023-06-09,701.3333,712.6667,701.0,709.6667,6416700,3849,706.97666667
JP3233250004,206408211,7181,JPY,2023-06-12,711.0,714.6667,703.8333,705.0,3070200,2013,707.15
JP3233250004,206408211,7181,JPY,2023-06-13,705.5,705.5,699.3333,701.3333,3045300,1699,702.26333333
JP3233250004,206408211,7181,JPY,2023-06-14,704.8333,711.0,701.1667,709.3333,3130500,2376,706.72
JP3233250004,206408211,7181,JPY,2023-06-15,708.3333,713.5,700.8333,709.0,3024600,2175,708.86
JP3233250004,206408211,7181,JPY,2023-06-16,709.0,715.0,698.1667,699.3333,6600900,4031,702.08666667
JP3233250004,206408211,7181,JPY,2023-06-19,701.6667,707.1667,699.1667,704.5,3301500,2174,704.14333333
JP3233250004,206408211,7181,JPY,2023-06-20,705.0,706.5,692.0,695.6667,4964700,3098,695.59
JP3233250004,206408211,7181,JPY,2023-06-21,696.0,717.1333,694.5,716.3333,4335600,3015,711.11
JP3233250004,206408211,7181,JPY,2023-06-22,718.1667,725.6667,714.6667,714.8333,3228000,2740,718.17666667
JP3233250004,206408211,7181,JPY,2023-06-23,711.4667,716.8333,702.5,704.5,3147000,2361,707.08333333
JP3233250004,206408211,7181,JPY,2023-06-26,703.3333,714.6667,703.3333,710.5,2951700,2185,710.38666667
JP3233250004,206408211,7181,JPY,2023-06-27,707.1667,721.0,707.1667,718.6667,4320000,3338,718.12333333
JP3233250004,206408211,7181,JPY,2023-06-28,722.3333,725.3333,716.3333,722.0,2966100,2297,720.99666667
JP3233250004,206408211,7181,JPY,2023-06-29,716.6667,722.6667,715.3333,720.8333,5875500,2418,720.39333333
JP3233250004,206408211,7181,JPY,2023-06-30,720.8333,724.5,718.8333,722.1667,3151200,2011,721.83333333
JP3233250004,206408211,7181,JPY,2023-07-03,724.5,732.8333,723.8333,730.5,3455100,2289,729.09333333
JP3233250004,206408211,7181,JPY,2023-07-04,732.0,741.0,729.6667,741.0,2381700,2394,736.49
JP3233250004,206408211,7181,JPY,2023-07-05,741.0,752.6667,739.3333,749.6667,3536100,3294,748.23
JP3233250004,206408211,7181,JPY,2023-07-06,748.0,750.3333,740.6667,742.5,3802800,2829,744.12333333
JP3233250004,206408211,7181,JPY,2023-07-07,737.6667,751.1667,732.0,743.6667,2658600,2263,743.48
JP3233250004,206408211,7181,JPY,2023-07-10,747.8333,753.5,744.3333,745.5,2431800,2475,748.03666667
JP3233250004,206408211,7181,JPY,2023-07-11,745.5,745.5,740.6667,742.3333,1983300,1913,742.92666667
JP3233250004,206408211,7181,JPY,2023-07-12,743.6667,752.3333,734.5,749.1667,3024900,2756,746.68333333
JP3233250004,206408211,7181,JPY,2023-07-13,750.0,750.0,736.6667,736.6667,1899000,1680,739.57666667
JP3233250004,206408211,7181,JPY,2023-07-14,736.6667,741.3333,728.8333,737.6667,2169000,2127,737.20333333
JP3233250004,206408211,7181,JPY,2023-07-18,731.0,741.1667,729.6667,734.3333,2360100,2183,734.45333333
JP3233250004,206408211,7181,JPY,2023-07-19,735.0,745.3333,734.6667,742.8333,3025200,2607,740.92666667
JP3233250004,206408211,7181,JPY,2023-07-20,743.3333,743.3333,734.0,735.6667,2665200,2185,736.78333333
JP3233250004,206408211,7181,JPY,2023-07-21,743.3333,743.6667,731.3333,734.0,2160600,2035,735.02666667
JP3233250004,206408211,7181,JPY,2023-07-24,734.0,741.0,728.6667,737.1667,2313900,2371,737.10333333
JP3233250004,206408211,7181,JPY,2023-07-25,739.6667,745.5,738.1667,744.6667,2378700,1998,743.35666667
JP3233250004,206408211,7181,JPY,2023-07-26,739.5,741.3333,733.8333,740.8333,2145300,1775,738.99
JP3233250004,206408211,7181,JPY,2023-07-27,744.3333,745.3333,738.8333,745.3333,2640000,1854,743.51333333
JP3233250004,206408211,7181,JPY,2023-07-28,749.8333,788.0,748.8333,781.3333,9657300,8891,772.34
JP3233250004,206408211,7181,JPY,2023-07-31,779.6667,791.5,764.1667,766.1667,6088200,4459,770.83
JP3233250004,206408211,7181,JPY,2023-08-01,769.8,769.8,757.8333,759.8333,2718600,2445,760.70333333
JP3233250004,206408211,7181,JPY,2023-08-02,747.5,759.8333,746.0,752.0,3863400,3741,752.68333333
JP3233250004,206408211,7181,JPY,2023-08-03,748.3333,750.6667,740.5,743.6667,3336000,2537,743.83333333
JP3233250004,206408211,7181,JPY,2023-08-04,741.6667,748.0,738.3333,746.6667,2472000,2194,745.36333333
JP3233250004,206408211,7181,JPY,2023-08-07,747.0,755.0,743.3333,750.8333,1572300,1398,751.03333333
JP3233250004,206408211,7181,JPY,2023-08-08,751.8333,755.3333,749.0,754.5,2115600,1780,753.43333333
JP3233250004,206408211,7181,JPY,2023-08-09,757.6667,757.6667,747.1667,755.1667,2400600,2044,753.34
JP3233250004,206408211,7181,JPY,2023-08-10,759.0,768.6667,757.5,768.6667,3456600,2986,764.16
JP3233250004,206408211,7181,JPY,2023-08-14,786.6667,786.6667,758.6667,762.0,4171800,3714,766.85
JP3233250004,206408211,7181,JPY,2023-08-15,767.8333,774.6667,765.3333,767.1667,2712900,2390,768.75
JP3233250004,206408211,7181,JPY,2023-08-16,752.3333,755.3333,741.8333,741.8333,4437600,2989,746.07333333
JP3233250004,206408211,7181,JPY,2023-08-17,745.5,747.6667,730.8333,746.1667,2582100,2465,740.25
JP3233250004,206408211,7181,JPY,2023-08-18,746.1667,755.0,746.1667,750.8333,2228400,1943,751.38666667
JP3233250004,206408211,7181,JPY,2023-08-21,750.8333,752.8333,741.8333,741.8333,2318400,1919,745.47
JP3233250004,206408211,7181,JPY,2023-08-22,746.3333,761.5,744.1667,759.1667,2475000,2570,757.58333333
JP3233250004,206408211,7181,JPY,2023-08-23,756.6667,765.5,753.6667,764.6667,1779900,1807,760.79
JP3233250004,206408211,7181,JPY,2023-08-24,763.0,773.3333,761.3333,770.8333,2874300,2287,768.43666667
JP3233250004,206408211,7181,JPY,2023-08-25,770.1667,772.9,766.8333,772.3333,1905300,1680,771.01
JP3233250004,206408211,7181,JPY,2023-08-28,776.0,778.8333,772.6667,773.8333,1886400,1703,774.90666667
JP3233250004,206408211,7181,JPY,2023-08-29,773.0,775.8333,767.6667,771.6667,1255500,1303,771.86333333
JP3233250004,206408211,7181,JPY,2023-08-30,773.0,778.6667,771.3333,772.6667,1805100,1548,774.45
JP3233250004,206408211,7181,JPY,2023-08-31,769.3333,782.5,767.3333,782.5,5459100,2541,780.2
JP3233250004,206408211,7181,JPY,2023-09-01,782.0,792.1667,776.8333,788.5,2817300,2380,788.62333333
JP3233250004,206408211,7181,JPY,2023-09-04,788.6667,802.1667,786.0,802.1667,2798700,2278,797.24333333
JP3233250004,206408211,7181,JPY,2023-09-05,806.8333,808.3333,797.0,804.8333,2047200,1646,803.14
JP3233250004,206408211,7181,JPY,2023-09-06,807.6667,822.0,806.1667,819.5,2544300,2004,816.15
JP3233250004,206408211,7181,JPY,2023-09-07,817.3333,825.1667,816.5,822.6667,2745600,1877,822.26666667
JP3233250004,206408211,7181,JPY,2023-09-08,824.5,828.6667,811.0,815.1667,3872700,2265,818.51666667
JP3233250004,206408211,7181,JPY,2023-09-11,825.5,835.3333,823.5,832.8333,2953200,2475,831.60333333
JP3233250004,206408211,7181,JPY,2023-09-12,836.0,836.3333,822.9,830.6667,2499000,2049,828.97333333
JP3233250004,206408211,7181,JPY,2023-09-13,831.6667,842.8333,826.0,839.6667,4446600,3254,837.36
JP3233250004,206408211,7181,JPY,2023-09-14,845.6667,860.0,845.6667,855.3333,4270200,3285,856.53
JP3233250004,206408211,7181,JPY,2023-09-15,860.3333,877.3333,856.0,859.6667,7051800,4679,865.39333333
JP3233250004,206408211,7181,JPY,2023-09-19,856.6667,875.0,855.6667,875.0,3420600,2803,868.75333333
JP3233250004,206408211,7181,JPY,2023-09-20,879.1333,883.1667,854.0,858.0,4618500,3971,862.42333333
JP3233250004,206408211,7181,JPY,2023-09-21,862.6667,863.6667,853.0,855.3333,3081600,3351,857.50333333
JP3233250004,206408211,7181,JPY,2023-09-22,855.3333,862.6667,845.1667,857.8333,4018500,4415,853.99333333
JP3233250004,206408211,7181,JPY,2023-09-25,858.0,858.0,843.8333,844.3333,2707200,2529,847.53666667
JP3233250004,206408211,7181,JPY,2023-09-26,848.0,866.3333,847.8333,861.6667,4580700,3753,859.25666667
JP3233250004,206408211,7181,JPY,2023-09-27,858.7667,870.3333,854.6667,868.5,6158100,4389,864.98333333
JP3233250004,206408211,7181,JPY,2023-09-28,863.3333,863.3333,841.3333,851.6667,5471400,4392,854.7
JP3233250004,206408211,7181,JPY,2023-09-29,850.6667,856.3,831.0,840.1667,5096100,4896,843.15
JP3233250004,206408211,7181,JPY,2023-10-02,840.1667,864.8333,840.1667,854.6667,4626900,4249,856.92666667
JP3233250004,206408211,7181,JPY,2023-10-03,861.6667,863.0,846.1667,853.1667,5071200,3584,852.93
JP3233250004,206408211,7181,JPY,2023-10-04,843.3333,846.3333,831.0,835.0,3532500,3292,837.95333333
JP3233250004,206408211,7181,JPY,2023-10-05,833.3333,856.0,833.1667,856.0,4533000,3924,852.17666667
JP3233250004,206408211,7181,JPY,2023-10-06,856.0,874.3333,850.8333,872.3333,4848300,3531,869.46333333
JP3233250004,206408211,7181,JPY,2023-10-10,868.0333,894.3333,868.0333,889.8333,5896200,4590,887.48666667
JP3233250004,206408211,7181,JPY,2023-10-11,894.0,894.0,874.3333,883.8333,2970900,2700,884.59
JP3233250004,206408211,7181,JPY,2023-10-12,890.1667,899.3333,886.3333,896.1667,4878900,3379,893.53333333
JP3233250004,206408211,7181,JPY,2023-10-13,900.4,900.4,882.8333,885.3333,2772000,2358,889.02
JP3233250004,206408211,7181,JPY,2023-10-16,877.0,885.5,873.3333,883.1667,3113700,2649,881.16
JP3233250004,206408211,7181,JPY,2023-10-17,886.6667,891.6667,878.6667,886.6667,3135900,2700,884.63333333
JP3233250004,206408211,7181,JPY,2023-10-18,900.0,919.6667,895.0,914.3333,7421400,5544,911.35666667
JP3233250004,206408211,7181,JPY,2023-10-19,905.0,916.0,902.3333,905.3333,2647800,2630,906.19333333
JP3233250004,206408211,7181,JPY,2023-10-20,909.6,918.5,902.0,905.6667,3078600,2882,907.49
JP3233250004,206408211,7181,JPY,2023-10-23,905.5,908.1667,901.3333,904.1667,2754000,2736,904.74666667
JP3233250004,206408211,7181,JPY,2023-10-24,897.3333,907.3333,888.8333,903.1667,2905200,3139,900.76
JP3233250004,206408211,7181,JPY,2023-10-25,903.1667,927.6667,902.1667,921.8333,4038300,3426,920.71
JP3233250004,206408211,7181,JPY,2023-10-26,922.8333,929.5,911.5,919.6667,3361500,3513,920.61333333
JP3233250004,206408211,7181,JPY,2023-10-27,924.0,937.6667,913.1667,937.6667,5217000,4032,930.87
JP3233250004,206408211,7181,JPY,2023-10-30,933.2333,939.5,923.6667,931.5,12791100,6848,930.77666667
JP3233250004,206408211,7181,JPY,2023-10-31,950.3333,966.5,940.3333,965.5,7154700,7486,957.36333333
JP3233250004,206408211,7181,JPY,2023-11-01,965.5,992.6333,965.5,987.1667,7396500,6018,985.56
JP3233250004,206408211,7181,JPY,2023-11-02,988.6667,989.3333,971.6667,974.6667,4459500,4954,977.13333333
JP3233250004,206408211,7181,JPY,2023-11-06,971.0,973.6667,956.8333,960.6667,5063400,5686,963.62
JP3233250004,206408211,7181,JPY,2023-11-07,956.8333,967.0,949.3333,949.6667,3745200,3802,954.91
JP3233250004,206408211,7181,JPY,2023-11-08,950.0,950.0,893.0,902.5,5473200,6524,909.41333333
JP3233250004,206408211,7181,JPY,2023-11-09,896.8333,907.0,878.8333,901.1667,4416000,5212,895.93333333
JP3233250004,206408211,7181,JPY,2023-11-10,907.3333,923.1667,904.6667,921.1667,2927400,3424,916.8
JP3233250004,206408211,7181,JPY,2023-11-13,916.8333,934.6667,916.6667,933.8333,3330900,3775,930.19
JP3233250004,206408211,7181,JPY,2023-11-14,940.0,965.1667,935.3333,947.1667,4064100,4638,946.81
JP3233250004,206408211,7181,JPY,2023-11-15,947.1667,947.1667,902.6667,923.6667,5998500,7123,922.39
JP3233250004,206408211,7181,JPY,2023-11-16,928.1667,940.3333,927.6667,935.0,2993100,3188,934.02
JP3233250004,206408211,7181,JPY,2023-11-17,922.5,965.0,921.5,962.3333,5401800,5178,956.67666667
JP3233250004,206408211,7181,JPY,2023-11-20,963.3333,963.3333,929.0,941.3333,4615500,4536,944.72333333
JP3233250004,206408211,7181,JPY,2023-11-21,941.3333,947.5,931.6667,933.8333,2676300,2723,936.73
JP3233250004,206408211,7181,JPY,2023-11-22,940.8333,947.6667,935.1667,935.8333,1819200,1888,939.97666667
JP3233250004,206408211,7181,JPY,2023-11-24,946.8333,947.6667,938.6667,944.5,1876200,2187,942.86
JP3233250004,206408211,7181,JPY,2023-11-27,950.0,951.6667,933.8333,949.6667,2580000,2782,944.95
JP3233250004,206408211,7181,JPY,2023-11-28,942.3333,950.3333,931.1667,935.5,2419500,2801,937.72
JP3233250004,206408211,7181,JPY,2023-11-29,926.0,932.0,913.8333,914.3333,2890200,2851,918.58666667
JP3233250004,206408211,7181,JPY,2023-11-30,919.9333,925.6667,904.5,921.6667,6420300,3641,920.59
JP3233250004,206408211,7181,JPY,2023-12-01,926.8333,930.3333,907.8333,915.6667,4431300,3888,913.06666667
JP3233250004,206408211,7181,JPY,2023-12-04,910.4333,910.4333,883.8333,892.0,5248800,4436,892.62
JP3233250004,206408211,7181,JPY,2023-12-05,886.9,898.8333,867.6667,870.1667,5156400,4867,876.14333333
JP3233250004,206408211,7181,JPY,2023-12-06,871.5,884.3333,870.0,883.6667,4240500,4454,880.05333333
JP3233250004,206408211,7181,JPY,2023-12-07,883.6667,889.0,874.3333,888.3333,3694800,3403,884.61333333
JP3233250004,206408211,7181,JPY,2023-12-08,879.0,904.0,879.0,893.1667,4443000,4295,891.94
JP3233250004,206408211,7181,JPY,2023-12-11,899.8333,899.8333,886.8333,892.1667,2733900,2598,892.99333333
JP3233250004,206408211,7181,JPY,2023-12-12,891.8333,892.0,878.3333,881.0,2437500,2490,883.37
JP3233250004,206408211,7181,JPY,2023-12-13,886.6667,892.5,882.0,889.5,2291700,2147,888.15666667
JP3233250004,206408211,7181,JPY,2023-12-14,875.3333,879.0,842.1667,842.5,4756200,4453,849.79333333
JP3233250004,206408211,7181,JPY,2023-12-15,842.6667,842.8333,826.3333,838.8333,5046300,4262,836.54666667
JP3233250004,206408211,7181,JPY,2023-12-18,831.8333,838.0,817.5,833.0,3152100,3146,829.53666667
JP3233250004,206408211,7181,JPY,2023-12-19,839.6667,845.3333,823.1667,828.1667,4110300,4764,831.36
JP3233250004,206408211,7181,JPY,2023-12-20,821.8333,829.5,811.0,812.3333,3934800,4569,818.08666667
JP3233250004,206408211,7181,JPY,2023-12-21,811.6667,826.3333,808.1667,821.5,4666500,4851,819.34
JP3233250004,206408211,7181,JPY,2023-12-22,821.3333,833.1667,820.6667,826.3333,2498400,2590,825.56
JP3233250004,206408211,7181,JPY,2023-12-25,832.3333,832.6667,822.8333,824.3333,1120800,1442,825.45
JP3233250004,206408211,7181,JPY,2023-12-26,826.6667,828.3333,818.3333,824.3333,1653300,1770,823.20333333
JP3233250004,206408211,7181,JPY,2023-12-27,826.8333,829.3333,821.3333,825.0,2650800,2682,824.57
JP3233250004,206408211,7181,JPY,2023-12-28,821.6667,828.3333,819.5,822.8333,1905900,2013,824.3
JP3233250004,206408211,7181,JPY,2023-12-29,829.6667,835.8333,826.8333,834.6667,2242800,2466,832.62
