ISIN,conId,Symbol,Currency,date,open,high,low,close,volume,barCount,average
JP3436500007,267290326,4597,JPY,2019-01-07,154.0,158.0,150.0,153.0,1870900,1219,153.1
JP3436500007,267290326,4597,JPY,2019-01-08,154.0,165.0,153.0,162.0,2554100,1931,159.7
JP3436500007,267290326,4597,JPY,2019-01-09,164.0,168.0,156.0,158.0,2187700,1470,162.0
JP3436500007,267290326,4597,JPY,2019-01-10,156.0,179.0,153.0,173.0,4560800,2947,166.8
JP3436500007,267290326,4597,JPY,2019-01-11,174.0,175.0,164.0,167.0,2480600,1957,169.3
JP3436500007,267290326,4597,JPY,2019-01-15,165.0,173.0,164.0,170.0,1629000,1385,169.4
JP3436500007,267290326,4597,JPY,2019-01-16,171.0,172.0,168.0,170.0,927200,778,169.8
JP3436500007,267290326,4597,JPY,2019-01-17,172.0,172.0,166.0,170.0,1166700,747,169.5
JP3436500007,267290326,4597,JPY,2019-01-18,169.0,171.0,168.0,170.0,756100,629,169.2
JP3436500007,267290326,4597,JPY,2019-01-21,172.0,175.0,165.0,167.0,1771500,1527,170.1
JP3436500007,267290326,4597,JPY,2019-01-22,166.0,168.0,160.0,160.0,1249800,1092,162.5
JP3436500007,267290326,4597,JPY,2019-01-23,156.0,165.0,155.0,163.0,1013700,963,161.3
JP3436500007,267290326,4597,JPY,2019-01-24,162.0,167.0,161.0,166.0,657900,561,164.6
JP3436500007,267290326,4597,JPY,2019-01-25,165.0,170.0,163.0,164.0,1001700,710,165.5
JP3436500007,267290326,4597,JPY,2019-01-28,162.0,165.0,160.0,160.0,563700,570,162.1
JP3436500007,267290326,4597,JPY,2019-01-29,158.0,159.0,154.0,157.0,1170000,973,156.3
JP3436500007,267290326,4597,JPY,2019-01-30,154.0,158.0,148.0,148.0,1102900,1061,152.6
JP3436500007,267290326,4597,JPY,2019-01-31,151.0,155.0,151.0,153.0,519700,717,153.1
JP3436500007,267290326,4597,JPY,2019-02-01,152.0,155.0,149.0,151.0,509600,520,151.6
JP3436500007,267290326,4597,JPY,2019-02-04,165.0,166.0,154.0,156.0,2456500,2047,159.4
JP3436500007,267290326,4597,JPY,2019-02-05,158.0,159.0,153.0,156.0,1179600,979,156.4
JP3436500007,267290326,4597,JPY,2019-02-06,157.0,157.0,154.0,154.0,879300,1142,155.4
JP3436500007,267290326,4597,JPY,2019-02-07,156.0,157.0,153.0,156.0,917900,767,154.8
JP3436500007,267290326,4597,JPY,2019-02-08,154.0,155.0,149.0,152.0,1298300,917,151.6
JP3436500007,267290326,4597,JPY,2019-02-12,152.0,159.0,151.0,157.0,1009500,724,155.6
JP3436500007,267290326,4597,JPY,2019-02-13,157.0,159.0,153.0,155.0,1089600,813,156.0
JP3436500007,267290326,4597,JPY,2019-02-14,153.0,153.0,141.0,147.0,2072600,1356,147.5
JP3436500007,267290326,4597,JPY,2019-02-15,144.0,152.0,142.0,149.0,1264300,1317,146.5
JP3436500007,267290326,4597,JPY,2019-02-18,149.0,156.0,148.0,155.0,960400,998,152.1
JP3436500007,267290326,4597,JPY,2019-02-19,155.0,163.0,153.0,161.0,1277700,1178,160.0
JP3436500007,267290326,4597,JPY,2019-02-20,161.0,166.0,160.0,160.0,1070700,784,163.2
JP3436500007,267290326,4597,JPY,2019-02-21,200.0,210.0,180.0,210.0,29657200,9492,200.3
JP3436500007,267290326,4597,JPY,2019-02-22,237.0,248.0,220.0,226.0,43903200,17900,232.5
JP3436500007,267290326,4597,JPY,2019-02-25,225.0,235.0,215.0,230.0,10782400,6506,226.1
JP3436500007,267290326,4597,JPY,2019-02-26,227.0,228.0,207.0,208.0,7472400,4973,215.2
JP3436500007,267290326,4597,JPY,2019-02-27,214.0,223.0,209.0,217.0,4528000,2961,216.0
JP3436500007,267290326,4597,JPY,2019-02-28,225.0,249.0,208.0,208.0,8156100,4226,219.6
JP3436500007,267290326,4597,JPY,2019-03-01,205.0,221.0,203.0,219.0,4176200,3181,214.6
JP3436500007,267290326,4597,JPY,2019-03-04,221.0,222.0,213.0,215.0,2115400,1638,216.9
JP3436500007,267290326,4597,JPY,2019-03-05,216.0,222.0,212.0,220.0,1949300,1602,216.6
JP3436500007,267290326,4597,JPY,2019-03-06,220.0,221.0,216.0,217.0,1371500,1159,218.4
JP3436500007,267290326,4597,JPY,2019-03-07,215.0,216.0,210.0,211.0,1481000,1320,212.4
JP3436500007,267290326,4597,JPY,2019-03-08,206.0,208.0,202.0,205.0,2377300,2015,204.6
JP3436500007,267290326,4597,JPY,2019-03-11,206.0,212.0,203.0,210.0,1416400,1274,207.8
JP3436500007,267290326,4597,JPY,2019-03-12,212.0,217.0,208.0,212.0,1888500,1690,212.7
JP3436500007,267290326,4597,JPY,2019-03-13,210.0,215.0,210.0,214.0,1392600,1155,212.7
JP3436500007,267290326,4597,JPY,2019-03-14,221.0,233.0,219.0,219.0,6193200,3990,224.6
JP3436500007,267290326,4597,JPY,2019-03-15,230.0,243.0,219.0,223.0,13658600,6342,231.3
JP3436500007,267290326,4597,JPY,2019-03-18,229.0,236.0,222.0,232.0,5579500,3172,230.4
JP3436500007,267290326,4597,JPY,2019-03-19,232.0,232.0,219.0,219.0,4168500,2407,223.8
JP3436500007,267290326,4597,JPY,2019-03-20,216.0,216.0,207.0,209.0,3401100,2225,211.2
JP3436500007,267290326,4597,JPY,2019-03-22,207.0,209.0,199.0,201.0,2706500,1808,203.4
JP3436500007,267290326,4597,JPY,2019-03-25,190.0,196.0,188.0,191.0,1844400,1366,191.8
JP3436500007,267290326,4597,JPY,2019-03-26,193.0,196.0,189.0,190.0,1234900,1327,192.3
JP3436500007,267290326,4597,JPY,2019-03-27,194.0,201.0,191.0,198.0,1690000,1408,196.7
JP3436500007,267290326,4597,JPY,2019-03-28,195.0,197.0,193.0,196.0,1015100,941,195.0
JP3436500007,267290326,4597,JPY,2019-03-29,196.0,197.0,189.0,193.0,1703100,1407,192.0
JP3436500007,267290326,4597,JPY,2019-04-01,192.0,193.0,183.0,185.0,1694200,1244,188.0
JP3436500007,267290326,4597,JPY,2019-04-02,185.0,188.0,173.0,174.0,2592300,2173,178.0
JP3436500007,267290326,4597,JPY,2019-04-03,179.0,185.0,176.0,184.0,1311300,1328,180.6
JP3436500007,267290326,4597,JPY,2019-04-04,185.0,187.0,180.0,181.0,959600,860,183.0
JP3436500007,267290326,4597,JPY,2019-04-05,177.0,184.0,177.0,181.0,822600,844,180.8
JP3436500007,267290326,4597,JPY,2019-04-08,181.0,182.0,178.0,182.0,760700,816,180.1
JP3436500007,267290326,4597,JPY,2019-04-09,182.0,186.0,180.0,186.0,1188600,1105,182.9
JP3436500007,267290326,4597,JPY,2019-04-10,182.0,186.0,181.0,184.0,1102800,936,183.2
JP3436500007,267290326,4597,JPY,2019-04-11,185.0,189.0,180.0,185.0,1103600,1024,183.8
JP3436500007,267290326,4597,JPY,2019-04-12,187.0,187.0,181.0,181.0,706200,625,183.4
JP3436500007,267290326,4597,JPY,2019-04-15,182.0,194.0,179.0,191.0,2566200,2287,188.0
JP3436500007,267290326,4597,JPY,2019-04-16,189.0,193.0,187.0,188.0,1359200,1209,189.5
JP3436500007,267290326,4597,JPY,2019-04-17,188.0,194.0,187.0,190.0,1739100,1289,190.4
JP3436500007,267290326,4597,JPY,2019-04-18,191.0,192.0,187.0,188.0,759900,614,188.6
JP3436500007,267290326,4597,JPY,2019-04-19,189.0,191.0,188.0,189.0,712000,850,189.1
JP3436500007,267290326,4597,JPY,2019-04-22,191.0,192.0,184.0,185.0,1386000,978,187.4
JP3436500007,267290326,4597,JPY,2019-04-23,184.0,186.0,180.0,183.0,1249700,972,182.4
JP3436500007,267290326,4597,JPY,2019-04-24,184.0,184.0,179.0,180.0,789700,929,180.8
JP3436500007,267290326,4597,JPY,2019-04-25,179.0,182.0,176.0,180.0,880900,753,178.8
JP3436500007,267290326,4597,JPY,2019-04-26,178.0,182.0,177.0,181.0,512800,549,179.3
JP3436500007,267290326,4597,JPY,2019-05-07,181.0,187.0,180.0,186.0,918400,977,184.4
JP3436500007,267290326,4597,JPY,2019-05-08,183.0,186.0,180.0,182.0,904300,980,182.6
JP3436500007,267290326,4597,JPY,2019-05-09,181.0,182.0,173.0,174.0,1158800,937,177.0
JP3436500007,267290326,4597,JPY,2019-05-10,171.0,179.0,169.0,175.0,908600,930,173.8
JP3436500007,267290326,4597,JPY,2019-05-13,175.0,177.0,169.0,170.0,1114600,972,171.9
JP3436500007,267290326,4597,JPY,2019-05-14,160.0,168.0,157.0,168.0,2182300,1565,161.8
JP3436500007,267290326,4597,JPY,2019-05-15,166.0,169.0,163.0,168.0,1285700,1197,165.1
JP3436500007,267290326,4597,JPY,2019-05-16,164.0,166.0,158.0,160.0,1411800,1158,160.8
JP3436500007,267290326,4597,JPY,2019-05-17,160.0,166.0,159.0,162.0,810000,816,162.4
JP3436500007,267290326,4597,JPY,2019-05-20,165.0,166.0,158.0,160.0,671800,644,160.8
JP3436500007,267290326,4597,JPY,2019-05-21,160.0,160.0,148.0,152.0,1889400,1214,154.9
JP3436500007,267290326,4597,JPY,2019-05-22,152.0,158.0,152.0,156.0,827900,886,155.4
JP3436500007,267290326,4597,JPY,2019-05-23,155.0,157.0,152.0,153.0,554400,688,153.8
JP3436500007,267290326,4597,JPY,2019-05-24,150.0,154.0,150.0,153.0,636100,689,151.8
JP3436500007,267290326,4597,JPY,2019-05-27,155.0,157.0,153.0,155.0,413000,597,154.8
JP3436500007,267290326,4597,JPY,2019-05-28,155.0,164.0,155.0,162.0,1034400,977,160.1
JP3436500007,267290326,4597,JPY,2019-05-29,159.0,162.0,155.0,158.0,826700,884,158.1
JP3436500007,267290326,4597,JPY,2019-05-30,158.0,162.0,153.0,159.0,1620100,1665,157.6
JP3436500007,267290326,4597,JPY,2019-05-31,158.0,162.0,155.0,156.0,965500,1017,158.5
JP3436500007,267290326,4597,JPY,2019-06-03,153.0,155.0,148.0,149.0,1044100,936,151.3
JP3436500007,267290326,4597,JPY,2019-06-04,149.0,152.0,147.0,151.0,1129300,1083,149.8
JP3436500007,267290326,4597,JPY,2019-06-05,153.0,155.0,151.0,153.0,552300,564,153.4
JP3436500007,267290326,4597,JPY,2019-06-06,154.0,157.0,152.0,155.0,403000,574,154.7
JP3436500007,267290326,4597,JPY,2019-06-07,157.0,157.0,154.0,155.0,414600,541,155.4
JP3436500007,267290326,4597,JPY,2019-06-10,154.0,161.0,154.0,160.0,834900,734,157.9
JP3436500007,267290326,4597,JPY,2019-06-11,161.0,161.0,158.0,160.0,535000,694,159.9
JP3436500007,267290326,4597,JPY,2019-06-12,160.0,161.0,158.0,161.0,423100,454,159.9
JP3436500007,267290326,4597,JPY,2019-06-13,159.0,160.0,154.0,155.0,606600,619,156.7
JP3436500007,267290326,4597,JPY,2019-06-14,158.0,160.0,156.0,159.0,419000,438,158.6
JP3436500007,267290326,4597,JPY,2019-06-17,159.0,160.0,157.0,160.0,317000,457,158.7
JP3436500007,267290326,4597,JPY,2019-06-18,160.0,161.0,156.0,156.0,411500,442,158.1
JP3436500007,267290326,4597,JPY,2019-06-19,157.0,160.0,157.0,158.0,419800,552,158.4
JP3436500007,267290326,4597,JPY,2019-06-20,158.0,160.0,157.0,159.0,441400,527,158.5
JP3436500007,267290326,4597,JPY,2019-06-21,159.0,160.0,156.0,158.0,454800,471,157.6
JP3436500007,267290326,4597,JPY,2019-06-24,157.0,159.0,155.0,157.0,573500,592,156.9
JP3436500007,267290326,4597,JPY,2019-06-25,155.0,157.0,154.0,157.0,632700,624,155.6
JP3436500007,267290326,4597,JPY,2019-06-26,156.0,205.0,153.0,183.0,13503500,8113,185.2
JP3436500007,267290326,4597,JPY,2019-06-27,186.0,205.0,178.0,183.0,14404200,7930,191.3
JP3436500007,267290326,4597,JPY,2019-06-28,183.0,183.0,170.0,171.0,3945800,2523,174.4
JP3436500007,267290326,4597,JPY,2019-07-01,180.0,195.0,179.0,184.0,8869900,4657,186.5
JP3436500007,267290326,4597,JPY,2019-07-02,187.0,189.0,183.0,186.0,2062000,1543,185.4
JP3436500007,267290326,4597,JPY,2019-07-03,185.0,185.0,179.0,180.0,1616400,1231,181.2
JP3436500007,267290326,4597,JPY,2019-07-04,182.0,182.0,176.0,178.0,1014900,889,178.3
JP3436500007,267290326,4597,JPY,2019-07-05,177.0,180.0,175.0,180.0,732200,675,177.8
JP3436500007,267290326,4597,JPY,2019-07-08,179.0,179.0,177.0,178.0,586600,647,178.2
JP3436500007,267290326,4597,JPY,2019-07-09,177.0,178.0,172.0,173.0,816500,718,175.0
JP3436500007,267290326,4597,JPY,2019-07-10,173.0,175.0,170.0,175.0,666400,616,172.8
JP3436500007,267290326,4597,JPY,2019-07-11,174.0,176.0,172.0,175.0,649400,645,173.7
JP3436500007,267290326,4597,JPY,2019-07-12,174.0,174.0,171.0,172.0,718000,641,172.0
JP3436500007,267290326,4597,JPY,2019-07-16,173.0,173.0,169.0,173.0,509000,527,171.2
JP3436500007,267290326,4597,JPY,2019-07-17,171.0,173.0,170.0,173.0,303900,339,171.4
JP3436500007,267290326,4597,JPY,2019-07-18,171.0,173.0,168.0,171.0,601300,584,170.1
JP3436500007,267290326,4597,JPY,2019-07-19,170.0,180.0,170.0,177.0,970100,818,175.5
JP3436500007,267290326,4597,JPY,2019-07-22,184.0,184.0,175.0,177.0,1552400,1164,179.2
JP3436500007,267290326,4597,JPY,2019-07-23,177.0,179.0,176.0,177.0,463500,490,177.5
JP3436500007,267290326,4597,JPY,2019-07-24,179.0,182.0,176.0,179.0,922300,816,179.2
JP3436500007,267290326,4597,JPY,2019-07-25,179.0,184.0,178.0,184.0,1303300,862,181.6
JP3436500007,267290326,4597,JPY,2019-07-26,182.0,184.0,179.0,183.0,583300,436,181.6
JP3436500007,267290326,4597,JPY,2019-07-29,183.0,186.0,181.0,184.0,1027400,678,183.3
JP3436500007,267290326,4597,JPY,2019-07-30,185.0,187.0,181.0,183.0,1497100,986,184.5
JP3436500007,267290326,4597,JPY,2019-07-31,183.0,185.0,182.0,184.0,923900,542,183.4
JP3436500007,267290326,4597,JPY,2019-08-01,183.0,185.0,180.0,185.0,782200,533,182.9
JP3436500007,267290326,4597,JPY,2019-08-02,182.0,184.0,180.0,182.0,662500,557,181.8
JP3436500007,267290326,4597,JPY,2019-08-05,180.0,180.0,170.0,171.0,1141900,979,174.7
JP3436500007,267290326,4597,JPY,2019-08-06,161.0,175.0,160.0,174.0,986800,1042,168.6
JP3436500007,267290326,4597,JPY,2019-08-07,175.0,178.0,173.0,174.0,565900,666,175.6
JP3436500007,267290326,4597,JPY,2019-08-08,174.0,187.0,174.0,183.0,1454100,1167,182.2
JP3436500007,267290326,4597,JPY,2019-08-09,182.0,184.0,174.0,177.0,1190800,1053,178.7
JP3436500007,267290326,4597,JPY,2019-08-13,177.0,181.0,171.0,181.0,797100,857,177.3
JP3436500007,267290326,4597,JPY,2019-08-14,182.0,184.0,180.0,181.0,592700,700,181.9
JP3436500007,267290326,4597,JPY,2019-08-15,174.0,177.0,173.0,174.0,949000,975,174.6
JP3436500007,267290326,4597,JPY,2019-08-16,173.0,174.0,165.0,170.0,1401700,1344,169.2
JP3436500007,267290326,4597,JPY,2019-08-19,170.0,171.0,165.0,166.0,958300,918,167.4
JP3436500007,267290326,4597,JPY,2019-08-20,165.0,169.0,163.0,169.0,1385700,948,166.0
JP3436500007,267290326,4597,JPY,2019-08-21,167.0,167.0,165.0,165.0,696900,893,165.8
JP3436500007,267290326,4597,JPY,2019-08-22,164.0,165.0,161.0,162.0,1333200,879,162.6
JP3436500007,267290326,4597,JPY,2019-08-23,161.0,163.0,159.0,162.0,714200,755,160.8
JP3436500007,267290326,4597,JPY,2019-08-26,155.0,158.0,155.0,158.0,1100000,891,156.5
JP3436500007,267290326,4597,JPY,2019-08-27,157.0,158.0,154.0,154.0,874600,863,155.4
JP3436500007,267290326,4597,JPY,2019-08-28,152.0,153.0,150.0,150.0,1014900,1102,151.4
JP3436500007,267290326,4597,JPY,2019-08-29,150.0,154.0,147.0,147.0,1360400,975,149.4
JP3436500007,267290326,4597,JPY,2019-08-30,148.0,154.0,147.0,154.0,1165600,849,149.8
JP3436500007,267290326,4597,JPY,2019-09-02,151.0,155.0,148.0,154.0,1054700,844,151.7
JP3436500007,267290326,4597,JPY,2019-09-03,153.0,153.0,151.0,151.0,703000,676,152.3
JP3436500007,267290326,4597,JPY,2019-09-04,152.0,153.0,149.0,150.0,628500,483,150.9
JP3436500007,267290326,4597,JPY,2019-09-05,152.0,155.0,150.0,153.0,1051100,673,152.0
JP3436500007,267290326,4597,JPY,2019-09-06,152.0,154.0,151.0,152.0,898300,659,152.4
JP3436500007,267290326,4597,JPY,2019-09-09,150.0,151.0,149.0,150.0,883500,684,150.0
JP3436500007,267290326,4597,JPY,2019-09-10,150.0,152.0,149.0,151.0,831900,677,149.9
JP3436500007,267290326,4597,JPY,2019-09-11,150.0,151.0,148.0,151.0,992000,664,149.5
JP3436500007,267290326,4597,JPY,2019-09-12,150.0,152.0,149.0,150.0,626100,404,150.2
JP3436500007,267290326,4597,JPY,2019-09-13,149.0,152.0,149.0,152.0,744500,422,150.4
JP3436500007,267290326,4597,JPY,2019-09-17,152.0,153.0,150.0,151.0,949200,609,151.4
JP3436500007,267290326,4597,JPY,2019-09-18,165.0,165.0,152.0,154.0,3911700,1879,156.8
JP3436500007,267290326,4597,JPY,2019-09-19,153.0,154.0,151.0,152.0,1149100,692,152.5
JP3436500007,267290326,4597,JPY,2019-09-20,151.0,153.0,149.0,152.0,1126900,529,150.8
JP3436500007,267290326,4597,JPY,2019-09-24,151.0,154.0,151.0,151.0,653400,485,152.1
JP3436500007,267290326,4597,JPY,2019-09-25,151.0,152.0,150.0,152.0,887500,523,151.1
JP3436500007,267290326,4597,JPY,2019-09-26,152.0,154.0,151.0,151.0,1120100,590,152.3
JP3436500007,267290326,4597,JPY,2019-09-27,151.0,153.0,150.0,150.0,832300,466,151.1
JP3436500007,267290326,4597,JPY,2019-09-30,152.0,152.0,149.0,150.0,761300,406,150.4
JP3436500007,267290326,4597,JPY,2019-10-01,151.0,151.0,150.0,151.0,322600,443,150.6
JP3436500007,267290326,4597,JPY,2019-10-02,151.0,153.0,150.0,153.0,582600,368,151.5
JP3436500007,267290326,4597,JPY,2019-10-03,151.0,151.0,149.0,151.0,862200,377,150.1
JP3436500007,267290326,4597,JPY,2019-10-04,150.0,152.0,150.0,151.0,528300,362,150.7
JP3436500007,267290326,4597,JPY,2019-10-07,152.0,152.0,150.0,151.0,374200,264,151.1
JP3436500007,267290326,4597,JPY,2019-10-08,151.0,153.0,151.0,153.0,433600,387,151.5
JP3436500007,267290326,4597,JPY,2019-10-09,152.0,153.0,150.0,152.0,767500,371,150.9
JP3436500007,267290326,4597,JPY,2019-10-10,152.0,152.0,150.0,151.0,1046100,603,151.3
JP3436500007,267290326,4597,JPY,2019-10-11,151.0,151.0,148.0,149.0,941800,542,149.5
JP3436500007,267290326,4597,JPY,2019-10-15,150.0,151.0,148.0,150.0,366800,436,149.7
JP3436500007,267290326,4597,JPY,2019-10-16,151.0,152.0,149.0,151.0,617100,393,150.3
JP3436500007,267290326,4597,JPY,2019-10-17,149.0,150.0,149.0,150.0,250400,312,149.3
JP3436500007,267290326,4597,JPY,2019-10-18,150.0,151.0,149.0,150.0,360600,271,150.1
JP3436500007,267290326,4597,JPY,2019-10-21,151.0,157.0,150.0,151.0,2634600,1409,153.4
JP3436500007,267290326,4597,JPY,2019-10-23,155.0,155.0,151.0,151.0,706900,570,152.2
JP3436500007,267290326,4597,JPY,2019-10-24,152.0,154.0,151.0,154.0,607000,464,152.3
JP3436500007,267290326,4597,JPY,2019-10-25,153.0,154.0,152.0,153.0,456100,278,153.1
JP3436500007,267290326,4597,JPY,2019-10-28,153.0,153.0,152.0,152.0,174400,225,152.5
JP3436500007,267290326,4597,JPY,2019-10-29,152.0,154.0,152.0,153.0,428500,402,152.8
JP3436500007,267290326,4597,JPY,2019-10-30,154.0,155.0,152.0,152.0,431500,405,152.9
JP3436500007,267290326,4597,JPY,2019-10-31,153.0,153.0,151.0,151.0,449900,373,151.7
JP3436500007,267290326,4597,JPY,2019-11-01,151.0,152.0,150.0,151.0,343000,264,151.0
JP3436500007,267290326,4597,JPY,2019-11-05,152.0,154.0,151.0,154.0,612800,466,152.8
JP3436500007,267290326,4597,JPY,2019-11-06,153.0,154.0,152.0,154.0,262400,281,153.3
JP3436500007,267290326,4597,JPY,2019-11-07,154.0,154.0,152.0,152.0,401000,309,153.1
JP3436500007,267290326,4597,JPY,2019-11-08,154.0,154.0,153.0,154.0,337900,379,153.6
JP3436500007,267290326,4597,JPY,2019-11-11,154.0,154.0,153.0,153.0,351100,299,153.3
JP3436500007,267290326,4597,JPY,2019-11-12,153.0,154.0,152.0,154.0,239100,239,152.9
JP3436500007,267290326,4597,JPY,2019-11-13,154.0,155.0,152.0,154.0,477200,322,153.3
JP3436500007,267290326,4597,JPY,2019-11-14,153.0,154.0,150.0,151.0,883300,497,151.6
JP3436500007,267290326,4597,JPY,2019-11-15,150.0,153.0,150.0,151.0,442500,314,151.1
JP3436500007,267290326,4597,JPY,2019-11-18,151.0,152.0,150.0,151.0,203000,215,151.1
JP3436500007,267290326,4597,JPY,2019-11-19,151.0,151.0,149.0,151.0,819600,468,150.1
JP3436500007,267290326,4597,JPY,2019-11-20,150.0,152.0,150.0,150.0,457100,312,150.6
JP3436500007,267290326,4597,JPY,2019-11-21,150.0,152.0,149.0,150.0,511900,253,150.1
JP3436500007,267290326,4597,JPY,2019-11-22,150.0,151.0,149.0,150.0,174300,220,150.1
JP3436500007,267290326,4597,JPY,2019-11-25,151.0,151.0,150.0,150.0,190100,152,150.1
JP3436500007,267290326,4597,JPY,2019-11-26,151.0,152.0,150.0,151.0,493400,301,150.9
JP3436500007,267290326,4597,JPY,2019-11-27,151.0,153.0,151.0,153.0,651500,576,151.9
JP3436500007,267290326,4597,JPY,2019-11-28,152.0,153.0,151.0,152.0,388300,248,152.1
JP3436500007,267290326,4597,JPY,2019-11-29,152.0,152.0,150.0,150.0,428800,432,151.2
JP3436500007,267290326,4597,JPY,2019-12-02,151.0,152.0,150.0,151.0,468400,240,151.5
JP3436500007,267290326,4597,JPY,2019-12-03,151.0,152.0,150.0,151.0,292200,263,151.0
JP3436500007,267290326,4597,JPY,2019-12-04,150.0,152.0,150.0,151.0,212800,185,150.9
JP3436500007,267290326,4597,JPY,2019-12-05,151.0,152.0,150.0,150.0,225600,213,150.9
JP3436500007,267290326,4597,JPY,2019-12-06,151.0,152.0,150.0,151.0,370500,194,151.0
JP3436500007,267290326,4597,JPY,2019-12-09,151.0,152.0,150.0,151.0,347200,358,151.0
JP3436500007,267290326,4597,JPY,2019-12-10,151.0,152.0,150.0,150.0,267000,179,151.0
JP3436500007,267290326,4597,JPY,2019-12-11,200.0,220.0,200.0,200.0,10000,29,204.5
JP3436500007,267290326,4597,JPY,2019-12-12,220.0,244.0,209.0,217.0,64700700,21578,225.7
JP3436500007,267290326,4597,JPY,2019-12-13,216.0,219.0,197.0,198.0,15587800,6630,206.8
JP3436500007,267290326,4597,JPY,2019-12-16,201.0,208.0,197.0,200.0,6350700,2914,202.4
JP3436500007,267290326,4597,JPY,2019-12-17,207.0,212.0,197.0,197.0,6798800,3288,204.0
JP3436500007,267290326,4597,JPY,2019-12-18,200.0,201.0,182.0,183.0,5568200,2727,188.6
JP3436500007,267290326,4597,JPY,2019-12-19,185.0,187.0,181.0,182.0,1920400,1170,183.9
JP3436500007,267290326,4597,JPY,2019-12-20,183.0,186.0,181.0,183.0,1679900,1229,183.4
JP3436500007,267290326,4597,JPY,2019-12-23,183.0,184.0,179.0,180.0,929400,775,180.9
JP3436500007,267290326,4597,JPY,2019-12-24,181.0,181.0,176.0,179.0,1466800,866,178.2
JP3436500007,267290326,4597,JPY,2019-12-25,178.0,179.0,176.0,178.0,820600,532,177.1
JP3436500007,267290326,4597,JPY,2019-12-26,177.0,189.0,176.0,186.0,2142500,1260,182.4
JP3436500007,267290326,4597,JPY,2019-12-27,197.0,199.0,186.0,189.0,3259600,1659,191.8
JP3436500007,267290326,4597,JPY,2019-12-30,187.0,188.0,183.0,184.0,1095100,923,185.6
JP3436500007,267290326,4597,JPY,2020-01-06,181.0,182.0,176.0,179.0,1325500,874,179.1
JP3436500007,267290326,4597,JPY,2020-01-07,179.0,181.0,177.0,180.0,608000,569,179.4
JP3436500007,267290326,4597,JPY,2020-01-08,182.0,185.0,174.0,178.0,2070300,1401,179.1
JP3436500007,267290326,4597,JPY,2020-01-09,181.0,182.0,178.0,180.0,860700,774,179.7
JP3436500007,267290326,4597,JPY,2020-01-10,179.0,185.0,178.0,183.0,1199400,851,181.3
JP3436500007,267290326,4597,JPY,2020-01-14,182.0,192.0,180.0,189.0,1630300,1007,186.5
JP3436500007,267290326,4597,JPY,2020-01-15,187.0,190.0,186.0,186.0,872900,559,187.5
JP3436500007,267290326,4597,JPY,2020-01-16,186.0,188.0,185.0,187.0,497000,506,186.5
JP3436500007,267290326,4597,JPY,2020-01-17,187.0,188.0,184.0,186.0,852100,579,186.0
JP3436500007,267290326,4597,JPY,2020-01-20,187.0,188.0,186.0,187.0,405900,436,187.1
JP3436500007,267290326,4597,JPY,2020-01-21,188.0,194.0,186.0,191.0,1395200,780,191.0
JP3436500007,267290326,4597,JPY,2020-01-22,193.0,193.0,189.0,192.0,767000,560,191.8
JP3436500007,267290326,4597,JPY,2020-01-23,191.0,192.0,189.0,190.0,490200,465,190.6
JP3436500007,267290326,4597,JPY,2020-01-24,175.0,179.0,172.0,177.0,3610500,1429,175.6
JP3436500007,267290326,4597,JPY,2020-01-27,173.0,173.0,170.0,170.0,1267700,868,171.6
JP3436500007,267290326,4597,JPY,2020-01-28,168.0,170.0,166.0,169.0,699100,577,168.1
JP3436500007,267290326,4597,JPY,2020-01-29,170.0,171.0,166.0,168.0,770400,581,168.2
JP3436500007,267290326,4597,JPY,2020-01-30,167.0,168.0,159.0,161.0,1523200,966,162.8
JP3436500007,267290326,4597,JPY,2020-01-31,166.0,167.0,163.0,164.0,699000,505,165.0
JP3436500007,267290326,4597,JPY,2020-02-03,161.0,168.0,159.0,167.0,909900,651,163.7
JP3436500007,267290326,4597,JPY,2020-02-04,167.0,172.0,165.0,168.0,943400,678,169.3
JP3436500007,267290326,4597,JPY,2020-02-05,169.0,172.0,168.0,170.0,456800,411,169.7
JP3436500007,267290326,4597,JPY,2020-02-06,171.0,171.0,166.0,169.0,735400,618,168.3
JP3436500007,267290326,4597,JPY,2020-02-07,168.0,168.0,165.0,167.0,511800,481,166.8
JP3436500007,267290326,4597,JPY,2020-02-10,167.0,169.0,166.0,169.0,328900,338,167.7
JP3436500007,267290326,4597,JPY,2020-02-12,169.0,170.0,167.0,167.0,384600,399,168.2
JP3436500007,267290326,4597,JPY,2020-02-13,169.0,170.0,166.0,167.0,498300,369,167.3
JP3436500007,267290326,4597,JPY,2020-02-14,164.0,164.0,160.0,161.0,1059200,802,161.5
JP3436500007,267290326,4597,JPY,2020-02-17,159.0,159.0,152.0,156.0,1270000,815,155.6
JP3436500007,267290326,4597,JPY,2020-02-18,153.0,155.0,151.0,152.0,837100,613,152.6
JP3436500007,267290326,4597,JPY,2020-02-19,152.0,159.0,151.0,156.0,920300,670,154.1
JP3436500007,267290326,4597,JPY,2020-02-20,157.0,158.0,153.0,155.0,440200,423,155.8
JP3436500007,267290326,4597,JPY,2020-02-21,154.0,157.0,153.0,155.0,410600,270,153.9
JP3436500007,267290326,4597,JPY,2020-02-25,149.0,151.0,146.0,150.0,1079300,899,148.9
JP3436500007,267290326,4597,JPY,2020-02-26,147.0,149.0,144.0,146.0,1341200,987,146.2
JP3436500007,267290326,4597,JPY,2020-02-27,148.0,148.0,133.0,135.0,2028300,1358,138.6
JP3436500007,267290326,4597,JPY,2020-02-28,120.0,130.0,120.0,123.0,3102600,1909,124.2
JP3436500007,267290326,4597,JPY,2020-03-02,121.0,137.0,121.0,133.0,2227300,1342,130.5
JP3436500007,267290326,4597,JPY,2020-03-03,140.0,140.0,129.0,131.0,1815100,1029,133.9
JP3436500007,267290326,4597,JPY,2020-03-04,128.0,137.0,128.0,134.0,1415900,984,133.3
JP3436500007,267290326,4597,JPY,2020-03-05,136.0,139.0,134.0,136.0,910200,666,135.7
JP3436500007,267290326,4597,JPY,2020-03-06,133.0,134.0,129.0,131.0,1191100,899,131.1
JP3436500007,267290326,4597,JPY,2020-03-09,126.0,127.0,114.0,116.0,2419200,1581,120.3
JP3436500007,267290326,4597,JPY,2020-03-10,103.0,121.0,103.0,117.0,2491800,1499,109.5
JP3436500007,267290326,4597,JPY,2020-03-11,119.0,122.0,112.0,112.0,1133200,778,116.8
JP3436500007,267290326,4597,JPY,2020-03-12,108.0,116.0,105.0,107.0,2356100,1892,109.1
JP3436500007,267290326,4597,JPY,2020-03-13,98.0,104.0,96.0,101.0,3003700,1825,99.0
JP3436500007,267290326,4597,JPY,2020-03-16,106.0,108.0,98.0,101.0,1600100,1015,104.2
JP3436500007,267290326,4597,JPY,2020-03-17,100.0,109.0,96.0,108.0,2204500,1315,103.9
JP3436500007,267290326,4597,JPY,2020-03-18,108.0,113.0,106.0,107.0,1946200,1207,109.4
JP3436500007,267290326,4597,JPY,2020-03-19,110.0,111.0,105.0,107.0,1475500,775,107.8
JP3436500007,267290326,4597,JPY,2020-03-23,106.0,106.0,101.0,104.0,1622900,1044,103.3
JP3436500007,267290326,4597,JPY,2020-03-24,106.0,109.0,106.0,108.0,974000,797,107.2
JP3436500007,267290326,4597,JPY,2020-03-25,112.0,115.0,111.0,115.0,1166800,842,113.1
JP3436500007,267290326,4597,JPY,2020-03-26,113.0,113.0,107.0,109.0,788400,601,110.7
JP3436500007,267290326,4597,JPY,2020-03-27,112.0,112.0,108.0,108.0,904400,674,109.4
JP3436500007,267290326,4597,JPY,2020-03-30,105.0,109.0,105.0,106.0,817700,586,107.2
JP3436500007,267290326,4597,JPY,2020-03-31,107.0,115.0,106.0,109.0,1235900,746,110.5
JP3436500007,267290326,4597,JPY,2020-04-01,109.0,114.0,107.0,109.0,734000,710,111.1
JP3436500007,267290326,4597,JPY,2020-04-02,109.0,112.0,107.0,108.0,717100,522,109.1
JP3436500007,267290326,4597,JPY,2020-04-03,108.0,110.0,101.0,102.0,1275200,616,104.3
JP3436500007,267290326,4597,JPY,2020-04-06,102.0,106.0,100.0,106.0,899800,655,103.1
JP3436500007,267290326,4597,JPY,2020-04-07,108.0,110.0,104.0,107.0,1346600,693,107.2
JP3436500007,267290326,4597,JPY,2020-04-08,106.0,110.0,104.0,110.0,983200,612,107.6
JP3436500007,267290326,4597,JPY,2020-04-09,111.0,119.0,110.0,114.0,1798300,928,114.6
JP3436500007,267290326,4597,JPY,2020-04-10,116.0,117.0,112.0,116.0,1036200,530,114.7
JP3436500007,267290326,4597,JPY,2020-04-13,115.0,124.0,112.0,122.0,2220200,1157,119.7
JP3436500007,267290326,4597,JPY,2020-04-14,123.0,136.0,123.0,128.0,2940900,1729,130.1
JP3436500007,267290326,4597,JPY,2020-04-15,128.0,130.0,126.0,129.0,962700,642,128.1
JP3436500007,267290326,4597,JPY,2020-04-16,127.0,128.0,123.0,124.0,899300,752,125.1
JP3436500007,267290326,4597,JPY,2020-04-17,125.0,126.0,123.0,124.0,862100,571,124.3
JP3436500007,267290326,4597,JPY,2020-04-20,124.0,126.0,121.0,124.0,959000,730,123.7
JP3436500007,267290326,4597,JPY,2020-04-21,122.0,124.0,118.0,120.0,1349400,864,120.9
JP3436500007,267290326,4597,JPY,2020-04-22,116.0,119.0,116.0,118.0,566000,627,117.6
JP3436500007,267290326,4597,JPY,2020-04-23,119.0,124.0,119.0,121.0,718400,660,121.2
JP3436500007,267290326,4597,JPY,2020-04-24,122.0,126.0,121.0,124.0,1153300,674,123.5
JP3436500007,267290326,4597,JPY,2020-04-27,126.0,127.0,123.0,125.0,937400,598,125.1
JP3436500007,267290326,4597,JPY,2020-04-28,126.0,138.0,126.0,137.0,2503600,1524,131.8
JP3436500007,267290326,4597,JPY,2020-04-30,140.0,140.0,134.0,135.0,2095800,1246,136.7
JP3436500007,267290326,4597,JPY,2020-05-01,134.0,136.0,131.0,134.0,860500,643,133.7
JP3436500007,267290326,4597,JPY,2020-05-07,154.0,203.0,143.0,179.0,29069400,12846,172.7
JP3436500007,267290326,4597,JPY,2020-05-08,210.0,224.0,163.0,172.0,43439100,16717,188.2
JP3436500007,267290326,4597,JPY,2020-05-11,174.0,175.0,161.0,162.0,7333400,3491,165.3
JP3436500007,267290326,4597,JPY,2020-05-12,161.0,168.0,160.0,165.0,3728400,2025,164.7
JP3436500007,267290326,4597,JPY,2020-05-13,162.0,167.0,160.0,163.0,1941700,1267,162.9
JP3436500007,267290326,4597,JPY,2020-05-14,164.0,164.0,153.0,155.0,2798600,1601,158.4
JP3436500007,267290326,4597,JPY,2020-05-15,159.0,161.0,152.0,157.0,1988500,1342,155.1
JP3436500007,267290326,4597,JPY,2020-05-18,156.0,168.0,156.0,166.0,2732900,1441,162.8
JP3436500007,267290326,4597,JPY,2020-05-19,168.0,168.0,155.0,157.0,3998300,1735,161.1
JP3436500007,267290326,4597,JPY,2020-05-20,157.0,160.0,156.0,158.0,1349000,740,158.3
JP3436500007,267290326,4597,JPY,2020-05-21,159.0,165.0,157.0,162.0,2842600,1324,161.8
JP3436500007,267290326,4597,JPY,2020-05-22,162.0,174.0,161.0,166.0,7186000,2636,167.5
JP3436500007,267290326,4597,JPY,2020-05-25,169.0,177.0,166.0,172.0,4258400,1708,171.2
JP3436500007,267290326,4597,JPY,2020-05-26,173.0,177.0,164.0,167.0,4140300,1820,170.4
JP3436500007,267290326,4597,JPY,2020-05-27,167.0,168.0,163.0,165.0,1804700,1027,165.2
JP3436500007,267290326,4597,JPY,2020-05-28,163.0,165.0,160.0,162.0,1514100,765,162.1
JP3436500007,267290326,4597,JPY,2020-05-29,161.0,165.0,160.0,164.0,1184100,883,163.1
JP3436500007,267290326,4597,JPY,2020-06-01,167.0,174.0,165.0,174.0,3988600,1658,170.1
JP3436500007,267290326,4597,JPY,2020-06-02,175.0,176.0,169.0,172.0,2433100,1094,172.1
JP3436500007,267290326,4597,JPY,2020-06-03,173.0,173.0,167.0,169.0,1988000,1153,169.3
JP3436500007,267290326,4597,JPY,2020-06-04,169.0,171.0,166.0,167.0,1111100,827,168.4
JP3436500007,267290326,4597,JPY,2020-06-05,169.0,172.0,166.0,170.0,1588500,860,169.5
JP3436500007,267290326,4597,JPY,2020-06-08,171.0,175.0,168.0,175.0,2973500,1099,172.4
JP3436500007,267290326,4597,JPY,2020-06-09,175.0,204.0,173.0,189.0,23102500,7831,190.3
JP3436500007,267290326,4597,JPY,2020-06-10,187.0,191.0,183.0,184.0,5446500,2295,186.0
JP3436500007,267290326,4597,JPY,2020-06-11,183.0,193.0,177.0,177.0,6375000,2802,184.7
JP3436500007,267290326,4597,JPY,2020-06-12,166.0,172.0,165.0,168.0,4589500,2018,168.3
JP3436500007,267290326,4597,JPY,2020-06-15,171.0,172.0,160.0,162.0,4009100,1907,166.4
JP3436500007,267290326,4597,JPY,2020-06-16,212.0,234.0,212.0,212.0,5900,19,221.2
JP3436500007,267290326,4597,JPY,2020-06-17,270.0,285.0,202.0,207.0,47687700,16463,232.0
JP3436500007,267290326,4597,JPY,2020-06-18,204.0,206.0,191.0,204.0,12429000,5354,198.8
JP3436500007,267290326,4597,JPY,2020-06-19,204.0,225.0,203.0,220.0,17795200,8041,215.9
JP3436500007,267290326,4597,JPY,2020-06-22,220.0,228.0,217.0,217.0,7298300,3523,221.8
JP3436500007,267290326,4597,JPY,2020-06-23,214.0,221.0,213.0,220.0,5152900,3540,217.2
JP3436500007,267290326,4597,JPY,2020-06-24,219.0,226.0,216.0,221.0,3917300,2113,221.6
JP3436500007,267290326,4597,JPY,2020-06-25,217.0,224.0,217.0,222.0,2823400,1524,220.0
JP3436500007,267290326,4597,JPY,2020-06-26,221.0,223.0,211.0,212.0,3397600,2128,215.8
JP3436500007,267290326,4597,JPY,2020-06-29,212.0,218.0,211.0,215.0,2553900,2475,214.0
JP3436500007,267290326,4597,JPY,2020-06-30,217.0,217.0,207.0,212.0,2070800,2099,211.4
JP3436500007,267290326,4597,JPY,2020-07-01,214.0,214.0,200.0,202.0,2148700,2530,206.2
JP3436500007,267290326,4597,JPY,2020-07-02,198.0,226.0,186.0,200.0,13267000,7412,207.0
JP3436500007,267290326,4597,JPY,2020-07-03,199.0,209.0,198.0,209.0,3816800,2976,203.3
JP3436500007,267290326,4597,JPY,2020-07-06,212.0,215.0,204.0,207.0,2406100,1983,208.3
JP3436500007,267290326,4597,JPY,2020-07-07,212.0,219.0,207.0,208.0,3727200,2077,211.4
JP3436500007,267290326,4597,JPY,2020-07-08,210.0,225.0,208.0,224.0,5906900,2914,217.9
JP3436500007,267290326,4597,JPY,2020-07-09,222.0,222.0,214.0,216.0,4874800,2470,218.0
JP3436500007,267290326,4597,JPY,2020-07-10,216.0,223.0,215.0,216.0,3201300,2253,218.3
JP3436500007,267290326,4597,JPY,2020-07-13,215.0,220.0,210.0,220.0,2076300,1890,215.0
JP3436500007,267290326,4597,JPY,2020-07-14,218.0,222.0,215.0,216.0,2084200,1531,218.1
JP3436500007,267290326,4597,JPY,2020-07-15,216.0,218.0,212.0,212.0,1572500,1105,213.9
JP3436500007,267290326,4597,JPY,2020-07-16,219.0,221.0,211.0,211.0,2630100,1889,214.9
JP3436500007,267290326,4597,JPY,2020-07-17,211.0,213.0,200.0,202.0,3059600,2285,203.3
JP3436500007,267290326,4597,JPY,2020-07-20,203.0,206.0,199.0,203.0,1255300,1114,202.1
JP3436500007,267290326,4597,JPY,2020-07-21,204.0,210.0,203.0,205.0,1715300,1515,205.7
JP3436500007,267290326,4597,JPY,2020-07-22,207.0,207.0,201.0,205.0,1406000,1142,204.5
JP3436500007,267290326,4597,JPY,2020-07-27,202.0,203.0,200.0,202.0,1303600,1086,201.3
JP3436500007,267290326,4597,JPY,2020-07-28,201.0,205.0,197.0,199.0,1528800,1250,200.2
JP3436500007,267290326,4597,JPY,2020-07-29,196.0,197.0,188.0,191.0,2553600,1546,191.1
JP3436500007,267290326,4597,JPY,2020-07-30,190.0,197.0,189.0,196.0,1903600,1538,194.2
JP3436500007,267290326,4597,JPY,2020-07-31,193.0,197.0,186.0,187.0,2387600,2181,190.1
JP3436500007,267290326,4597,JPY,2020-08-03,189.0,198.0,188.0,197.0,2577400,1957,194.3
JP3436500007,267290326,4597,JPY,2020-08-04,198.0,198.0,194.0,197.0,1270400,1510,196.4
JP3436500007,267290326,4597,JPY,2020-08-05,197.0,204.0,195.0,204.0,1666100,1320,200.7
JP3436500007,267290326,4597,JPY,2020-08-06,204.0,204.0,194.0,195.0,1653100,1264,198.6
JP3436500007,267290326,4597,JPY,2020-08-07,196.0,202.0,195.0,200.0,1245500,1171,198.6
JP3436500007,267290326,4597,JPY,2020-08-11,201.0,202.0,198.0,202.0,918500,865,200.4
JP3436500007,267290326,4597,JPY,2020-08-12,200.0,204.0,199.0,203.0,1049500,1020,201.8
JP3436500007,267290326,4597,JPY,2020-08-13,199.0,201.0,196.0,201.0,1138200,1167,198.7
JP3436500007,267290326,4597,JPY,2020-08-14,197.0,197.0,189.0,190.0,3181700,3485,192.0
JP3436500007,267290326,4597,JPY,2020-08-17,186.0,188.0,177.0,180.0,3808500,3547,180.5
JP3436500007,267290326,4597,JPY,2020-08-18,179.0,187.0,177.0,184.0,1811400,1082,183.1
JP3436500007,267290326,4597,JPY,2020-08-19,183.0,189.0,182.0,188.0,1156200,714,186.9
JP3436500007,267290326,4597,JPY,2020-08-20,189.0,189.0,182.0,186.0,865500,478,185.5
JP3436500007,267290326,4597,JPY,2020-08-21,187.0,190.0,186.0,187.0,639000,476,188.2
JP3436500007,267290326,4597,JPY,2020-08-24,187.0,188.0,183.0,186.0,588300,485,184.8
JP3436500007,267290326,4597,JPY,2020-08-25,188.0,188.0,180.0,180.0,1418600,736,182.9
JP3436500007,267290326,4597,JPY,2020-08-26,183.0,187.0,181.0,187.0,1098900,610,184.1
JP3436500007,267290326,4597,JPY,2020-08-27,185.0,185.0,181.0,182.0,747300,506,182.6
JP3436500007,267290326,4597,JPY,2020-08-28,182.0,182.0,173.0,177.0,2088200,1184,178.3
JP3436500007,267290326,4597,JPY,2020-08-31,176.0,184.0,176.0,183.0,1106100,836,181.2
JP3436500007,267290326,4597,JPY,2020-09-01,180.0,184.0,180.0,184.0,664100,619,182.4
JP3436500007,267290326,4597,JPY,2020-09-02,182.0,183.0,178.0,180.0,1056200,691,180.1
JP3436500007,267290326,4597,JPY,2020-09-03,180.0,180.0,177.0,179.0,668400,655,178.3
JP3436500007,267290326,4597,JPY,2020-09-04,175.0,178.0,174.0,178.0,1136800,870,176.1
JP3436500007,267290326,4597,JPY,2020-09-07,175.0,177.0,174.0,176.0,916100,737,175.4
JP3436500007,267290326,4597,JPY,2020-09-08,175.0,179.0,172.0,178.0,1042800,872,175.5
JP3436500007,267290326,4597,JPY,2020-09-09,174.0,177.0,173.0,175.0,1137900,860,175.0
JP3436500007,267290326,4597,JPY,2020-09-10,176.0,177.0,173.0,173.0,622300,582,174.0
JP3436500007,267290326,4597,JPY,2020-09-11,174.0,174.0,171.0,173.0,870500,453,172.6
JP3436500007,267290326,4597,JPY,2020-09-14,174.0,175.0,172.0,174.0,769100,495,173.2
JP3436500007,267290326,4597,JPY,2020-09-15,174.0,175.0,172.0,175.0,637600,391,173.7
JP3436500007,267290326,4597,JPY,2020-09-16,174.0,180.0,174.0,178.0,1309400,719,177.0
JP3436500007,267290326,4597,JPY,2020-09-17,177.0,177.0,172.0,174.0,1643200,724,173.9
JP3436500007,267290326,4597,JPY,2020-09-18,174.0,174.0,171.0,171.0,1156200,759,172.3
JP3436500007,267290326,4597,JPY,2020-09-23,171.0,174.0,169.0,173.0,1043600,519,171.5
JP3436500007,267290326,4597,JPY,2020-09-24,172.0,173.0,168.0,169.0,1276700,772,170.1
JP3436500007,267290326,4597,JPY,2020-09-25,169.0,171.0,167.0,167.0,1028800,1025,168.6
JP3436500007,267290326,4597,JPY,2020-09-28,166.0,168.0,163.0,164.0,1494800,1032,165.2
JP3436500007,267290326,4597,JPY,2020-09-29,163.0,172.0,163.0,170.0,1280300,756,168.7
JP3436500007,267290326,4597,JPY,2020-09-30,170.0,174.0,167.0,168.0,1271100,982,170.4
JP3436500007,267290326,4597,JPY,2020-10-01,171.0,174.0,168.0,168.0,200,2,172.5
JP3436500007,267290326,4597,JPY,2020-10-02,168.0,170.0,161.0,162.0,2067000,1107,165.2
JP3436500007,267290326,4597,JPY,2020-10-05,166.0,170.0,162.0,165.0,2149300,949,165.1
JP3436500007,267290326,4597,JPY,2020-10-06,165.0,166.0,162.0,166.0,673200,372,164.1
JP3436500007,267290326,4597,JPY,2020-10-07,165.0,166.0,162.0,164.0,697100,474,163.9
JP3436500007,267290326,4597,JPY,2020-10-08,163.0,163.0,158.0,159.0,2163000,1011,160.3
JP3436500007,267290326,4597,JPY,2020-10-09,158.0,161.0,154.0,160.0,1770100,968,156.9
JP3436500007,267290326,4597,JPY,2020-10-12,160.0,162.0,158.0,161.0,751900,479,160.0
JP3436500007,267290326,4597,JPY,2020-10-13,160.0,160.0,155.0,158.0,1461500,821,157.0
JP3436500007,267290326,4597,JPY,2020-10-14,156.0,156.0,152.0,153.0,1287700,1028,153.7
JP3436500007,267290326,4597,JPY,2020-10-15,152.0,153.0,148.0,149.0,1580900,1189,149.8
JP3436500007,267290326,4597,JPY,2020-10-16,146.0,149.0,145.0,147.0,1243900,1221,146.7
JP3436500007,267290326,4597,JPY,2020-10-19,146.0,150.0,143.0,150.0,992500,893,146.5
JP3436500007,267290326,4597,JPY,2020-10-20,147.0,150.0,144.0,145.0,889900,654,146.3
JP3436500007,267290326,4597,JPY,2020-10-21,142.0,148.0,142.0,144.0,1231000,1019,144.7
JP3436500007,267290326,4597,JPY,2020-10-22,144.0,145.0,140.0,141.0,1143200,956,142.2
JP3436500007,267290326,4597,JPY,2020-10-23,142.0,144.0,137.0,143.0,1545300,1455,140.5
JP3436500007,267290326,4597,JPY,2020-10-26,143.0,145.0,141.0,144.0,1170600,1082,142.9
JP3436500007,267290326,4597,JPY,2020-10-27,141.0,145.0,137.0,141.0,1912500,1857,141.0
JP3436500007,267290326,4597,JPY,2020-10-28,140.0,149.0,134.0,136.0,7017500,3364,140.8
JP3436500007,267290326,4597,JPY,2020-10-29,132.0,137.0,131.0,135.0,1266400,1364,133.6
JP3436500007,267290326,4597,JPY,2020-10-30,133.0,136.0,131.0,132.0,1263200,1186,133.2
JP3436500007,267290326,4597,JPY,2020-11-02,135.0,151.0,134.0,142.0,5570500,3792,144.0
JP3436500007,267290326,4597,JPY,2020-11-04,145.0,147.0,141.0,143.0,2235400,1883,143.3
JP3436500007,267290326,4597,JPY,2020-11-05,142.0,144.0,139.0,141.0,985900,1094,141.4
JP3436500007,267290326,4597,JPY,2020-11-06,141.0,144.0,140.0,144.0,966000,870,142.5
JP3436500007,267290326,4597,JPY,2020-11-09,144.0,144.0,141.0,144.0,726500,543,142.8
JP3436500007,267290326,4597,JPY,2020-11-10,145.0,146.0,142.0,145.0,1069200,875,144.3
JP3436500007,267290326,4597,JPY,2020-11-11,146.0,149.0,144.0,148.0,1162700,1004,147.3
JP3436500007,267290326,4597,JPY,2020-11-12,149.0,149.0,142.0,143.0,1055800,926,145.7
JP3436500007,267290326,4597,JPY,2020-11-13,145.0,146.0,140.0,142.0,765300,828,142.4
JP3436500007,267290326,4597,JPY,2020-11-16,141.0,146.0,140.0,146.0,953700,1031,143.0
JP3436500007,267290326,4597,JPY,2020-11-17,146.0,146.0,140.0,140.0,811800,701,141.9
JP3436500007,267290326,4597,JPY,2020-11-18,140.0,144.0,140.0,141.0,752200,655,141.4
JP3436500007,267290326,4597,JPY,2020-11-19,140.0,141.0,138.0,140.0,803000,670,139.1
JP3436500007,267290326,4597,JPY,2020-11-20,139.0,140.0,138.0,139.0,342600,428,139.0
JP3436500007,267290326,4597,JPY,2020-11-24,140.0,146.0,140.0,144.0,894200,889,143.2
JP3436500007,267290326,4597,JPY,2020-11-25,146.0,146.0,142.0,143.0,782000,723,144.4
JP3436500007,267290326,4597,JPY,2020-11-26,141.0,148.0,141.0,146.0,810000,950,146.3
JP3436500007,267290326,4597,JPY,2020-11-27,147.0,149.0,144.0,146.0,831800,591,146.9
JP3436500007,267290326,4597,JPY,2020-11-30,149.0,150.0,147.0,148.0,694800,610,148.3
JP3436500007,267290326,4597,JPY,2020-12-01,147.0,149.0,146.0,147.0,789700,705,147.3
JP3436500007,267290326,4597,JPY,2020-12-02,148.0,157.0,147.0,156.0,2624700,1917,152.2
JP3436500007,267290326,4597,JPY,2020-12-03,154.0,155.0,150.0,153.0,1370100,920,151.7
JP3436500007,267290326,4597,JPY,2020-12-04,152.0,155.0,149.0,153.0,1263300,894,151.8
JP3436500007,267290326,4597,JPY,2020-12-07,155.0,155.0,148.0,148.0,1043500,804,150.5
JP3436500007,267290326,4597,JPY,2020-12-08,148.0,149.0,145.0,147.0,1052100,825,147.3
JP3436500007,267290326,4597,JPY,2020-12-09,147.0,149.0,144.0,145.0,809600,678,146.1
JP3436500007,267290326,4597,JPY,2020-12-10,145.0,152.0,143.0,152.0,2287200,1528,147.3
JP3436500007,267290326,4597,JPY,2020-12-11,153.0,153.0,147.0,149.0,833900,620,150.4
JP3436500007,267290326,4597,JPY,2020-12-14,150.0,150.0,147.0,150.0,633200,606,148.6
JP3436500007,267290326,4597,JPY,2020-12-15,148.0,151.0,147.0,147.0,798800,635,148.6
JP3436500007,267290326,4597,JPY,2020-12-16,133.0,135.0,123.0,123.0,5689100,2258,127.6
JP3436500007,267290326,4597,JPY,2020-12-17,123.0,125.0,122.0,123.0,1295600,736,123.4
JP3436500007,267290326,4597,JPY,2020-12-18,122.0,123.0,118.0,119.0,1843500,1213,119.5
JP3436500007,267290326,4597,JPY,2020-12-21,119.0,121.0,118.0,119.0,1127400,681,119.4
JP3436500007,267290326,4597,JPY,2020-12-22,118.0,118.0,111.0,114.0,2866700,2483,114.3
JP3436500007,267290326,4597,JPY,2020-12-23,113.0,116.0,112.0,114.0,1156100,837,114.3
JP3436500007,267290326,4597,JPY,2020-12-24,115.0,121.0,114.0,120.0,2049200,1099,116.6
JP3436500007,267290326,4597,JPY,2020-12-25,119.0,120.0,117.0,118.0,817300,507,118.3
JP3436500007,267290326,4597,JPY,2020-12-28,118.0,118.0,114.0,115.0,1579100,1153,115.3
JP3436500007,267290326,4597,JPY,2020-12-29,115.0,119.0,115.0,119.0,688800,628,117.2
JP3436500007,267290326,4597,JPY,2020-12-30,118.0,121.0,116.0,116.0,1523200,1061,118.5
JP3436500007,267290326,4597,JPY,2021-01-04,118.0,118.0,115.0,118.0,710000,612,116.3
JP3436500007,267290326,4597,JPY,2021-01-05,117.0,122.0,115.0,116.0,2385800,1661,117.3
JP3436500007,267290326,4597,JPY,2021-01-06,117.0,122.0,116.0,120.0,1407900,977,119.4
JP3436500007,267290326,4597,JPY,2021-01-07,120.0,124.0,119.0,121.0,840500,690,121.7
JP3436500007,267290326,4597,JPY,2021-01-08,121.0,124.0,121.0,122.0,774100,637,122.3
JP3436500007,267290326,4597,JPY,2021-01-12,122.0,124.0,121.0,123.0,497500,376,122.8
JP3436500007,267290326,4597,JPY,2021-01-13,124.0,127.0,123.0,125.0,1063600,718,125.2
JP3436500007,267290326,4597,JPY,2021-01-14,127.0,128.0,123.0,123.0,1319000,697,124.6
JP3436500007,267290326,4597,JPY,2021-01-15,125.0,128.0,123.0,126.0,1368500,720,125.6
JP3436500007,267290326,4597,JPY,2021-01-18,127.0,129.0,125.0,128.0,742100,727,127.4
JP3436500007,267290326,4597,JPY,2021-01-19,128.0,132.0,127.0,129.0,1347500,734,129.9
JP3436500007,267290326,4597,JPY,2021-01-20,130.0,131.0,127.0,128.0,1009500,658,128.6
JP3436500007,267290326,4597,JPY,2021-01-21,130.0,132.0,128.0,131.0,609000,550,129.8
JP3436500007,267290326,4597,JPY,2021-01-22,130.0,133.0,128.0,131.0,831100,536,130.5
JP3436500007,267290326,4597,JPY,2021-01-25,137.0,140.0,132.0,134.0,4461100,1828,136.4
JP3436500007,267290326,4597,JPY,2021-01-26,135.0,137.0,134.0,136.0,1054700,560,135.3
JP3436500007,267290326,4597,JPY,2021-01-27,136.0,147.0,136.0,146.0,4878800,2195,143.0
JP3436500007,267290326,4597,JPY,2021-01-28,142.0,148.0,140.0,142.0,3867100,1825,143.1
JP3436500007,267290326,4597,JPY,2021-01-29,145.0,153.0,140.0,143.0,7004100,5108,146.4
JP3436500007,267290326,4597,JPY,2021-02-01,142.0,146.0,142.0,143.0,1878300,1190,143.5
JP3436500007,267290326,4597,JPY,2021-02-02,143.0,144.0,141.0,143.0,1647200,1008,142.4
JP3436500007,267290326,4597,JPY,2021-02-03,143.0,148.0,142.0,146.0,2265500,1108,145.8
JP3436500007,267290326,4597,JPY,2021-02-04,145.0,147.0,143.0,145.0,1468800,797,144.8
JP3436500007,267290326,4597,JPY,2021-02-05,145.0,150.0,143.0,149.0,2282100,848,147.0
JP3436500007,267290326,4597,JPY,2021-02-08,151.0,154.0,149.0,152.0,3104700,1361,151.5
JP3436500007,267290326,4597,JPY,2021-02-09,152.0,153.0,145.0,147.0,3666100,1712,148.5
JP3436500007,267290326,4597,JPY,2021-02-10,145.0,150.0,143.0,147.0,1795300,977,146.9
JP3436500007,267290326,4597,JPY,2021-02-12,144.0,147.0,144.0,147.0,1150000,851,145.3
JP3436500007,267290326,4597,JPY,2021-02-15,150.0,152.0,145.0,152.0,2754300,993,148.9
JP3436500007,267290326,4597,JPY,2021-02-16,151.0,153.0,149.0,149.0,1576100,802,150.4
JP3436500007,267290326,4597,JPY,2021-02-17,151.0,153.0,148.0,153.0,1765100,687,150.7
JP3436500007,267290326,4597,JPY,2021-02-18,153.0,159.0,153.0,158.0,3672400,2586,155.8
JP3436500007,267290326,4597,JPY,2021-02-19,159.0,167.0,158.0,161.0,4320600,2190,161.0
JP3436500007,267290326,4597,JPY,2021-02-22,163.0,167.0,157.0,167.0,3426500,1509,162.6
JP3436500007,267290326,4597,JPY,2021-02-24,167.0,176.0,164.0,168.0,7407200,4538,170.4
JP3436500007,267290326,4597,JPY,2021-02-25,170.0,175.0,168.0,171.0,4504300,2785,171.5
JP3436500007,267290326,4597,JPY,2021-02-26,169.0,182.0,165.0,181.0,5766800,2993,173.0
JP3436500007,267290326,4597,JPY,2021-03-01,177.0,181.0,165.0,166.0,8506200,4501,171.7
JP3436500007,267290326,4597,JPY,2021-03-02,166.0,170.0,149.0,151.0,8418900,3918,156.9
JP3436500007,267290326,4597,JPY,2021-03-03,151.0,157.0,149.0,153.0,3634500,1658,153.7
JP3436500007,267290326,4597,JPY,2021-03-04,152.0,161.0,140.0,148.0,5305900,2310,145.4
JP3436500007,267290326,4597,JPY,2021-03-05,146.0,152.0,144.0,149.0,2646400,1584,148.0
JP3436500007,267290326,4597,JPY,2021-03-08,151.0,153.0,143.0,145.0,2652300,1112,147.3
JP3436500007,267290326,4597,JPY,2021-03-09,146.0,149.0,143.0,147.0,1511900,854,146.2
JP3436500007,267290326,4597,JPY,2021-03-10,149.0,156.0,148.0,153.0,3018400,1495,152.9
JP3436500007,267290326,4597,JPY,2021-03-11,151.0,152.0,146.0,150.0,2472800,1350,149.2
JP3436500007,267290326,4597,JPY,2021-03-12,151.0,155.0,150.0,153.0,2511100,1242,152.9
JP3436500007,267290326,4597,JPY,2021-03-15,153.0,158.0,152.0,158.0,1838800,962,155.1
JP3436500007,267290326,4597,JPY,2021-03-16,157.0,164.0,155.0,163.0,2266800,1182,159.2
JP3436500007,267290326,4597,JPY,2021-03-17,163.0,169.0,161.0,167.0,2883300,1490,165.5
JP3436500007,267290326,4597,JPY,2021-03-18,167.0,170.0,166.0,170.0,2247100,1255,168.0
JP3436500007,267290326,4597,JPY,2021-03-19,168.0,169.0,164.0,167.0,2158400,1144,167.3
JP3436500007,267290326,4597,JPY,2021-03-22,174.0,176.0,164.0,166.0,9029800,3264,169.3
JP3436500007,267290326,4597,JPY,2021-03-23,161.0,165.0,158.0,164.0,5223100,1880,161.4
JP3436500007,267290326,4597,JPY,2021-03-24,161.0,162.0,150.0,152.0,4792600,2502,154.5
JP3436500007,267290326,4597,JPY,2021-03-25,150.0,155.0,149.0,152.0,1937400,1229,151.9
JP3436500007,267290326,4597,JPY,2021-03-26,153.0,161.0,152.0,161.0,2476800,1079,157.7
JP3436500007,267290326,4597,JPY,2021-03-29,157.0,160.0,151.0,152.0,2500000,1249,155.6
JP3436500007,267290326,4597,JPY,2021-03-30,153.0,158.0,151.0,157.0,1687300,936,155.6
JP3436500007,267290326,4597,JPY,2021-03-31,156.0,159.0,154.0,158.0,1692500,906,157.2
JP3436500007,267290326,4597,JPY,2021-04-01,158.0,161.0,155.0,158.0,1617900,998,158.4
JP3436500007,267290326,4597,JPY,2021-04-02,160.0,160.0,157.0,158.0,970300,670,158.2
JP3436500007,267290326,4597,JPY,2021-04-05,158.0,158.0,154.0,154.0,1121600,766,155.5
JP3436500007,267290326,4597,JPY,2021-04-06,157.0,157.0,153.0,153.0,1247200,724,154.8
JP3436500007,267290326,4597,JPY,2021-04-07,154.0,156.0,152.0,156.0,1076700,633,154.1
JP3436500007,267290326,4597,JPY,2021-04-08,154.0,155.0,149.0,152.0,2198100,882,151.1
JP3436500007,267290326,4597,JPY,2021-04-09,152.0,153.0,150.0,151.0,828800,597,151.9
JP3436500007,267290326,4597,JPY,2021-04-12,151.0,151.0,147.0,149.0,1260600,578,148.5
JP3436500007,267290326,4597,JPY,2021-04-13,148.0,149.0,147.0,147.0,506800,313,147.9
JP3436500007,267290326,4597,JPY,2021-04-14,147.0,148.0,144.0,146.0,1174500,531,145.7
JP3436500007,267290326,4597,JPY,2021-04-15,145.0,150.0,145.0,149.0,1124100,867,147.2
JP3436500007,267290326,4597,JPY,2021-04-16,148.0,150.0,147.0,148.0,969600,557,148.5
JP3436500007,267290326,4597,JPY,2021-04-19,149.0,150.0,145.0,145.0,1333100,673,146.3
JP3436500007,267290326,4597,JPY,2021-04-20,145.0,147.0,143.0,143.0,1103400,902,144.4
JP3436500007,267290326,4597,JPY,2021-04-21,142.0,143.0,138.0,138.0,1167900,645,140.2
JP3436500007,267290326,4597,JPY,2021-04-22,140.0,144.0,139.0,142.0,925200,765,141.6
JP3436500007,267290326,4597,JPY,2021-04-23,139.0,144.0,138.0,142.0,1549800,1156,140.9
JP3436500007,267290326,4597,JPY,2021-04-26,140.0,143.0,138.0,141.0,781500,896,140.6
JP3436500007,267290326,4597,JPY,2021-04-27,142.0,145.0,140.0,143.0,977600,1017,142.4
JP3436500007,267290326,4597,JPY,2021-04-28,142.0,142.0,139.0,141.0,1002600,514,140.7
JP3436500007,267290326,4597,JPY,2021-04-30,139.0,141.0,139.0,139.0,520400,432,139.9
JP3436500007,267290326,4597,JPY,2021-05-06,139.0,141.0,138.0,140.0,645000,410,139.4
JP3436500007,267290326,4597,JPY,2021-05-07,140.0,143.0,138.0,139.0,1074200,531,140.1
JP3436500007,267290326,4597,JPY,2021-05-10,140.0,141.0,138.0,139.0,826500,576,139.3
JP3436500007,267290326,4597,JPY,2021-05-11,139.0,140.0,137.0,139.0,1356800,849,138.1
JP3436500007,267290326,4597,JPY,2021-05-12,139.0,140.0,131.0,134.0,2657000,2068,134.9
JP3436500007,267290326,4597,JPY,2021-05-13,127.0,135.0,125.0,133.0,1958300,1407,129.8
JP3436500007,267290326,4597,JPY,2021-05-14,133.0,135.0,131.0,133.0,1042400,751,132.9
JP3436500007,267290326,4597,JPY,2021-05-17,134.0,135.0,128.0,129.0,1319700,991,130.7
JP3436500007,267290326,4597,JPY,2021-05-18,128.0,135.0,128.0,135.0,877600,631,132.2
JP3436500007,267290326,4597,JPY,2021-05-19,135.0,141.0,134.0,137.0,1115400,710,138.6
JP3436500007,267290326,4597,JPY,2021-05-20,137.0,139.0,135.0,137.0,675500,515,137.3
JP3436500007,267290326,4597,JPY,2021-05-21,138.0,141.0,137.0,141.0,791200,509,139.5
JP3436500007,267290326,4597,JPY,2021-05-24,140.0,140.0,134.0,137.0,980000,730,136.4
JP3436500007,267290326,4597,JPY,2021-05-25,138.0,140.0,137.0,138.0,617600,481,138.6
JP3436500007,267290326,4597,JPY,2021-05-26,139.0,142.0,138.0,142.0,662100,414,140.4
JP3436500007,267290326,4597,JPY,2021-05-27,141.0,143.0,140.0,141.0,478900,379,141.0
JP3436500007,267290326,4597,JPY,2021-05-28,143.0,143.0,140.0,143.0,745100,577,141.4
JP3436500007,267290326,4597,JPY,2021-05-31,144.0,147.0,141.0,141.0,1046500,718,143.8
JP3436500007,267290326,4597,JPY,2021-06-01,147.0,155.0,141.0,142.0,16379300,4718,148.8
JP3436500007,267290326,4597,JPY,2021-06-02,144.0,145.0,138.0,140.0,2454000,1330,141.0
JP3436500007,267290326,4597,JPY,2021-06-03,142.0,153.0,141.0,150.0,4136500,2445,146.9
JP3436500007,267290326,4597,JPY,2021-06-04,148.0,150.0,143.0,146.0,2062800,1322,146.8
JP3436500007,267290326,4597,JPY,2021-06-07,148.0,152.0,147.0,150.0,1453900,884,150.2
JP3436500007,267290326,4597,JPY,2021-06-08,153.0,157.0,153.0,157.0,2706900,1094,155.2
JP3436500007,267290326,4597,JPY,2021-06-09,155.0,163.0,155.0,159.0,2971000,1086,159.0
JP3436500007,267290326,4597,JPY,2021-06-10,160.0,160.0,156.0,157.0,1004100,655,157.6
JP3436500007,267290326,4597,JPY,2021-06-11,159.0,159.0,155.0,157.0,933100,523,157.4
JP3436500007,267290326,4597,JPY,2021-06-14,159.0,159.0,156.0,159.0,635000,473,157.6
JP3436500007,267290326,4597,JPY,2021-06-15,159.0,163.0,157.0,162.0,1414000,808,160.0
JP3436500007,267290326,4597,JPY,2021-06-16,160.0,161.0,157.0,160.0,1211000,580,159.3
JP3436500007,267290326,4597,JPY,2021-06-17,158.0,162.0,156.0,161.0,1369700,723,159.7
JP3436500007,267290326,4597,JPY,2021-06-18,160.0,162.0,158.0,159.0,561900,376,159.5
JP3436500007,267290326,4597,JPY,2021-06-21,157.0,159.0,154.0,156.0,926200,596,156.6
JP3436500007,267290326,4597,JPY,2021-06-22,158.0,162.0,158.0,160.0,1286200,980,159.8
JP3436500007,267290326,4597,JPY,2021-06-23,159.0,162.0,158.0,158.0,736500,560,159.7
JP3436500007,267290326,4597,JPY,2021-06-24,159.0,160.0,156.0,156.0,863800,403,157.8
JP3436500007,267290326,4597,JPY,2021-06-25,156.0,158.0,155.0,156.0,510700,393,156.8
JP3436500007,267290326,4597,JPY,2021-06-28,157.0,160.0,155.0,159.0,797300,580,158.2
JP3436500007,267290326,4597,JPY,2021-06-29,160.0,167.0,158.0,160.0,2713700,1679,161.8
JP3436500007,267290326,4597,JPY,2021-06-30,159.0,160.0,156.0,158.0,1235700,806,158.1
JP3436500007,267290326,4597,JPY,2021-07-01,163.0,163.0,150.0,152.0,4407700,1879,154.5
JP3436500007,267290326,4597,JPY,2021-07-02,152.0,166.0,151.0,160.0,5882800,2945,159.7
JP3436500007,267290326,4597,JPY,2021-07-05,157.0,158.0,155.0,156.0,1521000,584,156.5
JP3436500007,267290326,4597,JPY,2021-07-06,156.0,158.0,153.0,158.0,1249000,638,156.0
JP3436500007,267290326,4597,JPY,2021-07-07,156.0,161.0,155.0,157.0,1359600,878,157.7
JP3436500007,267290326,4597,JPY,2021-07-08,155.0,156.0,150.0,151.0,2298100,973,152.5
JP3436500007,267290326,4597,JPY,2021-07-09,150.0,152.0,148.0,151.0,1217100,817,150.2
JP3436500007,267290326,4597,JPY,2021-07-12,152.0,153.0,150.0,150.0,557600,495,151.5
JP3436500007,267290326,4597,JPY,2021-07-13,152.0,152.0,146.0,146.0,1136200,610,148.7
JP3436500007,267290326,4597,JPY,2021-07-14,147.0,149.0,145.0,145.0,1296500,502,147.0
JP3436500007,267290326,4597,JPY,2021-07-15,147.0,152.0,141.0,151.0,2724800,1901,147.6
JP3436500007,267290326,4597,JPY,2021-07-16,148.0,150.0,144.0,144.0,1272700,591,147.1
JP3436500007,267290326,4597,JPY,2021-07-19,143.0,144.0,139.0,141.0,1294300,675,141.3
JP3436500007,267290326,4597,JPY,2021-07-20,139.0,145.0,138.0,142.0,883700,621,142.1
JP3436500007,267290326,4597,JPY,2021-07-21,142.0,145.0,141.0,141.0,716900,538,142.8
JP3436500007,267290326,4597,JPY,2021-07-26,143.0,148.0,142.0,147.0,889900,525,144.9
JP3436500007,267290326,4597,JPY,2021-07-27,147.0,147.0,142.0,142.0,794400,818,144.1
JP3436500007,267290326,4597,JPY,2021-07-28,141.0,142.0,136.0,136.0,1331600,629,138.2
JP3436500007,267290326,4597,JPY,2021-07-29,136.0,137.0,135.0,135.0,670800,558,136.1
JP3436500007,267290326,4597,JPY,2021-07-30,137.0,137.0,131.0,133.0,1721400,984,132.5
JP3436500007,267290326,4597,JPY,2021-08-02,133.0,134.0,130.0,134.0,979000,566,132.4
JP3436500007,267290326,4597,JPY,2021-08-03,132.0,135.0,130.0,133.0,1521800,1204,132.6
JP3436500007,267290326,4597,JPY,2021-08-04,131.0,131.0,127.0,129.0,2280700,1418,129.0
JP3436500007,267290326,4597,JPY,2021-08-05,129.0,131.0,126.0,129.0,1885600,1109,127.9
JP3436500007,267290326,4597,JPY,2021-08-06,130.0,131.0,126.0,127.0,1513500,964,128.3
JP3436500007,267290326,4597,JPY,2021-08-10,126.0,135.0,126.0,134.0,2056200,965,131.7
JP3436500007,267290326,4597,JPY,2021-08-11,134.0,136.0,130.0,136.0,1500000,1800,134.1
JP3436500007,267290326,4597,JPY,2021-08-12,137.0,138.0,131.0,137.0,1175800,1155,133.7
JP3436500007,267290326,4597,JPY,2021-08-13,138.0,138.0,133.0,134.0,1011700,728,134.6
JP3436500007,267290326,4597,JPY,2021-08-16,134.0,135.0,128.0,131.0,1483900,836,130.1
JP3436500007,267290326,4597,JPY,2021-08-17,132.0,133.0,127.0,129.0,1381600,1041,129.1
JP3436500007,267290326,4597,JPY,2021-08-18,128.0,132.0,126.0,130.0,1797100,919,129.5
JP3436500007,267290326,4597,JPY,2021-08-19,131.0,135.0,130.0,130.0,1513400,876,132.4
JP3436500007,267290326,4597,JPY,2021-08-20,129.0,133.0,128.0,130.0,1073800,694,129.6
JP3436500007,267290326,4597,JPY,2021-08-23,129.0,132.0,128.0,130.0,1247600,750,130.2
JP3436500007,267290326,4597,JPY,2021-08-24,130.0,132.0,129.0,130.0,605300,374,130.7
JP3436500007,267290326,4597,JPY,2021-08-25,132.0,132.0,129.0,129.0,743900,594,130.3
JP3436500007,267290326,4597,JPY,2021-08-26,130.0,132.0,130.0,131.0,521200,415,130.9
JP3436500007,267290326,4597,JPY,2021-08-27,131.0,131.0,129.0,130.0,583400,474,130.4
JP3436500007,267290326,4597,JPY,2021-08-30,130.0,133.0,130.0,133.0,853900,549,131.9
JP3436500007,267290326,4597,JPY,2021-08-31,133.0,134.0,131.0,132.0,714700,708,132.1
JP3436500007,267290326,4597,JPY,2021-09-01,130.0,134.0,129.0,133.0,1447400,701,131.6
JP3436500007,267290326,4597,JPY,2021-09-02,132.0,134.0,132.0,133.0,674900,560,132.7
JP3436500007,267290326,4597,JPY,2021-09-03,134.0,134.0,130.0,131.0,1166800,571,131.8
JP3436500007,267290326,4597,JPY,2021-09-06,132.0,132.0,129.0,129.0,1586900,1035,130.2
JP3436500007,267290326,4597,JPY,2021-09-07,130.0,133.0,129.0,131.0,1134700,898,131.1
JP3436500007,267290326,4597,JPY,2021-09-08,131.0,132.0,128.0,130.0,1090400,553,130.0
JP3436500007,267290326,4597,JPY,2021-09-09,128.0,131.0,128.0,130.0,903700,385,129.3
JP3436500007,267290326,4597,JPY,2021-09-10,128.0,131.0,128.0,131.0,651500,422,130.0
JP3436500007,267290326,4597,JPY,2021-09-13,131.0,131.0,129.0,129.0,773100,520,130.0
JP3436500007,267290326,4597,JPY,2021-09-14,130.0,131.0,129.0,131.0,805900,493,129.8
JP3436500007,267290326,4597,JPY,2021-09-15,131.0,131.0,127.0,128.0,1291100,721,128.7
JP3436500007,267290326,4597,JPY,2021-09-16,129.0,130.0,122.0,122.0,3279000,1775,124.8
JP3436500007,267290326,4597,JPY,2021-09-17,123.0,128.0,122.0,126.0,2234200,1007,124.7
JP3436500007,267290326,4597,JPY,2021-09-21,125.0,125.0,122.0,122.0,2373100,1351,123.3
JP3436500007,267290326,4597,JPY,2021-09-22,123.0,123.0,117.0,117.0,3416500,1448,118.5
JP3436500007,267290326,4597,JPY,2021-09-23,118.0,118.0,118.0,118.0,0,0,118.0
JP3436500007,267290326,4597,JPY,2021-09-24,118.0,125.0,118.0,125.0,1950700,1001,121.8
JP3436500007,267290326,4597,JPY,2021-09-27,126.0,126.0,122.0,124.0,1122800,759,124.1
JP3436500007,267290326,4597,JPY,2021-09-28,123.0,124.0,121.0,121.0,721800,374,122.4
JP3436500007,267290326,4597,JPY,2021-09-29,121.0,125.0,117.0,123.0,1690900,1350,122.7
JP3436500007,267290326,4597,JPY,2021-09-30,123.0,124.0,118.0,122.0,1400000,674,120.6
JP3436500007,267290326,4597,JPY,2021-10-01,120.0,124.0,118.0,120.0,1121900,592,120.0
JP3436500007,267290326,4597,JPY,2021-10-04,121.0,123.0,116.0,119.0,1913400,820,119.0
JP3436500007,267290326,4597,JPY,2021-10-05,118.0,119.0,113.0,115.0,3085900,1699,115.3
JP3436500007,267290326,4597,JPY,2021-10-06,116.0,118.0,111.0,115.0,2811300,1964,114.3
JP3436500007,267290326,4597,JPY,2021-10-07,114.0,117.0,112.0,116.0,885000,530,115.4
JP3436500007,267290326,4597,JPY,2021-10-08,114.0,120.0,113.0,119.0,1071500,626,117.9
JP3436500007,267290326,4597,JPY,2021-10-11,119.0,124.0,118.0,124.0,1010100,536,121.9
JP3436500007,267290326,4597,JPY,2021-10-12,123.0,123.0,118.0,118.0,1046200,406,120.2
JP3436500007,267290326,4597,JPY,2021-10-13,120.0,121.0,118.0,118.0,669000,366,119.2
JP3436500007,267290326,4597,JPY,2021-10-14,117.0,121.0,116.0,118.0,1139000,453,118.7
JP3436500007,267290326,4597,JPY,2021-10-15,117.0,121.0,117.0,121.0,955400,558,119.8
JP3436500007,267290326,4597,JPY,2021-10-18,120.0,121.0,116.0,117.0,1089500,571,117.9
JP3436500007,267290326,4597,JPY,2021-10-19,117.0,118.0,116.0,117.0,739500,352,117.0
JP3436500007,267290326,4597,JPY,2021-10-20,117.0,118.0,116.0,117.0,572200,351,116.8
JP3436500007,267290326,4597,JPY,2021-10-21,116.0,116.0,111.0,112.0,2422200,1001,113.3
JP3436500007,267290326,4597,JPY,2021-10-22,113.0,113.0,110.0,111.0,1628400,647,111.4
JP3436500007,267290326,4597,JPY,2021-10-25,112.0,112.0,105.0,108.0,2108400,757,107.3
JP3436500007,267290326,4597,JPY,2021-10-26,108.0,113.0,107.0,111.0,1100200,702,110.6
JP3436500007,267290326,4597,JPY,2021-10-27,126.0,142.0,113.0,114.0,6917100,4090,117.9
JP3436500007,267290326,4597,JPY,2021-10-28,115.0,116.0,111.0,111.0,1489400,919,112.1
JP3436500007,267290326,4597,JPY,2021-10-29,111.0,115.0,110.0,115.0,1317100,681,113.2
JP3436500007,267290326,4597,JPY,2021-11-01,115.0,117.0,114.0,114.0,1136800,761,115.7
JP3436500007,267290326,4597,JPY,2021-11-02,114.0,118.0,114.0,115.0,1244800,671,115.8
JP3436500007,267290326,4597,JPY,2021-11-04,114.0,116.0,110.0,112.0,1455800,750,112.6
JP3436500007,267290326,4597,JPY,2021-11-05,114.0,114.0,110.0,113.0,1239100,813,111.5
JP3436500007,267290326,4597,JPY,2021-11-08,113.0,114.0,110.0,110.0,851000,566,111.2
JP3436500007,267290326,4597,JPY,2021-11-09,110.0,111.0,104.0,104.0,2548900,1012,107.2
JP3436500007,267290326,4597,JPY,2021-11-10,104.0,107.0,104.0,105.0,1772200,1243,105.2
JP3436500007,267290326,4597,JPY,2021-11-11,96.0,107.0,95.0,106.0,2520500,1157,102.5
JP3436500007,267290326,4597,JPY,2021-11-12,106.0,109.0,104.0,107.0,963800,476,107.7
JP3436500007,267290326,4597,JPY,2021-11-15,109.0,123.0,109.0,113.0,1281100,1118,111.2
JP3436500007,267290326,4597,JPY,2021-11-16,112.0,114.0,110.0,113.0,625300,408,111.9
JP3436500007,267290326,4597,JPY,2021-11-17,112.0,113.0,109.0,111.0,781600,504,111.1
JP3436500007,267290326,4597,JPY,2021-11-18,109.0,111.0,108.0,108.0,799000,378,109.0
JP3436500007,267290326,4597,JPY,2021-11-19,107.0,109.0,105.0,107.0,971100,655,106.3
JP3436500007,267290326,4597,JPY,2021-11-22,103.0,110.0,103.0,110.0,626900,333,108.7
JP3436500007,267290326,4597,JPY,2021-11-24,110.0,112.0,109.0,110.0,587300,311,109.9
JP3436500007,267290326,4597,JPY,2021-11-25,120.0,132.0,106.0,108.0,1871700,1426,108.9
JP3436500007,267290326,4597,JPY,2021-11-26,107.0,109.0,104.0,106.0,1155200,707,105.7
JP3436500007,267290326,4597,JPY,2021-11-29,105.0,109.0,101.0,104.0,1449700,996,105.4
JP3436500007,267290326,4597,JPY,2021-11-30,106.0,109.0,104.0,105.0,1365400,769,106.7
JP3436500007,267290326,4597,JPY,2021-12-01,105.0,107.0,101.0,105.0,1947800,785,103.4
JP3436500007,267290326,4597,JPY,2021-12-02,104.0,106.0,101.0,102.0,1409900,731,102.6
JP3436500007,267290326,4597,JPY,2021-12-03,103.0,105.0,101.0,105.0,1379000,868,103.6
JP3436500007,267290326,4597,JPY,2021-12-06,105.0,105.0,101.0,102.0,1197400,792,102.4
JP3436500007,267290326,4597,JPY,2021-12-07,103.0,105.0,101.0,103.0,1743500,997,102.9
JP3436500007,267290326,4597,JPY,2021-12-08,103.0,106.0,103.0,105.0,1113600,739,104.5
JP3436500007,267290326,4597,JPY,2021-12-09,105.0,107.0,104.0,106.0,422000,347,105.4
JP3436500007,267290326,4597,JPY,2021-12-10,104.0,106.0,102.0,102.0,962100,736,104.1
JP3436500007,267290326,4597,JPY,2021-12-13,102.0,104.0,100.0,100.0,1231700,618,101.5
JP3436500007,267290326,4597,JPY,2021-12-14,101.0,102.0,99.0,101.0,1398300,763,100.5
JP3436500007,267290326,4597,JPY,2021-12-15,101.0,102.0,99.0,100.0,1593100,1226,100.2
JP3436500007,267290326,4597,JPY,2021-12-16,100.0,102.0,99.0,99.0,942500,547,100.2
JP3436500007,267290326,4597,JPY,2021-12-17,101.0,101.0,98.0,100.0,1629800,889,99.5
JP3436500007,267290326,4597,JPY,2021-12-20,101.0,101.0,97.0,97.0,1647700,923,98.3
JP3436500007,267290326,4597,JPY,2021-12-21,98.0,107.0,98.0,106.0,3182500,1567,104.0
JP3436500007,267290326,4597,JPY,2021-12-22,105.0,109.0,102.0,108.0,1527600,1345,106.8
JP3436500007,267290326,4597,JPY,2021-12-23,107.0,108.0,106.0,107.0,1192000,684,107.0
JP3436500007,267290326,4597,JPY,2021-12-24,107.0,112.0,106.0,112.0,1495000,792,109.2
JP3436500007,267290326,4597,JPY,2021-12-27,112.0,113.0,104.0,105.0,1649600,861,107.0
JP3436500007,267290326,4597,JPY,2021-12-28,105.0,109.0,105.0,107.0,1018600,873,107.3
JP3436500007,267290326,4597,JPY,2021-12-29,104.0,112.0,104.0,109.0,926700,560,109.5
JP3436500007,267290326,4597,JPY,2021-12-30,110.0,110.0,106.0,107.0,788400,493,107.6
JP3436500007,267290326,4597,JPY,2022-01-04,108.0,108.0,105.0,106.0,770000,610,106.4
JP3436500007,267290326,4597,JPY,2022-01-05,106.0,106.0,102.0,103.0,1201900,587,103.5
JP3436500007,267290326,4597,JPY,2022-01-06,103.0,106.0,101.0,101.0,1031700,536,101.9
JP3436500007,267290326,4597,JPY,2022-01-07,102.0,103.0,98.0,101.0,1883100,994,100.3
JP3436500007,267290326,4597,JPY,2022-01-10,102.0,102.0,100.0,100.0,2000,12,100.4
JP3436500007,267290326,4597,JPY,2022-01-11,102.0,105.0,101.0,105.0,1068200,725,103.2
JP3436500007,267290326,4597,JPY,2022-01-12,105.0,107.0,103.0,105.0,703800,628,105.2
JP3436500007,267290326,4597,JPY,2022-01-13,105.0,105.0,103.0,104.0,748600,483,104.1
JP3436500007,267290326,4597,JPY,2022-01-14,104.0,105.0,100.0,104.0,911900,480,102.1
JP3436500007,267290326,4597,JPY,2022-01-17,105.0,106.0,102.0,102.0,746400,448,103.3
JP3436500007,267290326,4597,JPY,2022-01-18,101.0,104.0,100.0,101.0,1434200,1434,102.1
JP3436500007,267290326,4597,JPY,2022-01-19,101.0,103.0,100.0,102.0,1795400,1848,101.1
JP3436500007,267290326,4597,JPY,2022-01-20,102.0,103.0,99.0,100.0,1474900,759,101.0
JP3436500007,267290326,4597,JPY,2022-01-21,100.0,103.0,100.0,103.0,887800,356,101.0
JP3436500007,267290326,4597,JPY,2022-01-24,102.0,103.0,100.0,103.0,636600,329,101.7
JP3436500007,267290326,4597,JPY,2022-01-25,103.0,103.0,98.0,99.0,2334700,1327,100.0
JP3436500007,267290326,4597,JPY,2022-01-26,99.0,103.0,99.0,101.0,1540100,1034,100.8
JP3436500007,267290326,4597,JPY,2022-01-27,101.0,103.0,98.0,98.0,1650700,1374,99.7
JP3436500007,267290326,4597,JPY,2022-01-28,100.0,100.0,96.0,98.0,1535700,839,97.9
JP3436500007,267290326,4597,JPY,2022-01-31,98.0,100.0,97.0,100.0,936600,475,98.8
JP3436500007,267290326,4597,JPY,2022-02-01,100.0,102.0,98.0,99.0,1362100,1075,100.3
JP3436500007,267290326,4597,JPY,2022-02-02,100.0,103.0,99.0,103.0,1253200,962,101.0
JP3436500007,267290326,4597,JPY,2022-02-03,103.0,104.0,101.0,101.0,1113900,1428,102.3
JP3436500007,267290326,4597,JPY,2022-02-04,101.0,103.0,100.0,101.0,767400,484,101.5
JP3436500007,267290326,4597,JPY,2022-02-07,101.0,103.0,100.0,100.0,645200,728,101.2
JP3436500007,267290326,4597,JPY,2022-02-08,101.0,103.0,100.0,101.0,722200,414,101.3
JP3436500007,267290326,4597,JPY,2022-02-09,102.0,103.0,99.0,101.0,712000,399,100.9
JP3436500007,267290326,4597,JPY,2022-02-10,103.0,134.0,102.0,114.0,36012200,11264,119.8
JP3436500007,267290326,4597,JPY,2022-02-14,113.0,129.0,106.0,126.0,11218500,3652,122.0
JP3436500007,267290326,4597,JPY,2022-02-15,123.0,123.0,99.0,101.0,9432700,3752,106.0
JP3436500007,267290326,4597,JPY,2022-02-16,102.0,103.0,99.0,101.0,2378800,1372,101.2
JP3436500007,267290326,4597,JPY,2022-02-17,101.0,103.0,99.0,100.0,1803200,1011,100.2
JP3436500007,267290326,4597,JPY,2022-02-18,100.0,101.0,97.0,98.0,2101600,1023,98.1
JP3436500007,267290326,4597,JPY,2022-02-21,98.0,99.0,93.0,95.0,2366800,987,95.0
JP3436500007,267290326,4597,JPY,2022-02-22,95.0,96.0,91.0,91.0,2581200,1398,92.6
JP3436500007,267290326,4597,JPY,2022-02-24,91.0,93.0,85.0,86.0,3327600,1751,87.9
JP3436500007,267290326,4597,JPY,2022-02-25,85.0,93.0,79.0,91.0,2153300,1079,90.1
JP3436500007,267290326,4597,JPY,2022-02-28,92.0,94.0,90.0,92.0,1663900,1276,92.1
JP3436500007,267290326,4597,JPY,2022-03-01,93.0,97.0,88.0,96.0,1606400,1007,95.5
JP3436500007,267290326,4597,JPY,2022-03-02,97.0,97.0,92.0,95.0,2098100,1797,94.0
JP3436500007,267290326,4597,JPY,2022-03-03,95.0,96.0,92.0,94.0,1185900,1032,93.5
JP3436500007,267290326,4597,JPY,2022-03-04,93.0,94.0,88.0,91.0,3584600,1573,90.2
JP3436500007,267290326,4597,JPY,2022-03-07,91.0,91.0,86.0,88.0,3289100,1622,87.6
JP3436500007,267290326,4597,JPY,2022-03-08,89.0,90.0,81.0,83.0,4012300,1179,85.0
JP3436500007,267290326,4597,JPY,2022-03-09,84.0,85.0,80.0,83.0,2197300,1389,82.0
JP3436500007,267290326,4597,JPY,2022-03-10,83.0,86.0,82.0,83.0,1957700,1135,83.4
JP3436500007,267290326,4597,JPY,2022-03-11,83.0,84.0,80.0,81.0,1712800,1765,81.0
JP3436500007,267290326,4597,JPY,2022-03-14,81.0,82.0,77.0,78.0,2650900,1001,78.9
JP3436500007,267290326,4597,JPY,2022-03-15,79.0,80.0,75.0,77.0,2130200,1037,76.5
JP3436500007,267290326,4597,JPY,2022-03-16,78.0,80.0,76.0,77.0,1336100,723,78.5
JP3436500007,267290326,4597,JPY,2022-03-17,78.0,80.0,78.0,79.0,1216500,523,78.7
JP3436500007,267290326,4597,JPY,2022-03-18,80.0,84.0,78.0,82.0,2115000,1031,81.7
JP3436500007,267290326,4597,JPY,2022-03-22,83.0,84.0,80.0,80.0,1527200,656,81.2
JP3436500007,267290326,4597,JPY,2022-03-23,80.0,84.0,80.0,83.0,1656200,885,82.5
JP3436500007,267290326,4597,JPY,2022-03-24,82.0,85.0,81.0,83.0,951100,376,82.7
JP3436500007,267290326,4597,JPY,2022-03-25,84.0,85.0,81.0,82.0,1352500,612,82.8
JP3436500007,267290326,4597,JPY,2022-03-28,83.0,83.0,79.0,80.0,1530500,407,80.6
JP3436500007,267290326,4597,JPY,2022-03-29,80.0,82.0,80.0,81.0,407700,343,81.2
JP3436500007,267290326,4597,JPY,2022-03-30,81.0,84.0,81.0,83.0,620300,344,83.1
JP3436500007,267290326,4597,JPY,2022-03-31,84.0,87.0,83.0,86.0,877400,402,85.1
JP3436500007,267290326,4597,JPY,2022-04-01,87.0,88.0,84.0,87.0,834500,416,85.6
JP3436500007,267290326,4597,JPY,2022-04-04,87.0,89.0,86.0,88.0,1322400,729,87.8
JP3436500007,267290326,4597,JPY,2022-04-05,88.0,92.0,86.0,91.0,1484200,834,90.2
JP3436500007,267290326,4597,JPY,2022-04-06,91.0,92.0,87.0,90.0,1927500,736,89.2
JP3436500007,267290326,4597,JPY,2022-04-07,89.0,90.0,85.0,88.0,1553200,478,87.3
JP3436500007,267290326,4597,JPY,2022-04-08,88.0,90.0,87.0,90.0,694400,357,88.7
JP3436500007,267290326,4597,JPY,2022-04-11,90.0,96.0,86.0,86.0,1248400,690,87.1
JP3436500007,267290326,4597,JPY,2022-04-12,90.0,94.0,84.0,84.0,1459700,797,86.2
JP3436500007,267290326,4597,JPY,2022-04-13,85.0,87.0,84.0,86.0,811200,436,85.8
JP3436500007,267290326,4597,JPY,2022-04-14,86.0,87.0,85.0,87.0,462000,346,86.1
JP3436500007,267290326,4597,JPY,2022-04-15,87.0,90.0,86.0,90.0,1381500,758,88.2
JP3436500007,267290326,4597,JPY,2022-04-18,90.0,90.0,86.0,88.0,1220100,707,87.3
JP3436500007,267290326,4597,JPY,2022-04-19,87.0,88.0,86.0,87.0,832400,674,87.0
JP3436500007,267290326,4597,JPY,2022-04-20,87.0,87.0,85.0,86.0,1204300,678,86.2
JP3436500007,267290326,4597,JPY,2022-04-21,86.0,88.0,86.0,86.0,718200,448,86.9
JP3436500007,267290326,4597,JPY,2022-04-22,86.0,89.0,85.0,88.0,1182700,431,86.8
JP3436500007,267290326,4597,JPY,2022-04-25,88.0,89.0,86.0,87.0,1035700,383,87.6
JP3436500007,267290326,4597,JPY,2022-04-26,88.0,89.0,86.0,88.0,900000,492,87.4
JP3436500007,267290326,4597,JPY,2022-04-27,88.0,88.0,84.0,86.0,1542900,724,85.9
JP3436500007,267290326,4597,JPY,2022-04-28,87.0,87.0,85.0,87.0,1295400,554,85.8
JP3436500007,267290326,4597,JPY,2022-05-02,87.0,115.0,84.0,84.0,7205000,2739,88.1
JP3436500007,267290326,4597,JPY,2022-05-06,85.0,86.0,82.0,83.0,1658600,733,83.3
JP3436500007,267290326,4597,JPY,2022-05-09,84.0,84.0,80.0,81.0,2182000,862,82.3
JP3436500007,267290326,4597,JPY,2022-05-10,82.0,83.0,79.0,82.0,2163800,978,80.5
JP3436500007,267290326,4597,JPY,2022-05-11,82.0,84.0,81.0,82.0,1387200,917,82.3
JP3436500007,267290326,4597,JPY,2022-05-12,83.0,83.0,78.0,79.0,2913700,1660,79.7
JP3436500007,267290326,4597,JPY,2022-05-13,80.0,84.0,75.0,77.0,6348400,2303,78.1
JP3436500007,267290326,4597,JPY,2022-05-16,76.0,79.0,75.0,76.0,2307000,1116,76.4
JP3436500007,267290326,4597,JPY,2022-05-17,76.0,78.0,74.0,78.0,1336500,807,76.1
JP3436500007,267290326,4597,JPY,2022-05-18,78.0,79.0,76.0,79.0,1200200,782,78.2
JP3436500007,267290326,4597,JPY,2022-05-19,79.0,79.0,75.0,78.0,1933600,1108,77.5
JP3436500007,267290326,4597,JPY,2022-05-20,78.0,81.0,76.0,81.0,1480300,785,78.8
JP3436500007,267290326,4597,JPY,2022-05-23,80.0,85.0,79.0,84.0,1619100,1203,83.1
JP3436500007,267290326,4597,JPY,2022-05-24,84.0,85.0,82.0,83.0,1000000,911,83.7
JP3436500007,267290326,4597,JPY,2022-05-25,84.0,85.0,82.0,84.0,1050000,451,83.7
JP3436500007,267290326,4597,JPY,2022-05-26,85.0,89.0,83.0,89.0,2943300,1679,86.9
JP3436500007,267290326,4597,JPY,2022-05-27,85.0,90.0,85.0,89.0,1619300,978,88.4
JP3436500007,267290326,4597,JPY,2022-05-30,89.0,92.0,88.0,92.0,2088500,1085,90.8
JP3436500007,267290326,4597,JPY,2022-05-31,90.0,94.0,89.0,90.0,1635300,627,90.7
JP3436500007,267290326,4597,JPY,2022-06-01,85.0,92.0,85.0,90.0,793400,508,90.9
JP3436500007,267290326,4597,JPY,2022-06-02,90.0,92.0,88.0,92.0,1551900,713,90.1
JP3436500007,267290326,4597,JPY,2022-06-03,92.0,93.0,90.0,91.0,970200,581,91.2
JP3436500007,267290326,4597,JPY,2022-06-06,91.0,97.0,90.0,96.0,4462500,2635,94.5
JP3436500007,267290326,4597,JPY,2022-06-07,94.0,95.0,90.0,91.0,2226000,903,92.4
JP3436500007,267290326,4597,JPY,2022-06-08,91.0,93.0,89.0,92.0,1674400,846,91.1
JP3436500007,267290326,4597,JPY,2022-06-09,91.0,94.0,91.0,92.0,1944500,691,92.5
JP3436500007,267290326,4597,JPY,2022-06-10,93.0,97.0,91.0,94.0,2391600,1581,94.3
JP3436500007,267290326,4597,JPY,2022-06-13,93.0,95.0,90.0,90.0,1808500,673,91.7
JP3436500007,267290326,4597,JPY,2022-06-14,90.0,91.0,84.0,89.0,2792000,956,86.9
JP3436500007,267290326,4597,JPY,2022-06-15,89.0,92.0,84.0,84.0,4276700,2019,87.2
JP3436500007,267290326,4597,JPY,2022-06-16,86.0,87.0,83.0,84.0,1683400,654,85.2
JP3436500007,267290326,4597,JPY,2022-06-17,84.0,86.0,80.0,86.0,1872300,847,82.7
JP3436500007,267290326,4597,JPY,2022-06-20,85.0,90.0,78.0,79.0,9266200,2647,82.4
JP3436500007,267290326,4597,JPY,2022-06-21,79.0,82.0,78.0,82.0,2954300,1308,79.6
JP3436500007,267290326,4597,JPY,2022-06-22,81.0,82.0,79.0,81.0,1803800,694,80.4
JP3436500007,267290326,4597,JPY,2022-06-23,80.0,82.0,79.0,81.0,1511000,969,80.9
JP3436500007,267290326,4597,JPY,2022-06-24,81.0,86.0,80.0,85.0,2125600,1141,83.3
JP3436500007,267290326,4597,JPY,2022-06-27,82.0,88.0,82.0,85.0,1501300,873,84.4
JP3436500007,267290326,4597,JPY,2022-06-28,84.0,86.0,82.0,84.0,1158600,657,84.1
JP3436500007,267290326,4597,JPY,2022-06-29,87.0,101.0,84.0,86.0,6219300,2598,87.5
JP3436500007,267290326,4597,JPY,2022-06-30,87.0,88.0,85.0,85.0,1574200,976,86.4
JP3436500007,267290326,4597,JPY,2022-07-01,85.0,92.0,81.0,82.0,2880200,1324,83.2
JP3436500007,267290326,4597,JPY,2022-07-04,83.0,83.0,81.0,83.0,1153500,384,82.2
JP3436500007,267290326,4597,JPY,2022-07-05,83.0,84.0,81.0,82.0,852700,368,82.5
JP3436500007,267290326,4597,JPY,2022-07-06,82.0,85.0,81.0,85.0,1779400,683,83.9
JP3436500007,267290326,4597,JPY,2022-07-07,85.0,85.0,82.0,83.0,1074200,365,83.5
JP3436500007,267290326,4597,JPY,2022-07-08,85.0,86.0,83.0,85.0,1303900,419,84.7
JP3436500007,267290326,4597,JPY,2022-07-11,97.0,100.0,85.0,87.0,2059600,1421,87.0
JP3436500007,267290326,4597,JPY,2022-07-12,86.0,88.0,85.0,87.0,940700,703,86.4
JP3436500007,267290326,4597,JPY,2022-07-13,86.0,91.0,85.0,91.0,2774500,1700,88.6
JP3436500007,267290326,4597,JPY,2022-07-14,91.0,95.0,89.0,94.0,3821000,1669,92.5
JP3436500007,267290326,4597,JPY,2022-07-15,94.0,95.0,92.0,94.0,1450200,1244,93.2
JP3436500007,267290326,4597,JPY,2022-07-19,92.0,94.0,90.0,94.0,1630600,770,92.4
JP3436500007,267290326,4597,JPY,2022-07-20,93.0,95.0,92.0,94.0,1263100,574,93.6
JP3436500007,267290326,4597,JPY,2022-07-21,94.0,99.0,93.0,99.0,2652600,879,96.3
JP3436500007,267290326,4597,JPY,2022-07-22,99.0,100.0,92.0,93.0,3098400,1244,95.3
JP3436500007,267290326,4597,JPY,2022-07-25,92.0,94.0,90.0,91.0,1457600,527,92.0
JP3436500007,267290326,4597,JPY,2022-07-26,91.0,93.0,90.0,92.0,754000,348,91.5
JP3436500007,267290326,4597,JPY,2022-07-27,91.0,94.0,91.0,94.0,883600,575,92.9
JP3436500007,267290326,4597,JPY,2022-07-28,92.0,95.0,92.0,94.0,1405200,746,93.4
JP3436500007,267290326,4597,JPY,2022-07-29,94.0,95.0,92.0,92.0,766800,589,93.2
JP3436500007,267290326,4597,JPY,2022-08-01,93.0,94.0,91.0,93.0,717200,391,93.0
JP3436500007,267290326,4597,JPY,2022-08-02,93.0,94.0,92.0,92.0,579200,328,93.2
JP3436500007,267290326,4597,JPY,2022-08-03,93.0,93.0,90.0,91.0,1198500,589,91.4
JP3436500007,267290326,4597,JPY,2022-08-04,91.0,92.0,61.0,74.0,14616200,5145,72.7
JP3436500007,267290326,4597,JPY,2022-08-05,75.0,75.0,71.0,72.0,6203000,2657,72.5
JP3436500007,267290326,4597,JPY,2022-08-08,72.0,73.0,68.0,70.0,6145500,1862,69.8
JP3436500007,267290326,4597,JPY,2022-08-09,69.0,71.0,67.0,69.0,3157800,1170,69.2
JP3436500007,267290326,4597,JPY,2022-08-10,69.0,70.0,66.0,67.0,3268200,1177,67.9
JP3436500007,267290326,4597,JPY,2022-08-12,67.0,69.0,65.0,67.0,4103000,1222,66.2
JP3436500007,267290326,4597,JPY,2022-08-15,66.0,69.0,65.0,67.0,3010200,1362,67.0
JP3436500007,267290326,4597,JPY,2022-08-16,68.0,70.0,66.0,69.0,2993300,1415,68.0
JP3436500007,267290326,4597,JPY,2022-08-17,70.0,74.0,67.0,71.0,8616300,2672,70.8
JP3436500007,267290326,4597,JPY,2022-08-18,71.0,72.0,68.0,70.0,2668500,895,69.2
JP3436500007,267290326,4597,JPY,2022-08-19,69.0,70.0,67.0,68.0,3134700,914,68.2
JP3436500007,267290326,4597,JPY,2022-08-22,69.0,69.0,67.0,69.0,2009100,680,67.7
JP3436500007,267290326,4597,JPY,2022-08-23,69.0,69.0,67.0,69.0,1577000,755,67.9
JP3436500007,267290326,4597,JPY,2022-08-24,69.0,69.0,67.0,68.0,1222600,528,67.9
JP3436500007,267290326,4597,JPY,2022-08-25,68.0,69.0,67.0,68.0,726800,463,68.2
JP3436500007,267290326,4597,JPY,2022-08-26,68.0,70.0,68.0,68.0,2970400,1291,68.8
JP3436500007,267290326,4597,JPY,2022-08-29,69.0,70.0,67.0,69.0,1764000,602,68.0
JP3436500007,267290326,4597,JPY,2022-08-30,69.0,69.0,67.0,68.0,1736700,692,67.8
JP3436500007,267290326,4597,JPY,2022-08-31,68.0,69.0,67.0,67.0,1211500,484,67.6
JP3436500007,267290326,4597,JPY,2022-09-01,68.0,68.0,66.0,67.0,1762300,815,66.7
JP3436500007,267290326,4597,JPY,2022-09-02,67.0,67.0,64.0,64.0,4407700,1384,65.0
JP3436500007,267290326,4597,JPY,2022-09-05,64.0,66.0,62.0,64.0,2606900,827,63.4
JP3436500007,267290326,4597,JPY,2022-09-06,63.0,63.0,60.0,61.0,4450000,1736,61.2
JP3436500007,267290326,4597,JPY,2022-09-07,61.0,61.0,55.0,57.0,7631400,2711,57.1
JP3436500007,267290326,4597,JPY,2022-09-08,56.0,59.0,55.0,57.0,3691100,1067,57.8
JP3436500007,267290326,4597,JPY,2022-09-09,57.0,61.0,57.0,59.0,4196100,1734,59.6
JP3436500007,267290326,4597,JPY,2022-09-12,59.0,67.0,59.0,62.0,1724700,636,60.7
JP3436500007,267290326,4597,JPY,2022-09-13,62.0,62.0,59.0,60.0,1593000,526,60.0
JP3436500007,267290326,4597,JPY,2022-09-14,60.0,60.0,57.0,59.0,1314300,481,58.4
JP3436500007,267290326,4597,JPY,2022-09-15,59.0,60.0,58.0,58.0,1718500,623,58.8
JP3436500007,267290326,4597,JPY,2022-09-16,58.0,59.0,57.0,59.0,2269400,683,58.2
JP3436500007,267290326,4597,JPY,2022-09-20,58.0,59.0,48.0,56.0,2529000,713,56.9
JP3436500007,267290326,4597,JPY,2022-09-21,57.0,57.0,51.0,53.0,4472900,1188,53.9
JP3436500007,267290326,4597,JPY,2022-09-22,53.0,54.0,51.0,53.0,2536900,845,52.4
JP3436500007,267290326,4597,JPY,2022-09-26,54.0,54.0,50.0,50.0,2939600,921,51.2
JP3436500007,267290326,4597,JPY,2022-09-27,51.0,53.0,50.0,51.0,2345600,540,51.0
JP3436500007,267290326,4597,JPY,2022-09-28,51.0,52.0,47.0,48.0,3580700,1068,48.5
JP3436500007,267290326,4597,JPY,2022-09-29,48.0,51.0,47.0,51.0,1888000,796,49.9
JP3436500007,267290326,4597,JPY,2022-09-30,50.0,52.0,48.0,50.0,1088100,334,50.0
JP3436500007,267290326,4597,JPY,2022-10-03,50.0,52.0,49.0,51.0,1488100,857,50.5
JP3436500007,267290326,4597,JPY,2022-10-04,51.0,52.0,50.0,51.0,1024500,316,51.1
JP3436500007,267290326,4597,JPY,2022-10-05,51.0,51.0,50.0,51.0,641500,453,50.8
JP3436500007,267290326,4597,JPY,2022-10-06,50.0,52.0,50.0,51.0,553600,253,51.0
JP3436500007,267290326,4597,JPY,2022-10-07,52.0,52.0,50.0,52.0,720200,393,51.2
JP3436500007,267290326,4597,JPY,2022-10-11,51.0,52.0,50.0,50.0,1037300,385,51.1
JP3436500007,267290326,4597,JPY,2022-10-12,50.0,51.0,49.0,50.0,883400,335,50.0
JP3436500007,267290326,4597,JPY,2022-10-13,49.0,50.0,47.0,48.0,2223900,1100,48.3
JP3436500007,267290326,4597,JPY,2022-10-14,48.0,50.0,47.0,50.0,1042700,384,49.1
JP3436500007,267290326,4597,JPY,2022-10-17,50.0,50.0,48.0,50.0,510400,224,49.4
JP3436500007,267290326,4597,JPY,2022-10-18,55.0,55.0,49.0,50.0,1720800,1297,50.7
JP3436500007,267290326,4597,JPY,2022-10-19,50.0,52.0,50.0,51.0,787100,383,51.3
JP3436500007,267290326,4597,JPY,2022-10-20,51.0,52.0,49.0,50.0,1199300,358,50.7
JP3436500007,267290326,4597,JPY,2022-10-21,51.0,51.0,50.0,50.0,495400,211,50.5
JP3436500007,267290326,4597,JPY,2022-10-24,51.0,51.0,49.0,50.0,654200,204,50.3
JP3436500007,267290326,4597,JPY,2022-10-25,50.0,51.0,49.0,51.0,544600,132,49.9
JP3436500007,267290326,4597,JPY,2022-10-26,50.0,52.0,49.0,52.0,529800,215,51.2
JP3436500007,267290326,4597,JPY,2022-10-27,52.0,52.0,51.0,51.0,492400,125,51.6
JP3436500007,267290326,4597,JPY,2022-10-28,52.0,52.0,50.0,50.0,555900,127,51.2
JP3436500007,267290326,4597,JPY,2022-10-31,51.0,51.0,50.0,50.0,619900,137,50.1
JP3436500007,267290326,4597,JPY,2022-11-01,50.0,51.0,48.0,49.0,1295100,374,49.3
JP3436500007,267290326,4597,JPY,2022-11-02,50.0,50.0,48.0,49.0,861800,308,49.2
JP3436500007,267290326,4597,JPY,2022-11-04,50.0,50.0,48.0,50.0,902500,278,49.3
JP3436500007,267290326,4597,JPY,2022-11-07,50.0,54.0,49.0,52.0,3056800,633,51.7
JP3436500007,267290326,4597,JPY,2022-11-08,52.0,62.0,52.0,55.0,10290600,2911,57.4
JP3436500007,267290326,4597,JPY,2022-11-09,56.0,57.0,52.0,54.0,3172600,791,54.3
JP3436500007,267290326,4597,JPY,2022-11-10,54.0,57.0,53.0,57.0,2264200,650,54.7
JP3436500007,267290326,4597,JPY,2022-11-11,56.0,57.0,54.0,55.0,2519800,546,55.5
JP3436500007,267290326,4597,JPY,2022-11-14,55.0,59.0,54.0,56.0,1239000,405,56.0
JP3436500007,267290326,4597,JPY,2022-11-15,55.0,57.0,53.0,55.0,3250700,1811,55.0
JP3436500007,267290326,4597,JPY,2022-11-16,55.0,57.0,54.0,55.0,2501300,1053,54.9
JP3436500007,267290326,4597,JPY,2022-11-17,55.0,56.0,54.0,56.0,1453400,414,55.2
JP3436500007,267290326,4597,JPY,2022-11-18,56.0,56.0,54.0,55.0,1998700,703,55.1
JP3436500007,267290326,4597,JPY,2022-11-21,55.0,56.0,53.0,54.0,1327600,425,54.3
JP3436500007,267290326,4597,JPY,2022-11-22,54.0,55.0,53.0,54.0,1059700,248,54.1
JP3436500007,267290326,4597,JPY,2022-11-24,55.0,56.0,53.0,54.0,1951300,349,54.1
JP3436500007,267290326,4597,JPY,2022-11-25,55.0,56.0,50.0,54.0,1973900,383,54.2
JP3436500007,267290326,4597,JPY,2022-11-28,52.0,55.0,52.0,53.0,2484000,463,53.4
JP3436500007,267290326,4597,JPY,2022-11-29,53.0,54.0,51.0,53.0,2028400,356,52.3
JP3436500007,267290326,4597,JPY,2022-11-30,53.0,53.0,51.0,52.0,2505400,1385,52.1
JP3436500007,267290326,4597,JPY,2022-12-01,52.0,54.0,52.0,53.0,2508000,641,53.1
JP3436500007,267290326,4597,JPY,2022-12-02,53.0,55.0,52.0,54.0,2896200,678,53.3
JP3436500007,267290326,4597,JPY,2022-12-05,54.0,55.0,53.0,54.0,2118400,489,53.9
JP3436500007,267290326,4597,JPY,2022-12-06,54.0,55.0,52.0,53.0,2388400,632,53.4
JP3436500007,267290326,4597,JPY,2022-12-07,53.0,54.0,52.0,53.0,817400,256,52.4
JP3436500007,267290326,4597,JPY,2022-12-08,52.0,53.0,50.0,50.0,2240400,611,51.3
JP3436500007,267290326,4597,JPY,2022-12-09,51.0,52.0,50.0,52.0,1250900,273,51.1
JP3436500007,267290326,4597,JPY,2022-12-12,51.0,52.0,50.0,51.0,1726300,504,50.8
JP3436500007,267290326,4597,JPY,2022-12-13,51.0,52.0,50.0,51.0,2974600,1604,51.0
JP3436500007,267290326,4597,JPY,2022-12-14,52.0,52.0,50.0,50.0,1960600,616,50.9
JP3436500007,267290326,4597,JPY,2022-12-15,51.0,52.0,50.0,51.0,1677000,569,50.8
JP3436500007,267290326,4597,JPY,2022-12-16,51.0,51.0,50.0,50.0,1452100,488,50.3
JP3436500007,267290326,4597,JPY,2022-12-19,51.0,51.0,47.0,48.0,5425200,2624,48.4
JP3436500007,267290326,4597,JPY,2022-12-20,48.0,49.0,46.0,46.0,3284400,762,47.0
JP3436500007,267290326,4597,JPY,2022-12-21,47.0,48.0,45.0,46.0,3446800,1789,46.5
JP3436500007,267290326,4597,JPY,2022-12-22,47.0,47.0,45.0,46.0,3066700,719,46.1
JP3436500007,267290326,4597,JPY,2022-12-23,46.0,47.0,45.0,47.0,1421500,593,46.3
JP3436500007,267290326,4597,JPY,2022-12-26,47.0,47.0,44.0,45.0,2622500,629,45.2
JP3436500007,267290326,4597,JPY,2022-12-27,45.0,46.0,44.0,44.0,2098600,434,45.1
JP3436500007,267290326,4597,JPY,2022-12-28,45.0,46.0,44.0,46.0,2516100,705,45.3
JP3436500007,267290326,4597,JPY,2022-12-29,46.0,48.0,45.0,48.0,2822300,1097,46.6
JP3436500007,267290326,4597,JPY,2022-12-30,47.0,49.0,47.0,49.0,1873200,844,48.1
JP3436500007,267290326,4597,JPY,2023-01-04,49.0,49.0,46.0,47.0,2076600,340,47.6
JP3436500007,267290326,4597,JPY,2023-01-05,47.0,48.0,46.0,47.0,1562900,446,46.5
JP3436500007,267290326,4597,JPY,2023-01-06,48.0,49.0,46.0,47.0,2024800,548,47.1
JP3436500007,267290326,4597,JPY,2023-01-10,48.0,48.0,46.0,47.0,1776000,283,47.0
JP3436500007,267290326,4597,JPY,2023-01-11,47.0,48.0,46.0,47.0,2093100,536,47.0
JP3436500007,267290326,4597,JPY,2023-01-12,47.0,48.0,46.0,48.0,1794800,360,47.1
JP3436500007,267290326,4597,JPY,2023-01-13,48.0,48.0,46.0,47.0,1381600,498,47.0
JP3436500007,267290326,4597,JPY,2023-01-16,47.0,48.0,46.0,46.0,1016400,338,46.7
JP3436500007,267290326,4597,JPY,2023-01-17,46.0,48.0,46.0,47.0,2606700,885,47.1
JP3436500007,267290326,4597,JPY,2023-01-18,47.0,48.0,46.0,47.0,1353300,348,47.1
JP3436500007,267290326,4597,JPY,2023-01-19,47.0,49.0,46.0,48.0,2335300,498,47.8
JP3436500007,267290326,4597,JPY,2023-01-20,49.0,52.0,48.0,49.0,3122500,1719,49.0
JP3436500007,267290326,4597,JPY,2023-01-23,48.0,51.0,48.0,51.0,1952600,453,49.6
JP3436500007,267290326,4597,JPY,2023-01-24,51.0,53.0,50.0,51.0,4221900,861,51.2
JP3436500007,267290326,4597,JPY,2023-01-25,51.0,55.0,50.0,54.0,8200000,1421,52.7
JP3436500007,267290326,4597,JPY,2023-01-26,54.0,56.0,51.0,52.0,3044300,446,52.9
JP3436500007,267290326,4597,JPY,2023-01-27,52.0,55.0,50.0,50.0,6929400,1350,51.6
JP3436500007,267290326,4597,JPY,2023-01-30,51.0,52.0,49.0,49.0,5128700,1126,50.2
JP3436500007,267290326,4597,JPY,2023-01-31,50.0,51.0,49.0,51.0,3900900,542,49.7
JP3436500007,267290326,4597,JPY,2023-02-01,50.0,52.0,50.0,51.0,2025400,528,50.6
JP3436500007,267290326,4597,JPY,2023-02-02,51.0,52.0,50.0,51.0,1825000,606,50.9
JP3436500007,267290326,4597,JPY,2023-02-03,50.0,51.0,49.0,49.0,1427900,328,49.8
JP3436500007,267290326,4597,JPY,2023-02-06,50.0,50.0,48.0,49.0,1820600,462,49.0
JP3436500007,267290326,4597,JPY,2023-02-07,49.0,52.0,47.0,49.0,2357500,944,48.3
JP3436500007,267290326,4597,JPY,2023-02-08,49.0,50.0,48.0,49.0,2984200,717,48.5
JP3436500007,267290326,4597,JPY,2023-02-09,49.0,52.0,48.0,49.0,2774800,679,49.0
JP3436500007,267290326,4597,JPY,2023-02-10,49.0,51.0,48.0,49.0,1305600,381,49.3
JP3436500007,267290326,4597,JPY,2023-02-13,49.0,50.0,47.0,47.0,2043000,1286,47.6
JP3436500007,267290326,4597,JPY,2023-02-14,48.0,49.0,45.0,47.0,1862500,535,47.4
JP3436500007,267290326,4597,JPY,2023-02-15,48.0,49.0,44.0,47.0,3518000,547,46.1
JP3436500007,267290326,4597,JPY,2023-02-16,47.0,51.0,46.0,49.0,3411600,577,48.9
JP3436500007,267290326,4597,JPY,2023-02-17,50.0,53.0,48.0,50.0,4120500,649,50.7
JP3436500007,267290326,4597,JPY,2023-02-20,50.0,52.0,49.0,49.0,1321000,316,49.5
JP3436500007,267290326,4597,JPY,2023-02-21,50.0,52.0,49.0,51.0,2275700,478,50.8
JP3436500007,267290326,4597,JPY,2023-02-22,51.0,52.0,49.0,50.0,1746100,295,50.3
JP3436500007,267290326,4597,JPY,2023-02-24,51.0,51.0,49.0,50.0,978500,192,50.5
JP3436500007,267290326,4597,JPY,2023-02-27,51.0,51.0,48.0,50.0,2322300,673,49.5
JP3436500007,267290326,4597,JPY,2023-02-28,50.0,50.0,48.0,49.0,817700,217,49.1
JP3436500007,267290326,4597,JPY,2023-03-01,49.0,50.0,48.0,50.0,1376200,311,49.1
JP3436500007,267290326,4597,JPY,2023-03-02,50.0,50.0,48.0,49.0,1893300,360,49.3
JP3436500007,267290326,4597,JPY,2023-03-03,49.0,50.0,48.0,49.0,1829300,340,49.2
JP3436500007,267290326,4597,JPY,2023-03-06,49.0,50.0,49.0,50.0,754700,264,49.2
JP3436500007,267290326,4597,JPY,2023-03-07,50.0,50.0,49.0,49.0,680600,176,49.3
JP3436500007,267290326,4597,JPY,2023-03-08,50.0,51.0,49.0,51.0,1042800,165,50.1
JP3436500007,267290326,4597,JPY,2023-03-09,51.0,51.0,50.0,50.0,1202600,256,50.3
JP3436500007,267290326,4597,JPY,2023-03-10,50.0,51.0,49.0,51.0,1154600,325,50.3
JP3436500007,267290326,4597,JPY,2023-03-13,50.0,51.0,48.0,49.0,2211100,480,49.1
JP3436500007,267290326,4597,JPY,2023-03-14,50.0,51.0,47.0,47.0,2671300,528,48.2
JP3436500007,267290326,4597,JPY,2023-03-15,48.0,49.0,47.0,48.0,1128000,290,48.1
JP3436500007,267290326,4597,JPY,2023-03-16,48.0,50.0,46.0,49.0,1441600,311,47.6
JP3436500007,267290326,4597,JPY,2023-03-17,48.0,49.0,47.0,47.0,1983000,417,48.0
JP3436500007,267290326,4597,JPY,2023-03-20,48.0,49.0,46.0,47.0,2200900,599,47.2
JP3436500007,267290326,4597,JPY,2023-03-22,48.0,56.0,47.0,48.0,2498600,1377,48.7
JP3436500007,267290326,4597,JPY,2023-03-23,48.0,49.0,47.0,49.0,747300,232,48.1
JP3436500007,267290326,4597,JPY,2023-03-24,49.0,49.0,47.0,49.0,1357100,301,48.3
JP3436500007,267290326,4597,JPY,2023-03-27,49.0,50.0,48.0,48.0,1690800,387,48.9
JP3436500007,267290326,4597,JPY,2023-03-28,49.0,50.0,48.0,48.0,960500,203,48.9
JP3436500007,267290326,4597,JPY,2023-03-29,49.0,50.0,48.0,48.0,713800,213,48.6
JP3436500007,267290326,4597,JPY,2023-03-30,48.0,50.0,48.0,49.0,988700,177,49.1
JP3436500007,267290326,4597,JPY,2023-03-31,49.0,50.0,48.0,49.0,460600,125,49.5
JP3436500007,267290326,4597,JPY,2023-04-03,49.0,50.0,48.0,50.0,965000,87,49.8
JP3436500007,267290326,4597,JPY,2023-04-04,50.0,50.0,49.0,49.0,1161100,175,49.6
JP3436500007,267290326,4597,JPY,2023-04-05,50.0,50.0,48.0,49.0,678000,135,49.0
JP3436500007,267290326,4597,JPY,2023-04-06,49.0,49.0,48.0,48.0,620700,105,48.4
JP3436500007,267290326,4597,JPY,2023-04-07,48.0,49.0,47.0,48.0,992700,182,48.1
JP3436500007,267290326,4597,JPY,2023-04-10,48.0,49.0,47.0,48.0,1205600,206,47.5
JP3436500007,267290326,4597,JPY,2023-04-11,48.0,49.0,47.0,49.0,816900,180,47.7
JP3436500007,267290326,4597,JPY,2023-04-12,49.0,49.0,47.0,49.0,942800,649,48.3
JP3436500007,267290326,4597,JPY,2023-04-13,49.0,49.0,47.0,47.0,1097000,468,47.8
JP3436500007,267290326,4597,JPY,2023-04-14,48.0,49.0,47.0,47.0,896800,852,47.9
JP3436500007,267290326,4597,JPY,2023-04-17,48.0,48.0,47.0,47.0,570400,203,47.8
JP3436500007,267290326,4597,JPY,2023-04-18,47.0,48.0,47.0,48.0,751300,724,47.2
JP3436500007,267290326,4597,JPY,2023-04-19,47.0,48.0,47.0,47.0,543800,213,47.4
JP3436500007,267290326,4597,JPY,2023-04-20,47.0,48.0,47.0,48.0,440800,156,47.2
JP3436500007,267290326,4597,JPY,2023-04-21,48.0,48.0,46.0,46.0,1103800,232,47.1
JP3436500007,267290326,4597,JPY,2023-04-24,47.0,48.0,46.0,47.0,1552200,351,46.9
JP3436500007,267290326,4597,JPY,2023-04-25,47.0,48.0,46.0,47.0,715400,213,46.3
JP3436500007,267290326,4597,JPY,2023-04-26,46.0,47.0,46.0,46.0,1120100,422,46.3
JP3436500007,267290326,4597,JPY,2023-04-27,46.0,47.0,45.0,46.0,1693000,307,45.9
JP3436500007,267290326,4597,JPY,2023-04-28,46.0,47.0,46.0,46.0,1075100,292,46.1
JP3436500007,267290326,4597,JPY,2023-05-01,46.0,47.0,46.0,46.0,877300,202,46.1
JP3436500007,267290326,4597,JPY,2023-05-02,46.0,47.0,46.0,46.0,1289400,287,46.1
JP3436500007,267290326,4597,JPY,2023-05-08,47.0,47.0,46.0,46.0,1346600,177,46.3
JP3436500007,267290326,4597,JPY,2023-05-09,46.0,48.0,46.0,47.0,1949300,242,46.7
JP3436500007,267290326,4597,JPY,2023-05-10,47.0,48.0,46.0,47.0,1539700,137,47.5
JP3436500007,267290326,4597,JPY,2023-05-11,47.0,48.0,46.0,46.0,941600,219,47.0
JP3436500007,267290326,4597,JPY,2023-05-12,47.0,47.0,46.0,47.0,1219300,185,46.8
JP3436500007,267290326,4597,JPY,2023-05-15,47.0,48.0,46.0,47.0,2333200,318,46.8
JP3436500007,267290326,4597,JPY,2023-05-16,47.0,48.0,46.0,46.0,1314900,322,46.9
JP3436500007,267290326,4597,JPY,2023-05-17,46.0,47.0,45.0,45.0,1746800,326,45.9
JP3436500007,267290326,4597,JPY,2023-05-18,46.0,46.0,45.0,45.0,1235500,284,45.1
JP3436500007,267290326,4597,JPY,2023-05-19,45.0,46.0,45.0,45.0,888800,257,45.2
JP3436500007,267290326,4597,JPY,2023-05-22,45.0,46.0,45.0,46.0,1064400,243,45.5
JP3436500007,267290326,4597,JPY,2023-05-23,46.0,47.0,45.0,47.0,1373300,277,46.0
JP3436500007,267290326,4597,JPY,2023-05-24,46.0,47.0,46.0,46.0,681200,191,46.6
JP3436500007,267290326,4597,JPY,2023-05-25,46.0,47.0,45.0,45.0,1220100,378,46.1
JP3436500007,267290326,4597,JPY,2023-05-26,46.0,46.0,44.0,44.0,2126800,493,45.2
JP3436500007,267290326,4597,JPY,2023-05-29,44.0,45.0,44.0,44.0,962600,263,44.5
JP3436500007,267290326,4597,JPY,2023-05-30,45.0,45.0,43.0,45.0,2032700,491,43.7
JP3436500007,267290326,4597,JPY,2023-05-31,44.0,45.0,43.0,44.0,1451400,286,43.7
JP3436500007,267290326,4597,JPY,2023-06-01,45.0,46.0,43.0,44.0,1280000,301,44.1
JP3436500007,267290326,4597,JPY,2023-06-02,44.0,45.0,44.0,45.0,796400,176,44.2
JP3436500007,267290326,4597,JPY,2023-06-05,45.0,46.0,44.0,46.0,1267200,323,45.4
JP3436500007,267290326,4597,JPY,2023-06-06,46.0,47.0,45.0,46.0,1313500,246,46.1
JP3436500007,267290326,4597,JPY,2023-06-07,46.0,47.0,45.0,46.0,1307600,250,46.6
JP3436500007,267290326,4597,JPY,2023-06-08,46.0,47.0,46.0,46.0,639200,179,46.3
JP3436500007,267290326,4597,JPY,2023-06-09,46.0,47.0,45.0,45.0,849500,187,46.4
JP3436500007,267290326,4597,JPY,2023-06-12,46.0,47.0,45.0,47.0,788100,146,46.1
JP3436500007,267290326,4597,JPY,2023-06-13,47.0,47.0,46.0,47.0,753900,216,46.7
JP3436500007,267290326,4597,JPY,2023-06-14,46.0,47.0,46.0,46.0,696400,192,46.4
JP3436500007,267290326,4597,JPY,2023-06-15,46.0,47.0,45.0,45.0,1676100,239,46.2
JP3436500007,267290326,4597,JPY,2023-06-16,46.0,46.0,45.0,45.0,916300,195,45.4
JP3436500007,267290326,4597,JPY,2023-06-19,46.0,48.0,45.0,48.0,2514700,470,47.1
JP3436500007,267290326,4597,JPY,2023-06-20,48.0,53.0,47.0,52.0,4927300,993,50.1
JP3436500007,267290326,4597,JPY,2023-06-21,51.0,52.0,49.0,51.0,2767500,412,50.7
JP3436500007,267290326,4597,JPY,2023-06-22,51.0,51.0,49.0,49.0,1393800,304,49.9
JP3436500007,267290326,4597,JPY,2023-06-23,49.0,50.0,48.0,48.0,1600600,252,48.9
JP3436500007,267290326,4597,JPY,2023-06-26,49.0,50.0,47.0,47.0,1924600,466,47.8
JP3436500007,267290326,4597,JPY,2023-06-27,48.0,49.0,46.0,47.0,1847300,413,47.5
JP3436500007,267290326,4597,JPY,2023-06-28,48.0,49.0,47.0,47.0,847100,361,47.8
JP3436500007,267290326,4597,JPY,2023-06-29,48.0,49.0,47.0,48.0,1573600,310,48.0
JP3436500007,267290326,4597,JPY,2023-06-30,48.0,49.0,47.0,48.0,1393200,335,48.2
JP3436500007,267290326,4597,JPY,2023-07-03,48.0,49.0,48.0,48.0,980500,179,48.4
JP3436500007,267290326,4597,JPY,2023-07-04,48.0,49.0,47.0,49.0,1808300,218,48.1
JP3436500007,267290326,4597,JPY,2023-07-05,49.0,50.0,48.0,48.0,1647000,262,48.8
JP3436500007,267290326,4597,JPY,2023-07-06,48.0,49.0,46.0,46.0,1987900,328,47.2
JP3436500007,267290326,4597,JPY,2023-07-07,47.0,48.0,45.0,47.0,2269200,406,46.4
JP3436500007,267290326,4597,JPY,2023-07-10,46.0,47.0,46.0,47.0,1410400,274,46.1
JP3436500007,267290326,4597,JPY,2023-07-11,47.0,47.0,45.0,47.0,1157100,227,46.5
JP3436500007,267290326,4597,JPY,2023-07-12,46.0,47.0,45.0,46.0,1476000,222,46.0
JP3436500007,267290326,4597,JPY,2023-07-13,46.0,47.0,45.0,46.0,3025600,596,45.9
JP3436500007,267290326,4597,JPY,2023-07-14,46.0,47.0,45.0,46.0,1089600,143,46.1
JP3436500007,267290326,4597,JPY,2023-07-18,46.0,47.0,46.0,46.0,735500,179,46.5
JP3436500007,267290326,4597,JPY,2023-07-19,46.0,48.0,46.0,46.0,1079300,304,46.6
JP3436500007,267290326,4597,JPY,2023-07-20,47.0,48.0,46.0,47.0,1586700,305,47.0
JP3436500007,267290326,4597,JPY,2023-07-21,47.0,48.0,46.0,47.0,1081100,130,46.8
JP3436500007,267290326,4597,JPY,2023-07-24,47.0,48.0,46.0,48.0,1214100,189,46.7
JP3436500007,267290326,4597,JPY,2023-07-25,47.0,48.0,46.0,46.0,775300,262,47.0
JP3436500007,267290326,4597,JPY,2023-07-26,47.0,47.0,46.0,46.0,731200,130,46.1
JP3436500007,267290326,4597,JPY,2023-07-27,46.0,47.0,45.0,46.0,1575300,189,46.0
JP3436500007,267290326,4597,JPY,2023-07-28,46.0,46.0,45.0,45.0,1396500,222,45.1
JP3436500007,267290326,4597,JPY,2023-07-31,45.0,46.0,45.0,46.0,799700,123,45.7
JP3436500007,267290326,4597,JPY,2023-08-01,45.0,46.0,45.0,45.0,609700,94,45.6
JP3436500007,267290326,4597,JPY,2023-08-02,45.0,46.0,45.0,45.0,1042100,283,45.2
JP3436500007,267290326,4597,JPY,2023-08-03,45.0,46.0,44.0,44.0,2456700,302,44.9
JP3436500007,267290326,4597,JPY,2023-08-04,45.0,46.0,44.0,44.0,2012300,329,45.0
JP3436500007,267290326,4597,JPY,2023-08-07,45.0,46.0,44.0,44.0,1148100,158,44.1
JP3436500007,267290326,4597,JPY,2023-08-08,45.0,45.0,44.0,45.0,814100,117,44.4
JP3436500007,267290326,4597,JPY,2023-08-09,45.0,45.0,44.0,44.0,708000,125,44.7
JP3436500007,267290326,4597,JPY,2023-08-10,45.0,46.0,44.0,46.0,897800,156,44.9
JP3436500007,267290326,4597,JPY,2023-08-14,46.0,46.0,44.0,44.0,1373500,272,44.7
JP3436500007,267290326,4597,JPY,2023-08-15,45.0,45.0,43.0,44.0,2968000,497,43.8
JP3436500007,267290326,4597,JPY,2023-08-16,44.0,45.0,43.0,44.0,2484200,328,44.0
JP3436500007,267290326,4597,JPY,2023-08-17,44.0,45.0,42.0,43.0,3320200,427,43.3
JP3436500007,267290326,4597,JPY,2023-08-18,43.0,44.0,42.0,43.0,1502500,225,43.1
JP3436500007,267290326,4597,JPY,2023-08-21,44.0,45.0,42.0,43.0,2424200,387,43.3
JP3436500007,267290326,4597,JPY,2023-08-22,43.0,44.0,42.0,43.0,798700,123,43.0
JP3436500007,267290326,4597,JPY,2023-08-23,44.0,45.0,43.0,45.0,1125200,138,43.5
JP3436500007,267290326,4597,JPY,2023-08-24,44.0,45.0,43.0,45.0,1092000,213,44.5
JP3436500007,267290326,4597,JPY,2023-08-25,45.0,45.0,44.0,44.0,924200,142,44.0
JP3436500007,267290326,4597,JPY,2023-08-28,48.0,73.0,43.0,44.0,986500,176,44.0
JP3436500007,267290326,4597,JPY,2023-08-29,44.0,45.0,43.0,45.0,761100,153,44.1
JP3436500007,267290326,4597,JPY,2023-08-30,44.0,45.0,43.0,45.0,1165700,135,44.3
JP3436500007,267290326,4597,JPY,2023-08-31,44.0,45.0,44.0,45.0,747500,93,44.6
JP3436500007,267290326,4597,JPY,2023-09-01,44.0,45.0,43.0,45.0,1704300,180,44.2
JP3436500007,267290326,4597,JPY,2023-09-04,45.0,45.0,43.0,44.0,2541300,245,44.4
JP3436500007,267290326,4597,JPY,2023-09-05,44.0,45.0,43.0,44.0,1488600,193,44.9
JP3436500007,267290326,4597,JPY,2023-09-06,44.0,45.0,44.0,44.0,1838900,192,44.5
JP3436500007,267290326,4597,JPY,2023-09-07,44.0,47.0,44.0,47.0,4998300,722,45.9
JP3436500007,267290326,4597,JPY,2023-09-08,47.0,48.0,46.0,47.0,3080200,362,46.8
JP3436500007,267290326,4597,JPY,2023-09-11,47.0,48.0,46.0,46.0,2223100,344,47.2
JP3436500007,267290326,4597,JPY,2023-09-12,46.0,47.0,45.0,46.0,2099600,186,46.0
JP3436500007,267290326,4597,JPY,2023-09-13,46.0,46.0,44.0,44.0,2996500,576,44.6
JP3436500007,267290326,4597,JPY,2023-09-14,44.0,47.0,44.0,47.0,3182600,558,45.7
JP3436500007,267290326,4597,JPY,2023-09-15,45.0,48.0,44.0,45.0,3563100,366,45.7
JP3436500007,267290326,4597,JPY,2023-09-19,45.0,46.0,44.0,44.0,2630000,330,44.9
JP3436500007,267290326,4597,JPY,2023-09-20,45.0,46.0,44.0,44.0,1961500,129,44.6
JP3436500007,267290326,4597,JPY,2023-09-21,45.0,45.0,43.0,44.0,2118000,295,43.9
JP3436500007,267290326,4597,JPY,2023-09-22,43.0,45.0,42.0,45.0,3406000,382,43.5
JP3436500007,267290326,4597,JPY,2023-09-25,45.0,45.0,44.0,44.0,931200,247,44.6
JP3436500007,267290326,4597,JPY,2023-09-26,44.0,45.0,44.0,44.0,855100,242,44.6
JP3436500007,267290326,4597,JPY,2023-09-27,44.0,45.0,43.0,45.0,1031200,360,44.2
JP3436500007,267290326,4597,JPY,2023-09-28,45.0,47.0,44.0,46.0,1828500,199,45.2
JP3436500007,267290326,4597,JPY,2023-09-29,46.0,46.0,44.0,44.0,1301700,213,45.2
JP3436500007,267290326,4597,JPY,2023-10-02,44.0,45.0,43.0,44.0,2215100,369,44.2
JP3436500007,267290326,4597,JPY,2023-10-03,44.0,45.0,42.0,43.0,3688600,494,42.7
JP3436500007,267290326,4597,JPY,2023-10-04,43.0,43.0,41.0,42.0,3391500,400,42.2
JP3436500007,267290326,4597,JPY,2023-10-05,42.0,44.0,41.0,42.0,2283300,221,42.4
JP3436500007,267290326,4597,JPY,2023-10-06,43.0,44.0,42.0,43.0,1705100,246,43.0
JP3436500007,267290326,4597,JPY,2023-10-10,43.0,44.0,42.0,43.0,1331600,145,43.4
JP3436500007,267290326,4597,JPY,2023-10-11,43.0,44.0,43.0,43.0,878600,120,43.9
JP3436500007,267290326,4597,JPY,2023-10-12,44.0,44.0,42.0,42.0,1202000,197,42.8
JP3436500007,267290326,4597,JPY,2023-10-13,43.0,44.0,41.0,42.0,1594600,435,42.2
JP3436500007,267290326,4597,JPY,2023-10-16,42.0,42.0,39.0,39.0,3618900,624,40.0
JP3436500007,267290326,4597,JPY,2023-10-17,39.0,41.0,39.0,41.0,1857300,366,39.7
JP3436500007,267290326,4597,JPY,2023-10-18,40.0,41.0,39.0,40.0,2652100,383,39.9
JP3436500007,267290326,4597,JPY,2023-10-19,40.0,41.0,39.0,40.0,1279400,215,40.2
JP3436500007,267290326,4597,JPY,2023-10-20,40.0,41.0,39.0,40.0,1485500,267,40.3
JP3436500007,267290326,4597,JPY,2023-10-23,40.0,41.0,39.0,39.0,1061300,405,39.9
JP3436500007,267290326,4597,JPY,2023-10-24,39.0,40.0,37.0,40.0,3324900,473,38.8
JP3436500007,267290326,4597,JPY,2023-10-25,39.0,40.0,39.0,40.0,811300,141,39.8
JP3436500007,267290326,4597,JPY,2023-10-26,40.0,40.0,39.0,39.0,642600,137,39.2
JP3436500007,267290326,4597,JPY,2023-10-27,40.0,40.0,39.0,39.0,1228300,198,39.6
JP3436500007,267290326,4597,JPY,2023-10-30,39.0,40.0,38.0,38.0,816800,192,38.1
JP3436500007,267290326,4597,JPY,2023-10-31,39.0,39.0,37.0,38.0,2045800,295,38.0
JP3436500007,267290326,4597,JPY,2023-11-01,39.0,39.0,38.0,38.0,866900,180,38.0
JP3436500007,267290326,4597,JPY,2023-11-02,38.0,40.0,38.0,39.0,1577000,289,38.9
JP3436500007,267290326,4597,JPY,2023-11-06,40.0,41.0,39.0,40.0,2476600,405,39.9
JP3436500007,267290326,4597,JPY,2023-11-07,40.0,42.0,40.0,42.0,1911900,404,41.4
JP3436500007,267290326,4597,JPY,2023-11-08,42.0,43.0,40.0,42.0,1666900,312,41.4
JP3436500007,267290326,4597,JPY,2023-11-09,41.0,42.0,41.0,41.0,933800,177,41.2
JP3436500007,267290326,4597,JPY,2023-11-10,41.0,42.0,40.0,42.0,1303200,401,40.8
JP3436500007,267290326,4597,JPY,2023-11-13,41.0,42.0,38.0,40.0,3313300,557,40.5
JP3436500007,267290326,4597,JPY,2023-11-14,40.0,40.0,37.0,40.0,3408300,501,38.2
JP3436500007,267290326,4597,JPY,2023-11-15,39.0,40.0,38.0,40.0,2314400,423,39.0
JP3436500007,267290326,4597,JPY,2023-11-16,40.0,40.0,37.0,38.0,3292000,2423,38.2
JP3436500007,267290326,4597,JPY,2023-11-17,38.0,38.0,37.0,37.0,1647100,268,37.3
JP3436500007,267290326,4597,JPY,2023-11-20,38.0,39.0,37.0,38.0,1814900,243,37.6
JP3436500007,267290326,4597,JPY,2023-11-21,39.0,40.0,37.0,40.0,2348100,339,38.4
JP3436500007,267290326,4597,JPY,2023-11-22,40.0,40.0,39.0,39.0,1496500,102,39.9
JP3436500007,267290326,4597,JPY,2023-11-24,40.0,41.0,39.0,41.0,2625800,208,39.7
JP3436500007,267290326,4597,JPY,2023-11-27,41.0,41.0,39.0,41.0,1748100,155,39.4
JP3436500007,267290326,4597,JPY,2023-11-28,40.0,42.0,40.0,41.0,2209600,228,40.4
JP3436500007,267290326,4597,JPY,2023-11-29,41.0,42.0,40.0,41.0,1762600,332,41.6
JP3436500007,267290326,4597,JPY,2023-11-30,42.0,49.0,41.0,41.0,1694800,426,41.1
JP3436500007,267290326,4597,JPY,2023-12-01,41.0,49.0,41.0,45.0,6237700,991,43.9
JP3436500007,267290326,4597,JPY,2023-12-04,50.0,60.0,45.0,53.0,23975000,5388,51.3
JP3436500007,267290326,4597,JPY,2023-12-05,53.0,63.0,51.0,61.0,31823200,4762,58.0
JP3436500007,267290326,4597,JPY,2023-12-06,63.0,63.0,57.0,62.0,22398600,4421,59.9
JP3436500007,267290326,4597,JPY,2023-12-07,62.0,68.0,56.0,57.0,24439300,3653,62.7
JP3436500007,267290326,4597,JPY,2023-12-08,56.0,70.0,54.0,69.0,31133900,5319,63.7
JP3436500007,267290326,4597,JPY,2023-12-11,70.0,72.0,59.0,61.0,27336800,6058,63.9
JP3436500007,267290326,4597,JPY,2023-12-12,61.0,69.0,58.0,67.0,17949200,4836,63.8
JP3436500007,267290326,4597,JPY,2023-12-13,66.0,71.0,62.0,63.0,23257100,5104,67.0
JP3436500007,267290326,4597,JPY,2023-12-14,62.0,66.0,55.0,57.0,23910300,4124,59.7
JP3436500007,267290326,4597,JPY,2023-12-15,57.0,65.0,51.0,55.0,16190600,4274,56.0
JP3436500007,267290326,4597,JPY,2023-12-18,54.0,59.0,51.0,57.0,8880000,2226,55.7
JP3436500007,267290326,4597,JPY,2023-12-19,57.0,58.0,51.0,53.0,11098900,1684,54.1
JP3436500007,267290326,4597,JPY,2023-12-20,54.0,56.0,51.0,54.0,5351800,1342,53.7
JP3436500007,267290326,4597,JPY,2023-12-21,54.0,57.0,52.0,55.0,5512400,862,54.5
JP3436500007,267290326,4597,JPY,2023-12-22,55.0,59.0,54.0,56.0,5513200,1236,57.0
JP3436500007,267290326,4597,JPY,2023-12-25,56.0,57.0,50.0,53.0,12209900,2054,52.6
JP3436500007,267290326,4597,JPY,2023-12-26,52.0,53.0,50.0,51.0,4267600,1712,51.3
JP3436500007,267290326,4597,JPY,2023-12-27,51.0,53.0,49.0,50.0,4480700,1095,50.3
JP3436500007,267290326,4597,JPY,2023-12-28,50.0,62.0,41.0,58.0,18505000,3340,57.0
JP3436500007,267290326,4597,JPY,2023-12-29,41.0,49.0,40.0,45.0,22745200,7440,46.4
