ISIN,conId,Symbol,Currency,date,open,high,low,close,volume,barCount,average
LU0274209740,42751158,DBXJ,EUR,2019-01-02,46.059,47.27,45.745,47.27,11276,50,46.55205
LU0274209740,42751158,DBXJ,EUR,2019-01-03,46.98,47.303,46.66,46.79,11660,69,47.02065
LU0274209740,42751158,DBXJ,EUR,2019-01-04,47.225,48.25,47.18,48.245,12992,59,47.55905
LU0274209740,42751158,DBXJ,EUR,2019-01-07,48.64,48.64,48.005,48.27,43275,77,48.1644
LU0274209740,42751158,DBXJ,EUR,2019-01-08,48.35,48.758,48.29,48.55,9414,66,48.5096
LU0274209740,42751158,DBXJ,EUR,2019-01-09,48.616,48.734,48.28,48.28,37299,83,48.502
LU0274209740,42751158,DBXJ,EUR,2019-01-10,48.146,48.805,48.146,48.805,22992,68,48.3243
LU0274209740,42751158,DBXJ,EUR,2019-01-11,48.514,48.514,48.209,48.495,6598,47,48.3586
LU0274209740,42751158,DBXJ,EUR,2019-01-14,48.14,48.42,47.96,48.205,7750,52,48.22235
LU0274209740,42751158,DBXJ,EUR,2019-01-15,49.011,49.27,48.901,49.115,6789,50,49.0354
LU0274209740,42751158,DBXJ,EUR,2019-01-16,49.228,49.425,49.22,49.38,13111,25,49.3336
LU0274209740,42751158,DBXJ,EUR,2019-01-17,49.019,49.295,48.864,49.26,9079,88,49.1215
LU0274209740,42751158,DBXJ,EUR,2019-01-18,49.544,50.11,49.459,50.11,21817,55,49.74425
LU0274209740,42751158,DBXJ,EUR,2019-01-21,50.12,50.12,49.675,49.79,22207,60,49.8189
LU0274209740,42751158,DBXJ,EUR,2019-01-22,49.589,49.659,49.1,49.1,12252,42,49.4949
LU0274209740,42751158,DBXJ,EUR,2019-01-23,49.138,49.426,48.945,48.945,37350,83,49.15865
LU0274209740,42751158,DBXJ,EUR,2019-01-24,49.193,49.61,49.181,49.61,22952,135,49.4177
LU0274209740,42751158,DBXJ,EUR,2019-01-25,50.01,50.01,49.615,49.615,28805,61,49.8829
LU0274209740,42751158,DBXJ,EUR,2019-01-28,49.405,49.456,49.065,49.205,11536,111,49.3352
LU0274209740,42751158,DBXJ,EUR,2019-01-29,49.27,49.622,49.27,49.33,9453,39,49.4748
LU0274209740,42751158,DBXJ,EUR,2019-01-30,49.44,49.71,49.419,49.665,6485,38,49.4908
LU0274209740,42751158,DBXJ,EUR,2019-01-31,49.782,49.885,49.55,49.885,21636,50,49.7596
LU0274209740,42751158,DBXJ,EUR,2019-02-01,49.784,49.81,49.455,49.56,57557,106,49.6934
LU0274209740,42751158,DBXJ,EUR,2019-02-04,49.82,49.865,49.561,49.785,10745,34,49.7021
LU0274209740,42751158,DBXJ,EUR,2019-02-05,49.812,50.226,49.812,50.08,17758,68,50.0927
LU0274209740,42751158,DBXJ,EUR,2019-02-06,49.995,50.06,49.88,49.88,16607,122,49.9429
LU0274209740,42751158,DBXJ,EUR,2019-02-07,49.766,49.779,49.26,49.26,14065,53,49.4757
LU0274209740,42751158,DBXJ,EUR,2019-02-08,48.877,49.048,48.62,48.82,15248,50,48.7128
LU0274209740,42751158,DBXJ,EUR,2019-02-11,49.13,49.209,48.973,49.155,19197,103,49.1112
LU0274209740,42751158,DBXJ,EUR,2019-02-12,49.83,50.07,49.745,49.745,21007,49,49.9695
LU0274209740,42751158,DBXJ,EUR,2019-02-13,50.198,50.334,50.02,50.29,21896,59,50.2312
LU0274209740,42751158,DBXJ,EUR,2019-02-14,50.386,50.45,50.0,50.09,27325,55,50.2425
LU0274209740,42751158,DBXJ,EUR,2019-02-15,50.06,50.754,50.04,50.73,15127,61,50.32
LU0274209740,42751158,DBXJ,EUR,2019-02-18,50.758,50.758,50.48,50.48,12435,45,50.6222
LU0274209740,42751158,DBXJ,EUR,2019-02-19,50.61,50.662,50.508,50.63,9129,40,50.5971
LU0274209740,42751158,DBXJ,EUR,2019-02-20,50.75,50.812,50.64,50.68,10283,45,50.7367
LU0274209740,42751158,DBXJ,EUR,2019-02-21,50.756,50.808,50.526,50.58,14693,69,50.6332
LU0274209740,42751158,DBXJ,EUR,2019-02-22,50.552,50.812,50.548,50.76,19466,68,50.7565
LU0274209740,42751158,DBXJ,EUR,2019-02-25,51.154,51.164,50.86,50.86,13301,56,51.1139
LU0274209740,42751158,DBXJ,EUR,2019-02-26,50.888,51.064,50.802,51.0,14934,55,50.9235
LU0274209740,42751158,DBXJ,EUR,2019-02-27,50.9,50.9,50.666,50.76,15026,40,50.7674
LU0274209740,42751158,DBXJ,EUR,2019-02-28,50.164,50.41,50.164,50.27,13446,51,50.2984
LU0274209740,42751158,DBXJ,EUR,2019-03-01,50.336,50.49,50.142,50.46,26750,63,50.3176
LU0274209740,42751158,DBXJ,EUR,2019-03-04,50.494,50.68,50.38,50.38,7114,61,50.6095
LU0274209740,42751158,DBXJ,EUR,2019-03-05,50.65,50.672,50.426,50.62,16251,56,50.5416
LU0274209740,42751158,DBXJ,EUR,2019-03-06,50.486,50.504,50.32,50.32,15984,60,50.4209
LU0274209740,42751158,DBXJ,EUR,2019-03-07,49.95,50.33,49.95,50.26,12133,60,50.0703
LU0274209740,42751158,DBXJ,EUR,2019-03-08,49.903,49.955,49.62,49.91,24146,46,49.7501
LU0274209740,42751158,DBXJ,EUR,2019-03-11,50.18,50.5,50.0,50.47,7405,60,50.1992
LU0274209740,42751158,DBXJ,EUR,2019-03-12,50.58,50.616,50.37,50.37,8648,64,50.5049
LU0274209740,42751158,DBXJ,EUR,2019-03-13,50.2,50.558,50.16,50.38,20852,153,50.3841
LU0274209740,42751158,DBXJ,EUR,2019-03-14,49.988,50.07,49.863,49.875,11413,39,49.9574
LU0274209740,42751158,DBXJ,EUR,2019-03-15,50.11,50.47,50.11,50.41,15195,52,50.2991
LU0274209740,42751158,DBXJ,EUR,2019-03-18,50.72,50.72,50.35,50.54,13302,79,50.4692
LU0274209740,42751158,DBXJ,EUR,2019-03-19,50.494,50.694,50.42,50.42,20457,52,50.6011
LU0274209740,42751158,DBXJ,EUR,2019-03-20,50.442,50.51,50.1,50.1,15717,257,50.3453
LU0274209740,42751158,DBXJ,EUR,2019-03-21,50.272,50.752,50.132,50.72,70086,72,50.2553
LU0274209740,42751158,DBXJ,EUR,2019-03-22,50.69,50.952,50.51,50.51,21013,72,50.8241
LU0274209740,42751158,DBXJ,EUR,2019-03-25,50.224,50.51,50.072,50.51,9544,50,50.1794
LU0274209740,42751158,DBXJ,EUR,2019-03-26,51.06,51.43,51.06,51.27,13809,64,51.2177
LU0274209740,42751158,DBXJ,EUR,2019-03-27,51.434,51.438,50.94,51.09,14744,48,51.3089
LU0274209740,42751158,DBXJ,EUR,2019-03-28,51.17,51.22,51.026,51.22,15754,46,51.1092
LU0274209740,42751158,DBXJ,EUR,2019-03-29,51.222,51.36,51.126,51.36,20916,52,51.2581
LU0274209740,42751158,DBXJ,EUR,2019-04-01,51.55,51.97,51.542,51.97,26750,92,51.6305
LU0274209740,42751158,DBXJ,EUR,2019-04-02,51.45,51.74,51.41,51.41,10766,57,51.6296
LU0274209740,42751158,DBXJ,EUR,2019-04-03,51.866,51.95,51.71,51.71,16072,100,51.8855
LU0274209740,42751158,DBXJ,EUR,2019-04-04,51.662,51.83,51.58,51.77,12201,51,51.7403
LU0274209740,42751158,DBXJ,EUR,2019-04-05,51.746,51.924,51.644,51.84,8614,58,51.7405
LU0274209740,42751158,DBXJ,EUR,2019-04-08,51.86,51.86,51.412,51.56,9789,71,51.5525
LU0274209740,42751158,DBXJ,EUR,2019-04-09,51.47,51.534,51.18,51.21,7212,50,51.3613
LU0274209740,42751158,DBXJ,EUR,2019-04-10,51.316,51.43,51.18,51.18,8465,47,51.3161
LU0274209740,42751158,DBXJ,EUR,2019-04-11,51.14,51.208,51.05,51.08,11640,57,51.1286
LU0274209740,42751158,DBXJ,EUR,2019-04-12,50.792,51.22,50.77,51.19,16777,66,51.0547
LU0274209740,42751158,DBXJ,EUR,2019-04-15,51.21,51.41,51.19,51.19,21553,66,51.265
LU0274209740,42751158,DBXJ,EUR,2019-04-16,51.344,51.648,51.344,51.54,29185,68,51.5068
LU0274209740,42751158,DBXJ,EUR,2019-04-17,51.448,51.652,51.35,51.51,8059,51,51.5541
LU0274209740,42751158,DBXJ,EUR,2019-04-18,51.13,51.826,51.13,51.79,11524,50,51.6043
LU0274209740,42751158,DBXJ,EUR,2019-04-23,51.59,51.948,51.5,51.93,13540,76,51.7064
LU0274209740,42751158,DBXJ,EUR,2019-04-24,51.44,51.6,51.44,51.6,15287,63,51.5335
LU0274209740,42751158,DBXJ,EUR,2019-04-25,51.986,52.054,51.804,51.81,11527,47,51.9014
LU0274209740,42751158,DBXJ,EUR,2019-04-26,51.97,52.24,51.94,52.24,10236,52,52.048
LU0274209740,42751158,DBXJ,EUR,2019-04-29,52.488,52.488,52.208,52.22,15082,45,52.2507
LU0274209740,42751158,DBXJ,EUR,2019-04-30,52.12,52.206,51.99,52.04,16238,59,52.0929
LU0274209740,42751158,DBXJ,EUR,2019-05-02,52.0,52.05,51.8,51.97,5994,35,51.9668
LU0274209740,42751158,DBXJ,EUR,2019-05-03,52.028,52.53,52.028,52.53,9963,67,52.267
LU0274209740,42751158,DBXJ,EUR,2019-05-06,51.98,51.98,51.48,51.97,14639,63,51.6592
LU0274209740,42751158,DBXJ,EUR,2019-05-07,51.828,51.878,51.0,51.13,49738,110,51.6475
LU0274209740,42751158,DBXJ,EUR,2019-05-08,51.04,51.122,50.542,50.75,16527,67,50.7117
LU0274209740,42751158,DBXJ,EUR,2019-05-09,50.34,50.462,49.774,50.32,37094,91,50.1849
LU0274209740,42751158,DBXJ,EUR,2019-05-10,50.34,50.46,49.75,50.45,25159,50,50.2403
LU0274209740,42751158,DBXJ,EUR,2019-05-13,50.59,50.59,49.455,49.455,14839,55,49.9294
LU0274209740,42751158,DBXJ,EUR,2019-05-14,49.961,50.294,49.916,50.29,21194,75,50.1675
LU0274209740,42751158,DBXJ,EUR,2019-05-15,50.47,50.47,49.989,50.4,23784,68,50.0887
LU0274209740,42751158,DBXJ,EUR,2019-05-16,50.33,50.88,50.23,50.67,15260,48,50.4359
LU0274209740,42751158,DBXJ,EUR,2019-05-17,50.85,50.936,50.58,50.58,20342,57,50.788
LU0274209740,42751158,DBXJ,EUR,2019-05-20,50.78,50.78,50.214,50.3,6467,57,50.4415
LU0274209740,42751158,DBXJ,EUR,2019-05-21,50.6,50.672,50.458,50.6,24978,60,50.5651
LU0274209740,42751158,DBXJ,EUR,2019-05-22,50.314,50.348,50.092,50.26,13284,52,50.2455
LU0274209740,42751158,DBXJ,EUR,2019-05-23,50.25,50.25,49.75,49.75,9013,47,50.0461
LU0274209740,42751158,DBXJ,EUR,2019-05-24,50.392,50.5,50.252,50.37,12049,38,50.4523
LU0274209740,42751158,DBXJ,EUR,2019-05-27,50.66,50.686,50.598,50.63,7732,40,50.645
LU0274209740,42751158,DBXJ,EUR,2019-05-28,50.708,50.708,50.21,50.21,19954,57,50.5351
LU0274209740,42751158,DBXJ,EUR,2019-05-29,50.236,50.244,50.09,50.09,35319,51,50.183
LU0274209740,42751158,DBXJ,EUR,2019-05-30,50.28,50.34,50.25,50.25,423,5,50.2949
LU0274209740,42751158,DBXJ,EUR,2019-05-31,49.787,49.832,49.433,49.585,15503,60,49.5811
LU0274209740,42751158,DBXJ,EUR,2019-06-03,49.779,49.826,49.5,49.5,37270,72,49.706
LU0274209740,42751158,DBXJ,EUR,2019-06-04,49.233,50.05,49.233,50.05,17480,98,49.6486
LU0274209740,42751158,DBXJ,EUR,2019-06-05,50.182,50.408,49.99,50.25,4790,35,50.2082
LU0274209740,42751158,DBXJ,EUR,2019-06-06,50.256,50.44,49.935,50.09,11256,53,50.2762
LU0274209740,42751158,DBXJ,EUR,2019-06-07,50.254,50.392,50.156,50.28,11639,54,50.3062
LU0274209740,42751158,DBXJ,EUR,2019-06-11,50.806,51.122,50.806,50.82,9580,60,50.9938
LU0274209740,42751158,DBXJ,EUR,2019-06-12,50.6,50.68,50.46,50.46,16624,45,50.6433
LU0274209740,42751158,DBXJ,EUR,2019-06-13,50.408,50.62,50.408,50.43,9785,59,50.5623
LU0274209740,42751158,DBXJ,EUR,2019-06-14,50.604,50.652,50.47,50.63,11900,53,50.5926
LU0274209740,42751158,DBXJ,EUR,2019-06-17,50.704,50.8,50.63,50.69,10987,47,50.7015
LU0274209740,42751158,DBXJ,EUR,2019-06-18,50.39,51.12,50.36,51.12,39668,80,50.7952
LU0274209740,42751158,DBXJ,EUR,2019-06-19,51.4,51.45,51.27,51.45,11338,50,51.3364
LU0274209740,42751158,DBXJ,EUR,2019-06-20,51.648,51.732,51.622,51.65,1406,14,51.687
LU0274209740,42751158,DBXJ,EUR,2019-06-21,51.25,51.25,50.79,50.79,49634,83,51.0916
LU0274209740,42751158,DBXJ,EUR,2019-06-24,50.97,50.97,50.62,50.62,20183,65,50.7051
LU0274209740,42751158,DBXJ,EUR,2019-06-25,50.676,50.84,50.58,50.58,21045,49,50.8088
LU0274209740,42751158,DBXJ,EUR,2019-06-26,50.568,50.864,50.47,50.47,40537,57,50.7069
LU0274209740,42751158,DBXJ,EUR,2019-06-27,50.882,50.882,50.642,50.71,24625,44,50.789
LU0274209740,42751158,DBXJ,EUR,2019-06-28,50.91,51.05,50.884,50.91,33874,99,50.9409
LU0274209740,42751158,DBXJ,EUR,2019-07-01,52.032,52.056,51.89,51.98,47123,62,51.966
LU0274209740,42751158,DBXJ,EUR,2019-07-02,52.162,52.198,51.994,52.15,25169,79,52.1147
LU0274209740,42751158,DBXJ,EUR,2019-07-03,52.202,52.43,52.17,52.37,31411,77,52.3076
LU0274209740,42751158,DBXJ,EUR,2019-07-04,52.38,52.444,52.374,52.4,77057,72,52.3984
LU0274209740,42751158,DBXJ,EUR,2019-07-05,52.392,52.454,52.21,52.3,9046,60,52.3477
LU0274209740,42751158,DBXJ,EUR,2019-07-08,51.88,52.24,51.88,52.09,6298,45,52.1265
LU0274209740,42751158,DBXJ,EUR,2019-07-09,51.76,51.812,51.63,51.71,27917,78,51.7594
LU0274209740,42751158,DBXJ,EUR,2019-07-10,51.648,51.994,51.62,51.77,12356,55,51.8048
LU0274209740,42751158,DBXJ,EUR,2019-07-11,52.07,52.08,51.8,51.84,11205,54,51.9593
LU0274209740,42751158,DBXJ,EUR,2019-07-12,51.672,51.9,51.668,51.84,21401,49,51.8123
LU0274209740,42751158,DBXJ,EUR,2019-07-15,51.69,52.06,51.69,51.9,11134,43,51.9398
LU0274209740,42751158,DBXJ,EUR,2019-07-16,51.74,51.866,51.722,51.74,13937,55,51.8121
LU0274209740,42751158,DBXJ,EUR,2019-07-17,51.856,51.9,51.66,51.66,11881,42,51.8205
LU0274209740,42751158,DBXJ,EUR,2019-07-18,50.992,51.244,50.992,51.22,7854,36,51.1231
LU0274209740,42751158,DBXJ,EUR,2019-07-19,51.762,51.86,51.696,51.7,12559,60,51.7731
LU0274209740,42751158,DBXJ,EUR,2019-07-22,51.632,51.798,51.632,51.74,7732,41,51.7263
LU0274209740,42751158,DBXJ,EUR,2019-07-23,52.198,52.51,52.176,52.49,7926,56,52.3636
LU0274209740,42751158,DBXJ,EUR,2019-07-24,52.566,52.65,52.462,52.65,13213,46,52.5303
LU0274209740,42751158,DBXJ,EUR,2019-07-25,52.762,52.768,51.902,52.02,16940,49,52.5248
LU0274209740,42751158,DBXJ,EUR,2019-07-26,52.12,52.31,52.12,52.27,12618,45,52.2019
LU0274209740,42751158,DBXJ,EUR,2019-07-29,52.17,52.33,52.08,52.08,8979,30,52.2332
LU0274209740,42751158,DBXJ,EUR,2019-07-30,52.186,52.304,51.7,51.7,8089,37,52.0551
LU0274209740,42751158,DBXJ,EUR,2019-07-31,51.92,52.108,51.92,52.01,17679,30,51.9637
LU0274209740,42751158,DBXJ,EUR,2019-08-01,52.184,52.712,51.85,51.85,12771,41,52.4391
LU0274209740,42751158,DBXJ,EUR,2019-08-02,51.808,51.89,51.37,51.53,26644,68,51.7044
LU0274209740,42751158,DBXJ,EUR,2019-08-05,51.326,51.326,49.955,49.995,8871,58,50.7442
LU0274209740,42751158,DBXJ,EUR,2019-08-06,50.474,50.67,50.226,50.56,9284,51,50.4927
LU0274209740,42751158,DBXJ,EUR,2019-08-07,50.79,51.082,50.168,50.89,11015,50,50.7303
LU0274209740,42751158,DBXJ,EUR,2019-08-08,50.7,51.29,50.61,51.29,8589,51,50.8361
LU0274209740,42751158,DBXJ,EUR,2019-08-09,50.98,51.05,50.708,50.77,32713,50,50.9601
LU0274209740,42751158,DBXJ,EUR,2019-08-12,51.016,51.016,50.22,50.22,7480,43,50.6999
LU0274209740,42751158,DBXJ,EUR,2019-08-13,50.458,50.964,50.28,50.92,13887,54,50.5353
LU0274209740,42751158,DBXJ,EUR,2019-08-14,50.54,50.56,49.905,49.905,9527,50,50.2177
LU0274209740,42751158,DBXJ,EUR,2019-08-15,50.616,50.66,50.21,50.49,22068,47,50.4436
LU0274209740,42751158,DBXJ,EUR,2019-08-16,50.69,51.12,50.69,51.12,9963,57,50.9567
LU0274209740,42751158,DBXJ,EUR,2019-08-19,50.98,51.224,50.98,51.17,128566,135,51.1488
LU0274209740,42751158,DBXJ,EUR,2019-08-20,51.3,51.4,50.94,50.94,13324,45,51.2851
LU0274209740,42751158,DBXJ,EUR,2019-08-21,51.02,51.27,51.02,51.16,8891,40,51.1859
LU0274209740,42751158,DBXJ,EUR,2019-08-22,51.18,51.292,51.03,51.15,7629,36,51.1639
LU0274209740,42751158,DBXJ,EUR,2019-08-23,51.276,51.368,50.22,50.22,6128,42,51.0914
LU0274209740,42751158,DBXJ,EUR,2019-08-26,51.21,51.416,51.0,51.19,18814,34,51.2811
LU0274209740,42751158,DBXJ,EUR,2019-08-27,51.038,51.318,50.982,51.12,12411,40,51.1931
LU0274209740,42751158,DBXJ,EUR,2019-08-28,51.27,51.27,51.03,51.18,12530,40,51.146
LU0274209740,42751158,DBXJ,EUR,2019-08-29,51.374,51.64,51.37,51.56,15925,51,51.5127
LU0274209740,42751158,DBXJ,EUR,2019-08-30,51.72,52.07,51.72,52.07,13451,48,51.9995
LU0274209740,42751158,DBXJ,EUR,2019-09-02,51.946,52.13,51.936,51.98,32554,61,52.04
LU0274209740,42751158,DBXJ,EUR,2019-09-03,52.292,52.352,52.1,52.16,42094,69,52.2716
LU0274209740,42751158,DBXJ,EUR,2019-09-04,52.354,52.378,52.112,52.21,9203,60,52.2061
LU0274209740,42751158,DBXJ,EUR,2019-09-05,52.69,52.69,52.35,52.554,11053,57,52.5273
LU0274209740,42751158,DBXJ,EUR,2019-09-06,52.618,52.73,52.53,52.73,8888,44,52.6188
LU0274209740,42751158,DBXJ,EUR,2019-09-09,53.0,53.226,52.978,52.98,14984,48,53.0737
LU0274209740,42751158,DBXJ,EUR,2019-09-10,53.004,53.11,52.89,53.11,9457,35,53.0231
LU0274209740,42751158,DBXJ,EUR,2019-09-11,53.51,53.936,53.51,53.82,13750,64,53.8188
LU0274209740,42751158,DBXJ,EUR,2019-09-12,54.24,54.614,53.928,53.94,14666,48,54.1017
LU0274209740,42751158,DBXJ,EUR,2019-09-13,54.162,54.59,54.162,54.53,25372,59,54.2914
LU0274209740,42751158,DBXJ,EUR,2019-09-16,54.31,54.786,54.31,54.53,7009,46,54.6601
LU0274209740,42751158,DBXJ,EUR,2019-09-17,54.672,54.696,54.326,54.39,13613,65,54.4358
LU0274209740,42751158,DBXJ,EUR,2019-09-18,54.226,54.48,54.226,54.48,12652,58,54.3096
LU0274209740,42751158,DBXJ,EUR,2019-09-19,54.616,55.01,54.47,54.8,12949,45,54.7542
LU0274209740,42751158,DBXJ,EUR,2019-09-20,54.734,55.122,54.734,54.87,21613,47,54.9815
LU0274209740,42751158,DBXJ,EUR,2019-09-23,55.012,55.05,54.782,54.83,15196,65,54.8538
LU0274209740,42751158,DBXJ,EUR,2019-09-24,55.28,55.42,54.91,54.924,11842,46,55.3296
LU0274209740,42751158,DBXJ,EUR,2019-09-25,55.112,55.48,54.84,55.48,32140,64,55.0784
LU0274209740,42751158,DBXJ,EUR,2019-09-26,55.334,55.82,55.31,55.68,19426,73,55.6474
LU0274209740,42751158,DBXJ,EUR,2019-09-27,55.17,55.304,54.745,54.745,10242,57,55.0873
LU0274209740,42751158,DBXJ,EUR,2019-09-30,54.93,55.06,54.592,55.06,12914,43,54.8378
LU0274209740,42751158,DBXJ,EUR,2019-10-01,55.388,55.404,54.66,54.66,32684,73,55.2328
LU0274209740,42751158,DBXJ,EUR,2019-10-02,54.799,54.864,53.952,53.952,19363,85,54.5277
LU0274209740,42751158,DBXJ,EUR,2019-10-04,54.334,54.66,54.152,54.66,54577,64,54.3327
LU0274209740,42751158,DBXJ,EUR,2019-10-07,54.398,54.655,54.398,54.655,17529,55,54.4837
LU0274209740,42751158,DBXJ,EUR,2019-10-08,54.51,54.61,54.278,54.305,15966,52,54.4229
LU0274209740,42751158,DBXJ,EUR,2019-10-09,54.448,54.696,54.448,54.6,47190,60,54.6211
LU0274209740,42751158,DBXJ,EUR,2019-10-10,54.308,54.544,54.08,54.42,11956,46,54.2213
LU0274209740,42751158,DBXJ,EUR,2019-10-11,54.41,55.042,54.41,55.015,13765,54,54.7545
LU0274209740,42751158,DBXJ,EUR,2019-10-14,55.04,55.04,54.63,54.81,10472,45,54.8118
LU0274209740,42751158,DBXJ,EUR,2019-10-15,55.17,55.625,55.17,55.495,18367,44,55.3184
LU0274209740,42751158,DBXJ,EUR,2019-10-16,55.15,55.352,55.116,55.18,50367,60,55.2335
LU0274209740,42751158,DBXJ,EUR,2019-10-17,54.79,55.022,54.695,54.78,29893,44,54.9286
LU0274209740,42751158,DBXJ,EUR,2019-10-18,54.548,54.626,54.47,54.51,19974,56,54.5493
LU0274209740,42751158,DBXJ,EUR,2019-10-21,54.64,55.086,54.61,54.98,37221,58,54.7846
LU0274209740,42751158,DBXJ,EUR,2019-10-22,55.272,55.356,55.02,55.18,9142,48,55.2428
LU0274209740,42751158,DBXJ,EUR,2019-10-23,55.134,55.56,55.13,55.35,9095,40,55.3099
LU0274209740,42751158,DBXJ,EUR,2019-10-24,55.344,55.526,55.328,55.5,18672,50,55.4493
LU0274209740,42751158,DBXJ,EUR,2019-10-25,55.36,55.62,55.21,55.62,7734,42,55.275
LU0274209740,42751158,DBXJ,EUR,2019-10-28,55.46,55.722,55.46,55.64,15093,47,55.6002
LU0274209740,42751158,DBXJ,EUR,2019-10-29,55.886,56.014,55.8,55.84,12964,46,55.8965
LU0274209740,42751158,DBXJ,EUR,2019-10-30,55.83,55.95,55.706,55.754,20192,56,55.8545
LU0274209740,42751158,DBXJ,EUR,2019-10-31,55.806,55.806,55.574,55.66,23284,52,55.6461
LU0274209740,42751158,DBXJ,EUR,2019-11-01,56.146,56.5,56.084,56.268,7785,31,56.2964
LU0274209740,42751158,DBXJ,EUR,2019-11-04,56.528,56.89,56.528,56.788,20094,68,56.6834
LU0274209740,42751158,DBXJ,EUR,2019-11-05,56.87,57.36,56.87,57.304,14918,86,57.1259
LU0274209740,42751158,DBXJ,EUR,2019-11-06,57.22,57.22,56.976,57.194,23519,74,57.1031
LU0274209740,42751158,DBXJ,EUR,2019-11-07,57.51,57.8,57.51,57.764,15440,75,57.6493
LU0274209740,42751158,DBXJ,EUR,2019-11-08,57.356,57.626,57.272,57.61,16585,67,57.4978
LU0274209740,42751158,DBXJ,EUR,2019-11-11,57.51,57.51,57.184,57.37,34155,71,57.292
LU0274209740,42751158,DBXJ,EUR,2019-11-12,57.584,57.846,57.452,57.794,19328,59,57.7043
LU0274209740,42751158,DBXJ,EUR,2019-11-13,57.458,57.552,57.128,57.47,10306,53,57.2997
LU0274209740,42751158,DBXJ,EUR,2019-11-14,57.21,57.262,56.92,57.108,16161,49,57.1059
LU0274209740,42751158,DBXJ,EUR,2019-11-15,57.54,57.65,57.242,57.388,8529,53,57.3094
LU0274209740,42751158,DBXJ,EUR,2019-11-18,57.38,57.448,57.16,57.268,26230,73,57.3212
LU0274209740,42751158,DBXJ,EUR,2019-11-19,57.214,57.338,57.044,57.084,12566,64,57.2458
LU0274209740,42751158,DBXJ,EUR,2019-11-20,57.14,57.208,56.906,57.118,23917,63,57.0777
LU0274209740,42751158,DBXJ,EUR,2019-11-21,56.902,57.1,56.838,56.98,16166,57,56.9916
LU0274209740,42751158,DBXJ,EUR,2019-11-22,57.1,57.274,57.058,57.218,12649,50,57.163
LU0274209740,42751158,DBXJ,EUR,2019-11-25,57.62,57.748,57.55,57.73,18826,64,57.6415
LU0274209740,42751158,DBXJ,EUR,2019-11-26,57.584,57.688,57.49,57.674,27721,78,57.5902
LU0274209740,42751158,DBXJ,EUR,2019-11-27,57.86,57.892,57.75,57.862,24766,64,57.8379
LU0274209740,42751158,DBXJ,EUR,2019-11-28,57.57,57.67,57.534,57.634,26579,55,57.6056
LU0274209740,42751158,DBXJ,EUR,2019-11-29,57.142,57.38,57.142,57.264,4431,47,57.2698
LU0274209740,42751158,DBXJ,EUR,2019-12-02,57.51,57.664,56.43,56.43,28720,75,57.1856
LU0274209740,42751158,DBXJ,EUR,2019-12-03,57.074,57.118,56.482,56.688,22288,69,56.8341
LU0274209740,42751158,DBXJ,EUR,2019-12-04,57.042,57.604,57.04,57.572,11656,53,57.3289
LU0274209740,42751158,DBXJ,EUR,2019-12-05,57.61,57.61,57.308,57.328,12116,48,57.5008
LU0274209740,42751158,DBXJ,EUR,2019-12-06,57.51,58.328,57.466,58.28,27492,66,57.9881
LU0274209740,42751158,DBXJ,EUR,2019-12-09,58.19,58.2,57.95,57.97,16577,70,58.0274
LU0274209740,42751158,DBXJ,EUR,2019-12-10,57.82,57.906,57.582,57.848,14553,47,57.7504
LU0274209740,42751158,DBXJ,EUR,2019-12-11,57.734,57.754,57.428,57.754,23064,69,57.6282
LU0274209740,42751158,DBXJ,EUR,2019-12-12,57.486,57.856,57.268,57.722,68894,86,57.4949
LU0274209740,42751158,DBXJ,EUR,2019-12-13,57.646,57.818,57.442,57.766,56570,105,57.6227
LU0274209740,42751158,DBXJ,EUR,2019-12-16,58.22,58.22,57.73,58.106,53129,76,57.9341
LU0274209740,42751158,DBXJ,EUR,2019-12-17,57.914,57.97,57.69,57.932,15145,49,57.8906
LU0274209740,42751158,DBXJ,EUR,2019-12-18,57.81,57.88,57.692,57.804,31502,59,57.7916
LU0274209740,42751158,DBXJ,EUR,2019-12-19,57.786,57.87,57.628,57.822,17520,49,57.7481
LU0274209740,42751158,DBXJ,EUR,2019-12-20,57.606,58.116,57.552,58.116,13201,65,57.7942
LU0274209740,42751158,DBXJ,EUR,2019-12-23,57.908,57.93,57.71,57.876,55188,90,57.823
LU0274209740,42751158,DBXJ,EUR,2019-12-27,57.79,57.79,57.22,57.376,21275,57,57.3574
LU0274209740,42751158,DBXJ,EUR,2019-12-30,57.24,57.24,56.912,57.054,10266,36,57.0158
LU0274209740,42751158,DBXJ,EUR,2020-01-02,57.91,57.92,57.182,57.35,73802,104,57.4918
LU0274209740,42751158,DBXJ,EUR,2020-01-03,57.026,57.276,56.85,57.184,36467,106,57.076
LU0274209740,42751158,DBXJ,EUR,2020-01-06,56.773,57.078,56.634,57.026,30925,107,56.8668
LU0274209740,42751158,DBXJ,EUR,2020-01-07,57.512,57.704,57.428,57.566,20857,86,57.5652
LU0274209740,42751158,DBXJ,EUR,2020-01-08,57.208,57.596,57.174,57.572,23365,85,57.3951
LU0274209740,42751158,DBXJ,EUR,2020-01-09,57.974,58.024,57.836,58.004,14752,67,57.9351
LU0274209740,42751158,DBXJ,EUR,2020-01-10,57.964,57.964,57.638,57.638,51953,95,57.8219
LU0274209740,42751158,DBXJ,EUR,2020-01-13,57.72,57.736,57.428,57.498,14567,72,57.6364
LU0274209740,42751158,DBXJ,EUR,2020-01-14,57.484,57.81,57.484,57.752,15400,89,57.6703
LU0274209740,42751158,DBXJ,EUR,2020-01-15,57.612,57.684,57.4,57.468,17081,73,57.4808
LU0274209740,42751158,DBXJ,EUR,2020-01-16,57.4,57.576,57.328,57.568,21028,67,57.3962
LU0274209740,42751158,DBXJ,EUR,2020-01-17,57.65,57.82,57.572,57.778,31646,93,57.7238
LU0274209740,42751158,DBXJ,EUR,2020-01-20,58.1,58.11,57.956,58.078,18143,82,58.0344
LU0274209740,42751158,DBXJ,EUR,2020-01-21,57.776,57.776,57.62,57.73,16323,62,57.7079
LU0274209740,42751158,DBXJ,EUR,2020-01-22,58.08,58.142,57.884,57.916,29059,98,58.0054
LU0274209740,42751158,DBXJ,EUR,2020-01-23,57.874,58.084,57.722,57.99,17240,77,57.8751
LU0274209740,42751158,DBXJ,EUR,2020-01-24,58.14,58.462,57.98,58.204,40061,86,58.2944
LU0274209740,42751158,DBXJ,EUR,2020-01-27,57.656,57.71,57.1,57.18,9852,53,57.2513
LU0274209740,42751158,DBXJ,EUR,2020-01-28,57.25,57.8,57.026,57.544,24415,88,57.3281
LU0274209740,42751158,DBXJ,EUR,2020-01-29,57.558,57.74,57.43,57.608,34036,156,57.6576
LU0274209740,42751158,DBXJ,EUR,2020-01-30,56.68,56.968,56.588,56.824,17917,75,56.8056
LU0274209740,42751158,DBXJ,EUR,2020-01-31,56.832,56.86,55.99,56.116,27988,80,56.5547
LU0274209740,42751158,DBXJ,EUR,2020-02-03,56.42,56.84,56.348,56.594,57689,95,56.4965
LU0274209740,42751158,DBXJ,EUR,2020-02-04,57.116,57.612,57.116,57.608,21799,86,57.4141
LU0274209740,42751158,DBXJ,EUR,2020-02-05,57.468,58.24,57.468,58.188,33748,56,57.9198
LU0274209740,42751158,DBXJ,EUR,2020-02-06,58.654,58.75,58.484,58.718,10271,67,58.6032
LU0274209740,42751158,DBXJ,EUR,2020-02-07,58.516,58.604,58.34,58.528,16656,75,58.5106
LU0274209740,42751158,DBXJ,EUR,2020-02-10,58.76,58.76,58.048,58.452,8687,56,58.233
LU0274209740,42751158,DBXJ,EUR,2020-02-11,58.94,59.046,58.71,58.85,15305,74,58.9211
LU0274209740,42751158,DBXJ,EUR,2020-02-12,58.37,58.85,58.37,58.674,18155,65,58.5519
LU0274209740,42751158,DBXJ,EUR,2020-02-13,58.33,58.76,58.028,58.554,22184,74,58.2638
LU0274209740,42751158,DBXJ,EUR,2020-02-14,58.258,58.302,57.9,58.072,23706,77,58.1276
LU0274209740,42751158,DBXJ,EUR,2020-02-17,57.934,57.984,57.796,57.878,13051,86,57.864
LU0274209740,42751158,DBXJ,EUR,2020-02-18,57.23,57.526,57.2,57.288,23448,89,57.3386
LU0274209740,42751158,DBXJ,EUR,2020-02-19,57.552,57.576,57.34,57.49,28396,149,57.46
LU0274209740,42751158,DBXJ,EUR,2020-02-20,57.158,57.158,56.47,56.572,17881,75,56.8543
LU0274209740,42751158,DBXJ,EUR,2020-02-21,56.45,56.622,55.948,56.152,13133,77,56.3055
LU0274209740,42751158,DBXJ,EUR,2020-02-24,54.801,54.801,54.07,54.308,61151,134,54.3774
LU0274209740,42751158,DBXJ,EUR,2020-02-25,55.324,55.324,53.892,54.19,53394,123,54.7712
LU0274209740,42751158,DBXJ,EUR,2020-02-26,54.54,54.82,53.74,54.62,38547,99,54.4213
LU0274209740,42751158,DBXJ,EUR,2020-02-27,53.076,53.704,51.76,52.628,33625,103,52.8578
LU0274209740,42751158,DBXJ,EUR,2020-02-28,51.11,51.608,50.45,51.09,91906,153,51.1004
LU0274209740,42751158,DBXJ,EUR,2020-03-02,51.75,52.152,50.466,51.028,64566,168,51.2378
LU0274209740,42751158,DBXJ,EUR,2020-03-03,51.332,51.916,51.078,51.112,104835,146,51.4911
LU0274209740,42751158,DBXJ,EUR,2020-03-04,51.292,52.162,51.22,51.7,32267,95,51.6543
LU0274209740,42751158,DBXJ,EUR,2020-03-05,52.006,52.006,50.724,51.158,170734,371,51.1698
LU0274209740,42751158,DBXJ,EUR,2020-03-06,50.834,50.93,49.49,49.852,247859,997,50.1142
LU0274209740,42751158,DBXJ,EUR,2020-03-09,46.64,48.28,45.89,47.232,47825,176,47.4013
LU0274209740,42751158,DBXJ,EUR,2020-03-10,49.574,49.574,47.184,47.501,110435,385,48.7623
LU0274209740,42751158,DBXJ,EUR,2020-03-11,48.946,48.946,47.132,47.764,141109,664,47.7973
LU0274209740,42751158,DBXJ,EUR,2020-03-12,45.835,46.102,41.536,42.352,219250,442,43.479
LU0274209740,42751158,DBXJ,EUR,2020-03-13,43.752,45.505,42.721,43.654,156693,352,43.8554
LU0274209740,42751158,DBXJ,EUR,2020-03-16,42.512,43.742,40.599,42.538,52768,265,41.9793
LU0274209740,42751158,DBXJ,EUR,2020-03-17,43.582,44.63,41.812,44.111,57600,169,43.1068
LU0274209740,42751158,DBXJ,EUR,2020-03-18,44.108,44.595,42.666,43.747,21244,93,43.6349
LU0274209740,42751158,DBXJ,EUR,2020-03-19,44.813,46.115,44.295,45.479,21043,117,44.9945
LU0274209740,42751158,DBXJ,EUR,2020-03-20,46.938,48.174,45.988,46.423,107942,174,46.6079
LU0274209740,42751158,DBXJ,EUR,2020-03-23,48.666,48.666,44.009,44.426,51309,181,44.9669
LU0274209740,42751158,DBXJ,EUR,2020-03-24,47.502,47.965,46.945,47.922,27485,60,47.4228
LU0274209740,42751158,DBXJ,EUR,2020-03-25,48.51,48.857,46.512,47.608,28339,79,47.7456
LU0274209740,42751158,DBXJ,EUR,2020-03-26,47.216,48.94,47.216,48.722,39398,158,48.0776
LU0274209740,42751158,DBXJ,EUR,2020-03-27,48.504,50.04,48.504,49.119,31179,114,49.15
LU0274209740,42751158,DBXJ,EUR,2020-03-30,50.322,50.322,47.96,49.249,37480,93,48.8206
LU0274209740,42751158,DBXJ,EUR,2020-03-31,49.308,49.308,47.576,48.632,38634,130,48.1433
LU0274209740,42751158,DBXJ,EUR,2020-04-01,46.568,46.964,46.183,46.795,21100,74,46.4933
LU0274209740,42751158,DBXJ,EUR,2020-04-02,46.801,46.914,46.237,46.843,37987,95,46.533
LU0274209740,42751158,DBXJ,EUR,2020-04-03,46.615,46.833,46.14,46.345,11722,73,46.533
LU0274209740,42751158,DBXJ,EUR,2020-04-06,47.932,48.69,47.8,48.446,16050,63,48.2127
LU0274209740,42751158,DBXJ,EUR,2020-04-07,49.918,50.968,49.22,50.04,22433,78,50.3541
LU0274209740,42751158,DBXJ,EUR,2020-04-08,48.955,49.44,48.554,49.26,20954,91,48.8844
LU0274209740,42751158,DBXJ,EUR,2020-04-09,49.706,49.86,49.009,49.617,24959,70,49.3632
LU0274209740,42751158,DBXJ,EUR,2020-04-14,50.462,50.462,49.775,50.058,17165,47,49.9712
LU0274209740,42751158,DBXJ,EUR,2020-04-15,50.354,50.746,49.704,49.796,24117,101,50.1994
LU0274209740,42751158,DBXJ,EUR,2020-04-16,49.982,49.982,49.221,49.664,66552,174,49.5072
LU0274209740,42751158,DBXJ,EUR,2020-04-17,51.136,51.136,49.791,49.874,22657,80,50.3851
LU0274209740,42751158,DBXJ,EUR,2020-04-20,50.48,50.806,49.715,50.106,23032,74,49.9484
LU0274209740,42751158,DBXJ,EUR,2020-04-21,50.258,50.266,49.075,49.075,20508,67,49.5456
LU0274209740,42751158,DBXJ,EUR,2020-04-22,49.52,49.998,49.447,49.922,69765,65,49.663
LU0274209740,42751158,DBXJ,EUR,2020-04-23,50.418,50.888,50.344,50.636,53965,75,50.6442
LU0274209740,42751158,DBXJ,EUR,2020-04-24,50.474,50.69,50.376,50.444,21581,74,50.5248
LU0274209740,42751158,DBXJ,EUR,2020-04-27,51.332,51.332,50.948,51.218,13344,58,51.1219
LU0274209740,42751158,DBXJ,EUR,2020-04-28,51.21,52.29,51.21,52.088,33436,107,52.1376
LU0274209740,42751158,DBXJ,EUR,2020-04-29,52.62,53.364,52.298,53.018,37380,96,53.0489
LU0274209740,42751158,DBXJ,EUR,2020-04-30,52.198,52.198,50.556,50.864,147685,123,51.6879
LU0274209740,42751158,DBXJ,EUR,2020-05-04,50.026,50.026,49.21,49.46,11270,69,49.4068
LU0274209740,42751158,DBXJ,EUR,2020-05-05,50.422,50.92,50.276,50.92,143407,83,50.4907
LU0274209740,42751158,DBXJ,EUR,2020-05-06,50.748,51.324,50.712,50.748,36626,64,50.9429
LU0274209740,42751158,DBXJ,EUR,2020-05-07,51.128,51.416,51.09,51.206,62208,85,51.2657
LU0274209740,42751158,DBXJ,EUR,2020-05-08,51.848,52.082,51.598,51.772,7928,52,51.8289
LU0274209740,42751158,DBXJ,EUR,2020-05-11,52.494,52.698,52.19,52.386,31814,75,52.3788
LU0274209740,42751158,DBXJ,EUR,2020-05-12,52.33,52.33,51.896,52.138,21640,83,52.1406
LU0274209740,42751158,DBXJ,EUR,2020-05-13,51.906,52.438,51.906,52.048,18784,65,52.1549
LU0274209740,42751158,DBXJ,EUR,2020-05-14,51.508,51.508,50.688,51.144,45326,80,50.8968
LU0274209740,42751158,DBXJ,EUR,2020-05-15,51.472,51.774,51.106,51.17,13335,65,51.326
LU0274209740,42751158,DBXJ,EUR,2020-05-18,51.85,52.278,51.85,52.278,24758,68,51.9374
LU0274209740,42751158,DBXJ,EUR,2020-05-19,52.17,52.208,51.49,51.864,20857,82,51.691
LU0274209740,42751158,DBXJ,EUR,2020-05-20,51.892,52.334,51.88,52.29,36914,63,52.1486
LU0274209740,42751158,DBXJ,EUR,2020-05-21,51.692,51.784,51.562,51.616,27799,26,51.6767
LU0274209740,42751158,DBXJ,EUR,2020-05-22,51.28,51.956,51.28,51.916,14436,124,51.7335
LU0274209740,42751158,DBXJ,EUR,2020-05-25,52.468,52.968,52.468,52.968,21602,56,52.7646
LU0274209740,42751158,DBXJ,EUR,2020-05-26,53.606,53.606,53.16,53.298,12634,56,53.2854
LU0274209740,42751158,DBXJ,EUR,2020-05-27,53.716,54.438,53.694,53.872,11664,69,53.9684
LU0274209740,42751158,DBXJ,EUR,2020-05-28,54.504,54.812,54.49,54.604,17017,68,54.6788
LU0274209740,42751158,DBXJ,EUR,2020-05-29,53.882,53.882,53.276,53.276,31651,85,53.537
LU0274209740,42751158,DBXJ,EUR,2020-06-02,54.344,54.726,54.208,54.26,15490,71,54.4537
LU0274209740,42751158,DBXJ,EUR,2020-06-03,53.98,54.446,53.974,54.394,40831,70,54.2889
LU0274209740,42751158,DBXJ,EUR,2020-06-04,53.922,54.23,53.438,53.506,16391,72,54.029
LU0274209740,42751158,DBXJ,EUR,2020-06-05,53.426,54.436,53.414,54.418,81434,120,53.983
LU0274209740,42751158,DBXJ,EUR,2020-06-08,54.104,54.69,54.104,54.56,114117,324,54.4944
LU0274209740,42751158,DBXJ,EUR,2020-06-09,54.936,54.942,54.192,54.32,181608,389,54.5439
LU0274209740,42751158,DBXJ,EUR,2020-06-10,54.59,55.13,54.184,54.35,155575,472,54.4479
LU0274209740,42751158,DBXJ,EUR,2020-06-11,54.0,54.0,51.97,52.716,40880,44,53.2741
LU0274209740,42751158,DBXJ,EUR,2020-06-12,52.802,53.636,52.57,53.502,77810,96,53.3712
LU0274209740,42751158,DBXJ,EUR,2020-06-15,52.015,53.2,52.0,52.502,68484,326,52.5505
LU0274209740,42751158,DBXJ,EUR,2020-06-16,53.458,54.368,53.458,53.956,87333,350,54.0953
LU0274209740,42751158,DBXJ,EUR,2020-06-17,54.18,54.842,54.18,54.626,82542,251,54.607
LU0274209740,42751158,DBXJ,EUR,2020-06-18,54.274,54.75,54.07,54.364,73464,293,54.2635
LU0274209740,42751158,DBXJ,EUR,2020-06-19,54.57,54.812,54.32,54.804,51103,147,54.695
LU0274209740,42751158,DBXJ,EUR,2020-06-22,54.2,54.408,54.026,54.174,19992,65,54.2505
LU0274209740,42751158,DBXJ,EUR,2020-06-23,54.216,54.55,54.216,54.408,58970,170,54.3828
LU0274209740,42751158,DBXJ,EUR,2020-06-24,53.802,53.878,53.23,53.23,53432,100,53.5574
LU0274209740,42751158,DBXJ,EUR,2020-06-25,53.332,53.842,53.08,53.738,69836,113,53.3931
LU0274209740,42751158,DBXJ,EUR,2020-06-26,54.026,54.22,53.6,53.626,11473,67,53.9155
LU0274209740,42751158,DBXJ,EUR,2020-06-29,53.18,53.476,52.968,53.44,19438,86,53.2208
LU0274209740,42751158,DBXJ,EUR,2020-06-30,53.278,53.288,53.026,53.22,29938,68,53.1968
LU0274209740,42751158,DBXJ,EUR,2020-07-01,52.87,53.0,52.506,52.546,29360,70,52.7247
LU0274209740,42751158,DBXJ,EUR,2020-07-02,52.832,53.42,52.696,53.348,34265,72,53.0559
LU0274209740,42751158,DBXJ,EUR,2020-07-03,53.174,53.174,52.778,52.842,17873,55,52.9868
LU0274209740,42751158,DBXJ,EUR,2020-07-06,53.814,53.814,53.394,53.55,13623,50,53.5463
LU0274209740,42751158,DBXJ,EUR,2020-07-07,53.322,53.542,53.254,53.446,10902,50,53.3329
LU0274209740,42751158,DBXJ,EUR,2020-07-08,53.188,53.188,52.64,52.642,34972,54,52.8658
LU0274209740,42751158,DBXJ,EUR,2020-07-09,52.868,52.942,52.488,52.608,11267,79,52.8291
LU0274209740,42751158,DBXJ,EUR,2020-07-10,52.898,53.28,52.898,53.242,16818,71,53.1262
LU0274209740,42751158,DBXJ,EUR,2020-07-13,53.966,54.0,53.37,53.542,36198,81,53.5617
LU0274209740,42751158,DBXJ,EUR,2020-07-14,53.12,53.314,52.866,53.072,40896,56,53.0264
LU0274209740,42751158,DBXJ,EUR,2020-07-15,53.658,54.13,53.558,53.962,52056,88,53.8656
LU0274209740,42751158,DBXJ,EUR,2020-07-16,53.45,53.554,53.216,53.268,24264,52,53.2569
LU0274209740,42751158,DBXJ,EUR,2020-07-17,53.23,53.284,53.032,53.148,11726,45,53.2043
LU0274209740,42751158,DBXJ,EUR,2020-07-20,52.84,53.33,52.836,53.172,35207,73,53.1187
LU0274209740,42751158,DBXJ,EUR,2020-07-21,53.23,53.362,52.77,53.172,12503,66,53.2267
LU0274209740,42751158,DBXJ,EUR,2020-07-22,52.788,52.788,52.35,52.472,10455,53,52.4735
LU0274209740,42751158,DBXJ,EUR,2020-07-23,52.73,52.818,52.394,52.532,9251,52,52.608
LU0274209740,42751158,DBXJ,EUR,2020-07-24,51.956,52.682,51.862,52.108,6239,40,52.1283
LU0274209740,42751158,DBXJ,EUR,2020-07-27,51.616,52.912,51.616,52.488,26960,59,52.6044
LU0274209740,42751158,DBXJ,EUR,2020-07-28,52.33,52.508,52.258,52.508,12179,60,52.3849
LU0274209740,42751158,DBXJ,EUR,2020-07-29,51.992,52.108,51.878,51.98,11773,43,52.0459
LU0274209740,42751158,DBXJ,EUR,2020-07-30,51.316,51.418,50.678,51.042,65698,84,50.7929
LU0274209740,42751158,DBXJ,EUR,2020-07-31,49.971,50.268,49.712,49.901,29513,81,49.961
LU0274209740,42751158,DBXJ,EUR,2020-08-03,50.168,51.05,50.168,51.036,10424,54,50.6237
LU0274209740,42751158,DBXJ,EUR,2020-08-04,51.634,51.634,51.202,51.494,32747,83,51.3781
LU0274209740,42751158,DBXJ,EUR,2020-08-05,51.63,51.706,51.274,51.338,24636,51,51.5305
LU0274209740,42751158,DBXJ,EUR,2020-08-06,51.176,51.338,50.9,51.114,16596,56,51.1751
LU0274209740,42751158,DBXJ,EUR,2020-08-07,51.182,51.41,51.134,51.388,7231,32,51.3
LU0274209740,42751158,DBXJ,EUR,2020-08-10,51.12,51.776,51.12,51.648,21026,52,51.6044
LU0274209740,42751158,DBXJ,EUR,2020-08-11,52.562,52.946,52.522,52.522,23630,53,52.711
LU0274209740,42751158,DBXJ,EUR,2020-08-12,53.084,53.366,53.074,53.32,6505,33,53.2192
LU0274209740,42751158,DBXJ,EUR,2020-08-13,53.262,53.288,52.956,53.032,11110,60,53.0544
LU0274209740,42751158,DBXJ,EUR,2020-08-14,53.194,53.196,52.814,53.054,19044,42,52.9646
LU0274209740,42751158,DBXJ,EUR,2020-08-17,52.982,53.04,52.59,53.038,7306,44,52.8923
LU0274209740,42751158,DBXJ,EUR,2020-08-18,52.932,53.148,52.786,52.9,32938,72,52.9195
LU0274209740,42751158,DBXJ,EUR,2020-08-19,52.942,53.236,52.938,53.17,11692,36,53.0249
LU0274209740,42751158,DBXJ,EUR,2020-08-20,52.63,52.904,52.56,52.772,10705,57,52.7608
LU0274209740,42751158,DBXJ,EUR,2020-08-21,52.95,53.084,52.748,52.848,16132,54,52.9223
LU0274209740,42751158,DBXJ,EUR,2020-08-24,53.318,53.484,53.184,53.41,23821,64,53.3169
LU0274209740,42751158,DBXJ,EUR,2020-08-25,53.9,53.9,53.154,53.328,10315,45,53.4038
LU0274209740,42751158,DBXJ,EUR,2020-08-26,53.162,53.804,52.92,53.514,28207,57,53.2264
LU0274209740,42751158,DBXJ,EUR,2020-08-27,53.156,53.358,52.836,53.212,9296,48,53.2231
LU0274209740,42751158,DBXJ,EUR,2020-08-28,52.64,52.956,52.304,52.834,43114,71,52.8578
LU0274209740,42751158,DBXJ,EUR,2020-08-31,53.216,53.23,52.566,52.568,23741,56,52.7533
LU0274209740,42751158,DBXJ,EUR,2020-09-01,52.818,52.866,52.398,52.634,19901,56,52.6292
LU0274209740,42751158,DBXJ,EUR,2020-09-02,53.38,53.652,53.38,53.564,20973,55,53.5609
LU0274209740,42751158,DBXJ,EUR,2020-09-03,53.65,53.956,52.99,52.99,23206,55,53.5724
LU0274209740,42751158,DBXJ,EUR,2020-09-04,52.816,53.35,52.774,52.882,38173,77,52.954
LU0274209740,42751158,DBXJ,EUR,2020-09-07,53.04,53.122,52.822,53.062,12669,71,52.9803
LU0274209740,42751158,DBXJ,EUR,2020-09-08,53.184,53.184,52.688,52.88,16896,56,52.9082
LU0274209740,42751158,DBXJ,EUR,2020-09-09,53.17,53.18,52.854,52.99,32828,95,53.0113
LU0274209740,42751158,DBXJ,EUR,2020-09-10,53.258,53.322,52.952,53.036,26942,77,53.1505
LU0274209740,42751158,DBXJ,EUR,2020-09-11,53.512,53.748,53.382,53.654,17974,59,53.5713
LU0274209740,42751158,DBXJ,EUR,2020-09-14,53.78,54.2,53.78,53.942,14744,41,53.9584
LU0274209740,42751158,DBXJ,EUR,2020-09-15,53.866,54.174,53.742,54.17,25616,111,54.0834
LU0274209740,42751158,DBXJ,EUR,2020-09-16,54.181,54.562,54.181,54.562,21514,43,54.4704
LU0274209740,42751158,DBXJ,EUR,2020-09-17,54.296,54.59,54.296,54.458,44675,48,54.3899
LU0274209740,42751158,DBXJ,EUR,2020-09-18,54.372,54.666,54.304,54.316,38389,41,54.3722
LU0274209740,42751158,DBXJ,EUR,2020-09-21,54.158,54.296,53.428,53.484,31655,110,53.7192
LU0274209740,42751158,DBXJ,EUR,2020-09-22,54.0,54.0,53.574,53.784,6325,59,53.804
LU0274209740,42751158,DBXJ,EUR,2020-09-23,54.712,55.072,54.712,54.798,15190,55,54.9843
LU0274209740,42751158,DBXJ,EUR,2020-09-24,54.574,54.65,54.348,54.562,7245,48,54.4761
LU0274209740,42751158,DBXJ,EUR,2020-09-25,54.43,54.526,54.24,54.506,21990,50,54.3849
LU0274209740,42751158,DBXJ,EUR,2020-09-28,55.208,55.3,55.094,55.284,44493,52,55.1448
LU0274209740,42751158,DBXJ,EUR,2020-09-29,55.586,55.586,55.016,55.068,9952,47,55.1917
LU0274209740,42751158,DBXJ,EUR,2020-09-30,54.336,54.702,54.244,54.58,26526,60,54.3737
LU0274209740,42751158,DBXJ,EUR,2020-10-01,54.54,54.614,54.394,54.486,26929,68,54.5013
LU0274209740,42751158,DBXJ,EUR,2020-10-02,53.97,54.4,53.92,54.338,9876,59,54.0341
LU0274209740,42751158,DBXJ,EUR,2020-10-05,54.686,54.686,54.35,54.452,7259,43,54.4055
LU0274209740,42751158,DBXJ,EUR,2020-10-06,54.588,54.712,54.49,54.646,6506,48,54.5822
LU0274209740,42751158,DBXJ,EUR,2020-10-07,54.87,54.9,54.644,54.758,34515,64,54.7701
LU0274209740,42751158,DBXJ,EUR,2020-10-08,54.866,55.072,54.818,54.838,18917,67,54.9676
LU0274209740,42751158,DBXJ,EUR,2020-10-09,54.67,54.67,54.396,54.518,28886,83,54.4933
LU0274209740,42751158,DBXJ,EUR,2020-10-12,54.42,54.706,54.35,54.674,9133,49,54.5161
LU0274209740,42751158,DBXJ,EUR,2020-10-13,55.51,55.51,54.632,54.802,39165,78,54.7299
LU0274209740,42751158,DBXJ,EUR,2020-10-14,54.898,55.036,54.868,55.0,12876,55,54.9447
LU0274209740,42751158,DBXJ,EUR,2020-10-15,54.45,54.548,54.336,54.464,29248,86,54.4513
LU0274209740,42751158,DBXJ,EUR,2020-10-16,54.492,54.56,54.212,54.51,14474,69,54.3326
LU0274209740,42751158,DBXJ,EUR,2020-10-19,54.886,54.962,54.38,54.42,6598,45,54.6102
LU0274209740,42751158,DBXJ,EUR,2020-10-20,54.198,54.256,53.968,53.972,33800,61,54.057
LU0274209740,42751158,DBXJ,EUR,2020-10-21,54.188,54.448,54.078,54.26,20410,60,54.279
LU0274209740,42751158,DBXJ,EUR,2020-10-22,54.098,54.344,54.056,54.202,11994,54,54.2169
LU0274209740,42751158,DBXJ,EUR,2020-10-23,54.33,54.388,54.2,54.2,8096,45,54.2922
LU0274209740,42751158,DBXJ,EUR,2020-10-26,53.85,54.03,53.758,53.85,14663,47,53.89
LU0274209740,42751158,DBXJ,EUR,2020-10-27,54.018,54.182,53.946,54.016,14034,57,54.0669
LU0274209740,42751158,DBXJ,EUR,2020-10-28,54.306,54.328,53.85,53.854,12953,63,54.1172
LU0274209740,42751158,DBXJ,EUR,2020-10-29,54.51,54.546,54.32,54.456,16023,78,54.4411
LU0274209740,42751158,DBXJ,EUR,2020-10-30,53.648,54.186,53.636,54.18,13842,68,53.8834
LU0274209740,42751158,DBXJ,EUR,2020-11-02,54.33,54.92,54.33,54.908,22476,72,54.8438
LU0274209740,42751158,DBXJ,EUR,2020-11-03,55.14,55.71,55.14,55.71,9996,62,55.3945
LU0274209740,42751158,DBXJ,EUR,2020-11-04,54.818,55.684,54.818,55.684,17203,65,55.4128
LU0274209740,42751158,DBXJ,EUR,2020-11-05,56.022,56.342,55.858,56.256,31313,74,56.0527
LU0274209740,42751158,DBXJ,EUR,2020-11-06,56.302,56.354,56.044,56.188,60407,90,56.1912
LU0274209740,42751158,DBXJ,EUR,2020-11-09,56.626,58.99,56.626,58.256,28730,104,58.0766
LU0274209740,42751158,DBXJ,EUR,2020-11-10,58.282,58.564,57.238,58.064,29012,102,57.6531
LU0274209740,42751158,DBXJ,EUR,2020-11-11,57.988,58.65,57.956,58.512,18439,77,58.3208
LU0274209740,42751158,DBXJ,EUR,2020-11-12,57.56,57.772,57.384,57.692,44143,85,57.5553
LU0274209740,42751158,DBXJ,EUR,2020-11-13,57.494,58.094,57.184,57.658,12230,59,57.501
LU0274209740,42751158,DBXJ,EUR,2020-11-16,58.462,58.886,58.09,58.666,31157,106,58.6027
LU0274209740,42751158,DBXJ,EUR,2020-11-17,58.6,58.642,58.236,58.642,23520,76,58.4153
LU0274209740,42751158,DBXJ,EUR,2020-11-18,58.298,58.638,58.01,58.638,4870,37,58.4218
LU0274209740,42751158,DBXJ,EUR,2020-11-19,58.35,58.498,58.084,58.438,24296,70,58.2586
LU0274209740,42751158,DBXJ,EUR,2020-11-20,58.432,58.916,58.432,58.912,16033,71,58.806
LU0274209740,42751158,DBXJ,EUR,2020-11-23,59.262,59.654,59.262,59.44,8636,58,59.5071
LU0274209740,42751158,DBXJ,EUR,2020-11-24,59.61,60.106,59.61,60.084,16063,78,59.8957
LU0274209740,42751158,DBXJ,EUR,2020-11-25,59.85,59.85,59.052,59.344,33412,116,59.2473
LU0274209740,42751158,DBXJ,EUR,2020-11-26,59.76,59.854,59.574,59.74,27248,116,59.7552
LU0274209740,42751158,DBXJ,EUR,2020-11-27,59.88,60.196,59.88,60.004,14659,62,60.0897
LU0274209740,42751158,DBXJ,EUR,2020-11-30,59.866,59.866,58.846,58.888,33860,91,59.1233
LU0274209740,42751158,DBXJ,EUR,2020-12-01,59.13,59.552,59.076,59.3,15175,94,59.3285
LU0274209740,42751158,DBXJ,EUR,2020-12-02,58.914,58.954,58.76,58.902,6445,61,58.87
LU0274209740,42751158,DBXJ,EUR,2020-12-03,58.734,58.878,58.654,58.87,11731,61,58.7859
LU0274209740,42751158,DBXJ,EUR,2020-12-04,58.756,59.004,58.63,58.962,14245,84,58.7952
LU0274209740,42751158,DBXJ,EUR,2020-12-07,58.458,58.458,58.08,58.396,30746,96,58.2369
LU0274209740,42751158,DBXJ,EUR,2020-12-08,58.286,58.596,58.052,58.41,24636,115,58.2139
LU0274209740,42751158,DBXJ,EUR,2020-12-09,58.6,59.08,58.6,58.942,22902,69,58.9805
LU0274209740,42751158,DBXJ,EUR,2020-12-10,58.756,58.872,58.438,58.79,16186,79,58.7204
LU0274209740,42751158,DBXJ,EUR,2020-12-11,58.884,58.984,58.606,58.914,17739,66,58.7391
LU0274209740,42751158,DBXJ,EUR,2020-12-14,59.304,59.474,59.096,59.174,18635,62,59.3888
LU0274209740,42751158,DBXJ,EUR,2020-12-15,59.106,59.42,58.9,59.222,22400,79,59.105
LU0274209740,42751158,DBXJ,EUR,2020-12-16,59.4,59.432,59.144,59.296,21154,68,59.2913
LU0274209740,42751158,DBXJ,EUR,2020-12-17,59.384,59.47,59.294,59.398,34140,42,59.4262
LU0274209740,42751158,DBXJ,EUR,2020-12-18,59.134,59.48,59.134,59.37,195992,140,59.3864
LU0274209740,42751158,DBXJ,EUR,2020-12-21,59.072,59.072,58.124,58.302,33666,99,58.3853
LU0274209740,42751158,DBXJ,EUR,2020-12-22,58.628,58.844,58.386,58.734,4298,60,58.5508
LU0274209740,42751158,DBXJ,EUR,2020-12-23,58.746,59.0,58.676,58.936,9861,54,58.8132
LU0274209740,42751158,DBXJ,EUR,2020-12-28,59.304,59.346,59.064,59.266,14842,50,59.2759
LU0274209740,42751158,DBXJ,EUR,2020-12-29,59.646,60.256,59.646,59.982,9249,60,60.0323
LU0274209740,42751158,DBXJ,EUR,2020-12-30,59.936,60.016,59.892,59.952,4303,34,59.956
LU0274209740,42751158,DBXJ,EUR,2021-01-04,59.939,60.018,59.358,59.546,15792,86,59.8107
LU0274209740,42751158,DBXJ,EUR,2021-01-05,59.62,59.772,59.306,59.566,24158,118,59.5587
LU0274209740,42751158,DBXJ,EUR,2021-01-06,59.538,60.306,59.356,60.19,26467,166,59.8187
LU0274209740,42751158,DBXJ,EUR,2021-01-07,60.294,60.488,60.06,60.348,23121,87,60.3231
LU0274209740,42751158,DBXJ,EUR,2021-01-08,61.59,61.598,61.258,61.424,14921,81,61.4421
LU0274209740,42751158,DBXJ,EUR,2021-01-11,61.366,61.656,61.246,61.528,39599,87,61.3752
LU0274209740,42751158,DBXJ,EUR,2021-01-12,61.604,61.648,61.418,61.576,23851,83,61.5688
LU0274209740,42751158,DBXJ,EUR,2021-01-13,61.874,62.03,61.706,61.998,17819,74,61.83
LU0274209740,42751158,DBXJ,EUR,2021-01-14,62.396,62.802,62.34,62.752,22672,108,62.5197
LU0274209740,42751158,DBXJ,EUR,2021-01-15,62.082,62.234,61.642,61.946,32693,126,62.0042
LU0274209740,42751158,DBXJ,EUR,2021-01-18,61.818,62.094,61.818,62.084,11884,73,61.9735
LU0274209740,42751158,DBXJ,EUR,2021-01-19,62.264,62.264,61.814,61.928,16375,86,61.9947
LU0274209740,42751158,DBXJ,EUR,2021-01-20,61.656,62.24,61.656,62.196,22991,75,61.9873
LU0274209740,42751158,DBXJ,EUR,2021-01-21,62.48,62.48,61.776,61.822,11764,82,62.0598
LU0274209740,42751158,DBXJ,EUR,2021-01-22,61.838,61.838,61.452,61.718,22353,83,61.5789
LU0274209740,42751158,DBXJ,EUR,2021-01-25,62.39,62.39,61.634,61.814,22023,83,61.9009
LU0274209740,42751158,DBXJ,EUR,2021-01-26,62.006,62.198,61.994,62.088,22361,86,62.0881
LU0274209740,42751158,DBXJ,EUR,2021-01-27,62.168,62.19,61.198,61.72,24387,121,61.8425
LU0274209740,42751158,DBXJ,EUR,2021-01-28,60.94,61.572,60.218,61.362,36943,98,61.0385
LU0274209740,42751158,DBXJ,EUR,2021-01-29,60.532,60.682,59.988,60.186,39366,109,60.3096
LU0274209740,42751158,DBXJ,EUR,2021-02-01,60.702,61.074,60.584,60.812,18748,102,60.7899
LU0274209740,42751158,DBXJ,EUR,2021-02-02,61.098,61.892,61.098,61.572,20107,83,61.4388
LU0274209740,42751158,DBXJ,EUR,2021-02-03,62.308,62.308,62.016,62.154,19750,77,62.1575
LU0274209740,42751158,DBXJ,EUR,2021-02-04,62.12,62.468,62.05,62.446,22973,76,62.1424
LU0274209740,42751158,DBXJ,EUR,2021-02-05,62.82,63.014,62.584,62.766,46639,110,62.8472
LU0274209740,42751158,DBXJ,EUR,2021-02-08,63.078,63.834,63.078,63.778,23431,119,63.6023
LU0274209740,42751158,DBXJ,EUR,2021-02-09,63.666,63.85,63.518,63.778,17084,101,63.6846
LU0274209740,42751158,DBXJ,EUR,2021-02-10,63.726,63.818,63.274,63.506,38924,229,63.6859
LU0274209740,42751158,DBXJ,EUR,2021-02-11,63.726,63.844,63.594,63.844,55802,95,63.7479
LU0274209740,42751158,DBXJ,EUR,2021-02-12,63.906,64.232,63.69,64.232,27691,72,64.007
LU0274209740,42751158,DBXJ,EUR,2021-02-15,64.534,64.8,64.451,64.748,25084,82,64.5742
LU0274209740,42751158,DBXJ,EUR,2021-02-16,65.004,65.004,64.554,64.868,26132,103,64.837
LU0274209740,42751158,DBXJ,EUR,2021-02-17,64.668,64.888,64.602,64.676,18790,103,64.7814
LU0274209740,42751158,DBXJ,EUR,2021-02-18,64.208,64.296,63.56,63.79,29573,124,63.9021
LU0274209740,42751158,DBXJ,EUR,2021-02-19,64.022,64.228,63.73,64.066,29415,85,63.9301
LU0274209740,42751158,DBXJ,EUR,2021-02-22,63.602,64.112,63.548,64.006,20951,98,63.6705
LU0274209740,42751158,DBXJ,EUR,2021-02-23,63.944,63.944,63.202,63.668,13577,97,63.5359
LU0274209740,42751158,DBXJ,EUR,2021-02-24,62.886,63.302,62.572,63.098,15392,86,62.7557
LU0274209740,42751158,DBXJ,EUR,2021-02-25,63.066,63.066,61.852,62.424,27484,134,62.6
LU0274209740,42751158,DBXJ,EUR,2021-02-26,61.346,61.954,61.182,61.62,31624,86,61.5144
LU0274209740,42751158,DBXJ,EUR,2021-03-01,62.586,62.884,62.056,62.698,15727,111,62.3338
LU0274209740,42751158,DBXJ,EUR,2021-03-02,62.575,62.575,61.934,61.99,42066,124,62.1469
LU0274209740,42751158,DBXJ,EUR,2021-03-03,62.122,62.334,61.754,62.044,37179,83,62.0051
LU0274209740,42751158,DBXJ,EUR,2021-03-04,61.318,61.862,61.0,61.706,53341,173,61.5264
LU0274209740,42751158,DBXJ,EUR,2021-03-05,61.314,62.162,61.114,61.564,33469,112,61.4827
LU0274209740,42751158,DBXJ,EUR,2021-03-08,62.348,62.348,61.424,62.188,54667,159,61.8571
LU0274209740,42751158,DBXJ,EUR,2021-03-09,61.832,62.488,61.782,62.362,43380,124,62.1054
LU0274209740,42751158,DBXJ,EUR,2021-03-10,62.222,62.57,62.132,62.454,33656,89,62.3647
LU0274209740,42751158,DBXJ,EUR,2021-03-11,62.344,62.344,62.028,62.166,24708,93,62.114
LU0274209740,42751158,DBXJ,EUR,2021-03-12,62.924,62.924,62.45,62.648,28160,124,62.6581
LU0274209740,42751158,DBXJ,EUR,2021-03-15,62.882,63.256,62.79,63.068,22711,109,63.1101
LU0274209740,42751158,DBXJ,EUR,2021-03-16,63.508,63.884,63.326,63.884,24349,160,63.6559
LU0274209740,42751158,DBXJ,EUR,2021-03-17,63.838,63.838,63.49,63.728,26812,85,63.6366
LU0274209740,42751158,DBXJ,EUR,2021-03-18,64.2,64.722,64.1,64.672,27220,86,64.4102
LU0274209740,42751158,DBXJ,EUR,2021-03-19,64.544,65.136,64.148,64.522,37164,114,64.6077
LU0274209740,42751158,DBXJ,EUR,2021-03-22,64.76,64.76,63.832,64.202,7669,77,64.0854
LU0274209740,42751158,DBXJ,EUR,2021-03-23,63.502,63.958,63.496,63.874,14226,92,63.6775
LU0274209740,42751158,DBXJ,EUR,2021-03-24,62.686,63.382,62.684,63.37,30629,76,63.0613
LU0274209740,42751158,DBXJ,EUR,2021-03-25,63.832,63.832,63.162,63.814,16320,64,63.496
LU0274209740,42751158,DBXJ,EUR,2021-03-26,64.51,64.51,64.148,64.402,19514,85,64.2828
LU0274209740,42751158,DBXJ,EUR,2021-03-29,64.278,64.452,64.14,64.336,14798,61,64.313
LU0274209740,42751158,DBXJ,EUR,2021-03-30,64.374,64.462,64.028,64.282,22394,96,64.2693
LU0274209740,42751158,DBXJ,EUR,2021-03-31,63.378,63.974,63.324,63.78,20615,65,63.5537
LU0274209740,42751158,DBXJ,EUR,2021-04-01,63.758,63.872,63.388,63.818,19125,85,63.6804
LU0274209740,42751158,DBXJ,EUR,2021-04-06,63.34,64.76,63.184,63.386,17756,97,63.3679
LU0274209740,42751158,DBXJ,EUR,2021-04-07,63.22,63.472,62.98,63.23,22964,98,63.1535
LU0274209740,42751158,DBXJ,EUR,2021-04-08,63.21,63.44,63.094,63.312,24810,88,63.2923
LU0274209740,42751158,DBXJ,EUR,2021-04-09,63.484,63.762,63.48,63.692,21217,74,63.6201
LU0274209740,42751158,DBXJ,EUR,2021-04-12,63.266,63.54,63.266,63.35,24893,79,63.4511
LU0274209740,42751158,DBXJ,EUR,2021-04-13,63.448,63.598,63.234,63.404,17012,73,63.37
LU0274209740,42751158,DBXJ,EUR,2021-04-14,63.198,63.47,63.14,63.47,32876,98,63.3227
LU0274209740,42751158,DBXJ,EUR,2021-04-15,63.312,63.67,63.312,63.658,40891,131,63.5623
LU0274209740,42751158,DBXJ,EUR,2021-04-16,63.556,63.646,63.426,63.484,27110,71,63.5443
LU0274209740,42751158,DBXJ,EUR,2021-04-19,63.522,63.528,62.598,62.92,42215,140,63.0699
LU0274209740,42751158,DBXJ,EUR,2021-04-20,62.064,62.232,61.196,61.248,39413,124,61.4382
LU0274209740,42751158,DBXJ,EUR,2021-04-21,61.516,61.706,61.342,61.604,25725,74,61.5147
LU0274209740,42751158,DBXJ,EUR,2021-04-22,62.176,62.576,62.176,62.474,12141,55,62.4156
LU0274209740,42751158,DBXJ,EUR,2021-04-23,62.14,62.368,62.026,62.364,32733,77,62.0914
LU0274209740,42751158,DBXJ,EUR,2021-04-26,62.286,62.32,62.082,62.214,10289,57,62.1385
LU0274209740,42751158,DBXJ,EUR,2021-04-27,61.51,61.586,61.19,61.434,8656,65,61.3556
LU0274209740,42751158,DBXJ,EUR,2021-04-28,61.364,61.468,61.278,61.348,8106,70,61.3773
LU0274209740,42751158,DBXJ,EUR,2021-04-29,61.0,61.37,60.87,60.992,34818,93,61.1774
LU0274209740,42751158,DBXJ,EUR,2021-04-30,60.986,61.222,60.938,61.222,26020,76,61.1119
LU0274209740,42751158,DBXJ,EUR,2021-05-03,61.448,61.606,61.052,61.522,27163,79,61.314
LU0274209740,42751158,DBXJ,EUR,2021-05-04,61.56,61.724,60.822,60.936,27576,82,61.2979
LU0274209740,42751158,DBXJ,EUR,2021-05-05,61.031,62.002,61.031,62.002,24715,86,61.4786
LU0274209740,42751158,DBXJ,EUR,2021-05-06,61.918,62.068,61.502,61.844,20614,84,61.691
LU0274209740,42751158,DBXJ,EUR,2021-05-07,61.89,61.996,61.708,61.962,15609,78,61.8925
LU0274209740,42751158,DBXJ,EUR,2021-05-10,61.846,62.322,61.846,62.322,18381,67,62.2502
LU0274209740,42751158,DBXJ,EUR,2021-05-11,60.672,60.794,60.142,60.598,60134,513,60.4977
LU0274209740,42751158,DBXJ,EUR,2021-05-12,60.062,60.346,59.0,59.676,41072,99,60.1505
LU0274209740,42751158,DBXJ,EUR,2021-05-13,58.516,59.364,58.448,59.31,11768,29,58.7381
LU0274209740,42751158,DBXJ,EUR,2021-05-14,59.94,60.09,59.722,60.09,14877,123,59.9116
LU0274209740,42751158,DBXJ,EUR,2021-05-17,60.09,60.09,59.356,59.556,18148,243,59.558
LU0274209740,42751158,DBXJ,EUR,2021-05-18,60.516,60.634,60.082,60.268,54000,828,60.3659
LU0274209740,42751158,DBXJ,EUR,2021-05-19,59.818,59.852,59.418,59.628,40430,65,59.6265
LU0274209740,42751158,DBXJ,EUR,2021-05-20,60.094,60.442,59.732,60.406,41290,78,60.145
LU0274209740,42751158,DBXJ,EUR,2021-05-21,60.5,60.898,60.486,60.636,15082,62,60.723
LU0274209740,42751158,DBXJ,EUR,2021-05-25,60.92,60.928,60.49,60.49,21922,93,60.743
LU0274209740,42751158,DBXJ,EUR,2021-05-26,60.804,60.914,60.77,60.89,10761,48,60.8413
LU0274209740,42751158,DBXJ,EUR,2021-05-27,60.67,61.152,60.588,60.942,24190,66,60.7702
LU0274209740,42751158,DBXJ,EUR,2021-05-28,61.482,61.714,61.42,61.528,50986,90,61.5239
LU0274209740,42751158,DBXJ,EUR,2021-05-31,60.848,61.228,60.848,60.978,12393,63,61.0353
LU0274209740,42751158,DBXJ,EUR,2021-06-01,60.82,61.116,60.758,60.934,16481,87,60.9832
LU0274209740,42751158,DBXJ,EUR,2021-06-02,61.28,61.544,61.214,61.524,25610,79,61.4219
LU0274209740,42751158,DBXJ,EUR,2021-06-03,61.89,61.914,61.494,61.838,39921,83,61.7635
LU0274209740,42751158,DBXJ,EUR,2021-06-04,62.026,62.292,61.98,62.292,21574,82,62.0658
LU0274209740,42751158,DBXJ,EUR,2021-06-07,62.344,62.518,62.156,62.158,39358,99,62.3625
LU0274209740,42751158,DBXJ,EUR,2021-06-08,62.35,62.504,62.172,62.21,14071,66,62.3882
LU0274209740,42751158,DBXJ,EUR,2021-06-09,61.926,62.0,61.718,61.9,18752,85,61.8757
LU0274209740,42751158,DBXJ,EUR,2021-06-10,61.988,62.27,61.88,62.076,18498,60,62.0237
LU0274209740,42751158,DBXJ,EUR,2021-06-11,61.932,62.38,61.93,62.38,22466,59,62.2306
LU0274209740,42751158,DBXJ,EUR,2021-06-14,62.414,62.582,62.156,62.22,21253,60,62.3356
LU0274209740,42751158,DBXJ,EUR,2021-06-15,62.434,62.734,62.434,62.538,11170,70,62.6482
LU0274209740,42751158,DBXJ,EUR,2021-06-16,62.694,62.818,62.638,62.78,12394,57,62.7352
LU0274209740,42751158,DBXJ,EUR,2021-06-17,62.748,63.358,62.746,63.358,29594,96,63.0425
LU0274209740,42751158,DBXJ,EUR,2021-06-18,62.848,62.858,62.19,62.35,25437,187,62.4566
LU0274209740,42751158,DBXJ,EUR,2021-06-21,61.936,62.652,61.798,62.394,20958,64,62.1252
LU0274209740,42751158,DBXJ,EUR,2021-06-22,62.912,63.032,62.56,62.752,22352,80,62.7684
LU0274209740,42751158,DBXJ,EUR,2021-06-23,62.386,62.438,61.994,62.112,7636,63,62.1332
LU0274209740,42751158,DBXJ,EUR,2021-06-24,62.252,62.638,62.252,62.53,21981,62,62.5016
LU0274209740,42751158,DBXJ,EUR,2021-06-25,62.782,62.878,62.694,62.834,44537,86,62.7613
LU0274209740,42751158,DBXJ,EUR,2021-06-28,62.918,62.97,62.666,62.678,14014,65,62.7852
LU0274209740,42751158,DBXJ,EUR,2021-06-29,62.698,63.162,62.698,63.024,15584,94,63.0018
LU0274209740,42751158,DBXJ,EUR,2021-06-30,62.608,62.682,62.18,62.452,25680,105,62.4736
LU0274209740,42751158,DBXJ,EUR,2021-07-01,62.44,62.498,62.008,62.342,11214,70,62.2118
LU0274209740,42751158,DBXJ,EUR,2021-07-02,62.71,62.868,62.63,62.684,14273,84,62.7651
LU0274209740,42751158,DBXJ,EUR,2021-07-05,62.632,62.912,62.552,62.842,8604,85,62.7806
LU0274209740,42751158,DBXJ,EUR,2021-07-06,62.972,63.162,62.552,62.666,33874,84,62.8178
LU0274209740,42751158,DBXJ,EUR,2021-07-07,62.916,63.062,62.76,63.062,32126,77,62.8524
LU0274209740,42751158,DBXJ,EUR,2021-07-08,62.304,62.304,61.404,61.842,55599,98,62.0705
LU0274209740,42751158,DBXJ,EUR,2021-07-09,62.662,63.222,62.662,63.16,32268,101,63.0337
LU0274209740,42751158,DBXJ,EUR,2021-07-12,63.324,63.486,63.078,63.448,43268,80,63.289
LU0274209740,42751158,DBXJ,EUR,2021-07-13,63.52,63.836,63.49,63.676,14357,62,63.6312
LU0274209740,42751158,DBXJ,EUR,2021-07-14,63.722,64.01,63.64,63.808,16053,74,63.8877
LU0274209740,42751158,DBXJ,EUR,2021-07-15,63.108,63.294,62.938,63.29,12369,93,63.1358
LU0274209740,42751158,DBXJ,EUR,2021-07-16,63.39,63.39,62.692,62.828,6354,51,62.8988
LU0274209740,42751158,DBXJ,EUR,2021-07-19,62.578,62.578,61.34,61.686,18367,83,62.0716
LU0274209740,42751158,DBXJ,EUR,2021-07-20,62.12,62.612,62.014,62.428,9685,55,62.1657
LU0274209740,42751158,DBXJ,EUR,2021-07-21,62.272,62.71,62.27,62.498,22773,103,62.532
LU0274209740,42751158,DBXJ,EUR,2021-07-22,63.038,63.17,62.696,62.978,5253,53,63.0076
LU0274209740,42751158,DBXJ,EUR,2021-07-23,62.948,63.414,62.948,63.414,8680,60,63.2423
LU0274209740,42751158,DBXJ,EUR,2021-07-26,62.844,62.844,62.422,62.784,34039,80,62.662
LU0274209740,42751158,DBXJ,EUR,2021-07-27,62.854,62.866,62.202,62.396,7766,73,62.6464
LU0274209740,42751158,DBXJ,EUR,2021-07-28,62.498,62.876,62.492,62.706,11512,64,62.721
LU0274209740,42751158,DBXJ,EUR,2021-07-29,62.82,62.89,62.722,62.81,21385,85,62.8192
LU0274209740,42751158,DBXJ,EUR,2021-07-30,61.87,62.366,61.83,62.27,23835,76,62.049
LU0274209740,42751158,DBXJ,EUR,2021-08-02,63.096,63.096,62.818,62.944,17682,118,62.9541
LU0274209740,42751158,DBXJ,EUR,2021-08-03,62.782,63.006,62.63,62.886,20673,193,62.8325
LU0274209740,42751158,DBXJ,EUR,2021-08-04,62.996,62.996,62.546,62.716,64277,217,62.7047
LU0274209740,42751158,DBXJ,EUR,2021-08-05,62.99,63.106,62.866,63.066,26768,201,62.9813
LU0274209740,42751158,DBXJ,EUR,2021-08-06,63.054,63.322,62.634,63.31,9317,98,63.1293
LU0274209740,42751158,DBXJ,EUR,2021-08-09,63.062,63.49,63.062,63.312,9121,58,63.1983
LU0274209740,42751158,DBXJ,EUR,2021-08-10,63.308,63.482,63.168,63.398,9599,61,63.3463
LU0274209740,42751158,DBXJ,EUR,2021-08-11,63.884,64.252,63.791,64.132,7177,51,64.0196
LU0274209740,42751158,DBXJ,EUR,2021-08-12,64.162,64.162,63.7,64.012,16304,96,63.9116
LU0274209740,42751158,DBXJ,EUR,2021-08-13,64.052,64.1,63.824,63.904,13660,69,63.9588
LU0274209740,42751158,DBXJ,EUR,2021-08-16,63.222,63.564,63.132,63.466,15788,82,63.2323
LU0274209740,42751158,DBXJ,EUR,2021-08-17,63.0,63.36,62.89,63.36,13325,60,63.1788
LU0274209740,42751158,DBXJ,EUR,2021-08-18,63.36,63.462,63.232,63.388,27621,147,63.3268
LU0274209740,42751158,DBXJ,EUR,2021-08-19,62.93,62.93,62.108,62.508,18810,88,62.3496
LU0274209740,42751158,DBXJ,EUR,2021-08-20,62.144,62.43,62.0,62.406,19259,59,62.2082
LU0274209740,42751158,DBXJ,EUR,2021-08-23,63.058,63.278,62.894,63.222,19907,67,63.0917
LU0274209740,42751158,DBXJ,EUR,2021-08-24,63.588,63.7,63.458,63.646,12350,52,63.5959
LU0274209740,42751158,DBXJ,EUR,2021-08-25,63.63,63.692,63.398,63.436,13202,62,63.4716
LU0274209740,42751158,DBXJ,EUR,2021-08-26,63.098,63.374,63.098,63.284,11508,57,63.2789
LU0274209740,42751158,DBXJ,EUR,2021-08-27,63.058,63.366,62.982,63.366,12175,62,63.1462
LU0274209740,42751158,DBXJ,EUR,2021-08-30,63.478,63.486,63.328,63.406,6633,55,63.3894
LU0274209740,42751158,DBXJ,EUR,2021-08-31,63.916,63.982,63.642,63.838,10019,41,63.7722
LU0274209740,42751158,DBXJ,EUR,2021-09-01,64.66,64.67,64.31,64.38,11901,58,64.3901
LU0274209740,42751158,DBXJ,EUR,2021-09-02,64.48,64.844,64.452,64.844,11470,50,64.6684
LU0274209740,42751158,DBXJ,EUR,2021-09-03,65.382,66.134,65.288,66.134,15813,64,65.6975
LU0274209740,42751158,DBXJ,EUR,2021-09-06,66.698,67.812,66.698,67.726,53866,164,67.4219
LU0274209740,42751158,DBXJ,EUR,2021-09-07,66.984,66.984,66.432,66.946,20935,91,66.6546
LU0274209740,42751158,DBXJ,EUR,2021-09-08,67.036,67.75,66.914,67.256,25260,83,67.2712
LU0274209740,42751158,DBXJ,EUR,2021-09-09,67.158,67.888,67.158,67.686,10920,52,67.6396
LU0274209740,42751158,DBXJ,EUR,2021-09-10,67.846,68.396,67.844,68.018,46627,76,68.1669
LU0274209740,42751158,DBXJ,EUR,2021-09-13,68.42,69.002,68.396,68.442,10336,54,68.7323
LU0274209740,42751158,DBXJ,EUR,2021-09-14,68.516,68.568,68.32,68.4,12188,70,68.4391
LU0274209740,42751158,DBXJ,EUR,2021-09-15,68.55,68.754,68.376,68.48,8917,69,68.5098
LU0274209740,42751158,DBXJ,EUR,2021-09-16,68.718,68.91,68.692,68.806,14360,69,68.8155
LU0274209740,42751158,DBXJ,EUR,2021-09-17,68.8,68.806,68.272,68.6,10342,64,68.5532
LU0274209740,42751158,DBXJ,EUR,2021-09-20,68.216,68.218,67.254,67.716,26308,82,67.8346
LU0274209740,42751158,DBXJ,EUR,2021-09-21,68.154,68.692,68.11,68.522,9604,55,68.5236
LU0274209740,42751158,DBXJ,EUR,2021-09-22,67.798,68.028,67.654,68.026,7862,51,67.8227
LU0274209740,42751158,DBXJ,EUR,2021-09-23,68.2,68.468,68.076,68.15,15044,71,68.2195
LU0274209740,42751158,DBXJ,EUR,2021-09-24,68.158,68.238,67.958,68.076,13720,54,68.0767
LU0274209740,42751158,DBXJ,EUR,2021-09-27,68.212,68.304,67.922,68.056,18210,83,68.066
LU0274209740,42751158,DBXJ,EUR,2021-09-28,67.33,67.444,66.692,66.782,12502,69,67.2228
LU0274209740,42751158,DBXJ,EUR,2021-09-29,66.732,67.486,66.732,67.332,28110,73,67.1799
LU0274209740,42751158,DBXJ,EUR,2021-09-30,66.996,67.094,66.7,66.824,13586,62,66.8435
LU0274209740,42751158,DBXJ,EUR,2021-10-01,65.594,66.094,65.594,65.884,11400,70,65.8305
LU0274209740,42751158,DBXJ,EUR,2021-10-04,65.13,65.13,63.948,64.006,28838,107,64.594
LU0274209740,42751158,DBXJ,EUR,2021-10-05,64.342,65.0,64.224,64.932,9040,61,64.6753
LU0274209740,42751158,DBXJ,EUR,2021-10-06,63.664,64.598,63.048,64.006,28031,87,63.5048
LU0274209740,42751158,DBXJ,EUR,2021-10-07,64.356,65.034,64.356,65.034,18942,111,64.832
LU0274209740,42751158,DBXJ,EUR,2021-10-08,64.738,65.0,64.514,64.514,13808,68,64.7085
LU0274209740,42751158,DBXJ,EUR,2021-10-11,65.092,65.492,64.756,65.226,28175,76,65.3462
LU0274209740,42751158,DBXJ,EUR,2021-10-12,64.192,64.724,64.192,64.66,7356,47,64.5672
LU0274209740,42751158,DBXJ,EUR,2021-10-13,64.06,64.4,63.898,64.114,19479,66,64.2005
LU0274209740,42751158,DBXJ,EUR,2021-10-14,64.622,64.864,64.596,64.854,10721,51,64.6817
LU0274209740,42751158,DBXJ,EUR,2021-10-15,65.328,65.656,65.154,65.488,25163,76,65.3918
LU0274209740,42751158,DBXJ,EUR,2021-10-18,64.942,65.142,64.73,65.112,8605,62,64.9086
LU0274209740,42751158,DBXJ,EUR,2021-10-19,65.098,65.504,65.034,65.4,20128,91,65.2279
LU0274209740,42751158,DBXJ,EUR,2021-10-20,64.928,65.25,64.92,65.236,13028,63,65.1536
LU0274209740,42751158,DBXJ,EUR,2021-10-21,64.267,64.466,63.9,64.132,11701,68,64.1326
LU0274209740,42751158,DBXJ,EUR,2021-10-22,64.348,64.824,64.348,64.656,21154,69,64.6723
LU0274209740,42751158,DBXJ,EUR,2021-10-25,64.316,64.93,64.3,64.894,7018,47,64.5718
LU0274209740,42751158,DBXJ,EUR,2021-10-26,65.29,65.328,64.994,65.182,8952,44,65.2529
LU0274209740,42751158,DBXJ,EUR,2021-10-27,64.86,65.0,64.572,64.766,29355,82,64.7776
LU0274209740,42751158,DBXJ,EUR,2021-10-28,64.564,64.8,64.42,64.53,9585,48,64.5745
LU0274209740,42751158,DBXJ,EUR,2021-10-29,64.214,65.138,64.186,64.964,15470,53,64.5001
LU0274209740,42751158,DBXJ,EUR,2021-11-01,66.324,66.324,65.766,65.766,21020,77,65.8873
LU0274209740,42751158,DBXJ,EUR,2021-11-02,65.632,65.96,65.61,65.89,9139,67,65.8378
LU0274209740,42751158,DBXJ,EUR,2021-11-03,65.73,66.138,65.686,65.768,11830,74,65.7786
LU0274209740,42751158,DBXJ,EUR,2021-11-04,66.412,66.846,66.412,66.678,18658,67,66.6946
LU0274209740,42751158,DBXJ,EUR,2021-11-05,66.42,67.01,66.27,66.818,14563,82,66.759
LU0274209740,42751158,DBXJ,EUR,2021-11-08,66.306,66.61,66.17,66.454,10131,78,66.3824
LU0274209740,42751158,DBXJ,EUR,2021-11-09,66.072,66.354,65.928,66.124,31700,89,66.1293
LU0274209740,42751158,DBXJ,EUR,2021-11-10,65.982,66.192,65.704,66.04,11401,69,65.9604
LU0274209740,42751158,DBXJ,EUR,2021-11-11,66.316,66.386,66.15,66.386,9480,59,66.2644
LU0274209740,42751158,DBXJ,EUR,2021-11-12,66.772,67.176,66.772,67.152,23269,52,67.0515
LU0274209740,42751158,DBXJ,EUR,2021-11-15,67.282,67.652,67.218,67.482,24623,63,67.3278
LU0274209740,42751158,DBXJ,EUR,2021-11-16,67.518,67.78,67.518,67.732,31520,80,67.6685
LU0274209740,42751158,DBXJ,EUR,2021-11-17,67.544,67.544,67.326,67.49,10529,70,67.4308
LU0274209740,42751158,DBXJ,EUR,2021-11-18,67.644,67.734,67.166,67.398,15954,64,67.3822
LU0274209740,42751158,DBXJ,EUR,2021-11-19,67.794,68.06,67.74,67.898,9865,74,67.8559
LU0274209740,42751158,DBXJ,EUR,2021-11-22,68.202,68.518,68.038,68.152,15983,85,68.256
LU0274209740,42751158,DBXJ,EUR,2021-11-23,67.852,68.098,67.564,67.564,22815,75,67.8413
LU0274209740,42751158,DBXJ,EUR,2021-11-24,67.166,67.356,67.048,67.356,9982,68,67.1863
LU0274209740,42751158,DBXJ,EUR,2021-11-25,67.46,67.46,67.148,67.314,21520,82,67.2371
LU0274209740,42751158,DBXJ,EUR,2021-11-26,66.09,66.09,64.988,65.032,30295,108,65.5152
LU0274209740,42751158,DBXJ,EUR,2021-11-29,65.844,65.844,65.28,65.428,32937,101,65.5597
LU0274209740,42751158,DBXJ,EUR,2021-11-30,64.032,64.352,63.56,64.224,17185,82,64.122
LU0274209740,42751158,DBXJ,EUR,2021-12-01,65.17,65.514,65.046,65.51,9238,75,65.3301
LU0274209740,42751158,DBXJ,EUR,2021-12-02,64.656,64.968,64.292,64.794,35100,60,64.5213
LU0274209740,42751158,DBXJ,EUR,2021-12-03,65.808,65.882,65.144,65.378,7597,64,65.5214
LU0274209740,42751158,DBXJ,EUR,2021-12-06,65.366,65.784,64.924,65.592,7255,48,65.2723
LU0274209740,42751158,DBXJ,EUR,2021-12-07,66.594,67.572,66.594,67.272,8647,53,66.9765
LU0274209740,42751158,DBXJ,EUR,2021-12-08,67.622,67.622,66.554,66.738,21488,57,67.0278
LU0274209740,42751158,DBXJ,EUR,2021-12-09,66.48,66.606,66.358,66.572,7096,44,66.4499
LU0274209740,42751158,DBXJ,EUR,2021-12-10,65.692,66.67,65.692,66.398,10123,45,66.4207
LU0274209740,42751158,DBXJ,EUR,2021-12-13,66.552,66.552,65.994,66.104,6660,58,66.3362
LU0274209740,42751158,DBXJ,EUR,2021-12-14,66.276,66.276,65.728,65.822,24503,81,65.9719
LU0274209740,42751158,DBXJ,EUR,2021-12-15,66.552,66.772,66.504,66.556,8695,56,66.5644
LU0274209740,42751158,DBXJ,EUR,2021-12-16,67.182,67.524,66.95,67.238,15123,53,67.3818
LU0274209740,42751158,DBXJ,EUR,2021-12-17,66.538,66.812,66.261,66.682,15827,76,66.5104
LU0274209740,42751158,DBXJ,EUR,2021-12-20,65.356,65.546,65.194,65.42,21867,68,65.3452
LU0274209740,42751158,DBXJ,EUR,2021-12-21,65.936,66.126,65.87,66.09,7214,49,65.9676
LU0274209740,42751158,DBXJ,EUR,2021-12-22,65.778,65.98,65.456,65.886,8274,59,65.642
LU0274209740,42751158,DBXJ,EUR,2021-12-23,66.062,66.38,66.032,66.38,4143,31,66.1449
LU0274209740,42751158,DBXJ,EUR,2021-12-27,65.752,66.172,65.718,66.144,5442,40,65.9843
LU0274209740,42751158,DBXJ,EUR,2021-12-28,66.312,66.658,66.234,66.518,25168,51,66.3719
LU0274209740,42751158,DBXJ,EUR,2021-12-29,66.402,66.402,65.642,65.738,34525,64,65.8837
LU0274209740,42751158,DBXJ,EUR,2021-12-30,65.982,66.152,65.824,65.94,8898,75,66.055
LU0274209740,42751158,DBXJ,EUR,2022-01-03,65.812,66.204,65.812,65.954,12437,68,65.9689
LU0274209740,42751158,DBXJ,EUR,2022-01-04,66.77,67.002,66.714,66.976,21402,74,66.8562
LU0274209740,42751158,DBXJ,EUR,2022-01-05,66.8,67.34,66.8,67.234,33023,129,67.243
LU0274209740,42751158,DBXJ,EUR,2022-01-06,65.82,66.49,65.77,66.152,14122,91,66.0412
LU0274209740,42751158,DBXJ,EUR,2022-01-07,65.278,65.692,64.96,65.244,19811,106,65.3849
LU0274209740,42751158,DBXJ,EUR,2022-01-10,65.818,65.828,64.916,65.118,15077,96,65.5569
LU0274209740,42751158,DBXJ,EUR,2022-01-11,65.322,65.86,65.234,65.482,22493,79,65.3784
LU0274209740,42751158,DBXJ,EUR,2022-01-12,66.168,66.338,66.068,66.156,23037,106,66.1688
LU0274209740,42751158,DBXJ,EUR,2022-01-13,65.818,66.096,65.564,65.898,9355,55,65.8779
LU0274209740,42751158,DBXJ,EUR,2022-01-14,65.23,65.538,65.228,65.446,14990,74,65.4074
LU0274209740,42751158,DBXJ,EUR,2022-01-17,65.604,65.706,65.4,65.596,17663,87,65.5458
LU0274209740,42751158,DBXJ,EUR,2022-01-18,65.142,65.224,64.794,65.086,42949,81,64.9112
LU0274209740,42751158,DBXJ,EUR,2022-01-19,63.89,64.668,63.89,64.286,30386,82,64.1867
LU0274209740,42751158,DBXJ,EUR,2022-01-20,64.22,64.83,64.052,64.83,22497,80,64.4638
LU0274209740,42751158,DBXJ,EUR,2022-01-21,64.446,64.538,63.982,64.236,19250,98,64.2219
LU0274209740,42751158,DBXJ,EUR,2022-01-24,64.162,64.304,62.704,62.956,19698,89,63.6041
LU0274209740,42751158,DBXJ,EUR,2022-01-25,63.174,63.45,62.846,63.112,16554,74,63.1055
LU0274209740,42751158,DBXJ,EUR,2022-01-26,63.348,64.07,63.286,63.418,29051,92,63.4837
LU0274209740,42751158,DBXJ,EUR,2022-01-27,61.658,63.016,61.658,62.878,15516,83,62.3578
LU0274209740,42751158,DBXJ,EUR,2022-01-28,62.522,62.522,61.548,62.214,8131,72,61.9949
LU0274209740,42751158,DBXJ,EUR,2022-01-31,63.066,63.396,62.748,62.81,16892,90,62.9181
LU0274209740,42751158,DBXJ,EUR,2022-02-01,63.114,63.276,62.918,63.248,23638,98,63.1187
LU0274209740,42751158,DBXJ,EUR,2022-02-02,64.148,64.402,63.928,63.966,11278,80,64.1965
LU0274209740,42751158,DBXJ,EUR,2022-02-03,63.238,63.648,62.302,62.61,33607,82,63.4128
LU0274209740,42751158,DBXJ,EUR,2022-02-04,62.69,62.744,61.94,62.296,26344,74,62.3795
LU0274209740,42751158,DBXJ,EUR,2022-02-07,62.672,62.902,62.474,62.672,35667,83,62.7042
LU0274209740,42751158,DBXJ,EUR,2022-02-08,62.812,63.084,62.67,62.996,12629,64,62.8433
LU0274209740,42751158,DBXJ,EUR,2022-02-09,63.506,63.85,63.442,63.692,14152,44,63.6334
LU0274209740,42751158,DBXJ,EUR,2022-02-10,63.74,63.74,62.45,63.066,13742,63,63.1858
LU0274209740,42751158,DBXJ,EUR,2022-02-11,62.872,63.276,62.7,63.014,8226,47,62.945
LU0274209740,42751158,DBXJ,EUR,2022-02-14,62.938,63.27,62.712,62.992,19952,72,63.0033
LU0274209740,42751158,DBXJ,EUR,2022-02-15,62.678,63.39,62.628,63.366,28577,65,63.0954
LU0274209740,42751158,DBXJ,EUR,2022-02-16,63.468,63.468,63.062,63.164,5545,60,63.1803
LU0274209740,42751158,DBXJ,EUR,2022-02-17,63.048,63.09,62.758,62.852,10213,59,62.8947
LU0274209740,42751158,DBXJ,EUR,2022-02-18,62.638,62.78,62.504,62.588,13073,58,62.6463
LU0274209740,42751158,DBXJ,EUR,2022-02-21,62.6,62.6,62.094,62.128,14962,58,62.2805
LU0274209740,42751158,DBXJ,EUR,2022-02-22,61.694,62.552,61.694,62.234,18612,60,62.25
LU0274209740,42751158,DBXJ,EUR,2022-02-23,62.34,62.478,61.746,61.94,9638,71,62.134
LU0274209740,42751158,DBXJ,EUR,2022-02-24,61.112,61.5,60.9,61.026,31788,93,61.1118
LU0274209740,42751158,DBXJ,EUR,2022-02-25,62.63,62.63,61.88,62.476,75473,122,62.2185
LU0274209740,42751158,DBXJ,EUR,2022-02-28,62.15,62.92,62.15,62.836,94581,75,62.4777
LU0274209740,42751158,DBXJ,EUR,2022-03-01,62.906,62.906,61.832,62.5,13042,60,62.6374
LU0274209740,42751158,DBXJ,EUR,2022-03-02,61.922,62.536,61.922,62.384,14504,79,62.3127
LU0274209740,42751158,DBXJ,EUR,2022-03-03,62.52,62.678,62.294,62.294,6541,58,62.4139
LU0274209740,42751158,DBXJ,EUR,2022-03-04,62.156,62.422,61.636,62.21,16414,75,62.0724
LU0274209740,42751158,DBXJ,EUR,2022-03-07,60.846,61.276,60.538,60.86,59228,117,61.1417
LU0274209740,42751158,DBXJ,EUR,2022-03-08,59.174,60.074,59.174,59.502,10115,61,59.711
LU0274209740,42751158,DBXJ,EUR,2022-03-09,59.6,60.116,59.6,59.958,13793,68,59.926
LU0274209740,42751158,DBXJ,EUR,2022-03-10,61.042,61.042,59.944,60.164,13897,51,60.6714
LU0274209740,42751158,DBXJ,EUR,2022-03-11,59.828,60.612,59.65,60.026,37813,194,60.3434
LU0274209740,42751158,DBXJ,EUR,2022-03-14,60.382,60.382,59.668,59.742,29630,50,60.0318
LU0274209740,42751158,DBXJ,EUR,2022-03-15,59.45,60.802,59.314,60.478,11770,61,59.7474
LU0274209740,42751158,DBXJ,EUR,2022-03-16,61.22,61.54,61.004,61.226,30593,77,61.3268
LU0274209740,42751158,DBXJ,EUR,2022-03-17,61.912,61.912,61.384,61.528,19932,61,61.6052
LU0274209740,42751158,DBXJ,EUR,2022-03-18,62.276,62.654,62.15,62.608,10092,56,62.5057
LU0274209740,42751158,DBXJ,EUR,2022-03-21,62.704,63.144,62.704,62.9,17069,39,63.0291
LU0274209740,42751158,DBXJ,EUR,2022-03-22,62.734,63.152,62.734,63.112,11697,42,62.9489
LU0274209740,42751158,DBXJ,EUR,2022-03-23,63.45,63.552,63.136,63.136,49293,83,63.3273
LU0274209740,42751158,DBXJ,EUR,2022-03-24,63.76,63.76,63.316,63.316,26342,62,63.5505
LU0274209740,42751158,DBXJ,EUR,2022-03-25,63.31,63.588,63.234,63.418,45129,59,63.4583
LU0274209740,42751158,DBXJ,EUR,2022-03-28,62.674,62.814,62.344,62.626,27854,74,62.6044
LU0274209740,42751158,DBXJ,EUR,2022-03-29,62.844,63.354,62.642,63.078,34886,79,62.8861
LU0274209740,42751158,DBXJ,EUR,2022-03-30,62.9,62.9,62.472,62.502,5945,56,62.6704
LU0274209740,42751158,DBXJ,EUR,2022-03-31,62.094,62.554,62.094,62.48,22594,67,62.4152
LU0274209740,42751158,DBXJ,EUR,2022-04-01,62.18,62.554,62.006,62.284,17664,67,62.3818
LU0274209740,42751158,DBXJ,EUR,2022-04-04,62.588,63.228,62.464,63.176,16987,79,62.8736
LU0274209740,42751158,DBXJ,EUR,2022-04-05,62.724,62.78,62.042,62.238,6298,45,62.511
LU0274209740,42751158,DBXJ,EUR,2022-04-06,61.724,61.834,60.966,61.176,19858,64,61.3543
LU0274209740,42751158,DBXJ,EUR,2022-04-07,60.806,61.18,60.654,60.784,32074,67,61.0803
LU0274209740,42751158,DBXJ,EUR,2022-04-08,61.264,61.296,60.936,61.06,29738,77,61.135
LU0274209740,42751158,DBXJ,EUR,2022-04-11,60.084,60.244,59.934,60.08,46200,81,60.0758
LU0274209740,42751158,DBXJ,EUR,2022-04-12,58.95,59.902,58.95,59.766,20734,101,59.3752
LU0274209740,42751158,DBXJ,EUR,2022-04-13,59.86,59.99,59.7,59.99,6480,43,59.8491
LU0274209740,42751158,DBXJ,EUR,2022-04-14,60.568,60.728,60.126,60.564,11433,51,60.4468
LU0274209740,42751158,DBXJ,EUR,2022-04-19,59.408,59.604,58.916,59.408,18239,170,59.2058
LU0274209740,42751158,DBXJ,EUR,2022-04-20,59.768,60.052,59.484,59.812,19531,59,59.6849
LU0274209740,42751158,DBXJ,EUR,2022-04-21,59.752,60.252,59.752,59.952,13912,50,59.9538
LU0274209740,42751158,DBXJ,EUR,2022-04-22,59.6,59.852,59.046,59.162,17090,52,59.6665
LU0274209740,42751158,DBXJ,EUR,2022-04-25,58.492,59.308,58.492,59.14,24306,65,58.9231
LU0274209740,42751158,DBXJ,EUR,2022-04-26,59.286,59.454,59.0,59.0,27051,62,59.2525
LU0274209740,42751158,DBXJ,EUR,2022-04-27,59.206,59.842,59.182,59.582,35604,62,59.5948
LU0274209740,42751158,DBXJ,EUR,2022-04-28,60.122,60.912,59.888,60.116,22684,62,60.1033
LU0274209740,42751158,DBXJ,EUR,2022-04-29,60.97,61.334,60.662,60.888,30167,45,60.8553
LU0274209740,42751158,DBXJ,EUR,2022-05-02,59.858,59.972,59.596,59.668,13458,75,59.78
LU0274209740,42751158,DBXJ,EUR,2022-05-03,60.094,60.376,59.902,60.312,9224,47,60.1564
LU0274209740,42751158,DBXJ,EUR,2022-05-04,60.384,60.982,59.694,59.694,5599,47,60.1994
LU0274209740,42751158,DBXJ,EUR,2022-05-05,60.832,60.956,59.632,59.81,12783,62,60.5636
LU0274209740,42751158,DBXJ,EUR,2022-05-06,60.318,60.53,59.32,59.632,41049,66,59.7686
LU0274209740,42751158,DBXJ,EUR,2022-05-09,58.889,59.156,58.192,58.494,23844,87,58.5735
LU0274209740,42751158,DBXJ,EUR,2022-05-10,58.53,58.8,58.038,58.314,16567,40,58.5042
LU0274209740,42751158,DBXJ,EUR,2022-05-11,58.494,59.246,57.892,58.448,27801,83,58.2808
LU0274209740,42751158,DBXJ,EUR,2022-05-12,58.332,59.434,58.14,59.194,17209,61,58.8088
LU0274209740,42751158,DBXJ,EUR,2022-05-13,60.592,60.592,59.974,60.176,71128,94,60.1919
LU0274209740,42751158,DBXJ,EUR,2022-05-16,59.98,59.994,59.708,59.874,31514,66,59.8994
LU0274209740,42751158,DBXJ,EUR,2022-05-17,59.666,60.006,59.372,59.522,27223,51,59.7364
LU0274209740,42751158,DBXJ,EUR,2022-05-18,59.886,60.106,59.542,59.748,27786,113,59.9396
LU0274209740,42751158,DBXJ,EUR,2022-05-19,59.414,59.506,59.192,59.404,9852,40,59.2812
LU0274209740,42751158,DBXJ,EUR,2022-05-20,60.158,60.432,60.0,60.044,14701,52,60.2291
LU0274209740,42751158,DBXJ,EUR,2022-05-23,60.588,60.588,59.924,60.244,9891,43,60.2034
LU0274209740,42751158,DBXJ,EUR,2022-05-24,59.382,59.764,59.382,59.422,9693,39,59.5317
LU0274209740,42751158,DBXJ,EUR,2022-05-25,59.856,59.974,59.654,59.888,3649,36,59.801
LU0274209740,42751158,DBXJ,EUR,2022-05-26,59.936,60.204,59.922,60.104,1011,7,60.0907
LU0274209740,42751158,DBXJ,EUR,2022-05-27,59.988,60.676,59.988,60.596,5398,36,60.2766
LU0274209740,42751158,DBXJ,EUR,2022-05-30,60.76,60.89,60.454,60.478,7362,39,60.7047
LU0274209740,42751158,DBXJ,EUR,2022-05-31,60.224,60.502,59.908,59.96,11872,57,60.223
LU0274209740,42751158,DBXJ,EUR,2022-06-01,60.67,60.848,60.318,60.318,16458,59,60.587
LU0274209740,42751158,DBXJ,EUR,2022-06-02,60.194,60.378,59.91,60.116,28420,60,60.2085
LU0274209740,42751158,DBXJ,EUR,2022-06-03,59.884,59.896,59.256,59.352,7823,41,59.5787
LU0274209740,42751158,DBXJ,EUR,2022-06-06,59.946,60.084,59.732,59.732,7168,14,59.9915
LU0274209740,42751158,DBXJ,EUR,2022-06-07,59.464,59.73,59.31,59.702,6639,53,59.5158
LU0274209740,42751158,DBXJ,EUR,2022-06-08,59.772,59.772,58.94,59.238,6308,42,59.2326
LU0274209740,42751158,DBXJ,EUR,2022-06-09,59.472,60.028,59.166,59.614,19108,65,59.6615
LU0274209740,42751158,DBXJ,EUR,2022-06-10,59.36,59.446,58.662,58.698,58899,84,59.1124
LU0274209740,42751158,DBXJ,EUR,2022-06-13,58.152,58.176,57.636,57.712,23261,86,57.927
LU0274209740,42751158,DBXJ,EUR,2022-06-14,57.728,57.728,56.996,57.206,29154,74,57.3998
LU0274209740,42751158,DBXJ,EUR,2022-06-15,56.93,57.384,56.65,57.28,33796,56,56.9046
LU0274209740,42751158,DBXJ,EUR,2022-06-16,57.416,57.416,55.93,56.512,22390,46,57.0547
LU0274209740,42751158,DBXJ,EUR,2022-06-17,55.868,56.284,55.75,55.972,36759,72,56.1076
LU0274209740,42751158,DBXJ,EUR,2022-06-20,55.064,55.73,55.064,55.73,7258,46,55.5899
LU0274209740,42751158,DBXJ,EUR,2022-06-21,56.436,56.436,55.968,56.154,4725,43,56.1711
LU0274209740,42751158,DBXJ,EUR,2022-06-22,55.73,56.076,55.576,55.95,10093,50,55.6989
LU0274209740,42751158,DBXJ,EUR,2022-06-23,55.26,56.462,55.26,56.25,54160,106,56.0297
LU0274209740,42751158,DBXJ,EUR,2022-06-24,56.812,57.04,56.55,56.976,18002,98,56.7551
LU0274209740,42751158,DBXJ,EUR,2022-06-27,57.308,57.308,56.642,56.714,37009,85,56.8133
LU0274209740,42751158,DBXJ,EUR,2022-06-28,57.376,57.742,57.144,57.308,14660,51,57.5788
LU0274209740,42751158,DBXJ,EUR,2022-06-29,56.84,57.004,56.532,57.004,14297,59,56.8266
LU0274209740,42751158,DBXJ,EUR,2022-06-30,56.374,56.654,56.33,56.582,18648,50,56.5032
LU0274209740,42751158,DBXJ,EUR,2022-07-01,56.05,57.01,56.05,56.978,29885,46,56.3453
LU0274209740,42751158,DBXJ,EUR,2022-07-04,57.058,57.136,56.958,57.096,4051,44,57.0525
LU0274209740,42751158,DBXJ,EUR,2022-07-05,56.958,57.518,56.958,57.312,8226,37,57.329
LU0274209740,42751158,DBXJ,EUR,2022-07-06,57.54,58.37,57.54,58.074,19501,93,58.096
LU0274209740,42751158,DBXJ,EUR,2022-07-07,58.864,59.38,58.56,59.152,18593,60,58.729
LU0274209740,42751158,DBXJ,EUR,2022-07-08,59.064,60.0,59.064,59.46,22446,70,59.4498
LU0274209740,42751158,DBXJ,EUR,2022-07-11,59.386,59.702,59.368,59.368,27605,129,59.4983
LU0274209740,42751158,DBXJ,EUR,2022-07-12,59.05,59.572,58.988,59.5,5988,45,59.2114
LU0274209740,42751158,DBXJ,EUR,2022-07-13,59.26,59.26,58.556,58.724,17096,55,58.9924
LU0274209740,42751158,DBXJ,EUR,2022-07-14,58.64,58.712,58.086,58.288,31183,66,58.4329
LU0274209740,42751158,DBXJ,EUR,2022-07-15,58.584,58.872,58.478,58.804,12043,63,58.6164
LU0274209740,42751158,DBXJ,EUR,2022-07-18,59.224,59.322,58.768,58.974,19100,70,59.0212
LU0274209740,42751158,DBXJ,EUR,2022-07-19,58.604,58.88,58.212,58.832,13375,38,58.4503
LU0274209740,42751158,DBXJ,EUR,2022-07-20,59.454,59.602,59.276,59.522,2584,34,59.4137
LU0274209740,42751158,DBXJ,EUR,2022-07-21,59.56,59.862,59.292,59.846,5616,34,59.7341
LU0274209740,42751158,DBXJ,EUR,2022-07-22,60.086,60.826,60.086,60.356,49792,56,60.4946
LU0274209740,42751158,DBXJ,EUR,2022-07-25,60.312,60.428,60.01,60.192,15544,68,60.2418
LU0274209740,42751158,DBXJ,EUR,2022-07-26,60.05,60.558,60.05,60.36,4604,35,60.3547
LU0274209740,42751158,DBXJ,EUR,2022-07-27,60.56,60.796,60.444,60.606,3905,40,60.6648
LU0274209740,42751158,DBXJ,EUR,2022-07-28,60.74,61.682,60.674,61.374,10480,62,60.9569
LU0274209740,42751158,DBXJ,EUR,2022-07-29,61.55,61.756,61.388,61.558,11779,53,61.5568
LU0274209740,42751158,DBXJ,EUR,2022-08-01,62.428,62.596,62.014,62.386,10117,67,62.4756
LU0274209740,42751158,DBXJ,EUR,2022-08-02,62.386,62.386,61.9,62.148,3472,40,62.0869
LU0274209740,42751158,DBXJ,EUR,2022-08-03,61.306,61.866,61.306,61.584,5244,47,61.4464
LU0274209740,42751158,DBXJ,EUR,2022-08-04,61.38,61.416,60.946,61.228,11817,62,61.1241
LU0274209740,42751158,DBXJ,EUR,2022-08-05,61.488,61.636,61.014,61.014,13421,65,61.2965
LU0274209740,42751158,DBXJ,EUR,2022-08-08,61.234,61.718,61.19,61.392,35304,75,61.338
LU0274209740,42751158,DBXJ,EUR,2022-08-09,60.84,60.84,60.314,60.468,15845,82,60.4747
LU0274209740,42751158,DBXJ,EUR,2022-08-10,60.444,61.47,60.442,61.282,14346,53,60.808
LU0274209740,42751158,DBXJ,EUR,2022-08-11,61.5,61.704,61.308,61.548,6087,38,61.5501
LU0274209740,42751158,DBXJ,EUR,2022-08-12,61.994,62.43,61.994,62.282,12388,52,62.2071
LU0274209740,42751158,DBXJ,EUR,2022-08-15,62.938,63.18,62.72,63.168,4017,40,62.9653
LU0274209740,42751158,DBXJ,EUR,2022-08-16,63.2,63.332,62.658,62.908,20778,84,62.9486
LU0274209740,42751158,DBXJ,EUR,2022-08-17,63.458,63.49,62.63,62.63,28441,72,63.2837
LU0274209740,42751158,DBXJ,EUR,2022-08-18,62.56,63.13,62.515,63.13,37878,73,63.0101
LU0274209740,42751158,DBXJ,EUR,2022-08-19,62.42,62.634,62.354,62.38,12110,83,62.4769
LU0274209740,42751158,DBXJ,EUR,2022-08-22,62.724,62.738,62.34,62.56,7925,54,62.5507
LU0274209740,42751158,DBXJ,EUR,2022-08-23,62.592,62.7,62.182,62.534,12254,69,62.4768
LU0274209740,42751158,DBXJ,EUR,2022-08-24,62.396,62.618,62.288,62.498,7564,46,62.5089
LU0274209740,42751158,DBXJ,EUR,2022-08-25,62.61,62.77,62.5,62.698,23593,68,62.6704
LU0274209740,42751158,DBXJ,EUR,2022-08-26,62.672,62.672,61.622,61.842,137907,133,62.3602
LU0274209740,42751158,DBXJ,EUR,2022-08-29,60.706,61.04,60.532,60.814,17042,60,60.6935
LU0274209740,42751158,DBXJ,EUR,2022-08-30,61.352,61.608,60.622,60.76,28472,66,61.3758
LU0274209740,42751158,DBXJ,EUR,2022-08-31,60.984,60.984,60.256,60.338,16078,87,60.6974
LU0274209740,42751158,DBXJ,EUR,2022-09-01,60.076,60.076,59.49,59.852,8846,54,59.6602
LU0274209740,42751158,DBXJ,EUR,2022-09-02,59.28,59.702,59.254,59.624,38528,47,59.4969
LU0274209740,42751158,DBXJ,EUR,2022-09-05,59.9,59.9,59.634,59.794,10236,30,59.71
LU0274209740,42751158,DBXJ,EUR,2022-09-06,59.04,59.316,58.452,58.784,33612,81,59.0859
LU0274209740,42751158,DBXJ,EUR,2022-09-07,58.038,58.17,57.802,57.872,10348,44,57.9695
LU0274209740,42751158,DBXJ,EUR,2022-09-08,58.724,58.958,58.266,58.958,11871,45,58.565
LU0274209740,42751158,DBXJ,EUR,2022-09-09,58.738,59.404,58.738,59.384,16165,47,59.2272
LU0274209740,42751158,DBXJ,EUR,2022-09-12,58.8,59.36,58.702,59.27,8603,72,58.9925
LU0274209740,42751158,DBXJ,EUR,2022-09-13,59.294,59.43,57.996,58.462,15924,61,58.9078
LU0274209740,42751158,DBXJ,EUR,2022-09-14,58.69,58.996,58.506,58.804,6085,48,58.6746
LU0274209740,42751158,DBXJ,EUR,2022-09-15,58.67,58.8,58.36,58.416,24532,92,58.5594
LU0274209740,42751158,DBXJ,EUR,2022-09-16,58.142,58.422,57.99,58.026,7016,54,58.256
LU0274209740,42751158,DBXJ,EUR,2022-09-19,58.32,58.38,57.67,58.062,18315,197,57.8876
LU0274209740,42751158,DBXJ,EUR,2022-09-20,58.208,58.208,57.81,57.858,3040,35,57.9697
LU0274209740,42751158,DBXJ,EUR,2022-09-21,57.916,58.244,57.856,58.2,10162,50,57.9979
LU0274209740,42751158,DBXJ,EUR,2022-09-22,57.56,59.1,57.55,58.418,45980,150,58.5448
LU0274209740,42751158,DBXJ,EUR,2022-09-23,58.522,58.64,57.904,58.002,13882,85,58.2875
LU0274209740,42751158,DBXJ,EUR,2022-09-26,57.674,57.834,57.444,57.714,14110,67,57.629
LU0274209740,42751158,DBXJ,EUR,2022-09-27,57.702,57.88,57.39,57.39,19366,48,57.6583
LU0274209740,42751158,DBXJ,EUR,2022-09-28,57.192,57.69,57.132,57.664,23563,69,57.3539
LU0274209740,42751158,DBXJ,EUR,2022-09-29,57.156,57.53,56.558,56.59,19181,67,56.973
LU0274209740,42751158,DBXJ,EUR,2022-09-30,56.148,56.61,55.992,56.598,12137,60,56.3885
LU0274209740,42751158,DBXJ,EUR,2022-10-03,56.466,57.186,55.922,56.974,15611,45,56.8042
LU0274209740,42751158,DBXJ,EUR,2022-10-04,57.658,57.872,57.412,57.638,55881,90,57.6673
LU0274209740,42751158,DBXJ,EUR,2022-10-05,57.744,57.796,57.39,57.7,12782,95,57.6
LU0274209740,42751158,DBXJ,EUR,2022-10-06,58.144,58.144,57.664,58.004,17640,56,57.8705
LU0274209740,42751158,DBXJ,EUR,2022-10-07,58.03,58.246,57.608,57.608,5474,64,58.0187
LU0274209740,42751158,DBXJ,EUR,2022-10-10,57.35,57.876,57.194,57.446,33230,115,57.4719
LU0274209740,42751158,DBXJ,EUR,2022-10-11,57.014,57.236,56.924,57.174,8045,61,57.0989
LU0274209740,42751158,DBXJ,EUR,2022-10-12,56.846,57.002,56.584,56.722,33460,101,56.7876
LU0274209740,42751158,DBXJ,EUR,2022-10-13,56.166,56.526,55.442,56.382,11580,72,55.9627
LU0274209740,42751158,DBXJ,EUR,2022-10-14,56.746,57.134,56.246,56.248,33331,55,56.7362
LU0274209740,42751158,DBXJ,EUR,2022-10-17,56.186,56.38,56.066,56.204,10230,92,56.1927
LU0274209740,42751158,DBXJ,EUR,2022-10-18,55.992,56.378,55.62,55.736,20784,80,56.0168
LU0274209740,42751158,DBXJ,EUR,2022-10-19,55.956,56.132,55.868,55.872,9145,70,55.9971
LU0274209740,42751158,DBXJ,EUR,2022-10-20,55.86,56.232,55.722,56.078,12826,76,55.9249
LU0274209740,42751158,DBXJ,EUR,2022-10-21,55.394,56.272,55.106,56.05,22486,62,55.3842
LU0274209740,42751158,DBXJ,EUR,2022-10-24,55.694,56.106,55.506,55.772,14762,61,55.7576
LU0274209740,42751158,DBXJ,EUR,2022-10-25,56.28,56.604,56.1,56.604,11656,68,56.2833
LU0274209740,42751158,DBXJ,EUR,2022-10-26,56.442,56.774,56.37,56.638,10565,66,56.5579
LU0274209740,42751158,DBXJ,EUR,2022-10-27,56.318,56.678,56.052,56.652,8108,48,56.2796
LU0274209740,42751158,DBXJ,EUR,2022-10-28,56.12,56.9,56.0,56.602,8380,36,56.1115
LU0274209740,42751158,DBXJ,EUR,2022-10-31,56.788,56.978,56.564,56.946,24734,47,56.809
LU0274209740,42751158,DBXJ,EUR,2022-11-01,57.354,57.75,57.26,57.428,8070,82,57.5322
LU0274209740,42751158,DBXJ,EUR,2022-11-02,57.808,57.812,57.638,57.798,4775,49,57.7191
LU0274209740,42751158,DBXJ,EUR,2022-11-03,57.532,57.776,57.414,57.776,48548,58,57.6466
LU0274209740,42751158,DBXJ,EUR,2022-11-04,57.524,57.766,57.378,57.378,6916,49,57.633
LU0274209740,42751158,DBXJ,EUR,2022-11-07,57.37,57.744,57.37,57.604,6433,47,57.5834
LU0274209740,42751158,DBXJ,EUR,2022-11-08,57.964,58.344,57.92,58.3,39376,88,58.2413
LU0274209740,42751158,DBXJ,EUR,2022-11-09,57.752,57.874,57.612,57.688,16522,66,57.7801
LU0274209740,42751158,DBXJ,EUR,2022-11-10,57.614,59.27,57.208,59.248,3639,44,58.3447
LU0274209740,42751158,DBXJ,EUR,2022-11-11,59.51,60.042,59.51,59.556,6417,51,59.7515
LU0274209740,42751158,DBXJ,EUR,2022-11-14,59.3,59.32,58.98,59.076,23681,90,59.1564
LU0274209740,42751158,DBXJ,EUR,2022-11-15,58.956,59.634,58.956,59.628,11672,80,59.2824
LU0274209740,42751158,DBXJ,EUR,2022-11-16,59.11,59.118,58.79,58.888,14936,73,58.8978
LU0274209740,42751158,DBXJ,EUR,2022-11-17,59.324,59.334,58.69,58.89,31143,64,59.0502
LU0274209740,42751158,DBXJ,EUR,2022-11-18,58.906,59.28,58.906,59.156,30036,98,59.1724
LU0274209740,42751158,DBXJ,EUR,2022-11-21,59.23,59.3,59.056,59.14,6120,40,59.1689
LU0274209740,42751158,DBXJ,EUR,2022-11-22,59.45,60.036,59.41,59.952,50829,81,59.5537
LU0274209740,42751158,DBXJ,EUR,2022-11-23,59.98,60.474,59.938,60.402,21891,114,60.1571
LU0274209740,42751158,DBXJ,EUR,2022-11-24,60.504,61.1,60.504,60.956,14302,66,60.9619
LU0274209740,42751158,DBXJ,EUR,2022-11-25,60.678,60.752,60.43,60.656,10938,72,60.5718
LU0274209740,42751158,DBXJ,EUR,2022-11-28,60.706,60.706,60.056,60.584,5265,40,60.2985
LU0274209740,42751158,DBXJ,EUR,2022-11-29,60.66,60.66,60.176,60.176,10623,85,60.2943
LU0274209740,42751158,DBXJ,EUR,2022-11-30,60.14,60.364,59.668,60.046,20547,86,60.0431
LU0274209740,42751158,DBXJ,EUR,2022-12-01,60.75,60.75,60.17,60.204,25116,77,60.2812
LU0274209740,42751158,DBXJ,EUR,2022-12-02,59.822,60.088,59.326,59.784,8433,50,59.7859
LU0274209740,42751158,DBXJ,EUR,2022-12-05,59.486,59.55,58.788,59.05,11495,61,59.1941
LU0274209740,42751158,DBXJ,EUR,2022-12-06,59.062,59.18,58.398,58.672,82088,59,58.9094
LU0274209740,42751158,DBXJ,EUR,2022-12-07,58.73,58.856,58.378,58.702,29779,58,58.683
LU0274209740,42751158,DBXJ,EUR,2022-12-08,58.614,58.882,58.57,58.648,10479,46,58.6692
LU0274209740,42751158,DBXJ,EUR,2022-12-09,59.176,59.536,59.082,59.4,7371,69,59.3357
LU0274209740,42751158,DBXJ,EUR,2022-12-12,58.89,58.958,58.672,58.856,14279,82,58.8393
LU0274209740,42751158,DBXJ,EUR,2022-12-13,58.912,60.054,58.874,59.682,6170,36,59.2094
LU0274209740,42751158,DBXJ,EUR,2022-12-14,59.48,59.77,59.094,59.69,23743,46,59.6225
LU0274209740,42751158,DBXJ,EUR,2022-12-15,59.142,59.202,57.852,57.852,13474,78,58.1361
LU0274209740,42751158,DBXJ,EUR,2022-12-16,57.852,57.962,57.596,57.962,20499,86,57.7149
LU0274209740,42751158,DBXJ,EUR,2022-12-19,58.24,58.29,57.612,57.83,14695,76,58.0636
LU0274209740,42751158,DBXJ,EUR,2022-12-20,58.56,58.914,58.4,58.798,18456,69,58.6049
LU0274209740,42751158,DBXJ,EUR,2022-12-21,58.252,58.79,58.252,58.582,13962,87,58.5301
LU0274209740,42751158,DBXJ,EUR,2022-12-22,58.804,58.86,58.198,58.258,53608,108,58.4848
LU0274209740,42751158,DBXJ,EUR,2022-12-23,58.302,58.39,57.942,58.202,10693,28,58.3249
LU0274209740,42751158,DBXJ,EUR,2022-12-26,58.202,58.202,58.202,58.202,0,0,58.202
LU0274209740,42751158,DBXJ,EUR,2022-12-27,58.2,58.24,57.746,57.838,3687,31,58.0996
LU0274209740,42751158,DBXJ,EUR,2022-12-28,57.83,58.084,57.302,57.632,5837,66,57.8371
LU0274209740,42751158,DBXJ,EUR,2022-12-29,57.586,58.27,57.458,58.096,5787,59,57.7726
LU0274209740,42751158,DBXJ,EUR,2022-12-30,57.938,57.94,57.71,57.758,5443,28,57.8317
LU0274209740,42751158,DBXJ,EUR,2023-01-02,57.896,58.646,57.896,58.642,26031,50,58.2758
LU0274209740,42751158,DBXJ,EUR,2023-01-03,58.81,59.234,58.528,58.67,16742,70,58.9366
LU0274209740,42751158,DBXJ,EUR,2023-01-04,58.462,58.462,57.872,57.992,47153,91,58.0972
LU0274209740,42751158,DBXJ,EUR,2023-01-05,57.24,57.48,57.074,57.3,18457,96,57.3032
LU0274209740,42751158,DBXJ,EUR,2023-01-06,57.412,58.278,57.354,57.93,8655,83,57.6396
LU0274209740,42751158,DBXJ,EUR,2023-01-09,57.87,58.208,57.784,58.128,42791,97,57.9977
LU0274209740,42751158,DBXJ,EUR,2023-01-10,57.514,57.676,57.32,57.424,20786,95,57.527
LU0274209740,42751158,DBXJ,EUR,2023-01-11,57.772,57.978,57.764,57.846,10524,59,57.8898
LU0274209740,42751158,DBXJ,EUR,2023-01-12,58.474,58.95,58.332,58.562,22240,103,58.7058
LU0274209740,42751158,DBXJ,EUR,2023-01-13,59.122,59.184,58.674,59.08,20366,93,58.9768
LU0274209740,42751158,DBXJ,EUR,2023-01-16,58.828,59.056,58.828,58.94,11889,102,58.9784
LU0274209740,42751158,DBXJ,EUR,2023-01-17,59.56,59.862,59.148,59.862,9143,80,59.3827
LU0274209740,42751158,DBXJ,EUR,2023-01-18,59.522,60.418,59.308,60.014,28807,146,59.9705
LU0274209740,42751158,DBXJ,EUR,2023-01-19,59.94,59.984,59.5,59.738,59321,90,59.8977
LU0274209740,42751158,DBXJ,EUR,2023-01-20,59.926,59.998,59.598,59.996,24032,79,59.7844
LU0274209740,42751158,DBXJ,EUR,2023-01-23,59.906,60.042,59.526,59.964,49818,107,59.6902
LU0274209740,42751158,DBXJ,EUR,2023-01-24,60.294,60.386,60.0,60.386,13289,64,60.2578
LU0274209740,42751158,DBXJ,EUR,2023-01-25,60.648,60.814,60.45,60.662,10099,86,60.6393
LU0274209740,42751158,DBXJ,EUR,2023-01-26,60.8,61.01,60.63,60.726,21295,104,60.8131
LU0274209740,42751158,DBXJ,EUR,2023-01-27,60.624,61.162,60.624,61.128,6644,87,60.9486
LU0274209740,42751158,DBXJ,EUR,2023-01-30,60.938,61.05,60.662,60.986,6749,69,60.813
LU0274209740,42751158,DBXJ,EUR,2023-01-31,60.72,60.778,60.368,60.678,22267,78,60.5779
LU0274209740,42751158,DBXJ,EUR,2023-02-01,60.628,60.866,60.222,60.396,34737,118,60.3557
LU0274209740,42751158,DBXJ,EUR,2023-02-02,60.262,60.904,60.112,60.884,36735,87,60.4557
LU0274209740,42751158,DBXJ,EUR,2023-02-03,61.074,61.074,60.382,60.754,62079,106,60.716
LU0274209740,42751158,DBXJ,EUR,2023-02-06,60.692,60.692,60.132,60.488,114612,301,60.2873
LU0274209740,42751158,DBXJ,EUR,2023-02-07,60.732,61.5,60.636,61.052,19578,141,60.8386
LU0274209740,42751158,DBXJ,EUR,2023-02-08,61.212,61.234,60.804,60.804,15351,99,61.0374
LU0274209740,42751158,DBXJ,EUR,2023-02-09,61.252,61.37,60.81,61.194,19171,102,61.2436
LU0274209740,42751158,DBXJ,EUR,2023-02-10,61.372,61.614,61.244,61.402,23095,108,61.4266
LU0274209740,42751158,DBXJ,EUR,2023-02-13,60.61,60.954,60.61,60.896,11769,87,60.875
LU0274209740,42751158,DBXJ,EUR,2023-02-14,61.07,61.07,60.55,60.672,18240,102,60.8398
LU0274209740,42751158,DBXJ,EUR,2023-02-15,60.286,60.584,60.25,60.372,13115,64,60.3677
LU0274209740,42751158,DBXJ,EUR,2023-02-16,60.524,60.956,60.166,60.398,13627,74,60.3973
LU0274209740,42751158,DBXJ,EUR,2023-02-17,60.086,60.338,60.0,60.19,23139,104,60.1886
LU0274209740,42751158,DBXJ,EUR,2023-02-20,60.494,60.506,60.217,60.312,7011,53,60.3611
LU0274209740,42751158,DBXJ,EUR,2023-02-21,60.064,60.22,59.81,59.81,15384,90,60.1138
LU0274209740,42751158,DBXJ,EUR,2023-02-22,59.584,59.67,59.304,59.572,24108,70,59.4227
LU0274209740,42751158,DBXJ,EUR,2023-02-23,59.752,59.996,59.632,59.816,13288,59,59.8484
LU0274209740,42751158,DBXJ,EUR,2023-02-24,60.316,60.316,59.456,59.456,8963,63,59.7848
LU0274209740,42751158,DBXJ,EUR,2023-02-27,60.068,60.094,59.79,59.826,12769,80,59.9668
LU0274209740,42751158,DBXJ,EUR,2023-02-28,59.46,59.884,59.368,59.646,19378,98,59.5751
LU0274209740,42751158,DBXJ,EUR,2023-03-01,59.702,59.776,59.296,59.38,19609,128,59.498
LU0274209740,42751158,DBXJ,EUR,2023-03-02,59.178,59.656,59.178,59.564,14225,102,59.4462
LU0274209740,42751158,DBXJ,EUR,2023-03-03,60.324,61.158,60.246,60.804,12378,101,60.5628
LU0274209740,42751158,DBXJ,EUR,2023-03-06,60.932,60.982,60.708,60.8,9186,74,60.8655
LU0274209740,42751158,DBXJ,EUR,2023-03-07,60.988,61.245,60.988,61.084,11131,58,61.1369
LU0274209740,42751158,DBXJ,EUR,2023-03-08,61.178,61.792,61.122,61.53,19599,96,61.5208
LU0274209740,42751158,DBXJ,EUR,2023-03-09,61.75,62.158,61.352,61.868,21110,90,61.921
LU0274209740,42751158,DBXJ,EUR,2023-03-10,60.66,60.838,60.462,60.772,26458,112,60.6833
LU0274209740,42751158,DBXJ,EUR,2023-03-13,59.886,59.984,59.36,59.36,51775,166,59.7765
LU0274209740,42751158,DBXJ,EUR,2023-03-14,58.676,59.1,58.478,59.008,14558,121,58.7091
LU0274209740,42751158,DBXJ,EUR,2023-03-15,58.468,59.148,58.338,58.68,47038,186,58.8448
LU0274209740,42751158,DBXJ,EUR,2023-03-16,59.0,59.578,58.868,59.358,17566,134,59.2155
LU0274209740,42751158,DBXJ,EUR,2023-03-17,59.668,59.884,59.152,59.168,30207,118,59.6958
LU0274209740,42751158,DBXJ,EUR,2023-03-20,59.416,59.734,59.348,59.508,6103,59,59.4625
LU0274209740,42751158,DBXJ,EUR,2023-03-21,59.654,59.654,59.38,59.38,22491,126,59.5312
LU0274209740,42751158,DBXJ,EUR,2023-03-22,59.606,59.644,59.41,59.43,17491,69,59.5653
LU0274209740,42751158,DBXJ,EUR,2023-03-23,59.35,59.656,59.214,59.596,14103,103,59.4503
LU0274209740,42751158,DBXJ,EUR,2023-03-24,60.01,60.16,59.74,59.844,9055,107,59.8977
LU0274209740,42751158,DBXJ,EUR,2023-03-27,59.986,60.164,59.956,59.982,6665,71,60.0652
LU0274209740,42751158,DBXJ,EUR,2023-03-28,60.108,60.108,59.886,59.93,10805,61,60.0112
LU0274209740,42751158,DBXJ,EUR,2023-03-29,60.36,60.444,60.028,60.204,9835,63,60.2901
LU0274209740,42751158,DBXJ,EUR,2023-03-30,60.53,60.53,59.98,60.212,22522,70,60.2347
LU0274209740,42751158,DBXJ,EUR,2023-03-31,60.598,61.012,60.28,61.012,23703,73,60.4341
LU0274209740,42751158,DBXJ,EUR,2023-04-03,61.24,61.24,60.84,60.914,19925,97,60.9757
LU0274209740,42751158,DBXJ,EUR,2023-04-04,60.974,61.256,60.676,60.748,16471,127,60.936
LU0274209740,42751158,DBXJ,EUR,2023-04-05,60.266,60.266,59.864,60.032,7772,52,60.043
LU0274209740,42751158,DBXJ,EUR,2023-04-06,59.572,60.422,59.572,59.72,12672,57,59.936
LU0274209740,42751158,DBXJ,EUR,2023-04-07,59.72,59.72,59.72,59.72,0,0,59.72
LU0274209740,42751158,DBXJ,EUR,2023-04-10,59.72,59.72,59.72,59.72,0,0,59.72
LU0274209740,42751158,DBXJ,EUR,2023-04-11,59.896,60.05,59.728,59.812,5633,59,59.9033
LU0274209740,42751158,DBXJ,EUR,2023-04-12,60.078,60.36,59.698,59.814,6883,67,60.0016
LU0274209740,42751158,DBXJ,EUR,2023-04-13,60.064,60.138,59.7,60.102,16397,276,59.8843
LU0274209740,42751158,DBXJ,EUR,2023-04-14,60.45,60.45,59.956,60.122,11200,86,60.1313
LU0274209740,42751158,DBXJ,EUR,2023-04-17,60.298,60.56,60.198,60.444,10932,155,60.2981
LU0274209740,42751158,DBXJ,EUR,2023-04-18,60.68,60.948,60.584,60.696,19545,162,60.791
LU0274209740,42751158,DBXJ,EUR,2023-04-19,60.618,60.618,60.144,60.276,18706,116,60.2746
LU0274209740,42751158,DBXJ,EUR,2023-04-20,60.49,60.53,60.108,60.516,9070,66,60.3256
LU0274209740,42751158,DBXJ,EUR,2023-04-21,60.678,60.688,60.428,60.516,15112,69,60.5465
LU0274209740,42751158,DBXJ,EUR,2023-04-24,60.44,60.458,60.15,60.308,9624,71,60.2682
LU0274209740,42751158,DBXJ,EUR,2023-04-25,60.11,60.604,60.09,60.526,11094,72,60.2934
LU0274209740,42751158,DBXJ,EUR,2023-04-26,59.925,60.174,59.718,59.926,30555,90,59.9213
LU0274209740,42751158,DBXJ,EUR,2023-04-27,60.018,60.564,60.018,60.556,14207,84,60.4301
LU0274209740,42751158,DBXJ,EUR,2023-04-28,60.308,60.31,59.87,59.906,22853,82,60.0046
LU0274209740,42751158,DBXJ,EUR,2023-05-01,59.906,59.906,59.906,59.906,0,0,59.906
LU0274209740,42751158,DBXJ,EUR,2023-05-02,59.938,60.164,59.59,59.6,52591,243,59.9093
LU0274209740,42751158,DBXJ,EUR,2023-05-03,59.996,60.102,59.89,60.012,9596,71,59.9986
LU0274209740,42751158,DBXJ,EUR,2023-05-04,60.056,60.52,59.858,60.466,38168,111,60.0509
LU0274209740,42751158,DBXJ,EUR,2023-05-05,60.612,61.0,60.492,60.922,14665,88,60.7101
LU0274209740,42751158,DBXJ,EUR,2023-05-08,60.8,61.076,60.688,60.92,6759,64,60.8041
LU0274209740,42751158,DBXJ,EUR,2023-05-09,61.734,61.876,61.566,61.876,14835,137,61.6968
LU0274209740,42751158,DBXJ,EUR,2023-05-10,61.696,61.83,60.732,61.48,16571,60,61.4874
LU0274209740,42751158,DBXJ,EUR,2023-05-11,62.03,62.128,61.794,61.956,30865,109,61.9875
LU0274209740,42751158,DBXJ,EUR,2023-05-12,62.312,62.814,62.264,62.6,13645,74,62.6261
LU0274209740,42751158,DBXJ,EUR,2023-05-15,62.734,62.882,62.594,62.848,10242,99,62.722
LU0274209740,42751158,DBXJ,EUR,2023-05-16,62.98,63.114,62.874,62.928,13410,84,62.9651
LU0274209740,42751158,DBXJ,EUR,2023-05-17,63.38,63.472,62.854,63.37,11481,77,63.2671
LU0274209740,42751158,DBXJ,EUR,2023-05-18,63.8,64.06,63.726,63.76,2602,38,63.8438
LU0274209740,42751158,DBXJ,EUR,2023-05-19,64.212,64.212,63.5,63.512,35945,121,63.7264
LU0274209740,42751158,DBXJ,EUR,2023-05-22,64.05,64.09,63.848,64.036,16675,118,63.9741
LU0274209740,42751158,DBXJ,EUR,2023-05-23,63.312,63.536,63.058,63.536,25185,94,63.2571
LU0274209740,42751158,DBXJ,EUR,2023-05-24,63.122,63.188,62.68,62.89,18644,136,62.8766
LU0274209740,42751158,DBXJ,EUR,2023-05-25,63.001,63.392,63.0,63.134,22584,95,63.1941
LU0274209740,42751158,DBXJ,EUR,2023-05-26,62.974,63.674,62.974,63.532,10241,85,63.2503
LU0274209740,42751158,DBXJ,EUR,2023-05-29,63.408,63.408,63.152,63.252,2663,18,63.2322
LU0274209740,42751158,DBXJ,EUR,2023-05-30,63.412,63.49,62.986,63.006,22005,120,63.2493
LU0274209740,42751158,DBXJ,EUR,2023-05-31,62.812,63.024,62.47,62.584,17952,83,62.811
LU0274209740,42751158,DBXJ,EUR,2023-06-01,63.67,63.844,63.522,63.744,11799,118,63.6426
LU0274209740,42751158,DBXJ,EUR,2023-06-02,64.298,65.366,64.262,65.174,24496,128,64.9277
LU0274209740,42751158,DBXJ,EUR,2023-06-05,65.516,66.004,65.226,65.226,43204,168,65.5727
LU0274209740,42751158,DBXJ,EUR,2023-06-06,65.666,66.534,65.666,66.5,20428,136,66.1928
LU0274209740,42751158,DBXJ,EUR,2023-06-07,65.536,65.536,64.807,65.162,18852,147,65.1968
LU0274209740,42751158,DBXJ,EUR,2023-06-08,64.28,64.878,64.28,64.662,11650,79,64.7115
LU0274209740,42751158,DBXJ,EUR,2023-06-09,65.242,65.978,65.18,65.858,7310,78,65.5788
LU0274209740,42751158,DBXJ,EUR,2023-06-12,66.125,66.19,65.896,66.17,16693,78,66.079
LU0274209740,42751158,DBXJ,EUR,2023-06-13,66.43,67.28,66.43,67.214,15558,121,66.8144
LU0274209740,42751158,DBXJ,EUR,2023-06-14,67.208,67.672,66.964,67.168,52224,179,67.46
LU0274209740,42751158,DBXJ,EUR,2023-06-15,66.492,66.618,65.88,66.094,24847,148,66.2674
LU0274209740,42751158,DBXJ,EUR,2023-06-16,65.842,66.394,65.842,66.088,26174,111,66.1763
LU0274209740,42751158,DBXJ,EUR,2023-06-19,64.938,65.644,64.938,65.282,35586,150,65.4273
LU0274209740,42751158,DBXJ,EUR,2023-06-20,65.016,65.248,64.73,64.982,142198,216,64.9383
LU0274209740,42751158,DBXJ,EUR,2023-06-21,65.832,65.832,65.246,65.332,19893,77,65.4289
LU0274209740,42751158,DBXJ,EUR,2023-06-22,64.912,65.132,64.688,64.952,34603,152,64.9433
LU0274209740,42751158,DBXJ,EUR,2023-06-23,63.41,64.262,63.41,63.678,41485,135,64.0199
LU0274209740,42751158,DBXJ,EUR,2023-06-26,63.718,63.83,63.478,63.546,12851,87,63.6658
LU0274209740,42751158,DBXJ,EUR,2023-06-27,63.442,63.708,63.134,63.364,11915,89,63.2915
LU0274209740,42751158,DBXJ,EUR,2023-06-28,64.458,64.498,64.078,64.498,12662,100,64.2204
LU0274209740,42751158,DBXJ,EUR,2023-06-29,64.182,64.47,64.092,64.326,36816,135,64.3557
LU0274209740,42751158,DBXJ,EUR,2023-06-30,64.71,64.71,64.26,64.568,13142,65,64.4604
LU0274209740,42751158,DBXJ,EUR,2023-07-03,64.93,65.274,64.816,64.838,20675,152,65.0709
LU0274209740,42751158,DBXJ,EUR,2023-07-04,64.59,64.636,64.402,64.416,28878,84,64.4807
LU0274209740,42751158,DBXJ,EUR,2023-07-05,64.392,64.676,64.32,64.542,69386,103,64.5594
LU0274209740,42751158,DBXJ,EUR,2023-07-06,63.842,64.312,63.358,63.426,16477,99,63.786
LU0274209740,42751158,DBXJ,EUR,2023-07-07,63.614,64.048,63.52,64.048,14749,85,63.8539
LU0274209740,42751158,DBXJ,EUR,2023-07-10,63.508,63.878,63.302,63.738,13003,106,63.6437
LU0274209740,42751158,DBXJ,EUR,2023-07-11,63.672,63.914,63.47,63.89,13353,89,63.7295
LU0274209740,42751158,DBXJ,EUR,2023-07-12,63.548,64.11,63.46,64.066,9130,82,63.6909
LU0274209740,42751158,DBXJ,EUR,2023-07-13,64.04,64.366,64.04,64.194,13836,91,64.2486
LU0274209740,42751158,DBXJ,EUR,2023-07-14,63.666,63.746,63.177,63.394,14891,72,63.4925
LU0274209740,42751158,DBXJ,EUR,2023-07-17,63.242,63.362,63.092,63.19,34749,121,63.2334
LU0274209740,42751158,DBXJ,EUR,2023-07-18,63.63,64.368,63.516,64.204,8634,58,63.9864
LU0274209740,42751158,DBXJ,EUR,2023-07-19,64.594,64.622,64.218,64.38,27229,81,64.3835
LU0274209740,42751158,DBXJ,EUR,2023-07-20,63.698,63.886,63.556,63.884,15002,87,63.677
LU0274209740,42751158,DBXJ,EUR,2023-07-21,63.358,64.028,63.358,63.964,8767,58,63.8637
LU0274209740,42751158,DBXJ,EUR,2023-07-24,64.04,64.292,63.808,64.292,12339,64,64.0538
LU0274209740,42751158,DBXJ,EUR,2023-07-25,64.312,64.736,64.184,64.516,23666,151,64.4612
LU0274209740,42751158,DBXJ,EUR,2023-07-26,64.658,64.722,64.372,64.5,14770,72,64.6462
LU0274209740,42751158,DBXJ,EUR,2023-07-27,65.13,66.006,65.06,65.714,28883,113,65.3446
LU0274209740,42751158,DBXJ,EUR,2023-07-28,65.702,66.204,65.61,66.08,18982,110,65.8655
LU0274209740,42751158,DBXJ,EUR,2023-07-31,66.066,66.066,65.31,65.638,26698,127,65.4871
LU0274209740,42751158,DBXJ,EUR,2023-08-01,65.67,65.712,64.476,65.056,14753,82,65.4154
LU0274209740,42751158,DBXJ,EUR,2023-08-02,64.42,64.512,63.918,64.116,13659,124,64.269
LU0274209740,42751158,DBXJ,EUR,2023-08-03,63.778,63.778,63.266,63.618,22066,116,63.462
LU0274209740,42751158,DBXJ,EUR,2023-08-04,64.132,64.248,63.816,64.098,15090,83,64.0377
LU0274209740,42751158,DBXJ,EUR,2023-08-07,64.44,64.576,64.348,64.446,12723,67,64.4571
LU0274209740,42751158,DBXJ,EUR,2023-08-08,64.096,64.234,64.032,64.044,13194,88,64.0997
LU0274209740,42751158,DBXJ,EUR,2023-08-09,64.024,64.036,63.46,63.478,11706,67,63.8956
LU0274209740,42751158,DBXJ,EUR,2023-08-10,64.02,64.188,63.906,64.074,14169,73,64.0207
LU0274209740,42751158,DBXJ,EUR,2023-08-11,63.956,63.986,63.788,63.788,8600,52,63.9
LU0274209740,42751158,DBXJ,EUR,2023-08-14,63.03,63.596,63.03,63.434,16786,124,63.3689
LU0274209740,42751158,DBXJ,EUR,2023-08-15,63.588,63.588,62.666,62.84,8946,102,62.8473
LU0274209740,42751158,DBXJ,EUR,2023-08-16,62.6,62.6,62.274,62.494,10598,68,62.4548
LU0274209740,42751158,DBXJ,EUR,2023-08-17,62.248,62.452,62.13,62.198,6056,76,62.3269
LU0274209740,42751158,DBXJ,EUR,2023-08-18,62.09,62.322,61.898,62.128,10636,68,61.9901
LU0274209740,42751158,DBXJ,EUR,2023-08-21,62.24,62.364,61.892,61.906,9019,84,62.1754
LU0274209740,42751158,DBXJ,EUR,2023-08-22,62.476,62.954,62.476,62.848,10239,55,62.8475
LU0274209740,42751158,DBXJ,EUR,2023-08-23,63.076,63.55,63.076,63.536,26918,62,63.3659
LU0274209740,42751158,DBXJ,EUR,2023-08-24,63.616,63.616,62.884,63.046,11621,73,63.3549
LU0274209740,42751158,DBXJ,EUR,2023-08-25,63.136,63.284,62.992,63.228,7981,69,63.182
LU0274209740,42751158,DBXJ,EUR,2023-08-28,63.736,63.934,63.624,63.878,14432,64,63.7598
LU0274209740,42751158,DBXJ,EUR,2023-08-29,63.778,63.944,63.556,63.944,9693,76,63.7539
LU0274209740,42751158,DBXJ,EUR,2023-08-30,63.75,63.786,63.418,63.514,7912,67,63.5801
LU0274209740,42751158,DBXJ,EUR,2023-08-31,64.006,64.714,64.006,64.582,9472,68,64.558
LU0274209740,42751158,DBXJ,EUR,2023-09-01,65.254,65.582,65.124,65.35,7677,103,65.3095
LU0274209740,42751158,DBXJ,EUR,2023-09-04,65.73,66.146,65.73,65.848,7930,70,66.0163
LU0274209740,42751158,DBXJ,EUR,2023-09-05,65.774,66.132,65.7,66.08,12561,114,65.9467
LU0274209740,42751158,DBXJ,EUR,2023-09-06,66.238,66.652,66.136,66.136,8982,67,66.3813
LU0274209740,42751158,DBXJ,EUR,2023-09-07,66.044,66.354,66.044,66.202,8714,68,66.2542
LU0274209740,42751158,DBXJ,EUR,2023-09-08,65.446,65.712,65.41,65.66,17956,94,65.5794
LU0274209740,42751158,DBXJ,EUR,2023-09-11,65.904,66.174,65.816,66.014,9390,94,65.9772
LU0274209740,42751158,DBXJ,EUR,2023-09-12,66.272,66.384,66.17,66.17,7411,75,66.2792
LU0274209740,42751158,DBXJ,EUR,2023-09-13,66.096,66.154,65.826,66.146,11112,90,65.9452
LU0274209740,42751158,DBXJ,EUR,2023-09-14,66.688,67.714,66.688,67.67,19529,110,67.0806
LU0274209740,42751158,DBXJ,EUR,2023-09-15,67.8,67.904,67.44,67.48,14591,128,67.7621
LU0274209740,42751158,DBXJ,EUR,2023-09-18,67.352,67.48,67.1,67.164,9719,63,67.278
LU0274209740,42751158,DBXJ,EUR,2023-09-19,67.7,67.968,67.59,67.672,12269,77,67.7923
LU0274209740,42751158,DBXJ,EUR,2023-09-20,67.132,67.264,66.964,67.206,9584,70,67.1005
LU0274209740,42751158,DBXJ,EUR,2023-09-21,65.91,66.42,65.826,66.102,19011,110,66.1145
LU0274209740,42751158,DBXJ,EUR,2023-09-22,66.066,66.51,66.066,66.406,16348,83,66.2986
LU0274209740,42751158,DBXJ,EUR,2023-09-25,66.704,66.704,65.974,66.344,37129,140,66.1009
LU0274209740,42751158,DBXJ,EUR,2023-09-26,65.504,65.922,65.504,65.756,21281,78,65.7884
LU0274209740,42751158,DBXJ,EUR,2023-09-27,66.148,66.436,66.148,66.198,32775,143,66.3055
LU0274209740,42751158,DBXJ,EUR,2023-09-28,65.906,65.94,65.516,65.872,56355,100,65.8507
LU0274209740,42751158,DBXJ,EUR,2023-09-29,65.628,65.628,65.204,65.218,21452,96,65.3347
LU0274209740,42751158,DBXJ,EUR,2023-10-02,65.062,65.062,64.736,64.902,17968,143,64.8655
LU0274209740,42751158,DBXJ,EUR,2023-10-03,64.224,64.574,63.71,63.806,8109,63,64.0991
LU0274209740,42751158,DBXJ,EUR,2023-10-04,62.97,63.002,62.5,62.712,17190,113,62.7199
LU0274209740,42751158,DBXJ,EUR,2023-10-05,63.824,64.132,63.746,63.854,9643,76,63.9561
LU0274209740,42751158,DBXJ,EUR,2023-10-06,63.636,63.924,63.632,63.716,10470,59,63.7921
LU0274209740,42751158,DBXJ,EUR,2023-10-09,63.77,64.058,63.632,64.058,31907,134,63.8726
LU0274209740,42751158,DBXJ,EUR,2023-10-10,65.0,65.09,64.666,64.904,29671,147,64.8391
LU0274209740,42751158,DBXJ,EUR,2023-10-11,64.58,65.062,64.576,64.576,12236,75,64.7659
LU0274209740,42751158,DBXJ,EUR,2023-10-12,66.038,66.038,65.348,65.374,14119,83,65.5627
LU0274209740,42751158,DBXJ,EUR,2023-10-13,64.922,64.996,64.628,64.682,10445,67,64.7682
LU0274209740,42751158,DBXJ,EUR,2023-10-16,64.182,64.594,63.944,64.546,14201,109,64.2749
LU0274209740,42751158,DBXJ,EUR,2023-10-17,64.47,64.618,64.192,64.566,11587,88,64.4184
LU0274209740,42751158,DBXJ,EUR,2023-10-18,64.284,64.348,63.746,63.998,8735,63,64.1749
LU0274209740,42751158,DBXJ,EUR,2023-10-19,63.08,63.738,63.08,63.468,17222,80,63.5358
LU0274209740,42751158,DBXJ,EUR,2023-10-20,63.062,63.094,62.646,62.646,17150,111,62.9099
LU0274209740,42751158,DBXJ,EUR,2023-10-23,62.55,62.55,61.982,62.278,16199,101,62.1543
LU0274209740,42751158,DBXJ,EUR,2023-10-24,62.174,62.796,62.152,62.658,8173,60,62.2843
LU0274209740,42751158,DBXJ,EUR,2023-10-25,62.932,63.224,62.768,62.93,23373,125,63.006
LU0274209740,42751158,DBXJ,EUR,2023-10-26,61.502,62.4,61.502,62.216,15598,90,62.191
LU0274209740,42751158,DBXJ,EUR,2023-10-27,62.772,62.91,62.26,62.35,59466,172,62.7277
LU0274209740,42751158,DBXJ,EUR,2023-10-30,62.75,62.868,62.118,62.262,14481,91,62.4808
LU0274209740,42751158,DBXJ,EUR,2023-10-31,62.484,63.476,62.484,63.464,71554,108,63.0858
LU0274209740,42751158,DBXJ,EUR,2023-11-01,64.032,64.73,63.884,64.428,20063,127,64.1617
LU0274209740,42751158,DBXJ,EUR,2023-11-02,64.72,65.124,64.564,65.118,19942,153,64.7906
LU0274209740,42751158,DBXJ,EUR,2023-11-03,65.558,66.032,65.412,65.946,54032,119,65.6886
LU0274209740,42751158,DBXJ,EUR,2023-11-06,65.53,65.53,64.986,65.022,15827,136,65.1057
LU0274209740,42751158,DBXJ,EUR,2023-11-07,64.582,64.662,64.082,64.59,9205,81,64.4248
LU0274209740,42751158,DBXJ,EUR,2023-11-08,63.9,63.944,63.376,63.47,18222,88,63.8087
LU0274209740,42751158,DBXJ,EUR,2023-11-09,63.946,64.398,63.946,64.376,18247,64,64.1586
LU0274209740,42751158,DBXJ,EUR,2023-11-10,64.193,64.242,63.832,64.188,8426,77,64.0483
LU0274209740,42751158,DBXJ,EUR,2023-11-13,63.992,64.46,63.992,64.39,16426,104,64.1644
LU0274209740,42751158,DBXJ,EUR,2023-11-14,63.916,64.636,63.916,64.476,19756,108,64.3477
LU0274209740,42751158,DBXJ,EUR,2023-11-15,64.73,64.756,64.35,64.412,17333,89,64.5642
LU0274209740,42751158,DBXJ,EUR,2023-11-16,64.39,64.448,64.226,64.344,9589,67,64.3257
LU0274209740,42751158,DBXJ,EUR,2023-11-17,65.322,65.448,65.146,65.148,18344,57,65.3435
LU0274209740,42751158,DBXJ,EUR,2023-11-20,65.15,65.15,64.73,64.736,18115,121,64.8471
LU0274209740,42751158,DBXJ,EUR,2023-11-21,65.0,65.096,64.824,64.924,12538,79,64.951
LU0274209740,42751158,DBXJ,EUR,2023-11-22,65.044,65.428,65.034,65.34,18447,102,65.3061
LU0274209740,42751158,DBXJ,EUR,2023-11-23,65.168,65.566,65.154,65.244,14796,92,65.2704
LU0274209740,42751158,DBXJ,EUR,2023-11-24,65.108,65.27,65.052,65.216,12582,72,65.2007
LU0274209740,42751158,DBXJ,EUR,2023-11-27,64.588,65.204,64.588,65.124,9371,67,64.9767
LU0274209740,42751158,DBXJ,EUR,2023-11-28,64.752,64.95,64.514,64.95,11533,65,64.6908
LU0274209740,42751158,DBXJ,EUR,2023-11-29,64.846,64.98,64.796,64.886,39339,101,64.9218
LU0274209740,42751158,DBXJ,EUR,2023-11-30,65.474,65.568,65.294,65.42,15172,61,65.4566
LU0274209740,42751158,DBXJ,EUR,2023-12-01,65.476,66.138,65.392,65.978,29927,135,65.6277
LU0274209740,42751158,DBXJ,EUR,2023-12-04,65.47,65.77,65.42,65.486,15482,148,65.5194
LU0274209740,42751158,DBXJ,EUR,2023-12-05,65.29,65.734,65.116,65.578,16507,119,65.314
LU0274209740,42751158,DBXJ,EUR,2023-12-06,66.73,66.82,66.522,66.522,25659,165,66.6417
LU0274209740,42751158,DBXJ,EUR,2023-12-07,66.488,66.802,66.076,66.46,12346,109,66.291
LU0274209740,42751158,DBXJ,EUR,2023-12-08,66.252,66.508,66.184,66.43,26839,106,66.377
LU0274209740,42751158,DBXJ,EUR,2023-12-11,66.422,67.104,66.422,66.84,11304,91,66.7482
LU0274209740,42751158,DBXJ,EUR,2023-12-12,66.508,66.898,65.626,66.482,17501,107,66.3889
LU0274209740,42751158,DBXJ,EUR,2023-12-13,66.228,67.014,66.228,66.454,26493,99,66.44
LU0274209740,42751158,DBXJ,EUR,2023-12-14,67.42,67.42,65.944,66.104,38194,131,66.5357
LU0274209740,42751158,DBXJ,EUR,2023-12-15,66.35,66.724,66.302,66.36,14873,148,66.5151
LU0274209740,42751158,DBXJ,EUR,2023-12-18,66.098,66.38,65.664,65.762,8593,122,66.1058
LU0274209740,42751158,DBXJ,EUR,2023-12-19,66.326,66.326,65.722,65.722,16685,130,66.0082
LU0274209740,42751158,DBXJ,EUR,2023-12-20,66.212,66.322,66.054,66.114,13925,89,66.1401
LU0274209740,42751158,DBXJ,EUR,2023-12-21,66.214,66.272,65.816,66.258,14303,110,66.0405
LU0274209740,42751158,DBXJ,EUR,2023-12-22,66.414,66.642,66.118,66.598,10549,91,66.3629
LU0274209740,42751158,DBXJ,EUR,2023-12-27,66.842,66.842,66.018,66.188,8561,97,66.3492
LU0274209740,42751158,DBXJ,EUR,2023-12-28,66.654,67.062,66.508,66.822,7832,61,66.6818
LU0274209740,42751158,DBXJ,EUR,2023-12-29,66.974,67.294,66.96,67.25,14575,87,67.2024
