ISIN,conId,Symbol,Currency,date,open,high,low,close,volume,barCount,average
NO0003096208,75733590,LSG,NOK,2019-01-02,65.34,66.56,64.4,65.72,424590,1728,65.642
NO0003096208,75733590,LSG,NOK,2019-01-03,65.7,65.7,63.16,64.38,729556,2569,64.486
NO0003096208,75733590,LSG,NOK,2019-01-04,64.68,65.76,64.14,65.4,625439,2690,64.938
NO0003096208,75733590,LSG,NOK,2019-01-07,65.7,65.7,63.26,64.26,523638,2114,64.348
NO0003096208,75733590,LSG,NOK,2019-01-08,64.1,64.4,63.26,63.6,366546,1135,63.758
NO0003096208,75733590,LSG,NOK,2019-01-09,64.24,67.06,63.72,66.36,754286,2099,66.014
NO0003096208,75733590,LSG,NOK,2019-01-10,66.1,67.86,65.32,67.22,731166,2436,66.834
NO0003096208,75733590,LSG,NOK,2019-01-11,68.12,68.42,66.12,66.94,615689,2001,67.132
NO0003096208,75733590,LSG,NOK,2019-01-14,67.4,67.54,66.04,67.54,476669,1690,67.276
NO0003096208,75733590,LSG,NOK,2019-01-15,68.22,68.72,67.3,68.26,403865,1462,68.044
NO0003096208,75733590,LSG,NOK,2019-01-16,68.58,68.66,66.12,67.1,888246,3120,66.976
NO0003096208,75733590,LSG,NOK,2019-01-17,66.4,67.76,66.02,67.64,1002734,2828,66.898
NO0003096208,75733590,LSG,NOK,2019-01-18,67.9,69.82,67.7,69.8,795787,2804,68.982
NO0003096208,75733590,LSG,NOK,2019-01-21,70.06,70.54,69.44,70.24,505300,1505,70.21
NO0003096208,75733590,LSG,NOK,2019-01-22,70.58,71.16,69.64,69.82,442054,1529,70.25
NO0003096208,75733590,LSG,NOK,2019-01-23,70.6,71.0,68.5,69.02,612814,1924,69.116
NO0003096208,75733590,LSG,NOK,2019-01-24,69.2,69.58,68.24,68.94,425258,1524,68.786
NO0003096208,75733590,LSG,NOK,2019-01-25,69.46,69.7,67.08,67.56,588595,1819,68.022
NO0003096208,75733590,LSG,NOK,2019-01-28,67.34,67.86,65.76,66.26,714917,2374,66.458
NO0003096208,75733590,LSG,NOK,2019-01-29,66.68,68.38,66.6,68.32,287793,1171,67.854
NO0003096208,75733590,LSG,NOK,2019-01-30,68.5,69.54,68.08,69.14,576584,1477,69.04
NO0003096208,75733590,LSG,NOK,2019-01-31,69.7,69.98,67.14,67.14,688169,1770,68.014
NO0003096208,75733590,LSG,NOK,2019-02-01,67.58,67.62,66.72,67.0,323293,868,67.138
NO0003096208,75733590,LSG,NOK,2019-02-04,67.38,67.84,66.44,66.6,434819,1317,67.124
NO0003096208,75733590,LSG,NOK,2019-02-05,66.7,68.1,66.56,68.0,550226,1965,67.7
NO0003096208,75733590,LSG,NOK,2019-02-06,67.8,69.66,67.8,68.6,409263,1418,68.746
NO0003096208,75733590,LSG,NOK,2019-02-07,68.78,70.96,68.78,70.1,829789,2483,70.006
NO0003096208,75733590,LSG,NOK,2019-02-08,69.9,70.14,67.82,67.98,599871,1904,68.796
NO0003096208,75733590,LSG,NOK,2019-02-11,68.9,69.1,68.0,68.5,518594,1704,68.586
NO0003096208,75733590,LSG,NOK,2019-02-12,68.58,68.58,67.0,67.24,433390,1449,67.554
NO0003096208,75733590,LSG,NOK,2019-02-13,68.1,68.42,67.2,67.46,636902,1875,67.644
NO0003096208,75733590,LSG,NOK,2019-02-14,68.72,69.38,68.06,68.42,1019267,2636,68.738
NO0003096208,75733590,LSG,NOK,2019-02-15,68.5,70.14,68.4,69.58,521790,1698,69.512
NO0003096208,75733590,LSG,NOK,2019-02-18,69.8,70.92,69.72,70.48,621449,1743,70.418
NO0003096208,75733590,LSG,NOK,2019-02-19,70.44,70.68,69.52,69.64,421487,1363,69.966
NO0003096208,75733590,LSG,NOK,2019-02-20,69.4,69.4,67.54,68.3,703818,2271,68.188
NO0003096208,75733590,LSG,NOK,2019-02-21,68.42,69.24,68.08,68.16,418908,1346,68.562
NO0003096208,75733590,LSG,NOK,2019-02-22,68.4,69.12,67.26,68.44,827014,2237,68.42
NO0003096208,75733590,LSG,NOK,2019-02-25,69.0,69.52,68.78,68.98,677560,1794,69.06
NO0003096208,75733590,LSG,NOK,2019-02-26,66.3,66.72,63.6,64.7,3244963,8873,64.746
NO0003096208,75733590,LSG,NOK,2019-02-27,65.1,66.0,63.7,65.74,1779709,4265,64.742
NO0003096208,75733590,LSG,NOK,2019-02-28,65.14,65.56,64.04,64.5,1069255,2554,64.52
NO0003096208,75733590,LSG,NOK,2019-03-01,64.98,67.6,64.22,66.78,1218056,3052,66.196
NO0003096208,75733590,LSG,NOK,2019-03-04,67.2,68.22,66.6,67.38,932754,2170,67.668
NO0003096208,75733590,LSG,NOK,2019-03-05,67.12,68.28,66.98,68.0,995623,3687,67.806
NO0003096208,75733590,LSG,NOK,2019-03-06,68.0,68.62,67.7,67.94,998289,2662,68.074
NO0003096208,75733590,LSG,NOK,2019-03-07,68.36,68.5,66.04,66.34,1162217,2928,66.848
NO0003096208,75733590,LSG,NOK,2019-03-08,66.54,67.68,66.0,67.0,839957,2252,67.042
NO0003096208,75733590,LSG,NOK,2019-03-11,67.24,67.56,66.66,67.18,703259,1932,67.07
NO0003096208,75733590,LSG,NOK,2019-03-12,67.38,67.38,66.44,66.6,693157,1874,66.718
NO0003096208,75733590,LSG,NOK,2019-03-13,66.46,66.84,65.68,66.62,714021,2080,66.184
NO0003096208,75733590,LSG,NOK,2019-03-14,66.62,66.98,66.28,66.5,1008712,4001,66.58
NO0003096208,75733590,LSG,NOK,2019-03-15,65.0,65.16,63.0,63.0,1800891,4888,63.856
NO0003096208,75733590,LSG,NOK,2019-03-18,63.2,63.66,61.94,62.3,1744432,4393,62.394
NO0003096208,75733590,LSG,NOK,2019-03-19,62.16,63.76,62.16,63.62,1166985,3177,62.938
NO0003096208,75733590,LSG,NOK,2019-03-20,63.7,63.72,62.44,62.5,813445,2523,62.96
NO0003096208,75733590,LSG,NOK,2019-03-21,62.42,63.36,62.28,63.18,763669,2027,62.826
NO0003096208,75733590,LSG,NOK,2019-03-22,63.2,63.34,62.54,62.54,506820,2054,62.894
NO0003096208,75733590,LSG,NOK,2019-03-25,62.12,62.9,61.72,62.3,517519,1560,62.356
NO0003096208,75733590,LSG,NOK,2019-03-26,62.3,62.64,61.92,62.3,773595,2161,62.302
NO0003096208,75733590,LSG,NOK,2019-03-27,62.7,62.8,61.68,61.84,727015,2383,62.108
NO0003096208,75733590,LSG,NOK,2019-03-28,62.18,63.92,61.64,63.46,1158100,2756,63.24
NO0003096208,75733590,LSG,NOK,2019-03-29,63.58,63.84,62.18,62.56,717021,2020,62.794
NO0003096208,75733590,LSG,NOK,2019-04-01,63.76,63.92,62.72,63.78,769403,1934,63.438
NO0003096208,75733590,LSG,NOK,2019-04-02,63.78,64.56,63.64,64.36,924539,2485,64.128
NO0003096208,75733590,LSG,NOK,2019-04-03,64.28,64.3,62.12,62.62,1093892,2893,62.53
NO0003096208,75733590,LSG,NOK,2019-04-04,62.6,63.96,62.6,63.78,688997,1902,63.478
NO0003096208,75733590,LSG,NOK,2019-04-05,64.0,64.24,62.34,62.9,748113,2208,62.8
NO0003096208,75733590,LSG,NOK,2019-04-08,62.04,62.74,61.5,62.42,786875,1990,62.144
NO0003096208,75733590,LSG,NOK,2019-04-09,62.08,62.66,62.08,62.38,503187,1699,62.36
NO0003096208,75733590,LSG,NOK,2019-04-10,62.1,62.66,61.66,62.32,820024,2045,62.132
NO0003096208,75733590,LSG,NOK,2019-04-11,63.5,63.62,62.26,62.46,722862,2161,62.94
NO0003096208,75733590,LSG,NOK,2019-04-12,62.48,62.82,62.0,62.2,741817,1997,62.34
NO0003096208,75733590,LSG,NOK,2019-04-15,63.7,64.36,63.62,63.96,277676,618,64.04
NO0003096208,75733590,LSG,NOK,2019-04-16,63.96,64.5,63.44,63.7,477063,1378,64.014
NO0003096208,75733590,LSG,NOK,2019-04-17,63.64,63.74,62.38,62.8,597876,1539,62.928
NO0003096208,75733590,LSG,NOK,2019-04-23,63.02,63.06,62.0,62.78,743267,2068,62.43
NO0003096208,75733590,LSG,NOK,2019-04-24,63.0,64.04,62.4,63.96,691024,1957,63.53
NO0003096208,75733590,LSG,NOK,2019-04-25,63.44,63.44,61.92,62.02,1105619,2649,62.348
NO0003096208,75733590,LSG,NOK,2019-04-26,61.92,62.46,61.4,61.42,921978,1972,61.898
NO0003096208,75733590,LSG,NOK,2019-04-29,61.38,62.82,61.38,62.82,647867,1449,62.324
NO0003096208,75733590,LSG,NOK,2019-04-30,62.8,62.8,62.06,62.34,733375,2475,62.42
NO0003096208,75733590,LSG,NOK,2019-05-02,62.5,63.02,62.1,62.44,727227,1989,62.442
NO0003096208,75733590,LSG,NOK,2019-05-03,62.68,63.44,62.12,63.44,749316,1912,62.832
NO0003096208,75733590,LSG,NOK,2019-05-06,62.7,63.4,62.52,62.96,481036,1217,62.966
NO0003096208,75733590,LSG,NOK,2019-05-07,63.14,63.92,62.8,63.24,633617,1659,63.246
NO0003096208,75733590,LSG,NOK,2019-05-08,63.24,63.66,62.72,63.04,619805,1415,63.106
NO0003096208,75733590,LSG,NOK,2019-05-09,63.04,63.12,61.5,61.84,719572,2215,61.902
NO0003096208,75733590,LSG,NOK,2019-05-10,61.9,62.82,61.66,62.72,830665,2348,62.43
NO0003096208,75733590,LSG,NOK,2019-05-13,63.18,63.46,62.22,62.22,561845,1784,62.848
NO0003096208,75733590,LSG,NOK,2019-05-14,59.8,59.8,56.46,57.3,3342289,8545,57.38
NO0003096208,75733590,LSG,NOK,2019-05-15,57.72,59.14,57.4,58.98,1258442,3366,58.404
NO0003096208,75733590,LSG,NOK,2019-05-16,59.16,61.44,58.56,60.8,1649502,3979,59.872
NO0003096208,75733590,LSG,NOK,2019-05-20,60.98,61.9,59.8,60.18,1454461,3632,60.676
NO0003096208,75733590,LSG,NOK,2019-05-21,60.24,60.86,59.56,59.6,783492,1773,59.976
NO0003096208,75733590,LSG,NOK,2019-05-22,59.38,60.58,59.04,60.32,1315019,3385,59.858
NO0003096208,75733590,LSG,NOK,2019-05-23,60.44,62.82,59.72,62.02,1575957,3994,61.75
NO0003096208,75733590,LSG,NOK,2019-05-24,60.5,61.6,60.14,61.24,985284,2143,60.926
NO0003096208,75733590,LSG,NOK,2019-05-27,61.24,63.04,61.22,63.04,680888,1572,62.384
NO0003096208,75733590,LSG,NOK,2019-05-28,63.3,63.32,61.0,61.68,1220009,2725,61.838
NO0003096208,75733590,LSG,NOK,2019-05-29,61.36,62.06,60.38,60.38,1076143,2771,61.19
NO0003096208,75733590,LSG,NOK,2019-05-31,59.78,60.06,58.96,60.0,1036692,2658,59.558
NO0003096208,75733590,LSG,NOK,2019-06-03,59.7,62.14,59.64,62.14,1165515,2491,61.47
NO0003096208,75733590,LSG,NOK,2019-06-04,61.8,61.8,59.4,59.7,1390604,3440,60.758
NO0003096208,75733590,LSG,NOK,2019-06-05,60.1,60.18,58.14,58.34,1059048,2407,58.756
NO0003096208,75733590,LSG,NOK,2019-06-06,58.5,59.78,58.5,59.5,626926,1513,59.34
NO0003096208,75733590,LSG,NOK,2019-06-07,59.84,60.22,59.36,59.76,633018,1477,59.784
NO0003096208,75733590,LSG,NOK,2019-06-11,59.82,60.54,59.28,59.98,803234,2319,60.116
NO0003096208,75733590,LSG,NOK,2019-06-12,60.22,60.22,58.74,58.92,872305,2265,59.418
NO0003096208,75733590,LSG,NOK,2019-06-13,59.28,59.28,57.46,58.2,790575,2122,57.996
NO0003096208,75733590,LSG,NOK,2019-06-14,58.02,58.1,56.6,57.3,725951,1719,57.152
NO0003096208,75733590,LSG,NOK,2019-06-17,57.36,57.52,56.78,57.1,505832,1490,57.174
NO0003096208,75733590,LSG,NOK,2019-06-18,57.38,57.7,56.36,56.68,775606,1989,57.034
NO0003096208,75733590,LSG,NOK,2019-06-19,56.68,57.14,54.82,56.84,1948557,4389,55.844
NO0003096208,75733590,LSG,NOK,2019-06-20,56.84,57.24,56.12,56.26,799963,2566,56.508
NO0003096208,75733590,LSG,NOK,2019-06-21,56.2,57.38,56.2,56.46,917760,2154,56.71
NO0003096208,75733590,LSG,NOK,2019-06-24,56.5,57.02,56.24,56.82,578435,1662,56.686
NO0003096208,75733590,LSG,NOK,2019-06-25,56.82,56.9,56.34,56.64,739918,1993,56.62
NO0003096208,75733590,LSG,NOK,2019-06-26,56.9,57.44,56.12,56.88,869631,2519,56.898
NO0003096208,75733590,LSG,NOK,2019-06-27,57.0,57.18,56.5,56.78,830396,2820,56.804
NO0003096208,75733590,LSG,NOK,2019-06-28,56.8,57.52,56.14,56.44,516701,1557,56.796
NO0003096208,75733590,LSG,NOK,2019-07-01,57.0,57.0,56.06,56.5,517511,1545,56.564
NO0003096208,75733590,LSG,NOK,2019-07-02,56.94,59.0,56.74,59.0,1243312,3309,58.47
NO0003096208,75733590,LSG,NOK,2019-07-03,59.38,60.32,58.7,60.14,672576,1616,59.728
NO0003096208,75733590,LSG,NOK,2019-07-04,60.54,62.38,60.54,61.66,893165,2259,61.656
NO0003096208,75733590,LSG,NOK,2019-07-05,62.44,63.16,61.68,62.7,849818,2398,62.444
NO0003096208,75733590,LSG,NOK,2019-07-08,62.74,63.58,62.66,62.98,611896,1821,63.22
NO0003096208,75733590,LSG,NOK,2019-07-09,63.72,64.76,62.6,62.96,753763,1957,63.432
NO0003096208,75733590,LSG,NOK,2019-07-10,62.9,63.0,61.92,62.1,475305,1480,62.35
NO0003096208,75733590,LSG,NOK,2019-07-11,62.5,62.5,61.44,61.76,426118,1293,61.796
NO0003096208,75733590,LSG,NOK,2019-07-12,62.22,62.3,61.0,61.3,402130,1125,61.284
NO0003096208,75733590,LSG,NOK,2019-07-15,61.44,62.18,61.24,62.12,493359,1309,61.862
NO0003096208,75733590,LSG,NOK,2019-07-16,62.22,62.36,61.4,61.66,694015,2256,61.836
NO0003096208,75733590,LSG,NOK,2019-07-17,61.68,62.34,60.8,60.9,469324,1442,61.254
NO0003096208,75733590,LSG,NOK,2019-07-18,60.58,61.14,60.08,60.32,442489,1653,60.398
NO0003096208,75733590,LSG,NOK,2019-07-19,60.4,61.06,59.66,60.0,410440,1350,60.138
NO0003096208,75733590,LSG,NOK,2019-07-22,60.0,60.32,59.64,60.1,362918,1028,60.024
NO0003096208,75733590,LSG,NOK,2019-07-23,60.0,61.02,59.5,60.42,441186,1332,60.154
NO0003096208,75733590,LSG,NOK,2019-07-24,60.4,60.56,58.72,58.88,602445,1707,59.43
NO0003096208,75733590,LSG,NOK,2019-07-25,59.02,59.56,58.68,58.74,551540,1375,59.032
NO0003096208,75733590,LSG,NOK,2019-07-26,58.58,59.24,57.86,57.86,403606,1187,58.402
NO0003096208,75733590,LSG,NOK,2019-07-29,57.9,58.16,57.38,57.9,576425,1604,57.77
NO0003096208,75733590,LSG,NOK,2019-07-30,58.32,58.38,56.44,56.56,728513,2194,57.644
NO0003096208,75733590,LSG,NOK,2019-07-31,56.7,56.84,55.48,56.0,908959,3145,56.072
NO0003096208,75733590,LSG,NOK,2019-08-01,56.26,57.44,55.68,57.04,675625,2149,56.55
NO0003096208,75733590,LSG,NOK,2019-08-02,56.76,57.2,55.54,56.58,772670,2333,56.342
NO0003096208,75733590,LSG,NOK,2019-08-05,56.4,56.92,55.02,55.62,640430,1846,55.778
NO0003096208,75733590,LSG,NOK,2019-08-06,55.4,56.96,55.34,56.62,421769,1193,56.54
NO0003096208,75733590,LSG,NOK,2019-08-07,56.7,57.66,56.66,57.0,702692,2004,57.152
NO0003096208,75733590,LSG,NOK,2019-08-08,57.62,58.78,57.4,58.72,596628,1873,58.144
NO0003096208,75733590,LSG,NOK,2019-08-09,58.88,59.24,58.5,59.02,589601,1792,58.958
NO0003096208,75733590,LSG,NOK,2019-08-12,58.9,58.9,57.54,57.74,473424,1644,58.054
NO0003096208,75733590,LSG,NOK,2019-08-13,58.9,61.7,58.64,61.5,1865319,5184,60.482
NO0003096208,75733590,LSG,NOK,2019-08-14,62.34,62.34,60.66,60.9,972760,3499,61.206
NO0003096208,75733590,LSG,NOK,2019-08-15,60.72,61.58,58.92,59.5,1033996,3054,59.866
NO0003096208,75733590,LSG,NOK,2019-08-16,59.58,62.2,59.58,62.2,1063828,3231,61.274
NO0003096208,75733590,LSG,NOK,2019-08-19,62.18,62.58,60.88,61.26,772723,2549,61.45
NO0003096208,75733590,LSG,NOK,2019-08-20,61.82,62.42,61.5,61.94,451714,1790,61.966
NO0003096208,75733590,LSG,NOK,2019-08-21,59.92,59.92,56.5,59.4,3331226,8422,58.424
NO0003096208,75733590,LSG,NOK,2019-08-22,59.76,60.58,58.6,60.08,1101311,2811,59.878
NO0003096208,75733590,LSG,NOK,2019-08-23,60.12,60.72,59.78,60.22,910224,2446,60.19
NO0003096208,75733590,LSG,NOK,2019-08-26,59.0,60.36,58.86,59.78,317387,1063,59.888
NO0003096208,75733590,LSG,NOK,2019-08-27,59.8,60.52,59.62,60.28,341232,967,60.202
NO0003096208,75733590,LSG,NOK,2019-08-28,60.0,60.24,59.5,59.94,444318,1408,59.878
NO0003096208,75733590,LSG,NOK,2019-08-29,59.62,61.14,59.62,60.7,608961,1947,60.664
NO0003096208,75733590,LSG,NOK,2019-08-30,60.76,60.76,59.64,59.76,670434,2018,60.152
NO0003096208,75733590,LSG,NOK,2019-09-02,59.76,60.46,59.4,59.62,289819,978,59.818
NO0003096208,75733590,LSG,NOK,2019-09-03,59.42,59.42,58.54,59.26,699304,1697,59.092
NO0003096208,75733590,LSG,NOK,2019-09-04,59.52,60.24,59.26,59.6,481777,1488,59.798
NO0003096208,75733590,LSG,NOK,2019-09-05,59.7,60.8,59.66,60.72,698942,2537,60.39
NO0003096208,75733590,LSG,NOK,2019-09-06,60.7,60.7,59.12,59.36,804688,3079,59.526
NO0003096208,75733590,LSG,NOK,2019-09-09,59.5,59.76,57.04,57.06,786443,2735,57.98
NO0003096208,75733590,LSG,NOK,2019-09-10,57.04,57.04,55.02,55.02,1298181,3603,55.688
NO0003096208,75733590,LSG,NOK,2019-09-11,55.5,56.28,54.84,56.12,1137277,3517,55.752
NO0003096208,75733590,LSG,NOK,2019-09-12,56.2,56.4,54.84,55.14,1155986,3217,55.294
NO0003096208,75733590,LSG,NOK,2019-09-13,55.3,55.34,54.5,54.78,802312,2113,54.868
NO0003096208,75733590,LSG,NOK,2019-09-16,54.76,55.34,54.04,55.18,1148828,3084,54.774
NO0003096208,75733590,LSG,NOK,2019-09-17,55.32,56.46,54.82,56.04,1090868,3001,55.958
NO0003096208,75733590,LSG,NOK,2019-09-18,55.08,55.08,53.56,54.0,2118001,5578,53.958
NO0003096208,75733590,LSG,NOK,2019-09-19,53.98,54.06,53.0,53.9,1028402,2499,53.604
NO0003096208,75733590,LSG,NOK,2019-09-20,53.9,55.82,53.9,55.52,1178181,2892,55.252
NO0003096208,75733590,LSG,NOK,2019-09-23,55.68,56.58,55.2,56.12,746967,1832,55.974
NO0003096208,75733590,LSG,NOK,2019-09-24,56.22,57.14,55.76,56.0,821838,2546,56.578
NO0003096208,75733590,LSG,NOK,2019-09-25,55.78,56.06,54.98,55.3,489014,1625,55.328
NO0003096208,75733590,LSG,NOK,2019-09-26,55.58,56.18,54.5,54.68,610364,1635,55.23
NO0003096208,75733590,LSG,NOK,2019-09-27,54.66,55.36,54.6,55.0,822427,1867,54.944
NO0003096208,75733590,LSG,NOK,2019-09-30,54.74,55.78,54.18,55.26,1042413,2501,54.968
NO0003096208,75733590,LSG,NOK,2019-10-01,55.78,55.78,54.44,54.88,768321,2093,54.806
NO0003096208,75733590,LSG,NOK,2019-10-02,54.92,54.92,53.76,53.92,738949,1719,54.154
NO0003096208,75733590,LSG,NOK,2019-10-03,54.0,54.6,53.44,54.0,517884,1586,54.196
NO0003096208,75733590,LSG,NOK,2019-10-04,54.2,55.52,54.02,55.4,1024739,2703,54.916
NO0003096208,75733590,LSG,NOK,2019-10-07,55.58,58.06,55.58,58.06,1141577,3257,57.336
NO0003096208,75733590,LSG,NOK,2019-10-08,58.0,58.48,56.68,56.8,1039669,2517,57.492
NO0003096208,75733590,LSG,NOK,2019-10-09,56.62,57.02,55.76,56.4,473856,1645,56.472
NO0003096208,75733590,LSG,NOK,2019-10-10,57.5,57.5,55.98,56.56,521877,1582,56.388
NO0003096208,75733590,LSG,NOK,2019-10-11,56.7,57.62,56.34,56.94,879129,2752,57.036
NO0003096208,75733590,LSG,NOK,2019-10-14,57.92,57.94,56.7,57.16,581022,1638,57.098
NO0003096208,75733590,LSG,NOK,2019-10-15,57.0,58.44,56.68,58.38,922260,2541,57.962
NO0003096208,75733590,LSG,NOK,2019-10-16,58.44,61.2,58.38,61.2,1682396,3930,60.216
NO0003096208,75733590,LSG,NOK,2019-10-17,61.2,63.44,60.46,63.44,1363522,3728,62.562
NO0003096208,75733590,LSG,NOK,2019-10-18,62.74,63.62,62.48,63.06,1030139,2936,63.0
NO0003096208,75733590,LSG,NOK,2019-10-21,63.7,64.02,62.86,63.04,948580,2577,63.34
NO0003096208,75733590,LSG,NOK,2019-10-22,63.5,63.5,62.12,62.24,736133,2246,62.72
NO0003096208,75733590,LSG,NOK,2019-10-23,62.62,62.62,61.48,62.2,688533,2203,62.088
NO0003096208,75733590,LSG,NOK,2019-10-24,62.38,63.2,62.26,62.92,542447,1686,62.718
NO0003096208,75733590,LSG,NOK,2019-10-25,62.52,62.88,61.98,62.22,604540,1674,62.404
NO0003096208,75733590,LSG,NOK,2019-10-28,62.5,63.18,62.28,62.74,512544,1641,62.702
NO0003096208,75733590,LSG,NOK,2019-10-29,62.9,62.9,62.2,62.6,486112,1603,62.462
NO0003096208,75733590,LSG,NOK,2019-10-30,62.6,63.58,62.54,63.24,481821,1291,63.146
NO0003096208,75733590,LSG,NOK,2019-10-31,63.4,63.44,61.44,61.64,815329,1966,62.09
NO0003096208,75733590,LSG,NOK,2019-11-01,61.5,61.5,60.28,61.02,676981,1781,60.868
NO0003096208,75733590,LSG,NOK,2019-11-04,60.32,61.18,59.2,60.74,782544,2218,60.408
NO0003096208,75733590,LSG,NOK,2019-11-05,60.74,61.52,60.4,61.3,492328,1464,61.188
NO0003096208,75733590,LSG,NOK,2019-11-06,59.88,61.62,59.66,61.0,635040,1500,60.856
NO0003096208,75733590,LSG,NOK,2019-11-07,60.92,62.42,60.74,62.4,1165740,2703,61.726
NO0003096208,75733590,LSG,NOK,2019-11-08,62.62,64.1,62.0,64.0,1112656,3021,63.25
NO0003096208,75733590,LSG,NOK,2019-11-11,64.0,64.1,63.16,63.62,885379,2794,63.522
NO0003096208,75733590,LSG,NOK,2019-11-12,63.8,63.96,62.64,63.0,648504,1786,63.188
NO0003096208,75733590,LSG,NOK,2019-11-13,63.08,63.08,62.06,62.54,803773,2457,62.528
NO0003096208,75733590,LSG,NOK,2019-11-14,62.32,63.52,62.32,63.14,907820,2514,63.172
NO0003096208,75733590,LSG,NOK,2019-11-15,57.84,58.2,53.26,53.82,7418573,16869,54.908
NO0003096208,75733590,LSG,NOK,2019-11-18,54.0,55.5,53.78,55.0,2223900,5020,54.82
NO0003096208,75733590,LSG,NOK,2019-11-19,55.32,55.32,53.82,54.58,1501509,3343,54.556
NO0003096208,75733590,LSG,NOK,2019-11-20,54.8,56.4,54.06,56.2,1745296,4327,55.778
NO0003096208,75733590,LSG,NOK,2019-11-21,56.1,56.12,54.66,55.3,962040,2413,55.514
NO0003096208,75733590,LSG,NOK,2019-11-22,55.4,56.2,55.06,55.94,849965,1845,55.81
NO0003096208,75733590,LSG,NOK,2019-11-25,56.26,57.1,55.92,57.1,1117685,2504,56.562
NO0003096208,75733590,LSG,NOK,2019-11-26,57.34,58.58,57.06,57.98,1130006,3323,57.912
NO0003096208,75733590,LSG,NOK,2019-11-27,57.9,58.58,57.82,58.42,551185,1435,58.228
NO0003096208,75733590,LSG,NOK,2019-11-28,58.48,58.48,57.48,57.64,783735,2133,57.84
NO0003096208,75733590,LSG,NOK,2019-11-29,57.88,58.82,57.46,58.3,786744,1971,58.404
NO0003096208,75733590,LSG,NOK,2019-12-02,58.12,59.32,58.0,58.2,874666,2168,58.608
NO0003096208,75733590,LSG,NOK,2019-12-03,58.54,59.08,57.8,58.02,818739,2244,58.336
NO0003096208,75733590,LSG,NOK,2019-12-04,58.2,60.2,58.2,59.9,918869,2217,59.39
NO0003096208,75733590,LSG,NOK,2019-12-05,59.64,60.4,59.22,59.88,869215,2019,59.752
NO0003096208,75733590,LSG,NOK,2019-12-06,60.08,61.18,59.86,60.66,894975,2161,60.734
NO0003096208,75733590,LSG,NOK,2019-12-09,60.62,61.16,59.48,60.8,639588,1803,60.3
NO0003096208,75733590,LSG,NOK,2019-12-10,60.68,60.86,60.06,60.74,894944,3321,60.596
NO0003096208,75733590,LSG,NOK,2019-12-11,60.7,60.96,59.72,60.3,1043704,2943,60.266
NO0003096208,75733590,LSG,NOK,2019-12-12,60.22,60.82,60.0,60.28,652706,1677,60.48
NO0003096208,75733590,LSG,NOK,2019-12-13,60.78,60.92,60.12,60.58,522089,1467,60.566
NO0003096208,75733590,LSG,NOK,2019-12-16,60.66,61.0,60.4,60.44,656258,1406,60.6
NO0003096208,75733590,LSG,NOK,2019-12-17,60.22,60.44,58.38,58.8,1432093,3910,59.062
NO0003096208,75733590,LSG,NOK,2019-12-18,58.82,59.82,58.64,59.26,668416,2868,59.382
NO0003096208,75733590,LSG,NOK,2019-12-19,59.5,59.94,58.76,59.94,683904,2405,59.524
NO0003096208,75733590,LSG,NOK,2019-12-20,60.54,60.82,59.4,59.5,1071543,2295,59.902
NO0003096208,75733590,LSG,NOK,2019-12-23,59.78,60.18,59.38,59.74,527259,1433,59.808
NO0003096208,75733590,LSG,NOK,2019-12-27,59.74,60.12,59.2,59.26,624796,1393,59.758
NO0003096208,75733590,LSG,NOK,2019-12-30,59.28,59.42,58.3,58.3,520173,1437,58.784
NO0003096208,75733590,LSG,NOK,2020-01-02,59.04,60.12,58.8,59.24,898433,2431,59.562
NO0003096208,75733590,LSG,NOK,2020-01-03,59.66,59.66,58.44,58.9,952339,2606,58.834
NO0003096208,75733590,LSG,NOK,2020-01-06,59.2,59.2,57.66,59.0,906342,2314,58.428
NO0003096208,75733590,LSG,NOK,2020-01-07,59.5,59.5,58.42,59.0,594962,1847,58.842
NO0003096208,75733590,LSG,NOK,2020-01-08,59.0,59.76,58.3,59.7,903903,2241,59.018
NO0003096208,75733590,LSG,NOK,2020-01-09,60.1,60.7,59.6,60.18,1088329,2270,60.222
NO0003096208,75733590,LSG,NOK,2020-01-10,60.02,60.36,58.78,59.62,804788,2068,59.378
NO0003096208,75733590,LSG,NOK,2020-01-13,59.6,61.38,59.3,60.9,845092,1939,60.758
NO0003096208,75733590,LSG,NOK,2020-01-14,60.9,60.92,59.82,60.12,640178,1703,60.238
NO0003096208,75733590,LSG,NOK,2020-01-15,60.3,61.34,59.9,60.5,717240,2157,60.762
NO0003096208,75733590,LSG,NOK,2020-01-16,60.0,60.76,59.52,59.88,754605,1832,59.99
NO0003096208,75733590,LSG,NOK,2020-01-17,59.98,60.5,59.88,60.04,561048,1606,60.22
NO0003096208,75733590,LSG,NOK,2020-01-20,59.5,60.86,59.48,60.58,397596,1054,60.29
NO0003096208,75733590,LSG,NOK,2020-01-21,60.32,60.9,59.96,60.68,524244,1519,60.414
NO0003096208,75733590,LSG,NOK,2020-01-22,60.98,62.3,60.7,60.98,994321,2383,61.494
NO0003096208,75733590,LSG,NOK,2020-01-23,60.8,60.86,59.82,59.88,620233,1713,60.342
NO0003096208,75733590,LSG,NOK,2020-01-24,60.18,61.58,60.0,61.42,710083,1632,60.83
NO0003096208,75733590,LSG,NOK,2020-01-27,61.1,61.1,59.6,60.44,724445,1968,60.192
NO0003096208,75733590,LSG,NOK,2020-01-28,59.86,60.98,59.86,60.76,400709,1237,60.616
NO0003096208,75733590,LSG,NOK,2020-01-29,60.8,61.32,59.92,60.0,373795,1118,60.51
NO0003096208,75733590,LSG,NOK,2020-01-30,59.86,60.3,58.92,59.3,754778,1824,59.632
NO0003096208,75733590,LSG,NOK,2020-01-31,59.3,60.58,59.3,59.84,1136082,2711,60.112
NO0003096208,75733590,LSG,NOK,2020-02-03,59.6,59.98,58.96,59.2,624955,1703,59.358
NO0003096208,75733590,LSG,NOK,2020-02-04,59.9,60.04,58.86,59.04,683543,1766,59.284
NO0003096208,75733590,LSG,NOK,2020-02-05,58.86,59.8,58.32,59.46,552515,1527,59.388
NO0003096208,75733590,LSG,NOK,2020-02-06,59.6,60.78,59.3,60.58,1011416,2453,59.954
NO0003096208,75733590,LSG,NOK,2020-02-07,60.58,60.58,58.8,58.8,617749,1583,59.308
NO0003096208,75733590,LSG,NOK,2020-02-10,59.34,60.28,59.24,59.48,714081,1974,59.64
NO0003096208,75733590,LSG,NOK,2020-02-11,59.5,60.02,59.14,59.2,443635,1121,59.55
NO0003096208,75733590,LSG,NOK,2020-02-12,59.2,59.78,58.1,58.14,814732,1988,58.74
NO0003096208,75733590,LSG,NOK,2020-02-13,58.2,58.98,57.74,58.0,649913,1915,58.304
NO0003096208,75733590,LSG,NOK,2020-02-14,58.0,58.84,57.9,58.46,371412,1159,58.426
NO0003096208,75733590,LSG,NOK,2020-02-17,58.5,59.04,58.14,58.34,561284,1576,58.542
NO0003096208,75733590,LSG,NOK,2020-02-18,58.0,60.54,58.0,60.18,1053504,2498,59.616
NO0003096208,75733590,LSG,NOK,2020-02-19,60.02,61.28,60.02,61.26,900873,2369,60.928
NO0003096208,75733590,LSG,NOK,2020-02-20,60.74,61.62,60.58,60.92,665289,2190,61.03
NO0003096208,75733590,LSG,NOK,2020-02-21,60.92,62.42,60.36,61.96,989630,2647,61.694
NO0003096208,75733590,LSG,NOK,2020-02-24,60.92,60.92,58.92,58.92,837523,2669,59.622
NO0003096208,75733590,LSG,NOK,2020-02-25,60.88,63.76,59.14,63.56,3351686,8911,62.164
NO0003096208,75733590,LSG,NOK,2020-02-26,61.58,63.7,60.84,62.6,1971319,5239,62.488
NO0003096208,75733590,LSG,NOK,2020-02-27,61.1,62.0,58.46,58.46,1198468,3381,60.432
NO0003096208,75733590,LSG,NOK,2020-02-28,57.28,58.24,56.0,57.42,1908948,5440,57.114
NO0003096208,75733590,LSG,NOK,2020-03-02,58.2,59.26,56.6,57.0,1261059,4147,57.616
NO0003096208,75733590,LSG,NOK,2020-03-03,58.0,60.32,57.3,59.72,1509519,4128,59.366
NO0003096208,75733590,LSG,NOK,2020-03-04,59.42,61.68,59.06,60.82,1198697,2867,60.856
NO0003096208,75733590,LSG,NOK,2020-03-05,61.62,61.92,59.4,60.18,1165256,3256,60.536
NO0003096208,75733590,LSG,NOK,2020-03-06,59.08,59.64,58.08,58.24,831238,2518,58.864
NO0003096208,75733590,LSG,NOK,2020-03-09,55.12,58.1,54.88,57.34,2173794,5181,56.814
NO0003096208,75733590,LSG,NOK,2020-03-10,57.5,61.0,57.22,59.04,2145328,6328,59.952
NO0003096208,75733590,LSG,NOK,2020-03-11,59.36,60.0,55.66,55.66,1538239,4288,56.866
NO0003096208,75733590,LSG,NOK,2020-03-12,52.88,53.1,49.0,49.46,2639996,6865,51.306
NO0003096208,75733590,LSG,NOK,2020-03-13,50.8,54.16,49.84,52.62,2002077,5300,52.446
NO0003096208,75733590,LSG,NOK,2020-03-16,50.8,50.8,46.32,50.1,2266513,5808,48.486
NO0003096208,75733590,LSG,NOK,2020-03-17,50.1,51.94,48.32,49.0,1526793,4216,49.828
NO0003096208,75733590,LSG,NOK,2020-03-18,48.56,50.66,47.44,50.28,1561245,4714,49.744
NO0003096208,75733590,LSG,NOK,2020-03-19,50.6,56.14,50.6,51.96,2236648,5531,52.782
NO0003096208,75733590,LSG,NOK,2020-03-20,55.06,55.92,49.3,49.98,2058633,5282,52.08
NO0003096208,75733590,LSG,NOK,2020-03-23,49.0,51.4,47.6,49.78,1301431,3196,49.834
NO0003096208,75733590,LSG,NOK,2020-03-24,51.3,52.3,49.9,51.64,1240638,3042,51.268
NO0003096208,75733590,LSG,NOK,2020-03-25,52.8,52.8,48.9,49.22,1128496,2815,50.326
NO0003096208,75733590,LSG,NOK,2020-03-26,49.5,50.16,47.9,50.16,711335,2345,48.938
NO0003096208,75733590,LSG,NOK,2020-03-27,50.26,50.26,47.92,48.16,681335,1933,48.512
NO0003096208,75733590,LSG,NOK,2020-03-30,48.16,49.46,47.02,49.28,1404016,4581,48.448
NO0003096208,75733590,LSG,NOK,2020-03-31,50.5,51.98,50.38,51.14,1474151,4218,51.238
NO0003096208,75733590,LSG,NOK,2020-04-01,51.3,54.1,50.6,54.1,1317908,3884,52.044
NO0003096208,75733590,LSG,NOK,2020-04-02,52.62,53.86,50.16,50.86,1813482,4831,51.626
NO0003096208,75733590,LSG,NOK,2020-04-03,51.36,51.36,49.4,50.5,888940,2503,50.13
NO0003096208,75733590,LSG,NOK,2020-04-06,51.5,52.66,50.2,52.28,1109263,2854,51.676
NO0003096208,75733590,LSG,NOK,2020-04-07,53.5,54.2,52.26,53.18,1571359,4480,53.268
NO0003096208,75733590,LSG,NOK,2020-04-08,52.96,52.96,51.18,52.38,759178,2196,51.752
NO0003096208,75733590,LSG,NOK,2020-04-14,53.16,54.1,52.58,53.94,1009099,2302,53.264
NO0003096208,75733590,LSG,NOK,2020-04-15,54.1,54.68,52.36,52.8,706761,1925,53.396
NO0003096208,75733590,LSG,NOK,2020-04-16,53.8,54.2,52.9,53.44,891565,2296,53.678
NO0003096208,75733590,LSG,NOK,2020-04-17,54.1,55.18,53.88,54.42,1301396,3156,54.554
NO0003096208,75733590,LSG,NOK,2020-04-20,53.98,53.98,51.8,52.9,1005561,2582,52.458
NO0003096208,75733590,LSG,NOK,2020-04-21,52.02,53.3,51.14,52.04,793629,2413,51.818
NO0003096208,75733590,LSG,NOK,2020-04-22,51.92,52.8,50.74,52.66,931229,2616,51.792
NO0003096208,75733590,LSG,NOK,2020-04-23,52.34,54.18,52.28,54.18,641779,1601,53.426
NO0003096208,75733590,LSG,NOK,2020-04-24,53.86,53.86,52.34,53.24,505521,1725,53.174
NO0003096208,75733590,LSG,NOK,2020-04-27,54.0,54.0,52.98,53.6,517080,1641,53.422
NO0003096208,75733590,LSG,NOK,2020-04-28,53.86,54.06,53.04,53.8,726932,2322,53.652
NO0003096208,75733590,LSG,NOK,2020-04-29,54.1,54.1,52.74,53.44,841393,2478,53.418
NO0003096208,75733590,LSG,NOK,2020-04-30,53.54,54.8,52.7,54.42,1507299,3972,53.886
NO0003096208,75733590,LSG,NOK,2020-05-04,54.3,56.08,53.8,54.96,997466,2908,55.152
NO0003096208,75733590,LSG,NOK,2020-05-05,55.02,55.04,53.7,54.42,812253,2246,54.348
NO0003096208,75733590,LSG,NOK,2020-05-06,54.3,55.1,53.3,54.78,772400,3017,54.492
NO0003096208,75733590,LSG,NOK,2020-05-07,54.28,55.42,54.28,55.38,573018,2213,55.052
NO0003096208,75733590,LSG,NOK,2020-05-08,55.88,57.28,55.6,57.28,625047,2251,56.736
NO0003096208,75733590,LSG,NOK,2020-05-11,57.8,58.0,56.24,56.66,637598,1654,56.896
NO0003096208,75733590,LSG,NOK,2020-05-12,57.0,57.8,56.46,56.7,829462,2773,56.928
NO0003096208,75733590,LSG,NOK,2020-05-13,57.7,57.7,55.9,56.54,1108672,3561,56.544
NO0003096208,75733590,LSG,NOK,2020-05-14,55.04,55.46,51.78,54.36,2095654,6368,53.684
NO0003096208,75733590,LSG,NOK,2020-05-15,54.72,54.9,52.8,54.08,1469783,4752,53.53
NO0003096208,75733590,LSG,NOK,2020-05-18,54.5,55.1,53.46,54.66,1082059,3240,54.306
NO0003096208,75733590,LSG,NOK,2020-05-19,55.2,56.88,55.06,56.42,1109073,3356,56.288
NO0003096208,75733590,LSG,NOK,2020-05-20,56.8,57.62,56.56,56.84,787360,2207,56.978
NO0003096208,75733590,LSG,NOK,2020-05-22,56.5,56.6,55.74,56.16,647715,2129,56.15
NO0003096208,75733590,LSG,NOK,2020-05-25,56.54,57.74,56.12,57.74,597623,1504,56.916
NO0003096208,75733590,LSG,NOK,2020-05-26,58.18,58.8,57.84,58.4,748135,2003,58.412
NO0003096208,75733590,LSG,NOK,2020-05-27,58.6,58.84,57.3,57.48,940139,2563,57.662
NO0003096208,75733590,LSG,NOK,2020-05-28,56.76,57.4,55.24,55.54,959830,2775,55.756
NO0003096208,75733590,LSG,NOK,2020-05-29,55.2,55.3,54.28,54.54,927560,3303,54.802
NO0003096208,75733590,LSG,NOK,2020-06-02,54.8,56.9,54.8,56.5,1059737,3187,56.298
NO0003096208,75733590,LSG,NOK,2020-06-03,56.52,57.32,56.06,57.2,799458,2591,56.634
NO0003096208,75733590,LSG,NOK,2020-06-04,57.4,58.44,56.62,58.42,878612,2621,57.656
NO0003096208,75733590,LSG,NOK,2020-06-05,58.58,58.7,58.02,58.46,876977,3172,58.344
NO0003096208,75733590,LSG,NOK,2020-06-08,58.46,58.9,57.8,58.72,993515,2701,58.432
NO0003096208,75733590,LSG,NOK,2020-06-09,58.72,59.1,57.92,58.64,993806,2996,58.528
NO0003096208,75733590,LSG,NOK,2020-06-10,58.7,59.42,58.04,58.36,1070453,2694,58.59
NO0003096208,75733590,LSG,NOK,2020-06-11,58.0,58.96,56.84,58.14,1270229,3888,58.152
NO0003096208,75733590,LSG,NOK,2020-06-12,57.48,59.2,57.32,58.28,899457,2975,58.336
NO0003096208,75733590,LSG,NOK,2020-06-15,56.0,57.28,55.06,56.86,1688570,3939,56.486
NO0003096208,75733590,LSG,NOK,2020-06-16,57.3,57.92,55.66,56.02,1266691,3694,56.244
NO0003096208,75733590,LSG,NOK,2020-06-17,56.8,57.1,56.0,56.96,1261538,3135,56.622
NO0003096208,75733590,LSG,NOK,2020-06-18,56.68,56.78,54.68,55.02,761639,2354,55.278
NO0003096208,75733590,LSG,NOK,2020-06-19,56.48,56.48,54.6,54.8,701083,2183,54.99
NO0003096208,75733590,LSG,NOK,2020-06-22,54.78,54.8,53.74,53.78,535986,1789,54.072
NO0003096208,75733590,LSG,NOK,2020-06-23,54.1,54.74,53.6,54.3,410878,1249,54.3
NO0003096208,75733590,LSG,NOK,2020-06-24,54.5,54.52,53.56,54.14,515673,1453,53.952
NO0003096208,75733590,LSG,NOK,2020-06-25,54.02,55.14,53.58,54.96,814885,2382,54.528
NO0003096208,75733590,LSG,NOK,2020-06-26,55.16,55.6,54.48,55.3,536445,1833,55.174
NO0003096208,75733590,LSG,NOK,2020-06-29,55.28,57.04,54.94,56.6,963726,2993,56.348
NO0003096208,75733590,LSG,NOK,2020-06-30,57.0,57.78,56.44,57.76,742537,2206,57.142
NO0003096208,75733590,LSG,NOK,2020-07-01,57.12,57.76,56.96,57.66,578160,2191,57.336
NO0003096208,75733590,LSG,NOK,2020-07-02,57.4,58.02,57.08,57.2,719743,2032,57.46
NO0003096208,75733590,LSG,NOK,2020-07-03,57.2,57.82,56.92,56.96,289255,1036,57.206
NO0003096208,75733590,LSG,NOK,2020-07-06,57.28,57.64,56.4,56.96,726906,2243,56.682
NO0003096208,75733590,LSG,NOK,2020-07-07,56.5,57.16,56.02,56.38,487744,1366,56.406
NO0003096208,75733590,LSG,NOK,2020-07-08,56.24,57.5,56.24,56.42,367411,1322,56.774
NO0003096208,75733590,LSG,NOK,2020-07-09,56.5,56.54,55.7,56.18,458562,1304,56.048
NO0003096208,75733590,LSG,NOK,2020-07-10,56.12,56.22,54.36,54.6,709370,1801,54.8
NO0003096208,75733590,LSG,NOK,2020-07-13,55.08,55.08,54.34,54.7,321765,1195,54.608
NO0003096208,75733590,LSG,NOK,2020-07-14,54.46,55.2,54.3,54.4,322910,1273,54.736
NO0003096208,75733590,LSG,NOK,2020-07-15,54.42,55.46,54.42,55.32,428097,1432,55.012
NO0003096208,75733590,LSG,NOK,2020-07-16,55.34,55.34,53.76,53.9,732979,1667,54.114
NO0003096208,75733590,LSG,NOK,2020-07-17,53.84,54.52,53.66,54.12,524721,1548,54.188
NO0003096208,75733590,LSG,NOK,2020-07-20,54.24,54.72,53.9,54.54,370433,1029,54.456
NO0003096208,75733590,LSG,NOK,2020-07-21,54.7,55.44,54.52,54.52,568371,1914,54.932
NO0003096208,75733590,LSG,NOK,2020-07-22,54.5,54.54,53.42,53.94,360288,1180,53.932
NO0003096208,75733590,LSG,NOK,2020-07-23,53.94,54.2,53.24,53.96,305905,1083,53.722
NO0003096208,75733590,LSG,NOK,2020-07-24,53.96,53.96,52.94,53.26,418768,1523,53.366
NO0003096208,75733590,LSG,NOK,2020-07-27,52.8,53.58,52.48,53.08,578621,2049,53.044
NO0003096208,75733590,LSG,NOK,2020-07-28,52.84,54.28,52.84,54.28,593750,1777,53.684
NO0003096208,75733590,LSG,NOK,2020-07-29,54.44,54.5,53.6,54.02,365723,1002,54.044
NO0003096208,75733590,LSG,NOK,2020-07-30,53.84,54.02,52.74,52.74,428904,1408,53.456
NO0003096208,75733590,LSG,NOK,2020-07-31,52.76,53.38,52.62,52.76,479117,1419,52.928
NO0003096208,75733590,LSG,NOK,2020-08-03,52.8,54.26,52.52,54.26,440670,1316,53.742
NO0003096208,75733590,LSG,NOK,2020-08-04,54.36,54.52,53.22,54.52,510877,1600,53.938
NO0003096208,75733590,LSG,NOK,2020-08-05,54.56,54.62,54.02,54.1,440051,1489,54.322
NO0003096208,75733590,LSG,NOK,2020-08-06,54.12,55.04,53.74,54.96,512785,1255,54.754
NO0003096208,75733590,LSG,NOK,2020-08-07,54.78,55.34,54.26,55.28,270077,777,54.922
NO0003096208,75733590,LSG,NOK,2020-08-10,55.3,55.44,54.7,55.1,267245,884,55.054
NO0003096208,75733590,LSG,NOK,2020-08-11,55.3,56.92,55.3,56.52,534499,1738,56.396
NO0003096208,75733590,LSG,NOK,2020-08-12,56.38,57.7,56.2,57.66,522428,1578,57.118
NO0003096208,75733590,LSG,NOK,2020-08-13,57.98,58.38,57.3,58.04,564559,1523,57.948
NO0003096208,75733590,LSG,NOK,2020-08-14,58.04,58.04,56.92,57.58,408500,1101,57.334
NO0003096208,75733590,LSG,NOK,2020-08-17,57.58,57.74,56.88,57.32,433754,1411,57.178
NO0003096208,75733590,LSG,NOK,2020-08-18,57.2,57.64,56.82,56.88,443918,1431,57.13
NO0003096208,75733590,LSG,NOK,2020-08-19,57.46,58.18,57.12,57.18,682171,2119,57.61
NO0003096208,75733590,LSG,NOK,2020-08-20,55.58,56.2,54.7,54.84,2106696,4888,55.302
NO0003096208,75733590,LSG,NOK,2020-08-21,55.16,55.22,54.06,54.54,861720,3073,54.484
NO0003096208,75733590,LSG,NOK,2020-08-24,54.86,55.24,54.46,55.12,664650,1631,54.856
NO0003096208,75733590,LSG,NOK,2020-08-25,55.4,56.66,55.18,55.94,755771,2127,56.15
NO0003096208,75733590,LSG,NOK,2020-08-26,56.16,56.26,54.7,55.5,668399,1721,55.338
NO0003096208,75733590,LSG,NOK,2020-08-27,55.4,55.82,54.54,55.06,443201,1413,55.102
NO0003096208,75733590,LSG,NOK,2020-08-28,55.34,55.44,54.42,55.12,311028,1049,55.152
NO0003096208,75733590,LSG,NOK,2020-08-31,55.3,55.38,54.76,55.22,265390,759,55.19
NO0003096208,75733590,LSG,NOK,2020-09-01,55.24,55.78,54.86,55.58,380544,1145,55.408
NO0003096208,75733590,LSG,NOK,2020-09-02,55.7,56.12,55.32,55.52,456946,1425,55.78
NO0003096208,75733590,LSG,NOK,2020-09-03,55.42,55.94,54.94,55.5,302972,939,55.49
NO0003096208,75733590,LSG,NOK,2020-09-04,55.0,56.12,55.0,55.4,491061,1349,55.612
NO0003096208,75733590,LSG,NOK,2020-09-07,55.42,57.5,55.42,57.4,725467,1834,56.922
NO0003096208,75733590,LSG,NOK,2020-09-08,57.5,57.96,56.14,56.72,654418,1574,56.904
NO0003096208,75733590,LSG,NOK,2020-09-09,56.7,56.76,55.42,56.06,913898,2930,56.012
NO0003096208,75733590,LSG,NOK,2020-09-10,56.3,56.3,54.82,55.04,541307,1447,55.238
NO0003096208,75733590,LSG,NOK,2020-09-11,54.8,55.8,54.7,55.5,367690,1173,55.548
NO0003096208,75733590,LSG,NOK,2020-09-14,55.5,56.18,55.5,55.72,364710,932,55.764
NO0003096208,75733590,LSG,NOK,2020-09-15,55.3,56.44,55.0,56.26,365608,957,55.784
NO0003096208,75733590,LSG,NOK,2020-09-16,56.02,56.72,56.0,56.52,258861,769,56.468
NO0003096208,75733590,LSG,NOK,2020-09-17,56.2,56.62,56.02,56.02,369277,956,56.306
NO0003096208,75733590,LSG,NOK,2020-09-18,56.02,56.2,54.62,55.34,625365,1901,55.058
NO0003096208,75733590,LSG,NOK,2020-09-21,55.1,55.1,53.64,53.64,555208,1228,54.222
NO0003096208,75733590,LSG,NOK,2020-09-22,53.76,54.88,53.54,54.0,287875,998,54.28
NO0003096208,75733590,LSG,NOK,2020-09-23,54.12,54.42,53.46,53.64,216868,857,53.924
NO0003096208,75733590,LSG,NOK,2020-09-24,53.2,53.48,52.62,52.7,459440,1250,52.994
NO0003096208,75733590,LSG,NOK,2020-09-25,52.9,52.9,51.68,51.86,458477,1452,52.186
NO0003096208,75733590,LSG,NOK,2020-09-28,51.86,52.18,51.28,52.08,548217,2159,51.682
NO0003096208,75733590,LSG,NOK,2020-09-29,52.44,52.72,51.88,52.64,486619,1361,52.362
NO0003096208,75733590,LSG,NOK,2020-09-30,52.66,53.82,52.34,53.6,730803,1723,52.988
NO0003096208,75733590,LSG,NOK,2020-10-01,53.52,53.6,52.82,53.14,294567,909,53.15
NO0003096208,75733590,LSG,NOK,2020-10-02,52.6,53.1,52.32,52.62,330075,1012,52.73
NO0003096208,75733590,LSG,NOK,2020-10-05,52.74,53.1,52.2,52.4,384540,1152,52.68
NO0003096208,75733590,LSG,NOK,2020-10-06,52.24,53.54,52.12,53.14,638434,1713,52.922
NO0003096208,75733590,LSG,NOK,2020-10-07,53.48,53.48,52.1,52.24,882926,2410,52.512
NO0003096208,75733590,LSG,NOK,2020-10-08,52.3,53.62,52.2,53.5,495368,1296,53.144
NO0003096208,75733590,LSG,NOK,2020-10-09,53.78,54.24,53.2,53.52,583312,2333,53.698
NO0003096208,75733590,LSG,NOK,2020-10-12,53.52,53.68,52.4,53.0,766230,1769,52.9
NO0003096208,75733590,LSG,NOK,2020-10-13,53.0,53.1,52.2,52.26,485673,1339,52.498
NO0003096208,75733590,LSG,NOK,2020-10-14,52.76,52.8,51.84,52.08,426184,1569,52.106
NO0003096208,75733590,LSG,NOK,2020-10-15,51.9,51.98,50.52,50.54,731243,1880,51.076
NO0003096208,75733590,LSG,NOK,2020-10-16,51.0,51.18,50.42,50.64,447199,1267,50.702
NO0003096208,75733590,LSG,NOK,2020-10-19,50.98,51.2,50.38,50.52,262653,796,50.648
NO0003096208,75733590,LSG,NOK,2020-10-20,51.0,51.0,49.52,50.12,553073,1456,50.11
NO0003096208,75733590,LSG,NOK,2020-10-21,50.18,50.24,48.46,48.54,562328,1401,49.17
NO0003096208,75733590,LSG,NOK,2020-10-22,48.68,48.72,47.64,47.78,588255,1602,48.048
NO0003096208,75733590,LSG,NOK,2020-10-23,48.0,49.04,47.9,48.82,531547,1377,48.572
NO0003096208,75733590,LSG,NOK,2020-10-26,48.78,48.78,46.38,46.38,701743,1790,47.188
NO0003096208,75733590,LSG,NOK,2020-10-27,46.6,46.9,45.9,46.1,792560,2188,46.29
NO0003096208,75733590,LSG,NOK,2020-10-28,45.7,45.7,44.44,44.54,1023557,2688,44.944
NO0003096208,75733590,LSG,NOK,2020-10-29,45.02,45.56,44.8,45.16,892400,2356,45.128
NO0003096208,75733590,LSG,NOK,2020-10-30,45.32,45.52,44.24,44.84,713432,1877,44.85
NO0003096208,75733590,LSG,NOK,2020-11-02,45.7,46.34,44.94,46.0,931614,2516,45.656
NO0003096208,75733590,LSG,NOK,2020-11-03,46.4,46.86,44.9,45.4,1158257,2094,45.746
NO0003096208,75733590,LSG,NOK,2020-11-04,45.46,46.52,45.22,46.52,527463,1465,45.884
NO0003096208,75733590,LSG,NOK,2020-11-05,46.6,46.66,45.4,45.86,821905,1729,45.708
NO0003096208,75733590,LSG,NOK,2020-11-06,46.38,47.54,45.52,47.5,694209,2352,46.724
NO0003096208,75733590,LSG,NOK,2020-11-09,48.0,51.74,46.92,51.34,1914473,5326,49.97
NO0003096208,75733590,LSG,NOK,2020-11-10,51.5,51.6,50.06,51.44,1134183,3035,51.008
NO0003096208,75733590,LSG,NOK,2020-11-11,55.0,57.88,54.1,57.88,5084389,11324,56.29
NO0003096208,75733590,LSG,NOK,2020-11-12,57.88,58.9,56.34,58.7,2121317,5447,57.372
NO0003096208,75733590,LSG,NOK,2020-11-13,58.22,58.3,56.52,57.1,1562670,4684,56.974
NO0003096208,75733590,LSG,NOK,2020-11-16,57.74,59.6,57.5,59.6,1803460,3991,58.69
NO0003096208,75733590,LSG,NOK,2020-11-17,59.62,59.7,57.96,58.08,988043,2421,58.582
NO0003096208,75733590,LSG,NOK,2020-11-18,58.08,58.3,56.9,57.68,804909,2053,57.57
NO0003096208,75733590,LSG,NOK,2020-11-19,57.3,57.7,55.78,56.0,878722,2309,56.414
NO0003096208,75733590,LSG,NOK,2020-11-20,56.1,56.52,55.32,55.32,889472,2147,55.83
NO0003096208,75733590,LSG,NOK,2020-11-23,56.0,56.86,55.6,55.62,894112,1917,56.242
NO0003096208,75733590,LSG,NOK,2020-11-24,56.2,57.62,55.9,56.58,1253547,2711,56.836
NO0003096208,75733590,LSG,NOK,2020-11-25,57.04,57.18,55.76,55.9,725216,1738,56.184
NO0003096208,75733590,LSG,NOK,2020-11-26,56.04,57.76,56.0,56.84,724762,1590,56.894
NO0003096208,75733590,LSG,NOK,2020-11-27,56.9,57.4,56.24,56.94,428806,952,57.006
NO0003096208,75733590,LSG,NOK,2020-11-30,57.0,57.16,55.6,55.6,1116302,1648,56.06
NO0003096208,75733590,LSG,NOK,2020-12-01,56.22,57.94,56.22,57.56,898325,1841,57.502
NO0003096208,75733590,LSG,NOK,2020-12-02,57.8,57.8,56.34,56.84,871794,1721,56.81
NO0003096208,75733590,LSG,NOK,2020-12-03,56.82,57.08,56.04,56.82,1174424,2873,56.576
NO0003096208,75733590,LSG,NOK,2020-12-04,57.0,57.48,56.4,56.4,644819,1212,56.696
NO0003096208,75733590,LSG,NOK,2020-12-07,56.48,57.24,56.26,56.64,561608,1207,56.646
NO0003096208,75733590,LSG,NOK,2020-12-08,56.46,56.86,56.0,56.0,548434,1119,56.294
NO0003096208,75733590,LSG,NOK,2020-12-09,56.08,56.58,55.66,55.82,583472,1287,56.002
NO0003096208,75733590,LSG,NOK,2020-12-10,55.92,56.46,55.3,55.56,1540124,3994,55.724
NO0003096208,75733590,LSG,NOK,2020-12-11,55.1,55.74,54.54,54.9,1150484,2297,55.006
NO0003096208,75733590,LSG,NOK,2020-12-14,55.1,55.68,54.2,54.54,930505,2035,54.72
NO0003096208,75733590,LSG,NOK,2020-12-15,54.5,55.34,54.2,54.72,1131880,1892,54.652
NO0003096208,75733590,LSG,NOK,2020-12-16,55.1,56.74,55.0,56.42,1684952,2198,56.052
NO0003096208,75733590,LSG,NOK,2020-12-17,56.46,57.86,56.0,57.74,1232301,2162,57.176
NO0003096208,75733590,LSG,NOK,2020-12-18,57.6,59.54,56.82,59.34,1660008,2660,58.828
NO0003096208,75733590,LSG,NOK,2020-12-21,59.0,59.0,57.06,57.24,1071738,2357,57.73
NO0003096208,75733590,LSG,NOK,2020-12-22,57.26,58.14,57.26,57.74,545465,1143,57.762
NO0003096208,75733590,LSG,NOK,2020-12-23,58.16,59.5,58.16,59.42,626346,1270,58.95
NO0003096208,75733590,LSG,NOK,2020-12-28,59.5,59.68,59.18,59.68,596833,1285,59.492
NO0003096208,75733590,LSG,NOK,2020-12-29,59.86,61.18,59.62,61.0,860012,1821,60.652
NO0003096208,75733590,LSG,NOK,2020-12-30,61.0,61.06,59.98,60.56,976306,1758,60.412
NO0003096208,75733590,LSG,NOK,2021-01-04,61.0,62.06,59.76,59.76,1106732,2166,60.668
NO0003096208,75733590,LSG,NOK,2021-01-05,59.92,60.66,59.5,59.96,780288,1441,60.206
NO0003096208,75733590,LSG,NOK,2021-01-06,60.22,60.98,59.42,60.44,758035,1787,60.316
NO0003096208,75733590,LSG,NOK,2021-01-07,61.2,62.48,60.6,61.56,1593802,3362,61.774
NO0003096208,75733590,LSG,NOK,2021-01-08,63.0,63.9,62.82,63.04,1617138,3175,63.33
NO0003096208,75733590,LSG,NOK,2021-01-11,63.4,63.4,61.62,62.0,1449466,2895,62.144
NO0003096208,75733590,LSG,NOK,2021-01-12,62.66,63.0,62.14,62.62,803104,1823,62.57
NO0003096208,75733590,LSG,NOK,2021-01-13,63.0,63.0,61.62,61.64,901115,1695,61.994
NO0003096208,75733590,LSG,NOK,2021-01-14,61.8,61.84,60.2,60.32,1595125,2776,60.716
NO0003096208,75733590,LSG,NOK,2021-01-15,60.56,60.94,59.84,60.18,740494,1492,60.28
NO0003096208,75733590,LSG,NOK,2021-01-18,60.0,60.84,59.7,60.62,614848,1615,60.376
NO0003096208,75733590,LSG,NOK,2021-01-19,60.9,61.92,60.3,61.84,1218338,2306,61.208
NO0003096208,75733590,LSG,NOK,2021-01-20,61.9,62.12,61.16,61.6,648026,1586,61.598
NO0003096208,75733590,LSG,NOK,2021-01-21,61.9,62.52,61.64,61.92,937722,1928,62.03
NO0003096208,75733590,LSG,NOK,2021-01-22,61.9,62.16,61.0,61.18,637546,1641,61.4
NO0003096208,75733590,LSG,NOK,2021-01-25,61.18,62.0,58.8,59.94,1280591,2654,59.89
NO0003096208,75733590,LSG,NOK,2021-01-26,59.7,60.7,58.68,59.52,903516,1411,59.828
NO0003096208,75733590,LSG,NOK,2021-01-27,59.16,60.8,59.16,59.76,1587802,1531,60.194
NO0003096208,75733590,LSG,NOK,2021-01-28,59.5,60.6,58.9,60.58,1011625,2110,60.03
NO0003096208,75733590,LSG,NOK,2021-01-29,60.0,60.4,59.54,60.0,536216,1321,59.906
NO0003096208,75733590,LSG,NOK,2021-02-01,59.98,61.74,59.98,61.5,691093,1619,61.166
NO0003096208,75733590,LSG,NOK,2021-02-02,61.7,62.34,61.16,61.5,577835,1362,61.594
NO0003096208,75733590,LSG,NOK,2021-02-03,61.92,62.02,60.9,61.6,663160,1724,61.424
NO0003096208,75733590,LSG,NOK,2021-02-04,61.86,61.86,60.86,61.68,674716,1477,61.334
NO0003096208,75733590,LSG,NOK,2021-02-05,61.7,61.98,61.28,61.76,1073795,1172,61.668
NO0003096208,75733590,LSG,NOK,2021-02-08,61.88,62.38,61.72,61.72,738301,1365,61.872
NO0003096208,75733590,LSG,NOK,2021-02-09,61.7,62.0,61.18,61.32,554421,1119,61.418
NO0003096208,75733590,LSG,NOK,2021-02-10,61.7,62.78,61.42,62.26,778550,1528,62.374
NO0003096208,75733590,LSG,NOK,2021-02-11,62.5,63.48,62.08,62.92,682237,1533,62.902
NO0003096208,75733590,LSG,NOK,2021-02-12,63.1,63.2,62.22,62.46,641831,1214,62.69
NO0003096208,75733590,LSG,NOK,2021-02-15,62.5,62.9,61.3,62.48,611272,1366,62.242
NO0003096208,75733590,LSG,NOK,2021-02-16,62.58,62.98,62.24,62.98,568223,1073,62.77
NO0003096208,75733590,LSG,NOK,2021-02-17,62.86,62.86,61.6,61.86,635941,1419,62.03
NO0003096208,75733590,LSG,NOK,2021-02-18,61.6,62.54,61.4,61.96,772881,1533,62.054
NO0003096208,75733590,LSG,NOK,2021-02-19,63.5,68.8,63.5,68.22,3712564,6027,66.388
NO0003096208,75733590,LSG,NOK,2021-02-22,68.2,69.4,67.46,68.98,1552872,3370,68.648
NO0003096208,75733590,LSG,NOK,2021-02-23,69.2,70.58,69.02,70.34,1659682,3120,69.946
NO0003096208,75733590,LSG,NOK,2021-02-24,70.52,70.88,69.72,70.5,838323,2020,70.282
NO0003096208,75733590,LSG,NOK,2021-02-25,70.5,71.48,70.0,71.24,844310,1908,70.99
NO0003096208,75733590,LSG,NOK,2021-02-26,70.5,70.6,69.32,69.7,1098807,1920,69.92
NO0003096208,75733590,LSG,NOK,2021-03-01,69.8,72.4,69.5,72.2,1046807,2566,71.734
NO0003096208,75733590,LSG,NOK,2021-03-02,72.0,73.2,71.64,71.98,831442,1789,72.246
NO0003096208,75733590,LSG,NOK,2021-03-03,72.38,72.96,71.68,72.32,954729,1916,72.412
NO0003096208,75733590,LSG,NOK,2021-03-04,72.0,73.3,71.92,72.42,677821,1675,72.57
NO0003096208,75733590,LSG,NOK,2021-03-05,72.32,73.32,72.06,72.86,756335,1757,72.798
NO0003096208,75733590,LSG,NOK,2021-03-08,73.16,74.68,72.9,74.26,1205978,2425,74.122
NO0003096208,75733590,LSG,NOK,2021-03-09,74.32,74.5,72.74,73.28,840909,2200,73.378
NO0003096208,75733590,LSG,NOK,2021-03-10,73.0,73.8,72.28,72.94,1011848,2749,73.052
NO0003096208,75733590,LSG,NOK,2021-03-11,73.12,73.72,71.56,71.64,843118,2160,72.206
NO0003096208,75733590,LSG,NOK,2021-03-12,71.66,72.26,71.18,71.82,574815,1378,71.71
NO0003096208,75733590,LSG,NOK,2021-03-15,72.0,73.12,72.0,72.56,549326,1542,72.594
NO0003096208,75733590,LSG,NOK,2021-03-16,72.78,73.4,72.6,72.7,599713,1522,72.862
NO0003096208,75733590,LSG,NOK,2021-03-17,73.0,73.1,71.7,72.2,542410,1362,72.23
NO0003096208,75733590,LSG,NOK,2021-03-18,72.7,72.7,71.62,71.76,536184,1496,72.032
NO0003096208,75733590,LSG,NOK,2021-03-19,71.52,72.5,71.2,71.34,1384567,1953,71.57
NO0003096208,75733590,LSG,NOK,2021-03-22,71.86,72.1,70.74,71.12,830916,1932,71.278
NO0003096208,75733590,LSG,NOK,2021-03-23,71.0,71.24,69.86,71.14,687198,1839,70.786
NO0003096208,75733590,LSG,NOK,2021-03-24,71.0,71.2,70.26,70.62,571654,1833,70.676
NO0003096208,75733590,LSG,NOK,2021-03-25,70.08,70.74,69.5,70.68,529779,1451,70.15
NO0003096208,75733590,LSG,NOK,2021-03-26,71.16,71.96,70.78,71.96,564668,1317,71.536
NO0003096208,75733590,LSG,NOK,2021-03-29,72.0,73.1,71.7,73.1,579511,1307,72.55
NO0003096208,75733590,LSG,NOK,2021-03-30,73.28,74.2,73.2,73.42,501454,1387,73.586
NO0003096208,75733590,LSG,NOK,2021-03-31,73.62,73.74,72.88,73.1,365950,866,73.28
NO0003096208,75733590,LSG,NOK,2021-04-06,74.24,74.24,72.74,73.76,672867,1737,73.518
NO0003096208,75733590,LSG,NOK,2021-04-07,73.8,74.98,73.5,74.64,547420,1369,74.52
NO0003096208,75733590,LSG,NOK,2021-04-08,75.0,75.16,73.84,75.06,659479,1728,74.7
NO0003096208,75733590,LSG,NOK,2021-04-09,75.48,75.88,74.7,75.1,1069778,1329,75.07
NO0003096208,75733590,LSG,NOK,2021-04-12,75.1,75.2,73.86,74.4,441913,1333,74.266
NO0003096208,75733590,LSG,NOK,2021-04-13,74.0,74.96,73.52,74.5,690197,1534,74.344
NO0003096208,75733590,LSG,NOK,2021-04-14,74.4,75.52,72.8,73.0,890011,2055,73.746
NO0003096208,75733590,LSG,NOK,2021-04-15,73.86,73.86,71.3,72.22,813675,1958,72.174
NO0003096208,75733590,LSG,NOK,2021-04-16,72.42,73.52,72.12,73.52,522087,1206,73.098
NO0003096208,75733590,LSG,NOK,2021-04-19,73.32,73.5,72.24,72.6,427248,1171,72.748
NO0003096208,75733590,LSG,NOK,2021-04-20,73.0,73.5,71.9,72.5,565974,1752,72.68
NO0003096208,75733590,LSG,NOK,2021-04-21,72.38,72.6,71.82,72.26,368088,985,72.152
NO0003096208,75733590,LSG,NOK,2021-04-22,72.04,73.2,72.04,73.2,429696,931,72.928
NO0003096208,75733590,LSG,NOK,2021-04-23,73.2,73.74,72.78,73.74,396152,976,73.4
NO0003096208,75733590,LSG,NOK,2021-04-26,73.8,75.9,73.8,75.6,556920,1436,75.316
NO0003096208,75733590,LSG,NOK,2021-04-27,75.96,76.56,75.44,75.58,430244,1318,75.794
NO0003096208,75733590,LSG,NOK,2021-04-28,75.54,77.7,75.2,77.5,664715,1665,76.92
NO0003096208,75733590,LSG,NOK,2021-04-29,77.82,77.82,76.1,76.94,450760,1302,76.764
NO0003096208,75733590,LSG,NOK,2021-04-30,76.98,77.0,75.68,76.44,544785,1306,76.506
NO0003096208,75733590,LSG,NOK,2021-05-03,75.8,77.12,75.3,77.02,462379,1418,76.366
NO0003096208,75733590,LSG,NOK,2021-05-04,77.26,79.2,77.24,78.82,777744,2029,78.544
NO0003096208,75733590,LSG,NOK,2021-05-05,79.2,80.46,78.78,79.5,800333,2281,79.546
NO0003096208,75733590,LSG,NOK,2021-05-06,79.98,81.16,79.2,80.0,979144,2165,80.184
NO0003096208,75733590,LSG,NOK,2021-05-07,80.0,81.34,79.62,80.76,768333,1748,80.634
NO0003096208,75733590,LSG,NOK,2021-05-10,79.88,80.24,77.7,78.62,1328229,3734,78.932
NO0003096208,75733590,LSG,NOK,2021-05-11,77.8,77.8,76.0,76.74,767191,2071,76.702
NO0003096208,75733590,LSG,NOK,2021-05-12,77.0,77.1,74.72,75.08,798193,1646,75.594
NO0003096208,75733590,LSG,NOK,2021-05-14,75.2,75.56,74.14,74.56,467177,1364,74.738
NO0003096208,75733590,LSG,NOK,2021-05-18,74.54,74.82,73.52,74.32,683917,1925,74.262
NO0003096208,75733590,LSG,NOK,2021-05-19,74.14,75.24,73.64,74.22,424491,1387,74.52
NO0003096208,75733590,LSG,NOK,2021-05-20,74.14,77.6,71.06,77.24,1010106,2662,75.338
NO0003096208,75733590,LSG,NOK,2021-05-21,76.38,78.08,75.0,78.08,1434061,3424,77.062
NO0003096208,75733590,LSG,NOK,2021-05-25,78.44,78.72,76.12,76.4,851298,1853,76.642
NO0003096208,75733590,LSG,NOK,2021-05-26,76.22,77.76,75.68,77.76,714701,1850,76.968
NO0003096208,75733590,LSG,NOK,2021-05-27,76.24,76.24,74.58,75.06,947674,2076,75.17
NO0003096208,75733590,LSG,NOK,2021-05-28,75.1,75.62,73.88,75.52,566451,1456,74.948
NO0003096208,75733590,LSG,NOK,2021-05-31,75.36,75.72,74.6,75.38,482048,887,75.262
NO0003096208,75733590,LSG,NOK,2021-06-01,75.42,77.22,75.1,77.22,701907,1294,76.742
NO0003096208,75733590,LSG,NOK,2021-06-02,77.5,79.42,76.98,78.84,992479,2529,78.862
NO0003096208,75733590,LSG,NOK,2021-06-03,79.8,80.52,77.72,79.0,866857,2007,78.962
NO0003096208,75733590,LSG,NOK,2021-06-04,79.44,80.76,79.3,80.76,632792,1305,80.382
NO0003096208,75733590,LSG,NOK,2021-06-07,80.5,80.5,79.06,79.7,422233,1070,79.72
NO0003096208,75733590,LSG,NOK,2021-06-08,79.7,79.88,78.1,78.38,435887,1117,78.796
NO0003096208,75733590,LSG,NOK,2021-06-09,78.64,78.64,77.6,78.34,435831,1058,78.12
NO0003096208,75733590,LSG,NOK,2021-06-10,78.42,78.54,76.12,76.6,622951,1205,76.864
NO0003096208,75733590,LSG,NOK,2021-06-11,76.4,76.76,76.0,76.58,519200,1346,76.446
NO0003096208,75733590,LSG,NOK,2021-06-14,77.0,77.58,76.02,76.82,556687,1350,76.746
NO0003096208,75733590,LSG,NOK,2021-06-15,76.72,77.08,75.74,76.92,422344,1106,76.54
NO0003096208,75733590,LSG,NOK,2021-06-16,76.8,77.5,75.8,77.18,618822,1275,76.846
NO0003096208,75733590,LSG,NOK,2021-06-17,76.92,78.0,76.28,77.72,506250,949,77.404
NO0003096208,75733590,LSG,NOK,2021-06-18,77.98,78.96,77.98,78.76,882366,1439,78.674
NO0003096208,75733590,LSG,NOK,2021-06-21,78.76,78.76,76.78,77.8,734864,1070,77.56
NO0003096208,75733590,LSG,NOK,2021-06-22,78.0,78.6,77.82,78.6,281338,689,78.396
NO0003096208,75733590,LSG,NOK,2021-06-23,78.96,79.0,77.26,77.28,485697,1058,77.752
NO0003096208,75733590,LSG,NOK,2021-06-24,77.46,77.5,75.84,76.04,817137,1139,76.606
NO0003096208,75733590,LSG,NOK,2021-06-25,76.14,76.66,75.86,76.66,417123,996,76.414
NO0003096208,75733590,LSG,NOK,2021-06-28,76.66,77.2,75.94,75.94,432964,1216,76.314
NO0003096208,75733590,LSG,NOK,2021-06-29,75.94,76.74,75.02,75.44,536254,1188,75.504
NO0003096208,75733590,LSG,NOK,2021-06-30,75.82,76.62,75.16,75.48,516936,1818,75.55
NO0003096208,75733590,LSG,NOK,2021-07-01,75.4,76.32,75.4,76.12,391384,1084,75.87
NO0003096208,75733590,LSG,NOK,2021-07-02,76.0,76.64,75.9,76.64,233207,589,76.436
NO0003096208,75733590,LSG,NOK,2021-07-05,77.0,78.8,76.72,78.76,568580,1367,78.368
NO0003096208,75733590,LSG,NOK,2021-07-06,78.4,79.4,77.16,79.14,485637,1253,78.624
NO0003096208,75733590,LSG,NOK,2021-07-07,79.1,79.5,78.2,78.8,520216,1022,78.662
NO0003096208,75733590,LSG,NOK,2021-07-08,78.18,78.72,77.36,77.38,454751,1307,77.684
NO0003096208,75733590,LSG,NOK,2021-07-09,77.2,78.06,76.7,77.2,490228,885,77.282
NO0003096208,75733590,LSG,NOK,2021-07-12,77.2,77.5,76.44,76.82,331262,735,76.834
NO0003096208,75733590,LSG,NOK,2021-07-13,76.86,77.48,76.34,77.18,267134,755,76.992
NO0003096208,75733590,LSG,NOK,2021-07-14,77.1,77.12,76.2,76.84,234896,622,76.81
NO0003096208,75733590,LSG,NOK,2021-07-15,76.5,78.34,76.42,78.16,544409,1294,77.852
NO0003096208,75733590,LSG,NOK,2021-07-16,78.3,80.5,78.28,79.94,679943,1605,79.778
NO0003096208,75733590,LSG,NOK,2021-07-19,80.0,80.0,77.46,77.58,397076,1240,78.318
NO0003096208,75733590,LSG,NOK,2021-07-20,77.94,79.98,77.58,79.62,420582,1129,79.452
NO0003096208,75733590,LSG,NOK,2021-07-21,80.0,81.38,80.0,80.8,380303,1056,80.734
NO0003096208,75733590,LSG,NOK,2021-07-22,80.54,80.62,79.68,80.48,216279,708,80.186
NO0003096208,75733590,LSG,NOK,2021-07-23,80.22,80.96,79.82,80.46,328028,904,80.454
NO0003096208,75733590,LSG,NOK,2021-07-26,80.0,80.98,79.84,80.86,262151,887,80.42
NO0003096208,75733590,LSG,NOK,2021-07-27,80.52,80.74,79.78,80.74,269912,999,80.42
NO0003096208,75733590,LSG,NOK,2021-07-28,80.0,81.26,80.0,81.22,229215,975,81.028
NO0003096208,75733590,LSG,NOK,2021-07-29,81.22,81.5,80.08,80.5,370491,1116,80.534
NO0003096208,75733590,LSG,NOK,2021-07-30,80.24,80.74,79.68,80.58,349290,796,80.318
NO0003096208,75733590,LSG,NOK,2021-08-02,80.84,82.88,80.8,82.52,688079,1454,82.198
NO0003096208,75733590,LSG,NOK,2021-08-03,81.5,83.18,81.5,82.22,451473,1333,82.504
NO0003096208,75733590,LSG,NOK,2021-08-04,83.0,84.98,82.76,84.5,539567,1509,84.142
NO0003096208,75733590,LSG,NOK,2021-08-05,84.5,84.9,83.36,83.46,394752,1152,84.01
NO0003096208,75733590,LSG,NOK,2021-08-06,83.84,83.9,82.94,83.24,201182,771,83.288
NO0003096208,75733590,LSG,NOK,2021-08-09,83.0,83.44,81.96,82.44,295174,981,82.606
NO0003096208,75733590,LSG,NOK,2021-08-10,82.54,83.84,82.4,82.46,364164,949,82.932
NO0003096208,75733590,LSG,NOK,2021-08-11,81.88,82.6,81.14,81.36,411074,1106,81.606
NO0003096208,75733590,LSG,NOK,2021-08-12,82.92,83.28,81.8,83.0,391778,1117,82.856
NO0003096208,75733590,LSG,NOK,2021-08-13,83.24,83.56,82.7,83.36,219211,779,83.214
NO0003096208,75733590,LSG,NOK,2021-08-16,83.52,84.18,82.1,82.3,573811,1516,82.78
NO0003096208,75733590,LSG,NOK,2021-08-17,82.02,82.96,81.7,82.16,353314,1117,82.19
NO0003096208,75733590,LSG,NOK,2021-08-18,82.38,82.38,80.02,80.44,644079,1610,80.502
NO0003096208,75733590,LSG,NOK,2021-08-19,80.5,81.34,77.34,81.34,1142260,3273,79.544
NO0003096208,75733590,LSG,NOK,2021-08-20,81.24,114.96,79.16,79.56,726657,1882,79.922
NO0003096208,75733590,LSG,NOK,2021-08-23,80.0,80.98,77.52,78.0,955375,1471,78.646
NO0003096208,75733590,LSG,NOK,2021-08-24,78.0,78.06,77.04,77.46,323394,1264,77.612
NO0003096208,75733590,LSG,NOK,2021-08-25,77.82,79.62,77.46,79.24,671941,1225,78.666
NO0003096208,75733590,LSG,NOK,2021-08-26,78.68,79.5,77.98,78.78,340099,1021,78.87
NO0003096208,75733590,LSG,NOK,2021-08-27,78.7,79.24,78.0,78.0,318374,1084,78.508
NO0003096208,75733590,LSG,NOK,2021-08-30,78.0,78.52,77.24,77.58,260717,752,77.648
NO0003096208,75733590,LSG,NOK,2021-08-31,77.82,78.0,76.76,76.76,511602,1196,77.17
NO0003096208,75733590,LSG,NOK,2021-09-01,77.0,78.08,76.96,76.98,594010,1166,77.448
NO0003096208,75733590,LSG,NOK,2021-09-02,77.46,78.7,76.8,78.36,418984,978,78.184
NO0003096208,75733590,LSG,NOK,2021-09-03,78.2,78.28,76.86,76.9,433398,1037,77.14
NO0003096208,75733590,LSG,NOK,2021-09-06,76.78,77.56,76.7,77.3,253152,791,77.082
NO0003096208,75733590,LSG,NOK,2021-09-07,77.26,77.3,75.64,75.64,211699,614,76.174
NO0003096208,75733590,LSG,NOK,2021-09-08,75.64,76.16,74.5,75.38,362169,882,75.334
NO0003096208,75733590,LSG,NOK,2021-09-09,75.24,75.62,74.58,75.14,314380,923,75.258
NO0003096208,75733590,LSG,NOK,2021-09-10,75.14,75.8,74.24,74.24,399860,742,74.596
NO0003096208,75733590,LSG,NOK,2021-09-13,74.4,75.3,74.16,74.44,312132,959,74.624
NO0003096208,75733590,LSG,NOK,2021-09-14,74.5,75.1,74.0,74.0,268533,785,74.31
NO0003096208,75733590,LSG,NOK,2021-09-15,74.04,74.5,73.4,73.8,269382,775,73.858
NO0003096208,75733590,LSG,NOK,2021-09-16,73.78,74.48,73.36,73.42,344343,743,73.726
NO0003096208,75733590,LSG,NOK,2021-09-17,73.04,74.52,73.04,73.64,1149345,1439,73.74
NO0003096208,75733590,LSG,NOK,2021-09-20,72.94,72.94,70.88,71.78,611321,1855,71.676
NO0003096208,75733590,LSG,NOK,2021-09-21,71.48,73.32,71.48,72.6,543197,1568,72.51
NO0003096208,75733590,LSG,NOK,2021-09-22,73.72,77.28,73.0,76.26,1180069,2969,75.78
NO0003096208,75733590,LSG,NOK,2021-09-23,77.02,78.94,76.7,77.76,1025844,2579,78.212
NO0003096208,75733590,LSG,NOK,2021-09-24,78.28,78.28,75.7,76.38,381261,1221,76.672
NO0003096208,75733590,LSG,NOK,2021-09-27,77.5,77.5,75.96,76.24,618359,1007,76.368
NO0003096208,75733590,LSG,NOK,2021-09-28,75.22,75.58,73.08,73.86,1071625,2644,73.844
NO0003096208,75733590,LSG,NOK,2021-09-29,73.9,74.78,73.5,73.6,511468,1457,73.856
NO0003096208,75733590,LSG,NOK,2021-09-30,74.0,74.24,72.3,72.3,438540,1143,72.814
NO0003096208,75733590,LSG,NOK,2021-10-01,71.34,73.78,70.74,73.18,562292,1456,72.992
NO0003096208,75733590,LSG,NOK,2021-10-04,73.0,73.64,72.42,73.4,685097,1727,73.226
NO0003096208,75733590,LSG,NOK,2021-10-05,73.5,74.16,73.1,73.62,592311,1714,73.548
NO0003096208,75733590,LSG,NOK,2021-10-06,73.66,73.7,72.68,73.32,314544,967,73.192
NO0003096208,75733590,LSG,NOK,2021-10-07,73.6,74.86,73.14,74.62,473154,1275,74.25
NO0003096208,75733590,LSG,NOK,2021-10-08,72.9,73.8,71.42,72.5,1089088,2854,72.586
NO0003096208,75733590,LSG,NOK,2021-10-11,73.22,74.5,72.72,73.52,524931,1236,73.634
NO0003096208,75733590,LSG,NOK,2021-10-12,73.52,73.84,72.96,73.52,347353,1037,73.432
NO0003096208,75733590,LSG,NOK,2021-10-13,73.7,74.3,73.2,74.14,298248,1183,73.904
NO0003096208,75733590,LSG,NOK,2021-10-14,74.66,75.7,74.44,75.5,486361,1522,75.258
NO0003096208,75733590,LSG,NOK,2021-10-15,76.32,76.32,74.7,75.5,424918,1066,75.36
NO0003096208,75733590,LSG,NOK,2021-10-18,75.72,76.24,74.8,74.9,297320,969,75.466
NO0003096208,75733590,LSG,NOK,2021-10-19,75.5,75.9,74.98,75.04,332275,1064,75.296
NO0003096208,75733590,LSG,NOK,2021-10-20,75.9,77.62,75.88,77.62,845902,2052,76.972
NO0003096208,75733590,LSG,NOK,2021-10-21,77.5,79.44,77.24,79.0,718332,1657,78.354
NO0003096208,75733590,LSG,NOK,2021-10-22,79.26,79.76,78.82,79.0,447625,1045,79.142
NO0003096208,75733590,LSG,NOK,2021-10-25,79.0,79.36,78.04,78.3,294508,1083,78.578
NO0003096208,75733590,LSG,NOK,2021-10-26,78.38,78.8,78.04,78.78,271539,693,78.572
NO0003096208,75733590,LSG,NOK,2021-10-27,78.8,79.24,77.54,77.74,796910,2405,78.012
NO0003096208,75733590,LSG,NOK,2021-10-28,77.86,77.86,76.42,76.9,377273,1272,77.064
NO0003096208,75733590,LSG,NOK,2021-10-29,77.02,77.4,76.46,76.8,382445,1021,76.79
NO0003096208,75733590,LSG,NOK,2021-11-01,77.0,78.1,76.28,77.54,251997,943,77.426
NO0003096208,75733590,LSG,NOK,2021-11-02,76.72,76.72,74.4,75.14,575714,1556,75.348
NO0003096208,75733590,LSG,NOK,2021-11-03,75.4,76.32,74.6,74.9,642245,1244,75.214
NO0003096208,75733590,LSG,NOK,2021-11-04,75.26,75.5,74.4,74.92,449747,936,74.822
NO0003096208,75733590,LSG,NOK,2021-11-05,74.96,75.12,74.02,75.12,426478,1165,74.594
NO0003096208,75733590,LSG,NOK,2021-11-08,75.2,75.26,73.52,74.44,499644,1419,74.124
NO0003096208,75733590,LSG,NOK,2021-11-09,74.0,74.26,73.04,73.32,477373,1099,73.568
NO0003096208,75733590,LSG,NOK,2021-11-10,73.16,73.9,72.72,73.48,511468,903,73.22
NO0003096208,75733590,LSG,NOK,2021-11-11,71.02,71.98,68.76,69.26,2750620,5754,69.8
NO0003096208,75733590,LSG,NOK,2021-11-12,69.12,71.46,68.66,71.04,837360,1951,70.248
NO0003096208,75733590,LSG,NOK,2021-11-15,70.88,71.7,69.66,71.44,779713,1994,70.686
NO0003096208,75733590,LSG,NOK,2021-11-16,71.5,71.5,70.66,71.18,666061,1208,71.022
NO0003096208,75733590,LSG,NOK,2021-11-17,71.0,71.0,68.72,69.66,1459486,1666,69.272
NO0003096208,75733590,LSG,NOK,2021-11-18,69.94,70.2,69.08,70.14,617189,1174,69.898
NO0003096208,75733590,LSG,NOK,2021-11-19,70.38,70.38,68.56,69.22,812132,1795,69.292
NO0003096208,75733590,LSG,NOK,2021-11-22,69.5,69.5,67.34,67.7,780345,1772,68.13
NO0003096208,75733590,LSG,NOK,2021-11-23,67.52,68.1,66.5,66.5,625781,1479,67.042
NO0003096208,75733590,LSG,NOK,2021-11-24,66.56,67.34,66.16,66.52,406013,1010,66.628
NO0003096208,75733590,LSG,NOK,2021-11-25,66.94,66.98,65.8,66.44,589397,883,66.426
NO0003096208,75733590,LSG,NOK,2021-11-26,65.88,65.88,64.34,64.76,1150134,1627,65.172
NO0003096208,75733590,LSG,NOK,2021-11-29,65.08,65.42,64.54,64.82,703119,1144,64.816
NO0003096208,75733590,LSG,NOK,2021-11-30,64.5,64.5,63.16,63.94,910538,1277,63.916
NO0003096208,75733590,LSG,NOK,2021-12-01,64.18,69.72,63.86,64.4,585718,1091,65.216
NO0003096208,75733590,LSG,NOK,2021-12-02,64.18,64.44,63.36,63.94,499888,1308,64.018
NO0003096208,75733590,LSG,NOK,2021-12-03,64.52,65.08,63.7,64.28,394292,998,64.388
NO0003096208,75733590,LSG,NOK,2021-12-06,64.0,64.58,63.52,64.38,468568,903,64.098
NO0003096208,75733590,LSG,NOK,2021-12-07,64.88,66.32,64.8,65.88,525121,1172,65.822
NO0003096208,75733590,LSG,NOK,2021-12-08,65.92,66.9,64.96,65.22,626417,1430,65.746
NO0003096208,75733590,LSG,NOK,2021-12-09,65.58,66.24,65.34,65.96,506499,1293,65.904
NO0003096208,75733590,LSG,NOK,2021-12-10,66.44,66.54,65.18,66.24,399399,927,65.996
NO0003096208,75733590,LSG,NOK,2021-12-13,66.68,67.28,65.64,65.88,569475,1268,66.488
NO0003096208,75733590,LSG,NOK,2021-12-14,65.58,66.1,64.5,65.16,313980,757,65.328
NO0003096208,75733590,LSG,NOK,2021-12-15,65.0,65.78,64.5,64.82,232675,642,64.916
NO0003096208,75733590,LSG,NOK,2021-12-16,65.7,66.18,65.18,65.88,513279,992,65.88
NO0003096208,75733590,LSG,NOK,2021-12-17,65.9,66.0,65.08,65.78,405690,890,65.664
NO0003096208,75733590,LSG,NOK,2021-12-20,65.0,65.0,63.82,64.14,329799,817,64.292
NO0003096208,75733590,LSG,NOK,2021-12-21,64.84,65.88,64.5,65.44,253489,546,65.288
NO0003096208,75733590,LSG,NOK,2021-12-22,66.1,66.18,65.3,66.18,250493,556,65.914
NO0003096208,75733590,LSG,NOK,2021-12-23,66.3,67.64,66.3,67.36,313694,831,67.234
NO0003096208,75733590,LSG,NOK,2021-12-27,67.98,68.74,67.52,68.74,449202,935,68.326
NO0003096208,75733590,LSG,NOK,2021-12-28,68.76,69.5,68.36,69.5,414592,808,69.144
NO0003096208,75733590,LSG,NOK,2021-12-29,69.5,69.5,67.9,68.52,244071,761,68.544
NO0003096208,75733590,LSG,NOK,2021-12-30,68.54,68.98,67.8,68.96,431348,808,68.498
NO0003096208,75733590,LSG,NOK,2022-01-03,70.0,70.58,69.46,70.16,666750,1513,70.06
NO0003096208,75733590,LSG,NOK,2022-01-04,70.9,71.3,69.82,70.12,772969,1408,70.554
NO0003096208,75733590,LSG,NOK,2022-01-05,70.34,70.5,69.72,70.22,389124,1024,70.168
NO0003096208,75733590,LSG,NOK,2022-01-06,69.9,69.9,69.16,69.26,278848,841,69.468
NO0003096208,75733590,LSG,NOK,2022-01-07,69.04,69.68,68.8,69.36,337728,903,69.192
NO0003096208,75733590,LSG,NOK,2022-01-10,69.78,70.34,68.1,68.1,334790,886,68.796
NO0003096208,75733590,LSG,NOK,2022-01-11,68.7,69.96,68.4,69.96,287959,796,69.46
NO0003096208,75733590,LSG,NOK,2022-01-12,70.3,70.84,69.6,70.5,798017,1566,70.424
NO0003096208,75733590,LSG,NOK,2022-01-13,70.44,70.82,70.12,70.36,413593,826,70.426
NO0003096208,75733590,LSG,NOK,2022-01-14,70.36,71.28,69.7,70.88,629294,1799,70.604
NO0003096208,75733590,LSG,NOK,2022-01-17,71.0,72.42,70.72,70.92,622444,944,71.546
NO0003096208,75733590,LSG,NOK,2022-01-18,70.92,70.92,69.5,70.78,423698,1144,70.212
NO0003096208,75733590,LSG,NOK,2022-01-19,70.54,71.62,70.16,70.2,303482,996,70.7
NO0003096208,75733590,LSG,NOK,2022-01-20,70.52,72.46,70.52,72.22,675971,1444,71.802
NO0003096208,75733590,LSG,NOK,2022-01-21,72.4,72.8,71.72,72.52,452368,985,72.44
NO0003096208,75733590,LSG,NOK,2022-01-24,72.52,72.96,69.16,69.48,636868,1358,70.556
NO0003096208,75733590,LSG,NOK,2022-01-25,69.68,70.78,69.32,69.78,543196,1040,69.918
NO0003096208,75733590,LSG,NOK,2022-01-26,70.24,71.72,70.24,71.36,551393,1095,71.288
NO0003096208,75733590,LSG,NOK,2022-01-27,70.46,72.92,70.1,72.68,427947,1057,72.3
NO0003096208,75733590,LSG,NOK,2022-01-28,72.82,73.86,72.04,73.78,548096,1123,73.178
NO0003096208,75733590,LSG,NOK,2022-01-31,74.32,74.82,72.86,73.92,506752,1204,73.876
NO0003096208,75733590,LSG,NOK,2022-02-01,74.52,76.58,74.4,76.0,931319,2043,75.646
NO0003096208,75733590,LSG,NOK,2022-02-02,77.0,77.38,76.2,77.02,689270,1472,76.934
NO0003096208,75733590,LSG,NOK,2022-02-03,77.02,77.72,76.08,76.54,638684,1475,76.804
NO0003096208,75733590,LSG,NOK,2022-02-04,76.7,77.42,75.56,77.42,402165,1024,76.68
NO0003096208,75733590,LSG,NOK,2022-02-07,77.52,78.9,77.16,78.9,663630,1437,78.214
NO0003096208,75733590,LSG,NOK,2022-02-08,78.94,79.24,78.2,78.3,354887,943,78.558
NO0003096208,75733590,LSG,NOK,2022-02-09,78.6,78.9,78.24,78.58,522526,1058,78.6
NO0003096208,75733590,LSG,NOK,2022-02-10,78.72,79.2,78.44,79.0,637508,1064,78.868
NO0003096208,75733590,LSG,NOK,2022-02-11,78.64,80.5,78.2,80.24,696119,1296,79.574
NO0003096208,75733590,LSG,NOK,2022-02-14,79.0,79.26,77.72,79.16,1014994,2035,78.73
NO0003096208,75733590,LSG,NOK,2022-02-15,79.0,80.38,78.16,78.5,445418,1738,79.146
NO0003096208,75733590,LSG,NOK,2022-02-16,78.7,79.78,78.46,79.08,779875,1998,79.032
NO0003096208,75733590,LSG,NOK,2022-02-17,80.02,82.5,77.22,79.18,1137224,2677,79.168
NO0003096208,75733590,LSG,NOK,2022-02-18,77.74,78.7,77.1,77.32,867701,1946,77.686
NO0003096208,75733590,LSG,NOK,2022-02-21,77.6,78.84,76.56,78.6,1080525,1656,78.352
NO0003096208,75733590,LSG,NOK,2022-02-22,76.5,78.28,75.98,76.72,650193,1386,76.834
NO0003096208,75733590,LSG,NOK,2022-02-23,76.84,77.8,76.5,76.5,490841,1394,77.018
NO0003096208,75733590,LSG,NOK,2022-02-24,74.56,76.26,73.6,74.64,678808,1622,74.756
NO0003096208,75733590,LSG,NOK,2022-02-25,75.02,77.1,74.96,77.0,429280,987,76.344
NO0003096208,75733590,LSG,NOK,2022-02-28,76.16,77.04,75.94,76.8,714982,1078,76.712
NO0003096208,75733590,LSG,NOK,2022-03-01,76.3,76.64,75.22,75.68,726421,1906,75.88
NO0003096208,75733590,LSG,NOK,2022-03-02,74.84,76.2,74.46,75.2,806420,1898,75.168
NO0003096208,75733590,LSG,NOK,2022-03-03,75.7,76.28,73.7,73.8,559753,1323,74.542
NO0003096208,75733590,LSG,NOK,2022-03-04,73.24,73.24,70.36,72.0,695320,1762,71.608
NO0003096208,75733590,LSG,NOK,2022-03-07,70.0,70.0,65.5,68.86,1236836,3214,67.73
NO0003096208,75733590,LSG,NOK,2022-03-08,68.0,68.52,66.16,67.08,685453,2140,67.302
NO0003096208,75733590,LSG,NOK,2022-03-09,66.98,69.68,66.58,69.5,883521,1833,68.792
NO0003096208,75733590,LSG,NOK,2022-03-10,71.98,73.02,70.68,71.88,795324,1801,71.73
NO0003096208,75733590,LSG,NOK,2022-03-11,72.0,74.64,72.0,73.02,785967,2109,73.46
NO0003096208,75733590,LSG,NOK,2022-03-14,73.1,74.54,73.0,74.1,523767,1252,74.12
NO0003096208,75733590,LSG,NOK,2022-03-15,73.58,75.14,73.38,74.52,796834,1548,74.334
NO0003096208,75733590,LSG,NOK,2022-03-16,75.0,78.12,74.64,77.28,677300,1851,76.95
NO0003096208,75733590,LSG,NOK,2022-03-17,77.62,78.34,76.16,76.6,532133,1485,76.874
NO0003096208,75733590,LSG,NOK,2022-03-18,76.64,77.98,76.26,77.66,855554,1307,77.386
NO0003096208,75733590,LSG,NOK,2022-03-21,78.0,79.2,77.92,79.0,579975,1600,78.634
NO0003096208,75733590,LSG,NOK,2022-03-22,79.52,80.48,79.2,80.08,648664,1630,79.942
NO0003096208,75733590,LSG,NOK,2022-03-23,80.5,80.9,79.12,79.86,693144,2004,79.972
NO0003096208,75733590,LSG,NOK,2022-03-24,79.86,79.86,78.62,79.08,416859,1333,79.082
NO0003096208,75733590,LSG,NOK,2022-03-25,79.2,80.82,79.12,80.48,626362,1373,80.4
NO0003096208,75733590,LSG,NOK,2022-03-28,80.16,81.18,79.58,80.82,623508,1147,80.708
NO0003096208,75733590,LSG,NOK,2022-03-29,81.04,82.4,81.04,81.58,627671,1404,81.776
NO0003096208,75733590,LSG,NOK,2022-03-30,82.14,83.28,81.36,83.26,674014,1739,82.8
NO0003096208,75733590,LSG,NOK,2022-03-31,83.34,83.62,80.54,81.12,752159,1589,81.444
NO0003096208,75733590,LSG,NOK,2022-04-01,81.3,83.3,81.1,83.26,527924,1140,82.84
NO0003096208,75733590,LSG,NOK,2022-04-04,83.36,84.4,82.64,82.8,600206,1465,83.492
NO0003096208,75733590,LSG,NOK,2022-04-05,81.86,83.96,81.7,83.2,718360,1582,82.52
NO0003096208,75733590,LSG,NOK,2022-04-06,83.16,83.86,82.9,83.86,620595,1563,83.534
NO0003096208,75733590,LSG,NOK,2022-04-07,84.1,86.6,84.1,84.9,1121436,2582,85.48
NO0003096208,75733590,LSG,NOK,2022-04-08,86.3,86.86,83.54,83.54,1268199,2583,84.482
NO0003096208,75733590,LSG,NOK,2022-04-11,84.0,84.3,82.4,82.9,791185,1450,83.118
NO0003096208,75733590,LSG,NOK,2022-04-12,82.5,83.8,81.84,83.16,720918,983,83.08
NO0003096208,75733590,LSG,NOK,2022-04-13,83.66,84.1,82.9,83.66,353965,762,83.506
NO0003096208,75733590,LSG,NOK,2022-04-19,83.9,86.16,83.64,85.86,508680,1238,85.464
NO0003096208,75733590,LSG,NOK,2022-04-20,85.6,86.4,85.2,85.66,492613,1085,85.752
NO0003096208,75733590,LSG,NOK,2022-04-21,86.4,87.26,85.54,86.7,741092,1201,86.514
NO0003096208,75733590,LSG,NOK,2022-04-22,86.2,87.66,85.6,87.4,558525,1209,87.034
NO0003096208,75733590,LSG,NOK,2022-04-25,86.3,86.8,85.2,86.36,537410,1192,86.104
NO0003096208,75733590,LSG,NOK,2022-04-26,86.54,87.36,86.0,86.9,456260,1333,86.684
NO0003096208,75733590,LSG,NOK,2022-04-27,86.76,88.1,86.34,87.36,564388,1012,87.322
NO0003096208,75733590,LSG,NOK,2022-04-28,87.6,89.3,87.5,89.3,607906,1345,88.652
NO0003096208,75733590,LSG,NOK,2022-04-29,89.5,90.2,88.44,88.7,586676,1467,89.03
NO0003096208,75733590,LSG,NOK,2022-05-02,88.86,88.96,84.34,87.0,486112,1187,87.462
NO0003096208,75733590,LSG,NOK,2022-05-03,87.5,88.1,86.5,87.7,420581,965,87.352
NO0003096208,75733590,LSG,NOK,2022-05-04,87.8,88.7,86.3,86.96,677342,1935,87.094
NO0003096208,75733590,LSG,NOK,2022-05-05,87.26,87.26,82.5,83.0,740039,1653,83.644
NO0003096208,75733590,LSG,NOK,2022-05-06,82.0,83.1,80.9,81.96,637052,1408,81.988
NO0003096208,75733590,LSG,NOK,2022-05-09,81.86,84.2,79.9,82.96,673503,1562,82.578
NO0003096208,75733590,LSG,NOK,2022-05-10,82.46,83.7,82.0,83.1,763291,1381,82.988
NO0003096208,75733590,LSG,NOK,2022-05-11,83.54,85.6,83.5,84.36,567456,1676,84.54
NO0003096208,75733590,LSG,NOK,2022-05-12,83.76,83.76,80.24,81.7,1153587,1733,81.714
NO0003096208,75733590,LSG,NOK,2022-05-13,79.9,79.9,72.8,74.2,2967525,5423,74.924
NO0003096208,75733590,LSG,NOK,2022-05-16,75.46,75.7,72.64,73.9,1106290,2183,74.276
NO0003096208,75733590,LSG,NOK,2022-05-18,74.6,75.46,73.1,74.0,1142160,2281,74.024
NO0003096208,75733590,LSG,NOK,2022-05-19,73.16,75.0,72.6,75.0,817798,1380,74.056
NO0003096208,75733590,LSG,NOK,2022-05-20,75.3,77.36,74.7,76.6,1093602,1868,76.178
NO0003096208,75733590,LSG,NOK,2022-05-23,77.4,77.7,75.5,77.2,775125,1941,76.926
NO0003096208,75733590,LSG,NOK,2022-05-24,74.9,75.6,73.6,75.46,947942,1549,75.048
NO0003096208,75733590,LSG,NOK,2022-05-25,75.5,76.0,74.1,74.96,612536,1592,75.182
NO0003096208,75733590,LSG,NOK,2022-05-27,75.04,75.56,72.6,72.9,1033726,1729,73.414
NO0003096208,75733590,LSG,NOK,2022-05-30,73.5,74.4,72.54,73.26,669594,1188,73.346
NO0003096208,75733590,LSG,NOK,2022-05-31,73.0,73.76,71.84,73.76,2546729,1463,73.33
NO0003096208,75733590,LSG,NOK,2022-06-01,73.96,74.1,71.34,72.66,1096107,1938,72.56
NO0003096208,75733590,LSG,NOK,2022-06-02,72.3,72.86,71.7,72.04,635261,1202,72.27
NO0003096208,75733590,LSG,NOK,2022-06-03,72.3,72.46,70.74,70.76,648129,1369,71.41
NO0003096208,75733590,LSG,NOK,2022-06-07,70.86,70.86,68.04,69.6,1476888,2728,69.4
NO0003096208,75733590,LSG,NOK,2022-06-08,69.7,70.06,67.64,68.4,1138904,1714,68.552
NO0003096208,75733590,LSG,NOK,2022-06-09,68.76,70.0,67.84,69.4,890940,1399,69.196
NO0003096208,75733590,LSG,NOK,2022-06-10,69.26,69.26,67.14,67.8,870057,1178,67.886
NO0003096208,75733590,LSG,NOK,2022-06-13,67.1,67.86,65.3,67.2,887557,1796,66.766
NO0003096208,75733590,LSG,NOK,2022-06-14,67.6,68.36,66.3,68.2,536572,926,67.658
NO0003096208,75733590,LSG,NOK,2022-06-15,68.36,69.76,67.1,69.76,863649,971,68.756
NO0003096208,75733590,LSG,NOK,2022-06-16,69.8,69.8,68.2,68.96,814611,1225,68.834
NO0003096208,75733590,LSG,NOK,2022-06-17,69.0,70.7,67.8,69.36,845436,765,69.462
NO0003096208,75733590,LSG,NOK,2022-06-20,69.8,71.2,69.34,71.0,320708,654,70.648
NO0003096208,75733590,LSG,NOK,2022-06-21,71.5,71.7,68.54,68.8,565086,844,69.274
NO0003096208,75733590,LSG,NOK,2022-06-22,68.9,69.56,65.9,66.6,678038,1143,67.17
NO0003096208,75733590,LSG,NOK,2022-06-23,67.46,67.46,66.1,67.2,535108,887,66.988
NO0003096208,75733590,LSG,NOK,2022-06-24,67.5,68.86,66.8,68.3,289225,610,68.218
NO0003096208,75733590,LSG,NOK,2022-06-27,68.9,70.1,68.74,69.46,283654,703,69.496
NO0003096208,75733590,LSG,NOK,2022-06-28,69.8,70.36,69.8,70.0,484716,714,70.068
NO0003096208,75733590,LSG,NOK,2022-06-29,70.5,70.76,69.74,70.16,333609,712,70.186
NO0003096208,75733590,LSG,NOK,2022-06-30,69.86,69.96,68.54,69.96,911894,1126,69.594
NO0003096208,75733590,LSG,NOK,2022-07-01,70.16,71.1,69.4,70.1,377787,606,70.224
NO0003096208,75733590,LSG,NOK,2022-07-04,71.16,73.8,71.14,73.04,675240,1127,72.798
NO0003096208,75733590,LSG,NOK,2022-07-05,73.8,74.5,72.3,73.3,539300,1001,73.504
NO0003096208,75733590,LSG,NOK,2022-07-06,73.5,74.8,72.74,72.76,526894,920,73.464
NO0003096208,75733590,LSG,NOK,2022-07-07,73.46,76.4,73.4,76.3,571895,1251,75.582
NO0003096208,75733590,LSG,NOK,2022-07-08,75.04,76.0,74.0,74.6,628080,1010,74.902
NO0003096208,75733590,LSG,NOK,2022-07-11,75.0,76.0,74.0,75.66,406349,709,75.484
NO0003096208,75733590,LSG,NOK,2022-07-12,76.0,76.0,74.4,74.86,469654,732,75.036
NO0003096208,75733590,LSG,NOK,2022-07-13,75.04,75.2,72.6,74.04,590256,833,73.824
NO0003096208,75733590,LSG,NOK,2022-07-14,74.04,74.1,72.04,72.4,453111,963,72.69
NO0003096208,75733590,LSG,NOK,2022-07-15,73.04,73.3,70.74,73.2,430390,951,72.634
NO0003096208,75733590,LSG,NOK,2022-07-18,73.5,73.6,72.24,73.16,273085,560,72.926
NO0003096208,75733590,LSG,NOK,2022-07-19,72.76,73.6,72.54,73.2,255431,457,73.18
NO0003096208,75733590,LSG,NOK,2022-07-20,73.5,74.26,73.14,74.26,389219,581,73.968
NO0003096208,75733590,LSG,NOK,2022-07-21,74.1,74.66,73.4,73.4,306359,603,73.896
NO0003096208,75733590,LSG,NOK,2022-07-22,73.16,74.3,72.8,74.2,308911,626,73.76
NO0003096208,75733590,LSG,NOK,2022-07-25,74.26,74.8,73.54,73.9,292986,538,74.198
NO0003096208,75733590,LSG,NOK,2022-07-26,74.0,74.4,73.2,73.46,232520,645,73.646
NO0003096208,75733590,LSG,NOK,2022-07-27,73.8,75.3,73.3,75.26,279276,559,74.706
NO0003096208,75733590,LSG,NOK,2022-07-28,75.8,76.3,74.3,74.54,295082,595,74.938
NO0003096208,75733590,LSG,NOK,2022-07-29,75.0,75.9,74.5,75.5,351183,649,75.322
NO0003096208,75733590,LSG,NOK,2022-08-01,75.3,76.1,74.8,75.5,503089,797,75.694
NO0003096208,75733590,LSG,NOK,2022-08-02,75.5,76.3,74.94,76.04,499318,952,75.874
NO0003096208,75733590,LSG,NOK,2022-08-03,75.5,76.4,74.2,74.7,473663,971,74.862
NO0003096208,75733590,LSG,NOK,2022-08-04,74.7,75.56,74.5,75.36,314497,564,75.244
NO0003096208,75733590,LSG,NOK,2022-08-05,75.5,75.66,74.74,75.2,139246,359,75.192
NO0003096208,75733590,LSG,NOK,2022-08-08,74.5,75.4,73.44,73.54,263853,639,73.98
NO0003096208,75733590,LSG,NOK,2022-08-09,73.1,73.36,72.1,72.7,278706,670,72.684
NO0003096208,75733590,LSG,NOK,2022-08-10,71.54,72.16,67.74,70.26,1075031,2347,69.748
NO0003096208,75733590,LSG,NOK,2022-08-11,70.2,70.2,69.0,69.16,948130,1506,69.306
NO0003096208,75733590,LSG,NOK,2022-08-12,69.5,69.66,68.5,68.9,550552,1027,69.014
NO0003096208,75733590,LSG,NOK,2022-08-15,69.4,69.5,68.1,68.46,387108,845,68.68
NO0003096208,75733590,LSG,NOK,2022-08-16,69.0,69.5,68.2,68.36,411348,865,68.6
NO0003096208,75733590,LSG,NOK,2022-08-17,68.36,69.0,67.9,68.5,412130,841,68.476
NO0003096208,75733590,LSG,NOK,2022-08-18,68.8,70.7,68.5,70.5,453554,912,70.13
NO0003096208,75733590,LSG,NOK,2022-08-19,70.8,72.36,70.2,71.96,706162,1288,71.684
NO0003096208,75733590,LSG,NOK,2022-08-22,71.8,72.4,70.4,70.8,421060,951,71.116
NO0003096208,75733590,LSG,NOK,2022-08-23,70.8,71.3,70.14,71.0,468878,1178,70.826
NO0003096208,75733590,LSG,NOK,2022-08-24,69.76,71.0,67.3,68.26,1157813,2098,68.346
NO0003096208,75733590,LSG,NOK,2022-08-25,68.0,69.16,66.1,68.1,1009085,2316,67.73
NO0003096208,75733590,LSG,NOK,2022-08-26,67.8,68.0,65.5,65.6,1054724,2052,66.146
NO0003096208,75733590,LSG,NOK,2022-08-29,65.16,65.2,63.9,64.86,537786,1217,64.532
NO0003096208,75733590,LSG,NOK,2022-08-30,65.0,66.6,64.84,65.8,557969,1118,65.954
NO0003096208,75733590,LSG,NOK,2022-08-31,66.2,66.66,65.4,66.6,443027,724,66.39
NO0003096208,75733590,LSG,NOK,2022-09-01,66.0,67.66,65.34,67.6,668138,1244,67.174
NO0003096208,75733590,LSG,NOK,2022-09-02,68.0,68.0,66.6,67.0,485748,1058,67.15
NO0003096208,75733590,LSG,NOK,2022-09-05,66.9,66.9,65.9,66.4,298580,627,66.462
NO0003096208,75733590,LSG,NOK,2022-09-06,66.1,66.5,64.74,64.76,392982,876,65.452
NO0003096208,75733590,LSG,NOK,2022-09-07,64.66,64.7,63.3,63.7,478216,953,63.918
NO0003096208,75733590,LSG,NOK,2022-09-08,64.1,64.66,63.34,63.96,450612,640,63.854
NO0003096208,75733590,LSG,NOK,2022-09-09,64.0,65.56,64.0,64.6,346762,629,64.77
NO0003096208,75733590,LSG,NOK,2022-09-12,65.26,65.76,64.3,65.46,340643,526,65.168
NO0003096208,75733590,LSG,NOK,2022-09-13,65.76,66.26,65.24,65.4,260966,521,65.578
NO0003096208,75733590,LSG,NOK,2022-09-14,64.5,65.36,64.44,65.2,285694,692,64.998
NO0003096208,75733590,LSG,NOK,2022-09-15,65.96,65.96,64.2,64.36,261066,558,64.744
NO0003096208,75733590,LSG,NOK,2022-09-16,64.04,65.2,63.7,64.1,904944,1084,64.218
NO0003096208,75733590,LSG,NOK,2022-09-19,64.36,64.96,62.8,64.86,423957,823,63.792
NO0003096208,75733590,LSG,NOK,2022-09-20,64.36,65.4,63.6,63.6,399138,718,63.902
NO0003096208,75733590,LSG,NOK,2022-09-21,63.3,64.06,62.5,62.5,512672,951,62.924
NO0003096208,75733590,LSG,NOK,2022-09-22,64.3,65.6,62.8,63.16,947771,1529,63.872
NO0003096208,75733590,LSG,NOK,2022-09-23,63.5,63.7,60.9,60.9,447599,956,61.73
NO0003096208,75733590,LSG,NOK,2022-09-26,60.06,60.6,58.9,59.0,505944,903,59.314
NO0003096208,75733590,LSG,NOK,2022-09-27,59.9,59.96,57.9,58.26,702827,1089,58.742
NO0003096208,75733590,LSG,NOK,2022-09-28,49.0,50.5,42.22,42.22,4849577,7353,45.326
NO0003096208,75733590,LSG,NOK,2022-09-29,42.66,42.78,38.4,38.8,3516248,5769,39.934
NO0003096208,75733590,LSG,NOK,2022-09-30,39.96,42.78,39.5,42.78,2909718,4280,41.25
NO0003096208,75733590,LSG,NOK,2022-10-03,42.7,44.12,41.5,43.68,1554079,2931,43.032
NO0003096208,75733590,LSG,NOK,2022-10-04,44.2,45.96,42.02,42.48,1720957,3136,43.662
NO0003096208,75733590,LSG,NOK,2022-10-05,43.0,43.26,41.26,41.34,1156410,2422,42.052
NO0003096208,75733590,LSG,NOK,2022-10-06,42.0,42.34,40.86,41.28,851796,1534,41.442
NO0003096208,75733590,LSG,NOK,2022-10-07,41.44,41.5,39.64,40.46,1289360,2108,40.382
NO0003096208,75733590,LSG,NOK,2022-10-10,40.1,42.24,39.9,42.08,1125931,1838,41.306
NO0003096208,75733590,LSG,NOK,2022-10-11,42.0,42.4,41.0,41.88,802732,1439,41.842
NO0003096208,75733590,LSG,NOK,2022-10-12,41.7,42.74,40.52,41.74,1226522,1492,41.938
NO0003096208,75733590,LSG,NOK,2022-10-13,41.86,43.42,41.66,42.74,968271,1584,42.45
NO0003096208,75733590,LSG,NOK,2022-10-14,43.46,43.5,41.2,41.82,1049848,1790,41.986
NO0003096208,75733590,LSG,NOK,2022-10-17,43.2,43.98,41.88,43.62,1283532,2149,43.164
NO0003096208,75733590,LSG,NOK,2022-10-18,43.96,44.34,42.2,43.76,952797,1443,43.75
NO0003096208,75733590,LSG,NOK,2022-10-19,43.76,43.9,42.6,43.06,614352,1069,43.02
NO0003096208,75733590,LSG,NOK,2022-10-20,43.02,43.02,41.7,43.0,1260345,1203,42.366
NO0003096208,75733590,LSG,NOK,2022-10-21,42.38,43.0,40.78,40.78,984532,1265,41.302
NO0003096208,75733590,LSG,NOK,2022-10-24,41.3,41.56,40.14,40.74,914032,1450,40.676
NO0003096208,75733590,LSG,NOK,2022-10-25,41.06,41.96,40.78,41.96,737353,982,41.546
NO0003096208,75733590,LSG,NOK,2022-10-26,43.02,45.58,43.0,44.58,1986086,2647,44.522
NO0003096208,75733590,LSG,NOK,2022-10-27,44.84,45.18,43.46,44.62,902763,1371,44.51
NO0003096208,75733590,LSG,NOK,2022-10-28,44.6,45.3,44.16,45.2,548702,970,44.978
NO0003096208,75733590,LSG,NOK,2022-10-31,45.5,47.9,45.22,47.8,1206362,1796,47.26
NO0003096208,75733590,LSG,NOK,2022-11-01,48.48,49.3,46.9,48.28,1459484,2530,48.42
NO0003096208,75733590,LSG,NOK,2022-11-02,48.48,48.62,46.88,47.56,1610211,1768,47.712
NO0003096208,75733590,LSG,NOK,2022-11-03,47.88,48.3,46.08,46.2,770190,1309,47.034
NO0003096208,75733590,LSG,NOK,2022-11-04,46.3,46.36,45.62,46.12,881377,1700,46.03
NO0003096208,75733590,LSG,NOK,2022-11-07,46.5,46.84,45.46,46.08,667083,1023,46.078
NO0003096208,75733590,LSG,NOK,2022-11-08,46.1,46.38,45.28,45.98,1128304,1637,45.888
NO0003096208,75733590,LSG,NOK,2022-11-09,46.32,47.84,46.0,46.56,1003465,1781,46.78
NO0003096208,75733590,LSG,NOK,2022-11-10,46.02,47.04,45.4,47.04,622262,1180,46.31
NO0003096208,75733590,LSG,NOK,2022-11-11,47.4,48.42,46.54,47.4,717848,1367,47.682
NO0003096208,75733590,LSG,NOK,2022-11-14,47.7,47.92,46.88,47.72,377861,852,47.438
NO0003096208,75733590,LSG,NOK,2022-11-15,48.0,49.24,46.38,48.36,1356311,2882,48.16
NO0003096208,75733590,LSG,NOK,2022-11-16,47.98,49.46,47.84,48.12,1477354,2690,48.614
NO0003096208,75733590,LSG,NOK,2022-11-17,48.8,50.1,48.24,49.54,1133219,1850,49.192
NO0003096208,75733590,LSG,NOK,2022-11-18,50.0,50.0,46.98,47.48,1639843,2733,47.956
NO0003096208,75733590,LSG,NOK,2022-11-21,47.92,47.92,46.48,47.1,668574,1156,47.056
NO0003096208,75733590,LSG,NOK,2022-11-22,47.58,48.28,46.62,46.62,541021,1011,47.284
NO0003096208,75733590,LSG,NOK,2022-11-23,46.64,46.64,45.32,45.82,857393,1627,45.846
NO0003096208,75733590,LSG,NOK,2022-11-24,46.0,47.6,45.96,47.58,438294,960,46.95
NO0003096208,75733590,LSG,NOK,2022-11-25,47.8,48.86,47.3,47.94,628748,1206,47.938
NO0003096208,75733590,LSG,NOK,2022-11-28,47.82,48.14,47.2,47.74,330999,843,47.738
NO0003096208,75733590,LSG,NOK,2022-11-29,47.94,47.94,46.72,47.38,611275,992,47.418
NO0003096208,75733590,LSG,NOK,2022-11-30,47.5,48.66,46.76,48.1,1112393,1215,47.98
NO0003096208,75733590,LSG,NOK,2022-12-01,48.66,49.26,48.3,48.7,713755,1115,48.836
NO0003096208,75733590,LSG,NOK,2022-12-02,48.9,48.9,47.6,48.62,451705,704,48.3
NO0003096208,75733590,LSG,NOK,2022-12-05,48.84,49.4,48.5,48.62,750152,816,48.698
NO0003096208,75733590,LSG,NOK,2022-12-06,48.66,48.66,47.26,47.98,484413,960,47.856
NO0003096208,75733590,LSG,NOK,2022-12-07,48.0,48.1,47.12,47.94,350931,628,47.778
NO0003096208,75733590,LSG,NOK,2022-12-08,48.86,49.68,47.46,48.4,1030054,1359,48.374
NO0003096208,75733590,LSG,NOK,2022-12-09,49.0,50.56,48.24,50.3,961580,1375,49.724
NO0003096208,75733590,LSG,NOK,2022-12-12,50.6,53.1,50.5,52.9,1222480,1515,52.242
NO0003096208,75733590,LSG,NOK,2022-12-13,52.9,53.56,52.1,52.5,1108320,1677,52.776
NO0003096208,75733590,LSG,NOK,2022-12-14,52.76,52.9,52.0,52.2,562628,863,52.364
NO0003096208,75733590,LSG,NOK,2022-12-15,52.5,52.8,51.4,51.56,411912,697,52.062
NO0003096208,75733590,LSG,NOK,2022-12-16,51.0,52.2,50.84,51.7,1036631,1105,51.62
NO0003096208,75733590,LSG,NOK,2022-12-19,51.7,52.46,51.34,52.1,642136,669,52.034
NO0003096208,75733590,LSG,NOK,2022-12-20,52.0,53.36,51.5,52.86,488312,668,52.668
NO0003096208,75733590,LSG,NOK,2022-12-21,54.0,56.16,53.54,55.9,1595570,1857,55.214
NO0003096208,75733590,LSG,NOK,2022-12-22,56.3,56.76,54.94,55.1,788260,1501,55.722
NO0003096208,75733590,LSG,NOK,2022-12-23,55.0,55.66,54.4,55.0,316635,685,54.934
NO0003096208,75733590,LSG,NOK,2022-12-27,55.3,55.3,54.2,54.6,265596,545,54.68
NO0003096208,75733590,LSG,NOK,2022-12-28,54.96,55.56,54.04,55.5,342302,604,55.038
NO0003096208,75733590,LSG,NOK,2022-12-29,55.0,55.46,54.34,55.16,347755,610,55.014
NO0003096208,75733590,LSG,NOK,2022-12-30,54.76,55.96,54.4,55.16,416876,706,55.31
NO0003096208,75733590,LSG,NOK,2023-01-02,55.3,55.66,54.3,54.36,372635,555,54.752
NO0003096208,75733590,LSG,NOK,2023-01-03,54.46,56.36,54.44,55.8,694636,1302,55.736
NO0003096208,75733590,LSG,NOK,2023-01-04,56.14,56.76,55.0,56.76,634507,1093,56.124
NO0003096208,75733590,LSG,NOK,2023-01-05,57.2,57.96,56.9,57.46,576831,958,57.47
NO0003096208,75733590,LSG,NOK,2023-01-06,57.5,59.4,56.94,58.16,759849,1192,58.418
NO0003096208,75733590,LSG,NOK,2023-01-09,58.4,58.76,56.0,56.26,660086,1140,57.374
NO0003096208,75733590,LSG,NOK,2023-01-10,56.96,56.96,55.4,56.7,283955,679,56.416
NO0003096208,75733590,LSG,NOK,2023-01-11,57.0,57.0,55.64,55.76,392269,632,56.116
NO0003096208,75733590,LSG,NOK,2023-01-12,55.46,57.66,54.4,56.64,791115,1299,56.688
NO0003096208,75733590,LSG,NOK,2023-01-13,57.0,57.06,55.54,56.76,548858,965,56.358
NO0003096208,75733590,LSG,NOK,2023-01-16,57.2,57.2,56.0,56.2,354388,698,56.312
NO0003096208,75733590,LSG,NOK,2023-01-17,56.5,57.2,55.74,55.76,759506,1317,56.244
NO0003096208,75733590,LSG,NOK,2023-01-18,56.56,57.1,54.94,55.76,1008261,1631,55.92
NO0003096208,75733590,LSG,NOK,2023-01-19,55.4,55.4,54.2,54.7,1044273,1705,54.664
NO0003096208,75733590,LSG,NOK,2023-01-20,55.4,55.56,54.04,55.56,770543,1350,54.788
NO0003096208,75733590,LSG,NOK,2023-01-23,55.64,55.8,54.84,55.3,423391,782,55.242
NO0003096208,75733590,LSG,NOK,2023-01-24,57.5,59.16,56.84,57.1,1558309,2113,57.786
NO0003096208,75733590,LSG,NOK,2023-01-25,57.5,59.56,56.1,58.46,977942,1430,58.106
NO0003096208,75733590,LSG,NOK,2023-01-26,58.46,59.1,56.5,57.56,849116,1411,57.95
NO0003096208,75733590,LSG,NOK,2023-01-27,57.7,58.3,56.94,57.3,462475,749,57.514
NO0003096208,75733590,LSG,NOK,2023-01-30,57.86,59.4,57.3,58.96,853298,1249,58.772
NO0003096208,75733590,LSG,NOK,2023-01-31,59.2,59.2,58.04,58.6,512764,789,58.582
NO0003096208,75733590,LSG,NOK,2023-02-01,58.8,59.9,58.1,59.4,789795,1151,59.372
NO0003096208,75733590,LSG,NOK,2023-02-02,59.5,60.2,51.8,55.96,2889126,4549,55.99
NO0003096208,75733590,LSG,NOK,2023-02-03,56.5,57.36,55.6,56.2,936660,1729,56.466
NO0003096208,75733590,LSG,NOK,2023-02-06,56.26,56.86,55.74,56.76,423044,862,56.344
NO0003096208,75733590,LSG,NOK,2023-02-07,56.76,57.3,55.94,57.3,496205,854,56.824
NO0003096208,75733590,LSG,NOK,2023-02-08,57.5,58.66,57.24,57.7,497891,933,57.872
NO0003096208,75733590,LSG,NOK,2023-02-09,57.9,58.3,57.5,57.76,431862,817,57.796
NO0003096208,75733590,LSG,NOK,2023-02-10,57.76,58.06,56.2,56.4,508990,926,56.724
NO0003096208,75733590,LSG,NOK,2023-02-13,56.64,56.66,55.6,55.76,332803,559,55.92
NO0003096208,75733590,LSG,NOK,2023-02-14,55.76,56.1,55.1,55.7,746627,1356,55.716
NO0003096208,75733590,LSG,NOK,2023-02-15,56.0,56.26,55.04,55.46,586159,941,55.508
NO0003096208,75733590,LSG,NOK,2023-02-16,55.1,55.76,54.44,54.9,616560,1063,55.044
NO0003096208,75733590,LSG,NOK,2023-02-17,54.9,55.2,54.1,54.96,527215,867,54.788
NO0003096208,75733590,LSG,NOK,2023-02-20,55.06,55.4,54.4,54.8,774546,1244,54.874
NO0003096208,75733590,LSG,NOK,2023-02-21,52.0,52.0,49.7,51.56,2683582,4278,50.836
NO0003096208,75733590,LSG,NOK,2023-02-22,49.8,50.6,49.36,49.54,2556839,2784,49.904
NO0003096208,75733590,LSG,NOK,2023-02-23,49.26,49.86,48.46,48.66,1324119,2243,49.09
NO0003096208,75733590,LSG,NOK,2023-02-24,48.58,49.34,48.56,48.58,793229,1425,48.888
NO0003096208,75733590,LSG,NOK,2023-02-27,48.66,50.6,48.42,50.46,892735,1238,50.11
NO0003096208,75733590,LSG,NOK,2023-02-28,50.14,52.06,49.98,51.7,944386,1144,51.352
NO0003096208,75733590,LSG,NOK,2023-03-01,51.46,52.3,50.8,51.06,639390,871,51.374
NO0003096208,75733590,LSG,NOK,2023-03-02,50.8,52.0,50.6,51.14,962842,1150,51.228
NO0003096208,75733590,LSG,NOK,2023-03-03,51.14,51.4,50.5,51.1,546613,898,51.04
NO0003096208,75733590,LSG,NOK,2023-03-06,51.0,51.9,50.74,51.4,811917,1011,51.39
NO0003096208,75733590,LSG,NOK,2023-03-07,51.4,51.5,50.3,50.3,583160,962,50.752
NO0003096208,75733590,LSG,NOK,2023-03-08,50.0,50.2,49.5,49.64,410393,748,49.764
NO0003096208,75733590,LSG,NOK,2023-03-09,49.74,49.74,49.0,49.3,527843,851,49.306
NO0003096208,75733590,LSG,NOK,2023-03-10,48.8,50.46,48.42,49.82,545665,991,49.582
NO0003096208,75733590,LSG,NOK,2023-03-13,49.9,50.16,47.86,48.52,529865,1022,48.656
NO0003096208,75733590,LSG,NOK,2023-03-14,47.76,49.72,47.6,49.5,445829,826,49.232
NO0003096208,75733590,LSG,NOK,2023-03-15,49.72,50.36,48.68,48.76,718071,1103,49.15
NO0003096208,75733590,LSG,NOK,2023-03-16,48.6,50.16,48.58,49.98,478857,868,49.558
NO0003096208,75733590,LSG,NOK,2023-03-17,49.64,50.86,48.62,48.86,946209,1111,49.236
NO0003096208,75733590,LSG,NOK,2023-03-20,48.34,49.2,47.24,49.04,516019,758,48.43
NO0003096208,75733590,LSG,NOK,2023-03-21,49.1,50.26,49.02,49.72,370633,601,49.776
NO0003096208,75733590,LSG,NOK,2023-03-22,49.92,51.76,49.46,51.1,679001,1061,50.832
NO0003096208,75733590,LSG,NOK,2023-03-23,50.86,52.4,50.8,52.36,982436,1273,51.904
NO0003096208,75733590,LSG,NOK,2023-03-24,52.14,52.26,49.44,49.58,661515,969,50.204
NO0003096208,75733590,LSG,NOK,2023-03-27,50.7,51.3,49.58,49.76,687025,993,50.294
NO0003096208,75733590,LSG,NOK,2023-03-28,48.5,50.86,47.08,50.3,1129931,1554,49.508
NO0003096208,75733590,LSG,NOK,2023-03-29,50.36,50.8,49.42,50.0,470359,756,50.046
NO0003096208,75733590,LSG,NOK,2023-03-30,50.0,52.5,49.92,52.2,850851,1168,51.798
NO0003096208,75733590,LSG,NOK,2023-03-31,52.6,54.5,52.6,54.3,1084115,1093,53.876
NO0003096208,75733590,LSG,NOK,2023-04-03,54.5,54.5,52.7,52.76,362850,672,53.274
NO0003096208,75733590,LSG,NOK,2023-04-04,53.36,53.36,52.2,52.7,322234,479,52.742
NO0003096208,75733590,LSG,NOK,2023-04-05,53.06,53.06,51.2,51.6,283099,501,51.848
NO0003096208,75733590,LSG,NOK,2023-04-11,52.5,52.8,51.74,52.1,350652,647,52.224
NO0003096208,75733590,LSG,NOK,2023-04-12,52.7,52.96,51.8,52.6,470910,814,52.564
NO0003096208,75733590,LSG,NOK,2023-04-13,54.0,54.6,53.34,53.86,383022,637,53.964
NO0003096208,75733590,LSG,NOK,2023-04-14,53.9,55.15,53.55,54.8,486452,842,54.648
NO0003096208,75733590,LSG,NOK,2023-04-17,55.25,56.5,55.0,56.15,547307,918,55.958
NO0003096208,75733590,LSG,NOK,2023-04-18,56.8,57.4,55.85,56.4,425035,763,56.66
NO0003096208,75733590,LSG,NOK,2023-04-19,56.05,56.15,55.15,55.6,560058,818,55.638
NO0003096208,75733590,LSG,NOK,2023-04-20,55.9,56.0,54.9,54.9,493983,725,55.157
NO0003096208,75733590,LSG,NOK,2023-04-21,55.0,56.35,54.65,56.35,651325,747,55.995
NO0003096208,75733590,LSG,NOK,2023-04-24,56.6,56.65,55.05,55.2,380001,688,55.529
NO0003096208,75733590,LSG,NOK,2023-04-25,55.25,55.3,54.55,54.8,682188,832,54.863
NO0003096208,75733590,LSG,NOK,2023-04-26,54.8,55.95,54.8,55.65,453365,780,55.557
NO0003096208,75733590,LSG,NOK,2023-04-27,56.0,56.65,55.7,56.45,642742,1065,56.293
NO0003096208,75733590,LSG,NOK,2023-04-28,56.5,56.5,55.8,56.05,523527,630,56.087
NO0003096208,75733590,LSG,NOK,2023-05-02,56.0,56.8,55.7,55.75,465276,741,56.021
NO0003096208,75733590,LSG,NOK,2023-05-03,55.85,56.0,53.85,54.5,502864,750,54.67
NO0003096208,75733590,LSG,NOK,2023-05-04,54.3,54.3,53.4,53.85,540395,651,53.861
NO0003096208,75733590,LSG,NOK,2023-05-05,53.85,54.05,51.6,52.4,520856,1024,52.382
NO0003096208,75733590,LSG,NOK,2023-05-08,52.75,54.25,52.65,54.2,499997,847,53.853
NO0003096208,75733590,LSG,NOK,2023-05-09,54.45,54.45,52.6,53.25,679806,845,53.107
NO0003096208,75733590,LSG,NOK,2023-05-10,53.95,53.95,52.3,52.9,615493,851,52.853
NO0003096208,75733590,LSG,NOK,2023-05-11,53.1,55.35,53.1,54.0,748638,1255,54.571
NO0003096208,75733590,LSG,NOK,2023-05-12,54.7,54.7,53.3,54.0,545381,1076,53.909
NO0003096208,75733590,LSG,NOK,2023-05-15,54.0,55.0,53.15,54.8,953746,1636,54.418
NO0003096208,75733590,LSG,NOK,2023-05-16,52.0,52.25,50.2,51.86,3608462,6016,51.342
NO0003096208,75733590,LSG,NOK,2023-05-19,51.65,53.35,50.8,51.8,1173832,2560,51.683
NO0003096208,75733590,LSG,NOK,2023-05-22,50.65,51.1,50.3,50.8,1218653,2402,50.674
NO0003096208,75733590,LSG,NOK,2023-05-23,49.54,50.9,48.06,48.06,1457295,2635,50.367
NO0003096208,75733590,LSG,NOK,2023-05-24,48.52,48.52,47.14,47.42,1182832,2696,47.504
NO0003096208,75733590,LSG,NOK,2023-05-25,47.36,53.35,46.94,51.7,3549050,5241,51.403
NO0003096208,75733590,LSG,NOK,2023-05-26,52.5,52.7,48.74,49.16,1715306,2888,50.099
NO0003096208,75733590,LSG,NOK,2023-05-30,50.2,51.3,49.98,50.06,875035,1735,50.607
NO0003096208,75733590,LSG,NOK,2023-05-31,50.0,50.65,49.4,49.64,2317016,2587,49.909
NO0003096208,75733590,LSG,NOK,2023-06-01,50.05,50.28,49.14,49.38,750314,1633,49.66
NO0003096208,75733590,LSG,NOK,2023-06-02,49.66,49.78,48.82,48.94,960392,2273,49.068
NO0003096208,75733590,LSG,NOK,2023-06-05,49.16,49.56,48.4,48.4,681100,1639,48.821
NO0003096208,75733590,LSG,NOK,2023-06-06,48.4,48.72,47.44,47.5,619782,1389,47.881
NO0003096208,75733590,LSG,NOK,2023-06-07,47.74,47.94,47.0,47.1,682464,1485,47.34
NO0003096208,75733590,LSG,NOK,2023-06-08,47.0,47.1,46.4,46.42,846916,1895,46.643
NO0003096208,75733590,LSG,NOK,2023-06-09,46.66,46.72,45.6,45.74,987812,2264,45.92
NO0003096208,75733590,LSG,NOK,2023-06-12,45.78,45.78,44.66,45.0,1682480,3452,45.022
NO0003096208,75733590,LSG,NOK,2023-06-13,45.44,45.5,44.72,45.12,786110,2054,45.053
NO0003096208,75733590,LSG,NOK,2023-06-14,44.94,45.9,44.7,45.62,688547,1703,45.449
NO0003096208,75733590,LSG,NOK,2023-06-15,45.76,45.78,44.02,44.06,984993,2090,44.505
NO0003096208,75733590,LSG,NOK,2023-06-16,44.22,44.4,43.78,44.02,1511765,2281,44.048
NO0003096208,75733590,LSG,NOK,2023-06-19,43.98,44.04,43.02,43.6,677766,1614,43.428
NO0003096208,75733590,LSG,NOK,2023-06-20,43.5,43.5,42.98,43.0,615576,1550,43.099
NO0003096208,75733590,LSG,NOK,2023-06-21,42.94,42.98,41.94,42.08,923049,1971,42.266
NO0003096208,75733590,LSG,NOK,2023-06-22,42.1,43.1,42.1,42.82,1454770,4347,42.742
NO0003096208,75733590,LSG,NOK,2023-06-23,42.74,42.74,41.66,41.76,691725,1419,41.951
NO0003096208,75733590,LSG,NOK,2023-06-26,41.94,42.12,41.0,41.16,1291807,3106,41.309
NO0003096208,75733590,LSG,NOK,2023-06-27,41.22,41.56,40.64,40.94,557604,1454,40.911
NO0003096208,75733590,LSG,NOK,2023-06-28,41.7,41.7,40.74,41.5,854349,2117,41.274
NO0003096208,75733590,LSG,NOK,2023-06-29,41.9,41.9,41.04,41.2,850914,1615,41.423
NO0003096208,75733590,LSG,NOK,2023-06-30,41.5,41.5,40.62,40.72,1360921,2107,40.869
NO0003096208,75733590,LSG,NOK,2023-07-03,40.92,41.48,40.72,41.36,979940,1987,41.135
NO0003096208,75733590,LSG,NOK,2023-07-04,41.6,42.0,41.52,41.58,575178,1375,41.671
NO0003096208,75733590,LSG,NOK,2023-07-05,41.24,41.54,40.72,41.36,733795,1707,41.205
NO0003096208,75733590,LSG,NOK,2023-07-06,41.0,41.02,40.24,40.3,902432,1968,40.502
NO0003096208,75733590,LSG,NOK,2023-07-07,40.54,40.54,39.66,40.12,863347,2030,40.006
NO0003096208,75733590,LSG,NOK,2023-07-10,40.1,40.8,39.78,40.5,759486,2016,40.374
NO0003096208,75733590,LSG,NOK,2023-07-11,40.62,41.2,40.08,41.08,902124,2392,40.894
NO0003096208,75733590,LSG,NOK,2023-07-12,41.2,42.06,40.82,41.74,868737,2131,41.659
NO0003096208,75733590,LSG,NOK,2023-07-13,41.98,42.16,41.44,41.84,798751,1898,41.818
NO0003096208,75733590,LSG,NOK,2023-07-14,42.18,42.22,41.56,41.7,831002,2033,41.907
NO0003096208,75733590,LSG,NOK,2023-07-17,41.2,41.24,40.68,40.74,472638,1250,40.865
NO0003096208,75733590,LSG,NOK,2023-07-18,40.6,41.72,40.0,40.98,606996,1375,40.838
NO0003096208,75733590,LSG,NOK,2023-07-19,41.5,42.5,41.18,41.7,605984,1385,41.614
NO0003096208,75733590,LSG,NOK,2023-07-20,42.26,42.7,41.74,42.38,892112,2360,42.31
NO0003096208,75733590,LSG,NOK,2023-07-21,42.3,42.6,42.2,42.58,800183,1188,42.495
NO0003096208,75733590,LSG,NOK,2023-07-24,42.64,42.86,42.04,42.22,489993,1450,42.275
NO0003096208,75733590,LSG,NOK,2023-07-25,42.22,42.48,41.84,42.04,505827,1293,42.061
NO0003096208,75733590,LSG,NOK,2023-07-26,41.86,41.94,41.18,41.4,539571,1826,41.574
NO0003096208,75733590,LSG,NOK,2023-07-27,41.7,42.26,41.44,42.24,456571,1218,41.99
NO0003096208,75733590,LSG,NOK,2023-07-28,42.36,42.44,41.28,41.6,517314,1187,41.706
NO0003096208,75733590,LSG,NOK,2023-07-31,41.8,42.5,41.58,42.22,601116,1423,42.24
NO0003096208,75733590,LSG,NOK,2023-08-01,42.22,42.6,41.7,42.58,742395,1537,42.207
NO0003096208,75733590,LSG,NOK,2023-08-02,42.26,43.0,42.0,42.02,804221,1788,42.338
NO0003096208,75733590,LSG,NOK,2023-08-03,42.2,42.82,42.0,42.3,703474,1554,42.419
NO0003096208,75733590,LSG,NOK,2023-08-04,42.34,42.56,41.72,42.5,1045833,2030,42.192
NO0003096208,75733590,LSG,NOK,2023-08-07,42.5,42.76,41.86,42.1,631596,1264,42.211
NO0003096208,75733590,LSG,NOK,2023-08-08,42.06,42.24,41.3,41.44,866125,1782,41.56
NO0003096208,75733590,LSG,NOK,2023-08-09,41.76,42.1,41.38,42.0,885248,1878,41.924
NO0003096208,75733590,LSG,NOK,2023-08-10,42.0,42.18,41.14,42.12,1127795,1991,41.812
NO0003096208,75733590,LSG,NOK,2023-08-11,42.12,43.8,41.9,43.34,1627282,3282,43.205
NO0003096208,75733590,LSG,NOK,2023-08-14,43.44,43.66,42.4,42.4,1702181,2546,43.073
NO0003096208,75733590,LSG,NOK,2023-08-15,42.88,43.78,42.8,43.0,2722238,3114,43.409
NO0003096208,75733590,LSG,NOK,2023-08-16,43.78,44.5,43.06,44.5,3531538,4844,43.833
NO0003096208,75733590,LSG,NOK,2023-08-17,44.7,44.7,43.54,43.62,2492781,4246,43.958
NO0003096208,75733590,LSG,NOK,2023-08-18,43.5,43.6,42.32,42.54,2101495,3886,42.853
NO0003096208,75733590,LSG,NOK,2023-08-21,42.72,43.2,41.84,41.84,3284203,4618,42.356
NO0003096208,75733590,LSG,NOK,2023-08-22,42.0,42.12,41.24,41.24,1859967,2934,41.593
NO0003096208,75733590,LSG,NOK,2023-08-23,42.06,44.58,40.84,43.84,8890022,9972,43.599
NO0003096208,75733590,LSG,NOK,2023-08-24,44.78,45.5,43.02,45.04,4253133,5830,44.801
NO0003096208,75733590,LSG,NOK,2023-08-25,45.36,45.36,43.8,43.84,1785702,3195,44.567
NO0003096208,75733590,LSG,NOK,2023-08-28,43.8,44.58,43.34,44.24,1412392,2195,44.129
NO0003096208,75733590,LSG,NOK,2023-08-29,44.24,44.62,43.5,43.6,1463642,2470,43.952
NO0003096208,75733590,LSG,NOK,2023-08-30,43.96,44.24,43.62,43.82,1460983,2310,43.871
NO0003096208,75733590,LSG,NOK,2023-08-31,43.9,44.24,43.76,44.02,1313872,1892,44.036
NO0003096208,75733590,LSG,NOK,2023-09-01,43.86,44.28,43.6,43.84,916409,1616,43.932
NO0003096208,75733590,LSG,NOK,2023-09-04,44.0,45.04,43.74,44.52,1353172,1925,44.646
NO0003096208,75733590,LSG,NOK,2023-09-05,44.58,45.2,44.5,45.1,1397512,2172,44.934
NO0003096208,75733590,LSG,NOK,2023-09-06,45.1,45.66,44.14,44.5,1303894,2381,44.819
NO0003096208,75733590,LSG,NOK,2023-09-07,44.24,44.3,43.6,43.6,955274,1837,43.937
NO0003096208,75733590,LSG,NOK,2023-09-08,43.62,44.24,43.52,44.2,1060220,2336,43.923
NO0003096208,75733590,LSG,NOK,2023-09-11,44.3,44.96,44.24,44.9,1012296,1846,44.769
NO0003096208,75733590,LSG,NOK,2023-09-12,45.0,46.1,44.72,45.4,1539027,2736,45.518
NO0003096208,75733590,LSG,NOK,2023-09-13,45.44,45.84,45.28,45.76,1005529,2016,45.614
NO0003096208,75733590,LSG,NOK,2023-09-14,45.84,47.36,45.72,46.76,1619984,2669,46.602
NO0003096208,75733590,LSG,NOK,2023-09-15,46.82,47.04,45.48,45.82,4561608,3301,45.924
NO0003096208,75733590,LSG,NOK,2023-09-18,45.66,46.62,45.5,46.56,1342155,2817,46.159
NO0003096208,75733590,LSG,NOK,2023-09-19,46.58,47.2,46.18,46.34,1309872,2388,46.647
NO0003096208,75733590,LSG,NOK,2023-09-20,46.46,46.94,46.3,46.62,930602,1822,46.569
NO0003096208,75733590,LSG,NOK,2023-09-21,46.7,46.72,45.28,45.34,1393215,2454,45.827
NO0003096208,75733590,LSG,NOK,2023-09-22,45.3,45.84,44.82,45.42,1271050,2052,45.325
NO0003096208,75733590,LSG,NOK,2023-09-25,45.42,45.48,43.9,44.02,1111961,2306,44.437
NO0003096208,75733590,LSG,NOK,2023-09-26,44.14,44.59,43.44,44.34,971254,2090,44.109
NO0003096208,75733590,LSG,NOK,2023-09-27,44.4,45.6,43.94,45.44,1092061,2407,44.985
NO0003096208,75733590,LSG,NOK,2023-09-28,45.2,45.2,44.38,44.5,1059341,2053,44.759
NO0003096208,75733590,LSG,NOK,2023-09-29,44.5,45.08,44.32,44.88,1219814,2121,44.828
NO0003096208,75733590,LSG,NOK,2023-10-02,45.0,45.66,44.94,45.24,782955,1363,45.367
NO0003096208,75733590,LSG,NOK,2023-10-03,45.02,45.42,43.96,44.06,1032471,2221,44.521
NO0003096208,75733590,LSG,NOK,2023-10-04,44.06,44.8,43.82,44.0,665575,1445,44.279
NO0003096208,75733590,LSG,NOK,2023-10-05,44.22,44.9,44.14,44.7,656792,1504,44.61
NO0003096208,75733590,LSG,NOK,2023-10-06,44.5,44.74,44.06,44.2,623152,1252,44.387
NO0003096208,75733590,LSG,NOK,2023-10-09,44.0,44.18,43.1,43.94,684840,1396,43.838
NO0003096208,75733590,LSG,NOK,2023-10-10,44.1,45.08,44.02,45.0,663936,1446,44.557
NO0003096208,75733590,LSG,NOK,2023-10-11,44.66,45.5,44.32,45.0,1076074,2099,45.024
NO0003096208,75733590,LSG,NOK,2023-10-12,44.82,45.9,44.68,45.56,901581,1454,45.425
NO0003096208,75733590,LSG,NOK,2023-10-13,45.3,45.58,44.72,45.06,765330,1257,45.046
NO0003096208,75733590,LSG,NOK,2023-10-16,45.0,45.08,44.34,44.64,689678,1378,44.615
NO0003096208,75733590,LSG,NOK,2023-10-17,44.7,45.18,44.4,45.04,715231,1485,44.867
NO0003096208,75733590,LSG,NOK,2023-10-18,44.8,44.82,43.88,44.0,1003260,1857,44.216
NO0003096208,75733590,LSG,NOK,2023-10-19,43.8,44.1,43.5,43.82,583123,1216,43.814
NO0003096208,75733590,LSG,NOK,2023-10-20,43.8,44.08,43.12,43.12,596154,1389,43.46
NO0003096208,75733590,LSG,NOK,2023-10-23,43.2,43.26,42.08,42.3,895095,1669,42.503
NO0003096208,75733590,LSG,NOK,2023-10-24,42.5,43.38,42.02,43.28,620812,1183,42.762
NO0003096208,75733590,LSG,NOK,2023-10-25,43.36,43.4,42.44,42.58,648783,1460,42.742
NO0003096208,75733590,LSG,NOK,2023-10-26,42.52,43.3,42.34,43.22,535916,1238,42.966
NO0003096208,75733590,LSG,NOK,2023-10-27,43.3,44.48,43.2,43.78,663847,1524,43.929
NO0003096208,75733590,LSG,NOK,2023-10-30,43.5,43.92,43.08,43.42,612615,1448,43.445
NO0003096208,75733590,LSG,NOK,2023-10-31,43.54,44.4,43.54,44.2,470688,1087,44.111
NO0003096208,75733590,LSG,NOK,2023-11-01,43.6,44.34,43.3,44.22,1261649,2532,43.886
NO0003096208,75733590,LSG,NOK,2023-11-02,44.14,44.88,43.8,44.42,1035396,2342,44.192
NO0003096208,75733590,LSG,NOK,2023-11-03,44.62,44.74,43.92,44.42,890468,1935,44.236
NO0003096208,75733590,LSG,NOK,2023-11-06,44.2,44.36,43.56,43.68,762470,2110,43.902
NO0003096208,75733590,LSG,NOK,2023-11-07,43.3,43.3,41.8,42.0,1449106,2706,42.276
NO0003096208,75733590,LSG,NOK,2023-11-08,42.32,43.8,42.26,43.44,2357674,3367,43.307
NO0003096208,75733590,LSG,NOK,2023-11-09,44.0,45.1,43.94,44.8,1929151,3076,44.801
NO0003096208,75733590,LSG,NOK,2023-11-10,44.84,44.84,43.8,43.8,687470,1525,44.115
NO0003096208,75733590,LSG,NOK,2023-11-13,42.62,43.74,42.62,43.52,603423,1342,43.439
NO0003096208,75733590,LSG,NOK,2023-11-14,42.94,44.06,42.54,44.0,1294178,2061,43.414
NO0003096208,75733590,LSG,NOK,2023-11-15,41.7,43.0,41.2,41.62,4136394,6370,41.91
NO0003096208,75733590,LSG,NOK,2023-11-16,41.0,41.44,39.9,40.2,2980966,4752,40.45
NO0003096208,75733590,LSG,NOK,2023-11-17,40.34,41.12,39.86,40.5,1136493,1900,40.592
NO0003096208,75733590,LSG,NOK,2023-11-20,40.8,41.34,40.26,40.76,680423,1464,40.898
NO0003096208,75733590,LSG,NOK,2023-11-21,40.6,40.86,40.34,40.42,680342,1468,40.555
NO0003096208,75733590,LSG,NOK,2023-11-22,40.5,41.04,40.5,40.74,670202,1386,40.818
NO0003096208,75733590,LSG,NOK,2023-11-23,40.9,41.86,40.9,41.78,1120301,2103,41.601
NO0003096208,75733590,LSG,NOK,2023-11-24,41.78,42.7,41.5,42.56,957581,1500,42.34
NO0003096208,75733590,LSG,NOK,2023-11-27,42.76,43.29,42.74,42.78,1204341,2360,42.967
NO0003096208,75733590,LSG,NOK,2023-11-28,42.56,42.6,41.7,42.2,893566,1690,42.125
NO0003096208,75733590,LSG,NOK,2023-11-29,42.1,42.94,41.94,42.56,769524,1464,42.598
NO0003096208,75733590,LSG,NOK,2023-11-30,42.6,42.8,42.12,42.26,703290,1245,42.351
NO0003096208,75733590,LSG,NOK,2023-12-01,42.24,42.24,41.74,41.98,566019,1365,41.91
NO0003096208,75733590,LSG,NOK,2023-12-04,41.9,42.14,41.0,41.18,617824,1163,41.395
NO0003096208,75733590,LSG,NOK,2023-12-05,41.02,41.98,41.02,41.78,793322,1617,41.67
NO0003096208,75733590,LSG,NOK,2023-12-06,41.68,42.08,41.2,41.3,636244,1546,41.473
NO0003096208,75733590,LSG,NOK,2023-12-07,41.1,41.34,40.84,40.96,580645,1164,40.976
NO0003096208,75733590,LSG,NOK,2023-12-08,41.0,41.44,40.88,41.36,676707,1173,41.114
NO0003096208,75733590,LSG,NOK,2023-12-11,41.38,41.56,40.92,41.44,593508,1225,41.277
NO0003096208,75733590,LSG,NOK,2023-12-12,41.84,41.84,40.82,40.9,694321,1544,41.247
NO0003096208,75733590,LSG,NOK,2023-12-13,41.0,41.0,40.36,40.78,710793,1285,40.705
NO0003096208,75733590,LSG,NOK,2023-12-14,41.46,41.9,40.98,41.9,1284629,2344,41.553
NO0003096208,75733590,LSG,NOK,2023-12-15,41.94,41.94,41.1,41.24,2764671,2638,41.264
NO0003096208,75733590,LSG,NOK,2023-12-18,41.18,41.64,41.1,41.3,1425873,2151,41.354
NO0003096208,75733590,LSG,NOK,2023-12-19,41.5,42.84,41.4,41.7,1882095,2892,42.158
NO0003096208,75733590,LSG,NOK,2023-12-20,41.66,41.66,40.26,40.72,1553891,2794,40.786
NO0003096208,75733590,LSG,NOK,2023-12-21,40.62,40.64,40.2,40.5,986807,2116,40.414
NO0003096208,75733590,LSG,NOK,2023-12-22,40.24,40.52,39.96,40.48,993749,1758,40.22
NO0003096208,75733590,LSG,NOK,2023-12-27,40.5,41.56,40.48,41.42,709633,1280,41.227
NO0003096208,75733590,LSG,NOK,2023-12-28,41.42,41.6,40.94,41.46,444298,966,41.291
NO0003096208,75733590,LSG,NOK,2023-12-29,41.3,41.84,41.3,41.84,717316,1445,41.599
