ISIN,conId,Symbol,Currency,date,open,high,low,close,volume,barCount,average
PTALT0AE0002,36283979,ALTR,EUR,2019-01-02,3.6472,3.7598,3.6159,3.7222,858217,734,3.68531623
PTALT0AE0002,36283979,ALTR,EUR,2019-01-03,3.6972,3.7222,3.6346,3.6597,676463,552,3.6746813
PTALT0AE0002,36283979,ALTR,EUR,2019-01-04,3.6909,3.8911,3.6534,3.8911,942205,855,3.80824351
PTALT0AE0002,36283979,ALTR,EUR,2019-01-07,3.9474,3.9787,3.8348,3.9162,971736,790,3.91678236
PTALT0AE0002,36283979,ALTR,EUR,2019-01-08,3.9537,4.0037,3.8911,3.9725,829530,708,3.95994767
PTALT0AE0002,36283979,ALTR,EUR,2019-01-09,3.9975,4.0288,3.8536,3.8786,1054750,824,3.92866846
PTALT0AE0002,36283979,ALTR,EUR,2019-01-10,3.8786,3.8974,3.7973,3.8974,652254,640,3.84139947
PTALT0AE0002,36283979,ALTR,EUR,2019-01-11,3.9162,3.9725,3.9036,3.9287,529626,469,3.93054521
PTALT0AE0002,36283979,ALTR,EUR,2019-01-14,3.9099,3.9474,3.8724,3.9349,335174,341,3.92022308
PTALT0AE0002,36283979,ALTR,EUR,2019-01-15,3.9474,4.0475,3.9412,4.035,866287,566,4.00530252
PTALT0AE0002,36283979,ALTR,EUR,2019-01-16,4.06,4.1539,4.0288,4.1351,557004,545,4.09882735
PTALT0AE0002,36283979,ALTR,EUR,2019-01-17,4.1539,4.2289,4.1226,4.2102,581346,526,4.19704406
PTALT0AE0002,36283979,ALTR,EUR,2019-01-18,4.2227,4.3541,4.1977,4.3353,734679,532,4.31934576
PTALT0AE0002,36283979,ALTR,EUR,2019-01-21,4.3603,4.4354,4.3416,4.3416,433620,431,4.37752509
PTALT0AE0002,36283979,ALTR,EUR,2019-01-22,4.3478,4.4041,4.2727,4.3228,419639,427,4.32998069
PTALT0AE0002,36283979,ALTR,EUR,2019-01-23,4.2915,4.4416,4.2727,4.4229,754448,611,4.38784723
PTALT0AE0002,36283979,ALTR,EUR,2019-01-24,4.4104,4.523,4.3791,4.3853,973488,808,4.45165681
PTALT0AE0002,36283979,ALTR,EUR,2019-01-25,4.4542,4.5167,4.4229,4.4667,540122,503,4.46854758
PTALT0AE0002,36283979,ALTR,EUR,2019-01-28,4.4229,4.4854,4.3728,4.3791,331785,346,4.41318339
PTALT0AE0002,36283979,ALTR,EUR,2019-01-29,4.3791,4.4542,4.3728,4.4229,290904,347,4.43007416
PTALT0AE0002,36283979,ALTR,EUR,2019-01-30,4.4604,4.498,4.4416,4.4792,364230,381,4.47355226
PTALT0AE0002,36283979,ALTR,EUR,2019-01-31,4.4917,4.5605,4.4354,4.523,708742,565,4.5032675
PTALT0AE0002,36283979,ALTR,EUR,2019-02-01,4.5355,4.5855,4.4542,4.4667,582196,465,4.5114001
PTALT0AE0002,36283979,ALTR,EUR,2019-02-04,4.4854,4.5042,4.4416,4.4854,261162,355,4.47668018
PTALT0AE0002,36283979,ALTR,EUR,2019-02-05,4.5042,4.5355,4.4792,4.523,251671,348,4.51734315
PTALT0AE0002,36283979,ALTR,EUR,2019-02-06,4.5292,4.598,4.5105,4.5855,560351,472,4.56332358
PTALT0AE0002,36283979,ALTR,EUR,2019-02-07,4.5668,4.598,4.5167,4.5292,459963,523,4.54768398
PTALT0AE0002,36283979,ALTR,EUR,2019-02-08,4.548,4.5793,4.4792,4.5417,432749,461,4.52922925
PTALT0AE0002,36283979,ALTR,EUR,2019-02-11,4.548,4.6106,4.548,4.5668,677846,558,4.57771202
PTALT0AE0002,36283979,ALTR,EUR,2019-02-12,4.5918,4.6731,4.5918,4.6669,290346,336,4.64652627
PTALT0AE0002,36283979,ALTR,EUR,2019-02-13,4.6856,4.7732,4.598,4.7419,722727,680,4.69970093
PTALT0AE0002,36283979,ALTR,EUR,2019-02-14,4.7795,4.792,4.5668,4.5668,598031,577,4.657474
PTALT0AE0002,36283979,ALTR,EUR,2019-02-15,4.5793,4.6043,4.5105,4.5855,402713,424,4.56082125
PTALT0AE0002,36283979,ALTR,EUR,2019-02-18,4.5793,4.6481,4.5543,4.5543,238863,276,4.57927598
PTALT0AE0002,36283979,ALTR,EUR,2019-02-19,4.5543,4.5543,4.4542,4.5105,518008,412,4.50545705
PTALT0AE0002,36283979,ALTR,EUR,2019-02-20,4.523,4.573,4.523,4.5668,202060,295,4.55519099
PTALT0AE0002,36283979,ALTR,EUR,2019-02-21,4.5855,4.5855,4.4917,4.5042,292718,364,4.53016762
PTALT0AE0002,36283979,ALTR,EUR,2019-02-22,4.5042,4.5543,4.4667,4.4667,437239,474,4.49701166
PTALT0AE0002,36283979,ALTR,EUR,2019-02-25,4.4917,4.4917,4.4291,4.4667,266832,323,4.45791265
PTALT0AE0002,36283979,ALTR,EUR,2019-02-26,4.4479,4.5355,4.4229,4.5167,564816,543,4.46917317
PTALT0AE0002,36283979,ALTR,EUR,2019-02-27,4.4917,4.523,4.4792,4.5105,280625,331,4.50608263
PTALT0AE0002,36283979,ALTR,EUR,2019-02-28,4.4792,4.5105,4.4542,4.4917,415152,404,4.48231043
PTALT0AE0002,36283979,ALTR,EUR,2019-03-01,4.5167,4.5793,4.4729,4.5668,670498,679,4.53798742
PTALT0AE0002,36283979,ALTR,EUR,2019-03-04,4.573,4.8107,4.573,4.7419,858380,694,4.72222196
PTALT0AE0002,36283979,ALTR,EUR,2019-03-05,4.7544,4.8295,4.6981,4.7232,553266,536,4.73661039
PTALT0AE0002,36283979,ALTR,EUR,2019-03-06,4.7294,4.7544,4.7169,4.7294,261366,394,4.73504643
PTALT0AE0002,36283979,ALTR,EUR,2019-03-07,4.7294,4.7294,4.6043,4.6231,557771,522,4.66154029
PTALT0AE0002,36283979,ALTR,EUR,2019-03-08,4.6231,4.6231,4.4416,4.523,668963,631,4.52234782
PTALT0AE0002,36283979,ALTR,EUR,2019-03-11,4.573,4.573,4.5105,4.5668,267257,295,4.54174093
PTALT0AE0002,36283979,ALTR,EUR,2019-03-12,4.5668,4.6168,4.4229,4.4542,613656,580,4.48981744
PTALT0AE0002,36283979,ALTR,EUR,2019-03-13,4.4542,4.5042,4.4542,4.4792,346501,362,4.47793135
PTALT0AE0002,36283979,ALTR,EUR,2019-03-14,4.6543,4.9546,4.598,4.8483,2557871,2083,4.78947225
PTALT0AE0002,36283979,ALTR,EUR,2019-03-15,4.8545,4.8545,4.6856,4.6981,1521138,1109,4.73442085
PTALT0AE0002,36283979,ALTR,EUR,2019-03-18,4.7419,4.7419,4.573,4.5918,850953,905,4.61086798
PTALT0AE0002,36283979,ALTR,EUR,2019-03-19,4.5918,4.6231,4.5167,4.5918,919169,840,4.56520033
PTALT0AE0002,36283979,ALTR,EUR,2019-03-20,4.5918,4.6794,4.5417,4.5417,907647,807,4.58803416
PTALT0AE0002,36283979,ALTR,EUR,2019-03-21,4.5668,4.573,4.4917,4.523,714696,625,4.51796873
PTALT0AE0002,36283979,ALTR,EUR,2019-03-22,4.548,4.548,4.3541,4.3728,1073924,911,4.42694624
PTALT0AE0002,36283979,ALTR,EUR,2019-03-25,4.3791,4.4041,4.2978,4.3666,605673,617,4.35656802
PTALT0AE0002,36283979,ALTR,EUR,2019-03-26,4.3916,4.4041,4.2164,4.2289,1315763,1029,4.26804786
PTALT0AE0002,36283979,ALTR,EUR,2019-03-27,4.2289,4.3416,4.2289,4.279,714078,662,4.28775376
PTALT0AE0002,36283979,ALTR,EUR,2019-03-28,4.3165,4.3791,4.2978,4.3228,524736,544,4.32904232
PTALT0AE0002,36283979,ALTR,EUR,2019-03-29,4.3353,4.3791,4.3353,4.3666,360885,463,4.35656802
PTALT0AE0002,36283979,ALTR,EUR,2019-04-01,4.3947,4.4291,4.3541,4.4072,363895,418,4.39660541
PTALT0AE0002,36283979,ALTR,EUR,2019-04-02,4.4104,4.4385,4.3791,4.4135,395754,403,4.40505079
PTALT0AE0002,36283979,ALTR,EUR,2019-04-03,4.4323,4.5605,4.4323,4.5605,761795,664,4.50670822
PTALT0AE0002,36283979,ALTR,EUR,2019-04-04,4.5543,4.5543,4.4729,4.4886,556518,642,4.49263257
PTALT0AE0002,36283979,ALTR,EUR,2019-04-05,4.5042,4.5761,4.4416,4.5324,859117,745,4.53298275
PTALT0AE0002,36283979,ALTR,EUR,2019-04-08,4.5668,4.5668,4.498,4.5511,372152,431,4.53173158
PTALT0AE0002,36283979,ALTR,EUR,2019-04-09,4.5261,4.5543,4.4448,4.4604,559560,551,4.48981744
PTALT0AE0002,36283979,ALTR,EUR,2019-04-10,4.4604,4.4886,4.4416,4.4792,380665,433,4.46760921
PTALT0AE0002,36283979,ALTR,EUR,2019-04-11,4.4917,4.5073,4.4667,4.5011,262943,365,4.49013024
PTALT0AE0002,36283979,ALTR,EUR,2019-04-12,4.5167,4.5605,4.4698,4.548,424201,450,4.53673626
PTALT0AE0002,36283979,ALTR,EUR,2019-04-15,4.5605,4.6231,4.5543,4.6074,556439,530,4.59303883
PTALT0AE0002,36283979,ALTR,EUR,2019-04-16,4.6074,4.6575,4.548,4.6043,648870,641,4.59960746
PTALT0AE0002,36283979,ALTR,EUR,2019-04-17,4.6137,4.6418,4.5574,4.5605,415451,512,4.57896319
PTALT0AE0002,36283979,ALTR,EUR,2019-04-18,4.5511,4.5918,4.5167,4.5574,513360,557,4.54924794
PTALT0AE0002,36283979,ALTR,EUR,2019-04-23,4.5699,4.5699,4.5198,4.5699,582610,642,4.55175028
PTALT0AE0002,36283979,ALTR,EUR,2019-04-24,4.5699,4.5699,4.4354,4.4604,997632,941,4.49263257
PTALT0AE0002,36283979,ALTR,EUR,2019-04-25,4.4604,4.4604,4.3165,4.4135,932291,1112,4.38972398
PTALT0AE0002,36283979,ALTR,EUR,2019-04-26,4.4385,4.5105,4.4323,4.498,602177,676,4.48012089
PTALT0AE0002,36283979,ALTR,EUR,2019-04-29,4.5105,4.5292,4.3979,4.4229,692405,945,4.4400835
PTALT0AE0002,36283979,ALTR,EUR,2019-04-30,4.4166,4.4291,4.3353,4.3697,967383,1007,4.38002743
PTALT0AE0002,36283979,ALTR,EUR,2019-05-02,4.401,4.401,4.279,4.3478,842358,762,4.31903297
PTALT0AE0002,36283979,ALTR,EUR,2019-05-03,4.3478,4.4166,4.3478,4.3541,340579,454,4.37846347
PTALT0AE0002,36283979,ALTR,EUR,2019-05-06,4.2602,4.3416,4.2227,4.304,611847,637,4.29651194
PTALT0AE0002,36283979,ALTR,EUR,2019-05-07,4.3228,4.3259,4.1351,4.157,965577,1134,4.2114325
PTALT0AE0002,36283979,ALTR,EUR,2019-05-08,4.1664,4.1789,4.0569,4.0882,810957,989,4.10289365
PTALT0AE0002,36283979,ALTR,EUR,2019-05-09,4.0663,4.0788,3.9662,4.0757,1519801,1487,4.02000375
PTALT0AE0002,36283979,ALTR,EUR,2019-05-10,4.1789,4.2415,4.01,4.0225,1011951,1117,4.057226
PTALT0AE0002,36283979,ALTR,EUR,2019-05-13,4.0288,4.0288,3.9036,3.913,753353,833,3.9389906
PTALT0AE0002,36283979,ALTR,EUR,2019-05-14,3.9725,3.9975,3.913,3.9318,560866,636,3.93961618
PTALT0AE0002,36283979,ALTR,EUR,2019-05-15,3.9599,3.9599,3.8536,3.9287,680001,756,3.88956945
PTALT0AE0002,36283979,ALTR,EUR,2019-05-16,3.9537,3.9693,3.8974,3.9506,484532,570,3.93210917
PTALT0AE0002,36283979,ALTR,EUR,2019-05-17,3.9662,4.0225,3.9068,4.0037,463141,485,3.9668291
PTALT0AE0002,36283979,ALTR,EUR,2019-05-20,4.0037,4.0037,3.8223,3.8567,827599,836,3.8836264
PTALT0AE0002,36283979,ALTR,EUR,2019-05-21,3.8786,3.8974,3.8192,3.8661,953438,874,3.86047979
PTALT0AE0002,36283979,ALTR,EUR,2019-05-22,3.8661,3.9537,3.8661,3.9412,818096,791,3.92647892
PTALT0AE0002,36283979,ALTR,EUR,2019-05-23,3.9255,3.9255,3.8317,3.8348,1004510,954,3.86642284
PTALT0AE0002,36283979,ALTR,EUR,2019-05-24,3.888,3.9099,3.8348,3.8505,549264,537,3.87518102
PTALT0AE0002,36283979,ALTR,EUR,2019-05-27,3.863,3.8974,3.8567,3.8974,493203,499,3.87674498
PTALT0AE0002,36283979,ALTR,EUR,2019-05-28,3.8974,3.9099,3.8411,3.8661,1110167,678,3.87455543
PTALT0AE0002,36283979,ALTR,EUR,2019-05-29,3.8161,3.8254,3.5971,3.6878,2003012,1712,3.68437785
PTALT0AE0002,36283979,ALTR,EUR,2019-05-30,3.7003,3.7097,3.6034,3.6565,1393059,1326,3.65403702
PTALT0AE0002,36283979,ALTR,EUR,2019-05-31,3.7097,3.8098,3.6847,3.7973,1744591,1310,3.73411179
PTALT0AE0002,36283979,ALTR,EUR,2019-06-03,3.8036,3.8067,3.6784,3.7316,1296314,1100,3.72691757
PTALT0AE0002,36283979,ALTR,EUR,2019-06-04,3.7191,3.8254,3.6972,3.8161,1101276,1161,3.77352359
PTALT0AE0002,36283979,ALTR,EUR,2019-06-05,3.8348,3.8411,3.6722,3.7316,1337249,1254,3.7497514
PTALT0AE0002,36283979,ALTR,EUR,2019-06-06,3.7347,3.7723,3.6597,3.6972,833325,998,3.71378031
PTALT0AE0002,36283979,ALTR,EUR,2019-06-07,3.7035,3.7285,3.6659,3.7097,717569,789,3.69845349
PTALT0AE0002,36283979,ALTR,EUR,2019-06-10,3.7316,3.7817,3.7128,3.7817,520211,676,3.75194094
PTALT0AE0002,36283979,ALTR,EUR,2019-06-11,3.791,3.8442,3.7817,3.8161,1111091,1021,3.81919124
PTALT0AE0002,36283979,ALTR,EUR,2019-06-12,3.8036,3.8442,3.7817,3.8411,861275,816,3.81356098
PTALT0AE0002,36283979,ALTR,EUR,2019-06-13,3.8286,4.0819,3.8286,4.0413,1998551,1594,4.01061999
PTALT0AE0002,36283979,ALTR,EUR,2019-06-14,4.0256,4.0381,3.8974,3.9193,1175184,1009,3.95244066
PTALT0AE0002,36283979,ALTR,EUR,2019-06-17,3.9537,3.9912,3.7691,3.7848,1446587,1042,3.83295409
PTALT0AE0002,36283979,ALTR,EUR,2019-06-18,3.7942,3.863,3.7128,3.8567,798098,860,3.79010157
PTALT0AE0002,36283979,ALTR,EUR,2019-06-19,3.8661,3.8974,3.8036,3.8536,941731,711,3.84077389
PTALT0AE0002,36283979,ALTR,EUR,2019-06-20,3.888,3.8943,3.7879,3.8067,1203487,1048,3.81230981
PTALT0AE0002,36283979,ALTR,EUR,2019-06-21,3.8129,3.9381,3.8067,3.8817,2859835,1547,3.88737991
PTALT0AE0002,36283979,ALTR,EUR,2019-06-24,3.5001,3.5533,3.4501,3.472,1562232,1166,3.48857001
PTALT0AE0002,36283979,ALTR,EUR,2019-06-25,3.4876,3.6691,3.4782,3.6565,1675031,1311,3.60399029
PTALT0AE0002,36283979,ALTR,EUR,2019-06-26,3.6659,3.7879,3.6409,3.7723,1034255,889,3.74099322
PTALT0AE0002,36283979,ALTR,EUR,2019-06-27,3.7942,3.8442,3.6972,3.7817,1343688,1055,3.77633872
PTALT0AE0002,36283979,ALTR,EUR,2019-06-28,3.7754,3.8254,3.7379,3.8192,918683,755,3.79197833
PTALT0AE0002,36283979,ALTR,EUR,2019-07-01,3.8786,3.9224,3.838,3.8974,1377248,975,3.88300082
PTALT0AE0002,36283979,ALTR,EUR,2019-07-02,3.9099,3.9318,3.838,3.8786,1146974,809,3.87674498
PTALT0AE0002,36283979,ALTR,EUR,2019-07-03,3.863,3.8974,3.8036,3.8129,995520,833,3.83702038
PTALT0AE0002,36283979,ALTR,EUR,2019-07-04,3.8348,3.8599,3.8223,3.8286,853891,716,3.83858434
PTALT0AE0002,36283979,ALTR,EUR,2019-07-05,3.8505,3.8505,3.7785,3.7973,867224,843,3.80761793
PTALT0AE0002,36283979,ALTR,EUR,2019-07-08,3.7848,3.863,3.7817,3.8192,679639,738,3.81575052
PTALT0AE0002,36283979,ALTR,EUR,2019-07-09,3.8004,3.8004,3.7066,3.7066,888030,791,3.73411179
PTALT0AE0002,36283979,ALTR,EUR,2019-07-10,3.6909,3.7379,3.6784,3.7285,1038869,829,3.70564771
PTALT0AE0002,36283979,ALTR,EUR,2019-07-11,3.7379,3.7629,3.6628,3.6847,766357,798,3.69407441
PTALT0AE0002,36283979,ALTR,EUR,2019-07-12,3.7191,3.7535,3.6878,3.7379,604821,626,3.73160945
PTALT0AE0002,36283979,ALTR,EUR,2019-07-15,3.766,3.8036,3.7285,3.7691,781055,688,3.76789334
PTALT0AE0002,36283979,ALTR,EUR,2019-07-16,3.7723,3.7973,3.7222,3.7785,752653,696,3.77164684
PTALT0AE0002,36283979,ALTR,EUR,2019-07-17,3.7535,3.791,3.7316,3.7566,743845,689,3.75444328
PTALT0AE0002,36283979,ALTR,EUR,2019-07-18,3.7566,3.7566,3.7003,3.7035,431718,457,3.71878498
PTALT0AE0002,36283979,ALTR,EUR,2019-07-19,3.7254,3.7754,3.6784,3.7066,592291,623,3.7140931
PTALT0AE0002,36283979,ALTR,EUR,2019-07-22,3.7035,3.7535,3.6784,3.7379,517124,514,3.72566641
PTALT0AE0002,36283979,ALTR,EUR,2019-07-23,3.741,3.8411,3.741,3.838,1301383,899,3.80636676
PTALT0AE0002,36283979,ALTR,EUR,2019-07-24,3.8286,3.8755,3.7785,3.863,826294,767,3.8401483
PTALT0AE0002,36283979,ALTR,EUR,2019-07-25,3.863,3.863,3.7754,3.8348,784087,729,3.8207552
PTALT0AE0002,36283979,ALTR,EUR,2019-07-26,3.8098,3.8348,3.7723,3.8348,606912,589,3.81387377
PTALT0AE0002,36283979,ALTR,EUR,2019-07-29,3.8036,3.838,3.7879,3.8129,655406,640,3.80855631
PTALT0AE0002,36283979,ALTR,EUR,2019-07-30,3.8161,3.8661,3.7472,3.791,907733,803,3.78603528
PTALT0AE0002,36283979,ALTR,EUR,2019-07-31,3.791,3.8098,3.7222,3.7222,453470,449,3.75287932
PTALT0AE0002,36283979,ALTR,EUR,2019-08-01,3.7035,3.7035,3.5533,3.5564,1574186,1263,3.59429373
PTALT0AE0002,36283979,ALTR,EUR,2019-08-02,3.5095,3.5283,3.3844,3.4313,1726731,1254,3.42538601
PTALT0AE0002,36283979,ALTR,EUR,2019-08-05,3.3969,3.4282,3.2968,3.3907,1148339,1146,3.36845786
PTALT0AE0002,36283979,ALTR,EUR,2019-08-06,3.3782,3.447,3.3782,3.3938,997360,854,3.4100592
PTALT0AE0002,36283979,ALTR,EUR,2019-08-07,3.4219,3.4219,3.2906,3.3406,1039287,969,3.35688455
PTALT0AE0002,36283979,ALTR,EUR,2019-08-08,3.3782,3.5095,3.3656,3.5095,1152190,989,3.4457175
PTALT0AE0002,36283979,ALTR,EUR,2019-08-09,3.5064,3.522,3.4094,3.4438,989497,831,3.44759425
PTALT0AE0002,36283979,ALTR,EUR,2019-08-12,3.4845,3.4845,3.3656,3.4094,702989,854,3.40880803
PTALT0AE0002,36283979,ALTR,EUR,2019-08-13,3.4,3.522,3.3656,3.5033,758849,793,3.45166055
PTALT0AE0002,36283979,ALTR,EUR,2019-08-14,3.5033,3.5033,3.3907,3.4126,619702,743,3.41725342
PTALT0AE0002,36283979,ALTR,EUR,2019-08-15,3.4219,3.4345,3.3344,3.3938,776920,831,3.38065675
PTALT0AE0002,36283979,ALTR,EUR,2019-08-16,3.4032,3.4595,3.3907,3.4501,460531,488,3.43602094
PTALT0AE0002,36283979,ALTR,EUR,2019-08-19,3.4595,3.522,3.447,3.5095,679788,731,3.49263631
PTALT0AE0002,36283979,ALTR,EUR,2019-08-20,3.5033,3.5033,3.4219,3.447,468568,597,3.45322451
PTALT0AE0002,36283979,ALTR,EUR,2019-08-21,3.4407,3.5033,3.4407,3.5001,428132,449,3.49044676
PTALT0AE0002,36283979,ALTR,EUR,2019-08-22,3.4626,3.5909,3.4532,3.5533,567282,597,3.54987726
PTALT0AE0002,36283979,ALTR,EUR,2019-08-23,3.5533,3.6096,3.4908,3.4908,503332,639,3.5401807
PTALT0AE0002,36283979,ALTR,EUR,2019-08-26,3.4657,3.5033,3.4219,3.4657,663330,740,3.46166989
PTALT0AE0002,36283979,ALTR,EUR,2019-08-27,3.4782,3.5909,3.4407,3.5471,744323,769,3.54549817
PTALT0AE0002,36283979,ALTR,EUR,2019-08-28,3.5408,3.5596,3.4657,3.4939,491546,516,3.50765033
PTALT0AE0002,36283979,ALTR,EUR,2019-08-29,3.4908,3.5408,3.472,3.522,415717,490,3.51703409
PTALT0AE0002,36283979,ALTR,EUR,2019-08-30,3.5158,3.5971,3.5158,3.5971,670937,571,3.57271108
PTALT0AE0002,36283979,ALTR,EUR,2019-09-02,3.5721,3.6346,3.5658,3.5815,297277,362,3.58866348
PTALT0AE0002,36283979,ALTR,EUR,2019-09-03,3.594,3.6096,3.5471,3.569,298305,458,3.57490063
PTALT0AE0002,36283979,ALTR,EUR,2019-09-04,3.594,3.6284,3.5721,3.6159,468104,520,3.60711821
PTALT0AE0002,36283979,ALTR,EUR,2019-09-05,3.6221,3.6722,3.6034,3.6472,622165,736,3.63558229
PTALT0AE0002,36283979,ALTR,EUR,2019-09-06,3.6565,3.6847,3.5971,3.6346,452695,520,3.63401833
PTALT0AE0002,36283979,ALTR,EUR,2019-09-09,3.6346,3.7598,3.6346,3.7566,738050,775,3.71659544
PTALT0AE0002,36283979,ALTR,EUR,2019-09-10,3.7316,3.8223,3.7285,3.8192,636592,791,3.79604462
PTALT0AE0002,36283979,ALTR,EUR,2019-09-11,3.838,3.9162,3.8161,3.8254,958870,803,3.85891583
PTALT0AE0002,36283979,ALTR,EUR,2019-09-12,3.8599,3.8849,3.8036,3.8286,654420,757,3.84077389
PTALT0AE0002,36283979,ALTR,EUR,2019-09-13,3.8254,3.9036,3.8223,3.8661,535397,549,3.87361706
PTALT0AE0002,36283979,ALTR,EUR,2019-09-16,3.8442,3.8911,3.8223,3.8817,428103,415,3.86517167
PTALT0AE0002,36283979,ALTR,EUR,2019-09-17,3.888,3.8911,3.8161,3.8536,444133,470,3.84765531
PTALT0AE0002,36283979,ALTR,EUR,2019-09-18,3.8724,3.9036,3.8223,3.8348,440840,449,3.8523472
PTALT0AE0002,36283979,ALTR,EUR,2019-09-19,3.8473,3.8724,3.8036,3.863,498577,522,3.84921927
PTALT0AE0002,36283979,ALTR,EUR,2019-09-20,3.8348,3.8661,3.8098,3.8254,490563,503,3.83076454
PTALT0AE0002,36283979,ALTR,EUR,2019-09-23,3.8098,3.8098,3.7347,3.7879,358672,379,3.77352359
PTALT0AE0002,36283979,ALTR,EUR,2019-09-24,3.7754,3.8223,3.7598,3.7785,326999,372,3.79479345
PTALT0AE0002,36283979,ALTR,EUR,2019-09-25,3.7848,3.7848,3.6722,3.7379,632613,597,3.70752446
PTALT0AE0002,36283979,ALTR,EUR,2019-09-26,3.7535,3.7785,3.716,3.7379,369871,524,3.74349555
PTALT0AE0002,36283979,ALTR,EUR,2019-09-27,3.7254,3.8286,3.7222,3.7879,694737,670,3.78540969
PTALT0AE0002,36283979,ALTR,EUR,2019-09-30,3.766,3.8223,3.7535,3.8129,310146,385,3.80198767
PTALT0AE0002,36283979,ALTR,EUR,2019-10-01,3.7942,3.7973,3.741,3.7598,469030,544,3.76789334
PTALT0AE0002,36283979,ALTR,EUR,2019-10-02,3.7285,3.7472,3.6284,3.6409,648011,801,3.66310799
PTALT0AE0002,36283979,ALTR,EUR,2019-10-03,3.6409,3.6409,3.5033,3.5346,826859,802,3.55269239
PTALT0AE0002,36283979,ALTR,EUR,2019-10-04,3.5283,3.5283,3.447,3.497,752554,770,3.48012463
PTALT0AE0002,36283979,ALTR,EUR,2019-10-07,3.5158,3.5158,3.3656,3.3719,839457,826,3.40067544
PTALT0AE0002,36283979,ALTR,EUR,2019-10-08,3.3782,3.3907,3.2218,3.2593,1223002,1147,3.27806095
PTALT0AE0002,36283979,ALTR,EUR,2019-10-09,3.253,3.253,3.1905,3.2092,857000,983,3.21956883
PTALT0AE0002,36283979,ALTR,EUR,2019-10-10,3.2124,3.3469,3.2092,3.3219,703203,723,3.29151101
PTALT0AE0002,36283979,ALTR,EUR,2019-10-11,3.3469,3.4407,3.3219,3.4188,807585,679,3.39723473
PTALT0AE0002,36283979,ALTR,EUR,2019-10-14,3.4282,3.4407,3.2906,3.3563,638181,708,3.34781358
PTALT0AE0002,36283979,ALTR,EUR,2019-10-15,3.3719,3.4282,3.3219,3.3719,471432,425,3.36407877
PTALT0AE0002,36283979,ALTR,EUR,2019-10-16,3.3844,3.3882,3.3281,3.3506,840686,637,3.35675943
PTALT0AE0002,36283979,ALTR,EUR,2019-10-17,3.3531,3.4194,3.3219,3.3656,1300625,1068,3.36814506
PTALT0AE0002,36283979,ALTR,EUR,2019-10-18,3.3694,3.3944,3.3281,3.3506,336356,415,3.35275569
PTALT0AE0002,36283979,ALTR,EUR,2019-10-21,3.3757,3.457,3.3744,3.447,951299,771,3.42882673
PTALT0AE0002,36283979,ALTR,EUR,2019-10-22,3.4407,3.4945,3.3994,3.4182,543656,546,3.43445698
PTALT0AE0002,36283979,ALTR,EUR,2019-10-23,3.4257,3.4657,3.3969,3.4157,692332,572,3.42519834
PTALT0AE0002,36283979,ALTR,EUR,2019-10-24,3.4157,3.4407,3.3969,3.4069,424950,428,3.41281177
PTALT0AE0002,36283979,ALTR,EUR,2019-10-25,3.4182,3.447,3.3969,3.447,541879,480,3.42882673
PTALT0AE0002,36283979,ALTR,EUR,2019-10-28,3.447,3.5008,3.437,3.457,532118,441,3.46160734
PTALT0AE0002,36283979,ALTR,EUR,2019-10-29,3.4657,3.4657,3.3869,3.4219,875544,735,3.41856715
PTALT0AE0002,36283979,ALTR,EUR,2019-10-30,3.4345,3.4445,3.4057,3.432,483648,511,3.43170441
PTALT0AE0002,36283979,ALTR,EUR,2019-10-31,3.447,3.447,3.3782,3.4182,521753,505,3.41281177
PTALT0AE0002,36283979,ALTR,EUR,2019-11-01,3.4282,3.4782,3.3719,3.472,795932,787,3.43720955
PTALT0AE0002,36283979,ALTR,EUR,2019-11-04,3.472,3.7135,3.472,3.6884,2035871,1541,3.62913877
PTALT0AE0002,36283979,ALTR,EUR,2019-11-05,3.6972,3.766,3.6809,3.7072,1197549,1022,3.72472803
PTALT0AE0002,36283979,ALTR,EUR,2019-11-06,3.7222,3.7285,3.6221,3.6597,611689,638,3.6627952
PTALT0AE0002,36283979,ALTR,EUR,2019-11-07,3.6722,3.716,3.6409,3.6884,834233,765,3.69144695
PTALT0AE0002,36283979,ALTR,EUR,2019-11-08,3.6409,3.741,3.6034,3.741,1650831,1141,3.68143761
PTALT0AE0002,36283979,ALTR,EUR,2019-11-11,3.7222,3.8223,3.6972,3.781,1023168,932,3.77852827
PTALT0AE0002,36283979,ALTR,EUR,2019-11-12,3.7948,3.8136,3.7285,3.756,749090,733,3.77402406
PTALT0AE0002,36283979,ALTR,EUR,2019-11-13,3.7785,3.7785,3.6309,3.7285,841052,761,3.7140931
PTALT0AE0002,36283979,ALTR,EUR,2019-11-14,3.741,3.741,3.6684,3.726,368569,431,3.7163452
PTALT0AE0002,36283979,ALTR,EUR,2019-11-15,3.7347,3.8098,3.7122,3.7973,959485,781,3.77715198
PTALT0AE0002,36283979,ALTR,EUR,2019-11-18,3.7723,3.8036,3.6597,3.6972,1129413,863,3.71159076
PTALT0AE0002,36283979,ALTR,EUR,2019-11-19,3.6909,3.7222,3.6597,3.6822,693331,761,3.68506599
PTALT0AE0002,36283979,ALTR,EUR,2019-11-20,3.6947,3.6947,3.5934,3.6384,635628,616,3.62613597
PTALT0AE0002,36283979,ALTR,EUR,2019-11-21,3.6321,3.6472,3.5783,3.6196,655676,545,3.61212288
PTALT0AE0002,36283979,ALTR,EUR,2019-11-22,3.5996,3.6784,3.5996,3.6096,624178,601,3.6271369
PTALT0AE0002,36283979,ALTR,EUR,2019-11-25,3.6409,3.6572,3.5783,3.5971,553366,622,3.60636751
PTALT0AE0002,36283979,ALTR,EUR,2019-11-26,3.5971,3.6009,3.5471,3.5633,664633,685,3.56820687
PTALT0AE0002,36283979,ALTR,EUR,2019-11-27,3.5658,3.5696,3.5158,3.5446,425025,473,3.5460612
PTALT0AE0002,36283979,ALTR,EUR,2019-11-28,3.5258,3.6159,3.5095,3.5783,434024,481,3.58071856
PTALT0AE0002,36283979,ALTR,EUR,2019-11-29,3.5658,3.5884,3.5245,3.5346,377773,479,3.55506961
PTALT0AE0002,36283979,ALTR,EUR,2019-12-02,3.5821,3.5909,3.4995,3.5008,733509,755,3.54093141
PTALT0AE0002,36283979,ALTR,EUR,2019-12-03,3.5033,3.5195,3.3994,3.4219,1640444,1458,3.43908631
PTALT0AE0002,36283979,ALTR,EUR,2019-12-04,3.4407,3.5533,3.4157,3.5346,790979,925,3.52328993
PTALT0AE0002,36283979,ALTR,EUR,2019-12-05,3.5408,3.5596,3.497,3.5258,1013073,983,3.52178853
PTALT0AE0002,36283979,ALTR,EUR,2019-12-06,3.5195,3.6159,3.5183,3.5884,712431,682,3.5839716
PTALT0AE0002,36283979,ALTR,EUR,2019-12-09,3.6096,3.6409,3.5971,3.6134,380003,520,3.6167522
PTALT0AE0002,36283979,ALTR,EUR,2019-12-10,3.6246,3.6346,3.5808,3.5996,594278,699,3.60474099
PTALT0AE0002,36283979,ALTR,EUR,2019-12-11,3.6034,3.6346,3.5871,3.5971,296701,339,3.60586704
PTALT0AE0002,36283979,ALTR,EUR,2019-12-12,3.5846,3.6659,3.5846,3.6572,506734,443,3.63814718
PTALT0AE0002,36283979,ALTR,EUR,2019-12-13,3.7035,3.7635,3.6159,3.6221,939222,732,3.66592312
PTALT0AE0002,36283979,ALTR,EUR,2019-12-16,3.6822,3.6884,3.6221,3.6659,719426,509,3.66304543
PTALT0AE0002,36283979,ALTR,EUR,2019-12-17,3.6284,3.6884,3.6284,3.6447,298351,338,3.65904169
PTALT0AE0002,36283979,ALTR,EUR,2019-12-18,3.6597,3.6597,3.5909,3.6284,360084,416,3.62425921
PTALT0AE0002,36283979,ALTR,EUR,2019-12-19,3.6159,3.6509,3.6159,3.6321,280406,327,3.62976436
PTALT0AE0002,36283979,ALTR,EUR,2019-12-20,3.6409,3.6597,3.5746,3.5746,977735,425,3.58822557
PTALT0AE0002,36283979,ALTR,EUR,2019-12-23,3.5946,3.6284,3.5496,3.5508,428580,446,3.57946739
PTALT0AE0002,36283979,ALTR,EUR,2019-12-24,3.5596,3.5846,3.5471,3.5533,98410,145,3.56082498
PTALT0AE0002,36283979,ALTR,EUR,2019-12-27,3.5533,3.5846,3.497,3.5596,1003637,895,3.54668678
PTALT0AE0002,36283979,ALTR,EUR,2019-12-30,3.5746,3.5821,3.5433,3.5658,391635,387,3.56708082
PTALT0AE0002,36283979,ALTR,EUR,2019-12-31,3.5446,3.5846,3.5283,3.5533,247268,276,3.55519472
PTALT0AE0002,36283979,ALTR,EUR,2020-01-02,3.5846,3.6321,3.5846,3.5946,468701,521,3.60824426
PTALT0AE0002,36283979,ALTR,EUR,2020-01-03,3.5846,3.6321,3.5346,3.5909,1228741,951,3.58822557
PTALT0AE0002,36283979,ALTR,EUR,2020-01-06,3.5821,3.6384,3.4557,3.6134,1299738,1110,3.55719659
PTALT0AE0002,36283979,ALTR,EUR,2020-01-07,3.6134,3.6572,3.5871,3.6221,726386,742,3.6241341
PTALT0AE0002,36283979,ALTR,EUR,2020-01-08,3.5884,3.6221,3.5433,3.5996,918380,790,3.58810045
PTALT0AE0002,36283979,ALTR,EUR,2020-01-09,3.6196,3.7385,3.6034,3.6497,1440391,1315,3.68018644
PTALT0AE0002,36283979,ALTR,EUR,2020-01-10,3.6847,3.6847,3.6409,3.6409,692867,576,3.65766541
PTALT0AE0002,36283979,ALTR,EUR,2020-01-13,3.6659,3.6947,3.6034,3.6472,897679,622,3.64803141
PTALT0AE0002,36283979,ALTR,EUR,2020-01-14,3.6384,3.6697,3.6184,3.6447,765685,637,3.63426856
PTALT0AE0002,36283979,ALTR,EUR,2020-01-15,3.6472,3.6759,3.6096,3.6096,887490,715,3.6286383
PTALT0AE0002,36283979,ALTR,EUR,2020-01-16,3.6346,3.7322,3.6059,3.7222,1307333,1033,3.69282324
PTALT0AE0002,36283979,ALTR,EUR,2020-01-17,3.716,3.8599,3.6722,3.8473,1884411,1593,3.79629486
PTALT0AE0002,36283979,ALTR,EUR,2020-01-20,3.8599,4.0137,3.8599,3.9162,1294548,1283,3.93542477
PTALT0AE0002,36283979,ALTR,EUR,2020-01-21,3.9099,3.9662,3.8561,3.9074,627330,711,3.91915958
PTALT0AE0002,36283979,ALTR,EUR,2020-01-22,3.8974,3.9162,3.8348,3.8386,766478,822,3.86611005
PTALT0AE0002,36283979,ALTR,EUR,2020-01-23,3.8161,3.8161,3.6847,3.6884,1245333,1349,3.73899135
PTALT0AE0002,36283979,ALTR,EUR,2020-01-24,3.701,3.8348,3.6997,3.8061,1048071,1266,3.78628551
PTALT0AE0002,36283979,ALTR,EUR,2020-01-27,3.7973,3.7973,3.6034,3.6034,1595059,1643,3.65891658
PTALT0AE0002,36283979,ALTR,EUR,2020-01-28,3.6096,3.6909,3.5496,3.6659,1136518,1369,3.63389321
PTALT0AE0002,36283979,ALTR,EUR,2020-01-29,3.6759,3.7222,3.6472,3.6697,572834,715,3.69019578
PTALT0AE0002,36283979,ALTR,EUR,2020-01-30,3.6284,3.6472,3.5533,3.5596,1576433,1383,3.58109391
PTALT0AE0002,36283979,ALTR,EUR,2020-01-31,3.5721,3.5884,3.4782,3.4908,980657,1166,3.50427217
PTALT0AE0002,36283979,ALTR,EUR,2020-02-03,3.4908,3.5446,3.4345,3.5195,909733,1272,3.50464753
PTALT0AE0002,36283979,ALTR,EUR,2020-02-04,3.5346,3.5783,3.522,3.5471,803895,719,3.55269239
PTALT0AE0002,36283979,ALTR,EUR,2020-02-05,3.5408,3.6134,3.5245,3.5946,899373,957,3.59085302
PTALT0AE0002,36283979,ALTR,EUR,2020-02-06,3.6221,3.6572,3.5471,3.5571,720123,712,3.58046832
PTALT0AE0002,36283979,ALTR,EUR,2020-02-07,3.5696,3.5696,3.5158,3.5571,584517,482,3.54405933
PTALT0AE0002,36283979,ALTR,EUR,2020-02-10,3.5746,3.5909,3.5371,3.5884,533974,572,3.57171015
PTALT0AE0002,36283979,ALTR,EUR,2020-02-11,3.6096,3.6346,3.5558,3.5996,1022757,1055,3.60624239
PTALT0AE0002,36283979,ALTR,EUR,2020-02-12,3.5971,3.5971,3.497,3.497,1499078,1425,3.52404063
PTALT0AE0002,36283979,ALTR,EUR,2020-02-13,3.5095,3.5095,3.4219,3.447,840492,949,3.45747848
PTALT0AE0002,36283979,ALTR,EUR,2020-02-14,3.4532,3.5033,3.4157,3.4219,930060,990,3.46023105
PTALT0AE0002,36283979,ALTR,EUR,2020-02-17,3.432,3.5696,3.4307,3.5533,776566,668,3.53017136
PTALT0AE0002,36283979,ALTR,EUR,2020-02-18,3.4908,3.5346,3.4657,3.5158,552272,652,3.50452241
PTALT0AE0002,36283979,ALTR,EUR,2020-02-19,3.522,3.5721,3.5095,3.5471,457378,484,3.54393421
PTALT0AE0002,36283979,ALTR,EUR,2020-02-20,3.5158,3.6134,3.5058,3.5783,1047329,1075,3.57296131
PTALT0AE0002,36283979,ALTR,EUR,2020-02-21,3.5258,3.5909,3.5245,3.5884,593104,656,3.56745617
PTALT0AE0002,36283979,ALTR,EUR,2020-02-24,3.5571,3.5596,3.437,3.4845,872557,1018,3.4828772
PTALT0AE0002,36283979,ALTR,EUR,2020-02-25,3.4908,3.5158,3.3656,3.3757,1278061,1323,3.42031878
PTALT0AE0002,36283979,ALTR,EUR,2020-02-26,3.2843,3.3531,3.1967,3.3344,1792967,1612,3.28706936
PTALT0AE0002,36283979,ALTR,EUR,2020-02-27,3.2843,3.2968,3.1592,3.1967,1426060,1484,3.21725417
PTALT0AE0002,36283979,ALTR,EUR,2020-02-28,3.1217,3.1217,3.0028,3.0416,2527743,2364,3.05009808
PTALT0AE0002,36283979,ALTR,EUR,2020-03-02,3.1167,3.1192,2.959,3.0353,1488212,1339,3.03996362
PTALT0AE0002,36283979,ALTR,EUR,2020-03-03,3.0966,3.1717,3.0403,3.0654,1614126,1645,3.1060253
PTALT0AE0002,36283979,ALTR,EUR,2020-03-04,3.1154,3.1655,3.0591,3.1404,1686757,1166,3.13392636
PTALT0AE0002,36283979,ALTR,EUR,2020-03-05,3.1554,3.1655,3.0378,3.0428,1540967,1381,3.07161818
PTALT0AE0002,36283979,ALTR,EUR,2020-03-06,2.9653,2.9653,2.8226,2.8614,1659146,1859,2.87018008
PTALT0AE0002,36283979,ALTR,EUR,2020-03-09,2.5148,2.66,2.5086,2.5737,2265768,2579,2.58478859
PTALT0AE0002,36283979,ALTR,EUR,2020-03-10,2.6275,2.8176,2.5899,2.5962,2634273,2413,2.66986804
PTALT0AE0002,36283979,ALTR,EUR,2020-03-11,2.6762,2.725,2.461,2.4923,2739928,2773,2.55200798
PTALT0AE0002,36283979,ALTR,EUR,2020-03-12,2.3647,2.3735,2.1307,2.152,1908604,1699,2.26586579
PTALT0AE0002,36283979,ALTR,EUR,2020-03-13,2.2646,2.2734,2.0331,2.0594,2602462,2152,2.16201882
PTALT0AE0002,36283979,ALTR,EUR,2020-03-16,1.8267,2.0444,1.7954,2.0281,3005523,2307,1.94131273
PTALT0AE0002,36283979,ALTR,EUR,2020-03-17,1.9706,2.0982,1.9581,2.0044,2416851,1785,2.00449673
PTALT0AE0002,36283979,ALTR,EUR,2020-03-18,1.9881,2.0281,1.7804,1.8029,3067620,2431,1.86586729
PTALT0AE0002,36283979,ALTR,EUR,2020-03-19,1.8117,1.883,1.7204,1.8642,1628844,1205,1.81719684
PTALT0AE0002,36283979,ALTR,EUR,2020-03-20,1.9393,2.0632,1.9318,1.9793,2385938,1716,1.9946125
PTALT0AE0002,36283979,ALTR,EUR,2020-03-23,1.8855,2.0081,1.8455,1.9393,1010362,955,1.95932956
PTALT0AE0002,36283979,ALTR,EUR,2020-03-24,2.0031,2.1633,2.0019,2.1633,1790977,1398,2.07769008
PTALT0AE0002,36283979,ALTR,EUR,2020-03-25,2.2008,2.4235,2.1933,2.2909,2085001,1424,2.29351661
PTALT0AE0002,36283979,ALTR,EUR,2020-03-26,2.2896,2.3434,2.2021,2.2709,1356602,1202,2.26411416
PTALT0AE0002,36283979,ALTR,EUR,2020-03-27,2.2696,2.2921,2.1483,2.182,891529,794,2.21619441
PTALT0AE0002,36283979,ALTR,EUR,2020-03-30,2.1858,2.2096,2.102,2.2083,749817,756,2.18003565
PTALT0AE0002,36283979,ALTR,EUR,2020-03-31,2.2521,2.3147,2.2296,2.2659,1316249,863,2.26336345
PTALT0AE0002,36283979,ALTR,EUR,2020-04-01,2.2271,2.2721,2.1783,2.2308,1023026,725,2.23383588
PTALT0AE0002,36283979,ALTR,EUR,2020-04-02,2.2433,2.3159,2.2433,2.3034,894367,748,2.28163051
PTALT0AE0002,36283979,ALTR,EUR,2020-04-03,2.3147,2.3159,2.2534,2.2809,667561,608,2.28563425
PTALT0AE0002,36283979,ALTR,EUR,2020-04-06,2.3459,2.5161,2.3272,2.4836,1385919,1126,2.44766055
PTALT0AE0002,36283979,ALTR,EUR,2020-04-07,2.5611,2.69,2.5148,2.5699,1695372,1386,2.61243941
PTALT0AE0002,36283979,ALTR,EUR,2020-04-08,2.5837,2.6049,2.5148,2.5824,951723,770,2.56451966
PTALT0AE0002,36283979,ALTR,EUR,2020-04-09,2.6275,2.7488,2.6275,2.715,1435205,1087,2.6956421
PTALT0AE0002,36283979,ALTR,EUR,2020-04-14,2.8589,2.8652,2.7588,2.8189,1604204,1171,2.82751524
PTALT0AE0002,36283979,ALTR,EUR,2020-04-15,2.8214,2.8527,2.7213,2.7501,1125466,951,2.77409035
PTALT0AE0002,36283979,ALTR,EUR,2020-04-16,2.7713,2.8339,2.7275,2.7626,1177040,1082,2.78797832
PTALT0AE0002,36283979,ALTR,EUR,2020-04-17,2.8339,2.8777,2.7901,2.8477,1130180,834,2.83151898
PTALT0AE0002,36283979,ALTR,EUR,2020-04-20,2.8714,2.9215,2.7713,2.8339,912858,865,2.84465625
PTALT0AE0002,36283979,ALTR,EUR,2020-04-21,2.7838,2.8376,2.7588,2.7813,1063756,947,2.79848814
PTALT0AE0002,36283979,ALTR,EUR,2020-04-22,2.8089,2.8965,2.7964,2.8877,1081614,817,2.8495358
PTALT0AE0002,36283979,ALTR,EUR,2020-04-23,2.9152,2.984,2.909,2.9528,1298981,866,2.9521316
PTALT0AE0002,36283979,ALTR,EUR,2020-04-24,2.9402,2.9402,2.8552,2.8814,804334,677,2.88944807
PTALT0AE0002,36283979,ALTR,EUR,2020-04-27,2.919,2.9465,2.8714,2.894,650783,660,2.89945742
PTALT0AE0002,36283979,ALTR,EUR,2020-04-28,2.8965,2.9715,2.8777,2.9465,1010142,946,2.93524083
PTALT0AE0002,36283979,ALTR,EUR,2020-04-29,2.9715,3.1029,2.9427,3.0966,1585113,1471,3.02970404
PTALT0AE0002,36283979,ALTR,EUR,2020-04-30,3.1154,3.1717,2.9715,3.0153,2149293,2031,3.04772086
PTALT0AE0002,36283979,ALTR,EUR,2020-05-04,2.9402,3.0253,2.8902,2.994,792793,848,2.97540333
PTALT0AE0002,36283979,ALTR,EUR,2020-05-05,3.0466,3.0503,2.9302,2.944,1625670,1414,2.96777121
PTALT0AE0002,36283979,ALTR,EUR,2020-05-06,2.9402,2.9965,2.9152,2.9402,705252,892,2.96201583
PTALT0AE0002,36283979,ALTR,EUR,2020-05-07,2.9528,2.969,2.924,2.9628,742370,863,2.94825298
PTALT0AE0002,36283979,ALTR,EUR,2020-05-08,2.9715,3.0028,2.934,2.959,942333,941,2.95688604
PTALT0AE0002,36283979,ALTR,EUR,2020-05-11,2.969,2.9778,2.899,2.9065,1215182,1124,2.92936034
PTALT0AE0002,36283979,ALTR,EUR,2020-05-12,2.9027,2.9377,2.8402,2.8652,1071440,936,2.87793732
PTALT0AE0002,36283979,ALTR,EUR,2020-05-13,2.69,2.7901,2.6462,2.6712,1187506,1242,2.71953942
PTALT0AE0002,36283979,ALTR,EUR,2020-05-14,2.6275,2.6275,2.4085,2.5211,1930130,1872,2.49232725
PTALT0AE0002,36283979,ALTR,EUR,2020-05-15,2.5524,2.6024,2.4898,2.5649,923442,917,2.54675307
PTALT0AE0002,36283979,ALTR,EUR,2020-05-18,2.6149,2.7588,2.6049,2.7526,1015535,876,2.69927049
PTALT0AE0002,36283979,ALTR,EUR,2020-05-19,2.8151,2.8714,2.7363,2.8089,1327012,1148,2.80424351
PTALT0AE0002,36283979,ALTR,EUR,2020-05-20,2.8151,2.8214,2.7401,2.8026,867392,976,2.7937337
PTALT0AE0002,36283979,ALTR,EUR,2020-05-21,2.7776,2.8464,2.7275,2.7964,1056466,1013,2.80724631
PTALT0AE0002,36283979,ALTR,EUR,2020-05-22,2.7588,2.8026,2.7338,2.7776,560877,726,2.77434059
PTALT0AE0002,36283979,ALTR,EUR,2020-05-25,2.7876,2.8214,2.7713,2.7901,475708,583,2.79335835
PTALT0AE0002,36283979,ALTR,EUR,2020-05-26,2.8026,2.8464,2.7776,2.7876,929890,951,2.80186629
PTALT0AE0002,36283979,ALTR,EUR,2020-05-27,2.8151,2.8151,2.7088,2.7338,1218175,1030,2.76007727
PTALT0AE0002,36283979,ALTR,EUR,2020-05-28,2.7526,2.7939,2.6775,2.6963,1358100,1405,2.71053101
PTALT0AE0002,36283979,ALTR,EUR,2020-05-29,2.64,2.6525,2.5649,2.5899,2860521,2184,2.60092866
PTALT0AE0002,36283979,ALTR,EUR,2020-06-01,2.6337,2.65,2.5336,2.5774,958398,959,2.56827317
PTALT0AE0002,36283979,ALTR,EUR,2020-06-02,2.6024,2.6437,2.5712,2.6425,2542538,2004,2.61794455
PTALT0AE0002,36283979,ALTR,EUR,2020-06-03,2.6462,2.8126,2.6462,2.8089,1682708,1567,2.7610782
PTALT0AE0002,36283979,ALTR,EUR,2020-06-04,2.8001,2.8151,2.7401,2.8001,1280810,1014,2.78760297
PTALT0AE0002,36283979,ALTR,EUR,2020-06-05,2.7964,2.8814,2.7651,2.7964,1910879,1243,2.81250122
PTALT0AE0002,36283979,ALTR,EUR,2020-06-08,2.7776,2.8339,2.7651,2.7964,968603,893,2.80687096
PTALT0AE0002,36283979,ALTR,EUR,2020-06-09,2.7901,2.8089,2.64,2.6675,2455615,2348,2.67837598
PTALT0AE0002,36283979,ALTR,EUR,2020-06-10,2.6863,2.7063,2.5837,2.6312,1277770,1110,2.63295857
PTALT0AE0002,36283979,ALTR,EUR,2020-06-11,2.5812,2.5962,2.5148,2.5399,1186623,1256,2.55976522
PTALT0AE0002,36283979,ALTR,EUR,2020-06-12,2.5023,2.6587,2.4861,2.5812,1726212,1370,2.59417235
PTALT0AE0002,36283979,ALTR,EUR,2020-06-15,2.5274,2.6149,2.4898,2.5962,862206,847,2.57215179
PTALT0AE0002,36283979,ALTR,EUR,2020-06-16,2.6612,2.7376,2.64,2.7025,1377071,1159,2.69301465
PTALT0AE0002,36283979,ALTR,EUR,2020-06-17,2.7025,2.7463,2.6675,2.725,1379210,1023,2.71953942
PTALT0AE0002,36283979,ALTR,EUR,2020-06-18,2.6925,2.7626,2.69,2.7426,1118666,917,2.73105017
PTALT0AE0002,36283979,ALTR,EUR,2020-06-19,2.7175,2.7776,2.7175,2.7426,1056163,737,2.75044327
PTALT0AE0002,36283979,ALTR,EUR,2020-06-22,2.7275,2.7338,2.6775,2.7088,828448,759,2.70314911
PTALT0AE0002,36283979,ALTR,EUR,2020-06-23,2.7463,2.7463,2.68,2.6963,400771,389,2.70465051
PTALT0AE0002,36283979,ALTR,EUR,2020-06-24,2.69,2.7025,2.6275,2.6275,858667,700,2.64784747
PTALT0AE0002,36283979,ALTR,EUR,2020-06-25,2.625,2.6275,2.5674,2.5774,897243,908,2.59267095
PTALT0AE0002,36283979,ALTR,EUR,2020-06-26,2.6024,2.6337,2.5712,2.5899,756617,851,2.6011789
PTALT0AE0002,36283979,ALTR,EUR,2020-06-29,2.5899,2.6187,2.5649,2.6087,445230,605,2.59705004
PTALT0AE0002,36283979,ALTR,EUR,2020-06-30,2.6187,2.675,2.6024,2.6712,804593,722,2.65297726
PTALT0AE0002,36283979,ALTR,EUR,2020-07-01,2.6838,2.6963,2.5862,2.6337,799320,775,2.64334327
PTALT0AE0002,36283979,ALTR,EUR,2020-07-02,2.6275,2.7088,2.6275,2.69,764933,682,2.68281763
PTALT0AE0002,36283979,ALTR,EUR,2020-07-03,2.69,2.7025,2.6587,2.6775,380097,429,2.67687458
PTALT0AE0002,36283979,ALTR,EUR,2020-07-06,2.7025,2.7682,2.6963,2.7338,672622,614,2.73818182
PTALT0AE0002,36283979,ALTR,EUR,2020-07-07,2.7526,2.7526,2.6525,2.6744,734505,711,2.68469438
PTALT0AE0002,36283979,ALTR,EUR,2020-07-08,2.6681,2.69,2.6181,2.6587,880357,884,2.65185121
PTALT0AE0002,36283979,ALTR,EUR,2020-07-09,2.6587,2.6869,2.6118,2.6149,443110,610,2.63589882
PTALT0AE0002,36283979,ALTR,EUR,2020-07-10,2.5962,2.6806,2.5899,2.6744,598111,621,2.65310238
PTALT0AE0002,36283979,ALTR,EUR,2020-07-13,2.69,2.7244,2.6681,2.69,689571,710,2.69439093
PTALT0AE0002,36283979,ALTR,EUR,2020-07-14,2.6712,2.7088,2.6275,2.7088,548351,661,2.67562341
PTALT0AE0002,36283979,ALTR,EUR,2020-07-15,2.69,2.7526,2.69,2.7182,573892,629,2.72535735
PTALT0AE0002,36283979,ALTR,EUR,2020-07-16,2.7025,2.7338,2.6838,2.7119,297322,425,2.71128171
PTALT0AE0002,36283979,ALTR,EUR,2020-07-17,2.7119,2.7369,2.6775,2.7338,531532,496,2.71315846
PTALT0AE0002,36283979,ALTR,EUR,2020-07-20,2.7244,2.7807,2.7088,2.7776,515212,597,2.75788773
PTALT0AE0002,36283979,ALTR,EUR,2020-07-21,2.7901,2.8276,2.7713,2.7901,585854,710,2.79698673
PTALT0AE0002,36283979,ALTR,EUR,2020-07-22,2.7964,2.8026,2.7432,2.7494,335340,455,2.76351798
PTALT0AE0002,36283979,ALTR,EUR,2020-07-23,2.7526,2.7651,2.7244,2.7401,333323,473,2.74443767
PTALT0AE0002,36283979,ALTR,EUR,2020-07-24,2.7213,2.7338,2.6806,2.6931,335355,408,2.7037747
PTALT0AE0002,36283979,ALTR,EUR,2020-07-27,2.6963,2.7213,2.6587,2.6806,398995,537,2.67906412
PTALT0AE0002,36283979,ALTR,EUR,2020-07-28,2.6869,2.7025,2.6462,2.6619,552577,703,2.66498848
PTALT0AE0002,36283979,ALTR,EUR,2020-07-29,2.6712,2.6994,2.6525,2.6775,336220,488,2.68094087
PTALT0AE0002,36283979,ALTR,EUR,2020-07-30,2.6744,2.6838,2.6337,2.6744,751878,1055,2.65810705
PTALT0AE0002,36283979,ALTR,EUR,2020-07-31,2.6587,2.7057,2.6212,2.6243,493407,826,2.65529192
PTALT0AE0002,36283979,ALTR,EUR,2020-08-03,2.6337,2.6994,2.6056,2.6869,398812,590,2.67030594
PTALT0AE0002,36283979,ALTR,EUR,2020-08-04,2.7088,2.7213,2.6681,2.6963,376181,444,2.69814444
PTALT0AE0002,36283979,ALTR,EUR,2020-08-05,2.69,2.7588,2.69,2.7588,492969,538,2.73599228
PTALT0AE0002,36283979,ALTR,EUR,2020-08-06,2.7526,2.7838,2.7057,2.7432,362263,533,2.74287371
PTALT0AE0002,36283979,ALTR,EUR,2020-08-07,2.7057,2.7557,2.7057,2.7369,277459,377,2.73474111
PTALT0AE0002,36283979,ALTR,EUR,2020-08-10,2.7526,2.787,2.7275,2.7713,301387,392,2.76226681
PTALT0AE0002,36283979,ALTR,EUR,2020-08-11,2.7338,2.8151,2.7338,2.7964,563136,692,2.79323323
PTALT0AE0002,36283979,ALTR,EUR,2020-08-12,2.8151,2.8276,2.7901,2.8057,419761,482,2.80730887
PTALT0AE0002,36283979,ALTR,EUR,2020-08-13,2.7964,2.8151,2.7901,2.7964,255263,341,2.80011466
PTALT0AE0002,36283979,ALTR,EUR,2020-08-14,2.7932,2.8026,2.7432,2.8026,347863,456,2.77821921
PTALT0AE0002,36283979,ALTR,EUR,2020-08-17,2.8026,2.8151,2.7901,2.8089,261680,322,2.8060577
PTALT0AE0002,36283979,ALTR,EUR,2020-08-18,2.8089,2.8151,2.7588,2.7745,308995,481,2.78322388
PTALT0AE0002,36283979,ALTR,EUR,2020-08-19,2.7995,2.7995,2.7557,2.7713,154965,282,2.76789707
PTALT0AE0002,36283979,ALTR,EUR,2020-08-20,2.7401,2.7432,2.665,2.6775,709853,699,2.68969905
PTALT0AE0002,36283979,ALTR,EUR,2020-08-21,2.7088,2.7119,2.6118,2.6556,733723,857,2.64090349
PTALT0AE0002,36283979,ALTR,EUR,2020-08-24,2.6712,2.715,2.665,2.6869,387127,475,2.69032464
PTALT0AE0002,36283979,ALTR,EUR,2020-08-25,2.69,2.7338,2.665,2.665,356135,501,2.69439093
PTALT0AE0002,36283979,ALTR,EUR,2020-08-26,2.665,2.6744,2.6337,2.6587,326394,473,2.65560472
PTALT0AE0002,36283979,ALTR,EUR,2020-08-27,2.6712,2.6712,2.6149,2.6275,424462,561,2.63527323
PTALT0AE0002,36283979,ALTR,EUR,2020-08-28,2.6275,2.6306,2.568,2.5899,701043,931,2.58647767
PTALT0AE0002,36283979,ALTR,EUR,2020-08-31,2.6024,2.6556,2.5774,2.6181,1130348,1049,2.62307434
PTALT0AE0002,36283979,ALTR,EUR,2020-09-01,2.6212,2.665,2.593,2.665,634280,752,2.64496979
PTALT0AE0002,36283979,ALTR,EUR,2020-09-02,2.6681,2.7369,2.6681,2.7088,609980,997,2.71378404
PTALT0AE0002,36283979,ALTR,EUR,2020-09-03,2.7401,2.787,2.7275,2.7338,768766,1108,2.75851331
PTALT0AE0002,36283979,ALTR,EUR,2020-09-04,2.69,2.7995,2.69,2.7463,727994,753,2.76351798
PTALT0AE0002,36283979,ALTR,EUR,2020-09-07,2.7745,2.8151,2.7494,2.787,519827,542,2.79604836
PTALT0AE0002,36283979,ALTR,EUR,2020-09-08,2.8026,2.8714,2.7901,2.8714,1008602,1080,2.83890087
PTALT0AE0002,36283979,ALTR,EUR,2020-09-09,2.8652,2.8714,2.7932,2.8276,520003,624,2.83201945
PTALT0AE0002,36283979,ALTR,EUR,2020-09-10,2.8151,2.8308,2.7338,2.7494,442482,570,2.77196337
PTALT0AE0002,36283979,ALTR,EUR,2020-09-11,2.7275,2.7307,2.5712,2.6337,1657011,1775,2.6246383
PTALT0AE0002,36283979,ALTR,EUR,2020-09-14,2.6587,2.6587,2.5993,2.6149,516819,682,2.62307434
PTALT0AE0002,36283979,ALTR,EUR,2020-09-15,2.6275,2.6275,2.5899,2.5962,555982,715,2.60524519
PTALT0AE0002,36283979,ALTR,EUR,2020-09-16,2.6275,2.6275,2.5837,2.6118,415932,595,2.60931149
PTALT0AE0002,36283979,ALTR,EUR,2020-09-17,2.5899,2.6525,2.5899,2.6493,416740,520,2.62682785
PTALT0AE0002,36283979,ALTR,EUR,2020-09-18,2.6587,2.665,2.6212,2.6525,439111,459,2.64559537
PTALT0AE0002,36283979,ALTR,EUR,2020-09-21,2.6525,2.6525,2.493,2.4961,799259,816,2.53455418
PTALT0AE0002,36283979,ALTR,EUR,2020-09-22,2.5023,2.5399,2.4711,2.4867,308932,429,2.50358777
PTALT0AE0002,36283979,ALTR,EUR,2020-09-23,2.5336,2.5336,2.4398,2.446,377765,481,2.47637486
PTALT0AE0002,36283979,ALTR,EUR,2020-09-24,2.4398,2.4398,2.3647,2.4085,506157,660,2.39848963
PTALT0AE0002,36283979,ALTR,EUR,2020-09-25,2.4148,2.4148,2.3459,2.3553,544243,607,2.37409185
PTALT0AE0002,36283979,ALTR,EUR,2020-09-28,2.3459,2.396,2.3053,2.3835,989854,930,2.37721977
PTALT0AE0002,36283979,ALTR,EUR,2020-09-29,2.3835,2.3866,2.2834,2.2896,516435,583,2.31841486
PTALT0AE0002,36283979,ALTR,EUR,2020-09-30,2.2646,2.3678,2.2458,2.3428,636079,693,2.30277526
PTALT0AE0002,36283979,ALTR,EUR,2020-10-01,2.3772,2.3772,2.324,2.3585,369002,413,2.34406381
PTALT0AE0002,36283979,ALTR,EUR,2020-10-02,2.3522,2.3772,2.324,2.3741,429547,535,2.34343823
PTALT0AE0002,36283979,ALTR,EUR,2020-10-05,2.3991,2.4304,2.3772,2.4116,338066,414,2.40630943
PTALT0AE0002,36283979,ALTR,EUR,2020-10-06,2.4116,2.4679,2.4054,2.4304,299978,371,2.43571189
PTALT0AE0002,36283979,ALTR,EUR,2020-10-07,2.4273,2.4429,2.396,2.4429,422365,428,2.423513
PTALT0AE0002,36283979,ALTR,EUR,2020-10-08,2.4523,2.4773,2.421,2.421,691694,679,2.43633747
PTALT0AE0002,36283979,ALTR,EUR,2020-10-09,2.4523,2.4523,2.4054,2.4085,230621,305,2.42476417
PTALT0AE0002,36283979,ALTR,EUR,2020-10-12,2.4335,2.4335,2.3585,2.3741,398975,418,2.38472678
PTALT0AE0002,36283979,ALTR,EUR,2020-10-13,2.3741,2.396,2.3428,2.3585,298688,321,2.36502088
PTALT0AE0002,36283979,ALTR,EUR,2020-10-14,2.371,2.3835,2.324,2.3553,349641,435,2.3484429
PTALT0AE0002,36283979,ALTR,EUR,2020-10-15,2.3459,2.3459,2.2709,2.3021,335141,420,2.30590318
PTALT0AE0002,36283979,ALTR,EUR,2020-10-16,2.3209,2.3491,2.3021,2.3303,330123,369,2.32341953
PTALT0AE0002,36283979,ALTR,EUR,2020-10-19,2.3522,2.3835,2.324,2.3772,180370,272,2.35376036
PTALT0AE0002,36283979,ALTR,EUR,2020-10-20,2.3678,2.3678,2.2646,2.2709,462150,549,2.29245312
PTALT0AE0002,36283979,ALTR,EUR,2020-10-21,2.2896,2.2928,2.2271,2.2521,325889,437,2.25867157
PTALT0AE0002,36283979,ALTR,EUR,2020-10-22,2.2521,2.2521,2.1958,2.224,462308,462,2.22144932
PTALT0AE0002,36283979,ALTR,EUR,2020-10-23,2.2208,2.2521,2.1927,2.2271,417409,478,2.22051094
PTALT0AE0002,36283979,ALTR,EUR,2020-10-26,2.1895,2.2083,2.1051,2.1176,730552,840,2.15451181
PTALT0AE0002,36283979,ALTR,EUR,2020-10-27,2.1332,2.1332,1.9862,2.0269,865608,794,2.05191601
PTALT0AE0002,36283979,ALTR,EUR,2020-10-28,2.03,2.0613,1.9643,2.0488,734232,818,2.02720544
PTALT0AE0002,36283979,ALTR,EUR,2020-10-29,2.0801,2.0895,1.9894,2.0019,540339,682,2.02157518
PTALT0AE0002,36283979,ALTR,EUR,2020-10-30,1.9894,2.0769,1.9706,2.0738,501532,730,2.04878809
PTALT0AE0002,36283979,ALTR,EUR,2020-11-02,2.0769,2.1802,2.0707,2.1551,544649,673,2.14231292
PTALT0AE0002,36283979,ALTR,EUR,2020-11-03,2.1927,2.2208,2.1583,2.1583,396677,524,2.18016076
PTALT0AE0002,36283979,ALTR,EUR,2020-11-04,2.127,2.1989,2.1239,2.1864,570404,730,2.16420837
PTALT0AE0002,36283979,ALTR,EUR,2020-11-05,2.2146,2.2208,2.1301,2.1332,1399931,493,2.13949779
PTALT0AE0002,36283979,ALTR,EUR,2020-11-06,2.1301,2.1645,2.1207,2.1395,448847,535,2.14137455
PTALT0AE0002,36283979,ALTR,EUR,2020-11-09,2.1645,2.3147,2.1645,2.3053,759499,958,2.26461462
PTALT0AE0002,36283979,ALTR,EUR,2020-11-10,2.299,2.4179,2.2771,2.3522,1008369,1070,2.35970341
PTALT0AE0002,36283979,ALTR,EUR,2020-11-11,2.3741,2.4116,2.3272,2.4022,496684,651,2.38566516
PTALT0AE0002,36283979,ALTR,EUR,2020-11-12,2.4022,2.4148,2.3678,2.4022,385871,496,2.39442333
PTALT0AE0002,36283979,ALTR,EUR,2020-11-13,2.4022,2.4492,2.3835,2.446,552645,559,2.42820488
PTALT0AE0002,36283979,ALTR,EUR,2020-11-16,2.4773,2.5774,2.4711,2.5399,824642,774,2.52735997
PTALT0AE0002,36283979,ALTR,EUR,2020-11-17,2.5461,2.5461,2.4961,2.5117,419366,536,2.51390991
PTALT0AE0002,36283979,ALTR,EUR,2020-11-18,2.5305,2.5461,2.4335,2.5399,514842,530,2.51234595
PTALT0AE0002,36283979,ALTR,EUR,2020-11-19,2.5336,2.568,2.4554,2.4773,777722,867,2.50515173
PTALT0AE0002,36283979,ALTR,EUR,2020-11-20,2.5086,2.5868,2.4867,2.5712,850366,843,2.54894262
PTALT0AE0002,36283979,ALTR,EUR,2020-11-23,2.5837,2.6056,2.5524,2.5868,451480,571,2.58241137
PTALT0AE0002,36283979,ALTR,EUR,2020-11-24,2.5712,2.7964,2.5712,2.7964,1160000,1170,2.6997084
PTALT0AE0002,36283979,ALTR,EUR,2020-11-25,2.8026,2.8026,2.7401,2.7588,715791,716,2.76414357
PTALT0AE0002,36283979,ALTR,EUR,2020-11-26,2.7745,2.7964,2.7432,2.7838,398013,401,2.77915759
PTALT0AE0002,36283979,ALTR,EUR,2020-11-27,2.7682,2.8339,2.7651,2.8089,460002,454,2.8023042
PTALT0AE0002,36283979,ALTR,EUR,2020-11-30,2.7838,2.8777,2.7651,2.8183,875760,647,2.83139386
PTALT0AE0002,36283979,ALTR,EUR,2020-12-01,2.8714,2.934,2.8433,2.934,762797,790,2.90271046
PTALT0AE0002,36283979,ALTR,EUR,2020-12-02,2.9277,3.0341,2.8777,3.0247,740704,800,2.96495608
PTALT0AE0002,36283979,ALTR,EUR,2020-12-03,3.0341,3.1029,3.031,3.081,846789,795,3.07412051
PTALT0AE0002,36283979,ALTR,EUR,2020-12-04,3.0904,3.1623,3.0654,3.1342,678057,702,3.13198705
PTALT0AE0002,36283979,ALTR,EUR,2020-12-07,3.1217,3.1561,3.0998,3.1342,412611,479,3.12917192
PTALT0AE0002,36283979,ALTR,EUR,2020-12-08,3.1498,3.1717,3.1154,3.1717,511251,490,3.15169295
PTALT0AE0002,36283979,ALTR,EUR,2020-12-09,3.1592,3.2718,3.1592,3.2655,487239,532,3.24803291
PTALT0AE0002,36283979,ALTR,EUR,2020-12-10,3.2593,3.3312,3.253,3.2781,784674,712,3.29025984
PTALT0AE0002,36283979,ALTR,EUR,2020-12-11,3.3,3.3,3.2124,3.2562,595598,496,3.252412
PTALT0AE0002,36283979,ALTR,EUR,2020-12-14,3.2718,3.4063,3.2718,3.3469,769495,683,3.34843916
PTALT0AE0002,36283979,ALTR,EUR,2020-12-15,3.3656,3.3656,3.2218,3.3093,697423,643,3.28838308
PTALT0AE0002,36283979,ALTR,EUR,2020-12-16,3.3125,3.3594,3.2781,3.2843,437325,393,3.30183314
PTALT0AE0002,36283979,ALTR,EUR,2020-12-17,3.3344,3.3344,3.2562,3.3093,763718,555,3.29276217
PTALT0AE0002,36283979,ALTR,EUR,2020-12-18,3.2968,3.3156,3.2311,3.2405,383021,438,3.26273413
PTALT0AE0002,36283979,ALTR,EUR,2020-12-21,3.1905,3.1905,2.9997,3.1498,1021450,752,3.10977881
PTALT0AE0002,36283979,ALTR,EUR,2020-12-22,3.1592,3.228,3.1592,3.2124,303386,356,3.20674435
PTALT0AE0002,36283979,ALTR,EUR,2020-12-23,3.2155,3.253,3.1874,3.203,391681,460,3.2205072
PTALT0AE0002,36283979,ALTR,EUR,2020-12-24,3.2155,3.2155,3.178,3.203,108875,106,3.20299085
PTALT0AE0002,36283979,ALTR,EUR,2020-12-28,3.2186,3.3031,3.2186,3.2437,568061,351,3.2561655
PTALT0AE0002,36283979,ALTR,EUR,2020-12-29,3.2562,3.2655,3.2218,3.253,458133,307,3.24678174
PTALT0AE0002,36283979,ALTR,EUR,2020-12-30,3.2311,3.2781,3.2311,3.2593,214738,259,3.25272479
PTALT0AE0002,36283979,ALTR,EUR,2020-12-31,3.2468,3.2499,3.228,3.228,78091,90,3.2364596
PTALT0AE0002,36283979,ALTR,EUR,2021-01-04,3.2718,3.3312,3.2218,3.2468,436098,454,3.26867718
PTALT0AE0002,36283979,ALTR,EUR,2021-01-05,3.2218,3.2781,3.2218,3.2593,429600,496,3.25491433
PTALT0AE0002,36283979,ALTR,EUR,2021-01-06,3.2874,3.3969,3.2874,3.3719,903766,894,3.35062871
PTALT0AE0002,36283979,ALTR,EUR,2021-01-07,3.3907,3.472,3.3688,3.4689,862171,772,3.41443829
PTALT0AE0002,36283979,ALTR,EUR,2021-01-08,3.472,3.5033,3.4063,3.4188,640494,532,3.43695932
PTALT0AE0002,36283979,ALTR,EUR,2021-01-11,3.3782,3.4094,3.2437,3.2906,943841,787,3.31090411
PTALT0AE0002,36283979,ALTR,EUR,2021-01-12,3.3156,3.3312,3.2843,3.3031,391247,489,3.30902736
PTALT0AE0002,36283979,ALTR,EUR,2021-01-13,3.3219,3.3219,3.2249,3.2437,485140,499,3.25460154
PTALT0AE0002,36283979,ALTR,EUR,2021-01-14,3.253,3.2843,3.228,3.2499,249948,391,3.25053524
PTALT0AE0002,36283979,ALTR,EUR,2021-01-15,3.2781,3.2781,3.1185,3.1529,657099,706,3.17859307
PTALT0AE0002,36283979,ALTR,EUR,2021-01-18,3.1436,3.2155,3.1092,3.2061,241588,359,3.17984423
PTALT0AE0002,36283979,ALTR,EUR,2021-01-19,3.2311,3.2906,3.203,3.2374,492993,500,3.24772011
PTALT0AE0002,36283979,ALTR,EUR,2021-01-20,3.253,3.2781,3.228,3.2374,350657,460,3.24990966
PTALT0AE0002,36283979,ALTR,EUR,2021-01-21,3.253,3.3,3.2343,3.2781,460516,470,3.2721179
PTALT0AE0002,36283979,ALTR,EUR,2021-01-22,3.253,3.2843,3.2218,3.2781,348103,351,3.25929342
PTALT0AE0002,36283979,ALTR,EUR,2021-01-25,3.2906,3.3093,3.1686,3.1717,404848,385,3.21143623
PTALT0AE0002,36283979,ALTR,EUR,2021-01-26,3.1561,3.1999,3.1529,3.1655,206952,307,3.17483956
PTALT0AE0002,36283979,ALTR,EUR,2021-01-27,3.1623,3.1623,3.0091,3.0841,559950,659,3.0547274
PTALT0AE0002,36283979,ALTR,EUR,2021-01-28,3.0091,3.178,2.9965,3.1436,345768,414,3.09789271
PTALT0AE0002,36283979,ALTR,EUR,2021-01-29,3.0904,3.1529,3.0372,3.0747,253630,359,3.10977881
PTALT0AE0002,36283979,ALTR,EUR,2021-02-01,3.1342,3.1592,3.0779,3.1279,335165,411,3.13229984
PTALT0AE0002,36283979,ALTR,EUR,2021-02-02,3.1655,3.1686,3.1092,3.1217,288835,438,3.13136146
PTALT0AE0002,36283979,ALTR,EUR,2021-02-03,3.1404,3.1404,3.0747,3.1092,458398,505,3.1060253
PTALT0AE0002,36283979,ALTR,EUR,2021-02-04,3.1154,3.1842,3.0841,3.1842,405908,464,3.14324756
PTALT0AE0002,36283979,ALTR,EUR,2021-02-05,3.1842,3.2468,3.1592,3.2249,511112,554,3.2089339
PTALT0AE0002,36283979,ALTR,EUR,2021-02-08,3.2249,3.3312,3.2155,3.3281,670291,569,3.2877575
PTALT0AE0002,36283979,ALTR,EUR,2021-02-09,3.3594,3.4564,3.3156,3.4157,899309,932,3.40693128
PTALT0AE0002,36283979,ALTR,EUR,2021-02-10,3.4407,3.5283,3.4094,3.4345,618802,627,3.4654234
PTALT0AE0002,36283979,ALTR,EUR,2021-02-11,3.4564,3.4939,3.4251,3.4689,316684,413,3.46041873
PTALT0AE0002,36283979,ALTR,EUR,2021-02-12,3.4126,3.472,3.4032,3.4564,295825,397,3.43602094
PTALT0AE0002,36283979,ALTR,EUR,2021-02-15,3.472,3.5783,3.4626,3.5783,649297,674,3.54143187
PTALT0AE0002,36283979,ALTR,EUR,2021-02-16,3.5971,3.7785,3.5909,3.6096,3828321,1427,3.69876629
PTALT0AE0002,36283979,ALTR,EUR,2021-02-17,3.6784,3.6909,3.5815,3.594,790721,859,3.64121255
PTALT0AE0002,36283979,ALTR,EUR,2021-02-18,3.5877,3.6597,3.5877,3.619,497130,650,3.62432177
PTALT0AE0002,36283979,ALTR,EUR,2021-02-19,3.6472,3.7848,3.6472,3.7535,1403521,1298,3.7497514
PTALT0AE0002,36283979,ALTR,EUR,2021-02-22,3.7566,3.888,3.716,3.8317,1035910,1009,3.83139013
PTALT0AE0002,36283979,ALTR,EUR,2021-02-23,3.8661,3.9036,3.716,3.7691,1105462,1162,3.77758989
PTALT0AE0002,36283979,ALTR,EUR,2021-02-24,3.7535,3.8911,3.7535,3.8661,882306,850,3.84609135
PTALT0AE0002,36283979,ALTR,EUR,2021-02-25,3.8974,3.9255,3.8223,3.8348,513745,611,3.86767401
PTALT0AE0002,36283979,ALTR,EUR,2021-02-26,3.7848,3.8348,3.716,3.7817,650024,868,3.78353294
PTALT0AE0002,36283979,ALTR,EUR,2021-03-01,3.8223,3.8849,3.8036,3.8505,635556,684,3.85047044
PTALT0AE0002,36283979,ALTR,EUR,2021-03-02,3.8192,3.8817,3.8129,3.8254,354620,455,3.8401483
PTALT0AE0002,36283979,ALTR,EUR,2021-03-03,3.8473,3.8661,3.7942,3.838,327218,514,3.82920058
PTALT0AE0002,36283979,ALTR,EUR,2021-03-04,3.8536,3.8536,3.7598,3.7848,391443,444,3.79072716
PTALT0AE0002,36283979,ALTR,EUR,2021-03-05,3.7504,3.8348,3.7316,3.7629,755922,1105,3.78040502
PTALT0AE0002,36283979,ALTR,EUR,2021-03-08,3.7848,3.8286,3.7316,3.766,649166,734,3.76069912
PTALT0AE0002,36283979,ALTR,EUR,2021-03-09,3.7598,3.9036,3.7535,3.838,1124194,945,3.84577856
PTALT0AE0002,36283979,ALTR,EUR,2021-03-10,3.8348,3.8536,3.7691,3.791,585241,746,3.80605397
PTALT0AE0002,36283979,ALTR,EUR,2021-03-11,3.7973,3.838,3.7785,3.8067,370218,464,3.80542838
PTALT0AE0002,36283979,ALTR,EUR,2021-03-12,3.7848,3.8192,3.7472,3.7879,283793,367,3.77602593
PTALT0AE0002,36283979,ALTR,EUR,2021-03-15,3.7879,3.8067,3.7379,3.7472,373062,498,3.76069912
PTALT0AE0002,36283979,ALTR,EUR,2021-03-16,3.7379,3.7629,3.6847,3.7222,750311,773,3.70815005
PTALT0AE0002,36283979,ALTR,EUR,2021-03-17,3.7128,3.7191,3.6409,3.6659,351928,523,3.66998942
PTALT0AE0002,36283979,ALTR,EUR,2021-03-18,3.6909,3.8067,3.6816,3.7785,727050,891,3.75850957
PTALT0AE0002,36283979,ALTR,EUR,2021-03-19,3.7598,3.8943,3.6816,3.8505,1459968,1601,3.83795876
PTALT0AE0002,36283979,ALTR,EUR,2021-03-22,3.8192,3.8473,3.7035,3.7472,1311427,1259,3.75506886
PTALT0AE0002,36283979,ALTR,EUR,2021-03-23,3.7316,3.7379,3.644,3.6628,912056,986,3.67874759
PTALT0AE0002,36283979,ALTR,EUR,2021-03-24,3.644,3.6722,3.5783,3.6691,702797,841,3.61869152
PTALT0AE0002,36283979,ALTR,EUR,2021-03-25,3.6691,3.6691,3.5846,3.6565,501317,618,3.62119385
PTALT0AE0002,36283979,ALTR,EUR,2021-03-26,3.6909,3.7285,3.644,3.6847,547101,709,3.6825011
PTALT0AE0002,36283979,ALTR,EUR,2021-03-29,3.6722,3.7222,3.6315,3.6565,407503,535,3.67092779
PTALT0AE0002,36283979,ALTR,EUR,2021-03-30,3.6941,4.0569,3.6941,4.0225,3769045,2670,3.92647892
PTALT0AE0002,36283979,ALTR,EUR,2021-03-31,4.0381,4.2508,4.0288,4.0819,1825249,1534,4.15325317
PTALT0AE0002,36283979,ALTR,EUR,2021-04-01,4.1038,4.1914,4.0288,4.0726,971161,970,4.09882735
PTALT0AE0002,36283979,ALTR,EUR,2021-04-06,4.1163,4.182,4.0475,4.0663,910066,971,4.09507385
PTALT0AE0002,36283979,ALTR,EUR,2021-04-07,4.0569,4.0726,3.9881,4.0006,629419,783,4.01343511
PTALT0AE0002,36283979,ALTR,EUR,2021-04-08,4.0319,4.0538,3.9662,4.0288,912125,910,4.01687583
PTALT0AE0002,36283979,ALTR,EUR,2021-04-09,4.0381,4.0413,3.985,3.9944,414441,527,4.00342577
PTALT0AE0002,36283979,ALTR,EUR,2021-04-12,3.9818,3.985,3.9193,3.9568,511429,528,3.95244066
PTALT0AE0002,36283979,ALTR,EUR,2021-04-13,3.9568,4.0288,3.9443,3.9474,388355,475,3.97245935
PTALT0AE0002,36283979,ALTR,EUR,2021-04-14,3.9412,3.9474,3.8943,3.9287,415461,377,3.9192847
PTALT0AE0002,36283979,ALTR,EUR,2021-04-15,3.9287,3.9412,3.8755,3.9318,478770,488,3.9036451
PTALT0AE0002,36283979,ALTR,EUR,2021-04-16,3.9537,4.0726,3.9224,4.0225,886369,728,4.0062409
PTALT0AE0002,36283979,ALTR,EUR,2021-04-19,3.9975,4.0819,3.9975,4.0413,364761,484,4.04909341
PTALT0AE0002,36283979,ALTR,EUR,2021-04-20,4.035,4.0632,3.9568,3.9599,415450,637,4.00280018
PTALT0AE0002,36283979,ALTR,EUR,2021-04-21,3.9787,4.035,3.9443,4.0256,548488,612,3.99372921
PTALT0AE0002,36283979,ALTR,EUR,2021-04-22,4.06,4.1132,3.9912,4.06,847556,768,4.06160509
PTALT0AE0002,36283979,ALTR,EUR,2021-04-23,4.0976,4.1476,4.0413,4.1226,740284,674,4.11415416
PTALT0AE0002,36283979,ALTR,EUR,2021-04-26,4.1163,4.2227,4.1101,4.182,629991,694,4.18296842
PTALT0AE0002,36283979,ALTR,EUR,2021-04-27,4.2227,4.2227,4.0976,4.1445,475841,484,4.14699733
PTALT0AE0002,36283979,ALTR,EUR,2021-04-28,4.1414,4.2352,4.1132,4.182,817288,922,4.18578355
PTALT0AE0002,36283979,ALTR,EUR,2021-04-29,4.1914,4.2258,4.1789,4.2008,560923,731,4.20267432
PTALT0AE0002,36283979,ALTR,EUR,2021-04-30,4.2039,4.2258,4.0663,4.0663,1016728,1201,4.11509254
PTALT0AE0002,36283979,ALTR,EUR,2021-05-03,4.0788,4.1163,4.035,4.1038,324675,447,4.09006917
PTALT0AE0002,36283979,ALTR,EUR,2021-05-04,4.1539,4.1539,4.06,4.0788,641741,746,4.09069476
PTALT0AE0002,36283979,ALTR,EUR,2021-05-05,4.1195,4.132,4.0694,4.1038,421709,443,4.09788897
PTALT0AE0002,36283979,ALTR,EUR,2021-05-06,4.1007,4.1101,3.985,4.0538,985694,1021,4.03314102
PTALT0AE0002,36283979,ALTR,EUR,2021-05-07,4.0475,4.1539,4.0444,4.1289,986017,1032,4.11978442
PTALT0AE0002,36283979,ALTR,EUR,2021-05-10,4.0882,4.1476,4.0882,4.1226,533902,566,4.12666585
PTALT0AE0002,36283979,ALTR,EUR,2021-05-11,4.0944,4.1038,4.035,4.0976,499256,614,4.07192723
PTALT0AE0002,36283979,ALTR,EUR,2021-05-12,4.0913,4.1226,4.0475,4.0944,391157,537,4.08975638
PTALT0AE0002,36283979,ALTR,EUR,2021-05-13,4.0663,4.0851,3.9537,4.0726,772062,955,4.02250608
PTALT0AE0002,36283979,ALTR,EUR,2021-05-14,4.0944,4.132,4.035,4.0788,882483,709,4.08631567
PTALT0AE0002,36283979,ALTR,EUR,2021-05-17,4.0788,4.1852,4.0788,4.1726,1292748,956,4.1482485
PTALT0AE0002,36283979,ALTR,EUR,2021-05-18,4.0663,4.107,4.035,4.035,507779,502,4.05847717
PTALT0AE0002,36283979,ALTR,EUR,2021-05-19,4.0163,4.0256,3.9255,3.9631,802048,783,3.96401397
PTALT0AE0002,36283979,ALTR,EUR,2021-05-20,4.0037,4.0507,3.9349,4.0381,676324,658,4.00436414
PTALT0AE0002,36283979,ALTR,EUR,2021-05-21,4.0663,4.1664,3.9099,3.9224,1962225,1582,3.99842109
PTALT0AE0002,36283979,ALTR,EUR,2021-05-24,3.9318,3.9318,3.8098,3.8161,964599,990,3.84171227
PTALT0AE0002,36283979,ALTR,EUR,2021-05-25,3.8223,3.8348,3.7535,3.7598,936906,975,3.77446197
PTALT0AE0002,36283979,ALTR,EUR,2021-05-26,3.7754,3.7848,3.6628,3.6784,1152703,1006,3.71190355
PTALT0AE0002,36283979,ALTR,EUR,2021-05-27,3.6847,3.7128,3.6659,3.6909,1019450,686,3.69188486
PTALT0AE0002,36283979,ALTR,EUR,2021-05-28,3.7191,3.7316,3.6472,3.6472,665184,739,3.66967662
PTALT0AE0002,36283979,ALTR,EUR,2021-05-31,3.6409,3.6472,3.5815,3.5815,396653,477,3.60868217
PTALT0AE0002,36283979,ALTR,EUR,2021-06-01,3.5815,3.6722,3.5658,3.6159,453564,643,3.62870086
PTALT0AE0002,36283979,ALTR,EUR,2021-06-02,3.619,3.6284,3.5846,3.5971,415341,475,3.60492866
PTALT0AE0002,36283979,ALTR,EUR,2021-06-03,3.5909,3.5971,3.5252,3.5377,428041,577,3.55019005
PTALT0AE0002,36283979,ALTR,EUR,2021-06-04,3.5283,3.6127,3.5283,3.5846,669510,714,3.57771575
PTALT0AE0002,36283979,ALTR,EUR,2021-06-07,3.5721,3.5877,3.5502,3.569,339983,450,3.56739362
PTALT0AE0002,36283979,ALTR,EUR,2021-06-08,3.569,3.569,3.5189,3.5314,1132814,864,3.53486324
PTALT0AE0002,36283979,ALTR,EUR,2021-06-09,3.5127,3.5439,3.5064,3.5095,293589,355,3.52266435
PTALT0AE0002,36283979,ALTR,EUR,2021-06-10,3.5095,3.5314,3.4876,3.5001,359507,394,3.50952708
PTALT0AE0002,36283979,ALTR,EUR,2021-06-11,3.5314,3.6253,3.5127,3.5971,704129,714,3.58178205
PTALT0AE0002,36283979,ALTR,EUR,2021-06-14,3.5971,3.6722,3.5971,3.6503,427544,471,3.64465326
PTALT0AE0002,36283979,ALTR,EUR,2021-06-15,3.6722,3.6753,3.619,3.619,375791,511,3.64402767
PTALT0AE0002,36283979,ALTR,EUR,2021-06-16,3.6346,3.6534,3.5846,3.6346,435896,435,3.61775314
PTALT0AE0002,36283979,ALTR,EUR,2021-06-17,3.5971,3.6472,3.522,3.5314,561817,523,3.55456914
PTALT0AE0002,36283979,ALTR,EUR,2021-06-18,3.5314,3.5658,3.4501,3.4501,1095349,756,3.47480716
PTALT0AE0002,36283979,ALTR,EUR,2021-06-21,3.4407,3.497,3.4063,3.4501,882878,846,3.44728146
PTALT0AE0002,36283979,ALTR,EUR,2021-06-22,3.4501,3.4564,3.3719,3.3969,686475,742,3.40130102
PTALT0AE0002,36283979,ALTR,EUR,2021-06-23,3.4282,3.4282,3.3907,3.3969,344713,399,3.40661849
PTALT0AE0002,36283979,ALTR,EUR,2021-06-24,3.4282,3.4282,3.3156,3.3656,640148,599,3.35969968
PTALT0AE0002,36283979,ALTR,EUR,2021-06-25,3.3813,3.3813,3.3406,3.3594,743834,721,3.35688455
PTALT0AE0002,36283979,ALTR,EUR,2021-06-28,3.3719,3.3813,3.3312,3.3531,537145,575,3.35782293
PTALT0AE0002,36283979,ALTR,EUR,2021-06-29,3.3782,3.3782,3.2687,3.2843,756542,736,3.31278087
PTALT0AE0002,36283979,ALTR,EUR,2021-06-30,3.3093,3.3093,3.2311,3.2781,795090,862,3.26429809
PTALT0AE0002,36283979,ALTR,EUR,2021-07-01,3.3093,3.3125,3.2405,3.2812,707578,748,3.27618419
PTALT0AE0002,36283979,ALTR,EUR,2021-07-02,3.3281,3.4595,3.2843,3.4094,1733560,1812,3.36814506
PTALT0AE0002,36283979,ALTR,EUR,2021-07-05,3.472,3.5471,3.4532,3.5314,1149693,1152,3.50358403
PTALT0AE0002,36283979,ALTR,EUR,2021-07-06,3.5533,3.5533,3.4219,3.4376,1340857,1207,3.48731884
PTALT0AE0002,36283979,ALTR,EUR,2021-07-07,3.4407,3.4438,3.3,3.325,798026,754,3.33780423
PTALT0AE0002,36283979,ALTR,EUR,2021-07-08,3.3281,3.3312,3.2749,3.3219,534091,645,3.29901802
PTALT0AE0002,36283979,ALTR,EUR,2021-07-09,3.3156,3.3594,3.2937,3.3406,584715,650,3.33092281
PTALT0AE0002,36283979,ALTR,EUR,2021-07-12,3.3563,3.3594,3.2968,3.3406,430305,558,3.33311235
PTALT0AE0002,36283979,ALTR,EUR,2021-07-13,3.3406,3.3844,3.3281,3.3594,349783,584,3.35594617
PTALT0AE0002,36283979,ALTR,EUR,2021-07-14,3.3375,3.4032,3.3281,3.3594,299280,357,3.36939623
PTALT0AE0002,36283979,ALTR,EUR,2021-07-15,3.3844,3.3844,3.228,3.2843,706736,589,3.28118887
PTALT0AE0002,36283979,ALTR,EUR,2021-07-16,3.2687,3.325,3.1967,3.2061,548194,519,3.24459219
PTALT0AE0002,36283979,ALTR,EUR,2021-07-19,3.1905,3.1905,3.0216,3.0716,1322960,1237,3.08068915
PTALT0AE0002,36283979,ALTR,EUR,2021-07-20,3.0966,3.0966,3.0247,3.0873,678039,692,3.06598792
PTALT0AE0002,36283979,ALTR,EUR,2021-07-21,3.1248,3.178,3.0904,3.1686,755991,862,3.13949406
PTALT0AE0002,36283979,ALTR,EUR,2021-07-22,3.1905,3.2249,3.1404,3.1811,790963,759,3.1851617
PTALT0AE0002,36283979,ALTR,EUR,2021-07-23,3.1874,3.253,3.1655,3.2437,724885,754,3.21831766
PTALT0AE0002,36283979,ALTR,EUR,2021-07-26,3.2343,3.3062,3.2155,3.2968,734283,813,3.26054459
PTALT0AE0002,36283979,ALTR,EUR,2021-07-27,3.3062,3.3062,3.2186,3.2499,385073,412,3.23927473
PTALT0AE0002,36283979,ALTR,EUR,2021-07-28,3.3,3.4219,3.2562,3.3907,910079,733,3.37565207
PTALT0AE0002,36283979,ALTR,EUR,2021-07-29,3.4219,3.4219,3.3156,3.3531,740109,726,3.35406942
PTALT0AE0002,36283979,ALTR,EUR,2021-07-30,3.4407,3.4407,3.1592,3.1874,2081967,1906,3.24553057
PTALT0AE0002,36283979,ALTR,EUR,2021-08-02,3.203,3.2311,3.1279,3.1373,827035,749,3.1654558
PTALT0AE0002,36283979,ALTR,EUR,2021-08-03,3.1404,3.178,3.0966,3.1529,450813,508,3.14230919
PTALT0AE0002,36283979,ALTR,EUR,2021-08-04,3.1655,3.178,3.1217,3.1498,284980,307,3.15231853
PTALT0AE0002,36283979,ALTR,EUR,2021-08-05,3.1498,3.2124,3.1217,3.1999,349206,334,3.18578728
PTALT0AE0002,36283979,ALTR,EUR,2021-08-06,3.2061,3.2655,3.1874,3.203,554366,436,3.22238396
PTALT0AE0002,36283979,ALTR,EUR,2021-08-09,3.1905,3.228,3.1811,3.228,284701,357,3.2089339
PTALT0AE0002,36283979,ALTR,EUR,2021-08-10,3.2249,3.2781,3.2061,3.2718,424679,464,3.2520992
PTALT0AE0002,36283979,ALTR,EUR,2021-08-11,3.2906,3.2968,3.2562,3.2718,400062,339,3.27336906
PTALT0AE0002,36283979,ALTR,EUR,2021-08-12,3.2968,3.3093,3.2655,3.2655,480691,437,3.28744471
PTALT0AE0002,36283979,ALTR,EUR,2021-08-13,3.2968,3.2968,3.2499,3.2655,269212,301,3.26429809
PTALT0AE0002,36283979,ALTR,EUR,2021-08-16,3.2624,3.2781,3.228,3.2624,289244,336,3.25303758
PTALT0AE0002,36283979,ALTR,EUR,2021-08-17,3.228,3.2749,3.228,3.2624,226447,327,3.25960621
PTALT0AE0002,36283979,ALTR,EUR,2021-08-18,3.2499,3.2843,3.2499,3.2749,281808,357,3.27055394
PTALT0AE0002,36283979,ALTR,EUR,2021-08-19,3.253,3.2843,3.2061,3.2061,722884,791,3.23708518
PTALT0AE0002,36283979,ALTR,EUR,2021-08-20,3.228,3.228,3.1655,3.2218,431850,477,3.19485825
PTALT0AE0002,36283979,ALTR,EUR,2021-08-23,3.203,3.2937,3.203,3.2781,635975,613,3.25272479
PTALT0AE0002,36283979,ALTR,EUR,2021-08-24,3.2874,3.3969,3.2874,3.3406,946938,876,3.34750079
PTALT0AE0002,36283979,ALTR,EUR,2021-08-25,3.3719,3.3813,3.325,3.3281,329002,398,3.34593683
PTALT0AE0002,36283979,ALTR,EUR,2021-08-26,3.3594,3.3594,3.2968,3.3219,260564,377,3.31747275
PTALT0AE0002,36283979,ALTR,EUR,2021-08-27,3.3406,3.3594,3.3031,3.3594,280515,374,3.33436352
PTALT0AE0002,36283979,ALTR,EUR,2021-08-30,3.375,3.4407,3.3625,3.4313,615821,527,3.40943362
PTALT0AE0002,36283979,ALTR,EUR,2021-08-31,3.4407,3.5471,3.4407,3.5283,1155804,1088,3.51484455
PTALT0AE0002,36283979,ALTR,EUR,2021-09-01,3.5283,3.5752,3.5127,3.5158,668101,615,3.53767837
PTALT0AE0002,36283979,ALTR,EUR,2021-09-02,3.522,3.5439,3.4814,3.5252,528189,511,3.51515734
PTALT0AE0002,36283979,ALTR,EUR,2021-09-03,3.522,3.5283,3.497,3.5127,272231,478,3.51109104
PTALT0AE0002,36283979,ALTR,EUR,2021-09-06,3.5064,3.5127,3.4751,3.4751,316395,397,3.48544209
PTALT0AE0002,36283979,ALTR,EUR,2021-09-07,3.4845,3.4845,3.4345,3.4564,313169,414,3.45541405
PTALT0AE0002,36283979,ALTR,EUR,2021-09-08,3.472,3.472,3.3719,3.3813,496927,578,3.40036265
PTALT0AE0002,36283979,ALTR,EUR,2021-09-09,3.3563,3.3907,3.2812,3.3844,595194,640,3.35438221
PTALT0AE0002,36283979,ALTR,EUR,2021-09-10,3.4,3.4501,3.3625,3.4438,840112,879,3.41975576
PTALT0AE0002,36283979,ALTR,EUR,2021-09-13,3.4689,3.5502,3.447,3.5033,826293,792,3.49482585
PTALT0AE0002,36283979,ALTR,EUR,2021-09-14,3.5346,3.5346,3.4407,3.4438,820919,804,3.48763164
PTALT0AE0002,36283979,ALTR,EUR,2021-09-15,3.447,3.5252,3.4345,3.4876,688067,669,3.48544209
PTALT0AE0002,36283979,ALTR,EUR,2021-09-16,3.4782,3.5158,3.4032,3.4345,1407775,1001,3.44446633
PTALT0AE0002,36283979,ALTR,EUR,2021-09-17,3.4345,3.4626,3.3938,3.3938,598870,626,3.41850459
PTALT0AE0002,36283979,ALTR,EUR,2021-09-20,3.3782,3.3782,3.2655,3.3125,700661,789,3.31403203
PTALT0AE0002,36283979,ALTR,EUR,2021-09-21,3.3125,3.3688,3.2843,3.2937,443500,483,3.32153904
PTALT0AE0002,36283979,ALTR,EUR,2021-09-22,3.2968,3.4063,3.2968,3.4063,450233,463,3.37252415
PTALT0AE0002,36283979,ALTR,EUR,2021-09-23,3.4345,3.4782,3.4219,3.4532,739799,675,3.449471
PTALT0AE0002,36283979,ALTR,EUR,2021-09-24,3.4407,3.4564,3.4126,3.4313,413485,403,3.42882673
PTALT0AE0002,36283979,ALTR,EUR,2021-09-27,3.4282,3.4689,3.4251,3.4595,456213,496,3.44759425
PTALT0AE0002,36283979,ALTR,EUR,2021-09-28,3.4376,3.4564,3.4,3.4,474481,440,3.42507322
PTALT0AE0002,36283979,ALTR,EUR,2021-09-29,3.4126,3.4157,3.3375,3.3688,754195,676,3.37346253
PTALT0AE0002,36283979,ALTR,EUR,2021-09-30,3.375,3.4126,3.3406,3.35,1351305,1313,3.35969968
PTALT0AE0002,36283979,ALTR,EUR,2021-10-01,3.3156,3.3688,3.2874,3.3375,941671,865,3.32779489
PTALT0AE0002,36283979,ALTR,EUR,2021-10-04,3.3156,3.3312,3.2624,3.2937,1311339,985,3.30058198
PTALT0AE0002,36283979,ALTR,EUR,2021-10-05,3.2937,3.2937,3.2374,3.253,1456720,1220,3.25428875
PTALT0AE0002,36283979,ALTR,EUR,2021-10-06,3.2405,3.2405,3.1717,3.1842,1288303,955,3.19767338
PTALT0AE0002,36283979,ALTR,EUR,2021-10-07,3.2218,3.2655,3.1905,3.1999,1589581,1033,3.21956883
PTALT0AE0002,36283979,ALTR,EUR,2021-10-08,3.2218,3.2906,3.1905,3.2186,1161746,935,3.22207116
PTALT0AE0002,36283979,ALTR,EUR,2021-10-11,3.2405,3.2843,3.2061,3.2468,1215676,935,3.24334103
PTALT0AE0002,36283979,ALTR,EUR,2021-10-12,3.2186,3.2405,3.2124,3.2249,784625,744,3.22082
PTALT0AE0002,36283979,ALTR,EUR,2021-10-13,3.2124,3.2343,3.1874,3.228,837268,589,3.21425136
PTALT0AE0002,36283979,ALTR,EUR,2021-10-14,3.2405,3.2655,3.2311,3.2624,708000,439,3.25303758
PTALT0AE0002,36283979,ALTR,EUR,2021-10-15,3.2718,3.3437,3.2655,3.3344,1574907,859,3.30152035
PTALT0AE0002,36283979,ALTR,EUR,2021-10-18,3.3344,3.3531,3.2843,3.3156,691329,529,3.31278087
PTALT0AE0002,36283979,ALTR,EUR,2021-10-19,3.3312,3.3469,3.3062,3.3406,667056,545,3.32591813
PTALT0AE0002,36283979,ALTR,EUR,2021-10-20,3.3375,3.4345,3.3093,3.4188,1438698,881,3.38472304
PTALT0AE0002,36283979,ALTR,EUR,2021-10-21,3.4251,3.5127,3.3938,3.4282,1935888,1184,3.4457175
PTALT0AE0002,36283979,ALTR,EUR,2021-10-22,3.4626,3.5346,3.4282,3.5189,1454789,970,3.49795377
PTALT0AE0002,36283979,ALTR,EUR,2021-10-25,3.5314,3.5596,3.4689,3.522,1826986,1225,3.51202942
PTALT0AE0002,36283979,ALTR,EUR,2021-10-26,3.5377,3.594,3.5252,3.5252,1196842,912,3.55582031
PTALT0AE0002,36283979,ALTR,EUR,2021-10-27,3.5158,3.5283,3.4063,3.4219,1051629,870,3.449471
PTALT0AE0002,36283979,ALTR,EUR,2021-10-28,3.3969,3.4908,3.3719,3.4845,925487,808,3.43821049
PTALT0AE0002,36283979,ALTR,EUR,2021-10-29,3.4814,3.5471,3.4657,3.5033,1162179,795,3.50858871
PTALT0AE0002,36283979,ALTR,EUR,2021-11-01,3.5127,3.5971,3.5127,3.5721,1505618,891,3.55863544
PTALT0AE0002,36283979,ALTR,EUR,2021-11-02,3.5658,3.5909,3.5189,3.5377,1377774,890,3.5561331
PTALT0AE0002,36283979,ALTR,EUR,2021-11-03,3.522,3.5471,3.4845,3.5158,850085,616,3.51359338
PTALT0AE0002,36283979,ALTR,EUR,2021-11-04,3.5283,3.5533,3.5095,3.5346,2121701,589,3.53329928
PTALT0AE0002,36283979,ALTR,EUR,2021-11-05,3.5346,3.5658,3.4939,3.5471,1221300,811,3.53548882
PTALT0AE0002,36283979,ALTR,EUR,2021-11-08,3.5471,3.6534,3.5471,3.6534,2282297,1446,3.60273912
PTALT0AE0002,36283979,ALTR,EUR,2021-11-09,3.6597,3.716,3.6253,3.6409,1722823,1202,3.67530688
PTALT0AE0002,36283979,ALTR,EUR,2021-11-10,3.6722,3.6722,3.5721,3.6409,1031651,739,3.6193171
PTALT0AE0002,36283979,ALTR,EUR,2021-11-11,3.6472,3.7222,3.6346,3.7097,1457119,1002,3.69188486
PTALT0AE0002,36283979,ALTR,EUR,2021-11-12,3.7097,3.7254,3.6816,3.7097,561177,510,3.70877563
PTALT0AE0002,36283979,ALTR,EUR,2021-11-15,3.7222,3.7222,3.6909,3.7066,473789,446,3.70783726
PTALT0AE0002,36283979,ALTR,EUR,2021-11-16,3.7097,3.741,3.7066,3.7316,547643,458,3.72754316
PTALT0AE0002,36283979,ALTR,EUR,2021-11-17,3.741,3.7942,3.7222,3.7723,1115781,862,3.7694573
PTALT0AE0002,36283979,ALTR,EUR,2021-11-18,3.766,3.7879,3.5846,3.6127,1597096,1122,3.66623591
PTALT0AE0002,36283979,ALTR,EUR,2021-11-19,3.7535,3.8411,3.3469,3.3656,5885395,3682,3.53110973
PTALT0AE0002,36283979,ALTR,EUR,2021-11-22,3.4,3.4,3.2405,3.3219,2968582,2374,3.30965295
PTALT0AE0002,36283979,ALTR,EUR,2021-11-23,3.2968,3.3156,3.1717,3.178,3309919,2094,3.21456415
PTALT0AE0002,36283979,ALTR,EUR,2021-11-24,3.1842,3.1874,3.0904,3.1467,2798670,1784,3.13730451
PTALT0AE0002,36283979,ALTR,EUR,2021-11-25,3.1717,3.1999,3.1342,3.178,1525764,1145,3.17077326
PTALT0AE0002,36283979,ALTR,EUR,2021-11-26,3.0966,3.0966,3.0153,3.0153,2558889,1935,3.05191228
PTALT0AE0002,36283979,ALTR,EUR,2021-11-29,3.0372,3.1404,3.031,3.0904,2193175,1619,3.09507758
PTALT0AE0002,36283979,ALTR,EUR,2021-11-30,3.0591,3.1248,3.0341,3.0654,1371508,1089,3.07631006
PTALT0AE0002,36283979,ALTR,EUR,2021-12-01,3.081,3.1811,3.0779,3.1811,1442643,962,3.14793944
PTALT0AE0002,36283979,ALTR,EUR,2021-12-02,3.1467,3.2311,3.1029,3.203,1508479,1252,3.19548384
PTALT0AE0002,36283979,ALTR,EUR,2021-12-03,3.228,3.2937,3.2186,3.2593,1635394,1191,3.26148297
PTALT0AE0002,36283979,ALTR,EUR,2021-12-06,3.2718,3.325,3.2468,3.3062,958510,797,3.28900867
PTALT0AE0002,36283979,ALTR,EUR,2021-12-07,3.3156,3.3656,3.3156,3.3563,815904,682,3.34875195
PTALT0AE0002,36283979,ALTR,EUR,2021-12-08,3.3563,3.3844,3.3469,3.3563,650045,623,3.36376597
PTALT0AE0002,36283979,ALTR,EUR,2021-12-09,3.3563,3.3594,3.2812,3.2906,798271,653,3.3152832
PTALT0AE0002,36283979,ALTR,EUR,2021-12-10,3.2812,3.325,3.2687,3.2874,403109,387,3.29401334
PTALT0AE0002,36283979,ALTR,EUR,2021-12-13,3.2874,3.3125,3.253,3.2687,589357,547,3.27399465
PTALT0AE0002,36283979,ALTR,EUR,2021-12-14,3.2687,3.2968,3.2218,3.2343,690453,617,3.25084804
PTALT0AE0002,36283979,ALTR,EUR,2021-12-15,3.2218,3.2499,3.1842,3.1936,492307,523,3.21112344
PTALT0AE0002,36283979,ALTR,EUR,2021-12-16,3.2374,3.2812,3.2186,3.228,799085,651,3.24396661
PTALT0AE0002,36283979,ALTR,EUR,2021-12-17,3.203,3.2405,3.1905,3.2249,636929,444,3.21831766
PTALT0AE0002,36283979,ALTR,EUR,2021-12-20,3.178,3.1842,3.106,3.1717,782738,757,3.15106736
PTALT0AE0002,36283979,ALTR,EUR,2021-12-21,3.2155,3.2812,3.203,3.2593,772936,592,3.252412
PTALT0AE0002,36283979,ALTR,EUR,2021-12-22,3.2437,3.3093,3.2405,3.3093,505663,466,3.29244938
PTALT0AE0002,36283979,ALTR,EUR,2021-12-23,3.3156,3.3782,3.3156,3.375,1101426,677,3.35938689
PTALT0AE0002,36283979,ALTR,EUR,2021-12-24,3.3782,3.4094,3.3656,3.3907,377575,282,3.39285564
PTALT0AE0002,36283979,ALTR,EUR,2021-12-27,3.4094,3.4657,3.4032,3.4501,739950,575,3.43946166
PTALT0AE0002,36283979,ALTR,EUR,2021-12-28,3.447,3.5033,3.4438,3.5033,995651,826,3.49075956
PTALT0AE0002,36283979,ALTR,EUR,2021-12-29,3.5033,3.5283,3.4626,3.5064,938386,792,3.49795377
PTALT0AE0002,36283979,ALTR,EUR,2021-12-30,3.5095,3.5346,3.4876,3.5252,810381,579,3.51484455
PTALT0AE0002,36283979,ALTR,EUR,2021-12-31,3.497,3.5189,3.4939,3.5095,279617,208,3.50796312
PTALT0AE0002,36283979,ALTR,EUR,2022-01-03,3.522,3.5846,3.522,3.5783,866826,636,3.56332732
PTALT0AE0002,36283979,ALTR,EUR,2022-01-04,3.5846,3.6253,3.5377,3.5564,1360243,1174,3.57959251
PTALT0AE0002,36283979,ALTR,EUR,2022-01-05,3.5658,3.5752,3.5283,3.5596,587690,658,3.55800985
PTALT0AE0002,36283979,ALTR,EUR,2022-01-06,3.5158,3.5627,3.4814,3.5095,877869,768,3.51421896
PTALT0AE0002,36283979,ALTR,EUR,2022-01-07,3.522,3.5627,3.497,3.5471,615830,562,3.53861674
PTALT0AE0002,36283979,ALTR,EUR,2022-01-10,3.5471,3.5502,3.472,3.497,664310,618,3.50139449
PTALT0AE0002,36283979,ALTR,EUR,2022-01-11,3.5064,3.5533,3.497,3.5533,790857,613,3.53329928
PTALT0AE0002,36283979,ALTR,EUR,2022-01-12,3.5596,3.5877,3.5408,3.5502,959808,748,3.56332732
PTALT0AE0002,36283979,ALTR,EUR,2022-01-13,3.5346,3.5846,3.5346,3.5783,670622,555,3.56614245
PTALT0AE0002,36283979,ALTR,EUR,2022-01-14,3.5533,3.5627,3.5158,3.5252,676174,619,3.5364272
PTALT0AE0002,36283979,ALTR,EUR,2022-01-17,3.5346,3.5346,3.497,3.5189,447535,434,3.51828526
PTALT0AE0002,36283979,ALTR,EUR,2022-01-18,3.497,3.5064,3.4595,3.4908,516991,611,3.48293976
PTALT0AE0002,36283979,ALTR,EUR,2022-01-19,3.472,3.6159,3.4657,3.5846,1087268,797,3.56238894
PTALT0AE0002,36283979,ALTR,EUR,2022-01-20,3.6096,3.6409,3.5721,3.6409,1171733,643,3.61306126
PTALT0AE0002,36283979,ALTR,EUR,2022-01-21,3.5846,3.6034,3.5033,3.5346,900665,653,3.55144122
PTALT0AE0002,36283979,ALTR,EUR,2022-01-24,3.5158,3.5377,3.3656,3.3844,1330681,869,3.42476043
PTALT0AE0002,36283979,ALTR,EUR,2022-01-25,3.4407,3.4814,3.3782,3.4094,918910,582,3.43289302
PTALT0AE0002,36283979,ALTR,EUR,2022-01-26,3.4407,3.497,3.4376,3.472,497194,499,3.46698736
PTALT0AE0002,36283979,ALTR,EUR,2022-01-27,3.4032,3.4814,3.3782,3.4532,982563,783,3.43039069
PTALT0AE0002,36283979,ALTR,EUR,2022-01-28,3.4814,3.5283,3.4219,3.4438,1089009,820,3.4691769
PTALT0AE0002,36283979,ALTR,EUR,2022-01-31,3.5095,3.5471,3.4814,3.5439,1132185,753,3.52485389
PTALT0AE0002,36283979,ALTR,EUR,2022-02-01,3.5471,3.6034,3.5471,3.6034,763812,601,3.58303322
PTALT0AE0002,36283979,ALTR,EUR,2022-02-02,3.6284,3.644,3.5564,3.5564,609345,582,3.59773445
PTALT0AE0002,36283979,ALTR,EUR,2022-02-03,3.5471,3.5658,3.5064,3.5064,438088,464,3.53110973
PTALT0AE0002,36283979,ALTR,EUR,2022-02-04,3.5283,3.5314,3.4532,3.4908,934189,808,3.48231417
PTALT0AE0002,36283979,ALTR,EUR,2022-02-07,3.5283,3.5408,3.4908,3.4908,572180,522,3.51296779
PTALT0AE0002,36283979,ALTR,EUR,2022-02-08,3.5064,3.5158,3.4595,3.4845,849121,653,3.48857001
PTALT0AE0002,36283979,ALTR,EUR,2022-02-09,3.5189,3.6691,3.5189,3.6628,2320629,1253,3.61681476
PTALT0AE0002,36283979,ALTR,EUR,2022-02-10,3.6659,3.6784,3.5564,3.5909,1137429,796,3.60805659
PTALT0AE0002,36283979,ALTR,EUR,2022-02-11,3.5439,3.5627,3.4876,3.5377,1235669,753,3.52266435
PTALT0AE0002,36283979,ALTR,EUR,2022-02-14,3.472,3.4876,3.4251,3.4814,1275096,1107,3.46260827
PTALT0AE0002,36283979,ALTR,EUR,2022-02-15,3.472,3.5877,3.4657,3.5846,925103,819,3.54612375
PTALT0AE0002,36283979,ALTR,EUR,2022-02-16,3.5971,3.6691,3.594,3.6628,1541922,1265,3.639023
PTALT0AE0002,36283979,ALTR,EUR,2022-02-17,3.6753,3.7347,3.6346,3.6565,1447523,1114,3.67906039
PTALT0AE0002,36283979,ALTR,EUR,2022-02-18,3.6346,3.7128,3.6346,3.6847,856802,739,3.68187551
PTALT0AE0002,36283979,ALTR,EUR,2022-02-21,3.6659,3.6909,3.4845,3.5627,1271163,946,3.56739362
PTALT0AE0002,36283979,ALTR,EUR,2022-02-22,3.447,3.5783,3.4094,3.522,1367245,946,3.51390617
PTALT0AE0002,36283979,ALTR,EUR,2022-02-23,3.5502,3.6127,3.4782,3.4939,918138,789,3.53955512
PTALT0AE0002,36283979,ALTR,EUR,2022-02-24,3.3219,3.3875,3.1748,3.3,2979591,2221,3.28150166
PTALT0AE0002,36283979,ALTR,EUR,2022-02-25,3.3907,3.447,3.3093,3.4407,1795756,1364,3.38722538
PTALT0AE0002,36283979,ALTR,EUR,2022-02-28,3.3594,3.497,3.3469,3.4876,1391732,984,3.45228613
PTALT0AE0002,36283979,ALTR,EUR,2022-03-01,3.5127,3.5283,3.4,3.4032,1142027,1128,3.4457175
PTALT0AE0002,36283979,ALTR,EUR,2022-03-02,3.3563,3.4782,3.3406,3.4313,1749731,1184,3.41537667
PTALT0AE0002,36283979,ALTR,EUR,2022-03-03,3.4313,3.4782,3.3406,3.3469,1096453,843,3.40818245
PTALT0AE0002,36283979,ALTR,EUR,2022-03-04,3.3437,3.3437,3.203,3.2343,1580361,1238,3.26711322
PTALT0AE0002,36283979,ALTR,EUR,2022-03-07,3.1279,3.2749,3.0091,3.203,2123396,1568,3.17546515
PTALT0AE0002,36283979,ALTR,EUR,2022-03-08,3.1279,3.3219,3.1279,3.2437,1421861,1276,3.27149231
PTALT0AE0002,36283979,ALTR,EUR,2022-03-09,3.3594,3.447,3.3375,3.4438,1744641,1271,3.39316843
PTALT0AE0002,36283979,ALTR,EUR,2022-03-10,3.4595,3.4689,3.3719,3.4251,1231036,1083,3.41381271
PTALT0AE0002,36283979,ALTR,EUR,2022-03-11,3.4188,3.569,3.4188,3.5033,1527404,1066,3.50952708
PTALT0AE0002,36283979,ALTR,EUR,2022-03-14,3.5033,3.6409,3.5033,3.6002,907726,693,3.59742165
PTALT0AE0002,36283979,ALTR,EUR,2022-03-15,3.5658,3.6159,3.5408,3.5971,939905,777,3.58021809
PTALT0AE0002,36283979,ALTR,EUR,2022-03-16,3.6534,3.7347,3.6472,3.6784,1672245,1254,3.68500344
PTALT0AE0002,36283979,ALTR,EUR,2022-03-17,3.7035,3.7441,3.6784,3.7316,1002303,949,3.71221635
PTALT0AE0002,36283979,ALTR,EUR,2022-03-18,3.8161,3.8974,3.4532,3.5564,5198816,3454,3.58428439
PTALT0AE0002,36283979,ALTR,EUR,2022-03-21,3.5596,3.569,3.4908,3.5471,1228346,942,3.5323609
PTALT0AE0002,36283979,ALTR,EUR,2022-03-22,3.5533,3.6534,3.5471,3.6503,1757261,1060,3.61744035
PTALT0AE0002,36283979,ALTR,EUR,2022-03-23,3.6597,3.7035,3.6159,3.6909,1345729,870,3.67374292
PTALT0AE0002,36283979,ALTR,EUR,2022-03-24,3.6878,3.7598,3.6816,3.741,1131924,817,3.73129666
PTALT0AE0002,36283979,ALTR,EUR,2022-03-25,3.7441,3.7785,3.7285,3.7441,855798,535,3.74693627
PTALT0AE0002,36283979,ALTR,EUR,2022-03-28,3.7598,3.8067,3.7535,3.7754,658148,528,3.78228177
PTALT0AE0002,36283979,ALTR,EUR,2022-03-29,3.8098,3.8348,3.7535,3.7754,1310343,780,3.80261326
PTALT0AE0002,36283979,ALTR,EUR,2022-03-30,3.8098,3.8129,3.7566,3.791,910019,638,3.79260391
PTALT0AE0002,36283979,ALTR,EUR,2022-03-31,3.791,3.8192,3.791,3.791,1001109,631,3.80136209
PTALT0AE0002,36283979,ALTR,EUR,2022-04-01,3.8036,3.8661,3.7723,3.8536,1121959,816,3.83451805
PTALT0AE0002,36283979,ALTR,EUR,2022-04-04,3.8536,3.9162,3.8286,3.8536,887492,673,3.87017634
PTALT0AE0002,36283979,ALTR,EUR,2022-04-05,3.8411,3.9381,3.8317,3.8911,1058736,848,3.89269737
PTALT0AE0002,36283979,ALTR,EUR,2022-04-06,3.8974,3.9443,3.8536,3.8849,1110450,785,3.89426133
PTALT0AE0002,36283979,ALTR,EUR,2022-04-07,3.8911,4.0288,3.888,3.9756,1620984,1133,3.97715123
PTALT0AE0002,36283979,ALTR,EUR,2022-04-08,4.0507,4.1476,4.035,4.1038,1992451,1616,4.10195527
PTALT0AE0002,36283979,ALTR,EUR,2022-04-11,4.1101,4.1883,4.06,4.1883,1602965,1277,4.13073214
PTALT0AE0002,36283979,ALTR,EUR,2022-04-12,4.1601,4.2665,4.1508,4.2321,1808733,1497,4.21362204
PTALT0AE0002,36283979,ALTR,EUR,2022-04-13,4.2352,4.2696,4.2102,4.2289,1132969,918,4.23332794
PTALT0AE0002,36283979,ALTR,EUR,2022-04-14,4.2321,4.2665,4.1758,4.2477,1398397,960,4.22425697
PTALT0AE0002,36283979,ALTR,EUR,2022-04-19,4.2477,4.2508,4.1445,4.1789,1525831,1167,4.20204874
PTALT0AE0002,36283979,ALTR,EUR,2022-04-20,4.1758,4.1758,4.06,4.1195,2044581,1414,4.10414482
PTALT0AE0002,36283979,ALTR,EUR,2022-04-21,4.1226,4.1664,4.0913,4.0976,803175,783,4.1244763
PTALT0AE0002,36283979,ALTR,EUR,2022-04-22,4.035,4.0694,3.9944,4.0288,1274015,1056,4.03282822
PTALT0AE0002,36283979,ALTR,EUR,2022-04-25,3.9599,3.9912,3.8943,3.9162,1054649,936,3.9349243
PTALT0AE0002,36283979,ALTR,EUR,2022-04-26,3.9568,3.9568,3.8223,3.8223,933158,884,3.87768335
PTALT0AE0002,36283979,ALTR,EUR,2022-04-27,3.8161,3.9162,3.741,3.9162,1556711,1516,3.85265999
PTALT0AE0002,36283979,ALTR,EUR,2022-04-28,3.9725,3.9975,3.8755,3.9068,950370,946,3.9073986
PTALT0AE0002,36283979,ALTR,EUR,2022-04-29,3.9506,3.9756,3.9099,3.9756,1090820,916,3.94931274
PTALT0AE0002,36283979,ALTR,EUR,2022-05-02,3.9944,4.0381,3.8974,4.0006,596118,686,3.9943548
PTALT0AE0002,36283979,ALTR,EUR,2022-05-03,4.0538,4.0569,3.9818,4.0413,506852,588,4.02688517
PTALT0AE0002,36283979,ALTR,EUR,2022-05-04,4.0819,4.0882,4.0288,4.0757,1034497,1091,4.06629698
PTALT0AE0002,36283979,ALTR,EUR,2022-05-05,4.1726,4.2665,4.132,4.1601,1819926,1775,4.21018133
PTALT0AE0002,36283979,ALTR,EUR,2022-05-06,4.1539,4.2696,4.1101,4.254,1438172,1225,4.23082561
PTALT0AE0002,36283979,ALTR,EUR,2022-05-09,4.2415,4.2821,4.2039,4.2102,1596447,1242,4.23551749
PTALT0AE0002,36283979,ALTR,EUR,2022-05-10,4.254,4.3134,4.2133,4.2821,1593865,1235,4.2664839
PTALT0AE0002,36283979,ALTR,EUR,2022-05-11,4.3009,4.3009,4.0788,4.2102,1815327,1480,4.18922426
PTALT0AE0002,36283979,ALTR,EUR,2022-05-12,4.1977,4.2602,4.0913,4.1038,1874368,1577,4.1717079
PTALT0AE0002,36283979,ALTR,EUR,2022-05-13,4.1351,4.1476,4.0069,4.0663,1599055,1238,4.07286561
PTALT0AE0002,36283979,ALTR,EUR,2022-05-16,4.0819,4.2446,4.0475,4.0976,2614778,1755,4.14136707
PTALT0AE0002,36283979,ALTR,EUR,2022-05-17,4.4547,4.5975,4.1395,4.5051,3787744,3758,4.35673175
PTALT0AE0002,36283979,ALTR,EUR,2022-05-18,4.5387,4.5387,4.295,4.2992,2107403,2022,4.3697595
PTALT0AE0002,36283979,ALTR,EUR,2022-05-19,4.2529,4.5303,4.2277,4.5051,1760560,1678,4.42733375
PTALT0AE0002,36283979,ALTR,EUR,2022-05-20,4.5471,4.69,4.5387,4.5513,1178810,1167,4.609302
PTALT0AE0002,36283979,ALTR,EUR,2022-05-23,4.6228,4.7656,4.6228,4.7152,1437696,1198,4.700076
PTALT0AE0002,36283979,ALTR,EUR,2022-05-24,4.6984,4.8245,4.69,4.7866,1274999,1055,4.7547085
PTALT0AE0002,36283979,ALTR,EUR,2022-05-25,4.7909,4.9253,4.7572,4.8749,1447082,1231,4.84170025
PTALT0AE0002,36283979,ALTR,EUR,2022-05-26,4.8875,5.1271,4.8833,5.0598,1766572,1411,5.02240775
PTALT0AE0002,36283979,ALTR,EUR,2022-05-27,5.106,5.1859,4.7488,5.0178,2775989,2318,4.99299025
PTALT0AE0002,36283979,ALTR,EUR,2022-05-30,4.9674,5.0514,4.9001,5.0052,2141709,1906,4.979122
PTALT0AE0002,36283979,ALTR,EUR,2022-05-31,4.9842,5.1018,4.9758,5.0934,1493491,1290,5.063172
PTALT0AE0002,36283979,ALTR,EUR,2022-06-01,5.1018,5.1943,5.0934,5.1313,1098666,1054,5.14764225
PTALT0AE0002,36283979,ALTR,EUR,2022-06-02,5.1186,5.2363,5.1018,5.1439,834301,882,5.17285725
PTALT0AE0002,36283979,ALTR,EUR,2022-06-03,5.1439,5.2447,5.1355,5.1943,850577,860,5.20059375
PTALT0AE0002,36283979,ALTR,EUR,2022-06-06,5.2111,5.2615,5.1943,5.2111,779464,670,5.22160625
PTALT0AE0002,36283979,ALTR,EUR,2022-06-07,5.1943,5.3876,5.1859,5.3876,1637910,1256,5.29977275
PTALT0AE0002,36283979,ALTR,EUR,2022-06-08,5.3876,5.5137,5.3792,5.4548,1001897,1250,5.4607285
PTALT0AE0002,36283979,ALTR,EUR,2022-06-09,5.4296,5.5557,5.3876,5.4254,1468947,1387,5.478379
PTALT0AE0002,36283979,ALTR,EUR,2022-06-10,5.438,5.438,5.1607,5.1985,1322527,1040,5.2640515
PTALT0AE0002,36283979,ALTR,EUR,2022-06-13,5.1144,5.2363,5.085,5.1228,1138034,1419,5.162351
PTALT0AE0002,36283979,ALTR,EUR,2022-06-14,5.1817,5.4212,5.1607,5.3666,1957883,1903,5.3144815
PTALT0AE0002,36283979,ALTR,EUR,2022-06-15,5.3456,5.4128,5.2867,5.3498,809346,1155,5.3598685
PTALT0AE0002,36283979,ALTR,EUR,2022-06-16,5.3582,5.3792,5.2615,5.2909,977013,991,5.31238025
PTALT0AE0002,36283979,ALTR,EUR,2022-06-17,5.3624,5.4633,5.2447,5.4506,1804052,1172,5.4254275
PTALT0AE0002,36283979,ALTR,EUR,2022-06-20,5.4548,5.5473,5.4044,5.5347,957031,761,5.4960295
PTALT0AE0002,36283979,ALTR,EUR,2022-06-21,5.5305,5.6145,5.4801,5.4969,942667,978,5.54603925
PTALT0AE0002,36283979,ALTR,EUR,2022-06-22,5.4801,5.4885,5.1775,5.2489,1362467,1188,5.2590085
PTALT0AE0002,36283979,ALTR,EUR,2022-06-23,5.2573,5.2615,5.1439,5.1649,701714,729,5.19429
PTALT0AE0002,36283979,ALTR,EUR,2022-06-24,5.1943,5.2952,5.1691,5.2657,903833,963,5.24177825
PTALT0AE0002,36283979,ALTR,EUR,2022-06-27,5.2952,5.4212,5.2952,5.4002,1004800,1006,5.385924
PTALT0AE0002,36283979,ALTR,EUR,2022-06-28,5.4128,5.4969,5.396,5.4633,1181226,1162,5.44938175
PTALT0AE0002,36283979,ALTR,EUR,2022-06-29,5.396,5.4885,5.3288,5.4801,1039299,870,5.436354
PTALT0AE0002,36283979,ALTR,EUR,2022-06-30,5.459,5.5053,5.3372,5.354,963281,993,5.4136605
PTALT0AE0002,36283979,ALTR,EUR,2022-07-01,5.3414,5.4044,5.2531,5.2825,847841,1102,5.320365
PTALT0AE0002,36283979,ALTR,EUR,2022-07-04,5.312,5.4548,5.312,5.4044,685532,701,5.39222775
PTALT0AE0002,36283979,ALTR,EUR,2022-07-05,5.4464,5.4464,4.7909,4.8833,2509846,2957,5.04426075
PTALT0AE0002,36283979,ALTR,EUR,2022-07-06,4.9379,5.085,4.8833,4.9632,1406690,1355,4.98626625
PTALT0AE0002,36283979,ALTR,EUR,2022-07-07,5.0346,5.2195,4.9926,5.1775,1478348,1501,5.1093995
PTALT0AE0002,36283979,ALTR,EUR,2022-07-08,5.2111,5.2699,5.1271,5.2027,734341,786,5.1884065
PTALT0AE0002,36283979,ALTR,EUR,2022-07-11,5.1775,5.2867,5.1271,5.2657,786104,1044,5.22244675
PTALT0AE0002,36283979,ALTR,EUR,2022-07-12,5.2447,5.312,5.1775,5.2069,879898,1057,5.24261875
PTALT0AE0002,36283979,ALTR,EUR,2022-07-13,5.1649,5.2111,5.0262,5.1144,895533,960,5.086706
PTALT0AE0002,36283979,ALTR,EUR,2022-07-14,5.1144,5.1439,5.0262,5.0556,488032,711,5.06443275
PTALT0AE0002,36283979,ALTR,EUR,2022-07-15,5.0766,5.2867,5.0766,5.2489,918411,845,5.2304315
PTALT0AE0002,36283979,ALTR,EUR,2022-07-18,5.3078,5.3372,5.2531,5.3036,556072,598,5.2926285
PTALT0AE0002,36283979,ALTR,EUR,2022-07-19,5.3204,5.3204,5.1271,5.1523,1293787,1004,5.20983925
PTALT0AE0002,36283979,ALTR,EUR,2022-07-20,5.1271,5.1775,5.0178,5.1397,1116436,1237,5.103516
PTALT0AE0002,36283979,ALTR,EUR,2022-07-21,5.0934,5.1943,5.0262,5.085,908183,1079,5.111921
PTALT0AE0002,36283979,ALTR,EUR,2022-07-22,5.085,5.1355,5.0094,5.106,1086027,1183,5.07704025
PTALT0AE0002,36283979,ALTR,EUR,2022-07-25,5.1186,5.354,5.0934,5.3372,1633833,1432,5.283383
PTALT0AE0002,36283979,ALTR,EUR,2022-07-26,5.3288,5.4885,5.2867,5.2994,1239915,1612,5.39601
PTALT0AE0002,36283979,ALTR,EUR,2022-07-27,5.2952,5.438,5.2952,5.4044,878618,948,5.38466325
PTALT0AE0002,36283979,ALTR,EUR,2022-07-28,5.4212,5.5137,5.354,5.4338,955309,1022,5.41492125
PTALT0AE0002,36283979,ALTR,EUR,2022-07-29,5.4128,5.4212,4.7404,4.8413,8025603,6802,4.97618025
PTALT0AE0002,36283979,ALTR,EUR,2022-08-01,4.9169,4.9169,4.3286,4.3748,4670266,4475,4.50129775
PTALT0AE0002,36283979,ALTR,EUR,2022-08-02,4.3706,4.5135,4.2613,4.4042,2266842,1973,4.415987
PTALT0AE0002,36283979,ALTR,EUR,2022-08-03,4.3874,4.5051,4.3286,4.3832,1341206,1182,4.41388575
PTALT0AE0002,36283979,ALTR,EUR,2022-08-04,4.4042,4.4715,4.379,4.4378,945403,878,4.43826025
PTALT0AE0002,36283979,ALTR,EUR,2022-08-05,4.4496,4.4849,4.3908,4.4462,763032,737,4.4338056
PTALT0AE0002,36283979,ALTR,EUR,2022-08-08,4.4799,4.6194,4.4631,4.5891,1094479,986,4.5580315
PTALT0AE0002,36283979,ALTR,EUR,2022-08-09,4.5807,4.732,4.5807,4.7236,1635367,1265,4.6911667
PTALT0AE0002,36283979,ALTR,EUR,2022-08-10,4.732,4.8245,4.7236,4.8127,1365808,1152,4.7784106
PTALT0AE0002,36283979,ALTR,EUR,2022-08-11,4.8245,4.8379,4.7236,4.7371,874731,749,4.7710142
PTALT0AE0002,36283979,ALTR,EUR,2022-08-12,4.7791,4.7824,4.6934,4.7791,770133,762,4.7478164
PTALT0AE0002,36283979,ALTR,EUR,2022-08-15,4.7875,4.8161,4.6648,4.7152,626800,624,4.7205842
PTALT0AE0002,36283979,ALTR,EUR,2022-08-16,4.732,4.8295,4.7186,4.8211,927307,749,4.7947163
PTALT0AE0002,36283979,ALTR,EUR,2022-08-17,4.8329,4.8413,4.7774,4.8329,679428,552,4.8125349
PTALT0AE0002,36283979,ALTR,EUR,2022-08-18,4.8245,4.9472,4.8026,4.9253,1108274,883,4.8834731
PTALT0AE0002,36283979,ALTR,EUR,2022-08-19,4.9304,5.006,4.8699,4.9976,861577,880,4.9567647
PTALT0AE0002,36283979,ALTR,EUR,2022-08-22,4.9842,5.0144,4.8917,5.006,653158,753,4.9569328
PTALT0AE0002,36283979,ALTR,EUR,2022-08-23,4.9892,5.043,4.9539,5.001,725998,710,4.9999664
PTALT0AE0002,36283979,ALTR,EUR,2022-08-24,5.001,5.001,4.6765,4.7236,2494994,1946,4.7962292
PTALT0AE0002,36283979,ALTR,EUR,2022-08-25,4.7824,4.8413,4.6429,4.7371,1395484,980,4.7661393
PTALT0AE0002,36283979,ALTR,EUR,2022-08-26,4.8077,4.8077,4.6849,4.7118,487668,550,4.726972
PTALT0AE0002,36283979,ALTR,EUR,2022-08-29,4.6228,4.6648,4.5891,4.653,680302,641,4.6284654
PTALT0AE0002,36283979,ALTR,EUR,2022-08-30,4.69,4.7236,4.6228,4.653,635700,712,4.6723395
PTALT0AE0002,36283979,ALTR,EUR,2022-08-31,4.6866,4.7488,4.6513,4.732,798814,909,4.7068
PTALT0AE0002,36283979,ALTR,EUR,2022-09-01,4.7488,4.7488,4.5639,4.6446,728453,807,4.6392238
PTALT0AE0002,36283979,ALTR,EUR,2022-09-02,4.6934,4.7068,4.6261,4.6564,725306,846,4.6602363
PTALT0AE0002,36283979,ALTR,EUR,2022-09-05,4.6228,4.6396,4.5168,4.5723,642054,657,4.5545014
PTALT0AE0002,36283979,ALTR,EUR,2022-09-06,4.5807,4.5975,4.5387,4.5723,527926,548,4.5650917
PTALT0AE0002,36283979,ALTR,EUR,2022-09-07,4.5925,4.5942,4.4412,4.4496,648475,609,4.4759987
PTALT0AE0002,36283979,ALTR,EUR,2022-09-08,4.4967,4.4967,4.3874,4.4261,734693,767,4.4317884
PTALT0AE0002,36283979,ALTR,EUR,2022-09-09,4.4496,4.5606,4.4462,4.5589,678549,613,4.5267649
PTALT0AE0002,36283979,ALTR,EUR,2022-09-12,4.5723,4.6362,4.5555,4.6059,535507,559,4.600897
PTALT0AE0002,36283979,ALTR,EUR,2022-09-13,4.6194,4.653,4.5337,4.5589,738191,753,4.5970307
PTALT0AE0002,36283979,ALTR,EUR,2022-09-14,4.5135,4.5606,4.458,4.5135,602629,547,4.5141574
PTALT0AE0002,36283979,ALTR,EUR,2022-09-15,4.5135,4.5521,4.4294,4.4547,767289,614,4.4807055
PTALT0AE0002,36283979,ALTR,EUR,2022-09-16,4.4126,4.5051,4.3958,4.4462,670153,570,4.4533052
PTALT0AE0002,36283979,ALTR,EUR,2022-09-19,4.4967,4.4967,4.3235,4.4429,701709,617,4.3753068
PTALT0AE0002,36283979,ALTR,EUR,2022-09-20,4.4597,4.5051,4.3067,4.3168,631157,623,4.3663975
PTALT0AE0002,36283979,ALTR,EUR,2022-09-21,4.3168,4.3538,4.2731,4.3202,520234,622,4.3193295
PTALT0AE0002,36283979,ALTR,EUR,2022-09-22,4.3084,4.3168,4.2361,4.2916,806207,871,4.2793217
PTALT0AE0002,36283979,ALTR,EUR,2022-09-23,4.2916,4.2916,4.0109,4.0697,1601679,1614,4.1031529
PTALT0AE0002,36283979,ALTR,EUR,2022-09-26,4.0462,4.2496,4.031,4.1975,1042237,1126,4.157113
PTALT0AE0002,36283979,ALTR,EUR,2022-09-27,4.2059,4.3756,4.2059,4.2781,1114379,1259,4.3183209
PTALT0AE0002,36283979,ALTR,EUR,2022-09-28,4.2613,4.342,4.1554,4.3168,872133,1083,4.2573006
PTALT0AE0002,36283979,ALTR,EUR,2022-09-29,4.3,4.337,4.1891,4.2244,553433,765,4.2485594
PTALT0AE0002,36283979,ALTR,EUR,2022-09-30,4.2866,4.3925,4.2647,4.3487,2107524,1125,4.3529495
PTALT0AE0002,36283979,ALTR,EUR,2022-10-03,4.342,4.4177,4.3202,4.3588,540949,717,4.3724491
PTALT0AE0002,36283979,ALTR,EUR,2022-10-04,4.379,4.4261,4.3286,4.3588,621694,695,4.3702638
PTALT0AE0002,36283979,ALTR,EUR,2022-10-05,4.3874,4.3874,4.1655,4.2697,1034190,1073,4.224353
PTALT0AE0002,36283979,ALTR,EUR,2022-10-06,4.3202,4.3454,4.2647,4.3084,705685,778,4.3095797
PTALT0AE0002,36283979,ALTR,EUR,2022-10-07,4.3286,4.337,4.2143,4.2866,653743,690,4.2732701
PTALT0AE0002,36283979,ALTR,EUR,2022-10-10,4.2277,4.3286,4.1991,4.3034,478816,608,4.2803303
PTALT0AE0002,36283979,ALTR,EUR,2022-10-11,4.3286,4.3672,4.2529,4.2781,823062,807,4.3026876
PTALT0AE0002,36283979,ALTR,EUR,2022-10-12,4.2866,4.3168,4.2109,4.295,446651,617,4.2705805
PTALT0AE0002,36283979,ALTR,EUR,2022-10-13,4.2697,4.3874,4.2529,4.3874,864610,881,4.3428635
PTALT0AE0002,36283979,ALTR,EUR,2022-10-14,4.416,4.4765,4.374,4.4429,569175,689,4.431116
PTALT0AE0002,36283979,ALTR,EUR,2022-10-17,4.4496,4.611,4.4294,4.5723,1027098,1003,4.5486179
PTALT0AE0002,36283979,ALTR,EUR,2022-10-18,4.5639,4.6059,4.5051,4.5925,825070,763,4.568958
PTALT0AE0002,36283979,ALTR,EUR,2022-10-19,4.6059,4.6648,4.5471,4.611,701181,842,4.6225819
PTALT0AE0002,36283979,ALTR,EUR,2022-10-20,4.611,4.611,4.5219,4.5774,540095,655,4.5529885
PTALT0AE0002,36283979,ALTR,EUR,2022-10-21,4.5723,4.6782,4.5471,4.6782,696205,766,4.6266163
PTALT0AE0002,36283979,ALTR,EUR,2022-10-24,4.7068,4.7572,4.6765,4.7152,603938,654,4.7242824
PTALT0AE0002,36283979,ALTR,EUR,2022-10-25,4.7488,4.8497,4.69,4.8497,1111105,1017,4.7883285
PTALT0AE0002,36283979,ALTR,EUR,2022-10-26,4.8329,4.8833,4.7438,4.7623,841564,911,4.8068195
PTALT0AE0002,36283979,ALTR,EUR,2022-10-27,4.7824,4.7824,4.5807,4.6732,809466,883,4.6521675
PTALT0AE0002,36283979,ALTR,EUR,2022-10-28,4.648,4.7539,4.5757,4.7287,807897,745,4.6888133
PTALT0AE0002,36283979,ALTR,EUR,2022-10-31,4.7287,4.8161,4.7236,4.7371,503280,568,4.7695013
PTALT0AE0002,36283979,ALTR,EUR,2022-11-01,4.7488,4.8329,4.7102,4.8329,1235833,1019,4.7765615
PTALT0AE0002,36283979,ALTR,EUR,2022-11-02,4.8329,4.9388,4.8194,4.8295,1624750,1023,4.8619563
PTALT0AE0002,36283979,ALTR,EUR,2022-11-03,4.8077,4.9085,4.6648,4.9001,688179,885,4.8548961
PTALT0AE0002,36283979,ALTR,EUR,2022-11-04,4.8917,4.9337,4.8245,4.8749,519906,631,4.8669993
PTALT0AE0002,36283979,ALTR,EUR,2022-11-07,4.8329,4.9304,4.8329,4.9169,449866,527,4.9021322
PTALT0AE0002,36283979,ALTR,EUR,2022-11-08,4.8749,4.9304,4.8615,4.9136,408513,427,4.9046537
PTALT0AE0002,36283979,ALTR,EUR,2022-11-09,4.8749,4.9758,4.8749,4.959,756425,733,4.9512174
PTALT0AE0002,36283979,ALTR,EUR,2022-11-10,4.9421,4.9421,4.7774,4.8127,1274186,1237,4.8308578
PTALT0AE0002,36283979,ALTR,EUR,2022-11-11,4.8581,4.8581,4.6765,4.6782,1147176,1129,4.7649626
PTALT0AE0002,36283979,ALTR,EUR,2022-11-14,4.6782,4.7236,4.6345,4.6698,798477,959,4.6805764
PTALT0AE0002,36283979,ALTR,EUR,2022-11-15,4.648,4.732,4.6345,4.7152,713476,744,4.681585
PTALT0AE0002,36283979,ALTR,EUR,2022-11-16,4.6984,4.7539,4.69,4.6984,511384,669,4.7136921
PTALT0AE0002,36283979,ALTR,EUR,2022-11-17,4.732,4.732,4.5891,4.6312,591685,619,4.6336765
PTALT0AE0002,36283979,ALTR,EUR,2022-11-18,4.6396,4.6564,4.5891,4.6396,636494,612,4.6197242
PTALT0AE0002,36283979,ALTR,EUR,2022-11-21,4.6143,4.6564,4.5505,4.653,878317,853,4.6057719
PTALT0AE0002,36283979,ALTR,EUR,2022-11-22,4.6143,4.7236,4.6143,4.6597,925199,939,4.6785592
PTALT0AE0002,36283979,ALTR,EUR,2022-11-23,4.7068,4.774,4.6732,4.7623,965550,1109,4.7321831
PTALT0AE0002,36283979,ALTR,EUR,2022-11-24,4.7656,4.7875,4.6396,4.6446,1232962,889,4.678223
PTALT0AE0002,36283979,ALTR,EUR,2022-11-25,4.6866,4.6866,4.4378,4.6648,2995549,2468,4.5587039
PTALT0AE0002,36283979,ALTR,EUR,2022-11-28,4.6648,4.6816,4.5841,4.5858,657052,696,4.6205647
PTALT0AE0002,36283979,ALTR,EUR,2022-11-29,4.5975,4.7118,4.5639,4.6648,1350110,897,4.6753653
PTALT0AE0002,36283979,ALTR,EUR,2022-11-30,4.6782,4.732,4.648,4.6816,582977,550,4.6891495
PTALT0AE0002,36283979,ALTR,EUR,2022-12-01,4.6934,4.7488,4.6513,4.7287,845758,783,4.7106663
PTALT0AE0002,36283979,ALTR,EUR,2022-12-02,4.7068,4.7068,4.5135,4.5185,2235992,1841,4.5844232
PTALT0AE0002,36283979,ALTR,EUR,2022-12-05,4.5135,4.5521,4.4294,4.5135,712258,855,4.5059205
PTALT0AE0002,36283979,ALTR,EUR,2022-12-06,4.5051,4.5555,4.4832,4.5051,610491,693,4.5148298
PTALT0AE0002,36283979,ALTR,EUR,2022-12-07,4.5387,4.5437,4.4799,4.5101,575232,557,4.5155022
PTALT0AE0002,36283979,ALTR,EUR,2022-12-08,4.5269,4.5269,4.4328,4.4631,579963,730,4.4670894
PTALT0AE0002,36283979,ALTR,EUR,2022-12-09,4.4715,4.5471,4.4547,4.5471,580072,544,4.5138212
PTALT0AE0002,36283979,ALTR,EUR,2022-12-12,4.5303,4.5387,4.4832,4.5219,349185,380,4.5141574
PTALT0AE0002,36283979,ALTR,EUR,2022-12-13,4.5101,4.5891,4.4748,4.4765,721696,711,4.5267649
PTALT0AE0002,36283979,ALTR,EUR,2022-12-14,4.4799,4.4933,4.2899,4.3336,2144218,1497,4.3495875
PTALT0AE0002,36283979,ALTR,EUR,2022-12-15,4.3286,4.3706,4.2866,4.2866,1033049,915,4.3137822
PTALT0AE0002,36283979,ALTR,EUR,2022-12-16,4.295,4.3,4.1991,4.2664,929791,738,4.2347752
PTALT0AE0002,36283979,ALTR,EUR,2022-12-19,4.3336,4.3336,4.2109,4.2159,566186,554,4.2346071
PTALT0AE0002,36283979,ALTR,EUR,2022-12-20,4.2025,4.2664,4.1756,4.2277,714478,616,4.2191419
PTALT0AE0002,36283979,ALTR,EUR,2022-12-21,4.2664,4.2832,4.179,4.2731,1631703,1059,4.220991
PTALT0AE0002,36283979,ALTR,EUR,2022-12-22,4.2529,4.2916,4.2193,4.2328,414632,450,4.2453655
PTALT0AE0002,36283979,ALTR,EUR,2022-12-23,4.2697,4.2697,4.2143,4.2445,410629,364,4.2366243
PTALT0AE0002,36283979,ALTR,EUR,2022-12-27,4.2445,4.2748,4.2109,4.2244,455553,348,4.2332623
PTALT0AE0002,36283979,ALTR,EUR,2022-12-28,4.2109,4.2412,4.1722,4.2109,986951,706,4.2110731
PTALT0AE0002,36283979,ALTR,EUR,2022-12-29,4.2109,4.2412,4.1891,4.2361,570371,425,4.2152756
PTALT0AE0002,36283979,ALTR,EUR,2022-12-30,4.2328,4.2328,4.1857,4.2059,898368,641,4.2004828
PTALT0AE0002,36283979,ALTR,EUR,2023-01-02,4.2277,4.3622,4.2277,4.337,938986,600,4.3238682
PTALT0AE0002,36283979,ALTR,EUR,2023-01-03,4.3538,4.4042,4.3319,4.337,724660,656,4.3596735
PTALT0AE0002,36283979,ALTR,EUR,2023-01-04,4.3336,4.379,4.2143,4.2445,1610343,1276,4.2662099
PTALT0AE0002,36283979,ALTR,EUR,2023-01-05,4.2445,4.2445,4.1622,4.2193,932486,771,4.2102326
PTALT0AE0002,36283979,ALTR,EUR,2023-01-06,4.2193,4.2697,4.2109,4.2328,515225,441,4.2414992
PTALT0AE0002,36283979,ALTR,EUR,2023-01-09,4.2613,4.2613,4.1806,4.2059,871138,648,4.209224
PTALT0AE0002,36283979,ALTR,EUR,2023-01-10,4.2193,4.2361,4.1891,4.1991,659422,627,4.2051896
PTALT0AE0002,36283979,ALTR,EUR,2023-01-11,4.2193,4.2193,4.1302,4.1453,1846107,1239,4.1502209
PTALT0AE0002,36283979,ALTR,EUR,2023-01-12,4.1521,4.2445,4.1487,4.2244,1586734,1113,4.2035086
PTALT0AE0002,36283979,ALTR,EUR,2023-01-13,4.2395,4.3118,4.2059,4.2731,1243254,870,4.2736063
PTALT0AE0002,36283979,ALTR,EUR,2023-01-16,4.2866,4.3252,4.2479,4.2529,593495,455,4.273102
PTALT0AE0002,36283979,ALTR,EUR,2023-01-17,4.2731,4.2748,4.1521,4.2025,1814347,1220,4.1949355
PTALT0AE0002,36283979,ALTR,EUR,2023-01-18,4.2109,4.2277,4.1504,4.1622,1103209,954,4.173923
PTALT0AE0002,36283979,ALTR,EUR,2023-01-19,4.1605,4.1689,4.0815,4.1201,1331130,885,4.1166009
PTALT0AE0002,36283979,ALTR,EUR,2023-01-20,4.1689,4.1689,4.0882,4.1033,689998,623,4.1155923
PTALT0AE0002,36283979,ALTR,EUR,2023-01-23,4.1201,4.142,4.0831,4.11,856208,724,4.1046658
PTALT0AE0002,36283979,ALTR,EUR,2023-01-24,4.1117,4.1168,3.9588,3.9621,2370502,1833,4.0064954
PTALT0AE0002,36283979,ALTR,EUR,2023-01-25,3.9504,3.9722,3.8663,3.8982,2219678,1278,3.9182429
PTALT0AE0002,36283979,ALTR,EUR,2023-01-26,3.8999,4.0495,3.8882,4.0092,1926650,1247,3.9948965
PTALT0AE0002,36283979,ALTR,EUR,2023-01-27,4.0193,4.0193,3.9117,3.9621,1573058,1084,3.9548887
PTALT0AE0002,36283979,ALTR,EUR,2023-01-30,3.9403,3.9419,3.8831,3.8831,873156,786,3.9088293
PTALT0AE0002,36283979,ALTR,EUR,2023-01-31,3.8814,3.915,3.8344,3.8898,1249577,906,3.869662
PTALT0AE0002,36283979,ALTR,EUR,2023-02-01,3.91,3.9588,3.8865,3.9335,606799,675,3.9345486
PTALT0AE0002,36283979,ALTR,EUR,2023-02-02,3.9588,3.9588,3.8747,3.9251,951681,876,3.9061397
PTALT0AE0002,36283979,ALTR,EUR,2023-02-03,3.9083,3.9201,3.8797,3.9066,523259,644,3.8967261
PTALT0AE0002,36283979,ALTR,EUR,2023-02-06,3.9016,3.91,3.8478,3.8982,968130,1038,3.8772265
PTALT0AE0002,36283979,ALTR,EUR,2023-02-07,3.9066,3.9066,3.8276,3.8781,1558872,1322,3.8626018
PTALT0AE0002,36283979,ALTR,EUR,2023-02-08,3.8982,3.905,3.8176,3.8327,1372296,1180,3.8602484
PTALT0AE0002,36283979,ALTR,EUR,2023-02-09,3.8461,3.8529,3.7873,3.836,981664,850,3.8229302
PTALT0AE0002,36283979,ALTR,EUR,2023-02-10,3.8075,3.8613,3.7923,3.8293,489306,428,3.820913
PTALT0AE0002,36283979,ALTR,EUR,2023-02-13,3.8478,3.8478,3.8007,3.8091,482067,468,3.8151976
PTALT0AE0002,36283979,ALTR,EUR,2023-02-14,3.8024,3.8461,3.8024,3.8142,515587,489,3.8267965
PTALT0AE0002,36283979,ALTR,EUR,2023-02-15,3.8159,3.8226,3.7856,3.8176,487740,466,3.8030944
PTALT0AE0002,36283979,ALTR,EUR,2023-02-16,3.8142,3.8697,3.8142,3.8428,679068,629,3.8501624
PTALT0AE0002,36283979,ALTR,EUR,2023-02-17,3.8444,3.8966,3.8377,3.8865,574493,561,3.8758817
PTALT0AE0002,36283979,ALTR,EUR,2023-02-20,3.905,3.905,3.8529,3.8579,468059,440,3.8748731
PTALT0AE0002,36283979,ALTR,EUR,2023-02-21,3.8663,3.8747,3.8411,3.8495,564692,539,3.8541968
PTALT0AE0002,36283979,ALTR,EUR,2023-02-22,3.8478,3.8478,3.7873,3.8024,617753,575,3.8098184
PTALT0AE0002,36283979,ALTR,EUR,2023-02-23,3.8327,3.8512,3.7974,3.8176,429513,407,3.8230983
PTALT0AE0002,36283979,ALTR,EUR,2023-02-24,3.8243,3.831,3.7907,3.7974,476127,476,3.8056159
PTALT0AE0002,36283979,ALTR,EUR,2023-02-27,3.7991,3.8596,3.7991,3.8394,547493,563,3.8412531
PTALT0AE0002,36283979,ALTR,EUR,2023-02-28,3.8411,3.9251,3.8327,3.8982,753947,719,3.8868082
PTALT0AE0002,36283979,ALTR,EUR,2023-03-01,3.9083,3.9419,3.8915,3.9251,635476,583,3.9179067
PTALT0AE0002,36283979,ALTR,EUR,2023-03-02,3.905,3.9789,3.8814,3.9638,607932,513,3.9481647
PTALT0AE0002,36283979,ALTR,EUR,2023-03-03,3.9638,3.9772,3.9251,3.9588,460655,540,3.9574102
PTALT0AE0002,36283979,ALTR,EUR,2023-03-06,3.9571,3.9621,3.8949,3.9033,537783,526,3.9115189
PTALT0AE0002,36283979,ALTR,EUR,2023-03-07,3.8915,3.9419,3.8713,3.9167,734834,695,3.9174024
PTALT0AE0002,36283979,ALTR,EUR,2023-03-08,3.9083,4.0125,3.9033,4.0041,694980,606,3.9735478
PTALT0AE0002,36283979,ALTR,EUR,2023-03-09,4.0025,4.0058,3.9436,3.9907,536272,504,3.9742202
PTALT0AE0002,36283979,ALTR,EUR,2023-03-10,3.9335,3.9571,3.91,3.9403,537427,497,3.9347167
PTALT0AE0002,36283979,ALTR,EUR,2023-03-13,3.9319,3.9319,3.8276,3.9134,1146190,1058,3.8829419
PTALT0AE0002,36283979,ALTR,EUR,2023-03-14,3.9083,3.947,3.8747,3.9201,488794,541,3.9185791
PTALT0AE0002,36283979,ALTR,EUR,2023-03-15,3.9386,3.9924,3.9201,3.9705,1130857,1107,3.9609403
PTALT0AE0002,36283979,ALTR,EUR,2023-03-16,3.9722,3.9722,3.8764,3.9369,749433,685,3.9313547
PTALT0AE0002,36283979,ALTR,EUR,2023-03-17,3.9672,3.9974,3.8461,3.8579,1193381,864,3.8876487
PTALT0AE0002,36283979,ALTR,EUR,2023-03-20,3.8495,3.9184,3.7503,3.8932,925176,1029,3.8315033
PTALT0AE0002,36283979,ALTR,EUR,2023-03-21,3.9604,4.0815,3.9604,4.0563,1014849,1076,4.0475118
PTALT0AE0002,36283979,ALTR,EUR,2023-03-22,4.0495,4.0495,3.984,4.0058,618375,603,4.0132194
PTALT0AE0002,36283979,ALTR,EUR,2023-03-23,3.9621,4.0579,3.9588,4.0142,426881,567,4.0115384
PTALT0AE0002,36283979,ALTR,EUR,2023-03-24,3.9688,4.1907,3.7823,4.0949,3006853,3020,4.0417964
PTALT0AE0002,36283979,ALTR,EUR,2023-03-27,4.1521,4.1521,3.8024,3.826,3457257,2948,3.8839505
PTALT0AE0002,36283979,ALTR,EUR,2023-03-28,3.8428,3.9386,3.8226,3.9218,1381085,1484,3.8952132
PTALT0AE0002,36283979,ALTR,EUR,2023-03-29,3.9167,3.9604,3.8629,3.9066,1055293,996,3.9179067
PTALT0AE0002,36283979,ALTR,EUR,2023-03-30,3.9436,4.068,3.9268,4.0445,1154863,1056,4.0185986
PTALT0AE0002,36283979,ALTR,EUR,2023-03-31,4.0478,4.0596,3.9789,3.989,880085,829,4.002461
PTALT0AE0002,36283979,ALTR,EUR,2023-04-03,4.0092,4.0579,3.9991,4.0478,723139,610,4.0419645
PTALT0AE0002,36283979,ALTR,EUR,2023-04-04,4.0512,4.0613,4.0058,4.0193,559340,614,4.0295251
PTALT0AE0002,36283979,ALTR,EUR,2023-04-05,4.0193,4.0579,3.9806,3.9974,563068,607,4.0154047
PTALT0AE0002,36283979,ALTR,EUR,2023-04-06,3.9974,4.0596,3.984,4.0596,758957,666,4.0449903
PTALT0AE0002,36283979,ALTR,EUR,2023-04-11,4.1941,4.3252,4.1285,4.1823,3362610,2566,4.2267064
PTALT0AE0002,36283979,ALTR,EUR,2023-04-12,4.1538,4.1588,4.0428,4.068,2494149,2180,4.0977737
PTALT0AE0002,36283979,ALTR,EUR,2023-04-13,4.063,4.063,4.0025,4.0411,1135284,1284,4.0364172
PTALT0AE0002,36283979,ALTR,EUR,2023-04-14,4.063,4.063,3.9941,3.9941,943819,1034,4.0228011
PTALT0AE0002,36283979,ALTR,EUR,2023-04-17,4.0109,4.0714,4.0092,4.0546,686502,754,4.0503695
PTALT0AE0002,36283979,ALTR,EUR,2023-04-18,4.0714,4.0747,4.0142,4.0512,609773,781,4.0453265
PTALT0AE0002,36283979,ALTR,EUR,2023-04-19,4.0478,4.0764,4.0142,4.0647,970932,1169,4.0434774
PTALT0AE0002,36283979,ALTR,EUR,2023-04-20,4.0344,4.0361,3.9571,3.9941,1425274,1491,3.9922069
PTALT0AE0002,36283979,ALTR,EUR,2023-04-21,3.9924,4.026,3.9806,3.984,841978,733,3.9959051
PTALT0AE0002,36283979,ALTR,EUR,2023-04-24,3.9907,3.9924,3.9453,3.9604,1249495,1136,3.9626213
PTALT0AE0002,36283979,ALTR,EUR,2023-04-25,3.9588,3.9604,3.8949,3.9201,1151760,933,3.9197558
PTALT0AE0002,36283979,ALTR,EUR,2023-04-26,3.9083,3.952,3.9083,3.9251,643254,598,3.9276565
PTALT0AE0002,36283979,ALTR,EUR,2023-04-27,3.9335,3.9571,3.9167,3.9352,519791,606,3.9323633
PTALT0AE0002,36283979,ALTR,EUR,2023-04-28,3.9386,3.9588,3.8882,3.9419,1194824,940,3.923454
PTALT0AE0002,36283979,ALTR,EUR,2023-05-02,3.9419,3.9991,3.9335,3.9436,578289,569,3.9572421
PTALT0AE0002,36283979,ALTR,EUR,2023-05-03,3.9588,4.0025,3.9419,3.9873,948437,900,3.9774141
PTALT0AE0002,36283979,ALTR,EUR,2023-05-04,4.0008,4.0563,3.9806,4.021,931827,938,4.014228
PTALT0AE0002,36283979,ALTR,EUR,2023-05-05,4.0428,4.0596,3.9823,4.0411,928844,924,4.0207839
PTALT0AE0002,36283979,ALTR,EUR,2023-05-08,4.0529,4.1571,4.0428,4.1504,1008813,710,4.1149199
PTALT0AE0002,36283979,ALTR,EUR,2023-05-09,4.1504,4.1521,4.0529,4.1437,942390,982,4.1043296
PTALT0AE0002,36283979,ALTR,EUR,2023-05-10,4.147,4.2664,4.1353,4.2613,2338465,1700,4.2181333
PTALT0AE0002,36283979,ALTR,EUR,2023-05-11,4.2781,4.3874,4.2697,4.295,2068613,1432,4.3200019
PTALT0AE0002,36283979,ALTR,EUR,2023-05-12,4.2866,4.295,4.0764,4.0932,2992435,2369,4.1152561
PTALT0AE0002,36283979,ALTR,EUR,2023-05-15,4.1185,4.2008,4.0865,4.1773,1407308,1140,4.1561044
PTALT0AE0002,36283979,ALTR,EUR,2023-05-16,4.18,4.352,4.056,4.092,4282161,3945,4.1712
PTALT0AE0002,36283979,ALTR,EUR,2023-05-17,4.072,4.088,3.96,4.018,1491765,1602,4.0128
PTALT0AE0002,36283979,ALTR,EUR,2023-05-18,4.002,4.062,3.986,4.05,728216,725,4.0354
PTALT0AE0002,36283979,ALTR,EUR,2023-05-19,4.096,4.166,4.078,4.14,883025,749,4.1232
PTALT0AE0002,36283979,ALTR,EUR,2023-05-22,4.116,4.134,4.066,4.102,690993,647,4.0894
PTALT0AE0002,36283979,ALTR,EUR,2023-05-23,4.128,4.2,4.086,4.2,1043012,710,4.166
PTALT0AE0002,36283979,ALTR,EUR,2023-05-24,4.23,4.23,4.16,4.204,825680,627,4.2014
PTALT0AE0002,36283979,ALTR,EUR,2023-05-25,4.26,4.338,4.172,4.27,1528134,1247,4.2648
PTALT0AE0002,36283979,ALTR,EUR,2023-05-26,4.054,4.178,4.03,4.128,1115672,1012,4.124
PTALT0AE0002,36283979,ALTR,EUR,2023-05-29,4.168,4.19,4.148,4.176,388748,316,4.1714
PTALT0AE0002,36283979,ALTR,EUR,2023-05-30,4.176,4.176,4.106,4.108,314349,276,4.1244
PTALT0AE0002,36283979,ALTR,EUR,2023-05-31,4.14,4.14,4.072,4.126,481401,370,4.1094
PTALT0AE0002,36283979,ALTR,EUR,2023-06-01,4.12,4.14,4.042,4.08,465041,500,4.0868
PTALT0AE0002,36283979,ALTR,EUR,2023-06-02,4.11,4.11,4.066,4.1,321254,419,4.0886
PTALT0AE0002,36283979,ALTR,EUR,2023-06-05,4.086,4.1,4.044,4.046,639771,551,4.0662
PTALT0AE0002,36283979,ALTR,EUR,2023-06-06,4.064,4.064,3.97,4.06,1109659,1069,4.0194
PTALT0AE0002,36283979,ALTR,EUR,2023-06-07,4.076,4.076,3.98,3.98,810376,724,4.0094
PTALT0AE0002,36283979,ALTR,EUR,2023-06-08,3.98,4.064,3.974,4.064,1011924,773,4.0272
PTALT0AE0002,36283979,ALTR,EUR,2023-06-09,4.07,4.14,4.03,4.114,883290,704,4.1064
PTALT0AE0002,36283979,ALTR,EUR,2023-06-12,4.12,4.158,4.1,4.13,441702,502,4.1326
PTALT0AE0002,36283979,ALTR,EUR,2023-06-13,4.15,4.178,4.094,4.164,502475,511,4.154
PTALT0AE0002,36283979,ALTR,EUR,2023-06-14,4.17,4.226,4.15,4.2,450541,408,4.199
PTALT0AE0002,36283979,ALTR,EUR,2023-06-15,4.22,4.252,4.166,4.24,539466,707,4.2226
PTALT0AE0002,36283979,ALTR,EUR,2023-06-16,4.25,4.29,4.244,4.282,602424,646,4.2738
PTALT0AE0002,36283979,ALTR,EUR,2023-06-19,4.26,4.276,4.216,4.232,303482,408,4.2452
PTALT0AE0002,36283979,ALTR,EUR,2023-06-20,4.244,4.28,4.234,4.274,339443,400,4.2664
PTALT0AE0002,36283979,ALTR,EUR,2023-06-21,4.274,4.292,4.182,4.196,439836,568,4.2196
PTALT0AE0002,36283979,ALTR,EUR,2023-06-22,4.23,4.23,4.164,4.172,298596,455,4.1896
PTALT0AE0002,36283979,ALTR,EUR,2023-06-23,4.186,4.186,4.104,4.112,264036,372,4.1316
PTALT0AE0002,36283979,ALTR,EUR,2023-06-26,4.112,4.216,4.1,4.198,343286,614,4.1556
PTALT0AE0002,36283979,ALTR,EUR,2023-06-27,4.192,4.192,4.146,4.168,271536,462,4.1652
PTALT0AE0002,36283979,ALTR,EUR,2023-06-28,4.186,4.186,4.112,4.162,189077,301,4.1486
PTALT0AE0002,36283979,ALTR,EUR,2023-06-29,4.186,4.186,4.12,4.13,188310,297,4.148
PTALT0AE0002,36283979,ALTR,EUR,2023-06-30,4.158,4.184,4.132,4.162,272478,483,4.1648
PTALT0AE0002,36283979,ALTR,EUR,2023-07-03,4.174,4.24,4.156,4.222,384916,621,4.2112
PTALT0AE0002,36283979,ALTR,EUR,2023-07-04,4.238,4.238,4.206,4.23,160966,295,4.2228
PTALT0AE0002,36283979,ALTR,EUR,2023-07-05,4.2,4.26,4.166,4.234,370303,533,4.2346
PTALT0AE0002,36283979,ALTR,EUR,2023-07-06,4.254,4.27,4.182,4.184,242716,437,4.227
PTALT0AE0002,36283979,ALTR,EUR,2023-07-07,4.238,4.238,4.17,4.2,199163,348,4.1892
PTALT0AE0002,36283979,ALTR,EUR,2023-07-10,4.192,4.21,4.144,4.168,225901,348,4.1656
PTALT0AE0002,36283979,ALTR,EUR,2023-07-11,4.2,4.2,4.14,4.178,189190,338,4.1638
PTALT0AE0002,36283979,ALTR,EUR,2023-07-12,4.19,4.19,4.146,4.188,258481,357,4.1692
PTALT0AE0002,36283979,ALTR,EUR,2023-07-13,4.18,4.206,4.166,4.2,328549,462,4.1902
PTALT0AE0002,36283979,ALTR,EUR,2023-07-14,4.21,4.226,4.174,4.21,222288,383,4.1986
PTALT0AE0002,36283979,ALTR,EUR,2023-07-17,4.194,4.238,4.182,4.22,353692,526,4.2112
PTALT0AE0002,36283979,ALTR,EUR,2023-07-18,4.232,4.244,4.144,4.164,492093,560,4.188
PTALT0AE0002,36283979,ALTR,EUR,2023-07-19,4.15,4.22,4.15,4.202,376795,450,4.1954
PTALT0AE0002,36283979,ALTR,EUR,2023-07-20,4.212,4.224,4.196,4.202,340802,441,4.2068
PTALT0AE0002,36283979,ALTR,EUR,2023-07-21,4.196,4.2,4.152,4.164,451609,518,4.1664
PTALT0AE0002,36283979,ALTR,EUR,2023-07-24,4.17,4.174,4.148,4.15,325466,503,4.159
PTALT0AE0002,36283979,ALTR,EUR,2023-07-25,4.174,4.24,4.148,4.24,665301,644,4.2078
PTALT0AE0002,36283979,ALTR,EUR,2023-07-26,4.24,4.322,4.238,4.318,763950,812,4.2878
PTALT0AE0002,36283979,ALTR,EUR,2023-07-27,4.32,4.428,4.318,4.428,1071236,1314,4.395
PTALT0AE0002,36283979,ALTR,EUR,2023-07-28,4.202,4.366,4.182,4.326,1638706,1738,4.3164
PTALT0AE0002,36283979,ALTR,EUR,2023-07-31,4.3,4.346,4.21,4.272,681744,722,4.2612
PTALT0AE0002,36283979,ALTR,EUR,2023-08-01,4.29,4.29,4.226,4.238,411855,437,4.2534
PTALT0AE0002,36283979,ALTR,EUR,2023-08-02,4.228,4.23,4.17,4.174,344819,589,4.188
PTALT0AE0002,36283979,ALTR,EUR,2023-08-03,4.2,4.2,4.096,4.116,440590,662,4.1266
PTALT0AE0002,36283979,ALTR,EUR,2023-08-04,4.1,4.166,4.072,4.15,376086,543,4.1216
PTALT0AE0002,36283979,ALTR,EUR,2023-08-07,4.184,4.218,4.142,4.202,287492,454,4.1824
PTALT0AE0002,36283979,ALTR,EUR,2023-08-08,4.152,4.2,4.14,4.2,222918,354,4.176
PTALT0AE0002,36283979,ALTR,EUR,2023-08-09,4.15,4.21,4.15,4.206,132862,233,4.1952
PTALT0AE0002,36283979,ALTR,EUR,2023-08-10,4.188,4.216,4.184,4.2,127454,282,4.2016
PTALT0AE0002,36283979,ALTR,EUR,2023-08-11,4.218,4.246,4.174,4.228,287272,393,4.2248
PTALT0AE0002,36283979,ALTR,EUR,2023-08-14,4.22,4.264,4.2,4.224,157021,278,4.2412
PTALT0AE0002,36283979,ALTR,EUR,2023-08-15,4.21,4.23,4.2,4.22,120501,238,4.2146
PTALT0AE0002,36283979,ALTR,EUR,2023-08-16,4.198,4.242,4.19,4.242,223058,294,4.2168
PTALT0AE0002,36283979,ALTR,EUR,2023-08-17,4.192,4.24,4.18,4.18,310740,378,4.1962
PTALT0AE0002,36283979,ALTR,EUR,2023-08-18,4.17,4.19,4.15,4.168,263184,403,4.1616
PTALT0AE0002,36283979,ALTR,EUR,2023-08-21,4.154,4.208,4.154,4.194,139453,287,4.1918
PTALT0AE0002,36283979,ALTR,EUR,2023-08-22,4.18,4.23,4.18,4.23,334006,349,4.2116
PTALT0AE0002,36283979,ALTR,EUR,2023-08-23,4.24,4.256,4.184,4.196,300693,467,4.212
PTALT0AE0002,36283979,ALTR,EUR,2023-08-24,4.19,4.266,4.188,4.26,485094,610,4.234
PTALT0AE0002,36283979,ALTR,EUR,2023-08-25,4.238,4.338,4.238,4.338,525870,669,4.3068
PTALT0AE0002,36283979,ALTR,EUR,2023-08-28,4.394,4.56,4.394,4.49,1934553,2019,4.4836
PTALT0AE0002,36283979,ALTR,EUR,2023-08-29,4.518,4.56,4.5,4.548,1066386,1276,4.534
PTALT0AE0002,36283979,ALTR,EUR,2023-08-30,4.55,4.564,4.49,4.564,513960,693,4.5288
PTALT0AE0002,36283979,ALTR,EUR,2023-08-31,4.55,4.59,4.514,4.548,456173,668,4.5516
PTALT0AE0002,36283979,ALTR,EUR,2023-09-01,4.52,4.566,4.514,4.53,282553,556,4.5388
PTALT0AE0002,36283979,ALTR,EUR,2023-09-04,4.562,4.562,4.54,4.562,226635,416,4.5542
PTALT0AE0002,36283979,ALTR,EUR,2023-09-05,4.54,4.578,4.538,4.57,328703,563,4.5674
PTALT0AE0002,36283979,ALTR,EUR,2023-09-06,4.566,4.584,4.5,4.502,420981,662,4.541
PTALT0AE0002,36283979,ALTR,EUR,2023-09-07,4.47,4.54,4.438,4.51,248642,419,4.518
PTALT0AE0002,36283979,ALTR,EUR,2023-09-08,4.5,4.526,4.464,4.512,193034,317,4.5048
PTALT0AE0002,36283979,ALTR,EUR,2023-09-11,4.54,4.57,4.532,4.56,141610,228,4.554
PTALT0AE0002,36283979,ALTR,EUR,2023-09-12,4.532,4.56,4.516,4.516,124445,324,4.5334
PTALT0AE0002,36283979,ALTR,EUR,2023-09-13,4.506,4.524,4.464,4.492,177241,222,4.489
PTALT0AE0002,36283979,ALTR,EUR,2023-09-14,4.49,4.598,4.49,4.584,275421,422,4.563
PTALT0AE0002,36283979,ALTR,EUR,2023-09-15,4.602,4.62,4.5,4.51,799655,1090,4.5422
PTALT0AE0002,36283979,ALTR,EUR,2023-09-18,4.512,4.522,4.33,4.36,868534,1087,4.437
PTALT0AE0002,36283979,ALTR,EUR,2023-09-19,4.34,4.38,4.25,4.252,951413,1363,4.312
PTALT0AE0002,36283979,ALTR,EUR,2023-09-20,4.252,4.336,4.25,4.324,371332,492,4.3058
PTALT0AE0002,36283979,ALTR,EUR,2023-09-21,4.318,4.36,4.292,4.328,232845,389,4.3288
PTALT0AE0002,36283979,ALTR,EUR,2023-09-22,4.322,4.344,4.274,4.28,214812,337,4.307
PTALT0AE0002,36283979,ALTR,EUR,2023-09-25,4.298,4.298,4.228,4.262,425180,497,4.255
PTALT0AE0002,36283979,ALTR,EUR,2023-09-26,4.262,4.266,4.216,4.258,140499,289,4.2462
PTALT0AE0002,36283979,ALTR,EUR,2023-09-27,4.25,4.28,4.24,4.244,146520,290,4.2568
PTALT0AE0002,36283979,ALTR,EUR,2023-09-28,4.23,4.286,4.23,4.274,198355,346,4.2662
PTALT0AE0002,36283979,ALTR,EUR,2023-09-29,4.286,4.33,4.276,4.286,329507,312,4.2924
PTALT0AE0002,36283979,ALTR,EUR,2023-10-02,4.35,4.366,4.324,4.332,224956,376,4.3414
PTALT0AE0002,36283979,ALTR,EUR,2023-10-03,4.338,4.338,4.228,4.23,329036,479,4.28
PTALT0AE0002,36283979,ALTR,EUR,2023-10-04,4.22,4.328,4.21,4.222,510679,609,4.26
PTALT0AE0002,36283979,ALTR,EUR,2023-10-05,4.23,4.332,4.23,4.306,413658,545,4.2938
PTALT0AE0002,36283979,ALTR,EUR,2023-10-06,4.302,4.36,4.286,4.312,244112,408,4.3186
PTALT0AE0002,36283979,ALTR,EUR,2023-10-09,4.226,4.38,4.226,4.33,322129,436,4.3384
PTALT0AE0002,36283979,ALTR,EUR,2023-10-10,4.338,4.41,4.338,4.4,372655,524,4.3862
PTALT0AE0002,36283979,ALTR,EUR,2023-10-11,4.4,4.616,4.394,4.594,723906,957,4.5408
PTALT0AE0002,36283979,ALTR,EUR,2023-10-12,4.616,4.65,4.55,4.562,526093,615,4.6034
PTALT0AE0002,36283979,ALTR,EUR,2023-10-13,4.53,4.59,4.494,4.508,208169,347,4.5372
PTALT0AE0002,36283979,ALTR,EUR,2023-10-16,4.48,4.58,4.48,4.524,205298,372,4.5288
PTALT0AE0002,36283979,ALTR,EUR,2023-10-17,4.52,4.58,4.514,4.57,222562,399,4.555
PTALT0AE0002,36283979,ALTR,EUR,2023-10-18,4.57,4.576,4.52,4.53,310037,508,4.5416
PTALT0AE0002,36283979,ALTR,EUR,2023-10-19,4.5,4.5,4.32,4.4,741901,775,4.3778
PTALT0AE0002,36283979,ALTR,EUR,2023-10-20,4.36,4.4,4.33,4.334,239076,365,4.3546
PTALT0AE0002,36283979,ALTR,EUR,2023-10-23,4.326,4.34,4.284,4.29,242285,386,4.2986
PTALT0AE0002,36283979,ALTR,EUR,2023-10-24,4.35,4.406,4.31,4.36,403637,581,4.3704
PTALT0AE0002,36283979,ALTR,EUR,2023-10-25,4.31,4.37,4.31,4.34,243906,455,4.3392
PTALT0AE0002,36283979,ALTR,EUR,2023-10-26,4.33,4.48,4.33,4.464,430557,570,4.4368
PTALT0AE0002,36283979,ALTR,EUR,2023-10-27,4.39,4.49,4.39,4.464,272354,405,4.4616
PTALT0AE0002,36283979,ALTR,EUR,2023-10-30,4.49,4.576,4.49,4.55,325418,407,4.5384
PTALT0AE0002,36283979,ALTR,EUR,2023-10-31,4.54,4.58,4.52,4.57,252322,357,4.5474
PTALT0AE0002,36283979,ALTR,EUR,2023-11-01,4.576,4.576,4.524,4.554,150844,264,4.5548
PTALT0AE0002,36283979,ALTR,EUR,2023-11-02,4.57,4.616,4.55,4.61,420270,493,4.5906
PTALT0AE0002,36283979,ALTR,EUR,2023-11-03,4.61,4.666,4.574,4.594,285697,498,4.6218
PTALT0AE0002,36283979,ALTR,EUR,2023-11-06,4.6,4.64,4.6,4.626,185254,396,4.623
PTALT0AE0002,36283979,ALTR,EUR,2023-11-07,4.646,4.65,4.47,4.52,434596,643,4.5364
PTALT0AE0002,36283979,ALTR,EUR,2023-11-08,4.48,4.6,4.48,4.57,565740,439,4.5606
PTALT0AE0002,36283979,ALTR,EUR,2023-11-09,4.6,4.63,4.56,4.58,185892,319,4.5886
PTALT0AE0002,36283979,ALTR,EUR,2023-11-10,4.616,4.62,4.53,4.55,150025,315,4.5576
PTALT0AE0002,36283979,ALTR,EUR,2023-11-13,4.52,4.58,4.52,4.536,124861,282,4.5386
PTALT0AE0002,36283979,ALTR,EUR,2023-11-14,4.54,4.56,4.49,4.54,220403,427,4.5286
PTALT0AE0002,36283979,ALTR,EUR,2023-11-15,4.54,4.566,4.48,4.496,197883,369,4.511
PTALT0AE0002,36283979,ALTR,EUR,2023-11-16,4.49,4.526,4.424,4.424,253458,395,4.455
PTALT0AE0002,36283979,ALTR,EUR,2023-11-17,4.3,4.7,4.28,4.666,2175028,2100,4.5282
PTALT0AE0002,36283979,ALTR,EUR,2023-11-20,4.66,4.9,4.65,4.85,2567576,2410,4.8106
PTALT0AE0002,36283979,ALTR,EUR,2023-11-21,4.85,4.85,4.724,4.786,536926,697,4.7766
PTALT0AE0002,36283979,ALTR,EUR,2023-11-22,4.82,4.85,4.79,4.84,196722,420,4.8286
PTALT0AE0002,36283979,ALTR,EUR,2023-11-23,4.81,4.83,4.75,4.82,227868,344,4.7934
PTALT0AE0002,36283979,ALTR,EUR,2023-11-24,4.82,4.83,4.764,4.8,344671,495,4.7944
PTALT0AE0002,36283979,ALTR,EUR,2023-11-27,4.8,4.806,4.764,4.78,178601,284,4.7886
PTALT0AE0002,36283979,ALTR,EUR,2023-11-28,4.79,4.8,4.76,4.794,202495,294,4.7846
PTALT0AE0002,36283979,ALTR,EUR,2023-11-29,4.794,4.8,4.75,4.77,312297,377,4.769
PTALT0AE0002,36283979,ALTR,EUR,2023-11-30,4.79,4.79,4.73,4.76,447269,444,4.7548
PTALT0AE0002,36283979,ALTR,EUR,2023-12-01,4.786,4.83,4.764,4.82,364974,447,4.8046
PTALT0AE0002,36283979,ALTR,EUR,2023-12-04,4.816,4.83,4.75,4.776,306778,381,4.778
PTALT0AE0002,36283979,ALTR,EUR,2023-12-05,4.764,4.81,4.754,4.776,306028,302,4.7794
PTALT0AE0002,36283979,ALTR,EUR,2023-12-06,4.794,4.8,4.74,4.776,332067,422,4.768
PTALT0AE0002,36283979,ALTR,EUR,2023-12-07,4.746,4.786,4.72,4.75,280435,529,4.754
PTALT0AE0002,36283979,ALTR,EUR,2023-12-08,4.77,4.8,4.75,4.78,193184,343,4.7754
PTALT0AE0002,36283979,ALTR,EUR,2023-12-11,4.79,4.79,4.72,4.78,165749,306,4.7626
PTALT0AE0002,36283979,ALTR,EUR,2023-12-12,4.76,4.78,4.7,4.714,150657,211,4.7272
PTALT0AE0002,36283979,ALTR,EUR,2023-12-13,4.696,4.77,4.694,4.75,207938,298,4.738
PTALT0AE0002,36283979,ALTR,EUR,2023-12-14,4.754,4.806,4.62,4.65,611200,664,4.7004
PTALT0AE0002,36283979,ALTR,EUR,2023-12-15,4.68,4.696,4.6,4.616,362560,472,4.6416
PTALT0AE0002,36283979,ALTR,EUR,2023-12-18,4.6,4.656,4.534,4.61,468901,703,4.5998
PTALT0AE0002,36283979,ALTR,EUR,2023-12-19,4.63,4.65,4.54,4.54,198904,366,4.5818
PTALT0AE0002,36283979,ALTR,EUR,2023-12-20,4.55,4.576,4.5,4.536,420636,615,4.5366
PTALT0AE0002,36283979,ALTR,EUR,2023-12-21,4.536,4.64,4.53,4.62,593062,689,4.5866
PTALT0AE0002,36283979,ALTR,EUR,2023-12-22,4.64,4.69,4.61,4.69,421336,536,4.6614
PTALT0AE0002,36283979,ALTR,EUR,2023-12-27,4.65,4.7,4.63,4.67,327956,468,4.6698
PTALT0AE0002,36283979,ALTR,EUR,2023-12-28,4.67,4.68,4.61,4.62,171832,307,4.6306
PTALT0AE0002,36283979,ALTR,EUR,2023-12-29,4.606,4.636,4.59,4.6,283842,360,4.6094
