ISIN,conId,Symbol,Currency,date,open,high,low,close,volume,barCount,average
US00737L1035,276328013,CVSA,USD,2019-01-02,46.74,47.56,46.43,47.37,6593,3187,47.212
US00737L1035,276328013,CVSA,USD,2019-01-03,46.94,47.87,46.82,46.99,3578,2377,47.163
US00737L1035,276328013,CVSA,USD,2019-01-04,47.67,48.95,47.67,48.21,3306,2047,48.29
US00737L1035,276328013,CVSA,USD,2019-01-07,48.05,48.49,47.45,47.77,3623,2149,47.849
US00737L1035,276328013,CVSA,USD,2019-01-08,48.28,48.91,47.2,47.5,4141,1904,47.943
US00737L1035,276328013,CVSA,USD,2019-01-09,47.71,48.26,46.88,47.37,2997,1968,47.32
US00737L1035,276328013,CVSA,USD,2019-01-10,47.05,47.38,46.64,47.38,5202,1909,47.108
US00737L1035,276328013,CVSA,USD,2019-01-11,47.15,47.52,46.78,47.37,3645,2216,47.185
US00737L1035,276328013,CVSA,USD,2019-01-14,46.97,47.44,46.69,47.2,3330,1906,47.195
US00737L1035,276328013,CVSA,USD,2019-01-15,47.37,48.05,47.17,47.85,2146,1555,47.755
US00737L1035,276328013,CVSA,USD,2019-01-16,47.93,48.6,47.76,47.99,5326,2778,48.053
US00737L1035,276328013,CVSA,USD,2019-01-17,47.73,48.47,47.73,47.93,4107,2217,48.003
US00737L1035,276328013,CVSA,USD,2019-01-18,48.18,49.07,48.01,48.88,2816,1335,48.756
US00737L1035,276328013,CVSA,USD,2019-01-22,48.72,49.44,48.28,48.7,2552,1707,48.63
US00737L1035,276328013,CVSA,USD,2019-01-23,48.85,49.53,48.7,49.15,2720,1625,49.078
US00737L1035,276328013,CVSA,USD,2019-01-24,49.04,49.37,48.54,49.07,2037,1068,49.095
US00737L1035,276328013,CVSA,USD,2019-01-25,49.46,49.8,49.23,49.66,1456,1067,49.628
US00737L1035,276328013,CVSA,USD,2019-01-28,49.16,49.45,48.62,49.22,2440,1676,49.09
US00737L1035,276328013,CVSA,USD,2019-01-29,49.41,49.46,48.61,48.8,1919,1189,48.929
US00737L1035,276328013,CVSA,USD,2019-01-30,49.01,49.37,48.36,49.24,2637,1394,48.995
US00737L1035,276328013,CVSA,USD,2019-01-31,49.17,49.49,48.73,48.9,2614,1489,48.999
US00737L1035,276328013,CVSA,USD,2019-02-01,48.9,49.31,48.65,49.26,2252,1309,49.094
US00737L1035,276328013,CVSA,USD,2019-02-04,49.21,49.92,48.96,49.65,1903,1233,49.507
US00737L1035,276328013,CVSA,USD,2019-02-05,49.78,50.13,49.41,49.56,3072,1748,49.597
US00737L1035,276328013,CVSA,USD,2019-02-06,49.51,49.71,48.98,49.41,1609,879,49.292
US00737L1035,276328013,CVSA,USD,2019-02-07,49.04,49.98,48.49,49.0,1914,1258,49.001
US00737L1035,276328013,CVSA,USD,2019-02-08,48.56,49.88,47.13,47.79,6368,4395,48.182
US00737L1035,276328013,CVSA,USD,2019-02-11,47.91,48.44,47.57,47.77,3018,1867,47.893
US00737L1035,276328013,CVSA,USD,2019-02-12,48.08,48.44,47.29,47.64,2300,1406,47.754
US00737L1035,276328013,CVSA,USD,2019-02-13,47.6,48.49,47.55,48.24,3284,1933,48.159
US00737L1035,276328013,CVSA,USD,2019-02-14,47.8,48.71,47.68,48.15,3105,2008,48.231
US00737L1035,276328013,CVSA,USD,2019-02-15,48.58,49.12,47.94,48.47,3057,1931,48.609
US00737L1035,276328013,CVSA,USD,2019-02-19,48.28,49.2,48.18,49.03,2636,1834,48.912
US00737L1035,276328013,CVSA,USD,2019-02-20,49.1,49.15,48.04,48.15,2687,1792,48.282
US00737L1035,276328013,CVSA,USD,2019-02-21,48.18,49.67,48.18,49.24,3644,2325,49.205
US00737L1035,276328013,CVSA,USD,2019-02-22,49.48,49.48,48.77,49.24,2680,1690,49.189
US00737L1035,276328013,CVSA,USD,2019-02-25,49.35,49.6,48.83,48.96,2707,1627,49.127
US00737L1035,276328013,CVSA,USD,2019-02-26,48.95,49.1,48.28,48.33,2748,1335,48.456
US00737L1035,276328013,CVSA,USD,2019-02-27,48.13,48.39,47.73,48.02,2943,1578,47.987
US00737L1035,276328013,CVSA,USD,2019-02-28,48.0,48.52,48.0,48.2,2737,1381,48.265
US00737L1035,276328013,CVSA,USD,2019-03-01,48.51,49.46,48.44,49.26,2404,1683,49.159
US00737L1035,276328013,CVSA,USD,2019-03-04,49.32,49.32,48.03,48.07,2912,1961,48.234
US00737L1035,276328013,CVSA,USD,2019-03-05,48.09,48.42,47.95,48.09,1908,1266,48.193
US00737L1035,276328013,CVSA,USD,2019-03-06,48.11,48.33,47.49,47.77,2614,1259,47.76
US00737L1035,276328013,CVSA,USD,2019-03-07,47.68,47.68,47.01,47.27,3569,2105,47.335
US00737L1035,276328013,CVSA,USD,2019-03-08,47.01,47.8,46.7,47.4,3622,1809,47.393
US00737L1035,276328013,CVSA,USD,2019-03-11,47.55,48.34,47.4,48.2,2334,1751,48.106
US00737L1035,276328013,CVSA,USD,2019-03-12,48.19,48.66,47.69,48.03,1698,1244,47.974
US00737L1035,276328013,CVSA,USD,2019-03-13,48.14,49.03,48.06,48.67,3477,1619,48.692
US00737L1035,276328013,CVSA,USD,2019-03-14,48.57,48.7,48.23,48.32,2736,1601,48.408
US00737L1035,276328013,CVSA,USD,2019-03-15,48.46,49.56,48.46,48.84,7357,1545,48.791
US00737L1035,276328013,CVSA,USD,2019-03-18,48.87,49.3,48.65,48.83,3707,1828,48.875
US00737L1035,276328013,CVSA,USD,2019-03-19,48.94,49.28,48.29,48.32,2521,1383,48.575
US00737L1035,276328013,CVSA,USD,2019-03-20,48.23,48.59,46.71,47.3,3279,1978,47.337
US00737L1035,276328013,CVSA,USD,2019-03-21,47.16,48.28,47.16,47.9,2884,1915,47.835
US00737L1035,276328013,CVSA,USD,2019-03-22,47.54,47.69,45.95,45.97,2676,1711,46.402
US00737L1035,276328013,CVSA,USD,2019-03-25,45.69,46.01,45.19,45.53,2733,1950,45.53
US00737L1035,276328013,CVSA,USD,2019-03-26,45.73,46.29,45.54,45.67,1854,1120,45.779
US00737L1035,276328013,CVSA,USD,2019-03-27,45.51,45.77,45.09,45.42,1838,1295,45.487
US00737L1035,276328013,CVSA,USD,2019-03-28,45.51,46.1,45.5,46.05,1578,1193,45.853
US00737L1035,276328013,CVSA,USD,2019-03-29,46.38,47.09,46.21,46.32,3360,1813,46.457
US00737L1035,276328013,CVSA,USD,2019-04-01,46.59,47.05,46.05,46.93,2897,1561,46.681
US00737L1035,276328013,CVSA,USD,2019-04-02,46.9,46.9,46.3,46.48,2073,1425,46.52
US00737L1035,276328013,CVSA,USD,2019-04-03,46.92,47.72,46.86,47.48,2746,2030,47.355
US00737L1035,276328013,CVSA,USD,2019-04-04,47.57,48.03,47.35,47.87,1950,1279,47.771
US00737L1035,276328013,CVSA,USD,2019-04-05,48.01,48.42,47.62,47.84,5186,2027,47.971
US00737L1035,276328013,CVSA,USD,2019-04-08,47.68,48.22,47.18,47.95,1993,1102,47.897
US00737L1035,276328013,CVSA,USD,2019-04-09,47.75,48.34,47.55,47.66,2118,1426,47.907
US00737L1035,276328013,CVSA,USD,2019-04-10,47.81,48.51,47.39,48.36,1785,1211,48.266
US00737L1035,276328013,CVSA,USD,2019-04-11,48.45,48.56,47.85,48.33,1830,1309,48.346
US00737L1035,276328013,CVSA,USD,2019-04-12,48.58,48.87,48.08,48.58,2111,1305,48.473
US00737L1035,276328013,CVSA,USD,2019-04-15,48.65,49.03,48.25,49.02,1993,1052,48.905
US00737L1035,276328013,CVSA,USD,2019-04-16,49.36,49.38,48.76,49.18,1518,866,49.163
US00737L1035,276328013,CVSA,USD,2019-04-17,49.45,49.68,48.39,48.57,1945,1313,48.705
US00737L1035,276328013,CVSA,USD,2019-04-18,48.44,48.95,47.92,48.0,1427,980,48.173
US00737L1035,276328013,CVSA,USD,2019-04-22,47.8,47.94,47.05,47.67,1684,1178,47.509
US00737L1035,276328013,CVSA,USD,2019-04-23,47.62,49.08,47.62,48.95,1853,1061,48.695
US00737L1035,276328013,CVSA,USD,2019-04-24,48.95,49.06,48.59,48.84,1978,1267,48.801
US00737L1035,276328013,CVSA,USD,2019-04-25,48.69,49.0,47.72,48.74,1957,1296,48.542
US00737L1035,276328013,CVSA,USD,2019-04-26,48.74,49.98,48.54,49.76,1659,1125,49.66
US00737L1035,276328013,CVSA,USD,2019-04-29,49.75,50.35,49.66,49.78,2001,1387,49.966
US00737L1035,276328013,CVSA,USD,2019-04-30,49.82,49.92,48.71,49.32,2740,1198,49.363
US00737L1035,276328013,CVSA,USD,2019-05-01,49.72,50.49,49.54,49.61,2261,1670,49.95
US00737L1035,276328013,CVSA,USD,2019-05-02,50.33,50.35,49.22,50.02,1862,1324,49.817
US00737L1035,276328013,CVSA,USD,2019-05-03,47.37,49.21,45.56,45.86,4405,3131,46.381
US00737L1035,276328013,CVSA,USD,2019-05-06,45.29,47.01,45.29,46.3,3938,2853,46.504
US00737L1035,276328013,CVSA,USD,2019-05-07,45.95,46.13,44.72,45.13,2907,1828,45.34
US00737L1035,276328013,CVSA,USD,2019-05-08,45.06,45.13,43.85,44.36,2980,2285,44.404
US00737L1035,276328013,CVSA,USD,2019-05-09,43.98,44.79,43.5,44.62,3930,3106,44.278
US00737L1035,276328013,CVSA,USD,2019-05-10,44.62,45.48,44.17,45.46,3277,2523,45.03
US00737L1035,276328013,CVSA,USD,2019-05-13,44.67,44.95,42.75,44.04,4373,2253,44.109
US00737L1035,276328013,CVSA,USD,2019-05-14,43.74,43.95,43.38,43.42,3803,2250,43.628
US00737L1035,276328013,CVSA,USD,2019-05-15,43.42,44.03,42.7,43.73,2939,1796,43.682
US00737L1035,276328013,CVSA,USD,2019-05-16,43.88,44.44,43.63,43.69,2179,1593,43.949
US00737L1035,276328013,CVSA,USD,2019-05-17,43.31,43.7,42.96,42.98,2251,1437,43.279
US00737L1035,276328013,CVSA,USD,2019-05-20,42.62,43.06,42.36,42.9,2270,1508,42.799
US00737L1035,276328013,CVSA,USD,2019-05-21,43.11,43.75,43.02,43.26,1884,1333,43.441
US00737L1035,276328013,CVSA,USD,2019-05-22,43.0,43.61,43.0,43.26,1827,1308,43.387
US00737L1035,276328013,CVSA,USD,2019-05-23,42.82,43.39,42.68,43.24,2878,1911,43.179
US00737L1035,276328013,CVSA,USD,2019-05-24,43.48,43.92,43.46,43.6,2199,1106,43.666
US00737L1035,276328013,CVSA,USD,2019-05-28,43.6,44.06,43.43,43.44,2553,1581,43.681
US00737L1035,276328013,CVSA,USD,2019-05-29,43.34,43.97,43.17,43.78,2157,1354,43.698
US00737L1035,276328013,CVSA,USD,2019-05-30,43.82,44.21,43.72,44.02,2094,1198,43.988
US00737L1035,276328013,CVSA,USD,2019-05-31,43.55,44.05,43.46,43.96,2318,1395,43.889
US00737L1035,276328013,CVSA,USD,2019-06-03,43.99,44.69,43.87,44.2,2085,1358,44.309
US00737L1035,276328013,CVSA,USD,2019-06-04,44.52,45.29,44.39,45.2,2206,1408,45.003
US00737L1035,276328013,CVSA,USD,2019-06-05,45.31,45.74,44.67,45.09,2089,1404,45.06
US00737L1035,276328013,CVSA,USD,2019-06-06,45.06,45.29,44.48,44.52,2867,1589,44.714
US00737L1035,276328013,CVSA,USD,2019-06-07,44.88,45.42,44.71,44.81,2495,1636,44.9
US00737L1035,276328013,CVSA,USD,2019-06-10,44.92,45.31,43.98,44.18,1741,1251,44.425
US00737L1035,276328013,CVSA,USD,2019-06-11,44.48,44.57,43.84,43.93,2143,1628,44.071
US00737L1035,276328013,CVSA,USD,2019-06-12,44.02,44.27,43.49,44.18,2249,1092,44.07
US00737L1035,276328013,CVSA,USD,2019-06-13,44.34,44.48,44.03,44.25,2082,1295,44.292
US00737L1035,276328013,CVSA,USD,2019-06-14,44.18,44.78,44.05,44.68,1591,1150,44.437
US00737L1035,276328013,CVSA,USD,2019-06-17,44.89,45.19,44.3,45.18,2242,1451,45.017
US00737L1035,276328013,CVSA,USD,2019-06-18,45.5,46.02,44.89,45.11,1892,1105,45.33
US00737L1035,276328013,CVSA,USD,2019-06-19,45.12,45.73,44.83,45.58,1855,924,45.488
US00737L1035,276328013,CVSA,USD,2019-06-20,46.02,46.02,45.32,45.88,1834,799,45.823
US00737L1035,276328013,CVSA,USD,2019-06-21,45.69,45.92,45.04,45.04,8729,1727,45.264
US00737L1035,276328013,CVSA,USD,2019-06-24,45.07,45.19,44.07,44.07,3595,1845,44.325
US00737L1035,276328013,CVSA,USD,2019-06-25,44.13,45.06,43.83,44.86,3806,1877,44.639
US00737L1035,276328013,CVSA,USD,2019-06-26,44.97,45.09,43.89,44.65,3323,1659,44.493
US00737L1035,276328013,CVSA,USD,2019-06-27,44.83,45.54,44.5,45.13,6546,2757,44.937
US00737L1035,276328013,CVSA,USD,2019-06-28,45.1,45.59,44.48,45.05,8734,3345,45.072
US00737L1035,276328013,CVSA,USD,2019-07-01,45.51,45.89,44.88,45.02,3256,2095,45.145
US00737L1035,276328013,CVSA,USD,2019-07-02,45.0,45.76,45.0,45.4,3306,2289,45.435
US00737L1035,276328013,CVSA,USD,2019-07-03,45.6,46.02,45.22,45.52,2433,1361,45.71
US00737L1035,276328013,CVSA,USD,2019-07-05,45.37,45.77,45.27,45.54,1798,1180,45.482
US00737L1035,276328013,CVSA,USD,2019-07-08,45.35,45.56,44.91,45.17,1824,1124,45.184
US00737L1035,276328013,CVSA,USD,2019-07-09,44.96,45.46,44.96,45.1,2847,2110,45.226
US00737L1035,276328013,CVSA,USD,2019-07-10,45.3,45.76,45.24,45.28,1430,959,45.404
US00737L1035,276328013,CVSA,USD,2019-07-11,45.35,45.56,44.9,45.34,2440,1646,45.208
US00737L1035,276328013,CVSA,USD,2019-07-12,45.39,46.0,45.39,45.83,2886,1810,45.79
US00737L1035,276328013,CVSA,USD,2019-07-15,45.91,46.16,45.41,46.03,1483,873,45.942
US00737L1035,276328013,CVSA,USD,2019-07-16,45.88,46.81,45.88,46.38,1626,1112,46.463
US00737L1035,276328013,CVSA,USD,2019-07-17,46.45,47.19,46.23,46.61,2531,1564,46.696
US00737L1035,276328013,CVSA,USD,2019-07-18,46.77,47.36,46.55,47.29,3217,1171,47.219
US00737L1035,276328013,CVSA,USD,2019-07-19,47.23,47.95,47.23,47.41,1676,1100,47.574
US00737L1035,276328013,CVSA,USD,2019-07-22,47.41,47.76,47.17,47.4,1821,1115,47.391
US00737L1035,276328013,CVSA,USD,2019-07-23,47.51,48.07,47.46,48.07,1847,1288,47.886
US00737L1035,276328013,CVSA,USD,2019-07-24,47.95,49.01,47.95,48.88,1897,1318,48.644
US00737L1035,276328013,CVSA,USD,2019-07-25,48.82,48.91,47.67,47.86,2212,1282,48.02
US00737L1035,276328013,CVSA,USD,2019-07-26,48.03,48.85,47.78,48.66,1424,752,48.549
US00737L1035,276328013,CVSA,USD,2019-07-29,48.68,48.78,48.02,48.21,1814,856,48.24
US00737L1035,276328013,CVSA,USD,2019-07-30,47.89,48.99,47.68,48.97,1697,872,48.801
US00737L1035,276328013,CVSA,USD,2019-07-31,48.87,49.14,47.34,47.37,2506,1494,47.766
US00737L1035,276328013,CVSA,USD,2019-08-01,47.37,48.27,46.88,47.28,1915,1323,47.478
US00737L1035,276328013,CVSA,USD,2019-08-02,46.87,47.06,46.07,46.39,1516,1003,46.521
US00737L1035,276328013,CVSA,USD,2019-08-05,45.5,45.68,43.8,44.42,2307,1609,44.593
US00737L1035,276328013,CVSA,USD,2019-08-06,44.6,46.52,44.49,46.36,2642,1867,45.751
US00737L1035,276328013,CVSA,USD,2019-08-07,45.89,46.79,45.52,46.35,2594,1324,46.321
US00737L1035,276328013,CVSA,USD,2019-08-08,46.75,48.24,46.75,48.18,2825,1485,47.964
US00737L1035,276328013,CVSA,USD,2019-08-09,47.89,48.72,47.89,48.09,1677,1095,48.344
US00737L1035,276328013,CVSA,USD,2019-08-12,47.67,48.29,47.59,47.7,1303,1035,47.84
US00737L1035,276328013,CVSA,USD,2019-08-13,47.5,48.97,47.5,48.11,1717,1036,48.282
US00737L1035,276328013,CVSA,USD,2019-08-14,47.44,48.05,47.34,47.7,1579,1124,47.711
US00737L1035,276328013,CVSA,USD,2019-08-15,47.7,48.4,47.45,47.67,1709,1150,47.788
US00737L1035,276328013,CVSA,USD,2019-08-16,47.93,49.01,47.93,48.81,1656,1051,48.672
US00737L1035,276328013,CVSA,USD,2019-08-19,49.37,50.42,49.37,50.01,3105,1807,50.023
US00737L1035,276328013,CVSA,USD,2019-08-20,50.12,50.41,49.71,50.2,4835,2664,50.143
US00737L1035,276328013,CVSA,USD,2019-08-21,50.2,52.25,50.2,52.25,3564,2233,51.403
US00737L1035,276328013,CVSA,USD,2019-08-22,51.56,51.7,50.63,50.96,3854,2509,51.153
US00737L1035,276328013,CVSA,USD,2019-08-23,50.96,51.47,43.53,44.94,14648,8693,44.762
US00737L1035,276328013,CVSA,USD,2019-08-26,45.47,46.42,45.22,45.55,4909,3256,45.519
US00737L1035,276328013,CVSA,USD,2019-08-27,45.73,46.06,43.71,43.86,5827,3620,44.395
US00737L1035,276328013,CVSA,USD,2019-08-28,43.45,44.18,43.32,43.39,7730,4551,43.727
US00737L1035,276328013,CVSA,USD,2019-08-29,43.68,44.14,42.42,42.6,3860,2405,42.873
US00737L1035,276328013,CVSA,USD,2019-08-30,42.68,42.96,41.8,42.72,6555,3513,42.323
US00737L1035,276328013,CVSA,USD,2019-09-03,42.55,42.85,41.36,41.58,2803,1791,41.697
US00737L1035,276328013,CVSA,USD,2019-09-04,41.85,41.96,40.6,41.02,4111,2239,41.139
US00737L1035,276328013,CVSA,USD,2019-09-05,41.2,41.93,41.2,41.53,4231,2169,41.564
US00737L1035,276328013,CVSA,USD,2019-09-06,41.59,41.59,40.75,40.84,3226,1761,41.033
US00737L1035,276328013,CVSA,USD,2019-09-09,40.84,41.4,40.35,41.0,4012,2727,40.915
US00737L1035,276328013,CVSA,USD,2019-09-10,40.85,41.34,40.48,40.82,5773,3014,40.841
US00737L1035,276328013,CVSA,USD,2019-09-11,40.82,41.15,40.2,40.57,5519,3577,40.552
US00737L1035,276328013,CVSA,USD,2019-09-12,40.8,42.01,40.06,41.7,4712,2844,41.131
US00737L1035,276328013,CVSA,USD,2019-09-13,41.81,42.61,41.15,41.24,3725,2278,41.475
US00737L1035,276328013,CVSA,USD,2019-09-16,40.87,41.98,40.81,41.49,4996,2332,41.586
US00737L1035,276328013,CVSA,USD,2019-09-17,41.47,41.94,41.19,41.79,3854,1892,41.674
US00737L1035,276328013,CVSA,USD,2019-09-18,41.87,42.14,41.52,42.0,3993,1675,41.92
US00737L1035,276328013,CVSA,USD,2019-09-19,42.07,42.72,42.07,42.28,4203,2296,42.402
US00737L1035,276328013,CVSA,USD,2019-09-20,42.0,42.49,40.57,40.66,8587,1784,41.063
US00737L1035,276328013,CVSA,USD,2019-09-23,40.35,41.44,40.05,41.19,4219,1496,41.089
US00737L1035,276328013,CVSA,USD,2019-09-24,41.42,41.73,40.79,41.13,2839,1610,41.16
US00737L1035,276328013,CVSA,USD,2019-09-25,41.11,41.52,38.71,38.73,6905,3208,39.533
US00737L1035,276328013,CVSA,USD,2019-09-26,38.73,38.87,37.73,38.2,18945,7157,38.179
US00737L1035,276328013,CVSA,USD,2019-09-27,38.5,38.82,37.68,38.02,5174,2846,38.148
US00737L1035,276328013,CVSA,USD,2019-09-30,38.16,38.49,37.81,38.09,5996,2346,38.132
US00737L1035,276328013,CVSA,USD,2019-10-01,38.37,38.71,37.91,37.95,3897,1931,38.074
US00737L1035,276328013,CVSA,USD,2019-10-02,37.53,37.96,37.45,37.78,4008,2331,37.77
US00737L1035,276328013,CVSA,USD,2019-10-03,37.61,38.09,37.19,37.69,3399,1778,37.675
US00737L1035,276328013,CVSA,USD,2019-10-04,37.66,38.08,36.65,36.76,3576,1750,36.91
US00737L1035,276328013,CVSA,USD,2019-10-07,36.52,37.52,36.52,36.88,3659,1757,37.044
US00737L1035,276328013,CVSA,USD,2019-10-08,36.58,36.66,35.45,35.48,3719,2345,35.871
US00737L1035,276328013,CVSA,USD,2019-10-09,35.72,36.19,35.61,35.67,3260,2139,35.809
US00737L1035,276328013,CVSA,USD,2019-10-10,35.73,36.05,35.37,35.42,4201,2502,35.625
US00737L1035,276328013,CVSA,USD,2019-10-11,35.86,36.3,35.79,35.98,8483,4060,36.006
US00737L1035,276328013,CVSA,USD,2019-10-14,35.9,36.21,35.78,35.84,3579,1904,35.997
US00737L1035,276328013,CVSA,USD,2019-10-15,35.72,37.35,35.41,36.69,14841,6580,36.4
US00737L1035,276328013,CVSA,USD,2019-10-16,36.98,37.12,36.27,36.5,5428,3071,36.603
US00737L1035,276328013,CVSA,USD,2019-10-17,36.66,36.74,36.16,36.29,4902,2594,36.391
US00737L1035,276328013,CVSA,USD,2019-10-18,36.17,36.34,35.81,35.85,4180,1932,36.032
US00737L1035,276328013,CVSA,USD,2019-10-21,36.1,36.7,35.12,36.25,3935,2346,36.309
US00737L1035,276328013,CVSA,USD,2019-10-22,36.26,36.36,36.1,36.33,6915,2793,36.274
US00737L1035,276328013,CVSA,USD,2019-10-23,36.48,36.7,36.27,36.47,4650,2109,36.484
US00737L1035,276328013,CVSA,USD,2019-10-24,36.5,36.8,36.01,36.13,2953,1825,36.208
US00737L1035,276328013,CVSA,USD,2019-10-25,36.15,36.64,36.15,36.47,2758,1760,36.461
US00737L1035,276328013,CVSA,USD,2019-10-28,36.5,37.1,36.5,36.75,4021,1709,36.793
US00737L1035,276328013,CVSA,USD,2019-10-29,36.47,36.86,34.8,36.25,3228,2036,36.564
US00737L1035,276328013,CVSA,USD,2019-10-30,36.54,36.54,27.58,29.7,23457,11177,29.975
US00737L1035,276328013,CVSA,USD,2019-10-31,30.78,30.79,29.56,29.78,8451,5623,29.933
US00737L1035,276328013,CVSA,USD,2019-11-01,29.89,30.77,29.89,30.56,6087,3105,30.571
US00737L1035,276328013,CVSA,USD,2019-11-04,30.73,30.98,30.63,30.82,5523,2560,30.841
US00737L1035,276328013,CVSA,USD,2019-11-05,30.84,31.55,30.84,31.35,3910,2215,31.381
US00737L1035,276328013,CVSA,USD,2019-11-06,31.3,32.01,31.2,31.74,3841,2031,31.78
US00737L1035,276328013,CVSA,USD,2019-11-07,31.99,32.27,31.51,31.82,4761,2545,31.817
US00737L1035,276328013,CVSA,USD,2019-11-08,31.73,31.96,31.53,31.78,3243,1979,31.804
US00737L1035,276328013,CVSA,USD,2019-11-11,31.58,32.1,31.56,31.99,5293,2693,31.989
US00737L1035,276328013,CVSA,USD,2019-11-12,32.14,32.97,32.14,32.54,4316,2711,32.628
US00737L1035,276328013,CVSA,USD,2019-11-13,32.34,32.45,31.16,32.38,3914,2340,31.937
US00737L1035,276328013,CVSA,USD,2019-11-14,32.47,33.32,32.47,33.12,12824,2885,33.078
US00737L1035,276328013,CVSA,USD,2019-11-15,33.32,34.32,32.92,33.6,6582,2967,33.562
US00737L1035,276328013,CVSA,USD,2019-11-18,33.61,34.13,33.4,34.04,11458,3878,33.821
US00737L1035,276328013,CVSA,USD,2019-11-19,34.12,34.53,34.12,34.36,4639,2436,34.375
US00737L1035,276328013,CVSA,USD,2019-11-20,34.01,34.79,33.87,34.52,7267,3554,34.484
US00737L1035,276328013,CVSA,USD,2019-11-21,34.44,34.46,33.68,33.85,3661,2187,33.899
US00737L1035,276328013,CVSA,USD,2019-11-22,33.9,34.1,33.47,34.03,3778,1572,33.964
US00737L1035,276328013,CVSA,USD,2019-11-25,34.25,35.27,33.97,35.24,3036,1952,34.982
US00737L1035,276328013,CVSA,USD,2019-11-26,34.96,35.39,34.74,34.74,5497,2070,34.93
US00737L1035,276328013,CVSA,USD,2019-11-27,34.95,34.95,33.83,33.89,2398,1597,34.132
US00737L1035,276328013,CVSA,USD,2019-11-29,33.73,33.96,33.64,33.73,1188,688,33.775
US00737L1035,276328013,CVSA,USD,2019-12-02,33.79,33.92,33.37,33.73,5557,1865,33.704
US00737L1035,276328013,CVSA,USD,2019-12-03,33.5,33.5,32.98,33.12,2718,1882,33.146
US00737L1035,276328013,CVSA,USD,2019-12-04,33.44,33.65,33.14,33.16,2759,1359,33.277
US00737L1035,276328013,CVSA,USD,2019-12-05,33.3,33.55,32.72,32.78,1991,1229,32.919
US00737L1035,276328013,CVSA,USD,2019-12-06,33.05,33.76,33.04,33.66,3378,1974,33.554
US00737L1035,276328013,CVSA,USD,2019-12-09,33.65,33.89,33.32,33.46,3305,1756,33.552
US00737L1035,276328013,CVSA,USD,2019-12-10,33.36,33.81,33.16,33.76,2229,1328,33.637
US00737L1035,276328013,CVSA,USD,2019-12-11,33.67,33.83,32.9,33.82,1885,1130,33.748
US00737L1035,276328013,CVSA,USD,2019-12-12,33.83,35.05,33.74,34.98,2752,1870,34.793
US00737L1035,276328013,CVSA,USD,2019-12-13,34.92,35.58,34.59,34.74,1927,1405,34.804
US00737L1035,276328013,CVSA,USD,2019-12-16,35.15,35.27,34.1,34.21,4232,2011,34.5
US00737L1035,276328013,CVSA,USD,2019-12-17,34.41,34.7,34.15,34.25,2068,1301,34.347
US00737L1035,276328013,CVSA,USD,2019-12-18,34.46,34.58,34.15,34.39,3616,2126,34.355
US00737L1035,276328013,CVSA,USD,2019-12-19,34.4,34.41,33.82,34.29,3276,1356,34.247
US00737L1035,276328013,CVSA,USD,2019-12-20,34.45,35.19,34.27,35.02,10116,2392,34.914
US00737L1035,276328013,CVSA,USD,2019-12-23,35.01,35.01,34.5,34.55,1645,810,34.659
US00737L1035,276328013,CVSA,USD,2019-12-24,34.59,34.74,34.18,34.43,896,515,34.471
US00737L1035,276328013,CVSA,USD,2019-12-26,34.46,35.16,34.46,35.12,2444,1064,35.023
US00737L1035,276328013,CVSA,USD,2019-12-27,35.11,35.25,35.01,35.04,3094,1657,35.108
US00737L1035,276328013,CVSA,USD,2019-12-30,35.03,35.1,34.47,34.69,1466,909,34.733
US00737L1035,276328013,CVSA,USD,2019-12-31,34.55,35.23,34.55,34.97,2901,1273,35.004
US00737L1035,276328013,CVSA,USD,2020-01-02,35.03,35.19,34.27,34.69,3557,1266,34.692
US00737L1035,276328013,CVSA,USD,2020-01-03,34.25,34.58,33.96,34.57,2548,1245,34.484
US00737L1035,276328013,CVSA,USD,2020-01-06,34.19,35.18,34.13,35.13,2338,1321,34.978
US00737L1035,276328013,CVSA,USD,2020-01-07,35.23,35.69,34.87,35.49,2399,1527,35.461
US00737L1035,276328013,CVSA,USD,2020-01-08,35.41,35.7,35.12,35.62,2110,1160,35.516
US00737L1035,276328013,CVSA,USD,2020-01-09,35.79,36.04,35.63,35.94,3232,1880,35.894
US00737L1035,276328013,CVSA,USD,2020-01-10,36.0,36.1,35.13,35.48,3941,2129,35.477
US00737L1035,276328013,CVSA,USD,2020-01-13,35.48,35.96,35.16,35.94,2051,1396,35.675
US00737L1035,276328013,CVSA,USD,2020-01-14,35.97,36.35,35.79,36.2,4624,1952,36.176
US00737L1035,276328013,CVSA,USD,2020-01-15,36.15,36.59,35.91,36.5,2794,1758,36.412
US00737L1035,276328013,CVSA,USD,2020-01-16,36.77,36.93,36.62,36.87,2453,1443,36.819
US00737L1035,276328013,CVSA,USD,2020-01-17,36.97,37.01,36.31,36.51,2172,1235,36.593
US00737L1035,276328013,CVSA,USD,2020-01-21,36.32,36.32,35.69,35.97,2936,1585,35.95
US00737L1035,276328013,CVSA,USD,2020-01-22,36.12,36.55,35.89,35.91,2383,1498,36.167
US00737L1035,276328013,CVSA,USD,2020-01-23,35.73,36.29,35.21,36.17,4055,2045,35.974
US00737L1035,276328013,CVSA,USD,2020-01-24,36.43,36.43,34.66,35.04,5944,3233,35.265
US00737L1035,276328013,CVSA,USD,2020-01-27,34.27,36.07,34.07,35.59,5063,2951,35.684
US00737L1035,276328013,CVSA,USD,2020-01-28,35.87,36.18,35.34,35.7,2365,1552,35.723
US00737L1035,276328013,CVSA,USD,2020-01-29,35.74,35.94,35.08,35.35,2411,1540,35.395
US00737L1035,276328013,CVSA,USD,2020-01-30,35.01,35.66,35.01,35.45,1799,1234,35.359
US00737L1035,276328013,CVSA,USD,2020-01-31,35.16,35.25,33.98,34.51,3246,2052,34.522
US00737L1035,276328013,CVSA,USD,2020-02-03,34.63,35.32,34.6,35.07,5574,2699,35.092
US00737L1035,276328013,CVSA,USD,2020-02-04,35.68,35.81,34.86,35.07,3040,1790,35.139
US00737L1035,276328013,CVSA,USD,2020-02-05,36.81,37.14,34.81,36.16,6466,3896,35.907
US00737L1035,276328013,CVSA,USD,2020-02-06,36.18,36.37,35.58,35.73,6928,2853,35.803
US00737L1035,276328013,CVSA,USD,2020-02-07,35.43,35.58,33.87,34.02,4730,2450,34.597
US00737L1035,276328013,CVSA,USD,2020-02-10,33.87,33.87,32.54,32.56,3040,1736,32.794
US00737L1035,276328013,CVSA,USD,2020-02-11,32.67,33.38,32.25,33.15,4839,2089,33.098
US00737L1035,276328013,CVSA,USD,2020-02-12,33.46,34.25,33.2,34.22,2373,1309,33.974
US00737L1035,276328013,CVSA,USD,2020-02-13,34.06,34.66,33.92,34.62,2705,1082,34.492
US00737L1035,276328013,CVSA,USD,2020-02-14,34.51,35.32,34.4,35.31,2142,1201,35.052
US00737L1035,276328013,CVSA,USD,2020-02-18,35.2,35.2,34.15,34.35,1996,1075,34.422
US00737L1035,276328013,CVSA,USD,2020-02-19,34.36,34.56,34.03,34.35,1670,1014,34.34
US00737L1035,276328013,CVSA,USD,2020-02-20,34.1,35.17,34.1,34.65,1888,1182,34.702
US00737L1035,276328013,CVSA,USD,2020-02-21,34.5,34.84,33.86,34.5,2242,1211,34.468
US00737L1035,276328013,CVSA,USD,2020-02-24,34.5,34.5,33.11,33.43,2638,1476,33.424
US00737L1035,276328013,CVSA,USD,2020-02-25,33.46,33.46,32.48,33.32,4980,2773,33.045
US00737L1035,276328013,CVSA,USD,2020-02-26,33.57,33.77,31.85,31.96,4217,2320,32.497
US00737L1035,276328013,CVSA,USD,2020-02-27,31.35,31.46,30.33,30.43,7019,3770,30.765
US00737L1035,276328013,CVSA,USD,2020-02-28,30.43,30.89,29.26,30.87,8156,3943,30.154
US00737L1035,276328013,CVSA,USD,2020-03-02,30.91,30.93,30.2,30.91,5889,2962,30.685
US00737L1035,276328013,CVSA,USD,2020-03-03,30.9,31.36,29.54,29.87,4008,2698,30.327
US00737L1035,276328013,CVSA,USD,2020-03-04,30.19,31.57,29.85,31.32,3341,2042,30.802
US00737L1035,276328013,CVSA,USD,2020-03-05,30.44,30.63,29.26,29.86,4006,2363,29.761
US00737L1035,276328013,CVSA,USD,2020-03-06,29.09,30.96,29.08,30.87,4595,3045,30.303
US00737L1035,276328013,CVSA,USD,2020-03-09,28.96,30.1,28.84,29.13,4728,3145,29.404
US00737L1035,276328013,CVSA,USD,2020-03-10,29.81,29.81,27.46,28.39,4295,3019,28.354
US00737L1035,276328013,CVSA,USD,2020-03-11,27.65,28.01,26.48,27.06,4382,2697,26.924
US00737L1035,276328013,CVSA,USD,2020-03-12,25.31,26.57,24.45,25.35,8630,5537,25.377
US00737L1035,276328013,CVSA,USD,2020-03-13,26.27,26.97,25.01,26.86,8325,5116,25.997
US00737L1035,276328013,CVSA,USD,2020-03-16,23.98,25.89,23.42,23.95,4523,2824,24.391
US00737L1035,276328013,CVSA,USD,2020-03-17,24.33,26.07,23.26,25.98,7879,4146,25.411
US00737L1035,276328013,CVSA,USD,2020-03-18,24.58,26.47,19.76,21.46,9588,5750,22.88
US00737L1035,276328013,CVSA,USD,2020-03-19,21.39,23.55,20.26,22.25,5492,3244,22.304
US00737L1035,276328013,CVSA,USD,2020-03-20,22.18,25.34,21.98,22.55,8789,4002,22.978
US00737L1035,276328013,CVSA,USD,2020-03-23,22.93,23.99,22.29,23.48,7181,3971,23.295
US00737L1035,276328013,CVSA,USD,2020-03-24,24.75,25.01,22.95,24.33,3676,2542,24.059
US00737L1035,276328013,CVSA,USD,2020-03-25,24.27,26.05,23.99,25.14,4862,3309,25.26
US00737L1035,276328013,CVSA,USD,2020-03-26,25.29,26.23,24.83,25.78,3889,2187,25.676
US00737L1035,276328013,CVSA,USD,2020-03-27,24.61,26.03,24.16,24.8,1902,1196,24.823
US00737L1035,276328013,CVSA,USD,2020-03-30,25.06,26.16,24.58,26.05,3388,2189,25.541
US00737L1035,276328013,CVSA,USD,2020-03-31,25.97,27.23,25.97,26.79,3963,2097,26.642
US00737L1035,276328013,CVSA,USD,2020-04-01,25.72,26.41,24.84,26.2,3615,2395,26.033
US00737L1035,276328013,CVSA,USD,2020-04-02,26.2,26.54,24.5,24.97,3091,1881,25.445
US00737L1035,276328013,CVSA,USD,2020-04-03,25.01,25.15,22.93,23.57,3817,2013,23.725
US00737L1035,276328013,CVSA,USD,2020-04-06,24.5,25.33,24.08,25.23,3620,1982,24.886
US00737L1035,276328013,CVSA,USD,2020-04-07,25.97,27.33,24.57,25.06,3749,2139,25.278
US00737L1035,276328013,CVSA,USD,2020-04-08,25.5,26.41,25.18,26.22,4750,2878,25.982
US00737L1035,276328013,CVSA,USD,2020-04-09,26.89,26.99,26.06,26.54,3016,1778,26.484
US00737L1035,276328013,CVSA,USD,2020-04-13,26.09,26.46,25.29,26.23,2128,1146,26.093
US00737L1035,276328013,CVSA,USD,2020-04-14,27.15,27.15,26.33,26.88,4538,1431,26.855
US00737L1035,276328013,CVSA,USD,2020-04-15,26.02,26.81,25.54,26.11,3093,1605,26.341
US00737L1035,276328013,CVSA,USD,2020-04-16,26.28,26.28,24.73,25.71,4559,2017,25.323
US00737L1035,276328013,CVSA,USD,2020-04-17,26.75,27.95,26.56,27.82,3193,1870,27.576
US00737L1035,276328013,CVSA,USD,2020-04-20,27.27,27.54,26.59,26.88,2468,1438,27.002
US00737L1035,276328013,CVSA,USD,2020-04-21,26.19,26.76,26.01,26.57,2534,1364,26.444
US00737L1035,276328013,CVSA,USD,2020-04-22,27.07,27.69,26.89,27.54,2186,1333,27.512
US00737L1035,276328013,CVSA,USD,2020-04-23,27.61,28.08,27.55,27.82,2309,1674,27.835
US00737L1035,276328013,CVSA,USD,2020-04-24,27.93,28.17,27.5,28.09,1482,1047,27.923
US00737L1035,276328013,CVSA,USD,2020-04-27,28.42,30.65,28.31,30.19,4469,2777,30.056
US00737L1035,276328013,CVSA,USD,2020-04-28,31.1,31.52,30.73,31.36,4339,2910,31.227
US00737L1035,276328013,CVSA,USD,2020-04-29,32.53,33.35,31.71,33.19,3051,2125,32.98
US00737L1035,276328013,CVSA,USD,2020-04-30,32.39,32.39,31.57,31.77,3943,1977,31.956
US00737L1035,276328013,CVSA,USD,2020-05-01,31.12,31.66,30.87,31.63,5078,1774,31.371
US00737L1035,276328013,CVSA,USD,2020-05-04,30.98,31.74,30.7,31.57,6137,3234,31.513
US00737L1035,276328013,CVSA,USD,2020-05-05,32.25,32.34,31.55,31.55,4724,3183,31.928
US00737L1035,276328013,CVSA,USD,2020-05-06,32.5,33.32,31.42,32.75,6815,4368,32.754
US00737L1035,276328013,CVSA,USD,2020-05-07,33.06,34.28,32.28,34.24,6944,4705,33.423
US00737L1035,276328013,CVSA,USD,2020-05-08,34.77,35.48,34.51,34.65,4631,3314,34.841
US00737L1035,276328013,CVSA,USD,2020-05-11,34.13,34.47,33.46,33.67,6248,3547,33.857
US00737L1035,276328013,CVSA,USD,2020-05-12,33.95,33.95,31.75,31.77,3897,2473,32.843
US00737L1035,276328013,CVSA,USD,2020-05-13,31.45,31.94,31.13,31.73,3406,2214,31.589
US00737L1035,276328013,CVSA,USD,2020-05-14,30.96,31.91,30.31,31.88,3175,1972,31.415
US00737L1035,276328013,CVSA,USD,2020-05-15,31.82,32.4,31.69,31.91,2234,1157,31.976
US00737L1035,276328013,CVSA,USD,2020-05-18,32.99,33.77,32.76,32.93,2205,1379,33.015
US00737L1035,276328013,CVSA,USD,2020-05-19,32.63,33.23,31.89,31.92,1505,995,32.391
US00737L1035,276328013,CVSA,USD,2020-05-20,32.66,33.11,32.12,32.66,3423,2396,32.728
US00737L1035,276328013,CVSA,USD,2020-05-21,32.65,33.15,32.24,32.72,3958,1861,32.74
US00737L1035,276328013,CVSA,USD,2020-05-22,32.96,33.04,32.58,32.96,1594,1076,32.853
US00737L1035,276328013,CVSA,USD,2020-05-26,34.15,34.52,33.08,33.15,2277,1582,33.415
US00737L1035,276328013,CVSA,USD,2020-05-27,33.91,33.97,32.77,33.7,3273,2148,33.479
US00737L1035,276328013,CVSA,USD,2020-05-28,34.24,34.24,33.25,33.54,2750,1906,33.734
US00737L1035,276328013,CVSA,USD,2020-05-29,33.13,33.54,32.23,33.46,2411,1320,33.119
US00737L1035,276328013,CVSA,USD,2020-06-01,33.57,34.21,33.39,34.03,2085,1174,33.98
US00737L1035,276328013,CVSA,USD,2020-06-02,34.41,35.22,34.24,34.29,2414,1323,34.602
US00737L1035,276328013,CVSA,USD,2020-06-03,34.89,35.63,34.89,35.21,2374,1534,35.342
US00737L1035,276328013,CVSA,USD,2020-06-04,35.12,35.64,34.58,35.19,2161,1468,35.066
US00737L1035,276328013,CVSA,USD,2020-06-05,35.81,36.85,35.74,35.89,2957,1738,36.2
US00737L1035,276328013,CVSA,USD,2020-06-08,36.26,36.6,35.62,35.84,2472,1690,35.932
US00737L1035,276328013,CVSA,USD,2020-06-09,35.41,36.72,35.14,36.4,2409,2044,36.221
US00737L1035,276328013,CVSA,USD,2020-06-10,36.43,36.43,34.88,35.23,2590,1659,35.362
US00737L1035,276328013,CVSA,USD,2020-06-11,34.04,34.31,33.57,33.88,4648,2881,33.972
US00737L1035,276328013,CVSA,USD,2020-06-12,34.93,35.03,32.93,33.72,5845,4292,33.592
US00737L1035,276328013,CVSA,USD,2020-06-15,32.6,34.01,32.45,33.78,3689,2627,33.499
US00737L1035,276328013,CVSA,USD,2020-06-16,34.88,34.97,32.92,33.1,3905,2445,33.545
US00737L1035,276328013,CVSA,USD,2020-06-17,33.16,33.42,32.34,32.75,3851,2024,32.691
US00737L1035,276328013,CVSA,USD,2020-06-18,32.21,32.79,32.07,32.65,4353,2250,32.57
US00737L1035,276328013,CVSA,USD,2020-06-19,32.78,33.27,32.32,32.65,8969,2032,32.683
US00737L1035,276328013,CVSA,USD,2020-06-22,32.38,33.3,31.71,33.26,4057,1681,32.971
US00737L1035,276328013,CVSA,USD,2020-06-23,33.64,33.64,32.83,33.03,3642,1559,33.056
US00737L1035,276328013,CVSA,USD,2020-06-24,32.72,32.81,31.95,32.31,4017,2290,32.321
US00737L1035,276328013,CVSA,USD,2020-06-25,32.33,32.33,30.89,31.1,3768,1998,31.399
US00737L1035,276328013,CVSA,USD,2020-06-26,31.1,31.24,30.27,30.63,4419,1660,30.646
US00737L1035,276328013,CVSA,USD,2020-06-29,30.84,31.83,30.6,31.42,2095,1398,31.426
US00737L1035,276328013,CVSA,USD,2020-06-30,31.22,31.77,31.09,31.15,3412,1664,31.248
US00737L1035,276328013,CVSA,USD,2020-07-01,31.01,31.69,30.8,31.13,2273,1449,31.212
US00737L1035,276328013,CVSA,USD,2020-07-02,31.66,32.18,30.96,31.5,2794,1834,31.494
US00737L1035,276328013,CVSA,USD,2020-07-06,32.13,32.19,31.62,31.96,1918,1224,31.978
US00737L1035,276328013,CVSA,USD,2020-07-07,31.61,31.76,31.31,31.5,3721,2471,31.496
US00737L1035,276328013,CVSA,USD,2020-07-08,31.46,32.08,31.27,31.72,3364,1859,31.652
US00737L1035,276328013,CVSA,USD,2020-07-09,31.67,32.01,30.42,30.99,6399,3633,30.995
US00737L1035,276328013,CVSA,USD,2020-07-10,31.0,31.72,30.81,31.68,4983,2299,31.448
US00737L1035,276328013,CVSA,USD,2020-07-13,32.02,32.59,31.63,31.78,3522,1789,32.017
US00737L1035,276328013,CVSA,USD,2020-07-14,31.81,32.31,31.14,32.27,2215,1349,31.994
US00737L1035,276328013,CVSA,USD,2020-07-15,33.09,35.13,33.09,34.96,3731,1873,34.722
US00737L1035,276328013,CVSA,USD,2020-07-16,34.7,35.22,34.4,34.77,2698,1544,34.754
US00737L1035,276328013,CVSA,USD,2020-07-17,35.0,35.45,34.8,35.21,1317,762,35.187
US00737L1035,276328013,CVSA,USD,2020-07-20,35.0,35.62,34.85,35.48,1448,841,35.415
US00737L1035,276328013,CVSA,USD,2020-07-21,35.92,36.36,35.71,36.32,1503,862,36.231
US00737L1035,276328013,CVSA,USD,2020-07-22,36.02,36.61,35.97,36.35,2909,1739,36.333
US00737L1035,276328013,CVSA,USD,2020-07-23,36.22,36.51,36.01,36.47,3396,1686,36.285
US00737L1035,276328013,CVSA,USD,2020-07-24,36.48,36.62,36.18,36.47,2731,1587,36.475
US00737L1035,276328013,CVSA,USD,2020-07-27,36.39,37.07,36.38,36.99,3844,2241,36.73
US00737L1035,276328013,CVSA,USD,2020-07-28,36.63,37.04,36.56,36.7,2266,1651,36.75
US00737L1035,276328013,CVSA,USD,2020-07-29,36.94,37.51,35.6,35.6,3534,2096,36.081
US00737L1035,276328013,CVSA,USD,2020-07-30,35.15,35.17,34.24,34.77,1730,1131,34.755
US00737L1035,276328013,CVSA,USD,2020-07-31,34.43,34.7,33.89,34.34,3272,1847,34.3
US00737L1035,276328013,CVSA,USD,2020-08-03,34.62,34.62,33.04,33.94,4458,2775,33.857
US00737L1035,276328013,CVSA,USD,2020-08-04,34.19,34.94,34.1,34.66,2190,1277,34.541
US00737L1035,276328013,CVSA,USD,2020-08-05,34.99,35.85,34.84,35.62,4230,2983,35.622
US00737L1035,276328013,CVSA,USD,2020-08-06,35.69,36.03,35.33,35.78,3397,2216,35.724
US00737L1035,276328013,CVSA,USD,2020-08-07,35.63,36.23,35.56,36.01,3489,2046,36.014
US00737L1035,276328013,CVSA,USD,2020-08-10,36.33,37.09,36.33,37.04,2943,1670,36.772
US00737L1035,276328013,CVSA,USD,2020-08-11,37.5,38.47,37.47,37.52,3772,2558,37.907
US00737L1035,276328013,CVSA,USD,2020-08-12,38.03,38.03,35.88,36.04,3478,2429,36.338
US00737L1035,276328013,CVSA,USD,2020-08-13,35.86,36.26,35.58,35.66,2587,1835,35.862
US00737L1035,276328013,CVSA,USD,2020-08-14,35.45,35.93,35.1,35.75,2018,1431,35.702
US00737L1035,276328013,CVSA,USD,2020-08-17,36.02,36.09,35.38,35.93,2390,1320,35.552
US00737L1035,276328013,CVSA,USD,2020-08-18,35.5,36.01,32.36,32.39,4132,2148,35.614
US00737L1035,276328013,CVSA,USD,2020-08-19,32.0,34.82,32.0,33.9,6979,4408,33.84
US00737L1035,276328013,CVSA,USD,2020-08-20,33.38,33.6,32.17,33.38,5935,4040,33.1
US00737L1035,276328013,CVSA,USD,2020-08-21,32.96,33.35,32.91,33.16,3717,2161,33.099
US00737L1035,276328013,CVSA,USD,2020-08-24,33.48,33.48,32.96,33.19,2045,1376,33.193
US00737L1035,276328013,CVSA,USD,2020-08-25,33.35,33.39,32.43,32.74,2432,1011,32.741
US00737L1035,276328013,CVSA,USD,2020-08-26,32.61,32.63,31.83,32.03,2350,1643,32.017
US00737L1035,276328013,CVSA,USD,2020-08-27,32.12,32.77,31.96,32.68,1584,1036,32.583
US00737L1035,276328013,CVSA,USD,2020-08-28,32.9,33.41,32.53,33.41,1859,1038,33.147
US00737L1035,276328013,CVSA,USD,2020-08-31,33.41,33.62,32.79,33.2,1762,1396,33.285
US00737L1035,276328013,CVSA,USD,2020-09-01,33.05,34.58,32.95,34.54,3131,1514,34.261
US00737L1035,276328013,CVSA,USD,2020-09-02,34.43,34.74,34.13,34.62,1243,784,34.52
US00737L1035,276328013,CVSA,USD,2020-09-03,34.68,35.0,33.79,34.01,2720,1913,34.208
US00737L1035,276328013,CVSA,USD,2020-09-04,34.51,34.51,32.77,33.08,2284,1340,33.212
US00737L1035,276328013,CVSA,USD,2020-09-08,33.05,33.05,32.02,32.03,2229,1120,32.216
US00737L1035,276328013,CVSA,USD,2020-09-09,32.08,32.08,31.07,31.27,1549,773,31.295
US00737L1035,276328013,CVSA,USD,2020-09-10,31.5,32.07,31.0,31.3,2628,1946,31.4
US00737L1035,276328013,CVSA,USD,2020-09-11,31.81,32.7,28.93,29.04,7290,3912,29.925
US00737L1035,276328013,CVSA,USD,2020-09-14,29.43,29.71,27.43,27.47,7672,3947,28.092
US00737L1035,276328013,CVSA,USD,2020-09-15,27.5,27.5,26.0,26.15,6412,3956,26.285
US00737L1035,276328013,CVSA,USD,2020-09-16,26.04,27.0,25.5,26.54,6307,3679,26.335
US00737L1035,276328013,CVSA,USD,2020-09-17,26.33,26.67,26.06,26.29,3759,2055,26.307
US00737L1035,276328013,CVSA,USD,2020-09-18,26.38,26.39,25.55,25.81,7178,1979,25.983
US00737L1035,276328013,CVSA,USD,2020-09-21,25.4,25.4,24.2,25.0,3344,1983,24.819
US00737L1035,276328013,CVSA,USD,2020-09-22,24.93,25.2,24.73,25.04,2365,1416,24.97
US00737L1035,276328013,CVSA,USD,2020-09-23,24.91,25.48,24.12,24.15,3021,1183,24.397
US00737L1035,276328013,CVSA,USD,2020-09-24,24.17,24.28,23.67,24.23,2532,1436,24.061
US00737L1035,276328013,CVSA,USD,2020-09-25,24.05,24.7,24.03,24.62,8157,959,24.585
US00737L1035,276328013,CVSA,USD,2020-09-28,24.96,25.53,24.79,25.23,7873,1137,25.236
US00737L1035,276328013,CVSA,USD,2020-09-29,25.14,25.14,24.01,24.81,2120,1429,24.579
US00737L1035,276328013,CVSA,USD,2020-09-30,24.82,25.31,24.32,24.54,2781,1507,24.694
US00737L1035,276328013,CVSA,USD,2020-10-01,24.43,24.77,24.05,24.57,3256,941,24.501
US00737L1035,276328013,CVSA,USD,2020-10-02,24.2,25.04,23.75,24.58,3099,1526,24.548
US00737L1035,276328013,CVSA,USD,2020-10-05,24.76,25.32,24.76,25.29,2197,1257,25.107
US00737L1035,276328013,CVSA,USD,2020-10-06,25.55,26.88,25.5,26.09,2970,1847,26.246
US00737L1035,276328013,CVSA,USD,2020-10-07,26.29,26.74,26.13,26.19,3844,1703,26.289
US00737L1035,276328013,CVSA,USD,2020-10-08,26.75,27.21,26.37,26.92,4219,1726,26.857
US00737L1035,276328013,CVSA,USD,2020-10-09,27.0,27.09,26.51,26.63,2899,1188,26.707
US00737L1035,276328013,CVSA,USD,2020-10-12,26.64,26.66,26.15,26.39,1691,1072,26.383
US00737L1035,276328013,CVSA,USD,2020-10-13,26.11,26.53,25.87,26.45,1630,931,26.345
US00737L1035,276328013,CVSA,USD,2020-10-14,26.49,27.01,26.23,26.93,1871,1084,26.815
US00737L1035,276328013,CVSA,USD,2020-10-15,26.66,27.56,26.5,27.4,3574,2192,27.269
US00737L1035,276328013,CVSA,USD,2020-10-16,27.18,27.19,26.3,26.6,1945,928,26.712
US00737L1035,276328013,CVSA,USD,2020-10-19,26.73,26.73,26.26,26.32,2472,1381,26.369
US00737L1035,276328013,CVSA,USD,2020-10-20,26.6,26.88,26.42,26.83,2183,1066,26.739
US00737L1035,276328013,CVSA,USD,2020-10-21,26.76,27.16,26.63,26.87,1441,981,26.93
US00737L1035,276328013,CVSA,USD,2020-10-22,26.96,27.42,26.54,27.24,2303,1260,27.216
US00737L1035,276328013,CVSA,USD,2020-10-23,27.49,27.49,26.73,26.93,3337,1323,26.951
US00737L1035,276328013,CVSA,USD,2020-10-26,26.66,26.83,25.93,26.6,1390,840,26.43
US00737L1035,276328013,CVSA,USD,2020-10-27,26.52,26.78,25.13,25.25,2682,1504,25.496
US00737L1035,276328013,CVSA,USD,2020-10-28,24.78,24.88,23.45,23.61,4018,2428,23.979
US00737L1035,276328013,CVSA,USD,2020-10-29,23.5,24.11,23.24,23.9,2753,1700,23.762
US00737L1035,276328013,CVSA,USD,2020-10-30,23.86,24.16,23.27,23.44,1961,1640,23.569
US00737L1035,276328013,CVSA,USD,2020-11-02,23.77,24.17,23.28,23.49,4458,2026,23.555
US00737L1035,276328013,CVSA,USD,2020-11-03,23.91,24.43,23.22,24.23,5432,3080,24.046
US00737L1035,276328013,CVSA,USD,2020-11-04,23.75,25.19,23.33,25.1,3155,1674,24.697
US00737L1035,276328013,CVSA,USD,2020-11-05,25.23,25.77,23.99,25.0,2721,1507,24.501
US00737L1035,276328013,CVSA,USD,2020-11-06,26.73,26.77,25.14,26.03,9234,4205,26.038
US00737L1035,276328013,CVSA,USD,2020-11-09,27.62,28.24,26.74,26.77,4881,3022,27.114
US00737L1035,276328013,CVSA,USD,2020-11-10,27.18,28.56,27.01,27.85,4830,2949,28.011
US00737L1035,276328013,CVSA,USD,2020-11-11,27.55,28.29,27.11,27.94,3107,1676,27.904
US00737L1035,276328013,CVSA,USD,2020-11-12,27.72,28.2,27.12,27.81,3051,1717,27.795
US00737L1035,276328013,CVSA,USD,2020-11-13,27.98,28.79,27.74,28.57,4022,2505,28.523
US00737L1035,276328013,CVSA,USD,2020-11-16,29.05,29.28,28.39,28.8,3843,2331,28.833
US00737L1035,276328013,CVSA,USD,2020-11-17,28.48,29.08,28.18,28.61,2974,2079,28.741
US00737L1035,276328013,CVSA,USD,2020-11-18,28.78,28.9,27.8,28.29,2612,1621,28.358
US00737L1035,276328013,CVSA,USD,2020-11-19,28.18,28.7,27.74,28.07,2460,1713,27.978
US00737L1035,276328013,CVSA,USD,2020-11-20,27.86,28.26,27.63,27.85,21169,3967,27.947
US00737L1035,276328013,CVSA,USD,2020-11-23,28.13,28.63,27.84,28.37,3639,2344,28.345
US00737L1035,276328013,CVSA,USD,2020-11-24,28.56,29.09,28.34,29.07,4794,2847,28.812
US00737L1035,276328013,CVSA,USD,2020-11-25,28.86,29.41,27.85,29.26,3190,1631,28.886
US00737L1035,276328013,CVSA,USD,2020-11-27,29.25,30.34,29.17,29.91,2726,1335,29.926
US00737L1035,276328013,CVSA,USD,2020-11-30,29.48,29.89,28.25,28.25,3722,1915,28.833
US00737L1035,276328013,CVSA,USD,2020-12-01,28.9,29.25,28.41,28.64,4270,1838,28.658
US00737L1035,276328013,CVSA,USD,2020-12-02,28.59,29.04,27.97,28.61,2810,1440,28.389
US00737L1035,276328013,CVSA,USD,2020-12-03,28.54,29.11,28.46,28.93,4607,1379,28.933
US00737L1035,276328013,CVSA,USD,2020-12-04,29.1,29.47,29.05,29.26,4076,2216,29.249
US00737L1035,276328013,CVSA,USD,2020-12-07,29.04,29.59,28.62,29.22,3355,1409,29.277
US00737L1035,276328013,CVSA,USD,2020-12-08,29.0,30.35,28.99,30.3,4739,1939,30.064
US00737L1035,276328013,CVSA,USD,2020-12-09,30.28,31.8,30.28,31.5,4959,2645,31.402
US00737L1035,276328013,CVSA,USD,2020-12-10,31.22,31.71,30.87,31.66,5007,2435,31.421
US00737L1035,276328013,CVSA,USD,2020-12-11,31.44,32.09,31.14,31.46,3646,1923,31.543
US00737L1035,276328013,CVSA,USD,2020-12-14,31.67,32.66,31.39,32.13,10373,3157,32.237
US00737L1035,276328013,CVSA,USD,2020-12-15,32.46,33.7,32.05,33.64,2659,1672,33.332
US00737L1035,276328013,CVSA,USD,2020-12-16,33.75,34.14,32.77,33.1,6912,3114,33.389
US00737L1035,276328013,CVSA,USD,2020-12-17,33.22,33.48,32.51,33.43,2178,1188,33.257
US00737L1035,276328013,CVSA,USD,2020-12-18,33.55,34.92,33.49,33.93,8200,2394,33.988
US00737L1035,276328013,CVSA,USD,2020-12-21,33.01,33.95,32.51,33.93,3645,1840,33.546
US00737L1035,276328013,CVSA,USD,2020-12-22,33.92,34.49,33.23,33.27,2900,1412,33.575
US00737L1035,276328013,CVSA,USD,2020-12-23,33.43,33.64,32.73,33.51,2423,1110,33.292
US00737L1035,276328013,CVSA,USD,2020-12-24,33.44,34.57,33.44,34.42,1005,545,34.282
US00737L1035,276328013,CVSA,USD,2020-12-28,34.65,34.98,34.0,34.05,2133,1243,34.314
US00737L1035,276328013,CVSA,USD,2020-12-29,34.02,34.04,32.77,32.89,1986,1047,33.213
US00737L1035,276328013,CVSA,USD,2020-12-30,32.97,33.41,32.86,32.91,2461,1324,33.094
US00737L1035,276328013,CVSA,USD,2020-12-31,33.02,34.19,32.61,33.95,2809,1333,33.691
US00737L1035,276328013,CVSA,USD,2021-01-04,34.03,34.11,31.96,32.03,3584,2509,32.638
US00737L1035,276328013,CVSA,USD,2021-01-05,32.01,32.88,32.0,32.59,4111,2255,32.493
US00737L1035,276328013,CVSA,USD,2021-01-06,32.8,33.51,32.15,33.16,5738,3433,32.971
US00737L1035,276328013,CVSA,USD,2021-01-07,33.06,33.38,32.62,33.18,2557,1402,33.063
US00737L1035,276328013,CVSA,USD,2021-01-08,33.59,34.57,33.45,34.23,3515,2051,34.13
US00737L1035,276328013,CVSA,USD,2021-01-11,33.83,35.87,33.71,35.84,3393,1814,35.459
US00737L1035,276328013,CVSA,USD,2021-01-12,35.8,36.87,35.61,36.33,4067,2422,36.376
US00737L1035,276328013,CVSA,USD,2021-01-13,36.19,37.33,36.02,36.89,3521,2101,36.845
US00737L1035,276328013,CVSA,USD,2021-01-14,37.0,38.43,36.75,38.25,2328,1321,38.04
US00737L1035,276328013,CVSA,USD,2021-01-15,37.65,38.33,36.66,36.9,4632,2547,37.19
US00737L1035,276328013,CVSA,USD,2021-01-19,37.13,38.74,37.01,38.68,3764,1422,38.467
US00737L1035,276328013,CVSA,USD,2021-01-20,38.54,39.3,37.87,38.37,3478,1518,38.464
US00737L1035,276328013,CVSA,USD,2021-01-21,38.42,39.13,38.2,38.56,2506,1236,38.685
US00737L1035,276328013,CVSA,USD,2021-01-22,38.58,38.88,37.94,38.75,4127,2577,38.504
US00737L1035,276328013,CVSA,USD,2021-01-25,38.62,39.73,38.05,39.0,5498,4207,38.896
US00737L1035,276328013,CVSA,USD,2021-01-26,39.0,40.05,38.96,39.58,5036,2920,39.614
US00737L1035,276328013,CVSA,USD,2021-01-27,38.88,39.63,38.38,39.45,6766,4632,39.129
US00737L1035,276328013,CVSA,USD,2021-01-28,39.49,39.85,38.41,38.84,5541,4506,38.937
US00737L1035,276328013,CVSA,USD,2021-01-29,38.68,39.47,38.07,38.59,4887,3594,38.909
US00737L1035,276328013,CVSA,USD,2021-02-01,38.69,39.26,37.97,39.13,4891,3891,38.7
US00737L1035,276328013,CVSA,USD,2021-02-02,39.66,44.22,39.14,43.99,4106,2450,40.479
US00737L1035,276328013,CVSA,USD,2021-02-03,43.68,43.85,38.93,39.16,8394,5045,40.486
US00737L1035,276328013,CVSA,USD,2021-02-04,39.15,40.62,39.05,39.54,5883,3709,39.839
US00737L1035,276328013,CVSA,USD,2021-02-05,40.04,40.73,38.5,39.81,1944,1167,39.476
US00737L1035,276328013,CVSA,USD,2021-02-08,39.8,41.73,39.64,41.54,4485,1788,41.243
US00737L1035,276328013,CVSA,USD,2021-02-09,41.61,44.49,40.66,42.23,3323,1184,41.334
US00737L1035,276328013,CVSA,USD,2021-02-10,43.2,43.2,40.59,41.09,4185,2293,41.193
US00737L1035,276328013,CVSA,USD,2021-02-11,41.16,41.72,40.46,40.8,4214,3045,40.847
US00737L1035,276328013,CVSA,USD,2021-02-12,40.63,41.36,40.48,40.66,4504,2739,40.736
US00737L1035,276328013,CVSA,USD,2021-02-16,41.21,41.21,38.73,40.0,4285,1377,39.155
US00737L1035,276328013,CVSA,USD,2021-02-17,39.12,40.45,38.63,39.75,7406,4071,39.649
US00737L1035,276328013,CVSA,USD,2021-02-18,39.58,41.21,39.5,40.63,5292,1719,40.538
US00737L1035,276328013,CVSA,USD,2021-02-19,41.02,41.67,40.81,41.33,8562,3193,41.27
US00737L1035,276328013,CVSA,USD,2021-02-22,41.0,41.53,40.29,41.1,5136,1530,40.722
US00737L1035,276328013,CVSA,USD,2021-02-23,40.76,41.14,39.6,40.62,4128,1363,40.705
US00737L1035,276328013,CVSA,USD,2021-02-24,40.6,41.67,40.6,41.33,4128,2001,41.335
US00737L1035,276328013,CVSA,USD,2021-02-25,41.62,41.62,39.3,39.3,1270,615,39.826
US00737L1035,276328013,CVSA,USD,2021-02-26,39.67,40.14,38.75,39.3,3300,1901,39.483
US00737L1035,276328013,CVSA,USD,2021-03-01,40.36,40.56,38.86,38.99,3716,2589,39.242
US00737L1035,276328013,CVSA,USD,2021-03-02,39.06,39.15,37.66,38.35,2486,1331,38.315
US00737L1035,276328013,CVSA,USD,2021-03-03,38.4,38.92,37.89,38.31,4843,2532,38.383
US00737L1035,276328013,CVSA,USD,2021-03-04,38.3,39.56,37.64,38.02,4671,2767,38.476
US00737L1035,276328013,CVSA,USD,2021-03-05,38.1,38.93,37.45,38.8,4460,2846,38.409
US00737L1035,276328013,CVSA,USD,2021-03-08,38.8,39.67,38.08,38.42,4955,2203,38.425
US00737L1035,276328013,CVSA,USD,2021-03-09,38.7,39.74,38.37,39.7,3008,1836,39.248
US00737L1035,276328013,CVSA,USD,2021-03-10,39.41,40.24,38.82,39.22,3546,2467,39.423
US00737L1035,276328013,CVSA,USD,2021-03-11,39.47,40.2,39.18,40.12,2139,1500,39.921
US00737L1035,276328013,CVSA,USD,2021-03-12,40.28,41.81,40.14,41.69,2766,1699,41.377
US00737L1035,276328013,CVSA,USD,2021-03-15,41.28,41.45,40.6,41.27,3715,2273,41.049
US00737L1035,276328013,CVSA,USD,2021-03-16,41.13,41.48,40.25,40.44,3210,2006,40.765
US00737L1035,276328013,CVSA,USD,2021-03-17,40.62,41.07,40.05,40.97,3531,1593,40.771
US00737L1035,276328013,CVSA,USD,2021-03-18,40.8,41.47,40.54,40.88,4844,2647,40.919
US00737L1035,276328013,CVSA,USD,2021-03-19,40.63,41.74,40.61,41.43,11405,1581,41.28
US00737L1035,276328013,CVSA,USD,2021-03-22,41.57,41.74,40.78,41.02,2774,1447,41.147
US00737L1035,276328013,CVSA,USD,2021-03-23,40.77,41.01,38.37,38.73,4599,2623,39.016
US00737L1035,276328013,CVSA,USD,2021-03-24,39.02,39.86,38.52,38.73,4752,2999,38.966
US00737L1035,276328013,CVSA,USD,2021-03-25,38.37,40.21,38.37,40.06,3651,2403,39.656
US00737L1035,276328013,CVSA,USD,2021-03-26,40.37,40.98,39.74,40.92,3197,2155,40.392
US00737L1035,276328013,CVSA,USD,2021-03-29,40.61,41.34,39.35,39.42,2874,1825,39.69
US00737L1035,276328013,CVSA,USD,2021-03-30,39.48,39.89,38.48,39.12,3571,1628,39.092
US00737L1035,276328013,CVSA,USD,2021-03-31,39.15,40.06,39.15,39.54,3732,1590,39.59
US00737L1035,276328013,CVSA,USD,2021-04-01,39.73,40.15,39.63,40.1,2051,1109,39.989
US00737L1035,276328013,CVSA,USD,2021-04-05,40.45,40.89,40.05,40.45,2287,1365,40.379
US00737L1035,276328013,CVSA,USD,2021-04-06,40.42,40.78,40.2,40.26,3383,1291,40.314
US00737L1035,276328013,CVSA,USD,2021-04-07,40.13,40.4,39.26,39.46,2154,1313,39.694
US00737L1035,276328013,CVSA,USD,2021-04-08,39.87,39.97,39.33,39.88,2257,999,39.742
US00737L1035,276328013,CVSA,USD,2021-04-09,39.81,39.81,39.28,39.36,1773,946,39.439
US00737L1035,276328013,CVSA,USD,2021-04-12,39.03,39.53,39.03,39.37,1544,815,39.306
US00737L1035,276328013,CVSA,USD,2021-04-13,39.45,39.45,38.78,38.85,1780,985,38.948
US00737L1035,276328013,CVSA,USD,2021-04-14,39.04,39.57,39.04,39.17,1101,530,39.27
US00737L1035,276328013,CVSA,USD,2021-04-15,39.41,40.09,39.14,40.0,1696,991,39.841
US00737L1035,276328013,CVSA,USD,2021-04-16,40.45,40.45,39.81,40.02,1962,1032,40.027
US00737L1035,276328013,CVSA,USD,2021-04-19,40.0,40.22,39.54,39.85,2983,1043,39.855
US00737L1035,276328013,CVSA,USD,2021-04-20,39.54,40.09,38.82,38.94,2074,1108,39.081
US00737L1035,276328013,CVSA,USD,2021-04-21,38.99,39.75,38.53,38.61,2463,1187,38.873
US00737L1035,276328013,CVSA,USD,2021-04-22,38.6,39.11,38.13,38.81,1879,1117,38.805
US00737L1035,276328013,CVSA,USD,2021-04-23,38.76,39.11,38.25,38.78,2445,1198,38.769
US00737L1035,276328013,CVSA,USD,2021-04-26,38.98,40.03,38.72,38.84,2663,1469,39.198
US00737L1035,276328013,CVSA,USD,2021-04-27,39.18,39.23,37.79,37.94,3580,2219,38.152
US00737L1035,276328013,CVSA,USD,2021-04-28,37.65,37.8,36.5,36.76,4031,2325,36.825
US00737L1035,276328013,CVSA,USD,2021-04-29,37.14,37.51,36.53,36.95,2303,1400,36.962
US00737L1035,276328013,CVSA,USD,2021-04-30,35.69,35.98,33.64,34.31,9235,5312,34.318
US00737L1035,276328013,CVSA,USD,2021-05-03,34.27,34.91,33.87,34.76,4914,2447,34.554
US00737L1035,276328013,CVSA,USD,2021-05-04,34.8,34.8,33.66,33.8,4561,2147,33.999
US00737L1035,276328013,CVSA,USD,2021-05-05,33.9,34.22,33.27,33.75,3542,1925,33.883
US00737L1035,276328013,CVSA,USD,2021-05-06,33.58,34.3,32.34,34.3,4041,1955,33.123
US00737L1035,276328013,CVSA,USD,2021-05-07,33.85,36.91,33.55,36.89,4567,2493,36.227
US00737L1035,276328013,CVSA,USD,2021-05-10,36.96,37.54,36.44,37.28,4113,2297,37.227
US00737L1035,276328013,CVSA,USD,2021-05-11,36.48,37.48,35.64,36.94,4295,2580,37.006
US00737L1035,276328013,CVSA,USD,2021-05-12,36.55,37.43,36.47,36.79,3789,2373,36.895
US00737L1035,276328013,CVSA,USD,2021-05-13,37.1,37.67,35.97,36.69,3268,1485,36.599
US00737L1035,276328013,CVSA,USD,2021-05-14,37.03,38.12,36.96,38.05,3007,1655,37.77
US00737L1035,276328013,CVSA,USD,2021-05-17,37.86,38.11,37.51,37.96,2301,1492,37.851
US00737L1035,276328013,CVSA,USD,2021-05-18,38.09,38.8,37.71,38.13,3797,2103,38.315
US00737L1035,276328013,CVSA,USD,2021-05-19,38.02,38.03,36.98,37.27,3431,2040,37.275
US00737L1035,276328013,CVSA,USD,2021-05-20,37.08,37.91,36.36,37.86,4238,2290,37.469
US00737L1035,276328013,CVSA,USD,2021-05-21,38.18,38.28,37.04,37.88,10490,3216,37.751
US00737L1035,276328013,CVSA,USD,2021-05-24,38.16,38.16,36.03,36.15,2947,1783,36.563
US00737L1035,276328013,CVSA,USD,2021-05-25,36.09,36.68,35.65,35.65,4305,2081,35.97
US00737L1035,276328013,CVSA,USD,2021-05-26,35.75,36.18,35.36,35.81,2436,1233,35.78
US00737L1035,276328013,CVSA,USD,2021-05-27,36.01,37.05,35.8,36.93,1881,1285,36.634
US00737L1035,276328013,CVSA,USD,2021-05-28,36.94,37.03,36.3,36.38,2444,1361,36.48
US00737L1035,276328013,CVSA,USD,2021-06-01,36.42,37.76,36.23,37.63,2246,1338,37.389
US00737L1035,276328013,CVSA,USD,2021-06-02,37.65,37.65,36.9,37.36,1857,1072,37.337
US00737L1035,276328013,CVSA,USD,2021-06-03,37.12,37.25,36.13,37.0,1618,872,36.816
US00737L1035,276328013,CVSA,USD,2021-06-04,37.2,37.27,36.56,37.13,1481,573,37.056
US00737L1035,276328013,CVSA,USD,2021-06-07,37.17,37.84,37.09,37.75,1381,672,37.638
US00737L1035,276328013,CVSA,USD,2021-06-08,38.05,38.61,37.37,38.39,2079,1131,38.3
US00737L1035,276328013,CVSA,USD,2021-06-09,38.64,38.73,37.86,37.94,2334,1362,38.078
US00737L1035,276328013,CVSA,USD,2021-06-10,38.1,39.15,37.93,38.86,1920,1131,38.753
US00737L1035,276328013,CVSA,USD,2021-06-11,38.79,39.27,38.76,39.21,1687,1041,39.085
US00737L1035,276328013,CVSA,USD,2021-06-14,39.23,39.29,38.28,38.53,2488,1376,38.56
US00737L1035,276328013,CVSA,USD,2021-06-15,38.51,38.69,37.51,38.55,2002,924,38.285
US00737L1035,276328013,CVSA,USD,2021-06-16,38.27,38.37,37.26,37.69,1991,1023,37.693
US00737L1035,276328013,CVSA,USD,2021-06-17,37.39,37.48,36.74,37.38,2289,881,37.203
US00737L1035,276328013,CVSA,USD,2021-06-18,36.69,37.38,36.43,36.6,4580,1061,36.735
US00737L1035,276328013,CVSA,USD,2021-06-21,36.78,37.26,36.45,37.04,2259,1180,36.976
US00737L1035,276328013,CVSA,USD,2021-06-22,36.85,36.85,35.91,35.95,2215,969,36.063
US00737L1035,276328013,CVSA,USD,2021-06-23,36.2,36.34,35.72,35.88,3260,1359,35.938
US00737L1035,276328013,CVSA,USD,2021-06-24,35.78,36.9,35.65,36.88,1813,907,36.652
US00737L1035,276328013,CVSA,USD,2021-06-25,36.75,37.13,36.27,36.28,7285,1182,36.354
US00737L1035,276328013,CVSA,USD,2021-06-28,36.36,36.4,35.08,35.78,2383,1398,35.703
US00737L1035,276328013,CVSA,USD,2021-06-29,35.81,36.1,35.45,35.77,1718,778,35.734
US00737L1035,276328013,CVSA,USD,2021-06-30,35.6,35.83,35.25,35.64,1394,772,35.613
US00737L1035,276328013,CVSA,USD,2021-07-01,35.96,39.85,35.8,39.3,1856,1176,36.568
US00737L1035,276328013,CVSA,USD,2021-07-02,38.71,40.23,37.68,39.61,18680,9410,39.434
US00737L1035,276328013,CVSA,USD,2021-07-06,39.41,39.99,37.88,38.75,72088,11408,38.683
US00737L1035,276328013,CVSA,USD,2021-07-07,38.6,38.81,37.46,37.63,5347,3145,37.942
US00737L1035,276328013,CVSA,USD,2021-07-08,36.89,37.63,36.19,36.94,2723,1637,36.976
US00737L1035,276328013,CVSA,USD,2021-07-09,37.04,37.98,37.03,37.49,2059,1412,37.553
US00737L1035,276328013,CVSA,USD,2021-07-12,37.25,38.12,36.96,37.93,1704,989,37.821
US00737L1035,276328013,CVSA,USD,2021-07-13,37.83,38.48,37.51,37.56,1979,1070,37.867
US00737L1035,276328013,CVSA,USD,2021-07-14,37.81,38.0,36.61,36.65,1750,1073,36.968
US00737L1035,276328013,CVSA,USD,2021-07-15,36.33,36.55,35.64,35.83,2004,1338,35.901
US00737L1035,276328013,CVSA,USD,2021-07-16,35.93,36.29,35.16,35.24,1684,924,35.531
US00737L1035,276328013,CVSA,USD,2021-07-19,34.49,35.45,34.34,35.01,2137,1188,34.941
US00737L1035,276328013,CVSA,USD,2021-07-20,35.06,36.47,35.04,36.03,2921,1520,35.96
US00737L1035,276328013,CVSA,USD,2021-07-21,36.16,36.75,35.93,36.4,1374,500,36.333
US00737L1035,276328013,CVSA,USD,2021-07-22,36.11,36.19,35.01,35.07,1651,918,35.281
US00737L1035,276328013,CVSA,USD,2021-07-23,35.03,35.52,34.83,35.52,1665,585,35.324
US00737L1035,276328013,CVSA,USD,2021-07-26,35.65,36.28,35.22,35.37,1074,641,35.502
US00737L1035,276328013,CVSA,USD,2021-07-27,35.09,35.28,34.3,35.22,2542,1086,34.926
US00737L1035,276328013,CVSA,USD,2021-07-28,35.67,36.77,35.22,36.48,2434,1239,36.063
US00737L1035,276328013,CVSA,USD,2021-07-29,36.94,36.97,36.26,36.37,2186,913,36.529
US00737L1035,276328013,CVSA,USD,2021-07-30,36.61,36.82,36.0,36.34,1524,626,36.321
US00737L1035,276328013,CVSA,USD,2021-08-02,36.7,37.14,36.28,36.64,2638,1262,36.635
US00737L1035,276328013,CVSA,USD,2021-08-03,36.67,37.6,36.26,37.56,2562,967,37.357
US00737L1035,276328013,CVSA,USD,2021-08-04,37.0,37.55,36.39,36.5,3922,1481,36.857
US00737L1035,276328013,CVSA,USD,2021-08-05,36.84,37.47,36.8,37.33,1650,919,37.224
US00737L1035,276328013,CVSA,USD,2021-08-06,37.55,37.78,36.53,36.69,2501,1237,36.829
US00737L1035,276328013,CVSA,USD,2021-08-09,36.73,36.93,36.22,36.35,2756,1475,36.524
US00737L1035,276328013,CVSA,USD,2021-08-10,36.54,36.59,35.78,36.43,2432,1216,36.279
US00737L1035,276328013,CVSA,USD,2021-08-11,36.45,37.38,35.69,37.19,1715,899,36.989
US00737L1035,276328013,CVSA,USD,2021-08-12,37.2,37.88,37.11,37.57,2498,921,37.427
US00737L1035,276328013,CVSA,USD,2021-08-13,37.68,37.83,37.14,37.74,1002,560,37.613
US00737L1035,276328013,CVSA,USD,2021-08-16,37.47,37.59,36.75,36.79,1297,634,37.039
US00737L1035,276328013,CVSA,USD,2021-08-17,36.2,36.54,35.54,36.01,1864,1088,36.068
US00737L1035,276328013,CVSA,USD,2021-08-18,36.18,36.53,35.38,35.47,2279,820,35.876
US00737L1035,276328013,CVSA,USD,2021-08-19,35.22,37.1,34.55,37.1,2412,1031,34.857
US00737L1035,276328013,CVSA,USD,2021-08-20,34.53,36.36,32.81,35.94,3942,1485,35.719
US00737L1035,276328013,CVSA,USD,2021-08-23,36.17,37.08,35.92,36.85,1889,843,36.757
US00737L1035,276328013,CVSA,USD,2021-08-24,36.97,37.02,35.51,35.58,2021,1162,35.802
US00737L1035,276328013,CVSA,USD,2021-08-25,36.06,37.0,35.56,37.0,2692,1162,36.227
US00737L1035,276328013,CVSA,USD,2021-08-26,36.55,38.1,36.5,36.82,2601,1482,37.013
US00737L1035,276328013,CVSA,USD,2021-08-27,36.75,37.63,36.66,37.58,2741,1450,37.367
US00737L1035,276328013,CVSA,USD,2021-08-30,37.7,37.7,36.63,36.75,1558,637,36.837
US00737L1035,276328013,CVSA,USD,2021-08-31,36.57,37.35,36.57,37.0,2235,1339,37.013
US00737L1035,276328013,CVSA,USD,2021-09-01,36.96,37.58,36.51,37.09,1730,876,37.18
US00737L1035,276328013,CVSA,USD,2021-09-02,37.23,37.65,37.23,37.37,1251,531,37.417
US00737L1035,276328013,CVSA,USD,2021-09-03,37.13,37.27,36.62,37.1,1286,611,37.033
US00737L1035,276328013,CVSA,USD,2021-09-07,37.1,37.38,36.86,37.2,1374,896,37.123
US00737L1035,276328013,CVSA,USD,2021-09-08,37.26,38.08,36.93,37.79,1273,691,37.746
US00737L1035,276328013,CVSA,USD,2021-09-09,37.73,38.65,37.57,38.24,1496,779,38.241
US00737L1035,276328013,CVSA,USD,2021-09-10,38.6,38.6,37.4,37.44,1873,941,37.806
US00737L1035,276328013,CVSA,USD,2021-09-13,37.6,38.31,36.94,38.25,1547,741,38.006
US00737L1035,276328013,CVSA,USD,2021-09-14,38.4,38.46,37.89,38.01,1793,848,38.011
US00737L1035,276328013,CVSA,USD,2021-09-15,37.85,38.53,37.62,38.21,1248,530,38.187
US00737L1035,276328013,CVSA,USD,2021-09-16,38.3,38.62,37.95,38.1,1281,606,38.208
US00737L1035,276328013,CVSA,USD,2021-09-17,38.5,39.7,38.45,39.66,7678,1473,39.522
US00737L1035,276328013,CVSA,USD,2021-09-20,39.1,39.52,37.75,38.56,1958,949,38.399
US00737L1035,276328013,CVSA,USD,2021-09-21,38.92,38.99,38.05,38.17,3025,1444,38.206
US00737L1035,276328013,CVSA,USD,2021-09-22,38.48,38.7,38.19,38.24,4324,1829,38.331
US00737L1035,276328013,CVSA,USD,2021-09-23,38.14,38.87,38.14,38.5,1922,1093,38.487
US00737L1035,276328013,CVSA,USD,2021-09-24,38.34,39.26,38.09,38.68,1964,1324,38.763
US00737L1035,276328013,CVSA,USD,2021-09-27,38.98,39.62,38.93,38.96,1504,737,39.206
US00737L1035,276328013,CVSA,USD,2021-09-28,39.11,39.52,38.68,39.04,1564,856,39.078
US00737L1035,276328013,CVSA,USD,2021-09-29,39.21,39.21,38.16,38.31,1777,1071,38.515
US00737L1035,276328013,CVSA,USD,2021-09-30,38.26,38.58,37.79,37.81,1713,745,38.149
US00737L1035,276328013,CVSA,USD,2021-10-01,37.97,38.21,37.23,37.54,1945,960,37.669
US00737L1035,276328013,CVSA,USD,2021-10-04,37.56,38.27,37.28,38.25,2055,1110,38.059
US00737L1035,276328013,CVSA,USD,2021-10-05,38.32,39.24,38.06,39.07,2017,834,38.896
US00737L1035,276328013,CVSA,USD,2021-10-06,38.51,38.85,38.14,38.7,1709,949,38.516
US00737L1035,276328013,CVSA,USD,2021-10-07,38.98,38.98,38.07,38.18,3208,1335,38.237
US00737L1035,276328013,CVSA,USD,2021-10-08,38.08,38.42,37.47,37.76,2844,1379,37.71
US00737L1035,276328013,CVSA,USD,2021-10-11,37.76,38.43,37.33,37.49,5107,1179,37.589
US00737L1035,276328013,CVSA,USD,2021-10-12,37.53,37.75,35.11,35.11,2300,1090,35.805
US00737L1035,276328013,CVSA,USD,2021-10-13,34.97,35.62,34.48,35.61,2452,1463,35.305
US00737L1035,276328013,CVSA,USD,2021-10-14,36.15,36.64,35.74,36.51,1997,933,36.276
US00737L1035,276328013,CVSA,USD,2021-10-15,36.51,37.4,36.39,36.41,2689,1263,36.687
US00737L1035,276328013,CVSA,USD,2021-10-18,36.22,36.91,36.0,36.55,2099,802,36.51
US00737L1035,276328013,CVSA,USD,2021-10-19,36.87,37.56,36.26,36.32,2247,972,36.787
US00737L1035,276328013,CVSA,USD,2021-10-20,36.47,36.52,35.77,35.8,1327,541,36.063
US00737L1035,276328013,CVSA,USD,2021-10-21,35.78,36.74,35.58,36.73,1578,758,36.379
US00737L1035,276328013,CVSA,USD,2021-10-22,36.7,36.84,36.09,36.8,1283,761,36.612
US00737L1035,276328013,CVSA,USD,2021-10-25,36.72,37.59,36.38,37.53,1841,998,37.193
US00737L1035,276328013,CVSA,USD,2021-10-26,37.52,37.85,36.98,37.18,1962,1001,37.301
US00737L1035,276328013,CVSA,USD,2021-10-27,37.12,37.43,36.77,37.31,1804,1082,37.276
US00737L1035,276328013,CVSA,USD,2021-10-28,37.27,38.05,36.77,38.03,1616,803,37.775
US00737L1035,276328013,CVSA,USD,2021-10-29,37.78,38.03,36.35,36.93,4130,1843,36.968
US00737L1035,276328013,CVSA,USD,2021-11-01,36.87,39.06,36.7,38.87,2075,979,38.619
US00737L1035,276328013,CVSA,USD,2021-11-02,38.71,39.08,34.8,34.91,4923,3059,35.708
US00737L1035,276328013,CVSA,USD,2021-11-03,34.47,36.48,34.2,36.24,2917,1374,35.992
US00737L1035,276328013,CVSA,USD,2021-11-04,34.79,34.79,30.17,30.42,11677,5272,31.256
US00737L1035,276328013,CVSA,USD,2021-11-05,30.16,32.14,30.05,31.86,7822,3277,31.388
US00737L1035,276328013,CVSA,USD,2021-11-08,33.15,33.45,31.79,32.82,4343,1954,32.904
US00737L1035,276328013,CVSA,USD,2021-11-09,32.84,34.25,32.49,34.25,3610,1519,33.304
US00737L1035,276328013,CVSA,USD,2021-11-10,34.0,35.12,33.52,33.84,6293,3591,34.178
US00737L1035,276328013,CVSA,USD,2021-11-11,34.0,34.09,33.23,33.34,1401,947,33.558
US00737L1035,276328013,CVSA,USD,2021-11-12,33.26,33.3,32.74,32.9,2300,1482,32.955
US00737L1035,276328013,CVSA,USD,2021-11-15,33.06,33.25,32.18,32.68,2560,1542,32.677
US00737L1035,276328013,CVSA,USD,2021-11-16,32.47,32.54,32.04,32.31,2247,1530,32.335
US00737L1035,276328013,CVSA,USD,2021-11-17,32.14,32.36,31.35,31.73,2141,1362,31.651
US00737L1035,276328013,CVSA,USD,2021-11-18,31.52,31.88,30.14,30.48,2672,1259,30.589
US00737L1035,276328013,CVSA,USD,2021-11-19,30.01,30.75,30.01,30.61,2454,1083,30.463
US00737L1035,276328013,CVSA,USD,2021-11-22,30.67,31.3,30.39,30.78,2415,1417,30.918
US00737L1035,276328013,CVSA,USD,2021-11-23,30.75,31.17,30.26,31.01,3631,1573,30.778
US00737L1035,276328013,CVSA,USD,2021-11-24,30.87,32.03,30.8,31.72,2005,1175,31.607
US00737L1035,276328013,CVSA,USD,2021-11-26,30.85,31.34,29.94,30.6,1482,955,30.484
US00737L1035,276328013,CVSA,USD,2021-11-29,31.25,31.41,29.48,29.84,2614,1540,30.015
US00737L1035,276328013,CVSA,USD,2021-11-30,29.39,30.09,29.32,29.67,4056,2131,29.652
US00737L1035,276328013,CVSA,USD,2021-12-01,30.41,30.76,28.83,28.83,3108,2088,29.781
US00737L1035,276328013,CVSA,USD,2021-12-02,28.8,29.29,28.4,28.56,3439,1506,28.831
US00737L1035,276328013,CVSA,USD,2021-12-03,28.6,29.22,27.75,29.12,4668,1959,28.98
US00737L1035,276328013,CVSA,USD,2021-12-06,29.72,30.94,29.1,30.35,4950,2086,30.397
US00737L1035,276328013,CVSA,USD,2021-12-07,30.78,31.56,30.57,31.07,4342,2031,31.145
US00737L1035,276328013,CVSA,USD,2021-12-08,31.12,31.79,30.77,31.7,3230,1006,31.399
US00737L1035,276328013,CVSA,USD,2021-12-09,31.15,31.32,30.34,30.39,1877,950,30.617
US00737L1035,276328013,CVSA,USD,2021-12-10,30.62,30.78,29.9,30.15,3103,1639,30.302
US00737L1035,276328013,CVSA,USD,2021-12-13,29.89,30.42,29.57,29.94,1616,763,29.987
US00737L1035,276328013,CVSA,USD,2021-12-14,29.9,30.36,29.19,29.25,1814,1017,29.57
US00737L1035,276328013,CVSA,USD,2021-12-15,29.05,29.34,28.26,29.07,3547,1365,28.934
US00737L1035,276328013,CVSA,USD,2021-12-16,29.26,29.31,27.95,28.23,3623,1484,28.365
US00737L1035,276328013,CVSA,USD,2021-12-17,28.06,28.58,27.48,28.21,2559,1504,28.164
US00737L1035,276328013,CVSA,USD,2021-12-20,27.69,27.75,26.66,27.57,3177,1229,27.427
US00737L1035,276328013,CVSA,USD,2021-12-21,28.07,29.3,27.7,29.17,3121,1497,28.889
US00737L1035,276328013,CVSA,USD,2021-12-22,29.09,29.91,29.0,29.0,1147,733,29.418
US00737L1035,276328013,CVSA,USD,2021-12-23,29.58,30.13,29.3,29.87,3016,1497,29.925
US00737L1035,276328013,CVSA,USD,2021-12-27,30.3,30.44,29.86,30.4,1659,908,30.253
US00737L1035,276328013,CVSA,USD,2021-12-28,30.07,30.31,29.72,29.82,2768,1762,29.935
US00737L1035,276328013,CVSA,USD,2021-12-29,29.73,29.85,28.87,29.16,1767,1200,29.212
US00737L1035,276328013,CVSA,USD,2021-12-30,28.99,30.06,28.93,29.63,1182,656,29.536
US00737L1035,276328013,CVSA,USD,2021-12-31,29.46,29.98,29.46,29.56,697,364,29.633
US00737L1035,276328013,CVSA,USD,2022-01-03,29.9,30.75,29.69,30.65,2306,1422,30.361
US00737L1035,276328013,CVSA,USD,2022-01-04,30.8,31.51,30.55,31.5,2073,1289,31.322
US00737L1035,276328013,CVSA,USD,2022-01-05,31.61,32.08,30.61,30.64,2536,1596,31.191
US00737L1035,276328013,CVSA,USD,2022-01-06,30.63,31.82,30.56,30.58,3233,2341,30.97
US00737L1035,276328013,CVSA,USD,2022-01-07,30.53,31.03,30.16,30.18,2611,1332,30.401
US00737L1035,276328013,CVSA,USD,2022-01-10,30.18,30.34,29.9,30.21,1554,907,30.169
US00737L1035,276328013,CVSA,USD,2022-01-11,30.0,30.68,29.86,30.53,1368,822,30.38
US00737L1035,276328013,CVSA,USD,2022-01-12,30.77,30.79,29.2,29.49,2300,1080,29.673
US00737L1035,276328013,CVSA,USD,2022-01-13,29.57,30.02,29.22,29.42,1490,753,29.554
US00737L1035,276328013,CVSA,USD,2022-01-14,29.2,29.74,29.2,29.7,1470,881,29.581
US00737L1035,276328013,CVSA,USD,2022-01-18,29.4,29.84,29.28,29.37,2029,1225,29.506
US00737L1035,276328013,CVSA,USD,2022-01-19,29.37,29.5,28.52,28.58,1688,1044,28.831
US00737L1035,276328013,CVSA,USD,2022-01-20,28.61,29.64,28.24,28.29,2022,1241,28.889
US00737L1035,276328013,CVSA,USD,2022-01-21,28.27,28.86,27.87,27.9,1832,859,28.11
US00737L1035,276328013,CVSA,USD,2022-01-24,29.0,31.87,28.26,31.68,8991,5824,31.087
US00737L1035,276328013,CVSA,USD,2022-01-25,31.68,31.68,29.91,30.5,3548,1920,30.521
US00737L1035,276328013,CVSA,USD,2022-01-26,30.79,31.08,29.35,29.66,3010,1889,30.054
US00737L1035,276328013,CVSA,USD,2022-01-27,29.55,29.83,28.21,28.55,1871,1221,28.832
US00737L1035,276328013,CVSA,USD,2022-01-28,28.6,28.6,27.51,28.48,2036,1255,28.037
US00737L1035,276328013,CVSA,USD,2022-01-31,28.1,29.42,28.0,29.42,2552,1569,28.991
US00737L1035,276328013,CVSA,USD,2022-02-01,29.42,29.63,28.72,29.37,2373,1583,29.31
US00737L1035,276328013,CVSA,USD,2022-02-02,29.43,29.43,28.45,28.58,1858,1185,28.627
US00737L1035,276328013,CVSA,USD,2022-02-03,28.23,28.5,27.79,27.98,1572,936,28.028
US00737L1035,276328013,CVSA,USD,2022-02-04,27.8,28.34,27.47,28.22,1129,662,28.05
US00737L1035,276328013,CVSA,USD,2022-02-07,28.29,28.68,28.03,28.3,1206,690,28.31
US00737L1035,276328013,CVSA,USD,2022-02-08,28.36,29.02,22.71,23.5,2701,1058,28.333
US00737L1035,276328013,CVSA,USD,2022-02-09,23.5,25.93,23.5,25.93,16471,8894,24.865
US00737L1035,276328013,CVSA,USD,2022-02-10,24.37,24.85,22.55,23.41,9314,6025,23.546
US00737L1035,276328013,CVSA,USD,2022-02-11,22.77,25.02,22.72,23.76,5923,3493,24.159
US00737L1035,276328013,CVSA,USD,2022-02-14,23.8,25.14,23.19,25.14,3810,2030,23.595
US00737L1035,276328013,CVSA,USD,2022-02-15,24.18,25.9,23.63,23.69,4651,2360,23.977
US00737L1035,276328013,CVSA,USD,2022-02-16,23.38,23.91,22.97,23.1,3590,1941,23.263
US00737L1035,276328013,CVSA,USD,2022-02-17,22.69,22.99,20.27,21.1,10470,5771,20.956
US00737L1035,276328013,CVSA,USD,2022-02-18,21.15,21.73,20.76,20.83,7169,3509,21.105
US00737L1035,276328013,CVSA,USD,2022-02-22,20.64,21.0,20.38,20.43,5555,2849,20.665
US00737L1035,276328013,CVSA,USD,2022-02-23,20.55,20.79,19.74,19.74,3102,2000,19.986
US00737L1035,276328013,CVSA,USD,2022-02-24,19.48,20.19,19.14,20.12,3328,2026,19.955
US00737L1035,276328013,CVSA,USD,2022-02-25,20.17,20.84,19.77,20.77,3283,1947,20.444
US00737L1035,276328013,CVSA,USD,2022-02-28,20.84,21.0,20.47,20.78,3921,1734,20.723
US00737L1035,276328013,CVSA,USD,2022-03-01,20.95,22.75,20.95,22.43,6716,4295,22.341
US00737L1035,276328013,CVSA,USD,2022-03-02,22.77,23.7,22.77,23.09,2399,1312,23.213
US00737L1035,276328013,CVSA,USD,2022-03-03,22.88,22.89,22.27,22.75,3000,1628,22.648
US00737L1035,276328013,CVSA,USD,2022-03-04,22.51,22.87,22.11,22.54,1563,950,22.478
US00737L1035,276328013,CVSA,USD,2022-03-07,22.55,23.8,22.44,22.86,2926,1668,23.058
US00737L1035,276328013,CVSA,USD,2022-03-08,22.97,24.11,22.83,23.39,3362,2165,23.567
US00737L1035,276328013,CVSA,USD,2022-03-09,23.56,24.13,23.53,23.9,2215,1217,23.902
US00737L1035,276328013,CVSA,USD,2022-03-10,23.74,24.02,23.12,24.01,1868,1035,23.767
US00737L1035,276328013,CVSA,USD,2022-03-11,24.03,24.65,24.0,24.15,2624,1473,24.335
US00737L1035,276328013,CVSA,USD,2022-03-14,24.43,25.72,23.94,25.48,2708,1557,25.354
US00737L1035,276328013,CVSA,USD,2022-03-15,25.86,27.6,25.86,26.85,4148,2511,26.896
US00737L1035,276328013,CVSA,USD,2022-03-16,26.93,27.71,26.93,27.62,2617,1534,27.456
US00737L1035,276328013,CVSA,USD,2022-03-17,27.41,28.75,27.31,28.63,2406,1519,28.471
US00737L1035,276328013,CVSA,USD,2022-03-18,28.75,29.38,28.48,29.25,5144,1486,29.08
US00737L1035,276328013,CVSA,USD,2022-03-21,28.94,29.79,28.76,29.43,2628,1442,29.36
US00737L1035,276328013,CVSA,USD,2022-03-22,29.49,29.77,28.62,28.85,1926,1043,28.948
US00737L1035,276328013,CVSA,USD,2022-03-23,28.61,29.48,28.5,28.64,2140,1104,28.958
US00737L1035,276328013,CVSA,USD,2022-03-24,28.77,29.86,28.6,29.85,2211,1200,29.495
US00737L1035,276328013,CVSA,USD,2022-03-25,29.85,30.5,29.71,30.08,2500,1472,30.107
US00737L1035,276328013,CVSA,USD,2022-03-28,29.85,30.66,29.85,30.07,1749,988,30.208
US00737L1035,276328013,CVSA,USD,2022-03-29,30.26,30.97,29.85,30.1,2230,1271,30.202
US00737L1035,276328013,CVSA,USD,2022-03-30,30.03,30.53,30.02,30.24,3420,1479,30.299
US00737L1035,276328013,CVSA,USD,2022-03-31,30.24,30.54,29.56,29.71,5719,2302,29.949
US00737L1035,276328013,CVSA,USD,2022-04-01,29.96,31.0,29.89,31.0,4987,3035,30.544
US00737L1035,276328013,CVSA,USD,2022-04-04,31.04,31.24,29.88,30.35,1850,1269,30.282
US00737L1035,276328013,CVSA,USD,2022-04-05,30.2,30.58,29.38,29.38,2777,1683,29.641
US00737L1035,276328013,CVSA,USD,2022-04-06,29.38,29.46,28.31,29.08,3995,2077,28.835
US00737L1035,276328013,CVSA,USD,2022-04-07,29.08,29.27,28.66,29.04,3621,2132,29.022
US00737L1035,276328013,CVSA,USD,2022-04-08,29.13,29.28,28.77,28.98,2702,1671,29.031
US00737L1035,276328013,CVSA,USD,2022-04-11,29.02,29.14,28.52,28.71,3222,1521,28.784
US00737L1035,276328013,CVSA,USD,2022-04-12,28.93,29.71,28.77,29.18,2630,1488,29.265
US00737L1035,276328013,CVSA,USD,2022-04-13,29.19,29.69,29.06,29.32,2186,1095,29.291
US00737L1035,276328013,CVSA,USD,2022-04-14,29.22,29.77,29.22,29.67,2636,1461,29.575
US00737L1035,276328013,CVSA,USD,2022-04-18,29.73,30.62,29.5,30.25,1910,999,30.25
US00737L1035,276328013,CVSA,USD,2022-04-19,30.47,30.93,30.47,30.62,1993,1170,30.671
US00737L1035,276328013,CVSA,USD,2022-04-20,30.7,31.15,30.66,30.89,1702,962,30.948
US00737L1035,276328013,CVSA,USD,2022-04-21,31.15,31.17,30.16,30.25,1729,993,30.588
US00737L1035,276328013,CVSA,USD,2022-04-22,29.94,30.56,29.77,29.88,1553,914,29.997
US00737L1035,276328013,CVSA,USD,2022-04-25,29.45,30.14,29.21,30.07,1854,1171,29.773
US00737L1035,276328013,CVSA,USD,2022-04-26,29.89,30.35,29.5,30.12,2158,1078,30.065
US00737L1035,276328013,CVSA,USD,2022-04-27,30.23,30.61,29.76,29.81,2167,1265,30.117
US00737L1035,276328013,CVSA,USD,2022-04-28,30.09,30.36,29.25,30.13,2490,1303,29.853
US00737L1035,276328013,CVSA,USD,2022-04-29,29.98,30.39,29.26,29.31,2752,1273,29.607
US00737L1035,276328013,CVSA,USD,2022-05-02,29.2,30.42,29.1,29.5,2964,1576,29.822
US00737L1035,276328013,CVSA,USD,2022-05-03,29.5,29.6,28.73,28.92,2140,1062,29.044
US00737L1035,276328013,CVSA,USD,2022-05-04,29.07,29.5,28.39,29.02,2419,1426,28.944
US00737L1035,276328013,CVSA,USD,2022-05-05,28.82,29.29,27.85,28.22,2957,1778,28.348
US00737L1035,276328013,CVSA,USD,2022-05-06,32.99,34.82,30.46,30.87,10382,6130,31.595
US00737L1035,276328013,CVSA,USD,2022-05-09,30.54,32.89,30.31,31.47,4428,2544,31.825
US00737L1035,276328013,CVSA,USD,2022-05-10,31.7,32.42,30.89,32.18,3822,2247,31.869
US00737L1035,276328013,CVSA,USD,2022-05-11,32.1,32.1,30.38,30.74,2760,1686,31.03
US00737L1035,276328013,CVSA,USD,2022-05-12,30.79,31.75,30.18,30.79,2513,1663,30.768
US00737L1035,276328013,CVSA,USD,2022-05-13,30.93,31.31,30.26,30.43,2253,1390,30.651
US00737L1035,276328013,CVSA,USD,2022-05-16,30.18,30.62,29.61,30.39,1935,963,30.207
US00737L1035,276328013,CVSA,USD,2022-05-17,30.75,31.7,30.74,31.17,1671,887,31.137
US00737L1035,276328013,CVSA,USD,2022-05-18,31.15,32.54,31.11,31.7,3959,2061,31.834
US00737L1035,276328013,CVSA,USD,2022-05-19,31.59,32.28,31.27,31.99,2936,1647,31.841
US00737L1035,276328013,CVSA,USD,2022-05-20,32.23,32.23,31.26,31.85,2285,1176,31.748
US00737L1035,276328013,CVSA,USD,2022-05-23,31.94,32.43,31.38,31.6,3262,1686,31.722
US00737L1035,276328013,CVSA,USD,2022-05-24,31.39,31.51,30.51,31.48,2336,1411,31.101
US00737L1035,276328013,CVSA,USD,2022-05-25,31.46,32.33,30.8,31.88,1909,948,31.851
US00737L1035,276328013,CVSA,USD,2022-05-26,32.28,32.39,31.49,31.64,1384,810,31.827
US00737L1035,276328013,CVSA,USD,2022-05-27,31.52,32.64,31.52,32.62,1686,862,32.281
US00737L1035,276328013,CVSA,USD,2022-05-31,32.44,32.71,31.92,32.62,3571,1180,32.545
US00737L1035,276328013,CVSA,USD,2022-06-01,32.5,33.24,32.13,33.1,3445,2007,32.908
US00737L1035,276328013,CVSA,USD,2022-06-02,33.3,33.8,32.98,33.61,3940,1775,33.471
US00737L1035,276328013,CVSA,USD,2022-06-03,33.63,34.28,33.27,34.09,4051,2144,33.946
US00737L1035,276328013,CVSA,USD,2022-06-06,34.1,34.73,33.3,34.58,3709,2387,34.429
US00737L1035,276328013,CVSA,USD,2022-06-07,34.26,35.46,34.24,35.35,3941,1905,35.103
US00737L1035,276328013,CVSA,USD,2022-06-08,35.06,35.11,33.52,33.99,4912,1602,34.527
US00737L1035,276328013,CVSA,USD,2022-06-09,33.86,34.02,33.11,33.29,2308,1392,33.418
US00737L1035,276328013,CVSA,USD,2022-06-10,33.04,33.14,31.94,32.0,4642,2807,32.19
US00737L1035,276328013,CVSA,USD,2022-06-13,31.54,31.95,30.91,31.3,5724,3078,31.431
US00737L1035,276328013,CVSA,USD,2022-06-14,31.4,31.97,31.18,31.69,6052,3645,31.655
US00737L1035,276328013,CVSA,USD,2022-06-15,31.89,32.13,31.17,31.96,4351,1689,31.68
US00737L1035,276328013,CVSA,USD,2022-06-16,31.84,32.51,31.03,31.12,6016,3024,31.391
US00737L1035,276328013,CVSA,USD,2022-06-17,31.39,32.11,30.49,31.74,16126,2770,31.688
US00737L1035,276328013,CVSA,USD,2022-06-21,32.1,32.34,31.44,32.03,5333,2132,31.976
US00737L1035,276328013,CVSA,USD,2022-06-22,31.79,33.2,31.79,32.81,4076,1691,32.718
US00737L1035,276328013,CVSA,USD,2022-06-23,32.99,33.77,32.68,33.7,2430,1256,33.337
US00737L1035,276328013,CVSA,USD,2022-06-24,33.87,36.84,33.46,36.64,13320,4879,36.121
US00737L1035,276328013,CVSA,USD,2022-06-27,36.59,36.77,35.01,36.38,3595,2330,36.278
US00737L1035,276328013,CVSA,USD,2022-06-28,36.55,36.9,35.19,35.32,3829,1660,35.851
US00737L1035,276328013,CVSA,USD,2022-06-29,35.43,35.89,35.1,35.66,3369,1942,35.474
US00737L1035,276328013,CVSA,USD,2022-06-30,35.32,36.34,35.02,35.5,4044,2136,35.919
US00737L1035,276328013,CVSA,USD,2022-07-01,35.7,36.66,35.46,36.52,3095,1403,36.289
US00737L1035,276328013,CVSA,USD,2022-07-05,36.39,37.5,35.81,37.45,4468,2381,37.018
US00737L1035,276328013,CVSA,USD,2022-07-06,37.45,37.45,36.19,36.83,2960,2166,36.717
US00737L1035,276328013,CVSA,USD,2022-07-07,37.47,37.48,36.7,36.94,1995,1260,37.013
US00737L1035,276328013,CVSA,USD,2022-07-08,36.86,38.26,36.77,38.12,4945,1619,37.985
US00737L1035,276328013,CVSA,USD,2022-07-11,38.15,38.15,36.92,36.93,2904,1227,37.263
US00737L1035,276328013,CVSA,USD,2022-07-12,37.15,38.06,36.93,37.0,2496,1582,37.271
US00737L1035,276328013,CVSA,USD,2022-07-13,36.7,37.86,36.3,37.68,1975,997,37.57
US00737L1035,276328013,CVSA,USD,2022-07-14,37.01,37.59,36.72,37.22,1242,800,37.174
US00737L1035,276328013,CVSA,USD,2022-07-15,37.83,38.74,37.45,38.6,2027,937,38.347
US00737L1035,276328013,CVSA,USD,2022-07-18,38.55,39.33,38.55,38.77,1424,753,38.866
US00737L1035,276328013,CVSA,USD,2022-07-19,39.07,40.0,39.07,39.63,2785,1249,39.72
US00737L1035,276328013,CVSA,USD,2022-07-20,39.78,40.04,39.04,39.65,2271,1331,39.633
US00737L1035,276328013,CVSA,USD,2022-07-21,38.84,39.68,38.67,39.08,2040,1208,39.119
US00737L1035,276328013,CVSA,USD,2022-07-22,38.8,39.45,38.5,39.11,3726,1630,39.086
US00737L1035,276328013,CVSA,USD,2022-07-25,39.16,39.54,38.94,39.19,3406,1164,39.214
US00737L1035,276328013,CVSA,USD,2022-07-26,39.21,40.14,39.21,39.76,1998,1086,39.769
US00737L1035,276328013,CVSA,USD,2022-07-27,39.94,40.55,39.63,40.22,2443,1276,40.148
US00737L1035,276328013,CVSA,USD,2022-07-28,40.14,40.29,39.09,39.76,2644,1350,39.798
US00737L1035,276328013,CVSA,USD,2022-07-29,39.82,40.6,39.77,40.1,2374,1144,40.158
US00737L1035,276328013,CVSA,USD,2022-08-01,40.03,40.1,39.3,39.94,2488,1576,39.842
US00737L1035,276328013,CVSA,USD,2022-08-02,39.92,40.37,39.74,39.87,1287,703,40.002
US00737L1035,276328013,CVSA,USD,2022-08-03,39.94,40.24,39.76,39.91,1269,816,39.973
US00737L1035,276328013,CVSA,USD,2022-08-04,40.18,40.18,39.06,39.22,2739,1440,39.358
US00737L1035,276328013,CVSA,USD,2022-08-05,38.89,39.0,37.48,38.26,3660,1881,38.153
US00737L1035,276328013,CVSA,USD,2022-08-08,38.46,38.84,38.09,38.5,2446,1578,38.45
US00737L1035,276328013,CVSA,USD,2022-08-09,38.8,39.21,38.7,39.04,2440,1286,39.001
US00737L1035,276328013,CVSA,USD,2022-08-10,39.45,39.45,38.65,38.77,2524,1399,38.916
US00737L1035,276328013,CVSA,USD,2022-08-11,39.01,39.1,37.41,37.74,4151,1816,37.872
US00737L1035,276328013,CVSA,USD,2022-08-12,39.3,39.5,34.45,37.57,5485,3171,36.922
US00737L1035,276328013,CVSA,USD,2022-08-15,37.17,38.22,36.74,37.95,2259,1369,37.715
US00737L1035,276328013,CVSA,USD,2022-08-16,37.51,38.01,37.23,37.74,2241,1290,37.716
US00737L1035,276328013,CVSA,USD,2022-08-17,37.45,38.58,37.45,38.14,1587,924,38.221
US00737L1035,276328013,CVSA,USD,2022-08-18,38.12,38.49,37.27,38.35,2084,1053,38.184
US00737L1035,276328013,CVSA,USD,2022-08-19,38.2,39.49,38.2,39.41,2137,980,39.08
US00737L1035,276328013,CVSA,USD,2022-08-22,39.5,39.67,38.75,38.9,2487,1353,39.1
US00737L1035,276328013,CVSA,USD,2022-08-23,38.74,39.73,38.74,39.73,1837,871,39.2
US00737L1035,276328013,CVSA,USD,2022-08-24,39.6,40.0,39.24,39.74,2297,1169,39.773
US00737L1035,276328013,CVSA,USD,2022-08-25,39.65,41.21,39.63,41.12,2373,1509,40.764
US00737L1035,276328013,CVSA,USD,2022-08-26,40.97,41.4,39.73,39.75,2488,1574,40.337
US00737L1035,276328013,CVSA,USD,2022-08-29,39.61,39.61,38.62,38.63,1606,905,38.939
US00737L1035,276328013,CVSA,USD,2022-08-30,38.68,38.94,38.1,38.16,2086,1150,38.365
US00737L1035,276328013,CVSA,USD,2022-08-31,38.12,38.45,37.3,37.3,2906,944,37.751
US00737L1035,276328013,CVSA,USD,2022-09-01,37.32,38.61,37.19,38.03,2387,1303,38.069
US00737L1035,276328013,CVSA,USD,2022-09-02,38.27,38.27,36.42,36.97,2565,1672,36.897
US00737L1035,276328013,CVSA,USD,2022-09-06,37.04,37.52,36.61,37.19,2712,1156,37.181
US00737L1035,276328013,CVSA,USD,2022-09-07,37.26,38.01,37.08,37.97,1426,773,37.818
US00737L1035,276328013,CVSA,USD,2022-09-08,37.61,37.74,37.21,37.54,1128,656,37.507
US00737L1035,276328013,CVSA,USD,2022-09-09,38.0,38.19,37.57,37.66,1255,730,37.797
US00737L1035,276328013,CVSA,USD,2022-09-12,37.77,39.35,37.77,39.34,1597,915,38.991
US00737L1035,276328013,CVSA,USD,2022-09-13,38.75,39.26,37.42,37.77,1797,966,37.947
US00737L1035,276328013,CVSA,USD,2022-09-14,38.04,38.41,37.33,38.15,1790,1000,38.013
US00737L1035,276328013,CVSA,USD,2022-09-15,37.97,38.9,37.97,38.35,1912,866,38.424
US00737L1035,276328013,CVSA,USD,2022-09-16,38.09,38.19,36.8,37.27,4095,1135,37.362
US00737L1035,276328013,CVSA,USD,2022-09-19,36.86,38.17,36.45,37.18,1570,1020,37.111
US00737L1035,276328013,CVSA,USD,2022-09-20,37.0,37.54,36.91,37.23,1301,712,37.239
US00737L1035,276328013,CVSA,USD,2022-09-21,37.31,37.63,36.61,36.8,1692,1015,37.147
US00737L1035,276328013,CVSA,USD,2022-09-22,36.59,36.77,35.76,35.96,1146,589,36.079
US00737L1035,276328013,CVSA,USD,2022-09-23,35.78,35.85,34.96,35.47,1649,883,35.475
US00737L1035,276328013,CVSA,USD,2022-09-26,35.37,36.32,35.04,35.33,2264,1160,35.406
US00737L1035,276328013,CVSA,USD,2022-09-27,35.79,36.21,35.2,35.47,1576,998,35.534
US00737L1035,276328013,CVSA,USD,2022-09-28,35.67,37.94,35.57,37.62,2842,1726,37.244
US00737L1035,276328013,CVSA,USD,2022-09-29,37.27,37.34,36.68,37.16,1566,992,36.999
US00737L1035,276328013,CVSA,USD,2022-09-30,37.15,37.66,36.4,36.45,3465,1295,36.657
US00737L1035,276328013,CVSA,USD,2022-10-03,36.58,36.99,36.06,36.38,1758,1043,36.475
US00737L1035,276328013,CVSA,USD,2022-10-04,36.85,37.95,36.85,37.75,1840,1194,37.562
US00737L1035,276328013,CVSA,USD,2022-10-05,37.2,37.86,37.06,37.16,3916,1586,37.255
US00737L1035,276328013,CVSA,USD,2022-10-06,37.03,38.13,37.03,37.48,2287,1364,37.552
US00737L1035,276328013,CVSA,USD,2022-10-07,37.44,37.44,36.53,36.74,2662,1208,36.864
US00737L1035,276328013,CVSA,USD,2022-10-10,36.89,37.52,36.46,37.33,1443,987,37.148
US00737L1035,276328013,CVSA,USD,2022-10-11,37.16,37.65,36.65,37.35,3205,1070,37.349
US00737L1035,276328013,CVSA,USD,2022-10-12,37.39,38.68,37.2,38.2,2448,1085,38.262
US00737L1035,276328013,CVSA,USD,2022-10-13,37.66,38.36,37.53,37.99,2868,1670,37.99
US00737L1035,276328013,CVSA,USD,2022-10-14,38.16,38.47,36.28,36.32,2444,1515,36.945
US00737L1035,276328013,CVSA,USD,2022-10-17,36.77,37.93,36.61,37.22,2960,1314,37.309
US00737L1035,276328013,CVSA,USD,2022-10-18,37.73,38.76,37.73,38.66,1928,1252,38.481
US00737L1035,276328013,CVSA,USD,2022-10-19,38.68,39.1,37.45,37.91,1982,1117,37.988
US00737L1035,276328013,CVSA,USD,2022-10-20,37.85,38.74,37.71,37.88,996,596,38.013
US00737L1035,276328013,CVSA,USD,2022-10-21,38.23,38.46,37.5,38.14,1306,771,38.075
US00737L1035,276328013,CVSA,USD,2022-10-24,37.94,39.05,37.94,38.59,2059,852,38.661
US00737L1035,276328013,CVSA,USD,2022-10-25,38.69,40.98,38.67,40.93,3868,1687,40.241
US00737L1035,276328013,CVSA,USD,2022-10-26,40.98,41.32,40.25,40.47,2242,1113,40.806
US00737L1035,276328013,CVSA,USD,2022-10-27,40.63,41.02,40.1,40.56,2815,1996,40.602
US00737L1035,276328013,CVSA,USD,2022-10-28,40.94,42.23,40.85,41.81,3490,2658,41.716
US00737L1035,276328013,CVSA,USD,2022-10-31,41.62,41.96,41.13,41.7,2296,1227,41.661
US00737L1035,276328013,CVSA,USD,2022-11-01,42.55,42.75,41.43,41.66,1927,1029,41.837
US00737L1035,276328013,CVSA,USD,2022-11-02,41.55,42.05,41.15,41.29,6266,3157,41.507
US00737L1035,276328013,CVSA,USD,2022-11-03,40.75,42.22,39.82,41.86,3624,2216,41.698
US00737L1035,276328013,CVSA,USD,2022-11-04,41.09,43.88,39.78,42.27,3749,2224,41.962
US00737L1035,276328013,CVSA,USD,2022-11-07,42.35,43.61,42.28,43.0,3122,1762,43.109
US00737L1035,276328013,CVSA,USD,2022-11-08,45.15,45.15,43.43,44.12,3865,1827,44.066
US00737L1035,276328013,CVSA,USD,2022-11-09,43.91,44.2,42.58,42.69,2428,1530,42.972
US00737L1035,276328013,CVSA,USD,2022-11-10,43.74,44.04,42.79,42.91,2241,1334,43.072
US00737L1035,276328013,CVSA,USD,2022-11-11,42.97,42.97,40.48,40.55,1874,1203,41.043
US00737L1035,276328013,CVSA,USD,2022-11-14,40.59,40.65,39.69,39.72,2225,1376,40.121
US00737L1035,276328013,CVSA,USD,2022-11-15,40.46,40.84,39.69,39.73,4031,1897,39.946
US00737L1035,276328013,CVSA,USD,2022-11-16,39.82,41.23,39.77,40.85,2912,1508,40.806
US00737L1035,276328013,CVSA,USD,2022-11-17,40.51,40.85,40.05,40.53,2219,1059,40.431
US00737L1035,276328013,CVSA,USD,2022-11-18,41.07,41.27,40.3,40.75,1448,703,40.792
US00737L1035,276328013,CVSA,USD,2022-11-21,40.95,40.95,39.94,40.39,1120,683,40.3
US00737L1035,276328013,CVSA,USD,2022-11-22,40.26,41.21,40.26,40.92,1588,1023,40.946
US00737L1035,276328013,CVSA,USD,2022-11-23,41.07,41.16,40.38,40.47,681,389,40.624
US00737L1035,276328013,CVSA,USD,2022-11-25,40.1,40.86,40.08,40.34,405,198,40.404
US00737L1035,276328013,CVSA,USD,2022-11-28,40.05,40.92,40.05,40.68,1591,956,40.651
US00737L1035,276328013,CVSA,USD,2022-11-29,40.77,40.77,40.02,40.71,1082,588,40.602
US00737L1035,276328013,CVSA,USD,2022-11-30,41.01,41.76,40.38,41.65,3870,1578,41.418
US00737L1035,276328013,CVSA,USD,2022-12-01,41.71,41.88,40.94,41.24,1067,621,41.305
US00737L1035,276328013,CVSA,USD,2022-12-02,40.57,40.79,39.19,40.43,2050,1085,40.355
US00737L1035,276328013,CVSA,USD,2022-12-05,40.3,40.31,38.72,39.46,1558,829,39.3
US00737L1035,276328013,CVSA,USD,2022-12-06,39.7,40.05,39.26,39.47,1642,916,39.557
US00737L1035,276328013,CVSA,USD,2022-12-07,39.15,39.64,38.08,38.95,1930,1026,38.994
US00737L1035,276328013,CVSA,USD,2022-12-08,39.13,39.4,38.38,38.74,1133,655,38.781
US00737L1035,276328013,CVSA,USD,2022-12-09,38.49,39.0,37.56,37.58,1306,596,37.816
US00737L1035,276328013,CVSA,USD,2022-12-12,37.52,37.61,37.18,37.53,1571,782,37.454
US00737L1035,276328013,CVSA,USD,2022-12-13,38.24,38.39,36.93,37.02,1545,875,37.254
US00737L1035,276328013,CVSA,USD,2022-12-14,36.98,37.3,36.6,36.82,1538,845,36.905
US00737L1035,276328013,CVSA,USD,2022-12-15,36.58,37.42,36.36,37.08,2348,1407,37.037
US00737L1035,276328013,CVSA,USD,2022-12-16,36.81,36.87,35.55,36.01,12242,1554,36.045
US00737L1035,276328013,CVSA,USD,2022-12-19,36.04,36.61,35.87,36.11,1746,903,36.16
US00737L1035,276328013,CVSA,USD,2022-12-20,35.85,36.36,35.85,36.34,1487,854,36.223
US00737L1035,276328013,CVSA,USD,2022-12-21,36.91,37.74,36.61,37.3,1475,953,37.166
US00737L1035,276328013,CVSA,USD,2022-12-22,37.12,37.67,36.49,37.0,2143,1265,36.853
US00737L1035,276328013,CVSA,USD,2022-12-23,36.78,37.29,35.97,36.17,1111,620,36.36
US00737L1035,276328013,CVSA,USD,2022-12-27,36.26,36.59,36.04,36.13,1104,649,36.199
US00737L1035,276328013,CVSA,USD,2022-12-28,35.96,36.43,35.44,35.65,1486,932,35.66
US00737L1035,276328013,CVSA,USD,2022-12-29,35.97,36.36,35.52,35.58,1109,634,35.762
US00737L1035,276328013,CVSA,USD,2022-12-30,35.36,35.7,35.21,35.5,2054,737,35.494
US00737L1035,276328013,CVSA,USD,2023-01-03,35.72,36.02,35.0,35.61,1819,1155,35.554
US00737L1035,276328013,CVSA,USD,2023-01-04,35.63,36.6,35.52,36.06,2253,1220,36.156
US00737L1035,276328013,CVSA,USD,2023-01-05,35.94,36.56,35.53,36.39,1528,939,36.322
US00737L1035,276328013,CVSA,USD,2023-01-06,36.62,37.74,36.62,37.37,2493,875,37.383
US00737L1035,276328013,CVSA,USD,2023-01-09,37.37,37.6,36.02,36.06,1637,739,36.31
US00737L1035,276328013,CVSA,USD,2023-01-10,36.03,37.12,35.97,37.0,1417,702,36.843
US00737L1035,276328013,CVSA,USD,2023-01-11,37.27,37.35,36.52,36.89,907,505,36.864
US00737L1035,276328013,CVSA,USD,2023-01-12,37.06,37.34,36.74,36.97,1047,543,37.029
US00737L1035,276328013,CVSA,USD,2023-01-13,36.97,37.64,36.8,37.32,974,577,37.335
US00737L1035,276328013,CVSA,USD,2023-01-17,37.59,37.77,36.89,36.92,1077,617,37.156
US00737L1035,276328013,CVSA,USD,2023-01-18,36.85,37.26,36.23,36.43,871,496,36.596
US00737L1035,276328013,CVSA,USD,2023-01-19,36.53,36.72,36.06,36.69,1204,433,36.61
US00737L1035,276328013,CVSA,USD,2023-01-20,37.08,37.73,36.57,37.66,1581,795,37.383
US00737L1035,276328013,CVSA,USD,2023-01-23,37.76,38.18,37.57,38.09,1105,557,37.982
US00737L1035,276328013,CVSA,USD,2023-01-24,38.3,38.82,37.73,38.46,909,591,38.413
US00737L1035,276328013,CVSA,USD,2023-01-25,38.37,38.86,38.22,38.64,772,444,38.539
US00737L1035,276328013,CVSA,USD,2023-01-26,38.86,38.86,38.16,38.79,632,378,38.572
US00737L1035,276328013,CVSA,USD,2023-01-27,38.67,39.16,38.07,38.25,864,518,38.348
US00737L1035,276328013,CVSA,USD,2023-01-30,37.99,38.44,37.59,37.62,1008,642,37.819
US00737L1035,276328013,CVSA,USD,2023-01-31,37.78,38.28,37.44,38.18,1622,655,38.109
US00737L1035,276328013,CVSA,USD,2023-02-01,38.13,38.9,37.49,38.54,2785,1606,38.369
US00737L1035,276328013,CVSA,USD,2023-02-02,38.65,40.38,38.52,40.38,1894,1021,38.79
US00737L1035,276328013,CVSA,USD,2023-02-03,40.24,43.91,40.24,43.83,2822,1417,43.326
US00737L1035,276328013,CVSA,USD,2023-02-06,43.53,43.64,40.58,40.72,2459,1386,41.203
US00737L1035,276328013,CVSA,USD,2023-02-07,39.82,39.98,38.46,39.73,2258,1203,39.548
US00737L1035,276328013,CVSA,USD,2023-02-08,39.27,40.0,38.62,38.8,1073,664,38.921
US00737L1035,276328013,CVSA,USD,2023-02-09,39.22,39.76,38.87,39.37,1687,915,39.426
US00737L1035,276328013,CVSA,USD,2023-02-10,39.1,40.53,39.1,40.11,1239,735,40.16
US00737L1035,276328013,CVSA,USD,2023-02-13,39.93,41.34,39.93,41.27,1266,765,41.023
US00737L1035,276328013,CVSA,USD,2023-02-14,41.02,41.56,40.18,40.18,1280,713,40.611
US00737L1035,276328013,CVSA,USD,2023-02-15,39.91,40.92,39.6,40.43,960,565,40.495
US00737L1035,276328013,CVSA,USD,2023-02-16,39.99,40.9,39.79,40.71,1311,620,40.564
US00737L1035,276328013,CVSA,USD,2023-02-17,40.96,41.73,40.93,40.96,1497,850,41.168
US00737L1035,276328013,CVSA,USD,2023-02-21,40.46,41.31,40.46,40.96,1417,717,41.029
US00737L1035,276328013,CVSA,USD,2023-02-22,40.93,41.31,39.99,40.16,2010,1037,40.355
US00737L1035,276328013,CVSA,USD,2023-02-23,40.25,41.11,39.86,40.01,1445,831,40.112
US00737L1035,276328013,CVSA,USD,2023-02-24,39.7,40.2,39.53,39.79,1045,576,39.822
US00737L1035,276328013,CVSA,USD,2023-02-27,40.08,40.29,38.96,39.19,887,521,39.413
US00737L1035,276328013,CVSA,USD,2023-02-28,39.11,39.6,38.94,39.12,2197,774,39.124
US00737L1035,276328013,CVSA,USD,2023-03-01,39.07,39.39,38.51,38.52,1319,667,38.691
US00737L1035,276328013,CVSA,USD,2023-03-02,38.36,39.15,38.28,38.85,1409,852,38.818
US00737L1035,276328013,CVSA,USD,2023-03-03,39.05,39.43,38.56,39.38,930,529,39.193
US00737L1035,276328013,CVSA,USD,2023-03-06,39.32,39.32,38.3,38.72,1326,653,38.661
US00737L1035,276328013,CVSA,USD,2023-03-07,38.66,39.02,38.19,38.72,1123,567,38.591
US00737L1035,276328013,CVSA,USD,2023-03-08,38.69,38.89,37.94,38.07,1934,1112,38.279
US00737L1035,276328013,CVSA,USD,2023-03-09,38.17,38.85,38.1,38.61,1575,896,38.51
US00737L1035,276328013,CVSA,USD,2023-03-10,38.38,38.38,37.54,37.79,1087,638,37.83
US00737L1035,276328013,CVSA,USD,2023-03-13,37.21,37.64,36.59,36.76,1249,692,36.901
US00737L1035,276328013,CVSA,USD,2023-03-14,37.62,37.78,37.18,37.42,1555,786,37.421
US00737L1035,276328013,CVSA,USD,2023-03-15,36.55,36.99,36.12,36.89,1709,961,36.673
US00737L1035,276328013,CVSA,USD,2023-03-16,36.38,37.51,36.16,37.13,1995,804,37.032
US00737L1035,276328013,CVSA,USD,2023-03-17,37.07,37.24,36.28,36.41,7128,1210,36.514
US00737L1035,276328013,CVSA,USD,2023-03-20,36.81,38.03,36.78,37.29,1631,929,37.478
US00737L1035,276328013,CVSA,USD,2023-03-21,37.79,38.4,37.43,37.73,1653,701,37.774
US00737L1035,276328013,CVSA,USD,2023-03-22,37.79,38.02,36.58,36.59,2215,1519,37.243
US00737L1035,276328013,CVSA,USD,2023-03-23,36.69,36.97,35.59,36.17,2418,1394,36.131
US00737L1035,276328013,CVSA,USD,2023-03-24,35.92,36.7,35.92,36.56,1865,1112,36.408
US00737L1035,276328013,CVSA,USD,2023-03-27,37.04,37.8,36.88,37.68,1629,941,37.587
US00737L1035,276328013,CVSA,USD,2023-03-28,37.52,37.85,37.02,37.46,1155,624,37.479
US00737L1035,276328013,CVSA,USD,2023-03-29,37.7,37.75,36.79,36.8,1535,839,37.029
US00737L1035,276328013,CVSA,USD,2023-03-30,36.9,37.43,36.73,37.32,1117,619,37.273
US00737L1035,276328013,CVSA,USD,2023-03-31,37.55,38.72,37.55,38.62,2782,1280,38.437
US00737L1035,276328013,CVSA,USD,2023-04-03,38.53,38.86,37.81,38.51,1885,990,38.457
US00737L1035,276328013,CVSA,USD,2023-04-04,38.56,38.72,37.17,37.78,1580,792,37.619
US00737L1035,276328013,CVSA,USD,2023-04-05,37.66,38.32,37.47,38.09,1334,696,37.941
US00737L1035,276328013,CVSA,USD,2023-04-06,38.32,38.32,37.69,37.91,1468,647,37.93
US00737L1035,276328013,CVSA,USD,2023-04-10,37.94,38.35,37.84,38.21,2420,689,38.204
US00737L1035,276328013,CVSA,USD,2023-04-11,38.25,39.07,38.16,38.62,1274,744,38.691
US00737L1035,276328013,CVSA,USD,2023-04-12,38.85,39.23,38.39,39.2,1640,936,38.968
US00737L1035,276328013,CVSA,USD,2023-04-13,39.28,40.3,39.28,39.98,1540,825,39.909
US00737L1035,276328013,CVSA,USD,2023-04-14,39.83,40.37,39.5,39.9,1081,569,39.775
US00737L1035,276328013,CVSA,USD,2023-04-17,40.0,40.16,39.3,39.39,1052,477,39.561
US00737L1035,276328013,CVSA,USD,2023-04-18,39.35,39.54,38.66,39.5,1538,782,39.218
US00737L1035,276328013,CVSA,USD,2023-04-19,38.99,39.17,38.61,39.07,1794,755,38.997
US00737L1035,276328013,CVSA,USD,2023-04-20,39.19,39.88,38.99,39.64,1567,760,39.579
US00737L1035,276328013,CVSA,USD,2023-04-21,39.66,41.03,39.56,40.64,1516,831,40.485
US00737L1035,276328013,CVSA,USD,2023-04-24,40.53,41.16,40.4,40.56,1191,724,40.671
US00737L1035,276328013,CVSA,USD,2023-04-25,40.18,40.91,40.08,40.58,1038,600,40.604
US00737L1035,276328013,CVSA,USD,2023-04-26,39.93,40.96,39.93,40.85,1341,762,40.734
US00737L1035,276328013,CVSA,USD,2023-04-27,40.92,41.02,39.78,40.63,1331,672,40.538
US00737L1035,276328013,CVSA,USD,2023-04-28,40.41,41.12,40.36,40.57,1548,686,40.676
US00737L1035,276328013,CVSA,USD,2023-05-01,40.36,41.18,40.36,40.7,1351,822,40.779
US00737L1035,276328013,CVSA,USD,2023-05-02,39.87,39.9,36.84,38.34,3055,1829,38.108
US00737L1035,276328013,CVSA,USD,2023-05-03,39.15,43.53,38.61,43.2,3843,2392,42.367
US00737L1035,276328013,CVSA,USD,2023-05-04,42.11,42.4,40.94,42.1,2051,1150,41.846
US00737L1035,276328013,CVSA,USD,2023-05-05,42.51,43.01,41.44,41.65,1974,1045,41.851
US00737L1035,276328013,CVSA,USD,2023-05-08,41.51,42.06,41.2,41.5,2090,1016,41.527
US00737L1035,276328013,CVSA,USD,2023-05-09,41.44,42.08,41.29,41.31,1773,811,41.51
US00737L1035,276328013,CVSA,USD,2023-05-10,42.38,43.04,41.33,41.69,1604,732,41.765
US00737L1035,276328013,CVSA,USD,2023-05-11,41.08,41.6,40.76,41.23,1126,515,41.294
US00737L1035,276328013,CVSA,USD,2023-05-12,41.19,41.44,40.93,41.15,1269,708,41.152
US00737L1035,276328013,CVSA,USD,2023-05-15,41.15,41.25,40.16,40.5,2394,1384,40.551
US00737L1035,276328013,CVSA,USD,2023-05-16,40.41,41.52,40.41,41.42,2709,1535,41.193
US00737L1035,276328013,CVSA,USD,2023-05-17,41.95,42.66,41.45,42.46,2687,1494,42.248
US00737L1035,276328013,CVSA,USD,2023-05-18,42.29,43.28,42.05,42.98,2271,1403,42.879
US00737L1035,276328013,CVSA,USD,2023-05-19,43.22,44.5,43.11,44.5,3314,1839,43.42
US00737L1035,276328013,CVSA,USD,2023-05-22,43.69,43.84,42.89,42.91,2248,1267,43.156
US00737L1035,276328013,CVSA,USD,2023-05-23,42.63,42.69,41.88,42.3,3644,2204,42.311
US00737L1035,276328013,CVSA,USD,2023-05-24,42.24,42.99,42.1,42.79,1957,1008,42.722
US00737L1035,276328013,CVSA,USD,2023-05-25,42.76,42.96,42.19,42.53,1545,737,42.566
US00737L1035,276328013,CVSA,USD,2023-05-26,42.41,42.95,42.0,42.29,1497,869,42.341
US00737L1035,276328013,CVSA,USD,2023-05-30,42.32,42.62,41.83,41.88,1245,659,42.079
US00737L1035,276328013,CVSA,USD,2023-05-31,41.99,42.08,41.06,41.5,2754,1095,41.488
US00737L1035,276328013,CVSA,USD,2023-06-01,41.44,42.25,41.33,41.8,1869,1021,41.83
US00737L1035,276328013,CVSA,USD,2023-06-02,42.26,43.46,42.14,43.43,2030,1141,43.141
US00737L1035,276328013,CVSA,USD,2023-06-05,42.85,43.0,41.17,41.26,2265,1385,41.785
US00737L1035,276328013,CVSA,USD,2023-06-06,41.35,42.55,41.15,42.13,3254,1820,42.097
US00737L1035,276328013,CVSA,USD,2023-06-07,42.41,43.38,42.3,42.48,1998,1070,42.627
US00737L1035,276328013,CVSA,USD,2023-06-08,42.81,42.86,42.1,42.13,1647,827,42.355
US00737L1035,276328013,CVSA,USD,2023-06-09,42.32,42.32,41.84,41.94,1436,808,42.018
US00737L1035,276328013,CVSA,USD,2023-06-12,41.88,41.89,40.87,41.01,1944,1135,41.121
US00737L1035,276328013,CVSA,USD,2023-06-13,41.02,41.32,40.37,40.58,2558,1110,40.677
US00737L1035,276328013,CVSA,USD,2023-06-14,40.46,40.73,39.35,39.38,3204,1401,39.719
US00737L1035,276328013,CVSA,USD,2023-06-15,39.2,39.6,38.48,38.76,2923,1457,38.778
US00737L1035,276328013,CVSA,USD,2023-06-16,39.13,39.47,38.68,38.84,11804,1772,38.888
US00737L1035,276328013,CVSA,USD,2023-06-20,38.71,39.47,38.41,38.53,3195,1500,38.671
US00737L1035,276328013,CVSA,USD,2023-06-21,38.39,38.63,36.99,37.02,2748,1227,37.32
US00737L1035,276328013,CVSA,USD,2023-06-22,36.85,37.09,35.75,36.16,3087,1779,36.155
US00737L1035,276328013,CVSA,USD,2023-06-23,35.98,36.64,34.74,34.95,4035,1572,35.168
US00737L1035,276328013,CVSA,USD,2023-06-26,34.95,35.4,34.24,34.26,2769,1550,34.529
US00737L1035,276328013,CVSA,USD,2023-06-27,34.23,34.75,34.11,34.2,2588,1315,34.347
US00737L1035,276328013,CVSA,USD,2023-06-28,34.25,34.47,33.71,33.81,2421,1353,34.025
US00737L1035,276328013,CVSA,USD,2023-06-29,33.65,34.5,33.65,34.45,2649,990,34.341
US00737L1035,276328013,CVSA,USD,2023-06-30,34.56,35.12,34.33,34.34,2765,1001,34.592
US00737L1035,276328013,CVSA,USD,2023-07-03,34.22,34.81,34.13,34.52,1220,718,34.541
US00737L1035,276328013,CVSA,USD,2023-07-05,34.34,34.42,33.68,34.09,2696,1224,34.06
US00737L1035,276328013,CVSA,USD,2023-07-06,33.9,34.26,33.59,33.68,2288,1157,33.78
US00737L1035,276328013,CVSA,USD,2023-07-07,33.97,37.12,33.97,35.41,3634,1995,35.777
US00737L1035,276328013,CVSA,USD,2023-07-10,35.23,36.72,35.23,36.69,3521,1491,36.479
US00737L1035,276328013,CVSA,USD,2023-07-11,36.6,37.34,36.58,37.3,2844,1266,37.133
US00737L1035,276328013,CVSA,USD,2023-07-12,37.63,38.01,37.16,37.98,2647,1274,37.836
US00737L1035,276328013,CVSA,USD,2023-07-13,37.92,38.54,37.53,38.15,2742,1407,38.091
US00737L1035,276328013,CVSA,USD,2023-07-14,38.11,39.21,37.72,39.15,2956,1177,38.679
US00737L1035,276328013,CVSA,USD,2023-07-17,39.11,39.95,39.08,39.75,2429,1452,39.726
US00737L1035,276328013,CVSA,USD,2023-07-18,39.91,41.05,39.91,40.94,2039,1125,40.72
US00737L1035,276328013,CVSA,USD,2023-07-19,41.03,41.53,40.91,41.23,3577,1714,41.227
US00737L1035,276328013,CVSA,USD,2023-07-20,41.38,41.88,41.2,41.82,2111,1138,41.632
US00737L1035,276328013,CVSA,USD,2023-07-21,42.14,42.56,41.92,42.35,3679,1874,42.262
US00737L1035,276328013,CVSA,USD,2023-07-24,42.5,43.34,42.4,43.19,1983,1211,43.056
US00737L1035,276328013,CVSA,USD,2023-07-25,42.79,43.76,42.68,43.72,2012,1055,43.603
US00737L1035,276328013,CVSA,USD,2023-07-26,43.66,44.26,42.47,42.55,2511,1333,42.989
US00737L1035,276328013,CVSA,USD,2023-07-27,42.62,43.39,42.62,42.82,1493,920,42.985
US00737L1035,276328013,CVSA,USD,2023-07-28,43.12,43.46,42.85,42.92,1440,711,43.056
US00737L1035,276328013,CVSA,USD,2023-07-31,43.06,43.62,43.06,43.24,1268,552,43.332
US00737L1035,276328013,CVSA,USD,2023-08-01,43.07,43.56,42.75,43.31,2006,1099,43.291
US00737L1035,276328013,CVSA,USD,2023-08-02,43.03,43.65,42.27,43.21,2773,935,43.015
US00737L1035,276328013,CVSA,USD,2023-08-03,43.16,44.66,43.02,44.41,3397,1326,44.056
US00737L1035,276328013,CVSA,USD,2023-08-04,44.61,46.09,44.52,45.06,1799,918,45.351
US00737L1035,276328013,CVSA,USD,2023-08-07,45.24,45.72,45.0,45.24,2007,1083,45.34
US00737L1035,276328013,CVSA,USD,2023-08-08,45.1,45.4,44.62,44.65,3238,2004,44.893
US00737L1035,276328013,CVSA,USD,2023-08-09,44.47,44.75,43.21,44.59,2151,1310,44.386
US00737L1035,276328013,CVSA,USD,2023-08-10,44.75,44.88,43.59,43.94,3292,2040,44.037
US00737L1035,276328013,CVSA,USD,2023-08-11,45.53,47.25,43.1,44.12,4284,2665,44.737
US00737L1035,276328013,CVSA,USD,2023-08-14,44.27,44.62,43.5,43.55,2109,1343,43.898
US00737L1035,276328013,CVSA,USD,2023-08-15,43.39,43.54,42.47,42.79,1510,903,42.966
US00737L1035,276328013,CVSA,USD,2023-08-16,42.61,43.04,41.79,41.81,1349,859,42.203
US00737L1035,276328013,CVSA,USD,2023-08-17,42.15,42.5,41.83,42.3,2013,1235,42.23
US00737L1035,276328013,CVSA,USD,2023-08-18,42.11,42.74,42.11,42.52,1739,983,42.533
US00737L1035,276328013,CVSA,USD,2023-08-21,42.53,43.1,42.33,42.65,2130,1302,42.68
US00737L1035,276328013,CVSA,USD,2023-08-22,42.52,43.12,42.5,42.65,1340,699,42.842
US00737L1035,276328013,CVSA,USD,2023-08-23,42.76,43.18,42.44,42.98,1862,1000,42.921
US00737L1035,276328013,CVSA,USD,2023-08-24,42.82,43.81,42.82,43.47,2391,1191,43.435
US00737L1035,276328013,CVSA,USD,2023-08-25,43.58,43.96,42.91,43.2,1973,1139,43.289
US00737L1035,276328013,CVSA,USD,2023-08-28,43.25,43.84,43.18,43.55,1719,1023,43.567
US00737L1035,276328013,CVSA,USD,2023-08-29,43.33,43.58,42.76,43.28,1847,1047,43.147
US00737L1035,276328013,CVSA,USD,2023-08-30,42.96,43.69,42.96,43.45,2275,1345,43.458
US00737L1035,276328013,CVSA,USD,2023-08-31,43.38,44.24,43.27,43.85,2788,1369,43.908
US00737L1035,276328013,CVSA,USD,2023-09-01,44.2,45.96,44.2,45.5,3531,2109,45.525
US00737L1035,276328013,CVSA,USD,2023-09-05,45.19,45.45,43.07,43.46,3120,2027,43.711
US00737L1035,276328013,CVSA,USD,2023-09-06,43.73,44.36,43.37,43.97,2057,1194,43.93
US00737L1035,276328013,CVSA,USD,2023-09-07,44.0,44.75,43.92,44.26,3226,1901,44.337
US00737L1035,276328013,CVSA,USD,2023-09-08,44.01,44.76,43.63,44.22,2875,1576,44.299
US00737L1035,276328013,CVSA,USD,2023-09-11,44.4,44.82,44.23,44.36,2821,1350,44.482
US00737L1035,276328013,CVSA,USD,2023-09-12,44.0,44.55,43.46,43.59,2126,1265,43.815
US00737L1035,276328013,CVSA,USD,2023-09-13,43.85,44.15,43.47,43.81,3670,2391,43.821
US00737L1035,276328013,CVSA,USD,2023-09-14,44.36,44.75,43.43,43.77,4834,1805,43.859
US00737L1035,276328013,CVSA,USD,2023-09-15,43.63,44.07,42.48,43.16,17561,2819,43.149
US00737L1035,276328013,CVSA,USD,2023-09-18,43.48,43.6,42.5,42.65,2116,923,42.86
US00737L1035,276328013,CVSA,USD,2023-09-19,42.65,43.3,42.65,43.14,2021,864,43.094
US00737L1035,276328013,CVSA,USD,2023-09-20,43.36,44.0,42.93,43.14,2612,1414,43.32
US00737L1035,276328013,CVSA,USD,2023-09-21,43.13,43.32,42.27,42.4,1930,1041,42.641
US00737L1035,276328013,CVSA,USD,2023-09-22,42.58,43.34,42.52,42.85,2910,1517,43.034
US00737L1035,276328013,CVSA,USD,2023-09-25,42.58,43.38,42.58,43.22,1627,999,43.084
US00737L1035,276328013,CVSA,USD,2023-09-26,42.96,43.34,42.47,42.49,2285,1321,42.652
US00737L1035,276328013,CVSA,USD,2023-09-27,42.72,43.27,42.72,43.07,2096,1361,43.006
US00737L1035,276328013,CVSA,USD,2023-09-28,43.13,43.91,43.0,43.15,2783,1355,43.27
US00737L1035,276328013,CVSA,USD,2023-09-29,43.17,43.51,42.68,42.85,2423,1171,42.977
US00737L1035,276328013,CVSA,USD,2023-10-02,42.77,43.11,42.48,42.76,2099,780,42.748
US00737L1035,276328013,CVSA,USD,2023-10-03,42.58,43.12,42.54,42.89,1742,1020,42.909
US00737L1035,276328013,CVSA,USD,2023-10-04,42.64,43.38,41.95,43.35,2696,1412,43.145
US00737L1035,276328013,CVSA,USD,2023-10-05,43.34,44.33,43.34,43.6,2282,1234,43.613
US00737L1035,276328013,CVSA,USD,2023-10-06,43.33,44.19,43.33,43.91,2215,930,43.919
US00737L1035,276328013,CVSA,USD,2023-10-09,43.83,44.57,43.79,44.41,1958,1204,44.331
US00737L1035,276328013,CVSA,USD,2023-10-10,44.61,46.07,44.2,45.89,1876,1110,45.672
US00737L1035,276328013,CVSA,USD,2023-10-11,45.93,46.72,45.71,45.78,1488,811,45.884
US00737L1035,276328013,CVSA,USD,2023-10-12,46.18,46.18,44.62,44.85,1991,1024,44.96
US00737L1035,276328013,CVSA,USD,2023-10-13,45.05,45.23,44.29,44.41,1498,718,44.541
US00737L1035,276328013,CVSA,USD,2023-10-16,44.75,45.35,44.62,45.05,1671,566,45.096
US00737L1035,276328013,CVSA,USD,2023-10-17,44.86,45.83,44.86,45.15,2174,1090,45.231
US00737L1035,276328013,CVSA,USD,2023-10-18,44.83,45.27,44.58,44.96,1489,789,44.943
US00737L1035,276328013,CVSA,USD,2023-10-19,44.77,44.96,43.32,43.42,1935,974,43.788
US00737L1035,276328013,CVSA,USD,2023-10-20,43.52,44.11,43.38,43.41,2657,1235,43.621
US00737L1035,276328013,CVSA,USD,2023-10-23,43.17,43.42,42.26,42.29,2034,1010,42.605
US00737L1035,276328013,CVSA,USD,2023-10-24,42.67,44.23,42.39,44.06,2357,1433,43.816
US00737L1035,276328013,CVSA,USD,2023-10-25,43.63,44.8,43.33,44.41,2089,1253,44.422
US00737L1035,276328013,CVSA,USD,2023-10-26,45.18,45.18,41.89,43.15,2085,1158,43.054
US00737L1035,276328013,CVSA,USD,2023-10-27,44.61,50.7,44.61,49.98,7145,3741,49.463
US00737L1035,276328013,CVSA,USD,2023-10-30,50.21,51.4,48.75,51.37,4462,2841,51.014
US00737L1035,276328013,CVSA,USD,2023-10-31,51.15,52.27,50.43,51.8,5142,2603,51.538
US00737L1035,276328013,CVSA,USD,2023-11-01,51.98,54.03,51.98,53.65,4122,2223,53.371
US00737L1035,276328013,CVSA,USD,2023-11-02,53.65,54.26,53.12,54.25,2739,1448,54.008
US00737L1035,276328013,CVSA,USD,2023-11-03,54.83,55.92,54.3,55.2,3859,1967,55.139
US00737L1035,276328013,CVSA,USD,2023-11-06,55.01,55.53,53.73,55.2,2716,1357,55.065
US00737L1035,276328013,CVSA,USD,2023-11-07,54.44,55.63,54.06,55.5,2960,1831,55.313
US00737L1035,276328013,CVSA,USD,2023-11-08,55.34,55.67,54.5,55.32,2387,1278,55.196
US00737L1035,276328013,CVSA,USD,2023-11-09,55.59,56.11,55.1,55.19,3046,1721,55.482
US00737L1035,276328013,CVSA,USD,2023-11-10,55.18,55.73,54.31,55.63,2729,1351,55.282
US00737L1035,276328013,CVSA,USD,2023-11-13,55.3,55.52,53.93,55.18,3622,1863,54.862
US00737L1035,276328013,CVSA,USD,2023-11-14,56.16,56.42,55.15,56.18,2893,1730,55.903
US00737L1035,276328013,CVSA,USD,2023-11-15,56.12,56.36,55.25,55.37,2627,1765,55.573
US00737L1035,276328013,CVSA,USD,2023-11-16,55.43,55.68,54.91,55.21,1893,1181,55.264
US00737L1035,276328013,CVSA,USD,2023-11-17,55.21,55.83,54.78,55.24,2886,1574,55.326
US00737L1035,276328013,CVSA,USD,2023-11-20,54.92,56.21,54.75,55.78,3048,1751,55.812
US00737L1035,276328013,CVSA,USD,2023-11-21,55.86,56.99,55.69,56.53,1836,1101,56.558
US00737L1035,276328013,CVSA,USD,2023-11-22,56.63,57.79,56.53,57.04,2193,1164,57.179
US00737L1035,276328013,CVSA,USD,2023-11-24,56.89,57.5,56.77,57.48,1106,678,57.28
US00737L1035,276328013,CVSA,USD,2023-11-27,57.32,58.01,57.22,57.7,2011,1177,57.741
US00737L1035,276328013,CVSA,USD,2023-11-28,57.64,58.34,57.45,57.56,1496,807,57.749
US00737L1035,276328013,CVSA,USD,2023-11-29,57.89,58.33,57.46,57.65,2438,1217,57.802
US00737L1035,276328013,CVSA,USD,2023-11-30,57.64,57.99,56.71,56.97,3659,1247,57.073
US00737L1035,276328013,CVSA,USD,2023-12-01,56.97,58.81,56.85,58.76,3081,1637,58.356
US00737L1035,276328013,CVSA,USD,2023-12-04,58.4,59.39,58.4,59.38,2158,1376,59.027
US00737L1035,276328013,CVSA,USD,2023-12-05,59.35,60.11,59.0,59.41,2073,1249,59.632
US00737L1035,276328013,CVSA,USD,2023-12-06,59.56,60.25,58.7,59.3,2671,1440,59.492
US00737L1035,276328013,CVSA,USD,2023-12-07,59.51,59.64,58.71,59.54,2244,1405,59.404
US00737L1035,276328013,CVSA,USD,2023-12-08,59.2,60.12,59.17,59.94,1478,831,59.831
US00737L1035,276328013,CVSA,USD,2023-12-11,59.97,60.23,59.62,60.01,3563,1541,59.996
US00737L1035,276328013,CVSA,USD,2023-12-12,60.1,61.45,59.92,60.88,3336,2167,60.912
US00737L1035,276328013,CVSA,USD,2023-12-13,60.96,61.62,60.07,61.51,4461,2668,61.066
US00737L1035,276328013,CVSA,USD,2023-12-14,61.84,62.23,58.78,60.4,4120,2243,60.138
US00737L1035,276328013,CVSA,USD,2023-12-15,60.69,60.85,59.45,59.89,23105,3735,60.023
US00737L1035,276328013,CVSA,USD,2023-12-18,60.16,60.83,60.02,60.28,2606,1209,60.323
US00737L1035,276328013,CVSA,USD,2023-12-19,60.6,60.94,59.88,59.9,3108,1552,60.194
US00737L1035,276328013,CVSA,USD,2023-12-20,59.76,60.78,59.21,59.38,2520,1377,59.76
US00737L1035,276328013,CVSA,USD,2023-12-21,59.81,60.16,59.11,59.27,2049,1085,59.365
US00737L1035,276328013,CVSA,USD,2023-12-22,59.74,60.53,59.16,59.59,1559,866,59.804
US00737L1035,276328013,CVSA,USD,2023-12-26,59.69,60.19,59.13,59.88,2208,1276,59.837
US00737L1035,276328013,CVSA,USD,2023-12-27,59.77,60.65,59.77,60.12,1897,1040,60.212
US00737L1035,276328013,CVSA,USD,2023-12-28,59.89,60.47,59.35,59.58,1698,979,59.629
US00737L1035,276328013,CVSA,USD,2023-12-29,59.29,59.66,58.74,58.95,2521,1185,59.034
