ISIN,conId,Symbol,Currency,date,open,high,low,close,volume,barCount,average
US00766T1007,43980401,ACM,USD,2019-01-02,26.09,27.1,25.98,26.88,8832,5743,26.747
US00766T1007,43980401,ACM,USD,2019-01-03,26.8,27.15,26.32,26.37,7869,5889,26.599
US00766T1007,43980401,ACM,USD,2019-01-04,26.87,27.77,26.66,27.74,7415,4717,27.613
US00766T1007,43980401,ACM,USD,2019-01-07,27.55,28.52,27.55,28.27,10570,6302,28.226
US00766T1007,43980401,ACM,USD,2019-01-08,28.55,28.9,28.4,28.61,6151,3826,28.579
US00766T1007,43980401,ACM,USD,2019-01-09,28.77,29.11,28.47,28.81,7013,4308,28.829
US00766T1007,43980401,ACM,USD,2019-01-10,28.65,29.29,28.48,29.27,3774,1913,29.07
US00766T1007,43980401,ACM,USD,2019-01-11,29.02,29.41,28.99,29.19,5150,2635,29.208
US00766T1007,43980401,ACM,USD,2019-01-14,28.83,29.43,28.81,29.16,5349,3601,29.215
US00766T1007,43980401,ACM,USD,2019-01-15,29.22,29.4,29.03,29.06,4511,3270,29.141
US00766T1007,43980401,ACM,USD,2019-01-16,29.04,29.46,29.04,29.15,5815,3453,29.284
US00766T1007,43980401,ACM,USD,2019-01-17,29.15,29.52,29.06,29.2,8112,5137,29.26
US00766T1007,43980401,ACM,USD,2019-01-18,29.53,30.2,29.31,30.16,6946,4325,30.026
US00766T1007,43980401,ACM,USD,2019-01-22,30.0,30.0,29.35,29.65,5077,2786,29.596
US00766T1007,43980401,ACM,USD,2019-01-23,29.94,30.0,29.16,29.57,3840,2490,29.54
US00766T1007,43980401,ACM,USD,2019-01-24,29.6,30.12,29.59,30.01,4659,2813,29.969
US00766T1007,43980401,ACM,USD,2019-01-25,30.26,30.65,30.16,30.55,4754,2736,30.485
US00766T1007,43980401,ACM,USD,2019-01-28,30.21,30.68,30.18,30.2,7964,4529,30.383
US00766T1007,43980401,ACM,USD,2019-01-29,30.22,30.5,30.01,30.12,5795,3897,30.157
US00766T1007,43980401,ACM,USD,2019-01-30,31.61,31.61,29.76,30.33,5575,3661,30.276
US00766T1007,43980401,ACM,USD,2019-01-31,30.29,30.8,30.05,30.61,4753,2977,30.626
US00766T1007,43980401,ACM,USD,2019-02-01,30.54,30.76,30.17,30.4,6980,4305,30.436
US00766T1007,43980401,ACM,USD,2019-02-04,30.33,31.27,30.2,31.03,8491,5045,30.976
US00766T1007,43980401,ACM,USD,2019-02-05,31.62,32.0,29.65,30.26,17028,10996,30.238
US00766T1007,43980401,ACM,USD,2019-02-06,30.2,30.59,29.7,30.08,13481,6938,30.026
US00766T1007,43980401,ACM,USD,2019-02-07,29.79,29.89,28.61,28.9,13792,9102,28.963
US00766T1007,43980401,ACM,USD,2019-02-08,28.7,28.98,28.11,28.8,9559,6273,28.596
US00766T1007,43980401,ACM,USD,2019-02-11,28.81,29.1,28.36,29.07,7630,5129,28.822
US00766T1007,43980401,ACM,USD,2019-02-12,29.4,30.02,29.27,29.88,8394,5483,29.843
US00766T1007,43980401,ACM,USD,2019-02-13,29.91,30.28,29.51,30.13,7330,3950,30.082
US00766T1007,43980401,ACM,USD,2019-02-14,29.95,30.39,29.88,30.05,6116,3689,30.092
US00766T1007,43980401,ACM,USD,2019-02-15,30.26,30.63,30.15,30.45,16379,4609,30.458
US00766T1007,43980401,ACM,USD,2019-02-19,30.23,30.73,30.12,30.52,8638,5354,30.52
US00766T1007,43980401,ACM,USD,2019-02-20,30.57,31.08,30.49,30.98,14190,5532,30.967
US00766T1007,43980401,ACM,USD,2019-02-21,30.89,31.25,30.76,30.91,3975,2668,30.964
US00766T1007,43980401,ACM,USD,2019-02-22,31.0,31.45,30.96,31.15,5770,3020,31.226
US00766T1007,43980401,ACM,USD,2019-02-25,31.25,31.49,31.09,31.22,4712,2598,31.279
US00766T1007,43980401,ACM,USD,2019-02-26,31.15,31.4,30.83,30.87,6488,3453,30.97
US00766T1007,43980401,ACM,USD,2019-02-27,30.64,30.93,30.54,30.79,3909,2575,30.763
US00766T1007,43980401,ACM,USD,2019-02-28,30.82,31.09,30.71,30.96,7734,2965,30.955
US00766T1007,43980401,ACM,USD,2019-03-01,31.2,31.63,31.07,31.53,10955,5782,31.422
US00766T1007,43980401,ACM,USD,2019-03-04,31.68,31.87,30.93,31.29,5483,2844,31.333
US00766T1007,43980401,ACM,USD,2019-03-05,31.3,31.44,30.77,30.99,3451,2155,31.052
US00766T1007,43980401,ACM,USD,2019-03-06,31.02,31.19,30.49,30.51,2718,1762,30.649
US00766T1007,43980401,ACM,USD,2019-03-07,30.47,30.47,29.95,30.17,10581,3030,30.167
US00766T1007,43980401,ACM,USD,2019-03-08,29.87,30.21,29.69,30.13,3019,2055,30.051
US00766T1007,43980401,ACM,USD,2019-03-11,29.95,30.46,29.72,30.38,5135,3209,30.3
US00766T1007,43980401,ACM,USD,2019-03-12,30.43,30.84,30.23,30.3,8079,4799,30.356
US00766T1007,43980401,ACM,USD,2019-03-13,30.55,30.66,29.87,30.39,9404,4338,30.391
US00766T1007,43980401,ACM,USD,2019-03-14,30.56,30.65,30.21,30.32,8383,3400,30.345
US00766T1007,43980401,ACM,USD,2019-03-15,30.37,30.59,30.21,30.32,8924,3061,30.346
US00766T1007,43980401,ACM,USD,2019-03-18,30.33,30.89,30.33,30.5,5516,3140,30.514
US00766T1007,43980401,ACM,USD,2019-03-19,30.73,30.9,30.16,30.26,3535,1855,30.407
US00766T1007,43980401,ACM,USD,2019-03-20,30.16,30.35,29.75,30.02,6065,2180,30.083
US00766T1007,43980401,ACM,USD,2019-03-21,29.89,30.4,29.81,30.08,7725,3666,30.101
US00766T1007,43980401,ACM,USD,2019-03-22,29.87,29.91,29.25,29.36,5934,4370,29.451
US00766T1007,43980401,ACM,USD,2019-03-25,29.31,29.72,28.96,29.47,3295,2182,29.43
US00766T1007,43980401,ACM,USD,2019-03-26,29.68,29.9,29.13,29.52,4227,2415,29.442
US00766T1007,43980401,ACM,USD,2019-03-27,29.49,29.68,29.04,29.15,7916,3600,29.265
US00766T1007,43980401,ACM,USD,2019-03-28,28.01,29.69,28.01,29.19,4602,3215,29.359
US00766T1007,43980401,ACM,USD,2019-03-29,29.82,29.99,29.44,29.67,10713,2844,29.664
US00766T1007,43980401,ACM,USD,2019-04-01,29.96,30.72,29.94,30.64,4701,2819,30.507
US00766T1007,43980401,ACM,USD,2019-04-02,30.81,30.82,30.23,30.51,5397,3132,30.45
US00766T1007,43980401,ACM,USD,2019-04-03,30.7,30.97,30.41,30.55,5437,2866,30.585
US00766T1007,43980401,ACM,USD,2019-04-04,30.61,31.05,30.6,30.98,5997,2997,30.895
US00766T1007,43980401,ACM,USD,2019-04-05,30.94,31.48,30.94,31.25,5993,2966,31.259
US00766T1007,43980401,ACM,USD,2019-04-08,31.15,31.47,31.05,31.44,7582,2139,31.365
US00766T1007,43980401,ACM,USD,2019-04-09,31.17,31.21,30.79,30.84,3345,2065,30.953
US00766T1007,43980401,ACM,USD,2019-04-10,30.65,31.26,30.65,31.15,5184,1961,31.085
US00766T1007,43980401,ACM,USD,2019-04-11,31.14,31.64,30.97,31.52,6759,3425,31.453
US00766T1007,43980401,ACM,USD,2019-04-12,31.7,32.31,31.6,31.99,6506,4168,32.003
US00766T1007,43980401,ACM,USD,2019-04-15,31.91,32.5,31.86,32.14,6251,3436,32.184
US00766T1007,43980401,ACM,USD,2019-04-16,32.2,32.53,32.2,32.37,3545,2432,32.384
US00766T1007,43980401,ACM,USD,2019-04-17,32.4,32.71,32.33,32.5,8830,3692,32.54
US00766T1007,43980401,ACM,USD,2019-04-18,32.52,32.82,32.46,32.79,4125,2500,32.715
US00766T1007,43980401,ACM,USD,2019-04-22,32.73,32.87,32.47,32.81,3485,1806,32.757
US00766T1007,43980401,ACM,USD,2019-04-23,32.75,33.57,32.66,33.57,5797,3288,33.36
US00766T1007,43980401,ACM,USD,2019-04-24,33.39,33.83,33.35,33.8,7827,4794,33.695
US00766T1007,43980401,ACM,USD,2019-04-25,33.6,33.6,32.92,32.96,6002,3803,33.116
US00766T1007,43980401,ACM,USD,2019-04-26,33.05,33.39,32.82,33.15,6833,3844,33.144
US00766T1007,43980401,ACM,USD,2019-04-29,33.15,33.5,33.03,33.22,4428,2489,33.254
US00766T1007,43980401,ACM,USD,2019-04-30,33.21,34.5,33.21,34.5,12914,4298,33.81
US00766T1007,43980401,ACM,USD,2019-05-01,33.92,34.1,33.36,33.36,10136,4612,33.741
US00766T1007,43980401,ACM,USD,2019-05-02,33.33,33.58,32.59,33.44,9441,4423,33.086
US00766T1007,43980401,ACM,USD,2019-05-03,33.52,33.77,33.21,33.62,10777,3704,33.38
US00766T1007,43980401,ACM,USD,2019-05-06,32.93,33.76,32.8,33.68,8487,3128,33.513
US00766T1007,43980401,ACM,USD,2019-05-07,33.3,33.6,32.76,33.11,11727,4571,33.144
US00766T1007,43980401,ACM,USD,2019-05-08,33.11,34.14,33.07,33.74,16324,6777,33.767
US00766T1007,43980401,ACM,USD,2019-05-09,33.77,34.28,33.53,33.86,13056,4973,33.918
US00766T1007,43980401,ACM,USD,2019-05-10,33.78,33.96,32.96,33.74,6142,4018,33.442
US00766T1007,43980401,ACM,USD,2019-05-13,33.03,33.12,32.73,32.94,5088,3568,32.902
US00766T1007,43980401,ACM,USD,2019-05-14,33.01,33.47,33.0,33.21,4590,2702,33.278
US00766T1007,43980401,ACM,USD,2019-05-15,32.87,33.4,32.85,33.07,4861,2746,33.231
US00766T1007,43980401,ACM,USD,2019-05-16,33.29,33.59,33.25,33.29,3012,2049,33.394
US00766T1007,43980401,ACM,USD,2019-05-17,32.98,33.4,32.8,32.84,5786,3367,32.956
US00766T1007,43980401,ACM,USD,2019-05-20,32.63,32.9,32.56,32.75,6739,2931,32.736
US00766T1007,43980401,ACM,USD,2019-05-21,33.03,33.26,32.89,32.99,4534,2766,32.992
US00766T1007,43980401,ACM,USD,2019-05-22,32.8,32.94,32.27,32.28,5646,3342,32.445
US00766T1007,43980401,ACM,USD,2019-05-23,30.0,31.88,30.0,31.56,6056,3610,31.561
US00766T1007,43980401,ACM,USD,2019-05-24,31.78,31.97,31.4,31.56,3938,2135,31.599
US00766T1007,43980401,ACM,USD,2019-05-28,31.6,31.79,31.21,31.24,8098,3227,31.322
US00766T1007,43980401,ACM,USD,2019-05-29,31.05,31.35,30.96,31.22,6236,3903,31.117
US00766T1007,43980401,ACM,USD,2019-05-30,32.5,32.5,31.2,31.43,7223,5059,31.4
US00766T1007,43980401,ACM,USD,2019-05-31,31.17,32.01,30.98,31.9,16000,9494,31.68
US00766T1007,43980401,ACM,USD,2019-06-03,31.86,32.58,31.75,32.33,10672,7161,32.276
US00766T1007,43980401,ACM,USD,2019-06-04,32.66,33.33,32.54,33.17,9926,6205,33.011
US00766T1007,43980401,ACM,USD,2019-06-05,33.13,33.46,32.66,33.29,10020,6145,33.175
US00766T1007,43980401,ACM,USD,2019-06-06,33.24,33.4,32.96,33.18,7468,4725,33.126
US00766T1007,43980401,ACM,USD,2019-06-07,33.25,33.77,33.17,33.77,9020,4114,33.472
US00766T1007,43980401,ACM,USD,2019-06-10,32.0,33.98,32.0,33.45,7724,4757,33.627
US00766T1007,43980401,ACM,USD,2019-06-11,33.73,33.8,33.33,33.43,8076,5389,33.505
US00766T1007,43980401,ACM,USD,2019-06-12,33.23,33.32,32.9,33.2,7593,4149,33.114
US00766T1007,43980401,ACM,USD,2019-06-13,33.37,33.57,33.26,33.42,6752,4391,33.415
US00766T1007,43980401,ACM,USD,2019-06-14,33.37,33.57,33.17,33.4,8371,4988,33.431
US00766T1007,43980401,ACM,USD,2019-06-17,33.78,35.76,33.78,35.48,26399,14784,35.236
US00766T1007,43980401,ACM,USD,2019-06-18,35.3,36.0,35.22,35.82,17063,11000,35.805
US00766T1007,43980401,ACM,USD,2019-06-19,35.94,36.6,35.69,36.54,9301,5095,36.283
US00766T1007,43980401,ACM,USD,2019-06-20,36.98,38.0,36.52,36.73,18303,10019,36.981
US00766T1007,43980401,ACM,USD,2019-06-21,36.51,36.91,36.26,36.62,13282,4792,36.599
US00766T1007,43980401,ACM,USD,2019-06-24,36.68,36.87,36.47,36.54,5612,3302,36.676
US00766T1007,43980401,ACM,USD,2019-06-25,36.61,36.8,36.45,36.59,11493,6357,36.618
US00766T1007,43980401,ACM,USD,2019-06-26,36.84,37.02,36.25,36.87,11309,5217,36.723
US00766T1007,43980401,ACM,USD,2019-06-27,36.94,37.46,36.87,37.42,5190,3503,37.261
US00766T1007,43980401,ACM,USD,2019-06-28,37.5,37.94,37.3,37.85,12733,4530,37.78
US00766T1007,43980401,ACM,USD,2019-07-01,38.0,38.2,37.59,37.78,6654,3800,37.794
US00766T1007,43980401,ACM,USD,2019-07-02,37.82,37.82,37.25,37.39,8107,3546,37.401
US00766T1007,43980401,ACM,USD,2019-07-03,37.45,37.55,37.17,37.46,2420,1450,37.416
US00766T1007,43980401,ACM,USD,2019-07-05,37.23,37.31,36.85,37.29,4681,2792,37.188
US00766T1007,43980401,ACM,USD,2019-07-08,37.05,37.34,36.94,36.95,4422,2096,37.057
US00766T1007,43980401,ACM,USD,2019-07-09,36.72,37.08,36.66,37.0,4134,2008,36.959
US00766T1007,43980401,ACM,USD,2019-07-10,37.09,37.15,36.56,36.8,3505,2081,36.803
US00766T1007,43980401,ACM,USD,2019-07-11,36.83,36.92,36.42,36.68,7493,2600,36.674
US00766T1007,43980401,ACM,USD,2019-07-12,36.89,37.43,36.89,37.37,4116,2380,37.267
US00766T1007,43980401,ACM,USD,2019-07-15,37.4,37.52,37.22,37.36,3008,1720,37.341
US00766T1007,43980401,ACM,USD,2019-07-16,37.38,37.74,37.04,37.36,8831,3870,37.282
US00766T1007,43980401,ACM,USD,2019-07-17,37.29,37.37,36.85,36.94,3001,1791,37.029
US00766T1007,43980401,ACM,USD,2019-07-18,36.84,36.88,36.25,36.5,5697,2560,36.509
US00766T1007,43980401,ACM,USD,2019-07-19,36.6,36.81,36.38,36.51,8982,4325,36.568
US00766T1007,43980401,ACM,USD,2019-07-22,36.33,36.6,36.01,36.02,4009,2230,36.219
US00766T1007,43980401,ACM,USD,2019-07-23,36.25,36.49,36.15,36.44,7583,3304,36.413
US00766T1007,43980401,ACM,USD,2019-07-24,36.32,36.94,36.3,36.86,5130,3412,36.819
US00766T1007,43980401,ACM,USD,2019-07-25,37.0,37.26,36.63,36.65,4277,2536,36.847
US00766T1007,43980401,ACM,USD,2019-07-26,36.65,36.98,36.54,36.88,4000,2592,36.869
US00766T1007,43980401,ACM,USD,2019-07-29,36.86,37.08,36.56,36.68,6028,1643,36.702
US00766T1007,43980401,ACM,USD,2019-07-30,36.55,36.78,36.04,36.76,4620,2728,36.568
US00766T1007,43980401,ACM,USD,2019-07-31,36.7,36.9,35.72,36.0,7523,3478,36.226
US00766T1007,43980401,ACM,USD,2019-08-01,35.86,35.94,34.56,34.92,7502,4609,35.158
US00766T1007,43980401,ACM,USD,2019-08-02,34.78,34.78,33.89,34.39,8197,4924,34.32
US00766T1007,43980401,ACM,USD,2019-08-05,33.88,33.93,33.22,33.44,7006,4696,33.558
US00766T1007,43980401,ACM,USD,2019-08-06,33.07,33.88,32.46,33.4,12264,7504,32.983
US00766T1007,43980401,ACM,USD,2019-08-07,32.99,33.56,32.3,33.47,13353,5711,33.27
US00766T1007,43980401,ACM,USD,2019-08-08,33.86,34.51,33.74,34.44,9257,5317,34.31
US00766T1007,43980401,ACM,USD,2019-08-09,34.37,34.48,33.88,33.91,3832,2236,34.052
US00766T1007,43980401,ACM,USD,2019-08-12,33.66,33.79,33.02,33.22,3976,2653,33.378
US00766T1007,43980401,ACM,USD,2019-08-13,33.28,33.98,33.0,33.58,5777,3325,33.532
US00766T1007,43980401,ACM,USD,2019-08-14,32.96,32.98,32.29,32.48,6948,4429,32.558
US00766T1007,43980401,ACM,USD,2019-08-15,32.48,32.75,32.28,32.44,5626,3845,32.462
US00766T1007,43980401,ACM,USD,2019-08-16,32.69,33.03,32.49,32.94,6762,4142,32.881
US00766T1007,43980401,ACM,USD,2019-08-19,34.1,34.21,33.81,33.94,7005,4364,34.002
US00766T1007,43980401,ACM,USD,2019-08-20,33.7,33.97,33.55,33.75,4604,3162,33.767
US00766T1007,43980401,ACM,USD,2019-08-21,34.1,34.24,33.77,33.82,4866,2584,33.88
US00766T1007,43980401,ACM,USD,2019-08-22,33.96,34.12,33.49,33.6,4099,2402,33.729
US00766T1007,43980401,ACM,USD,2019-08-23,33.33,34.04,33.19,33.4,10344,5715,33.479
US00766T1007,43980401,ACM,USD,2019-08-26,33.68,33.85,33.31,33.7,8271,5770,33.569
US00766T1007,43980401,ACM,USD,2019-08-27,33.78,34.1,33.05,33.18,8430,5308,33.428
US00766T1007,43980401,ACM,USD,2019-08-28,33.17,33.83,33.03,33.64,9804,5633,33.545
US00766T1007,43980401,ACM,USD,2019-08-29,33.99,35.35,33.95,35.35,11850,6861,34.955
US00766T1007,43980401,ACM,USD,2019-08-30,35.39,35.73,35.21,35.48,5542,2984,35.481
US00766T1007,43980401,ACM,USD,2019-09-03,35.12,35.14,34.63,34.92,5735,3767,34.912
US00766T1007,43980401,ACM,USD,2019-09-04,35.33,36.22,35.22,36.13,7516,4001,36.005
US00766T1007,43980401,ACM,USD,2019-09-05,36.5,37.61,36.5,37.08,9117,4659,37.186
US00766T1007,43980401,ACM,USD,2019-09-06,37.11,37.77,37.1,37.53,9890,3307,37.6
US00766T1007,43980401,ACM,USD,2019-09-09,37.7,38.34,37.34,38.27,11313,5886,38.042
US00766T1007,43980401,ACM,USD,2019-09-10,38.31,38.41,37.79,38.0,7875,4611,38.06
US00766T1007,43980401,ACM,USD,2019-09-11,38.0,38.41,37.93,38.39,6123,3468,38.217
US00766T1007,43980401,ACM,USD,2019-09-12,38.27,38.75,37.95,38.03,8725,5292,38.208
US00766T1007,43980401,ACM,USD,2019-09-13,38.19,38.32,37.74,37.8,6603,4276,37.954
US00766T1007,43980401,ACM,USD,2019-09-16,37.45,38.37,37.32,38.14,7441,4108,38.161
US00766T1007,43980401,ACM,USD,2019-09-17,37.94,38.65,37.77,38.43,8281,4405,38.396
US00766T1007,43980401,ACM,USD,2019-09-18,38.33,38.61,38.07,38.31,7377,4370,38.296
US00766T1007,43980401,ACM,USD,2019-09-19,38.34,38.43,37.74,37.87,8771,4934,37.993
US00766T1007,43980401,ACM,USD,2019-09-20,38.1,38.4,37.3,37.57,15027,5066,37.676
US00766T1007,43980401,ACM,USD,2019-09-23,37.19,37.89,37.0,37.62,7405,3398,37.654
US00766T1007,43980401,ACM,USD,2019-09-24,37.34,37.79,37.07,37.21,8520,5186,37.309
US00766T1007,43980401,ACM,USD,2019-09-25,37.19,37.72,37.1,37.48,10154,6390,37.497
US00766T1007,43980401,ACM,USD,2019-09-26,37.42,37.7,37.22,37.45,6883,4043,37.483
US00766T1007,43980401,ACM,USD,2019-09-27,37.52,37.65,37.11,37.29,5219,3115,37.334
US00766T1007,43980401,ACM,USD,2019-09-30,37.31,37.69,37.28,37.56,7088,3844,37.568
US00766T1007,43980401,ACM,USD,2019-10-01,37.78,37.87,36.68,36.7,6538,4385,37.109
US00766T1007,43980401,ACM,USD,2019-10-02,36.38,36.71,36.05,36.08,8466,4489,36.246
US00766T1007,43980401,ACM,USD,2019-10-03,36.0,36.42,35.82,36.4,7759,5051,36.201
US00766T1007,43980401,ACM,USD,2019-10-04,36.36,37.01,36.36,36.96,3634,2580,36.849
US00766T1007,43980401,ACM,USD,2019-10-07,36.87,37.15,36.65,36.79,3287,2167,36.913
US00766T1007,43980401,ACM,USD,2019-10-08,36.41,36.61,36.14,36.3,3571,2552,36.355
US00766T1007,43980401,ACM,USD,2019-10-09,36.72,37.01,36.39,36.6,7467,3383,36.61
US00766T1007,43980401,ACM,USD,2019-10-10,36.67,37.19,36.61,36.82,3748,2027,36.863
US00766T1007,43980401,ACM,USD,2019-10-11,37.39,37.88,37.11,37.16,7559,4396,37.475
US00766T1007,43980401,ACM,USD,2019-10-14,38.0,40.6,38.0,39.49,41134,21423,39.342
US00766T1007,43980401,ACM,USD,2019-10-15,39.6,40.56,39.01,40.1,18224,10481,40.059
US00766T1007,43980401,ACM,USD,2019-10-16,39.78,40.85,39.74,40.55,9705,6088,40.538
US00766T1007,43980401,ACM,USD,2019-10-17,40.61,41.25,40.56,41.08,8046,4522,41.028
US00766T1007,43980401,ACM,USD,2019-10-18,40.94,41.46,40.78,41.06,11390,4166,41.078
US00766T1007,43980401,ACM,USD,2019-10-21,41.32,41.85,40.9,40.9,12166,5494,41.299
US00766T1007,43980401,ACM,USD,2019-10-22,41.12,41.32,40.42,40.94,10834,4538,40.866
US00766T1007,43980401,ACM,USD,2019-10-23,40.99,41.02,40.59,40.83,4104,2578,40.789
US00766T1007,43980401,ACM,USD,2019-10-24,40.77,40.83,40.37,40.59,6108,3133,40.559
US00766T1007,43980401,ACM,USD,2019-10-25,40.41,40.74,40.03,40.37,11780,5710,40.452
US00766T1007,43980401,ACM,USD,2019-10-28,40.5,40.95,40.35,40.56,8902,4792,40.547
US00766T1007,43980401,ACM,USD,2019-10-29,40.34,41.13,40.34,40.9,6839,3327,40.923
US00766T1007,43980401,ACM,USD,2019-10-30,40.93,40.93,40.5,40.89,5036,3155,40.769
US00766T1007,43980401,ACM,USD,2019-10-31,40.67,40.76,39.87,40.01,11179,4368,40.069
US00766T1007,43980401,ACM,USD,2019-11-01,40.0,40.93,40.0,40.87,9697,4539,40.604
US00766T1007,43980401,ACM,USD,2019-11-04,41.16,41.7,40.89,41.61,6802,3311,41.469
US00766T1007,43980401,ACM,USD,2019-11-05,42.02,42.87,42.02,42.21,13240,6768,42.322
US00766T1007,43980401,ACM,USD,2019-11-06,42.21,42.21,41.58,41.99,10235,5128,41.931
US00766T1007,43980401,ACM,USD,2019-11-07,42.15,42.62,42.02,42.23,12602,3998,42.221
US00766T1007,43980401,ACM,USD,2019-11-08,42.11,42.59,42.06,42.44,6165,3906,42.407
US00766T1007,43980401,ACM,USD,2019-11-11,42.45,43.16,41.9,43.0,10769,6640,42.884
US00766T1007,43980401,ACM,USD,2019-11-12,44.0,44.36,41.99,42.97,20101,9011,43.32
US00766T1007,43980401,ACM,USD,2019-11-13,42.83,43.1,42.19,42.24,9162,6160,42.506
US00766T1007,43980401,ACM,USD,2019-11-14,42.72,43.66,42.38,43.51,11774,6339,43.293
US00766T1007,43980401,ACM,USD,2019-11-15,43.76,43.87,43.03,43.19,7650,4881,43.303
US00766T1007,43980401,ACM,USD,2019-11-18,42.84,42.85,42.48,42.65,7618,4666,42.677
US00766T1007,43980401,ACM,USD,2019-11-19,42.81,42.88,42.52,42.59,5782,3613,42.704
US00766T1007,43980401,ACM,USD,2019-11-20,42.31,42.85,42.15,42.8,8983,5058,42.607
US00766T1007,43980401,ACM,USD,2019-11-21,42.71,42.79,42.21,42.41,5966,3953,42.441
US00766T1007,43980401,ACM,USD,2019-11-22,42.65,42.95,42.39,42.66,12459,6592,42.63
US00766T1007,43980401,ACM,USD,2019-11-25,42.68,43.43,42.66,42.96,8854,5622,43.095
US00766T1007,43980401,ACM,USD,2019-11-26,42.8,43.22,42.64,42.86,6565,3497,42.928
US00766T1007,43980401,ACM,USD,2019-11-27,43.1,44.16,43.01,43.84,12067,6799,43.878
US00766T1007,43980401,ACM,USD,2019-11-29,43.75,43.9,43.31,43.33,2743,1876,43.558
US00766T1007,43980401,ACM,USD,2019-12-02,43.33,43.53,42.54,42.65,6689,4457,42.834
US00766T1007,43980401,ACM,USD,2019-12-03,42.15,42.53,42.0,42.51,7328,3691,42.381
US00766T1007,43980401,ACM,USD,2019-12-04,42.52,42.65,41.91,41.93,7003,3928,42.111
US00766T1007,43980401,ACM,USD,2019-12-05,42.1,42.31,41.73,41.97,7411,4399,41.936
US00766T1007,43980401,ACM,USD,2019-12-06,42.31,42.68,41.92,42.15,8519,5202,42.151
US00766T1007,43980401,ACM,USD,2019-12-09,42.09,42.92,41.91,42.52,6084,3772,42.265
US00766T1007,43980401,ACM,USD,2019-12-10,42.25,42.96,42.25,42.69,9112,5053,42.699
US00766T1007,43980401,ACM,USD,2019-12-11,42.87,43.09,42.7,42.82,13007,4418,42.852
US00766T1007,43980401,ACM,USD,2019-12-12,42.86,43.66,42.66,43.35,8929,3758,43.371
US00766T1007,43980401,ACM,USD,2019-12-13,43.47,43.63,42.78,42.88,5210,3157,43.042
US00766T1007,43980401,ACM,USD,2019-12-16,43.21,43.38,42.98,43.06,7938,4031,43.118
US00766T1007,43980401,ACM,USD,2019-12-17,43.01,43.44,42.98,43.26,5600,2600,43.265
US00766T1007,43980401,ACM,USD,2019-12-18,43.09,43.31,42.88,42.89,6835,2717,43.018
US00766T1007,43980401,ACM,USD,2019-12-19,42.86,43.22,42.78,43.02,6729,2487,42.988
US00766T1007,43980401,ACM,USD,2019-12-20,43.23,43.71,43.06,43.59,15531,3924,43.52
US00766T1007,43980401,ACM,USD,2019-12-23,43.65,43.9,43.4,43.84,12365,2664,43.808
US00766T1007,43980401,ACM,USD,2019-12-24,43.9,43.96,43.24,43.29,5962,1322,43.316
US00766T1007,43980401,ACM,USD,2019-12-26,43.36,43.6,43.28,43.6,4730,1555,43.542
US00766T1007,43980401,ACM,USD,2019-12-27,43.6,43.72,43.09,43.16,6862,2227,43.202
US00766T1007,43980401,ACM,USD,2019-12-30,43.16,43.55,43.15,43.37,3722,2049,43.364
US00766T1007,43980401,ACM,USD,2019-12-31,43.3,43.64,43.13,43.13,5167,2198,43.226
US00766T1007,43980401,ACM,USD,2020-01-02,43.3,43.46,42.51,42.98,6028,3635,42.812
US00766T1007,43980401,ACM,USD,2020-01-03,42.98,42.98,42.25,42.82,7220,3048,42.76
US00766T1007,43980401,ACM,USD,2020-01-06,42.71,42.8,42.25,42.75,6599,2828,42.668
US00766T1007,43980401,ACM,USD,2020-01-07,42.65,43.23,42.43,42.53,7072,3729,42.964
US00766T1007,43980401,ACM,USD,2020-01-08,43.05,43.9,42.85,43.73,10766,6684,43.641
US00766T1007,43980401,ACM,USD,2020-01-09,43.92,45.95,43.82,45.86,21717,12764,45.366
US00766T1007,43980401,ACM,USD,2020-01-10,45.83,46.51,45.8,46.16,16881,8765,46.229
US00766T1007,43980401,ACM,USD,2020-01-13,46.22,50.44,45.92,49.0,13712,5875,46.917
US00766T1007,43980401,ACM,USD,2020-01-14,48.52,50.32,48.46,49.74,53943,23635,49.734
US00766T1007,43980401,ACM,USD,2020-01-15,49.71,50.19,48.85,49.42,27605,13109,49.308
US00766T1007,43980401,ACM,USD,2020-01-16,49.87,50.27,49.71,50.27,16289,6916,50.022
US00766T1007,43980401,ACM,USD,2020-01-17,50.17,50.52,50.07,50.33,7298,3389,50.353
US00766T1007,43980401,ACM,USD,2020-01-21,49.93,50.35,49.6,49.6,10045,5705,49.883
US00766T1007,43980401,ACM,USD,2020-01-22,49.79,49.91,49.2,49.58,7617,3715,49.574
US00766T1007,43980401,ACM,USD,2020-01-23,49.5,50.04,49.2,49.88,9914,5000,49.789
US00766T1007,43980401,ACM,USD,2020-01-24,49.94,49.99,49.15,49.66,5080,3350,49.524
US00766T1007,43980401,ACM,USD,2020-01-27,48.6,49.31,48.37,48.82,8036,3691,49.006
US00766T1007,43980401,ACM,USD,2020-01-28,49.15,49.41,48.7,49.22,9896,4130,49.187
US00766T1007,43980401,ACM,USD,2020-01-29,49.24,49.78,49.1,49.47,7694,5021,49.526
US00766T1007,43980401,ACM,USD,2020-01-30,48.88,49.62,48.73,49.3,9949,4283,49.233
US00766T1007,43980401,ACM,USD,2020-01-31,49.0,49.29,48.09,48.23,17825,8044,48.699
US00766T1007,43980401,ACM,USD,2020-02-03,46.11,49.0,45.18,47.6,24475,10276,47.842
US00766T1007,43980401,ACM,USD,2020-02-04,47.6,48.84,47.45,47.47,16568,8001,47.792
US00766T1007,43980401,ACM,USD,2020-02-05,47.41,48.0,47.35,47.58,10296,6762,47.597
US00766T1007,43980401,ACM,USD,2020-02-06,47.57,48.01,47.29,47.7,15075,7998,47.679
US00766T1007,43980401,ACM,USD,2020-02-07,47.56,47.71,47.09,47.1,10144,5048,47.301
US00766T1007,43980401,ACM,USD,2020-02-10,46.97,47.54,46.9,47.18,6771,4113,47.19
US00766T1007,43980401,ACM,USD,2020-02-11,47.57,47.76,47.31,47.36,6788,4333,47.476
US00766T1007,43980401,ACM,USD,2020-02-12,47.71,48.09,47.4,47.8,10064,5359,47.785
US00766T1007,43980401,ACM,USD,2020-02-13,47.72,48.06,47.43,47.84,6571,4362,47.766
US00766T1007,43980401,ACM,USD,2020-02-14,47.91,48.09,47.61,47.79,9319,3709,47.789
US00766T1007,43980401,ACM,USD,2020-02-18,47.54,47.97,47.17,47.97,15605,7360,47.394
US00766T1007,43980401,ACM,USD,2020-02-19,47.56,52.11,47.56,51.75,43439,22691,50.037
US00766T1007,43980401,ACM,USD,2020-02-20,51.5,52.08,50.39,51.49,26856,14249,51.532
US00766T1007,43980401,ACM,USD,2020-02-21,51.0,52.11,50.93,51.92,15168,8603,51.729
US00766T1007,43980401,ACM,USD,2020-02-24,49.81,50.66,49.74,50.49,12496,6946,50.316
US00766T1007,43980401,ACM,USD,2020-02-25,50.51,50.73,48.93,49.01,13433,8427,49.457
US00766T1007,43980401,ACM,USD,2020-02-26,49.14,49.43,47.85,47.86,11431,7323,48.434
US00766T1007,43980401,ACM,USD,2020-02-27,48.44,48.44,45.33,46.11,19457,11386,46.638
US00766T1007,43980401,ACM,USD,2020-02-28,45.18,45.35,43.65,44.94,23184,15105,44.445
US00766T1007,43980401,ACM,USD,2020-03-02,45.12,45.77,43.87,45.65,20563,8450,45.315
US00766T1007,43980401,ACM,USD,2020-03-03,45.86,48.31,45.0,47.67,22866,13818,47.244
US00766T1007,43980401,ACM,USD,2020-03-04,48.33,52.4,48.3,49.85,55351,29804,50.477
US00766T1007,43980401,ACM,USD,2020-03-05,48.99,49.91,47.03,47.23,25740,16510,48.14
US00766T1007,43980401,ACM,USD,2020-03-06,45.91,45.91,43.49,44.78,33317,21413,44.362
US00766T1007,43980401,ACM,USD,2020-03-09,41.12,42.24,38.19,38.53,37111,25164,39.94
US00766T1007,43980401,ACM,USD,2020-03-10,40.2,40.89,36.11,39.49,35782,24231,38.176
US00766T1007,43980401,ACM,USD,2020-03-11,38.15,38.42,35.65,36.4,28709,21019,36.984
US00766T1007,43980401,ACM,USD,2020-03-12,35.0,35.0,30.0,30.85,39980,26618,31.496
US00766T1007,43980401,ACM,USD,2020-03-13,32.81,33.44,31.22,33.4,20748,14820,32.373
US00766T1007,43980401,ACM,USD,2020-03-16,29.88,29.88,24.35,27.76,44800,26784,27.171
US00766T1007,43980401,ACM,USD,2020-03-17,28.23,28.43,26.28,27.93,25238,17429,27.376
US00766T1007,43980401,ACM,USD,2020-03-18,25.78,25.78,21.76,24.0,26340,16631,23.443
US00766T1007,43980401,ACM,USD,2020-03-19,23.52,26.18,21.77,25.6,20702,14226,24.665
US00766T1007,43980401,ACM,USD,2020-03-20,25.7,27.61,25.29,25.55,29983,15172,26.29
US00766T1007,43980401,ACM,USD,2020-03-23,25.12,26.52,23.58,24.52,11046,7827,24.947
US00766T1007,43980401,ACM,USD,2020-03-24,26.0,27.48,25.31,26.0,30495,18103,26.17
US00766T1007,43980401,ACM,USD,2020-03-25,26.54,28.97,25.43,27.06,26085,17884,27.209
US00766T1007,43980401,ACM,USD,2020-03-26,27.07,30.68,27.07,29.64,19118,10167,29.537
US00766T1007,43980401,ACM,USD,2020-03-27,28.57,29.29,27.78,28.75,23738,6127,28.73
US00766T1007,43980401,ACM,USD,2020-03-30,28.53,29.39,27.15,28.4,36342,11214,28.689
US00766T1007,43980401,ACM,USD,2020-03-31,28.58,30.3,27.65,30.0,48446,12995,29.69
US00766T1007,43980401,ACM,USD,2020-04-01,29.13,31.1,26.76,27.19,11578,8127,27.596
US00766T1007,43980401,ACM,USD,2020-04-02,27.19,28.78,26.97,27.53,7831,5291,27.659
US00766T1007,43980401,ACM,USD,2020-04-03,27.84,27.9,25.81,26.19,12482,8671,26.228
US00766T1007,43980401,ACM,USD,2020-04-06,26.88,28.79,26.88,28.27,18938,7513,28.246
US00766T1007,43980401,ACM,USD,2020-04-07,29.2,30.61,28.84,29.3,22543,10320,29.467
US00766T1007,43980401,ACM,USD,2020-04-08,29.86,31.39,29.04,31.32,13088,8378,30.779
US00766T1007,43980401,ACM,USD,2020-04-09,32.23,34.71,31.84,33.08,29153,16716,33.487
US00766T1007,43980401,ACM,USD,2020-04-13,33.75,33.75,31.01,32.79,20286,8821,32.493
US00766T1007,43980401,ACM,USD,2020-04-14,33.37,34.01,32.66,33.61,10751,7654,33.483
US00766T1007,43980401,ACM,USD,2020-04-15,34.1,34.1,31.37,31.59,14662,7399,31.788
US00766T1007,43980401,ACM,USD,2020-04-16,31.81,31.83,30.66,31.13,13293,7644,31.097
US00766T1007,43980401,ACM,USD,2020-04-17,32.27,33.09,32.08,32.85,13957,7682,32.691
US00766T1007,43980401,ACM,USD,2020-04-20,32.85,33.88,31.76,32.46,15660,10007,32.968
US00766T1007,43980401,ACM,USD,2020-04-21,31.41,32.23,31.4,31.58,9260,6513,31.711
US00766T1007,43980401,ACM,USD,2020-04-22,32.57,33.2,31.96,32.25,11527,6885,32.324
US00766T1007,43980401,ACM,USD,2020-04-23,32.75,33.84,31.56,32.48,18323,7880,33.115
US00766T1007,43980401,ACM,USD,2020-04-24,33.18,34.06,32.58,34.05,20351,10048,33.53
US00766T1007,43980401,ACM,USD,2020-04-27,34.25,35.14,34.07,34.85,24567,7551,34.655
US00766T1007,43980401,ACM,USD,2020-04-28,36.14,36.64,35.61,35.9,19518,9814,35.975
US00766T1007,43980401,ACM,USD,2020-04-29,36.99,37.48,36.04,36.95,16129,8636,36.984
US00766T1007,43980401,ACM,USD,2020-04-30,36.5,36.83,35.52,36.18,11797,5795,36.345
US00766T1007,43980401,ACM,USD,2020-05-01,35.5,35.69,34.41,35.01,9279,6078,34.881
US00766T1007,43980401,ACM,USD,2020-05-04,34.34,35.0,33.75,35.0,12144,8431,34.154
US00766T1007,43980401,ACM,USD,2020-05-05,35.16,36.5,35.0,35.3,16922,12236,35.737
US00766T1007,43980401,ACM,USD,2020-05-06,35.95,36.2,34.51,35.43,14110,8729,35.418
US00766T1007,43980401,ACM,USD,2020-05-07,36.0,36.36,34.57,35.0,10826,7261,35.206
US00766T1007,43980401,ACM,USD,2020-05-08,36.16,36.42,35.77,36.14,17539,9764,36.101
US00766T1007,43980401,ACM,USD,2020-05-11,35.94,35.94,34.91,35.0,19939,8292,35.26
US00766T1007,43980401,ACM,USD,2020-05-12,35.0,35.26,32.85,32.86,9673,5916,33.868
US00766T1007,43980401,ACM,USD,2020-05-13,32.86,32.86,29.73,31.4,19355,11471,30.375
US00766T1007,43980401,ACM,USD,2020-05-14,30.15,31.09,28.86,30.99,21026,13217,29.949
US00766T1007,43980401,ACM,USD,2020-05-15,30.6,32.19,30.13,32.02,16487,8961,31.559
US00766T1007,43980401,ACM,USD,2020-05-18,32.89,34.83,32.0,34.69,14401,7873,34.471
US00766T1007,43980401,ACM,USD,2020-05-19,34.69,35.11,33.9,34.34,10239,7184,34.53
US00766T1007,43980401,ACM,USD,2020-05-20,34.68,35.78,34.59,35.52,14191,8156,35.32
US00766T1007,43980401,ACM,USD,2020-05-21,35.51,36.14,35.27,35.63,20638,9958,35.818
US00766T1007,43980401,ACM,USD,2020-05-22,35.61,36.15,35.39,35.82,12753,6665,35.803
US00766T1007,43980401,ACM,USD,2020-05-26,36.75,38.76,36.75,38.18,13155,9160,38.127
US00766T1007,43980401,ACM,USD,2020-05-27,39.0,39.65,37.77,39.2,16984,12139,38.819
US00766T1007,43980401,ACM,USD,2020-05-28,39.54,39.62,38.42,38.68,12422,7695,38.985
US00766T1007,43980401,ACM,USD,2020-05-29,38.1,39.35,37.97,38.77,15813,10788,38.626
US00766T1007,43980401,ACM,USD,2020-06-01,38.86,41.01,38.47,40.25,10654,6086,39.3
US00766T1007,43980401,ACM,USD,2020-06-02,39.98,43.59,39.98,43.48,44208,22656,42.566
US00766T1007,43980401,ACM,USD,2020-06-03,44.2,44.68,42.9,44.0,34346,19784,43.795
US00766T1007,43980401,ACM,USD,2020-06-04,42.42,44.39,42.42,44.15,15360,7404,43.944
US00766T1007,43980401,ACM,USD,2020-06-05,44.75,46.28,44.75,45.44,20750,10210,45.61
US00766T1007,43980401,ACM,USD,2020-06-08,46.33,46.73,44.83,44.83,9680,5669,45.446
US00766T1007,43980401,ACM,USD,2020-06-09,45.18,45.18,43.3,44.11,12819,8684,44.16
US00766T1007,43980401,ACM,USD,2020-06-10,43.96,43.99,41.52,41.62,14061,8555,42.028
US00766T1007,43980401,ACM,USD,2020-06-11,40.88,41.55,38.27,38.35,15452,10693,39.024
US00766T1007,43980401,ACM,USD,2020-06-12,39.85,40.44,38.55,39.85,19168,11024,39.327
US00766T1007,43980401,ACM,USD,2020-06-15,38.25,39.84,37.77,39.26,27890,17266,39.029
US00766T1007,43980401,ACM,USD,2020-06-16,40.27,42.93,40.27,40.75,21160,11653,41.373
US00766T1007,43980401,ACM,USD,2020-06-17,40.81,41.5,39.31,39.44,9922,5793,39.827
US00766T1007,43980401,ACM,USD,2020-06-18,39.02,39.66,38.82,38.9,8071,5244,39.073
US00766T1007,43980401,ACM,USD,2020-06-19,39.75,39.81,38.19,38.4,12648,4839,38.692
US00766T1007,43980401,ACM,USD,2020-06-22,38.4,38.84,37.26,38.53,7575,4519,38.304
US00766T1007,43980401,ACM,USD,2020-06-23,39.0,39.3,37.51,37.61,9995,6353,38.01
US00766T1007,43980401,ACM,USD,2020-06-24,37.54,37.54,35.52,35.58,14018,8610,35.911
US00766T1007,43980401,ACM,USD,2020-06-25,35.29,36.41,34.7,35.99,21322,10226,35.649
US00766T1007,43980401,ACM,USD,2020-06-26,35.99,36.28,35.39,36.19,12217,8003,35.885
US00766T1007,43980401,ACM,USD,2020-06-29,36.72,37.65,36.2,37.6,12111,6336,37.299
US00766T1007,43980401,ACM,USD,2020-06-30,37.6,37.99,37.0,37.58,6590,3814,37.56
US00766T1007,43980401,ACM,USD,2020-07-01,37.53,37.57,36.12,36.64,11973,5516,36.494
US00766T1007,43980401,ACM,USD,2020-07-02,37.13,37.52,36.2,36.49,6712,4067,36.701
US00766T1007,43980401,ACM,USD,2020-07-06,37.32,37.32,36.5,36.79,10044,4220,36.811
US00766T1007,43980401,ACM,USD,2020-07-07,36.38,36.77,35.53,35.64,6757,3889,35.912
US00766T1007,43980401,ACM,USD,2020-07-08,36.65,36.65,35.22,35.45,7638,4085,35.788
US00766T1007,43980401,ACM,USD,2020-07-09,36.05,36.6,34.83,35.14,8368,5230,35.268
US00766T1007,43980401,ACM,USD,2020-07-10,35.26,36.0,35.23,36.0,5102,3309,35.768
US00766T1007,43980401,ACM,USD,2020-07-13,36.0,36.56,35.36,35.41,7113,3503,35.678
US00766T1007,43980401,ACM,USD,2020-07-14,35.26,36.21,35.07,36.21,5681,3716,35.807
US00766T1007,43980401,ACM,USD,2020-07-15,37.23,38.15,36.98,38.0,8832,5216,37.725
US00766T1007,43980401,ACM,USD,2020-07-16,37.78,37.78,37.2,37.43,5342,3174,37.466
US00766T1007,43980401,ACM,USD,2020-07-17,37.52,37.87,37.27,37.77,4346,2452,37.678
US00766T1007,43980401,ACM,USD,2020-07-20,37.78,37.78,36.58,36.74,5767,3103,36.779
US00766T1007,43980401,ACM,USD,2020-07-21,37.17,38.98,37.0,38.98,4494,2649,37.29
US00766T1007,43980401,ACM,USD,2020-07-22,37.5,37.77,36.88,37.31,5327,3017,37.369
US00766T1007,43980401,ACM,USD,2020-07-23,37.5,37.63,36.77,37.0,6990,4027,37.182
US00766T1007,43980401,ACM,USD,2020-07-24,36.0,37.07,36.0,36.59,4249,2486,36.697
US00766T1007,43980401,ACM,USD,2020-07-27,36.58,36.89,35.89,36.89,10542,4545,36.33
US00766T1007,43980401,ACM,USD,2020-07-28,36.91,37.08,36.16,36.2,5507,3267,36.586
US00766T1007,43980401,ACM,USD,2020-07-29,36.54,37.36,36.19,37.33,5926,2729,37.124
US00766T1007,43980401,ACM,USD,2020-07-30,37.33,37.37,36.15,36.88,5190,3077,36.688
US00766T1007,43980401,ACM,USD,2020-07-31,36.74,36.79,35.49,36.19,8464,4574,35.987
US00766T1007,43980401,ACM,USD,2020-08-03,36.55,37.45,36.18,37.45,6304,3743,37.105
US00766T1007,43980401,ACM,USD,2020-08-04,38.0,39.88,38.0,38.4,10233,5975,38.503
US00766T1007,43980401,ACM,USD,2020-08-05,38.08,39.08,37.0,38.81,5283,3622,38.675
US00766T1007,43980401,ACM,USD,2020-08-06,38.67,38.95,38.09,38.31,6195,4082,38.447
US00766T1007,43980401,ACM,USD,2020-08-07,38.19,38.64,37.85,38.19,5415,3298,38.419
US00766T1007,43980401,ACM,USD,2020-08-10,38.49,39.02,38.4,38.84,10890,3370,38.843
US00766T1007,43980401,ACM,USD,2020-08-11,39.38,39.8,39.07,39.24,6304,3643,39.436
US00766T1007,43980401,ACM,USD,2020-08-12,39.48,39.92,39.01,39.24,4568,3149,39.351
US00766T1007,43980401,ACM,USD,2020-08-13,39.41,39.41,38.55,38.82,6102,3953,38.962
US00766T1007,43980401,ACM,USD,2020-08-14,38.5,39.36,38.22,38.72,4820,2521,38.96
US00766T1007,43980401,ACM,USD,2020-08-17,38.7,39.24,38.67,38.73,3829,2096,38.831
US00766T1007,43980401,ACM,USD,2020-08-18,38.61,38.88,38.14,38.18,4431,2685,38.327
US00766T1007,43980401,ACM,USD,2020-08-19,38.15,38.71,37.7,38.49,6007,3901,38.329
US00766T1007,43980401,ACM,USD,2020-08-20,38.1,38.87,38.1,38.7,10384,4133,38.685
US00766T1007,43980401,ACM,USD,2020-08-21,38.4,38.57,38.17,38.28,6545,4409,38.35
US00766T1007,43980401,ACM,USD,2020-08-24,38.49,38.9,38.04,38.75,7024,4004,38.626
US00766T1007,43980401,ACM,USD,2020-08-25,39.0,39.32,38.3,38.58,6917,4655,38.605
US00766T1007,43980401,ACM,USD,2020-08-26,38.53,38.77,38.06,38.48,7517,2955,38.532
US00766T1007,43980401,ACM,USD,2020-08-27,38.48,39.23,38.43,38.5,6811,4167,38.856
US00766T1007,43980401,ACM,USD,2020-08-28,39.0,39.23,38.49,39.23,6278,4038,38.978
US00766T1007,43980401,ACM,USD,2020-08-31,39.09,40.3,38.57,39.68,26484,14688,39.614
US00766T1007,43980401,ACM,USD,2020-09-01,39.52,39.81,38.77,39.65,8609,5195,39.482
US00766T1007,43980401,ACM,USD,2020-09-02,39.68,39.68,39.02,39.46,7245,4656,39.358
US00766T1007,43980401,ACM,USD,2020-09-03,39.56,39.59,37.61,38.0,10218,6982,38.092
US00766T1007,43980401,ACM,USD,2020-09-04,38.0,38.67,37.7,38.37,7476,3027,38.263
US00766T1007,43980401,ACM,USD,2020-09-08,37.88,38.04,37.11,37.11,8051,5555,37.529
US00766T1007,43980401,ACM,USD,2020-09-09,37.28,38.63,37.15,37.98,12863,6634,37.933
US00766T1007,43980401,ACM,USD,2020-09-10,38.1,38.49,37.58,37.71,10770,7911,37.883
US00766T1007,43980401,ACM,USD,2020-09-11,37.73,38.42,37.58,38.29,7582,5448,38.143
US00766T1007,43980401,ACM,USD,2020-09-14,38.62,39.14,38.37,39.01,10524,6103,38.85
US00766T1007,43980401,ACM,USD,2020-09-15,39.11,39.35,38.84,38.86,11069,7058,39.039
US00766T1007,43980401,ACM,USD,2020-09-16,39.0,39.87,38.85,39.7,10734,6353,39.533
US00766T1007,43980401,ACM,USD,2020-09-17,39.06,40.74,38.69,40.46,13641,8502,40.181
US00766T1007,43980401,ACM,USD,2020-09-18,40.33,40.7,39.78,39.97,24307,7729,40.083
US00766T1007,43980401,ACM,USD,2020-09-21,38.95,39.21,37.76,38.05,15501,9552,38.159
US00766T1007,43980401,ACM,USD,2020-09-22,37.93,38.83,37.87,38.57,9586,4967,38.556
US00766T1007,43980401,ACM,USD,2020-09-23,38.61,39.89,38.47,38.76,14804,10210,39.235
US00766T1007,43980401,ACM,USD,2020-09-24,38.76,39.38,38.0,38.96,8745,5761,38.776
US00766T1007,43980401,ACM,USD,2020-09-25,38.58,39.6,38.48,39.4,8255,5622,39.317
US00766T1007,43980401,ACM,USD,2020-09-28,40.71,41.17,39.92,40.91,13059,5270,40.862
US00766T1007,43980401,ACM,USD,2020-09-29,40.98,41.65,40.87,41.5,10955,6632,41.338
US00766T1007,43980401,ACM,USD,2020-09-30,41.54,42.67,41.42,41.84,13435,8999,41.94
US00766T1007,43980401,ACM,USD,2020-10-01,42.01,42.5,41.68,42.5,10891,7826,42.069
US00766T1007,43980401,ACM,USD,2020-10-02,41.75,44.59,40.99,44.35,25210,15820,43.796
US00766T1007,43980401,ACM,USD,2020-10-05,44.46,45.14,44.28,44.34,19702,12653,44.609
US00766T1007,43980401,ACM,USD,2020-10-06,44.15,45.5,43.8,44.11,17034,11850,44.728
US00766T1007,43980401,ACM,USD,2020-10-07,44.75,45.58,44.63,45.26,13386,8211,45.229
US00766T1007,43980401,ACM,USD,2020-10-08,45.48,46.18,45.29,46.08,12271,8198,45.837
US00766T1007,43980401,ACM,USD,2020-10-09,46.35,46.55,45.89,46.16,12819,8931,46.219
US00766T1007,43980401,ACM,USD,2020-10-12,46.05,47.04,45.85,46.55,14803,8126,46.672
US00766T1007,43980401,ACM,USD,2020-10-13,46.06,46.65,45.7,45.7,10413,6170,46.037
US00766T1007,43980401,ACM,USD,2020-10-14,45.75,46.2,45.56,45.66,9527,5115,45.809
US00766T1007,43980401,ACM,USD,2020-10-15,45.13,46.68,45.09,46.1,9660,6067,45.825
US00766T1007,43980401,ACM,USD,2020-10-16,46.2,47.12,46.2,46.44,6962,4674,46.669
US00766T1007,43980401,ACM,USD,2020-10-19,46.78,47.3,45.87,45.97,7093,5265,46.432
US00766T1007,43980401,ACM,USD,2020-10-20,46.43,46.7,45.89,46.15,8590,5955,46.343
US00766T1007,43980401,ACM,USD,2020-10-21,46.13,46.75,45.81,45.84,8102,5210,46.107
US00766T1007,43980401,ACM,USD,2020-10-22,46.0,46.42,45.66,46.15,8310,5364,46.165
US00766T1007,43980401,ACM,USD,2020-10-23,46.57,46.89,46.09,46.38,8638,5926,46.454
US00766T1007,43980401,ACM,USD,2020-10-26,45.68,45.71,44.55,44.83,7525,5119,44.987
US00766T1007,43980401,ACM,USD,2020-10-27,44.83,45.2,44.17,44.33,7918,5544,44.536
US00766T1007,43980401,ACM,USD,2020-10-28,43.37,43.89,42.69,42.8,15162,8728,43.08
US00766T1007,43980401,ACM,USD,2020-10-29,42.51,44.2,42.32,43.84,11663,8268,43.638
US00766T1007,43980401,ACM,USD,2020-10-30,43.65,44.84,43.46,44.84,11021,7641,44.404
US00766T1007,43980401,ACM,USD,2020-11-02,45.47,46.97,45.32,46.97,16067,9835,46.628
US00766T1007,43980401,ACM,USD,2020-11-03,47.0,47.99,47.0,47.4,15492,9743,47.524
US00766T1007,43980401,ACM,USD,2020-11-04,47.07,47.07,44.51,44.8,24242,15495,45.365
US00766T1007,43980401,ACM,USD,2020-11-05,45.54,47.44,45.5,46.36,16007,10749,46.798
US00766T1007,43980401,ACM,USD,2020-11-06,46.56,46.81,45.92,46.0,10990,7673,46.233
US00766T1007,43980401,ACM,USD,2020-11-09,48.0,50.0,47.31,47.34,16482,10275,48.203
US00766T1007,43980401,ACM,USD,2020-11-10,48.76,49.34,47.76,48.33,14575,9374,48.596
US00766T1007,43980401,ACM,USD,2020-11-11,48.58,48.58,47.04,47.37,11183,7401,47.39
US00766T1007,43980401,ACM,USD,2020-11-12,47.14,48.16,47.01,47.57,14258,8713,47.654
US00766T1007,43980401,ACM,USD,2020-11-13,48.19,50.0,45.5,50.0,23282,13422,49.271
US00766T1007,43980401,ACM,USD,2020-11-16,50.0,51.43,49.84,50.55,20688,12917,50.474
US00766T1007,43980401,ACM,USD,2020-11-17,50.88,50.88,49.38,49.9,11287,6153,50.025
US00766T1007,43980401,ACM,USD,2020-11-18,49.97,51.01,49.95,50.26,14905,7337,50.46
US00766T1007,43980401,ACM,USD,2020-11-19,50.0,50.66,49.73,50.47,11918,7805,50.272
US00766T1007,43980401,ACM,USD,2020-11-20,50.32,50.52,49.84,50.23,10357,6565,50.167
US00766T1007,43980401,ACM,USD,2020-11-23,50.34,52.1,50.31,51.73,12357,8451,51.599
US00766T1007,43980401,ACM,USD,2020-11-24,52.29,52.83,51.68,52.18,11840,7133,52.313
US00766T1007,43980401,ACM,USD,2020-11-25,51.95,52.71,51.09,52.24,7294,3915,52.169
US00766T1007,43980401,ACM,USD,2020-11-27,52.27,52.86,52.01,52.28,3518,2118,52.385
US00766T1007,43980401,ACM,USD,2020-11-30,51.96,54.2,51.57,53.49,6778,3475,51.93
US00766T1007,43980401,ACM,USD,2020-12-01,52.8,53.21,52.07,52.46,7470,4492,52.609
US00766T1007,43980401,ACM,USD,2020-12-02,52.19,52.81,52.09,52.54,8235,4554,52.524
US00766T1007,43980401,ACM,USD,2020-12-03,52.3,52.3,50.06,50.3,24625,13349,50.547
US00766T1007,43980401,ACM,USD,2020-12-04,50.73,51.68,50.62,51.33,10755,6193,51.27
US00766T1007,43980401,ACM,USD,2020-12-07,51.33,51.69,50.91,51.11,7531,4200,51.188
US00766T1007,43980401,ACM,USD,2020-12-08,50.81,51.4,50.77,51.21,13705,5827,51.045
US00766T1007,43980401,ACM,USD,2020-12-09,51.54,51.85,48.88,49.19,15348,9735,49.815
US00766T1007,43980401,ACM,USD,2020-12-10,48.86,48.96,47.87,48.04,9637,5859,48.382
US00766T1007,43980401,ACM,USD,2020-12-11,48.35,49.13,48.08,48.17,8352,4927,48.382
US00766T1007,43980401,ACM,USD,2020-12-14,48.59,48.68,46.72,46.8,16260,9252,47.177
US00766T1007,43980401,ACM,USD,2020-12-15,47.23,48.42,46.87,48.42,10958,6449,47.682
US00766T1007,43980401,ACM,USD,2020-12-16,48.19,48.25,47.14,47.39,11874,6446,47.527
US00766T1007,43980401,ACM,USD,2020-12-17,47.57,47.93,47.34,47.92,10011,5598,47.762
US00766T1007,43980401,ACM,USD,2020-12-18,48.0,48.22,47.33,47.78,28473,7185,47.777
US00766T1007,43980401,ACM,USD,2020-12-21,47.0,48.51,46.59,47.98,13742,5822,48.022
US00766T1007,43980401,ACM,USD,2020-12-22,48.0,48.76,47.74,47.93,7244,3161,48.096
US00766T1007,43980401,ACM,USD,2020-12-23,48.3,48.97,48.28,48.55,5114,3385,48.674
US00766T1007,43980401,ACM,USD,2020-12-24,48.43,48.7,48.21,48.66,3204,1906,48.498
US00766T1007,43980401,ACM,USD,2020-12-28,48.78,49.14,48.16,48.21,5375,3456,48.535
US00766T1007,43980401,ACM,USD,2020-12-29,48.33,48.66,47.96,48.49,5391,3450,48.384
US00766T1007,43980401,ACM,USD,2020-12-30,48.57,49.53,48.57,49.47,5082,3231,49.323
US00766T1007,43980401,ACM,USD,2020-12-31,49.34,50.27,49.03,49.78,9266,4894,49.825
US00766T1007,43980401,ACM,USD,2021-01-04,49.83,50.6,48.76,48.92,8866,5485,49.398
US00766T1007,43980401,ACM,USD,2021-01-05,48.7,50.58,48.7,50.39,7597,4682,50.005
US00766T1007,43980401,ACM,USD,2021-01-06,51.93,55.28,50.69,54.82,29950,16954,54.145
US00766T1007,43980401,ACM,USD,2021-01-07,55.96,57.48,54.68,54.98,10367,4683,55.138
US00766T1007,43980401,ACM,USD,2021-01-08,55.2,55.2,53.53,54.3,8819,4696,54.175
US00766T1007,43980401,ACM,USD,2021-01-11,53.53,54.79,53.53,54.46,6284,3226,54.462
US00766T1007,43980401,ACM,USD,2021-01-12,54.76,54.97,54.02,54.02,9982,5258,54.406
US00766T1007,43980401,ACM,USD,2021-01-13,54.04,54.29,53.54,53.75,5897,3045,53.78
US00766T1007,43980401,ACM,USD,2021-01-14,54.22,56.29,53.2,56.29,4482,2683,53.952
US00766T1007,43980401,ACM,USD,2021-01-15,56.28,57.9,52.78,53.73,4304,2571,53.54
US00766T1007,43980401,ACM,USD,2021-01-19,54.28,55.45,54.05,54.94,6307,4041,54.955
US00766T1007,43980401,ACM,USD,2021-01-20,55.3,55.5,54.06,54.59,5482,2360,54.656
US00766T1007,43980401,ACM,USD,2021-01-21,54.65,55.0,53.46,53.48,5029,2945,53.849
US00766T1007,43980401,ACM,USD,2021-01-22,53.18,53.95,52.61,53.7,3691,2442,53.493
US00766T1007,43980401,ACM,USD,2021-01-25,53.96,53.97,52.43,53.66,4153,2692,53.323
US00766T1007,43980401,ACM,USD,2021-01-26,53.67,53.72,52.33,53.07,4379,2831,52.97
US00766T1007,43980401,ACM,USD,2021-01-27,52.0,52.0,49.81,50.48,11007,6326,50.659
US00766T1007,43980401,ACM,USD,2021-01-28,51.05,51.75,50.31,50.96,6234,4484,51.014
US00766T1007,43980401,ACM,USD,2021-01-29,50.5,50.97,49.34,50.1,9356,6038,50.012
US00766T1007,43980401,ACM,USD,2021-02-01,50.74,52.22,50.13,52.08,7481,4569,51.584
US00766T1007,43980401,ACM,USD,2021-02-02,52.98,54.4,52.1,54.14,10547,5570,53.775
US00766T1007,43980401,ACM,USD,2021-02-03,54.02,54.12,53.28,53.4,6170,2891,53.655
US00766T1007,43980401,ACM,USD,2021-02-04,53.38,54.28,53.38,53.95,4155,2513,53.878
US00766T1007,43980401,ACM,USD,2021-02-05,54.65,54.99,53.85,54.6,5387,2704,54.456
US00766T1007,43980401,ACM,USD,2021-02-08,54.88,55.94,50.85,50.85,6471,3889,54.66
US00766T1007,43980401,ACM,USD,2021-02-09,54.09,55.1,53.05,53.51,8995,5191,53.977
US00766T1007,43980401,ACM,USD,2021-02-10,54.07,54.08,52.45,52.94,9242,4672,52.821
US00766T1007,43980401,ACM,USD,2021-02-11,53.53,54.85,53.38,54.65,6770,3843,54.399
US00766T1007,43980401,ACM,USD,2021-02-12,54.44,56.8,54.07,56.02,12633,6921,55.906
US00766T1007,43980401,ACM,USD,2021-02-16,56.84,58.82,56.4,57.7,17367,9673,57.644
US00766T1007,43980401,ACM,USD,2021-02-17,58.6,58.6,56.62,57.15,10054,5872,57.335
US00766T1007,43980401,ACM,USD,2021-02-18,56.73,56.99,55.12,56.02,6144,3846,56.128
US00766T1007,43980401,ACM,USD,2021-02-19,56.76,57.48,55.43,57.16,5736,3721,56.999
US00766T1007,43980401,ACM,USD,2021-02-22,57.5,58.44,56.83,57.02,8378,5294,57.5
US00766T1007,43980401,ACM,USD,2021-02-23,56.71,58.04,56.25,57.78,6434,4702,57.375
US00766T1007,43980401,ACM,USD,2021-02-24,57.9,60.6,57.8,60.3,15629,8127,59.634
US00766T1007,43980401,ACM,USD,2021-02-25,60.0,60.59,58.65,59.04,9603,5664,59.458
US00766T1007,43980401,ACM,USD,2021-02-26,59.1,59.43,57.5,57.89,7744,4316,58.135
US00766T1007,43980401,ACM,USD,2021-03-01,59.09,59.47,58.32,58.62,5891,3657,58.703
US00766T1007,43980401,ACM,USD,2021-03-02,58.52,58.71,57.6,57.68,6568,3529,57.927
US00766T1007,43980401,ACM,USD,2021-03-03,57.92,58.5,57.07,57.45,5686,3752,57.767
US00766T1007,43980401,ACM,USD,2021-03-04,57.3,57.72,55.49,56.99,5177,3220,56.59
US00766T1007,43980401,ACM,USD,2021-03-05,57.2,58.26,55.3,58.26,6451,3692,57.554
US00766T1007,43980401,ACM,USD,2021-03-08,58.75,59.4,58.04,58.61,4396,2822,58.889
US00766T1007,43980401,ACM,USD,2021-03-09,59.48,60.46,58.65,59.4,7439,3968,59.685
US00766T1007,43980401,ACM,USD,2021-03-10,59.66,60.99,59.5,60.81,8838,3756,60.662
US00766T1007,43980401,ACM,USD,2021-03-11,60.11,62.23,60.11,60.71,8194,3964,61.245
US00766T1007,43980401,ACM,USD,2021-03-12,60.66,62.82,60.36,62.7,5905,3583,61.946
US00766T1007,43980401,ACM,USD,2021-03-15,62.75,62.89,61.48,62.56,7100,4540,62.217
US00766T1007,43980401,ACM,USD,2021-03-16,62.55,62.66,61.27,61.3,6146,4204,61.7
US00766T1007,43980401,ACM,USD,2021-03-17,61.61,62.06,60.5,61.89,6392,3850,61.522
US00766T1007,43980401,ACM,USD,2021-03-18,61.86,63.87,61.31,61.63,10838,6135,62.612
US00766T1007,43980401,ACM,USD,2021-03-19,62.98,63.35,61.12,61.94,18713,4974,62.013
US00766T1007,43980401,ACM,USD,2021-03-22,61.95,62.25,61.28,61.71,9413,4018,61.741
US00766T1007,43980401,ACM,USD,2021-03-23,61.0,61.97,59.98,60.0,8628,4405,60.585
US00766T1007,43980401,ACM,USD,2021-03-24,60.77,62.47,60.77,61.2,10930,5288,61.464
US00766T1007,43980401,ACM,USD,2021-03-25,60.75,63.3,60.03,62.8,7847,5093,62.245
US00766T1007,43980401,ACM,USD,2021-03-26,63.49,64.71,62.62,64.44,9618,6415,64.102
US00766T1007,43980401,ACM,USD,2021-03-29,64.51,65.41,63.17,63.44,10849,5254,63.775
US00766T1007,43980401,ACM,USD,2021-03-30,63.61,65.33,63.61,65.29,9150,5912,64.738
US00766T1007,43980401,ACM,USD,2021-03-31,66.0,66.4,64.09,65.0,10091,5750,64.677
US00766T1007,43980401,ACM,USD,2021-04-01,64.76,65.42,63.92,64.38,8632,5765,64.409
US00766T1007,43980401,ACM,USD,2021-04-05,66.0,66.11,65.01,66.11,5944,3372,65.695
US00766T1007,43980401,ACM,USD,2021-04-06,65.85,67.31,65.76,66.47,10255,5078,66.612
US00766T1007,43980401,ACM,USD,2021-04-07,67.0,67.0,65.57,66.03,11482,3236,66.043
US00766T1007,43980401,ACM,USD,2021-04-08,66.05,66.32,65.04,65.78,5459,3089,65.607
US00766T1007,43980401,ACM,USD,2021-04-09,65.84,66.48,65.7,66.28,5497,2750,66.181
US00766T1007,43980401,ACM,USD,2021-04-12,66.52,66.97,66.26,66.56,5254,2898,66.584
US00766T1007,43980401,ACM,USD,2021-04-13,66.31,66.61,65.63,66.32,5600,3104,66.19
US00766T1007,43980401,ACM,USD,2021-04-14,66.47,67.16,66.36,66.43,5134,3176,66.648
US00766T1007,43980401,ACM,USD,2021-04-15,66.73,67.7,66.38,67.3,8747,5129,67.271
US00766T1007,43980401,ACM,USD,2021-04-16,67.78,68.21,66.94,67.05,5960,3131,67.272
US00766T1007,43980401,ACM,USD,2021-04-19,67.51,67.77,66.44,66.99,6230,3295,66.998
US00766T1007,43980401,ACM,USD,2021-04-20,66.68,67.06,65.2,65.8,7099,3626,65.875
US00766T1007,43980401,ACM,USD,2021-04-21,66.06,66.96,65.66,66.01,4549,2673,66.545
US00766T1007,43980401,ACM,USD,2021-04-22,67.04,67.33,66.42,66.61,3408,2086,66.796
US00766T1007,43980401,ACM,USD,2021-04-23,66.72,67.54,66.46,67.35,4468,2390,67.266
US00766T1007,43980401,ACM,USD,2021-04-26,67.8,68.07,67.19,67.6,5036,2686,67.602
US00766T1007,43980401,ACM,USD,2021-04-27,67.79,67.9,67.05,67.2,3535,1982,67.496
US00766T1007,43980401,ACM,USD,2021-04-28,67.58,67.58,66.69,66.89,5796,2546,67.056
US00766T1007,43980401,ACM,USD,2021-04-29,67.5,67.56,66.5,67.3,4649,2880,67.138
US00766T1007,43980401,ACM,USD,2021-04-30,66.69,67.76,66.3,66.43,8573,2689,67.056
US00766T1007,43980401,ACM,USD,2021-05-03,66.91,67.6,66.77,67.08,4644,2861,67.207
US00766T1007,43980401,ACM,USD,2021-05-04,67.02,67.37,66.53,67.06,3897,2754,66.929
US00766T1007,43980401,ACM,USD,2021-05-05,67.29,68.51,66.73,68.18,4119,2847,67.969
US00766T1007,43980401,ACM,USD,2021-05-06,68.36,68.99,67.5,68.97,5886,3834,68.574
US00766T1007,43980401,ACM,USD,2021-05-07,68.51,69.78,67.5,69.11,6269,4060,69.151
US00766T1007,43980401,ACM,USD,2021-05-10,69.51,70.04,68.38,68.54,6088,4123,69.063
US00766T1007,43980401,ACM,USD,2021-05-11,66.2,68.97,66.2,68.64,9208,6637,68.286
US00766T1007,43980401,ACM,USD,2021-05-12,68.53,69.25,66.16,66.16,6025,3975,67.133
US00766T1007,43980401,ACM,USD,2021-05-13,66.33,67.6,65.76,67.25,4510,2234,67.2
US00766T1007,43980401,ACM,USD,2021-05-14,67.56,67.56,66.79,66.86,7738,4040,67.027
US00766T1007,43980401,ACM,USD,2021-05-17,68.0,68.0,65.45,66.54,5036,2919,66.27
US00766T1007,43980401,ACM,USD,2021-05-18,66.55,66.75,65.01,65.38,4965,3320,65.606
US00766T1007,43980401,ACM,USD,2021-05-19,64.94,64.94,63.26,64.01,7466,4786,63.787
US00766T1007,43980401,ACM,USD,2021-05-20,64.1,64.19,63.14,63.87,7071,4581,63.667
US00766T1007,43980401,ACM,USD,2021-05-21,63.71,65.25,63.71,64.0,4504,2688,64.719
US00766T1007,43980401,ACM,USD,2021-05-24,65.0,65.09,64.44,64.78,3714,2520,64.818
US00766T1007,43980401,ACM,USD,2021-05-25,64.97,65.5,64.38,64.54,4536,2438,64.699
US00766T1007,43980401,ACM,USD,2021-05-26,64.72,65.16,64.44,64.93,4373,2780,64.869
US00766T1007,43980401,ACM,USD,2021-05-27,65.74,65.97,65.21,65.47,7118,3298,65.487
US00766T1007,43980401,ACM,USD,2021-05-28,65.68,65.8,64.79,65.01,7249,4335,65.075
US00766T1007,43980401,ACM,USD,2021-06-01,65.8,65.89,64.73,64.81,5708,3689,65.056
US00766T1007,43980401,ACM,USD,2021-06-02,64.82,65.75,64.11,65.75,9274,4713,64.545
US00766T1007,43980401,ACM,USD,2021-06-03,64.24,64.55,63.25,63.79,9108,5780,63.756
US00766T1007,43980401,ACM,USD,2021-06-04,63.75,64.89,63.75,64.7,3807,2426,64.401
US00766T1007,43980401,ACM,USD,2021-06-07,64.75,64.93,63.79,64.29,3407,2233,64.166
US00766T1007,43980401,ACM,USD,2021-06-08,64.2,65.45,64.04,65.28,6106,2807,64.983
US00766T1007,43980401,ACM,USD,2021-06-09,65.27,65.41,64.44,64.45,6390,3403,64.714
US00766T1007,43980401,ACM,USD,2021-06-10,64.88,65.0,63.44,63.81,4960,3153,63.889
US00766T1007,43980401,ACM,USD,2021-06-11,64.26,64.8,64.02,64.63,4417,2618,64.476
US00766T1007,43980401,ACM,USD,2021-06-14,64.73,64.97,62.92,63.21,7173,4203,63.337
US00766T1007,43980401,ACM,USD,2021-06-15,63.42,63.74,63.12,63.44,4722,2980,63.409
US00766T1007,43980401,ACM,USD,2021-06-16,63.17,63.45,62.14,62.36,5174,3131,62.643
US00766T1007,43980401,ACM,USD,2021-06-17,62.35,62.58,60.72,61.22,4386,2839,61.416
US00766T1007,43980401,ACM,USD,2021-06-18,60.19,60.77,59.87,59.93,9775,3134,60.061
US00766T1007,43980401,ACM,USD,2021-06-21,59.95,61.25,59.95,61.11,8375,3689,61.005
US00766T1007,43980401,ACM,USD,2021-06-22,61.08,61.73,60.3,61.49,4905,3143,61.171
US00766T1007,43980401,ACM,USD,2021-06-23,61.5,62.32,61.36,61.86,4374,2682,61.916
US00766T1007,43980401,ACM,USD,2021-06-24,62.46,64.83,61.99,64.0,7324,4430,63.382
US00766T1007,43980401,ACM,USD,2021-06-25,65.0,65.0,63.88,63.93,10834,3586,64.085
US00766T1007,43980401,ACM,USD,2021-06-28,64.0,64.18,63.09,63.67,5821,3183,63.693
US00766T1007,43980401,ACM,USD,2021-06-29,63.98,64.47,63.11,63.54,3544,2387,63.566
US00766T1007,43980401,ACM,USD,2021-06-30,63.16,63.61,63.0,63.32,6464,3444,63.299
US00766T1007,43980401,ACM,USD,2021-07-01,63.75,64.1,63.39,63.67,3481,1669,63.654
US00766T1007,43980401,ACM,USD,2021-07-02,63.3,63.3,62.41,62.67,4645,2819,62.694
US00766T1007,43980401,ACM,USD,2021-07-06,62.79,62.79,61.32,62.26,5364,3003,62.031
US00766T1007,43980401,ACM,USD,2021-07-07,61.88,62.84,61.88,62.72,3671,2094,62.539
US00766T1007,43980401,ACM,USD,2021-07-08,61.58,62.49,61.17,61.97,4821,2777,61.842
US00766T1007,43980401,ACM,USD,2021-07-09,62.89,63.68,62.58,63.44,4521,2490,63.379
US00766T1007,43980401,ACM,USD,2021-07-12,62.96,63.33,62.52,63.28,3728,2197,63.047
US00766T1007,43980401,ACM,USD,2021-07-13,62.77,62.97,62.31,62.5,4522,2596,62.61
US00766T1007,43980401,ACM,USD,2021-07-14,62.87,63.37,61.31,61.43,4360,2859,61.755
US00766T1007,43980401,ACM,USD,2021-07-15,60.89,61.45,60.32,60.74,5840,4157,60.845
US00766T1007,43980401,ACM,USD,2021-07-16,60.93,61.28,60.19,60.25,4090,2414,60.474
US00766T1007,43980401,ACM,USD,2021-07-19,59.1,59.42,58.36,58.83,5962,4046,58.777
US00766T1007,43980401,ACM,USD,2021-07-20,58.84,61.39,58.69,61.1,6140,3018,60.864
US00766T1007,43980401,ACM,USD,2021-07-21,61.75,62.47,61.6,62.07,6354,2795,61.965
US00766T1007,43980401,ACM,USD,2021-07-22,62.52,62.52,61.62,61.97,3404,2086,62.017
US00766T1007,43980401,ACM,USD,2021-07-23,62.42,62.81,61.98,62.61,2505,1701,62.453
US00766T1007,43980401,ACM,USD,2021-07-26,62.74,63.5,62.07,62.28,6351,3666,62.364
US00766T1007,43980401,ACM,USD,2021-07-27,61.88,62.28,61.55,61.77,3634,2293,61.826
US00766T1007,43980401,ACM,USD,2021-07-28,62.02,63.41,61.23,63.0,5441,3984,62.783
US00766T1007,43980401,ACM,USD,2021-07-29,63.65,64.0,62.97,63.51,3635,2183,63.609
US00766T1007,43980401,ACM,USD,2021-07-30,63.03,63.67,62.74,62.96,4511,2103,62.998
US00766T1007,43980401,ACM,USD,2021-08-02,63.33,64.63,62.06,62.07,3525,2132,62.791
US00766T1007,43980401,ACM,USD,2021-08-03,62.41,62.81,61.44,62.78,2988,1827,62.51
US00766T1007,43980401,ACM,USD,2021-08-04,62.2,62.35,61.13,61.14,4465,2917,61.491
US00766T1007,43980401,ACM,USD,2021-08-05,61.6,62.5,61.38,62.04,3502,2457,62.082
US00766T1007,43980401,ACM,USD,2021-08-06,62.62,62.94,62.18,62.65,4047,2370,62.556
US00766T1007,43980401,ACM,USD,2021-08-09,62.37,63.75,62.0,62.0,6956,4036,63.308
US00766T1007,43980401,ACM,USD,2021-08-10,62.5,64.0,61.41,62.35,7604,5196,62.782
US00766T1007,43980401,ACM,USD,2021-08-11,62.76,63.75,62.14,63.75,4985,3200,63.112
US00766T1007,43980401,ACM,USD,2021-08-12,63.67,65.32,63.66,64.82,11129,6920,64.865
US00766T1007,43980401,ACM,USD,2021-08-13,64.97,65.1,63.49,63.71,3794,2273,63.948
US00766T1007,43980401,ACM,USD,2021-08-16,63.42,63.93,62.65,63.3,3675,2288,63.392
US00766T1007,43980401,ACM,USD,2021-08-17,63.05,63.24,62.08,62.3,4033,2698,62.674
US00766T1007,43980401,ACM,USD,2021-08-18,62.73,63.55,62.42,63.19,6087,3531,63.176
US00766T1007,43980401,ACM,USD,2021-08-19,62.7,63.35,61.94,62.68,4425,3197,62.514
US00766T1007,43980401,ACM,USD,2021-08-20,62.57,63.0,62.13,62.72,3741,2346,62.668
US00766T1007,43980401,ACM,USD,2021-08-23,62.75,63.31,62.55,62.94,4025,2616,62.958
US00766T1007,43980401,ACM,USD,2021-08-24,62.82,64.89,62.65,64.89,7165,3691,64.251
US00766T1007,43980401,ACM,USD,2021-08-25,64.51,66.36,64.34,66.0,7345,3897,65.749
US00766T1007,43980401,ACM,USD,2021-08-26,66.0,66.44,65.57,65.71,4432,2938,65.919
US00766T1007,43980401,ACM,USD,2021-08-27,65.63,66.88,65.63,66.82,6363,3396,66.623
US00766T1007,43980401,ACM,USD,2021-08-30,67.0,67.0,65.95,66.03,5016,2330,66.244
US00766T1007,43980401,ACM,USD,2021-08-31,66.1,66.27,65.31,65.56,5114,2993,65.6
US00766T1007,43980401,ACM,USD,2021-09-01,65.6,65.75,65.15,65.51,4197,2744,65.452
US00766T1007,43980401,ACM,USD,2021-09-02,66.17,66.8,65.84,66.66,4942,2864,66.494
US00766T1007,43980401,ACM,USD,2021-09-03,66.65,67.23,66.42,66.81,6481,2683,66.836
US00766T1007,43980401,ACM,USD,2021-09-07,66.5,66.9,66.13,66.16,5702,3293,66.431
US00766T1007,43980401,ACM,USD,2021-09-08,66.08,66.18,65.0,65.61,4574,1944,65.618
US00766T1007,43980401,ACM,USD,2021-09-09,65.32,66.34,65.11,65.93,3327,2347,65.935
US00766T1007,43980401,ACM,USD,2021-09-10,66.27,66.34,65.11,65.31,3552,2063,65.528
US00766T1007,43980401,ACM,USD,2021-09-13,65.79,66.44,65.58,65.78,3395,2174,65.881
US00766T1007,43980401,ACM,USD,2021-09-14,65.94,65.94,64.2,64.47,3738,2745,64.736
US00766T1007,43980401,ACM,USD,2021-09-15,64.46,66.68,64.17,66.55,6831,4193,66.157
US00766T1007,43980401,ACM,USD,2021-09-16,66.74,66.74,65.7,65.92,5937,3506,66.098
US00766T1007,43980401,ACM,USD,2021-09-17,66.02,66.44,64.79,65.39,19712,4077,65.374
US00766T1007,43980401,ACM,USD,2021-09-20,64.1,64.12,61.87,63.1,7009,4237,62.853
US00766T1007,43980401,ACM,USD,2021-09-21,63.68,63.77,61.65,61.75,6451,3575,61.941
US00766T1007,43980401,ACM,USD,2021-09-22,62.31,63.19,62.31,62.67,4046,2642,62.771
US00766T1007,43980401,ACM,USD,2021-09-23,63.86,66.94,63.48,66.5,15188,8279,66.055
US00766T1007,43980401,ACM,USD,2021-09-24,66.13,67.17,65.88,67.0,4857,2928,66.846
US00766T1007,43980401,ACM,USD,2021-09-27,67.16,67.59,66.63,66.76,4292,2210,67.026
US00766T1007,43980401,ACM,USD,2021-09-28,66.25,66.51,64.78,64.96,2883,2266,65.293
US00766T1007,43980401,ACM,USD,2021-09-29,65.01,65.29,63.89,63.9,3419,2168,64.258
US00766T1007,43980401,ACM,USD,2021-09-30,64.37,64.57,63.09,63.15,5839,4313,63.579
US00766T1007,43980401,ACM,USD,2021-10-01,63.5,66.54,63.27,66.14,7810,5241,65.25
US00766T1007,43980401,ACM,USD,2021-10-04,66.04,67.33,64.08,64.29,10947,7557,64.917
US00766T1007,43980401,ACM,USD,2021-10-05,64.04,64.62,63.12,63.87,7568,4005,64.02
US00766T1007,43980401,ACM,USD,2021-10-06,62.87,64.03,62.45,63.82,5020,3479,63.267
US00766T1007,43980401,ACM,USD,2021-10-07,64.17,64.91,64.06,64.22,6103,4371,64.49
US00766T1007,43980401,ACM,USD,2021-10-08,64.22,65.08,63.91,63.93,4647,2981,64.359
US00766T1007,43980401,ACM,USD,2021-10-11,63.85,64.19,62.26,62.27,3776,2354,62.801
US00766T1007,43980401,ACM,USD,2021-10-12,62.14,63.17,61.9,62.2,4171,2539,62.722
US00766T1007,43980401,ACM,USD,2021-10-13,62.57,62.98,62.3,62.85,4152,2077,62.753
US00766T1007,43980401,ACM,USD,2021-10-14,63.65,64.18,63.05,63.27,8347,5221,63.498
US00766T1007,43980401,ACM,USD,2021-10-15,63.27,64.18,63.27,63.5,4437,2623,63.75
US00766T1007,43980401,ACM,USD,2021-10-18,62.84,63.48,62.77,63.07,4543,2662,63.124
US00766T1007,43980401,ACM,USD,2021-10-19,63.32,64.7,63.09,64.38,4821,3175,64.211
US00766T1007,43980401,ACM,USD,2021-10-20,64.1,66.25,63.99,65.23,16024,9829,65.287
US00766T1007,43980401,ACM,USD,2021-10-21,65.29,67.63,65.2,67.59,8954,5345,66.757
US00766T1007,43980401,ACM,USD,2021-10-22,67.6,68.39,67.16,67.75,3821,2427,67.776
US00766T1007,43980401,ACM,USD,2021-10-25,67.8,69.46,67.47,69.36,5754,3699,68.975
US00766T1007,43980401,ACM,USD,2021-10-26,69.83,69.95,69.04,69.1,6129,3764,69.39
US00766T1007,43980401,ACM,USD,2021-10-27,68.62,68.82,66.95,66.96,4039,2385,67.712
US00766T1007,43980401,ACM,USD,2021-10-28,67.19,69.69,66.98,68.96,6262,3666,68.797
US00766T1007,43980401,ACM,USD,2021-10-29,68.33,69.42,68.17,68.37,4212,2004,68.618
US00766T1007,43980401,ACM,USD,2021-11-01,68.66,70.35,68.46,69.37,8850,5365,69.586
US00766T1007,43980401,ACM,USD,2021-11-02,69.59,69.59,68.04,68.31,6131,3286,68.407
US00766T1007,43980401,ACM,USD,2021-11-03,68.12,68.2,66.87,68.11,6433,3459,67.655
US00766T1007,43980401,ACM,USD,2021-11-04,68.4,68.81,67.81,68.25,4364,3030,68.314
US00766T1007,43980401,ACM,USD,2021-11-05,69.06,70.56,68.83,70.54,4819,3268,70.029
US00766T1007,43980401,ACM,USD,2021-11-08,71.72,74.61,70.35,70.99,11182,5811,71.188
US00766T1007,43980401,ACM,USD,2021-11-09,71.45,71.83,70.52,71.32,5174,2920,71.062
US00766T1007,43980401,ACM,USD,2021-11-10,71.01,71.52,70.03,70.62,5577,2052,70.684
US00766T1007,43980401,ACM,USD,2021-11-11,70.61,71.5,70.43,70.65,5182,3503,70.811
US00766T1007,43980401,ACM,USD,2021-11-12,71.14,71.2,69.96,70.77,8025,5211,70.442
US00766T1007,43980401,ACM,USD,2021-11-15,71.8,73.88,71.08,72.66,15780,10522,72.701
US00766T1007,43980401,ACM,USD,2021-11-16,73.01,74.88,72.64,73.0,7448,4111,73.329
US00766T1007,43980401,ACM,USD,2021-11-17,73.24,73.99,72.31,72.46,8435,5276,72.989
US00766T1007,43980401,ACM,USD,2021-11-18,72.73,73.06,71.95,72.74,8119,4795,72.605
US00766T1007,43980401,ACM,USD,2021-11-19,72.63,73.06,72.28,73.03,8829,5367,72.734
US00766T1007,43980401,ACM,USD,2021-11-22,73.1,74.34,73.05,73.35,5394,3427,73.681
US00766T1007,43980401,ACM,USD,2021-11-23,73.4,75.19,73.08,75.17,11858,4875,74.59
US00766T1007,43980401,ACM,USD,2021-11-24,76.0,76.0,74.72,75.12,5678,3939,75.345
US00766T1007,43980401,ACM,USD,2021-11-26,72.95,73.87,71.81,72.12,7499,5092,72.673
US00766T1007,43980401,ACM,USD,2021-11-29,72.0,73.74,72.0,72.3,7119,4272,72.817
US00766T1007,43980401,ACM,USD,2021-11-30,72.4,72.41,68.89,69.01,13843,5771,69.982
US00766T1007,43980401,ACM,USD,2021-12-01,70.67,71.38,67.61,67.64,6819,4520,69.041
US00766T1007,43980401,ACM,USD,2021-12-02,68.04,70.49,68.0,70.11,4629,3885,69.875
US00766T1007,43980401,ACM,USD,2021-12-03,70.12,70.41,68.57,69.7,5950,3232,69.421
US00766T1007,43980401,ACM,USD,2021-12-06,70.59,72.81,70.33,71.78,8663,3901,71.908
US00766T1007,43980401,ACM,USD,2021-12-07,72.08,73.64,72.08,72.88,4248,2745,73.087
US00766T1007,43980401,ACM,USD,2021-12-08,72.92,74.15,72.75,74.12,5256,2586,73.88
US00766T1007,43980401,ACM,USD,2021-12-09,73.75,74.43,72.96,73.0,6429,2995,73.612
US00766T1007,43980401,ACM,USD,2021-12-10,73.33,73.64,72.29,73.02,6572,3520,72.94
US00766T1007,43980401,ACM,USD,2021-12-13,73.75,74.39,72.78,72.92,8106,3753,73.486
US00766T1007,43980401,ACM,USD,2021-12-14,73.07,74.07,72.92,73.28,6206,4076,73.321
US00766T1007,43980401,ACM,USD,2021-12-15,73.1,75.04,73.1,74.7,13008,5183,74.443
US00766T1007,43980401,ACM,USD,2021-12-16,75.02,76.05,74.06,74.15,8135,5370,74.813
US00766T1007,43980401,ACM,USD,2021-12-17,74.1,75.22,72.23,73.4,16628,5129,73.514
US00766T1007,43980401,ACM,USD,2021-12-20,72.23,72.6,70.9,72.41,8913,4168,71.859
US00766T1007,43980401,ACM,USD,2021-12-21,72.73,74.1,72.4,74.05,4710,2513,73.638
US00766T1007,43980401,ACM,USD,2021-12-22,74.29,75.14,73.98,75.0,3405,1921,74.844
US00766T1007,43980401,ACM,USD,2021-12-23,75.21,76.71,74.68,75.86,4765,2530,76.096
US00766T1007,43980401,ACM,USD,2021-12-27,76.02,76.49,75.5,76.39,2950,1305,76.229
US00766T1007,43980401,ACM,USD,2021-12-28,76.34,76.98,76.34,76.73,2002,1253,76.743
US00766T1007,43980401,ACM,USD,2021-12-29,77.82,77.82,76.52,77.03,2884,1509,77.141
US00766T1007,43980401,ACM,USD,2021-12-30,77.32,78.33,76.83,76.86,3089,1929,77.233
US00766T1007,43980401,ACM,USD,2021-12-31,76.75,77.63,76.27,77.35,2853,1732,77.285
US00766T1007,43980401,ACM,USD,2022-01-03,77.39,78.21,76.43,77.35,2914,1650,77.298
US00766T1007,43980401,ACM,USD,2022-01-04,77.86,78.62,77.36,77.65,6023,2807,77.861
US00766T1007,43980401,ACM,USD,2022-01-05,77.91,78.51,75.77,75.8,4218,2449,76.895
US00766T1007,43980401,ACM,USD,2022-01-06,75.74,76.58,75.38,75.77,4109,2381,75.947
US00766T1007,43980401,ACM,USD,2022-01-07,75.52,75.9,74.44,74.49,4219,2034,74.756
US00766T1007,43980401,ACM,USD,2022-01-10,74.2,74.3,72.58,74.22,4492,2027,73.81
US00766T1007,43980401,ACM,USD,2022-01-11,74.01,75.19,72.82,75.15,3479,1822,74.664
US00766T1007,43980401,ACM,USD,2022-01-12,75.37,75.87,74.42,74.69,2508,1329,74.849
US00766T1007,43980401,ACM,USD,2022-01-13,74.75,75.58,74.2,74.52,3056,1716,74.724
US00766T1007,43980401,ACM,USD,2022-01-14,73.77,74.37,72.95,73.86,2837,1781,73.654
US00766T1007,43980401,ACM,USD,2022-01-18,72.71,73.07,71.17,72.66,6414,3369,72.141
US00766T1007,43980401,ACM,USD,2022-01-19,72.63,72.97,71.08,71.08,2982,1587,71.638
US00766T1007,43980401,ACM,USD,2022-01-20,71.45,73.11,70.5,70.69,3444,1912,71.499
US00766T1007,43980401,ACM,USD,2022-01-21,70.5,71.71,69.04,69.25,6621,4105,69.84
US00766T1007,43980401,ACM,USD,2022-01-24,69.15,70.68,66.79,70.38,4897,3214,68.747
US00766T1007,43980401,ACM,USD,2022-01-25,69.26,69.26,66.45,67.16,7646,5178,67.388
US00766T1007,43980401,ACM,USD,2022-01-26,67.51,69.32,67.04,68.0,5396,3454,68.203
US00766T1007,43980401,ACM,USD,2022-01-27,68.26,69.33,66.35,66.74,4226,2343,67.364
US00766T1007,43980401,ACM,USD,2022-01-28,66.61,68.28,65.32,68.26,3661,2433,67.202
US00766T1007,43980401,ACM,USD,2022-01-31,68.26,69.18,67.29,69.13,5989,2828,68.826
US00766T1007,43980401,ACM,USD,2022-02-01,69.51,69.92,68.26,69.85,2960,1917,69.55
US00766T1007,43980401,ACM,USD,2022-02-02,69.97,70.33,69.11,70.03,2490,1405,69.945
US00766T1007,43980401,ACM,USD,2022-02-03,70.04,70.28,69.04,69.13,2870,1891,69.553
US00766T1007,43980401,ACM,USD,2022-02-04,68.41,69.88,68.34,69.24,3569,2143,69.23
US00766T1007,43980401,ACM,USD,2022-02-07,70.0,70.25,69.01,70.0,7578,4314,69.493
US00766T1007,43980401,ACM,USD,2022-02-08,69.56,73.58,69.38,73.15,7793,4953,72.701
US00766T1007,43980401,ACM,USD,2022-02-09,73.82,75.15,73.58,74.64,6933,4871,74.585
US00766T1007,43980401,ACM,USD,2022-02-10,73.63,75.1,72.58,72.93,9961,5602,73.492
US00766T1007,43980401,ACM,USD,2022-02-11,72.86,73.77,72.06,72.4,7739,5760,72.923
US00766T1007,43980401,ACM,USD,2022-02-14,72.12,72.99,71.14,71.6,6716,3759,71.88
US00766T1007,43980401,ACM,USD,2022-02-15,72.96,73.44,72.51,73.03,4347,2952,73.084
US00766T1007,43980401,ACM,USD,2022-02-16,72.44,74.24,72.44,73.77,4611,3341,73.547
US00766T1007,43980401,ACM,USD,2022-02-17,73.06,73.54,72.47,72.52,3292,2309,72.781
US00766T1007,43980401,ACM,USD,2022-02-18,72.19,73.71,72.19,72.55,4540,2781,72.928
US00766T1007,43980401,ACM,USD,2022-02-22,72.33,73.17,71.35,71.64,4923,3510,72.069
US00766T1007,43980401,ACM,USD,2022-02-23,72.43,72.7,70.7,70.8,4343,3222,71.536
US00766T1007,43980401,ACM,USD,2022-02-24,68.39,73.27,68.05,73.0,6423,4104,71.724
US00766T1007,43980401,ACM,USD,2022-02-25,72.71,74.38,71.61,74.35,5743,3570,73.851
US00766T1007,43980401,ACM,USD,2022-02-28,73.28,73.72,71.7,72.66,8314,4900,72.638
US00766T1007,43980401,ACM,USD,2022-03-01,72.79,72.91,69.1,69.1,9579,5030,70.055
US00766T1007,43980401,ACM,USD,2022-03-02,69.65,71.55,69.65,70.86,6688,4271,70.962
US00766T1007,43980401,ACM,USD,2022-03-03,71.57,71.9,70.66,71.46,4084,2540,71.263
US00766T1007,43980401,ACM,USD,2022-03-04,70.33,70.5,68.83,70.2,4895,3188,69.852
US00766T1007,43980401,ACM,USD,2022-03-07,70.19,70.19,68.45,69.24,5712,3414,69.233
US00766T1007,43980401,ACM,USD,2022-03-08,69.66,73.19,69.27,72.56,11499,5868,71.814
US00766T1007,43980401,ACM,USD,2022-03-09,72.56,74.56,72.56,74.01,6861,4288,73.963
US00766T1007,43980401,ACM,USD,2022-03-10,73.11,74.96,72.88,74.93,6738,3655,74.22
US00766T1007,43980401,ACM,USD,2022-03-11,75.5,78.59,75.0,77.14,14675,7499,77.3
US00766T1007,43980401,ACM,USD,2022-03-14,77.39,78.48,74.73,75.13,10628,5916,76.355
US00766T1007,43980401,ACM,USD,2022-03-15,75.91,76.0,74.26,75.65,6614,3800,75.108
US00766T1007,43980401,ACM,USD,2022-03-16,75.99,77.48,74.83,76.91,5584,3503,76.506
US00766T1007,43980401,ACM,USD,2022-03-17,76.28,77.5,76.16,77.48,4620,2553,77.109
US00766T1007,43980401,ACM,USD,2022-03-18,77.2,78.41,76.38,78.05,14039,3830,77.712
US00766T1007,43980401,ACM,USD,2022-03-21,78.38,79.5,77.53,79.36,5988,3060,78.938
US00766T1007,43980401,ACM,USD,2022-03-22,79.4,79.75,78.43,78.69,4146,2108,78.855
US00766T1007,43980401,ACM,USD,2022-03-23,78.17,78.47,76.76,77.08,4922,3082,77.321
US00766T1007,43980401,ACM,USD,2022-03-24,77.2,78.37,76.71,78.34,4146,2502,77.623
US00766T1007,43980401,ACM,USD,2022-03-25,78.36,79.57,78.21,79.56,2868,1617,79.255
US00766T1007,43980401,ACM,USD,2022-03-28,79.01,79.08,78.11,78.51,3477,1843,78.587
US00766T1007,43980401,ACM,USD,2022-03-29,79.79,79.97,78.43,78.87,5140,2509,78.959
US00766T1007,43980401,ACM,USD,2022-03-30,79.1,79.76,77.92,78.24,2423,1419,78.47
US00766T1007,43980401,ACM,USD,2022-03-31,77.92,78.63,76.77,76.81,4417,2336,77.421
US00766T1007,43980401,ACM,USD,2022-04-01,77.79,78.2,77.3,77.65,5874,2525,77.666
US00766T1007,43980401,ACM,USD,2022-04-04,77.41,77.77,75.66,75.89,5193,2411,76.059
US00766T1007,43980401,ACM,USD,2022-04-05,75.47,76.46,74.89,75.34,4832,2934,75.506
US00766T1007,43980401,ACM,USD,2022-04-06,74.5,75.08,73.12,73.12,4420,2079,74.394
US00766T1007,43980401,ACM,USD,2022-04-07,73.53,76.59,73.42,76.01,13188,4047,75.441
US00766T1007,43980401,ACM,USD,2022-04-08,76.27,76.48,75.27,75.52,4805,2526,75.833
US00766T1007,43980401,ACM,USD,2022-04-11,75.32,75.6,74.47,74.64,3970,1692,74.847
US00766T1007,43980401,ACM,USD,2022-04-12,75.28,77.03,75.06,75.55,8951,4354,76.195
US00766T1007,43980401,ACM,USD,2022-04-13,75.38,75.83,74.37,75.79,8954,3920,75.044
US00766T1007,43980401,ACM,USD,2022-04-14,76.15,76.9,75.88,76.28,2455,1457,76.366
US00766T1007,43980401,ACM,USD,2022-04-18,75.93,77.63,75.71,77.15,3717,1510,77.068
US00766T1007,43980401,ACM,USD,2022-04-19,78.01,78.74,77.07,78.34,2446,1319,78.27
US00766T1007,43980401,ACM,USD,2022-04-20,78.79,79.55,77.81,78.05,7794,3545,78.338
US00766T1007,43980401,ACM,USD,2022-04-21,78.98,79.19,76.06,76.34,2861,1668,77.144
US00766T1007,43980401,ACM,USD,2022-04-22,75.98,76.05,72.52,72.58,8339,3670,73.186
US00766T1007,43980401,ACM,USD,2022-04-25,71.95,72.31,70.43,72.24,3855,2635,71.724
US00766T1007,43980401,ACM,USD,2022-04-26,72.06,72.7,71.15,71.17,5525,2575,71.649
US00766T1007,43980401,ACM,USD,2022-04-27,71.7,72.4,70.92,71.59,4034,2445,71.648
US00766T1007,43980401,ACM,USD,2022-04-28,72.03,72.35,70.5,71.75,5240,3022,71.457
US00766T1007,43980401,ACM,USD,2022-04-29,70.97,72.37,70.36,70.56,3685,1998,71.105
US00766T1007,43980401,ACM,USD,2022-05-02,70.56,71.11,68.71,70.4,4358,2552,70.056
US00766T1007,43980401,ACM,USD,2022-05-03,70.32,71.4,69.91,70.8,4652,2930,70.855
US00766T1007,43980401,ACM,USD,2022-05-04,71.29,72.94,70.46,72.79,9481,4885,71.804
US00766T1007,43980401,ACM,USD,2022-05-05,72.96,73.14,70.81,71.59,5332,3738,71.631
US00766T1007,43980401,ACM,USD,2022-05-06,71.06,71.31,69.5,71.17,6838,4501,70.805
US00766T1007,43980401,ACM,USD,2022-05-09,69.75,71.26,65.44,65.9,7751,5125,67.353
US00766T1007,43980401,ACM,USD,2022-05-10,65.67,66.74,64.16,65.81,7264,4385,65.707
US00766T1007,43980401,ACM,USD,2022-05-11,65.29,68.15,65.29,65.58,5754,3993,66.503
US00766T1007,43980401,ACM,USD,2022-05-12,64.93,66.1,64.38,65.24,5002,3604,65.151
US00766T1007,43980401,ACM,USD,2022-05-13,66.11,67.4,66.11,66.55,5746,3067,66.704
US00766T1007,43980401,ACM,USD,2022-05-16,66.58,68.61,66.05,67.38,5441,3477,67.518
US00766T1007,43980401,ACM,USD,2022-05-17,67.64,68.78,67.48,68.45,4549,2933,68.352
US00766T1007,43980401,ACM,USD,2022-05-18,68.17,70.1,66.2,66.27,6489,3254,67.118
US00766T1007,43980401,ACM,USD,2022-05-19,65.77,68.51,65.77,67.89,5406,3610,67.817
US00766T1007,43980401,ACM,USD,2022-05-20,68.4,68.8,66.12,67.65,4406,2713,67.252
US00766T1007,43980401,ACM,USD,2022-05-23,68.38,69.39,67.96,69.0,5265,3673,68.869
US00766T1007,43980401,ACM,USD,2022-05-24,68.69,68.87,67.04,68.14,2144,1424,67.791
US00766T1007,43980401,ACM,USD,2022-05-25,68.22,69.21,67.71,68.58,2605,1540,68.443
US00766T1007,43980401,ACM,USD,2022-05-26,68.97,69.95,68.82,69.59,2877,1608,69.581
US00766T1007,43980401,ACM,USD,2022-05-27,69.9,71.29,69.9,71.28,3885,2332,70.967
US00766T1007,43980401,ACM,USD,2022-05-31,70.99,71.02,69.67,69.85,5522,2428,70.041
US00766T1007,43980401,ACM,USD,2022-06-01,70.3,70.76,68.68,69.67,4183,2756,69.703
US00766T1007,43980401,ACM,USD,2022-06-02,69.0,70.71,69.0,70.69,6712,4236,70.366
US00766T1007,43980401,ACM,USD,2022-06-03,70.37,70.52,69.46,70.34,3543,2159,70.247
US00766T1007,43980401,ACM,USD,2022-06-06,71.0,71.96,70.73,70.78,4481,2655,71.206
US00766T1007,43980401,ACM,USD,2022-06-07,70.5,72.07,70.0,72.06,8474,4202,71.573
US00766T1007,43980401,ACM,USD,2022-06-08,72.31,72.31,70.63,70.89,2783,1753,71.101
US00766T1007,43980401,ACM,USD,2022-06-09,70.35,70.77,69.39,69.43,2107,1170,69.881
US00766T1007,43980401,ACM,USD,2022-06-10,68.1,68.69,67.09,67.6,2566,1330,67.735
US00766T1007,43980401,ACM,USD,2022-06-13,65.67,66.17,64.43,64.82,4751,3219,65.04
US00766T1007,43980401,ACM,USD,2022-06-14,64.43,65.0,63.23,63.99,4863,2974,63.98
US00766T1007,43980401,ACM,USD,2022-06-15,64.71,65.34,63.27,64.46,4018,2240,64.514
US00766T1007,43980401,ACM,USD,2022-06-16,63.19,63.19,60.74,61.26,6182,3901,61.366
US00766T1007,43980401,ACM,USD,2022-06-17,61.76,63.15,61.3,62.04,7483,3256,62.112
US00766T1007,43980401,ACM,USD,2022-06-21,62.76,64.53,62.43,63.89,6317,3783,63.929
US00766T1007,43980401,ACM,USD,2022-06-22,62.76,64.9,62.76,64.37,8123,4239,64.349
US00766T1007,43980401,ACM,USD,2022-06-23,64.6,64.68,63.51,64.36,6976,4516,64.23
US00766T1007,43980401,ACM,USD,2022-06-24,65.01,67.05,65.01,66.89,10521,4747,66.619
US00766T1007,43980401,ACM,USD,2022-06-27,67.08,67.39,66.22,66.65,2861,1898,66.769
US00766T1007,43980401,ACM,USD,2022-06-28,67.21,67.68,65.2,65.25,3114,1948,65.797
US00766T1007,43980401,ACM,USD,2022-06-29,65.45,65.64,63.75,64.16,2961,1921,64.151
US00766T1007,43980401,ACM,USD,2022-06-30,63.21,65.58,63.05,65.22,4541,2527,64.847
US00766T1007,43980401,ACM,USD,2022-07-01,64.75,65.9,63.66,65.59,4396,2282,65.192
US00766T1007,43980401,ACM,USD,2022-07-05,64.22,64.36,62.05,63.76,4374,2811,63.163
US00766T1007,43980401,ACM,USD,2022-07-06,63.33,64.17,62.11,63.48,6125,2911,63.33
US00766T1007,43980401,ACM,USD,2022-07-07,64.22,65.67,64.1,65.38,4641,2716,65.317
US00766T1007,43980401,ACM,USD,2022-07-08,65.55,65.88,64.7,65.11,2475,1618,65.27
US00766T1007,43980401,ACM,USD,2022-07-11,64.7,65.31,64.12,65.09,3087,1854,64.86
US00766T1007,43980401,ACM,USD,2022-07-12,64.74,65.6,63.78,64.07,3799,2324,64.57
US00766T1007,43980401,ACM,USD,2022-07-13,63.12,64.26,62.69,63.8,4857,2998,63.758
US00766T1007,43980401,ACM,USD,2022-07-14,62.52,62.98,61.96,62.92,2413,1114,62.666
US00766T1007,43980401,ACM,USD,2022-07-15,63.31,64.29,62.6,63.96,2238,1148,63.888
US00766T1007,43980401,ACM,USD,2022-07-18,64.32,64.82,63.02,63.22,2474,1260,63.675
US00766T1007,43980401,ACM,USD,2022-07-19,64.03,66.51,64.03,66.44,3090,1697,66.095
US00766T1007,43980401,ACM,USD,2022-07-20,66.52,67.55,65.94,67.22,3942,2209,67.169
US00766T1007,43980401,ACM,USD,2022-07-21,66.5,68.06,66.5,68.05,3286,1845,67.67
US00766T1007,43980401,ACM,USD,2022-07-22,68.17,68.77,67.18,67.45,6179,2027,67.551
US00766T1007,43980401,ACM,USD,2022-07-25,67.3,68.85,66.6,68.67,2999,1410,68.325
US00766T1007,43980401,ACM,USD,2022-07-26,68.62,69.69,68.39,69.27,3757,2238,69.346
US00766T1007,43980401,ACM,USD,2022-07-27,69.39,70.52,69.16,69.98,3320,1898,69.787
US00766T1007,43980401,ACM,USD,2022-07-28,71.0,72.27,70.32,71.99,3229,1629,71.765
US00766T1007,43980401,ACM,USD,2022-07-29,71.92,72.37,71.72,72.0,3761,1731,72.054
US00766T1007,43980401,ACM,USD,2022-08-01,71.41,72.67,70.78,71.77,3748,2593,71.925
US00766T1007,43980401,ACM,USD,2022-08-02,71.72,72.1,70.79,71.46,3538,1941,71.551
US00766T1007,43980401,ACM,USD,2022-08-03,72.0,72.0,71.24,71.52,3771,1801,71.606
US00766T1007,43980401,ACM,USD,2022-08-04,71.48,72.05,70.58,71.49,4990,2586,71.566
US00766T1007,43980401,ACM,USD,2022-08-05,70.83,72.31,70.76,71.57,4357,2782,71.635
US00766T1007,43980401,ACM,USD,2022-08-08,72.3,73.0,70.32,70.98,7047,4221,70.949
US00766T1007,43980401,ACM,USD,2022-08-09,72.69,74.78,72.29,72.88,12035,5732,73.212
US00766T1007,43980401,ACM,USD,2022-08-10,74.19,75.19,74.16,74.72,7606,4146,74.754
US00766T1007,43980401,ACM,USD,2022-08-11,74.93,75.69,74.73,75.0,3703,1899,75.099
US00766T1007,43980401,ACM,USD,2022-08-12,75.52,76.58,75.18,76.57,5261,2366,75.961
US00766T1007,43980401,ACM,USD,2022-08-15,76.1,77.22,75.86,76.89,2931,1576,76.825
US00766T1007,43980401,ACM,USD,2022-08-16,76.71,77.38,76.66,76.99,2818,1649,77.05
US00766T1007,43980401,ACM,USD,2022-08-17,76.38,77.46,76.21,77.39,2949,1647,77.078
US00766T1007,43980401,ACM,USD,2022-08-18,77.39,78.0,77.14,77.46,2912,1080,77.516
US00766T1007,43980401,ACM,USD,2022-08-19,76.88,76.88,73.65,73.65,2042,1203,76.493
US00766T1007,43980401,ACM,USD,2022-08-22,75.27,75.6,74.75,74.85,2621,1432,75.056
US00766T1007,43980401,ACM,USD,2022-08-23,75.43,76.04,74.82,75.56,2144,1223,75.554
US00766T1007,43980401,ACM,USD,2022-08-24,75.84,76.36,75.56,76.24,2553,1523,76.07
US00766T1007,43980401,ACM,USD,2022-08-25,76.61,77.8,76.27,77.74,2756,1734,77.328
US00766T1007,43980401,ACM,USD,2022-08-26,77.74,78.2,75.69,75.71,2401,1360,76.349
US00766T1007,43980401,ACM,USD,2022-08-29,75.13,75.59,74.7,75.15,3134,1867,75.231
US00766T1007,43980401,ACM,USD,2022-08-30,75.19,75.19,72.99,73.14,3195,1878,73.392
US00766T1007,43980401,ACM,USD,2022-08-31,73.4,73.78,72.76,73.15,2868,1786,73.313
US00766T1007,43980401,ACM,USD,2022-09-01,73.15,73.16,70.87,71.73,3263,2196,71.594
US00766T1007,43980401,ACM,USD,2022-09-02,72.47,73.62,71.33,72.31,3056,1877,72.21
US00766T1007,43980401,ACM,USD,2022-09-06,71.55,72.08,70.72,72.01,3270,2101,71.703
US00766T1007,43980401,ACM,USD,2022-09-07,71.9,73.83,71.81,73.81,2633,1592,73.322
US00766T1007,43980401,ACM,USD,2022-09-08,73.39,74.13,72.87,74.05,3969,2614,73.916
US00766T1007,43980401,ACM,USD,2022-09-09,74.5,75.23,74.19,75.13,2252,1451,74.964
US00766T1007,43980401,ACM,USD,2022-09-12,75.53,75.69,74.46,75.13,2972,1915,75.163
US00766T1007,43980401,ACM,USD,2022-09-13,73.27,73.66,71.82,71.98,5753,4411,72.591
US00766T1007,43980401,ACM,USD,2022-09-14,72.04,72.04,69.96,71.22,5685,2935,70.852
US00766T1007,43980401,ACM,USD,2022-09-15,70.58,71.56,70.13,71.47,5321,3150,71.204
US00766T1007,43980401,ACM,USD,2022-09-16,70.74,71.42,70.0,71.26,20051,3265,71.108
US00766T1007,43980401,ACM,USD,2022-09-19,71.26,72.58,70.45,72.41,3799,1466,72.155
US00766T1007,43980401,ACM,USD,2022-09-20,72.41,72.49,71.34,71.73,3948,2438,71.845
US00766T1007,43980401,ACM,USD,2022-09-21,72.45,73.52,70.99,71.04,4118,2757,72.206
US00766T1007,43980401,ACM,USD,2022-09-22,70.89,71.21,70.32,70.48,4384,2941,70.721
US00766T1007,43980401,ACM,USD,2022-09-23,69.63,69.66,67.65,68.4,3517,2316,68.329
US00766T1007,43980401,ACM,USD,2022-09-26,67.86,69.0,67.4,67.65,4751,3040,67.989
US00766T1007,43980401,ACM,USD,2022-09-27,68.42,68.86,66.84,67.37,4713,3196,67.566
US00766T1007,43980401,ACM,USD,2022-09-28,68.09,70.27,67.99,69.75,4366,2937,69.588
US00766T1007,43980401,ACM,USD,2022-09-29,68.71,69.04,66.47,69.0,4763,3312,67.767
US00766T1007,43980401,ACM,USD,2022-09-30,68.24,70.25,67.9,68.37,5597,2781,68.863
US00766T1007,43980401,ACM,USD,2022-10-03,69.45,70.71,68.71,70.24,3365,1687,70.132
US00766T1007,43980401,ACM,USD,2022-10-04,71.23,72.86,71.22,72.86,3368,1917,72.436
US00766T1007,43980401,ACM,USD,2022-10-05,71.83,73.0,71.65,72.63,2853,1634,72.448
US00766T1007,43980401,ACM,USD,2022-10-06,72.45,73.41,72.45,73.14,3271,1459,73.076
US00766T1007,43980401,ACM,USD,2022-10-07,72.72,73.03,71.37,72.09,3011,1514,72.051
US00766T1007,43980401,ACM,USD,2022-10-10,72.1,73.01,71.59,71.97,2360,1513,72.216
US00766T1007,43980401,ACM,USD,2022-10-11,71.6,73.19,71.14,72.48,6085,2532,72.394
US00766T1007,43980401,ACM,USD,2022-10-12,72.5,72.5,70.07,70.14,5367,3720,70.569
US00766T1007,43980401,ACM,USD,2022-10-13,68.94,70.86,68.26,70.53,7592,4911,69.903
US00766T1007,43980401,ACM,USD,2022-10-14,70.94,71.27,68.08,68.45,5729,3560,68.671
US00766T1007,43980401,ACM,USD,2022-10-17,69.08,70.52,69.07,70.38,5031,3168,70.161
US00766T1007,43980401,ACM,USD,2022-10-18,71.89,72.91,71.56,72.18,4803,2477,72.165
US00766T1007,43980401,ACM,USD,2022-10-19,71.47,72.24,71.07,72.19,3550,2073,71.874
US00766T1007,43980401,ACM,USD,2022-10-20,72.0,72.69,69.28,69.68,4114,2194,70.235
US00766T1007,43980401,ACM,USD,2022-10-21,69.94,71.68,69.46,71.59,4517,2634,71.124
US00766T1007,43980401,ACM,USD,2022-10-24,71.86,72.59,71.05,71.9,4300,2411,71.754
US00766T1007,43980401,ACM,USD,2022-10-25,73.73,73.73,71.63,72.61,3951,2319,72.456
US00766T1007,43980401,ACM,USD,2022-10-26,73.0,73.68,72.38,72.67,3226,1745,72.868
US00766T1007,43980401,ACM,USD,2022-10-27,73.5,74.69,73.37,73.86,2848,1622,73.932
US00766T1007,43980401,ACM,USD,2022-10-28,74.22,75.82,74.19,75.6,2502,1384,75.339
US00766T1007,43980401,ACM,USD,2022-10-31,75.04,75.61,74.55,75.28,3666,1554,75.27
US00766T1007,43980401,ACM,USD,2022-11-01,75.55,75.78,75.07,75.73,3104,1334,75.611
US00766T1007,43980401,ACM,USD,2022-11-02,75.73,75.89,73.64,73.72,4445,2915,74.402
US00766T1007,43980401,ACM,USD,2022-11-03,72.96,75.43,72.48,74.66,4866,3217,74.52
US00766T1007,43980401,ACM,USD,2022-11-04,76.0,76.65,74.55,75.87,4344,2811,75.54
US00766T1007,43980401,ACM,USD,2022-11-07,76.43,77.12,75.69,76.63,4940,2898,76.713
US00766T1007,43980401,ACM,USD,2022-11-08,76.38,77.57,75.96,76.73,3759,2357,76.833
US00766T1007,43980401,ACM,USD,2022-11-09,75.82,77.12,74.96,75.25,4550,2229,75.553
US00766T1007,43980401,ACM,USD,2022-11-10,77.18,78.6,76.81,78.49,5879,3601,78.125
US00766T1007,43980401,ACM,USD,2022-11-11,78.51,78.72,77.02,77.65,6016,4219,77.646
US00766T1007,43980401,ACM,USD,2022-11-14,77.18,79.64,76.21,78.21,6363,3594,78.339
US00766T1007,43980401,ACM,USD,2022-11-15,79.61,81.08,78.43,79.81,7729,3818,79.938
US00766T1007,43980401,ACM,USD,2022-11-16,79.61,79.89,78.46,79.32,5052,2953,79.268
US00766T1007,43980401,ACM,USD,2022-11-17,78.24,78.95,77.98,78.67,3527,1951,78.571
US00766T1007,43980401,ACM,USD,2022-11-18,80.0,80.39,79.1,79.87,5666,2140,79.85
US00766T1007,43980401,ACM,USD,2022-11-21,79.59,81.93,79.29,81.66,6701,3261,81.359
US00766T1007,43980401,ACM,USD,2022-11-22,82.13,84.26,82.13,83.69,9142,4923,83.572
US00766T1007,43980401,ACM,USD,2022-11-23,83.66,84.83,83.57,83.89,5468,3439,84.103
US00766T1007,43980401,ACM,USD,2022-11-25,83.98,84.54,83.73,84.1,1470,940,84.099
US00766T1007,43980401,ACM,USD,2022-11-28,83.3,83.91,82.33,82.49,3285,2061,82.902
US00766T1007,43980401,ACM,USD,2022-11-29,82.32,83.65,82.01,82.61,2908,1583,82.705
US00766T1007,43980401,ACM,USD,2022-11-30,82.78,85.18,82.58,85.0,5546,2367,84.504
US00766T1007,43980401,ACM,USD,2022-12-01,85.07,85.37,84.18,85.01,8836,4723,84.961
US00766T1007,43980401,ACM,USD,2022-12-02,84.67,86.94,84.31,85.9,5613,3205,85.997
US00766T1007,43980401,ACM,USD,2022-12-05,85.47,85.68,83.68,84.69,4026,2848,84.387
US00766T1007,43980401,ACM,USD,2022-12-06,85.03,85.64,84.55,85.24,5665,2545,85.144
US00766T1007,43980401,ACM,USD,2022-12-07,85.17,85.57,84.6,84.95,2599,1566,84.96
US00766T1007,43980401,ACM,USD,2022-12-08,85.58,86.34,85.18,85.49,3269,1989,85.564
US00766T1007,43980401,ACM,USD,2022-12-09,85.5,85.8,83.62,83.71,4178,2111,84.203
US00766T1007,43980401,ACM,USD,2022-12-12,84.09,84.66,83.33,84.19,9984,5932,83.969
US00766T1007,43980401,ACM,USD,2022-12-13,86.05,86.05,84.52,85.35,5039,2872,85.184
US00766T1007,43980401,ACM,USD,2022-12-14,85.31,86.31,84.23,85.08,4878,2870,85.343
US00766T1007,43980401,ACM,USD,2022-12-15,84.17,84.42,83.02,83.67,4442,2545,83.639
US00766T1007,43980401,ACM,USD,2022-12-16,82.65,83.51,81.92,82.77,12326,3333,82.737
US00766T1007,43980401,ACM,USD,2022-12-19,83.04,83.97,82.63,82.88,4474,2607,83.095
US00766T1007,43980401,ACM,USD,2022-12-20,82.52,84.43,82.2,83.7,7003,3772,83.658
US00766T1007,43980401,ACM,USD,2022-12-21,84.32,85.22,83.89,84.63,4226,1977,84.672
US00766T1007,43980401,ACM,USD,2022-12-22,84.12,84.58,83.09,84.53,5370,3135,84.097
US00766T1007,43980401,ACM,USD,2022-12-23,84.51,85.09,84.17,84.69,3456,2074,84.617
US00766T1007,43980401,ACM,USD,2022-12-27,84.7,85.67,84.53,85.64,3546,1808,85.35
US00766T1007,43980401,ACM,USD,2022-12-28,85.6,86.36,84.0,84.07,3239,1946,84.666
US00766T1007,43980401,ACM,USD,2022-12-29,84.53,85.54,84.36,85.0,2352,1487,85.021
US00766T1007,43980401,ACM,USD,2022-12-30,84.67,85.19,84.01,84.93,2968,1683,84.676
US00766T1007,43980401,ACM,USD,2023-01-03,84.86,85.2,83.32,83.71,7355,2990,83.911
US00766T1007,43980401,ACM,USD,2023-01-04,83.73,84.54,83.2,84.09,5715,2734,83.845
US00766T1007,43980401,ACM,USD,2023-01-05,83.96,84.5,80.93,81.2,8175,4326,81.984
US00766T1007,43980401,ACM,USD,2023-01-06,81.24,83.15,80.83,83.15,6212,3127,82.754
US00766T1007,43980401,ACM,USD,2023-01-09,83.61,84.52,81.96,82.07,8912,4137,82.639
US00766T1007,43980401,ACM,USD,2023-01-10,81.85,83.65,81.78,83.63,7671,4375,82.988
US00766T1007,43980401,ACM,USD,2023-01-11,83.97,84.33,83.12,83.99,4750,2536,83.763
US00766T1007,43980401,ACM,USD,2023-01-12,84.75,86.35,84.72,85.87,6484,3693,85.606
US00766T1007,43980401,ACM,USD,2023-01-13,86.65,87.9,84.8,86.4,9937,4731,86.003
US00766T1007,43980401,ACM,USD,2023-01-17,86.78,88.42,86.31,86.58,7203,3010,87.045
US00766T1007,43980401,ACM,USD,2023-01-18,86.82,87.03,85.24,85.75,7822,3264,85.861
US00766T1007,43980401,ACM,USD,2023-01-19,82.78,86.0,82.71,85.6,7809,4558,85.546
US00766T1007,43980401,ACM,USD,2023-01-20,86.35,86.91,85.18,86.75,5091,2895,86.504
US00766T1007,43980401,ACM,USD,2023-01-23,87.13,87.43,85.66,86.11,7889,3663,86.429
US00766T1007,43980401,ACM,USD,2023-01-24,85.33,87.65,85.31,87.49,3953,2306,87.212
US00766T1007,43980401,ACM,USD,2023-01-25,86.9,87.62,86.4,87.06,6301,3512,86.931
US00766T1007,43980401,ACM,USD,2023-01-26,87.54,87.54,86.28,86.75,5611,3002,86.714
US00766T1007,43980401,ACM,USD,2023-01-27,86.59,86.91,85.89,85.95,4027,2435,86.247
US00766T1007,43980401,ACM,USD,2023-01-30,85.4,86.98,85.4,85.64,4833,2694,85.881
US00766T1007,43980401,ACM,USD,2023-01-31,86.1,87.3,85.88,87.27,9351,3474,87.028
US00766T1007,43980401,ACM,USD,2023-02-01,86.84,87.44,85.86,87.14,7484,4067,86.887
US00766T1007,43980401,ACM,USD,2023-02-02,87.0,87.28,85.87,87.1,5684,3033,86.884
US00766T1007,43980401,ACM,USD,2023-02-03,86.65,88.18,86.18,87.64,12319,5675,87.541
US00766T1007,43980401,ACM,USD,2023-02-06,87.86,88.42,86.47,88.24,15280,7933,87.647
US00766T1007,43980401,ACM,USD,2023-02-07,88.68,91.27,86.38,90.75,23767,12373,89.762
US00766T1007,43980401,ACM,USD,2023-02-08,90.58,91.19,89.63,91.08,9879,5070,90.616
US00766T1007,43980401,ACM,USD,2023-02-09,91.24,92.1,89.62,90.1,8223,4531,90.41
US00766T1007,43980401,ACM,USD,2023-02-10,90.35,90.96,88.82,89.81,9030,4820,89.544
US00766T1007,43980401,ACM,USD,2023-02-13,89.99,90.37,89.66,90.25,7588,3672,90.15
US00766T1007,43980401,ACM,USD,2023-02-14,89.99,91.3,89.51,91.11,9385,5683,90.578
US00766T1007,43980401,ACM,USD,2023-02-15,90.84,90.84,89.6,90.48,6712,3392,90.449
US00766T1007,43980401,ACM,USD,2023-02-16,90.03,92.16,89.57,90.41,5034,2804,90.932
US00766T1007,43980401,ACM,USD,2023-02-17,90.35,90.38,89.17,89.39,8558,5403,89.532
US00766T1007,43980401,ACM,USD,2023-02-21,88.14,89.51,87.87,88.78,8268,4334,88.572
US00766T1007,43980401,ACM,USD,2023-02-22,88.98,89.49,88.06,88.15,6066,3192,88.639
US00766T1007,43980401,ACM,USD,2023-02-23,88.93,89.48,87.63,88.02,5812,3424,88.306
US00766T1007,43980401,ACM,USD,2023-02-24,87.29,88.08,86.01,86.01,7190,4283,87.277
US00766T1007,43980401,ACM,USD,2023-02-27,87.5,88.04,86.57,86.77,8214,4466,87.11
US00766T1007,43980401,ACM,USD,2023-02-28,86.78,87.57,86.19,86.36,48792,8402,86.464
US00766T1007,43980401,ACM,USD,2023-03-01,86.39,88.39,86.37,87.89,11165,6476,87.774
US00766T1007,43980401,ACM,USD,2023-03-02,87.79,88.66,87.07,88.31,6697,4012,88.23
US00766T1007,43980401,ACM,USD,2023-03-03,88.41,89.98,88.05,89.71,7579,4730,89.354
US00766T1007,43980401,ACM,USD,2023-03-06,89.68,89.93,88.92,89.28,9772,3510,89.295
US00766T1007,43980401,ACM,USD,2023-03-07,89.78,91.34,89.42,90.78,10723,4827,90.717
US00766T1007,43980401,ACM,USD,2023-03-08,90.88,91.11,88.82,89.15,7133,3408,89.63
US00766T1007,43980401,ACM,USD,2023-03-09,89.37,89.78,87.6,87.72,5478,3347,88.385
US00766T1007,43980401,ACM,USD,2023-03-10,87.3,87.3,83.98,84.26,8416,4930,85.011
US00766T1007,43980401,ACM,USD,2023-03-13,82.92,84.82,82.58,83.72,8663,4879,83.818
US00766T1007,43980401,ACM,USD,2023-03-14,85.35,86.1,84.27,85.08,7711,4328,85.21
US00766T1007,43980401,ACM,USD,2023-03-15,84.11,84.3,81.18,82.79,15904,7682,82.268
US00766T1007,43980401,ACM,USD,2023-03-16,82.0,83.76,81.74,83.46,9271,5198,83.134
US00766T1007,43980401,ACM,USD,2023-03-17,82.86,82.96,81.34,82.36,13700,4397,82.254
US00766T1007,43980401,ACM,USD,2023-03-20,83.12,83.66,82.33,82.56,8360,3264,82.791
US00766T1007,43980401,ACM,USD,2023-03-21,83.68,84.39,83.29,83.95,8149,3935,83.825
US00766T1007,43980401,ACM,USD,2023-03-22,83.96,84.28,81.74,81.79,4384,2430,82.684
US00766T1007,43980401,ACM,USD,2023-03-23,81.69,82.87,80.13,80.84,5979,2998,81.143
US00766T1007,43980401,ACM,USD,2023-03-24,79.86,81.35,79.08,81.18,5996,3830,80.712
US00766T1007,43980401,ACM,USD,2023-03-27,82.23,82.64,81.43,81.71,3777,1960,81.873
US00766T1007,43980401,ACM,USD,2023-03-28,81.65,83.3,81.3,83.02,4236,2660,82.888
US00766T1007,43980401,ACM,USD,2023-03-29,83.64,83.64,82.7,83.48,3979,2356,83.25
US00766T1007,43980401,ACM,USD,2023-03-30,84.18,84.42,83.22,83.54,4890,2677,83.588
US00766T1007,43980401,ACM,USD,2023-03-31,84.18,84.5,83.59,84.32,6915,2667,84.097
US00766T1007,43980401,ACM,USD,2023-04-03,82.0,85.18,82.0,84.5,4686,2684,84.356
US00766T1007,43980401,ACM,USD,2023-04-04,84.5,84.5,81.27,81.76,5699,3030,82.139
US00766T1007,43980401,ACM,USD,2023-04-05,81.41,81.99,79.71,79.71,10863,4870,80.24
US00766T1007,43980401,ACM,USD,2023-04-06,79.97,80.29,79.37,80.27,5330,2675,80.083
US00766T1007,43980401,ACM,USD,2023-04-10,79.95,81.68,79.88,81.33,6248,3265,81.25
US00766T1007,43980401,ACM,USD,2023-04-11,81.59,82.0,81.33,81.77,3886,1949,81.739
US00766T1007,43980401,ACM,USD,2023-04-12,82.39,82.92,81.64,82.21,4865,2689,82.236
US00766T1007,43980401,ACM,USD,2023-04-13,82.87,82.87,81.36,82.69,4171,2121,82.386
US00766T1007,43980401,ACM,USD,2023-04-14,82.35,83.32,82.05,82.72,3582,1557,82.645
US00766T1007,43980401,ACM,USD,2023-04-17,82.49,83.93,82.14,83.93,3080,1388,83.092
US00766T1007,43980401,ACM,USD,2023-04-18,83.73,83.93,82.42,82.95,3298,2053,82.802
US00766T1007,43980401,ACM,USD,2023-04-19,82.56,82.98,81.99,82.62,3662,2051,82.579
US00766T1007,43980401,ACM,USD,2023-04-20,82.47,83.47,82.33,83.14,2878,1828,83.091
US00766T1007,43980401,ACM,USD,2023-04-21,83.23,83.45,81.93,82.35,2795,1635,82.466
US00766T1007,43980401,ACM,USD,2023-04-24,82.5,83.64,82.4,82.9,2751,1306,83.01
US00766T1007,43980401,ACM,USD,2023-04-25,82.13,82.43,81.45,81.57,2997,1266,81.816
US00766T1007,43980401,ACM,USD,2023-04-26,80.86,81.34,80.18,80.73,5109,1883,80.69
US00766T1007,43980401,ACM,USD,2023-04-27,80.8,82.73,80.69,81.1,3696,2184,81.954
US00766T1007,43980401,ACM,USD,2023-04-28,82.18,83.25,82.18,83.05,3164,1443,82.991
US00766T1007,43980401,ACM,USD,2023-05-01,83.2,84.35,83.2,83.61,4216,2036,83.737
US00766T1007,43980401,ACM,USD,2023-05-02,82.75,83.83,81.45,82.81,3897,2114,82.454
US00766T1007,43980401,ACM,USD,2023-05-03,83.0,83.45,81.66,81.96,5688,2829,82.28
US00766T1007,43980401,ACM,USD,2023-05-04,81.82,82.2,80.86,81.37,3882,2252,81.465
US00766T1007,43980401,ACM,USD,2023-05-05,81.4,83.89,81.31,83.7,5271,3231,83.323
US00766T1007,43980401,ACM,USD,2023-05-08,84.05,84.25,82.49,82.5,8263,4978,82.935
US00766T1007,43980401,ACM,USD,2023-05-09,82.17,82.17,78.6,80.15,9637,6535,80.194
US00766T1007,43980401,ACM,USD,2023-05-10,80.73,80.83,79.02,80.02,5917,3371,79.83
US00766T1007,43980401,ACM,USD,2023-05-11,79.24,79.6,77.24,77.88,7689,5001,77.965
US00766T1007,43980401,ACM,USD,2023-05-12,78.29,78.99,77.89,78.14,6448,3660,78.195
US00766T1007,43980401,ACM,USD,2023-05-15,78.0,79.7,77.95,79.45,4566,2957,79.228
US00766T1007,43980401,ACM,USD,2023-05-16,78.61,79.37,78.13,78.5,5592,3091,78.504
US00766T1007,43980401,ACM,USD,2023-05-17,78.98,80.05,78.65,79.86,4913,3380,79.654
US00766T1007,43980401,ACM,USD,2023-05-18,79.61,80.01,78.71,79.81,5287,3555,79.436
US00766T1007,43980401,ACM,USD,2023-05-19,80.61,81.04,78.99,79.28,4012,2177,79.547
US00766T1007,43980401,ACM,USD,2023-05-22,79.61,80.38,79.13,79.4,5514,3368,79.513
US00766T1007,43980401,ACM,USD,2023-05-23,78.99,79.73,78.16,78.31,4088,2585,78.664
US00766T1007,43980401,ACM,USD,2023-05-24,78.31,78.31,76.52,76.6,5433,3537,76.994
US00766T1007,43980401,ACM,USD,2023-05-25,76.36,76.89,76.0,76.66,7582,4753,76.559
US00766T1007,43980401,ACM,USD,2023-05-26,76.97,77.59,76.55,77.06,6137,3954,77.016
US00766T1007,43980401,ACM,USD,2023-05-30,77.17,77.85,76.3,76.81,5512,3573,76.8
US00766T1007,43980401,ACM,USD,2023-05-31,76.52,78.32,76.52,78.05,46313,8797,77.957
US00766T1007,43980401,ACM,USD,2023-06-01,78.02,78.45,76.82,77.55,8048,4989,77.412
US00766T1007,43980401,ACM,USD,2023-06-02,78.46,81.04,77.89,81.0,7568,3923,80.37
US00766T1007,43980401,ACM,USD,2023-06-05,80.52,82.08,80.24,81.93,9272,4936,81.581
US00766T1007,43980401,ACM,USD,2023-06-06,81.99,83.23,81.99,83.06,7868,4472,82.86
US00766T1007,43980401,ACM,USD,2023-06-07,83.18,84.11,82.79,83.09,9709,4027,83.337
US00766T1007,43980401,ACM,USD,2023-06-08,82.92,83.22,82.22,83.02,3960,2207,82.859
US00766T1007,43980401,ACM,USD,2023-06-09,82.96,83.57,82.65,83.57,5091,2334,83.35
US00766T1007,43980401,ACM,USD,2023-06-12,83.73,85.45,83.42,84.95,8711,4198,84.911
US00766T1007,43980401,ACM,USD,2023-06-13,85.3,85.93,84.76,85.26,7598,4081,85.383
US00766T1007,43980401,ACM,USD,2023-06-14,85.71,86.48,85.13,86.2,8133,4631,86.01
US00766T1007,43980401,ACM,USD,2023-06-15,85.48,86.71,85.16,86.31,6921,3096,86.107
US00766T1007,43980401,ACM,USD,2023-06-16,86.66,87.41,86.03,86.67,16529,2620,86.681
US00766T1007,43980401,ACM,USD,2023-06-20,86.0,86.48,85.22,86.42,6337,2681,86.265
US00766T1007,43980401,ACM,USD,2023-06-21,85.9,86.83,85.39,86.56,5502,2834,86.523
US00766T1007,43980401,ACM,USD,2023-06-22,86.42,86.42,85.34,85.54,4935,2513,85.631
US00766T1007,43980401,ACM,USD,2023-06-23,84.84,85.95,84.38,84.99,9186,2962,85.131
US00766T1007,43980401,ACM,USD,2023-06-26,85.0,86.18,84.66,85.08,7320,3524,85.14
US00766T1007,43980401,ACM,USD,2023-06-27,85.24,86.02,84.98,85.71,6766,3987,85.639
US00766T1007,43980401,ACM,USD,2023-06-28,85.7,85.73,82.97,83.13,9902,4898,83.536
US00766T1007,43980401,ACM,USD,2023-06-29,82.94,84.79,82.9,84.77,4772,2779,84.517
US00766T1007,43980401,ACM,USD,2023-06-30,85.22,85.22,84.36,84.4,5925,2354,84.703
US00766T1007,43980401,ACM,USD,2023-07-03,84.48,86.04,84.06,85.72,2813,1434,85.419
US00766T1007,43980401,ACM,USD,2023-07-05,84.99,86.6,83.45,83.45,4922,2649,84.898
US00766T1007,43980401,ACM,USD,2023-07-06,84.63,85.53,84.36,85.47,6145,2932,85.12
US00766T1007,43980401,ACM,USD,2023-07-07,85.14,86.62,85.14,85.81,7371,3878,85.952
US00766T1007,43980401,ACM,USD,2023-07-10,85.8,86.89,85.48,86.8,5932,2914,86.445
US00766T1007,43980401,ACM,USD,2023-07-11,87.93,87.93,86.4,87.31,3853,2465,87.176
US00766T1007,43980401,ACM,USD,2023-07-12,88.16,88.21,86.74,86.9,3227,1762,87.064
US00766T1007,43980401,ACM,USD,2023-07-13,86.96,87.83,86.78,87.61,3028,1329,87.468
US00766T1007,43980401,ACM,USD,2023-07-14,87.73,87.73,85.86,86.64,3067,1188,86.574
US00766T1007,43980401,ACM,USD,2023-07-17,85.91,87.5,85.91,87.0,2861,1898,87.115
US00766T1007,43980401,ACM,USD,2023-07-18,87.43,88.65,87.18,88.32,3251,1335,88.306
US00766T1007,43980401,ACM,USD,2023-07-19,88.3,88.88,87.47,88.7,3557,1764,88.544
US00766T1007,43980401,ACM,USD,2023-07-20,89.15,89.15,88.09,88.94,2990,1603,88.738
US00766T1007,43980401,ACM,USD,2023-07-21,89.4,89.4,88.31,88.44,3140,1814,88.581
US00766T1007,43980401,ACM,USD,2023-07-24,88.22,88.49,87.15,87.86,2649,1649,87.842
US00766T1007,43980401,ACM,USD,2023-07-25,87.36,88.82,87.1,88.32,2427,1420,88.297
US00766T1007,43980401,ACM,USD,2023-07-26,88.14,88.88,87.33,87.64,3789,1868,87.925
US00766T1007,43980401,ACM,USD,2023-07-27,87.85,87.85,85.08,86.37,4011,2609,86.075
US00766T1007,43980401,ACM,USD,2023-07-28,86.37,87.13,86.14,86.99,2688,1436,86.87
US00766T1007,43980401,ACM,USD,2023-07-31,87.28,87.77,86.77,87.0,3135,1623,87.054
US00766T1007,43980401,ACM,USD,2023-08-01,87.0,87.58,86.5,87.5,2854,1511,87.287
US00766T1007,43980401,ACM,USD,2023-08-02,87.75,88.0,86.85,87.35,3735,1369,87.336
US00766T1007,43980401,ACM,USD,2023-08-03,86.97,87.73,86.37,86.82,4883,2507,86.973
US00766T1007,43980401,ACM,USD,2023-08-04,87.66,87.66,85.31,86.52,3671,2480,86.431
US00766T1007,43980401,ACM,USD,2023-08-07,87.25,87.98,85.64,85.64,7890,5175,87.193
US00766T1007,43980401,ACM,USD,2023-08-08,85.8,85.8,81.65,85.4,7028,4186,84.598
US00766T1007,43980401,ACM,USD,2023-08-09,85.56,86.21,84.36,85.57,3648,2013,85.591
US00766T1007,43980401,ACM,USD,2023-08-10,85.59,87.62,85.5,87.38,4718,2633,87.31
US00766T1007,43980401,ACM,USD,2023-08-11,87.37,88.97,86.97,88.43,6935,4402,88.44
US00766T1007,43980401,ACM,USD,2023-08-14,88.3,89.93,87.97,89.77,6320,3870,89.517
US00766T1007,43980401,ACM,USD,2023-08-15,89.42,89.42,87.72,87.88,4123,2767,88.156
US00766T1007,43980401,ACM,USD,2023-08-16,87.85,88.67,87.46,87.48,3137,1846,87.929
US00766T1007,43980401,ACM,USD,2023-08-17,87.65,88.18,86.1,86.13,3459,2067,86.882
US00766T1007,43980401,ACM,USD,2023-08-18,85.66,87.27,85.52,86.89,3794,2023,86.848
US00766T1007,43980401,ACM,USD,2023-08-21,87.0,87.32,85.9,86.86,4685,2798,86.581
US00766T1007,43980401,ACM,USD,2023-08-22,87.23,87.85,87.0,87.35,4690,2881,87.475
US00766T1007,43980401,ACM,USD,2023-08-23,87.76,88.8,87.32,88.2,4709,2716,88.233
US00766T1007,43980401,ACM,USD,2023-08-24,87.46,88.43,86.22,86.25,2868,1766,86.827
US00766T1007,43980401,ACM,USD,2023-08-25,86.8,87.59,86.33,86.87,2982,1687,86.99
US00766T1007,43980401,ACM,USD,2023-08-28,87.19,88.36,87.04,88.35,4012,2024,87.986
US00766T1007,43980401,ACM,USD,2023-08-29,87.79,87.93,87.07,87.72,2826,1612,87.642
US00766T1007,43980401,ACM,USD,2023-08-30,88.35,88.56,87.65,88.04,4199,1871,88.136
US00766T1007,43980401,ACM,USD,2023-08-31,88.4,88.69,87.41,87.75,8947,3189,87.761
US00766T1007,43980401,ACM,USD,2023-09-01,88.15,89.45,88.09,89.45,3007,1881,88.685
US00766T1007,43980401,ACM,USD,2023-09-05,87.8,87.83,85.94,86.72,3188,1712,86.683
US00766T1007,43980401,ACM,USD,2023-09-06,86.75,87.18,85.14,85.48,4760,2515,85.632
US00766T1007,43980401,ACM,USD,2023-09-07,85.12,85.55,84.35,84.93,4355,1650,84.888
US00766T1007,43980401,ACM,USD,2023-09-08,85.07,85.24,84.5,84.87,2065,1252,84.883
US00766T1007,43980401,ACM,USD,2023-09-11,85.1,85.64,84.89,85.0,3279,1915,85.285
US00766T1007,43980401,ACM,USD,2023-09-12,85.3,86.3,84.88,85.5,4051,2393,85.719
US00766T1007,43980401,ACM,USD,2023-09-13,85.26,85.56,82.33,82.58,7292,4325,83.241
US00766T1007,43980401,ACM,USD,2023-09-14,83.25,84.1,83.01,84.0,5238,3155,83.758
US00766T1007,43980401,ACM,USD,2023-09-15,83.3,84.48,83.09,83.93,12479,3152,83.897
US00766T1007,43980401,ACM,USD,2023-09-18,84.21,85.7,84.01,84.72,4031,2562,85.106
US00766T1007,43980401,ACM,USD,2023-09-19,84.75,85.35,83.44,83.61,8101,4576,83.951
US00766T1007,43980401,ACM,USD,2023-09-20,83.62,84.91,83.31,83.57,7170,3939,84.153
US00766T1007,43980401,ACM,USD,2023-09-21,83.11,83.4,81.78,81.79,5039,3078,82.336
US00766T1007,43980401,ACM,USD,2023-09-22,81.8,82.68,81.8,82.01,5527,3095,82.255
US00766T1007,43980401,ACM,USD,2023-09-25,81.66,82.43,81.59,81.98,5982,3087,82.071
US00766T1007,43980401,ACM,USD,2023-09-26,81.53,82.36,81.53,81.75,5210,2804,81.844
US00766T1007,43980401,ACM,USD,2023-09-27,82.22,83.91,82.03,83.56,5356,3022,83.304
US00766T1007,43980401,ACM,USD,2023-09-28,83.68,84.77,83.48,83.61,3280,1843,83.938
US00766T1007,43980401,ACM,USD,2023-09-29,84.15,84.25,82.71,83.04,4707,2354,83.288
US00766T1007,43980401,ACM,USD,2023-10-02,83.34,83.34,80.69,81.06,3192,1580,81.302
US00766T1007,43980401,ACM,USD,2023-10-03,80.56,81.15,79.43,79.58,3768,1977,79.744
US00766T1007,43980401,ACM,USD,2023-10-04,79.18,80.96,79.01,80.89,5965,2819,80.421
US00766T1007,43980401,ACM,USD,2023-10-05,80.89,81.08,80.29,80.7,3156,1435,80.743
US00766T1007,43980401,ACM,USD,2023-10-06,80.7,82.32,80.31,82.04,2548,1298,81.912
US00766T1007,43980401,ACM,USD,2023-10-09,81.76,82.79,81.67,82.58,1587,910,82.389
US00766T1007,43980401,ACM,USD,2023-10-10,82.67,83.51,82.35,82.87,3253,1555,82.91
US00766T1007,43980401,ACM,USD,2023-10-11,82.94,83.87,82.3,83.78,2354,1084,83.53
US00766T1007,43980401,ACM,USD,2023-10-12,84.2,84.21,82.03,82.61,2477,1420,82.748
US00766T1007,43980401,ACM,USD,2023-10-13,82.74,82.84,79.96,80.75,4509,2392,80.792
US00766T1007,43980401,ACM,USD,2023-10-16,80.76,82.48,80.76,82.28,3338,1708,82.143
US00766T1007,43980401,ACM,USD,2023-10-17,81.84,83.97,81.59,83.75,3856,1350,83.631
US00766T1007,43980401,ACM,USD,2023-10-18,82.92,82.92,79.93,79.96,3823,1982,80.354
US00766T1007,43980401,ACM,USD,2023-10-19,79.83,80.46,78.01,78.11,5200,2327,78.513
US00766T1007,43980401,ACM,USD,2023-10-20,78.27,78.33,77.25,77.98,4503,2127,77.865
US00766T1007,43980401,ACM,USD,2023-10-23,77.78,78.13,76.53,76.7,4483,2245,77.137
US00766T1007,43980401,ACM,USD,2023-10-24,76.71,77.61,75.77,77.61,3053,1505,76.303
US00766T1007,43980401,ACM,USD,2023-10-25,75.9,76.3,75.39,76.22,3334,1688,76.103
US00766T1007,43980401,ACM,USD,2023-10-26,76.59,77.06,75.85,76.28,2529,1210,76.297
US00766T1007,43980401,ACM,USD,2023-10-27,76.35,76.47,74.4,74.81,3613,2123,74.941
US00766T1007,43980401,ACM,USD,2023-10-30,74.91,75.83,74.52,75.55,2874,1498,75.424
US00766T1007,43980401,ACM,USD,2023-10-31,75.65,76.85,75.42,76.55,2598,1047,76.479
US00766T1007,43980401,ACM,USD,2023-11-01,76.41,77.04,75.19,76.17,4432,2400,75.853
US00766T1007,43980401,ACM,USD,2023-11-02,77.22,78.16,76.95,77.8,3193,1753,77.734
US00766T1007,43980401,ACM,USD,2023-11-03,78.99,79.72,78.95,79.01,4065,2369,79.235
US00766T1007,43980401,ACM,USD,2023-11-06,78.85,79.79,78.07,78.9,3074,1619,78.805
US00766T1007,43980401,ACM,USD,2023-11-07,78.5,78.65,77.78,78.34,4263,2082,78.35
US00766T1007,43980401,ACM,USD,2023-11-08,78.5,78.95,77.84,78.27,3799,2183,78.199
US00766T1007,43980401,ACM,USD,2023-11-09,78.96,79.32,78.11,78.14,4400,2263,78.461
US00766T1007,43980401,ACM,USD,2023-11-10,79.0,80.64,78.55,80.31,6772,3454,79.946
US00766T1007,43980401,ACM,USD,2023-11-13,80.37,82.0,77.0,81.44,9973,5676,80.75
US00766T1007,43980401,ACM,USD,2023-11-14,81.4,87.0,80.66,85.97,10297,6056,85.767
US00766T1007,43980401,ACM,USD,2023-11-15,86.25,88.14,86.25,87.11,5909,3330,87.138
US00766T1007,43980401,ACM,USD,2023-11-16,86.76,87.26,85.86,86.99,4911,2652,86.801
US00766T1007,43980401,ACM,USD,2023-11-17,86.99,87.97,86.55,86.98,4263,2257,87.203
US00766T1007,43980401,ACM,USD,2023-11-20,86.67,87.51,86.29,86.86,3881,1972,87.045
US00766T1007,43980401,ACM,USD,2023-11-21,86.81,87.7,86.16,86.16,4417,2265,87.094
US00766T1007,43980401,ACM,USD,2023-11-22,87.05,88.29,86.55,87.47,4711,2761,87.716
US00766T1007,43980401,ACM,USD,2023-11-24,87.21,88.23,87.21,87.59,1732,1198,87.863
US00766T1007,43980401,ACM,USD,2023-11-27,87.33,89.1,87.01,88.62,5753,2743,88.592
US00766T1007,43980401,ACM,USD,2023-11-28,88.62,88.62,87.22,87.4,4510,2431,87.697
US00766T1007,43980401,ACM,USD,2023-11-29,88.05,88.12,87.51,87.8,5790,3084,87.791
US00766T1007,43980401,ACM,USD,2023-11-30,88.01,88.9,87.53,88.86,13328,4934,88.6
US00766T1007,43980401,ACM,USD,2023-12-01,88.72,89.97,88.14,89.54,6709,3254,89.384
US00766T1007,43980401,ACM,USD,2023-12-04,89.15,90.63,88.89,90.6,6078,2610,90.332
US00766T1007,43980401,ACM,USD,2023-12-05,90.38,90.98,89.68,90.63,5960,3108,90.517
US00766T1007,43980401,ACM,USD,2023-12-06,91.0,91.8,90.63,90.83,3651,2079,91.046
US00766T1007,43980401,ACM,USD,2023-12-07,90.59,91.99,90.31,91.5,5478,3102,91.537
US00766T1007,43980401,ACM,USD,2023-12-08,91.5,92.38,91.03,91.23,2779,1580,91.418
US00766T1007,43980401,ACM,USD,2023-12-11,91.25,91.61,90.13,91.59,6608,3592,91.13
US00766T1007,43980401,ACM,USD,2023-12-12,91.66,93.07,91.26,92.22,6055,2438,92.338
US00766T1007,43980401,ACM,USD,2023-12-13,92.1,92.97,91.31,92.7,6817,3238,92.365
US00766T1007,43980401,ACM,USD,2023-12-14,92.79,93.88,92.34,93.29,9771,3939,93.106
US00766T1007,43980401,ACM,USD,2023-12-15,93.07,93.31,91.96,92.28,14207,3466,92.406
US00766T1007,43980401,ACM,USD,2023-12-18,92.29,93.3,91.87,92.91,5198,2427,92.817
US00766T1007,43980401,ACM,USD,2023-12-19,93.15,94.01,92.5,93.45,7025,2835,93.354
US00766T1007,43980401,ACM,USD,2023-12-20,92.85,93.73,91.28,91.34,4005,1697,91.983
US00766T1007,43980401,ACM,USD,2023-12-21,92.1,92.79,91.7,92.65,3443,1871,92.363
US00766T1007,43980401,ACM,USD,2023-12-22,92.74,92.9,91.99,92.09,3064,1575,92.245
US00766T1007,43980401,ACM,USD,2023-12-26,92.38,92.79,92.09,92.24,3601,1969,92.389
US00766T1007,43980401,ACM,USD,2023-12-27,92.15,92.79,92.09,92.09,2365,1167,92.504
US00766T1007,43980401,ACM,USD,2023-12-28,92.34,93.11,92.17,92.91,2217,1308,92.859
US00766T1007,43980401,ACM,USD,2023-12-29,93.0,93.15,92.25,92.43,2287,963,92.525
