ISIN,conId,Symbol,Currency,date,open,high,low,close,volume,barCount,average
US0382221051,266093,AMAT,USD,2019-01-02,32.28,33.79,31.6,32.5,255887,53982,33.413
US0382221051,266093,AMAT,USD,2019-01-03,32.48,33.25,31.47,31.62,500269,101503,31.975
US0382221051,266093,AMAT,USD,2019-01-04,32.22,33.85,31.71,33.8,364319,74920,33.3
US0382221051,266093,AMAT,USD,2019-01-07,34.09,34.8,33.24,34.3,327421,51808,34.289
US0382221051,266093,AMAT,USD,2019-01-08,34.32,34.73,32.67,32.91,291774,59011,33.098
US0382221051,266093,AMAT,USD,2019-01-09,33.2,34.84,33.15,34.3,267230,58928,34.311
US0382221051,266093,AMAT,USD,2019-01-10,34.7,34.82,33.89,34.76,173990,34437,34.593
US0382221051,266093,AMAT,USD,2019-01-11,34.69,35.32,34.19,34.78,147793,31966,34.797
US0382221051,266093,AMAT,USD,2019-01-14,34.4,34.4,33.41,33.97,222070,37912,33.893
US0382221051,266093,AMAT,USD,2019-01-15,33.97,34.33,33.4,33.79,152595,33438,33.75
US0382221051,266093,AMAT,USD,2019-01-16,34.0,34.27,33.56,33.6,153068,33103,33.914
US0382221051,266093,AMAT,USD,2019-01-17,33.5,34.74,33.25,34.58,208196,44180,34.139
US0382221051,266093,AMAT,USD,2019-01-18,34.75,36.32,34.6,35.74,266455,51402,35.664
US0382221051,266093,AMAT,USD,2019-01-22,35.5,35.71,34.12,34.4,230503,45807,34.656
US0382221051,266093,AMAT,USD,2019-01-23,34.4,35.88,33.7,35.57,220145,46206,34.358
US0382221051,266093,AMAT,USD,2019-01-24,35.65,37.92,35.58,37.7,489962,100076,37.494
US0382221051,266093,AMAT,USD,2019-01-25,37.72,39.48,37.72,39.26,402166,82054,39.062
US0382221051,266093,AMAT,USD,2019-01-28,38.98,39.0,37.16,38.4,281929,61464,38.599
US0382221051,266093,AMAT,USD,2019-01-29,39.02,39.55,37.84,38.6,198944,44845,38.32
US0382221051,266093,AMAT,USD,2019-01-30,38.51,40.0,38.45,39.85,289965,62157,39.375
US0382221051,266093,AMAT,USD,2019-01-31,39.8,39.94,38.72,39.2,267727,53347,39.165
US0382221051,266093,AMAT,USD,2019-02-01,39.2,39.97,39.06,39.35,253463,57309,39.503
US0382221051,266093,AMAT,USD,2019-02-04,39.3,39.4,38.45,38.72,291568,62508,38.769
US0382221051,266093,AMAT,USD,2019-02-05,38.85,39.37,38.6,39.37,295749,61404,39.064
US0382221051,266093,AMAT,USD,2019-02-06,39.07,40.71,39.07,40.27,496021,90550,40.168
US0382221051,266093,AMAT,USD,2019-02-07,40.0,40.33,39.56,39.84,308502,65352,39.953
US0382221051,266093,AMAT,USD,2019-02-08,39.38,39.97,38.73,39.9,228584,50624,39.394
US0382221051,266093,AMAT,USD,2019-02-11,40.01,40.26,39.33,40.0,228565,46401,39.78
US0382221051,266093,AMAT,USD,2019-02-12,40.35,40.89,40.26,40.88,204687,42498,40.693
US0382221051,266093,AMAT,USD,2019-02-13,40.75,41.24,40.71,40.85,234721,39824,40.949
US0382221051,266093,AMAT,USD,2019-02-14,41.15,41.49,39.5,39.9,322789,62699,40.777
US0382221051,266093,AMAT,USD,2019-02-15,39.6,40.69,38.59,39.17,523349,99742,39.216
US0382221051,266093,AMAT,USD,2019-02-19,39.1,39.71,38.82,39.3,284759,59236,39.395
US0382221051,266093,AMAT,USD,2019-02-20,39.35,39.36,38.88,39.0,219610,50203,39.085
US0382221051,266093,AMAT,USD,2019-02-21,39.1,39.26,38.53,38.75,162669,36788,38.883
US0382221051,266093,AMAT,USD,2019-02-22,38.75,39.45,38.75,39.45,189505,39123,39.233
US0382221051,266093,AMAT,USD,2019-02-25,39.8,40.1,39.62,39.65,169042,34263,39.849
US0382221051,266093,AMAT,USD,2019-02-26,39.53,39.87,39.4,39.41,138708,29537,39.679
US0382221051,266093,AMAT,USD,2019-02-27,39.41,39.41,38.3,38.7,226444,45161,38.734
US0382221051,266093,AMAT,USD,2019-02-28,38.7,38.7,37.92,38.35,216032,43040,38.324
US0382221051,266093,AMAT,USD,2019-03-01,38.6,39.0,38.06,38.59,178227,37970,38.477
US0382221051,266093,AMAT,USD,2019-03-04,38.71,40.18,38.41,39.07,463987,99734,39.348
US0382221051,266093,AMAT,USD,2019-03-05,38.94,39.25,38.76,38.84,289218,51318,39.019
US0382221051,266093,AMAT,USD,2019-03-06,38.68,38.99,37.66,38.2,271352,55851,38.043
US0382221051,266093,AMAT,USD,2019-03-07,38.0,38.12,37.05,37.57,224590,51773,37.474
US0382221051,266093,AMAT,USD,2019-03-08,37.1,37.84,36.66,37.81,191405,42369,37.494
US0382221051,266093,AMAT,USD,2019-03-11,37.77,38.89,37.77,38.52,163149,36959,38.545
US0382221051,266093,AMAT,USD,2019-03-12,38.86,39.03,38.32,38.75,143767,29470,38.743
US0382221051,266093,AMAT,USD,2019-03-13,38.77,39.1,38.55,38.6,147181,32190,38.763
US0382221051,266093,AMAT,USD,2019-03-14,38.61,39.83,38.6,39.0,216934,41813,39.159
US0382221051,266093,AMAT,USD,2019-03-15,39.22,41.03,39.19,40.55,494674,61179,40.374
US0382221051,266093,AMAT,USD,2019-03-18,40.67,40.79,39.91,40.13,176982,32952,40.191
US0382221051,266093,AMAT,USD,2019-03-19,40.2,40.74,40.17,40.38,164369,31545,40.465
US0382221051,266093,AMAT,USD,2019-03-20,40.35,40.62,39.36,39.87,175775,33881,39.733
US0382221051,266093,AMAT,USD,2019-03-21,40.04,41.99,39.63,41.35,297335,58093,41.291
US0382221051,266093,AMAT,USD,2019-03-22,41.91,41.91,39.76,39.98,219399,47509,40.221
US0382221051,266093,AMAT,USD,2019-03-25,39.57,40.13,39.06,39.2,154037,31064,39.413
US0382221051,266093,AMAT,USD,2019-03-26,39.7,40.48,39.19,39.63,186288,39568,39.755
US0382221051,266093,AMAT,USD,2019-03-27,39.67,39.91,38.57,38.84,173663,41169,39.027
US0382221051,266093,AMAT,USD,2019-03-28,38.5,39.55,38.24,38.7,191638,41472,38.611
US0382221051,266093,AMAT,USD,2019-03-29,39.0,39.85,38.85,39.6,210954,42261,39.563
US0382221051,266093,AMAT,USD,2019-04-01,40.06,41.17,39.98,41.08,255584,43743,40.896
US0382221051,266093,AMAT,USD,2019-04-02,41.13,41.22,40.61,41.03,192037,39395,40.936
US0382221051,266093,AMAT,USD,2019-04-03,41.4,43.01,41.35,42.43,296639,63986,42.537
US0382221051,266093,AMAT,USD,2019-04-04,42.37,42.9,42.0,42.7,178245,40739,42.552
US0382221051,266093,AMAT,USD,2019-04-05,42.64,43.39,42.64,43.08,196260,34102,42.951
US0382221051,266093,AMAT,USD,2019-04-08,43.08,43.14,42.11,43.08,143686,32407,42.62
US0382221051,266093,AMAT,USD,2019-04-09,42.9,42.92,41.66,41.92,163983,37133,42.013
US0382221051,266093,AMAT,USD,2019-04-10,41.91,42.37,41.72,42.15,120783,28603,42.051
US0382221051,266093,AMAT,USD,2019-04-11,42.12,42.94,42.12,42.52,150380,33936,42.555
US0382221051,266093,AMAT,USD,2019-04-12,42.77,43.36,42.77,42.95,106546,21828,43.008
US0382221051,266093,AMAT,USD,2019-04-15,42.8,43.13,42.33,42.75,127367,25948,42.661
US0382221051,266093,AMAT,USD,2019-04-16,42.83,44.15,42.73,43.64,218507,40407,43.834
US0382221051,266093,AMAT,USD,2019-04-17,43.87,44.53,43.57,43.63,184064,39995,43.967
US0382221051,266093,AMAT,USD,2019-04-18,43.81,44.27,43.79,44.09,141020,26081,44.013
US0382221051,266093,AMAT,USD,2019-04-22,43.9,43.98,43.27,43.79,100926,21923,43.691
US0382221051,266093,AMAT,USD,2019-04-23,43.98,44.1,43.4,43.65,136255,26652,43.793
US0382221051,266093,AMAT,USD,2019-04-24,43.83,46.12,43.7,45.45,233091,45368,44.807
US0382221051,266093,AMAT,USD,2019-04-25,45.07,45.75,43.65,43.86,204443,49151,44.854
US0382221051,266093,AMAT,USD,2019-04-26,43.77,44.71,43.33,44.3,162540,38138,44.169
US0382221051,266093,AMAT,USD,2019-04-29,44.46,44.91,44.01,44.04,118399,26382,44.472
US0382221051,266093,AMAT,USD,2019-04-30,44.21,44.58,43.72,44.28,233385,50465,44.027
US0382221051,266093,AMAT,USD,2019-05-01,44.3,44.67,43.16,43.25,207416,51888,43.769
US0382221051,266093,AMAT,USD,2019-05-02,43.38,44.25,42.86,43.7,273165,60335,43.713
US0382221051,266093,AMAT,USD,2019-05-03,43.75,44.15,43.61,43.96,168290,36846,43.909
US0382221051,266093,AMAT,USD,2019-05-06,42.93,43.25,41.79,42.5,271901,60285,42.572
US0382221051,266093,AMAT,USD,2019-05-07,42.79,42.79,41.2,41.97,219950,49290,41.853
US0382221051,266093,AMAT,USD,2019-05-08,41.33,42.2,41.26,41.5,163420,36697,41.751
US0382221051,266093,AMAT,USD,2019-05-09,41.1,41.19,39.84,41.19,251428,59872,40.539
US0382221051,266093,AMAT,USD,2019-05-10,40.72,41.19,39.78,40.88,200072,44475,40.501
US0382221051,266093,AMAT,USD,2019-05-13,40.0,40.15,38.67,38.79,227858,55329,39.123
US0382221051,266093,AMAT,USD,2019-05-14,39.5,40.39,39.4,40.01,180794,39111,40.048
US0382221051,266093,AMAT,USD,2019-05-15,40.01,41.86,40.01,41.59,262606,53703,41.338
US0382221051,266093,AMAT,USD,2019-05-16,41.55,44.65,40.96,44.2,262805,53212,41.916
US0382221051,266093,AMAT,USD,2019-05-17,44.35,44.5,41.81,42.73,459593,86502,43.383
US0382221051,266093,AMAT,USD,2019-05-20,42.49,42.76,40.22,40.35,499377,95495,41.165
US0382221051,266093,AMAT,USD,2019-05-21,40.83,41.39,40.79,41.39,170205,36823,41.131
US0382221051,266093,AMAT,USD,2019-05-22,40.79,41.1,40.15,40.4,130804,31853,40.497
US0382221051,266093,AMAT,USD,2019-05-23,40.0,40.14,39.15,39.92,187844,41247,39.574
US0382221051,266093,AMAT,USD,2019-05-24,40.25,40.4,39.18,39.4,192907,42695,39.816
US0382221051,266093,AMAT,USD,2019-05-28,39.66,40.04,39.0,39.0,228366,43822,39.221
US0382221051,266093,AMAT,USD,2019-05-29,38.55,39.55,38.4,39.44,228273,51660,39.2
US0382221051,266093,AMAT,USD,2019-05-30,39.59,40.4,39.29,39.45,159866,38744,39.869
US0382221051,266093,AMAT,USD,2019-05-31,39.13,39.5,38.6,38.61,182907,39600,39.029
US0382221051,266093,AMAT,USD,2019-06-03,38.61,39.66,38.54,38.84,173458,41356,39.021
US0382221051,266093,AMAT,USD,2019-06-04,39.34,40.65,38.94,40.6,315980,63971,40.188
US0382221051,266093,AMAT,USD,2019-06-05,40.88,41.17,40.16,40.59,228321,54174,40.599
US0382221051,266093,AMAT,USD,2019-06-06,40.59,41.49,40.49,40.59,177261,38181,40.966
US0382221051,266093,AMAT,USD,2019-06-07,41.55,41.88,41.0,41.5,139680,33700,41.499
US0382221051,266093,AMAT,USD,2019-06-10,42.0,43.55,41.63,43.16,206563,45657,43.094
US0382221051,266093,AMAT,USD,2019-06-11,43.25,44.55,43.25,43.73,226899,51719,44.077
US0382221051,266093,AMAT,USD,2019-06-12,43.26,43.26,41.36,41.46,224368,44060,41.698
US0382221051,266093,AMAT,USD,2019-06-13,41.6,42.02,40.95,40.95,156204,32464,41.507
US0382221051,266093,AMAT,USD,2019-06-14,40.7,41.49,40.29,41.23,154959,34175,41.06
US0382221051,266093,AMAT,USD,2019-06-17,41.15,41.2,40.24,40.51,285398,43401,40.6
US0382221051,266093,AMAT,USD,2019-06-18,40.97,42.6,40.84,42.4,245035,48651,42.156
US0382221051,266093,AMAT,USD,2019-06-19,42.56,42.84,42.24,42.53,209882,36628,42.45
US0382221051,266093,AMAT,USD,2019-06-20,43.28,43.99,42.73,43.36,194105,40201,43.324
US0382221051,266093,AMAT,USD,2019-06-21,42.61,43.2,42.61,42.82,261219,41020,42.93
US0382221051,266093,AMAT,USD,2019-06-24,42.96,43.02,42.24,42.33,246287,49236,42.488
US0382221051,266093,AMAT,USD,2019-06-25,42.0,42.7,41.9,42.45,208438,43617,42.258
US0382221051,266093,AMAT,USD,2019-06-26,42.59,43.8,42.41,43.58,229278,41955,43.483
US0382221051,266093,AMAT,USD,2019-06-27,43.85,44.87,43.72,44.87,195210,38625,44.592
US0382221051,266093,AMAT,USD,2019-06-28,45.0,45.39,44.67,45.0,284964,40690,45.011
US0382221051,266093,AMAT,USD,2019-07-01,45.86,47.55,44.91,45.4,244010,49857,46.1
US0382221051,266093,AMAT,USD,2019-07-02,45.62,45.66,44.12,44.75,310432,60500,44.551
US0382221051,266093,AMAT,USD,2019-07-03,44.77,44.94,44.13,44.69,123924,24248,44.572
US0382221051,266093,AMAT,USD,2019-07-05,44.68,44.68,43.56,43.98,142928,29937,43.949
US0382221051,266093,AMAT,USD,2019-07-08,43.43,43.75,42.98,43.56,223913,43631,43.375
US0382221051,266093,AMAT,USD,2019-07-09,43.27,44.06,42.88,44.04,282952,53265,43.668
US0382221051,266093,AMAT,USD,2019-07-10,44.11,45.43,44.1,44.72,159356,33002,44.909
US0382221051,266093,AMAT,USD,2019-07-11,45.1,45.37,44.37,45.37,177931,37577,44.974
US0382221051,266093,AMAT,USD,2019-07-12,45.35,46.59,45.35,46.5,205109,39308,46.214
US0382221051,266093,AMAT,USD,2019-07-15,46.8,47.43,45.92,46.25,147711,29197,46.301
US0382221051,266093,AMAT,USD,2019-07-16,46.01,46.28,45.5,45.55,146522,26594,46.008
US0382221051,266093,AMAT,USD,2019-07-17,46.3,47.13,45.62,46.0,193696,33353,46.221
US0382221051,266093,AMAT,USD,2019-07-18,45.8,48.64,45.8,48.22,326202,55268,47.864
US0382221051,266093,AMAT,USD,2019-07-19,48.31,48.5,47.34,47.52,201965,38279,47.915
US0382221051,266093,AMAT,USD,2019-07-22,49.02,50.9,48.83,50.76,482328,79863,50.267
US0382221051,266093,AMAT,USD,2019-07-23,50.78,51.55,50.12,51.38,210859,40489,50.823
US0382221051,266093,AMAT,USD,2019-07-24,51.28,52.42,50.76,51.8,236353,44649,51.951
US0382221051,266093,AMAT,USD,2019-07-25,52.13,52.13,50.66,50.85,176270,36532,51.088
US0382221051,266093,AMAT,USD,2019-07-26,50.93,51.15,50.46,50.55,116122,26478,50.744
US0382221051,266093,AMAT,USD,2019-07-29,50.6,51.0,50.06,51.0,95575,20985,50.461
US0382221051,266093,AMAT,USD,2019-07-30,50.02,51.05,49.91,50.72,105376,19236,50.711
US0382221051,266093,AMAT,USD,2019-07-31,50.6,50.99,48.5,49.0,185660,36573,49.779
US0382221051,266093,AMAT,USD,2019-08-01,49.49,51.05,47.91,47.96,245305,57214,49.511
US0382221051,266093,AMAT,USD,2019-08-02,47.82,48.4,47.19,47.52,171480,43428,47.614
US0382221051,266093,AMAT,USD,2019-08-05,46.75,46.75,44.45,44.45,259147,53024,45.543
US0382221051,266093,AMAT,USD,2019-08-06,45.71,46.97,45.67,46.25,160177,34059,46.259
US0382221051,266093,AMAT,USD,2019-08-07,47.0,47.0,45.5,46.5,166557,38768,46.479
US0382221051,266093,AMAT,USD,2019-08-08,46.96,48.0,46.89,47.45,129170,29059,47.689
US0382221051,266093,AMAT,USD,2019-08-09,47.2,47.61,46.56,47.15,113874,27601,47.124
US0382221051,266093,AMAT,USD,2019-08-12,47.0,47.09,46.23,46.3,144531,32356,46.515
US0382221051,266093,AMAT,USD,2019-08-13,46.38,48.45,46.07,48.28,196786,42615,47.836
US0382221051,266093,AMAT,USD,2019-08-14,47.44,48.06,46.39,46.93,156326,36166,46.782
US0382221051,266093,AMAT,USD,2019-08-15,46.92,49.49,45.38,47.0,252676,44088,47.089
US0382221051,266093,AMAT,USD,2019-08-16,47.31,47.7,44.62,46.7,407580,72694,46.002
US0382221051,266093,AMAT,USD,2019-08-19,46.91,47.93,46.58,46.92,189644,39855,47.268
US0382221051,266093,AMAT,USD,2019-08-20,47.07,47.14,46.5,46.69,175704,34037,46.846
US0382221051,266093,AMAT,USD,2019-08-21,47.0,47.52,46.73,46.99,111610,26328,47.006
US0382221051,266093,AMAT,USD,2019-08-22,46.96,47.28,46.44,47.02,90241,19643,47.011
US0382221051,266093,AMAT,USD,2019-08-23,47.03,47.5,44.81,45.0,254435,55004,45.35
US0382221051,266093,AMAT,USD,2019-08-26,45.92,46.17,45.42,45.72,122198,28614,45.688
US0382221051,266093,AMAT,USD,2019-08-27,45.79,46.24,45.11,45.45,121033,27078,45.531
US0382221051,266093,AMAT,USD,2019-08-28,45.39,46.04,44.88,45.9,99526,23821,45.732
US0382221051,266093,AMAT,USD,2019-08-29,46.51,47.42,46.34,47.24,147833,32045,47.239
US0382221051,266093,AMAT,USD,2019-08-30,47.52,48.1,47.39,48.1,171968,36027,47.857
US0382221051,266093,AMAT,USD,2019-09-03,47.5,47.8,47.16,47.51,151246,35255,47.512
US0382221051,266093,AMAT,USD,2019-09-04,48.4,49.56,48.09,49.51,226592,44871,49.246
US0382221051,266093,AMAT,USD,2019-09-05,50.0,51.73,50.0,50.3,228508,51229,50.934
US0382221051,266093,AMAT,USD,2019-09-06,50.35,50.57,49.8,50.1,150847,33230,50.241
US0382221051,266093,AMAT,USD,2019-09-09,50.43,50.8,49.96,50.65,142285,31327,50.477
US0382221051,266093,AMAT,USD,2019-09-10,50.4,50.49,49.62,50.1,158935,33067,49.998
US0382221051,266093,AMAT,USD,2019-09-11,50.24,52.0,50.01,51.81,173467,38264,51.175
US0382221051,266093,AMAT,USD,2019-09-12,51.52,51.98,51.04,51.4,134860,30004,51.406
US0382221051,266093,AMAT,USD,2019-09-13,51.77,51.98,51.04,51.3,128886,29023,51.56
US0382221051,266093,AMAT,USD,2019-09-16,50.58,51.48,50.28,51.0,99530,22740,51.037
US0382221051,266093,AMAT,USD,2019-09-17,50.92,51.26,50.42,51.2,109291,27580,50.841
US0382221051,266093,AMAT,USD,2019-09-18,50.92,52.15,50.92,52.15,165777,34318,51.816
US0382221051,266093,AMAT,USD,2019-09-19,52.0,52.62,51.37,51.68,129356,31509,51.859
US0382221051,266093,AMAT,USD,2019-09-20,51.65,52.02,50.71,50.71,244917,32226,51.319
US0382221051,266093,AMAT,USD,2019-09-23,50.91,52.25,50.8,52.25,96577,21518,51.692
US0382221051,266093,AMAT,USD,2019-09-24,52.25,52.58,50.87,51.06,153278,31511,51.427
US0382221051,266093,AMAT,USD,2019-09-25,51.02,52.12,50.5,51.85,115690,26152,51.6
US0382221051,266093,AMAT,USD,2019-09-26,51.93,52.46,50.22,50.65,104749,22683,52.104
US0382221051,266093,AMAT,USD,2019-09-27,50.91,51.46,49.15,49.61,232601,51662,49.95
US0382221051,266093,AMAT,USD,2019-09-30,49.57,50.22,49.26,50.21,145706,28956,49.864
US0382221051,266093,AMAT,USD,2019-10-01,50.2,51.0,49.77,50.0,161622,35303,50.252
US0382221051,266093,AMAT,USD,2019-10-02,49.86,49.88,49.21,49.65,132469,27584,49.483
US0382221051,266093,AMAT,USD,2019-10-03,49.8,49.8,48.78,49.64,142522,33919,49.446
US0382221051,266093,AMAT,USD,2019-10-04,49.62,50.9,49.62,50.85,96196,20265,50.594
US0382221051,266093,AMAT,USD,2019-10-07,50.78,51.11,50.58,50.7,115895,19856,50.789
US0382221051,266093,AMAT,USD,2019-10-08,50.32,50.51,49.07,49.6,123634,27657,49.547
US0382221051,266093,AMAT,USD,2019-10-09,49.94,51.17,49.75,50.3,129670,28535,50.799
US0382221051,266093,AMAT,USD,2019-10-10,50.85,51.6,50.53,51.3,116440,25939,51.151
US0382221051,266093,AMAT,USD,2019-10-11,51.5,52.39,51.5,51.9,150309,32570,52.068
US0382221051,266093,AMAT,USD,2019-10-14,51.82,52.13,51.54,52.1,69374,15887,51.941
US0382221051,266093,AMAT,USD,2019-10-15,52.29,53.14,51.87,52.59,179243,32315,52.772
US0382221051,266093,AMAT,USD,2019-10-16,52.79,52.8,51.35,51.56,184934,34450,51.826
US0382221051,266093,AMAT,USD,2019-10-17,51.99,53.25,51.84,51.99,113316,23807,52.262
US0382221051,266093,AMAT,USD,2019-10-18,52.0,52.41,51.04,51.39,139923,26850,51.788
US0382221051,266093,AMAT,USD,2019-10-21,52.0,52.71,51.99,52.64,126590,23579,52.468
US0382221051,266093,AMAT,USD,2019-10-22,52.8,52.85,49.78,51.15,95454,19852,52.219
US0382221051,266093,AMAT,USD,2019-10-23,51.13,52.39,50.24,52.22,187975,37449,50.788
US0382221051,266093,AMAT,USD,2019-10-24,52.35,55.63,52.15,54.7,423121,76050,54.216
US0382221051,266093,AMAT,USD,2019-10-25,55.07,55.9,54.53,55.7,186818,37598,55.388
US0382221051,266093,AMAT,USD,2019-10-28,56.08,57.29,55.9,56.96,190708,38356,56.897
US0382221051,266093,AMAT,USD,2019-10-29,56.63,57.09,55.4,56.0,133541,29792,55.889
US0382221051,266093,AMAT,USD,2019-10-30,55.52,55.52,54.67,55.39,90381,20654,55.174
US0382221051,266093,AMAT,USD,2019-10-31,54.9,55.19,53.56,54.26,145827,28203,54.073
US0382221051,266093,AMAT,USD,2019-11-01,54.85,55.52,54.32,55.52,130330,27024,55.063
US0382221051,266093,AMAT,USD,2019-11-04,56.0,56.4,55.34,55.78,90359,18632,55.758
US0382221051,266093,AMAT,USD,2019-11-05,55.98,56.29,55.57,55.88,80977,17241,55.951
US0382221051,266093,AMAT,USD,2019-11-06,55.6,55.88,54.91,55.82,85731,18287,55.478
US0382221051,266093,AMAT,USD,2019-11-07,56.46,56.8,55.62,56.06,94881,18940,56.12
US0382221051,266093,AMAT,USD,2019-11-08,55.84,56.14,55.13,56.03,71636,16495,55.834
US0382221051,266093,AMAT,USD,2019-11-11,55.78,56.73,55.55,56.6,118673,26148,56.439
US0382221051,266093,AMAT,USD,2019-11-12,56.95,57.46,56.2,56.35,110469,25690,56.562
US0382221051,266093,AMAT,USD,2019-11-13,56.13,57.48,55.97,57.26,127389,27095,56.956
US0382221051,266093,AMAT,USD,2019-11-14,57.12,60.3,56.5,59.24,161760,32376,57.327
US0382221051,266093,AMAT,USD,2019-11-15,59.61,62.93,59.55,62.0,640447,107720,61.883
US0382221051,266093,AMAT,USD,2019-11-18,62.0,63.07,61.36,62.44,227357,43320,62.384
US0382221051,266093,AMAT,USD,2019-11-19,62.64,62.71,60.64,60.83,211532,41459,61.409
US0382221051,266093,AMAT,USD,2019-11-20,60.35,60.7,58.18,58.21,268900,48472,59.792
US0382221051,266093,AMAT,USD,2019-11-21,58.18,58.45,55.65,56.5,316348,63678,57.03
US0382221051,266093,AMAT,USD,2019-11-22,56.6,57.14,55.43,55.87,190688,41599,55.962
US0382221051,266093,AMAT,USD,2019-11-25,56.46,58.42,56.3,58.37,248432,42890,58.044
US0382221051,266093,AMAT,USD,2019-11-26,58.27,58.42,57.07,57.62,210218,33500,57.503
US0382221051,266093,AMAT,USD,2019-11-27,58.1,58.39,57.64,57.8,123761,24722,58.173
US0382221051,266093,AMAT,USD,2019-11-29,58.0,58.3,57.72,57.95,60014,11695,58.013
US0382221051,266093,AMAT,USD,2019-12-02,58.49,58.49,56.3,56.4,127410,27416,56.909
US0382221051,266093,AMAT,USD,2019-12-03,56.3,56.3,54.95,55.5,169019,36149,55.362
US0382221051,266093,AMAT,USD,2019-12-04,56.4,56.54,55.34,56.1,139024,28751,56.053
US0382221051,266093,AMAT,USD,2019-12-05,56.6,56.6,55.31,55.66,109351,20992,55.913
US0382221051,266093,AMAT,USD,2019-12-06,56.23,57.49,56.23,56.98,133001,24490,56.802
US0382221051,266093,AMAT,USD,2019-12-09,56.69,57.23,56.55,56.57,101975,18436,56.743
US0382221051,266093,AMAT,USD,2019-12-10,56.03,57.17,56.01,56.65,136655,23864,56.757
US0382221051,266093,AMAT,USD,2019-12-11,57.17,59.25,56.7,59.1,191597,38648,58.539
US0382221051,266093,AMAT,USD,2019-12-12,59.36,60.99,58.76,60.97,200891,39775,60.043
US0382221051,266093,AMAT,USD,2019-12-13,60.9,61.01,59.78,59.97,131998,28585,60.101
US0382221051,266093,AMAT,USD,2019-12-16,60.6,61.43,59.93,59.94,138862,26314,60.463
US0382221051,266093,AMAT,USD,2019-12-17,60.0,60.9,60.0,60.73,175121,28620,60.562
US0382221051,266093,AMAT,USD,2019-12-18,60.75,61.41,60.37,61.08,134124,21895,60.626
US0382221051,266093,AMAT,USD,2019-12-19,60.82,60.86,59.88,60.8,141461,21286,60.459
US0382221051,266093,AMAT,USD,2019-12-20,61.14,61.98,60.67,61.82,283494,34384,61.674
US0382221051,266093,AMAT,USD,2019-12-23,62.0,62.15,61.0,61.1,118072,20934,61.298
US0382221051,266093,AMAT,USD,2019-12-24,61.0,61.52,60.94,61.52,34240,6259,61.311
US0382221051,266093,AMAT,USD,2019-12-26,61.5,61.9,61.04,61.31,59323,10532,61.327
US0382221051,266093,AMAT,USD,2019-12-27,61.6,61.79,60.83,61.15,71364,10161,61.177
US0382221051,266093,AMAT,USD,2019-12-30,61.39,61.59,60.19,60.93,71014,14192,60.851
US0382221051,266093,AMAT,USD,2019-12-31,60.57,61.33,60.1,61.25,81282,15076,60.877
US0382221051,266093,AMAT,USD,2020-01-02,61.8,62.65,61.7,62.25,134501,27898,62.128
US0382221051,266093,AMAT,USD,2020-01-03,61.09,61.73,60.51,61.21,99715,19411,61.284
US0382221051,266093,AMAT,USD,2020-01-06,60.1,60.88,59.3,60.3,189147,31142,59.891
US0382221051,266093,AMAT,USD,2020-01-07,60.23,62.1,60.0,60.1,176014,36554,61.415
US0382221051,266093,AMAT,USD,2020-01-08,61.65,62.2,61.25,61.58,90796,19386,61.746
US0382221051,266093,AMAT,USD,2020-01-09,62.34,62.85,61.21,61.95,121325,21371,62.016
US0382221051,266093,AMAT,USD,2020-01-10,62.39,63.24,61.2,61.5,95627,18955,61.774
US0382221051,266093,AMAT,USD,2020-01-13,61.7,63.15,61.34,62.4,88925,17558,61.71
US0382221051,266093,AMAT,USD,2020-01-14,62.65,63.55,62.08,62.19,173887,35688,62.657
US0382221051,266093,AMAT,USD,2020-01-15,62.24,62.37,61.35,62.17,129642,27606,61.797
US0382221051,266093,AMAT,USD,2020-01-16,62.31,63.28,62.3,63.28,122876,24672,63.003
US0382221051,266093,AMAT,USD,2020-01-17,63.3,63.81,62.52,62.7,135697,22546,62.973
US0382221051,266093,AMAT,USD,2020-01-21,62.5,63.89,62.19,63.22,113454,21824,63.361
US0382221051,266093,AMAT,USD,2020-01-22,63.84,64.6,63.6,64.47,122312,24315,64.079
US0382221051,266093,AMAT,USD,2020-01-23,64.05,64.7,63.13,64.5,140309,29715,63.674
US0382221051,266093,AMAT,USD,2020-01-24,64.55,64.93,61.61,61.75,180042,34322,62.662
US0382221051,266093,AMAT,USD,2020-01-27,61.37,61.37,58.77,59.2,206653,38954,59.312
US0382221051,266093,AMAT,USD,2020-01-28,59.57,60.35,58.92,59.55,139575,27039,59.957
US0382221051,266093,AMAT,USD,2020-01-29,59.97,62.9,59.49,62.7,128057,27601,60.074
US0382221051,266093,AMAT,USD,2020-01-30,61.63,62.1,59.42,60.48,212040,47226,60.439
US0382221051,266093,AMAT,USD,2020-01-31,60.28,60.28,57.53,57.71,214457,44795,58.188
US0382221051,266093,AMAT,USD,2020-02-03,59.05,60.25,58.24,59.75,168366,36542,59.749
US0382221051,266093,AMAT,USD,2020-02-04,61.26,63.65,59.72,62.85,265980,52373,62.836
US0382221051,266093,AMAT,USD,2020-02-05,63.68,64.45,62.87,63.95,179078,39351,63.551
US0382221051,266093,AMAT,USD,2020-02-06,64.35,64.8,63.05,63.13,102577,21120,63.385
US0382221051,266093,AMAT,USD,2020-02-07,63.0,63.0,61.6,61.7,133105,27338,61.972
US0382221051,266093,AMAT,USD,2020-02-10,61.75,63.2,61.08,63.2,107823,24343,62.402
US0382221051,266093,AMAT,USD,2020-02-11,63.51,64.7,63.29,64.68,122127,26789,64.197
US0382221051,266093,AMAT,USD,2020-02-12,64.92,67.67,64.01,66.5,253690,49479,65.457
US0382221051,266093,AMAT,USD,2020-02-13,66.31,69.44,65.95,67.56,490658,81819,67.802
US0382221051,266093,AMAT,USD,2020-02-14,67.97,68.38,66.55,67.19,179254,33896,67.076
US0382221051,266093,AMAT,USD,2020-02-18,64.9,66.0,63.5,65.86,224460,46665,64.979
US0382221051,266093,AMAT,USD,2020-02-19,65.7,67.74,65.16,67.68,182486,34695,67.118
US0382221051,266093,AMAT,USD,2020-02-20,67.5,67.57,65.22,66.12,162621,32220,66.41
US0382221051,266093,AMAT,USD,2020-02-21,65.68,66.13,63.62,63.84,210054,40275,64.412
US0382221051,266093,AMAT,USD,2020-02-24,62.34,62.34,59.6,61.38,246463,54422,61.171
US0382221051,266093,AMAT,USD,2020-02-25,61.89,62.34,58.48,59.0,216150,44422,59.654
US0382221051,266093,AMAT,USD,2020-02-26,58.0,60.76,57.55,59.53,220436,49885,60.029
US0382221051,266093,AMAT,USD,2020-02-27,59.01,59.35,56.01,56.5,350766,71832,57.378
US0382221051,266093,AMAT,USD,2020-02-28,55.5,59.1,53.73,58.8,318763,72303,56.685
US0382221051,266093,AMAT,USD,2020-03-02,59.5,60.23,56.6,60.11,228964,47899,58.864
US0382221051,266093,AMAT,USD,2020-03-03,60.7,61.38,57.51,58.5,302297,64715,59.056
US0382221051,266093,AMAT,USD,2020-03-04,59.35,60.65,58.27,59.78,163052,35851,59.902
US0382221051,266093,AMAT,USD,2020-03-05,59.3,60.44,58.26,59.4,209736,42009,59.13
US0382221051,266093,AMAT,USD,2020-03-06,58.2,58.48,56.25,57.39,187880,43969,57.377
US0382221051,266093,AMAT,USD,2020-03-09,54.73,55.33,51.0,52.7,216645,49872,53.187
US0382221051,266093,AMAT,USD,2020-03-10,53.0,56.17,52.56,54.99,209333,48354,54.516
US0382221051,266093,AMAT,USD,2020-03-11,54.74,55.02,51.41,52.3,281495,62696,52.794
US0382221051,266093,AMAT,USD,2020-03-12,50.29,50.36,42.81,44.01,400890,92936,47.847
US0382221051,266093,AMAT,USD,2020-03-13,46.71,51.23,45.35,50.26,324829,70744,47.998
US0382221051,266093,AMAT,USD,2020-03-16,47.84,47.84,40.41,41.2,286294,58329,43.272
US0382221051,266093,AMAT,USD,2020-03-17,43.1,46.07,39.77,43.86,346852,67348,43.735
US0382221051,266093,AMAT,USD,2020-03-18,42.17,42.17,36.64,40.4,416901,76598,39.049
US0382221051,266093,AMAT,USD,2020-03-19,39.06,42.07,36.85,39.55,273018,61054,40.121
US0382221051,266093,AMAT,USD,2020-03-20,41.9,44.0,37.62,37.81,309744,60374,40.354
US0382221051,266093,AMAT,USD,2020-03-23,36.56,41.54,36.56,41.1,324340,72940,39.896
US0382221051,266093,AMAT,USD,2020-03-24,41.9,46.24,41.9,44.95,360940,71011,44.608
US0382221051,266093,AMAT,USD,2020-03-25,46.7,48.22,43.76,45.4,249428,53948,45.944
US0382221051,266093,AMAT,USD,2020-03-26,44.23,49.65,44.23,49.48,257637,52941,47.845
US0382221051,266093,AMAT,USD,2020-03-27,48.0,48.4,44.7,44.97,232517,45739,46.193
US0382221051,266093,AMAT,USD,2020-03-30,45.07,47.51,44.9,47.26,164225,33422,46.796
US0382221051,266093,AMAT,USD,2020-03-31,47.81,47.81,45.15,45.5,230788,41890,46.147
US0382221051,266093,AMAT,USD,2020-04-01,44.56,46.18,42.83,43.78,232016,42001,44.121
US0382221051,266093,AMAT,USD,2020-04-02,43.01,44.46,42.13,43.02,190336,38973,43.081
US0382221051,266093,AMAT,USD,2020-04-03,42.98,43.62,41.58,42.4,210437,39235,42.252
US0382221051,266093,AMAT,USD,2020-04-06,44.4,46.45,43.75,46.11,265816,51206,45.894
US0382221051,266093,AMAT,USD,2020-04-07,46.87,48.97,46.3,47.5,266257,52163,47.755
US0382221051,266093,AMAT,USD,2020-04-08,48.17,51.95,48.0,51.95,322120,59687,50.57
US0382221051,266093,AMAT,USD,2020-04-09,51.2,52.97,48.68,49.98,247133,46859,50.467
US0382221051,266093,AMAT,USD,2020-04-13,49.08,50.1,48.37,50.0,126070,24418,49.307
US0382221051,266093,AMAT,USD,2020-04-14,51.12,52.84,51.0,52.38,175732,34936,52.178
US0382221051,266093,AMAT,USD,2020-04-15,51.28,51.67,49.74,49.75,157747,26871,50.345
US0382221051,266093,AMAT,USD,2020-04-16,50.88,54.6,50.8,54.0,194618,34516,51.79
US0382221051,266093,AMAT,USD,2020-04-17,54.52,54.6,52.27,53.25,200111,32664,53.093
US0382221051,266093,AMAT,USD,2020-04-20,53.19,53.19,50.55,50.9,147997,29970,51.399
US0382221051,266093,AMAT,USD,2020-04-21,50.42,50.42,48.21,49.06,200836,42688,48.762
US0382221051,266093,AMAT,USD,2020-04-22,49.55,52.43,49.55,51.3,168823,32339,51.353
US0382221051,266093,AMAT,USD,2020-04-23,51.46,52.22,49.79,50.0,196310,33038,51.216
US0382221051,266093,AMAT,USD,2020-04-24,50.61,51.88,49.93,51.74,173910,26142,51.29
US0382221051,266093,AMAT,USD,2020-04-27,52.5,52.8,50.65,51.11,144207,30067,51.419
US0382221051,266093,AMAT,USD,2020-04-28,51.7,52.21,50.07,50.5,167940,35520,50.997
US0382221051,266093,AMAT,USD,2020-04-29,51.0,54.97,50.91,54.84,189888,40453,53.69
US0382221051,266093,AMAT,USD,2020-04-30,54.79,54.79,48.7,48.99,324102,52254,50.87
US0382221051,266093,AMAT,USD,2020-05-01,48.55,48.95,46.37,47.1,299880,61228,46.985
US0382221051,266093,AMAT,USD,2020-05-04,46.7,47.96,46.13,47.65,171230,35990,47.025
US0382221051,266093,AMAT,USD,2020-05-05,48.05,50.75,48.05,49.5,183856,38459,49.647
US0382221051,266093,AMAT,USD,2020-05-06,49.0,51.16,49.0,50.31,189766,35661,50.49
US0382221051,266093,AMAT,USD,2020-05-07,51.2,51.8,50.91,51.0,140883,27637,51.261
US0382221051,266093,AMAT,USD,2020-05-08,51.64,54.1,51.45,53.9,179706,31813,53.359
US0382221051,266093,AMAT,USD,2020-05-11,54.0,55.0,53.37,54.15,170468,29536,53.999
US0382221051,266093,AMAT,USD,2020-05-12,54.66,54.86,51.55,51.95,151643,29954,53.438
US0382221051,266093,AMAT,USD,2020-05-13,52.3,53.18,50.4,52.2,171235,34443,51.441
US0382221051,266093,AMAT,USD,2020-05-14,52.3,57.4,49.66,57.01,359570,58671,53.143
US0382221051,266093,AMAT,USD,2020-05-15,57.27,57.27,51.17,52.1,462301,78403,52.289
US0382221051,266093,AMAT,USD,2020-05-18,52.38,54.65,52.38,54.4,249121,41806,53.812
US0382221051,266093,AMAT,USD,2020-05-19,54.3,57.0,54.01,55.5,228343,47493,55.837
US0382221051,266093,AMAT,USD,2020-05-20,56.0,58.16,56.0,56.75,211582,39495,57.244
US0382221051,266093,AMAT,USD,2020-05-21,56.0,57.3,54.71,55.25,153186,26795,55.366
US0382221051,266093,AMAT,USD,2020-05-22,54.55,55.17,53.72,54.5,150353,28598,54.321
US0382221051,266093,AMAT,USD,2020-05-26,55.9,56.71,54.96,55.45,166754,30184,55.686
US0382221051,266093,AMAT,USD,2020-05-27,55.85,56.6,53.31,56.25,183647,37950,55.042
US0382221051,266093,AMAT,USD,2020-05-28,56.3,56.68,54.35,54.51,148478,32084,55.556
US0382221051,266093,AMAT,USD,2020-05-29,54.72,56.38,54.4,56.26,223031,35756,55.765
US0382221051,266093,AMAT,USD,2020-06-01,56.3,56.47,55.19,55.5,111938,25255,55.711
US0382221051,266093,AMAT,USD,2020-06-02,56.32,56.37,54.75,55.8,150087,29537,55.492
US0382221051,266093,AMAT,USD,2020-06-03,56.11,58.25,56.06,57.8,169476,32553,57.609
US0382221051,266093,AMAT,USD,2020-06-04,57.81,59.2,57.01,58.15,153770,28789,58.223
US0382221051,266093,AMAT,USD,2020-06-05,58.58,61.11,58.45,60.26,166236,34884,60.345
US0382221051,266093,AMAT,USD,2020-06-08,60.79,60.79,59.09,59.8,110798,21138,59.715
US0382221051,266093,AMAT,USD,2020-06-09,59.0,60.26,58.96,59.94,117827,21952,59.846
US0382221051,266093,AMAT,USD,2020-06-10,60.23,60.57,59.25,59.32,108212,20044,60.002
US0382221051,266093,AMAT,USD,2020-06-11,58.98,59.01,55.35,56.18,193443,42264,56.484
US0382221051,266093,AMAT,USD,2020-06-12,56.71,58.01,54.97,56.66,159601,35805,56.384
US0382221051,266093,AMAT,USD,2020-06-15,55.03,57.87,54.52,57.87,134582,25215,56.232
US0382221051,266093,AMAT,USD,2020-06-16,58.1,60.14,57.9,58.28,210806,41928,58.803
US0382221051,266093,AMAT,USD,2020-06-17,59.1,60.43,58.54,60.0,170974,34137,59.817
US0382221051,266093,AMAT,USD,2020-06-18,60.34,60.8,59.33,60.75,113411,25241,60.341
US0382221051,266093,AMAT,USD,2020-06-19,61.0,62.33,60.41,60.51,202931,31467,61.213
US0382221051,266093,AMAT,USD,2020-06-22,60.95,61.59,59.58,61.5,114818,21149,60.834
US0382221051,266093,AMAT,USD,2020-06-23,61.72,62.2,60.44,60.45,153584,25708,61.047
US0382221051,266093,AMAT,USD,2020-06-24,60.3,60.89,59.15,59.8,169718,28552,60.01
US0382221051,266093,AMAT,USD,2020-06-25,60.53,60.53,58.6,59.9,134148,26981,59.603
US0382221051,266093,AMAT,USD,2020-06-26,60.24,60.3,58.01,58.35,216084,26291,58.625
US0382221051,266093,AMAT,USD,2020-06-29,58.64,60.25,57.56,60.0,103035,21088,58.61
US0382221051,266093,AMAT,USD,2020-06-30,60.03,60.94,58.98,60.32,128564,24570,60.294
US0382221051,266093,AMAT,USD,2020-07-01,60.0,60.78,59.54,59.7,110041,25086,60.09
US0382221051,266093,AMAT,USD,2020-07-02,59.68,61.65,59.68,60.8,118267,24306,61.077
US0382221051,266093,AMAT,USD,2020-07-06,61.98,63.71,61.88,63.49,161930,32014,63.196
US0382221051,266093,AMAT,USD,2020-07-07,63.0,63.83,62.03,62.34,108116,22260,62.776
US0382221051,266093,AMAT,USD,2020-07-08,62.63,63.18,62.02,62.77,85317,18069,62.613
US0382221051,266093,AMAT,USD,2020-07-09,63.0,63.7,62.24,63.58,130124,28924,63.154
US0382221051,266093,AMAT,USD,2020-07-10,63.12,63.49,62.04,62.64,129639,24272,62.532
US0382221051,266093,AMAT,USD,2020-07-13,63.0,63.78,61.4,62.0,130885,27184,62.695
US0382221051,266093,AMAT,USD,2020-07-14,61.41,62.91,60.07,62.9,129701,30291,61.69
US0382221051,266093,AMAT,USD,2020-07-15,62.35,62.91,61.3,62.15,109168,24978,62.031
US0382221051,266093,AMAT,USD,2020-07-16,61.57,62.62,61.06,62.31,83848,19210,62.126
US0382221051,266093,AMAT,USD,2020-07-17,62.33,63.0,61.95,62.35,98419,15896,62.373
US0382221051,266093,AMAT,USD,2020-07-20,62.4,63.9,61.88,63.6,109044,21176,63.269
US0382221051,266093,AMAT,USD,2020-07-21,64.2,64.84,63.26,64.39,116358,24659,63.871
US0382221051,266093,AMAT,USD,2020-07-22,63.5,64.61,63.5,64.25,111856,18702,64.062
US0382221051,266093,AMAT,USD,2020-07-23,64.5,65.33,61.19,62.3,110731,23636,64.217
US0382221051,266093,AMAT,USD,2020-07-24,61.23,62.12,59.62,60.69,239750,44718,60.719
US0382221051,266093,AMAT,USD,2020-07-27,61.31,63.4,61.01,63.13,158213,27295,62.582
US0382221051,266093,AMAT,USD,2020-07-28,62.76,63.49,61.9,63.49,96684,22847,62.505
US0382221051,266093,AMAT,USD,2020-07-29,62.85,65.13,62.17,64.19,97817,21774,63.014
US0382221051,266093,AMAT,USD,2020-07-30,63.65,65.5,62.5,65.01,117669,26541,63.857
US0382221051,266093,AMAT,USD,2020-07-31,64.5,65.14,63.12,64.06,125582,26623,63.877
US0382221051,266093,AMAT,USD,2020-08-03,64.55,65.59,64.4,65.1,110224,21846,65.05
US0382221051,266093,AMAT,USD,2020-08-04,64.8,65.2,64.02,64.8,111034,21655,64.689
US0382221051,266093,AMAT,USD,2020-08-05,65.08,65.29,64.21,64.7,90893,20085,64.728
US0382221051,266093,AMAT,USD,2020-08-06,64.33,64.71,62.6,63.79,157132,29864,63.38
US0382221051,266093,AMAT,USD,2020-08-07,63.4,65.01,62.78,63.59,156053,27410,63.672
US0382221051,266093,AMAT,USD,2020-08-10,63.9,65.29,63.44,65.25,148477,29705,64.763
US0382221051,266093,AMAT,USD,2020-08-11,65.24,66.14,64.23,64.59,136948,31667,65.07
US0382221051,266093,AMAT,USD,2020-08-12,64.91,66.67,64.7,66.4,133051,26373,66.129
US0382221051,266093,AMAT,USD,2020-08-13,66.47,68.3,64.61,67.05,232001,45736,65.461
US0382221051,266093,AMAT,USD,2020-08-14,67.05,69.9,66.5,67.62,525220,84716,68.221
US0382221051,266093,AMAT,USD,2020-08-17,67.49,68.24,66.77,67.0,147554,32489,67.293
US0382221051,266093,AMAT,USD,2020-08-18,67.0,67.5,66.07,66.45,128193,30193,66.562
US0382221051,266093,AMAT,USD,2020-08-19,66.91,66.91,65.63,65.63,105545,25290,66.076
US0382221051,266093,AMAT,USD,2020-08-20,65.64,65.64,63.28,63.96,176119,39291,63.984
US0382221051,266093,AMAT,USD,2020-08-21,63.79,64.19,61.92,62.4,227804,44281,62.468
US0382221051,266093,AMAT,USD,2020-08-24,62.46,63.8,62.46,63.75,183313,37153,63.447
US0382221051,266093,AMAT,USD,2020-08-25,63.85,64.65,63.43,64.0,111165,22875,63.975
US0382221051,266093,AMAT,USD,2020-08-26,64.27,64.27,63.49,63.89,127906,26400,63.836
US0382221051,266093,AMAT,USD,2020-08-27,63.5,64.29,61.29,62.32,186106,40705,62.044
US0382221051,266093,AMAT,USD,2020-08-28,62.03,63.1,61.97,63.05,104583,22526,62.703
US0382221051,266093,AMAT,USD,2020-08-31,63.0,63.07,61.41,61.7,131817,26811,61.809
US0382221051,266093,AMAT,USD,2020-09-01,61.82,62.13,61.23,62.0,172564,35493,61.676
US0382221051,266093,AMAT,USD,2020-09-02,62.5,65.75,62.08,65.75,231302,51332,64.479
US0382221051,266093,AMAT,USD,2020-09-03,64.91,64.91,60.02,60.2,235928,53510,61.981
US0382221051,266093,AMAT,USD,2020-09-04,61.5,61.83,58.54,60.02,317603,65506,60.619
US0382221051,266093,AMAT,USD,2020-09-08,59.73,59.73,55.12,55.77,453724,98884,56.421
US0382221051,266093,AMAT,USD,2020-09-09,57.0,57.6,54.51,55.4,365101,72863,55.277
US0382221051,266093,AMAT,USD,2020-09-10,54.67,56.25,54.64,55.97,228985,50984,55.491
US0382221051,266093,AMAT,USD,2020-09-11,55.55,56.31,54.67,54.9,181340,42533,55.398
US0382221051,266093,AMAT,USD,2020-09-14,56.3,57.12,55.55,56.68,182397,39603,56.648
US0382221051,266093,AMAT,USD,2020-09-15,56.84,57.88,56.48,57.11,149635,30721,57.26
US0382221051,266093,AMAT,USD,2020-09-16,57.8,58.2,56.3,56.7,174071,35216,57.181
US0382221051,266093,AMAT,USD,2020-09-17,55.67,56.77,54.69,56.6,147460,33859,56.002
US0382221051,266093,AMAT,USD,2020-09-18,56.84,56.93,55.19,56.3,251211,36662,56.124
US0382221051,266093,AMAT,USD,2020-09-21,55.3,57.75,54.15,57.75,179961,42573,56.323
US0382221051,266093,AMAT,USD,2020-09-22,57.44,58.14,56.71,57.4,162354,34907,57.493
US0382221051,266093,AMAT,USD,2020-09-23,57.88,58.88,57.01,57.1,190259,37793,57.88
US0382221051,266093,AMAT,USD,2020-09-24,57.25,58.82,56.46,58.1,128560,28813,57.837
US0382221051,266093,AMAT,USD,2020-09-25,57.5,58.38,56.65,58.02,137767,28208,57.747
US0382221051,266093,AMAT,USD,2020-09-28,58.48,59.9,57.15,59.9,173244,34950,59.279
US0382221051,266093,AMAT,USD,2020-09-29,59.4,60.25,58.69,59.65,114331,24775,59.649
US0382221051,266093,AMAT,USD,2020-09-30,59.23,60.19,58.99,59.5,185273,35846,59.612
US0382221051,266093,AMAT,USD,2020-10-01,60.06,61.02,59.51,60.54,153186,35165,60.498
US0382221051,266093,AMAT,USD,2020-10-02,59.67,59.68,58.0,58.0,150907,33045,58.771
US0382221051,266093,AMAT,USD,2020-10-05,58.6,60.63,58.5,60.32,127936,24798,60.028
US0382221051,266093,AMAT,USD,2020-10-06,60.24,62.16,59.85,60.25,145990,34581,61.08
US0382221051,266093,AMAT,USD,2020-10-07,60.52,61.79,60.38,61.35,108940,22806,61.225
US0382221051,266093,AMAT,USD,2020-10-08,61.28,62.8,61.27,62.78,114975,21216,62.251
US0382221051,266093,AMAT,USD,2020-10-09,63.0,63.81,62.75,63.5,132515,27466,63.438
US0382221051,266093,AMAT,USD,2020-10-12,63.97,65.12,63.97,64.95,146510,33158,64.627
US0382221051,266093,AMAT,USD,2020-10-13,65.0,65.51,64.15,64.75,146388,29686,64.852
US0382221051,266093,AMAT,USD,2020-10-14,64.99,65.18,63.43,63.65,118760,27657,64.066
US0382221051,266093,AMAT,USD,2020-10-15,63.3,63.69,62.02,63.51,136812,27862,62.929
US0382221051,266093,AMAT,USD,2020-10-16,63.51,64.26,62.4,62.84,130915,25824,63.039
US0382221051,266093,AMAT,USD,2020-10-19,63.1,63.62,61.81,62.4,118536,24105,62.478
US0382221051,266093,AMAT,USD,2020-10-20,62.48,63.01,62.02,62.18,80079,16953,62.457
US0382221051,266093,AMAT,USD,2020-10-21,62.23,62.86,61.67,61.98,130772,22635,62.318
US0382221051,266093,AMAT,USD,2020-10-22,61.92,62.15,60.86,61.87,124217,25054,61.451
US0382221051,266093,AMAT,USD,2020-10-23,61.79,62.17,60.66,60.96,127083,29934,61.137
US0382221051,266093,AMAT,USD,2020-10-26,60.3,60.5,58.65,59.5,120670,28723,59.372
US0382221051,266093,AMAT,USD,2020-10-27,59.79,59.99,58.5,58.5,88695,20543,59.098
US0382221051,266093,AMAT,USD,2020-10-28,58.56,58.56,56.87,57.19,160225,36426,57.532
US0382221051,266093,AMAT,USD,2020-10-29,58.3,60.23,56.95,58.73,127832,28698,59.223
US0382221051,266093,AMAT,USD,2020-10-30,58.68,59.81,58.26,59.31,150957,33704,58.909
US0382221051,266093,AMAT,USD,2020-11-02,60.0,60.7,59.53,60.7,144611,28892,60.062
US0382221051,266093,AMAT,USD,2020-11-03,60.91,62.44,60.65,61.82,216766,44882,61.813
US0382221051,266093,AMAT,USD,2020-11-04,63.22,65.19,62.13,65.0,196512,45713,64.147
US0382221051,266093,AMAT,USD,2020-11-05,65.55,70.3,65.55,69.69,277797,58767,68.712
US0382221051,266093,AMAT,USD,2020-11-06,68.71,70.9,68.35,70.79,168732,38962,69.702
US0382221051,266093,AMAT,USD,2020-11-09,71.34,75.93,70.93,70.93,184767,44346,72.92
US0382221051,266093,AMAT,USD,2020-11-10,70.93,71.49,69.1,69.2,172031,36242,69.864
US0382221051,266093,AMAT,USD,2020-11-11,69.96,71.74,69.88,71.35,164196,32157,71.144
US0382221051,266093,AMAT,USD,2020-11-12,71.88,72.24,69.43,71.2,175566,35743,70.214
US0382221051,266093,AMAT,USD,2020-11-13,71.89,73.94,71.21,72.6,218931,39590,72.565
US0382221051,266093,AMAT,USD,2020-11-16,73.2,74.65,72.58,74.18,175861,32205,73.694
US0382221051,266093,AMAT,USD,2020-11-17,74.18,75.15,73.06,74.94,114329,23711,74.143
US0382221051,266093,AMAT,USD,2020-11-18,74.66,76.67,74.59,75.59,221873,44382,75.702
US0382221051,266093,AMAT,USD,2020-11-19,75.98,77.51,74.51,76.6,191917,35267,76.55
US0382221051,266093,AMAT,USD,2020-11-20,77.21,78.57,76.6,76.9,156797,27513,77.528
US0382221051,266093,AMAT,USD,2020-11-23,77.59,80.9,76.72,80.9,186237,32937,79.486
US0382221051,266093,AMAT,USD,2020-11-24,80.81,83.5,79.82,83.48,195871,37393,82.249
US0382221051,266093,AMAT,USD,2020-11-25,82.34,83.3,81.02,81.2,114830,24743,81.628
US0382221051,266093,AMAT,USD,2020-11-27,81.41,83.53,81.0,82.55,63917,12205,82.857
US0382221051,266093,AMAT,USD,2020-11-30,83.0,83.0,80.7,82.26,153354,25337,82.146
US0382221051,266093,AMAT,USD,2020-12-01,82.58,84.62,82.58,84.03,128637,24399,83.934
US0382221051,266093,AMAT,USD,2020-12-02,83.84,85.59,83.45,85.46,108689,18816,84.971
US0382221051,266093,AMAT,USD,2020-12-03,85.5,87.03,85.27,86.1,98438,19566,86.187
US0382221051,266093,AMAT,USD,2020-12-04,86.99,88.92,86.25,88.7,134394,21230,88.323
US0382221051,266093,AMAT,USD,2020-12-07,88.76,89.88,87.87,89.05,102377,19657,88.905
US0382221051,266093,AMAT,USD,2020-12-08,89.13,90.26,88.3,89.8,95316,16957,89.649
US0382221051,266093,AMAT,USD,2020-12-09,89.16,90.1,87.18,87.58,142388,26379,88.396
US0382221051,266093,AMAT,USD,2020-12-10,87.83,88.8,86.46,87.6,107750,20746,87.918
US0382221051,266093,AMAT,USD,2020-12-11,87.33,88.59,86.59,88.35,116930,21713,87.674
US0382221051,266093,AMAT,USD,2020-12-14,88.6,90.52,88.32,89.05,125112,22202,89.084
US0382221051,266093,AMAT,USD,2020-12-15,89.39,90.61,87.95,88.47,123839,25233,88.716
US0382221051,266093,AMAT,USD,2020-12-16,88.47,89.25,87.29,88.82,84191,16285,88.499
US0382221051,266093,AMAT,USD,2020-12-17,88.74,89.4,87.13,87.36,115970,18113,87.663
US0382221051,266093,AMAT,USD,2020-12-18,87.1,88.15,85.33,86.15,311366,30562,86.47
US0382221051,266093,AMAT,USD,2020-12-21,84.93,86.53,83.8,86.4,106550,18559,85.795
US0382221051,266093,AMAT,USD,2020-12-22,86.41,86.61,85.5,85.5,77695,16840,86.002
US0382221051,266093,AMAT,USD,2020-12-23,85.92,86.5,83.96,84.01,87508,17855,84.777
US0382221051,266093,AMAT,USD,2020-12-24,84.5,85.39,84.2,85.13,28366,5721,85.031
US0382221051,266093,AMAT,USD,2020-12-28,85.77,86.74,84.56,84.87,60185,13127,85.093
US0382221051,266093,AMAT,USD,2020-12-29,84.85,85.36,83.53,84.27,56578,11969,84.163
US0382221051,266093,AMAT,USD,2020-12-30,84.77,87.57,84.75,87.31,131531,27189,86.889
US0382221051,266093,AMAT,USD,2020-12-31,86.9,88.0,85.17,86.3,115331,23233,86.025
US0382221051,266093,AMAT,USD,2021-01-04,86.73,89.3,86.15,87.31,172606,32721,87.335
US0382221051,266093,AMAT,USD,2021-01-05,87.74,89.62,86.17,89.25,141907,28680,88.895
US0382221051,266093,AMAT,USD,2021-01-06,88.51,91.91,87.61,91.91,189208,40586,90.88
US0382221051,266093,AMAT,USD,2021-01-07,91.6,95.55,91.6,95.3,179787,34350,94.194
US0382221051,266093,AMAT,USD,2021-01-08,95.49,97.8,94.86,95.5,178663,37299,96.192
US0382221051,266093,AMAT,USD,2021-01-11,95.0,98.5,94.13,98.5,171644,28895,97.291
US0382221051,266093,AMAT,USD,2021-01-12,98.95,100.87,98.13,100.31,143864,30032,99.731
US0382221051,266093,AMAT,USD,2021-01-13,100.25,100.5,97.96,98.45,101400,22109,98.818
US0382221051,266093,AMAT,USD,2021-01-14,99.0,106.6,99.0,105.8,244217,44846,105.465
US0382221051,266093,AMAT,USD,2021-01-15,105.55,105.99,101.15,103.02,181846,33649,103.094
US0382221051,266093,AMAT,USD,2021-01-19,105.25,109.74,104.01,109.5,190390,39261,107.518
US0382221051,266093,AMAT,USD,2021-01-20,110.35,110.88,105.16,108.0,203929,38080,107.539
US0382221051,266093,AMAT,USD,2021-01-21,109.99,110.01,106.27,108.05,146583,25595,107.614
US0382221051,266093,AMAT,USD,2021-01-22,108.7,109.76,106.0,106.47,125265,25019,107.309
US0382221051,266093,AMAT,USD,2021-01-25,107.0,110.1,106.33,108.33,168145,31974,108.552
US0382221051,266093,AMAT,USD,2021-01-26,108.63,110.0,105.06,105.27,110451,19714,106.436
US0382221051,266093,AMAT,USD,2021-01-27,105.53,105.53,98.08,99.49,188960,41314,100.292
US0382221051,266093,AMAT,USD,2021-01-28,98.1,103.98,97.19,100.57,142327,29421,101.606
US0382221051,266093,AMAT,USD,2021-01-29,100.25,101.13,96.07,96.4,156452,33258,97.574
US0382221051,266093,AMAT,USD,2021-02-01,97.3,102.15,96.98,101.4,175731,35664,100.585
US0382221051,266093,AMAT,USD,2021-02-02,102.99,103.95,101.77,103.95,99387,18529,103.072
US0382221051,266093,AMAT,USD,2021-02-03,103.86,104.63,99.6,100.0,101818,22838,100.851
US0382221051,266093,AMAT,USD,2021-02-04,100.41,103.73,99.83,103.25,119543,25878,102.673
US0382221051,266093,AMAT,USD,2021-02-05,104.0,105.2,100.69,100.9,114634,22248,101.497
US0382221051,266093,AMAT,USD,2021-02-08,101.31,106.51,101.31,106.4,133612,26153,104.851
US0382221051,266093,AMAT,USD,2021-02-09,106.65,107.36,104.78,105.5,111936,16989,105.804
US0382221051,266093,AMAT,USD,2021-02-10,107.13,108.2,105.03,105.94,98784,20984,106.538
US0382221051,266093,AMAT,USD,2021-02-11,106.01,114.3,105.97,113.8,251331,49584,111.982
US0382221051,266093,AMAT,USD,2021-02-12,113.3,117.95,111.69,117.9,165744,32650,115.796
US0382221051,266093,AMAT,USD,2021-02-16,118.03,121.14,117.69,118.35,178124,33965,119.068
US0382221051,266093,AMAT,USD,2021-02-17,118.5,118.82,112.09,116.41,134621,27864,114.913
US0382221051,266093,AMAT,USD,2021-02-18,115.02,119.9,112.0,117.85,168790,33950,113.852
US0382221051,266093,AMAT,USD,2021-02-19,117.94,124.5,117.2,119.45,458052,79533,121.445
US0382221051,266093,AMAT,USD,2021-02-22,118.7,119.87,114.62,115.48,158499,29634,116.665
US0382221051,266093,AMAT,USD,2021-02-23,116.0,117.8,110.69,116.3,190120,39110,114.681
US0382221051,266093,AMAT,USD,2021-02-24,117.39,124.45,114.42,123.0,203543,40523,119.815
US0382221051,266093,AMAT,USD,2021-02-25,123.0,123.19,112.8,112.8,222693,42632,116.594
US0382221051,266093,AMAT,USD,2021-02-26,114.0,120.25,112.7,117.91,218557,33938,117.775
US0382221051,266093,AMAT,USD,2021-03-01,122.0,122.63,119.46,122.5,139485,23680,121.546
US0382221051,266093,AMAT,USD,2021-03-02,121.5,122.5,117.23,118.2,127143,23014,118.743
US0382221051,266093,AMAT,USD,2021-03-03,119.27,119.85,114.4,114.51,145216,26576,117.119
US0382221051,266093,AMAT,USD,2021-03-04,114.5,116.49,106.0,106.0,239484,47268,110.308
US0382221051,266093,AMAT,USD,2021-03-05,107.8,114.34,105.65,113.8,188762,35932,111.23
US0382221051,266093,AMAT,USD,2021-03-08,112.48,114.12,105.25,106.4,239410,44406,108.376
US0382221051,266093,AMAT,USD,2021-03-09,107.9,114.95,106.95,114.02,249324,44080,113.076
US0382221051,266093,AMAT,USD,2021-03-10,114.1,117.0,112.57,113.3,175952,36145,114.097
US0382221051,266093,AMAT,USD,2021-03-11,115.79,118.0,115.1,118.0,160776,26933,117.142
US0382221051,266093,AMAT,USD,2021-03-12,116.0,116.45,113.33,114.4,148823,25196,114.507
US0382221051,266093,AMAT,USD,2021-03-15,115.7,115.78,113.1,115.15,143725,28522,114.477
US0382221051,266093,AMAT,USD,2021-03-16,115.65,121.28,115.65,118.99,214173,39655,119.343
US0382221051,266093,AMAT,USD,2021-03-17,118.58,121.14,114.9,120.19,163858,30257,118.724
US0382221051,266093,AMAT,USD,2021-03-18,118.4,119.36,114.0,114.8,183385,32518,116.22
US0382221051,266093,AMAT,USD,2021-03-19,115.7,117.06,112.14,114.93,272657,29079,114.905
US0382221051,266093,AMAT,USD,2021-03-22,115.0,121.48,115.0,119.9,224885,38248,119.525
US0382221051,266093,AMAT,USD,2021-03-23,119.0,121.89,115.56,121.1,154282,32511,117.658
US0382221051,266093,AMAT,USD,2021-03-24,120.01,125.8,116.38,120.3,408446,78042,123.503
US0382221051,266093,AMAT,USD,2021-03-25,121.1,121.3,116.22,120.38,209334,42844,119.221
US0382221051,266093,AMAT,USD,2021-03-26,120.83,129.98,118.6,128.5,284710,54684,125.881
US0382221051,266093,AMAT,USD,2021-03-29,128.38,129.88,123.47,125.8,207599,35213,125.65
US0382221051,266093,AMAT,USD,2021-03-30,125.71,127.9,123.85,127.33,153274,30213,126.531
US0382221051,266093,AMAT,USD,2021-03-31,128.0,135.5,127.81,133.74,390778,71498,133.17
US0382221051,266093,AMAT,USD,2021-04-01,136.52,142.9,133.6,142.9,322283,60035,140.53
US0382221051,266093,AMAT,USD,2021-04-05,144.0,146.49,141.55,144.01,280984,59214,143.347
US0382221051,266093,AMAT,USD,2021-04-06,144.0,145.3,136.95,139.65,360829,73970,140.896
US0382221051,266093,AMAT,USD,2021-04-07,140.2,141.89,136.82,139.77,262332,54983,139.156
US0382221051,266093,AMAT,USD,2021-04-08,140.5,141.79,138.21,139.65,199552,39660,139.471
US0382221051,266093,AMAT,USD,2021-04-09,139.25,140.18,137.49,138.71,197451,38283,138.961
US0382221051,266093,AMAT,USD,2021-04-12,138.91,139.26,134.51,136.05,217451,48205,135.635
US0382221051,266093,AMAT,USD,2021-04-13,135.68,136.99,133.2,134.88,153273,33102,134.544
US0382221051,266093,AMAT,USD,2021-04-14,135.27,137.14,133.24,134.85,154517,32613,134.975
US0382221051,266093,AMAT,USD,2021-04-15,135.22,136.55,132.85,134.24,155658,33725,134.066
US0382221051,266093,AMAT,USD,2021-04-16,134.24,135.5,133.01,133.6,133319,27379,133.664
US0382221051,266093,AMAT,USD,2021-04-19,133.0,135.28,128.7,131.02,251542,49435,130.733
US0382221051,266093,AMAT,USD,2021-04-20,131.99,131.99,128.28,128.56,143752,31198,129.324
US0382221051,266093,AMAT,USD,2021-04-21,129.5,136.1,128.91,133.82,235692,49051,132.956
US0382221051,266093,AMAT,USD,2021-04-22,135.0,135.74,130.45,131.83,221029,45037,132.659
US0382221051,266093,AMAT,USD,2021-04-23,132.48,135.17,132.28,134.8,157929,32724,134.422
US0382221051,266093,AMAT,USD,2021-04-26,135.34,138.67,133.98,137.6,146244,30487,137.137
US0382221051,266093,AMAT,USD,2021-04-27,138.31,138.49,135.55,136.78,115357,20487,136.709
US0382221051,266093,AMAT,USD,2021-04-28,137.0,137.13,134.57,135.94,120215,26026,135.722
US0382221051,266093,AMAT,USD,2021-04-29,136.51,137.63,133.09,133.9,129156,30265,134.942
US0382221051,266093,AMAT,USD,2021-04-30,133.5,134.4,131.4,132.54,169221,32454,132.754
US0382221051,266093,AMAT,USD,2021-05-03,132.97,135.61,131.7,132.55,152969,32037,133.13
US0382221051,266093,AMAT,USD,2021-05-04,132.2,132.2,125.32,128.75,281218,59336,127.185
US0382221051,266093,AMAT,USD,2021-05-05,129.13,132.52,128.76,130.0,143091,29095,130.906
US0382221051,266093,AMAT,USD,2021-05-06,130.8,132.2,127.76,131.99,143787,29654,130.15
US0382221051,266093,AMAT,USD,2021-05-07,132.05,134.99,131.64,132.85,146830,30402,133.013
US0382221051,266093,AMAT,USD,2021-05-10,132.3,133.29,123.96,124.69,208096,42651,126.621
US0382221051,266093,AMAT,USD,2021-05-11,123.19,124.69,117.62,123.38,280690,62494,121.747
US0382221051,266093,AMAT,USD,2021-05-12,123.6,123.6,114.39,114.85,390546,81816,116.718
US0382221051,266093,AMAT,USD,2021-05-13,114.84,121.47,113.53,120.3,289687,60591,120.053
US0382221051,266093,AMAT,USD,2021-05-14,121.73,125.8,120.26,125.14,253800,51990,123.786
US0382221051,266093,AMAT,USD,2021-05-17,124.4,124.5,120.37,124.25,156195,31918,122.513
US0382221051,266093,AMAT,USD,2021-05-18,124.93,125.7,121.35,121.36,153755,28411,123.12
US0382221051,266093,AMAT,USD,2021-05-19,120.23,125.58,117.79,124.8,215121,39166,123.152
US0382221051,266093,AMAT,USD,2021-05-20,125.01,133.9,124.21,130.5,378568,67146,129.013
US0382221051,266093,AMAT,USD,2021-05-21,130.59,131.99,127.02,128.24,294348,58782,128.97
US0382221051,266093,AMAT,USD,2021-05-24,128.0,135.63,128.0,135.19,232008,43928,134.158
US0382221051,266093,AMAT,USD,2021-05-25,135.94,139.15,134.91,138.55,263564,45385,137.725
US0382221051,266093,AMAT,USD,2021-05-26,138.0,138.97,136.21,136.7,221196,35582,137.16
US0382221051,266093,AMAT,USD,2021-05-27,136.22,138.5,135.36,138.5,194832,27207,137.583
US0382221051,266093,AMAT,USD,2021-05-28,137.82,139.46,137.82,138.2,132572,24083,138.516
US0382221051,266093,AMAT,USD,2021-06-01,139.43,142.12,137.26,138.0,179410,35163,138.912
US0382221051,266093,AMAT,USD,2021-06-02,137.69,140.36,136.92,138.7,121180,25742,138.941
US0382221051,266093,AMAT,USD,2021-06-03,139.0,139.0,135.09,136.12,124121,25210,136.785
US0382221051,266093,AMAT,USD,2021-06-04,135.98,140.85,135.98,139.95,134819,25681,139.758
US0382221051,266093,AMAT,USD,2021-06-07,139.01,139.9,138.19,139.53,103942,20652,138.988
US0382221051,266093,AMAT,USD,2021-06-08,139.11,141.49,135.24,136.45,152902,32147,136.732
US0382221051,266093,AMAT,USD,2021-06-09,136.64,137.54,134.5,134.79,128133,26356,135.416
US0382221051,266093,AMAT,USD,2021-06-10,135.0,138.17,133.4,137.31,111503,20522,136.914
US0382221051,266093,AMAT,USD,2021-06-11,137.7,138.17,135.23,136.77,120560,20992,136.258
US0382221051,266093,AMAT,USD,2021-06-14,136.8,139.55,135.75,138.98,120307,24300,138.237
US0382221051,266093,AMAT,USD,2021-06-15,139.6,140.61,138.2,138.94,117698,19487,139.021
US0382221051,266093,AMAT,USD,2021-06-16,138.93,140.39,135.6,135.6,148641,27384,137.946
US0382221051,266093,AMAT,USD,2021-06-17,136.0,138.65,135.05,137.83,155401,25828,137.164
US0382221051,266093,AMAT,USD,2021-06-18,138.5,138.83,130.63,130.67,266042,39940,132.093
US0382221051,266093,AMAT,USD,2021-06-21,131.0,133.58,130.31,133.29,113475,22358,132.718
US0382221051,266093,AMAT,USD,2021-06-22,133.05,134.44,131.6,133.65,112589,20913,133.275
US0382221051,266093,AMAT,USD,2021-06-23,133.25,136.21,133.25,135.73,125963,22770,135.384
US0382221051,266093,AMAT,USD,2021-06-24,136.5,138.49,135.83,138.26,120652,21763,137.934
US0382221051,266093,AMAT,USD,2021-06-25,138.59,139.43,135.38,136.49,144776,22407,137.105
US0382221051,266093,AMAT,USD,2021-06-28,136.89,141.42,136.89,140.75,138322,25906,140.314
US0382221051,266093,AMAT,USD,2021-06-29,140.7,142.79,140.1,142.1,101661,19445,141.581
US0382221051,266093,AMAT,USD,2021-06-30,141.45,142.7,140.07,142.47,118312,19218,141.882
US0382221051,266093,AMAT,USD,2021-07-01,142.54,142.54,137.59,137.83,154712,28261,138.746
US0382221051,266093,AMAT,USD,2021-07-02,138.2,140.52,137.52,138.15,101537,19263,138.522
US0382221051,266093,AMAT,USD,2021-07-06,138.33,141.11,134.82,136.78,147684,24349,137.303
US0382221051,266093,AMAT,USD,2021-07-07,137.0,138.77,134.02,134.78,107260,21522,135.537
US0382221051,266093,AMAT,USD,2021-07-08,133.97,134.39,129.72,132.3,145171,28007,132.208
US0382221051,266093,AMAT,USD,2021-07-09,132.98,135.38,132.08,134.8,102961,19820,134.461
US0382221051,266093,AMAT,USD,2021-07-12,135.2,137.03,134.67,136.7,103131,18725,136.377
US0382221051,266093,AMAT,USD,2021-07-13,135.43,137.39,134.75,136.3,85880,17625,136.173
US0382221051,266093,AMAT,USD,2021-07-14,136.5,139.88,135.41,135.8,109691,21970,137.039
US0382221051,266093,AMAT,USD,2021-07-15,135.01,136.0,131.6,132.95,130541,26252,133.602
US0382221051,266093,AMAT,USD,2021-07-16,132.99,134.94,127.92,128.16,166513,32928,130.028
US0382221051,266093,AMAT,USD,2021-07-19,127.8,129.79,123.88,129.79,169011,35740,126.832
US0382221051,266093,AMAT,USD,2021-07-20,129.92,133.12,127.8,132.03,139220,28776,131.588
US0382221051,266093,AMAT,USD,2021-07-21,133.1,138.27,131.99,136.5,125162,25297,136.578
US0382221051,266093,AMAT,USD,2021-07-22,136.93,138.75,136.37,137.49,104367,22097,137.283
US0382221051,266093,AMAT,USD,2021-07-23,138.0,139.0,136.53,138.15,84747,16160,138.132
US0382221051,266093,AMAT,USD,2021-07-26,136.8,139.88,136.5,138.39,91708,16153,138.417
US0382221051,266093,AMAT,USD,2021-07-27,138.0,138.68,131.58,134.0,124395,25845,134.048
US0382221051,266093,AMAT,USD,2021-07-28,135.1,137.88,133.89,135.3,92399,16816,136.852
US0382221051,266093,AMAT,USD,2021-07-29,135.85,137.86,133.51,136.08,105058,22848,136.265
US0382221051,266093,AMAT,USD,2021-07-30,136.0,141.4,135.8,140.15,157841,31164,139.262
US0382221051,266093,AMAT,USD,2021-08-02,141.04,145.25,140.45,142.4,183600,37709,143.668
US0382221051,266093,AMAT,USD,2021-08-03,142.28,143.44,140.24,141.62,95610,17653,141.897
US0382221051,266093,AMAT,USD,2021-08-04,142.0,144.7,141.81,142.77,95976,18920,143.104
US0382221051,266093,AMAT,USD,2021-08-05,143.0,144.0,141.16,142.32,83448,16553,142.38
US0382221051,266093,AMAT,USD,2021-08-06,141.8,143.16,141.0,142.9,72667,14868,142.367
US0382221051,266093,AMAT,USD,2021-08-09,142.91,143.72,141.45,142.0,68647,14279,142.398
US0382221051,266093,AMAT,USD,2021-08-10,142.5,143.0,135.3,137.77,120433,25212,138.819
US0382221051,266093,AMAT,USD,2021-08-11,137.8,138.9,132.6,133.6,152497,34262,134.686
US0382221051,266093,AMAT,USD,2021-08-12,133.77,134.31,127.69,129.15,244841,52095,129.198
US0382221051,266093,AMAT,USD,2021-08-13,129.19,130.44,128.58,129.96,140719,26918,129.472
US0382221051,266093,AMAT,USD,2021-08-16,129.79,132.05,128.77,131.45,149896,28167,131.077
US0382221051,266093,AMAT,USD,2021-08-17,131.08,131.23,126.71,128.69,164947,33373,128.499
US0382221051,266093,AMAT,USD,2021-08-18,128.9,131.64,126.75,127.2,130106,26903,129.188
US0382221051,266093,AMAT,USD,2021-08-19,125.51,134.0,125.22,127.8,178674,34768,128.336
US0382221051,266093,AMAT,USD,2021-08-20,127.89,131.99,125.25,127.2,272739,53770,127.488
US0382221051,266093,AMAT,USD,2021-08-23,128.54,131.75,127.8,131.75,154921,31120,130.531
US0382221051,266093,AMAT,USD,2021-08-24,132.99,133.38,130.62,131.44,123548,23700,131.527
US0382221051,266093,AMAT,USD,2021-08-25,131.89,134.2,131.2,132.5,127106,24768,133.011
US0382221051,266093,AMAT,USD,2021-08-26,132.0,133.83,131.59,132.7,75416,15293,132.661
US0382221051,266093,AMAT,USD,2021-08-27,133.81,137.15,132.58,136.55,139469,25475,136.078
US0382221051,266093,AMAT,USD,2021-08-30,136.83,137.94,135.38,135.9,87799,17584,136.334
US0382221051,266093,AMAT,USD,2021-08-31,136.7,136.7,133.55,135.5,101808,18436,134.927
US0382221051,266093,AMAT,USD,2021-09-01,135.59,136.04,133.19,133.6,125100,20700,134.144
US0382221051,266093,AMAT,USD,2021-09-02,133.78,135.95,133.51,134.5,98748,19608,134.629
US0382221051,266093,AMAT,USD,2021-09-03,135.05,136.43,133.34,135.85,97260,16584,135.574
US0382221051,266093,AMAT,USD,2021-09-07,136.53,137.17,133.75,136.47,108796,19646,135.732
US0382221051,266093,AMAT,USD,2021-09-08,136.39,136.46,131.75,133.07,149372,26423,133.461
US0382221051,266093,AMAT,USD,2021-09-09,133.05,135.85,132.51,134.84,111588,20133,134.814
US0382221051,266093,AMAT,USD,2021-09-10,135.49,140.8,135.49,136.55,176153,34139,138.434
US0382221051,266093,AMAT,USD,2021-09-13,137.22,141.3,136.49,139.63,165266,33297,139.602
US0382221051,266093,AMAT,USD,2021-09-14,138.92,141.8,137.0,140.34,154504,31875,140.072
US0382221051,266093,AMAT,USD,2021-09-15,140.14,141.8,137.44,141.7,113422,19872,140.014
US0382221051,266093,AMAT,USD,2021-09-16,140.42,144.63,139.17,143.9,167286,32146,142.87
US0382221051,266093,AMAT,USD,2021-09-17,144.1,144.1,139.38,140.1,205754,28974,141.008
US0382221051,266093,AMAT,USD,2021-09-20,137.99,138.58,133.55,135.0,167421,29965,135.175
US0382221051,266093,AMAT,USD,2021-09-21,136.87,137.5,133.45,134.52,105650,19252,135.306
US0382221051,266093,AMAT,USD,2021-09-22,135.59,138.88,135.5,138.1,119253,21916,137.69
US0382221051,266093,AMAT,USD,2021-09-23,139.43,142.15,138.51,141.17,104840,20974,141.167
US0382221051,266093,AMAT,USD,2021-09-24,141.05,142.37,139.16,141.8,68686,13177,141.399
US0382221051,266093,AMAT,USD,2021-09-27,141.98,143.27,139.5,142.6,97940,17955,142.329
US0382221051,266093,AMAT,USD,2021-09-28,138.67,142.39,131.33,133.2,242527,45832,134.41
US0382221051,266093,AMAT,USD,2021-09-29,134.89,135.35,128.0,128.5,205159,41131,129.722
US0382221051,266093,AMAT,USD,2021-09-30,129.87,130.85,128.5,129.3,133557,22218,129.435
US0382221051,266093,AMAT,USD,2021-10-01,127.82,129.92,126.42,129.19,125670,19497,128.542
US0382221051,266093,AMAT,USD,2021-10-04,127.83,128.37,123.17,125.41,185083,35565,124.955
US0382221051,266093,AMAT,USD,2021-10-05,125.5,129.2,125.2,127.8,136979,25562,127.99
US0382221051,266093,AMAT,USD,2021-10-06,126.5,128.18,125.3,127.5,144770,23918,126.782
US0382221051,266093,AMAT,USD,2021-10-07,128.16,129.95,127.46,128.01,99400,17044,128.701
US0382221051,266093,AMAT,USD,2021-10-08,127.82,129.09,125.87,125.91,123947,20887,126.656
US0382221051,266093,AMAT,USD,2021-10-11,125.6,129.2,124.61,127.45,101862,18840,128.049
US0382221051,266093,AMAT,USD,2021-10-12,127.99,129.74,124.93,126.45,147457,28901,126.616
US0382221051,266093,AMAT,USD,2021-10-13,126.84,129.48,126.84,128.6,92853,16924,128.356
US0382221051,266093,AMAT,USD,2021-10-14,129.88,132.5,129.65,132.5,160082,28473,131.418
US0382221051,266093,AMAT,USD,2021-10-15,132.7,133.3,131.24,131.77,91111,16464,131.822
US0382221051,266093,AMAT,USD,2021-10-18,130.88,133.4,129.84,133.29,78993,13173,132.455
US0382221051,266093,AMAT,USD,2021-10-19,133.53,135.34,132.61,134.93,68866,12496,134.286
US0382221051,266093,AMAT,USD,2021-10-20,134.82,135.2,130.11,131.99,89146,16169,133.96
US0382221051,266093,AMAT,USD,2021-10-21,131.82,135.16,130.51,134.88,106088,18515,132.495
US0382221051,266093,AMAT,USD,2021-10-22,134.65,141.56,134.27,136.2,210904,35861,137.661
US0382221051,266093,AMAT,USD,2021-10-25,136.26,137.92,135.3,135.81,74886,13801,136.224
US0382221051,266093,AMAT,USD,2021-10-26,137.12,137.44,131.68,132.5,150159,30000,133.35
US0382221051,266093,AMAT,USD,2021-10-27,132.35,134.28,131.41,133.15,146519,25325,132.688
US0382221051,266093,AMAT,USD,2021-10-28,133.6,137.85,132.16,135.48,117445,23045,135.853
US0382221051,266093,AMAT,USD,2021-10-29,134.59,137.26,134.3,136.85,106491,21016,136.177
US0382221051,266093,AMAT,USD,2021-11-01,136.61,139.74,136.5,139.37,97353,18777,138.545
US0382221051,266093,AMAT,USD,2021-11-02,139.47,141.47,138.44,141.21,82034,17000,140.618
US0382221051,266093,AMAT,USD,2021-11-03,141.12,143.38,139.88,143.38,74731,14170,141.949
US0382221051,266093,AMAT,USD,2021-11-04,142.87,150.49,142.43,149.62,170829,33980,147.669
US0382221051,266093,AMAT,USD,2021-11-05,149.74,153.92,148.79,153.2,144087,30477,151.968
US0382221051,266093,AMAT,USD,2021-11-08,153.98,154.89,151.23,152.64,109013,16791,153.001
US0382221051,266093,AMAT,USD,2021-11-09,153.37,156.68,151.42,156.0,133311,26299,154.792
US0382221051,266093,AMAT,USD,2021-11-10,156.03,156.8,150.27,151.05,132504,25874,151.918
US0382221051,266093,AMAT,USD,2021-11-11,151.0,154.88,150.02,154.88,92554,19031,153.172
US0382221051,266093,AMAT,USD,2021-11-12,154.0,157.41,153.51,157.0,105222,18874,156.136
US0382221051,266093,AMAT,USD,2021-11-15,157.91,158.35,155.2,156.25,124952,18779,156.522
US0382221051,266093,AMAT,USD,2021-11-16,155.92,159.0,153.55,158.29,113943,17554,157.545
US0382221051,266093,AMAT,USD,2021-11-17,158.3,159.02,155.89,158.26,107409,19880,156.738
US0382221051,266093,AMAT,USD,2021-11-18,158.76,159.0,144.73,150.65,172171,30276,156.127
US0382221051,266093,AMAT,USD,2021-11-19,151.84,156.45,147.55,150.31,316092,62390,152.181
US0382221051,266093,AMAT,USD,2021-11-22,150.81,152.98,147.36,147.56,173071,34354,149.931
US0382221051,266093,AMAT,USD,2021-11-23,146.7,149.95,145.1,148.92,132566,27710,147.75
US0382221051,266093,AMAT,USD,2021-11-24,148.07,149.47,145.81,149.04,121242,20346,148.032
US0382221051,266093,AMAT,USD,2021-11-26,148.32,149.01,142.22,143.29,148283,26054,144.598
US0382221051,266093,AMAT,USD,2021-11-29,144.92,152.58,144.69,151.93,161962,28950,149.579
US0382221051,266093,AMAT,USD,2021-11-30,150.36,151.98,146.46,147.83,243227,28929,147.9
US0382221051,266093,AMAT,USD,2021-12-01,149.91,156.58,149.6,152.35,269964,52073,153.916
US0382221051,266093,AMAT,USD,2021-12-02,153.47,153.86,143.74,146.8,178699,36407,146.911
US0382221051,266093,AMAT,USD,2021-12-03,146.72,150.74,143.33,145.83,137319,25586,145.548
US0382221051,266093,AMAT,USD,2021-12-06,146.24,148.37,141.02,147.0,165615,26055,146.1
US0382221051,266093,AMAT,USD,2021-12-07,151.55,158.0,150.0,157.77,194761,35385,156.109
US0382221051,266093,AMAT,USD,2021-12-08,157.66,158.0,155.15,156.85,124288,21999,156.887
US0382221051,266093,AMAT,USD,2021-12-09,157.29,158.35,152.38,152.99,98659,16652,154.243
US0382221051,266093,AMAT,USD,2021-12-10,154.48,156.89,150.64,152.73,98813,16269,152.551
US0382221051,266093,AMAT,USD,2021-12-13,153.73,154.65,146.5,147.1,117364,21791,148.214
US0382221051,266093,AMAT,USD,2021-12-14,147.34,148.2,144.35,147.56,98991,16756,147.003
US0382221051,266093,AMAT,USD,2021-12-15,147.7,154.43,145.16,153.83,129024,22763,150.045
US0382221051,266093,AMAT,USD,2021-12-16,154.41,155.61,146.26,146.9,124841,20148,148.69
US0382221051,266093,AMAT,USD,2021-12-17,146.0,148.98,144.22,146.8,177530,17465,146.252
US0382221051,266093,AMAT,USD,2021-12-20,144.13,148.48,143.0,148.48,85169,14857,144.87
US0382221051,266093,AMAT,USD,2021-12-21,147.72,152.76,147.02,151.7,113886,19050,149.98
US0382221051,266093,AMAT,USD,2021-12-22,151.38,152.5,148.92,152.5,77425,13982,151.159
US0382221051,266093,AMAT,USD,2021-12-23,152.3,156.54,152.3,155.0,83920,14989,155.423
US0382221051,266093,AMAT,USD,2021-12-27,155.25,162.94,155.25,162.69,122340,21706,160.981
US0382221051,266093,AMAT,USD,2021-12-28,163.99,164.71,158.75,160.5,110046,17870,160.198
US0382221051,266093,AMAT,USD,2021-12-29,160.37,163.02,159.11,160.11,84460,14907,161.401
US0382221051,266093,AMAT,USD,2021-12-30,160.8,161.46,157.63,157.87,65280,12406,159.141
US0382221051,266093,AMAT,USD,2021-12-31,159.14,159.67,157.01,157.65,65801,11135,157.765
US0382221051,266093,AMAT,USD,2022-01-03,159.21,160.78,156.7,159.93,96528,17095,159.309
US0382221051,266093,AMAT,USD,2022-01-04,160.7,161.84,154.51,157.5,128180,21008,157.845
US0382221051,266093,AMAT,USD,2022-01-05,158.95,159.05,153.0,154.06,127359,19437,155.667
US0382221051,266093,AMAT,USD,2022-01-06,153.7,157.52,151.84,157.52,116583,17782,155.411
US0382221051,266093,AMAT,USD,2022-01-07,156.4,157.38,150.64,150.82,118602,22041,152.187
US0382221051,266093,AMAT,USD,2022-01-10,150.81,151.14,143.27,149.55,177377,32524,146.911
US0382221051,266093,AMAT,USD,2022-01-11,149.65,152.66,146.27,152.11,128764,21756,150.377
US0382221051,266093,AMAT,USD,2022-01-12,152.68,159.85,152.06,159.4,196247,34790,157.996
US0382221051,266093,AMAT,USD,2022-01-13,162.5,166.53,156.5,157.1,225702,44055,161.417
US0382221051,266093,AMAT,USD,2022-01-14,158.0,168.15,154.98,167.6,219094,36778,163.441
US0382221051,266093,AMAT,USD,2022-01-18,164.63,167.0,151.52,151.75,233048,41403,156.124
US0382221051,266093,AMAT,USD,2022-01-19,153.42,155.82,142.87,143.38,243107,48341,146.958
US0382221051,266093,AMAT,USD,2022-01-20,144.39,147.32,138.0,138.51,193455,37018,142.992
US0382221051,266093,AMAT,USD,2022-01-21,138.24,141.9,134.01,134.5,222263,41592,137.457
US0382221051,266093,AMAT,USD,2022-01-24,135.12,139.88,129.69,137.51,248062,47051,134.475
US0382221051,266093,AMAT,USD,2022-01-25,136.24,137.01,131.37,134.31,201472,35235,133.934
US0382221051,266093,AMAT,USD,2022-01-26,135.5,141.58,128.8,131.0,217677,45405,137.244
US0382221051,266093,AMAT,USD,2022-01-27,132.29,135.45,128.0,130.03,240855,51681,131.313
US0382221051,266093,AMAT,USD,2022-01-28,129.88,132.95,123.85,132.95,243541,47212,128.948
US0382221051,266093,AMAT,USD,2022-01-31,134.0,138.37,131.63,137.86,164029,29005,136.408
US0382221051,266093,AMAT,USD,2022-02-01,139.29,140.77,133.37,140.0,140253,26120,137.106
US0382221051,266093,AMAT,USD,2022-02-02,141.02,141.5,137.1,138.0,151898,26978,139.664
US0382221051,266093,AMAT,USD,2022-02-03,138.0,141.22,135.1,139.45,204656,29569,137.505
US0382221051,266093,AMAT,USD,2022-02-04,138.63,138.68,131.94,135.25,151200,27670,134.945
US0382221051,266093,AMAT,USD,2022-02-07,135.39,138.29,135.2,136.4,124663,23581,136.747
US0382221051,266093,AMAT,USD,2022-02-08,136.31,139.5,133.5,139.29,105807,19499,137.182
US0382221051,266093,AMAT,USD,2022-02-09,140.68,144.98,139.49,143.35,138729,27057,143.43
US0382221051,266093,AMAT,USD,2022-02-10,144.25,145.16,139.0,139.77,137839,26070,141.691
US0382221051,266093,AMAT,USD,2022-02-11,138.67,140.57,131.28,132.0,165363,30668,134.642
US0382221051,266093,AMAT,USD,2022-02-14,130.49,134.4,129.69,131.91,151767,29062,132.182
US0382221051,266093,AMAT,USD,2022-02-15,132.9,140.38,132.9,139.63,157079,25916,138.526
US0382221051,266093,AMAT,USD,2022-02-16,141.0,147.87,136.9,144.25,142227,24962,140.081
US0382221051,266093,AMAT,USD,2022-02-17,144.38,145.0,134.75,136.25,218656,41536,138.026
US0382221051,266093,AMAT,USD,2022-02-18,136.74,137.8,130.93,132.07,144737,25343,133.519
US0382221051,266093,AMAT,USD,2022-02-22,130.01,135.16,128.49,131.4,137263,24453,131.009
US0382221051,266093,AMAT,USD,2022-02-23,132.7,134.22,126.76,126.76,165185,32344,129.949
US0382221051,266093,AMAT,USD,2022-02-24,125.7,133.63,122.1,132.8,162251,31067,129.335
US0382221051,266093,AMAT,USD,2022-02-25,131.1,136.14,131.1,135.72,131190,24993,134.777
US0382221051,266093,AMAT,USD,2022-02-28,132.9,137.06,132.03,134.2,138205,22554,134.266
US0382221051,266093,AMAT,USD,2022-03-01,132.18,135.06,128.09,130.1,146887,28614,130.617
US0382221051,266093,AMAT,USD,2022-03-02,131.1,134.47,129.0,132.75,112833,18569,132.667
US0382221051,266093,AMAT,USD,2022-03-03,132.48,135.65,128.1,128.5,94993,17472,131.087
US0382221051,266093,AMAT,USD,2022-03-04,128.01,130.66,124.12,125.4,127225,24569,126.154
US0382221051,266093,AMAT,USD,2022-03-07,123.9,128.05,118.61,119.2,168265,32973,121.042
US0382221051,266093,AMAT,USD,2022-03-08,119.23,127.87,118.17,123.75,187595,40658,123.432
US0382221051,266093,AMAT,USD,2022-03-09,125.7,129.84,124.15,127.86,136348,24907,128.447
US0382221051,266093,AMAT,USD,2022-03-10,128.99,129.02,122.68,125.08,102939,18589,124.586
US0382221051,266093,AMAT,USD,2022-03-11,125.69,130.0,123.18,123.83,107329,20160,125.788
US0382221051,266093,AMAT,USD,2022-03-14,124.26,125.31,119.1,121.1,124161,22696,121.132
US0382221051,266093,AMAT,USD,2022-03-15,119.99,124.95,119.86,124.39,131110,21978,123.027
US0382221051,266093,AMAT,USD,2022-03-16,125.0,131.67,125.0,131.0,182137,27382,129.365
US0382221051,266093,AMAT,USD,2022-03-17,130.48,132.26,128.31,131.0,108469,18337,131.04
US0382221051,266093,AMAT,USD,2022-03-18,130.0,135.75,129.75,135.41,223965,26808,134.087
US0382221051,266093,AMAT,USD,2022-03-21,134.88,135.88,131.92,134.0,103974,17711,133.728
US0382221051,266093,AMAT,USD,2022-03-22,134.0,137.34,133.85,135.48,91340,15237,135.532
US0382221051,266093,AMAT,USD,2022-03-23,134.35,135.1,131.2,131.42,88710,14860,132.557
US0382221051,266093,AMAT,USD,2022-03-24,132.44,138.76,131.33,138.21,135399,23270,136.597
US0382221051,266093,AMAT,USD,2022-03-25,138.0,140.43,134.8,136.99,103320,17345,136.618
US0382221051,266093,AMAT,USD,2022-03-28,136.5,137.94,133.7,137.42,83279,14679,136.126
US0382221051,266093,AMAT,USD,2022-03-29,138.61,142.85,137.27,141.54,111520,18013,140.738
US0382221051,266093,AMAT,USD,2022-03-30,141.64,142.62,135.08,136.4,117314,20140,137.072
US0382221051,266093,AMAT,USD,2022-03-31,137.05,137.35,131.65,132.89,158190,25599,133.291
US0382221051,266093,AMAT,USD,2022-04-01,132.98,133.07,125.57,127.45,182768,32288,127.613
US0382221051,266093,AMAT,USD,2022-04-04,127.49,129.73,126.9,129.4,152700,24247,128.512
US0382221051,266093,AMAT,USD,2022-04-05,129.4,129.4,121.35,121.75,204533,39054,122.503
US0382221051,266093,AMAT,USD,2022-04-06,121.0,121.22,117.07,119.1,207195,38081,118.863
US0382221051,266093,AMAT,USD,2022-04-07,119.66,123.9,118.59,122.4,209221,39737,121.713
US0382221051,266093,AMAT,USD,2022-04-08,123.6,123.6,119.46,119.75,112637,19056,120.521
US0382221051,266093,AMAT,USD,2022-04-11,118.9,119.33,116.14,116.3,141452,27091,117.059
US0382221051,266093,AMAT,USD,2022-04-12,116.54,119.88,114.17,115.26,182486,33330,116.178
US0382221051,266093,AMAT,USD,2022-04-13,115.44,118.12,114.49,117.04,179921,32772,116.875
US0382221051,266093,AMAT,USD,2022-04-14,118.33,118.46,113.18,113.6,145912,22312,114.512
US0382221051,266093,AMAT,USD,2022-04-18,113.11,116.41,112.34,115.95,129696,21271,114.795
US0382221051,266093,AMAT,USD,2022-04-19,115.0,117.24,113.54,116.3,109850,21048,116.513
US0382221051,266093,AMAT,USD,2022-04-20,117.0,122.37,116.0,118.1,165561,34480,118.98
US0382221051,266093,AMAT,USD,2022-04-21,118.47,121.08,115.34,115.57,148590,27654,117.238
US0382221051,266093,AMAT,USD,2022-04-22,115.34,116.19,112.14,112.2,150499,29030,113.846
US0382221051,266093,AMAT,USD,2022-04-25,112.0,114.72,110.9,114.47,156074,31340,113.346
US0382221051,266093,AMAT,USD,2022-04-26,113.8,113.8,107.0,108.9,176452,34539,110.089
US0382221051,266093,AMAT,USD,2022-04-27,109.45,112.37,107.9,110.35,117294,22080,109.437
US0382221051,266093,AMAT,USD,2022-04-28,111.3,115.99,109.59,113.79,137886,25859,113.533
US0382221051,266093,AMAT,USD,2022-04-29,113.49,116.16,110.16,111.0,151418,23797,111.823
US0382221051,266093,AMAT,USD,2022-05-02,111.0,113.2,108.18,112.52,171599,35791,111.361
US0382221051,266093,AMAT,USD,2022-05-03,112.87,114.9,111.43,114.25,101168,20617,113.671
US0382221051,266093,AMAT,USD,2022-05-04,114.01,119.12,112.03,118.0,113914,23751,116.365
US0382221051,266093,AMAT,USD,2022-05-05,117.89,117.89,111.85,113.5,142075,28035,113.821
US0382221051,266093,AMAT,USD,2022-05-06,112.25,115.05,109.89,112.0,109233,21794,112.672
US0382221051,266093,AMAT,USD,2022-05-09,110.68,110.79,105.21,105.4,182928,35971,106.803
US0382221051,266093,AMAT,USD,2022-05-10,107.7,109.57,105.18,107.18,145729,28677,107.409
US0382221051,266093,AMAT,USD,2022-05-11,107.62,109.5,103.61,104.49,136894,24586,105.276
US0382221051,266093,AMAT,USD,2022-05-12,102.89,107.04,102.0,107.02,159456,32243,105.144
US0382221051,266093,AMAT,USD,2022-05-13,109.96,112.64,107.91,112.45,147698,27382,111.431
US0382221051,266093,AMAT,USD,2022-05-16,111.0,112.31,108.61,110.5,102623,20890,110.863
US0382221051,266093,AMAT,USD,2022-05-17,112.1,117.32,110.48,117.08,124820,23316,115.682
US0382221051,266093,AMAT,USD,2022-05-18,115.4,117.05,110.42,110.5,150824,24330,112.56
US0382221051,266093,AMAT,USD,2022-05-19,109.7,113.48,101.75,108.6,179184,35247,111.273
US0382221051,266093,AMAT,USD,2022-05-20,108.95,113.37,101.33,106.85,297625,65669,105.612
US0382221051,266093,AMAT,USD,2022-05-23,107.33,111.35,106.62,109.11,138828,25568,109.62
US0382221051,266093,AMAT,USD,2022-05-24,108.11,109.0,105.71,107.34,123700,23058,106.785
US0382221051,266093,AMAT,USD,2022-05-25,106.0,109.42,104.72,108.36,136807,28240,107.593
US0382221051,266093,AMAT,USD,2022-05-26,108.06,115.75,106.51,115.75,167162,31654,113.95
US0382221051,266093,AMAT,USD,2022-05-27,115.99,119.99,115.07,119.79,163199,28091,118.621
US0382221051,266093,AMAT,USD,2022-05-31,119.44,119.79,115.56,117.48,179823,25849,117.338
US0382221051,266093,AMAT,USD,2022-06-01,117.88,118.5,112.8,114.41,112913,20857,114.881
US0382221051,266093,AMAT,USD,2022-06-02,115.02,117.53,113.55,117.53,116211,22735,116.023
US0382221051,266093,AMAT,USD,2022-06-03,115.5,116.34,114.14,114.84,92751,17381,115.147
US0382221051,266093,AMAT,USD,2022-06-06,116.35,117.88,114.37,115.48,59305,12518,115.662
US0382221051,266093,AMAT,USD,2022-06-07,114.18,115.99,112.4,115.5,84563,16242,114.726
US0382221051,266093,AMAT,USD,2022-06-08,115.5,115.85,111.19,112.65,91491,17993,112.805
US0382221051,266093,AMAT,USD,2022-06-09,112.95,113.25,107.15,107.51,107025,21315,109.037
US0382221051,266093,AMAT,USD,2022-06-10,108.0,108.0,101.81,102.37,152683,31497,102.845
US0382221051,266093,AMAT,USD,2022-06-13,100.0,100.0,95.65,96.75,186005,35579,96.836
US0382221051,266093,AMAT,USD,2022-06-14,97.49,97.96,95.39,96.65,125953,24120,96.619
US0382221051,266093,AMAT,USD,2022-06-15,97.85,99.39,95.59,98.6,165953,34357,97.353
US0382221051,266093,AMAT,USD,2022-06-16,96.7,96.7,88.75,89.67,250105,48605,90.46
US0382221051,266093,AMAT,USD,2022-06-17,90.43,92.29,87.62,89.84,285789,41620,89.574
US0382221051,266093,AMAT,USD,2022-06-21,90.0,95.68,90.0,94.94,218854,45724,94.484
US0382221051,266093,AMAT,USD,2022-06-22,93.6,95.93,92.85,93.01,146211,26254,94.347
US0382221051,266093,AMAT,USD,2022-06-23,94.01,95.32,92.11,93.01,156028,32583,93.534
US0382221051,266093,AMAT,USD,2022-06-24,94.5,98.28,93.54,97.4,218231,31633,96.971
US0382221051,266093,AMAT,USD,2022-06-27,98.6,98.87,96.54,97.61,96256,17507,97.644
US0382221051,266093,AMAT,USD,2022-06-28,98.36,98.91,94.74,95.79,123045,23038,95.883
US0382221051,266093,AMAT,USD,2022-06-29,95.14,95.14,91.41,91.94,147831,32472,92.164
US0382221051,266093,AMAT,USD,2022-06-30,90.01,93.52,89.27,89.98,160683,31575,91.241
US0382221051,266093,AMAT,USD,2022-07-01,89.28,89.7,84.46,86.4,247221,48286,86.282
US0382221051,266093,AMAT,USD,2022-07-05,85.04,86.23,82.67,86.14,176071,36970,84.883
US0382221051,266093,AMAT,USD,2022-07-06,85.19,87.48,84.95,86.85,104756,21349,86.267
US0382221051,266093,AMAT,USD,2022-07-07,87.79,91.16,87.79,90.0,142416,29077,90.362
US0382221051,266093,AMAT,USD,2022-07-08,90.01,91.65,88.91,91.47,85360,14767,90.701
US0382221051,266093,AMAT,USD,2022-07-11,90.3,90.4,87.82,88.45,93057,16882,88.872
US0382221051,266093,AMAT,USD,2022-07-12,87.62,90.02,87.62,88.73,106587,20068,88.928
US0382221051,266093,AMAT,USD,2022-07-13,89.1,90.12,86.18,88.6,108006,23503,88.856
US0382221051,266093,AMAT,USD,2022-07-14,88.66,92.13,86.41,92.11,164178,30662,89.981
US0382221051,266093,AMAT,USD,2022-07-15,92.3,94.77,90.21,94.45,156641,29420,93.283
US0382221051,266093,AMAT,USD,2022-07-18,96.0,96.8,92.55,93.21,111961,19524,94.219
US0382221051,266093,AMAT,USD,2022-07-19,93.75,99.25,93.73,99.0,161679,28370,97.648
US0382221051,266093,AMAT,USD,2022-07-20,97.8,102.86,97.28,102.19,160873,29735,101.487
US0382221051,266093,AMAT,USD,2022-07-21,101.57,104.01,101.02,103.29,99092,17994,103.161
US0382221051,266093,AMAT,USD,2022-07-22,103.0,103.96,100.94,101.73,99190,15221,102.031
US0382221051,266093,AMAT,USD,2022-07-25,102.47,102.47,99.46,100.99,85223,15610,100.566
US0382221051,266093,AMAT,USD,2022-07-26,100.74,100.98,98.57,99.99,103311,16208,99.284
US0382221051,266093,AMAT,USD,2022-07-27,100.13,105.0,100.0,102.53,131916,21397,102.76
US0382221051,266093,AMAT,USD,2022-07-28,103.32,105.29,100.58,103.04,99096,20635,103.81
US0382221051,266093,AMAT,USD,2022-07-29,103.25,106.55,102.5,105.6,101276,15855,105.62
US0382221051,266093,AMAT,USD,2022-08-01,105.77,107.34,103.67,106.5,84386,15609,106.12
US0382221051,266093,AMAT,USD,2022-08-02,104.5,106.54,103.66,104.35,73259,13601,105.079
US0382221051,266093,AMAT,USD,2022-08-03,104.98,110.6,104.6,108.76,109317,19190,108.643
US0382221051,266093,AMAT,USD,2022-08-04,109.5,111.44,108.75,111.44,91826,18405,110.489
US0382221051,266093,AMAT,USD,2022-08-05,110.82,111.22,107.44,109.4,91914,14526,109.347
US0382221051,266093,AMAT,USD,2022-08-08,109.96,110.36,105.94,108.3,94107,18056,107.749
US0382221051,266093,AMAT,USD,2022-08-09,107.3,107.78,97.88,99.66,190937,37704,99.867
US0382221051,266093,AMAT,USD,2022-08-10,100.1,105.13,99.94,104.99,160605,30710,103.874
US0382221051,266093,AMAT,USD,2022-08-11,105.0,108.91,104.71,105.51,99176,19143,106.32
US0382221051,266093,AMAT,USD,2022-08-12,105.75,111.32,105.75,110.85,129497,25367,109.983
US0382221051,266093,AMAT,USD,2022-08-15,110.1,111.65,107.99,109.8,165030,29785,109.437
US0382221051,266093,AMAT,USD,2022-08-16,109.42,109.59,107.01,108.65,88172,17950,108.31
US0382221051,266093,AMAT,USD,2022-08-17,107.1,107.52,104.12,105.75,88919,16990,105.776
US0382221051,266093,AMAT,USD,2022-08-18,105.98,113.31,105.5,110.15,154258,27248,108.764
US0382221051,266093,AMAT,USD,2022-08-19,109.61,109.83,103.35,104.03,226838,37964,104.949
US0382221051,266093,AMAT,USD,2022-08-22,103.9,103.9,100.35,101.24,119599,19652,101.361
US0382221051,266093,AMAT,USD,2022-08-23,101.0,103.31,100.79,101.97,83908,17801,102.279
US0382221051,266093,AMAT,USD,2022-08-24,101.93,102.09,100.14,101.35,93101,14230,101.318
US0382221051,266093,AMAT,USD,2022-08-25,102.14,105.18,101.47,104.68,150589,27549,104.276
US0382221051,266093,AMAT,USD,2022-08-26,104.5,105.35,98.55,98.75,141709,22358,100.355
US0382221051,266093,AMAT,USD,2022-08-29,97.5,98.71,96.18,96.95,103343,20674,97.26
US0382221051,266093,AMAT,USD,2022-08-30,97.91,98.29,93.56,94.5,206096,36703,94.683
US0382221051,266093,AMAT,USD,2022-08-31,94.78,95.51,92.03,92.03,165979,28318,93.95
US0382221051,266093,AMAT,USD,2022-09-01,92.09,92.72,89.03,92.0,178621,36217,90.684
US0382221051,266093,AMAT,USD,2022-09-02,91.9,93.84,90.53,91.22,120685,25200,91.991
US0382221051,266093,AMAT,USD,2022-09-06,91.8,92.03,89.22,90.29,111417,24604,90.384
US0382221051,266093,AMAT,USD,2022-09-07,90.39,92.77,89.88,91.93,106667,19695,91.613
US0382221051,266093,AMAT,USD,2022-09-08,91.63,94.11,90.26,94.11,82847,16158,93.04
US0382221051,266093,AMAT,USD,2022-09-09,95.03,97.01,94.95,96.36,92640,18514,96.409
US0382221051,266093,AMAT,USD,2022-09-12,99.09,99.09,95.12,96.49,100807,19100,96.256
US0382221051,266093,AMAT,USD,2022-09-13,96.8,97.49,90.0,90.4,166041,26679,90.903
US0382221051,266093,AMAT,USD,2022-09-14,90.81,91.94,89.6,90.71,113580,18918,90.655
US0382221051,266093,AMAT,USD,2022-09-15,90.24,90.82,87.58,88.0,138869,25476,89.205
US0382221051,266093,AMAT,USD,2022-09-16,87.3,89.35,86.94,89.19,218244,24561,88.483
US0382221051,266093,AMAT,USD,2022-09-19,87.5,90.29,87.43,89.86,96505,17241,89.441
US0382221051,266093,AMAT,USD,2022-09-20,88.73,89.39,87.35,88.09,86583,17022,88.202
US0382221051,266093,AMAT,USD,2022-09-21,88.0,91.26,86.42,86.42,131434,26851,88.575
US0382221051,266093,AMAT,USD,2022-09-22,87.5,87.5,84.59,85.01,167416,29598,85.209
US0382221051,266093,AMAT,USD,2022-09-23,84.0,84.5,82.7,84.49,137826,27381,83.702
US0382221051,266093,AMAT,USD,2022-09-26,83.49,85.58,82.54,83.07,142925,21047,83.546
US0382221051,266093,AMAT,USD,2022-09-27,83.28,85.18,81.88,84.41,109738,20730,83.881
US0382221051,266093,AMAT,USD,2022-09-28,82.93,86.4,81.7,86.0,155436,30549,85.573
US0382221051,266093,AMAT,USD,2022-09-29,84.69,85.29,82.5,83.7,169060,29710,84.073
US0382221051,266093,AMAT,USD,2022-09-30,83.93,84.6,81.53,82.13,177185,34151,82.661
US0382221051,266093,AMAT,USD,2022-10-03,82.45,87.61,82.45,86.69,194425,33527,86.265
US0382221051,266093,AMAT,USD,2022-10-04,87.7,90.27,87.7,89.01,152043,27235,89.408
US0382221051,266093,AMAT,USD,2022-10-05,88.77,90.17,86.19,88.84,146392,28359,88.418
US0382221051,266093,AMAT,USD,2022-10-06,88.52,91.19,86.55,87.0,126304,26275,88.942
US0382221051,266093,AMAT,USD,2022-10-07,86.87,87.33,82.02,82.6,200359,34565,83.11
US0382221051,266093,AMAT,USD,2022-10-10,81.62,82.2,77.35,79.2,280578,53016,78.994
US0382221051,266093,AMAT,USD,2022-10-11,77.71,78.77,74.97,76.55,238707,42527,76.691
US0382221051,266093,AMAT,USD,2022-10-12,77.15,77.2,73.51,75.55,151666,29545,76.222
US0382221051,266093,AMAT,USD,2022-10-13,75.05,81.52,71.12,79.4,338520,65392,77.498
US0382221051,266093,AMAT,USD,2022-10-14,78.47,80.78,74.41,74.55,197135,37870,75.779
US0382221051,266093,AMAT,USD,2022-10-17,76.0,77.98,74.16,75.24,206822,38027,75.021
US0382221051,266093,AMAT,USD,2022-10-18,75.8,77.44,74.15,76.08,199544,33747,75.41
US0382221051,266093,AMAT,USD,2022-10-19,76.74,78.5,74.43,76.26,218279,39432,76.634
US0382221051,266093,AMAT,USD,2022-10-20,76.41,82.12,76.41,78.4,270611,50438,79.422
US0382221051,266093,AMAT,USD,2022-10-21,77.85,82.68,77.45,82.5,231253,47144,81.429
US0382221051,266093,AMAT,USD,2022-10-24,81.55,85.1,81.4,84.65,241153,42884,84.12
US0382221051,266093,AMAT,USD,2022-10-25,84.04,88.5,84.0,85.39,198396,36975,87.33
US0382221051,266093,AMAT,USD,2022-10-26,86.22,90.25,84.64,88.67,169713,32914,88.591
US0382221051,266093,AMAT,USD,2022-10-27,88.27,89.99,86.1,86.63,118596,22912,87.386
US0382221051,266093,AMAT,USD,2022-10-28,85.7,90.1,85.7,90.1,124029,21290,89.234
US0382221051,266093,AMAT,USD,2022-10-31,89.0,89.59,87.66,88.72,122992,23845,88.348
US0382221051,266093,AMAT,USD,2022-11-01,89.53,90.8,89.0,89.79,117090,22226,89.892
US0382221051,266093,AMAT,USD,2022-11-02,89.75,93.29,87.0,87.2,196173,43847,90.169
US0382221051,266093,AMAT,USD,2022-11-03,87.0,87.71,84.7,86.21,133995,26542,86.426
US0382221051,266093,AMAT,USD,2022-11-04,87.85,91.8,86.21,91.6,169940,32452,90.89
US0382221051,266093,AMAT,USD,2022-11-07,92.35,95.82,91.4,95.25,150529,28142,94.158
US0382221051,266093,AMAT,USD,2022-11-08,95.2,98.79,94.78,97.88,188604,40686,97.292
US0382221051,266093,AMAT,USD,2022-11-09,97.0,97.0,93.6,94.52,134001,24624,95.011
US0382221051,266093,AMAT,USD,2022-11-10,95.1,105.06,94.9,105.0,232229,41119,103.254
US0382221051,266093,AMAT,USD,2022-11-11,105.6,110.89,104.79,110.2,207851,41873,109.1
US0382221051,266093,AMAT,USD,2022-11-14,109.53,110.23,107.45,108.09,148024,27593,108.706
US0382221051,266093,AMAT,USD,2022-11-15,109.2,113.01,108.77,109.85,160646,26045,110.55
US0382221051,266093,AMAT,USD,2022-11-16,110.46,110.46,102.99,105.5,194226,39099,104.936
US0382221051,266093,AMAT,USD,2022-11-17,105.0,110.09,100.21,107.8,194602,39817,104.421
US0382221051,266093,AMAT,USD,2022-11-18,106.0,110.0,103.64,104.91,210062,38820,105.639
US0382221051,266093,AMAT,USD,2022-11-21,103.51,105.91,101.84,105.2,156019,34924,104.122
US0382221051,266093,AMAT,USD,2022-11-22,105.22,107.29,103.85,107.0,132732,23991,106.013
US0382221051,266093,AMAT,USD,2022-11-23,106.88,108.57,106.32,107.75,74418,14636,107.596
US0382221051,266093,AMAT,USD,2022-11-25,106.22,107.7,105.79,105.82,42886,6993,106.341
US0382221051,266093,AMAT,USD,2022-11-28,105.01,105.09,102.81,103.51,108640,20611,103.795
US0382221051,266093,AMAT,USD,2022-11-29,104.31,104.92,102.92,103.3,62365,12320,103.57
US0382221051,266093,AMAT,USD,2022-11-30,104.35,109.95,102.66,109.95,192871,28033,107.935
US0382221051,266093,AMAT,USD,2022-12-01,109.94,110.88,105.76,106.81,121121,25602,107.419
US0382221051,266093,AMAT,USD,2022-12-02,106.95,107.32,103.0,106.5,71669,13402,106.107
US0382221051,266093,AMAT,USD,2022-12-05,106.31,107.69,105.21,106.9,84987,15501,106.369
US0382221051,266093,AMAT,USD,2022-12-06,106.55,107.07,103.77,104.86,78278,14267,105.014
US0382221051,266093,AMAT,USD,2022-12-07,103.88,107.65,103.3,106.0,116150,22904,106.332
US0382221051,266093,AMAT,USD,2022-12-08,106.35,109.44,106.35,108.41,104988,19535,108.337
US0382221051,266093,AMAT,USD,2022-12-09,109.45,109.8,107.0,107.0,90429,16457,108.181
US0382221051,266093,AMAT,USD,2022-12-12,107.94,109.45,105.64,109.01,90034,16612,108.246
US0382221051,266093,AMAT,USD,2022-12-13,109.9,116.09,109.9,112.0,184619,38310,113.379
US0382221051,266093,AMAT,USD,2022-12-14,111.92,112.61,108.55,109.64,116691,22824,110.424
US0382221051,266093,AMAT,USD,2022-12-15,107.98,108.02,104.02,104.48,126285,21807,105.029
US0382221051,266093,AMAT,USD,2022-12-16,103.61,105.93,103.02,104.54,250714,24496,104.74
US0382221051,266093,AMAT,USD,2022-12-19,105.5,105.5,102.67,104.15,117770,18688,103.841
US0382221051,266093,AMAT,USD,2022-12-20,103.38,104.77,102.01,104.0,82908,14373,103.678
US0382221051,266093,AMAT,USD,2022-12-21,104.21,106.51,103.21,103.75,86322,15442,105.698
US0382221051,266093,AMAT,USD,2022-12-22,104.37,104.37,95.97,97.4,205334,40614,97.848
US0382221051,266093,AMAT,USD,2022-12-23,97.6,98.18,95.33,97.1,84703,16999,96.804
US0382221051,266093,AMAT,USD,2022-12-27,97.6,98.0,95.0,95.0,108278,25385,95.836
US0382221051,266093,AMAT,USD,2022-12-28,94.8,95.78,93.67,94.35,81940,12931,94.432
US0382221051,266093,AMAT,USD,2022-12-29,94.8,97.64,94.8,97.14,95111,16783,96.969
US0382221051,266093,AMAT,USD,2022-12-30,96.7,97.6,95.03,97.39,64368,10591,96.775
US0382221051,266093,AMAT,USD,2023-01-03,98.88,100.02,96.12,96.8,106127,21046,97.292
US0382221051,266093,AMAT,USD,2023-01-04,98.0,99.62,97.19,99.32,96593,18834,98.849
US0382221051,266093,AMAT,USD,2023-01-05,99.0,99.42,97.36,98.12,73348,13231,98.202
US0382221051,266093,AMAT,USD,2023-01-06,97.75,104.86,97.5,104.2,133874,22213,103.245
US0382221051,266093,AMAT,USD,2023-01-09,104.93,108.76,104.16,106.41,115376,21693,106.963
US0382221051,266093,AMAT,USD,2023-01-10,106.29,108.19,105.06,107.4,78443,15417,107.467
US0382221051,266093,AMAT,USD,2023-01-11,106.83,110.19,105.75,110.06,100876,17716,109.147
US0382221051,266093,AMAT,USD,2023-01-12,110.22,111.89,107.23,110.27,99676,19200,110.171
US0382221051,266093,AMAT,USD,2023-01-13,108.89,110.2,106.4,109.76,101907,17928,109.466
US0382221051,266093,AMAT,USD,2023-01-17,109.0,110.63,107.78,109.41,88696,14332,109.29
US0382221051,266093,AMAT,USD,2023-01-18,110.03,112.39,109.45,109.45,95663,17965,110.528
US0382221051,266093,AMAT,USD,2023-01-19,109.09,109.67,105.95,107.26,93846,15218,106.828
US0382221051,266093,AMAT,USD,2023-01-20,107.0,109.78,106.48,109.65,90708,14661,108.63
US0382221051,266093,AMAT,USD,2023-01-23,108.2,114.91,107.39,114.11,136407,25235,113.293
US0382221051,266093,AMAT,USD,2023-01-24,113.52,114.07,112.02,112.5,59118,12447,113.072
US0382221051,266093,AMAT,USD,2023-01-25,111.49,114.44,109.41,112.9,104278,21838,112.674
US0382221051,266093,AMAT,USD,2023-01-26,113.37,115.76,111.39,112.39,102421,19798,114.74
US0382221051,266093,AMAT,USD,2023-01-27,112.26,113.89,110.7,112.4,164810,34338,112.342
US0382221051,266093,AMAT,USD,2023-01-30,110.5,111.0,107.96,108.45,133927,27151,108.864
US0382221051,266093,AMAT,USD,2023-01-31,107.8,112.2,106.86,111.22,125265,20919,110.67
US0382221051,266093,AMAT,USD,2023-02-01,111.1,120.13,111.0,119.01,183278,31408,117.239
US0382221051,266093,AMAT,USD,2023-02-02,119.9,124.92,118.78,123.4,201799,40557,123.252
US0382221051,266093,AMAT,USD,2023-02-03,122.04,123.72,119.61,119.73,108220,19827,120.961
US0382221051,266093,AMAT,USD,2023-02-06,118.5,119.44,116.91,117.88,81501,15893,117.931
US0382221051,266093,AMAT,USD,2023-02-07,118.4,121.29,116.75,120.33,90158,15299,119.532
US0382221051,266093,AMAT,USD,2023-02-08,120.75,120.8,115.47,116.25,114527,24473,116.814
US0382221051,266093,AMAT,USD,2023-02-09,117.3,119.56,115.08,116.25,100308,18487,116.881
US0382221051,266093,AMAT,USD,2023-02-10,114.6,116.35,112.97,114.57,69864,13792,114.304
US0382221051,266093,AMAT,USD,2023-02-13,115.36,116.72,114.55,116.6,77232,14606,116.207
US0382221051,266093,AMAT,USD,2023-02-14,117.0,119.01,113.85,117.9,87695,17715,117.828
US0382221051,266093,AMAT,USD,2023-02-15,116.9,119.82,115.99,119.4,79740,15998,118.31
US0382221051,266093,AMAT,USD,2023-02-16,119.36,120.1,114.0,117.15,132422,22101,116.418
US0382221051,266093,AMAT,USD,2023-02-17,116.03,118.4,113.38,115.45,164915,38073,115.263
US0382221051,266093,AMAT,USD,2023-02-21,114.6,114.83,110.93,111.46,136622,27431,112.14
US0382221051,266093,AMAT,USD,2023-02-22,110.93,115.71,109.48,112.9,89321,17132,110.501
US0382221051,266093,AMAT,USD,2023-02-23,113.34,113.98,109.91,112.6,135194,25711,112.501
US0382221051,266093,AMAT,USD,2023-02-24,112.54,112.54,110.0,111.31,99933,18937,111.184
US0382221051,266093,AMAT,USD,2023-02-27,112.45,113.89,111.22,112.5,77015,12764,112.487
US0382221051,266093,AMAT,USD,2023-02-28,112.07,118.07,112.07,115.7,230348,41922,116.711
US0382221051,266093,AMAT,USD,2023-03-01,115.65,119.32,115.65,117.41,124802,25134,117.714
US0382221051,266093,AMAT,USD,2023-03-02,116.2,119.09,113.93,118.0,119617,25288,116.818
US0382221051,266093,AMAT,USD,2023-03-03,118.86,119.65,116.94,119.65,99230,16637,118.45
US0382221051,266093,AMAT,USD,2023-03-06,118.6,121.5,118.22,118.93,99341,19661,119.529
US0382221051,266093,AMAT,USD,2023-03-07,118.65,119.31,115.66,116.26,80127,14586,116.539
US0382221051,266093,AMAT,USD,2023-03-08,116.5,119.1,116.22,118.05,81446,13958,118.371
US0382221051,266093,AMAT,USD,2023-03-09,117.99,120.96,116.68,116.68,104308,16174,118.124
US0382221051,266093,AMAT,USD,2023-03-10,117.11,118.62,113.92,114.43,124907,27245,115.425
US0382221051,266093,AMAT,USD,2023-03-13,115.9,117.32,111.92,115.84,135688,28168,115.23
US0382221051,266093,AMAT,USD,2023-03-14,115.91,121.9,115.55,120.33,148895,28116,119.882
US0382221051,266093,AMAT,USD,2023-03-15,120.0,120.0,115.7,118.99,153564,33267,117.484
US0382221051,266093,AMAT,USD,2023-03-16,119.0,123.43,116.9,123.02,119302,21794,121.644
US0382221051,266093,AMAT,USD,2023-03-17,123.11,124.39,121.62,122.66,259826,24906,122.703
US0382221051,266093,AMAT,USD,2023-03-20,120.9,124.76,120.72,124.0,92917,17033,123.904
US0382221051,266093,AMAT,USD,2023-03-21,124.38,125.62,118.41,120.15,198142,36098,120.937
US0382221051,266093,AMAT,USD,2023-03-22,120.3,123.74,118.69,118.9,142192,28037,120.535
US0382221051,266093,AMAT,USD,2023-03-23,120.35,124.99,120.17,123.05,111593,22230,122.929
US0382221051,266093,AMAT,USD,2023-03-24,122.18,123.05,118.05,119.5,116118,24249,119.553
US0382221051,266093,AMAT,USD,2023-03-27,119.52,121.04,118.32,118.87,86293,14522,119.219
US0382221051,266093,AMAT,USD,2023-03-28,118.0,119.06,115.58,116.0,100738,19966,116.532
US0382221051,266093,AMAT,USD,2023-03-29,117.8,121.01,117.03,119.69,155465,28008,119.514
US0382221051,266093,AMAT,USD,2023-03-30,120.46,123.38,120.46,122.2,80438,14135,122.202
US0382221051,266093,AMAT,USD,2023-03-31,122.09,123.52,121.0,122.84,95707,13243,122.63
US0382221051,266093,AMAT,USD,2023-04-03,121.74,122.73,120.6,122.32,81940,15125,121.812
US0382221051,266093,AMAT,USD,2023-04-04,122.66,123.18,119.39,120.0,89075,18025,120.19
US0382221051,266093,AMAT,USD,2023-04-05,119.57,119.69,115.65,116.8,126193,24390,116.882
US0382221051,266093,AMAT,USD,2023-04-06,116.38,116.5,111.87,113.99,111720,23803,114.267
US0382221051,266093,AMAT,USD,2023-04-10,114.61,116.71,111.75,116.5,76484,12212,115.697
US0382221051,266093,AMAT,USD,2023-04-11,116.5,117.83,116.05,116.65,58082,11220,116.769
US0382221051,266093,AMAT,USD,2023-04-12,116.38,118.25,112.87,113.0,105466,21147,113.943
US0382221051,266093,AMAT,USD,2023-04-13,113.64,114.05,111.51,113.22,95627,18173,113.184
US0382221051,266093,AMAT,USD,2023-04-14,113.0,115.05,111.37,113.05,98609,17505,112.756
US0382221051,266093,AMAT,USD,2023-04-17,112.5,112.58,108.6,111.5,109953,25197,110.664
US0382221051,266093,AMAT,USD,2023-04-18,112.73,113.6,110.53,111.2,91376,18795,111.51
US0382221051,266093,AMAT,USD,2023-04-19,109.54,111.44,108.53,110.99,132748,29281,110.014
US0382221051,266093,AMAT,USD,2023-04-20,110.7,116.33,109.98,114.35,163249,31337,114.665
US0382221051,266093,AMAT,USD,2023-04-21,114.0,114.72,112.2,113.4,77949,17640,113.306
US0382221051,266093,AMAT,USD,2023-04-24,112.56,113.94,112.54,113.53,55753,10128,113.349
US0382221051,266093,AMAT,USD,2023-04-25,112.61,113.66,110.34,112.25,113758,22217,111.545
US0382221051,266093,AMAT,USD,2023-04-26,111.5,111.88,109.5,110.55,114551,21052,110.467
US0382221051,266093,AMAT,USD,2023-04-27,110.6,112.23,109.15,111.72,131213,25759,111.328
US0382221051,266093,AMAT,USD,2023-04-28,111.61,113.26,111.12,112.85,146955,28655,112.493
US0382221051,266093,AMAT,USD,2023-05-01,113.01,114.44,112.1,112.68,72956,14894,113.104
US0382221051,266093,AMAT,USD,2023-05-02,112.76,113.39,111.2,112.25,81171,15739,112.36
US0382221051,266093,AMAT,USD,2023-05-03,112.2,115.27,111.88,112.9,97723,18345,113.386
US0382221051,266093,AMAT,USD,2023-05-04,113.29,113.41,111.72,112.5,57215,10860,112.446
US0382221051,266093,AMAT,USD,2023-05-05,112.86,116.62,112.8,116.06,75616,14395,115.589
US0382221051,266093,AMAT,USD,2023-05-08,116.0,117.59,114.93,115.5,52062,9446,115.875
US0382221051,266093,AMAT,USD,2023-05-09,115.01,115.48,112.86,113.84,53064,10696,113.705
US0382221051,266093,AMAT,USD,2023-05-10,113.87,116.24,113.87,115.2,68290,12245,115.428
US0382221051,266093,AMAT,USD,2023-05-11,115.45,115.96,113.91,115.66,57887,11425,114.907
US0382221051,266093,AMAT,USD,2023-05-12,115.92,117.07,114.99,115.99,67998,13373,115.899
US0382221051,266093,AMAT,USD,2023-05-15,116.21,121.35,116.02,121.0,90745,17237,119.885
US0382221051,266093,AMAT,USD,2023-05-16,120.81,123.07,119.99,121.05,84222,16941,121.63
US0382221051,266093,AMAT,USD,2023-05-17,121.3,126.3,121.15,125.7,123383,22918,125.128
US0382221051,266093,AMAT,USD,2023-05-18,126.03,132.89,125.41,128.1,194797,37527,129.844
US0382221051,266093,AMAT,USD,2023-05-19,128.61,128.61,125.25,126.81,168233,37586,126.747
US0382221051,266093,AMAT,USD,2023-05-22,126.45,127.56,125.5,127.0,81359,18430,126.477
US0382221051,266093,AMAT,USD,2023-05-23,126.6,126.73,124.12,124.12,71788,14461,124.783
US0382221051,266093,AMAT,USD,2023-05-24,123.99,125.64,120.18,124.47,102351,21827,121.423
US0382221051,266093,AMAT,USD,2023-05-25,125.0,130.73,124.46,130.31,177258,29661,129.066
US0382221051,266093,AMAT,USD,2023-05-26,130.47,136.69,129.98,136.35,162500,26768,134.888
US0382221051,266093,AMAT,USD,2023-05-30,138.8,139.47,135.48,137.95,133535,24914,136.805
US0382221051,266093,AMAT,USD,2023-05-31,135.86,136.92,132.16,133.5,178158,24224,133.379
US0382221051,266093,AMAT,USD,2023-06-01,133.65,136.19,131.69,134.75,89164,15882,134.558
US0382221051,266093,AMAT,USD,2023-06-02,136.2,136.2,132.38,134.95,84916,16680,134.277
US0382221051,266093,AMAT,USD,2023-06-05,134.4,135.15,133.02,133.25,63303,13190,133.879
US0382221051,266093,AMAT,USD,2023-06-06,133.13,135.35,130.75,133.94,86098,18095,133.552
US0382221051,266093,AMAT,USD,2023-06-07,134.35,137.04,133.58,134.88,83649,15670,135.26
US0382221051,266093,AMAT,USD,2023-06-08,135.18,136.76,134.15,135.72,77560,14018,135.991
US0382221051,266093,AMAT,USD,2023-06-09,136.75,137.98,135.81,136.0,63251,12337,136.629
US0382221051,266093,AMAT,USD,2023-06-12,136.66,140.62,136.35,140.49,99273,17928,139.289
US0382221051,266093,AMAT,USD,2023-06-13,140.78,142.98,139.4,142.0,109515,20682,141.401
US0382221051,266093,AMAT,USD,2023-06-14,141.38,141.73,138.23,141.5,111215,21086,140.371
US0382221051,266093,AMAT,USD,2023-06-15,139.21,141.43,137.93,139.88,97120,18392,139.834
US0382221051,266093,AMAT,USD,2023-06-16,139.22,141.27,138.13,138.97,164464,19198,139.438
US0382221051,266093,AMAT,USD,2023-06-20,137.61,140.32,137.15,138.11,64675,13381,138.473
US0382221051,266093,AMAT,USD,2023-06-21,138.02,139.16,135.75,136.38,83270,11860,136.94
US0382221051,266093,AMAT,USD,2023-06-22,136.1,139.6,134.92,139.0,66360,13169,138.472
US0382221051,266093,AMAT,USD,2023-06-23,137.08,137.5,134.84,136.0,100793,19928,135.874
US0382221051,266093,AMAT,USD,2023-06-26,136.28,140.87,136.07,139.83,116429,24479,139.97
US0382221051,266093,AMAT,USD,2023-06-27,140.5,146.69,139.91,144.5,120829,24120,144.599
US0382221051,266093,AMAT,USD,2023-06-28,144.0,146.19,142.05,145.07,111191,24561,144.037
US0382221051,266093,AMAT,USD,2023-06-29,144.18,145.94,143.0,143.42,60312,12016,144.293
US0382221051,266093,AMAT,USD,2023-06-30,144.23,145.99,143.44,144.54,104563,20472,144.625
US0382221051,266093,AMAT,USD,2023-07-03,144.54,145.91,143.38,145.85,43389,8435,144.692
US0382221051,266093,AMAT,USD,2023-07-05,144.0,144.92,142.01,142.26,88120,18503,142.988
US0382221051,266093,AMAT,USD,2023-07-06,142.0,142.0,138.75,140.3,96690,18916,139.98
US0382221051,266093,AMAT,USD,2023-07-07,138.93,142.12,138.93,140.11,57749,10144,140.128
US0382221051,266093,AMAT,USD,2023-07-10,139.35,141.88,138.14,140.6,115678,22100,140.803
US0382221051,266093,AMAT,USD,2023-07-11,141.33,142.4,134.01,137.5,131577,28376,136.453
US0382221051,266093,AMAT,USD,2023-07-12,138.5,139.94,137.85,138.8,101151,19481,138.881
US0382221051,266093,AMAT,USD,2023-07-13,139.5,143.66,139.1,142.6,97792,17835,142.52
US0382221051,266093,AMAT,USD,2023-07-14,143.08,145.39,142.32,142.7,101281,21183,143.746
US0382221051,266093,AMAT,USD,2023-07-17,143.0,146.5,141.83,145.48,112822,20930,145.149
US0382221051,266093,AMAT,USD,2023-07-18,145.53,145.81,141.91,144.4,106366,21119,143.668
US0382221051,266093,AMAT,USD,2023-07-19,144.04,145.3,140.18,140.27,92184,17295,142.184
US0382221051,266093,AMAT,USD,2023-07-20,139.75,141.66,133.52,134.0,164543,35832,135.058
US0382221051,266093,AMAT,USD,2023-07-21,135.52,137.3,134.26,136.4,216847,21735,136.332
US0382221051,266093,AMAT,USD,2023-07-24,136.5,139.08,136.5,138.58,90600,19821,138.016
US0382221051,266093,AMAT,USD,2023-07-25,139.0,141.4,138.49,140.0,67359,13637,140.231
US0382221051,266093,AMAT,USD,2023-07-26,139.2,142.0,136.81,140.75,67845,13917,138.664
US0382221051,266093,AMAT,USD,2023-07-27,143.0,150.43,142.7,147.88,152466,33071,147.231
US0382221051,266093,AMAT,USD,2023-07-28,148.3,153.28,145.77,152.0,135692,25471,151.733
US0382221051,266093,AMAT,USD,2023-07-31,152.64,153.0,150.52,151.89,65087,11830,151.655
US0382221051,266093,AMAT,USD,2023-08-01,151.21,153.5,149.38,152.08,51325,10057,152.212
US0382221051,266093,AMAT,USD,2023-08-02,150.9,151.05,146.88,147.85,98173,16569,147.704
US0382221051,266093,AMAT,USD,2023-08-03,145.93,148.7,145.36,146.07,72669,14595,147.395
US0382221051,266093,AMAT,USD,2023-08-04,147.81,149.07,145.07,145.83,65609,15163,146.546
US0382221051,266093,AMAT,USD,2023-08-07,147.37,151.0,146.1,150.38,64681,13712,149.657
US0382221051,266093,AMAT,USD,2023-08-08,148.86,150.01,145.9,147.93,54777,10385,147.426
US0382221051,266093,AMAT,USD,2023-08-09,148.36,148.91,144.8,145.97,85399,15889,145.905
US0382221051,266093,AMAT,USD,2023-08-10,145.82,147.98,143.1,145.08,63395,13361,145.266
US0382221051,266093,AMAT,USD,2023-08-11,143.58,144.0,138.4,138.62,79459,17037,139.61
US0382221051,266093,AMAT,USD,2023-08-14,139.14,142.64,137.67,142.64,81956,12965,141.129
US0382221051,266093,AMAT,USD,2023-08-15,141.0,141.85,139.73,140.39,54823,11498,140.501
US0382221051,266093,AMAT,USD,2023-08-16,140.6,141.26,137.9,138.05,62347,12056,139.051
US0382221051,266093,AMAT,USD,2023-08-17,138.49,143.61,136.57,140.9,122685,22273,138.526
US0382221051,266093,AMAT,USD,2023-08-18,141.5,143.65,135.53,142.51,206878,36851,140.867
US0382221051,266093,AMAT,USD,2023-08-21,143.76,149.4,143.07,149.0,141310,28011,147.25
US0382221051,266093,AMAT,USD,2023-08-22,150.0,151.15,146.94,148.25,79880,16118,148.548
US0382221051,266093,AMAT,USD,2023-08-23,148.7,151.16,146.05,150.51,89227,17302,147.83
US0382221051,266093,AMAT,USD,2023-08-24,151.42,151.89,141.82,142.5,119803,20295,144.007
US0382221051,266093,AMAT,USD,2023-08-25,142.49,144.96,140.96,144.09,88084,15850,143.72
US0382221051,266093,AMAT,USD,2023-08-28,144.67,147.19,144.04,145.7,67971,11050,145.22
US0382221051,266093,AMAT,USD,2023-08-29,145.2,150.52,143.86,150.0,90149,15452,149.384
US0382221051,266093,AMAT,USD,2023-08-30,149.7,151.57,148.18,151.15,71461,13221,150.553
US0382221051,266093,AMAT,USD,2023-08-31,150.0,153.39,149.3,152.76,125269,17374,152.484
US0382221051,266093,AMAT,USD,2023-09-01,153.5,154.88,152.5,153.77,59752,10220,153.851
US0382221051,266093,AMAT,USD,2023-09-05,152.97,154.82,152.31,153.46,61419,12681,153.722
US0382221051,266093,AMAT,USD,2023-09-06,153.15,155.26,151.55,153.18,52635,9966,153.127
US0382221051,266093,AMAT,USD,2023-09-07,151.56,151.56,145.13,148.23,121641,21859,147.598
US0382221051,266093,AMAT,USD,2023-09-08,147.97,148.5,146.18,147.53,65995,12893,147.334
US0382221051,266093,AMAT,USD,2023-09-11,148.3,150.0,144.04,145.05,65157,15002,146.387
US0382221051,266093,AMAT,USD,2023-09-12,145.5,146.49,143.72,143.97,72164,14161,144.625
US0382221051,266093,AMAT,USD,2023-09-13,143.82,147.11,143.11,144.96,70450,15159,145.156
US0382221051,266093,AMAT,USD,2023-09-14,146.2,146.71,143.94,145.3,83043,16503,144.831
US0382221051,266093,AMAT,USD,2023-09-15,143.99,145.94,136.71,138.03,253940,33221,138.758
US0382221051,266093,AMAT,USD,2023-09-18,137.98,140.98,136.64,140.27,98392,22495,140.019
US0382221051,266093,AMAT,USD,2023-09-19,140.5,141.11,136.67,137.91,104714,22709,137.703
US0382221051,266093,AMAT,USD,2023-09-20,138.25,139.66,136.31,136.4,92571,19432,137.704
US0382221051,266093,AMAT,USD,2023-09-21,136.0,137.52,134.5,135.07,92940,18456,135.676
US0382221051,266093,AMAT,USD,2023-09-22,136.11,138.31,135.75,136.24,92940,20785,136.782
US0382221051,266093,AMAT,USD,2023-09-25,136.54,137.04,134.71,136.95,95112,23142,136.161
US0382221051,266093,AMAT,USD,2023-09-26,135.1,136.03,133.54,134.42,94285,19653,134.384
US0382221051,266093,AMAT,USD,2023-09-27,135.08,136.07,133.1,136.0,107171,24579,134.765
US0382221051,266093,AMAT,USD,2023-09-28,134.36,139.8,134.0,138.05,91577,20957,138.026
US0382221051,266093,AMAT,USD,2023-09-29,139.66,141.56,138.0,138.51,78151,16474,139.11
US0382221051,266093,AMAT,USD,2023-10-02,139.74,141.41,137.26,139.84,82353,19884,139.301
US0382221051,266093,AMAT,USD,2023-10-03,139.79,140.01,135.43,137.19,112032,20022,137.123
US0382221051,266093,AMAT,USD,2023-10-04,136.16,139.61,134.88,139.18,100824,18736,138.773
US0382221051,266093,AMAT,USD,2023-10-05,139.81,140.15,137.78,139.28,76877,14505,139.163
US0382221051,266093,AMAT,USD,2023-10-06,139.8,141.16,135.15,140.55,94985,19015,139.689
US0382221051,266093,AMAT,USD,2023-10-09,138.93,140.93,137.76,139.93,56675,12720,139.83
US0382221051,266093,AMAT,USD,2023-10-10,140.7,142.73,140.35,141.85,58065,11750,141.576
US0382221051,266093,AMAT,USD,2023-10-11,142.55,142.94,140.81,142.51,91515,20989,142.004
US0382221051,266093,AMAT,USD,2023-10-12,143.01,148.4,141.9,145.4,146586,31868,146.021
US0382221051,266093,AMAT,USD,2023-10-13,145.0,147.82,140.72,141.15,114800,23743,142.035
US0382221051,266093,AMAT,USD,2023-10-16,140.13,142.66,139.73,140.52,115933,21301,141.188
US0382221051,266093,AMAT,USD,2023-10-17,141.49,142.98,136.81,142.69,105735,23312,141.185
US0382221051,266093,AMAT,USD,2023-10-18,140.52,142.48,137.49,138.2,93052,19347,140.943
US0382221051,266093,AMAT,USD,2023-10-19,138.45,143.11,133.77,133.9,163976,35410,135.746
US0382221051,266093,AMAT,USD,2023-10-20,134.43,136.15,133.36,134.0,110446,23204,134.603
US0382221051,266093,AMAT,USD,2023-10-23,132.35,135.81,131.9,134.23,62200,14050,134.307
US0382221051,266093,AMAT,USD,2023-10-24,135.99,135.99,133.51,134.68,87364,18760,134.661
US0382221051,266093,AMAT,USD,2023-10-25,134.22,134.22,129.36,129.5,122619,25414,130.817
US0382221051,266093,AMAT,USD,2023-10-26,129.0,134.41,128.91,132.24,94885,17432,131.684
US0382221051,266093,AMAT,USD,2023-10-27,131.16,133.11,130.56,131.29,76453,17479,131.361
US0382221051,266093,AMAT,USD,2023-10-30,132.3,132.96,129.82,130.61,78141,17118,131.183
US0382221051,266093,AMAT,USD,2023-10-31,130.63,132.55,129.21,131.97,67437,14197,131.756
US0382221051,266093,AMAT,USD,2023-11-01,131.16,136.5,131.12,136.5,100644,13826,134.774
US0382221051,266093,AMAT,USD,2023-11-02,137.36,139.78,136.49,138.51,107454,20288,138.665
US0382221051,266093,AMAT,USD,2023-11-03,138.51,141.77,138.51,139.89,98796,17771,140.184
US0382221051,266093,AMAT,USD,2023-11-06,140.02,140.79,139.21,140.74,83339,16609,140.243
US0382221051,266093,AMAT,USD,2023-11-07,140.0,141.92,139.69,141.7,89709,16781,141.389
US0382221051,266093,AMAT,USD,2023-11-08,141.71,144.53,141.6,143.39,78208,14869,143.836
US0382221051,266093,AMAT,USD,2023-11-09,144.97,147.21,142.89,143.2,91904,16009,144.463
US0382221051,266093,AMAT,USD,2023-11-10,143.5,151.0,142.83,150.4,119129,20239,149.506
US0382221051,266093,AMAT,USD,2023-11-13,149.91,150.34,147.55,150.06,65712,14190,149.482
US0382221051,266093,AMAT,USD,2023-11-14,151.0,154.91,149.71,154.48,117910,19715,153.767
US0382221051,266093,AMAT,USD,2023-11-15,155.2,156.77,154.01,155.2,73302,13658,155.42
US0382221051,266093,AMAT,USD,2023-11-16,154.5,157.76,142.8,143.05,193684,36147,152.828
US0382221051,266093,AMAT,USD,2023-11-17,143.85,149.05,141.94,148.3,353438,69982,147.139
US0382221051,266093,AMAT,USD,2023-11-20,148.45,153.0,147.89,152.57,129764,24153,151.36
US0382221051,266093,AMAT,USD,2023-11-21,151.7,152.05,148.0,148.25,114068,25215,149.214
US0382221051,266093,AMAT,USD,2023-11-22,149.88,153.79,148.02,149.35,85494,17742,150.21
US0382221051,266093,AMAT,USD,2023-11-24,149.48,150.74,149.3,150.0,32423,5987,150.092
US0382221051,266093,AMAT,USD,2023-11-27,150.0,151.76,148.77,150.74,58682,12606,150.74
US0382221051,266093,AMAT,USD,2023-11-28,150.73,150.95,146.5,147.88,102597,17642,147.976
US0382221051,266093,AMAT,USD,2023-11-29,148.8,152.82,148.8,149.36,90112,18116,150.394
US0382221051,266093,AMAT,USD,2023-11-30,151.0,151.0,147.04,149.0,139647,12291,149.432
US0382221051,266093,AMAT,USD,2023-12-01,150.0,151.98,148.63,151.59,79599,14872,151.14
US0382221051,266093,AMAT,USD,2023-12-04,150.94,150.95,145.65,148.45,103589,16494,147.881
US0382221051,266093,AMAT,USD,2023-12-05,146.57,147.75,145.22,146.45,92041,18211,146.324
US0382221051,266093,AMAT,USD,2023-12-06,146.65,148.72,144.68,144.72,80523,13054,145.508
US0382221051,266093,AMAT,USD,2023-12-07,145.29,148.54,144.57,148.29,89648,15145,147.488
US0382221051,266093,AMAT,USD,2023-12-08,148.39,148.81,145.99,147.8,78984,13633,147.561
US0382221051,266093,AMAT,USD,2023-12-11,147.73,155.66,147.72,155.5,110915,20987,154.486
US0382221051,266093,AMAT,USD,2023-12-12,155.35,158.18,154.64,157.43,95189,17040,157.198
US0382221051,266093,AMAT,USD,2023-12-13,157.5,158.38,154.62,157.08,99354,21355,156.578
US0382221051,266093,AMAT,USD,2023-12-14,158.45,163.06,157.7,161.4,130425,22023,161.354
US0382221051,266093,AMAT,USD,2023-12-15,162.38,164.21,160.95,161.95,168377,13710,162.087
US0382221051,266093,AMAT,USD,2023-12-18,161.39,162.27,157.73,160.0,77092,14737,159.702
US0382221051,266093,AMAT,USD,2023-12-19,160.69,162.73,160.0,162.33,67206,11936,161.958
US0382221051,266093,AMAT,USD,2023-12-20,160.52,162.0,156.74,157.98,100497,16484,158.457
US0382221051,266093,AMAT,USD,2023-12-21,158.8,161.82,158.8,160.88,69224,11320,161.031
US0382221051,266093,AMAT,USD,2023-12-22,160.9,163.0,160.3,161.5,41488,7417,162.073
US0382221051,266093,AMAT,USD,2023-12-26,162.6,164.98,162.1,164.28,40960,6704,164.308
US0382221051,266093,AMAT,USD,2023-12-27,164.67,164.99,163.53,164.21,52534,7973,164.135
US0382221051,266093,AMAT,USD,2023-12-28,164.42,165.25,162.73,163.0,48291,8706,163.405
US0382221051,266093,AMAT,USD,2023-12-29,163.44,164.0,160.7,161.67,49976,8537,162.059
