ISIN,conId,Symbol,Currency,date,open,high,low,close,volume,barCount,average
US05368V1061,431102494,AVNT,USD,2019-01-02,28.18,29.22,28.01,28.95,3373,1959,28.844
US05368V1061,431102494,AVNT,USD,2019-01-03,28.79,29.06,28.1,28.4,3254,2144,28.547
US05368V1061,431102494,AVNT,USD,2019-01-04,29.47,29.96,28.83,29.71,3770,2169,29.708
US05368V1061,431102494,AVNT,USD,2019-01-07,29.76,30.35,29.18,29.85,3188,2359,29.928
US05368V1061,431102494,AVNT,USD,2019-01-08,30.18,30.84,30.05,30.83,3931,2349,30.674
US05368V1061,431102494,AVNT,USD,2019-01-09,31.02,31.19,30.37,30.79,4054,2544,30.799
US05368V1061,431102494,AVNT,USD,2019-01-10,30.57,31.09,30.39,31.01,4773,2675,30.825
US05368V1061,431102494,AVNT,USD,2019-01-11,30.6,31.04,30.32,30.79,3073,1854,30.748
US05368V1061,431102494,AVNT,USD,2019-01-14,30.45,30.72,30.26,30.34,4794,3315,30.449
US05368V1061,431102494,AVNT,USD,2019-01-15,30.24,30.7,30.0,30.52,4219,2516,30.392
US05368V1061,431102494,AVNT,USD,2019-01-16,30.56,30.98,30.51,30.89,2885,1636,30.809
US05368V1061,431102494,AVNT,USD,2019-01-17,30.72,31.24,30.67,31.01,5879,3540,30.927
US05368V1061,431102494,AVNT,USD,2019-01-18,31.43,31.81,31.19,31.65,7775,4914,31.498
US05368V1061,431102494,AVNT,USD,2019-01-22,31.32,31.42,30.75,31.15,4800,2978,31.13
US05368V1061,431102494,AVNT,USD,2019-01-23,31.44,31.71,30.68,31.07,3379,2339,31.051
US05368V1061,431102494,AVNT,USD,2019-01-24,31.07,31.72,30.94,31.3,3138,2329,31.328
US05368V1061,431102494,AVNT,USD,2019-01-25,31.79,32.28,31.73,32.02,4981,3160,32.041
US05368V1061,431102494,AVNT,USD,2019-01-28,31.71,32.27,31.67,32.21,3557,2259,32.127
US05368V1061,431102494,AVNT,USD,2019-01-29,32.6,33.82,32.19,32.67,7491,4539,33.145
US05368V1061,431102494,AVNT,USD,2019-01-30,32.67,32.77,31.61,32.09,4634,3123,32.353
US05368V1061,431102494,AVNT,USD,2019-01-31,32.49,32.73,32.02,32.37,5055,3282,32.405
US05368V1061,431102494,AVNT,USD,2019-02-01,32.37,32.9,32.08,32.25,4728,3052,32.348
US05368V1061,431102494,AVNT,USD,2019-02-04,32.24,32.69,32.06,32.33,4048,2790,32.253
US05368V1061,431102494,AVNT,USD,2019-02-05,32.33,32.5,32.06,32.5,2636,1828,32.33
US05368V1061,431102494,AVNT,USD,2019-02-06,32.5,32.96,32.32,32.46,1908,1348,32.526
US05368V1061,431102494,AVNT,USD,2019-02-07,32.24,32.27,31.5,31.77,2836,1871,31.746
US05368V1061,431102494,AVNT,USD,2019-02-08,31.47,31.74,31.23,31.49,2464,1571,31.467
US05368V1061,431102494,AVNT,USD,2019-02-11,31.62,31.98,31.17,31.54,6061,3555,31.44
US05368V1061,431102494,AVNT,USD,2019-02-12,31.77,32.07,31.49,32.01,5500,3703,31.837
US05368V1061,431102494,AVNT,USD,2019-02-13,32.02,32.34,31.88,32.13,3067,2169,32.107
US05368V1061,431102494,AVNT,USD,2019-02-14,31.89,32.24,31.59,31.99,4937,3279,32.045
US05368V1061,431102494,AVNT,USD,2019-02-15,32.34,32.81,32.23,32.8,3987,2369,32.605
US05368V1061,431102494,AVNT,USD,2019-02-19,32.47,33.35,32.47,33.23,4321,2894,33.096
US05368V1061,431102494,AVNT,USD,2019-02-20,33.24,33.85,33.13,33.78,3856,2544,33.708
US05368V1061,431102494,AVNT,USD,2019-02-21,33.81,33.99,33.32,33.58,3050,2048,33.588
US05368V1061,431102494,AVNT,USD,2019-02-22,33.74,34.03,33.67,33.9,3471,2204,33.865
US05368V1061,431102494,AVNT,USD,2019-02-25,34.05,34.27,33.73,33.81,2555,1451,33.861
US05368V1061,431102494,AVNT,USD,2019-02-26,33.73,33.81,32.85,32.87,3872,2429,33.098
US05368V1061,431102494,AVNT,USD,2019-02-27,32.86,33.27,32.73,33.05,2721,1767,33.035
US05368V1061,431102494,AVNT,USD,2019-02-28,33.04,33.04,32.59,32.62,2873,1662,32.71
US05368V1061,431102494,AVNT,USD,2019-03-01,32.95,33.34,32.66,33.26,2290,1506,33.135
US05368V1061,431102494,AVNT,USD,2019-03-04,33.28,33.39,32.46,32.91,2253,1486,32.88
US05368V1061,431102494,AVNT,USD,2019-03-05,32.97,33.02,32.63,32.63,1885,1217,32.743
US05368V1061,431102494,AVNT,USD,2019-03-06,32.71,32.81,32.07,32.1,1909,1365,32.292
US05368V1061,431102494,AVNT,USD,2019-03-07,32.1,32.1,31.34,31.8,2307,1425,31.784
US05368V1061,431102494,AVNT,USD,2019-03-08,31.54,31.65,30.94,31.19,3168,1946,31.19
US05368V1061,431102494,AVNT,USD,2019-03-11,31.37,31.8,31.17,31.78,2867,2037,31.664
US05368V1061,431102494,AVNT,USD,2019-03-12,31.79,31.93,31.28,31.34,2169,1585,31.447
US05368V1061,431102494,AVNT,USD,2019-03-13,31.46,31.52,31.08,31.18,5423,2914,31.246
US05368V1061,431102494,AVNT,USD,2019-03-14,30.99,31.02,30.13,30.18,3351,2263,30.401
US05368V1061,431102494,AVNT,USD,2019-03-15,30.33,30.62,30.24,30.4,10639,2562,30.39
US05368V1061,431102494,AVNT,USD,2019-03-18,30.43,30.86,30.23,30.84,2233,1357,30.722
US05368V1061,431102494,AVNT,USD,2019-03-19,31.22,31.22,30.23,30.37,3027,1719,30.516
US05368V1061,431102494,AVNT,USD,2019-03-20,30.35,30.7,29.98,30.22,3231,2433,30.288
US05368V1061,431102494,AVNT,USD,2019-03-21,30.03,30.96,30.03,30.47,8599,5325,30.482
US05368V1061,431102494,AVNT,USD,2019-03-22,30.17,30.17,28.59,28.6,4222,3118,28.918
US05368V1061,431102494,AVNT,USD,2019-03-25,28.52,28.78,28.18,28.44,5174,2048,28.449
US05368V1061,431102494,AVNT,USD,2019-03-26,28.72,28.98,28.31,28.73,4794,3430,28.667
US05368V1061,431102494,AVNT,USD,2019-03-27,28.74,29.13,28.56,28.97,2608,1616,28.864
US05368V1061,431102494,AVNT,USD,2019-03-28,29.11,29.46,28.96,29.26,2544,1705,29.232
US05368V1061,431102494,AVNT,USD,2019-03-29,29.48,29.6,29.05,29.31,3933,2177,29.3
US05368V1061,431102494,AVNT,USD,2019-04-01,29.37,29.98,29.34,29.75,4950,3077,29.715
US05368V1061,431102494,AVNT,USD,2019-04-02,29.7,29.76,29.37,29.63,5007,2947,29.617
US05368V1061,431102494,AVNT,USD,2019-04-03,29.81,30.01,29.6,29.75,17754,11461,29.816
US05368V1061,431102494,AVNT,USD,2019-04-04,29.89,30.55,29.8,29.91,10400,6536,30.013
US05368V1061,431102494,AVNT,USD,2019-04-05,29.9,30.6,29.89,30.52,9400,5583,30.461
US05368V1061,431102494,AVNT,USD,2019-04-08,30.5,30.86,30.44,30.7,5891,3972,30.697
US05368V1061,431102494,AVNT,USD,2019-04-09,30.54,31.01,30.25,30.6,7312,4405,30.72
US05368V1061,431102494,AVNT,USD,2019-04-10,30.62,30.75,30.18,30.51,4261,2968,30.404
US05368V1061,431102494,AVNT,USD,2019-04-11,30.59,30.84,30.51,30.72,3661,2107,30.69
US05368V1061,431102494,AVNT,USD,2019-04-12,30.74,31.12,30.59,31.04,4517,3063,30.928
US05368V1061,431102494,AVNT,USD,2019-04-15,31.08,31.33,30.36,30.47,3549,2639,30.591
US05368V1061,431102494,AVNT,USD,2019-04-16,30.52,30.88,30.33,30.87,5355,3372,30.629
US05368V1061,431102494,AVNT,USD,2019-04-17,30.0,31.0,27.77,28.86,29773,17623,28.756
US05368V1061,431102494,AVNT,USD,2019-04-18,29.15,29.59,28.42,28.56,13299,8491,28.75
US05368V1061,431102494,AVNT,USD,2019-04-22,28.37,28.55,27.94,28.11,9496,5209,28.14
US05368V1061,431102494,AVNT,USD,2019-04-23,28.1,28.44,27.59,28.12,7199,4796,28.107
US05368V1061,431102494,AVNT,USD,2019-04-24,28.26,28.26,27.49,27.5,11578,5421,27.739
US05368V1061,431102494,AVNT,USD,2019-04-25,27.44,27.46,26.85,27.08,9816,4346,27.135
US05368V1061,431102494,AVNT,USD,2019-04-26,27.23,27.82,27.0,27.72,5522,2969,27.604
US05368V1061,431102494,AVNT,USD,2019-04-29,27.81,28.27,27.69,27.9,4628,2832,28.033
US05368V1061,431102494,AVNT,USD,2019-04-30,27.96,28.08,27.41,27.64,5017,2956,27.696
US05368V1061,431102494,AVNT,USD,2019-05-01,27.64,27.83,26.83,26.83,6455,3542,27.124
US05368V1061,431102494,AVNT,USD,2019-05-02,26.81,26.98,26.35,26.6,4095,2749,26.58
US05368V1061,431102494,AVNT,USD,2019-05-03,26.81,27.98,26.81,27.94,6627,4184,27.62
US05368V1061,431102494,AVNT,USD,2019-05-06,27.44,28.36,27.28,27.9,6026,4024,27.819
US05368V1061,431102494,AVNT,USD,2019-05-07,27.53,27.71,27.13,27.34,4843,3021,27.327
US05368V1061,431102494,AVNT,USD,2019-05-08,27.17,27.39,27.03,27.13,3398,2066,27.17
US05368V1061,431102494,AVNT,USD,2019-05-09,26.77,27.2,25.45,26.95,4683,2859,26.866
US05368V1061,431102494,AVNT,USD,2019-05-10,26.83,26.85,26.02,26.79,5240,3797,26.534
US05368V1061,431102494,AVNT,USD,2019-05-13,26.12,26.24,25.49,25.9,5966,3778,25.82
US05368V1061,431102494,AVNT,USD,2019-05-14,25.97,26.33,25.87,26.31,2940,1499,26.205
US05368V1061,431102494,AVNT,USD,2019-05-15,25.99,26.66,25.83,26.63,6903,3199,26.458
US05368V1061,431102494,AVNT,USD,2019-05-16,26.83,27.07,26.68,26.73,7960,3396,26.877
US05368V1061,431102494,AVNT,USD,2019-05-17,26.42,26.76,26.09,26.13,4675,2561,26.381
US05368V1061,431102494,AVNT,USD,2019-05-20,25.87,26.04,25.43,25.5,5277,2627,25.638
US05368V1061,431102494,AVNT,USD,2019-05-21,25.64,25.98,25.64,25.86,3342,1732,25.866
US05368V1061,431102494,AVNT,USD,2019-05-22,25.78,26.0,25.45,25.84,5657,2077,25.728
US05368V1061,431102494,AVNT,USD,2019-05-23,25.44,25.58,25.07,25.21,3650,2404,25.302
US05368V1061,431102494,AVNT,USD,2019-05-24,25.43,25.59,25.01,25.22,2610,1467,25.199
US05368V1061,431102494,AVNT,USD,2019-05-28,25.34,25.34,24.87,24.91,3756,2008,24.982
US05368V1061,431102494,AVNT,USD,2019-05-29,24.65,25.14,24.47,25.11,6568,2176,25.008
US05368V1061,431102494,AVNT,USD,2019-05-30,25.16,25.63,25.16,25.41,5510,3519,25.395
US05368V1061,431102494,AVNT,USD,2019-05-31,25.42,25.97,25.11,25.13,5396,2546,25.329
US05368V1061,431102494,AVNT,USD,2019-06-03,25.15,25.77,25.15,25.28,6304,3491,25.381
US05368V1061,431102494,AVNT,USD,2019-06-04,25.6,26.8,25.6,26.8,6716,4026,26.254
US05368V1061,431102494,AVNT,USD,2019-06-05,26.55,26.65,25.86,26.63,5220,2528,26.429
US05368V1061,431102494,AVNT,USD,2019-06-06,26.59,26.86,26.29,26.49,3227,1903,26.496
US05368V1061,431102494,AVNT,USD,2019-06-07,26.74,26.76,26.13,26.63,7336,4904,26.546
US05368V1061,431102494,AVNT,USD,2019-06-10,26.68,28.5,26.61,28.5,6745,3479,27.098
US05368V1061,431102494,AVNT,USD,2019-06-11,31.99,31.99,29.17,29.62,14194,8682,29.837
US05368V1061,431102494,AVNT,USD,2019-06-12,29.62,29.62,28.64,29.26,6235,3932,29.066
US05368V1061,431102494,AVNT,USD,2019-06-13,29.19,29.5,28.95,29.49,4414,2876,29.341
US05368V1061,431102494,AVNT,USD,2019-06-14,29.32,29.37,28.64,28.68,4643,2997,28.808
US05368V1061,431102494,AVNT,USD,2019-06-17,28.66,28.69,28.28,28.31,5543,3522,28.426
US05368V1061,431102494,AVNT,USD,2019-06-18,28.63,29.61,28.63,29.36,4742,3582,29.391
US05368V1061,431102494,AVNT,USD,2019-06-19,29.31,29.47,28.89,29.14,4361,2921,29.166
US05368V1061,431102494,AVNT,USD,2019-06-20,29.55,29.69,29.36,29.67,5825,2852,29.563
US05368V1061,431102494,AVNT,USD,2019-06-21,29.65,29.85,29.19,29.57,6441,2717,29.581
US05368V1061,431102494,AVNT,USD,2019-06-24,29.56,29.56,28.8,28.9,3204,2105,29.015
US05368V1061,431102494,AVNT,USD,2019-06-25,29.04,29.41,28.76,29.25,3348,2024,29.224
US05368V1061,431102494,AVNT,USD,2019-06-26,29.31,29.73,29.31,29.56,2329,1564,29.553
US05368V1061,431102494,AVNT,USD,2019-06-27,29.69,30.66,29.57,30.44,7332,4185,30.365
US05368V1061,431102494,AVNT,USD,2019-06-28,30.47,31.45,30.14,31.39,16303,8267,31.071
US05368V1061,431102494,AVNT,USD,2019-07-01,31.55,31.75,30.81,30.95,7566,3763,31.128
US05368V1061,431102494,AVNT,USD,2019-07-02,30.99,31.11,30.64,31.08,4418,2851,30.933
US05368V1061,431102494,AVNT,USD,2019-07-03,31.21,31.21,30.69,30.78,1904,1261,30.836
US05368V1061,431102494,AVNT,USD,2019-07-05,30.45,30.97,30.32,30.97,1792,1180,30.794
US05368V1061,431102494,AVNT,USD,2019-07-08,30.77,30.96,30.31,30.54,3008,1550,30.572
US05368V1061,431102494,AVNT,USD,2019-07-09,30.28,30.34,29.79,30.18,2787,1821,30.054
US05368V1061,431102494,AVNT,USD,2019-07-10,30.45,30.58,29.9,30.03,2009,1271,30.062
US05368V1061,431102494,AVNT,USD,2019-07-11,30.02,30.18,29.38,29.59,3370,2098,29.551
US05368V1061,431102494,AVNT,USD,2019-07-12,29.73,30.48,29.62,30.33,1851,1086,30.305
US05368V1061,431102494,AVNT,USD,2019-07-15,30.45,30.57,29.89,30.22,1877,1074,30.194
US05368V1061,431102494,AVNT,USD,2019-07-16,30.12,30.73,30.0,30.48,1599,1082,30.511
US05368V1061,431102494,AVNT,USD,2019-07-17,30.63,30.63,29.99,30.19,2716,1731,30.234
US05368V1061,431102494,AVNT,USD,2019-07-18,30.13,30.55,29.98,30.42,2358,1631,30.345
US05368V1061,431102494,AVNT,USD,2019-07-19,30.41,30.7,30.21,30.41,2543,1670,30.437
US05368V1061,431102494,AVNT,USD,2019-07-22,30.87,31.46,30.36,30.45,3860,2482,30.618
US05368V1061,431102494,AVNT,USD,2019-07-23,30.61,31.31,30.6,31.25,4770,2708,31.025
US05368V1061,431102494,AVNT,USD,2019-07-24,30.94,31.92,30.84,31.88,4970,3327,31.619
US05368V1061,431102494,AVNT,USD,2019-07-25,32.37,34.2,32.16,33.0,7983,5016,33.446
US05368V1061,431102494,AVNT,USD,2019-07-26,33.08,33.08,31.89,32.21,7522,4774,32.144
US05368V1061,431102494,AVNT,USD,2019-07-29,32.17,32.43,31.93,32.32,7062,4061,32.254
US05368V1061,431102494,AVNT,USD,2019-07-30,32.01,33.12,31.83,33.08,5989,3809,32.801
US05368V1061,431102494,AVNT,USD,2019-07-31,33.04,33.44,32.3,32.77,6284,3887,32.954
US05368V1061,431102494,AVNT,USD,2019-08-01,32.64,33.04,31.44,31.67,4238,2494,31.978
US05368V1061,431102494,AVNT,USD,2019-08-02,31.34,31.47,30.76,31.36,2813,1736,31.266
US05368V1061,431102494,AVNT,USD,2019-08-05,30.73,30.99,29.88,30.27,4434,2738,30.276
US05368V1061,431102494,AVNT,USD,2019-08-06,30.38,30.69,29.93,30.62,2272,1486,30.397
US05368V1061,431102494,AVNT,USD,2019-08-07,30.19,31.15,30.09,31.12,3680,2189,30.877
US05368V1061,431102494,AVNT,USD,2019-08-08,31.51,32.15,31.49,32.0,4232,2388,31.967
US05368V1061,431102494,AVNT,USD,2019-08-09,31.77,31.83,31.0,31.31,2174,1358,31.307
US05368V1061,431102494,AVNT,USD,2019-08-12,31.05,31.16,30.65,30.91,1975,1245,30.944
US05368V1061,431102494,AVNT,USD,2019-08-13,30.75,31.81,30.7,31.32,4036,2058,31.316
US05368V1061,431102494,AVNT,USD,2019-08-14,30.64,30.82,29.65,29.69,4043,2834,29.918
US05368V1061,431102494,AVNT,USD,2019-08-15,29.69,30.34,29.6,30.22,2938,1976,30.076
US05368V1061,431102494,AVNT,USD,2019-08-16,30.47,31.16,30.26,31.04,2031,1137,30.916
US05368V1061,431102494,AVNT,USD,2019-08-19,32.08,32.85,31.68,32.3,7313,4054,32.338
US05368V1061,431102494,AVNT,USD,2019-08-20,32.02,32.19,31.49,31.66,4793,3155,31.728
US05368V1061,431102494,AVNT,USD,2019-08-21,32.06,32.83,31.93,32.68,4440,2390,32.602
US05368V1061,431102494,AVNT,USD,2019-08-22,32.68,32.95,32.23,32.27,4278,2671,32.411
US05368V1061,431102494,AVNT,USD,2019-08-23,32.01,32.05,30.54,30.65,4782,2887,30.917
US05368V1061,431102494,AVNT,USD,2019-08-26,31.1,31.15,30.57,30.85,5402,2350,30.782
US05368V1061,431102494,AVNT,USD,2019-08-27,31.23,31.46,30.69,30.75,4059,2382,30.921
US05368V1061,431102494,AVNT,USD,2019-08-28,30.69,31.22,30.39,31.04,5080,1778,31.027
US05368V1061,431102494,AVNT,USD,2019-08-29,31.56,32.14,31.47,32.13,2138,1316,32.001
US05368V1061,431102494,AVNT,USD,2019-08-30,32.46,32.56,31.85,32.01,3200,1844,32.117
US05368V1061,431102494,AVNT,USD,2019-09-03,31.79,31.97,31.08,31.59,2629,1430,31.401
US05368V1061,431102494,AVNT,USD,2019-09-04,32.09,32.37,31.72,32.0,2722,1137,31.991
US05368V1061,431102494,AVNT,USD,2019-09-05,32.5,33.38,32.45,33.02,2558,1644,33.048
US05368V1061,431102494,AVNT,USD,2019-09-06,33.07,33.25,32.49,32.5,2167,1014,32.662
US05368V1061,431102494,AVNT,USD,2019-09-09,32.61,33.74,32.6,33.57,2708,1886,33.396
US05368V1061,431102494,AVNT,USD,2019-09-10,33.63,34.06,33.41,33.99,4262,2934,33.853
US05368V1061,431102494,AVNT,USD,2019-09-11,33.99,35.19,33.58,35.0,7635,4281,34.883
US05368V1061,431102494,AVNT,USD,2019-09-12,34.95,35.12,34.2,34.4,5719,4187,34.497
US05368V1061,431102494,AVNT,USD,2019-09-13,34.99,35.3,34.68,34.96,4357,2740,34.932
US05368V1061,431102494,AVNT,USD,2019-09-16,34.67,34.67,33.52,33.65,6476,3204,33.826
US05368V1061,431102494,AVNT,USD,2019-09-17,33.35,33.47,32.57,32.91,4326,3039,32.863
US05368V1061,431102494,AVNT,USD,2019-09-18,32.82,32.92,32.28,32.6,3947,2107,32.553
US05368V1061,431102494,AVNT,USD,2019-09-19,32.69,33.47,32.69,32.85,4091,2538,33.021
US05368V1061,431102494,AVNT,USD,2019-09-20,32.85,32.85,31.23,31.87,11238,3192,31.831
US05368V1061,431102494,AVNT,USD,2019-09-23,31.27,32.48,30.89,32.09,3865,2604,32.169
US05368V1061,431102494,AVNT,USD,2019-09-24,31.91,32.39,31.36,31.6,4027,2537,31.725
US05368V1061,431102494,AVNT,USD,2019-09-25,31.64,32.68,31.64,32.52,4059,2326,32.371
US05368V1061,431102494,AVNT,USD,2019-09-26,32.36,32.46,31.97,32.23,2184,1466,32.173
US05368V1061,431102494,AVNT,USD,2019-09-27,32.32,32.96,32.12,32.58,7101,4909,32.533
US05368V1061,431102494,AVNT,USD,2019-09-30,32.66,32.89,32.07,32.65,3233,1577,32.576
US05368V1061,431102494,AVNT,USD,2019-10-01,32.94,33.42,31.45,31.46,3256,1874,32.072
US05368V1061,431102494,AVNT,USD,2019-10-02,31.13,31.14,30.32,30.86,4420,2462,30.741
US05368V1061,431102494,AVNT,USD,2019-10-03,30.73,31.25,30.24,31.24,6444,3031,30.757
US05368V1061,431102494,AVNT,USD,2019-10-04,31.32,32.24,31.28,32.18,2000,1295,31.916
US05368V1061,431102494,AVNT,USD,2019-10-07,31.99,32.34,31.46,31.88,2665,1532,31.956
US05368V1061,431102494,AVNT,USD,2019-10-08,31.44,31.45,30.52,30.55,3838,2615,30.815
US05368V1061,431102494,AVNT,USD,2019-10-09,30.97,31.27,30.69,31.16,2100,1310,31.098
US05368V1061,431102494,AVNT,USD,2019-10-10,31.26,31.44,30.62,30.92,4438,2721,30.97
US05368V1061,431102494,AVNT,USD,2019-10-11,31.75,33.05,31.75,32.74,3594,2552,32.734
US05368V1061,431102494,AVNT,USD,2019-10-14,32.33,32.64,32.16,32.37,1681,1046,32.415
US05368V1061,431102494,AVNT,USD,2019-10-15,32.51,33.29,32.37,32.84,2838,1950,32.926
US05368V1061,431102494,AVNT,USD,2019-10-16,32.55,33.11,31.85,31.89,5751,2624,32.067
US05368V1061,431102494,AVNT,USD,2019-10-17,32.1,32.24,31.53,31.79,3539,2073,31.81
US05368V1061,431102494,AVNT,USD,2019-10-18,31.61,32.11,31.6,31.76,2626,1605,31.813
US05368V1061,431102494,AVNT,USD,2019-10-21,32.04,32.48,31.57,31.71,4592,3047,31.794
US05368V1061,431102494,AVNT,USD,2019-10-22,31.75,33.52,31.5,32.85,7442,4816,32.576
US05368V1061,431102494,AVNT,USD,2019-10-23,32.85,33.1,31.85,32.67,7669,4517,32.558
US05368V1061,431102494,AVNT,USD,2019-10-24,32.9,33.1,31.9,32.28,3341,2246,32.288
US05368V1061,431102494,AVNT,USD,2019-10-25,32.13,32.68,31.95,32.21,2706,1825,32.362
US05368V1061,431102494,AVNT,USD,2019-10-28,32.4,32.91,32.13,32.15,3391,2209,32.37
US05368V1061,431102494,AVNT,USD,2019-10-29,31.89,32.84,31.89,32.76,3511,2047,32.584
US05368V1061,431102494,AVNT,USD,2019-10-30,32.6,32.76,32.23,32.57,3634,2452,32.519
US05368V1061,431102494,AVNT,USD,2019-10-31,32.34,32.49,31.58,32.05,4182,2231,31.981
US05368V1061,431102494,AVNT,USD,2019-11-01,32.29,33.14,32.06,33.02,2733,1821,32.907
US05368V1061,431102494,AVNT,USD,2019-11-04,33.39,33.62,32.95,33.49,3031,1870,33.36
US05368V1061,431102494,AVNT,USD,2019-11-05,33.7,34.14,33.05,33.16,3082,2145,33.389
US05368V1061,431102494,AVNT,USD,2019-11-06,33.04,33.08,32.55,32.67,3839,2428,32.707
US05368V1061,431102494,AVNT,USD,2019-11-07,33.01,33.51,33.0,33.48,2404,1503,33.325
US05368V1061,431102494,AVNT,USD,2019-11-08,33.39,33.77,33.09,33.48,1708,1173,33.496
US05368V1061,431102494,AVNT,USD,2019-11-11,33.06,33.55,32.82,33.4,1747,1263,33.293
US05368V1061,431102494,AVNT,USD,2019-11-12,33.52,33.87,33.22,33.63,2311,1535,33.65
US05368V1061,431102494,AVNT,USD,2019-11-13,33.23,33.23,32.37,32.39,3448,1975,32.623
US05368V1061,431102494,AVNT,USD,2019-11-14,32.32,33.02,31.77,31.77,3547,1822,32.828
US05368V1061,431102494,AVNT,USD,2019-11-15,33.21,33.26,32.74,32.76,6073,1931,32.96
US05368V1061,431102494,AVNT,USD,2019-11-18,32.58,33.02,32.51,32.8,2579,1324,32.833
US05368V1061,431102494,AVNT,USD,2019-11-19,33.0,33.01,32.55,32.77,2311,1594,32.808
US05368V1061,431102494,AVNT,USD,2019-11-20,32.54,32.71,31.82,31.88,3969,2249,32.1
US05368V1061,431102494,AVNT,USD,2019-11-21,32.25,32.25,31.5,31.63,1454,816,31.669
US05368V1061,431102494,AVNT,USD,2019-11-22,31.83,32.17,31.66,31.84,3444,1971,31.946
US05368V1061,431102494,AVNT,USD,2019-11-25,32.08,32.51,31.83,32.22,3467,1597,32.26
US05368V1061,431102494,AVNT,USD,2019-11-26,32.17,32.45,31.79,32.05,2411,1422,32.137
US05368V1061,431102494,AVNT,USD,2019-11-27,32.12,32.29,31.81,32.06,1257,843,32.058
US05368V1061,431102494,AVNT,USD,2019-11-29,31.86,31.86,31.5,31.53,656,377,31.631
US05368V1061,431102494,AVNT,USD,2019-12-02,31.69,31.85,30.92,31.02,4168,1965,31.135
US05368V1061,431102494,AVNT,USD,2019-12-03,30.58,30.94,30.22,30.84,2435,1626,30.659
US05368V1061,431102494,AVNT,USD,2019-12-04,31.12,31.53,30.88,30.91,2115,1168,31.055
US05368V1061,431102494,AVNT,USD,2019-12-05,31.01,31.2,30.57,30.98,3617,1880,30.934
US05368V1061,431102494,AVNT,USD,2019-12-06,31.47,31.77,31.23,31.25,4211,2048,31.412
US05368V1061,431102494,AVNT,USD,2019-12-09,31.17,31.55,31.01,31.14,3620,2187,31.202
US05368V1061,431102494,AVNT,USD,2019-12-10,31.18,31.41,30.94,31.14,1925,1291,31.142
US05368V1061,431102494,AVNT,USD,2019-12-11,31.24,31.54,30.82,31.14,2842,1495,31.092
US05368V1061,431102494,AVNT,USD,2019-12-12,30.91,31.93,30.69,31.83,2957,1873,31.689
US05368V1061,431102494,AVNT,USD,2019-12-13,31.73,31.98,31.06,31.13,4789,1633,31.254
US05368V1061,431102494,AVNT,USD,2019-12-16,31.51,31.93,31.29,31.52,5338,2135,31.583
US05368V1061,431102494,AVNT,USD,2019-12-17,31.57,32.49,31.43,32.43,4463,2126,32.09
US05368V1061,431102494,AVNT,USD,2019-12-18,32.48,32.58,32.04,32.51,3131,1635,32.402
US05368V1061,431102494,AVNT,USD,2019-12-19,33.11,36.04,33.11,35.97,14532,6255,35.196
US05368V1061,431102494,AVNT,USD,2019-12-20,35.88,37.12,35.82,37.05,14927,5204,36.782
US05368V1061,431102494,AVNT,USD,2019-12-23,37.05,37.21,36.45,37.2,5290,2703,36.987
US05368V1061,431102494,AVNT,USD,2019-12-24,37.23,37.33,36.93,37.01,1558,1019,37.058
US05368V1061,431102494,AVNT,USD,2019-12-26,36.99,37.1,36.82,36.98,3557,2019,36.958
US05368V1061,431102494,AVNT,USD,2019-12-27,37.22,37.28,36.79,36.82,4741,2769,36.932
US05368V1061,431102494,AVNT,USD,2019-12-30,36.84,37.11,36.69,36.94,5570,3202,36.942
US05368V1061,431102494,AVNT,USD,2019-12-31,36.74,37.27,36.74,36.79,4620,2747,36.928
US05368V1061,431102494,AVNT,USD,2020-01-02,37.12,37.12,36.13,36.78,4230,2719,36.5
US05368V1061,431102494,AVNT,USD,2020-01-03,35.95,36.15,35.43,35.44,6006,3118,35.733
US05368V1061,431102494,AVNT,USD,2020-01-06,35.0,35.58,34.88,35.34,4173,2293,35.345
US05368V1061,431102494,AVNT,USD,2020-01-07,35.34,35.56,34.98,35.12,5738,2830,35.187
US05368V1061,431102494,AVNT,USD,2020-01-08,35.04,35.17,34.48,34.95,6564,3152,34.905
US05368V1061,431102494,AVNT,USD,2020-01-09,35.04,35.23,34.76,35.06,3736,1826,35.033
US05368V1061,431102494,AVNT,USD,2020-01-10,34.99,35.41,34.79,34.89,4213,1782,34.958
US05368V1061,431102494,AVNT,USD,2020-01-13,35.11,35.17,34.83,35.07,6303,2676,34.955
US05368V1061,431102494,AVNT,USD,2020-01-14,35.76,35.91,35.2,35.7,4054,2459,35.65
US05368V1061,431102494,AVNT,USD,2020-01-15,35.44,35.96,35.35,35.86,3388,1700,35.768
US05368V1061,431102494,AVNT,USD,2020-01-16,36.16,36.76,36.01,36.74,4008,2247,36.562
US05368V1061,431102494,AVNT,USD,2020-01-17,36.83,38.7,36.34,36.88,7970,4180,36.648
US05368V1061,431102494,AVNT,USD,2020-01-21,36.41,36.41,35.8,35.81,2690,1669,35.994
US05368V1061,431102494,AVNT,USD,2020-01-22,35.93,35.98,35.38,35.69,2287,1538,35.638
US05368V1061,431102494,AVNT,USD,2020-01-23,35.41,35.65,34.64,35.51,3537,1759,35.362
US05368V1061,431102494,AVNT,USD,2020-01-24,35.59,35.59,34.53,34.61,2268,1452,34.762
US05368V1061,431102494,AVNT,USD,2020-01-27,33.65,34.35,33.56,33.88,6361,3565,33.987
US05368V1061,431102494,AVNT,USD,2020-01-28,33.88,36.16,33.88,35.72,8536,4754,35.658
US05368V1061,431102494,AVNT,USD,2020-01-29,35.5,36.95,35.47,35.6,6239,4046,35.798
US05368V1061,431102494,AVNT,USD,2020-01-30,34.6,35.06,33.83,34.26,9882,5179,34.248
US05368V1061,431102494,AVNT,USD,2020-01-31,34.34,34.8,32.6,33.18,90505,41441,33.157
US05368V1061,431102494,AVNT,USD,2020-02-03,33.0,34.03,33.0,34.01,27900,12811,33.719
US05368V1061,431102494,AVNT,USD,2020-02-04,34.5,34.97,34.01,34.01,29466,11178,34.526
US05368V1061,431102494,AVNT,USD,2020-02-05,34.8,34.96,34.03,34.5,8599,5272,34.494
US05368V1061,431102494,AVNT,USD,2020-02-06,34.63,34.64,32.65,32.72,9667,5974,33.125
US05368V1061,431102494,AVNT,USD,2020-02-07,32.72,32.72,31.91,32.14,13833,6453,32.148
US05368V1061,431102494,AVNT,USD,2020-02-10,32.21,32.21,31.12,31.48,6293,3733,31.518
US05368V1061,431102494,AVNT,USD,2020-02-11,31.72,31.97,31.07,31.91,9347,3808,31.692
US05368V1061,431102494,AVNT,USD,2020-02-12,32.25,32.36,31.76,31.98,6334,3245,32.037
US05368V1061,431102494,AVNT,USD,2020-02-13,31.78,32.15,31.59,31.82,3024,1726,31.898
US05368V1061,431102494,AVNT,USD,2020-02-14,31.69,31.88,31.17,31.49,7300,1975,31.443
US05368V1061,431102494,AVNT,USD,2020-02-18,31.36,31.55,30.97,31.03,3763,2235,31.154
US05368V1061,431102494,AVNT,USD,2020-02-19,31.28,31.38,30.97,31.08,4665,2772,31.19
US05368V1061,431102494,AVNT,USD,2020-02-20,31.0,31.39,30.72,31.02,5322,3420,31.013
US05368V1061,431102494,AVNT,USD,2020-02-21,30.8,30.8,29.55,29.6,8546,4936,29.852
US05368V1061,431102494,AVNT,USD,2020-02-24,28.65,28.75,27.87,28.4,12170,5298,28.42
US05368V1061,431102494,AVNT,USD,2020-02-25,28.62,28.62,25.69,26.01,16155,8945,26.415
US05368V1061,431102494,AVNT,USD,2020-02-26,26.27,26.59,25.64,25.77,8327,5629,25.955
US05368V1061,431102494,AVNT,USD,2020-02-27,25.03,25.5,24.33,24.4,13067,6081,24.81
US05368V1061,431102494,AVNT,USD,2020-02-28,23.3,24.78,23.3,24.76,14842,7680,24.363
US05368V1061,431102494,AVNT,USD,2020-03-02,24.8,25.14,23.9,25.11,8979,5693,24.787
US05368V1061,431102494,AVNT,USD,2020-03-03,25.2,25.56,23.75,24.22,9454,5238,24.505
US05368V1061,431102494,AVNT,USD,2020-03-04,24.69,25.61,24.46,25.61,7461,4671,25.11
US05368V1061,431102494,AVNT,USD,2020-03-05,24.46,24.95,23.67,24.45,6862,3898,24.303
US05368V1061,431102494,AVNT,USD,2020-03-06,23.26,24.3,22.79,23.31,6626,3151,23.505
US05368V1061,431102494,AVNT,USD,2020-03-09,22.75,22.75,20.63,21.17,7963,4538,21.262
US05368V1061,431102494,AVNT,USD,2020-03-10,22.22,22.33,20.18,22.08,6149,3692,21.471
US05368V1061,431102494,AVNT,USD,2020-03-11,21.23,21.66,19.67,20.16,6094,3983,20.203
US05368V1061,431102494,AVNT,USD,2020-03-12,18.35,18.61,17.17,17.26,8779,4881,17.573
US05368V1061,431102494,AVNT,USD,2020-03-13,18.7,18.93,16.88,18.9,8795,5071,18.083
US05368V1061,431102494,AVNT,USD,2020-03-16,18.0,18.0,15.03,15.28,12589,7005,16.093
US05368V1061,431102494,AVNT,USD,2020-03-17,15.72,15.72,12.89,14.95,24835,14978,14.074
US05368V1061,431102494,AVNT,USD,2020-03-18,13.98,14.41,8.68,10.13,23605,11925,10.801
US05368V1061,431102494,AVNT,USD,2020-03-19,10.31,14.08,9.73,13.37,21056,12997,12.843
US05368V1061,431102494,AVNT,USD,2020-03-20,13.13,16.25,13.13,14.57,34408,19343,14.681
US05368V1061,431102494,AVNT,USD,2020-03-23,14.54,16.17,14.38,15.22,19329,11459,15.056
US05368V1061,431102494,AVNT,USD,2020-03-24,16.19,17.24,15.67,16.87,15008,9428,16.496
US05368V1061,431102494,AVNT,USD,2020-03-25,17.0,18.98,16.4,17.71,13304,9046,17.672
US05368V1061,431102494,AVNT,USD,2020-03-26,17.96,19.8,17.81,18.89,9448,6762,18.763
US05368V1061,431102494,AVNT,USD,2020-03-27,18.5,18.5,17.25,17.59,7416,4350,17.839
US05368V1061,431102494,AVNT,USD,2020-03-30,17.67,18.87,16.7,18.7,10955,6606,18.365
US05368V1061,431102494,AVNT,USD,2020-03-31,18.79,19.43,18.7,18.97,12702,7212,19.035
US05368V1061,431102494,AVNT,USD,2020-04-01,18.39,18.51,17.14,17.69,11926,8311,17.627
US05368V1061,431102494,AVNT,USD,2020-04-02,17.64,18.29,17.27,18.08,10743,5995,17.816
US05368V1061,431102494,AVNT,USD,2020-04-03,18.02,18.42,17.08,17.57,9573,5197,17.543
US05368V1061,431102494,AVNT,USD,2020-04-06,18.92,19.65,18.57,19.28,8164,4783,19.056
US05368V1061,431102494,AVNT,USD,2020-04-07,19.8,20.9,19.13,19.37,9892,6227,19.685
US05368V1061,431102494,AVNT,USD,2020-04-08,19.44,20.62,19.24,20.53,8422,5636,20.168
US05368V1061,431102494,AVNT,USD,2020-04-09,21.34,22.31,21.06,21.75,7811,4555,21.685
US05368V1061,431102494,AVNT,USD,2020-04-13,21.5,21.68,20.64,20.98,6077,4116,21.03
US05368V1061,431102494,AVNT,USD,2020-04-14,21.65,21.98,20.8,21.04,5679,3470,21.189
US05368V1061,431102494,AVNT,USD,2020-04-15,19.9,20.03,19.26,19.65,9072,5724,19.581
US05368V1061,431102494,AVNT,USD,2020-04-16,19.79,19.92,18.14,19.31,10613,6875,18.809
US05368V1061,431102494,AVNT,USD,2020-04-17,19.98,21.12,19.98,20.64,13142,5207,20.665
US05368V1061,431102494,AVNT,USD,2020-04-20,19.87,20.25,19.28,19.52,7323,3672,19.674
US05368V1061,431102494,AVNT,USD,2020-04-21,19.53,20.87,18.82,19.94,9436,6455,20.081
US05368V1061,431102494,AVNT,USD,2020-04-22,20.43,20.54,19.5,19.88,8490,4865,19.914
US05368V1061,431102494,AVNT,USD,2020-04-23,19.99,21.82,19.96,21.49,9988,6262,21.342
US05368V1061,431102494,AVNT,USD,2020-04-24,21.6,21.93,20.93,21.25,9305,4512,21.227
US05368V1061,431102494,AVNT,USD,2020-04-27,21.25,22.48,21.17,22.23,5379,3230,22.162
US05368V1061,431102494,AVNT,USD,2020-04-28,23.08,23.53,22.16,22.34,5974,3567,22.485
US05368V1061,431102494,AVNT,USD,2020-04-29,23.31,24.53,22.99,24.38,7383,4579,24.05
US05368V1061,431102494,AVNT,USD,2020-04-30,23.61,23.62,23.18,23.29,8776,5163,23.389
US05368V1061,431102494,AVNT,USD,2020-05-01,22.43,22.81,21.73,22.26,7073,3861,22.17
US05368V1061,431102494,AVNT,USD,2020-05-04,21.44,22.37,21.35,22.01,4073,2477,21.843
US05368V1061,431102494,AVNT,USD,2020-05-05,22.58,23.07,22.03,22.09,4178,2341,22.465
US05368V1061,431102494,AVNT,USD,2020-05-06,22.16,22.3,21.44,21.5,4294,2558,21.688
US05368V1061,431102494,AVNT,USD,2020-05-07,22.08,22.33,21.4,21.68,4465,3021,21.739
US05368V1061,431102494,AVNT,USD,2020-05-08,22.0,22.89,21.92,22.86,3929,2443,22.559
US05368V1061,431102494,AVNT,USD,2020-05-11,22.27,22.65,21.34,22.56,7766,4970,22.167
US05368V1061,431102494,AVNT,USD,2020-05-12,22.65,22.94,21.54,21.6,3305,2518,22.135
US05368V1061,431102494,AVNT,USD,2020-05-13,21.23,21.35,20.03,20.46,4893,2744,20.523
US05368V1061,431102494,AVNT,USD,2020-05-14,20.0,21.24,19.1,21.06,4486,3209,20.524
US05368V1061,431102494,AVNT,USD,2020-05-15,21.03,21.73,20.75,21.24,3476,2139,21.334
US05368V1061,431102494,AVNT,USD,2020-05-18,22.5,23.71,22.45,23.1,6966,4396,23.297
US05368V1061,431102494,AVNT,USD,2020-05-19,23.14,23.6,22.47,23.0,6696,4035,23.007
US05368V1061,431102494,AVNT,USD,2020-05-20,23.07,23.64,22.92,23.51,3907,2451,23.457
US05368V1061,431102494,AVNT,USD,2020-05-21,23.27,24.23,23.22,23.93,8903,3085,23.891
US05368V1061,431102494,AVNT,USD,2020-05-22,23.75,24.39,23.34,24.1,6439,4414,23.954
US05368V1061,431102494,AVNT,USD,2020-05-26,25.16,25.67,24.15,24.33,8312,5634,24.831
US05368V1061,431102494,AVNT,USD,2020-05-27,25.06,25.99,24.86,25.78,8824,5044,25.627
US05368V1061,431102494,AVNT,USD,2020-05-28,26.37,26.37,24.57,24.75,5396,3928,25.143
US05368V1061,431102494,AVNT,USD,2020-05-29,24.45,25.04,24.25,24.78,5859,3773,24.707
US05368V1061,431102494,AVNT,USD,2020-06-01,24.85,25.72,24.7,25.59,5936,3644,25.443
US05368V1061,431102494,AVNT,USD,2020-06-02,25.76,26.86,25.46,26.79,9644,5174,26.559
US05368V1061,431102494,AVNT,USD,2020-06-03,27.4,28.47,27.34,27.39,9427,5318,27.818
US05368V1061,431102494,AVNT,USD,2020-06-04,26.89,27.65,26.58,27.62,5347,3474,27.404
US05368V1061,431102494,AVNT,USD,2020-06-05,28.84,29.76,28.82,29.34,6969,4323,29.167
US05368V1061,431102494,AVNT,USD,2020-06-08,29.44,29.97,29.21,29.28,6560,3819,29.471
US05368V1061,431102494,AVNT,USD,2020-06-09,28.55,29.08,28.18,28.66,4266,2759,28.638
US05368V1061,431102494,AVNT,USD,2020-06-10,28.54,28.71,27.34,27.6,5549,3274,27.756
US05368V1061,431102494,AVNT,USD,2020-06-11,25.78,26.28,24.34,24.95,8010,4693,25.107
US05368V1061,431102494,AVNT,USD,2020-06-12,26.29,26.54,25.22,25.9,6303,4484,25.805
US05368V1061,431102494,AVNT,USD,2020-06-15,24.62,26.22,24.5,26.0,4957,3327,25.589
US05368V1061,431102494,AVNT,USD,2020-06-16,27.36,27.36,25.68,26.15,9531,5081,26.169
US05368V1061,431102494,AVNT,USD,2020-06-17,26.3,26.45,25.57,25.58,7212,2747,25.795
US05368V1061,431102494,AVNT,USD,2020-06-18,25.29,26.0,24.91,26.0,4608,2730,25.482
US05368V1061,431102494,AVNT,USD,2020-06-19,25.54,25.75,24.55,24.65,10167,3644,25.061
US05368V1061,431102494,AVNT,USD,2020-06-22,24.7,24.91,24.07,24.73,3833,2084,24.64
US05368V1061,431102494,AVNT,USD,2020-06-23,25.36,25.44,24.45,24.7,3940,2035,24.746
US05368V1061,431102494,AVNT,USD,2020-06-24,24.26,24.37,23.58,23.8,4275,2507,23.876
US05368V1061,431102494,AVNT,USD,2020-06-25,23.58,24.94,23.38,24.91,7441,4503,24.496
US05368V1061,431102494,AVNT,USD,2020-06-26,24.91,25.37,24.25,25.19,24799,5472,25.102
US05368V1061,431102494,AVNT,USD,2020-06-29,25.69,26.01,25.46,26.01,7626,4590,25.81
US05368V1061,431102494,AVNT,USD,2020-06-30,25.73,26.44,25.55,26.23,4420,3397,26.127
US05368V1061,431102494,AVNT,USD,2020-07-01,26.22,26.58,25.37,25.46,4021,2327,25.7
US05368V1061,431102494,AVNT,USD,2020-07-02,25.12,26.96,25.09,26.5,4566,2986,26.29
US05368V1061,431102494,AVNT,USD,2020-07-06,26.95,26.95,26.07,26.71,4026,1945,26.574
US05368V1061,431102494,AVNT,USD,2020-07-07,26.19,26.75,26.01,26.08,4286,2578,26.263
US05368V1061,431102494,AVNT,USD,2020-07-08,25.88,26.1,25.09,25.5,5100,3200,25.447
US05368V1061,431102494,AVNT,USD,2020-07-09,25.5,25.52,24.07,24.35,4057,2654,24.475
US05368V1061,431102494,AVNT,USD,2020-07-10,24.49,25.45,24.44,25.41,2605,1494,25.237
US05368V1061,431102494,AVNT,USD,2020-07-13,26.69,26.69,24.82,25.31,2643,1564,25.681
US05368V1061,431102494,AVNT,USD,2020-07-14,24.5,25.36,24.5,25.23,5571,3216,25.189
US05368V1061,431102494,AVNT,USD,2020-07-15,26.17,26.59,25.93,26.34,6987,4309,26.279
US05368V1061,431102494,AVNT,USD,2020-07-16,26.21,26.21,25.68,25.91,3038,1967,25.88
US05368V1061,431102494,AVNT,USD,2020-07-17,26.08,26.88,25.8,26.88,7950,3896,26.201
US05368V1061,431102494,AVNT,USD,2020-07-20,26.2,26.2,25.25,25.58,3989,2049,25.58
US05368V1061,431102494,AVNT,USD,2020-07-21,25.79,26.22,25.48,26.0,5371,3104,25.732
US05368V1061,431102494,AVNT,USD,2020-07-22,25.73,26.49,24.91,26.13,8242,4334,26.032
US05368V1061,431102494,AVNT,USD,2020-07-23,25.81,25.98,24.76,25.02,6887,3829,25.299
US05368V1061,431102494,AVNT,USD,2020-07-24,25.05,25.1,24.44,24.77,3233,2021,24.716
US05368V1061,431102494,AVNT,USD,2020-07-27,24.85,25.48,24.54,25.46,4137,2756,25.189
US05368V1061,431102494,AVNT,USD,2020-07-28,25.24,25.44,24.5,24.52,3278,1997,24.774
US05368V1061,431102494,AVNT,USD,2020-07-29,24.44,25.26,24.03,25.0,2053,1097,25.087
US05368V1061,431102494,AVNT,USD,2020-07-30,24.65,24.97,23.74,24.17,3479,2229,24.161
US05368V1061,431102494,AVNT,USD,2020-07-31,24.02,24.02,23.22,23.9,4453,2391,23.681
US05368V1061,431102494,AVNT,USD,2020-08-03,23.85,24.53,23.73,24.2,3487,2169,24.242
US05368V1061,431102494,AVNT,USD,2020-08-04,24.15,24.53,23.88,24.43,2969,1528,24.353
US05368V1061,431102494,AVNT,USD,2020-08-05,24.9,25.1,24.68,24.93,2898,1824,24.913
US05368V1061,431102494,AVNT,USD,2020-08-06,24.99,24.99,24.62,24.73,2899,1842,24.758
US05368V1061,431102494,AVNT,USD,2020-08-07,24.59,25.9,24.35,25.87,4761,3059,25.398
US05368V1061,431102494,AVNT,USD,2020-08-10,25.69,26.88,25.69,26.64,4715,3114,26.624
US05368V1061,431102494,AVNT,USD,2020-08-11,27.0,28.0,26.88,27.22,5032,3489,27.413
US05368V1061,431102494,AVNT,USD,2020-08-12,27.77,27.83,26.88,27.22,4172,2527,27.329
US05368V1061,431102494,AVNT,USD,2020-08-13,26.95,27.11,26.22,26.51,2795,1794,26.565
US05368V1061,431102494,AVNT,USD,2020-08-14,26.2,26.49,25.16,26.24,2207,1357,26.203
US05368V1061,431102494,AVNT,USD,2020-08-17,26.47,26.59,25.82,25.98,5046,2079,26.053
US05368V1061,431102494,AVNT,USD,2020-08-18,26.13,26.14,25.6,25.71,2182,1250,25.748
US05368V1061,431102494,AVNT,USD,2020-08-19,26.07,26.37,25.63,25.97,2646,1542,26.094
US05368V1061,431102494,AVNT,USD,2020-08-20,25.65,26.2,25.48,25.83,3083,2066,25.981
US05368V1061,431102494,AVNT,USD,2020-08-21,25.77,26.09,25.6,25.93,3739,1667,25.86
US05368V1061,431102494,AVNT,USD,2020-08-24,26.32,27.12,25.89,27.11,3321,2107,26.876
US05368V1061,431102494,AVNT,USD,2020-08-25,27.27,27.62,26.13,26.73,4718,3167,26.796
US05368V1061,431102494,AVNT,USD,2020-08-26,26.6,26.61,25.74,25.99,2658,1553,25.991
US05368V1061,431102494,AVNT,USD,2020-08-27,26.42,26.95,26.09,26.45,2445,1476,26.449
US05368V1061,431102494,AVNT,USD,2020-08-28,26.55,26.81,26.04,26.8,2089,1185,26.529
US05368V1061,431102494,AVNT,USD,2020-08-31,27.0,27.0,25.52,25.52,4546,2154,25.779
US05368V1061,431102494,AVNT,USD,2020-09-01,25.3,26.81,25.05,26.79,3301,1888,26.403
US05368V1061,431102494,AVNT,USD,2020-09-02,27.08,27.94,26.81,27.76,3705,2356,27.554
US05368V1061,431102494,AVNT,USD,2020-09-03,27.75,28.12,26.73,26.84,4376,2730,27.112
US05368V1061,431102494,AVNT,USD,2020-09-04,27.42,27.9,26.71,27.86,5827,3007,27.538
US05368V1061,431102494,AVNT,USD,2020-09-08,27.67,27.67,26.86,27.05,6040,3772,27.16
US05368V1061,431102494,AVNT,USD,2020-09-09,27.18,27.66,26.78,27.49,3753,2358,27.381
US05368V1061,431102494,AVNT,USD,2020-09-10,27.47,27.79,26.75,26.76,4850,2901,27.084
US05368V1061,431102494,AVNT,USD,2020-09-11,26.89,27.07,26.42,26.75,3233,2220,26.772
US05368V1061,431102494,AVNT,USD,2020-09-14,27.03,27.46,26.83,27.36,3274,1890,27.24
US05368V1061,431102494,AVNT,USD,2020-09-15,27.55,27.98,27.02,27.7,3507,2175,27.674
US05368V1061,431102494,AVNT,USD,2020-09-16,27.8,28.19,27.45,27.49,4226,2093,27.735
US05368V1061,431102494,AVNT,USD,2020-09-17,27.05,27.79,26.59,27.78,4651,2545,27.518
US05368V1061,431102494,AVNT,USD,2020-09-18,28.34,28.35,27.08,27.24,10938,2304,27.504
US05368V1061,431102494,AVNT,USD,2020-09-21,26.35,26.49,25.14,25.55,5032,2656,25.515
US05368V1061,431102494,AVNT,USD,2020-09-22,25.44,25.79,25.13,25.61,3355,1796,25.511
US05368V1061,431102494,AVNT,USD,2020-09-23,25.52,25.91,24.66,24.66,3135,1797,24.992
US05368V1061,431102494,AVNT,USD,2020-09-24,24.82,26.4,24.26,25.95,2964,1870,25.009
US05368V1061,431102494,AVNT,USD,2020-09-25,26.11,27.12,25.9,26.84,6727,3700,26.585
US05368V1061,431102494,AVNT,USD,2020-09-28,27.18,27.79,26.5,26.5,3586,2005,27.404
US05368V1061,431102494,AVNT,USD,2020-09-29,27.01,27.29,26.48,27.08,3643,2324,26.997
US05368V1061,431102494,AVNT,USD,2020-09-30,27.33,27.7,26.38,26.46,5067,2824,26.759
US05368V1061,431102494,AVNT,USD,2020-10-01,26.6,26.97,26.17,26.81,5592,3667,26.616
US05368V1061,431102494,AVNT,USD,2020-10-02,26.8,29.5,26.8,28.75,9307,6051,28.784
US05368V1061,431102494,AVNT,USD,2020-10-05,28.99,30.42,28.99,30.14,5670,3631,29.99
US05368V1061,431102494,AVNT,USD,2020-10-06,30.71,31.44,30.19,30.74,16520,9359,30.863
US05368V1061,431102494,AVNT,USD,2020-10-07,31.5,32.42,31.16,32.36,10882,6194,31.929
US05368V1061,431102494,AVNT,USD,2020-10-08,32.7,32.74,31.67,32.46,7431,4033,32.246
US05368V1061,431102494,AVNT,USD,2020-10-09,32.5,32.81,31.4,31.73,7309,4236,31.867
US05368V1061,431102494,AVNT,USD,2020-10-12,32.0,32.11,31.48,31.89,3480,1979,31.818
US05368V1061,431102494,AVNT,USD,2020-10-13,31.58,32.0,31.58,31.75,6149,3411,31.765
US05368V1061,431102494,AVNT,USD,2020-10-14,31.97,32.34,31.84,32.04,5659,3179,32.179
US05368V1061,431102494,AVNT,USD,2020-10-15,32.19,32.42,31.87,31.99,7598,3708,32.071
US05368V1061,431102494,AVNT,USD,2020-10-16,32.14,32.4,31.94,32.22,3676,1655,32.214
US05368V1061,431102494,AVNT,USD,2020-10-19,32.13,32.7,31.69,31.74,4160,2512,32.054
US05368V1061,431102494,AVNT,USD,2020-10-20,31.88,32.32,31.75,31.93,4464,2670,32.06
US05368V1061,431102494,AVNT,USD,2020-10-21,31.96,32.63,31.93,32.57,6201,3514,32.489
US05368V1061,431102494,AVNT,USD,2020-10-22,32.83,33.24,32.61,32.74,6816,3497,32.79
US05368V1061,431102494,AVNT,USD,2020-10-23,33.07,33.34,32.37,32.64,4962,2160,32.67
US05368V1061,431102494,AVNT,USD,2020-10-26,32.07,32.45,31.3,31.61,3241,2252,31.704
US05368V1061,431102494,AVNT,USD,2020-10-27,31.62,31.92,30.86,30.9,3609,2030,31.058
US05368V1061,431102494,AVNT,USD,2020-10-28,30.0,30.79,29.96,30.42,4304,2409,30.469
US05368V1061,431102494,AVNT,USD,2020-10-29,30.21,31.35,29.85,31.22,3342,2089,30.867
US05368V1061,431102494,AVNT,USD,2020-10-30,30.96,31.39,30.61,31.01,3363,2589,30.987
US05368V1061,431102494,AVNT,USD,2020-11-02,31.6,32.33,31.19,31.97,5313,2916,32.074
US05368V1061,431102494,AVNT,USD,2020-11-03,32.79,33.21,31.33,32.85,6417,3898,32.331
US05368V1061,431102494,AVNT,USD,2020-11-04,32.14,32.45,30.5,31.0,6445,3889,31.296
US05368V1061,431102494,AVNT,USD,2020-11-05,31.25,33.45,31.18,32.25,5745,2912,33.017
US05368V1061,431102494,AVNT,USD,2020-11-06,33.5,33.58,32.61,32.63,4980,2185,32.83
US05368V1061,431102494,AVNT,USD,2020-11-09,33.63,36.43,33.63,34.76,8157,4911,34.968
US05368V1061,431102494,AVNT,USD,2020-11-10,35.29,36.38,34.84,36.01,5905,4741,35.874
US05368V1061,431102494,AVNT,USD,2020-11-11,36.38,36.42,34.55,34.96,5038,3232,34.879
US05368V1061,431102494,AVNT,USD,2020-11-12,34.81,35.16,34.01,34.59,5091,2676,34.592
US05368V1061,431102494,AVNT,USD,2020-11-13,35.01,35.45,34.54,35.21,3995,1998,35.188
US05368V1061,431102494,AVNT,USD,2020-11-16,36.0,36.4,35.58,36.3,3670,1973,36.166
US05368V1061,431102494,AVNT,USD,2020-11-17,35.91,36.62,35.59,36.26,2999,2135,36.259
US05368V1061,431102494,AVNT,USD,2020-11-18,36.52,36.76,35.42,35.43,3359,1634,35.888
US05368V1061,431102494,AVNT,USD,2020-11-19,35.18,35.73,34.71,35.54,3406,1808,35.425
US05368V1061,431102494,AVNT,USD,2020-11-20,35.21,35.73,34.99,35.59,5070,1931,35.471
US05368V1061,431102494,AVNT,USD,2020-11-23,36.0,36.86,35.82,36.47,3725,1788,36.514
US05368V1061,431102494,AVNT,USD,2020-11-24,37.04,38.54,36.78,38.5,7662,3023,38.166
US05368V1061,431102494,AVNT,USD,2020-11-25,38.1,38.47,37.08,37.2,2794,1745,37.346
US05368V1061,431102494,AVNT,USD,2020-11-27,37.17,37.57,36.79,37.4,1071,557,37.204
US05368V1061,431102494,AVNT,USD,2020-11-30,37.11,37.32,36.36,36.55,4670,1855,36.585
US05368V1061,431102494,AVNT,USD,2020-12-01,37.25,37.42,36.78,36.97,4870,1872,37.018
US05368V1061,431102494,AVNT,USD,2020-12-02,37.02,37.35,36.45,37.16,2399,1315,37.012
US05368V1061,431102494,AVNT,USD,2020-12-03,37.52,37.8,36.92,37.07,5661,1554,37.178
US05368V1061,431102494,AVNT,USD,2020-12-04,37.03,39.18,37.01,39.16,3910,2051,38.642
US05368V1061,431102494,AVNT,USD,2020-12-07,38.98,39.12,38.45,38.46,3383,1739,38.651
US05368V1061,431102494,AVNT,USD,2020-12-08,38.25,39.54,38.25,39.0,4847,2168,38.978
US05368V1061,431102494,AVNT,USD,2020-12-09,39.0,39.68,38.58,38.96,3239,1663,39.002
US05368V1061,431102494,AVNT,USD,2020-12-10,38.75,39.07,38.09,38.89,5101,2160,38.737
US05368V1061,431102494,AVNT,USD,2020-12-11,38.82,39.16,38.38,38.72,4192,1630,38.737
US05368V1061,431102494,AVNT,USD,2020-12-14,38.62,40.35,38.2,38.57,5197,2326,38.727
US05368V1061,431102494,AVNT,USD,2020-12-15,39.15,40.14,38.36,40.07,4569,2326,39.596
US05368V1061,431102494,AVNT,USD,2020-12-16,40.5,40.5,38.84,39.1,4831,2282,39.24
US05368V1061,431102494,AVNT,USD,2020-12-17,38.97,40.24,38.77,40.14,3288,1723,39.939
US05368V1061,431102494,AVNT,USD,2020-12-18,40.52,40.74,39.49,39.73,11536,2169,40.001
US05368V1061,431102494,AVNT,USD,2020-12-21,39.6,40.0,38.41,40.0,3598,1634,39.591
US05368V1061,431102494,AVNT,USD,2020-12-22,40.02,40.62,39.36,40.26,3857,1832,40.089
US05368V1061,431102494,AVNT,USD,2020-12-23,40.43,40.61,40.01,40.36,2339,1145,40.351
US05368V1061,431102494,AVNT,USD,2020-12-24,40.2,40.64,39.82,40.23,1182,514,40.188
US05368V1061,431102494,AVNT,USD,2020-12-28,40.87,40.9,40.19,40.23,2567,1429,40.399
US05368V1061,431102494,AVNT,USD,2020-12-29,40.23,40.29,39.33,39.53,2288,1059,39.594
US05368V1061,431102494,AVNT,USD,2020-12-30,39.63,40.57,39.53,40.37,2197,1243,40.289
US05368V1061,431102494,AVNT,USD,2020-12-31,40.15,40.96,39.92,40.28,3091,1260,40.384
US05368V1061,431102494,AVNT,USD,2021-01-04,40.68,41.4,39.14,39.45,3029,2029,39.663
US05368V1061,431102494,AVNT,USD,2021-01-05,39.69,41.45,39.63,40.66,4431,2629,40.645
US05368V1061,431102494,AVNT,USD,2021-01-06,41.99,44.54,41.8,43.76,6775,4522,43.592
US05368V1061,431102494,AVNT,USD,2021-01-07,45.0,46.38,44.24,45.7,10167,4242,45.588
US05368V1061,431102494,AVNT,USD,2021-01-08,45.61,45.62,43.87,45.06,5237,2774,44.737
US05368V1061,431102494,AVNT,USD,2021-01-11,44.03,44.83,44.01,44.66,3326,1865,44.553
US05368V1061,431102494,AVNT,USD,2021-01-12,44.82,45.89,44.44,45.77,2928,1851,45.512
US05368V1061,431102494,AVNT,USD,2021-01-13,45.45,45.74,44.21,44.35,3768,2355,44.617
US05368V1061,431102494,AVNT,USD,2021-01-14,44.71,45.13,44.05,44.33,3087,2018,44.54
US05368V1061,431102494,AVNT,USD,2021-01-15,43.52,43.8,42.6,42.83,3009,1648,43.099
US05368V1061,431102494,AVNT,USD,2021-01-19,43.62,43.64,42.45,42.84,2795,1665,42.869
US05368V1061,431102494,AVNT,USD,2021-01-20,42.83,43.23,41.77,42.33,3751,1999,42.295
US05368V1061,431102494,AVNT,USD,2021-01-21,42.42,42.42,41.42,41.58,3049,1496,41.726
US05368V1061,431102494,AVNT,USD,2021-01-22,40.73,42.54,40.73,42.54,3152,1584,42.112
US05368V1061,431102494,AVNT,USD,2021-01-25,42.16,42.76,41.03,41.27,4357,2537,41.672
US05368V1061,431102494,AVNT,USD,2021-01-26,41.75,41.78,39.74,39.91,3987,2449,40.085
US05368V1061,431102494,AVNT,USD,2021-01-27,39.66,39.66,36.68,38.39,5780,3418,38.407
US05368V1061,431102494,AVNT,USD,2021-01-28,38.78,39.92,38.57,39.7,3314,2607,39.399
US05368V1061,431102494,AVNT,USD,2021-01-29,39.36,39.89,38.37,38.43,4470,2726,38.77
US05368V1061,431102494,AVNT,USD,2021-02-01,38.69,40.87,38.61,40.62,5045,3179,40.204
US05368V1061,431102494,AVNT,USD,2021-02-02,41.31,41.53,40.27,40.71,3942,2458,40.792
US05368V1061,431102494,AVNT,USD,2021-02-03,40.51,41.1,40.04,40.45,3719,1702,40.489
US05368V1061,431102494,AVNT,USD,2021-02-04,40.32,40.77,40.04,40.31,3279,1785,40.358
US05368V1061,431102494,AVNT,USD,2021-02-05,41.06,41.22,40.23,40.97,3226,2107,40.921
US05368V1061,431102494,AVNT,USD,2021-02-08,41.12,42.28,40.56,42.27,3797,2596,41.806
US05368V1061,431102494,AVNT,USD,2021-02-09,41.83,43.27,40.8,43.27,5058,3260,42.43
US05368V1061,431102494,AVNT,USD,2021-02-10,43.28,43.96,41.58,42.6,4511,2717,42.298
US05368V1061,431102494,AVNT,USD,2021-02-11,42.9,43.93,42.45,43.32,6096,3105,43.094
US05368V1061,431102494,AVNT,USD,2021-02-12,43.2,44.71,43.2,44.17,3101,1870,44.22
US05368V1061,431102494,AVNT,USD,2021-02-16,44.52,44.71,43.13,43.77,3612,2281,43.728
US05368V1061,431102494,AVNT,USD,2021-02-17,43.2,44.09,42.77,43.73,3636,2056,43.708
US05368V1061,431102494,AVNT,USD,2021-02-18,43.53,43.95,42.87,43.09,3297,2226,43.232
US05368V1061,431102494,AVNT,USD,2021-02-19,43.34,44.7,43.34,44.49,2470,1314,44.365
US05368V1061,431102494,AVNT,USD,2021-02-22,44.25,45.35,44.24,44.52,3567,2179,44.638
US05368V1061,431102494,AVNT,USD,2021-02-23,44.1,44.26,42.92,44.07,2434,1714,43.774
US05368V1061,431102494,AVNT,USD,2021-02-24,44.47,45.42,43.76,45.29,2185,1360,45.153
US05368V1061,431102494,AVNT,USD,2021-02-25,45.07,45.29,43.07,45.29,2795,1805,43.769
US05368V1061,431102494,AVNT,USD,2021-02-26,43.48,44.25,42.57,43.22,3673,2141,43.451
US05368V1061,431102494,AVNT,USD,2021-03-01,44.35,45.21,43.77,45.02,2761,1561,44.744
US05368V1061,431102494,AVNT,USD,2021-03-02,45.95,47.0,44.93,46.0,4699,2625,45.512
US05368V1061,431102494,AVNT,USD,2021-03-03,46.5,49.7,46.31,49.0,12508,6667,47.738
US05368V1061,431102494,AVNT,USD,2021-03-04,47.67,48.46,42.87,45.5,10182,5913,45.26
US05368V1061,431102494,AVNT,USD,2021-03-05,45.31,47.23,43.77,46.94,8225,5390,45.955
US05368V1061,431102494,AVNT,USD,2021-03-08,47.3,49.65,46.02,48.1,7651,3879,47.176
US05368V1061,431102494,AVNT,USD,2021-03-09,47.97,48.54,47.08,47.14,6584,3386,47.515
US05368V1061,431102494,AVNT,USD,2021-03-10,47.0,48.75,47.0,48.52,3836,2468,48.35
US05368V1061,431102494,AVNT,USD,2021-03-11,49.12,49.79,48.52,49.22,4289,2482,49.291
US05368V1061,431102494,AVNT,USD,2021-03-12,49.46,51.2,49.24,51.2,4919,2338,49.975
US05368V1061,431102494,AVNT,USD,2021-03-15,49.75,49.94,48.7,49.92,5253,2580,49.56
US05368V1061,431102494,AVNT,USD,2021-03-16,49.61,49.75,48.6,49.44,2373,1298,49.281
US05368V1061,431102494,AVNT,USD,2021-03-17,49.53,50.8,49.02,50.78,4425,2513,50.188
US05368V1061,431102494,AVNT,USD,2021-03-18,50.68,51.94,50.43,51.21,9032,5211,51.26
US05368V1061,431102494,AVNT,USD,2021-03-19,51.48,51.74,50.6,50.6,9933,3666,51.417
US05368V1061,431102494,AVNT,USD,2021-03-22,50.52,50.8,48.26,48.91,4970,2485,49.09
US05368V1061,431102494,AVNT,USD,2021-03-23,48.02,48.35,44.31,44.65,6759,4137,45.712
US05368V1061,431102494,AVNT,USD,2021-03-24,45.25,46.99,45.2,45.47,3944,2686,46.064
US05368V1061,431102494,AVNT,USD,2021-03-25,45.44,48.5,44.8,48.5,5993,2644,47.37
US05368V1061,431102494,AVNT,USD,2021-03-26,48.9,49.77,48.17,49.11,5322,2840,49.042
US05368V1061,431102494,AVNT,USD,2021-03-29,49.0,49.25,47.41,47.43,4683,2947,47.922
US05368V1061,431102494,AVNT,USD,2021-03-30,47.23,48.24,47.22,47.72,4103,2671,47.807
US05368V1061,431102494,AVNT,USD,2021-03-31,47.82,48.42,46.92,47.27,4431,2286,47.353
US05368V1061,431102494,AVNT,USD,2021-04-01,47.73,47.95,47.03,47.95,3347,1859,47.664
US05368V1061,431102494,AVNT,USD,2021-04-05,48.6,49.99,48.36,49.99,3903,1657,49.004
US05368V1061,431102494,AVNT,USD,2021-04-06,49.2,50.23,48.8,48.89,2585,1056,49.178
US05368V1061,431102494,AVNT,USD,2021-04-07,48.89,49.01,47.68,48.17,2523,1406,48.213
US05368V1061,431102494,AVNT,USD,2021-04-08,47.95,48.54,46.85,48.28,4874,1945,48.134
US05368V1061,431102494,AVNT,USD,2021-04-09,48.72,49.1,48.3,48.93,2712,1540,48.743
US05368V1061,431102494,AVNT,USD,2021-04-12,48.94,49.18,48.44,49.15,2065,1146,48.93
US05368V1061,431102494,AVNT,USD,2021-04-13,49.34,49.34,47.84,48.42,2179,1302,48.403
US05368V1061,431102494,AVNT,USD,2021-04-14,48.14,49.99,48.14,49.37,2021,1283,49.468
US05368V1061,431102494,AVNT,USD,2021-04-15,49.39,49.55,48.63,49.5,1670,961,49.346
US05368V1061,431102494,AVNT,USD,2021-04-16,50.3,51.19,49.98,50.48,2481,1096,50.545
US05368V1061,431102494,AVNT,USD,2021-04-19,49.89,50.36,49.42,49.84,2626,1192,49.811
US05368V1061,431102494,AVNT,USD,2021-04-20,49.61,49.86,48.04,48.77,2367,1185,48.642
US05368V1061,431102494,AVNT,USD,2021-04-21,48.89,50.05,48.89,49.71,2607,1013,49.74
US05368V1061,431102494,AVNT,USD,2021-04-22,50.06,50.06,48.71,48.74,2619,1383,49.073
US05368V1061,431102494,AVNT,USD,2021-04-23,48.99,50.33,48.85,50.09,1359,615,49.993
US05368V1061,431102494,AVNT,USD,2021-04-26,50.67,51.31,50.41,50.54,2133,898,50.672
US05368V1061,431102494,AVNT,USD,2021-04-27,50.3,50.55,49.7,50.32,1640,874,50.163
US05368V1061,431102494,AVNT,USD,2021-04-28,49.97,50.6,49.75,50.51,1906,1031,50.347
US05368V1061,431102494,AVNT,USD,2021-04-29,50.99,51.05,49.95,50.21,3601,2148,50.251
US05368V1061,431102494,AVNT,USD,2021-04-30,50.65,50.99,49.09,50.77,4273,1885,50.556
US05368V1061,431102494,AVNT,USD,2021-05-03,51.38,52.77,50.89,52.29,3888,1938,52.048
US05368V1061,431102494,AVNT,USD,2021-05-04,51.8,52.19,50.62,51.62,3215,1972,51.388
US05368V1061,431102494,AVNT,USD,2021-05-05,52.0,53.61,51.28,53.0,2986,1561,52.823
US05368V1061,431102494,AVNT,USD,2021-05-06,53.57,53.57,52.03,53.31,2638,1227,52.827
US05368V1061,431102494,AVNT,USD,2021-05-07,52.95,53.92,52.25,53.66,1748,1084,53.483
US05368V1061,431102494,AVNT,USD,2021-05-10,54.21,54.21,52.68,53.07,3746,1734,53.191
US05368V1061,431102494,AVNT,USD,2021-05-11,51.95,53.52,51.31,53.39,3263,1961,52.94
US05368V1061,431102494,AVNT,USD,2021-05-12,53.39,53.87,51.13,51.22,3356,1485,51.826
US05368V1061,431102494,AVNT,USD,2021-05-13,51.14,53.08,51.14,52.77,2678,1299,52.621
US05368V1061,431102494,AVNT,USD,2021-05-14,53.15,53.75,52.86,53.66,2220,1033,53.436
US05368V1061,431102494,AVNT,USD,2021-05-17,53.26,53.48,52.38,53.41,1631,882,53.069
US05368V1061,431102494,AVNT,USD,2021-05-18,53.38,53.64,52.23,52.25,1705,890,52.566
US05368V1061,431102494,AVNT,USD,2021-05-19,51.48,51.61,50.59,51.56,2797,1613,51.25
US05368V1061,431102494,AVNT,USD,2021-05-20,51.56,51.94,51.05,51.43,2312,1291,51.411
US05368V1061,431102494,AVNT,USD,2021-05-21,52.5,52.7,51.5,51.62,1989,992,51.935
US05368V1061,431102494,AVNT,USD,2021-05-24,51.89,52.19,51.21,52.1,1848,1066,51.902
US05368V1061,431102494,AVNT,USD,2021-05-25,51.93,52.56,50.72,50.76,2243,1272,51.236
US05368V1061,431102494,AVNT,USD,2021-05-26,51.61,51.74,50.39,51.41,2442,1531,51.079
US05368V1061,431102494,AVNT,USD,2021-05-27,52.27,52.47,51.63,51.96,1937,877,51.995
US05368V1061,431102494,AVNT,USD,2021-05-28,51.99,52.17,51.1,51.98,1619,830,51.821
US05368V1061,431102494,AVNT,USD,2021-06-01,52.77,53.06,52.16,52.91,2029,1092,52.755
US05368V1061,431102494,AVNT,USD,2021-06-02,53.05,53.05,51.71,51.83,2227,1352,52.078
US05368V1061,431102494,AVNT,USD,2021-06-03,51.75,52.0,51.02,51.94,1854,994,51.774
US05368V1061,431102494,AVNT,USD,2021-06-04,51.87,52.22,51.51,51.96,1588,829,51.922
US05368V1061,431102494,AVNT,USD,2021-06-07,52.07,52.38,51.3,51.58,1700,1130,51.642
US05368V1061,431102494,AVNT,USD,2021-06-08,51.39,51.82,50.7,51.6,2675,1472,51.423
US05368V1061,431102494,AVNT,USD,2021-06-09,51.45,51.46,50.96,50.98,2042,1072,51.135
US05368V1061,431102494,AVNT,USD,2021-06-10,51.48,51.58,50.26,50.3,1338,738,50.564
US05368V1061,431102494,AVNT,USD,2021-06-11,50.69,51.38,50.42,51.17,1887,1065,50.989
US05368V1061,431102494,AVNT,USD,2021-06-14,51.17,51.17,49.78,50.15,2397,1100,50.185
US05368V1061,431102494,AVNT,USD,2021-06-15,50.38,51.1,49.91,51.09,2432,1268,50.806
US05368V1061,431102494,AVNT,USD,2021-06-16,50.94,51.25,50.3,50.95,3351,2047,50.845
US05368V1061,431102494,AVNT,USD,2021-06-17,50.69,50.95,47.65,48.57,3716,2398,48.661
US05368V1061,431102494,AVNT,USD,2021-06-18,47.69,48.27,47.23,47.23,8541,2864,47.471
US05368V1061,431102494,AVNT,USD,2021-06-21,47.88,48.98,47.74,48.83,2550,1439,48.664
US05368V1061,431102494,AVNT,USD,2021-06-22,48.62,49.11,48.01,48.73,2231,1197,48.716
US05368V1061,431102494,AVNT,USD,2021-06-23,49.07,49.64,48.77,49.18,2785,1523,49.261
US05368V1061,431102494,AVNT,USD,2021-06-24,49.76,49.76,48.45,48.73,2689,1566,48.813
US05368V1061,431102494,AVNT,USD,2021-06-25,49.2,49.89,48.98,48.98,11440,1408,49.041
US05368V1061,431102494,AVNT,USD,2021-06-28,49.0,49.0,47.63,48.37,2998,1868,48.218
US05368V1061,431102494,AVNT,USD,2021-06-29,48.75,49.23,48.02,48.24,2361,1428,48.391
US05368V1061,431102494,AVNT,USD,2021-06-30,47.89,49.32,47.89,49.16,3354,1953,48.969
US05368V1061,431102494,AVNT,USD,2021-07-01,49.41,49.71,48.88,49.25,3589,1971,49.347
US05368V1061,431102494,AVNT,USD,2021-07-02,49.31,49.31,48.41,48.56,1888,1168,48.713
US05368V1061,431102494,AVNT,USD,2021-07-06,48.4,48.62,46.46,46.66,3897,2627,46.768
US05368V1061,431102494,AVNT,USD,2021-07-07,46.47,47.61,46.39,47.5,2249,1244,47.243
US05368V1061,431102494,AVNT,USD,2021-07-08,46.57,47.22,46.0,46.39,2560,1548,46.465
US05368V1061,431102494,AVNT,USD,2021-07-09,47.49,48.38,47.25,47.97,2491,1575,47.936
US05368V1061,431102494,AVNT,USD,2021-07-12,47.29,48.34,46.97,48.24,2146,1259,48.057
US05368V1061,431102494,AVNT,USD,2021-07-13,48.02,48.35,47.16,47.49,2864,1757,47.504
US05368V1061,431102494,AVNT,USD,2021-07-14,47.75,48.5,47.08,47.28,1978,1066,47.432
US05368V1061,431102494,AVNT,USD,2021-07-15,46.81,47.75,46.49,47.55,2386,1235,47.427
US05368V1061,431102494,AVNT,USD,2021-07-16,48.01,48.01,46.2,46.26,2989,1682,46.729
US05368V1061,431102494,AVNT,USD,2021-07-19,45.0,45.74,44.6,45.06,2651,1664,45.075
US05368V1061,431102494,AVNT,USD,2021-07-20,45.25,46.81,44.83,46.56,3650,1620,46.452
US05368V1061,431102494,AVNT,USD,2021-07-21,47.23,47.83,47.11,47.25,4313,1990,47.319
US05368V1061,431102494,AVNT,USD,2021-07-22,47.27,47.85,46.89,47.16,2851,1927,47.298
US05368V1061,431102494,AVNT,USD,2021-07-23,47.66,47.99,47.24,47.95,1458,951,47.728
US05368V1061,431102494,AVNT,USD,2021-07-26,48.0,48.89,47.87,48.09,2944,1740,48.086
US05368V1061,431102494,AVNT,USD,2021-07-27,47.51,48.31,47.35,47.85,2005,1044,47.752
US05368V1061,431102494,AVNT,USD,2021-07-28,47.88,48.19,47.05,47.94,3662,2567,47.782
US05368V1061,431102494,AVNT,USD,2021-07-29,48.63,49.02,48.26,48.72,2820,1663,48.81
US05368V1061,431102494,AVNT,USD,2021-07-30,48.73,49.46,47.61,48.52,3892,2088,48.399
US05368V1061,431102494,AVNT,USD,2021-08-02,49.1,49.7,47.37,47.44,2372,1313,47.977
US05368V1061,431102494,AVNT,USD,2021-08-03,47.71,48.12,46.65,48.03,2491,1403,47.862
US05368V1061,431102494,AVNT,USD,2021-08-04,47.4,47.78,46.13,46.16,1973,1143,46.644
US05368V1061,431102494,AVNT,USD,2021-08-05,46.71,47.34,46.39,46.81,1875,1177,46.766
US05368V1061,431102494,AVNT,USD,2021-08-06,47.53,48.14,47.34,47.9,1490,766,47.751
US05368V1061,431102494,AVNT,USD,2021-08-09,47.53,47.8,47.12,47.45,1159,641,47.532
US05368V1061,431102494,AVNT,USD,2021-08-10,47.54,48.46,47.43,48.43,1663,1109,48.229
US05368V1061,431102494,AVNT,USD,2021-08-11,48.5,48.97,48.07,48.92,2081,1136,48.669
US05368V1061,431102494,AVNT,USD,2021-08-12,49.0,49.53,48.7,49.38,2452,1643,49.203
US05368V1061,431102494,AVNT,USD,2021-08-13,49.62,49.97,49.26,49.9,1598,1017,49.733
US05368V1061,431102494,AVNT,USD,2021-08-16,49.4,49.84,48.75,49.48,2488,1577,49.465
US05368V1061,431102494,AVNT,USD,2021-08-17,48.98,49.38,48.18,49.14,3522,1773,48.931
US05368V1061,431102494,AVNT,USD,2021-08-18,49.05,50.14,48.76,49.43,3613,2556,49.653
US05368V1061,431102494,AVNT,USD,2021-08-19,48.53,49.27,47.33,47.59,3627,2319,48.035
US05368V1061,431102494,AVNT,USD,2021-08-20,47.52,48.57,47.52,48.54,2123,1140,48.209
US05368V1061,431102494,AVNT,USD,2021-08-23,48.99,49.67,48.7,49.51,1720,1085,49.396
US05368V1061,431102494,AVNT,USD,2021-08-24,49.8,50.19,49.5,50.0,1422,806,49.942
US05368V1061,431102494,AVNT,USD,2021-08-25,50.2,50.95,49.77,50.46,1946,924,50.53
US05368V1061,431102494,AVNT,USD,2021-08-26,50.3,51.08,50.01,50.85,3414,2170,50.762
US05368V1061,431102494,AVNT,USD,2021-08-27,51.2,52.8,51.12,52.49,3223,1478,52.442
US05368V1061,431102494,AVNT,USD,2021-08-30,52.7,52.82,51.94,52.18,2116,1081,52.203
US05368V1061,431102494,AVNT,USD,2021-08-31,52.1,52.34,51.87,52.09,2524,1042,52.101
US05368V1061,431102494,AVNT,USD,2021-09-01,52.06,52.06,50.41,50.49,2823,1811,50.695
US05368V1061,431102494,AVNT,USD,2021-09-02,50.68,50.87,50.02,50.13,2590,1654,50.307
US05368V1061,431102494,AVNT,USD,2021-09-03,50.07,50.29,49.31,49.67,1667,1027,49.761
US05368V1061,431102494,AVNT,USD,2021-09-07,49.32,49.6,48.45,48.46,1658,1105,48.77
US05368V1061,431102494,AVNT,USD,2021-09-08,48.31,48.31,46.86,47.37,3000,1833,47.446
US05368V1061,431102494,AVNT,USD,2021-09-09,47.52,48.75,47.39,47.83,2883,1596,47.964
US05368V1061,431102494,AVNT,USD,2021-09-10,48.32,48.56,47.26,47.28,1945,1106,47.666
US05368V1061,431102494,AVNT,USD,2021-09-13,47.67,48.09,47.22,47.69,1242,691,47.597
US05368V1061,431102494,AVNT,USD,2021-09-14,48.16,48.16,46.8,46.99,1976,1172,47.13
US05368V1061,431102494,AVNT,USD,2021-09-15,46.93,47.79,46.88,47.75,2255,1186,47.581
US05368V1061,431102494,AVNT,USD,2021-09-16,47.57,47.88,46.4,46.97,2421,1376,47.046
US05368V1061,431102494,AVNT,USD,2021-09-17,47.1,47.1,45.17,45.82,11240,2437,45.888
US05368V1061,431102494,AVNT,USD,2021-09-20,45.37,45.37,43.69,45.04,2083,1568,44.512
US05368V1061,431102494,AVNT,USD,2021-09-21,45.62,45.64,44.39,44.54,2140,1362,44.725
US05368V1061,431102494,AVNT,USD,2021-09-22,44.95,46.07,44.93,45.51,2309,1379,45.612
US05368V1061,431102494,AVNT,USD,2021-09-23,45.78,47.35,45.78,46.95,2234,1477,46.969
US05368V1061,431102494,AVNT,USD,2021-09-24,46.89,47.4,46.44,46.67,1568,902,46.887
US05368V1061,431102494,AVNT,USD,2021-09-27,46.92,48.71,46.92,47.76,2895,1865,47.964
US05368V1061,431102494,AVNT,USD,2021-09-28,47.94,48.24,47.01,47.08,1846,1423,47.351
US05368V1061,431102494,AVNT,USD,2021-09-29,47.02,47.45,46.34,47.29,1628,1043,47.145
US05368V1061,431102494,AVNT,USD,2021-09-30,47.71,47.71,46.35,46.35,3584,1796,46.674
US05368V1061,431102494,AVNT,USD,2021-10-01,46.21,47.65,45.48,47.01,2913,1821,46.746
US05368V1061,431102494,AVNT,USD,2021-10-04,46.96,47.58,46.53,47.17,1856,1399,47.107
US05368V1061,431102494,AVNT,USD,2021-10-05,47.32,48.17,46.87,48.06,2143,1139,47.901
US05368V1061,431102494,AVNT,USD,2021-10-06,47.58,47.72,45.93,47.12,2192,1154,47.132
US05368V1061,431102494,AVNT,USD,2021-10-07,47.62,48.91,47.62,48.31,2486,853,48.343
US05368V1061,431102494,AVNT,USD,2021-10-08,48.28,48.92,48.15,48.15,1230,667,48.349
US05368V1061,431102494,AVNT,USD,2021-10-11,48.38,48.85,47.82,47.93,849,492,48.164
US05368V1061,431102494,AVNT,USD,2021-10-12,47.78,48.33,47.78,48.11,1541,571,48.082
US05368V1061,431102494,AVNT,USD,2021-10-13,48.11,48.2,47.37,48.11,1093,582,48.007
US05368V1061,431102494,AVNT,USD,2021-10-14,48.63,49.85,48.53,49.85,1681,863,49.419
US05368V1061,431102494,AVNT,USD,2021-10-15,51.09,51.72,50.31,51.17,3170,1660,51.219
US05368V1061,431102494,AVNT,USD,2021-10-18,50.55,51.15,50.2,51.01,2115,1291,50.894
US05368V1061,431102494,AVNT,USD,2021-10-19,51.12,51.31,50.46,51.15,2315,1362,51.094
US05368V1061,431102494,AVNT,USD,2021-10-20,51.44,52.33,51.13,52.31,1965,1312,51.977
US05368V1061,431102494,AVNT,USD,2021-10-21,52.25,52.62,51.65,52.55,2120,1224,52.233
US05368V1061,431102494,AVNT,USD,2021-10-22,52.72,53.73,52.57,53.46,2270,1506,53.342
US05368V1061,431102494,AVNT,USD,2021-10-25,52.3,55.78,52.3,55.75,2962,1830,55.213
US05368V1061,431102494,AVNT,USD,2021-10-26,55.89,56.11,55.01,55.95,3540,1910,55.783
US05368V1061,431102494,AVNT,USD,2021-10-27,55.72,55.72,53.32,53.49,3430,2102,54.036
US05368V1061,431102494,AVNT,USD,2021-10-28,54.44,55.13,52.97,55.0,2859,1677,54.71
US05368V1061,431102494,AVNT,USD,2021-10-29,54.75,55.16,53.74,53.88,4759,1909,54.025
US05368V1061,431102494,AVNT,USD,2021-11-01,54.37,55.58,54.0,55.23,4017,2148,54.903
US05368V1061,431102494,AVNT,USD,2021-11-02,55.52,56.38,54.82,54.99,3612,1908,55.304
US05368V1061,431102494,AVNT,USD,2021-11-03,54.81,56.16,54.61,55.66,2897,1746,55.517
US05368V1061,431102494,AVNT,USD,2021-11-04,55.97,57.52,55.77,57.26,2671,1620,57.142
US05368V1061,431102494,AVNT,USD,2021-11-05,57.99,58.78,57.27,57.87,2294,1216,57.856
US05368V1061,431102494,AVNT,USD,2021-11-08,58.36,59.03,58.14,58.53,2695,1453,58.539
US05368V1061,431102494,AVNT,USD,2021-11-09,58.35,59.99,57.94,59.99,3112,1126,58.716
US05368V1061,431102494,AVNT,USD,2021-11-10,59.03,59.16,57.86,57.95,3393,1769,58.207
US05368V1061,431102494,AVNT,USD,2021-11-11,58.18,59.2,57.79,59.09,2000,1212,58.862
US05368V1061,431102494,AVNT,USD,2021-11-12,59.32,60.09,58.63,59.17,2262,1294,59.393
US05368V1061,431102494,AVNT,USD,2021-11-15,59.5,59.6,58.56,59.58,2352,1187,59.356
US05368V1061,431102494,AVNT,USD,2021-11-16,59.77,61.01,59.39,60.91,2674,1696,60.662
US05368V1061,431102494,AVNT,USD,2021-11-17,60.61,61.14,60.02,60.92,2714,1309,60.723
US05368V1061,431102494,AVNT,USD,2021-11-18,60.52,61.46,60.0,60.85,3526,1543,60.681
US05368V1061,431102494,AVNT,USD,2021-11-19,60.37,60.86,59.93,60.02,1953,1140,60.236
US05368V1061,431102494,AVNT,USD,2021-11-22,60.73,60.76,59.72,59.73,1694,1144,60.18
US05368V1061,431102494,AVNT,USD,2021-11-23,59.64,60.43,59.54,60.09,2856,1285,60.062
US05368V1061,431102494,AVNT,USD,2021-11-24,61.0,61.0,59.14,59.41,1695,1131,59.528
US05368V1061,431102494,AVNT,USD,2021-11-26,57.15,57.86,56.48,57.4,1837,1154,57.265
US05368V1061,431102494,AVNT,USD,2021-11-29,58.49,58.49,56.93,57.44,2509,1380,57.527
US05368V1061,431102494,AVNT,USD,2021-11-30,56.7,56.89,54.95,55.01,3099,1548,55.298
US05368V1061,431102494,AVNT,USD,2021-12-01,56.56,57.13,54.39,54.41,3020,1770,55.454
US05368V1061,431102494,AVNT,USD,2021-12-02,54.93,57.54,54.61,57.08,3860,1922,56.833
US05368V1061,431102494,AVNT,USD,2021-12-03,57.35,57.68,55.18,56.1,2854,1751,56.192
US05368V1061,431102494,AVNT,USD,2021-12-06,57.25,57.9,56.38,56.91,4632,3093,57.134
US05368V1061,431102494,AVNT,USD,2021-12-07,57.24,58.39,56.73,56.83,4637,2725,57.312
US05368V1061,431102494,AVNT,USD,2021-12-08,57.53,57.6,55.94,56.34,6295,3771,56.492
US05368V1061,431102494,AVNT,USD,2021-12-09,55.7,56.53,55.04,55.08,3568,1801,55.539
US05368V1061,431102494,AVNT,USD,2021-12-10,55.98,56.59,54.86,55.77,4149,1958,55.548
US05368V1061,431102494,AVNT,USD,2021-12-13,55.17,55.88,53.66,53.73,3207,1894,54.052
US05368V1061,431102494,AVNT,USD,2021-12-14,53.52,55.34,53.14,53.59,6866,3483,54.019
US05368V1061,431102494,AVNT,USD,2021-12-15,54.01,56.81,52.24,53.59,3997,3241,53.029
US05368V1061,431102494,AVNT,USD,2021-12-16,53.82,54.15,52.46,52.87,6579,3173,53.08
US05368V1061,431102494,AVNT,USD,2021-12-17,52.91,54.07,52.22,52.75,14039,2950,53.061
US05368V1061,431102494,AVNT,USD,2021-12-20,53.0,53.0,50.22,51.62,3251,2221,51.212
US05368V1061,431102494,AVNT,USD,2021-12-21,52.23,53.69,51.88,53.65,2597,1499,53.359
US05368V1061,431102494,AVNT,USD,2021-12-22,53.29,54.53,53.28,54.41,2015,1328,54.201
US05368V1061,431102494,AVNT,USD,2021-12-23,54.77,55.32,54.63,54.76,1213,616,54.87
US05368V1061,431102494,AVNT,USD,2021-12-27,54.84,56.21,54.47,56.08,2906,1797,55.597
US05368V1061,431102494,AVNT,USD,2021-12-28,55.94,56.73,55.74,56.22,2486,1486,56.297
US05368V1061,431102494,AVNT,USD,2021-12-29,56.23,57.25,56.18,56.93,2565,1504,56.934
US05368V1061,431102494,AVNT,USD,2021-12-30,56.8,57.39,55.63,55.73,1907,1091,56.156
US05368V1061,431102494,AVNT,USD,2021-12-31,55.51,56.35,55.36,55.95,2290,1286,55.974
US05368V1061,431102494,AVNT,USD,2022-01-03,56.03,56.98,55.95,56.51,3898,1990,56.553
US05368V1061,431102494,AVNT,USD,2022-01-04,56.81,58.12,56.75,57.58,2242,1320,57.681
US05368V1061,431102494,AVNT,USD,2022-01-05,57.72,58.6,56.14,56.16,2689,1515,56.924
US05368V1061,431102494,AVNT,USD,2022-01-06,56.18,56.86,55.9,56.21,1732,1140,56.305
US05368V1061,431102494,AVNT,USD,2022-01-07,56.12,56.51,55.77,56.04,2626,1806,56.019
US05368V1061,431102494,AVNT,USD,2022-01-10,55.97,55.97,54.32,54.67,2385,1111,54.723
US05368V1061,431102494,AVNT,USD,2022-01-11,54.4,55.59,54.1,55.48,2376,1380,55.248
US05368V1061,431102494,AVNT,USD,2022-01-12,55.96,56.54,55.16,55.21,1827,879,55.403
US05368V1061,431102494,AVNT,USD,2022-01-13,55.41,56.22,54.86,54.98,2239,1288,55.345
US05368V1061,431102494,AVNT,USD,2022-01-14,54.29,55.28,53.81,54.93,1780,1084,54.79
US05368V1061,431102494,AVNT,USD,2022-01-18,54.3,54.75,53.7,54.01,2016,1322,54.076
US05368V1061,431102494,AVNT,USD,2022-01-19,54.07,54.7,52.78,52.85,2629,1110,53.121
US05368V1061,431102494,AVNT,USD,2022-01-20,53.0,53.44,51.67,51.73,3015,1769,52.487
US05368V1061,431102494,AVNT,USD,2022-01-21,51.53,52.37,50.62,50.64,2583,1385,51.111
US05368V1061,431102494,AVNT,USD,2022-01-24,49.8,52.16,49.09,51.87,3729,2443,50.825
US05368V1061,431102494,AVNT,USD,2022-01-25,51.17,51.89,49.8,51.23,2384,1436,51.019
US05368V1061,431102494,AVNT,USD,2022-01-26,51.78,52.49,50.35,50.89,2451,1685,51.387
US05368V1061,431102494,AVNT,USD,2022-01-27,51.72,52.26,49.87,49.93,2563,1581,50.361
US05368V1061,431102494,AVNT,USD,2022-01-28,49.6,49.78,47.83,49.45,2408,1470,48.822
US05368V1061,431102494,AVNT,USD,2022-01-31,49.51,49.77,48.66,49.77,3991,2984,49.193
US05368V1061,431102494,AVNT,USD,2022-02-01,49.7,50.84,49.22,50.62,2842,1706,50.427
US05368V1061,431102494,AVNT,USD,2022-02-02,50.44,51.02,49.53,50.64,2376,1377,50.563
US05368V1061,431102494,AVNT,USD,2022-02-03,49.97,50.78,49.29,49.34,1662,1013,49.673
US05368V1061,431102494,AVNT,USD,2022-02-04,48.76,49.36,47.92,48.27,2001,1300,48.427
US05368V1061,431102494,AVNT,USD,2022-02-07,48.1,49.15,47.83,48.76,3594,2306,48.69
US05368V1061,431102494,AVNT,USD,2022-02-08,49.45,51.26,49.3,50.55,5372,2940,50.748
US05368V1061,431102494,AVNT,USD,2022-02-09,51.62,53.16,51.43,53.03,4843,3154,52.651
US05368V1061,431102494,AVNT,USD,2022-02-10,52.13,53.6,52.04,52.42,4534,2487,52.554
US05368V1061,431102494,AVNT,USD,2022-02-11,52.42,53.41,52.04,52.64,3840,2315,52.651
US05368V1061,431102494,AVNT,USD,2022-02-14,52.94,53.27,52.2,52.64,3236,2376,52.667
US05368V1061,431102494,AVNT,USD,2022-02-15,53.07,55.44,52.99,55.26,3293,2144,54.849
US05368V1061,431102494,AVNT,USD,2022-02-16,55.1,55.35,54.53,55.01,1677,932,54.988
US05368V1061,431102494,AVNT,USD,2022-02-17,54.3,54.31,53.68,53.84,1977,1140,53.945
US05368V1061,431102494,AVNT,USD,2022-02-18,53.76,54.13,52.46,52.55,2695,1601,52.885
US05368V1061,431102494,AVNT,USD,2022-02-22,52.55,53.0,51.8,52.39,2072,1393,52.415
US05368V1061,431102494,AVNT,USD,2022-02-23,52.84,53.13,51.14,51.17,1607,1038,51.593
US05368V1061,431102494,AVNT,USD,2022-02-24,49.71,50.4,48.98,50.32,3190,1855,49.867
US05368V1061,431102494,AVNT,USD,2022-02-25,50.85,53.04,50.5,52.92,2035,1244,52.522
US05368V1061,431102494,AVNT,USD,2022-02-28,51.88,53.13,51.56,52.39,3567,1892,52.36
US05368V1061,431102494,AVNT,USD,2022-03-01,51.84,52.18,49.65,50.32,4404,2307,50.257
US05368V1061,431102494,AVNT,USD,2022-03-02,50.89,52.41,50.89,52.13,2651,1539,52.043
US05368V1061,431102494,AVNT,USD,2022-03-03,52.63,52.9,51.39,51.84,2129,1288,51.921
US05368V1061,431102494,AVNT,USD,2022-03-04,50.85,51.53,49.97,50.22,2623,1686,50.336
US05368V1061,431102494,AVNT,USD,2022-03-07,50.33,50.33,46.94,46.99,2479,1550,47.783
US05368V1061,431102494,AVNT,USD,2022-03-08,47.32,48.18,46.4,46.4,3363,2217,47.087
US05368V1061,431102494,AVNT,USD,2022-03-09,46.65,49.93,46.65,49.26,2785,1710,49.012
US05368V1061,431102494,AVNT,USD,2022-03-10,48.25,49.22,48.13,49.08,1709,919,48.847
US05368V1061,431102494,AVNT,USD,2022-03-11,49.59,50.11,48.81,48.92,2213,1207,49.161
US05368V1061,431102494,AVNT,USD,2022-03-14,49.0,49.59,48.21,48.42,2728,1760,48.685
US05368V1061,431102494,AVNT,USD,2022-03-15,48.71,49.05,47.92,48.6,2751,1661,48.565
US05368V1061,431102494,AVNT,USD,2022-03-16,49.31,50.92,49.31,50.77,3144,1902,50.457
US05368V1061,431102494,AVNT,USD,2022-03-17,50.05,51.67,50.05,51.6,2497,1443,51.271
US05368V1061,431102494,AVNT,USD,2022-03-18,51.67,51.67,50.46,51.2,9516,2255,51.253
US05368V1061,431102494,AVNT,USD,2022-03-21,51.42,52.0,50.74,51.15,4328,1446,51.148
US05368V1061,431102494,AVNT,USD,2022-03-22,51.33,52.39,50.44,50.88,5828,2533,50.881
US05368V1061,431102494,AVNT,USD,2022-03-23,50.31,50.72,49.65,49.73,2260,1315,49.997
US05368V1061,431102494,AVNT,USD,2022-03-24,50.13,50.13,49.02,49.64,2657,1660,49.506
US05368V1061,431102494,AVNT,USD,2022-03-25,49.6,49.97,48.92,49.39,3434,2100,49.399
US05368V1061,431102494,AVNT,USD,2022-03-28,49.52,49.52,48.3,49.0,3561,2350,48.816
US05368V1061,431102494,AVNT,USD,2022-03-29,49.78,51.42,49.77,50.82,5013,3329,50.743
US05368V1061,431102494,AVNT,USD,2022-03-30,50.81,50.88,49.3,49.39,3428,1682,49.699
US05368V1061,431102494,AVNT,USD,2022-03-31,49.19,49.78,47.88,48.0,5207,3158,48.338
US05368V1061,431102494,AVNT,USD,2022-04-01,48.97,49.06,48.01,48.69,3910,2008,48.581
US05368V1061,431102494,AVNT,USD,2022-04-04,48.65,48.92,48.1,48.5,3040,1657,48.542
US05368V1061,431102494,AVNT,USD,2022-04-05,48.46,48.77,47.55,47.59,2420,1418,47.775
US05368V1061,431102494,AVNT,USD,2022-04-06,47.07,47.49,45.83,46.04,4068,2310,46.192
US05368V1061,431102494,AVNT,USD,2022-04-07,46.13,46.19,44.73,45.9,3561,2376,45.677
US05368V1061,431102494,AVNT,USD,2022-04-08,46.8,46.8,45.27,45.34,1974,1343,45.709
US05368V1061,431102494,AVNT,USD,2022-04-11,45.26,46.8,45.25,46.0,2461,1401,46.046
US05368V1061,431102494,AVNT,USD,2022-04-12,46.47,47.33,45.96,46.14,1631,1090,46.401
US05368V1061,431102494,AVNT,USD,2022-04-13,46.27,47.16,46.27,47.02,1830,974,46.94
US05368V1061,431102494,AVNT,USD,2022-04-14,47.23,47.74,46.52,46.55,1931,1071,46.845
US05368V1061,431102494,AVNT,USD,2022-04-18,46.16,47.24,46.16,46.72,1670,1002,46.693
US05368V1061,431102494,AVNT,USD,2022-04-19,46.51,48.29,46.49,47.88,2483,1472,47.885
US05368V1061,431102494,AVNT,USD,2022-04-20,48.45,53.82,48.45,53.76,9130,4605,52.528
US05368V1061,431102494,AVNT,USD,2022-04-21,54.76,54.77,52.57,53.14,4829,3040,53.439
US05368V1061,431102494,AVNT,USD,2022-04-22,52.19,52.56,50.79,51.58,5174,2995,51.492
US05368V1061,431102494,AVNT,USD,2022-04-25,51.11,51.83,49.61,51.74,4198,2839,51.185
US05368V1061,431102494,AVNT,USD,2022-04-26,51.37,52.68,49.92,50.1,4370,2320,51.099
US05368V1061,431102494,AVNT,USD,2022-04-27,50.17,50.77,49.15,50.03,2962,1895,50.144
US05368V1061,431102494,AVNT,USD,2022-04-28,50.73,50.82,48.97,50.41,2327,1333,50.269
US05368V1061,431102494,AVNT,USD,2022-04-29,50.28,50.87,48.92,49.24,3698,1460,49.698
US05368V1061,431102494,AVNT,USD,2022-05-02,49.27,50.12,48.25,49.13,2981,1639,49.186
US05368V1061,431102494,AVNT,USD,2022-05-03,48.94,50.35,48.93,49.9,1784,1172,49.832
US05368V1061,431102494,AVNT,USD,2022-05-04,50.07,52.05,49.74,51.9,2190,1369,51.039
US05368V1061,431102494,AVNT,USD,2022-05-05,51.13,51.64,49.21,49.92,2360,1344,50.058
US05368V1061,431102494,AVNT,USD,2022-05-06,49.38,49.58,48.04,48.75,3010,1869,48.762
US05368V1061,431102494,AVNT,USD,2022-05-09,47.73,48.8,47.56,47.71,2124,1298,47.993
US05368V1061,431102494,AVNT,USD,2022-05-10,48.37,48.91,45.97,46.67,2588,1640,46.979
US05368V1061,431102494,AVNT,USD,2022-05-11,46.66,47.99,45.68,45.78,4214,2232,46.591
US05368V1061,431102494,AVNT,USD,2022-05-12,45.5,46.43,44.8,46.05,3737,2402,45.747
US05368V1061,431102494,AVNT,USD,2022-05-13,46.55,47.84,46.48,46.93,1858,1116,47.119
US05368V1061,431102494,AVNT,USD,2022-05-16,46.42,47.03,45.69,46.47,1999,1033,46.5
US05368V1061,431102494,AVNT,USD,2022-05-17,47.54,48.42,47.2,48.23,1698,882,48.118
US05368V1061,431102494,AVNT,USD,2022-05-18,47.96,48.64,46.94,47.21,3206,1982,47.6
US05368V1061,431102494,AVNT,USD,2022-05-19,46.9,47.84,46.6,46.95,2659,1232,47.056
US05368V1061,431102494,AVNT,USD,2022-05-20,47.41,47.41,45.76,46.65,2246,1255,46.481
US05368V1061,431102494,AVNT,USD,2022-05-23,47.21,47.92,46.81,47.7,3110,1920,47.576
US05368V1061,431102494,AVNT,USD,2022-05-24,47.82,47.82,46.19,46.93,3160,2020,46.746
US05368V1061,431102494,AVNT,USD,2022-05-25,46.66,48.37,46.61,48.11,2739,1720,47.938
US05368V1061,431102494,AVNT,USD,2022-05-26,48.5,49.85,48.07,48.89,3454,2072,49.219
US05368V1061,431102494,AVNT,USD,2022-05-27,49.5,49.77,49.11,49.72,2228,1416,49.529
US05368V1061,431102494,AVNT,USD,2022-05-31,49.14,49.66,48.6,49.2,2610,1188,49.197
US05368V1061,431102494,AVNT,USD,2022-06-01,49.23,49.4,47.92,48.68,1504,744,48.64
US05368V1061,431102494,AVNT,USD,2022-06-02,49.06,51.22,49.0,51.18,1607,991,50.801
US05368V1061,431102494,AVNT,USD,2022-06-03,50.77,51.24,50.49,50.89,1665,1041,50.807
US05368V1061,431102494,AVNT,USD,2022-06-06,51.51,51.79,50.74,51.4,2699,1344,51.353
US05368V1061,431102494,AVNT,USD,2022-06-07,51.08,52.37,50.87,52.32,1995,1123,52.038
US05368V1061,431102494,AVNT,USD,2022-06-08,51.46,51.95,50.43,50.67,1534,906,51.055
US05368V1061,431102494,AVNT,USD,2022-06-09,50.23,50.55,49.95,50.27,1664,935,50.273
US05368V1061,431102494,AVNT,USD,2022-06-10,48.96,49.24,46.78,47.16,2062,1217,47.444
US05368V1061,431102494,AVNT,USD,2022-06-13,45.62,45.72,44.34,44.92,2836,1783,44.999
US05368V1061,431102494,AVNT,USD,2022-06-14,44.58,45.22,43.91,44.45,2293,1411,44.367
US05368V1061,431102494,AVNT,USD,2022-06-15,45.19,45.34,43.53,44.52,2499,1340,44.549
US05368V1061,431102494,AVNT,USD,2022-06-16,43.02,43.4,40.11,40.29,5465,2921,40.722
US05368V1061,431102494,AVNT,USD,2022-06-17,41.09,41.68,40.24,40.89,5975,2217,40.972
US05368V1061,431102494,AVNT,USD,2022-06-21,41.8,41.95,40.78,41.08,3938,2116,41.359
US05368V1061,431102494,AVNT,USD,2022-06-22,40.26,41.35,40.13,40.98,3386,1959,40.873
US05368V1061,431102494,AVNT,USD,2022-06-23,40.69,41.09,40.1,40.52,5885,3714,40.46
US05368V1061,431102494,AVNT,USD,2022-06-24,41.04,42.99,40.96,42.98,21016,6852,42.615
US05368V1061,431102494,AVNT,USD,2022-06-27,42.91,42.91,41.58,41.77,3718,2237,41.924
US05368V1061,431102494,AVNT,USD,2022-06-28,41.77,42.67,41.2,41.2,6279,1434,41.711
US05368V1061,431102494,AVNT,USD,2022-06-29,41.07,41.07,39.66,40.48,4676,2868,40.355
US05368V1061,431102494,AVNT,USD,2022-06-30,39.95,40.51,39.08,40.08,4892,2737,39.93
US05368V1061,431102494,AVNT,USD,2022-07-01,40.08,40.56,38.74,39.22,3636,1754,39.3
US05368V1061,431102494,AVNT,USD,2022-07-05,38.14,38.93,37.09,38.48,3767,2232,38.06
US05368V1061,431102494,AVNT,USD,2022-07-06,38.43,39.04,37.47,38.26,3030,1900,38.167
US05368V1061,431102494,AVNT,USD,2022-07-07,38.98,39.93,38.94,39.68,3981,2341,39.52
US05368V1061,431102494,AVNT,USD,2022-07-08,39.35,39.5,38.63,39.2,3083,1667,39.172
US05368V1061,431102494,AVNT,USD,2022-07-11,38.93,39.25,38.6,39.11,1897,884,39.026
US05368V1061,431102494,AVNT,USD,2022-07-12,38.78,39.76,38.78,39.25,1866,1032,39.359
US05368V1061,431102494,AVNT,USD,2022-07-13,39.06,40.0,38.19,40.0,2121,1022,39.063
US05368V1061,431102494,AVNT,USD,2022-07-14,38.99,39.16,38.11,39.11,2111,1068,38.799
US05368V1061,431102494,AVNT,USD,2022-07-15,39.87,40.32,39.22,40.28,2256,1077,40.142
US05368V1061,431102494,AVNT,USD,2022-07-18,41.07,41.15,40.34,40.55,2061,1085,40.681
US05368V1061,431102494,AVNT,USD,2022-07-19,41.24,42.83,40.87,42.79,2346,1168,42.574
US05368V1061,431102494,AVNT,USD,2022-07-20,42.82,43.18,42.2,42.77,1768,792,42.8
US05368V1061,431102494,AVNT,USD,2022-07-21,42.16,43.16,41.75,43.13,1804,913,42.836
US05368V1061,431102494,AVNT,USD,2022-07-22,43.25,43.63,42.7,43.02,1744,909,43.065
US05368V1061,431102494,AVNT,USD,2022-07-25,43.43,43.84,42.64,43.66,3190,1695,43.519
US05368V1061,431102494,AVNT,USD,2022-07-26,43.43,43.64,41.44,41.56,4067,2289,41.971
US05368V1061,431102494,AVNT,USD,2022-07-27,41.49,43.56,41.4,43.22,3825,2006,42.664
US05368V1061,431102494,AVNT,USD,2022-07-28,43.73,43.82,42.73,43.08,2948,1860,43.119
US05368V1061,431102494,AVNT,USD,2022-07-29,43.01,43.4,42.66,43.15,2357,1262,43.101
US05368V1061,431102494,AVNT,USD,2022-08-01,42.53,43.22,41.99,42.93,2436,1258,42.86
US05368V1061,431102494,AVNT,USD,2022-08-02,42.49,43.0,41.94,42.05,2041,1176,42.21
US05368V1061,431102494,AVNT,USD,2022-08-03,42.36,43.04,41.89,42.94,1767,1158,42.743
US05368V1061,431102494,AVNT,USD,2022-08-04,42.83,43.23,42.5,43.13,3396,1401,43.036
US05368V1061,431102494,AVNT,USD,2022-08-05,42.56,43.97,42.56,43.55,3190,1914,43.423
US05368V1061,431102494,AVNT,USD,2022-08-08,44.01,44.74,43.83,44.05,3522,1951,44.16
US05368V1061,431102494,AVNT,USD,2022-08-09,44.03,44.29,43.35,44.07,3098,1690,43.972
US05368V1061,431102494,AVNT,USD,2022-08-10,45.14,46.1,45.12,45.76,3810,2252,45.678
US05368V1061,431102494,AVNT,USD,2022-08-11,46.08,46.4,44.85,44.97,4491,2460,45.394
US05368V1061,431102494,AVNT,USD,2022-08-12,45.81,48.95,45.54,48.95,7572,3137,48.012
US05368V1061,431102494,AVNT,USD,2022-08-15,48.28,49.73,48.28,49.22,2930,1892,49.225
US05368V1061,431102494,AVNT,USD,2022-08-16,48.93,49.67,48.64,49.53,2374,1188,49.375
US05368V1061,431102494,AVNT,USD,2022-08-17,48.61,48.8,47.65,47.67,2106,1108,47.905
US05368V1061,431102494,AVNT,USD,2022-08-18,47.89,48.18,47.67,48.02,1762,927,48.006
US05368V1061,431102494,AVNT,USD,2022-08-19,47.7,47.76,47.12,47.64,1891,739,47.564
US05368V1061,431102494,AVNT,USD,2022-08-22,46.5,46.69,45.68,45.77,1924,714,45.887
US05368V1061,431102494,AVNT,USD,2022-08-23,45.51,46.46,45.51,46.19,2472,1459,46.191
US05368V1061,431102494,AVNT,USD,2022-08-24,46.17,46.39,45.71,45.89,2172,1134,45.933
US05368V1061,431102494,AVNT,USD,2022-08-25,46.16,47.09,45.98,47.09,1634,882,46.812
US05368V1061,431102494,AVNT,USD,2022-08-26,46.77,47.0,44.95,45.0,1372,767,45.354
US05368V1061,431102494,AVNT,USD,2022-08-29,44.21,44.84,43.8,44.32,1738,1051,44.397
US05368V1061,431102494,AVNT,USD,2022-08-30,44.56,44.81,43.84,44.19,1770,980,44.153
US05368V1061,431102494,AVNT,USD,2022-08-31,44.56,44.56,43.59,43.83,2405,1486,43.951
US05368V1061,431102494,AVNT,USD,2022-09-01,43.44,43.44,42.4,43.27,2709,1631,43.068
US05368V1061,431102494,AVNT,USD,2022-09-02,43.75,44.32,42.58,43.16,3493,2100,43.086
US05368V1061,431102494,AVNT,USD,2022-09-06,42.65,42.86,39.49,39.89,4929,3535,40.182
US05368V1061,431102494,AVNT,USD,2022-09-07,40.05,41.85,39.81,41.78,3070,1991,41.23
US05368V1061,431102494,AVNT,USD,2022-09-08,41.09,42.4,40.63,42.37,3683,2215,42.019
US05368V1061,431102494,AVNT,USD,2022-09-09,42.66,43.52,42.42,43.34,2793,1610,43.222
US05368V1061,431102494,AVNT,USD,2022-09-12,43.36,44.25,43.07,43.23,2635,1437,43.351
US05368V1061,431102494,AVNT,USD,2022-09-13,41.57,42.15,40.53,40.59,2898,1665,40.983
US05368V1061,431102494,AVNT,USD,2022-09-14,40.25,40.27,38.31,38.77,4824,2996,38.874
US05368V1061,431102494,AVNT,USD,2022-09-15,38.24,38.97,37.92,38.04,4801,2302,38.361
US05368V1061,431102494,AVNT,USD,2022-09-16,37.36,37.38,35.66,36.78,17917,3234,36.756
US05368V1061,431102494,AVNT,USD,2022-09-19,36.61,37.89,36.16,37.88,4268,2294,37.615
US05368V1061,431102494,AVNT,USD,2022-09-20,37.17,37.21,36.12,36.73,3236,1925,36.637
US05368V1061,431102494,AVNT,USD,2022-09-21,37.29,37.29,35.41,35.47,6598,3782,36.061
US05368V1061,431102494,AVNT,USD,2022-09-22,35.64,35.64,34.89,35.29,3470,1962,35.285
US05368V1061,431102494,AVNT,USD,2022-09-23,34.55,34.76,33.35,33.99,3966,2409,33.826
US05368V1061,431102494,AVNT,USD,2022-09-26,33.7,34.09,32.75,32.93,4554,2665,33.137
US05368V1061,431102494,AVNT,USD,2022-09-27,32.65,33.29,30.81,31.04,9379,5201,31.581
US05368V1061,431102494,AVNT,USD,2022-09-28,29.98,32.09,29.98,31.56,9219,5119,31.641
US05368V1061,431102494,AVNT,USD,2022-09-29,30.85,30.99,29.8,30.62,10645,7381,30.298
US05368V1061,431102494,AVNT,USD,2022-09-30,30.83,31.24,30.2,30.3,5956,3062,30.504
US05368V1061,431102494,AVNT,USD,2022-10-03,31.13,32.8,31.02,32.35,5335,3097,32.292
US05368V1061,431102494,AVNT,USD,2022-10-04,33.11,33.94,33.11,33.9,4601,2502,33.769
US05368V1061,431102494,AVNT,USD,2022-10-05,32.82,33.44,32.54,33.44,3462,2082,33.066
US05368V1061,431102494,AVNT,USD,2022-10-06,33.08,33.37,32.03,32.37,3451,2121,32.448
US05368V1061,431102494,AVNT,USD,2022-10-07,31.76,32.14,30.33,30.33,3803,1781,30.853
US05368V1061,431102494,AVNT,USD,2022-10-10,30.82,31.0,30.19,30.47,4562,3007,30.61
US05368V1061,431102494,AVNT,USD,2022-10-11,30.21,31.01,29.9,30.27,5068,2773,30.276
US05368V1061,431102494,AVNT,USD,2022-10-12,30.31,30.73,29.69,30.34,3769,2545,30.381
US05368V1061,431102494,AVNT,USD,2022-10-13,29.52,31.16,29.02,30.79,8877,5876,30.625
US05368V1061,431102494,AVNT,USD,2022-10-14,31.64,32.02,30.88,31.43,6292,3611,31.351
US05368V1061,431102494,AVNT,USD,2022-10-17,32.72,33.33,32.22,33.01,5353,3263,33.028
US05368V1061,431102494,AVNT,USD,2022-10-18,33.78,34.84,33.55,33.91,4404,2760,33.899
US05368V1061,431102494,AVNT,USD,2022-10-19,33.37,33.81,32.63,32.89,3217,1725,32.939
US05368V1061,431102494,AVNT,USD,2022-10-20,32.86,33.89,31.89,32.23,4022,1823,32.501
US05368V1061,431102494,AVNT,USD,2022-10-21,32.65,33.21,32.17,33.07,2872,1367,32.926
US05368V1061,431102494,AVNT,USD,2022-10-24,33.36,33.49,32.56,32.99,2544,1404,33.076
US05368V1061,431102494,AVNT,USD,2022-10-25,32.79,34.3,32.66,33.99,3478,2090,33.793
US05368V1061,431102494,AVNT,USD,2022-10-26,34.26,34.65,33.74,34.18,2864,1544,34.247
US05368V1061,431102494,AVNT,USD,2022-10-27,34.05,34.86,34.05,34.17,2637,1362,34.354
US05368V1061,431102494,AVNT,USD,2022-10-28,34.15,34.79,33.9,34.58,3351,1847,34.49
US05368V1061,431102494,AVNT,USD,2022-10-31,34.47,34.67,34.04,34.49,3141,1661,34.464
US05368V1061,431102494,AVNT,USD,2022-11-01,35.0,35.51,34.49,34.9,3372,2029,35.026
US05368V1061,431102494,AVNT,USD,2022-11-02,32.47,32.47,28.0,28.04,14457,8648,29.218
US05368V1061,431102494,AVNT,USD,2022-11-03,28.4,28.7,27.65,27.94,11850,7179,28.229
US05368V1061,431102494,AVNT,USD,2022-11-04,28.7,29.73,28.28,28.72,10043,5045,28.705
US05368V1061,431102494,AVNT,USD,2022-11-07,29.0,29.34,28.24,29.32,8101,3776,28.917
US05368V1061,431102494,AVNT,USD,2022-11-08,29.64,30.03,29.0,29.33,4401,2364,29.391
US05368V1061,431102494,AVNT,USD,2022-11-09,28.94,29.42,28.61,29.01,4499,2915,28.987
US05368V1061,431102494,AVNT,USD,2022-11-10,29.46,32.21,29.46,32.2,8051,3686,31.861
US05368V1061,431102494,AVNT,USD,2022-11-11,32.02,34.11,32.02,33.5,6733,4090,33.451
US05368V1061,431102494,AVNT,USD,2022-11-14,33.04,34.39,32.5,33.59,8061,4994,33.807
US05368V1061,431102494,AVNT,USD,2022-11-15,34.01,34.86,32.98,33.41,4467,2834,33.785
US05368V1061,431102494,AVNT,USD,2022-11-16,33.15,33.27,32.47,32.89,4935,2648,32.85
US05368V1061,431102494,AVNT,USD,2022-11-17,32.3,32.37,31.3,32.03,4767,2635,31.787
US05368V1061,431102494,AVNT,USD,2022-11-18,32.71,32.71,31.9,32.54,2406,1096,32.405
US05368V1061,431102494,AVNT,USD,2022-11-21,32.19,32.4,31.6,31.77,2616,1621,31.811
US05368V1061,431102494,AVNT,USD,2022-11-22,32.17,33.32,31.82,33.3,3403,1745,32.998
US05368V1061,431102494,AVNT,USD,2022-11-23,33.3,34.46,33.18,33.9,3188,2132,33.886
US05368V1061,431102494,AVNT,USD,2022-11-25,33.83,34.3,33.48,33.9,1385,692,33.98
US05368V1061,431102494,AVNT,USD,2022-11-28,33.31,33.49,32.55,32.73,3207,1286,32.786
US05368V1061,431102494,AVNT,USD,2022-11-29,32.78,33.33,32.44,33.32,3090,1258,33.156
US05368V1061,431102494,AVNT,USD,2022-11-30,33.11,34.64,32.59,34.61,5150,2186,34.05
US05368V1061,431102494,AVNT,USD,2022-12-01,35.03,35.28,34.5,35.16,3785,2316,35.002
US05368V1061,431102494,AVNT,USD,2022-12-02,34.58,35.88,34.47,35.64,4924,2696,35.498
US05368V1061,431102494,AVNT,USD,2022-12-05,35.11,35.42,33.97,35.0,4301,2282,34.542
US05368V1061,431102494,AVNT,USD,2022-12-06,34.85,35.0,33.37,33.72,4492,2338,33.84
US05368V1061,431102494,AVNT,USD,2022-12-07,33.73,34.18,33.44,33.73,3112,1578,33.831
US05368V1061,431102494,AVNT,USD,2022-12-08,34.08,34.52,33.44,33.88,3536,1464,33.894
US05368V1061,431102494,AVNT,USD,2022-12-09,33.57,34.71,33.57,34.3,4414,2158,34.325
US05368V1061,431102494,AVNT,USD,2022-12-12,34.31,34.88,33.76,34.7,4894,2728,34.55
US05368V1061,431102494,AVNT,USD,2022-12-13,35.91,36.61,34.63,35.26,5843,2785,35.347
US05368V1061,431102494,AVNT,USD,2022-12-14,34.93,35.36,34.43,34.71,4430,2010,34.887
US05368V1061,431102494,AVNT,USD,2022-12-15,34.4,34.4,33.25,33.35,3706,1810,33.552
US05368V1061,431102494,AVNT,USD,2022-12-16,33.13,33.69,32.64,33.47,10699,2131,33.322
US05368V1061,431102494,AVNT,USD,2022-12-19,33.38,33.67,32.53,32.59,3705,1918,32.779
US05368V1061,431102494,AVNT,USD,2022-12-20,32.71,33.55,32.71,33.24,3559,1543,33.215
US05368V1061,431102494,AVNT,USD,2022-12-21,33.61,34.64,33.61,34.32,3185,1403,34.313
US05368V1061,431102494,AVNT,USD,2022-12-22,33.88,34.22,32.44,32.93,5246,2731,32.877
US05368V1061,431102494,AVNT,USD,2022-12-23,32.91,33.8,32.88,33.72,1781,961,33.539
US05368V1061,431102494,AVNT,USD,2022-12-27,33.7,34.23,33.45,33.79,2606,1683,33.79
US05368V1061,431102494,AVNT,USD,2022-12-28,33.98,34.2,32.76,32.77,4229,2536,33.123
US05368V1061,431102494,AVNT,USD,2022-12-29,33.27,34.39,33.03,34.07,3281,1758,34.088
US05368V1061,431102494,AVNT,USD,2022-12-30,33.7,34.04,33.28,33.76,3183,1646,33.738
US05368V1061,431102494,AVNT,USD,2023-01-03,34.32,34.81,33.57,33.97,4786,2454,33.996
US05368V1061,431102494,AVNT,USD,2023-01-04,34.63,36.07,34.38,35.65,5005,2997,35.623
US05368V1061,431102494,AVNT,USD,2023-01-05,35.33,36.08,34.99,35.95,5824,3176,35.799
US05368V1061,431102494,AVNT,USD,2023-01-06,36.56,38.05,36.56,37.87,4464,2529,37.717
US05368V1061,431102494,AVNT,USD,2023-01-09,38.24,38.52,37.59,37.84,6331,2172,37.913
US05368V1061,431102494,AVNT,USD,2023-01-10,37.53,38.47,37.38,38.47,3254,1267,38.06
US05368V1061,431102494,AVNT,USD,2023-01-11,39.17,39.39,38.36,38.54,2586,1365,38.656
US05368V1061,431102494,AVNT,USD,2023-01-12,38.74,38.81,38.05,38.13,7188,2342,38.328
US05368V1061,431102494,AVNT,USD,2023-01-13,37.7,38.59,37.7,38.59,2451,1385,38.318
US05368V1061,431102494,AVNT,USD,2023-01-17,38.67,38.74,37.65,38.17,2201,1100,38.106
US05368V1061,431102494,AVNT,USD,2023-01-18,38.59,38.74,37.68,37.86,1884,971,37.955
US05368V1061,431102494,AVNT,USD,2023-01-19,37.48,37.67,36.9,37.27,3605,2294,37.322
US05368V1061,431102494,AVNT,USD,2023-01-20,37.51,38.63,37.01,38.21,2437,983,38.262
US05368V1061,431102494,AVNT,USD,2023-01-23,38.43,39.47,38.13,39.39,3215,1550,39.147
US05368V1061,431102494,AVNT,USD,2023-01-24,39.22,39.4,38.88,39.18,2325,1458,39.186
US05368V1061,431102494,AVNT,USD,2023-01-25,38.63,39.28,38.18,39.08,2036,1046,38.947
US05368V1061,431102494,AVNT,USD,2023-01-26,39.42,39.68,38.89,39.58,2002,994,39.344
US05368V1061,431102494,AVNT,USD,2023-01-27,39.18,39.95,39.14,39.84,1167,607,39.717
US05368V1061,431102494,AVNT,USD,2023-01-30,39.29,40.04,39.29,39.52,2101,1063,39.578
US05368V1061,431102494,AVNT,USD,2023-01-31,39.47,40.59,39.47,40.52,3337,1573,40.267
US05368V1061,431102494,AVNT,USD,2023-02-01,40.45,41.75,40.16,41.15,1970,1167,40.946
US05368V1061,431102494,AVNT,USD,2023-02-02,41.58,42.61,41.58,42.6,3214,1687,42.326
US05368V1061,431102494,AVNT,USD,2023-02-03,41.91,42.25,41.15,41.39,3723,2061,41.601
US05368V1061,431102494,AVNT,USD,2023-02-06,40.97,41.24,40.15,40.42,2587,1200,40.456
US05368V1061,431102494,AVNT,USD,2023-02-07,40.04,41.01,39.69,40.9,2692,1297,40.654
US05368V1061,431102494,AVNT,USD,2023-02-08,40.35,40.74,39.59,39.78,2242,1193,39.88
US05368V1061,431102494,AVNT,USD,2023-02-09,40.11,40.23,38.0,38.26,2453,1384,38.569
US05368V1061,431102494,AVNT,USD,2023-02-10,38.02,38.13,37.46,37.88,3452,2065,37.824
US05368V1061,431102494,AVNT,USD,2023-02-13,38.02,38.91,37.64,38.89,3520,1904,38.623
US05368V1061,431102494,AVNT,USD,2023-02-14,38.5,39.76,38.25,38.66,9327,4459,38.826
US05368V1061,431102494,AVNT,USD,2023-02-15,42.28,43.7,40.52,42.42,7431,4615,42.152
US05368V1061,431102494,AVNT,USD,2023-02-16,42.86,43.25,41.69,42.07,5881,3486,42.274
US05368V1061,431102494,AVNT,USD,2023-02-17,42.35,43.22,42.01,42.93,4360,2433,42.828
US05368V1061,431102494,AVNT,USD,2023-02-21,42.33,42.37,40.96,41.27,3517,1884,41.342
US05368V1061,431102494,AVNT,USD,2023-02-22,41.34,42.47,41.34,41.98,3832,2159,41.979
US05368V1061,431102494,AVNT,USD,2023-02-23,42.31,42.51,41.28,42.06,2503,1328,41.951
US05368V1061,431102494,AVNT,USD,2023-02-24,41.48,42.75,40.78,42.75,3836,1936,42.379
US05368V1061,431102494,AVNT,USD,2023-02-27,43.18,43.51,42.84,43.26,3606,2042,43.134
US05368V1061,431102494,AVNT,USD,2023-02-28,43.07,44.05,43.06,43.63,4092,1857,43.708
US05368V1061,431102494,AVNT,USD,2023-03-01,43.55,44.33,43.44,43.86,3745,1877,43.867
US05368V1061,431102494,AVNT,USD,2023-03-02,43.3,44.08,43.13,43.97,2066,1228,43.802
US05368V1061,431102494,AVNT,USD,2023-03-03,44.37,44.74,43.47,44.41,2890,1622,44.392
US05368V1061,431102494,AVNT,USD,2023-03-06,44.26,44.33,42.49,42.89,2459,1318,43.019
US05368V1061,431102494,AVNT,USD,2023-03-07,42.92,43.02,41.85,41.91,1902,966,42.07
US05368V1061,431102494,AVNT,USD,2023-03-08,42.02,42.59,41.59,42.15,2251,1281,42.032
US05368V1061,431102494,AVNT,USD,2023-03-09,42.29,42.53,40.81,40.94,2610,1449,41.252
US05368V1061,431102494,AVNT,USD,2023-03-10,40.7,40.78,39.22,39.63,4143,2378,39.764
US05368V1061,431102494,AVNT,USD,2023-03-13,38.67,39.07,37.7,38.6,3956,2548,38.627
US05368V1061,431102494,AVNT,USD,2023-03-14,39.71,40.86,39.28,39.92,6009,3156,39.968
US05368V1061,431102494,AVNT,USD,2023-03-15,38.34,38.71,36.83,37.91,5273,3205,37.676
US05368V1061,431102494,AVNT,USD,2023-03-16,37.35,38.98,37.25,38.71,3886,2200,38.488
US05368V1061,431102494,AVNT,USD,2023-03-17,38.44,38.68,37.43,38.02,15260,2711,38.05
US05368V1061,431102494,AVNT,USD,2023-03-20,38.7,39.21,38.25,38.72,3384,1730,38.762
US05368V1061,431102494,AVNT,USD,2023-03-21,39.42,40.02,38.94,39.44,3111,1096,39.372
US05368V1061,431102494,AVNT,USD,2023-03-22,39.56,39.74,38.1,38.12,4143,2056,38.856
US05368V1061,431102494,AVNT,USD,2023-03-23,38.25,39.07,37.6,38.01,2834,1479,38.225
US05368V1061,431102494,AVNT,USD,2023-03-24,37.53,38.7,37.03,38.68,2933,1462,38.206
US05368V1061,431102494,AVNT,USD,2023-03-27,39.34,39.4,38.63,38.79,1833,996,38.868
US05368V1061,431102494,AVNT,USD,2023-03-28,38.73,39.64,38.52,39.2,3368,1875,39.349
US05368V1061,431102494,AVNT,USD,2023-03-29,40.06,40.29,39.49,39.87,4719,2107,39.858
US05368V1061,431102494,AVNT,USD,2023-03-30,40.74,41.02,40.16,40.39,2618,1333,40.418
US05368V1061,431102494,AVNT,USD,2023-03-31,40.54,41.2,40.5,41.16,4149,1742,41.062
US05368V1061,431102494,AVNT,USD,2023-04-03,41.07,41.79,40.55,40.99,3182,1607,40.958
US05368V1061,431102494,AVNT,USD,2023-04-04,40.94,41.0,39.64,39.96,3248,1644,40.066
US05368V1061,431102494,AVNT,USD,2023-04-05,39.4,39.91,39.1,39.66,2332,1138,39.561
US05368V1061,431102494,AVNT,USD,2023-04-06,39.4,40.05,39.16,39.77,2491,1315,39.719
US05368V1061,431102494,AVNT,USD,2023-04-10,39.51,40.61,39.51,40.28,3287,1574,40.202
US05368V1061,431102494,AVNT,USD,2023-04-11,40.56,41.23,39.92,40.59,4088,1976,40.617
US05368V1061,431102494,AVNT,USD,2023-04-12,41.43,41.5,40.05,40.14,2157,1336,40.345
US05368V1061,431102494,AVNT,USD,2023-04-13,40.03,40.83,39.74,40.62,2985,1511,40.488
US05368V1061,431102494,AVNT,USD,2023-04-14,40.75,41.18,39.79,40.31,2300,1200,40.311
US05368V1061,431102494,AVNT,USD,2023-04-17,40.38,40.7,40.14,40.66,1508,695,40.532
US05368V1061,431102494,AVNT,USD,2023-04-18,40.97,41.27,40.09,40.43,2812,1276,40.374
US05368V1061,431102494,AVNT,USD,2023-04-19,40.11,40.42,39.82,40.3,3064,1545,40.249
US05368V1061,431102494,AVNT,USD,2023-04-20,39.82,40.06,39.13,39.46,1778,915,39.548
US05368V1061,431102494,AVNT,USD,2023-04-21,39.55,39.55,38.58,39.08,1839,724,39.103
US05368V1061,431102494,AVNT,USD,2023-04-24,39.23,39.64,39.12,39.4,1108,525,39.352
US05368V1061,431102494,AVNT,USD,2023-04-25,38.6,38.81,37.56,37.58,1897,903,37.754
US05368V1061,431102494,AVNT,USD,2023-04-26,36.98,37.76,36.98,37.12,2075,959,37.22
US05368V1061,431102494,AVNT,USD,2023-04-27,37.39,37.9,36.93,37.88,1544,744,37.666
US05368V1061,431102494,AVNT,USD,2023-04-28,37.89,38.99,37.89,38.51,3403,1384,38.521
US05368V1061,431102494,AVNT,USD,2023-05-01,38.56,39.37,38.48,38.76,3151,1335,38.748
US05368V1061,431102494,AVNT,USD,2023-05-02,38.45,38.5,37.19,38.14,3554,1956,38.042
US05368V1061,431102494,AVNT,USD,2023-05-03,38.19,39.42,37.63,37.86,4231,2227,38.194
US05368V1061,431102494,AVNT,USD,2023-05-04,37.36,37.4,35.83,37.0,3578,1938,36.871
US05368V1061,431102494,AVNT,USD,2023-05-05,37.75,38.69,37.68,38.49,2935,1352,38.32
US05368V1061,431102494,AVNT,USD,2023-05-08,38.81,39.05,38.25,38.75,1968,1047,38.595
US05368V1061,431102494,AVNT,USD,2023-05-09,38.61,38.8,37.97,38.21,2798,1556,38.189
US05368V1061,431102494,AVNT,USD,2023-05-10,39.02,39.17,37.93,38.72,3831,1733,38.57
US05368V1061,431102494,AVNT,USD,2023-05-11,38.21,38.81,38.17,38.63,2693,1576,38.552
US05368V1061,431102494,AVNT,USD,2023-05-12,38.84,38.94,38.17,38.62,2348,1489,38.491
US05368V1061,431102494,AVNT,USD,2023-05-15,38.83,39.71,38.64,39.41,1969,989,39.348
US05368V1061,431102494,AVNT,USD,2023-05-16,39.41,39.41,38.59,38.73,2302,1263,38.813
US05368V1061,431102494,AVNT,USD,2023-05-17,39.0,39.65,38.47,39.5,3331,2045,39.249
US05368V1061,431102494,AVNT,USD,2023-05-18,39.28,39.63,38.99,39.48,2204,1153,39.396
US05368V1061,431102494,AVNT,USD,2023-05-19,39.64,39.66,38.8,38.95,2894,1362,39.093
US05368V1061,431102494,AVNT,USD,2023-05-22,39.18,39.78,38.77,39.28,1738,853,39.36
US05368V1061,431102494,AVNT,USD,2023-05-23,38.9,39.94,38.65,38.9,1470,632,39.104
US05368V1061,431102494,AVNT,USD,2023-05-24,38.46,38.72,38.12,38.5,2531,1418,38.49
US05368V1061,431102494,AVNT,USD,2023-05-25,38.39,38.59,37.32,37.73,2051,1125,37.785
US05368V1061,431102494,AVNT,USD,2023-05-26,37.88,38.18,37.57,38.05,1494,765,37.953
US05368V1061,431102494,AVNT,USD,2023-05-30,38.02,38.48,37.25,37.6,2500,1382,37.652
US05368V1061,431102494,AVNT,USD,2023-05-31,37.52,37.67,36.28,36.5,3978,1653,36.564
US05368V1061,431102494,AVNT,USD,2023-06-01,36.49,37.3,36.27,36.76,2404,1147,36.805
US05368V1061,431102494,AVNT,USD,2023-06-02,37.83,39.52,37.56,39.44,2320,1323,39.191
US05368V1061,431102494,AVNT,USD,2023-06-05,39.08,39.27,38.05,38.87,2703,1313,38.846
US05368V1061,431102494,AVNT,USD,2023-06-06,38.85,40.69,38.78,40.16,4307,2164,40.109
US05368V1061,431102494,AVNT,USD,2023-06-07,40.17,40.99,40.1,40.54,3354,1656,40.544
US05368V1061,431102494,AVNT,USD,2023-06-08,40.54,40.54,39.34,39.8,4884,2498,39.689
US05368V1061,431102494,AVNT,USD,2023-06-09,39.58,39.58,38.93,39.26,2549,1292,39.188
US05368V1061,431102494,AVNT,USD,2023-06-12,39.23,39.91,38.91,39.39,2755,1225,39.446
US05368V1061,431102494,AVNT,USD,2023-06-13,39.5,40.53,39.44,40.42,3105,1669,40.349
US05368V1061,431102494,AVNT,USD,2023-06-14,40.63,40.91,39.56,39.95,4422,2565,40.088
US05368V1061,431102494,AVNT,USD,2023-06-15,39.37,40.41,39.2,40.0,3128,1521,40.087
US05368V1061,431102494,AVNT,USD,2023-06-16,40.25,40.57,39.48,40.15,8355,1858,40.092
US05368V1061,431102494,AVNT,USD,2023-06-20,39.48,39.75,38.88,39.7,3757,1811,39.618
US05368V1061,431102494,AVNT,USD,2023-06-21,39.5,39.93,39.0,39.14,3368,1777,39.327
US05368V1061,431102494,AVNT,USD,2023-06-22,38.94,39.04,38.37,38.81,2850,1551,38.757
US05368V1061,431102494,AVNT,USD,2023-06-23,37.95,38.85,37.95,38.64,7916,2069,38.637
US05368V1061,431102494,AVNT,USD,2023-06-26,38.51,39.58,38.51,39.28,3295,2097,39.311
US05368V1061,431102494,AVNT,USD,2023-06-27,39.21,39.9,38.84,39.42,2063,1099,39.491
US05368V1061,431102494,AVNT,USD,2023-06-28,39.43,39.68,39.04,39.64,1724,882,39.559
US05368V1061,431102494,AVNT,USD,2023-06-29,39.5,40.61,39.5,40.39,4246,1968,40.254
US05368V1061,431102494,AVNT,USD,2023-06-30,40.77,41.0,39.97,39.97,4354,1709,40.818
US05368V1061,431102494,AVNT,USD,2023-07-03,40.48,41.33,40.35,41.1,2276,1119,40.953
US05368V1061,431102494,AVNT,USD,2023-07-05,41.11,41.11,39.26,39.27,2927,1501,39.611
US05368V1061,431102494,AVNT,USD,2023-07-06,38.67,38.85,37.86,38.71,4010,2096,38.485
US05368V1061,431102494,AVNT,USD,2023-07-07,38.91,40.52,38.91,40.24,4384,2139,40.112
US05368V1061,431102494,AVNT,USD,2023-07-10,40.13,40.99,40.13,40.32,3245,1488,40.383
US05368V1061,431102494,AVNT,USD,2023-07-11,40.65,40.85,39.98,40.23,3573,2188,40.264
US05368V1061,431102494,AVNT,USD,2023-07-12,40.92,41.24,40.6,40.92,4356,2370,40.96
US05368V1061,431102494,AVNT,USD,2023-07-13,41.06,41.42,40.69,41.38,3182,1676,41.25
US05368V1061,431102494,AVNT,USD,2023-07-14,41.27,41.27,40.12,40.34,5958,2185,40.414
US05368V1061,431102494,AVNT,USD,2023-07-17,40.2,40.5,40.02,40.25,2734,1441,40.28
US05368V1061,431102494,AVNT,USD,2023-07-18,40.26,40.98,40.26,40.6,5014,2624,40.592
US05368V1061,431102494,AVNT,USD,2023-07-19,40.62,41.48,40.55,41.42,4178,2373,41.26
US05368V1061,431102494,AVNT,USD,2023-07-20,41.82,41.82,40.67,41.09,3561,1954,41.141
US05368V1061,431102494,AVNT,USD,2023-07-21,41.15,41.18,40.38,40.93,3461,1524,40.979
US05368V1061,431102494,AVNT,USD,2023-07-24,40.87,41.26,40.4,40.88,3901,1878,40.749
US05368V1061,431102494,AVNT,USD,2023-07-25,40.98,42.4,40.98,41.74,4482,2617,41.821
US05368V1061,431102494,AVNT,USD,2023-07-26,41.43,42.26,41.41,41.86,3812,2305,41.774
US05368V1061,431102494,AVNT,USD,2023-07-27,41.12,41.62,39.62,40.0,9661,5519,40.231
US05368V1061,431102494,AVNT,USD,2023-07-28,40.64,40.76,39.97,40.13,5171,3129,40.263
US05368V1061,431102494,AVNT,USD,2023-07-31,40.14,40.96,39.78,40.53,3561,1762,40.401
US05368V1061,431102494,AVNT,USD,2023-08-01,40.0,40.83,39.99,40.8,2400,1460,40.61
US05368V1061,431102494,AVNT,USD,2023-08-02,40.09,40.42,39.69,40.13,2073,1083,40.136
US05368V1061,431102494,AVNT,USD,2023-08-03,39.87,40.08,39.24,39.26,2268,1267,39.484
US05368V1061,431102494,AVNT,USD,2023-08-04,39.28,40.01,39.03,39.19,2097,1191,39.357
US05368V1061,431102494,AVNT,USD,2023-08-07,39.36,39.81,38.94,39.81,1837,1087,39.624
US05368V1061,431102494,AVNT,USD,2023-08-08,39.03,39.47,38.51,39.39,2793,1741,39.255
US05368V1061,431102494,AVNT,USD,2023-08-09,39.43,39.43,38.8,39.0,2200,1222,39.056
US05368V1061,431102494,AVNT,USD,2023-08-10,39.13,39.42,38.51,38.91,2995,1769,38.852
US05368V1061,431102494,AVNT,USD,2023-08-11,38.82,39.24,38.66,38.78,2567,1223,38.855
US05368V1061,431102494,AVNT,USD,2023-08-14,38.42,38.42,37.92,38.32,1712,980,38.213
US05368V1061,431102494,AVNT,USD,2023-08-15,37.89,37.89,37.29,37.34,1556,782,37.406
US05368V1061,431102494,AVNT,USD,2023-08-16,37.2,37.43,36.58,36.59,2274,1208,36.721
US05368V1061,431102494,AVNT,USD,2023-08-17,36.76,37.42,36.72,37.07,2457,1246,37.097
US05368V1061,431102494,AVNT,USD,2023-08-18,36.74,37.32,36.53,36.85,2472,1193,36.942
US05368V1061,431102494,AVNT,USD,2023-08-21,36.88,36.94,36.36,36.72,2189,994,36.659
US05368V1061,431102494,AVNT,USD,2023-08-22,36.95,37.5,36.79,37.4,2177,1295,37.233
US05368V1061,431102494,AVNT,USD,2023-08-23,37.31,37.57,37.14,37.44,1810,941,37.429
US05368V1061,431102494,AVNT,USD,2023-08-24,37.19,37.74,36.93,36.96,2041,1132,37.161
US05368V1061,431102494,AVNT,USD,2023-08-25,37.4,38.11,37.16,37.74,2255,1038,37.726
US05368V1061,431102494,AVNT,USD,2023-08-28,37.79,38.75,37.79,38.59,2710,1527,38.573
US05368V1061,431102494,AVNT,USD,2023-08-29,38.48,39.76,38.38,39.69,2164,1367,39.495
US05368V1061,431102494,AVNT,USD,2023-08-30,39.61,40.4,39.61,40.08,2896,1567,40.11
US05368V1061,431102494,AVNT,USD,2023-08-31,40.13,40.78,40.07,40.11,2690,1228,40.218
US05368V1061,431102494,AVNT,USD,2023-09-01,40.3,40.97,40.18,40.48,2853,1635,40.479
US05368V1061,431102494,AVNT,USD,2023-09-05,40.33,40.42,39.12,39.22,1938,1117,39.343
US05368V1061,431102494,AVNT,USD,2023-09-06,39.23,39.68,38.59,39.07,2077,1155,38.967
US05368V1061,431102494,AVNT,USD,2023-09-07,38.83,39.09,37.76,38.06,3032,1607,38.047
US05368V1061,431102494,AVNT,USD,2023-09-08,38.1,38.31,37.33,37.63,2043,1042,37.661
US05368V1061,431102494,AVNT,USD,2023-09-11,37.73,38.16,37.55,37.89,2520,1264,37.836
US05368V1061,431102494,AVNT,USD,2023-09-12,37.7,38.03,37.59,37.75,1674,958,37.786
US05368V1061,431102494,AVNT,USD,2023-09-13,37.84,37.94,36.98,37.02,2335,1117,37.124
US05368V1061,431102494,AVNT,USD,2023-09-14,37.36,38.15,37.03,38.03,2652,1304,37.948
US05368V1061,431102494,AVNT,USD,2023-09-15,37.85,38.46,37.81,38.45,11008,1816,38.245
US05368V1061,431102494,AVNT,USD,2023-09-18,38.24,38.24,37.49,37.49,2086,1055,37.605
US05368V1061,431102494,AVNT,USD,2023-09-19,37.43,37.93,37.03,37.17,2005,925,37.218
US05368V1061,431102494,AVNT,USD,2023-09-20,37.47,37.79,36.57,36.58,1753,883,36.912
US05368V1061,431102494,AVNT,USD,2023-09-21,36.24,36.29,35.52,35.75,2421,1256,35.765
US05368V1061,431102494,AVNT,USD,2023-09-22,35.75,36.08,35.38,35.43,2019,990,35.528
US05368V1061,431102494,AVNT,USD,2023-09-25,35.21,35.92,35.04,35.73,1954,1050,35.719
US05368V1061,431102494,AVNT,USD,2023-09-26,35.35,35.61,34.59,34.65,2350,883,34.766
US05368V1061,431102494,AVNT,USD,2023-09-27,34.86,35.36,34.56,35.07,2457,1204,35.039
US05368V1061,431102494,AVNT,USD,2023-09-28,35.2,35.75,35.15,35.57,2093,1059,35.521
US05368V1061,431102494,AVNT,USD,2023-09-29,35.9,36.04,35.07,35.32,2303,944,35.352
US05368V1061,431102494,AVNT,USD,2023-10-02,35.03,35.12,34.35,34.79,3277,1710,34.662
US05368V1061,431102494,AVNT,USD,2023-10-03,34.27,35.02,34.2,34.49,3480,1715,34.617
US05368V1061,431102494,AVNT,USD,2023-10-04,34.64,34.9,34.28,34.57,4017,1524,34.576
US05368V1061,431102494,AVNT,USD,2023-10-05,34.43,34.6,33.44,33.72,2764,1118,33.727
US05368V1061,431102494,AVNT,USD,2023-10-06,33.57,34.12,33.13,33.64,6288,2705,33.682
US05368V1061,431102494,AVNT,USD,2023-10-09,33.21,33.5,32.82,32.95,2267,1153,33.119
US05368V1061,431102494,AVNT,USD,2023-10-10,33.27,34.25,33.25,33.56,4234,1725,33.732
US05368V1061,431102494,AVNT,USD,2023-10-11,33.49,34.1,33.38,34.06,2844,1388,33.937
US05368V1061,431102494,AVNT,USD,2023-10-12,34.0,34.0,32.52,32.62,2614,1308,32.833
US05368V1061,431102494,AVNT,USD,2023-10-13,33.05,33.37,32.64,32.91,2209,1084,32.952
US05368V1061,431102494,AVNT,USD,2023-10-16,32.91,33.61,32.91,33.07,2425,1171,33.15
US05368V1061,431102494,AVNT,USD,2023-10-17,32.69,33.93,32.69,33.69,6464,3670,33.502
US05368V1061,431102494,AVNT,USD,2023-10-18,33.12,33.42,32.36,32.39,2413,1179,32.527
US05368V1061,431102494,AVNT,USD,2023-10-19,32.08,32.89,31.96,32.18,3204,1595,32.265
US05368V1061,431102494,AVNT,USD,2023-10-20,32.48,32.56,31.93,32.03,3628,1490,32.16
US05368V1061,431102494,AVNT,USD,2023-10-23,31.78,32.25,31.64,31.75,3270,1836,31.856
US05368V1061,431102494,AVNT,USD,2023-10-24,32.01,32.26,31.73,31.98,3182,1739,32.021
US05368V1061,431102494,AVNT,USD,2023-10-25,31.65,31.87,31.21,31.3,2715,1547,31.444
US05368V1061,431102494,AVNT,USD,2023-10-26,31.65,31.84,31.29,31.52,2130,1049,31.549
US05368V1061,431102494,AVNT,USD,2023-10-27,31.68,31.68,31.0,31.18,2111,1094,31.208
US05368V1061,431102494,AVNT,USD,2023-10-30,31.66,31.78,31.09,31.53,1844,1109,31.442
US05368V1061,431102494,AVNT,USD,2023-10-31,31.63,31.76,31.35,31.62,1875,729,31.584
US05368V1061,431102494,AVNT,USD,2023-11-01,31.44,31.55,30.88,31.45,2682,1525,31.275
US05368V1061,431102494,AVNT,USD,2023-11-02,29.18,31.98,27.73,31.89,7157,4410,31.263
US05368V1061,431102494,AVNT,USD,2023-11-03,32.73,34.11,32.31,33.97,4722,2614,33.673
US05368V1061,431102494,AVNT,USD,2023-11-06,32.97,32.97,31.93,32.44,3921,1944,32.404
US05368V1061,431102494,AVNT,USD,2023-11-07,32.25,32.85,31.82,32.51,5436,1549,32.441
US05368V1061,431102494,AVNT,USD,2023-11-08,32.47,32.71,32.12,32.51,1997,933,32.421
US05368V1061,431102494,AVNT,USD,2023-11-09,32.91,32.91,31.79,31.88,2509,1303,32.09
US05368V1061,431102494,AVNT,USD,2023-11-10,31.97,32.77,31.72,32.65,2339,1122,32.556
US05368V1061,431102494,AVNT,USD,2023-11-13,31.74,32.44,31.45,32.25,3458,1864,32.181
US05368V1061,431102494,AVNT,USD,2023-11-14,33.57,34.38,33.35,34.0,4185,2199,33.859
US05368V1061,431102494,AVNT,USD,2023-11-15,34.0,34.82,33.89,34.4,3151,1587,34.391
US05368V1061,431102494,AVNT,USD,2023-11-16,34.21,34.38,33.64,34.1,3848,1677,34.064
US05368V1061,431102494,AVNT,USD,2023-11-17,34.1,34.75,34.1,34.72,3572,1389,34.584
US05368V1061,431102494,AVNT,USD,2023-11-20,35.0,36.88,34.94,35.19,3338,1495,35.248
US05368V1061,431102494,AVNT,USD,2023-11-21,35.01,35.27,34.44,34.46,3496,1443,34.7
US05368V1061,431102494,AVNT,USD,2023-11-22,34.7,34.82,34.11,34.22,2561,1338,34.309
US05368V1061,431102494,AVNT,USD,2023-11-24,34.12,34.71,34.04,34.42,897,455,34.459
US05368V1061,431102494,AVNT,USD,2023-11-27,34.17,34.3,33.84,34.16,2413,1128,34.124
US05368V1061,431102494,AVNT,USD,2023-11-28,33.98,34.46,33.86,34.17,2398,1089,34.199
US05368V1061,431102494,AVNT,USD,2023-11-29,34.51,34.89,34.17,34.35,3049,1236,34.38
US05368V1061,431102494,AVNT,USD,2023-11-30,34.44,34.67,33.98,34.35,4349,1153,34.356
US05368V1061,431102494,AVNT,USD,2023-12-01,34.24,35.79,33.99,35.51,3186,1719,35.384
US05368V1061,431102494,AVNT,USD,2023-12-04,35.32,35.79,35.21,35.38,2097,1011,35.416
US05368V1061,431102494,AVNT,USD,2023-12-05,35.12,35.42,34.61,35.21,3972,2331,35.106
US05368V1061,431102494,AVNT,USD,2023-12-06,35.53,36.28,35.2,35.5,2988,1525,35.638
US05368V1061,431102494,AVNT,USD,2023-12-07,35.74,36.23,35.33,36.22,2131,1028,36.091
US05368V1061,431102494,AVNT,USD,2023-12-08,36.28,36.78,36.16,36.42,1806,903,36.46
US05368V1061,431102494,AVNT,USD,2023-12-11,36.24,36.76,36.14,36.55,2056,918,36.544
US05368V1061,431102494,AVNT,USD,2023-12-12,36.7,36.88,36.13,36.17,2348,1153,36.302
US05368V1061,431102494,AVNT,USD,2023-12-13,35.98,38.02,35.72,37.94,4735,2494,37.452
US05368V1061,431102494,AVNT,USD,2023-12-14,38.58,40.06,38.58,39.36,3747,1825,39.4
US05368V1061,431102494,AVNT,USD,2023-12-15,39.47,40.17,38.87,39.52,10353,1963,39.529
US05368V1061,431102494,AVNT,USD,2023-12-18,39.75,39.83,39.26,39.32,3828,2116,39.495
US05368V1061,431102494,AVNT,USD,2023-12-19,39.8,40.75,39.64,40.61,2493,1264,40.522
US05368V1061,431102494,AVNT,USD,2023-12-20,40.4,41.12,39.64,39.73,2826,1318,40.117
US05368V1061,431102494,AVNT,USD,2023-12-21,40.52,40.52,39.67,40.41,2255,1135,40.249
US05368V1061,431102494,AVNT,USD,2023-12-22,40.57,41.4,40.55,41.17,2252,1267,41.186
US05368V1061,431102494,AVNT,USD,2023-12-26,41.2,42.34,41.08,42.07,4402,2432,42.011
US05368V1061,431102494,AVNT,USD,2023-12-27,41.92,42.63,41.92,42.35,4712,2774,42.335
US05368V1061,431102494,AVNT,USD,2023-12-28,41.94,42.57,41.94,42.31,4510,2619,42.325
US05368V1061,431102494,AVNT,USD,2023-12-29,42.05,42.42,41.56,41.57,4535,2318,41.784
