ISIN,conId,Symbol,Currency,date,open,high,low,close,volume,barCount,average
US09260D1072,372834689,BX,USD,2019-01-02,29.83,30.29,28.51,29.59,33157,15441,29.771
US09260D1072,372834689,BX,USD,2019-01-03,29.59,30.12,29.1,29.22,39031,17484,29.415
US09260D1072,372834689,BX,USD,2019-01-04,29.65,30.55,29.45,30.21,56785,18366,30.23
US09260D1072,372834689,BX,USD,2019-01-07,30.23,31.42,29.87,31.17,58027,22102,30.98
US09260D1072,372834689,BX,USD,2019-01-08,31.84,31.88,30.98,31.4,37976,15504,31.36
US09260D1072,372834689,BX,USD,2019-01-09,31.84,32.19,31.28,31.67,38596,16911,31.784
US09260D1072,372834689,BX,USD,2019-01-10,31.6,31.89,31.36,31.68,23680,9858,31.656
US09260D1072,372834689,BX,USD,2019-01-11,31.68,32.28,31.32,31.9,55682,13295,31.943
US09260D1072,372834689,BX,USD,2019-01-14,31.91,32.28,31.45,32.0,77109,13999,31.974
US09260D1072,372834689,BX,USD,2019-01-15,32.05,32.58,31.82,32.21,26870,11565,32.311
US09260D1072,372834689,BX,USD,2019-01-16,32.47,33.32,32.18,32.69,49960,17888,32.884
US09260D1072,372834689,BX,USD,2019-01-17,32.52,33.07,32.38,32.69,26837,11577,32.736
US09260D1072,372834689,BX,USD,2019-01-18,33.4,33.47,32.7,32.95,49534,19732,33.073
US09260D1072,372834689,BX,USD,2019-01-22,32.9,33.34,32.3,32.34,44843,14015,32.679
US09260D1072,372834689,BX,USD,2019-01-23,32.75,32.97,32.17,32.44,39222,10298,32.386
US09260D1072,372834689,BX,USD,2019-01-24,32.56,32.88,32.25,32.51,28920,10098,32.514
US09260D1072,372834689,BX,USD,2019-01-25,32.79,33.5,32.7,33.02,38439,14619,33.107
US09260D1072,372834689,BX,USD,2019-01-28,33.0,33.21,32.63,33.2,22155,8735,32.95
US09260D1072,372834689,BX,USD,2019-01-29,33.3,33.44,33.08,33.28,18898,9003,33.231
US09260D1072,372834689,BX,USD,2019-01-30,33.25,33.37,32.3,33.12,50865,22725,32.833
US09260D1072,372834689,BX,USD,2019-01-31,33.14,33.92,32.5,33.82,53579,21622,33.686
US09260D1072,372834689,BX,USD,2019-02-01,33.7,34.49,33.58,34.0,32599,14696,34.066
US09260D1072,372834689,BX,USD,2019-02-04,34.0,34.54,34.0,34.2,25775,9929,34.27
US09260D1072,372834689,BX,USD,2019-02-05,34.35,34.78,34.05,34.62,27008,10649,34.431
US09260D1072,372834689,BX,USD,2019-02-06,34.62,34.94,34.56,34.57,24290,10601,34.698
US09260D1072,372834689,BX,USD,2019-02-07,34.51,34.65,33.81,34.53,36347,14550,34.332
US09260D1072,372834689,BX,USD,2019-02-08,33.62,33.95,33.07,33.7,31100,14185,33.422
US09260D1072,372834689,BX,USD,2019-02-11,33.8,34.0,33.2,33.3,27522,13128,33.439
US09260D1072,372834689,BX,USD,2019-02-12,33.7,33.94,33.37,33.91,34158,14105,33.709
US09260D1072,372834689,BX,USD,2019-02-13,33.83,33.86,33.46,33.77,29535,10868,33.719
US09260D1072,372834689,BX,USD,2019-02-14,33.78,33.9,33.11,33.15,32134,16253,33.449
US09260D1072,372834689,BX,USD,2019-02-15,33.28,33.68,33.1,33.4,41665,18288,33.49
US09260D1072,372834689,BX,USD,2019-02-19,33.47,33.54,32.39,33.42,41816,17237,33.06
US09260D1072,372834689,BX,USD,2019-02-20,33.4,34.47,33.4,34.42,47398,20287,34.197
US09260D1072,372834689,BX,USD,2019-02-21,34.42,34.48,33.88,33.88,19152,8703,34.124
US09260D1072,372834689,BX,USD,2019-02-22,34.15,34.3,33.4,33.6,32757,15718,33.656
US09260D1072,372834689,BX,USD,2019-02-25,33.7,34.21,33.66,33.66,36942,14516,33.978
US09260D1072,372834689,BX,USD,2019-02-26,33.72,33.8,33.41,33.77,23242,10542,33.605
US09260D1072,372834689,BX,USD,2019-02-27,33.75,33.75,33.35,33.43,19517,9336,33.457
US09260D1072,372834689,BX,USD,2019-02-28,33.5,33.74,33.23,33.31,19732,9933,33.504
US09260D1072,372834689,BX,USD,2019-03-01,33.55,34.09,33.39,33.54,20001,9248,33.671
US09260D1072,372834689,BX,USD,2019-03-04,33.65,33.95,33.17,33.6,19056,8760,33.531
US09260D1072,372834689,BX,USD,2019-03-05,33.65,33.75,33.35,33.45,13149,6172,33.583
US09260D1072,372834689,BX,USD,2019-03-06,33.35,33.84,33.25,33.6,20469,7743,33.664
US09260D1072,372834689,BX,USD,2019-03-07,33.72,33.72,32.87,33.23,41794,15280,33.162
US09260D1072,372834689,BX,USD,2019-03-08,33.48,33.49,32.44,32.95,26224,11348,32.762
US09260D1072,372834689,BX,USD,2019-03-11,33.12,33.65,33.05,33.46,18507,8599,33.482
US09260D1072,372834689,BX,USD,2019-03-12,33.56,33.91,33.54,33.58,13463,6024,33.702
US09260D1072,372834689,BX,USD,2019-03-13,33.8,34.39,33.8,34.26,24992,9923,34.217
US09260D1072,372834689,BX,USD,2019-03-14,34.19,34.51,34.13,34.4,14466,6707,34.375
US09260D1072,372834689,BX,USD,2019-03-15,34.32,35.23,34.31,34.94,26624,11001,34.767
US09260D1072,372834689,BX,USD,2019-03-18,35.1,35.68,34.8,35.68,25055,10002,35.315
US09260D1072,372834689,BX,USD,2019-03-19,35.68,36.0,34.85,35.06,25421,10302,35.389
US09260D1072,372834689,BX,USD,2019-03-20,35.06,35.24,34.78,34.78,12332,4645,35.005
US09260D1072,372834689,BX,USD,2019-03-21,34.74,35.59,34.5,35.26,20658,9238,35.145
US09260D1072,372834689,BX,USD,2019-03-22,35.02,35.02,33.75,34.21,27383,11124,34.337
US09260D1072,372834689,BX,USD,2019-03-25,34.32,34.39,33.6,34.39,20556,9191,33.909
US09260D1072,372834689,BX,USD,2019-03-26,34.47,34.66,34.14,34.6,15494,7089,34.464
US09260D1072,372834689,BX,USD,2019-03-27,34.6,35.35,34.34,34.45,23162,10185,34.739
US09260D1072,372834689,BX,USD,2019-03-28,34.35,34.87,34.25,34.51,15461,7691,34.604
US09260D1072,372834689,BX,USD,2019-03-29,34.8,35.05,34.59,34.95,12788,5653,34.879
US09260D1072,372834689,BX,USD,2019-04-01,35.16,35.5,35.16,35.39,19360,9199,35.348
US09260D1072,372834689,BX,USD,2019-04-02,35.16,35.38,34.43,34.63,27342,12488,34.77
US09260D1072,372834689,BX,USD,2019-04-03,35.0,35.28,34.67,34.97,22079,9251,34.957
US09260D1072,372834689,BX,USD,2019-04-04,34.75,35.03,34.6,34.98,22219,6809,34.75
US09260D1072,372834689,BX,USD,2019-04-05,34.77,35.11,34.67,34.8,23738,7715,34.838
US09260D1072,372834689,BX,USD,2019-04-08,34.71,34.84,34.47,34.52,23139,6372,34.731
US09260D1072,372834689,BX,USD,2019-04-09,34.8,34.8,34.2,34.45,12840,5070,34.341
US09260D1072,372834689,BX,USD,2019-04-10,34.41,34.8,34.2,34.8,18934,7075,34.573
US09260D1072,372834689,BX,USD,2019-04-11,34.6,35.15,34.6,34.92,14450,5228,34.874
US09260D1072,372834689,BX,USD,2019-04-12,35.06,35.65,35.0,35.52,29386,12815,35.534
US09260D1072,372834689,BX,USD,2019-04-15,34.99,35.75,34.99,35.6,18590,7230,35.517
US09260D1072,372834689,BX,USD,2019-04-16,35.62,36.25,35.41,35.8,32182,12573,35.909
US09260D1072,372834689,BX,USD,2019-04-17,35.8,36.1,35.54,35.6,28965,12272,35.799
US09260D1072,372834689,BX,USD,2019-04-18,35.9,39.5,35.9,38.65,271680,99447,38.676
US09260D1072,372834689,BX,USD,2019-04-22,38.72,40.27,38.49,39.02,97197,34471,39.638
US09260D1072,372834689,BX,USD,2019-04-23,39.72,40.05,39.23,39.9,60456,25547,39.75
US09260D1072,372834689,BX,USD,2019-04-24,40.1,40.38,39.62,40.0,50273,21892,40.084
US09260D1072,372834689,BX,USD,2019-04-25,40.0,40.75,39.44,40.1,53081,21491,40.117
US09260D1072,372834689,BX,USD,2019-04-26,39.95,40.57,39.74,40.01,37703,15446,40.206
US09260D1072,372834689,BX,USD,2019-04-29,39.93,40.59,39.93,40.2,29231,13151,40.315
US09260D1072,372834689,BX,USD,2019-04-30,40.5,40.75,39.45,39.46,38646,16816,39.938
US09260D1072,372834689,BX,USD,2019-05-01,39.46,40.29,39.46,39.84,46629,19598,39.959
US09260D1072,372834689,BX,USD,2019-05-02,39.85,39.9,39.19,39.56,42475,17832,39.537
US09260D1072,372834689,BX,USD,2019-05-03,39.6,40.07,39.4,40.05,37916,15210,39.833
US09260D1072,372834689,BX,USD,2019-05-06,39.55,39.73,38.95,39.0,38584,16498,39.278
US09260D1072,372834689,BX,USD,2019-05-07,38.95,39.42,38.14,38.29,50698,20994,38.789
US09260D1072,372834689,BX,USD,2019-05-08,39.06,39.49,38.29,39.08,27569,11046,39.227
US09260D1072,372834689,BX,USD,2019-05-09,38.45,39.63,38.44,39.4,30687,14127,39.139
US09260D1072,372834689,BX,USD,2019-05-10,39.55,39.98,39.06,39.82,37717,14750,39.596
US09260D1072,372834689,BX,USD,2019-05-13,39.11,39.68,38.47,38.52,44163,20449,38.924
US09260D1072,372834689,BX,USD,2019-05-14,38.99,39.44,38.75,39.39,26740,11802,39.237
US09260D1072,372834689,BX,USD,2019-05-15,39.25,39.75,38.85,39.58,29872,10664,39.399
US09260D1072,372834689,BX,USD,2019-05-16,39.75,40.55,39.7,40.5,51060,18919,40.321
US09260D1072,372834689,BX,USD,2019-05-17,40.25,40.96,40.25,40.6,40492,15013,40.701
US09260D1072,372834689,BX,USD,2019-05-20,40.29,41.0,40.29,40.47,32488,14443,40.757
US09260D1072,372834689,BX,USD,2019-05-21,41.0,41.84,40.56,41.8,50268,18485,41.526
US09260D1072,372834689,BX,USD,2019-05-22,41.73,42.12,41.53,41.7,37608,16309,41.831
US09260D1072,372834689,BX,USD,2019-05-23,41.56,41.8,40.3,41.1,30349,12154,40.93
US09260D1072,372834689,BX,USD,2019-05-24,40.01,41.15,40.01,40.71,47915,16617,40.778
US09260D1072,372834689,BX,USD,2019-05-28,40.5,41.12,39.75,39.76,36573,15503,40.178
US09260D1072,372834689,BX,USD,2019-05-29,39.5,39.59,38.83,39.4,47631,20629,39.109
US09260D1072,372834689,BX,USD,2019-05-30,39.51,39.79,38.89,39.28,33870,15076,39.213
US09260D1072,372834689,BX,USD,2019-05-31,38.88,39.0,37.55,37.88,75686,26744,37.989
US09260D1072,372834689,BX,USD,2019-06-03,37.75,39.68,36.79,39.2,49048,22907,38.268
US09260D1072,372834689,BX,USD,2019-06-04,39.4,39.9,39.01,39.85,31649,14299,39.454
US09260D1072,372834689,BX,USD,2019-06-05,40.1,40.69,39.94,39.94,36380,17092,40.295
US09260D1072,372834689,BX,USD,2019-06-06,40.16,41.09,40.12,41.01,39062,14215,40.644
US09260D1072,372834689,BX,USD,2019-06-07,41.05,42.19,40.91,41.9,77139,28089,41.883
US09260D1072,372834689,BX,USD,2019-06-10,42.43,43.28,42.15,42.36,68802,29167,42.631
US09260D1072,372834689,BX,USD,2019-06-11,43.27,43.27,42.25,42.5,84276,21657,42.837
US09260D1072,372834689,BX,USD,2019-06-12,42.3,43.14,42.01,42.95,37905,13971,42.658
US09260D1072,372834689,BX,USD,2019-06-13,43.07,44.43,42.94,43.91,56724,20786,43.716
US09260D1072,372834689,BX,USD,2019-06-14,43.21,44.47,43.21,44.14,55264,24095,44.152
US09260D1072,372834689,BX,USD,2019-06-17,44.14,45.38,44.14,44.25,70637,24820,44.688
US09260D1072,372834689,BX,USD,2019-06-18,44.5,44.83,43.19,43.4,73675,26474,43.853
US09260D1072,372834689,BX,USD,2019-06-19,44.07,44.96,43.11,44.94,58108,18581,44.41
US09260D1072,372834689,BX,USD,2019-06-20,45.0,45.64,44.55,44.79,69985,20344,44.929
US09260D1072,372834689,BX,USD,2019-06-21,44.61,45.61,44.6,45.0,41906,14263,45.289
US09260D1072,372834689,BX,USD,2019-06-24,45.32,45.42,44.1,44.4,40394,17661,44.469
US09260D1072,372834689,BX,USD,2019-06-25,44.8,44.87,43.8,44.28,34495,13286,44.321
US09260D1072,372834689,BX,USD,2019-06-26,44.5,44.5,43.76,44.17,52019,16238,44.026
US09260D1072,372834689,BX,USD,2019-06-27,43.55,44.95,43.55,44.25,34327,12381,44.492
US09260D1072,372834689,BX,USD,2019-06-28,44.89,45.14,44.37,44.42,62348,18839,44.673
US09260D1072,372834689,BX,USD,2019-07-01,44.95,46.74,44.95,46.6,399250,66475,46.328
US09260D1072,372834689,BX,USD,2019-07-02,47.0,47.46,45.14,47.34,145273,53851,46.678
US09260D1072,372834689,BX,USD,2019-07-03,47.5,47.94,47.0,47.4,50447,23152,47.542
US09260D1072,372834689,BX,USD,2019-07-05,47.25,47.63,46.71,46.85,35201,16938,47.028
US09260D1072,372834689,BX,USD,2019-07-08,46.0,46.79,45.83,45.95,78370,25477,46.22
US09260D1072,372834689,BX,USD,2019-07-09,45.82,46.58,45.42,46.45,61450,24707,46.023
US09260D1072,372834689,BX,USD,2019-07-10,46.4,46.66,45.74,46.39,41552,21882,46.307
US09260D1072,372834689,BX,USD,2019-07-11,46.5,46.63,45.85,46.03,35326,16645,46.121
US09260D1072,372834689,BX,USD,2019-07-12,46.06,46.41,45.62,45.9,45599,16536,45.995
US09260D1072,372834689,BX,USD,2019-07-15,46.2,46.35,45.45,45.64,68993,14910,45.719
US09260D1072,372834689,BX,USD,2019-07-16,45.7,46.47,45.5,46.47,34528,14790,46.021
US09260D1072,372834689,BX,USD,2019-07-17,46.01,46.01,45.06,45.5,56898,24200,45.387
US09260D1072,372834689,BX,USD,2019-07-18,45.87,47.37,45.07,45.85,91318,39288,45.735
US09260D1072,372834689,BX,USD,2019-07-19,45.8,46.37,45.61,45.63,33207,17910,45.983
US09260D1072,372834689,BX,USD,2019-07-22,45.94,48.06,45.86,47.83,90909,34931,47.437
US09260D1072,372834689,BX,USD,2019-07-23,48.05,48.73,47.43,48.65,56460,22539,48.254
US09260D1072,372834689,BX,USD,2019-07-24,48.6,49.45,48.3,49.24,67538,22448,49.024
US09260D1072,372834689,BX,USD,2019-07-25,49.24,49.92,48.72,49.72,66867,24744,49.296
US09260D1072,372834689,BX,USD,2019-07-26,49.64,49.64,48.96,49.25,38003,18711,49.305
US09260D1072,372834689,BX,USD,2019-07-29,49.4,49.48,48.26,48.7,48600,19688,48.806
US09260D1072,372834689,BX,USD,2019-07-30,48.15,49.2,48.05,49.07,42178,21033,48.733
US09260D1072,372834689,BX,USD,2019-07-31,49.23,49.39,47.23,47.8,57788,28576,48.338
US09260D1072,372834689,BX,USD,2019-08-01,48.0,48.0,46.01,46.75,89469,46445,47.246
US09260D1072,372834689,BX,USD,2019-08-02,46.5,46.85,45.04,46.62,73684,42509,45.958
US09260D1072,372834689,BX,USD,2019-08-05,46.44,46.45,43.47,43.7,104750,51336,44.601
US09260D1072,372834689,BX,USD,2019-08-06,44.98,46.0,44.59,45.7,48466,25563,45.39
US09260D1072,372834689,BX,USD,2019-08-07,45.85,46.65,44.84,46.5,66174,26723,45.885
US09260D1072,372834689,BX,USD,2019-08-08,45.84,48.28,45.84,48.09,73930,37925,47.656
US09260D1072,372834689,BX,USD,2019-08-09,48.05,48.31,47.41,47.56,55133,24038,47.897
US09260D1072,372834689,BX,USD,2019-08-12,47.17,47.3,46.21,46.4,34641,17385,46.739
US09260D1072,372834689,BX,USD,2019-08-13,46.23,47.71,46.2,47.67,46454,21925,47.305
US09260D1072,372834689,BX,USD,2019-08-14,46.6,47.0,45.26,45.26,49649,21476,46.064
US09260D1072,372834689,BX,USD,2019-08-15,45.31,46.61,45.28,45.72,38595,19277,45.786
US09260D1072,372834689,BX,USD,2019-08-16,46.1,47.31,46.05,47.23,33968,15507,47.004
US09260D1072,372834689,BX,USD,2019-08-19,47.35,48.39,47.35,47.84,42841,16007,47.89
US09260D1072,372834689,BX,USD,2019-08-20,47.86,49.01,47.72,48.7,49423,20725,48.63
US09260D1072,372834689,BX,USD,2019-08-21,49.25,50.02,49.19,49.46,46530,21052,49.641
US09260D1072,372834689,BX,USD,2019-08-22,49.55,50.08,49.34,49.81,48853,24134,49.842
US09260D1072,372834689,BX,USD,2019-08-23,49.98,50.03,48.27,48.27,35699,16964,49.259
US09260D1072,372834689,BX,USD,2019-08-26,49.1,49.79,48.83,49.25,31883,15957,49.317
US09260D1072,372834689,BX,USD,2019-08-27,49.53,49.95,49.45,49.76,33278,14753,49.73
US09260D1072,372834689,BX,USD,2019-08-28,49.94,50.0,49.07,49.3,25923,12782,49.548
US09260D1072,372834689,BX,USD,2019-08-29,50.0,50.25,49.27,49.55,29800,13957,49.673
US09260D1072,372834689,BX,USD,2019-08-30,49.9,50.0,49.46,49.76,20548,10476,49.731
US09260D1072,372834689,BX,USD,2019-09-03,49.01,49.6,48.34,48.55,33297,17612,48.763
US09260D1072,372834689,BX,USD,2019-09-04,49.0,49.41,48.38,48.51,33647,14391,48.937
US09260D1072,372834689,BX,USD,2019-09-05,49.75,50.45,49.44,50.0,47446,20573,49.935
US09260D1072,372834689,BX,USD,2019-09-06,50.2,50.71,49.95,50.71,34630,18821,50.324
US09260D1072,372834689,BX,USD,2019-09-09,50.5,51.31,50.5,50.97,55921,28223,50.965
US09260D1072,372834689,BX,USD,2019-09-10,50.97,51.49,49.44,49.65,50337,25387,50.334
US09260D1072,372834689,BX,USD,2019-09-11,49.64,50.99,49.34,50.42,66985,31412,50.057
US09260D1072,372834689,BX,USD,2019-09-12,50.46,52.9,50.46,52.24,88038,37639,52.259
US09260D1072,372834689,BX,USD,2019-09-13,52.99,54.19,52.13,53.46,93218,39045,53.596
US09260D1072,372834689,BX,USD,2019-09-16,53.5,55.17,52.82,53.64,80391,38069,54.002
US09260D1072,372834689,BX,USD,2019-09-17,53.71,54.47,52.88,53.4,64416,27042,53.483
US09260D1072,372834689,BX,USD,2019-09-18,53.3,53.66,52.52,52.8,96862,27560,52.896
US09260D1072,372834689,BX,USD,2019-09-19,52.84,53.68,52.68,52.85,101035,26980,52.951
US09260D1072,372834689,BX,USD,2019-09-20,53.0,53.25,52.03,52.88,370703,47287,52.843
US09260D1072,372834689,BX,USD,2019-09-23,52.07,53.76,52.07,53.5,75402,21300,53.262
US09260D1072,372834689,BX,USD,2019-09-24,53.44,53.64,51.52,52.55,108193,36167,52.844
US09260D1072,372834689,BX,USD,2019-09-25,52.75,53.11,52.03,52.84,95286,23076,52.877
US09260D1072,372834689,BX,USD,2019-09-26,52.71,52.87,51.91,52.47,84523,26086,52.573
US09260D1072,372834689,BX,USD,2019-09-27,52.73,52.8,49.41,50.25,92947,44929,50.426
US09260D1072,372834689,BX,USD,2019-09-30,50.57,50.8,48.36,49.35,116861,36719,48.879
US09260D1072,372834689,BX,USD,2019-10-01,49.4,50.0,46.98,47.49,95288,45891,47.745
US09260D1072,372834689,BX,USD,2019-10-02,47.0,47.0,45.59,46.6,84497,41269,46.261
US09260D1072,372834689,BX,USD,2019-10-03,46.9,47.96,46.27,47.65,63636,26969,47.17
US09260D1072,372834689,BX,USD,2019-10-04,47.65,48.32,46.74,46.95,60360,26298,47.151
US09260D1072,372834689,BX,USD,2019-10-07,47.01,47.19,45.66,45.75,89500,35123,45.935
US09260D1072,372834689,BX,USD,2019-10-08,45.69,46.15,45.02,45.92,51464,23330,45.619
US09260D1072,372834689,BX,USD,2019-10-09,45.87,46.89,45.87,46.06,27862,12744,46.459
US09260D1072,372834689,BX,USD,2019-10-10,46.68,46.98,46.05,46.52,44367,17867,46.54
US09260D1072,372834689,BX,USD,2019-10-11,47.0,47.76,46.92,47.5,46975,20190,47.394
US09260D1072,372834689,BX,USD,2019-10-14,46.87,47.07,46.17,46.55,66863,16108,46.494
US09260D1072,372834689,BX,USD,2019-10-15,46.6,47.31,46.28,47.11,38249,14924,46.965
US09260D1072,372834689,BX,USD,2019-10-16,47.0,47.67,46.05,46.81,28220,14458,46.735
US09260D1072,372834689,BX,USD,2019-10-17,46.9,47.95,46.66,47.85,39722,14977,47.675
US09260D1072,372834689,BX,USD,2019-10-18,47.8,48.54,47.53,48.43,35840,19329,48.245
US09260D1072,372834689,BX,USD,2019-10-21,48.25,49.57,48.25,49.09,38015,20698,49.225
US09260D1072,372834689,BX,USD,2019-10-22,49.79,49.85,48.5,48.5,29719,15978,49.29
US09260D1072,372834689,BX,USD,2019-10-23,49.1,51.92,48.61,51.58,70134,36128,51.171
US09260D1072,372834689,BX,USD,2019-10-24,51.55,52.27,51.46,51.85,40271,20506,51.975
US09260D1072,372834689,BX,USD,2019-10-25,52.05,53.0,51.55,52.9,36914,19470,52.629
US09260D1072,372834689,BX,USD,2019-10-28,53.0,53.41,52.43,52.79,30703,16597,52.792
US09260D1072,372834689,BX,USD,2019-10-29,52.6,53.21,52.39,52.77,20856,11540,52.883
US09260D1072,372834689,BX,USD,2019-10-30,53.0,53.2,52.55,52.98,31937,10661,52.832
US09260D1072,372834689,BX,USD,2019-10-31,52.86,53.23,52.4,53.02,20736,10344,52.878
US09260D1072,372834689,BX,USD,2019-11-01,53.0,53.85,52.51,53.66,29280,12847,53.521
US09260D1072,372834689,BX,USD,2019-11-04,53.81,54.11,52.81,53.16,30065,14033,53.266
US09260D1072,372834689,BX,USD,2019-11-05,53.46,53.46,52.5,52.79,21932,11626,52.928
US09260D1072,372834689,BX,USD,2019-11-06,52.7,52.7,51.31,52.1,55830,24100,51.794
US09260D1072,372834689,BX,USD,2019-11-07,52.5,52.94,51.38,51.45,65530,28944,51.874
US09260D1072,372834689,BX,USD,2019-11-08,51.32,51.91,51.2,51.53,46131,23497,51.635
US09260D1072,372834689,BX,USD,2019-11-11,51.53,52.04,51.35,51.91,27628,14091,51.844
US09260D1072,372834689,BX,USD,2019-11-12,52.03,52.2,51.31,51.92,31516,15399,51.892
US09260D1072,372834689,BX,USD,2019-11-13,51.96,52.86,51.59,52.42,39827,19107,52.453
US09260D1072,372834689,BX,USD,2019-11-14,52.64,52.9,52.19,52.72,21957,11685,52.599
US09260D1072,372834689,BX,USD,2019-11-15,52.75,53.15,52.41,52.52,21131,12042,52.718
US09260D1072,372834689,BX,USD,2019-11-18,52.5,53.1,52.22,52.37,30955,14624,52.598
US09260D1072,372834689,BX,USD,2019-11-19,52.7,52.7,51.64,51.72,34787,17685,52.001
US09260D1072,372834689,BX,USD,2019-11-20,51.8,52.14,51.43,51.62,35241,16787,51.751
US09260D1072,372834689,BX,USD,2019-11-21,52.45,52.45,51.52,52.0,27357,14862,51.82
US09260D1072,372834689,BX,USD,2019-11-22,52.0,52.08,50.96,51.26,35326,16352,51.384
US09260D1072,372834689,BX,USD,2019-11-25,51.27,52.7,51.0,52.7,41279,19690,52.133
US09260D1072,372834689,BX,USD,2019-11-26,52.78,53.47,52.5,53.36,278512,42028,53.281
US09260D1072,372834689,BX,USD,2019-11-27,53.4,54.36,53.05,54.14,46000,23638,53.921
US09260D1072,372834689,BX,USD,2019-11-29,54.39,54.59,53.61,54.22,16665,7497,54.307
US09260D1072,372834689,BX,USD,2019-12-02,54.37,54.75,52.32,52.6,50948,19708,53.045
US09260D1072,372834689,BX,USD,2019-12-03,52.9,53.11,51.78,53.0,36632,16201,52.565
US09260D1072,372834689,BX,USD,2019-12-04,53.36,53.49,52.92,53.1,23836,11235,53.19
US09260D1072,372834689,BX,USD,2019-12-05,53.5,53.93,53.0,53.69,24298,14073,53.6
US09260D1072,372834689,BX,USD,2019-12-06,53.75,54.48,53.75,53.85,24971,13217,54.121
US09260D1072,372834689,BX,USD,2019-12-09,53.86,54.77,53.86,54.03,33508,13887,54.307
US09260D1072,372834689,BX,USD,2019-12-10,54.0,54.77,53.9,54.41,30630,12486,54.421
US09260D1072,372834689,BX,USD,2019-12-11,54.5,55.0,54.32,54.9,20969,10916,54.74
US09260D1072,372834689,BX,USD,2019-12-12,54.8,55.21,54.02,54.14,30328,15659,54.44
US09260D1072,372834689,BX,USD,2019-12-13,55.0,55.0,53.52,53.63,23418,11574,53.777
US09260D1072,372834689,BX,USD,2019-12-16,54.0,54.84,53.82,54.6,32020,14811,54.469
US09260D1072,372834689,BX,USD,2019-12-17,54.75,54.87,54.07,54.7,32085,13874,54.541
US09260D1072,372834689,BX,USD,2019-12-18,54.9,54.9,54.17,54.32,21036,10215,54.544
US09260D1072,372834689,BX,USD,2019-12-19,54.65,55.84,54.51,55.84,35391,16787,55.484
US09260D1072,372834689,BX,USD,2019-12-20,56.0,56.0,55.08,55.71,35192,14375,55.639
US09260D1072,372834689,BX,USD,2019-12-23,55.71,56.17,55.25,55.3,21120,9611,55.518
US09260D1072,372834689,BX,USD,2019-12-24,56.19,56.19,55.08,55.75,11164,5672,55.418
US09260D1072,372834689,BX,USD,2019-12-26,55.45,56.42,55.25,56.22,19218,9151,56.145
US09260D1072,372834689,BX,USD,2019-12-27,56.3,56.69,56.01,56.01,15190,7411,56.298
US09260D1072,372834689,BX,USD,2019-12-30,56.12,56.2,55.47,56.1,16907,7897,55.826
US09260D1072,372834689,BX,USD,2019-12-31,56.0,56.3,55.63,56.13,14031,6162,55.901
US09260D1072,372834689,BX,USD,2020-01-02,56.38,56.46,55.56,55.8,30704,11726,55.804
US09260D1072,372834689,BX,USD,2020-01-03,54.99,56.06,54.85,56.0,21232,11686,55.678
US09260D1072,372834689,BX,USD,2020-01-06,55.49,55.99,55.04,55.8,22663,10544,55.573
US09260D1072,372834689,BX,USD,2020-01-07,55.8,56.31,54.15,54.2,24010,11447,56.014
US09260D1072,372834689,BX,USD,2020-01-08,55.75,57.0,55.52,56.75,26056,10593,56.579
US09260D1072,372834689,BX,USD,2020-01-09,57.25,58.4,56.89,58.0,39607,17579,57.9
US09260D1072,372834689,BX,USD,2020-01-10,58.0,58.19,57.49,57.67,45973,17720,57.785
US09260D1072,372834689,BX,USD,2020-01-13,58.0,58.69,57.38,58.25,28583,14347,58.218
US09260D1072,372834689,BX,USD,2020-01-14,58.4,58.84,58.01,58.1,22705,10622,58.345
US09260D1072,372834689,BX,USD,2020-01-15,58.41,58.69,57.57,58.23,31965,13202,58.233
US09260D1072,372834689,BX,USD,2020-01-16,58.6,60.5,58.6,60.2,53691,22784,59.662
US09260D1072,372834689,BX,USD,2020-01-17,60.25,61.39,60.25,60.75,37775,17917,60.762
US09260D1072,372834689,BX,USD,2020-01-21,60.69,61.77,60.16,61.15,43485,22459,61.143
US09260D1072,372834689,BX,USD,2020-01-22,61.89,63.19,61.33,62.88,41668,22115,62.677
US09260D1072,372834689,BX,USD,2020-01-23,62.87,63.89,62.6,63.85,43397,22210,63.289
US09260D1072,372834689,BX,USD,2020-01-24,63.73,64.24,61.67,62.2,67509,31971,62.634
US09260D1072,372834689,BX,USD,2020-01-27,61.56,61.75,59.37,61.25,32494,15121,60.845
US09260D1072,372834689,BX,USD,2020-01-28,61.32,62.4,61.15,61.62,33246,15742,61.882
US09260D1072,372834689,BX,USD,2020-01-29,62.4,63.14,61.95,62.3,36268,17960,62.69
US09260D1072,372834689,BX,USD,2020-01-30,62.01,63.8,60.0,61.08,79344,36171,61.228
US09260D1072,372834689,BX,USD,2020-01-31,61.0,61.67,59.61,60.95,52756,27467,60.369
US09260D1072,372834689,BX,USD,2020-02-03,61.26,61.89,60.4,60.42,27972,16269,61.013
US09260D1072,372834689,BX,USD,2020-02-04,61.13,63.7,60.5,63.27,36926,18202,63.03
US09260D1072,372834689,BX,USD,2020-02-05,63.9,64.39,63.02,63.73,27592,11748,63.605
US09260D1072,372834689,BX,USD,2020-02-06,63.9,64.28,62.93,64.22,25020,13119,63.893
US09260D1072,372834689,BX,USD,2020-02-07,63.57,63.86,61.93,62.76,37141,15081,62.844
US09260D1072,372834689,BX,USD,2020-02-10,62.8,64.19,62.49,64.19,30250,13454,63.659
US09260D1072,372834689,BX,USD,2020-02-11,64.2,64.97,64.05,64.6,27095,13935,64.476
US09260D1072,372834689,BX,USD,2020-02-12,64.75,64.96,62.8,62.8,39240,22479,63.322
US09260D1072,372834689,BX,USD,2020-02-13,62.6,63.93,62.5,62.86,33954,20086,63.096
US09260D1072,372834689,BX,USD,2020-02-14,63.5,64.0,62.5,62.75,25275,13865,62.872
US09260D1072,372834689,BX,USD,2020-02-18,62.7,63.47,61.92,61.97,41619,19650,62.469
US09260D1072,372834689,BX,USD,2020-02-19,62.25,63.43,61.97,62.85,30613,15179,62.892
US09260D1072,372834689,BX,USD,2020-02-20,62.5,63.19,61.14,62.3,29536,14744,62.351
US09260D1072,372834689,BX,USD,2020-02-21,62.03,62.18,60.98,61.25,34983,17621,61.345
US09260D1072,372834689,BX,USD,2020-02-24,59.96,60.2,55.7,58.85,64851,32481,58.48
US09260D1072,372834689,BX,USD,2020-02-25,59.0,59.24,56.0,56.53,53243,26130,57.14
US09260D1072,372834689,BX,USD,2020-02-26,55.5,57.68,55.32,55.55,50925,23133,56.634
US09260D1072,372834689,BX,USD,2020-02-27,55.55,55.66,52.22,52.67,90827,39997,53.973
US09260D1072,372834689,BX,USD,2020-02-28,52.0,54.89,48.49,54.02,115340,53264,51.889
US09260D1072,372834689,BX,USD,2020-03-02,54.29,56.74,53.1,56.48,67548,34307,55.664
US09260D1072,372834689,BX,USD,2020-03-03,56.9,58.04,54.66,56.05,56522,28696,56.244
US09260D1072,372834689,BX,USD,2020-03-04,57.27,58.35,56.1,57.41,42019,21766,57.443
US09260D1072,372834689,BX,USD,2020-03-05,57.0,58.6,56.02,57.9,39718,20049,57.497
US09260D1072,372834689,BX,USD,2020-03-06,56.37,56.37,52.68,53.98,88880,47378,53.835
US09260D1072,372834689,BX,USD,2020-03-09,51.19,51.19,46.0,48.15,108560,52331,48.353
US09260D1072,372834689,BX,USD,2020-03-10,49.21,51.99,47.7,50.64,68957,31273,49.496
US09260D1072,372834689,BX,USD,2020-03-11,47.63,49.98,46.15,47.4,64245,35735,47.959
US09260D1072,372834689,BX,USD,2020-03-12,45.0,45.0,37.46,39.25,161782,68877,41.205
US09260D1072,372834689,BX,USD,2020-03-13,42.42,47.15,40.31,46.5,109200,44325,43.143
US09260D1072,372834689,BX,USD,2020-03-16,41.2,42.56,37.04,41.98,130910,55026,40.521
US09260D1072,372834689,BX,USD,2020-03-17,43.0,43.0,35.56,39.0,164454,79809,38.532
US09260D1072,372834689,BX,USD,2020-03-18,39.26,42.0,33.0,41.5,155914,70030,35.969
US09260D1072,372834689,BX,USD,2020-03-19,40.06,42.0,36.12,40.0,95796,47036,39.884
US09260D1072,372834689,BX,USD,2020-03-20,44.18,44.2,36.1,37.4,100803,45464,38.041
US09260D1072,372834689,BX,USD,2020-03-23,36.3,38.75,33.25,37.25,112831,50664,35.248
US09260D1072,372834689,BX,USD,2020-03-24,38.0,41.84,38.0,40.25,93076,41946,40.27
US09260D1072,372834689,BX,USD,2020-03-25,40.0,46.7,39.5,43.0,109011,53727,43.177
US09260D1072,372834689,BX,USD,2020-03-26,44.0,49.35,41.52,48.25,109468,54330,47.787
US09260D1072,372834689,BX,USD,2020-03-27,48.0,48.0,44.32,45.77,64337,33212,46.322
US09260D1072,372834689,BX,USD,2020-03-30,46.0,47.75,44.26,47.28,45063,22161,46.455
US09260D1072,372834689,BX,USD,2020-03-31,47.5,47.5,43.95,43.95,62381,28413,45.473
US09260D1072,372834689,BX,USD,2020-04-01,41.25,43.3,40.45,41.5,86390,43253,41.589
US09260D1072,372834689,BX,USD,2020-04-02,41.0,42.65,39.25,41.19,68421,30169,41.345
US09260D1072,372834689,BX,USD,2020-04-03,40.68,42.19,40.68,41.26,64062,32743,41.712
US09260D1072,372834689,BX,USD,2020-04-06,42.99,46.89,42.99,46.45,80118,42022,45.405
US09260D1072,372834689,BX,USD,2020-04-07,47.73,52.69,45.0,45.4,77766,40763,48.34
US09260D1072,372834689,BX,USD,2020-04-08,46.0,48.64,45.63,47.2,48705,26140,47.038
US09260D1072,372834689,BX,USD,2020-04-09,47.0,51.59,46.22,49.8,85210,37636,49.698
US09260D1072,372834689,BX,USD,2020-04-13,48.94,50.17,45.39,47.61,59417,27906,46.951
US09260D1072,372834689,BX,USD,2020-04-14,48.85,50.3,47.8,47.8,65269,30560,49.189
US09260D1072,372834689,BX,USD,2020-04-15,46.7,47.26,45.14,45.35,76225,29794,45.671
US09260D1072,372834689,BX,USD,2020-04-16,46.0,49.86,45.51,49.86,48626,21912,47.213
US09260D1072,372834689,BX,USD,2020-04-17,49.61,50.36,47.73,49.95,73694,36462,49.432
US09260D1072,372834689,BX,USD,2020-04-20,49.0,49.49,47.4,48.1,45889,21656,48.059
US09260D1072,372834689,BX,USD,2020-04-21,47.3,47.3,45.05,45.51,57572,28391,45.702
US09260D1072,372834689,BX,USD,2020-04-22,45.82,47.25,45.82,46.37,29122,12736,46.7
US09260D1072,372834689,BX,USD,2020-04-23,46.55,49.77,45.77,47.9,61108,24687,48.609
US09260D1072,372834689,BX,USD,2020-04-24,48.43,49.46,47.75,48.59,41931,19332,48.368
US09260D1072,372834689,BX,USD,2020-04-27,48.8,51.82,48.77,51.78,51112,24146,50.664
US09260D1072,372834689,BX,USD,2020-04-28,51.85,53.52,50.91,51.59,38116,18194,51.913
US09260D1072,372834689,BX,USD,2020-04-29,51.75,55.11,51.75,54.58,58049,31738,54.265
US09260D1072,372834689,BX,USD,2020-04-30,54.26,54.26,51.11,51.14,41918,18952,52.448
US09260D1072,372834689,BX,USD,2020-05-01,50.81,50.84,49.66,50.32,34287,18881,50.232
US09260D1072,372834689,BX,USD,2020-05-04,49.01,49.79,48.47,49.45,37156,18950,49.063
US09260D1072,372834689,BX,USD,2020-05-05,49.61,51.65,49.61,50.66,30610,15554,51.059
US09260D1072,372834689,BX,USD,2020-05-06,51.0,51.54,50.34,50.85,65707,29243,50.985
US09260D1072,372834689,BX,USD,2020-05-07,50.5,53.31,50.0,53.0,42363,21302,52.843
US09260D1072,372834689,BX,USD,2020-05-08,53.5,53.85,52.56,53.0,33685,16299,52.902
US09260D1072,372834689,BX,USD,2020-05-11,52.0,53.33,52.0,52.7,47405,18458,52.989
US09260D1072,372834689,BX,USD,2020-05-12,53.43,54.03,51.7,51.91,45115,23090,53.384
US09260D1072,372834689,BX,USD,2020-05-13,52.48,52.8,49.2,50.12,51686,22534,50.487
US09260D1072,372834689,BX,USD,2020-05-14,49.71,50.7,47.8,50.4,47776,23067,49.314
US09260D1072,372834689,BX,USD,2020-05-15,50.16,51.41,49.5,50.8,29525,13357,50.728
US09260D1072,372834689,BX,USD,2020-05-18,51.43,53.97,51.43,53.55,39826,18697,53.373
US09260D1072,372834689,BX,USD,2020-05-19,53.5,55.19,52.57,53.4,32204,17143,53.914
US09260D1072,372834689,BX,USD,2020-05-20,53.36,54.5,53.36,54.26,31482,15207,54.146
US09260D1072,372834689,BX,USD,2020-05-21,53.57,54.27,52.9,53.79,29527,13708,53.665
US09260D1072,372834689,BX,USD,2020-05-22,52.78,54.01,52.78,53.92,27024,14001,53.726
US09260D1072,372834689,BX,USD,2020-05-26,55.2,56.75,54.91,56.2,42735,21342,55.878
US09260D1072,372834689,BX,USD,2020-05-27,57.0,58.24,55.76,56.3,43299,21553,56.562
US09260D1072,372834689,BX,USD,2020-05-28,56.5,57.99,56.21,56.67,33114,16918,57.184
US09260D1072,372834689,BX,USD,2020-05-29,56.27,57.44,55.76,56.33,20687,13284,56.758
US09260D1072,372834689,BX,USD,2020-06-01,57.05,57.5,56.11,56.75,18361,10417,56.949
US09260D1072,372834689,BX,USD,2020-06-02,57.6,58.34,57.07,57.79,22030,11961,57.94
US09260D1072,372834689,BX,USD,2020-06-03,58.25,59.5,58.11,59.22,34614,18424,58.936
US09260D1072,372834689,BX,USD,2020-06-04,59.1,59.15,57.73,58.49,30816,16895,58.305
US09260D1072,372834689,BX,USD,2020-06-05,59.02,60.62,58.5,59.2,34182,19576,59.497
US09260D1072,372834689,BX,USD,2020-06-08,59.01,59.9,58.51,59.41,30572,15770,59.072
US09260D1072,372834689,BX,USD,2020-06-09,59.16,59.16,57.56,58.55,23589,13232,58.577
US09260D1072,372834689,BX,USD,2020-06-10,58.0,59.25,57.8,58.3,21713,13930,58.489
US09260D1072,372834689,BX,USD,2020-06-11,57.08,57.25,54.8,55.35,38407,22061,55.479
US09260D1072,372834689,BX,USD,2020-06-12,56.1,57.22,54.66,55.69,23673,12934,55.777
US09260D1072,372834689,BX,USD,2020-06-15,54.0,57.06,53.4,56.8,23632,14682,55.772
US09260D1072,372834689,BX,USD,2020-06-16,57.76,58.76,56.61,57.5,25428,16278,57.858
US09260D1072,372834689,BX,USD,2020-06-17,58.0,58.74,56.97,57.0,19488,10887,57.458
US09260D1072,372834689,BX,USD,2020-06-18,57.0,58.2,56.22,57.65,23961,13764,57.648
US09260D1072,372834689,BX,USD,2020-06-19,58.73,59.0,56.64,58.31,48461,19823,58.095
US09260D1072,372834689,BX,USD,2020-06-22,58.63,58.63,56.17,57.25,36958,18628,56.998
US09260D1072,372834689,BX,USD,2020-06-23,57.25,58.04,56.85,57.07,24422,13566,57.475
US09260D1072,372834689,BX,USD,2020-06-24,56.65,57.12,54.4,55.2,32656,17918,55.308
US09260D1072,372834689,BX,USD,2020-06-25,54.27,57.31,54.27,57.15,24825,15270,56.72
US09260D1072,372834689,BX,USD,2020-06-26,57.95,57.96,54.05,54.06,29664,17042,54.909
US09260D1072,372834689,BX,USD,2020-06-29,54.05,56.0,54.02,56.0,23079,12307,55.413
US09260D1072,372834689,BX,USD,2020-06-30,56.33,56.8,55.01,56.51,15405,9751,56.288
US09260D1072,372834689,BX,USD,2020-07-01,55.79,57.56,55.27,56.12,14693,7835,56.365
US09260D1072,372834689,BX,USD,2020-07-02,56.56,57.28,55.24,55.24,21873,11879,55.845
US09260D1072,372834689,BX,USD,2020-07-06,56.23,56.56,55.0,55.32,26017,13949,55.542
US09260D1072,372834689,BX,USD,2020-07-07,55.0,55.13,53.45,53.79,30337,15514,54.118
US09260D1072,372834689,BX,USD,2020-07-08,53.98,54.66,53.5,54.5,22670,11107,54.127
US09260D1072,372834689,BX,USD,2020-07-09,53.62,54.89,52.31,53.19,29509,13846,53.222
US09260D1072,372834689,BX,USD,2020-07-10,52.89,53.84,52.75,53.65,17405,9420,53.425
US09260D1072,372834689,BX,USD,2020-07-13,54.0,54.55,53.23,53.55,25520,14827,53.934
US09260D1072,372834689,BX,USD,2020-07-14,54.08,54.99,53.08,54.73,23265,11343,54.205
US09260D1072,372834689,BX,USD,2020-07-15,55.0,56.22,54.86,55.81,18859,10622,55.676
US09260D1072,372834689,BX,USD,2020-07-16,55.65,55.65,55.05,55.3,17269,10111,55.363
US09260D1072,372834689,BX,USD,2020-07-17,56.0,56.46,55.07,56.0,15169,7386,55.778
US09260D1072,372834689,BX,USD,2020-07-20,55.97,56.36,55.6,56.14,20544,11261,56.034
US09260D1072,372834689,BX,USD,2020-07-21,56.56,57.95,56.14,57.51,26527,13209,57.461
US09260D1072,372834689,BX,USD,2020-07-22,57.58,58.0,56.78,58.0,22667,11122,57.773
US09260D1072,372834689,BX,USD,2020-07-23,58.5,59.69,56.02,56.89,36795,19325,57.359
US09260D1072,372834689,BX,USD,2020-07-24,56.0,56.44,55.02,55.4,35951,15797,55.779
US09260D1072,372834689,BX,USD,2020-07-27,56.0,56.0,54.82,55.25,20460,9162,55.214
US09260D1072,372834689,BX,USD,2020-07-28,54.83,55.15,54.09,54.25,16992,9386,54.395
US09260D1072,372834689,BX,USD,2020-07-29,54.15,55.5,54.15,55.15,17552,9287,55.004
US09260D1072,372834689,BX,USD,2020-07-30,55.15,55.15,53.88,54.9,19021,10322,54.45
US09260D1072,372834689,BX,USD,2020-07-31,54.39,54.48,52.62,52.96,27340,13050,53.257
US09260D1072,372834689,BX,USD,2020-08-03,52.96,53.83,52.42,53.0,19819,9783,53.157
US09260D1072,372834689,BX,USD,2020-08-04,53.0,53.0,51.81,52.35,40229,18728,52.277
US09260D1072,372834689,BX,USD,2020-08-05,52.35,53.86,52.05,52.94,43132,22640,52.588
US09260D1072,372834689,BX,USD,2020-08-06,53.09,53.59,52.5,53.0,21685,12246,53.12
US09260D1072,372834689,BX,USD,2020-08-07,52.91,53.15,52.3,52.3,20101,9551,52.641
US09260D1072,372834689,BX,USD,2020-08-10,52.99,52.99,51.77,52.33,36627,16839,52.178
US09260D1072,372834689,BX,USD,2020-08-11,52.99,53.74,52.4,52.69,35288,18259,53.09
US09260D1072,372834689,BX,USD,2020-08-12,53.0,53.71,52.3,52.86,16825,9315,53.128
US09260D1072,372834689,BX,USD,2020-08-13,52.61,53.36,52.55,53.01,15610,7833,53.102
US09260D1072,372834689,BX,USD,2020-08-14,53.2,53.34,52.55,52.55,14563,7601,52.98
US09260D1072,372834689,BX,USD,2020-08-17,52.63,53.64,52.63,53.38,15506,7362,53.347
US09260D1072,372834689,BX,USD,2020-08-18,53.38,53.99,52.66,53.45,20379,9933,53.711
US09260D1072,372834689,BX,USD,2020-08-19,53.55,54.55,53.54,53.9,19591,10341,54.153
US09260D1072,372834689,BX,USD,2020-08-20,53.9,53.93,52.44,52.55,22409,9831,52.823
US09260D1072,372834689,BX,USD,2020-08-21,52.7,53.35,52.56,52.7,20667,9754,53.023
US09260D1072,372834689,BX,USD,2020-08-24,53.05,54.03,52.76,53.3,20727,10029,53.352
US09260D1072,372834689,BX,USD,2020-08-25,53.72,53.72,52.66,52.85,20465,9046,52.956
US09260D1072,372834689,BX,USD,2020-08-26,52.61,54.19,52.61,53.59,25578,10989,53.445
US09260D1072,372834689,BX,USD,2020-08-27,53.48,54.28,53.41,53.54,23021,11732,53.832
US09260D1072,372834689,BX,USD,2020-08-28,53.51,53.8,52.81,53.0,26843,12285,53.087
US09260D1072,372834689,BX,USD,2020-08-31,53.26,53.45,52.61,52.61,22921,11060,53.121
US09260D1072,372834689,BX,USD,2020-09-01,53.5,53.74,52.85,53.52,22818,11829,53.433
US09260D1072,372834689,BX,USD,2020-09-02,53.75,54.82,53.18,54.44,18440,9394,54.095
US09260D1072,372834689,BX,USD,2020-09-03,54.19,54.85,52.49,53.03,30926,14317,53.43
US09260D1072,372834689,BX,USD,2020-09-04,53.84,54.75,52.37,53.25,21645,11123,53.215
US09260D1072,372834689,BX,USD,2020-09-08,52.75,52.76,50.85,50.9,28838,14598,51.407
US09260D1072,372834689,BX,USD,2020-09-09,51.3,51.99,51.19,51.99,26066,14778,51.633
US09260D1072,372834689,BX,USD,2020-09-10,51.8,52.48,51.34,51.5,18622,11406,51.915
US09260D1072,372834689,BX,USD,2020-09-11,51.45,52.06,50.66,51.86,29499,16985,51.317
US09260D1072,372834689,BX,USD,2020-09-14,51.86,52.92,51.74,52.67,19598,9905,52.504
US09260D1072,372834689,BX,USD,2020-09-15,53.01,53.87,52.38,53.21,29992,17323,53.264
US09260D1072,372834689,BX,USD,2020-09-16,53.2,54.26,53.07,53.5,16819,8482,53.82
US09260D1072,372834689,BX,USD,2020-09-17,52.76,53.53,51.57,52.2,34842,19413,52.105
US09260D1072,372834689,BX,USD,2020-09-18,52.33,53.31,52.12,52.7,41593,13395,52.637
US09260D1072,372834689,BX,USD,2020-09-21,51.52,53.39,51.13,51.73,24123,10979,51.6
US09260D1072,372834689,BX,USD,2020-09-22,51.8,52.36,50.64,51.25,22911,13243,51.189
US09260D1072,372834689,BX,USD,2020-09-23,51.4,52.36,50.6,50.6,17584,8129,51.419
US09260D1072,372834689,BX,USD,2020-09-24,50.7,50.85,49.26,50.0,35707,15788,50.027
US09260D1072,372834689,BX,USD,2020-09-25,49.87,51.47,49.75,51.05,22496,11970,50.846
US09260D1072,372834689,BX,USD,2020-09-28,51.54,52.85,51.5,52.7,19760,9290,52.569
US09260D1072,372834689,BX,USD,2020-09-29,52.7,53.22,52.01,52.71,21338,13475,52.845
US09260D1072,372834689,BX,USD,2020-09-30,52.71,53.35,52.0,52.0,27220,12050,52.596
US09260D1072,372834689,BX,USD,2020-10-01,52.76,53.66,52.43,53.51,20400,11583,53.221
US09260D1072,372834689,BX,USD,2020-10-02,52.18,54.49,52.0,53.42,15511,9465,53.847
US09260D1072,372834689,BX,USD,2020-10-05,54.25,54.61,53.58,53.58,20062,11152,54.211
US09260D1072,372834689,BX,USD,2020-10-06,54.62,55.22,53.8,54.15,20574,11444,54.573
US09260D1072,372834689,BX,USD,2020-10-07,54.58,55.09,53.98,54.46,21666,11053,54.385
US09260D1072,372834689,BX,USD,2020-10-08,54.45,55.43,54.45,55.23,15782,7799,55.111
US09260D1072,372834689,BX,USD,2020-10-09,55.5,55.63,54.61,54.75,13389,7309,54.938
US09260D1072,372834689,BX,USD,2020-10-12,54.96,55.0,54.06,54.97,21179,8572,54.74
US09260D1072,372834689,BX,USD,2020-10-13,55.0,55.61,54.88,55.5,19650,9269,55.3
US09260D1072,372834689,BX,USD,2020-10-14,55.45,55.82,54.96,55.3,18205,8638,55.225
US09260D1072,372834689,BX,USD,2020-10-15,54.7,55.88,54.01,55.87,19889,10818,55.233
US09260D1072,372834689,BX,USD,2020-10-16,55.4,56.33,55.4,55.81,17545,9729,55.859
US09260D1072,372834689,BX,USD,2020-10-19,55.79,56.27,54.86,54.9,13307,6524,55.37
US09260D1072,372834689,BX,USD,2020-10-20,55.5,55.55,54.6,54.89,26475,12649,54.936
US09260D1072,372834689,BX,USD,2020-10-21,54.82,55.0,54.31,54.44,19153,10385,54.636
US09260D1072,372834689,BX,USD,2020-10-22,54.44,55.14,54.26,54.77,13339,6289,54.731
US09260D1072,372834689,BX,USD,2020-10-23,55.0,55.05,54.05,54.64,19613,8324,54.389
US09260D1072,372834689,BX,USD,2020-10-26,54.49,54.49,52.65,53.05,27726,11510,53.13
US09260D1072,372834689,BX,USD,2020-10-27,52.9,53.6,51.8,52.3,30597,16018,52.15
US09260D1072,372834689,BX,USD,2020-10-28,51.87,53.5,49.4,50.25,29009,14004,50.256
US09260D1072,372834689,BX,USD,2020-10-29,50.57,51.69,50.08,50.69,21297,12099,51.056
US09260D1072,372834689,BX,USD,2020-10-30,50.97,50.97,49.41,50.49,26733,14192,50.045
US09260D1072,372834689,BX,USD,2020-11-02,50.98,51.87,50.4,51.33,20938,11310,51.458
US09260D1072,372834689,BX,USD,2020-11-03,52.0,52.46,51.69,52.0,23200,12761,52.149
US09260D1072,372834689,BX,USD,2020-11-04,52.01,55.75,51.98,55.2,55319,27827,55.243
US09260D1072,372834689,BX,USD,2020-11-05,55.79,59.2,55.5,57.47,47773,24365,57.477
US09260D1072,372834689,BX,USD,2020-11-06,56.86,57.44,55.19,55.69,19417,8938,55.697
US09260D1072,372834689,BX,USD,2020-11-09,57.0,58.25,55.32,56.04,49218,22279,56.66
US09260D1072,372834689,BX,USD,2020-11-10,56.5,57.39,55.34,57.18,23277,12018,56.659
US09260D1072,372834689,BX,USD,2020-11-11,57.4,57.4,55.17,55.36,32370,20882,55.671
US09260D1072,372834689,BX,USD,2020-11-12,55.01,55.73,54.75,54.76,19875,10947,55.166
US09260D1072,372834689,BX,USD,2020-11-13,55.26,56.2,55.26,56.16,25357,11968,55.762
US09260D1072,372834689,BX,USD,2020-11-16,56.94,57.5,56.2,57.0,26366,12341,56.97
US09260D1072,372834689,BX,USD,2020-11-17,57.05,57.69,56.37,57.57,22256,12646,57.368
US09260D1072,372834689,BX,USD,2020-11-18,57.94,58.49,56.77,56.77,31029,15003,57.97
US09260D1072,372834689,BX,USD,2020-11-19,57.75,58.93,56.97,58.05,19294,10143,58.489
US09260D1072,372834689,BX,USD,2020-11-20,58.99,59.15,58.18,58.7,12329,6459,58.75
US09260D1072,372834689,BX,USD,2020-11-23,58.77,59.48,58.58,59.19,19089,9332,58.957
US09260D1072,372834689,BX,USD,2020-11-24,59.11,60.1,59.11,59.83,24879,13017,59.704
US09260D1072,372834689,BX,USD,2020-11-25,59.68,60.7,59.68,60.7,19081,8212,60.241
US09260D1072,372834689,BX,USD,2020-11-27,60.98,60.99,60.0,60.53,6118,3286,60.47
US09260D1072,372834689,BX,USD,2020-11-30,60.4,60.65,59.11,59.75,21410,7522,59.614
US09260D1072,372834689,BX,USD,2020-12-01,60.0,60.87,59.88,60.54,27327,10983,60.466
US09260D1072,372834689,BX,USD,2020-12-02,60.39,61.62,59.81,61.62,21571,10748,61.085
US09260D1072,372834689,BX,USD,2020-12-03,61.65,61.95,61.05,61.56,15039,7870,61.538
US09260D1072,372834689,BX,USD,2020-12-04,61.49,62.15,61.49,62.15,12007,6330,61.91
US09260D1072,372834689,BX,USD,2020-12-07,62.1,62.28,61.47,61.5,13761,7182,61.995
US09260D1072,372834689,BX,USD,2020-12-08,61.72,62.57,61.53,62.57,16294,8100,62.171
US09260D1072,372834689,BX,USD,2020-12-09,63.12,63.12,61.29,62.6,20741,10576,61.993
US09260D1072,372834689,BX,USD,2020-12-10,62.0,63.0,61.22,62.95,15431,7135,62.514
US09260D1072,372834689,BX,USD,2020-12-11,61.04,64.0,61.04,63.7,19441,9941,63.519
US09260D1072,372834689,BX,USD,2020-12-14,64.04,64.97,62.52,63.11,25865,12162,63.123
US09260D1072,372834689,BX,USD,2020-12-15,63.4,65.4,63.4,64.96,34149,19383,64.803
US09260D1072,372834689,BX,USD,2020-12-16,65.39,65.7,64.71,65.46,19799,10110,65.034
US09260D1072,372834689,BX,USD,2020-12-17,65.49,65.95,64.85,65.22,20270,9851,65.289
US09260D1072,372834689,BX,USD,2020-12-18,65.35,65.39,63.87,64.91,36600,10750,64.535
US09260D1072,372834689,BX,USD,2020-12-21,64.0,64.74,62.7,63.57,20702,11589,64.066
US09260D1072,372834689,BX,USD,2020-12-22,64.48,65.17,62.81,64.85,12199,6321,64.724
US09260D1072,372834689,BX,USD,2020-12-23,64.8,65.73,64.58,65.18,12628,5919,65.354
US09260D1072,372834689,BX,USD,2020-12-24,65.0,65.25,64.64,64.99,5218,2407,64.911
US09260D1072,372834689,BX,USD,2020-12-28,65.0,65.44,64.55,64.67,9661,4885,64.854
US09260D1072,372834689,BX,USD,2020-12-29,65.0,65.18,64.16,64.17,11561,5126,64.691
US09260D1072,372834689,BX,USD,2020-12-30,65.1,65.26,64.5,64.75,12083,5385,64.828
US09260D1072,372834689,BX,USD,2020-12-31,64.59,65.09,64.15,64.8,15771,6717,64.819
US09260D1072,372834689,BX,USD,2021-01-04,65.0,65.1,62.21,63.03,25803,14054,63.051
US09260D1072,372834689,BX,USD,2021-01-05,62.5,63.3,62.04,62.41,22585,11147,62.629
US09260D1072,372834689,BX,USD,2021-01-06,61.7,62.77,61.27,61.98,40564,22064,61.845
US09260D1072,372834689,BX,USD,2021-01-07,61.76,63.52,61.76,63.23,19608,8799,62.998
US09260D1072,372834689,BX,USD,2021-01-08,63.25,64.02,62.01,62.92,19244,9838,62.813
US09260D1072,372834689,BX,USD,2021-01-11,62.89,63.14,62.01,62.55,13806,6912,62.844
US09260D1072,372834689,BX,USD,2021-01-12,63.0,63.4,62.01,62.88,16048,7340,62.677
US09260D1072,372834689,BX,USD,2021-01-13,62.72,64.44,62.57,64.4,18452,9986,63.863
US09260D1072,372834689,BX,USD,2021-01-14,64.51,64.59,63.19,63.4,19110,8534,63.719
US09260D1072,372834689,BX,USD,2021-01-15,63.38,63.4,62.72,63.01,16245,8759,63.146
US09260D1072,372834689,BX,USD,2021-01-19,63.61,64.48,63.4,64.35,13478,6342,64.18
US09260D1072,372834689,BX,USD,2021-01-20,64.78,65.74,64.35,65.72,18903,10799,65.035
US09260D1072,372834689,BX,USD,2021-01-21,65.22,65.98,65.22,65.69,16682,9919,65.637
US09260D1072,372834689,BX,USD,2021-01-22,65.47,65.99,64.77,65.3,19462,9984,65.134
US09260D1072,372834689,BX,USD,2021-01-25,65.05,66.09,64.72,65.0,29103,15423,65.31
US09260D1072,372834689,BX,USD,2021-01-26,65.58,66.45,64.75,66.2,37288,16090,65.55
US09260D1072,372834689,BX,USD,2021-01-27,66.45,67.8,64.05,65.0,53148,32060,65.622
US09260D1072,372834689,BX,USD,2021-01-28,65.0,68.67,64.99,67.2,30321,17994,67.539
US09260D1072,372834689,BX,USD,2021-01-29,66.85,68.33,66.3,67.01,28453,14966,67.179
US09260D1072,372834689,BX,USD,2021-02-01,67.25,70.09,67.19,69.5,24962,14158,69.387
US09260D1072,372834689,BX,USD,2021-02-02,71.22,71.74,69.7,71.72,22925,13371,70.907
US09260D1072,372834689,BX,USD,2021-02-03,71.8,71.8,69.72,70.2,20296,11407,70.37
US09260D1072,372834689,BX,USD,2021-02-04,70.08,71.05,69.98,71.01,19615,9343,70.636
US09260D1072,372834689,BX,USD,2021-02-05,70.5,70.98,69.24,70.9,22697,11874,70.386
US09260D1072,372834689,BX,USD,2021-02-08,70.99,71.16,69.82,70.58,27993,11620,70.272
US09260D1072,372834689,BX,USD,2021-02-09,69.56,71.69,69.56,70.75,35410,13881,71.182
US09260D1072,372834689,BX,USD,2021-02-10,71.0,71.89,70.57,70.85,15250,7762,71.004
US09260D1072,372834689,BX,USD,2021-02-11,71.5,72.1,69.52,70.75,20550,10736,70.581
US09260D1072,372834689,BX,USD,2021-02-12,70.5,71.0,70.18,70.53,14504,8275,70.452
US09260D1072,372834689,BX,USD,2021-02-16,70.39,71.12,70.0,70.02,27772,12744,70.468
US09260D1072,372834689,BX,USD,2021-02-17,70.92,70.92,69.55,69.74,15006,7779,69.968
US09260D1072,372834689,BX,USD,2021-02-18,69.61,69.98,68.8,69.4,14651,6675,69.607
US09260D1072,372834689,BX,USD,2021-02-19,70.0,70.25,69.52,69.85,15911,7160,69.915
US09260D1072,372834689,BX,USD,2021-02-22,69.6,70.21,69.02,69.5,18327,8477,69.373
US09260D1072,372834689,BX,USD,2021-02-23,69.0,69.49,68.08,69.1,19519,10264,68.895
US09260D1072,372834689,BX,USD,2021-02-24,69.3,70.99,68.78,69.52,17049,9626,69.576
US09260D1072,372834689,BX,USD,2021-02-25,69.99,70.11,68.17,68.18,16043,11380,69.006
US09260D1072,372834689,BX,USD,2021-02-26,68.4,69.98,67.97,69.23,28021,13206,69.252
US09260D1072,372834689,BX,USD,2021-03-01,69.76,70.99,69.55,70.8,22296,11739,70.32
US09260D1072,372834689,BX,USD,2021-03-02,70.43,70.96,68.59,69.64,18992,9874,70.415
US09260D1072,372834689,BX,USD,2021-03-03,69.96,70.51,69.13,69.59,16611,9741,69.616
US09260D1072,372834689,BX,USD,2021-03-04,69.59,70.16,66.5,66.5,36273,22149,67.685
US09260D1072,372834689,BX,USD,2021-03-05,67.0,67.5,63.71,66.2,52720,30569,65.282
US09260D1072,372834689,BX,USD,2021-03-08,66.0,69.32,65.76,67.63,39095,21785,67.887
US09260D1072,372834689,BX,USD,2021-03-09,68.3,70.98,67.79,69.38,33372,17260,69.835
US09260D1072,372834689,BX,USD,2021-03-10,69.6,71.07,69.6,70.9,26742,15725,70.583
US09260D1072,372834689,BX,USD,2021-03-11,71.2,74.49,70.88,74.35,39483,23054,73.464
US09260D1072,372834689,BX,USD,2021-03-12,73.96,75.27,73.05,75.0,28502,16248,74.211
US09260D1072,372834689,BX,USD,2021-03-15,74.86,75.99,72.92,75.0,32008,19382,74.184
US09260D1072,372834689,BX,USD,2021-03-16,75.09,76.25,74.03,74.7,38291,18049,74.915
US09260D1072,372834689,BX,USD,2021-03-17,74.96,76.1,73.91,75.94,23843,12369,75.314
US09260D1072,372834689,BX,USD,2021-03-18,76.5,76.99,72.29,72.95,20787,11517,73.912
US09260D1072,372834689,BX,USD,2021-03-19,72.5,72.85,71.34,72.45,22093,9251,72.33
US09260D1072,372834689,BX,USD,2021-03-22,72.4,74.11,72.27,73.6,22641,12254,73.458
US09260D1072,372834689,BX,USD,2021-03-23,74.24,74.24,72.77,73.3,11953,6396,73.432
US09260D1072,372834689,BX,USD,2021-03-24,74.1,74.14,72.12,72.15,18513,10402,72.703
US09260D1072,372834689,BX,USD,2021-03-25,72.0,73.99,71.41,73.4,16872,10146,72.279
US09260D1072,372834689,BX,USD,2021-03-26,74.16,74.45,72.44,74.45,19542,11586,73.524
US09260D1072,372834689,BX,USD,2021-03-29,74.31,75.09,73.31,74.01,16771,11019,74.477
US09260D1072,372834689,BX,USD,2021-03-30,73.52,74.49,73.51,74.38,13374,8233,74.155
US09260D1072,372834689,BX,USD,2021-03-31,74.44,75.22,74.3,74.53,21445,8932,74.832
US09260D1072,372834689,BX,USD,2021-04-01,75.0,75.55,74.64,75.0,13071,8663,75.069
US09260D1072,372834689,BX,USD,2021-04-05,75.35,76.0,74.85,75.0,12745,6689,75.234
US09260D1072,372834689,BX,USD,2021-04-06,74.8,74.95,74.36,74.63,15257,8607,74.624
US09260D1072,372834689,BX,USD,2021-04-07,74.71,75.89,74.29,75.4,18189,10349,74.951
US09260D1072,372834689,BX,USD,2021-04-08,75.51,77.0,75.36,76.75,20373,11117,76.44
US09260D1072,372834689,BX,USD,2021-04-09,76.98,76.98,76.08,76.85,13225,7706,76.629
US09260D1072,372834689,BX,USD,2021-04-12,76.95,77.5,75.76,77.5,14850,8402,76.843
US09260D1072,372834689,BX,USD,2021-04-13,77.8,78.87,76.91,78.55,16702,9797,78.012
US09260D1072,372834689,BX,USD,2021-04-14,78.99,79.63,77.98,78.06,22541,12848,78.565
US09260D1072,372834689,BX,USD,2021-04-15,78.51,80.21,78.36,79.5,36712,19847,79.64
US09260D1072,372834689,BX,USD,2021-04-16,80.0,80.13,78.79,78.8,23604,12385,79.234
US09260D1072,372834689,BX,USD,2021-04-19,79.6,79.66,78.0,78.86,19562,11346,79.36
US09260D1072,372834689,BX,USD,2021-04-20,79.3,80.0,78.8,79.52,22058,11572,79.425
US09260D1072,372834689,BX,USD,2021-04-21,79.63,80.8,79.5,80.8,36112,22001,80.114
US09260D1072,372834689,BX,USD,2021-04-22,81.36,84.47,81.15,83.2,51402,27553,83.08
US09260D1072,372834689,BX,USD,2021-04-23,83.4,87.42,83.0,87.1,46540,25972,86.659
US09260D1072,372834689,BX,USD,2021-04-26,87.73,87.89,86.52,87.09,43828,22539,87.069
US09260D1072,372834689,BX,USD,2021-04-27,88.0,88.98,87.0,88.53,26681,13255,88.226
US09260D1072,372834689,BX,USD,2021-04-28,88.54,89.91,88.12,89.91,43831,20170,88.927
US09260D1072,372834689,BX,USD,2021-04-29,90.0,90.42,88.47,89.5,24147,12511,89.52
US09260D1072,372834689,BX,USD,2021-04-30,88.88,89.18,87.71,88.49,36179,18614,88.515
US09260D1072,372834689,BX,USD,2021-05-03,88.99,88.99,88.26,88.4,17953,10651,88.578
US09260D1072,372834689,BX,USD,2021-05-04,88.8,88.86,87.54,88.35,21801,13875,88.114
US09260D1072,372834689,BX,USD,2021-05-05,88.8,88.88,87.87,88.1,26957,17272,88.291
US09260D1072,372834689,BX,USD,2021-05-06,87.96,88.76,87.19,88.53,19305,11300,88.0
US09260D1072,372834689,BX,USD,2021-05-07,88.5,90.58,88.15,90.03,34305,18899,90.062
US09260D1072,372834689,BX,USD,2021-05-10,90.41,91.52,88.0,88.07,25582,13618,89.896
US09260D1072,372834689,BX,USD,2021-05-11,88.0,88.34,86.27,87.85,27689,15845,87.462
US09260D1072,372834689,BX,USD,2021-05-12,87.5,88.18,83.75,84.25,43747,27591,85.117
US09260D1072,372834689,BX,USD,2021-05-13,83.25,86.04,83.2,85.11,23571,15235,85.296
US09260D1072,372834689,BX,USD,2021-05-14,86.31,87.99,85.65,87.69,21812,13242,87.31
US09260D1072,372834689,BX,USD,2021-05-17,87.38,87.81,86.97,86.97,20931,12268,87.561
US09260D1072,372834689,BX,USD,2021-05-18,87.03,89.69,87.03,89.0,23494,14086,88.747
US09260D1072,372834689,BX,USD,2021-05-19,87.39,87.63,85.73,87.4,21782,13309,87.073
US09260D1072,372834689,BX,USD,2021-05-20,87.16,89.74,86.99,89.15,34214,14126,88.876
US09260D1072,372834689,BX,USD,2021-05-21,89.5,91.68,89.33,90.76,28705,17278,90.958
US09260D1072,372834689,BX,USD,2021-05-24,91.25,92.05,90.77,91.7,21548,12190,91.23
US09260D1072,372834689,BX,USD,2021-05-25,91.22,92.44,90.16,91.28,32238,15773,91.58
US09260D1072,372834689,BX,USD,2021-05-26,91.2,92.36,91.05,91.99,24053,11738,92.008
US09260D1072,372834689,BX,USD,2021-05-27,92.12,92.72,91.11,92.15,33252,8918,91.994
US09260D1072,372834689,BX,USD,2021-05-28,92.75,93.0,91.88,93.0,16437,9085,92.576
US09260D1072,372834689,BX,USD,2021-06-01,92.77,94.75,92.1,92.5,21601,11531,92.726
US09260D1072,372834689,BX,USD,2021-06-02,92.42,92.88,91.73,92.23,18607,9807,92.12
US09260D1072,372834689,BX,USD,2021-06-03,91.34,92.65,91.33,92.55,24077,11156,92.3
US09260D1072,372834689,BX,USD,2021-06-04,94.0,94.0,92.41,93.43,18558,9351,92.866
US09260D1072,372834689,BX,USD,2021-06-07,93.6,95.07,93.6,94.67,30494,18393,94.391
US09260D1072,372834689,BX,USD,2021-06-08,94.75,95.33,94.04,94.8,20847,12856,94.64
US09260D1072,372834689,BX,USD,2021-06-09,94.8,95.17,94.11,94.11,19257,12613,94.529
US09260D1072,372834689,BX,USD,2021-06-10,94.8,95.18,93.47,93.62,27679,16984,93.926
US09260D1072,372834689,BX,USD,2021-06-11,94.89,96.0,93.77,95.5,28340,13676,94.89
US09260D1072,372834689,BX,USD,2021-06-14,96.0,96.49,95.35,95.7,26327,15833,95.927
US09260D1072,372834689,BX,USD,2021-06-15,95.61,97.71,95.56,97.55,28862,18433,96.876
US09260D1072,372834689,BX,USD,2021-06-16,97.73,99.39,97.01,98.99,36929,22180,98.504
US09260D1072,372834689,BX,USD,2021-06-17,98.48,99.64,96.29,97.13,44664,26234,97.61
US09260D1072,372834689,BX,USD,2021-06-18,97.2,97.66,95.57,96.38,51873,21121,96.535
US09260D1072,372834689,BX,USD,2021-06-21,97.29,98.51,96.38,98.4,38877,22843,97.875
US09260D1072,372834689,BX,USD,2021-06-22,99.5,99.5,97.91,98.65,33449,18509,98.58
US09260D1072,372834689,BX,USD,2021-06-23,99.75,100.01,98.43,99.7,33712,16520,99.501
US09260D1072,372834689,BX,USD,2021-06-24,100.4,100.75,99.31,99.77,43336,25315,100.08
US09260D1072,372834689,BX,USD,2021-06-25,101.0,101.96,97.12,98.35,313536,42074,98.568
US09260D1072,372834689,BX,USD,2021-06-28,99.0,100.19,98.17,99.25,18782,11071,99.333
US09260D1072,372834689,BX,USD,2021-06-29,99.35,99.95,98.28,99.3,20618,12911,98.778
US09260D1072,372834689,BX,USD,2021-06-30,99.0,99.3,96.77,97.14,33453,15839,97.352
US09260D1072,372834689,BX,USD,2021-07-01,97.15,99.25,96.5,96.5,26341,14986,97.192
US09260D1072,372834689,BX,USD,2021-07-02,98.0,98.0,96.99,97.65,16664,9296,97.612
US09260D1072,372834689,BX,USD,2021-07-06,97.95,98.29,96.54,97.52,26095,14278,97.159
US09260D1072,372834689,BX,USD,2021-07-07,97.53,99.1,97.21,99.08,20566,12449,98.624
US09260D1072,372834689,BX,USD,2021-07-08,97.59,99.58,96.55,98.26,24765,14313,98.218
US09260D1072,372834689,BX,USD,2021-07-09,98.5,99.95,98.17,99.8,16744,7140,99.289
US09260D1072,372834689,BX,USD,2021-07-12,99.25,102.2,99.25,102.2,27698,14548,101.428
US09260D1072,372834689,BX,USD,2021-07-13,102.22,102.25,99.5,99.6,17492,9063,100.321
US09260D1072,372834689,BX,USD,2021-07-14,100.0,102.99,98.51,102.25,16336,7826,99.249
US09260D1072,372834689,BX,USD,2021-07-15,102.49,102.89,100.2,102.18,29932,15488,101.958
US09260D1072,372834689,BX,USD,2021-07-16,101.73,103.24,101.71,102.22,26065,12656,102.429
US09260D1072,372834689,BX,USD,2021-07-19,101.0,101.01,99.29,100.11,24461,11525,99.819
US09260D1072,372834689,BX,USD,2021-07-20,100.0,104.46,99.75,104.1,29376,12933,103.502
US09260D1072,372834689,BX,USD,2021-07-21,104.5,106.79,103.86,106.79,21381,11553,105.585
US09260D1072,372834689,BX,USD,2021-07-22,107.5,111.02,106.8,110.65,46202,25587,110.028
US09260D1072,372834689,BX,USD,2021-07-23,111.11,113.14,110.37,111.35,32527,15512,111.581
US09260D1072,372834689,BX,USD,2021-07-26,111.12,113.52,110.33,113.3,26601,14718,112.767
US09260D1072,372834689,BX,USD,2021-07-27,113.31,114.48,112.31,114.07,27954,16119,113.768
US09260D1072,372834689,BX,USD,2021-07-28,114.5,115.0,112.36,114.36,25535,13785,113.84
US09260D1072,372834689,BX,USD,2021-07-29,114.88,117.15,114.5,116.4,22744,11149,116.464
US09260D1072,372834689,BX,USD,2021-07-30,116.0,116.06,114.77,115.27,23711,11255,115.375
US09260D1072,372834689,BX,USD,2021-08-02,115.27,116.99,115.02,116.1,19060,11725,115.872
US09260D1072,372834689,BX,USD,2021-08-03,116.0,116.0,113.95,114.25,21452,11459,115.001
US09260D1072,372834689,BX,USD,2021-08-04,115.16,117.14,114.26,116.89,18333,9105,116.184
US09260D1072,372834689,BX,USD,2021-08-05,116.9,117.65,115.0,115.89,25285,15267,115.973
US09260D1072,372834689,BX,USD,2021-08-06,116.44,116.45,113.25,114.52,37817,21605,114.24
US09260D1072,372834689,BX,USD,2021-08-09,114.33,115.0,113.4,114.24,18126,11051,114.049
US09260D1072,372834689,BX,USD,2021-08-10,114.24,115.13,113.5,113.95,20962,12230,114.296
US09260D1072,372834689,BX,USD,2021-08-11,113.82,115.1,113.31,114.59,25077,13898,114.156
US09260D1072,372834689,BX,USD,2021-08-12,115.19,115.2,113.03,113.7,19556,10131,113.665
US09260D1072,372834689,BX,USD,2021-08-13,115.05,115.05,113.5,114.98,21196,9859,114.625
US09260D1072,372834689,BX,USD,2021-08-16,114.6,115.3,113.07,114.11,16830,9282,114.519
US09260D1072,372834689,BX,USD,2021-08-17,114.35,114.63,112.05,112.96,13918,8062,112.992
US09260D1072,372834689,BX,USD,2021-08-18,112.96,112.96,111.01,111.4,14097,9260,112.15
US09260D1072,372834689,BX,USD,2021-08-19,109.0,111.81,108.37,109.98,23356,12953,110.398
US09260D1072,372834689,BX,USD,2021-08-20,109.01,113.55,109.01,113.2,16133,8070,112.903
US09260D1072,372834689,BX,USD,2021-08-23,113.99,116.4,113.55,115.82,23106,13364,115.716
US09260D1072,372834689,BX,USD,2021-08-24,116.0,118.84,116.0,118.31,20560,11546,117.629
US09260D1072,372834689,BX,USD,2021-08-25,118.05,120.3,118.05,119.98,22877,13620,119.536
US09260D1072,372834689,BX,USD,2021-08-26,120.0,123.12,119.5,121.94,25734,15365,121.976
US09260D1072,372834689,BX,USD,2021-08-27,122.94,124.69,122.23,124.3,25657,14762,123.752
US09260D1072,372834689,BX,USD,2021-08-30,124.82,127.0,124.24,124.36,23200,13580,125.464
US09260D1072,372834689,BX,USD,2021-08-31,125.5,126.0,122.78,126.0,23894,10416,125.155
US09260D1072,372834689,BX,USD,2021-09-01,126.14,128.54,125.48,127.25,30321,15505,127.439
US09260D1072,372834689,BX,USD,2021-09-02,128.1,129.45,127.63,128.32,27080,11600,128.486
US09260D1072,372834689,BX,USD,2021-09-03,128.9,130.78,128.28,129.0,22088,12335,129.279
US09260D1072,372834689,BX,USD,2021-09-07,129.54,129.8,126.04,126.96,24863,12302,127.455
US09260D1072,372834689,BX,USD,2021-09-08,126.47,128.7,126.43,128.3,18143,8898,127.86
US09260D1072,372834689,BX,USD,2021-09-09,128.23,130.89,127.78,129.2,15981,8583,129.777
US09260D1072,372834689,BX,USD,2021-09-10,130.5,130.72,127.81,128.41,16691,8976,128.914
US09260D1072,372834689,BX,USD,2021-09-13,128.95,130.34,127.01,129.49,18828,10698,128.729
US09260D1072,372834689,BX,USD,2021-09-14,129.23,132.33,129.01,130.86,25344,14848,130.832
US09260D1072,372834689,BX,USD,2021-09-15,131.89,135.49,130.15,134.95,30590,16166,133.774
US09260D1072,372834689,BX,USD,2021-09-16,134.99,135.75,132.47,135.1,28897,12910,134.425
US09260D1072,372834689,BX,USD,2021-09-17,135.0,136.89,133.59,134.0,73709,31492,135.262
US09260D1072,372834689,BX,USD,2021-09-20,131.51,131.71,121.42,124.5,89369,45769,124.045
US09260D1072,372834689,BX,USD,2021-09-21,124.8,129.72,123.96,126.5,47702,23159,127.101
US09260D1072,372834689,BX,USD,2021-09-22,128.5,129.6,124.85,126.02,36050,18702,126.179
US09260D1072,372834689,BX,USD,2021-09-23,126.61,129.44,126.13,126.65,27804,15519,127.345
US09260D1072,372834689,BX,USD,2021-09-24,126.2,126.2,123.66,125.15,24958,13820,125.105
US09260D1072,372834689,BX,USD,2021-09-27,125.1,125.35,121.0,122.61,25697,13873,122.969
US09260D1072,372834689,BX,USD,2021-09-28,123.0,123.0,115.45,118.25,36332,20384,118.594
US09260D1072,372834689,BX,USD,2021-09-29,119.17,120.28,117.95,119.18,19475,10059,119.111
US09260D1072,372834689,BX,USD,2021-09-30,119.85,119.92,115.8,117.0,36320,18970,116.928
US09260D1072,372834689,BX,USD,2021-10-01,116.26,116.86,113.4,114.0,34324,18085,115.272
US09260D1072,372834689,BX,USD,2021-10-04,114.0,114.62,108.81,111.29,62633,35539,110.618
US09260D1072,372834689,BX,USD,2021-10-05,110.07,115.3,110.07,114.7,24214,13384,113.792
US09260D1072,372834689,BX,USD,2021-10-06,112.95,114.85,111.33,114.01,21724,9184,113.246
US09260D1072,372834689,BX,USD,2021-10-07,115.25,116.83,114.96,115.15,27255,15325,115.809
US09260D1072,372834689,BX,USD,2021-10-08,115.5,117.32,115.1,116.86,15348,7084,116.438
US09260D1072,372834689,BX,USD,2021-10-11,116.4,117.21,114.46,114.54,10676,6080,115.704
US09260D1072,372834689,BX,USD,2021-10-12,115.0,117.3,114.61,115.94,15757,7772,116.188
US09260D1072,372834689,BX,USD,2021-10-13,116.6,119.0,115.97,119.0,16570,9366,118.026
US09260D1072,372834689,BX,USD,2021-10-14,119.9,122.53,119.53,121.71,25720,13792,121.749
US09260D1072,372834689,BX,USD,2021-10-15,123.45,126.35,121.42,122.66,23141,12417,123.118
US09260D1072,372834689,BX,USD,2021-10-18,123.68,124.61,122.56,123.89,22227,8460,123.428
US09260D1072,372834689,BX,USD,2021-10-19,125.0,127.65,124.54,127.25,17048,9549,126.634
US09260D1072,372834689,BX,USD,2021-10-20,127.5,130.0,126.46,130.0,22273,12419,128.015
US09260D1072,372834689,BX,USD,2021-10-21,130.0,134.75,129.0,132.65,33253,17698,132.642
US09260D1072,372834689,BX,USD,2021-10-22,133.0,138.48,131.76,137.6,25239,13459,136.275
US09260D1072,372834689,BX,USD,2021-10-25,139.0,141.14,138.35,139.61,21384,12500,139.688
US09260D1072,372834689,BX,USD,2021-10-26,140.5,143.03,140.1,142.8,21782,13088,142.09
US09260D1072,372834689,BX,USD,2021-10-27,142.7,143.6,136.3,137.1,29471,15420,138.543
US09260D1072,372834689,BX,USD,2021-10-28,137.1,140.24,137.0,138.78,22532,11911,138.852
US09260D1072,372834689,BX,USD,2021-10-29,138.28,139.37,135.92,138.2,27417,11182,138.069
US09260D1072,372834689,BX,USD,2021-11-01,141.29,141.29,134.9,137.3,19665,11364,137.026
US09260D1072,372834689,BX,USD,2021-11-02,138.0,143.97,137.56,143.66,28117,15328,142.089
US09260D1072,372834689,BX,USD,2021-11-03,143.93,145.82,141.85,144.07,21092,11450,143.596
US09260D1072,372834689,BX,USD,2021-11-04,145.48,146.15,141.52,145.49,34726,19889,143.962
US09260D1072,372834689,BX,USD,2021-11-05,144.2,145.5,140.34,143.01,26329,14557,142.589
US09260D1072,372834689,BX,USD,2021-11-08,143.0,144.0,141.94,141.97,31348,13695,142.632
US09260D1072,372834689,BX,USD,2021-11-09,142.04,146.8,141.0,146.55,26416,13566,144.674
US09260D1072,372834689,BX,USD,2021-11-10,146.34,146.34,138.48,139.68,27377,14311,140.782
US09260D1072,372834689,BX,USD,2021-11-11,140.0,142.72,140.0,141.85,16159,9237,141.67
US09260D1072,372834689,BX,USD,2021-11-12,141.32,143.42,141.09,143.2,23464,7172,142.635
US09260D1072,372834689,BX,USD,2021-11-15,146.0,146.0,142.42,142.8,17213,9626,143.232
US09260D1072,372834689,BX,USD,2021-11-16,144.18,144.97,141.63,144.4,19390,9137,144.055
US09260D1072,372834689,BX,USD,2021-11-17,146.0,146.46,144.0,145.56,20397,10445,145.06
US09260D1072,372834689,BX,USD,2021-11-18,146.0,148.45,145.44,147.05,23135,11269,147.081
US09260D1072,372834689,BX,USD,2021-11-19,146.4,149.84,145.26,146.42,22001,11747,146.722
US09260D1072,372834689,BX,USD,2021-11-22,147.9,149.69,144.28,144.42,33520,15673,146.485
US09260D1072,372834689,BX,USD,2021-11-23,144.5,146.71,142.89,144.7,22137,11561,145.063
US09260D1072,372834689,BX,USD,2021-11-24,145.2,148.48,142.75,148.23,21558,9702,147.064
US09260D1072,372834689,BX,USD,2021-11-26,145.0,145.69,143.0,143.0,21033,10121,144.01
US09260D1072,372834689,BX,USD,2021-11-29,146.0,149.69,143.83,149.64,25547,12819,148.297
US09260D1072,372834689,BX,USD,2021-11-30,147.0,148.55,141.4,142.0,122960,23506,142.534
US09260D1072,372834689,BX,USD,2021-12-01,143.7,146.55,136.22,138.5,35668,20157,141.397
US09260D1072,372834689,BX,USD,2021-12-02,139.0,142.29,135.66,140.33,25169,13548,140.066
US09260D1072,372834689,BX,USD,2021-12-03,143.0,143.41,133.0,135.25,32370,18028,135.396
US09260D1072,372834689,BX,USD,2021-12-06,135.25,137.04,130.19,134.75,39980,18840,133.881
US09260D1072,372834689,BX,USD,2021-12-07,136.49,141.48,134.0,135.35,22965,12079,139.353
US09260D1072,372834689,BX,USD,2021-12-08,135.0,139.39,131.96,135.0,60623,23092,135.143
US09260D1072,372834689,BX,USD,2021-12-09,134.56,136.4,133.9,134.0,22514,11541,134.933
US09260D1072,372834689,BX,USD,2021-12-10,134.43,136.13,132.33,133.6,18036,10673,133.655
US09260D1072,372834689,BX,USD,2021-12-13,134.5,135.18,128.72,129.36,38291,19253,131.026
US09260D1072,372834689,BX,USD,2021-12-14,129.36,130.0,123.32,126.72,50659,27953,126.215
US09260D1072,372834689,BX,USD,2021-12-15,127.25,129.5,123.87,129.4,32760,18256,126.0
US09260D1072,372834689,BX,USD,2021-12-16,129.4,131.25,122.14,123.1,30209,16759,125.133
US09260D1072,372834689,BX,USD,2021-12-17,122.0,124.21,119.66,123.27,36703,14276,122.783
US09260D1072,372834689,BX,USD,2021-12-20,121.13,121.18,116.86,120.71,44917,17574,119.3
US09260D1072,372834689,BX,USD,2021-12-21,121.0,124.19,120.28,123.75,28834,12865,122.289
US09260D1072,372834689,BX,USD,2021-12-22,123.36,131.0,123.0,131.0,44149,21705,128.646
US09260D1072,372834689,BX,USD,2021-12-23,130.51,135.77,130.37,135.4,40102,17884,133.888
US09260D1072,372834689,BX,USD,2021-12-27,134.51,136.0,133.44,134.5,19132,9941,134.811
US09260D1072,372834689,BX,USD,2021-12-28,135.55,136.46,131.35,131.75,21028,11320,132.934
US09260D1072,372834689,BX,USD,2021-12-29,131.31,131.49,127.9,128.4,25120,11726,128.868
US09260D1072,372834689,BX,USD,2021-12-30,129.1,130.44,128.0,128.0,13656,7026,129.34
US09260D1072,372834689,BX,USD,2021-12-31,129.0,130.15,127.91,129.73,10159,4396,129.208
US09260D1072,372834689,BX,USD,2022-01-03,130.2,130.7,125.91,126.43,28893,11460,126.905
US09260D1072,372834689,BX,USD,2022-01-04,127.6,127.98,123.8,125.14,29719,16484,125.12
US09260D1072,372834689,BX,USD,2022-01-05,124.4,125.01,117.25,117.84,51363,26059,119.786
US09260D1072,372834689,BX,USD,2022-01-06,117.99,120.8,115.53,120.43,35984,19455,118.457
US09260D1072,372834689,BX,USD,2022-01-07,120.0,121.0,116.35,117.32,22972,12100,117.55
US09260D1072,372834689,BX,USD,2022-01-10,116.65,117.0,111.79,114.85,63976,29286,113.944
US09260D1072,372834689,BX,USD,2022-01-11,115.31,121.93,114.6,121.29,35611,18424,120.018
US09260D1072,372834689,BX,USD,2022-01-12,121.99,124.39,120.8,122.34,32013,13956,122.333
US09260D1072,372834689,BX,USD,2022-01-13,123.25,123.5,118.35,118.99,25592,16076,120.116
US09260D1072,372834689,BX,USD,2022-01-14,118.68,118.99,114.31,116.48,31056,15102,116.163
US09260D1072,372834689,BX,USD,2022-01-18,115.4,115.4,112.89,113.92,30324,15170,114.054
US09260D1072,372834689,BX,USD,2022-01-19,113.0,116.0,112.04,112.6,23501,12066,113.608
US09260D1072,372834689,BX,USD,2022-01-20,113.0,115.56,111.11,111.3,32152,17344,113.674
US09260D1072,372834689,BX,USD,2022-01-21,110.2,112.94,109.0,109.0,40207,22553,110.973
US09260D1072,372834689,BX,USD,2022-01-24,110.2,110.25,101.65,109.02,76959,37160,105.209
US09260D1072,372834689,BX,USD,2022-01-25,106.0,111.44,105.79,110.0,49596,25303,109.485
US09260D1072,372834689,BX,USD,2022-01-26,111.99,115.24,110.25,112.46,57691,34475,113.034
US09260D1072,372834689,BX,USD,2022-01-27,115.0,121.75,113.0,120.0,70914,42863,119.391
US09260D1072,372834689,BX,USD,2022-01-28,119.0,124.28,116.8,123.8,45884,27689,121.4
US09260D1072,372834689,BX,USD,2022-01-31,125.0,133.41,123.5,132.45,61880,30465,129.914
US09260D1072,372834689,BX,USD,2022-02-01,131.97,135.5,131.09,135.0,50514,26704,133.778
US09260D1072,372834689,BX,USD,2022-02-02,136.1,138.95,134.22,137.0,41389,19288,136.827
US09260D1072,372834689,BX,USD,2022-02-03,135.0,137.0,132.34,135.4,42600,24257,134.017
US09260D1072,372834689,BX,USD,2022-02-04,134.01,134.01,130.26,131.29,44846,23783,132.015
US09260D1072,372834689,BX,USD,2022-02-07,132.74,133.0,129.25,131.8,39975,23764,131.287
US09260D1072,372834689,BX,USD,2022-02-08,132.0,132.03,126.38,128.77,35212,18665,128.446
US09260D1072,372834689,BX,USD,2022-02-09,129.05,135.0,129.05,134.55,39633,16263,133.837
US09260D1072,372834689,BX,USD,2022-02-10,134.5,138.29,129.84,133.68,45483,25468,135.127
US09260D1072,372834689,BX,USD,2022-02-11,133.1,134.5,122.52,123.5,66442,36381,126.442
US09260D1072,372834689,BX,USD,2022-02-14,119.79,124.3,119.0,121.38,45399,28211,121.96
US09260D1072,372834689,BX,USD,2022-02-15,124.6,126.32,123.2,124.22,31964,15679,124.844
US09260D1072,372834689,BX,USD,2022-02-16,123.29,127.59,123.0,126.78,21771,11802,125.966
US09260D1072,372834689,BX,USD,2022-02-17,126.8,127.0,120.52,122.63,21390,13118,124.115
US09260D1072,372834689,BX,USD,2022-02-18,123.4,125.78,122.13,122.98,27298,13172,123.877
US09260D1072,372834689,BX,USD,2022-02-22,122.98,124.99,119.85,122.76,24975,13123,122.056
US09260D1072,372834689,BX,USD,2022-02-23,123.48,125.64,120.0,120.0,21153,11894,122.364
US09260D1072,372834689,BX,USD,2022-02-24,119.0,122.08,113.16,121.09,46908,26580,118.236
US09260D1072,372834689,BX,USD,2022-02-25,121.25,129.27,121.25,128.78,41427,21677,127.617
US09260D1072,372834689,BX,USD,2022-02-28,124.5,128.56,124.46,127.1,31613,14490,127.187
US09260D1072,372834689,BX,USD,2022-03-01,127.72,128.35,123.0,123.5,23533,12755,124.823
US09260D1072,372834689,BX,USD,2022-03-02,126.0,131.06,124.09,130.0,32480,16277,129.624
US09260D1072,372834689,BX,USD,2022-03-03,130.75,131.59,123.01,123.01,29521,17387,126.786
US09260D1072,372834689,BX,USD,2022-03-04,123.5,125.13,118.88,118.91,45035,21717,120.67
US09260D1072,372834689,BX,USD,2022-03-07,118.0,120.34,108.2,108.5,62945,33358,111.995
US09260D1072,372834689,BX,USD,2022-03-08,110.7,112.58,106.44,108.5,47624,22810,109.482
US09260D1072,372834689,BX,USD,2022-03-09,111.5,117.35,110.01,116.0,30806,16843,115.598
US09260D1072,372834689,BX,USD,2022-03-10,116.0,117.67,112.81,116.6,24317,14232,115.614
US09260D1072,372834689,BX,USD,2022-03-11,119.02,119.2,115.3,116.0,20841,12396,117.421
US09260D1072,372834689,BX,USD,2022-03-14,117.21,118.57,108.31,109.99,42810,23670,110.287
US09260D1072,372834689,BX,USD,2022-03-15,110.0,111.4,108.38,109.75,35154,17676,109.587
US09260D1072,372834689,BX,USD,2022-03-16,111.53,117.59,110.64,115.15,47539,22363,114.883
US09260D1072,372834689,BX,USD,2022-03-17,115.0,120.67,114.81,118.0,38226,18148,119.237
US09260D1072,372834689,BX,USD,2022-03-18,118.59,123.84,117.87,123.2,84519,15232,122.794
US09260D1072,372834689,BX,USD,2022-03-21,123.0,124.32,120.43,122.79,36039,13584,122.52
US09260D1072,372834689,BX,USD,2022-03-22,123.01,127.2,123.0,126.87,28178,10362,126.153
US09260D1072,372834689,BX,USD,2022-03-23,125.75,126.51,123.35,124.2,16957,7919,124.594
US09260D1072,372834689,BX,USD,2022-03-24,125.0,126.24,123.41,125.7,19930,9546,125.393
US09260D1072,372834689,BX,USD,2022-03-25,127.45,127.46,122.97,124.0,20443,8096,123.947
US09260D1072,372834689,BX,USD,2022-03-28,124.0,126.28,121.96,124.53,19490,8423,123.996
US09260D1072,372834689,BX,USD,2022-03-29,124.0,132.56,124.0,130.45,31283,16575,130.752
US09260D1072,372834689,BX,USD,2022-03-30,131.5,132.0,126.54,127.96,26046,14222,128.317
US09260D1072,372834689,BX,USD,2022-03-31,127.3,129.9,126.92,127.49,30983,14687,128.221
US09260D1072,372834689,BX,USD,2022-04-01,127.75,128.3,126.1,128.3,17410,7758,127.447
US09260D1072,372834689,BX,USD,2022-04-04,128.3,132.93,128.0,130.57,19179,8878,130.833
US09260D1072,372834689,BX,USD,2022-04-05,129.84,131.0,123.01,123.5,26760,14209,124.816
US09260D1072,372834689,BX,USD,2022-04-06,122.91,123.0,117.13,117.74,35642,19957,119.04
US09260D1072,372834689,BX,USD,2022-04-07,117.96,118.0,112.66,115.5,46261,25323,114.828
US09260D1072,372834689,BX,USD,2022-04-08,116.5,118.3,114.75,115.0,20075,10691,116.092
US09260D1072,372834689,BX,USD,2022-04-11,113.25,114.13,111.34,112.8,29046,14118,112.838
US09260D1072,372834689,BX,USD,2022-04-12,113.84,117.99,112.38,114.4,21720,12313,114.825
US09260D1072,372834689,BX,USD,2022-04-13,114.5,117.0,113.43,116.44,22036,11668,115.577
US09260D1072,372834689,BX,USD,2022-04-14,117.81,118.0,112.9,113.6,19928,10745,114.58
US09260D1072,372834689,BX,USD,2022-04-18,113.0,113.35,110.55,112.73,17971,8592,111.99
US09260D1072,372834689,BX,USD,2022-04-19,112.0,117.98,111.96,117.19,25470,12461,116.655
US09260D1072,372834689,BX,USD,2022-04-20,118.0,122.25,117.67,121.0,41021,22939,120.58
US09260D1072,372834689,BX,USD,2022-04-21,122.04,129.0,112.18,112.75,64217,32835,116.429
US09260D1072,372834689,BX,USD,2022-04-22,113.34,114.89,110.0,110.15,40955,20882,111.928
US09260D1072,372834689,BX,USD,2022-04-25,110.0,112.9,105.83,112.51,35676,19131,109.441
US09260D1072,372834689,BX,USD,2022-04-26,112.49,114.22,105.51,106.49,30961,17483,108.513
US09260D1072,372834689,BX,USD,2022-04-27,108.0,109.94,106.21,108.25,23679,11957,108.15
US09260D1072,372834689,BX,USD,2022-04-28,109.15,109.91,104.28,107.1,32602,17475,107.346
US09260D1072,372834689,BX,USD,2022-04-29,107.01,108.9,101.41,101.87,39940,18395,103.689
US09260D1072,372834689,BX,USD,2022-05-02,102.35,106.53,101.22,106.46,61357,26403,104.242
US09260D1072,372834689,BX,USD,2022-05-03,105.0,108.68,104.26,107.86,30843,15062,107.409
US09260D1072,372834689,BX,USD,2022-05-04,108.4,112.0,105.25,111.6,33956,19001,109.039
US09260D1072,372834689,BX,USD,2022-05-05,110.36,111.6,103.37,105.0,52655,27090,105.446
US09260D1072,372834689,BX,USD,2022-05-06,104.25,104.83,99.59,101.35,47725,26710,101.474
US09260D1072,372834689,BX,USD,2022-05-09,98.62,102.45,96.2,96.8,63670,35599,98.178
US09260D1072,372834689,BX,USD,2022-05-10,97.9,102.16,96.47,98.6,43260,23787,98.982
US09260D1072,372834689,BX,USD,2022-05-11,99.5,101.69,95.02,96.75,44153,24389,98.367
US09260D1072,372834689,BX,USD,2022-05-12,95.5,100.0,93.59,100.0,50046,27052,97.487
US09260D1072,372834689,BX,USD,2022-05-13,101.13,108.46,101.1,107.55,52071,29809,106.657
US09260D1072,372834689,BX,USD,2022-05-16,107.4,109.04,104.34,104.42,30026,15417,105.375
US09260D1072,372834689,BX,USD,2022-05-17,107.5,108.66,106.08,107.84,26219,14363,107.505
US09260D1072,372834689,BX,USD,2022-05-18,105.15,107.16,103.0,103.25,33073,17517,104.611
US09260D1072,372834689,BX,USD,2022-05-19,102.3,105.25,100.0,105.0,32635,18929,103.773
US09260D1072,372834689,BX,USD,2022-05-20,105.86,108.78,103.79,107.95,37837,20184,105.992
US09260D1072,372834689,BX,USD,2022-05-23,108.39,110.0,105.66,107.0,35241,18677,107.689
US09260D1072,372834689,BX,USD,2022-05-24,107.0,108.95,103.32,108.31,51120,26043,105.829
US09260D1072,372834689,BX,USD,2022-05-25,109.0,112.33,105.0,110.9,36969,22173,109.963
US09260D1072,372834689,BX,USD,2022-05-26,111.05,118.75,111.05,118.27,55623,26912,116.936
US09260D1072,372834689,BX,USD,2022-05-27,119.0,121.39,116.5,121.12,52340,25225,120.28
US09260D1072,372834689,BX,USD,2022-05-31,120.0,121.0,116.2,118.05,54352,17475,117.814
US09260D1072,372834689,BX,USD,2022-06-01,118.7,119.29,114.95,116.09,19557,11696,116.543
US09260D1072,372834689,BX,USD,2022-06-02,116.22,122.47,115.57,121.99,32911,18395,120.331
US09260D1072,372834689,BX,USD,2022-06-03,120.5,123.18,118.82,119.4,21735,12781,121.151
US09260D1072,372834689,BX,USD,2022-06-06,123.0,123.0,115.9,118.5,39258,23200,118.171
US09260D1072,372834689,BX,USD,2022-06-07,117.5,120.22,117.0,119.18,23945,13172,119.185
US09260D1072,372834689,BX,USD,2022-06-08,117.66,119.48,115.67,116.35,29064,17615,116.839
US09260D1072,372834689,BX,USD,2022-06-09,116.38,117.27,113.45,113.75,33935,17831,114.462
US09260D1072,372834689,BX,USD,2022-06-10,113.8,113.85,105.46,107.99,40949,23675,107.829
US09260D1072,372834689,BX,USD,2022-06-13,105.2,105.2,96.97,97.56,65284,32205,98.762
US09260D1072,372834689,BX,USD,2022-06-14,98.7,100.1,94.52,95.7,54695,28884,96.303
US09260D1072,372834689,BX,USD,2022-06-15,96.1,99.14,94.81,97.95,72013,37061,97.077
US09260D1072,372834689,BX,USD,2022-06-16,94.67,94.72,87.39,90.4,76041,37054,89.999
US09260D1072,372834689,BX,USD,2022-06-17,90.75,92.55,89.05,90.41,64373,25146,90.697
US09260D1072,372834689,BX,USD,2022-06-21,93.0,93.7,91.02,91.02,61101,25881,92.085
US09260D1072,372834689,BX,USD,2022-06-22,89.9,92.8,89.0,90.4,44410,17504,91.246
US09260D1072,372834689,BX,USD,2022-06-23,92.0,95.37,90.66,93.0,43659,22952,92.977
US09260D1072,372834689,BX,USD,2022-06-24,94.9,98.93,94.5,98.44,44182,22698,97.962
US09260D1072,372834689,BX,USD,2022-06-27,98.88,100.7,97.31,98.46,30573,16376,98.736
US09260D1072,372834689,BX,USD,2022-06-28,98.49,100.47,93.67,94.99,33774,19014,95.896
US09260D1072,372834689,BX,USD,2022-06-29,94.59,95.6,90.48,91.0,32960,19234,91.694
US09260D1072,372834689,BX,USD,2022-06-30,90.01,92.03,86.97,91.43,38954,17302,90.226
US09260D1072,372834689,BX,USD,2022-07-01,91.76,93.07,89.92,92.83,20324,10310,91.747
US09260D1072,372834689,BX,USD,2022-07-05,95.96,95.96,89.16,93.79,29738,14200,92.514
US09260D1072,372834689,BX,USD,2022-07-06,94.2,96.69,92.3,94.15,26239,13658,94.171
US09260D1072,372834689,BX,USD,2022-07-07,94.75,97.94,94.5,96.95,21528,11791,97.101
US09260D1072,372834689,BX,USD,2022-07-08,97.36,97.87,94.74,96.05,19469,9470,96.278
US09260D1072,372834689,BX,USD,2022-07-11,95.8,95.8,93.6,95.07,25140,12837,94.947
US09260D1072,372834689,BX,USD,2022-07-12,95.0,96.6,93.45,94.0,19569,10780,94.927
US09260D1072,372834689,BX,USD,2022-07-13,94.3,94.6,88.14,91.0,27841,15956,91.249
US09260D1072,372834689,BX,USD,2022-07-14,90.89,90.89,87.76,90.0,37349,18774,89.033
US09260D1072,372834689,BX,USD,2022-07-15,90.48,93.69,88.94,93.38,35093,17706,92.032
US09260D1072,372834689,BX,USD,2022-07-18,93.13,95.8,93.0,93.58,23724,10095,94.414
US09260D1072,372834689,BX,USD,2022-07-19,94.08,99.5,94.08,99.33,40896,23893,98.088
US09260D1072,372834689,BX,USD,2022-07-20,99.0,103.0,98.39,102.75,36571,19101,100.922
US09260D1072,372834689,BX,USD,2022-07-21,101.1,104.0,93.45,97.4,71972,34449,96.225
US09260D1072,372834689,BX,USD,2022-07-22,98.69,101.19,96.01,96.39,53787,25187,97.408
US09260D1072,372834689,BX,USD,2022-07-25,96.43,97.43,95.12,96.75,35467,16896,96.348
US09260D1072,372834689,BX,USD,2022-07-26,96.75,97.16,93.36,94.4,33482,18601,94.478
US09260D1072,372834689,BX,USD,2022-07-27,95.0,98.27,93.18,95.49,35106,19642,95.87
US09260D1072,372834689,BX,USD,2022-07-28,96.0,103.2,95.57,103.0,43218,22414,101.139
US09260D1072,372834689,BX,USD,2022-07-29,101.76,103.49,100.6,101.7,43594,21096,102.339
US09260D1072,372834689,BX,USD,2022-08-01,101.75,104.69,100.01,103.51,27797,16999,102.981
US09260D1072,372834689,BX,USD,2022-08-02,102.31,102.55,99.63,100.58,27250,16024,101.154
US09260D1072,372834689,BX,USD,2022-08-03,102.02,102.55,100.31,101.42,27466,12644,101.339
US09260D1072,372834689,BX,USD,2022-08-04,101.43,102.85,99.19,102.84,32573,20025,101.368
US09260D1072,372834689,BX,USD,2022-08-05,102.98,103.25,99.29,101.2,19956,12045,100.978
US09260D1072,372834689,BX,USD,2022-08-08,101.67,104.61,101.52,102.71,22361,12691,103.348
US09260D1072,372834689,BX,USD,2022-08-09,102.49,102.5,100.15,101.0,16249,8982,100.896
US09260D1072,372834689,BX,USD,2022-08-10,101.85,108.84,101.5,108.19,46600,21945,107.078
US09260D1072,372834689,BX,USD,2022-08-11,109.84,110.9,105.06,106.0,31882,18892,107.459
US09260D1072,372834689,BX,USD,2022-08-12,106.58,108.95,106.31,108.0,19828,9766,107.972
US09260D1072,372834689,BX,USD,2022-08-15,108.0,110.0,107.14,108.55,23804,12747,108.922
US09260D1072,372834689,BX,USD,2022-08-16,108.5,108.5,105.49,107.58,25682,13788,107.252
US09260D1072,372834689,BX,USD,2022-08-17,106.0,107.23,104.83,106.01,17043,8895,106.081
US09260D1072,372834689,BX,USD,2022-08-18,106.4,107.4,105.8,107.34,13156,6821,106.793
US09260D1072,372834689,BX,USD,2022-08-19,105.42,105.9,102.58,102.58,32281,17615,103.52
US09260D1072,372834689,BX,USD,2022-08-22,104.0,104.0,98.93,101.5,26888,15009,100.6
US09260D1072,372834689,BX,USD,2022-08-23,101.6,103.65,101.0,101.3,16256,9398,102.517
US09260D1072,372834689,BX,USD,2022-08-24,102.5,103.95,101.24,102.9,16065,8835,102.907
US09260D1072,372834689,BX,USD,2022-08-25,104.02,105.52,103.41,105.2,14988,6621,104.708
US09260D1072,372834689,BX,USD,2022-08-26,105.22,105.89,98.25,98.25,39468,19374,99.994
US09260D1072,372834689,BX,USD,2022-08-29,97.46,97.8,95.55,96.5,24992,13500,96.648
US09260D1072,372834689,BX,USD,2022-08-30,97.16,98.26,94.31,95.55,24541,12460,95.538
US09260D1072,372834689,BX,USD,2022-08-31,95.62,97.22,93.25,93.25,29336,12278,94.748
US09260D1072,372834689,BX,USD,2022-09-01,93.0,94.78,91.1,94.3,28539,14607,92.769
US09260D1072,372834689,BX,USD,2022-09-02,95.0,96.95,92.92,94.2,28054,14294,94.59
US09260D1072,372834689,BX,USD,2022-09-06,95.37,95.69,92.3,93.75,16584,9473,93.899
US09260D1072,372834689,BX,USD,2022-09-07,93.85,96.7,93.61,96.03,15597,7928,95.528
US09260D1072,372834689,BX,USD,2022-09-08,96.75,97.23,94.74,96.9,20597,9047,96.42
US09260D1072,372834689,BX,USD,2022-09-09,98.0,100.05,97.27,99.44,16529,9433,99.408
US09260D1072,372834689,BX,USD,2022-09-12,99.5,102.4,99.5,101.0,15831,7835,101.022
US09260D1072,372834689,BX,USD,2022-09-13,101.3,102.4,93.62,94.61,40916,22502,94.981
US09260D1072,372834689,BX,USD,2022-09-14,95.08,96.01,93.9,95.95,20225,11002,95.167
US09260D1072,372834689,BX,USD,2022-09-15,95.3,95.9,92.52,93.8,18211,10724,94.747
US09260D1072,372834689,BX,USD,2022-09-16,93.76,94.24,90.71,92.9,44324,16595,91.896
US09260D1072,372834689,BX,USD,2022-09-19,91.0,96.0,90.54,95.35,22776,13313,93.837
US09260D1072,372834689,BX,USD,2022-09-20,96.0,96.0,89.52,91.2,33377,16916,91.054
US09260D1072,372834689,BX,USD,2022-09-21,91.0,94.0,87.9,87.9,28620,15944,90.887
US09260D1072,372834689,BX,USD,2022-09-22,88.77,89.36,84.11,85.44,59213,30765,85.431
US09260D1072,372834689,BX,USD,2022-09-23,84.93,84.93,82.22,83.96,53352,24035,82.951
US09260D1072,372834689,BX,USD,2022-09-26,82.6,84.97,82.5,83.35,32980,16625,83.403
US09260D1072,372834689,BX,USD,2022-09-27,84.02,86.17,81.83,82.01,45496,27152,82.709
US09260D1072,372834689,BX,USD,2022-09-28,81.5,86.35,81.5,86.0,55249,19290,84.257
US09260D1072,372834689,BX,USD,2022-09-29,84.9,85.25,83.22,84.45,34416,18703,84.149
US09260D1072,372834689,BX,USD,2022-09-30,84.12,85.6,83.0,84.08,39077,17740,84.449
US09260D1072,372834689,BX,USD,2022-10-03,84.0,87.0,84.0,86.5,23245,12274,86.17
US09260D1072,372834689,BX,USD,2022-10-04,86.49,93.54,86.49,93.0,45926,25741,92.198
US09260D1072,372834689,BX,USD,2022-10-05,93.27,93.4,90.21,92.25,27142,13662,91.67
US09260D1072,372834689,BX,USD,2022-10-06,91.5,93.4,91.21,91.61,21136,11148,91.952
US09260D1072,372834689,BX,USD,2022-10-07,91.88,91.88,85.81,86.38,35428,17003,86.906
US09260D1072,372834689,BX,USD,2022-10-10,85.19,87.91,85.12,85.6,21309,11652,85.943
US09260D1072,372834689,BX,USD,2022-10-11,85.0,85.59,82.06,84.22,41110,21739,83.418
US09260D1072,372834689,BX,USD,2022-10-12,83.87,86.23,83.03,85.67,29340,15856,84.956
US09260D1072,372834689,BX,USD,2022-10-13,86.73,87.78,79.54,86.3,43623,22527,84.128
US09260D1072,372834689,BX,USD,2022-10-14,87.0,88.79,83.89,83.9,22825,13145,84.945
US09260D1072,372834689,BX,USD,2022-10-17,85.45,89.38,85.25,88.9,28542,15637,87.916
US09260D1072,372834689,BX,USD,2022-10-18,89.48,93.13,88.71,91.0,38200,23436,90.565
US09260D1072,372834689,BX,USD,2022-10-19,89.02,90.56,86.85,87.85,30655,17688,88.008
US09260D1072,372834689,BX,USD,2022-10-20,87.1,90.95,82.95,83.49,63736,35138,84.911
US09260D1072,372834689,BX,USD,2022-10-21,82.93,85.7,82.6,85.5,41913,24903,84.387
US09260D1072,372834689,BX,USD,2022-10-24,86.0,86.66,82.79,86.3,33193,17864,84.946
US09260D1072,372834689,BX,USD,2022-10-25,86.3,91.6,85.86,90.0,35335,20143,90.33
US09260D1072,372834689,BX,USD,2022-10-26,90.0,94.11,90.0,93.0,34982,20286,92.363
US09260D1072,372834689,BX,USD,2022-10-27,92.74,95.26,90.52,91.39,34346,19680,93.673
US09260D1072,372834689,BX,USD,2022-10-28,90.51,94.38,88.39,93.65,41306,26493,93.174
US09260D1072,372834689,BX,USD,2022-10-31,92.89,93.21,91.13,91.2,27216,12883,91.621
US09260D1072,372834689,BX,USD,2022-11-01,92.25,94.46,90.84,92.7,29263,14740,92.413
US09260D1072,372834689,BX,USD,2022-11-02,92.4,95.55,90.78,92.0,52796,26999,92.846
US09260D1072,372834689,BX,USD,2022-11-03,92.35,92.35,87.5,87.5,38465,21215,88.958
US09260D1072,372834689,BX,USD,2022-11-04,88.88,91.74,88.81,89.98,26636,14703,89.988
US09260D1072,372834689,BX,USD,2022-11-07,90.25,93.4,89.88,92.3,22347,13075,91.581
US09260D1072,372834689,BX,USD,2022-11-08,92.99,94.21,90.87,92.88,23045,14902,92.902
US09260D1072,372834689,BX,USD,2022-11-09,92.6,92.6,89.6,89.6,19466,10885,90.774
US09260D1072,372834689,BX,USD,2022-11-10,90.28,103.6,90.0,103.5,79111,42375,101.098
US09260D1072,372834689,BX,USD,2022-11-11,103.7,109.99,101.93,108.4,67885,43034,107.854
US09260D1072,372834689,BX,USD,2022-11-14,108.04,108.1,101.36,102.06,42243,24967,103.645
US09260D1072,372834689,BX,USD,2022-11-15,103.0,107.41,96.21,97.26,57418,34358,99.789
US09260D1072,372834689,BX,USD,2022-11-16,97.8,98.33,92.84,94.55,34798,21749,94.175
US09260D1072,372834689,BX,USD,2022-11-17,94.04,94.04,89.45,90.76,39782,22969,90.694
US09260D1072,372834689,BX,USD,2022-11-18,91.0,92.79,89.97,91.72,24821,13414,91.137
US09260D1072,372834689,BX,USD,2022-11-21,90.79,92.0,89.25,89.87,21820,12120,90.002
US09260D1072,372834689,BX,USD,2022-11-22,89.29,89.29,85.1,87.8,55808,29779,87.332
US09260D1072,372834689,BX,USD,2022-11-23,87.57,89.7,86.34,88.65,36476,19307,88.449
US09260D1072,372834689,BX,USD,2022-11-25,89.3,90.37,88.04,90.0,11306,6084,89.755
US09260D1072,372834689,BX,USD,2022-11-28,89.25,89.99,87.7,88.1,28984,13903,88.324
US09260D1072,372834689,BX,USD,2022-11-29,88.75,89.08,87.54,88.21,26923,13599,88.19
US09260D1072,372834689,BX,USD,2022-11-30,88.5,91.8,86.31,91.5,52459,18695,89.801
US09260D1072,372834689,BX,USD,2022-12-01,91.5,92.73,82.4,84.8,130934,61587,85.174
US09260D1072,372834689,BX,USD,2022-12-02,85.25,85.46,80.44,84.95,112506,53537,83.297
US09260D1072,372834689,BX,USD,2022-12-05,84.8,84.98,80.57,82.06,73509,39152,82.515
US09260D1072,372834689,BX,USD,2022-12-06,82.89,82.89,78.4,78.65,98385,44659,79.551
US09260D1072,372834689,BX,USD,2022-12-07,78.72,79.4,77.15,77.55,75099,38840,78.238
US09260D1072,372834689,BX,USD,2022-12-08,77.7,80.4,77.7,79.02,60658,33526,79.369
US09260D1072,372834689,BX,USD,2022-12-09,79.5,79.9,78.03,78.5,36231,18147,78.722
US09260D1072,372834689,BX,USD,2022-12-12,78.51,82.69,77.3,82.43,61089,26627,80.507
US09260D1072,372834689,BX,USD,2022-12-13,82.85,88.49,81.45,83.55,102268,45706,84.245
US09260D1072,372834689,BX,USD,2022-12-14,83.11,84.36,79.88,81.0,40269,18821,81.556
US09260D1072,372834689,BX,USD,2022-12-15,79.45,80.42,76.95,77.48,56186,28726,77.818
US09260D1072,372834689,BX,USD,2022-12-16,76.29,77.1,73.75,75.77,109262,44864,75.043
US09260D1072,372834689,BX,USD,2022-12-19,75.63,76.08,72.84,73.8,38947,19699,73.698
US09260D1072,372834689,BX,USD,2022-12-20,73.66,74.49,72.24,73.99,50747,23161,73.662
US09260D1072,372834689,BX,USD,2022-12-21,73.75,76.04,73.35,76.04,34786,19779,75.129
US09260D1072,372834689,BX,USD,2022-12-22,76.0,76.0,73.01,74.25,28595,14613,73.829
US09260D1072,372834689,BX,USD,2022-12-23,74.8,75.97,73.04,75.0,23343,12059,74.865
US09260D1072,372834689,BX,USD,2022-12-27,75.31,76.22,73.34,73.64,21683,10112,74.098
US09260D1072,372834689,BX,USD,2022-12-28,74.48,74.7,71.72,72.03,31715,15090,72.574
US09260D1072,372834689,BX,USD,2022-12-29,72.95,74.79,72.54,74.74,24710,12114,74.144
US09260D1072,372834689,BX,USD,2022-12-30,74.2,74.75,73.07,74.21,29846,13689,73.859
US09260D1072,372834689,BX,USD,2023-01-03,74.8,77.97,74.04,76.0,75285,38815,75.696
US09260D1072,372834689,BX,USD,2023-01-04,77.01,78.32,75.85,78.06,32963,17620,77.491
US09260D1072,372834689,BX,USD,2023-01-05,78.01,78.2,76.22,76.61,28539,16426,76.719
US09260D1072,372834689,BX,USD,2023-01-06,76.59,79.77,76.32,79.02,37479,21335,78.767
US09260D1072,372834689,BX,USD,2023-01-09,79.9,81.89,79.62,80.47,32411,18713,80.967
US09260D1072,372834689,BX,USD,2023-01-10,80.0,81.36,79.5,80.81,26528,15078,80.414
US09260D1072,372834689,BX,USD,2023-01-11,80.99,83.41,80.99,83.25,43153,21911,82.858
US09260D1072,372834689,BX,USD,2023-01-12,83.47,85.06,82.26,84.99,36231,18840,84.123
US09260D1072,372834689,BX,USD,2023-01-13,84.27,85.85,82.5,85.05,29444,15788,85.024
US09260D1072,372834689,BX,USD,2023-01-17,84.79,86.61,84.57,85.54,23031,12093,85.812
US09260D1072,372834689,BX,USD,2023-01-18,86.49,87.67,83.75,83.75,40684,21159,85.264
US09260D1072,372834689,BX,USD,2023-01-19,83.49,83.49,80.08,80.5,43503,19986,80.933
US09260D1072,372834689,BX,USD,2023-01-20,81.1,85.06,80.58,85.0,32831,17124,83.747
US09260D1072,372834689,BX,USD,2023-01-23,85.01,88.35,84.96,87.61,41227,23940,87.402
US09260D1072,372834689,BX,USD,2023-01-24,88.62,90.24,87.26,87.6,35770,19446,88.466
US09260D1072,372834689,BX,USD,2023-01-25,87.77,89.02,85.59,88.82,28761,16902,87.822
US09260D1072,372834689,BX,USD,2023-01-26,88.85,94.0,87.5,93.7,55272,30377,92.336
US09260D1072,372834689,BX,USD,2023-01-27,94.2,96.2,92.95,95.88,37372,19691,95.459
US09260D1072,372834689,BX,USD,2023-01-30,93.61,96.96,91.56,95.25,41274,22638,95.788
US09260D1072,372834689,BX,USD,2023-01-31,94.7,96.05,94.12,95.65,20884,10691,95.432
US09260D1072,372834689,BX,USD,2023-02-01,95.75,98.28,92.93,97.99,49998,25818,95.201
US09260D1072,372834689,BX,USD,2023-02-02,97.77,102.04,97.31,99.2,72057,34720,100.798
US09260D1072,372834689,BX,USD,2023-02-03,97.92,100.03,95.2,97.42,38303,19943,97.73
US09260D1072,372834689,BX,USD,2023-02-06,96.15,96.9,93.82,95.71,28895,16031,95.081
US09260D1072,372834689,BX,USD,2023-02-07,96.25,97.7,94.44,96.5,20449,12016,96.006
US09260D1072,372834689,BX,USD,2023-02-08,96.0,97.09,94.4,94.8,17851,10222,95.257
US09260D1072,372834689,BX,USD,2023-02-09,95.98,96.23,90.89,91.87,32792,21154,92.868
US09260D1072,372834689,BX,USD,2023-02-10,91.0,93.16,89.83,92.67,22393,13149,91.928
US09260D1072,372834689,BX,USD,2023-02-13,93.68,96.56,93.24,96.17,37674,18856,95.714
US09260D1072,372834689,BX,USD,2023-02-14,96.99,97.96,94.0,96.77,30245,17102,96.16
US09260D1072,372834689,BX,USD,2023-02-15,97.0,97.5,95.78,96.65,31643,15600,96.486
US09260D1072,372834689,BX,USD,2023-02-16,96.75,96.77,92.92,93.98,22030,12319,94.676
US09260D1072,372834689,BX,USD,2023-02-17,93.95,94.04,91.93,93.52,26372,14423,93.129
US09260D1072,372834689,BX,USD,2023-02-21,93.0,93.0,90.04,90.6,24498,12600,90.927
US09260D1072,372834689,BX,USD,2023-02-22,90.51,91.82,89.72,91.1,19916,9828,90.833
US09260D1072,372834689,BX,USD,2023-02-23,91.0,92.39,89.47,91.02,23030,13037,90.723
US09260D1072,372834689,BX,USD,2023-02-24,89.31,89.46,87.8,89.06,25940,15100,88.828
US09260D1072,372834689,BX,USD,2023-02-27,89.5,91.22,89.35,90.39,17936,10649,90.214
US09260D1072,372834689,BX,USD,2023-02-28,90.01,91.52,89.41,90.7,20315,10906,90.673
US09260D1072,372834689,BX,USD,2023-03-01,90.7,92.0,89.54,89.79,23142,12180,90.229
US09260D1072,372834689,BX,USD,2023-03-02,89.55,89.55,86.09,88.52,31200,17481,88.301
US09260D1072,372834689,BX,USD,2023-03-03,89.29,91.4,87.35,91.05,29548,17076,89.606
US09260D1072,372834689,BX,USD,2023-03-06,91.22,92.58,90.0,91.41,23167,13311,91.638
US09260D1072,372834689,BX,USD,2023-03-07,91.07,91.75,89.32,89.32,23802,14124,90.178
US09260D1072,372834689,BX,USD,2023-03-08,89.48,91.91,89.34,90.02,15661,8957,91.207
US09260D1072,372834689,BX,USD,2023-03-09,89.7,91.69,84.72,85.1,55601,28753,87.073
US09260D1072,372834689,BX,USD,2023-03-10,84.5,85.13,79.13,80.55,107800,59580,81.225
US09260D1072,372834689,BX,USD,2023-03-13,82.0,84.31,76.01,83.96,93454,55748,81.738
US09260D1072,372834689,BX,USD,2023-03-14,85.44,87.99,85.15,86.12,67528,39894,86.302
US09260D1072,372834689,BX,USD,2023-03-15,84.3,87.22,82.81,86.02,56299,32279,85.765
US09260D1072,372834689,BX,USD,2023-03-16,86.0,89.5,85.1,87.52,45202,27367,87.661
US09260D1072,372834689,BX,USD,2023-03-17,86.5,88.66,82.81,85.0,199577,52403,84.855
US09260D1072,372834689,BX,USD,2023-03-20,84.42,85.45,81.2,82.7,53404,29267,82.272
US09260D1072,372834689,BX,USD,2023-03-21,83.0,87.04,82.65,86.52,32779,19825,86.169
US09260D1072,372834689,BX,USD,2023-03-22,87.16,87.77,83.74,84.38,32478,19267,86.001
US09260D1072,372834689,BX,USD,2023-03-23,83.98,87.42,83.26,84.61,37543,20974,85.194
US09260D1072,372834689,BX,USD,2023-03-24,83.3,84.12,80.79,84.12,39322,23259,82.694
US09260D1072,372834689,BX,USD,2023-03-27,85.02,86.01,82.84,84.19,28072,17012,84.109
US09260D1072,372834689,BX,USD,2023-03-28,84.55,84.81,82.35,83.66,23820,12824,83.447
US09260D1072,372834689,BX,USD,2023-03-29,84.5,85.52,83.76,85.45,21323,13088,84.665
US09260D1072,372834689,BX,USD,2023-03-30,85.0,87.03,84.75,85.36,28101,16146,85.932
US09260D1072,372834689,BX,USD,2023-03-31,85.72,88.28,85.72,88.0,27467,14425,87.51
US09260D1072,372834689,BX,USD,2023-04-03,87.6,88.63,82.87,84.96,42018,23297,84.912
US09260D1072,372834689,BX,USD,2023-04-04,84.96,85.31,80.97,81.2,44728,24502,82.021
US09260D1072,372834689,BX,USD,2023-04-05,81.21,81.57,79.29,81.34,35322,19248,80.455
US09260D1072,372834689,BX,USD,2023-04-06,81.4,82.54,80.5,82.1,22832,11796,81.919
US09260D1072,372834689,BX,USD,2023-04-10,82.19,82.68,81.01,81.65,21610,12377,81.773
US09260D1072,372834689,BX,USD,2023-04-11,82.24,84.51,81.8,83.58,27305,15314,83.355
US09260D1072,372834689,BX,USD,2023-04-12,83.99,85.07,82.44,82.62,26923,15888,83.304
US09260D1072,372834689,BX,USD,2023-04-13,82.61,85.0,82.34,84.01,28258,14979,83.994
US09260D1072,372834689,BX,USD,2023-04-14,84.0,85.85,83.37,85.85,20346,13008,84.374
US09260D1072,372834689,BX,USD,2023-04-17,85.8,89.21,84.46,89.03,27284,15696,86.481
US09260D1072,372834689,BX,USD,2023-04-18,89.32,92.75,88.6,91.88,77553,47273,91.239
US09260D1072,372834689,BX,USD,2023-04-19,90.99,93.3,90.02,93.2,43828,27950,92.382
US09260D1072,372834689,BX,USD,2023-04-20,92.0,94.91,90.5,92.0,41196,23736,92.459
US09260D1072,372834689,BX,USD,2023-04-21,91.5,91.9,89.14,89.16,37135,22136,90.005
US09260D1072,372834689,BX,USD,2023-04-24,89.8,89.8,88.0,88.73,24978,15524,88.704
US09260D1072,372834689,BX,USD,2023-04-25,88.48,88.76,86.1,87.0,27150,17335,86.938
US09260D1072,372834689,BX,USD,2023-04-26,86.55,87.55,85.05,85.31,20838,12651,86.079
US09260D1072,372834689,BX,USD,2023-04-27,86.32,87.43,85.4,86.98,23761,13876,86.765
US09260D1072,372834689,BX,USD,2023-04-28,86.38,90.36,86.01,88.74,36361,21621,89.089
US09260D1072,372834689,BX,USD,2023-05-01,89.0,91.37,86.08,87.95,34558,21028,89.47
US09260D1072,372834689,BX,USD,2023-05-02,87.3,87.5,83.23,84.5,46312,28073,84.824
US09260D1072,372834689,BX,USD,2023-05-03,84.82,85.79,82.15,82.95,30021,16804,84.268
US09260D1072,372834689,BX,USD,2023-05-04,82.6,82.6,79.92,80.28,40260,25252,80.922
US09260D1072,372834689,BX,USD,2023-05-05,81.74,83.24,81.12,82.0,28546,16367,82.272
US09260D1072,372834689,BX,USD,2023-05-08,82.0,83.06,81.0,81.0,22630,12282,81.947
US09260D1072,372834689,BX,USD,2023-05-09,81.0,82.76,80.05,81.63,24452,14028,81.576
US09260D1072,372834689,BX,USD,2023-05-10,82.0,84.07,81.08,82.59,20579,11437,82.592
US09260D1072,372834689,BX,USD,2023-05-11,83.4,83.45,81.47,83.3,22631,13028,82.561
US09260D1072,372834689,BX,USD,2023-05-12,83.57,84.58,82.22,82.5,19346,11877,82.919
US09260D1072,372834689,BX,USD,2023-05-15,83.25,83.47,81.9,83.1,14173,6963,82.852
US09260D1072,372834689,BX,USD,2023-05-16,83.0,83.29,80.28,80.5,23563,13639,80.821
US09260D1072,372834689,BX,USD,2023-05-17,81.66,84.64,80.75,83.6,27003,15260,83.071
US09260D1072,372834689,BX,USD,2023-05-18,83.97,84.84,82.22,83.74,22318,13500,83.142
US09260D1072,372834689,BX,USD,2023-05-19,84.0,84.38,81.66,83.07,22498,12753,82.936
US09260D1072,372834689,BX,USD,2023-05-22,82.99,85.34,82.2,85.0,23197,12492,84.33
US09260D1072,372834689,BX,USD,2023-05-23,84.75,85.81,83.33,83.46,19405,11763,84.363
US09260D1072,372834689,BX,USD,2023-05-24,82.98,83.6,81.06,82.2,17752,9935,82.505
US09260D1072,372834689,BX,USD,2023-05-25,83.21,84.19,81.94,83.05,19019,11470,83.224
US09260D1072,372834689,BX,USD,2023-05-26,83.4,86.07,82.87,85.95,23060,13555,85.312
US09260D1072,372834689,BX,USD,2023-05-30,86.1,86.93,85.07,86.29,24901,15518,86.167
US09260D1072,372834689,BX,USD,2023-05-31,85.88,86.51,82.54,85.64,103756,24661,85.45
US09260D1072,372834689,BX,USD,2023-06-01,86.29,87.98,84.11,87.14,33655,20197,86.956
US09260D1072,372834689,BX,USD,2023-06-02,87.98,91.09,86.82,87.25,51164,30893,89.864
US09260D1072,372834689,BX,USD,2023-06-05,88.0,88.0,83.43,84.85,45236,26300,85.473
US09260D1072,372834689,BX,USD,2023-06-06,86.0,87.75,85.1,87.25,27826,15119,86.962
US09260D1072,372834689,BX,USD,2023-06-07,87.84,88.4,86.88,86.9,20651,11816,87.453
US09260D1072,372834689,BX,USD,2023-06-08,86.9,88.8,86.17,88.5,21251,11192,87.946
US09260D1072,372834689,BX,USD,2023-06-09,88.26,89.43,87.6,88.0,18776,10361,88.354
US09260D1072,372834689,BX,USD,2023-06-12,88.3,89.99,87.83,89.5,22259,11577,89.093
US09260D1072,372834689,BX,USD,2023-06-13,90.0,91.89,89.68,90.67,21542,12983,90.752
US09260D1072,372834689,BX,USD,2023-06-14,91.0,92.01,89.54,90.29,21496,11165,90.859
US09260D1072,372834689,BX,USD,2023-06-15,89.88,93.17,89.88,92.41,22627,11289,92.194
US09260D1072,372834689,BX,USD,2023-06-16,93.0,93.8,90.95,91.1,45873,13100,91.369
US09260D1072,372834689,BX,USD,2023-06-20,90.54,90.9,89.1,90.62,21307,8862,90.44
US09260D1072,372834689,BX,USD,2023-06-21,89.9,90.54,88.95,88.95,15703,6329,89.515
US09260D1072,372834689,BX,USD,2023-06-22,88.68,89.44,87.4,89.44,16573,8382,88.681
US09260D1072,372834689,BX,USD,2023-06-23,87.65,88.95,87.65,87.9,20853,8929,88.141
US09260D1072,372834689,BX,USD,2023-06-26,87.99,91.37,87.59,88.5,15274,8527,89.05
US09260D1072,372834689,BX,USD,2023-06-27,89.0,92.03,88.78,91.38,22433,11211,91.281
US09260D1072,372834689,BX,USD,2023-06-28,91.5,92.0,90.18,92.0,14539,8266,90.95
US09260D1072,372834689,BX,USD,2023-06-29,91.29,92.95,91.29,92.81,20431,10636,92.471
US09260D1072,372834689,BX,USD,2023-06-30,93.75,94.15,91.9,93.31,27099,12110,93.531
US09260D1072,372834689,BX,USD,2023-07-03,93.0,95.33,92.68,94.8,13704,7437,94.776
US09260D1072,372834689,BX,USD,2023-07-05,94.49,94.49,92.29,92.99,17529,9324,93.288
US09260D1072,372834689,BX,USD,2023-07-06,92.21,92.21,89.47,91.51,24387,14792,90.906
US09260D1072,372834689,BX,USD,2023-07-07,92.05,92.88,90.91,92.25,13260,7734,92.255
US09260D1072,372834689,BX,USD,2023-07-10,92.28,93.97,91.22,93.54,14617,7300,93.339
US09260D1072,372834689,BX,USD,2023-07-11,93.47,98.86,93.47,98.03,61673,34628,97.683
US09260D1072,372834689,BX,USD,2023-07-12,98.79,100.44,95.59,97.51,37880,23737,98.975
US09260D1072,372834689,BX,USD,2023-07-13,99.0,103.0,98.68,101.55,39798,19236,101.707
US09260D1072,372834689,BX,USD,2023-07-14,102.65,104.86,102.65,104.75,63305,32181,104.286
US09260D1072,372834689,BX,USD,2023-07-17,104.75,106.84,103.48,103.5,50057,27178,104.682
US09260D1072,372834689,BX,USD,2023-07-18,104.3,107.44,103.15,106.98,50205,29517,106.178
US09260D1072,372834689,BX,USD,2023-07-19,107.0,108.99,103.52,108.17,47753,27435,108.141
US09260D1072,372834689,BX,USD,2023-07-20,109.0,109.0,103.9,107.8,45883,24337,107.101
US09260D1072,372834689,BX,USD,2023-07-21,107.57,107.69,104.38,104.89,32474,18067,105.596
US09260D1072,372834689,BX,USD,2023-07-24,105.09,106.33,104.25,105.0,21892,12737,105.274
US09260D1072,372834689,BX,USD,2023-07-25,105.25,106.5,103.76,103.76,13276,8055,104.857
US09260D1072,372834689,BX,USD,2023-07-26,103.95,105.37,102.86,104.79,27201,15209,104.13
US09260D1072,372834689,BX,USD,2023-07-27,105.66,106.6,103.15,103.5,25755,13747,104.563
US09260D1072,372834689,BX,USD,2023-07-28,103.5,105.59,103.17,105.24,23202,11998,104.841
US09260D1072,372834689,BX,USD,2023-07-31,105.0,105.75,103.7,104.75,18813,10598,104.658
US09260D1072,372834689,BX,USD,2023-08-01,104.57,106.58,103.92,105.0,28320,14392,105.856
US09260D1072,372834689,BX,USD,2023-08-02,105.0,105.01,102.54,102.95,27819,13818,103.314
US09260D1072,372834689,BX,USD,2023-08-03,102.52,102.96,100.94,102.4,35989,20046,102.243
US09260D1072,372834689,BX,USD,2023-08-04,102.5,104.48,102.23,102.73,21933,12593,103.354
US09260D1072,372834689,BX,USD,2023-08-07,102.95,104.19,102.79,104.19,14823,8817,103.808
US09260D1072,372834689,BX,USD,2023-08-08,102.41,104.26,101.67,103.77,17715,8194,103.342
US09260D1072,372834689,BX,USD,2023-08-09,103.9,103.9,99.89,100.0,38224,19052,100.858
US09260D1072,372834689,BX,USD,2023-08-10,101.05,102.36,99.39,100.04,35704,17223,100.315
US09260D1072,372834689,BX,USD,2023-08-11,100.0,100.12,98.0,98.12,27693,16537,98.743
US09260D1072,372834689,BX,USD,2023-08-14,98.94,99.05,97.25,97.66,34455,17330,97.866
US09260D1072,372834689,BX,USD,2023-08-15,97.49,97.83,96.5,97.41,12145,7181,97.346
US09260D1072,372834689,BX,USD,2023-08-16,97.41,98.08,96.5,96.5,13353,6276,97.174
US09260D1072,372834689,BX,USD,2023-08-17,98.0,98.0,95.91,96.62,12303,6850,97.088
US09260D1072,372834689,BX,USD,2023-08-18,96.19,99.12,95.0,98.47,22427,12568,98.278
US09260D1072,372834689,BX,USD,2023-08-21,98.88,100.0,98.36,98.75,16613,9027,99.037
US09260D1072,372834689,BX,USD,2023-08-22,99.3,99.5,97.94,98.2,14846,8986,98.315
US09260D1072,372834689,BX,USD,2023-08-23,98.5,100.11,98.01,100.0,13017,6376,99.499
US09260D1072,372834689,BX,USD,2023-08-24,100.0,101.06,98.56,98.95,15246,9401,99.555
US09260D1072,372834689,BX,USD,2023-08-25,101.0,101.0,98.3,99.66,12823,6874,99.55
US09260D1072,372834689,BX,USD,2023-08-28,99.57,101.57,99.57,100.88,16653,7902,100.885
US09260D1072,372834689,BX,USD,2023-08-29,100.7,104.68,100.7,104.22,23685,14797,103.608
US09260D1072,372834689,BX,USD,2023-08-30,104.07,105.28,103.62,104.97,19480,10992,104.746
US09260D1072,372834689,BX,USD,2023-08-31,105.11,107.04,105.11,106.37,29394,15540,106.218
US09260D1072,372834689,BX,USD,2023-09-01,106.8,109.49,104.17,109.05,35015,18781,105.758
US09260D1072,372834689,BX,USD,2023-09-05,107.56,109.88,107.44,108.35,135728,79886,108.369
US09260D1072,372834689,BX,USD,2023-09-06,107.6,108.88,107.07,107.5,59386,39869,108.11
US09260D1072,372834689,BX,USD,2023-09-07,107.25,110.29,106.34,109.17,74139,44232,109.211
US09260D1072,372834689,BX,USD,2023-09-08,109.39,113.0,109.39,112.85,75491,39108,112.169
US09260D1072,372834689,BX,USD,2023-09-11,113.43,114.96,112.94,113.5,54318,35692,114.046
US09260D1072,372834689,BX,USD,2023-09-12,113.5,114.24,112.47,112.6,37990,24790,113.032
US09260D1072,372834689,BX,USD,2023-09-13,113.54,113.73,112.01,112.44,52119,33839,112.73
US09260D1072,372834689,BX,USD,2023-09-14,113.2,113.9,112.06,112.95,51391,32787,112.875
US09260D1072,372834689,BX,USD,2023-09-15,112.29,115.19,112.29,113.58,886857,83545,113.86
US09260D1072,372834689,BX,USD,2023-09-18,113.5,115.22,113.02,114.5,65218,36910,114.098
US09260D1072,372834689,BX,USD,2023-09-19,114.7,115.52,113.57,114.56,43512,25322,114.741
US09260D1072,372834689,BX,USD,2023-09-20,115.46,116.78,113.64,113.95,42297,24589,115.452
US09260D1072,372834689,BX,USD,2023-09-21,113.52,114.22,110.0,110.12,44076,27163,111.461
US09260D1072,372834689,BX,USD,2023-09-22,111.09,112.2,110.42,111.11,26861,15868,111.426
US09260D1072,372834689,BX,USD,2023-09-25,110.3,111.26,109.26,109.93,38704,20668,110.244
US09260D1072,372834689,BX,USD,2023-09-26,109.02,109.86,105.35,105.94,42044,25115,106.658
US09260D1072,372834689,BX,USD,2023-09-27,106.69,107.26,105.07,106.85,34010,19654,106.324
US09260D1072,372834689,BX,USD,2023-09-28,106.65,109.34,105.74,108.28,30220,18610,107.978
US09260D1072,372834689,BX,USD,2023-09-29,109.08,109.78,106.79,107.82,35047,19966,107.839
US09260D1072,372834689,BX,USD,2023-10-02,107.66,108.11,106.25,107.0,21575,12479,107.193
US09260D1072,372834689,BX,USD,2023-10-03,105.91,106.5,102.44,102.75,35706,20737,103.448
US09260D1072,372834689,BX,USD,2023-10-04,103.22,104.64,102.41,104.17,24280,13487,103.634
US09260D1072,372834689,BX,USD,2023-10-05,104.24,104.45,102.68,104.38,23265,11931,103.888
US09260D1072,372834689,BX,USD,2023-10-06,107.0,107.0,101.9,105.13,24674,14560,104.574
US09260D1072,372834689,BX,USD,2023-10-09,104.5,105.32,103.05,105.0,15818,9195,104.358
US09260D1072,372834689,BX,USD,2023-10-10,104.49,106.78,104.49,105.5,21277,11816,105.817
US09260D1072,372834689,BX,USD,2023-10-11,105.95,108.0,105.38,108.0,17686,9418,106.711
US09260D1072,372834689,BX,USD,2023-10-12,108.0,108.21,104.1,104.85,19479,10484,105.529
US09260D1072,372834689,BX,USD,2023-10-13,105.11,105.37,102.33,103.81,23761,13876,103.509
US09260D1072,372834689,BX,USD,2023-10-16,103.4,106.36,103.4,104.54,27684,16352,104.983
US09260D1072,372834689,BX,USD,2023-10-17,104.5,107.23,103.23,107.23,21635,13514,105.196
US09260D1072,372834689,BX,USD,2023-10-18,103.95,104.16,101.62,102.5,37529,22608,102.417
US09260D1072,372834689,BX,USD,2023-10-19,102.36,102.36,93.51,93.7,75011,43467,95.739
US09260D1072,372834689,BX,USD,2023-10-20,94.19,94.9,92.28,94.22,42950,21934,93.711
US09260D1072,372834689,BX,USD,2023-10-23,93.2,94.84,92.3,93.06,34504,20740,93.498
US09260D1072,372834689,BX,USD,2023-10-24,93.4,95.39,93.09,95.2,26368,15744,94.554
US09260D1072,372834689,BX,USD,2023-10-25,94.95,94.99,91.62,91.81,25624,14995,92.337
US09260D1072,372834689,BX,USD,2023-10-26,90.98,94.2,90.9,92.8,21920,13056,92.684
US09260D1072,372834689,BX,USD,2023-10-27,92.14,92.31,88.59,88.79,25409,14566,89.811
US09260D1072,372834689,BX,USD,2023-10-30,90.22,95.0,90.22,92.18,30327,15373,92.001
US09260D1072,372834689,BX,USD,2023-10-31,93.43,93.44,91.14,91.8,19632,10808,92.056
US09260D1072,372834689,BX,USD,2023-11-01,92.8,95.86,91.11,94.56,28120,15125,93.76
US09260D1072,372834689,BX,USD,2023-11-02,95.9,98.41,95.9,97.78,29739,17692,97.712
US09260D1072,372834689,BX,USD,2023-11-03,98.45,101.55,98.45,100.5,31903,16335,100.849
US09260D1072,372834689,BX,USD,2023-11-06,100.52,101.48,97.46,98.5,22156,12282,98.426
US09260D1072,372834689,BX,USD,2023-11-07,97.37,100.87,97.37,98.77,22624,12548,99.405
US09260D1072,372834689,BX,USD,2023-11-08,99.0,99.66,98.39,99.16,13431,6983,99.025
US09260D1072,372834689,BX,USD,2023-11-09,99.8,100.0,96.15,96.4,19081,11211,97.32
US09260D1072,372834689,BX,USD,2023-11-10,97.39,98.74,96.15,98.4,17470,8223,97.91
US09260D1072,372834689,BX,USD,2023-11-13,98.4,98.4,96.93,97.65,20073,9118,97.676
US09260D1072,372834689,BX,USD,2023-11-14,97.52,104.05,97.51,102.88,29154,16617,102.881
US09260D1072,372834689,BX,USD,2023-11-15,103.28,104.63,102.59,104.28,21557,12000,103.979
US09260D1072,372834689,BX,USD,2023-11-16,104.71,104.71,102.79,104.0,19884,9793,103.619
US09260D1072,372834689,BX,USD,2023-11-17,104.84,105.4,103.07,104.77,20817,9911,104.732
US09260D1072,372834689,BX,USD,2023-11-20,105.5,106.83,104.35,106.0,19767,9635,106.027
US09260D1072,372834689,BX,USD,2023-11-21,106.2,106.82,105.47,105.78,15020,7153,105.971
US09260D1072,372834689,BX,USD,2023-11-22,105.83,107.45,105.45,105.45,13830,7115,106.76
US09260D1072,372834689,BX,USD,2023-11-24,107.98,107.99,106.04,107.1,7006,3969,106.812
US09260D1072,372834689,BX,USD,2023-11-27,106.28,107.11,105.51,106.75,17261,9464,106.666
US09260D1072,372834689,BX,USD,2023-11-28,106.75,107.92,106.0,107.57,13897,7395,107.33
US09260D1072,372834689,BX,USD,2023-11-29,108.54,112.67,108.54,112.0,32526,17742,111.369
US09260D1072,372834689,BX,USD,2023-11-30,111.8,112.7,110.77,112.37,30398,12866,112.038
US09260D1072,372834689,BX,USD,2023-12-01,112.0,114.51,112.0,114.39,30187,12153,113.687
US09260D1072,372834689,BX,USD,2023-12-04,114.4,115.77,112.56,115.01,31869,14227,114.858
US09260D1072,372834689,BX,USD,2023-12-05,115.05,116.02,114.57,115.25,18925,10903,115.304
US09260D1072,372834689,BX,USD,2023-12-06,115.79,117.29,111.05,112.0,47496,22803,113.223
US09260D1072,372834689,BX,USD,2023-12-07,111.55,114.48,111.55,114.0,18217,8925,113.536
US09260D1072,372834689,BX,USD,2023-12-08,114.44,115.0,111.7,112.73,25974,12470,112.909
US09260D1072,372834689,BX,USD,2023-12-11,113.0,113.27,112.33,112.43,25190,12545,112.853
US09260D1072,372834689,BX,USD,2023-12-12,113.0,113.24,112.09,113.21,16913,8168,112.938
US09260D1072,372834689,BX,USD,2023-12-13,113.2,120.0,112.44,120.0,36272,18155,117.696
US09260D1072,372834689,BX,USD,2023-12-14,119.99,128.66,119.99,128.05,57238,33997,126.872
US09260D1072,372834689,BX,USD,2023-12-15,128.99,130.41,126.8,129.49,55978,21192,128.942
US09260D1072,372834689,BX,USD,2023-12-18,129.29,129.93,124.78,124.78,32716,15967,126.991
US09260D1072,372834689,BX,USD,2023-12-19,125.9,129.31,124.81,128.4,35066,18637,128.018
US09260D1072,372834689,BX,USD,2023-12-20,127.51,129.54,125.01,126.45,40426,17085,127.312
US09260D1072,372834689,BX,USD,2023-12-21,127.35,129.4,126.1,128.11,24002,11611,128.462
US09260D1072,372834689,BX,USD,2023-12-22,129.5,132.08,129.24,129.45,23162,13907,130.841
US09260D1072,372834689,BX,USD,2023-12-26,129.45,132.01,129.45,131.4,17947,7426,131.303
US09260D1072,372834689,BX,USD,2023-12-27,131.65,133.43,130.58,132.34,28144,11987,132.349
US09260D1072,372834689,BX,USD,2023-12-28,133.0,133.53,132.04,133.15,12888,6675,132.973
US09260D1072,372834689,BX,USD,2023-12-29,133.34,133.34,129.45,131.0,14576,7265,131.16
