ISIN,conId,Symbol,Currency,date,open,high,low,close,volume,barCount,average
US3021301094,269082,EXPD,USD,2019-01-02,66.77,67.9,66.38,67.31,8652,4639,67.225
US3021301094,269082,EXPD,USD,2019-01-03,66.73,67.98,64.56,64.98,13483,8427,65.311
US3021301094,269082,EXPD,USD,2019-01-04,66.0,67.45,65.9,66.92,11736,6917,66.909
US3021301094,269082,EXPD,USD,2019-01-07,67.01,67.81,66.56,67.24,13467,7686,67.292
US3021301094,269082,EXPD,USD,2019-01-08,68.04,68.52,67.25,67.86,10029,5385,67.733
US3021301094,269082,EXPD,USD,2019-01-09,68.21,69.34,67.99,68.67,11975,7585,68.809
US3021301094,269082,EXPD,USD,2019-01-10,68.36,68.77,67.72,68.73,11283,5593,68.513
US3021301094,269082,EXPD,USD,2019-01-11,68.35,68.82,67.7,68.4,7801,4715,68.341
US3021301094,269082,EXPD,USD,2019-01-14,67.76,68.42,66.8,68.19,7251,4900,68.11
US3021301094,269082,EXPD,USD,2019-01-15,68.17,68.45,66.72,67.0,14548,8595,67.112
US3021301094,269082,EXPD,USD,2019-01-16,67.0,68.16,66.77,67.03,14636,10040,67.244
US3021301094,269082,EXPD,USD,2019-01-17,66.91,68.36,66.73,67.94,10020,6248,67.821
US3021301094,269082,EXPD,USD,2019-01-18,66.9,69.81,66.9,69.29,18291,8900,69.233
US3021301094,269082,EXPD,USD,2019-01-22,69.01,69.23,68.02,68.39,8063,4859,68.387
US3021301094,269082,EXPD,USD,2019-01-23,68.4,68.5,67.77,68.46,10059,5814,68.26
US3021301094,269082,EXPD,USD,2019-01-24,68.47,69.24,67.81,68.61,5060,3268,68.564
US3021301094,269082,EXPD,USD,2019-01-25,69.12,69.56,67.03,69.33,4748,3190,69.241
US3021301094,269082,EXPD,USD,2019-01-28,68.63,68.87,68.14,68.32,6276,4129,68.397
US3021301094,269082,EXPD,USD,2019-01-29,68.59,68.96,68.05,68.6,5702,3379,68.618
US3021301094,269082,EXPD,USD,2019-01-30,68.93,69.64,68.06,69.42,5202,3680,69.031
US3021301094,269082,EXPD,USD,2019-01-31,69.77,69.77,68.68,69.3,9035,4339,69.186
US3021301094,269082,EXPD,USD,2019-02-01,69.48,70.31,68.75,69.71,5474,3772,69.777
US3021301094,269082,EXPD,USD,2019-02-04,69.7,70.26,69.54,70.23,6934,3152,70.116
US3021301094,269082,EXPD,USD,2019-02-05,70.24,70.89,70.05,70.82,5048,3110,70.58
US3021301094,269082,EXPD,USD,2019-02-06,70.72,71.32,70.47,70.6,6144,3293,70.763
US3021301094,269082,EXPD,USD,2019-02-07,70.4,71.5,70.4,71.4,10638,6922,71.171
US3021301094,269082,EXPD,USD,2019-02-08,70.89,71.34,70.56,71.12,11649,7900,71.048
US3021301094,269082,EXPD,USD,2019-02-11,71.15,71.4,70.9,71.08,7513,5331,71.15
US3021301094,269082,EXPD,USD,2019-02-12,71.58,73.07,71.58,73.03,11964,7690,72.634
US3021301094,269082,EXPD,USD,2019-02-13,73.11,74.16,72.06,73.77,13087,7249,73.768
US3021301094,269082,EXPD,USD,2019-02-14,73.42,74.46,73.14,74.07,7841,4733,74.01
US3021301094,269082,EXPD,USD,2019-02-15,73.84,74.44,73.34,74.3,13061,9232,73.73
US3021301094,269082,EXPD,USD,2019-02-19,74.3,75.13,72.92,75.02,15777,10385,74.644
US3021301094,269082,EXPD,USD,2019-02-20,75.0,75.69,74.32,75.55,8914,6379,75.265
US3021301094,269082,EXPD,USD,2019-02-21,75.42,75.86,75.04,75.52,7742,5550,75.501
US3021301094,269082,EXPD,USD,2019-02-22,75.61,75.98,74.85,75.8,7124,4857,75.725
US3021301094,269082,EXPD,USD,2019-02-25,76.02,76.11,75.07,75.41,7274,5435,75.494
US3021301094,269082,EXPD,USD,2019-02-26,75.5,75.62,74.66,74.68,7525,3999,74.938
US3021301094,269082,EXPD,USD,2019-02-27,74.58,74.8,74.08,74.75,5723,3819,74.577
US3021301094,269082,EXPD,USD,2019-02-28,74.5,75.25,74.11,74.95,8438,3926,74.955
US3021301094,269082,EXPD,USD,2019-03-01,75.44,75.68,74.84,75.4,7428,4759,75.301
US3021301094,269082,EXPD,USD,2019-03-04,75.27,75.97,74.67,75.33,8369,5209,75.223
US3021301094,269082,EXPD,USD,2019-03-05,75.52,75.81,74.95,74.97,6932,4279,75.36
US3021301094,269082,EXPD,USD,2019-03-06,75.04,75.45,74.71,74.88,8471,6254,74.96
US3021301094,269082,EXPD,USD,2019-03-07,74.82,74.96,73.64,74.35,8041,5194,74.205
US3021301094,269082,EXPD,USD,2019-03-08,74.35,74.57,73.21,74.55,9863,6901,74.058
US3021301094,269082,EXPD,USD,2019-03-11,74.67,76.19,74.49,76.17,8756,6310,75.806
US3021301094,269082,EXPD,USD,2019-03-12,76.2,76.89,76.06,76.57,9631,5851,76.552
US3021301094,269082,EXPD,USD,2019-03-13,76.87,77.49,76.64,76.87,9093,3966,76.965
US3021301094,269082,EXPD,USD,2019-03-14,76.98,77.29,76.34,77.07,7138,4426,76.947
US3021301094,269082,EXPD,USD,2019-03-15,76.91,77.33,75.89,76.01,11568,4402,76.4
US3021301094,269082,EXPD,USD,2019-03-18,76.16,76.64,75.71,76.54,9768,3972,76.395
US3021301094,269082,EXPD,USD,2019-03-19,76.61,76.74,75.69,76.2,6971,4438,76.119
US3021301094,269082,EXPD,USD,2019-03-20,75.95,76.22,74.48,74.82,8219,5286,74.944
US3021301094,269082,EXPD,USD,2019-03-21,74.54,76.08,74.49,75.89,4718,3208,75.718
US3021301094,269082,EXPD,USD,2019-03-22,75.63,75.85,74.07,74.12,7307,3116,74.408
US3021301094,269082,EXPD,USD,2019-03-25,73.8,74.25,73.05,73.72,10558,7812,73.614
US3021301094,269082,EXPD,USD,2019-03-26,74.04,74.29,73.66,74.06,11422,7256,74.022
US3021301094,269082,EXPD,USD,2019-03-27,74.09,74.52,73.8,74.17,9850,6857,74.265
US3021301094,269082,EXPD,USD,2019-03-28,74.39,75.04,74.36,74.97,5428,3602,74.914
US3021301094,269082,EXPD,USD,2019-03-29,75.5,76.11,75.26,75.9,8777,5228,75.815
US3021301094,269082,EXPD,USD,2019-04-01,76.44,77.68,76.26,77.6,7167,5442,77.216
US3021301094,269082,EXPD,USD,2019-04-02,77.6,78.17,77.23,78.09,10960,6397,77.856
US3021301094,269082,EXPD,USD,2019-04-03,78.15,79.24,77.57,77.78,12156,6164,78.19
US3021301094,269082,EXPD,USD,2019-04-04,77.6,78.48,77.01,78.35,4984,3358,78.158
US3021301094,269082,EXPD,USD,2019-04-05,78.63,78.98,77.89,78.11,8602,4690,78.202
US3021301094,269082,EXPD,USD,2019-04-08,77.95,79.25,77.74,78.23,4944,2836,78.155
US3021301094,269082,EXPD,USD,2019-04-09,78.0,79.15,77.52,77.81,6385,4339,77.884
US3021301094,269082,EXPD,USD,2019-04-10,78.02,78.14,77.34,77.8,5645,3867,77.748
US3021301094,269082,EXPD,USD,2019-04-11,78.04,78.32,77.72,78.19,4524,3089,78.109
US3021301094,269082,EXPD,USD,2019-04-12,78.63,79.07,78.32,79.04,4953,2849,78.878
US3021301094,269082,EXPD,USD,2019-04-15,78.98,79.13,77.87,78.95,4321,2494,78.955
US3021301094,269082,EXPD,USD,2019-04-16,79.05,80.15,78.72,79.81,7697,4351,79.579
US3021301094,269082,EXPD,USD,2019-04-17,80.31,80.52,79.86,80.1,5742,3857,80.131
US3021301094,269082,EXPD,USD,2019-04-18,80.08,80.69,79.64,80.43,9194,4460,80.401
US3021301094,269082,EXPD,USD,2019-04-22,80.43,80.43,79.41,79.96,5386,3169,79.966
US3021301094,269082,EXPD,USD,2019-04-23,80.01,80.08,79.54,79.98,6692,3640,79.917
US3021301094,269082,EXPD,USD,2019-04-24,80.02,80.64,79.91,80.5,8842,4962,80.431
US3021301094,269082,EXPD,USD,2019-04-25,80.22,80.22,78.47,78.73,6590,4598,79.045
US3021301094,269082,EXPD,USD,2019-04-26,78.69,79.32,77.9,79.28,4894,3239,78.981
US3021301094,269082,EXPD,USD,2019-04-29,79.28,79.47,77.87,78.34,6951,5058,78.558
US3021301094,269082,EXPD,USD,2019-04-30,78.34,79.55,78.19,79.42,11890,6080,79.093
US3021301094,269082,EXPD,USD,2019-05-01,79.38,79.38,77.0,77.0,9945,6893,77.964
US3021301094,269082,EXPD,USD,2019-05-02,77.12,78.24,76.6,78.22,7474,4567,77.97
US3021301094,269082,EXPD,USD,2019-05-03,78.61,79.23,78.42,79.16,5153,3920,78.984
US3021301094,269082,EXPD,USD,2019-05-06,77.83,79.16,77.37,78.71,9057,6492,78.836
US3021301094,269082,EXPD,USD,2019-05-07,77.1,77.1,73.91,75.73,17169,12799,75.127
US3021301094,269082,EXPD,USD,2019-05-08,75.9,76.0,74.6,74.94,10118,7007,75.266
US3021301094,269082,EXPD,USD,2019-05-09,74.41,74.91,74.03,74.2,10870,5972,74.413
US3021301094,269082,EXPD,USD,2019-05-10,73.95,74.38,72.55,73.81,11029,7768,73.606
US3021301094,269082,EXPD,USD,2019-05-13,72.47,73.1,71.9,72.14,10079,6630,72.365
US3021301094,269082,EXPD,USD,2019-05-14,72.29,73.66,72.11,72.83,8830,6448,72.993
US3021301094,269082,EXPD,USD,2019-05-15,72.48,73.72,72.33,73.33,8933,6334,73.322
US3021301094,269082,EXPD,USD,2019-05-16,73.47,74.74,73.37,74.37,8961,6460,74.342
US3021301094,269082,EXPD,USD,2019-05-17,73.9,75.53,73.78,74.54,11789,8179,74.895
US3021301094,269082,EXPD,USD,2019-05-20,73.92,74.11,73.33,73.85,7475,4902,73.737
US3021301094,269082,EXPD,USD,2019-05-21,74.26,74.63,73.84,73.95,8718,4161,74.139
US3021301094,269082,EXPD,USD,2019-05-22,73.52,73.66,72.32,72.89,5116,2748,72.851
US3021301094,269082,EXPD,USD,2019-05-23,72.38,72.64,71.16,71.68,6725,4288,71.601
US3021301094,269082,EXPD,USD,2019-05-24,72.06,72.26,71.2,71.71,4153,2772,71.633
US3021301094,269082,EXPD,USD,2019-05-28,71.67,71.83,70.64,70.83,12476,3804,70.933
US3021301094,269082,EXPD,USD,2019-05-29,70.62,70.65,69.47,70.37,8925,6513,70.175
US3021301094,269082,EXPD,USD,2019-05-30,70.48,70.94,69.54,70.3,5589,3989,70.088
US3021301094,269082,EXPD,USD,2019-05-31,69.44,70.03,68.87,69.59,8938,5473,69.67
US3021301094,269082,EXPD,USD,2019-06-03,69.31,70.58,69.31,70.15,10590,7070,70.017
US3021301094,269082,EXPD,USD,2019-06-04,70.84,71.52,70.45,71.49,6631,5115,71.139
US3021301094,269082,EXPD,USD,2019-06-05,71.7,72.54,71.33,72.43,5866,3708,72.246
US3021301094,269082,EXPD,USD,2019-06-06,72.16,72.63,71.21,71.75,6729,3621,71.718
US3021301094,269082,EXPD,USD,2019-06-07,72.09,72.74,71.97,72.56,5366,3577,72.503
US3021301094,269082,EXPD,USD,2019-06-10,72.88,74.42,72.75,73.7,8303,5861,73.838
US3021301094,269082,EXPD,USD,2019-06-11,74.02,74.43,72.77,73.02,7761,5546,73.153
US3021301094,269082,EXPD,USD,2019-06-12,73.08,74.3,70.29,74.28,14391,6270,73.782
US3021301094,269082,EXPD,USD,2019-06-13,74.41,74.99,74.14,74.53,5882,3681,74.53
US3021301094,269082,EXPD,USD,2019-06-14,74.54,74.67,73.3,73.98,4864,2848,73.851
US3021301094,269082,EXPD,USD,2019-06-17,73.87,74.35,73.06,73.11,5303,2724,73.636
US3021301094,269082,EXPD,USD,2019-06-18,73.42,74.43,73.28,74.32,6432,3606,74.133
US3021301094,269082,EXPD,USD,2019-06-19,74.34,75.51,74.31,75.38,6865,4579,75.169
US3021301094,269082,EXPD,USD,2019-06-20,75.8,76.47,75.64,76.22,7878,4390,76.213
US3021301094,269082,EXPD,USD,2019-06-21,75.85,76.34,75.31,75.39,10790,3019,75.636
US3021301094,269082,EXPD,USD,2019-06-24,75.51,75.63,74.15,74.29,8674,4726,74.541
US3021301094,269082,EXPD,USD,2019-06-25,74.35,74.82,73.67,73.83,7878,3084,73.948
US3021301094,269082,EXPD,USD,2019-06-26,73.75,74.29,72.92,73.18,7727,4939,73.291
US3021301094,269082,EXPD,USD,2019-06-27,73.4,74.85,73.4,74.74,5239,2659,74.628
US3021301094,269082,EXPD,USD,2019-06-28,74.99,76.15,74.98,75.86,14548,4558,75.839
US3021301094,269082,EXPD,USD,2019-07-01,76.17,77.15,75.37,75.99,5874,4030,75.9
US3021301094,269082,EXPD,USD,2019-07-02,76.15,76.18,74.29,74.46,7307,4230,74.715
US3021301094,269082,EXPD,USD,2019-07-03,74.56,75.5,74.35,75.47,4751,2840,75.066
US3021301094,269082,EXPD,USD,2019-07-05,75.3,75.45,74.42,75.37,3954,1882,75.158
US3021301094,269082,EXPD,USD,2019-07-08,74.94,75.47,74.58,75.0,4842,2134,74.973
US3021301094,269082,EXPD,USD,2019-07-09,74.47,74.79,72.94,73.53,15022,5309,73.633
US3021301094,269082,EXPD,USD,2019-07-10,73.27,73.96,71.56,71.63,8985,5809,72.108
US3021301094,269082,EXPD,USD,2019-07-11,71.66,72.53,71.37,72.43,13509,7385,72.225
US3021301094,269082,EXPD,USD,2019-07-12,72.9,74.18,72.54,74.15,9626,6331,73.82
US3021301094,269082,EXPD,USD,2019-07-15,74.12,74.31,73.72,74.11,5541,3900,74.116
US3021301094,269082,EXPD,USD,2019-07-16,74.12,75.65,74.12,75.1,6537,4161,75.187
US3021301094,269082,EXPD,USD,2019-07-17,74.59,74.89,73.63,73.64,7531,5072,73.949
US3021301094,269082,EXPD,USD,2019-07-18,73.63,74.23,73.33,74.01,7829,4814,73.916
US3021301094,269082,EXPD,USD,2019-07-19,74.5,75.34,74.01,74.9,15731,5618,75.001
US3021301094,269082,EXPD,USD,2019-07-22,74.97,75.62,74.6,74.67,5930,3962,74.994
US3021301094,269082,EXPD,USD,2019-07-23,74.94,75.44,74.21,75.42,6366,4230,74.982
US3021301094,269082,EXPD,USD,2019-07-24,75.44,76.99,74.91,76.54,7732,4952,76.53
US3021301094,269082,EXPD,USD,2019-07-25,76.44,76.71,74.96,75.4,5559,3084,75.482
US3021301094,269082,EXPD,USD,2019-07-26,75.53,76.34,75.19,76.19,3592,2450,76.096
US3021301094,269082,EXPD,USD,2019-07-29,75.99,76.23,75.45,76.19,3318,1974,76.019
US3021301094,269082,EXPD,USD,2019-07-30,75.94,76.8,75.56,76.25,4533,2589,76.322
US3021301094,269082,EXPD,USD,2019-07-31,76.03,77.2,75.69,76.35,9497,4564,76.525
US3021301094,269082,EXPD,USD,2019-08-01,76.16,76.17,72.79,73.32,9368,6668,74.312
US3021301094,269082,EXPD,USD,2019-08-02,73.22,73.92,72.65,73.18,6245,4245,73.091
US3021301094,269082,EXPD,USD,2019-08-05,71.53,71.9,68.9,69.0,13406,9357,69.921
US3021301094,269082,EXPD,USD,2019-08-06,74.78,77.91,71.6,72.46,13086,7535,72.741
US3021301094,269082,EXPD,USD,2019-08-07,71.34,72.81,69.5,72.59,7684,4899,72.297
US3021301094,269082,EXPD,USD,2019-08-08,72.86,73.37,72.29,73.14,6638,3934,73.093
US3021301094,269082,EXPD,USD,2019-08-09,73.08,73.31,71.88,72.29,6011,4149,72.384
US3021301094,269082,EXPD,USD,2019-08-12,72.0,72.0,70.96,71.09,5457,3304,71.258
US3021301094,269082,EXPD,USD,2019-08-13,70.74,72.4,70.18,71.8,24643,11894,71.626
US3021301094,269082,EXPD,USD,2019-08-14,70.83,71.41,69.85,70.2,9195,6299,70.419
US3021301094,269082,EXPD,USD,2019-08-15,70.5,71.02,69.91,70.4,8375,5916,70.348
US3021301094,269082,EXPD,USD,2019-08-16,70.48,71.83,69.96,70.4,5432,3088,71.382
US3021301094,269082,EXPD,USD,2019-08-19,72.57,72.57,71.63,71.72,4347,2338,71.876
US3021301094,269082,EXPD,USD,2019-08-20,71.79,71.79,70.39,70.45,4672,2579,70.676
US3021301094,269082,EXPD,USD,2019-08-21,71.11,71.25,70.44,70.62,5120,3516,70.729
US3021301094,269082,EXPD,USD,2019-08-22,70.96,70.96,69.87,70.24,4110,2671,70.23
US3021301094,269082,EXPD,USD,2019-08-23,69.69,70.2,67.97,68.32,10774,5332,68.915
US3021301094,269082,EXPD,USD,2019-08-26,68.87,69.72,68.39,69.45,6843,4536,69.288
US3021301094,269082,EXPD,USD,2019-08-27,69.92,70.16,69.37,69.88,8701,4461,69.814
US3021301094,269082,EXPD,USD,2019-08-28,69.88,71.05,69.42,70.65,4733,3002,70.586
US3021301094,269082,EXPD,USD,2019-08-29,71.39,72.27,71.05,71.52,3163,2124,71.518
US3021301094,269082,EXPD,USD,2019-08-30,71.87,72.09,70.77,71.1,7059,2349,71.136
US3021301094,269082,EXPD,USD,2019-09-03,70.2,70.99,69.83,70.21,4802,3370,70.222
US3021301094,269082,EXPD,USD,2019-09-04,70.84,71.29,70.63,71.18,4492,3158,71.048
US3021301094,269082,EXPD,USD,2019-09-05,71.39,72.92,71.39,72.56,5559,3474,72.615
US3021301094,269082,EXPD,USD,2019-09-06,72.86,73.45,72.6,73.25,5978,4145,73.175
US3021301094,269082,EXPD,USD,2019-09-09,73.35,74.01,73.17,73.96,3589,2296,73.711
US3021301094,269082,EXPD,USD,2019-09-10,74.07,75.55,73.55,75.51,7270,4397,75.086
US3021301094,269082,EXPD,USD,2019-09-11,75.27,75.87,74.84,75.85,6951,3937,75.548
US3021301094,269082,EXPD,USD,2019-09-12,75.7,76.05,75.06,75.21,5873,3489,75.365
US3021301094,269082,EXPD,USD,2019-09-13,75.28,76.8,75.28,76.22,8186,4981,76.313
US3021301094,269082,EXPD,USD,2019-09-16,75.75,76.0,75.21,75.39,4640,2950,75.46
US3021301094,269082,EXPD,USD,2019-09-17,75.39,75.51,74.42,74.9,4177,2034,75.191
US3021301094,269082,EXPD,USD,2019-09-18,75.0,75.35,73.77,75.29,5263,2551,75.096
US3021301094,269082,EXPD,USD,2019-09-19,75.07,75.38,74.22,74.59,3196,1765,74.748
US3021301094,269082,EXPD,USD,2019-09-20,74.95,75.07,73.5,73.99,8797,3036,74.165
US3021301094,269082,EXPD,USD,2019-09-23,73.46,73.46,72.24,72.58,6757,4303,72.704
US3021301094,269082,EXPD,USD,2019-09-24,72.94,73.32,71.6,71.75,5851,3504,71.955
US3021301094,269082,EXPD,USD,2019-09-25,71.93,73.11,71.63,72.87,4777,3075,72.768
US3021301094,269082,EXPD,USD,2019-09-26,72.93,73.01,72.1,72.86,4225,2700,72.705
US3021301094,269082,EXPD,USD,2019-09-27,73.3,74.05,72.96,73.29,5496,3598,73.322
US3021301094,269082,EXPD,USD,2019-09-30,73.32,74.4,73.15,74.29,8587,4607,74.222
US3021301094,269082,EXPD,USD,2019-10-01,74.75,75.7,73.12,73.17,7903,4932,73.951
US3021301094,269082,EXPD,USD,2019-10-02,72.05,72.23,70.73,70.96,6723,3714,71.145
US3021301094,269082,EXPD,USD,2019-10-03,70.82,71.33,69.46,71.04,4873,2712,70.844
US3021301094,269082,EXPD,USD,2019-10-04,71.17,72.06,70.8,71.47,4808,2737,71.369
US3021301094,269082,EXPD,USD,2019-10-07,71.34,71.37,70.51,70.84,5133,2557,70.925
US3021301094,269082,EXPD,USD,2019-10-08,70.18,70.26,68.9,68.98,6124,3346,69.295
US3021301094,269082,EXPD,USD,2019-10-09,69.5,71.0,69.3,70.65,10028,4322,70.193
US3021301094,269082,EXPD,USD,2019-10-10,70.7,72.19,70.5,72.11,12281,5818,71.458
US3021301094,269082,EXPD,USD,2019-10-11,72.33,75.2,72.33,74.38,10113,5667,74.581
US3021301094,269082,EXPD,USD,2019-10-14,74.04,74.29,73.5,74.0,5676,3692,73.973
US3021301094,269082,EXPD,USD,2019-10-15,74.21,75.6,74.16,75.09,9226,5440,75.046
US3021301094,269082,EXPD,USD,2019-10-16,74.82,75.34,74.28,74.42,4404,2815,74.579
US3021301094,269082,EXPD,USD,2019-10-17,74.81,74.95,74.25,74.42,3876,2198,74.476
US3021301094,269082,EXPD,USD,2019-10-18,74.25,74.53,73.81,73.94,7689,3794,74.036
US3021301094,269082,EXPD,USD,2019-10-21,74.44,74.74,74.15,74.29,4210,2017,74.338
US3021301094,269082,EXPD,USD,2019-10-22,74.06,75.02,73.8,74.98,4708,3291,74.643
US3021301094,269082,EXPD,USD,2019-10-23,74.98,75.56,74.01,74.97,6035,3211,74.992
US3021301094,269082,EXPD,USD,2019-10-24,75.0,75.04,74.14,74.41,3214,1809,74.538
US3021301094,269082,EXPD,USD,2019-10-25,74.38,75.35,74.38,75.25,3899,2155,75.168
US3021301094,269082,EXPD,USD,2019-10-28,75.54,76.0,74.92,75.1,4138,2497,75.281
US3021301094,269082,EXPD,USD,2019-10-29,75.17,75.42,74.75,75.07,4125,2135,75.088
US3021301094,269082,EXPD,USD,2019-10-30,74.35,74.51,72.79,74.01,5815,4058,73.626
US3021301094,269082,EXPD,USD,2019-10-31,73.9,73.91,72.6,72.94,8800,4405,72.96
US3021301094,269082,EXPD,USD,2019-11-01,73.48,73.88,72.76,73.61,6785,3778,73.351
US3021301094,269082,EXPD,USD,2019-11-04,74.0,75.18,74.0,75.18,10598,7441,74.622
US3021301094,269082,EXPD,USD,2019-11-05,75.18,81.15,75.18,77.55,18075,12587,78.714
US3021301094,269082,EXPD,USD,2019-11-06,77.26,78.25,76.42,77.0,11239,7237,76.978
US3021301094,269082,EXPD,USD,2019-11-07,77.2,78.15,77.05,77.2,6100,3858,77.361
US3021301094,269082,EXPD,USD,2019-11-08,77.2,77.8,76.84,77.27,6078,3169,77.296
US3021301094,269082,EXPD,USD,2019-11-11,76.76,77.07,76.11,76.61,3276,2401,76.498
US3021301094,269082,EXPD,USD,2019-11-12,76.52,77.01,76.22,76.42,4682,3123,76.456
US3021301094,269082,EXPD,USD,2019-11-13,76.24,76.24,75.39,75.81,7686,4283,75.838
US3021301094,269082,EXPD,USD,2019-11-14,75.76,76.27,75.29,76.2,6492,3515,76.007
US3021301094,269082,EXPD,USD,2019-11-15,76.66,77.08,76.18,76.39,7538,4856,76.584
US3021301094,269082,EXPD,USD,2019-11-18,76.18,76.32,75.11,75.5,8409,3878,75.464
US3021301094,269082,EXPD,USD,2019-11-19,75.84,76.06,75.12,75.88,6750,3040,75.831
US3021301094,269082,EXPD,USD,2019-11-20,75.58,75.79,74.96,75.34,5748,3209,75.395
US3021301094,269082,EXPD,USD,2019-11-21,75.44,75.58,74.5,74.72,5693,3193,74.8
US3021301094,269082,EXPD,USD,2019-11-22,74.72,75.55,74.46,75.51,5518,3403,75.22
US3021301094,269082,EXPD,USD,2019-11-25,75.79,76.62,75.31,76.58,6847,4193,76.365
US3021301094,269082,EXPD,USD,2019-11-26,76.43,76.8,76.01,76.34,35687,5102,76.366
US3021301094,269082,EXPD,USD,2019-11-27,76.27,76.28,75.55,75.75,8957,3560,75.807
US3021301094,269082,EXPD,USD,2019-11-29,75.15,75.49,74.58,74.76,3903,2434,74.878
US3021301094,269082,EXPD,USD,2019-12-02,74.76,75.58,73.77,73.78,10646,6386,74.363
US3021301094,269082,EXPD,USD,2019-12-03,73.1,73.73,72.38,72.67,16861,7448,72.658
US3021301094,269082,EXPD,USD,2019-12-04,72.83,74.5,72.5,72.5,11673,6875,73.639
US3021301094,269082,EXPD,USD,2019-12-05,73.14,73.97,72.82,73.14,8164,4924,73.323
US3021301094,269082,EXPD,USD,2019-12-06,74.01,74.17,73.28,73.55,5704,2964,73.572
US3021301094,269082,EXPD,USD,2019-12-09,73.53,74.39,73.32,74.38,9074,4101,74.176
US3021301094,269082,EXPD,USD,2019-12-10,74.49,74.52,73.83,74.12,6499,3552,74.087
US3021301094,269082,EXPD,USD,2019-12-11,74.02,74.43,73.82,74.43,7808,3998,74.227
US3021301094,269082,EXPD,USD,2019-12-12,74.42,76.61,73.84,76.32,7660,4805,75.971
US3021301094,269082,EXPD,USD,2019-12-13,76.28,77.07,75.09,76.15,9359,4575,76.196
US3021301094,269082,EXPD,USD,2019-12-16,76.55,76.95,76.0,76.26,7023,3819,76.33
US3021301094,269082,EXPD,USD,2019-12-17,76.23,76.63,76.0,76.6,11770,3687,76.406
US3021301094,269082,EXPD,USD,2019-12-18,76.3,77.02,75.75,76.86,10179,5143,76.728
US3021301094,269082,EXPD,USD,2019-12-19,76.59,76.91,76.17,76.56,5087,2957,76.553
US3021301094,269082,EXPD,USD,2019-12-20,77.49,77.49,76.15,76.45,15490,4467,76.549
US3021301094,269082,EXPD,USD,2019-12-23,76.45,76.96,76.42,76.74,6498,3197,76.71
US3021301094,269082,EXPD,USD,2019-12-24,76.56,77.35,76.56,77.3,1687,1091,77.097
US3021301094,269082,EXPD,USD,2019-12-26,77.31,77.35,76.83,77.31,3284,1773,77.228
US3021301094,269082,EXPD,USD,2019-12-27,77.6,77.74,77.0,77.52,2479,1365,77.498
US3021301094,269082,EXPD,USD,2019-12-30,77.5,78.16,77.15,77.99,9252,6363,77.895
US3021301094,269082,EXPD,USD,2019-12-31,78.02,78.17,77.76,78.02,4398,2434,77.981
US3021301094,269082,EXPD,USD,2020-01-02,78.02,78.73,77.62,78.35,7640,4195,78.132
US3021301094,269082,EXPD,USD,2020-01-03,78.35,78.35,76.76,77.87,5223,2527,77.586
US3021301094,269082,EXPD,USD,2020-01-06,77.09,77.44,75.82,76.83,6218,3405,76.618
US3021301094,269082,EXPD,USD,2020-01-07,76.5,76.94,76.08,76.63,6452,3109,76.593
US3021301094,269082,EXPD,USD,2020-01-08,76.69,76.94,76.05,76.38,7492,3305,76.482
US3021301094,269082,EXPD,USD,2020-01-09,76.38,77.02,76.29,76.81,7960,3589,76.741
US3021301094,269082,EXPD,USD,2020-01-10,76.81,77.67,76.81,77.21,8838,3986,77.14
US3021301094,269082,EXPD,USD,2020-01-13,77.22,77.9,77.08,77.62,7355,3315,77.602
US3021301094,269082,EXPD,USD,2020-01-14,77.67,79.15,77.54,78.72,8569,4423,78.724
US3021301094,269082,EXPD,USD,2020-01-15,78.95,79.57,78.46,79.5,6586,3883,79.172
US3021301094,269082,EXPD,USD,2020-01-16,79.53,81.64,78.79,81.34,10847,6880,81.137
US3021301094,269082,EXPD,USD,2020-01-17,79.0,79.0,73.0,76.82,28308,12869,76.972
US3021301094,269082,EXPD,USD,2020-01-21,76.47,76.88,73.59,74.02,15468,7240,74.189
US3021301094,269082,EXPD,USD,2020-01-22,74.26,74.5,73.13,73.66,10402,5693,73.678
US3021301094,269082,EXPD,USD,2020-01-23,73.54,74.2,72.59,73.97,11839,4802,73.784
US3021301094,269082,EXPD,USD,2020-01-24,74.45,74.62,73.49,74.34,7456,5241,74.195
US3021301094,269082,EXPD,USD,2020-01-27,73.1,75.09,72.95,73.96,15644,9268,74.372
US3021301094,269082,EXPD,USD,2020-01-28,74.1,74.33,72.56,72.56,12373,7709,73.945
US3021301094,269082,EXPD,USD,2020-01-29,74.0,74.08,73.29,73.62,10527,6758,73.68
US3021301094,269082,EXPD,USD,2020-01-30,72.84,73.66,72.51,73.43,9778,6102,72.988
US3021301094,269082,EXPD,USD,2020-01-31,73.13,73.62,72.35,73.04,38995,9243,73.005
US3021301094,269082,EXPD,USD,2020-02-03,73.53,74.19,72.43,72.7,11160,6733,72.899
US3021301094,269082,EXPD,USD,2020-02-04,73.34,73.87,72.88,73.27,7727,4738,73.356
US3021301094,269082,EXPD,USD,2020-02-05,73.64,74.81,73.5,73.71,8780,5407,73.974
US3021301094,269082,EXPD,USD,2020-02-06,73.76,74.42,73.26,74.03,8259,3782,73.918
US3021301094,269082,EXPD,USD,2020-02-07,73.63,74.44,73.17,73.34,8910,4920,73.506
US3021301094,269082,EXPD,USD,2020-02-10,73.3,73.45,72.5,72.78,7020,4526,72.747
US3021301094,269082,EXPD,USD,2020-02-11,73.17,73.8,73.06,73.16,5716,3093,73.31
US3021301094,269082,EXPD,USD,2020-02-12,73.39,73.83,73.13,73.42,4735,2452,73.429
US3021301094,269082,EXPD,USD,2020-02-13,72.94,74.21,72.87,74.18,8453,5186,73.891
US3021301094,269082,EXPD,USD,2020-02-14,74.27,74.63,73.04,73.28,11040,7061,73.498
US3021301094,269082,EXPD,USD,2020-02-18,71.53,76.48,71.53,74.43,9112,5803,75.012
US3021301094,269082,EXPD,USD,2020-02-19,74.43,76.57,74.01,76.18,13789,8176,75.823
US3021301094,269082,EXPD,USD,2020-02-20,71.71,76.73,71.71,75.47,14651,8765,75.736
US3021301094,269082,EXPD,USD,2020-02-21,74.94,76.21,74.52,75.41,13485,8413,75.427
US3021301094,269082,EXPD,USD,2020-02-24,73.53,74.18,71.77,72.94,14411,9406,72.823
US3021301094,269082,EXPD,USD,2020-02-25,73.08,73.46,72.01,72.34,20370,12696,72.465
US3021301094,269082,EXPD,USD,2020-02-26,72.79,74.28,72.41,72.74,19962,12905,73.272
US3021301094,269082,EXPD,USD,2020-02-27,72.74,72.74,69.08,69.13,19393,11932,70.515
US3021301094,269082,EXPD,USD,2020-02-28,67.62,71.33,66.9,70.42,38187,22738,69.48
US3021301094,269082,EXPD,USD,2020-03-02,70.44,72.04,69.09,71.94,17642,9967,71.197
US3021301094,269082,EXPD,USD,2020-03-03,70.31,72.59,69.69,70.22,13693,9114,70.683
US3021301094,269082,EXPD,USD,2020-03-04,71.14,73.17,70.22,73.13,11052,7034,72.062
US3021301094,269082,EXPD,USD,2020-03-05,71.1,72.24,70.71,72.08,15623,10107,71.712
US3021301094,269082,EXPD,USD,2020-03-06,70.14,71.71,69.87,70.48,21577,14281,70.491
US3021301094,269082,EXPD,USD,2020-03-09,66.25,70.11,66.0,67.75,27262,15929,68.319
US3021301094,269082,EXPD,USD,2020-03-10,69.11,70.1,67.45,69.95,28208,15872,69.14
US3021301094,269082,EXPD,USD,2020-03-11,68.12,69.79,67.0,67.43,21374,16078,67.84
US3021301094,269082,EXPD,USD,2020-03-12,65.6,66.13,60.0,61.0,35081,24800,63.592
US3021301094,269082,EXPD,USD,2020-03-13,64.15,65.26,61.01,65.15,24266,15802,63.416
US3021301094,269082,EXPD,USD,2020-03-16,57.85,62.6,57.8,58.74,20444,13413,60.004
US3021301094,269082,EXPD,USD,2020-03-17,61.25,62.23,58.0,61.77,24621,15763,60.092
US3021301094,269082,EXPD,USD,2020-03-18,59.36,61.29,56.96,60.75,17822,11508,59.54
US3021301094,269082,EXPD,USD,2020-03-19,60.75,61.49,57.7,58.01,16842,11065,58.673
US3021301094,269082,EXPD,USD,2020-03-20,58.01,59.36,52.85,54.94,26386,15260,56.165
US3021301094,269082,EXPD,USD,2020-03-23,55.35,57.56,53.02,55.86,18411,13176,55.866
US3021301094,269082,EXPD,USD,2020-03-24,57.9,63.67,57.45,63.09,19932,12344,61.277
US3021301094,269082,EXPD,USD,2020-03-25,63.63,67.3,61.27,64.9,16585,10544,64.745
US3021301094,269082,EXPD,USD,2020-03-26,64.43,66.02,62.58,65.2,15305,10548,65.031
US3021301094,269082,EXPD,USD,2020-03-27,63.18,66.7,62.38,65.11,12111,7965,64.675
US3021301094,269082,EXPD,USD,2020-03-30,65.11,67.34,63.86,66.6,12150,7254,65.978
US3021301094,269082,EXPD,USD,2020-03-31,66.13,67.62,65.96,66.72,12627,7616,66.75
US3021301094,269082,EXPD,USD,2020-04-01,64.05,67.55,64.01,65.48,12797,8734,66.042
US3021301094,269082,EXPD,USD,2020-04-02,65.48,67.96,64.68,67.7,14736,7990,66.973
US3021301094,269082,EXPD,USD,2020-04-03,67.25,68.44,66.35,67.1,10188,6414,67.209
US3021301094,269082,EXPD,USD,2020-04-06,68.73,69.66,68.03,69.21,15177,8870,68.9
US3021301094,269082,EXPD,USD,2020-04-07,69.21,71.86,69.21,70.68,14848,9388,71.01
US3021301094,269082,EXPD,USD,2020-04-08,70.81,73.0,70.19,72.47,13496,7645,71.783
US3021301094,269082,EXPD,USD,2020-04-09,72.29,73.47,71.0,71.48,11394,7389,72.018
US3021301094,269082,EXPD,USD,2020-04-13,70.92,71.68,69.7,70.55,7942,5663,70.554
US3021301094,269082,EXPD,USD,2020-04-14,71.28,71.85,70.23,70.62,16630,11543,70.795
US3021301094,269082,EXPD,USD,2020-04-15,66.06,70.18,66.06,68.74,13056,9056,69.227
US3021301094,269082,EXPD,USD,2020-04-16,68.92,70.24,67.56,69.95,15838,9989,69.228
US3021301094,269082,EXPD,USD,2020-04-17,71.53,71.93,70.13,71.74,12707,6894,71.394
US3021301094,269082,EXPD,USD,2020-04-20,68.79,71.72,68.79,70.67,6797,3492,70.887
US3021301094,269082,EXPD,USD,2020-04-21,69.89,70.42,69.16,69.67,8909,5036,69.767
US3021301094,269082,EXPD,USD,2020-04-22,69.67,70.78,69.0,70.37,10828,6169,70.154
US3021301094,269082,EXPD,USD,2020-04-23,70.37,71.73,69.7,70.37,10695,5980,70.479
US3021301094,269082,EXPD,USD,2020-04-24,70.22,72.07,69.51,71.93,9597,5268,71.391
US3021301094,269082,EXPD,USD,2020-04-27,72.17,72.77,71.68,72.29,8303,6019,72.295
US3021301094,269082,EXPD,USD,2020-04-28,72.62,73.23,71.75,71.92,7668,5741,72.226
US3021301094,269082,EXPD,USD,2020-04-29,72.67,73.0,71.1,72.49,9150,6932,72.307
US3021301094,269082,EXPD,USD,2020-04-30,72.05,72.49,70.84,71.68,16787,6258,71.674
US3021301094,269082,EXPD,USD,2020-05-01,71.0,71.75,70.23,71.36,8977,6107,71.246
US3021301094,269082,EXPD,USD,2020-05-04,70.67,71.49,69.54,71.42,13005,8503,70.886
US3021301094,269082,EXPD,USD,2020-05-05,72.18,74.54,72.01,72.9,13261,9584,73.18
US3021301094,269082,EXPD,USD,2020-05-06,71.91,73.38,71.14,72.74,11175,7020,72.74
US3021301094,269082,EXPD,USD,2020-05-07,73.82,75.07,73.13,74.38,8518,5662,74.403
US3021301094,269082,EXPD,USD,2020-05-08,74.77,75.56,74.07,74.83,7566,5033,74.768
US3021301094,269082,EXPD,USD,2020-05-11,76.09,76.09,73.82,75.08,9899,6201,74.833
US3021301094,269082,EXPD,USD,2020-05-12,75.42,75.42,73.57,73.57,8776,5416,74.375
US3021301094,269082,EXPD,USD,2020-05-13,73.45,74.42,72.34,73.3,9629,6999,73.175
US3021301094,269082,EXPD,USD,2020-05-14,72.54,73.0,71.07,72.98,9674,6994,72.216
US3021301094,269082,EXPD,USD,2020-05-15,72.4,73.47,71.29,71.51,39665,12911,71.928
US3021301094,269082,EXPD,USD,2020-05-18,73.34,73.81,72.35,73.69,17046,10978,73.319
US3021301094,269082,EXPD,USD,2020-05-19,74.04,74.04,71.85,71.92,11726,6701,72.471
US3021301094,269082,EXPD,USD,2020-05-20,72.75,73.9,72.46,73.16,11707,5763,72.889
US3021301094,269082,EXPD,USD,2020-05-21,72.28,72.89,72.06,72.19,6260,4236,72.41
US3021301094,269082,EXPD,USD,2020-05-22,72.06,72.25,71.09,72.06,7003,4478,71.766
US3021301094,269082,EXPD,USD,2020-05-26,74.0,74.48,72.45,73.67,8612,4966,73.715
US3021301094,269082,EXPD,USD,2020-05-27,75.0,75.47,74.01,75.38,8151,5428,75.094
US3021301094,269082,EXPD,USD,2020-05-28,75.4,76.41,75.13,75.66,7843,4552,75.733
US3021301094,269082,EXPD,USD,2020-05-29,75.01,76.5,74.42,76.37,15510,6826,76.008
US3021301094,269082,EXPD,USD,2020-06-01,76.0,76.36,73.63,75.59,5319,3913,75.781
US3021301094,269082,EXPD,USD,2020-06-02,76.07,77.19,76.07,77.16,9084,4918,76.967
US3021301094,269082,EXPD,USD,2020-06-03,77.75,78.73,77.32,78.42,7374,4335,78.303
US3021301094,269082,EXPD,USD,2020-06-04,79.87,79.88,77.24,77.61,8857,5739,77.825
US3021301094,269082,EXPD,USD,2020-06-05,78.08,78.9,77.81,77.92,9293,6059,78.245
US3021301094,269082,EXPD,USD,2020-06-08,77.88,78.9,77.43,77.92,6863,4287,78.042
US3021301094,269082,EXPD,USD,2020-06-09,77.4,78.45,76.79,78.18,9435,6202,77.976
US3021301094,269082,EXPD,USD,2020-06-10,78.61,78.61,77.56,77.91,10260,6740,77.995
US3021301094,269082,EXPD,USD,2020-06-11,77.53,77.72,73.49,73.54,12939,8673,74.795
US3021301094,269082,EXPD,USD,2020-06-12,74.5,75.33,72.29,73.57,7213,5184,73.459
US3021301094,269082,EXPD,USD,2020-06-15,72.22,74.43,71.94,74.18,8751,5549,73.755
US3021301094,269082,EXPD,USD,2020-06-16,75.66,77.36,73.54,73.98,9530,6753,74.424
US3021301094,269082,EXPD,USD,2020-06-17,74.5,75.05,73.55,73.98,10354,5913,74.039
US3021301094,269082,EXPD,USD,2020-06-18,74.08,74.75,73.41,73.62,7114,4393,73.853
US3021301094,269082,EXPD,USD,2020-06-19,74.99,75.04,72.41,73.55,18302,5700,73.518
US3021301094,269082,EXPD,USD,2020-06-22,73.26,75.28,72.13,74.58,14503,8378,74.348
US3021301094,269082,EXPD,USD,2020-06-23,75.44,76.07,74.6,75.43,7676,4824,75.469
US3021301094,269082,EXPD,USD,2020-06-24,75.0,75.47,73.49,73.63,9880,6282,74.033
US3021301094,269082,EXPD,USD,2020-06-25,73.44,74.08,72.3,72.99,9746,5606,72.863
US3021301094,269082,EXPD,USD,2020-06-26,72.84,74.01,72.58,73.54,15845,8213,73.427
US3021301094,269082,EXPD,USD,2020-06-29,74.12,75.07,73.69,74.3,5972,3986,74.347
US3021301094,269082,EXPD,USD,2020-06-30,74.48,76.4,74.43,76.4,8601,4585,75.723
US3021301094,269082,EXPD,USD,2020-07-01,76.61,77.78,75.1,76.19,9399,6436,76.041
US3021301094,269082,EXPD,USD,2020-07-02,76.89,77.53,76.31,77.15,6405,3992,77.057
US3021301094,269082,EXPD,USD,2020-07-06,77.95,78.41,76.79,77.24,6217,4504,77.285
US3021301094,269082,EXPD,USD,2020-07-07,76.64,77.58,75.14,77.22,9312,4761,77.119
US3021301094,269082,EXPD,USD,2020-07-08,77.01,77.8,76.09,76.46,5844,4003,76.516
US3021301094,269082,EXPD,USD,2020-07-09,76.62,77.29,75.91,77.01,5347,3687,76.831
US3021301094,269082,EXPD,USD,2020-07-10,77.32,77.93,76.87,77.58,4558,3235,77.568
US3021301094,269082,EXPD,USD,2020-07-13,78.2,78.58,77.06,77.23,5567,3718,77.718
US3021301094,269082,EXPD,USD,2020-07-14,77.23,78.36,76.73,78.12,6477,3565,77.954
US3021301094,269082,EXPD,USD,2020-07-15,79.02,80.03,78.24,79.83,7376,4011,79.541
US3021301094,269082,EXPD,USD,2020-07-16,79.89,80.19,79.03,79.14,5412,3546,79.343
US3021301094,269082,EXPD,USD,2020-07-17,79.51,79.99,79.33,79.63,9109,3428,79.632
US3021301094,269082,EXPD,USD,2020-07-20,79.38,80.01,78.93,79.42,4829,2882,79.476
US3021301094,269082,EXPD,USD,2020-07-21,79.86,80.48,79.23,79.86,6383,4869,79.954
US3021301094,269082,EXPD,USD,2020-07-22,79.96,80.14,79.34,79.51,4202,2438,79.576
US3021301094,269082,EXPD,USD,2020-07-23,79.78,80.5,79.49,80.39,6885,4360,80.244
US3021301094,269082,EXPD,USD,2020-07-24,80.34,80.79,80.03,80.19,4115,2754,80.307
US3021301094,269082,EXPD,USD,2020-07-27,80.11,81.17,79.69,81.08,6677,3882,80.861
US3021301094,269082,EXPD,USD,2020-07-28,81.05,83.0,79.41,83.0,4365,2934,79.842
US3021301094,269082,EXPD,USD,2020-07-29,80.0,83.94,79.46,83.82,10465,7557,83.332
US3021301094,269082,EXPD,USD,2020-07-30,84.0,84.34,82.08,83.02,6480,5013,82.833
US3021301094,269082,EXPD,USD,2020-07-31,82.87,84.9,82.65,84.35,15935,9193,84.004
US3021301094,269082,EXPD,USD,2020-08-03,84.35,85.88,84.31,85.83,15509,11435,85.232
US3021301094,269082,EXPD,USD,2020-08-04,89.0,89.99,84.21,86.84,13866,9405,86.313
US3021301094,269082,EXPD,USD,2020-08-05,86.8,86.8,80.63,84.09,15809,10676,84.143
US3021301094,269082,EXPD,USD,2020-08-06,84.41,85.07,83.97,84.53,9089,5691,84.508
US3021301094,269082,EXPD,USD,2020-08-07,84.52,85.71,84.5,85.45,9107,6125,85.209
US3021301094,269082,EXPD,USD,2020-08-10,85.09,86.03,84.69,85.19,9523,6545,85.222
US3021301094,269082,EXPD,USD,2020-08-11,85.52,86.67,85.19,85.69,9967,6245,86.036
US3021301094,269082,EXPD,USD,2020-08-12,86.4,87.0,85.96,86.15,6955,4415,86.39
US3021301094,269082,EXPD,USD,2020-08-13,86.75,86.75,85.14,85.98,9148,5354,85.743
US3021301094,269082,EXPD,USD,2020-08-14,86.22,87.14,85.31,86.1,4901,3023,86.399
US3021301094,269082,EXPD,USD,2020-08-17,86.27,86.98,86.12,86.5,5121,2849,86.569
US3021301094,269082,EXPD,USD,2020-08-18,86.62,87.16,86.26,86.84,6463,3011,86.832
US3021301094,269082,EXPD,USD,2020-08-19,86.94,87.74,86.83,87.17,4732,2822,87.292
US3021301094,269082,EXPD,USD,2020-08-20,87.17,87.18,86.32,86.86,6273,4070,86.905
US3021301094,269082,EXPD,USD,2020-08-21,86.91,86.95,86.06,86.29,9776,4672,86.352
US3021301094,269082,EXPD,USD,2020-08-24,86.91,87.25,86.42,87.14,5716,3829,86.886
US3021301094,269082,EXPD,USD,2020-08-25,87.47,87.64,86.9,87.44,4400,2953,87.245
US3021301094,269082,EXPD,USD,2020-08-26,87.03,87.62,86.71,87.55,6655,3608,87.448
US3021301094,269082,EXPD,USD,2020-08-27,87.83,88.13,87.26,87.5,8566,4204,87.703
US3021301094,269082,EXPD,USD,2020-08-28,88.04,88.97,87.46,88.88,5255,3110,88.437
US3021301094,269082,EXPD,USD,2020-08-31,88.8,89.12,88.0,88.39,6694,3071,88.43
US3021301094,269082,EXPD,USD,2020-09-01,88.39,89.75,87.76,89.68,5657,3283,89.327
US3021301094,269082,EXPD,USD,2020-09-02,89.58,91.22,89.58,90.77,9993,5492,90.558
US3021301094,269082,EXPD,USD,2020-09-03,90.89,91.0,87.93,88.55,7525,4462,88.734
US3021301094,269082,EXPD,USD,2020-09-04,88.8,89.4,86.71,87.8,6484,3822,87.871
US3021301094,269082,EXPD,USD,2020-09-08,87.68,87.93,86.23,86.46,10974,5722,86.766
US3021301094,269082,EXPD,USD,2020-09-09,87.67,90.2,87.24,89.75,7391,4271,89.569
US3021301094,269082,EXPD,USD,2020-09-10,89.86,89.86,88.54,88.61,8297,4906,89.148
US3021301094,269082,EXPD,USD,2020-09-11,89.0,90.64,88.93,90.3,12238,7836,90.11
US3021301094,269082,EXPD,USD,2020-09-14,90.8,91.85,90.69,91.21,10794,4653,91.297
US3021301094,269082,EXPD,USD,2020-09-15,91.54,93.58,91.03,93.3,11171,5355,92.996
US3021301094,269082,EXPD,USD,2020-09-16,93.93,95.12,91.3,92.69,8463,4467,92.001
US3021301094,269082,EXPD,USD,2020-09-17,90.65,92.88,90.36,92.88,8842,4398,92.134
US3021301094,269082,EXPD,USD,2020-09-18,92.38,93.79,90.69,91.32,16197,6224,91.682
US3021301094,269082,EXPD,USD,2020-09-21,90.01,90.36,87.3,88.33,7665,4964,88.277
US3021301094,269082,EXPD,USD,2020-09-22,88.68,89.78,88.44,89.2,8994,4966,89.229
US3021301094,269082,EXPD,USD,2020-09-23,89.14,90.7,88.65,88.74,7676,4586,89.467
US3021301094,269082,EXPD,USD,2020-09-24,88.39,90.09,87.75,89.36,5978,4083,89.135
US3021301094,269082,EXPD,USD,2020-09-25,88.87,90.7,88.31,90.32,3988,2406,90.135
US3021301094,269082,EXPD,USD,2020-09-28,91.25,92.19,90.97,91.37,5347,2936,91.437
US3021301094,269082,EXPD,USD,2020-09-29,91.49,92.12,90.9,91.63,5009,3447,91.669
US3021301094,269082,EXPD,USD,2020-09-30,91.76,92.19,89.94,90.4,9148,4229,90.772
US3021301094,269082,EXPD,USD,2020-10-01,91.13,91.47,88.86,89.29,7968,4964,89.854
US3021301094,269082,EXPD,USD,2020-10-02,88.47,90.1,88.31,89.65,6137,3347,89.519
US3021301094,269082,EXPD,USD,2020-10-05,90.23,91.19,90.23,91.09,5999,2952,90.961
US3021301094,269082,EXPD,USD,2020-10-06,91.3,91.36,89.2,89.32,5355,3125,90.021
US3021301094,269082,EXPD,USD,2020-10-07,89.3,91.42,89.29,90.74,6277,3132,90.765
US3021301094,269082,EXPD,USD,2020-10-08,91.24,91.82,90.36,91.66,6813,3649,91.408
US3021301094,269082,EXPD,USD,2020-10-09,92.07,92.6,91.75,92.49,4952,2812,92.292
US3021301094,269082,EXPD,USD,2020-10-12,92.84,93.4,92.43,93.26,5859,3476,93.049
US3021301094,269082,EXPD,USD,2020-10-13,93.2,94.08,92.01,93.14,7602,4413,93.172
US3021301094,269082,EXPD,USD,2020-10-14,93.2,94.44,92.92,93.75,5055,2599,93.868
US3021301094,269082,EXPD,USD,2020-10-15,93.32,93.96,92.67,93.86,3675,2113,93.65
US3021301094,269082,EXPD,USD,2020-10-16,93.91,93.96,92.82,93.29,11785,3139,93.349
US3021301094,269082,EXPD,USD,2020-10-19,93.66,93.9,92.25,92.56,7512,3301,92.826
US3021301094,269082,EXPD,USD,2020-10-20,93.08,94.9,92.9,93.73,5269,3525,93.937
US3021301094,269082,EXPD,USD,2020-10-21,95.0,95.29,93.48,93.78,6302,3298,94.092
US3021301094,269082,EXPD,USD,2020-10-22,93.78,94.56,93.28,94.27,5038,2594,94.032
US3021301094,269082,EXPD,USD,2020-10-23,94.39,95.38,93.96,95.2,3683,1960,94.993
US3021301094,269082,EXPD,USD,2020-10-26,94.47,94.88,93.34,94.27,7422,4265,93.89
US3021301094,269082,EXPD,USD,2020-10-27,94.5,95.05,94.17,94.28,6313,3861,94.513
US3021301094,269082,EXPD,USD,2020-10-28,93.03,93.42,89.15,89.19,9645,6331,90.295
US3021301094,269082,EXPD,USD,2020-10-29,89.2,90.43,88.24,88.24,8866,5103,89.54
US3021301094,269082,EXPD,USD,2020-10-30,88.81,89.75,86.91,88.15,13991,6458,88.154
US3021301094,269082,EXPD,USD,2020-11-02,89.69,90.11,87.94,88.69,11954,7822,88.682
US3021301094,269082,EXPD,USD,2020-11-03,93.94,93.94,85.01,87.0,16213,11180,87.037
US3021301094,269082,EXPD,USD,2020-11-04,87.93,89.49,86.5,86.93,12157,6879,87.566
US3021301094,269082,EXPD,USD,2020-11-05,87.18,88.97,86.87,87.41,9756,5740,87.603
US3021301094,269082,EXPD,USD,2020-11-06,87.75,88.7,86.83,88.32,6022,3189,88.097
US3021301094,269082,EXPD,USD,2020-11-09,94.46,94.46,87.23,87.31,13224,9102,88.453
US3021301094,269082,EXPD,USD,2020-11-10,87.29,88.94,86.75,88.28,9514,5636,88.248
US3021301094,269082,EXPD,USD,2020-11-11,88.95,89.59,87.71,88.61,5698,3152,88.639
US3021301094,269082,EXPD,USD,2020-11-12,88.79,89.33,87.23,87.77,8349,4579,87.907
US3021301094,269082,EXPD,USD,2020-11-13,88.36,90.16,86.7,89.19,8363,5152,89.315
US3021301094,269082,EXPD,USD,2020-11-16,90.35,91.16,89.07,90.27,7987,4872,90.497
US3021301094,269082,EXPD,USD,2020-11-17,89.74,90.11,88.79,89.91,6229,3247,89.701
US3021301094,269082,EXPD,USD,2020-11-18,89.94,91.93,89.41,90.15,8020,5043,90.774
US3021301094,269082,EXPD,USD,2020-11-19,89.99,90.5,89.1,90.28,6783,4122,90.024
US3021301094,269082,EXPD,USD,2020-11-20,90.29,90.72,88.86,88.99,8609,4290,89.289
US3021301094,269082,EXPD,USD,2020-11-23,89.27,89.73,88.47,88.78,10777,5646,88.827
US3021301094,269082,EXPD,USD,2020-11-24,89.49,91.63,89.13,90.14,7710,4444,90.535
US3021301094,269082,EXPD,USD,2020-11-25,90.38,90.62,88.89,90.3,4940,3118,90.138
US3021301094,269082,EXPD,USD,2020-11-27,90.3,90.5,88.85,88.96,7743,2476,89.53
US3021301094,269082,EXPD,USD,2020-11-30,88.58,89.47,88.06,89.36,20056,6954,89.097
US3021301094,269082,EXPD,USD,2020-12-01,89.24,91.5,88.98,89.75,9122,5408,90.24
US3021301094,269082,EXPD,USD,2020-12-02,89.79,90.12,87.95,89.23,6912,3779,88.783
US3021301094,269082,EXPD,USD,2020-12-03,88.92,89.75,88.2,88.7,6966,3865,88.936
US3021301094,269082,EXPD,USD,2020-12-04,88.86,90.63,88.76,90.06,6665,3289,90.038
US3021301094,269082,EXPD,USD,2020-12-07,90.29,90.39,89.29,89.94,6133,2650,89.72
US3021301094,269082,EXPD,USD,2020-12-08,89.61,90.31,89.09,90.06,5077,2680,90.011
US3021301094,269082,EXPD,USD,2020-12-09,90.28,90.83,90.06,90.63,4451,2602,90.498
US3021301094,269082,EXPD,USD,2020-12-10,90.63,90.9,88.85,89.7,6174,3155,89.636
US3021301094,269082,EXPD,USD,2020-12-11,89.54,91.02,88.71,90.54,6364,2998,90.504
US3021301094,269082,EXPD,USD,2020-12-14,91.18,91.89,89.88,90.18,7590,4497,90.532
US3021301094,269082,EXPD,USD,2020-12-15,90.69,91.42,89.8,90.13,12978,4113,90.193
US3021301094,269082,EXPD,USD,2020-12-16,90.31,92.12,90.08,91.4,7863,4388,91.485
US3021301094,269082,EXPD,USD,2020-12-17,92.0,94.32,91.36,92.32,6934,4146,93.659
US3021301094,269082,EXPD,USD,2020-12-18,94.03,95.47,93.4,95.4,18194,4106,95.001
US3021301094,269082,EXPD,USD,2020-12-21,95.0,95.48,92.89,94.38,7074,3561,94.57
US3021301094,269082,EXPD,USD,2020-12-22,94.46,94.97,93.97,94.7,6568,2813,94.573
US3021301094,269082,EXPD,USD,2020-12-23,95.13,95.64,94.01,94.51,4952,2394,94.693
US3021301094,269082,EXPD,USD,2020-12-24,94.8,95.11,94.22,94.64,1245,777,94.602
US3021301094,269082,EXPD,USD,2020-12-28,94.99,95.52,94.57,95.23,2772,1612,95.189
US3021301094,269082,EXPD,USD,2020-12-29,95.48,95.73,94.48,94.66,4026,2623,94.922
US3021301094,269082,EXPD,USD,2020-12-30,94.94,95.21,94.24,94.58,4080,2328,94.652
US3021301094,269082,EXPD,USD,2020-12-31,94.48,95.17,94.1,95.11,3327,1510,94.864
US3021301094,269082,EXPD,USD,2021-01-04,95.37,95.9,91.68,92.31,9728,4680,92.773
US3021301094,269082,EXPD,USD,2021-01-05,92.16,92.76,91.34,92.06,5448,3045,92.032
US3021301094,269082,EXPD,USD,2021-01-06,92.0,94.41,91.44,94.06,8085,3968,93.758
US3021301094,269082,EXPD,USD,2021-01-07,94.58,95.31,93.75,94.14,8016,4736,94.387
US3021301094,269082,EXPD,USD,2021-01-08,94.65,95.83,93.82,94.42,8032,4164,94.557
US3021301094,269082,EXPD,USD,2021-01-11,94.2,94.97,93.91,93.97,7560,4304,94.233
US3021301094,269082,EXPD,USD,2021-01-12,94.0,97.24,93.27,97.07,11031,6777,96.218
US3021301094,269082,EXPD,USD,2021-01-13,96.35,96.39,94.18,94.63,8521,5594,95.001
US3021301094,269082,EXPD,USD,2021-01-14,95.28,96.23,94.22,94.44,8678,4086,94.739
US3021301094,269082,EXPD,USD,2021-01-15,94.24,94.33,91.98,93.19,11078,4400,93.156
US3021301094,269082,EXPD,USD,2021-01-19,94.3,94.3,92.48,93.06,7072,3126,93.073
US3021301094,269082,EXPD,USD,2021-01-20,93.81,94.42,92.69,94.11,8403,4731,93.99
US3021301094,269082,EXPD,USD,2021-01-21,94.33,95.2,93.93,93.93,4544,2517,94.397
US3021301094,269082,EXPD,USD,2021-01-22,94.07,94.89,92.83,93.77,12777,6370,93.693
US3021301094,269082,EXPD,USD,2021-01-25,93.59,94.63,92.44,93.97,8737,5060,93.572
US3021301094,269082,EXPD,USD,2021-01-26,93.97,95.48,88.01,94.39,6815,3991,94.519
US3021301094,269082,EXPD,USD,2021-01-27,93.55,94.58,91.49,93.23,9339,5672,93.694
US3021301094,269082,EXPD,USD,2021-01-28,94.4,94.49,92.93,93.0,8585,4826,93.4
US3021301094,269082,EXPD,USD,2021-01-29,92.76,93.97,89.35,89.52,14558,6183,89.916
US3021301094,269082,EXPD,USD,2021-02-01,89.96,90.66,88.82,90.49,7262,4150,89.896
US3021301094,269082,EXPD,USD,2021-02-02,91.3,92.11,90.61,90.67,5958,3302,90.976
US3021301094,269082,EXPD,USD,2021-02-03,90.71,91.38,90.21,91.09,6015,2962,91.048
US3021301094,269082,EXPD,USD,2021-02-04,91.18,91.66,90.03,91.34,6486,3615,91.213
US3021301094,269082,EXPD,USD,2021-02-05,91.73,93.06,91.32,93.06,8118,3228,92.528
US3021301094,269082,EXPD,USD,2021-02-08,93.12,94.68,93.05,94.64,7804,4155,94.249
US3021301094,269082,EXPD,USD,2021-02-09,94.79,97.13,94.72,96.92,6566,3822,96.505
US3021301094,269082,EXPD,USD,2021-02-10,96.96,98.08,96.61,97.52,9491,5022,97.42
US3021301094,269082,EXPD,USD,2021-02-11,98.09,98.37,95.14,95.85,8255,4948,96.637
US3021301094,269082,EXPD,USD,2021-02-12,95.66,97.05,95.62,97.05,5518,3162,96.493
US3021301094,269082,EXPD,USD,2021-02-16,97.94,98.0,92.25,93.45,9401,5995,93.667
US3021301094,269082,EXPD,USD,2021-02-17,93.67,94.82,92.0,94.42,10082,5752,93.88
US3021301094,269082,EXPD,USD,2021-02-18,92.62,94.65,92.0,94.22,6495,3726,93.965
US3021301094,269082,EXPD,USD,2021-02-19,94.77,95.22,92.95,93.44,10217,4601,93.732
US3021301094,269082,EXPD,USD,2021-02-22,89.16,93.98,89.15,93.19,12191,5950,93.017
US3021301094,269082,EXPD,USD,2021-02-23,92.86,93.07,91.1,91.66,9619,4780,91.743
US3021301094,269082,EXPD,USD,2021-02-24,91.25,92.45,91.17,92.06,10755,6950,92.024
US3021301094,269082,EXPD,USD,2021-02-25,92.06,93.38,91.51,92.06,7728,5422,92.076
US3021301094,269082,EXPD,USD,2021-02-26,92.37,92.8,91.29,91.85,10181,4411,91.952
US3021301094,269082,EXPD,USD,2021-03-01,92.63,94.31,92.11,93.75,6043,3540,93.675
US3021301094,269082,EXPD,USD,2021-03-02,93.64,94.78,92.99,94.24,6469,3367,94.328
US3021301094,269082,EXPD,USD,2021-03-03,94.7,95.15,93.25,93.91,7414,4192,93.932
US3021301094,269082,EXPD,USD,2021-03-04,93.69,94.2,92.36,93.3,8652,5195,93.428
US3021301094,269082,EXPD,USD,2021-03-05,93.84,96.62,92.69,96.55,9383,4783,95.738
US3021301094,269082,EXPD,USD,2021-03-08,96.6,98.8,96.08,96.32,7801,4529,97.196
US3021301094,269082,EXPD,USD,2021-03-09,96.9,98.86,96.53,97.46,9954,6023,98.139
US3021301094,269082,EXPD,USD,2021-03-10,98.07,98.61,96.83,97.46,5987,3461,97.583
US3021301094,269082,EXPD,USD,2021-03-11,97.31,99.36,97.19,99.04,7161,3680,98.844
US3021301094,269082,EXPD,USD,2021-03-12,99.78,100.67,99.1,100.44,5074,2752,100.109
US3021301094,269082,EXPD,USD,2021-03-15,100.92,102.83,100.58,101.0,8993,5760,101.973
US3021301094,269082,EXPD,USD,2021-03-16,102.75,103.28,101.67,101.88,6260,4248,102.141
US3021301094,269082,EXPD,USD,2021-03-17,101.83,102.78,100.9,102.55,5724,3151,102.111
US3021301094,269082,EXPD,USD,2021-03-18,102.37,104.63,102.06,103.74,7976,4346,103.765
US3021301094,269082,EXPD,USD,2021-03-19,104.02,104.02,102.36,103.3,17980,5016,103.265
US3021301094,269082,EXPD,USD,2021-03-22,103.3,104.16,102.23,103.07,7517,4068,102.969
US3021301094,269082,EXPD,USD,2021-03-23,102.61,103.36,101.38,101.59,5974,3399,101.963
US3021301094,269082,EXPD,USD,2021-03-24,101.98,103.28,101.68,102.23,5980,3496,102.551
US3021301094,269082,EXPD,USD,2021-03-25,102.33,103.92,101.37,103.45,6427,3127,102.946
US3021301094,269082,EXPD,USD,2021-03-26,103.88,107.88,103.62,107.8,5983,3636,106.653
US3021301094,269082,EXPD,USD,2021-03-29,107.97,108.78,107.2,108.4,6530,3690,108.212
US3021301094,269082,EXPD,USD,2021-03-30,108.29,109.0,106.91,107.24,7344,4449,107.589
US3021301094,269082,EXPD,USD,2021-03-31,107.67,108.66,107.09,107.48,9604,4461,107.869
US3021301094,269082,EXPD,USD,2021-04-01,107.69,108.94,106.73,108.76,6049,3866,108.313
US3021301094,269082,EXPD,USD,2021-04-05,109.0,110.63,108.94,110.56,4142,2264,110.215
US3021301094,269082,EXPD,USD,2021-04-06,109.96,110.55,109.65,109.94,5126,2469,110.047
US3021301094,269082,EXPD,USD,2021-04-07,109.58,109.62,107.31,107.61,7626,4646,107.829
US3021301094,269082,EXPD,USD,2021-04-08,107.61,108.9,107.14,108.49,6322,2806,108.368
US3021301094,269082,EXPD,USD,2021-04-09,108.81,109.75,108.2,108.97,5383,3223,108.93
US3021301094,269082,EXPD,USD,2021-04-12,109.1,109.68,108.55,109.52,5527,3505,109.391
US3021301094,269082,EXPD,USD,2021-04-13,109.52,109.86,108.28,109.42,5211,3177,109.354
US3021301094,269082,EXPD,USD,2021-04-14,108.76,109.65,108.01,109.22,9286,4490,109.11
US3021301094,269082,EXPD,USD,2021-04-15,109.9,111.27,109.03,111.1,5978,2556,110.78
US3021301094,269082,EXPD,USD,2021-04-16,112.1,112.71,110.94,110.98,12660,3383,111.366
US3021301094,269082,EXPD,USD,2021-04-19,111.19,111.19,109.56,110.22,4315,2769,110.128
US3021301094,269082,EXPD,USD,2021-04-20,110.47,110.94,109.84,110.45,5136,2352,110.367
US3021301094,269082,EXPD,USD,2021-04-21,110.78,111.76,110.1,110.23,4814,3000,110.552
US3021301094,269082,EXPD,USD,2021-04-22,109.79,111.6,109.55,110.29,6024,3249,110.591
US3021301094,269082,EXPD,USD,2021-04-23,111.04,111.52,110.15,111.14,5130,2873,110.978
US3021301094,269082,EXPD,USD,2021-04-26,111.24,111.24,109.23,109.4,5962,3628,109.902
US3021301094,269082,EXPD,USD,2021-04-27,110.3,110.99,109.23,109.45,7457,5036,109.812
US3021301094,269082,EXPD,USD,2021-04-28,109.89,109.89,108.73,109.09,5991,3936,109.101
US3021301094,269082,EXPD,USD,2021-04-29,109.78,111.28,109.59,110.86,5388,3557,110.761
US3021301094,269082,EXPD,USD,2021-04-30,110.47,111.12,109.04,109.86,10365,4556,109.893
US3021301094,269082,EXPD,USD,2021-05-03,110.46,113.84,110.28,113.75,7492,4390,112.69
US3021301094,269082,EXPD,USD,2021-05-04,113.5,115.77,112.07,114.06,14406,9164,114.019
US3021301094,269082,EXPD,USD,2021-05-05,113.91,114.66,112.12,113.48,14536,8920,113.525
US3021301094,269082,EXPD,USD,2021-05-06,113.88,115.67,113.85,115.64,17041,8504,114.813
US3021301094,269082,EXPD,USD,2021-05-07,115.7,118.8,115.3,118.67,7905,4754,117.623
US3021301094,269082,EXPD,USD,2021-05-10,118.13,121.04,118.13,120.05,9637,6149,120.189
US3021301094,269082,EXPD,USD,2021-05-11,120.06,120.06,116.85,117.92,8076,4525,117.909
US3021301094,269082,EXPD,USD,2021-05-12,117.73,117.74,115.29,115.53,13560,5439,115.791
US3021301094,269082,EXPD,USD,2021-05-13,115.75,119.01,115.43,118.5,6022,3651,118.085
US3021301094,269082,EXPD,USD,2021-05-14,118.32,119.99,118.1,119.61,4959,2873,119.462
US3021301094,269082,EXPD,USD,2021-05-17,119.13,122.44,119.01,122.44,7490,4388,120.454
US3021301094,269082,EXPD,USD,2021-05-18,122.57,122.58,119.5,119.6,11752,5660,120.044
US3021301094,269082,EXPD,USD,2021-05-19,117.75,119.51,116.68,119.51,8835,5212,118.645
US3021301094,269082,EXPD,USD,2021-05-20,119.66,122.39,117.64,121.49,12407,6749,121.369
US3021301094,269082,EXPD,USD,2021-05-21,121.32,123.65,121.26,122.09,10997,5328,122.413
US3021301094,269082,EXPD,USD,2021-05-24,122.86,124.26,122.65,123.85,6565,4516,123.88
US3021301094,269082,EXPD,USD,2021-05-25,124.35,124.82,122.62,122.62,9728,5839,123.519
US3021301094,269082,EXPD,USD,2021-05-26,123.24,124.25,122.28,124.19,8646,4850,123.657
US3021301094,269082,EXPD,USD,2021-05-27,124.65,126.3,124.15,125.06,38477,7707,125.162
US3021301094,269082,EXPD,USD,2021-05-28,125.58,126.01,123.84,125.9,9526,5225,125.427
US3021301094,269082,EXPD,USD,2021-06-01,126.54,126.57,122.3,123.19,10185,5869,123.403
US3021301094,269082,EXPD,USD,2021-06-02,123.06,123.89,122.15,122.8,8154,5630,122.84
US3021301094,269082,EXPD,USD,2021-06-03,122.3,124.26,121.89,124.01,7289,4362,123.626
US3021301094,269082,EXPD,USD,2021-06-04,123.44,124.97,122.9,124.1,5298,3257,123.859
US3021301094,269082,EXPD,USD,2021-06-07,125.23,125.23,123.75,124.75,5653,3901,124.598
US3021301094,269082,EXPD,USD,2021-06-08,124.56,124.71,123.46,124.27,5355,3605,124.092
US3021301094,269082,EXPD,USD,2021-06-09,124.39,124.68,122.57,123.74,16949,4579,123.681
US3021301094,269082,EXPD,USD,2021-06-10,124.47,125.54,123.75,125.44,11235,5922,124.985
US3021301094,269082,EXPD,USD,2021-06-11,125.7,126.03,124.87,126.03,10062,5142,125.478
US3021301094,269082,EXPD,USD,2021-06-14,125.78,126.29,124.14,124.85,11449,4214,124.845
US3021301094,269082,EXPD,USD,2021-06-15,124.85,125.73,123.96,125.49,5594,3225,125.217
US3021301094,269082,EXPD,USD,2021-06-16,125.32,125.88,123.37,123.74,7321,4582,124.09
US3021301094,269082,EXPD,USD,2021-06-17,123.52,123.88,121.28,122.37,9569,3835,122.317
US3021301094,269082,EXPD,USD,2021-06-18,121.45,121.83,120.5,120.6,14673,3363,120.744
US3021301094,269082,EXPD,USD,2021-06-21,121.51,124.2,120.87,123.45,6499,3354,123.509
US3021301094,269082,EXPD,USD,2021-06-22,123.62,126.25,123.29,126.08,8203,3654,125.478
US3021301094,269082,EXPD,USD,2021-06-23,125.74,126.59,124.62,125.13,5047,2443,125.248
US3021301094,269082,EXPD,USD,2021-06-24,125.68,126.04,124.34,125.05,5963,2842,125.124
US3021301094,269082,EXPD,USD,2021-06-25,125.22,127.99,124.23,126.7,9702,3177,125.83
US3021301094,269082,EXPD,USD,2021-06-28,127.0,129.0,125.23,125.44,7948,4379,125.875
US3021301094,269082,EXPD,USD,2021-06-29,125.65,126.56,125.39,126.12,6135,3330,126.063
US3021301094,269082,EXPD,USD,2021-06-30,126.25,127.3,125.66,126.6,9578,2734,126.481
US3021301094,269082,EXPD,USD,2021-07-01,126.74,127.34,125.77,125.77,8332,4372,127.079
US3021301094,269082,EXPD,USD,2021-07-02,128.39,128.39,127.14,128.0,6216,3634,127.829
US3021301094,269082,EXPD,USD,2021-07-06,128.9,128.9,125.51,127.0,8654,3435,126.907
US3021301094,269082,EXPD,USD,2021-07-07,127.04,129.26,126.73,129.15,8045,4530,128.246
US3021301094,269082,EXPD,USD,2021-07-08,127.75,128.54,126.65,126.88,5821,3347,127.183
US3021301094,269082,EXPD,USD,2021-07-09,127.6,128.54,127.33,128.46,13994,4349,128.28
US3021301094,269082,EXPD,USD,2021-07-12,128.48,129.19,127.93,128.19,8821,4465,128.35
US3021301094,269082,EXPD,USD,2021-07-13,128.03,128.75,127.0,127.0,5590,3624,127.874
US3021301094,269082,EXPD,USD,2021-07-14,127.44,128.93,127.44,128.09,6018,3613,128.167
US3021301094,269082,EXPD,USD,2021-07-15,128.0,128.39,127.37,127.43,4819,2850,127.677
US3021301094,269082,EXPD,USD,2021-07-16,127.34,127.74,126.29,127.0,12010,3209,126.875
US3021301094,269082,EXPD,USD,2021-07-19,126.2,126.95,125.5,126.68,7467,3596,126.554
US3021301094,269082,EXPD,USD,2021-07-20,127.71,129.1,126.64,128.62,8437,3852,128.455
US3021301094,269082,EXPD,USD,2021-07-21,128.65,129.64,128.24,129.64,5535,2259,128.756
US3021301094,269082,EXPD,USD,2021-07-22,128.94,129.52,128.04,128.38,5697,3150,128.447
US3021301094,269082,EXPD,USD,2021-07-23,129.01,130.49,128.27,130.36,3834,2318,130.03
US3021301094,269082,EXPD,USD,2021-07-26,130.45,130.76,128.78,129.0,5134,3375,129.531
US3021301094,269082,EXPD,USD,2021-07-27,128.5,128.5,125.68,126.35,10757,7405,126.415
US3021301094,269082,EXPD,USD,2021-07-28,126.38,126.49,123.6,125.16,6916,4899,125.076
US3021301094,269082,EXPD,USD,2021-07-29,126.99,127.22,125.33,126.97,6829,4262,126.781
US3021301094,269082,EXPD,USD,2021-07-30,126.91,128.97,126.38,128.25,12632,5104,128.229
US3021301094,269082,EXPD,USD,2021-08-02,129.99,130.0,126.34,126.59,7027,4165,126.96
US3021301094,269082,EXPD,USD,2021-08-03,125.49,127.37,122.06,126.62,9384,5253,126.071
US3021301094,269082,EXPD,USD,2021-08-04,127.0,127.0,125.51,126.05,7550,4811,125.944
US3021301094,269082,EXPD,USD,2021-08-05,125.63,126.65,115.2,115.2,7024,4131,124.366
US3021301094,269082,EXPD,USD,2021-08-06,124.57,125.28,123.66,124.24,5895,2782,124.358
US3021301094,269082,EXPD,USD,2021-08-09,123.78,124.12,122.75,122.8,5595,3222,123.074
US3021301094,269082,EXPD,USD,2021-08-10,123.14,123.45,122.08,122.3,6069,3622,122.596
US3021301094,269082,EXPD,USD,2021-08-11,122.0,124.68,122.0,123.5,7063,3124,123.351
US3021301094,269082,EXPD,USD,2021-08-12,123.78,124.07,122.07,122.28,7400,3668,122.53
US3021301094,269082,EXPD,USD,2021-08-13,122.29,124.55,122.1,123.91,5419,3349,123.847
US3021301094,269082,EXPD,USD,2021-08-16,123.48,125.59,123.18,125.53,6069,3602,125.033
US3021301094,269082,EXPD,USD,2021-08-17,125.0,125.07,122.7,124.19,5214,2608,123.947
US3021301094,269082,EXPD,USD,2021-08-18,124.23,124.24,121.43,121.5,8384,4760,122.081
US3021301094,269082,EXPD,USD,2021-08-19,120.5,122.98,120.46,122.13,6727,3583,122.067
US3021301094,269082,EXPD,USD,2021-08-20,122.42,123.19,121.92,123.03,6672,2983,122.883
US3021301094,269082,EXPD,USD,2021-08-23,123.43,124.9,123.15,123.55,5477,2286,123.715
US3021301094,269082,EXPD,USD,2021-08-24,123.65,123.86,122.7,122.76,3879,2327,123.0
US3021301094,269082,EXPD,USD,2021-08-25,122.8,124.48,121.56,124.13,3918,2151,123.951
US3021301094,269082,EXPD,USD,2021-08-26,124.0,124.01,122.4,122.86,3926,2246,123.05
US3021301094,269082,EXPD,USD,2021-08-27,122.77,124.75,122.77,124.57,4089,2594,124.357
US3021301094,269082,EXPD,USD,2021-08-30,124.84,126.19,124.75,125.54,5310,2924,125.568
US3021301094,269082,EXPD,USD,2021-08-31,125.65,125.85,123.81,124.62,9692,2975,124.63
US3021301094,269082,EXPD,USD,2021-09-01,124.68,124.8,121.18,122.92,6282,3861,122.811
US3021301094,269082,EXPD,USD,2021-09-02,123.54,124.04,122.81,124.03,5554,3081,123.71
US3021301094,269082,EXPD,USD,2021-09-03,123.09,124.19,121.81,123.57,4948,2130,123.569
US3021301094,269082,EXPD,USD,2021-09-07,123.81,123.98,122.31,122.88,4806,2834,123.036
US3021301094,269082,EXPD,USD,2021-09-08,122.43,123.85,122.43,123.77,4157,2552,123.348
US3021301094,269082,EXPD,USD,2021-09-09,123.9,125.88,122.94,123.78,10788,3745,123.93
US3021301094,269082,EXPD,USD,2021-09-10,124.23,126.29,123.7,126.0,6225,3705,125.588
US3021301094,269082,EXPD,USD,2021-09-13,126.68,128.46,125.58,127.35,9909,6054,127.242
US3021301094,269082,EXPD,USD,2021-09-14,128.03,129.99,127.61,127.77,11331,5660,128.624
US3021301094,269082,EXPD,USD,2021-09-15,128.66,129.84,127.76,128.29,6150,2671,128.7
US3021301094,269082,EXPD,USD,2021-09-16,128.5,128.93,126.5,126.72,4473,1835,127.382
US3021301094,269082,EXPD,USD,2021-09-17,126.8,126.8,122.84,123.74,11928,3320,124.156
US3021301094,269082,EXPD,USD,2021-09-20,122.46,122.91,120.29,121.27,6602,3323,121.209
US3021301094,269082,EXPD,USD,2021-09-21,122.17,123.2,120.85,121.3,6156,2752,121.496
US3021301094,269082,EXPD,USD,2021-09-22,121.68,124.34,121.09,123.04,6268,3838,123.098
US3021301094,269082,EXPD,USD,2021-09-23,123.7,125.28,123.4,124.98,5574,3154,124.761
US3021301094,269082,EXPD,USD,2021-09-24,124.98,125.21,123.96,124.69,3070,1702,124.671
US3021301094,269082,EXPD,USD,2021-09-27,124.46,125.02,123.57,123.83,4046,1982,124.004
US3021301094,269082,EXPD,USD,2021-09-28,123.28,123.47,120.61,120.9,5224,1993,121.096
US3021301094,269082,EXPD,USD,2021-09-29,121.4,121.96,120.35,121.06,3489,1807,121.152
US3021301094,269082,EXPD,USD,2021-09-30,121.86,122.67,118.62,119.13,8230,3382,119.793
US3021301094,269082,EXPD,USD,2021-10-01,120.1,120.1,115.52,116.16,7125,4025,116.685
US3021301094,269082,EXPD,USD,2021-10-04,115.69,116.72,113.85,114.35,8570,4341,114.703
US3021301094,269082,EXPD,USD,2021-10-05,114.66,116.78,114.34,115.22,7719,3713,115.488
US3021301094,269082,EXPD,USD,2021-10-06,115.25,116.01,113.39,115.66,7150,3631,115.304
US3021301094,269082,EXPD,USD,2021-10-07,116.89,117.43,114.99,115.47,9702,4644,115.958
US3021301094,269082,EXPD,USD,2021-10-08,115.44,116.14,113.25,114.29,6958,4337,114.318
US3021301094,269082,EXPD,USD,2021-10-11,115.71,116.34,114.49,115.42,6149,4144,115.517
US3021301094,269082,EXPD,USD,2021-10-12,115.59,117.61,115.57,115.96,5719,3584,116.359
US3021301094,269082,EXPD,USD,2021-10-13,115.99,116.54,113.85,116.14,5699,3285,115.742
US3021301094,269082,EXPD,USD,2021-10-14,116.8,118.31,116.0,118.17,7751,2894,117.689
US3021301094,269082,EXPD,USD,2021-10-15,118.17,118.8,115.67,116.06,9879,3736,116.452
US3021301094,269082,EXPD,USD,2021-10-18,116.24,119.99,116.19,118.73,8566,4009,118.874
US3021301094,269082,EXPD,USD,2021-10-19,119.13,119.52,117.31,118.74,6313,3821,118.348
US3021301094,269082,EXPD,USD,2021-10-20,118.78,119.39,117.75,119.06,5393,3397,118.748
US3021301094,269082,EXPD,USD,2021-10-21,119.19,120.73,118.63,120.18,4690,2678,119.896
US3021301094,269082,EXPD,USD,2021-10-22,120.18,123.54,119.62,123.54,5419,3306,122.741
US3021301094,269082,EXPD,USD,2021-10-25,122.87,124.04,122.09,123.36,5239,3225,123.33
US3021301094,269082,EXPD,USD,2021-10-26,125.94,125.94,123.49,123.5,7329,3670,124.117
US3021301094,269082,EXPD,USD,2021-10-27,123.55,123.61,119.72,119.78,7086,3890,120.552
US3021301094,269082,EXPD,USD,2021-10-28,119.78,122.52,119.78,122.31,4757,2759,121.74
US3021301094,269082,EXPD,USD,2021-10-29,119.01,124.2,118.88,123.26,9634,4272,123.273
US3021301094,269082,EXPD,USD,2021-11-01,123.51,126.0,122.7,126.0,6471,4007,125.089
US3021301094,269082,EXPD,USD,2021-11-02,127.31,129.46,120.84,121.91,8877,5508,122.204
US3021301094,269082,EXPD,USD,2021-11-03,123.53,127.9,121.17,127.69,8880,5694,126.125
US3021301094,269082,EXPD,USD,2021-11-04,128.0,131.99,126.04,131.99,7749,5218,129.878
US3021301094,269082,EXPD,USD,2021-11-05,131.21,131.21,124.64,125.17,10760,5676,125.667
US3021301094,269082,EXPD,USD,2021-11-08,126.1,126.1,122.97,125.41,20494,5375,123.918
US3021301094,269082,EXPD,USD,2021-11-09,124.76,126.27,124.76,125.29,4396,2695,125.211
US3021301094,269082,EXPD,USD,2021-11-10,124.89,125.64,122.55,125.52,7497,4644,124.616
US3021301094,269082,EXPD,USD,2021-11-11,126.19,127.43,125.92,126.58,3967,1666,126.65
US3021301094,269082,EXPD,USD,2021-11-12,126.58,129.0,126.58,128.18,4952,2282,128.067
US3021301094,269082,EXPD,USD,2021-11-15,128.13,128.9,126.97,128.89,4291,2429,128.21
US3021301094,269082,EXPD,USD,2021-11-16,128.89,130.83,128.39,130.44,4142,2272,130.242
US3021301094,269082,EXPD,USD,2021-11-17,130.44,130.44,127.74,128.02,5250,3366,128.305
US3021301094,269082,EXPD,USD,2021-11-18,128.19,128.74,126.28,127.51,4081,2264,127.402
US3021301094,269082,EXPD,USD,2021-11-19,125.86,129.61,125.86,128.79,6807,3469,128.802
US3021301094,269082,EXPD,USD,2021-11-22,129.17,132.28,128.69,130.05,6952,3771,130.624
US3021301094,269082,EXPD,USD,2021-11-23,130.0,130.6,127.79,128.7,7010,4153,128.781
US3021301094,269082,EXPD,USD,2021-11-24,128.64,128.84,126.86,126.93,6483,4043,127.425
US3021301094,269082,EXPD,USD,2021-11-26,125.16,129.51,121.08,124.0,10251,6203,126.169
US3021301094,269082,EXPD,USD,2021-11-29,123.22,127.74,123.21,126.76,9170,4674,126.65
US3021301094,269082,EXPD,USD,2021-11-30,125.44,126.32,120.63,122.0,44475,10629,122.079
US3021301094,269082,EXPD,USD,2021-12-01,123.05,126.12,121.59,123.25,10537,6185,124.013
US3021301094,269082,EXPD,USD,2021-12-02,121.57,123.65,115.01,122.6,15853,10179,120.714
US3021301094,269082,EXPD,USD,2021-12-03,123.71,126.2,122.27,125.8,8214,5710,124.995
US3021301094,269082,EXPD,USD,2021-12-06,126.5,127.0,125.01,126.3,6056,3465,126.273
US3021301094,269082,EXPD,USD,2021-12-07,127.05,129.89,126.39,129.45,8187,4597,129.146
US3021301094,269082,EXPD,USD,2021-12-08,129.4,130.3,127.88,128.73,6035,3892,128.745
US3021301094,269082,EXPD,USD,2021-12-09,128.62,129.2,127.09,128.27,3213,1492,128.355
US3021301094,269082,EXPD,USD,2021-12-10,128.47,132.0,127.69,132.0,7196,3994,130.162
US3021301094,269082,EXPD,USD,2021-12-13,131.11,135.85,131.11,134.29,13507,7574,134.324
US3021301094,269082,EXPD,USD,2021-12-14,133.54,135.54,131.86,133.35,10644,3827,133.289
US3021301094,269082,EXPD,USD,2021-12-15,133.1,135.65,132.74,135.11,8567,3305,134.852
US3021301094,269082,EXPD,USD,2021-12-16,136.74,137.8,135.09,136.5,8615,3841,135.983
US3021301094,269082,EXPD,USD,2021-12-17,135.62,136.36,129.61,130.0,23016,5552,130.775
US3021301094,269082,EXPD,USD,2021-12-20,128.43,128.79,125.6,127.03,9498,5401,127.106
US3021301094,269082,EXPD,USD,2021-12-21,127.82,128.68,126.05,127.53,5598,2736,127.284
US3021301094,269082,EXPD,USD,2021-12-22,127.23,129.18,126.43,129.08,4757,2930,128.326
US3021301094,269082,EXPD,USD,2021-12-23,129.65,131.76,129.18,130.76,3316,1455,130.902
US3021301094,269082,EXPD,USD,2021-12-27,132.05,133.15,130.9,133.04,2774,1410,132.543
US3021301094,269082,EXPD,USD,2021-12-28,133.83,133.83,132.7,132.97,2456,1271,133.073
US3021301094,269082,EXPD,USD,2021-12-29,133.07,134.27,132.49,133.18,8160,2915,133.206
US3021301094,269082,EXPD,USD,2021-12-30,133.58,134.24,132.9,133.4,3245,1848,133.524
US3021301094,269082,EXPD,USD,2021-12-31,133.02,135.11,132.63,134.29,3985,1850,134.15
US3021301094,269082,EXPD,USD,2022-01-03,134.36,134.96,129.46,130.79,7669,4993,130.879
US3021301094,269082,EXPD,USD,2022-01-04,130.64,131.91,128.76,130.06,8912,5295,130.044
US3021301094,269082,EXPD,USD,2022-01-05,129.99,131.48,128.66,129.67,10793,4870,129.991
US3021301094,269082,EXPD,USD,2022-01-06,130.03,130.95,127.84,129.95,7334,4266,129.724
US3021301094,269082,EXPD,USD,2022-01-07,129.75,130.89,127.26,128.11,7333,4117,128.441
US3021301094,269082,EXPD,USD,2022-01-10,127.47,127.88,123.42,124.77,8352,5326,124.992
US3021301094,269082,EXPD,USD,2022-01-11,124.96,126.4,122.9,124.94,7929,4333,124.464
US3021301094,269082,EXPD,USD,2022-01-12,125.47,127.39,124.52,125.24,8662,3050,125.439
US3021301094,269082,EXPD,USD,2022-01-13,125.31,127.64,123.43,123.88,6343,3968,124.322
US3021301094,269082,EXPD,USD,2022-01-14,122.68,123.79,119.47,121.69,10945,6477,121.064
US3021301094,269082,EXPD,USD,2022-01-18,118.89,120.91,118.09,120.39,10519,6260,119.846
US3021301094,269082,EXPD,USD,2022-01-19,120.39,121.94,118.73,119.02,11347,3844,120.053
US3021301094,269082,EXPD,USD,2022-01-20,119.02,121.4,116.94,117.05,10162,5811,118.303
US3021301094,269082,EXPD,USD,2022-01-21,117.08,119.27,115.82,116.18,29505,6431,116.485
US3021301094,269082,EXPD,USD,2022-01-24,116.0,118.75,113.83,118.27,15552,6392,116.374
US3021301094,269082,EXPD,USD,2022-01-25,115.18,116.89,113.5,114.77,7148,3893,114.974
US3021301094,269082,EXPD,USD,2022-01-26,115.61,116.66,111.44,112.41,8368,5340,113.52
US3021301094,269082,EXPD,USD,2022-01-27,114.88,114.88,110.02,110.75,7430,4737,111.513
US3021301094,269082,EXPD,USD,2022-01-28,110.78,113.2,110.21,113.1,5855,3184,111.877
US3021301094,269082,EXPD,USD,2022-01-31,112.96,114.79,111.97,114.48,11161,5120,114.145
US3021301094,269082,EXPD,USD,2022-02-01,114.66,116.39,113.57,114.45,6497,3516,114.507
US3021301094,269082,EXPD,USD,2022-02-02,114.0,115.47,112.92,113.9,9714,5368,114.334
US3021301094,269082,EXPD,USD,2022-02-03,113.71,113.86,110.9,111.07,11549,4864,111.678
US3021301094,269082,EXPD,USD,2022-02-04,110.7,111.29,107.69,109.74,11542,6729,109.614
US3021301094,269082,EXPD,USD,2022-02-07,109.67,110.46,109.19,109.55,5073,3056,109.807
US3021301094,269082,EXPD,USD,2022-02-08,110.15,110.61,109.16,109.58,7435,3992,109.804
US3021301094,269082,EXPD,USD,2022-02-09,110.83,111.8,110.53,110.82,5850,3401,111.354
US3021301094,269082,EXPD,USD,2022-02-10,110.32,112.09,109.39,109.84,7668,4251,110.481
US3021301094,269082,EXPD,USD,2022-02-11,110.39,111.61,106.0,106.0,9632,5079,107.825
US3021301094,269082,EXPD,USD,2022-02-14,107.22,108.46,106.24,107.01,8564,5264,107.103
US3021301094,269082,EXPD,USD,2022-02-15,108.3,108.89,107.07,107.44,7458,3766,107.62
US3021301094,269082,EXPD,USD,2022-02-16,107.17,107.85,105.63,107.38,5933,3242,107.142
US3021301094,269082,EXPD,USD,2022-02-17,108.22,108.22,105.86,106.06,5722,3350,106.339
US3021301094,269082,EXPD,USD,2022-02-18,106.27,107.04,105.15,106.12,20658,5816,106.136
US3021301094,269082,EXPD,USD,2022-02-22,99.85,108.01,99.85,103.78,16643,10128,103.139
US3021301094,269082,EXPD,USD,2022-02-23,103.81,104.94,101.47,101.75,9494,6081,102.563
US3021301094,269082,EXPD,USD,2022-02-24,100.69,105.52,99.85,105.52,9963,5813,103.661
US3021301094,269082,EXPD,USD,2022-02-25,105.14,106.16,104.17,105.35,7375,4666,105.298
US3021301094,269082,EXPD,USD,2022-02-28,104.24,104.87,102.47,103.36,12943,6394,103.364
US3021301094,269082,EXPD,USD,2022-03-01,103.32,103.99,100.8,101.51,14666,8721,101.823
US3021301094,269082,EXPD,USD,2022-03-02,101.85,104.38,100.73,103.21,10144,6602,102.866
US3021301094,269082,EXPD,USD,2022-03-03,104.13,104.51,101.2,101.41,9196,5425,102.077
US3021301094,269082,EXPD,USD,2022-03-04,101.41,101.41,98.76,98.95,13819,6240,100.031
US3021301094,269082,EXPD,USD,2022-03-07,99.42,100.39,97.37,99.0,14365,6528,99.519
US3021301094,269082,EXPD,USD,2022-03-08,99.77,102.39,98.99,100.13,14885,7451,100.395
US3021301094,269082,EXPD,USD,2022-03-09,102.51,103.7,99.47,100.82,7922,4419,100.766
US3021301094,269082,EXPD,USD,2022-03-10,100.3,101.45,99.04,100.6,7306,3768,100.622
US3021301094,269082,EXPD,USD,2022-03-11,101.42,101.78,99.48,99.56,6764,3406,100.224
US3021301094,269082,EXPD,USD,2022-03-14,99.51,100.5,97.49,98.18,7363,3854,98.383
US3021301094,269082,EXPD,USD,2022-03-15,99.37,99.94,97.88,99.0,8301,4286,99.115
US3021301094,269082,EXPD,USD,2022-03-16,100.54,102.97,100.48,102.96,7422,4251,102.241
US3021301094,269082,EXPD,USD,2022-03-17,102.32,106.02,101.95,105.49,10616,5838,105.241
US3021301094,269082,EXPD,USD,2022-03-18,105.87,106.99,104.26,106.96,16573,4922,106.39
US3021301094,269082,EXPD,USD,2022-03-21,105.9,107.77,105.16,106.14,7957,3651,106.179
US3021301094,269082,EXPD,USD,2022-03-22,106.37,107.07,105.81,106.49,8008,3696,106.414
US3021301094,269082,EXPD,USD,2022-03-23,106.47,106.53,102.27,102.37,8113,4832,103.285
US3021301094,269082,EXPD,USD,2022-03-24,104.0,104.09,102.45,103.51,4670,2534,103.626
US3021301094,269082,EXPD,USD,2022-03-25,104.14,104.24,101.7,102.91,6527,2714,102.701
US3021301094,269082,EXPD,USD,2022-03-28,103.14,105.25,102.82,105.0,7573,3333,104.615
US3021301094,269082,EXPD,USD,2022-03-29,105.9,107.53,104.43,105.33,6528,3905,105.396
US3021301094,269082,EXPD,USD,2022-03-30,105.16,106.03,104.32,105.13,6058,3487,104.972
US3021301094,269082,EXPD,USD,2022-03-31,105.19,105.75,103.1,103.16,13377,4715,103.68
US3021301094,269082,EXPD,USD,2022-04-01,103.73,104.63,98.51,100.02,10870,5850,100.048
US3021301094,269082,EXPD,USD,2022-04-04,99.23,101.08,99.07,100.7,6572,3648,100.277
US3021301094,269082,EXPD,USD,2022-04-05,99.94,100.81,97.15,97.81,10499,5702,97.984
US3021301094,269082,EXPD,USD,2022-04-06,97.1,97.62,95.55,96.34,10346,5606,96.459
US3021301094,269082,EXPD,USD,2022-04-07,96.29,97.93,94.95,97.72,10928,6659,96.984
US3021301094,269082,EXPD,USD,2022-04-08,97.73,98.49,96.84,97.84,11609,8186,97.727
US3021301094,269082,EXPD,USD,2022-04-11,97.55,98.91,96.53,96.92,8435,5393,97.28
US3021301094,269082,EXPD,USD,2022-04-12,97.35,99.51,96.45,96.74,9386,6358,98.021
US3021301094,269082,EXPD,USD,2022-04-13,97.08,97.98,96.53,97.37,7533,4683,97.346
US3021301094,269082,EXPD,USD,2022-04-14,98.24,98.94,96.31,96.69,30218,6913,96.757
US3021301094,269082,EXPD,USD,2022-04-18,96.46,97.14,96.06,96.75,5294,2722,96.637
US3021301094,269082,EXPD,USD,2022-04-19,97.21,99.12,97.01,98.69,10323,4770,98.625
US3021301094,269082,EXPD,USD,2022-04-20,99.48,100.05,98.34,99.47,6953,4333,99.547
US3021301094,269082,EXPD,USD,2022-04-21,100.42,101.64,99.13,99.53,7999,3332,99.744
US3021301094,269082,EXPD,USD,2022-04-22,99.04,100.64,98.47,98.47,10186,5190,99.719
US3021301094,269082,EXPD,USD,2022-04-25,98.81,100.79,97.9,100.7,9706,6365,99.751
US3021301094,269082,EXPD,USD,2022-04-26,100.84,101.58,98.34,98.4,9890,4529,98.772
US3021301094,269082,EXPD,USD,2022-04-27,98.22,101.3,98.22,100.52,8563,5645,100.349
US3021301094,269082,EXPD,USD,2022-04-28,99.87,102.58,99.87,102.37,10058,6083,101.938
US3021301094,269082,EXPD,USD,2022-04-29,102.29,103.62,98.87,99.72,24002,7341,99.685
US3021301094,269082,EXPD,USD,2022-05-02,99.0,100.85,98.15,100.01,13536,8349,99.715
US3021301094,269082,EXPD,USD,2022-05-03,98.24,103.59,97.99,103.0,13469,8768,102.035
US3021301094,269082,EXPD,USD,2022-05-04,104.08,110.95,103.37,110.81,16910,10285,109.089
US3021301094,269082,EXPD,USD,2022-05-05,109.8,111.55,108.6,109.06,13618,9448,109.616
US3021301094,269082,EXPD,USD,2022-05-06,108.81,110.13,106.84,108.05,11759,7982,108.421
US3021301094,269082,EXPD,USD,2022-05-09,107.16,111.57,106.98,109.76,21653,15081,110.08
US3021301094,269082,EXPD,USD,2022-05-10,109.6,110.56,106.38,109.03,12299,8730,108.851
US3021301094,269082,EXPD,USD,2022-05-11,109.63,109.87,107.26,107.99,10899,7675,108.368
US3021301094,269082,EXPD,USD,2022-05-12,107.99,111.2,107.64,111.14,14144,9707,109.87
US3021301094,269082,EXPD,USD,2022-05-13,112.76,114.91,111.01,111.59,12664,8698,112.475
US3021301094,269082,EXPD,USD,2022-05-16,111.26,112.14,109.14,111.25,10394,6868,110.888
US3021301094,269082,EXPD,USD,2022-05-17,111.66,115.1,111.37,114.83,11370,7276,113.727
US3021301094,269082,EXPD,USD,2022-05-18,113.49,113.99,104.16,104.56,10901,6805,106.399
US3021301094,269082,EXPD,USD,2022-05-19,103.95,105.99,102.08,103.5,14226,8787,104.052
US3021301094,269082,EXPD,USD,2022-05-20,104.73,105.55,102.57,105.44,9880,5274,104.407
US3021301094,269082,EXPD,USD,2022-05-23,106.16,106.51,104.64,105.66,7686,4571,105.645
US3021301094,269082,EXPD,USD,2022-05-24,105.11,105.88,102.98,105.65,5519,3233,104.679
US3021301094,269082,EXPD,USD,2022-05-25,105.12,107.4,104.08,106.06,7549,4346,106.05
US3021301094,269082,EXPD,USD,2022-05-26,106.85,109.13,106.44,108.25,5663,2902,108.539
US3021301094,269082,EXPD,USD,2022-05-27,108.66,110.89,108.64,110.65,5749,3673,110.357
US3021301094,269082,EXPD,USD,2022-05-31,110.75,110.75,107.23,108.84,17609,3505,108.777
US3021301094,269082,EXPD,USD,2022-06-01,109.04,109.72,107.59,107.84,6005,3076,108.096
US3021301094,269082,EXPD,USD,2022-06-02,107.96,108.99,107.05,108.97,5349,3619,108.103
US3021301094,269082,EXPD,USD,2022-06-03,108.47,110.52,108.12,109.6,6130,3943,109.702
US3021301094,269082,EXPD,USD,2022-06-06,110.33,110.65,109.43,109.62,7706,4222,109.893
US3021301094,269082,EXPD,USD,2022-06-07,108.17,109.83,106.3,109.31,8322,5084,109.059
US3021301094,269082,EXPD,USD,2022-06-08,108.6,108.6,103.0,103.1,12699,8693,104.649
US3021301094,269082,EXPD,USD,2022-06-09,102.66,104.56,101.15,101.2,9702,6152,102.002
US3021301094,269082,EXPD,USD,2022-06-10,100.3,101.35,98.4,98.46,8482,5307,99.467
US3021301094,269082,EXPD,USD,2022-06-13,96.98,98.25,96.01,96.48,9519,5806,96.925
US3021301094,269082,EXPD,USD,2022-06-14,97.76,102.16,97.69,98.6,10458,5977,99.376
US3021301094,269082,EXPD,USD,2022-06-15,99.09,100.98,97.12,97.95,9564,5038,98.323
US3021301094,269082,EXPD,USD,2022-06-16,96.49,97.11,94.73,97.0,10830,5167,96.257
US3021301094,269082,EXPD,USD,2022-06-17,96.13,96.88,93.77,94.22,15360,4895,94.594
US3021301094,269082,EXPD,USD,2022-06-21,95.39,96.35,93.99,95.81,8541,3876,95.677
US3021301094,269082,EXPD,USD,2022-06-22,94.77,95.93,94.56,95.56,6646,2911,95.5
US3021301094,269082,EXPD,USD,2022-06-23,95.87,96.82,94.56,96.43,6320,3612,96.002
US3021301094,269082,EXPD,USD,2022-06-24,98.74,100.58,96.5,100.3,14317,4781,100.126
US3021301094,269082,EXPD,USD,2022-06-27,100.77,101.9,99.99,100.53,5846,3243,100.704
US3021301094,269082,EXPD,USD,2022-06-28,100.65,101.76,97.15,97.83,6480,3860,98.26
US3021301094,269082,EXPD,USD,2022-06-29,97.98,98.66,96.52,98.05,6077,3335,98.045
US3021301094,269082,EXPD,USD,2022-06-30,97.11,98.74,95.94,97.46,8676,3926,97.475
US3021301094,269082,EXPD,USD,2022-07-01,97.5,98.45,96.09,97.58,6609,3790,97.302
US3021301094,269082,EXPD,USD,2022-07-05,97.58,97.58,95.31,96.5,6380,3383,96.426
US3021301094,269082,EXPD,USD,2022-07-06,96.56,97.85,95.39,97.51,7498,3769,97.024
US3021301094,269082,EXPD,USD,2022-07-07,98.4,99.15,97.67,98.4,4890,2492,98.356
US3021301094,269082,EXPD,USD,2022-07-08,98.55,98.85,96.58,97.24,11996,6209,97.225
US3021301094,269082,EXPD,USD,2022-07-11,96.64,98.74,96.45,97.33,7480,5161,97.742
US3021301094,269082,EXPD,USD,2022-07-12,95.95,98.01,94.51,96.34,9100,5991,96.766
US3021301094,269082,EXPD,USD,2022-07-13,95.14,95.65,93.09,94.65,8488,5453,94.442
US3021301094,269082,EXPD,USD,2022-07-14,93.62,95.02,92.58,94.92,7009,4268,94.214
US3021301094,269082,EXPD,USD,2022-07-15,96.42,97.07,95.61,96.83,51937,8890,96.773
US3021301094,269082,EXPD,USD,2022-07-18,97.31,98.26,96.23,96.59,6682,2375,96.869
US3021301094,269082,EXPD,USD,2022-07-19,97.94,100.42,96.93,100.13,5905,2501,99.688
US3021301094,269082,EXPD,USD,2022-07-20,100.2,102.55,99.64,102.24,6778,3384,101.712
US3021301094,269082,EXPD,USD,2022-07-21,102.31,102.59,100.81,101.46,5489,3143,101.434
US3021301094,269082,EXPD,USD,2022-07-22,101.83,102.41,100.37,101.17,5140,3126,101.197
US3021301094,269082,EXPD,USD,2022-07-25,101.04,101.04,98.63,99.16,5156,3307,99.512
US3021301094,269082,EXPD,USD,2022-07-26,99.18,99.18,97.24,98.84,6755,4066,98.391
US3021301094,269082,EXPD,USD,2022-07-27,98.98,100.97,97.93,100.57,4236,2514,99.798
US3021301094,269082,EXPD,USD,2022-07-28,101.92,105.24,101.6,104.56,5163,3289,103.854
US3021301094,269082,EXPD,USD,2022-07-29,105.0,106.83,104.19,106.25,9846,3679,106.028
US3021301094,269082,EXPD,USD,2022-08-01,105.85,106.96,105.48,106.48,8003,4787,106.481
US3021301094,269082,EXPD,USD,2022-08-02,105.0,105.0,98.94,102.25,15368,10291,101.973
US3021301094,269082,EXPD,USD,2022-08-03,102.75,104.83,102.51,102.78,8869,5451,103.098
US3021301094,269082,EXPD,USD,2022-08-04,103.5,103.66,102.63,103.01,9547,5954,103.141
US3021301094,269082,EXPD,USD,2022-08-05,103.1,104.47,102.97,103.53,4422,3017,103.519
US3021301094,269082,EXPD,USD,2022-08-08,104.16,104.49,102.9,103.1,4852,2920,103.361
US3021301094,269082,EXPD,USD,2022-08-09,103.29,103.61,102.5,103.55,5644,2998,103.215
US3021301094,269082,EXPD,USD,2022-08-10,104.5,108.18,104.5,107.0,6596,3413,107.182
US3021301094,269082,EXPD,USD,2022-08-11,108.0,109.65,107.44,107.84,6229,3621,108.347
US3021301094,269082,EXPD,USD,2022-08-12,108.0,108.68,106.44,107.16,6768,4027,107.21
US3021301094,269082,EXPD,USD,2022-08-15,106.77,108.97,106.44,108.59,8639,5494,107.903
US3021301094,269082,EXPD,USD,2022-08-16,108.44,108.92,107.67,108.04,4393,2430,108.21
US3021301094,269082,EXPD,USD,2022-08-17,107.16,107.66,106.26,106.54,5267,3137,106.685
US3021301094,269082,EXPD,USD,2022-08-18,106.82,108.43,106.13,107.95,4752,2510,107.703
US3021301094,269082,EXPD,USD,2022-08-19,107.24,107.6,106.29,107.19,6712,3666,107.14
US3021301094,269082,EXPD,USD,2022-08-22,105.99,107.26,105.57,107.08,7495,4296,106.79
US3021301094,269082,EXPD,USD,2022-08-23,106.89,107.87,106.11,106.29,6922,3885,106.612
US3021301094,269082,EXPD,USD,2022-08-24,106.05,107.2,105.73,106.4,5569,3510,106.485
US3021301094,269082,EXPD,USD,2022-08-25,107.04,107.9,106.57,107.84,5843,3578,107.348
US3021301094,269082,EXPD,USD,2022-08-26,108.0,108.96,104.45,105.4,8451,5358,106.071
US3021301094,269082,EXPD,USD,2022-08-29,104.48,105.4,103.59,103.8,7212,4818,104.371
US3021301094,269082,EXPD,USD,2022-08-30,103.7,103.94,102.58,102.97,7601,5042,103.152
US3021301094,269082,EXPD,USD,2022-08-31,103.07,104.19,102.12,102.89,14616,6396,102.91
US3021301094,269082,EXPD,USD,2022-09-01,102.35,104.03,102.26,103.81,7943,5330,103.474
US3021301094,269082,EXPD,USD,2022-09-02,105.0,105.54,101.51,104.17,7008,4358,102.869
US3021301094,269082,EXPD,USD,2022-09-06,101.38,101.78,99.35,100.59,10995,7187,100.489
US3021301094,269082,EXPD,USD,2022-09-07,101.37,102.32,99.81,101.97,8673,5984,101.201
US3021301094,269082,EXPD,USD,2022-09-08,101.55,102.29,100.29,101.42,9516,6745,101.344
US3021301094,269082,EXPD,USD,2022-09-09,102.7,103.85,102.55,103.44,8435,5555,103.366
US3021301094,269082,EXPD,USD,2022-09-12,103.94,105.19,103.35,104.86,9751,5892,104.65
US3021301094,269082,EXPD,USD,2022-09-13,104.69,104.69,99.35,99.79,13066,7468,100.802
US3021301094,269082,EXPD,USD,2022-09-14,100.05,101.27,99.06,100.42,15050,7325,100.461
US3021301094,269082,EXPD,USD,2022-09-15,100.2,101.2,95.0,96.74,13627,6512,97.368
US3021301094,269082,EXPD,USD,2022-09-16,94.26,94.26,90.07,93.0,36145,12572,92.819
US3021301094,269082,EXPD,USD,2022-09-19,92.19,93.42,91.77,93.17,10325,5018,92.93
US3021301094,269082,EXPD,USD,2022-09-20,92.4,92.99,89.05,90.0,11516,5841,89.96
US3021301094,269082,EXPD,USD,2022-09-21,90.8,91.72,89.0,89.22,12299,7561,90.124
US3021301094,269082,EXPD,USD,2022-09-22,88.33,88.84,87.09,88.19,9760,6255,88.029
US3021301094,269082,EXPD,USD,2022-09-23,88.0,88.0,86.36,87.66,7774,4615,87.191
US3021301094,269082,EXPD,USD,2022-09-26,87.87,87.9,86.08,86.78,9362,4844,86.884
US3021301094,269082,EXPD,USD,2022-09-27,87.11,89.22,87.11,89.04,10588,5144,88.691
US3021301094,269082,EXPD,USD,2022-09-28,89.67,91.02,89.16,90.05,10229,5675,90.171
US3021301094,269082,EXPD,USD,2022-09-29,90.01,91.13,88.52,90.47,12176,6331,89.985
US3021301094,269082,EXPD,USD,2022-09-30,90.48,90.96,88.22,88.31,10993,5326,89.104
US3021301094,269082,EXPD,USD,2022-10-03,88.68,91.64,88.54,90.91,9716,5200,90.683
US3021301094,269082,EXPD,USD,2022-10-04,92.15,92.53,91.12,91.52,8474,5323,91.689
US3021301094,269082,EXPD,USD,2022-10-05,90.81,91.75,90.07,90.77,6451,3455,90.837
US3021301094,269082,EXPD,USD,2022-10-06,90.47,92.03,89.7,90.65,6929,3971,90.799
US3021301094,269082,EXPD,USD,2022-10-07,89.8,90.23,88.76,89.2,10650,6254,89.335
US3021301094,269082,EXPD,USD,2022-10-10,90.12,90.8,88.95,89.77,6526,3602,89.739
US3021301094,269082,EXPD,USD,2022-10-11,89.77,90.28,88.64,89.05,5929,3312,89.341
US3021301094,269082,EXPD,USD,2022-10-12,89.05,90.3,88.61,88.87,8333,4617,89.245
US3021301094,269082,EXPD,USD,2022-10-13,87.6,91.21,86.12,90.2,7966,5357,89.693
US3021301094,269082,EXPD,USD,2022-10-14,90.83,91.16,89.05,89.97,9924,6299,90.062
US3021301094,269082,EXPD,USD,2022-10-17,90.43,92.33,89.97,92.0,9343,5474,91.569
US3021301094,269082,EXPD,USD,2022-10-18,94.0,94.42,92.02,92.66,6238,3887,92.815
US3021301094,269082,EXPD,USD,2022-10-19,92.74,93.0,90.59,91.01,7380,4548,91.282
US3021301094,269082,EXPD,USD,2022-10-20,90.84,91.77,89.35,89.75,6889,4170,90.159
US3021301094,269082,EXPD,USD,2022-10-21,90.46,93.27,89.71,92.95,32851,6919,92.733
US3021301094,269082,EXPD,USD,2022-10-24,93.71,94.53,92.78,93.62,11692,4897,93.642
US3021301094,269082,EXPD,USD,2022-10-25,93.84,96.08,93.59,96.03,10280,6455,95.597
US3021301094,269082,EXPD,USD,2022-10-26,96.01,98.15,95.24,96.62,7467,4978,96.772
US3021301094,269082,EXPD,USD,2022-10-27,97.09,97.91,96.14,96.4,7435,4094,96.693
US3021301094,269082,EXPD,USD,2022-10-28,96.8,97.96,95.97,97.88,6469,3847,97.514
US3021301094,269082,EXPD,USD,2022-10-31,97.94,99.33,97.14,98.25,10057,4004,98.059
US3021301094,269082,EXPD,USD,2022-11-01,98.35,98.96,96.84,98.84,4846,2987,98.323
US3021301094,269082,EXPD,USD,2022-11-02,98.17,98.17,93.21,93.31,11335,7310,95.527
US3021301094,269082,EXPD,USD,2022-11-03,92.78,95.85,91.84,94.89,6957,4816,94.776
US3021301094,269082,EXPD,USD,2022-11-04,94.0,96.36,92.93,94.86,10668,6720,94.629
US3021301094,269082,EXPD,USD,2022-11-07,95.11,95.74,94.02,95.73,10238,7056,95.16
US3021301094,269082,EXPD,USD,2022-11-08,96.92,105.7,96.42,103.79,23049,15636,103.112
US3021301094,269082,EXPD,USD,2022-11-09,103.93,107.84,103.4,104.78,17666,12187,105.852
US3021301094,269082,EXPD,USD,2022-11-10,107.8,109.03,106.29,108.69,14918,9848,107.991
US3021301094,269082,EXPD,USD,2022-11-11,109.57,112.35,108.51,111.75,10783,6949,111.022
US3021301094,269082,EXPD,USD,2022-11-14,111.42,115.91,111.33,111.69,14315,8477,113.742
US3021301094,269082,EXPD,USD,2022-11-15,111.99,116.13,111.92,115.81,12663,8409,114.959
US3021301094,269082,EXPD,USD,2022-11-16,114.7,115.16,111.67,111.82,12698,7075,112.593
US3021301094,269082,EXPD,USD,2022-11-17,109.83,111.93,106.84,111.59,14513,9443,110.078
US3021301094,269082,EXPD,USD,2022-11-18,112.9,113.45,110.77,112.77,13152,7616,112.333
US3021301094,269082,EXPD,USD,2022-11-21,112.33,114.25,112.09,114.25,14953,7317,113.638
US3021301094,269082,EXPD,USD,2022-11-22,113.31,114.33,110.58,114.12,10867,7393,113.445
US3021301094,269082,EXPD,USD,2022-11-23,114.74,115.39,113.78,113.99,13758,5920,114.364
US3021301094,269082,EXPD,USD,2022-11-25,113.47,114.23,111.18,112.77,10968,5524,112.676
US3021301094,269082,EXPD,USD,2022-11-28,112.41,113.49,111.35,111.63,15429,7449,112.145
US3021301094,269082,EXPD,USD,2022-11-29,112.71,114.03,111.66,113.56,16381,8526,113.2
US3021301094,269082,EXPD,USD,2022-11-30,113.53,116.25,111.87,116.06,20279,6841,115.212
US3021301094,269082,EXPD,USD,2022-12-01,116.47,116.66,114.23,115.25,9269,6065,115.194
US3021301094,269082,EXPD,USD,2022-12-02,114.2,116.38,113.29,115.52,7529,4347,115.385
US3021301094,269082,EXPD,USD,2022-12-05,115.52,115.65,111.58,111.82,10597,6206,112.405
US3021301094,269082,EXPD,USD,2022-12-06,112.12,112.69,109.2,110.19,10614,6394,110.661
US3021301094,269082,EXPD,USD,2022-12-07,109.77,110.53,107.33,107.6,12105,6697,108.077
US3021301094,269082,EXPD,USD,2022-12-08,108.1,109.03,107.32,107.85,6014,3463,108.086
US3021301094,269082,EXPD,USD,2022-12-09,107.8,108.81,106.46,107.91,9997,5387,107.83
US3021301094,269082,EXPD,USD,2022-12-12,107.87,113.79,107.61,113.28,14725,9318,112.238
US3021301094,269082,EXPD,USD,2022-12-13,116.57,116.97,111.88,112.43,10396,6228,113.444
US3021301094,269082,EXPD,USD,2022-12-14,111.82,115.07,111.68,112.79,16320,7022,113.355
US3021301094,269082,EXPD,USD,2022-12-15,111.66,111.98,108.91,109.32,10595,4885,109.508
US3021301094,269082,EXPD,USD,2022-12-16,108.44,109.53,107.85,108.54,23721,5274,108.552
US3021301094,269082,EXPD,USD,2022-12-19,108.79,109.74,106.89,108.01,7455,3024,107.917
US3021301094,269082,EXPD,USD,2022-12-20,108.02,108.71,106.25,106.9,10082,4312,106.942
US3021301094,269082,EXPD,USD,2022-12-21,107.75,108.69,106.97,107.6,6612,3315,107.739
US3021301094,269082,EXPD,USD,2022-12-22,106.64,106.98,105.19,106.9,8374,4456,106.442
US3021301094,269082,EXPD,USD,2022-12-23,107.02,107.77,106.52,107.31,3649,2375,107.133
US3021301094,269082,EXPD,USD,2022-12-27,107.31,107.31,106.02,106.42,4398,2375,106.517
US3021301094,269082,EXPD,USD,2022-12-28,106.74,106.99,103.96,103.96,3834,2173,104.746
US3021301094,269082,EXPD,USD,2022-12-29,104.45,106.33,104.39,105.21,5057,2688,105.277
US3021301094,269082,EXPD,USD,2022-12-30,104.52,104.92,102.75,103.92,4980,2266,103.887
US3021301094,269082,EXPD,USD,2023-01-03,104.55,105.15,103.79,104.98,7664,3848,104.756
US3021301094,269082,EXPD,USD,2023-01-04,105.22,107.11,104.78,106.18,11447,6691,105.906
US3021301094,269082,EXPD,USD,2023-01-05,105.12,105.87,104.22,104.92,10087,5387,105.083
US3021301094,269082,EXPD,USD,2023-01-06,105.99,108.35,105.34,108.18,10028,4735,107.4
US3021301094,269082,EXPD,USD,2023-01-09,108.45,111.69,108.25,109.85,9803,5741,110.329
US3021301094,269082,EXPD,USD,2023-01-10,109.85,110.9,107.82,108.54,8788,5485,108.697
US3021301094,269082,EXPD,USD,2023-01-11,108.58,110.5,108.23,110.41,8345,5428,109.917
US3021301094,269082,EXPD,USD,2023-01-12,110.07,110.44,108.34,110.31,8534,5137,109.971
US3021301094,269082,EXPD,USD,2023-01-13,109.74,110.5,108.49,108.92,6922,3564,108.965
US3021301094,269082,EXPD,USD,2023-01-17,108.11,108.84,107.23,108.01,12062,5371,107.912
US3021301094,269082,EXPD,USD,2023-01-18,108.63,111.19,107.15,107.31,9804,5847,108.463
US3021301094,269082,EXPD,USD,2023-01-19,107.01,107.43,104.79,105.51,9070,5807,105.612
US3021301094,269082,EXPD,USD,2023-01-20,105.99,107.42,105.0,106.73,40936,8227,106.675
US3021301094,269082,EXPD,USD,2023-01-23,106.85,109.62,106.62,108.83,7912,5386,108.387
US3021301094,269082,EXPD,USD,2023-01-24,108.74,109.24,107.68,108.35,6282,2798,108.498
US3021301094,269082,EXPD,USD,2023-01-25,105.3,107.94,105.24,107.75,6364,3821,107.042
US3021301094,269082,EXPD,USD,2023-01-26,108.59,108.76,106.32,108.21,7428,4410,107.806
US3021301094,269082,EXPD,USD,2023-01-27,108.38,109.57,107.63,107.72,5896,3703,108.078
US3021301094,269082,EXPD,USD,2023-01-30,107.18,107.9,105.3,105.52,7814,2878,105.863
US3021301094,269082,EXPD,USD,2023-01-31,107.63,108.23,105.73,108.15,16017,6899,107.7
US3021301094,269082,EXPD,USD,2023-02-01,108.33,114.73,108.1,112.0,14126,9683,112.429
US3021301094,269082,EXPD,USD,2023-02-02,112.77,119.9,112.77,118.87,33742,13412,118.309
US3021301094,269082,EXPD,USD,2023-02-03,117.04,117.52,115.77,117.03,7827,4984,116.857
US3021301094,269082,EXPD,USD,2023-02-06,116.77,117.36,113.88,114.35,10983,4348,114.521
US3021301094,269082,EXPD,USD,2023-02-07,114.34,114.59,112.27,113.97,7561,5292,113.874
US3021301094,269082,EXPD,USD,2023-02-08,113.95,114.16,111.91,112.99,6924,4331,113.053
US3021301094,269082,EXPD,USD,2023-02-09,114.2,115.11,110.33,110.33,8530,5141,112.783
US3021301094,269082,EXPD,USD,2023-02-10,111.14,112.62,110.66,111.96,11422,6821,111.98
US3021301094,269082,EXPD,USD,2023-02-13,111.53,113.03,111.22,112.84,7183,4340,112.664
US3021301094,269082,EXPD,USD,2023-02-14,112.84,113.68,111.74,113.11,6180,3220,112.839
US3021301094,269082,EXPD,USD,2023-02-15,112.38,113.84,111.8,113.57,8010,3722,113.367
US3021301094,269082,EXPD,USD,2023-02-16,111.7,113.12,111.38,112.2,7319,4033,112.277
US3021301094,269082,EXPD,USD,2023-02-17,112.11,112.32,110.47,111.4,8689,4481,111.356
US3021301094,269082,EXPD,USD,2023-02-21,109.39,109.39,104.43,105.04,16829,10204,105.579
US3021301094,269082,EXPD,USD,2023-02-22,105.59,106.79,104.42,105.2,8161,4911,105.491
US3021301094,269082,EXPD,USD,2023-02-23,106.2,107.91,105.96,107.74,7737,4764,107.345
US3021301094,269082,EXPD,USD,2023-02-24,106.57,107.81,106.08,107.19,6207,3451,107.118
US3021301094,269082,EXPD,USD,2023-02-27,108.64,108.9,105.6,105.78,10536,4153,106.156
US3021301094,269082,EXPD,USD,2023-02-28,105.55,106.1,104.34,104.56,14404,4919,104.809
US3021301094,269082,EXPD,USD,2023-03-01,105.0,106.08,103.86,105.38,9416,5006,105.268
US3021301094,269082,EXPD,USD,2023-03-02,104.74,110.18,104.53,109.95,13803,8179,108.659
US3021301094,269082,EXPD,USD,2023-03-03,110.3,110.85,108.84,109.0,11468,5854,109.415
US3021301094,269082,EXPD,USD,2023-03-06,109.17,111.3,108.87,109.8,11994,6151,109.817
US3021301094,269082,EXPD,USD,2023-03-07,110.0,110.4,108.97,109.61,11620,6992,109.824
US3021301094,269082,EXPD,USD,2023-03-08,109.52,110.97,109.23,110.87,6989,4867,110.29
US3021301094,269082,EXPD,USD,2023-03-09,110.87,112.66,110.17,110.31,10483,6548,111.17
US3021301094,269082,EXPD,USD,2023-03-10,110.31,110.32,106.59,107.39,11064,7846,108.186
US3021301094,269082,EXPD,USD,2023-03-13,105.9,109.09,105.0,107.75,14033,9514,107.403
US3021301094,269082,EXPD,USD,2023-03-14,108.98,109.93,104.53,106.14,13300,7061,107.096
US3021301094,269082,EXPD,USD,2023-03-15,104.2,106.11,103.25,105.69,9272,5938,105.297
US3021301094,269082,EXPD,USD,2023-03-16,105.32,108.58,105.32,108.5,5720,2604,107.163
US3021301094,269082,EXPD,USD,2023-03-17,107.76,108.57,105.81,106.43,15318,4891,106.63
US3021301094,269082,EXPD,USD,2023-03-20,106.34,107.5,104.94,105.32,7233,3090,105.531
US3021301094,269082,EXPD,USD,2023-03-21,106.0,106.98,104.74,105.9,9401,5130,105.732
US3021301094,269082,EXPD,USD,2023-03-22,105.87,107.9,104.62,104.67,7167,4125,106.008
US3021301094,269082,EXPD,USD,2023-03-23,104.88,106.63,103.9,104.56,7291,4164,105.06
US3021301094,269082,EXPD,USD,2023-03-24,104.0,104.87,102.89,104.49,6174,3822,104.259
US3021301094,269082,EXPD,USD,2023-03-27,105.41,105.85,104.53,105.31,8385,4382,105.35
US3021301094,269082,EXPD,USD,2023-03-28,104.93,106.36,104.47,104.9,6928,4643,105.048
US3021301094,269082,EXPD,USD,2023-03-29,105.78,106.25,104.77,105.59,5520,3080,105.416
US3021301094,269082,EXPD,USD,2023-03-30,106.29,107.39,105.81,107.06,6578,3771,107.021
US3021301094,269082,EXPD,USD,2023-03-31,107.44,110.46,107.34,110.12,11985,5640,109.618
US3021301094,269082,EXPD,USD,2023-04-03,109.57,109.74,106.73,108.32,11104,5297,108.102
US3021301094,269082,EXPD,USD,2023-04-04,108.41,108.41,105.85,106.55,6522,3849,106.627
US3021301094,269082,EXPD,USD,2023-04-05,106.23,107.05,104.83,105.59,7058,3656,105.616
US3021301094,269082,EXPD,USD,2023-04-06,105.44,106.14,104.68,105.35,8771,5639,105.361
US3021301094,269082,EXPD,USD,2023-04-10,104.85,107.98,104.83,107.69,6138,3442,107.405
US3021301094,269082,EXPD,USD,2023-04-11,107.85,109.76,106.77,109.06,5612,2940,109.069
US3021301094,269082,EXPD,USD,2023-04-12,110.2,110.49,109.15,109.77,8880,4823,109.855
US3021301094,269082,EXPD,USD,2023-04-13,110.13,110.69,108.47,109.69,5623,3230,109.983
US3021301094,269082,EXPD,USD,2023-04-14,110.17,112.55,110.16,111.67,6145,3150,111.579
US3021301094,269082,EXPD,USD,2023-04-17,111.88,112.08,110.25,111.15,4457,2364,111.038
US3021301094,269082,EXPD,USD,2023-04-18,111.51,112.35,111.18,111.58,4548,2757,111.655
US3021301094,269082,EXPD,USD,2023-04-19,111.26,111.88,110.76,111.84,4214,2427,111.577
US3021301094,269082,EXPD,USD,2023-04-20,111.47,112.45,110.99,111.73,4317,2301,111.762
US3021301094,269082,EXPD,USD,2023-04-21,112.1,112.33,110.44,111.24,4337,2662,111.219
US3021301094,269082,EXPD,USD,2023-04-24,110.86,112.72,110.85,112.59,4702,2879,112.274
US3021301094,269082,EXPD,USD,2023-04-25,111.44,111.44,108.6,109.67,9779,5844,109.649
US3021301094,269082,EXPD,USD,2023-04-26,109.35,109.35,106.42,106.73,5191,2988,107.219
US3021301094,269082,EXPD,USD,2023-04-27,107.2,112.4,107.2,111.6,10891,7341,111.314
US3021301094,269082,EXPD,USD,2023-04-28,111.8,114.64,111.8,113.84,12934,5574,113.768
US3021301094,269082,EXPD,USD,2023-05-01,114.21,117.3,113.97,116.47,9084,5699,116.115
US3021301094,269082,EXPD,USD,2023-05-02,113.83,114.0,109.35,113.24,15225,8633,111.906
US3021301094,269082,EXPD,USD,2023-05-03,114.38,118.63,114.33,116.9,14621,7891,117.545
US3021301094,269082,EXPD,USD,2023-05-04,117.47,118.16,115.92,116.96,9508,5814,117.049
US3021301094,269082,EXPD,USD,2023-05-05,116.96,118.29,116.91,117.79,9920,5383,117.816
US3021301094,269082,EXPD,USD,2023-05-08,118.6,118.74,116.41,116.55,9299,5477,117.077
US3021301094,269082,EXPD,USD,2023-05-09,116.0,116.68,114.85,115.52,11757,5328,115.793
US3021301094,269082,EXPD,USD,2023-05-10,115.41,116.4,112.39,114.03,12512,5328,114.136
US3021301094,269082,EXPD,USD,2023-05-11,113.86,114.02,112.21,112.37,8434,5147,112.661
US3021301094,269082,EXPD,USD,2023-05-12,112.56,113.5,111.92,112.96,6736,3933,112.694
US3021301094,269082,EXPD,USD,2023-05-15,112.86,113.32,111.49,112.69,6987,4265,112.518
US3021301094,269082,EXPD,USD,2023-05-16,111.0,112.07,109.96,111.32,6504,4005,111.269
US3021301094,269082,EXPD,USD,2023-05-17,110.27,113.79,110.27,113.45,8089,4996,113.073
US3021301094,269082,EXPD,USD,2023-05-18,113.52,115.47,113.25,114.67,7697,4145,114.275
US3021301094,269082,EXPD,USD,2023-05-19,114.93,115.28,113.49,114.57,7966,4163,114.373
US3021301094,269082,EXPD,USD,2023-05-22,114.75,115.11,113.28,114.43,8844,5570,114.618
US3021301094,269082,EXPD,USD,2023-05-23,114.29,115.37,114.22,114.55,6056,3674,114.8
US3021301094,269082,EXPD,USD,2023-05-24,113.92,114.04,111.85,112.47,8051,4453,112.549
US3021301094,269082,EXPD,USD,2023-05-25,112.5,114.96,112.05,114.26,8688,4625,114.132
US3021301094,269082,EXPD,USD,2023-05-26,114.66,116.21,114.2,115.51,9499,5543,115.401
US3021301094,269082,EXPD,USD,2023-05-30,116.2,116.99,114.8,115.1,11538,6330,115.823
US3021301094,269082,EXPD,USD,2023-05-31,114.06,114.63,109.91,110.31,22492,5454,110.504
US3021301094,269082,EXPD,USD,2023-06-01,110.55,111.94,109.9,111.48,6389,3368,111.318
US3021301094,269082,EXPD,USD,2023-06-02,112.01,114.33,111.83,113.96,8198,3792,113.779
US3021301094,269082,EXPD,USD,2023-06-05,113.07,114.76,112.1,114.26,11125,6528,114.088
US3021301094,269082,EXPD,USD,2023-06-06,113.3,116.66,112.59,115.14,6449,4019,115.215
US3021301094,269082,EXPD,USD,2023-06-07,115.34,117.13,114.88,116.79,7260,4071,116.732
US3021301094,269082,EXPD,USD,2023-06-08,116.78,117.0,115.66,116.53,6814,3862,116.306
US3021301094,269082,EXPD,USD,2023-06-09,116.1,116.23,114.56,115.23,7346,3386,115.246
US3021301094,269082,EXPD,USD,2023-06-12,115.52,116.65,114.17,116.17,7704,4368,115.898
US3021301094,269082,EXPD,USD,2023-06-13,116.82,117.46,116.11,117.06,8805,3902,116.886
US3021301094,269082,EXPD,USD,2023-06-14,117.27,118.7,116.44,117.64,9161,4820,117.561
US3021301094,269082,EXPD,USD,2023-06-15,117.07,119.79,117.07,119.27,8030,3979,119.133
US3021301094,269082,EXPD,USD,2023-06-16,119.7,120.44,118.02,119.24,22657,5216,118.953
US3021301094,269082,EXPD,USD,2023-06-20,118.28,118.88,114.38,114.5,7075,3498,116.201
US3021301094,269082,EXPD,USD,2023-06-21,114.48,116.36,113.68,115.72,7823,3684,115.62
US3021301094,269082,EXPD,USD,2023-06-22,115.47,116.56,114.42,114.5,6113,2931,114.97
US3021301094,269082,EXPD,USD,2023-06-23,114.0,116.04,113.69,114.45,10975,3834,114.691
US3021301094,269082,EXPD,USD,2023-06-26,114.57,116.57,114.41,116.0,3813,1539,115.949
US3021301094,269082,EXPD,USD,2023-06-27,116.51,119.3,116.38,118.38,6423,3496,118.274
US3021301094,269082,EXPD,USD,2023-06-28,118.4,119.38,117.28,119.29,6274,3462,118.736
US3021301094,269082,EXPD,USD,2023-06-29,119.13,120.18,118.33,120.14,4488,2614,119.614
US3021301094,269082,EXPD,USD,2023-06-30,120.67,121.3,119.4,120.89,7392,4008,120.863
US3021301094,269082,EXPD,USD,2023-07-03,120.67,122.06,120.18,121.69,2942,1462,121.477
US3021301094,269082,EXPD,USD,2023-07-05,120.55,121.83,120.39,121.16,5357,2618,121.119
US3021301094,269082,EXPD,USD,2023-07-06,116.39,119.41,116.24,117.55,8027,4281,117.727
US3021301094,269082,EXPD,USD,2023-07-07,117.55,119.83,117.21,118.9,8209,4015,119.03
US3021301094,269082,EXPD,USD,2023-07-10,119.27,122.05,119.27,121.08,5406,2863,121.175
US3021301094,269082,EXPD,USD,2023-07-11,121.08,123.09,121.08,122.96,4884,2822,122.534
US3021301094,269082,EXPD,USD,2023-07-12,120.0,124.22,120.0,122.75,4833,2132,123.001
US3021301094,269082,EXPD,USD,2023-07-13,122.41,122.75,121.54,121.82,4783,2381,121.884
US3021301094,269082,EXPD,USD,2023-07-14,121.76,122.13,121.23,121.6,2940,1233,121.595
US3021301094,269082,EXPD,USD,2023-07-17,121.2,122.35,120.21,122.01,3863,2201,121.741
US3021301094,269082,EXPD,USD,2023-07-18,122.84,124.33,122.23,123.07,5057,2238,123.104
US3021301094,269082,EXPD,USD,2023-07-19,123.07,124.67,123.07,124.51,4815,2532,124.17
US3021301094,269082,EXPD,USD,2023-07-20,124.25,125.57,123.32,124.48,5990,2747,124.555
US3021301094,269082,EXPD,USD,2023-07-21,124.42,125.75,124.16,124.75,3849,1667,124.8
US3021301094,269082,EXPD,USD,2023-07-24,123.37,125.33,123.23,124.99,3936,2605,124.524
US3021301094,269082,EXPD,USD,2023-07-25,124.99,126.4,124.6,125.45,4800,2696,125.64
US3021301094,269082,EXPD,USD,2023-07-26,125.45,126.49,124.0,124.0,4062,2226,125.947
US3021301094,269082,EXPD,USD,2023-07-27,127.0,127.35,125.72,126.1,4905,2615,126.339
US3021301094,269082,EXPD,USD,2023-07-28,127.34,127.73,126.22,127.24,5423,2844,127.102
US3021301094,269082,EXPD,USD,2023-07-31,127.24,128.05,126.56,127.3,7428,1934,127.265
US3021301094,269082,EXPD,USD,2023-08-01,125.86,126.59,124.46,125.47,5803,2384,125.668
US3021301094,269082,EXPD,USD,2023-08-02,124.54,125.48,123.97,124.43,3721,1920,124.548
US3021301094,269082,EXPD,USD,2023-08-03,124.0,125.38,123.27,124.43,4073,2255,124.602
US3021301094,269082,EXPD,USD,2023-08-04,125.12,125.49,123.53,123.76,3860,2329,124.193
US3021301094,269082,EXPD,USD,2023-08-07,124.29,126.05,123.95,124.81,5964,3769,124.885
US3021301094,269082,EXPD,USD,2023-08-08,123.0,123.99,118.15,119.32,14132,6981,119.749
US3021301094,269082,EXPD,USD,2023-08-09,119.37,119.37,117.15,117.37,7112,3920,117.693
US3021301094,269082,EXPD,USD,2023-08-10,117.99,120.07,117.21,117.88,6713,3043,118.071
US3021301094,269082,EXPD,USD,2023-08-11,115.82,117.23,115.6,116.97,5690,3495,116.74
US3021301094,269082,EXPD,USD,2023-08-14,116.91,117.35,115.8,116.78,4722,1946,116.894
US3021301094,269082,EXPD,USD,2023-08-15,116.36,116.48,115.07,115.18,5129,2543,115.414
US3021301094,269082,EXPD,USD,2023-08-16,115.26,116.42,113.81,114.12,3827,2023,114.554
US3021301094,269082,EXPD,USD,2023-08-17,114.66,115.11,113.91,113.93,5605,2225,114.152
US3021301094,269082,EXPD,USD,2023-08-18,113.26,116.28,112.96,115.83,7670,5082,115.373
US3021301094,269082,EXPD,USD,2023-08-21,115.72,116.66,114.17,114.6,3446,1846,114.82
US3021301094,269082,EXPD,USD,2023-08-22,114.83,115.01,113.9,114.52,4374,2685,114.406
US3021301094,269082,EXPD,USD,2023-08-23,114.5,115.12,113.81,115.12,3123,1523,114.556
US3021301094,269082,EXPD,USD,2023-08-24,114.33,114.63,113.69,113.98,5033,2935,114.017
US3021301094,269082,EXPD,USD,2023-08-25,113.92,115.32,113.78,114.32,4629,2353,114.462
US3021301094,269082,EXPD,USD,2023-08-28,114.97,115.91,114.7,115.01,5052,3129,115.192
US3021301094,269082,EXPD,USD,2023-08-29,115.09,117.15,114.97,117.06,4582,2534,116.711
US3021301094,269082,EXPD,USD,2023-08-30,116.5,118.33,116.5,117.78,4208,2236,117.813
US3021301094,269082,EXPD,USD,2023-08-31,117.6,117.69,116.29,116.71,11198,4848,116.899
US3021301094,269082,EXPD,USD,2023-09-01,117.73,118.18,116.03,116.37,7025,4116,116.563
US3021301094,269082,EXPD,USD,2023-09-05,115.91,117.64,115.47,115.56,7555,4921,116.154
US3021301094,269082,EXPD,USD,2023-09-06,115.62,116.35,115.06,115.59,7124,3509,115.665
US3021301094,269082,EXPD,USD,2023-09-07,115.5,116.35,114.23,115.5,8399,3727,115.487
US3021301094,269082,EXPD,USD,2023-09-08,115.0,116.31,114.41,114.73,6977,3482,114.91
US3021301094,269082,EXPD,USD,2023-09-11,115.2,116.63,114.79,116.22,6715,4456,115.961
US3021301094,269082,EXPD,USD,2023-09-12,115.82,117.09,115.54,116.44,6999,3460,116.461
US3021301094,269082,EXPD,USD,2023-09-13,116.66,118.38,116.16,118.28,7910,4175,117.918
US3021301094,269082,EXPD,USD,2023-09-14,119.4,119.56,116.03,118.34,8265,3569,117.89
US3021301094,269082,EXPD,USD,2023-09-15,116.68,119.0,116.68,118.44,16929,2498,118.471
US3021301094,269082,EXPD,USD,2023-09-18,118.2,119.0,117.41,117.75,7835,2772,117.9
US3021301094,269082,EXPD,USD,2023-09-19,117.63,118.31,115.92,117.19,4996,2345,117.076
US3021301094,269082,EXPD,USD,2023-09-20,118.01,118.34,114.81,115.25,6491,2817,115.471
US3021301094,269082,EXPD,USD,2023-09-21,114.84,115.17,112.98,113.0,6812,3315,113.45
US3021301094,269082,EXPD,USD,2023-09-22,113.1,114.49,113.07,113.91,5758,3323,113.93
US3021301094,269082,EXPD,USD,2023-09-25,113.69,115.94,113.47,115.87,5128,2558,115.546
US3021301094,269082,EXPD,USD,2023-09-26,115.52,115.69,113.89,114.0,5479,2436,114.338
US3021301094,269082,EXPD,USD,2023-09-27,114.28,114.77,112.57,113.66,5000,2688,113.499
US3021301094,269082,EXPD,USD,2023-09-28,113.78,114.92,113.02,114.4,6572,3451,114.259
US3021301094,269082,EXPD,USD,2023-09-29,115.41,116.14,114.43,114.63,6338,2220,114.803
US3021301094,269082,EXPD,USD,2023-10-02,114.15,114.78,113.72,114.73,7096,4098,114.425
US3021301094,269082,EXPD,USD,2023-10-03,113.88,115.33,112.98,113.91,4879,2883,113.768
US3021301094,269082,EXPD,USD,2023-10-04,114.44,115.65,113.39,115.34,8185,3987,114.923
US3021301094,269082,EXPD,USD,2023-10-05,114.98,115.5,113.36,114.21,8444,4467,114.341
US3021301094,269082,EXPD,USD,2023-10-06,113.99,115.15,113.59,114.6,7687,4371,114.532
US3021301094,269082,EXPD,USD,2023-10-09,114.59,117.17,114.15,116.81,4726,2201,116.109
US3021301094,269082,EXPD,USD,2023-10-10,116.82,118.38,116.81,117.71,6570,3358,117.793
US3021301094,269082,EXPD,USD,2023-10-11,117.82,118.13,115.71,117.0,6379,4158,116.747
US3021301094,269082,EXPD,USD,2023-10-12,117.35,117.65,116.32,116.76,7100,3402,116.781
US3021301094,269082,EXPD,USD,2023-10-13,116.84,117.99,116.31,116.45,8248,4767,116.934
US3021301094,269082,EXPD,USD,2023-10-16,117.25,119.64,117.25,118.94,9965,6205,119.057
US3021301094,269082,EXPD,USD,2023-10-17,118.74,121.38,118.49,120.41,9730,5016,120.49
US3021301094,269082,EXPD,USD,2023-10-18,119.16,119.22,117.13,117.23,10749,6698,117.671
US3021301094,269082,EXPD,USD,2023-10-19,117.36,117.6,114.21,114.78,6938,4363,115.278
US3021301094,269082,EXPD,USD,2023-10-20,115.8,116.28,114.65,115.2,27250,4331,115.248
US3021301094,269082,EXPD,USD,2023-10-23,114.27,114.98,113.23,113.7,7348,4033,113.957
US3021301094,269082,EXPD,USD,2023-10-24,114.29,114.83,112.1,112.18,9231,4388,112.579
US3021301094,269082,EXPD,USD,2023-10-25,111.42,111.71,108.38,108.76,7467,4908,109.063
US3021301094,269082,EXPD,USD,2023-10-26,108.68,109.43,107.18,108.5,7769,4911,108.439
US3021301094,269082,EXPD,USD,2023-10-27,109.18,110.07,107.39,107.75,8178,3829,108.363
US3021301094,269082,EXPD,USD,2023-10-30,108.55,109.42,107.73,108.98,6066,3194,108.893
US3021301094,269082,EXPD,USD,2023-10-31,109.1,110.03,108.72,109.25,8905,4407,109.39
US3021301094,269082,EXPD,USD,2023-11-01,109.37,110.4,108.63,109.92,5109,3311,109.598
US3021301094,269082,EXPD,USD,2023-11-02,110.0,115.06,110.0,115.06,11415,4609,112.676
US3021301094,269082,EXPD,USD,2023-11-03,113.24,114.59,112.71,112.95,9342,5696,113.426
US3021301094,269082,EXPD,USD,2023-11-06,113.25,113.25,111.22,111.49,9786,6069,111.802
US3021301094,269082,EXPD,USD,2023-11-07,110.16,112.4,101.99,110.4,14729,7802,109.845
US3021301094,269082,EXPD,USD,2023-11-08,110.0,114.03,110.0,113.3,10191,6474,113.14
US3021301094,269082,EXPD,USD,2023-11-09,114.0,114.97,112.87,113.73,8839,4673,113.906
US3021301094,269082,EXPD,USD,2023-11-10,114.0,115.65,113.08,115.34,6308,3253,114.884
US3021301094,269082,EXPD,USD,2023-11-13,115.11,115.16,113.54,113.87,6910,4207,114.022
US3021301094,269082,EXPD,USD,2023-11-14,115.7,118.96,115.44,118.36,10424,5398,118.171
US3021301094,269082,EXPD,USD,2023-11-15,118.36,119.1,117.03,118.4,9041,4973,118.399
US3021301094,269082,EXPD,USD,2023-11-16,118.17,118.94,116.26,117.81,12133,6952,117.657
US3021301094,269082,EXPD,USD,2023-11-17,117.81,119.2,117.75,118.98,8523,4128,118.781
US3021301094,269082,EXPD,USD,2023-11-20,118.91,118.91,117.03,117.53,9202,3423,117.593
US3021301094,269082,EXPD,USD,2023-11-22,118.03,118.67,117.21,118.05,5920,3784,118.023
US3021301094,269082,EXPD,USD,2023-11-24,118.06,118.58,117.39,118.13,3197,1969,117.903
US3021301094,269082,EXPD,USD,2023-11-27,117.49,119.14,116.36,118.57,9261,5656,118.317
US3021301094,269082,EXPD,USD,2023-11-28,118.53,120.0,118.0,119.5,10754,6156,119.371
US3021301094,269082,EXPD,USD,2023-11-29,120.13,120.66,119.35,119.52,9672,5842,119.817
US3021301094,269082,EXPD,USD,2023-11-30,118.97,120.42,117.69,120.34,38130,7980,120.147
US3021301094,269082,EXPD,USD,2023-12-01,120.59,120.9,119.52,120.09,9112,4578,120.137
US3021301094,269082,EXPD,USD,2023-12-04,118.85,122.09,118.22,121.81,15648,6090,121.34
US3021301094,269082,EXPD,USD,2023-12-05,121.14,121.88,119.82,121.06,9587,5816,120.779
US3021301094,269082,EXPD,USD,2023-12-06,121.25,121.97,119.7,120.62,7460,4877,120.52
US3021301094,269082,EXPD,USD,2023-12-07,120.97,121.22,119.87,120.1,7758,3896,120.133
US3021301094,269082,EXPD,USD,2023-12-08,120.1,120.89,119.49,120.37,8689,4076,120.242
US3021301094,269082,EXPD,USD,2023-12-11,119.98,120.71,118.68,120.38,9332,3632,120.221
US3021301094,269082,EXPD,USD,2023-12-12,120.68,120.96,119.97,120.52,5342,2723,120.428
US3021301094,269082,EXPD,USD,2023-12-13,120.62,122.41,119.63,122.29,7346,3501,121.578
US3021301094,269082,EXPD,USD,2023-12-14,123.5,124.22,122.76,123.52,8628,4048,123.449
US3021301094,269082,EXPD,USD,2023-12-15,123.0,125.09,122.49,124.45,24447,5525,124.378
US3021301094,269082,EXPD,USD,2023-12-18,125.12,127.61,124.73,126.52,15431,9375,126.648
US3021301094,269082,EXPD,USD,2023-12-19,127.14,127.69,125.5,125.5,7722,3935,126.788
US3021301094,269082,EXPD,USD,2023-12-20,125.37,127.96,125.25,125.43,7969,4230,126.238
US3021301094,269082,EXPD,USD,2023-12-21,126.99,127.42,125.77,126.67,6820,2996,126.662
US3021301094,269082,EXPD,USD,2023-12-22,127.21,129.33,127.13,129.33,5425,3275,128.639
US3021301094,269082,EXPD,USD,2023-12-26,128.88,129.1,128.27,128.31,5122,3268,128.571
US3021301094,269082,EXPD,USD,2023-12-27,128.44,128.77,127.58,127.88,3859,2403,127.989
US3021301094,269082,EXPD,USD,2023-12-28,127.76,128.26,127.06,127.58,3204,1981,127.58
US3021301094,269082,EXPD,USD,2023-12-29,127.4,128.06,126.36,127.2,3983,1669,127.092
