ISIN,conId,Symbol,Currency,date,open,high,low,close,volume,barCount,average
US3131483063,4730419,AGM,USD,2019-01-02,59.53,62.67,59.53,62.67,282,167,61.935
US3131483063,4730419,AGM,USD,2019-01-03,62.17,63.29,61.8,62.55,208,154,62.382
US3131483063,4730419,AGM,USD,2019-01-04,63.5,66.22,63.5,65.21,200,102,65.054
US3131483063,4730419,AGM,USD,2019-01-07,65.22,66.79,64.23,65.76,117,72,65.815
US3131483063,4730419,AGM,USD,2019-01-08,66.37,68.12,66.37,67.03,122,81,67.257
US3131483063,4730419,AGM,USD,2019-01-09,67.62,69.22,67.55,68.05,125,89,68.227
US3131483063,4730419,AGM,USD,2019-01-10,67.9,69.0,67.39,67.71,106,67,67.976
US3131483063,4730419,AGM,USD,2019-01-11,67.49,69.48,66.96,68.67,120,86,68.527
US3131483063,4730419,AGM,USD,2019-01-14,68.5,70.54,68.14,68.14,174,127,69.007
US3131483063,4730419,AGM,USD,2019-01-15,68.41,69.3,66.74,68.57,109,76,68.458
US3131483063,4730419,AGM,USD,2019-01-16,68.88,69.83,68.25,69.68,138,88,69.194
US3131483063,4730419,AGM,USD,2019-01-17,69.56,71.8,69.56,71.73,220,158,70.806
US3131483063,4730419,AGM,USD,2019-01-18,71.79,73.85,71.27,72.33,205,139,72.407
US3131483063,4730419,AGM,USD,2019-01-22,71.87,73.38,70.0,70.82,318,222,71.04
US3131483063,4730419,AGM,USD,2019-01-23,71.23,71.91,70.87,70.87,103,51,71.022
US3131483063,4730419,AGM,USD,2019-01-24,70.89,70.9,69.73,70.57,174,129,70.29
US3131483063,4730419,AGM,USD,2019-01-25,70.89,71.36,70.3,70.95,107,77,71.05
US3131483063,4730419,AGM,USD,2019-01-28,70.21,72.07,69.94,71.91,224,153,71.443
US3131483063,4730419,AGM,USD,2019-01-29,71.87,73.75,69.91,69.91,92,46,71.194
US3131483063,4730419,AGM,USD,2019-01-30,70.43,72.5,70.43,72.32,158,93,71.929
US3131483063,4730419,AGM,USD,2019-01-31,72.33,72.33,70.02,70.75,241,92,70.821
US3131483063,4730419,AGM,USD,2019-02-01,70.64,72.45,70.58,71.78,55,17,71.737
US3131483063,4730419,AGM,USD,2019-02-04,71.48,73.22,71.09,72.49,145,101,72.238
US3131483063,4730419,AGM,USD,2019-02-05,72.55,72.87,71.21,72.46,83,50,72.175
US3131483063,4730419,AGM,USD,2019-02-06,73.2,73.2,70.64,71.38,117,82,71.482
US3131483063,4730419,AGM,USD,2019-02-07,72.02,72.02,70.55,70.57,86,38,70.944
US3131483063,4730419,AGM,USD,2019-02-08,70.32,70.93,67.95,70.43,163,126,70.07
US3131483063,4730419,AGM,USD,2019-02-11,70.55,70.64,69.55,69.55,49,21,69.881
US3131483063,4730419,AGM,USD,2019-02-12,69.98,71.29,69.21,70.66,170,105,70.396
US3131483063,4730419,AGM,USD,2019-02-13,70.66,71.31,70.06,70.26,158,122,70.477
US3131483063,4730419,AGM,USD,2019-02-14,70.01,70.39,69.47,69.51,158,117,69.857
US3131483063,4730419,AGM,USD,2019-02-15,69.9,73.0,69.86,72.48,229,138,71.824
US3131483063,4730419,AGM,USD,2019-02-19,72.75,73.76,71.83,73.38,159,120,72.963
US3131483063,4730419,AGM,USD,2019-02-20,73.47,73.56,72.62,73.24,186,132,73.1
US3131483063,4730419,AGM,USD,2019-02-21,73.4,73.4,69.19,71.71,279,219,70.715
US3131483063,4730419,AGM,USD,2019-02-22,73.63,82.35,72.03,79.5,840,448,79.531
US3131483063,4730419,AGM,USD,2019-02-25,81.98,84.16,80.28,81.07,270,190,81.817
US3131483063,4730419,AGM,USD,2019-02-26,81.22,83.95,79.95,82.86,237,188,82.231
US3131483063,4730419,AGM,USD,2019-02-27,82.86,83.16,81.47,82.76,155,110,82.289
US3131483063,4730419,AGM,USD,2019-02-28,82.27,83.23,81.8,81.87,365,179,82.287
US3131483063,4730419,AGM,USD,2019-03-01,82.87,82.87,81.24,82.16,170,124,82.049
US3131483063,4730419,AGM,USD,2019-03-04,82.16,82.76,80.19,80.61,202,161,81.057
US3131483063,4730419,AGM,USD,2019-03-05,80.39,80.93,79.49,80.52,129,91,80.225
US3131483063,4730419,AGM,USD,2019-03-06,80.22,80.42,77.65,77.66,290,194,78.532
US3131483063,4730419,AGM,USD,2019-03-07,77.73,77.87,75.03,75.41,124,67,75.893
US3131483063,4730419,AGM,USD,2019-03-08,75.35,76.89,75.35,76.5,191,146,76.367
US3131483063,4730419,AGM,USD,2019-03-11,76.05,78.49,76.0,77.07,160,115,77.238
US3131483063,4730419,AGM,USD,2019-03-12,77.68,78.34,76.4,77.7,121,78,77.449
US3131483063,4730419,AGM,USD,2019-03-13,77.89,78.36,77.36,77.73,212,134,77.795
US3131483063,4730419,AGM,USD,2019-03-14,76.76,78.24,76.76,78.03,202,146,77.612
US3131483063,4730419,AGM,USD,2019-03-15,78.03,79.61,77.03,77.91,683,220,78.216
US3131483063,4730419,AGM,USD,2019-03-18,77.98,79.55,77.75,78.05,257,209,78.342
US3131483063,4730419,AGM,USD,2019-03-19,78.44,78.45,76.0,76.35,94,63,76.835
US3131483063,4730419,AGM,USD,2019-03-20,75.91,76.83,74.3,74.57,220,150,75.117
US3131483063,4730419,AGM,USD,2019-03-21,74.24,75.47,72.12,72.45,404,312,73.482
US3131483063,4730419,AGM,USD,2019-03-22,72.09,72.52,68.15,69.37,286,198,69.682
US3131483063,4730419,AGM,USD,2019-03-25,69.41,71.7,69.37,71.52,266,201,70.75
US3131483063,4730419,AGM,USD,2019-03-26,72.15,73.6,71.08,72.55,285,192,71.889
US3131483063,4730419,AGM,USD,2019-03-27,73.15,74.56,71.96,73.84,218,140,73.512
US3131483063,4730419,AGM,USD,2019-03-28,73.86,74.47,71.44,73.26,232,176,72.927
US3131483063,4730419,AGM,USD,2019-03-29,73.75,74.07,71.57,72.43,437,192,72.462
US3131483063,4730419,AGM,USD,2019-04-01,73.0,75.42,72.54,74.61,294,191,74.407
US3131483063,4730419,AGM,USD,2019-04-02,74.6,74.6,72.51,73.67,608,432,73.387
US3131483063,4730419,AGM,USD,2019-04-03,74.15,75.07,73.1,73.98,274,215,74.12
US3131483063,4730419,AGM,USD,2019-04-04,73.99,75.35,73.99,74.92,193,132,74.902
US3131483063,4730419,AGM,USD,2019-04-05,75.17,76.0,74.3,75.83,336,285,75.438
US3131483063,4730419,AGM,USD,2019-04-08,75.54,76.22,75.28,75.56,237,177,75.714
US3131483063,4730419,AGM,USD,2019-04-09,75.63,75.63,73.9,74.45,301,186,74.696
US3131483063,4730419,AGM,USD,2019-04-10,74.86,75.74,74.12,75.73,447,322,75.051
US3131483063,4730419,AGM,USD,2019-04-11,75.94,77.41,75.83,77.03,189,125,76.82
US3131483063,4730419,AGM,USD,2019-04-12,77.65,78.59,75.69,76.56,179,121,77.014
US3131483063,4730419,AGM,USD,2019-04-15,76.7,77.41,74.71,75.64,147,102,75.792
US3131483063,4730419,AGM,USD,2019-04-16,75.62,77.43,74.75,77.19,195,128,76.519
US3131483063,4730419,AGM,USD,2019-04-17,77.47,77.86,76.22,77.15,134,90,77.011
US3131483063,4730419,AGM,USD,2019-04-18,76.72,76.72,74.89,74.9,158,108,75.818
US3131483063,4730419,AGM,USD,2019-04-22,74.88,74.88,73.59,74.22,221,159,74.319
US3131483063,4730419,AGM,USD,2019-04-23,73.93,76.52,73.93,75.61,377,266,75.211
US3131483063,4730419,AGM,USD,2019-04-24,75.62,76.86,74.6,76.47,207,148,75.91
US3131483063,4730419,AGM,USD,2019-04-25,76.53,76.53,74.86,75.47,200,88,75.625
US3131483063,4730419,AGM,USD,2019-04-26,75.43,76.33,74.76,76.33,164,108,75.635
US3131483063,4730419,AGM,USD,2019-04-29,76.81,78.59,76.81,78.27,345,224,78.113
US3131483063,4730419,AGM,USD,2019-04-30,78.37,78.84,76.18,76.48,487,273,76.982
US3131483063,4730419,AGM,USD,2019-05-01,76.71,77.53,75.88,77.37,253,181,76.757
US3131483063,4730419,AGM,USD,2019-05-02,76.91,78.12,75.69,78.01,228,198,77.089
US3131483063,4730419,AGM,USD,2019-05-03,78.12,81.98,77.6,80.75,721,584,79.65
US3131483063,4730419,AGM,USD,2019-05-06,80.19,81.5,78.86,79.8,407,282,80.065
US3131483063,4730419,AGM,USD,2019-05-07,79.29,79.77,77.46,78.44,376,228,78.723
US3131483063,4730419,AGM,USD,2019-05-08,78.24,78.85,77.06,78.4,284,230,78.279
US3131483063,4730419,AGM,USD,2019-05-09,77.57,77.72,73.64,74.94,377,288,75.018
US3131483063,4730419,AGM,USD,2019-05-10,74.61,76.35,74.12,76.34,150,100,75.714
US3131483063,4730419,AGM,USD,2019-05-13,74.83,76.07,72.22,72.77,216,149,73.541
US3131483063,4730419,AGM,USD,2019-05-14,73.0,75.04,71.97,73.89,208,161,73.735
US3131483063,4730419,AGM,USD,2019-05-15,73.2,74.84,72.61,73.31,203,153,73.398
US3131483063,4730419,AGM,USD,2019-05-16,73.54,74.87,73.0,73.71,152,119,73.949
US3131483063,4730419,AGM,USD,2019-05-17,73.02,74.07,72.03,72.95,184,138,73.124
US3131483063,4730419,AGM,USD,2019-05-20,72.36,73.46,72.08,73.13,209,166,72.807
US3131483063,4730419,AGM,USD,2019-05-21,73.65,75.13,73.35,74.72,100,63,74.52
US3131483063,4730419,AGM,USD,2019-05-22,74.32,74.47,72.84,73.04,99,65,73.44
US3131483063,4730419,AGM,USD,2019-05-23,72.18,72.18,70.3,70.4,140,89,70.779
US3131483063,4730419,AGM,USD,2019-05-24,70.85,71.47,69.97,71.44,165,125,70.783
US3131483063,4730419,AGM,USD,2019-05-28,71.42,71.42,69.1,69.85,367,274,69.89
US3131483063,4730419,AGM,USD,2019-05-29,69.54,70.96,69.33,70.64,183,117,70.145
US3131483063,4730419,AGM,USD,2019-05-30,70.78,71.13,68.7,69.71,307,220,69.647
US3131483063,4730419,AGM,USD,2019-05-31,68.9,69.33,67.26,68.43,329,230,68.063
US3131483063,4730419,AGM,USD,2019-06-03,68.91,70.34,68.48,69.96,254,171,69.359
US3131483063,4730419,AGM,USD,2019-06-04,70.64,72.13,70.15,71.82,277,201,71.395
US3131483063,4730419,AGM,USD,2019-06-05,71.74,72.68,69.41,69.54,315,246,70.313
US3131483063,4730419,AGM,USD,2019-06-06,69.61,70.55,68.57,70.38,193,144,69.641
US3131483063,4730419,AGM,USD,2019-06-07,70.63,70.88,69.51,70.36,206,156,70.2
US3131483063,4730419,AGM,USD,2019-06-10,70.77,71.78,70.77,70.97,251,206,71.254
US3131483063,4730419,AGM,USD,2019-06-11,71.42,72.58,70.37,71.14,147,101,71.267
US3131483063,4730419,AGM,USD,2019-06-12,70.97,71.7,70.78,71.67,222,122,71.252
US3131483063,4730419,AGM,USD,2019-06-13,71.17,71.81,70.61,71.29,250,135,71.222
US3131483063,4730419,AGM,USD,2019-06-14,71.12,72.46,70.64,71.55,320,218,71.261
US3131483063,4730419,AGM,USD,2019-06-17,71.71,72.99,71.71,72.3,184,97,72.353
US3131483063,4730419,AGM,USD,2019-06-18,72.79,72.85,71.06,71.64,247,163,71.928
US3131483063,4730419,AGM,USD,2019-06-19,71.19,72.76,71.0,71.67,402,316,71.774
US3131483063,4730419,AGM,USD,2019-06-20,72.05,72.05,70.69,71.24,243,180,71.155
US3131483063,4730419,AGM,USD,2019-06-21,71.0,71.73,70.28,70.28,546,252,70.803
US3131483063,4730419,AGM,USD,2019-06-24,70.05,70.42,68.1,68.22,283,182,69.096
US3131483063,4730419,AGM,USD,2019-06-25,68.25,68.86,67.22,68.12,250,158,68.145
US3131483063,4730419,AGM,USD,2019-06-26,68.2,69.68,68.2,68.81,226,143,68.843
US3131483063,4730419,AGM,USD,2019-06-27,68.9,71.89,68.58,71.75,380,309,71.035
US3131483063,4730419,AGM,USD,2019-06-28,72.13,73.62,71.72,72.66,715,242,72.703
US3131483063,4730419,AGM,USD,2019-07-01,73.66,74.28,72.08,72.59,310,227,72.914
US3131483063,4730419,AGM,USD,2019-07-02,72.59,72.9,70.26,71.17,290,202,71.183
US3131483063,4730419,AGM,USD,2019-07-03,71.46,72.16,70.94,71.41,135,89,71.515
US3131483063,4730419,AGM,USD,2019-07-05,71.36,73.22,70.49,73.22,305,230,72.308
US3131483063,4730419,AGM,USD,2019-07-08,72.8,74.1,72.37,73.95,335,271,73.716
US3131483063,4730419,AGM,USD,2019-07-09,73.68,74.43,72.43,73.19,334,249,73.385
US3131483063,4730419,AGM,USD,2019-07-10,73.43,74.32,72.74,73.44,347,249,73.42
US3131483063,4730419,AGM,USD,2019-07-11,73.55,73.98,72.8,73.26,265,183,73.31
US3131483063,4730419,AGM,USD,2019-07-12,73.67,75.12,72.99,75.02,236,167,74.228
US3131483063,4730419,AGM,USD,2019-07-15,75.22,75.22,73.64,74.35,486,343,74.38
US3131483063,4730419,AGM,USD,2019-07-16,74.35,75.16,73.92,74.22,169,137,74.556
US3131483063,4730419,AGM,USD,2019-07-17,74.17,74.44,73.72,73.89,201,111,73.989
US3131483063,4730419,AGM,USD,2019-07-18,73.89,76.06,73.86,75.4,273,201,75.124
US3131483063,4730419,AGM,USD,2019-07-19,75.09,75.6,73.74,74.07,249,158,74.578
US3131483063,4730419,AGM,USD,2019-07-22,74.22,74.22,72.05,72.33,171,126,72.908
US3131483063,4730419,AGM,USD,2019-07-23,72.77,73.92,72.15,73.75,224,156,73.31
US3131483063,4730419,AGM,USD,2019-07-24,73.59,75.49,73.16,75.19,204,161,74.427
US3131483063,4730419,AGM,USD,2019-07-25,75.0,75.15,73.33,73.51,139,97,74.16
US3131483063,4730419,AGM,USD,2019-07-26,73.79,75.88,73.69,75.72,170,113,75.089
US3131483063,4730419,AGM,USD,2019-07-29,75.84,76.92,75.26,76.3,237,157,76.347
US3131483063,4730419,AGM,USD,2019-07-30,75.62,78.11,75.56,78.0,257,188,77.429
US3131483063,4730419,AGM,USD,2019-07-31,77.98,78.77,77.27,77.27,292,173,77.917
US3131483063,4730419,AGM,USD,2019-08-01,79.0,83.55,78.61,81.77,540,369,81.328
US3131483063,4730419,AGM,USD,2019-08-02,81.72,81.93,75.37,78.31,371,254,79.123
US3131483063,4730419,AGM,USD,2019-08-05,77.04,77.09,74.53,76.74,326,205,76.04
US3131483063,4730419,AGM,USD,2019-08-06,77.19,78.33,75.05,75.36,358,251,76.16
US3131483063,4730419,AGM,USD,2019-08-07,74.39,75.0,73.08,74.92,367,286,74.279
US3131483063,4730419,AGM,USD,2019-08-08,75.72,78.16,74.92,77.69,283,199,77.385
US3131483063,4730419,AGM,USD,2019-08-09,77.16,78.54,76.24,77.6,216,135,77.385
US3131483063,4730419,AGM,USD,2019-08-12,77.37,77.37,75.23,76.27,199,125,76.427
US3131483063,4730419,AGM,USD,2019-08-13,76.4,77.9,76.4,76.97,233,177,77.386
US3131483063,4730419,AGM,USD,2019-08-14,75.54,76.05,74.79,75.38,358,233,75.473
US3131483063,4730419,AGM,USD,2019-08-15,75.66,76.58,75.12,75.39,284,240,75.687
US3131483063,4730419,AGM,USD,2019-08-16,76.0,78.5,76.0,77.96,316,222,77.874
US3131483063,4730419,AGM,USD,2019-08-19,79.06,80.16,78.4,80.06,384,226,79.769
US3131483063,4730419,AGM,USD,2019-08-20,79.9,80.24,78.02,80.07,337,262,79.441
US3131483063,4730419,AGM,USD,2019-08-21,80.07,81.5,80.03,81.23,447,329,80.754
US3131483063,4730419,AGM,USD,2019-08-22,81.65,83.13,81.49,82.69,265,161,82.375
US3131483063,4730419,AGM,USD,2019-08-23,82.12,82.81,79.33,79.8,370,279,80.548
US3131483063,4730419,AGM,USD,2019-08-26,80.59,81.38,80.04,81.16,185,149,80.875
US3131483063,4730419,AGM,USD,2019-08-27,81.86,82.08,79.07,79.48,321,241,80.103
US3131483063,4730419,AGM,USD,2019-08-28,79.11,81.35,78.64,81.18,385,287,80.258
US3131483063,4730419,AGM,USD,2019-08-29,82.17,83.33,81.72,82.29,361,247,82.396
US3131483063,4730419,AGM,USD,2019-08-30,82.78,83.62,81.35,82.35,388,288,82.246
US3131483063,4730419,AGM,USD,2019-09-03,81.9,81.9,79.75,80.08,211,144,80.477
US3131483063,4730419,AGM,USD,2019-09-04,80.85,80.85,79.1,79.92,287,220,79.97
US3131483063,4730419,AGM,USD,2019-09-05,81.12,82.76,80.98,81.33,330,229,81.667
US3131483063,4730419,AGM,USD,2019-09-06,81.19,82.06,80.46,80.57,146,96,81.13
US3131483063,4730419,AGM,USD,2019-09-09,81.05,84.51,80.5,83.94,333,254,82.994
US3131483063,4730419,AGM,USD,2019-09-10,83.94,84.58,83.02,83.06,353,282,83.796
US3131483063,4730419,AGM,USD,2019-09-11,83.79,85.21,83.0,84.53,595,424,84.294
US3131483063,4730419,AGM,USD,2019-09-12,84.34,85.73,83.61,85.11,403,316,85.047
US3131483063,4730419,AGM,USD,2019-09-13,84.79,87.67,84.79,87.0,775,457,86.728
US3131483063,4730419,AGM,USD,2019-09-16,86.56,87.5,86.02,86.27,388,285,86.777
US3131483063,4730419,AGM,USD,2019-09-17,85.86,85.86,83.73,84.17,306,229,84.216
US3131483063,4730419,AGM,USD,2019-09-18,83.6,84.35,81.88,82.0,466,251,82.932
US3131483063,4730419,AGM,USD,2019-09-19,82.65,85.49,82.41,83.2,209,159,83.983
US3131483063,4730419,AGM,USD,2019-09-20,83.21,84.2,81.64,81.84,1192,343,82.208
US3131483063,4730419,AGM,USD,2019-09-23,82.01,82.75,80.85,82.35,395,308,82.174
US3131483063,4730419,AGM,USD,2019-09-24,82.15,84.51,82.09,83.52,428,321,83.432
US3131483063,4730419,AGM,USD,2019-09-25,83.34,85.24,82.79,84.61,425,155,84.137
US3131483063,4730419,AGM,USD,2019-09-26,84.32,84.45,83.09,83.2,287,189,83.812
US3131483063,4730419,AGM,USD,2019-09-27,83.01,83.6,81.56,82.12,246,171,82.291
US3131483063,4730419,AGM,USD,2019-09-30,82.69,82.69,81.14,81.66,227,129,81.72
US3131483063,4730419,AGM,USD,2019-10-01,82.09,83.45,80.78,80.79,543,428,82.184
US3131483063,4730419,AGM,USD,2019-10-02,80.14,80.95,79.39,79.93,267,199,79.999
US3131483063,4730419,AGM,USD,2019-10-03,79.72,80.1,78.53,79.48,202,139,79.386
US3131483063,4730419,AGM,USD,2019-10-04,79.65,81.03,79.61,80.96,268,191,80.092
US3131483063,4730419,AGM,USD,2019-10-07,80.59,81.99,80.1,81.21,203,165,81.153
US3131483063,4730419,AGM,USD,2019-10-08,80.45,81.18,79.24,80.87,306,218,80.398
US3131483063,4730419,AGM,USD,2019-10-09,81.66,81.8,78.88,80.13,179,135,80.349
US3131483063,4730419,AGM,USD,2019-10-10,80.5,81.68,79.93,80.44,375,194,80.885
US3131483063,4730419,AGM,USD,2019-10-11,81.9,82.9,81.89,81.89,186,140,82.262
US3131483063,4730419,AGM,USD,2019-10-14,81.73,82.45,80.91,81.89,456,353,81.49
US3131483063,4730419,AGM,USD,2019-10-15,82.09,83.9,81.64,83.68,155,104,83.316
US3131483063,4730419,AGM,USD,2019-10-16,83.47,84.34,82.88,83.76,137,100,83.702
US3131483063,4730419,AGM,USD,2019-10-17,84.21,85.12,83.95,84.77,295,196,84.538
US3131483063,4730419,AGM,USD,2019-10-18,84.37,85.41,84.37,85.06,137,96,84.926
US3131483063,4730419,AGM,USD,2019-10-21,85.7,86.95,85.29,86.28,233,126,86.195
US3131483063,4730419,AGM,USD,2019-10-22,86.17,86.97,85.41,85.41,205,159,85.953
US3131483063,4730419,AGM,USD,2019-10-23,85.38,85.9,84.36,84.64,89,63,84.885
US3131483063,4730419,AGM,USD,2019-10-24,84.84,84.84,83.56,84.19,211,119,84.211
US3131483063,4730419,AGM,USD,2019-10-25,84.13,85.2,83.63,84.36,106,77,84.503
US3131483063,4730419,AGM,USD,2019-10-28,84.69,85.98,84.69,85.33,116,91,85.37
US3131483063,4730419,AGM,USD,2019-10-29,85.24,85.66,84.61,84.98,96,66,85.054
US3131483063,4730419,AGM,USD,2019-10-30,84.53,84.87,82.7,84.57,132,89,83.721
US3131483063,4730419,AGM,USD,2019-10-31,84.35,84.87,82.81,84.74,239,127,84.146
US3131483063,4730419,AGM,USD,2019-11-01,85.08,86.79,84.75,86.62,237,162,86.068
US3131483063,4730419,AGM,USD,2019-11-04,87.23,88.46,86.8,87.65,178,149,87.837
US3131483063,4730419,AGM,USD,2019-11-05,87.87,88.42,87.11,87.35,298,259,87.734
US3131483063,4730419,AGM,USD,2019-11-06,86.0,86.19,81.14,81.97,379,261,82.669
US3131483063,4730419,AGM,USD,2019-11-07,82.25,85.3,82.25,83.25,456,311,83.812
US3131483063,4730419,AGM,USD,2019-11-08,83.1,84.59,82.32,83.9,278,184,83.702
US3131483063,4730419,AGM,USD,2019-11-11,83.4,83.4,81.4,81.95,226,147,82.249
US3131483063,4730419,AGM,USD,2019-11-12,82.0,82.97,81.48,81.89,210,158,82.206
US3131483063,4730419,AGM,USD,2019-11-13,81.53,83.14,81.0,82.03,575,440,81.971
US3131483063,4730419,AGM,USD,2019-11-14,82.02,82.75,81.54,82.05,405,302,82.033
US3131483063,4730419,AGM,USD,2019-11-15,82.52,83.99,81.11,83.99,620,394,82.558
US3131483063,4730419,AGM,USD,2019-11-18,83.04,83.7,82.29,83.03,243,176,83.058
US3131483063,4730419,AGM,USD,2019-11-19,83.26,83.75,82.39,82.94,258,133,83.129
US3131483063,4730419,AGM,USD,2019-11-20,82.59,83.38,81.04,81.06,317,188,81.719
US3131483063,4730419,AGM,USD,2019-11-21,81.25,81.71,80.46,80.86,387,278,80.969
US3131483063,4730419,AGM,USD,2019-11-22,81.02,81.51,80.8,81.17,248,177,81.085
US3131483063,4730419,AGM,USD,2019-11-25,81.5,83.93,81.46,83.57,263,211,83.139
US3131483063,4730419,AGM,USD,2019-11-26,83.63,83.96,82.54,82.54,145,91,82.963
US3131483063,4730419,AGM,USD,2019-11-27,82.8,83.1,82.13,82.29,202,140,82.498
US3131483063,4730419,AGM,USD,2019-11-29,82.2,83.48,81.76,83.05,90,58,82.885
US3131483063,4730419,AGM,USD,2019-12-02,83.11,83.11,81.35,83.08,285,141,81.905
US3131483063,4730419,AGM,USD,2019-12-03,80.09,81.31,80.09,81.09,261,164,80.702
US3131483063,4730419,AGM,USD,2019-12-04,81.53,82.91,80.92,82.13,250,180,81.918
US3131483063,4730419,AGM,USD,2019-12-05,82.41,83.2,81.6,82.77,589,396,82.343
US3131483063,4730419,AGM,USD,2019-12-06,83.84,84.12,82.32,82.58,491,310,83.36
US3131483063,4730419,AGM,USD,2019-12-09,82.51,83.0,82.0,82.36,370,270,82.507
US3131483063,4730419,AGM,USD,2019-12-10,81.89,82.93,81.63,82.29,363,278,82.2
US3131483063,4730419,AGM,USD,2019-12-11,82.41,83.5,81.86,83.1,600,417,82.732
US3131483063,4730419,AGM,USD,2019-12-12,83.22,83.77,82.41,83.08,415,309,83.17
US3131483063,4730419,AGM,USD,2019-12-13,82.34,82.44,80.68,81.28,360,260,81.309
US3131483063,4730419,AGM,USD,2019-12-16,81.92,82.53,81.73,82.24,487,346,82.151
US3131483063,4730419,AGM,USD,2019-12-17,82.47,83.95,82.25,83.85,588,306,83.199
US3131483063,4730419,AGM,USD,2019-12-18,84.15,85.58,83.99,84.83,318,199,84.912
US3131483063,4730419,AGM,USD,2019-12-19,85.27,86.3,85.01,86.14,519,297,85.791
US3131483063,4730419,AGM,USD,2019-12-20,86.5,86.64,85.85,86.38,761,360,86.344
US3131483063,4730419,AGM,USD,2019-12-23,86.55,87.0,83.45,84.76,441,343,84.699
US3131483063,4730419,AGM,USD,2019-12-24,84.92,85.02,84.2,84.2,134,95,84.686
US3131483063,4730419,AGM,USD,2019-12-26,84.37,85.0,84.28,84.74,229,191,84.672
US3131483063,4730419,AGM,USD,2019-12-27,85.0,85.0,83.73,84.23,175,123,84.24
US3131483063,4730419,AGM,USD,2019-12-30,84.17,84.59,83.26,83.99,284,202,84.031
US3131483063,4730419,AGM,USD,2019-12-31,83.83,84.57,83.45,83.5,165,75,83.712
US3131483063,4730419,AGM,USD,2020-01-02,83.77,83.77,82.13,83.37,237,181,82.868
US3131483063,4730419,AGM,USD,2020-01-03,82.29,83.52,82.29,83.32,189,138,83.189
US3131483063,4730419,AGM,USD,2020-01-06,82.74,83.79,82.46,83.4,144,100,83.357
US3131483063,4730419,AGM,USD,2020-01-07,83.13,83.47,82.56,83.09,164,112,83.076
US3131483063,4730419,AGM,USD,2020-01-08,82.95,83.62,82.56,82.96,310,254,82.922
US3131483063,4730419,AGM,USD,2020-01-09,83.37,83.63,82.01,82.5,330,255,82.79
US3131483063,4730419,AGM,USD,2020-01-10,82.33,82.67,81.51,82.12,218,145,82.074
US3131483063,4730419,AGM,USD,2020-01-13,82.06,82.34,81.57,82.22,147,74,82.072
US3131483063,4730419,AGM,USD,2020-01-14,82.06,82.53,81.62,81.81,140,86,81.935
US3131483063,4730419,AGM,USD,2020-01-15,81.58,82.22,81.27,82.13,197,127,81.833
US3131483063,4730419,AGM,USD,2020-01-16,82.73,83.73,82.46,83.55,174,96,83.389
US3131483063,4730419,AGM,USD,2020-01-17,84.13,84.13,82.37,82.7,172,112,83.06
US3131483063,4730419,AGM,USD,2020-01-21,82.43,82.45,81.51,81.85,313,101,81.897
US3131483063,4730419,AGM,USD,2020-01-22,82.2,82.86,81.79,82.72,216,147,82.369
US3131483063,4730419,AGM,USD,2020-01-23,82.42,82.83,81.51,81.86,246,166,81.991
US3131483063,4730419,AGM,USD,2020-01-24,81.88,81.92,80.36,81.09,138,85,81.092
US3131483063,4730419,AGM,USD,2020-01-27,80.0,80.45,79.93,80.05,292,113,80.104
US3131483063,4730419,AGM,USD,2020-01-28,80.8,81.17,80.26,80.62,403,230,80.562
US3131483063,4730419,AGM,USD,2020-01-29,80.88,80.88,78.5,78.56,298,137,78.934
US3131483063,4730419,AGM,USD,2020-01-30,77.95,78.44,75.96,77.32,291,191,77.031
US3131483063,4730419,AGM,USD,2020-01-31,76.96,76.96,75.85,76.3,272,171,76.267
US3131483063,4730419,AGM,USD,2020-02-03,76.65,76.66,75.03,75.44,328,248,75.709
US3131483063,4730419,AGM,USD,2020-02-04,76.27,76.35,72.98,73.09,516,367,74.351
US3131483063,4730419,AGM,USD,2020-02-05,73.85,74.8,73.77,74.52,417,317,74.369
US3131483063,4730419,AGM,USD,2020-02-06,74.95,75.26,73.12,73.28,231,148,73.531
US3131483063,4730419,AGM,USD,2020-02-07,73.0,73.16,71.97,72.8,387,147,72.641
US3131483063,4730419,AGM,USD,2020-02-10,72.42,73.34,71.3,73.29,383,280,72.479
US3131483063,4730419,AGM,USD,2020-02-11,73.49,74.28,72.5,72.97,321,239,73.167
US3131483063,4730419,AGM,USD,2020-02-12,73.47,73.47,72.19,72.4,225,136,72.605
US3131483063,4730419,AGM,USD,2020-02-13,72.18,73.26,71.97,72.79,296,201,72.856
US3131483063,4730419,AGM,USD,2020-02-14,72.92,72.92,71.48,72.26,281,231,72.0
US3131483063,4730419,AGM,USD,2020-02-18,73.83,75.54,73.35,75.24,343,228,74.83
US3131483063,4730419,AGM,USD,2020-02-19,75.99,75.99,72.54,72.78,371,254,73.326
US3131483063,4730419,AGM,USD,2020-02-20,72.53,73.54,72.23,72.31,189,131,72.622
US3131483063,4730419,AGM,USD,2020-02-21,72.3,72.54,71.69,71.98,199,131,72.124
US3131483063,4730419,AGM,USD,2020-02-24,70.59,71.71,70.0,71.4,226,147,71.049
US3131483063,4730419,AGM,USD,2020-02-25,71.66,72.15,68.5,69.31,308,216,69.549
US3131483063,4730419,AGM,USD,2020-02-26,68.0,76.56,68.0,74.87,568,397,74.775
US3131483063,4730419,AGM,USD,2020-02-27,73.53,74.34,72.1,73.0,346,212,73.293
US3131483063,4730419,AGM,USD,2020-02-28,71.27,75.06,70.87,75.06,875,567,72.926
US3131483063,4730419,AGM,USD,2020-03-02,75.01,77.1,73.79,75.2,526,286,75.094
US3131483063,4730419,AGM,USD,2020-03-03,75.13,77.5,74.23,75.16,655,337,75.052
US3131483063,4730419,AGM,USD,2020-03-04,76.19,76.19,73.8,75.01,260,140,74.695
US3131483063,4730419,AGM,USD,2020-03-05,73.88,74.25,71.11,72.44,384,250,72.201
US3131483063,4730419,AGM,USD,2020-03-06,71.27,73.22,70.66,72.6,415,275,72.115
US3131483063,4730419,AGM,USD,2020-03-09,70.6,72.26,68.22,70.25,802,533,69.851
US3131483063,4730419,AGM,USD,2020-03-10,72.16,72.81,68.67,70.86,841,622,70.452
US3131483063,4730419,AGM,USD,2020-03-11,69.18,69.74,65.78,66.04,556,394,67.01
US3131483063,4730419,AGM,USD,2020-03-12,55.0,60.33,55.0,56.12,985,524,57.539
US3131483063,4730419,AGM,USD,2020-03-13,58.34,59.02,54.03,56.32,709,425,55.666
US3131483063,4730419,AGM,USD,2020-03-16,56.0,56.0,50.01,50.83,644,442,52.033
US3131483063,4730419,AGM,USD,2020-03-17,51.93,55.9,49.71,55.82,535,350,53.72
US3131483063,4730419,AGM,USD,2020-03-18,52.05,53.54,49.01,49.8,480,285,50.668
US3131483063,4730419,AGM,USD,2020-03-19,49.96,52.86,48.51,51.92,674,420,51.211
US3131483063,4730419,AGM,USD,2020-03-20,52.12,52.58,42.79,43.02,1288,605,45.667
US3131483063,4730419,AGM,USD,2020-03-23,44.37,47.5,40.05,45.92,663,461,44.466
US3131483063,4730419,AGM,USD,2020-03-24,46.92,50.32,46.27,49.83,813,526,48.491
US3131483063,4730419,AGM,USD,2020-03-25,50.6,53.25,49.0,50.47,692,454,51.123
US3131483063,4730419,AGM,USD,2020-03-26,51.39,57.79,51.39,56.57,555,387,55.796
US3131483063,4730419,AGM,USD,2020-03-27,54.4,56.75,53.83,54.3,416,253,55.196
US3131483063,4730419,AGM,USD,2020-03-30,54.79,56.05,53.3,54.5,419,250,54.48
US3131483063,4730419,AGM,USD,2020-03-31,54.36,55.63,53.81,55.63,509,195,55.171
US3131483063,4730419,AGM,USD,2020-04-01,53.46,54.31,51.25,52.25,353,196,52.452
US3131483063,4730419,AGM,USD,2020-04-02,51.65,54.24,51.65,53.38,260,193,52.995
US3131483063,4730419,AGM,USD,2020-04-03,53.05,53.05,49.23,49.62,339,249,50.099
US3131483063,4730419,AGM,USD,2020-04-06,52.11,55.51,51.99,53.53,594,400,53.595
US3131483063,4730419,AGM,USD,2020-04-07,55.0,57.95,54.02,54.81,588,360,55.461
US3131483063,4730419,AGM,USD,2020-04-08,55.35,58.74,54.75,57.68,403,258,57.219
US3131483063,4730419,AGM,USD,2020-04-09,59.88,63.82,59.88,63.1,455,282,62.767
US3131483063,4730419,AGM,USD,2020-04-13,62.08,62.23,57.5,58.32,475,321,59.066
US3131483063,4730419,AGM,USD,2020-04-14,59.61,60.77,55.81,57.21,473,316,57.31
US3131483063,4730419,AGM,USD,2020-04-15,56.95,57.25,53.53,54.43,404,255,54.71
US3131483063,4730419,AGM,USD,2020-04-16,54.54,55.1,51.07,52.72,553,360,52.412
US3131483063,4730419,AGM,USD,2020-04-17,55.06,57.55,54.87,57.17,352,222,56.466
US3131483063,4730419,AGM,USD,2020-04-20,57.06,59.35,55.97,58.17,403,242,57.997
US3131483063,4730419,AGM,USD,2020-04-21,56.5,57.49,55.37,56.77,276,216,56.498
US3131483063,4730419,AGM,USD,2020-04-22,58.49,58.49,56.09,56.31,224,133,56.527
US3131483063,4730419,AGM,USD,2020-04-23,56.84,58.19,56.51,56.72,251,163,57.174
US3131483063,4730419,AGM,USD,2020-04-24,57.0,59.25,56.36,58.56,236,171,57.835
US3131483063,4730419,AGM,USD,2020-04-27,59.11,62.13,58.75,61.0,393,211,60.875
US3131483063,4730419,AGM,USD,2020-04-28,62.05,62.7,60.51,61.15,302,168,61.59
US3131483063,4730419,AGM,USD,2020-04-29,63.59,68.04,62.44,66.49,400,199,65.983
US3131483063,4730419,AGM,USD,2020-04-30,65.21,67.47,63.69,66.63,572,335,65.997
US3131483063,4730419,AGM,USD,2020-05-01,65.66,67.56,62.4,63.67,734,478,64.219
US3131483063,4730419,AGM,USD,2020-05-04,63.5,64.2,60.82,62.28,426,242,62.094
US3131483063,4730419,AGM,USD,2020-05-05,63.96,65.07,60.25,60.82,468,281,62.205
US3131483063,4730419,AGM,USD,2020-05-06,61.59,61.59,59.5,60.73,288,187,60.598
US3131483063,4730419,AGM,USD,2020-05-07,61.77,61.9,59.8,60.07,335,234,60.647
US3131483063,4730419,AGM,USD,2020-05-08,62.48,64.04,61.45,63.39,446,241,63.046
US3131483063,4730419,AGM,USD,2020-05-11,63.4,63.6,60.37,61.2,430,233,61.698
US3131483063,4730419,AGM,USD,2020-05-12,60.29,61.98,57.29,57.5,571,355,58.884
US3131483063,4730419,AGM,USD,2020-05-13,57.0,57.28,54.11,55.67,593,385,55.382
US3131483063,4730419,AGM,USD,2020-05-14,54.2,57.42,52.27,57.18,523,360,55.533
US3131483063,4730419,AGM,USD,2020-05-15,57.0,58.65,56.82,58.07,300,205,57.893
US3131483063,4730419,AGM,USD,2020-05-18,60.7,62.06,59.57,59.73,563,300,60.45
US3131483063,4730419,AGM,USD,2020-05-19,59.72,61.27,58.51,58.59,376,277,59.713
US3131483063,4730419,AGM,USD,2020-05-20,60.66,63.11,60.66,62.99,484,281,62.214
US3131483063,4730419,AGM,USD,2020-05-21,63.51,64.29,62.82,62.94,315,194,63.438
US3131483063,4730419,AGM,USD,2020-05-22,63.13,63.25,61.7,63.17,190,124,62.637
US3131483063,4730419,AGM,USD,2020-05-26,65.65,66.3,63.84,64.34,423,307,65.052
US3131483063,4730419,AGM,USD,2020-05-27,66.39,68.44,64.62,67.72,336,214,66.973
US3131483063,4730419,AGM,USD,2020-05-28,68.44,68.44,65.47,65.47,309,189,66.307
US3131483063,4730419,AGM,USD,2020-05-29,64.9,64.9,63.54,64.13,313,182,64.127
US3131483063,4730419,AGM,USD,2020-06-01,64.56,65.89,63.04,64.43,282,132,64.755
US3131483063,4730419,AGM,USD,2020-06-02,65.5,66.7,64.55,64.87,239,156,65.428
US3131483063,4730419,AGM,USD,2020-06-03,66.25,69.49,65.95,68.23,398,263,68.23
US3131483063,4730419,AGM,USD,2020-06-04,67.67,69.72,67.33,68.44,405,278,68.373
US3131483063,4730419,AGM,USD,2020-06-05,71.5,74.68,71.44,73.75,453,272,73.8
US3131483063,4730419,AGM,USD,2020-06-08,75.25,76.47,73.53,75.05,358,224,75.052
US3131483063,4730419,AGM,USD,2020-06-09,74.0,74.3,71.22,72.43,437,257,72.582
US3131483063,4730419,AGM,USD,2020-06-10,72.24,72.62,69.2,70.15,347,211,70.554
US3131483063,4730419,AGM,USD,2020-06-11,68.0,68.0,64.34,64.35,591,340,65.52
US3131483063,4730419,AGM,USD,2020-06-12,66.67,66.88,63.17,65.5,347,263,64.956
US3131483063,4730419,AGM,USD,2020-06-15,64.03,68.94,63.86,68.29,347,269,67.244
US3131483063,4730419,AGM,USD,2020-06-16,70.54,71.17,67.34,69.25,463,243,69.49
US3131483063,4730419,AGM,USD,2020-06-17,69.19,69.25,66.05,66.83,284,200,67.071
US3131483063,4730419,AGM,USD,2020-06-18,65.86,68.18,65.67,66.62,203,151,67.004
US3131483063,4730419,AGM,USD,2020-06-19,67.42,67.79,65.12,67.29,1271,249,67.162
US3131483063,4730419,AGM,USD,2020-06-22,66.53,67.02,65.31,66.55,165,105,66.231
US3131483063,4730419,AGM,USD,2020-06-23,67.86,67.86,65.17,65.17,203,139,65.584
US3131483063,4730419,AGM,USD,2020-06-24,64.49,64.63,61.49,62.35,312,171,62.81
US3131483063,4730419,AGM,USD,2020-06-25,61.65,63.85,61.65,62.9,180,110,63.053
US3131483063,4730419,AGM,USD,2020-06-26,63.0,63.0,59.78,59.93,682,296,60.271
US3131483063,4730419,AGM,USD,2020-06-29,61.22,62.59,59.9,62.23,305,151,61.573
US3131483063,4730419,AGM,USD,2020-06-30,62.13,64.59,62.13,64.01,260,161,63.732
US3131483063,4730419,AGM,USD,2020-07-01,64.23,64.29,61.87,62.47,340,211,62.746
US3131483063,4730419,AGM,USD,2020-07-02,64.08,64.46,61.45,61.88,181,123,62.469
US3131483063,4730419,AGM,USD,2020-07-06,63.28,63.28,60.66,61.8,182,140,61.854
US3131483063,4730419,AGM,USD,2020-07-07,61.47,61.72,60.07,60.3,332,199,60.718
US3131483063,4730419,AGM,USD,2020-07-08,60.3,61.41,59.12,59.99,298,190,59.767
US3131483063,4730419,AGM,USD,2020-07-09,59.83,59.83,57.05,57.75,407,273,57.913
US3131483063,4730419,AGM,USD,2020-07-10,57.87,61.15,57.77,61.06,195,138,60.018
US3131483063,4730419,AGM,USD,2020-07-13,62.11,62.11,60.39,60.73,409,251,61.047
US3131483063,4730419,AGM,USD,2020-07-14,60.45,61.29,58.82,59.4,275,213,59.648
US3131483063,4730419,AGM,USD,2020-07-15,61.23,62.66,60.62,62.3,252,120,62.118
US3131483063,4730419,AGM,USD,2020-07-16,61.9,62.74,60.74,61.42,138,81,61.498
US3131483063,4730419,AGM,USD,2020-07-17,61.12,61.55,60.38,60.96,189,120,60.95
US3131483063,4730419,AGM,USD,2020-07-20,60.67,61.03,59.25,59.36,226,147,59.665
US3131483063,4730419,AGM,USD,2020-07-21,60.18,62.26,59.69,61.48,178,108,61.295
US3131483063,4730419,AGM,USD,2020-07-22,60.63,61.32,60.04,60.53,123,67,60.569
US3131483063,4730419,AGM,USD,2020-07-23,60.61,61.72,60.48,61.53,154,104,61.219
US3131483063,4730419,AGM,USD,2020-07-24,61.6,61.6,60.11,60.28,133,106,60.629
US3131483063,4730419,AGM,USD,2020-07-27,60.02,60.42,58.92,60.08,201,141,59.63
US3131483063,4730419,AGM,USD,2020-07-28,59.81,61.58,59.63,60.33,122,94,60.558
US3131483063,4730419,AGM,USD,2020-07-29,60.5,61.83,60.14,61.53,217,138,61.126
US3131483063,4730419,AGM,USD,2020-07-30,60.24,60.4,59.1,59.5,184,121,59.964
US3131483063,4730419,AGM,USD,2020-07-31,59.23,60.28,58.25,59.51,352,222,59.307
US3131483063,4730419,AGM,USD,2020-08-03,59.82,60.45,59.14,60.14,166,113,59.868
US3131483063,4730419,AGM,USD,2020-08-04,61.0,61.0,59.55,60.21,215,132,60.036
US3131483063,4730419,AGM,USD,2020-08-05,60.89,61.17,60.19,61.07,149,94,60.851
US3131483063,4730419,AGM,USD,2020-08-06,61.23,62.4,60.95,61.86,221,171,61.725
US3131483063,4730419,AGM,USD,2020-08-07,61.48,63.69,61.48,63.45,281,227,63.072
US3131483063,4730419,AGM,USD,2020-08-10,64.0,66.11,64.0,65.93,308,213,65.383
US3131483063,4730419,AGM,USD,2020-08-11,66.29,71.91,66.29,68.99,566,389,69.331
US3131483063,4730419,AGM,USD,2020-08-12,70.14,70.2,65.86,67.2,377,247,67.836
US3131483063,4730419,AGM,USD,2020-08-13,66.65,68.61,66.5,68.5,356,241,67.923
US3131483063,4730419,AGM,USD,2020-08-14,68.25,70.78,67.76,70.5,492,298,70.009
US3131483063,4730419,AGM,USD,2020-08-17,70.65,70.65,69.26,70.46,346,234,70.212
US3131483063,4730419,AGM,USD,2020-08-18,70.46,70.46,68.5,68.79,335,232,69.085
US3131483063,4730419,AGM,USD,2020-08-19,69.04,70.48,68.82,69.61,543,338,69.694
US3131483063,4730419,AGM,USD,2020-08-20,68.7,69.06,66.98,67.22,393,236,67.886
US3131483063,4730419,AGM,USD,2020-08-21,67.0,67.51,65.69,67.23,469,205,66.654
US3131483063,4730419,AGM,USD,2020-08-24,68.05,68.84,67.02,68.13,218,117,68.285
US3131483063,4730419,AGM,USD,2020-08-25,68.73,69.15,67.22,68.9,489,273,68.298
US3131483063,4730419,AGM,USD,2020-08-26,68.79,68.79,67.21,67.38,211,154,67.78
US3131483063,4730419,AGM,USD,2020-08-27,67.68,69.37,67.68,68.27,322,202,68.537
US3131483063,4730419,AGM,USD,2020-08-28,69.0,69.29,67.71,69.28,209,159,68.693
US3131483063,4730419,AGM,USD,2020-08-31,69.75,69.75,68.15,68.15,418,236,68.718
US3131483063,4730419,AGM,USD,2020-09-01,67.85,69.78,67.4,69.73,310,222,68.821
US3131483063,4730419,AGM,USD,2020-09-02,69.34,71.65,69.32,71.45,420,306,71.035
US3131483063,4730419,AGM,USD,2020-09-03,71.29,73.42,71.19,71.38,428,313,72.106
US3131483063,4730419,AGM,USD,2020-09-04,73.01,73.14,70.38,71.23,166,106,71.409
US3131483063,4730419,AGM,USD,2020-09-08,71.29,71.29,69.17,69.48,325,228,69.942
US3131483063,4730419,AGM,USD,2020-09-09,70.05,70.06,68.07,68.09,306,192,68.531
US3131483063,4730419,AGM,USD,2020-09-10,68.68,68.95,67.07,68.34,321,226,68.262
US3131483063,4730419,AGM,USD,2020-09-11,68.19,68.19,66.03,66.81,539,356,66.802
US3131483063,4730419,AGM,USD,2020-09-14,67.47,69.19,67.47,68.69,320,211,68.563
US3131483063,4730419,AGM,USD,2020-09-15,68.43,68.43,66.73,66.84,325,200,67.369
US3131483063,4730419,AGM,USD,2020-09-16,66.89,68.19,65.81,67.35,537,282,67.089
US3131483063,4730419,AGM,USD,2020-09-17,66.49,66.96,65.89,66.02,391,213,66.424
US3131483063,4730419,AGM,USD,2020-09-18,66.37,66.44,64.78,65.3,1378,276,65.469
US3131483063,4730419,AGM,USD,2020-09-21,64.2,64.25,61.91,63.4,619,333,62.963
US3131483063,4730419,AGM,USD,2020-09-22,63.12,64.17,62.28,63.84,438,234,63.648
US3131483063,4730419,AGM,USD,2020-09-23,64.1,65.11,62.28,62.29,454,297,63.193
US3131483063,4730419,AGM,USD,2020-09-24,62.3,64.35,61.79,63.82,322,224,63.497
US3131483063,4730419,AGM,USD,2020-09-25,63.58,64.88,62.99,64.64,390,263,64.39
US3131483063,4730419,AGM,USD,2020-09-28,65.4,66.93,65.12,65.19,470,272,65.823
US3131483063,4730419,AGM,USD,2020-09-29,65.23,65.23,62.8,63.78,278,177,63.611
US3131483063,4730419,AGM,USD,2020-09-30,64.09,64.98,63.19,63.66,350,215,63.843
US3131483063,4730419,AGM,USD,2020-10-01,63.67,64.81,62.75,64.7,364,234,63.996
US3131483063,4730419,AGM,USD,2020-10-02,63.69,65.82,63.5,65.69,244,125,65.276
US3131483063,4730419,AGM,USD,2020-10-05,66.13,66.92,65.71,66.66,274,131,66.621
US3131483063,4730419,AGM,USD,2020-10-06,67.54,68.81,67.02,67.32,466,300,67.912
US3131483063,4730419,AGM,USD,2020-10-07,68.32,68.5,67.14,67.24,296,193,67.547
US3131483063,4730419,AGM,USD,2020-10-08,67.9,68.44,67.27,67.74,176,101,67.725
US3131483063,4730419,AGM,USD,2020-10-09,68.36,68.46,66.61,67.53,379,232,67.535
US3131483063,4730419,AGM,USD,2020-10-12,67.4,68.59,67.03,68.37,264,182,67.938
US3131483063,4730419,AGM,USD,2020-10-13,68.01,68.01,66.68,67.61,207,123,67.315
US3131483063,4730419,AGM,USD,2020-10-14,67.76,68.65,67.04,67.04,123,87,67.388
US3131483063,4730419,AGM,USD,2020-10-15,66.47,68.71,66.28,67.98,392,241,67.929
US3131483063,4730419,AGM,USD,2020-10-16,68.01,69.37,66.55,69.32,435,238,68.665
US3131483063,4730419,AGM,USD,2020-10-19,69.3,70.24,68.57,68.69,247,162,69.2
US3131483063,4730419,AGM,USD,2020-10-20,69.39,69.82,69.02,69.8,271,188,69.346
US3131483063,4730419,AGM,USD,2020-10-21,68.55,69.4,68.46,68.56,250,188,68.897
US3131483063,4730419,AGM,USD,2020-10-22,69.09,69.97,68.52,68.84,368,213,69.053
US3131483063,4730419,AGM,USD,2020-10-23,69.43,69.68,68.51,69.18,332,221,69.304
US3131483063,4730419,AGM,USD,2020-10-26,68.47,69.43,68.07,68.99,343,222,68.557
US3131483063,4730419,AGM,USD,2020-10-27,68.97,69.6,66.35,66.47,216,161,67.222
US3131483063,4730419,AGM,USD,2020-10-28,66.0,66.2,63.51,63.9,358,250,64.138
US3131483063,4730419,AGM,USD,2020-10-29,63.54,65.39,62.57,64.81,231,154,64.199
US3131483063,4730419,AGM,USD,2020-10-30,64.69,65.27,64.12,64.59,270,143,64.572
US3131483063,4730419,AGM,USD,2020-11-02,65.62,66.86,65.22,65.6,570,342,65.941
US3131483063,4730419,AGM,USD,2020-11-03,66.81,67.45,65.22,65.61,497,329,65.726
US3131483063,4730419,AGM,USD,2020-11-04,64.15,65.94,63.04,64.06,487,344,64.307
US3131483063,4730419,AGM,USD,2020-11-05,64.14,66.87,64.14,65.39,303,224,65.442
US3131483063,4730419,AGM,USD,2020-11-06,65.5,65.93,64.51,64.55,265,195,64.995
US3131483063,4730419,AGM,USD,2020-11-09,68.07,70.75,67.63,70.75,814,571,69.432
US3131483063,4730419,AGM,USD,2020-11-10,70.98,72.32,68.33,70.57,655,436,70.906
US3131483063,4730419,AGM,USD,2020-11-11,70.65,71.87,67.26,68.35,394,252,68.665
US3131483063,4730419,AGM,USD,2020-11-12,67.53,68.01,65.51,66.53,366,266,66.371
US3131483063,4730419,AGM,USD,2020-11-13,67.07,67.98,66.56,67.47,293,208,67.349
US3131483063,4730419,AGM,USD,2020-11-16,69.3,70.5,68.54,70.39,406,277,69.995
US3131483063,4730419,AGM,USD,2020-11-17,69.45,70.0,68.72,69.74,491,340,69.588
US3131483063,4730419,AGM,USD,2020-11-18,70.0,70.39,68.87,68.92,366,258,69.314
US3131483063,4730419,AGM,USD,2020-11-19,68.62,68.9,67.42,68.61,267,184,68.077
US3131483063,4730419,AGM,USD,2020-11-20,68.16,68.38,66.8,67.66,301,198,67.481
US3131483063,4730419,AGM,USD,2020-11-23,67.94,69.07,67.94,68.2,289,182,68.415
US3131483063,4730419,AGM,USD,2020-11-24,69.28,71.5,69.25,70.45,587,440,70.555
US3131483063,4730419,AGM,USD,2020-11-25,70.19,70.36,68.98,69.34,342,250,69.535
US3131483063,4730419,AGM,USD,2020-11-27,69.55,69.55,67.56,68.94,190,110,68.612
US3131483063,4730419,AGM,USD,2020-11-30,68.55,68.94,67.53,67.69,333,146,67.862
US3131483063,4730419,AGM,USD,2020-12-01,68.74,70.54,68.73,70.07,537,272,69.61
US3131483063,4730419,AGM,USD,2020-12-02,70.05,70.14,68.5,68.89,273,183,69.077
US3131483063,4730419,AGM,USD,2020-12-03,69.17,70.39,68.5,69.93,487,270,69.476
US3131483063,4730419,AGM,USD,2020-12-04,70.25,71.36,70.25,71.26,309,206,70.747
US3131483063,4730419,AGM,USD,2020-12-07,71.58,72.24,71.0,71.9,351,219,71.691
US3131483063,4730419,AGM,USD,2020-12-08,71.41,74.87,71.41,74.87,495,391,73.551
US3131483063,4730419,AGM,USD,2020-12-09,74.45,75.67,74.03,75.35,485,308,75.079
US3131483063,4730419,AGM,USD,2020-12-10,75.07,76.45,75.0,76.3,490,350,75.676
US3131483063,4730419,AGM,USD,2020-12-11,75.59,77.04,75.44,76.46,434,288,76.155
US3131483063,4730419,AGM,USD,2020-12-14,76.08,77.21,76.08,76.12,682,470,76.515
US3131483063,4730419,AGM,USD,2020-12-15,76.92,76.99,73.15,74.02,421,249,74.723
US3131483063,4730419,AGM,USD,2020-12-16,73.99,74.26,72.63,73.03,522,354,73.267
US3131483063,4730419,AGM,USD,2020-12-17,73.13,73.13,71.92,72.21,363,254,72.366
US3131483063,4730419,AGM,USD,2020-12-18,72.29,73.53,71.66,73.52,1374,246,73.133
US3131483063,4730419,AGM,USD,2020-12-21,72.82,72.95,71.01,72.88,463,302,72.189
US3131483063,4730419,AGM,USD,2020-12-22,72.76,73.37,71.72,72.15,359,239,72.216
US3131483063,4730419,AGM,USD,2020-12-23,72.82,75.29,72.33,74.55,490,316,74.111
US3131483063,4730419,AGM,USD,2020-12-24,75.2,75.2,73.26,73.85,70,43,74.03
US3131483063,4730419,AGM,USD,2020-12-28,74.39,76.1,74.01,74.58,243,166,74.885
US3131483063,4730419,AGM,USD,2020-12-29,74.48,74.55,72.97,73.27,220,125,73.375
US3131483063,4730419,AGM,USD,2020-12-30,73.17,75.34,73.17,74.13,252,153,74.318
US3131483063,4730419,AGM,USD,2020-12-31,74.26,74.79,73.47,74.25,226,120,74.274
US3131483063,4730419,AGM,USD,2021-01-04,74.49,75.42,73.14,74.76,391,200,74.43
US3131483063,4730419,AGM,USD,2021-01-05,74.66,77.52,74.24,76.14,399,289,76.432
US3131483063,4730419,AGM,USD,2021-01-06,77.24,83.07,77.24,80.55,728,424,81.073
US3131483063,4730419,AGM,USD,2021-01-07,81.19,81.86,78.57,79.06,316,239,79.54
US3131483063,4730419,AGM,USD,2021-01-08,79.47,79.47,76.98,78.16,195,101,78.129
US3131483063,4730419,AGM,USD,2021-01-11,78.18,80.49,78.15,80.17,303,173,79.593
US3131483063,4730419,AGM,USD,2021-01-12,80.38,81.2,79.81,81.12,345,183,80.791
US3131483063,4730419,AGM,USD,2021-01-13,80.97,81.15,77.04,77.85,248,172,78.551
US3131483063,4730419,AGM,USD,2021-01-14,78.36,80.43,78.36,80.36,387,254,79.842
US3131483063,4730419,AGM,USD,2021-01-15,79.25,80.48,78.25,80.43,296,134,79.67
US3131483063,4730419,AGM,USD,2021-01-19,80.83,80.95,79.32,79.77,286,180,80.069
US3131483063,4730419,AGM,USD,2021-01-20,80.14,80.26,77.96,78.53,243,175,78.807
US3131483063,4730419,AGM,USD,2021-01-21,78.53,80.13,77.25,79.86,278,180,78.992
US3131483063,4730419,AGM,USD,2021-01-22,78.95,79.79,78.5,79.5,199,109,79.31
US3131483063,4730419,AGM,USD,2021-01-25,78.63,79.48,77.01,79.17,216,118,78.506
US3131483063,4730419,AGM,USD,2021-01-26,79.39,79.39,77.43,78.15,159,111,78.03
US3131483063,4730419,AGM,USD,2021-01-27,77.36,77.36,74.5,75.94,293,148,75.866
US3131483063,4730419,AGM,USD,2021-01-28,76.82,76.99,75.94,76.83,222,147,76.588
US3131483063,4730419,AGM,USD,2021-01-29,76.47,76.98,75.94,76.0,267,143,76.261
US3131483063,4730419,AGM,USD,2021-02-01,76.34,78.02,76.15,77.7,231,159,77.217
US3131483063,4730419,AGM,USD,2021-02-02,78.67,78.67,77.39,77.78,315,226,77.778
US3131483063,4730419,AGM,USD,2021-02-03,77.75,77.79,75.71,76.86,386,213,76.562
US3131483063,4730419,AGM,USD,2021-02-04,76.45,77.84,76.45,77.84,229,173,77.31
US3131483063,4730419,AGM,USD,2021-02-05,78.52,80.38,78.2,80.03,446,271,79.683
US3131483063,4730419,AGM,USD,2021-02-08,80.85,82.82,80.85,82.42,428,300,82.163
US3131483063,4730419,AGM,USD,2021-02-09,82.04,82.75,81.39,82.54,270,184,82.404
US3131483063,4730419,AGM,USD,2021-02-10,82.09,83.38,81.25,82.47,569,304,82.201
US3131483063,4730419,AGM,USD,2021-02-11,82.68,84.21,82.56,83.63,570,308,83.508
US3131483063,4730419,AGM,USD,2021-02-12,83.63,84.69,83.02,84.1,242,123,83.825
US3131483063,4730419,AGM,USD,2021-02-16,84.66,84.94,83.34,83.53,272,167,83.844
US3131483063,4730419,AGM,USD,2021-02-17,83.01,84.4,83.01,84.0,354,222,83.686
US3131483063,4730419,AGM,USD,2021-02-18,83.57,84.97,83.49,84.42,489,187,84.105
US3131483063,4730419,AGM,USD,2021-02-19,84.64,84.79,81.78,83.11,274,151,83.346
US3131483063,4730419,AGM,USD,2021-02-22,82.63,85.8,82.51,84.99,385,261,84.45
US3131483063,4730419,AGM,USD,2021-02-23,84.6,86.46,83.22,83.41,215,158,84.551
US3131483063,4730419,AGM,USD,2021-02-24,83.94,85.43,83.34,85.12,376,264,84.763
US3131483063,4730419,AGM,USD,2021-02-25,84.95,86.03,83.65,84.8,339,211,84.495
US3131483063,4730419,AGM,USD,2021-02-26,85.76,90.7,85.0,86.25,562,303,86.851
US3131483063,4730419,AGM,USD,2021-03-01,86.95,89.17,86.56,88.92,369,206,88.305
US3131483063,4730419,AGM,USD,2021-03-02,88.39,88.81,87.0,88.68,553,350,88.099
US3131483063,4730419,AGM,USD,2021-03-03,88.36,90.89,88.36,89.97,428,329,89.894
US3131483063,4730419,AGM,USD,2021-03-04,90.25,92.6,86.32,87.11,581,438,89.143
US3131483063,4730419,AGM,USD,2021-03-05,87.99,90.69,87.74,90.35,470,314,89.389
US3131483063,4730419,AGM,USD,2021-03-08,91.08,93.76,90.35,92.57,463,314,92.611
US3131483063,4730419,AGM,USD,2021-03-09,93.2,93.76,91.41,92.14,290,166,92.773
US3131483063,4730419,AGM,USD,2021-03-10,92.92,94.48,92.52,94.19,222,157,93.822
US3131483063,4730419,AGM,USD,2021-03-11,94.67,96.86,93.96,96.81,382,225,96.201
US3131483063,4730419,AGM,USD,2021-03-12,97.3,99.81,96.85,99.5,303,196,98.714
US3131483063,4730419,AGM,USD,2021-03-15,99.55,99.55,96.95,99.28,478,344,98.399
US3131483063,4730419,AGM,USD,2021-03-16,99.28,99.28,97.02,98.77,318,177,98.349
US3131483063,4730419,AGM,USD,2021-03-17,98.61,100.0,98.01,100.0,336,182,99.25
US3131483063,4730419,AGM,USD,2021-03-18,100.59,102.84,99.19,100.26,464,253,101.208
US3131483063,4730419,AGM,USD,2021-03-19,100.65,102.44,99.3,102.44,1649,270,101.829
US3131483063,4730419,AGM,USD,2021-03-22,102.54,102.73,94.66,96.61,642,412,97.181
US3131483063,4730419,AGM,USD,2021-03-23,95.7,97.43,94.89,95.14,449,254,95.772
US3131483063,4730419,AGM,USD,2021-03-24,96.23,99.54,95.56,95.56,341,229,96.739
US3131483063,4730419,AGM,USD,2021-03-25,94.96,99.89,94.5,99.32,473,354,98.11
US3131483063,4730419,AGM,USD,2021-03-26,100.3,101.52,98.88,101.2,442,290,100.432
US3131483063,4730419,AGM,USD,2021-03-29,100.69,101.4,97.84,99.22,277,173,99.241
US3131483063,4730419,AGM,USD,2021-03-30,99.29,102.0,98.01,100.86,478,330,101.019
US3131483063,4730419,AGM,USD,2021-03-31,101.63,101.97,99.56,100.72,425,224,100.74
US3131483063,4730419,AGM,USD,2021-04-01,101.3,101.84,100.3,101.69,237,109,101.287
US3131483063,4730419,AGM,USD,2021-04-05,102.01,102.63,101.68,102.63,242,160,102.317
US3131483063,4730419,AGM,USD,2021-04-06,102.52,103.6,101.56,101.56,220,100,102.071
US3131483063,4730419,AGM,USD,2021-04-07,101.81,102.16,99.78,100.19,254,153,100.618
US3131483063,4730419,AGM,USD,2021-04-08,99.67,100.65,98.73,100.31,340,208,99.864
US3131483063,4730419,AGM,USD,2021-04-09,100.05,100.99,99.52,100.26,105,69,100.163
US3131483063,4730419,AGM,USD,2021-04-12,100.58,100.58,98.65,99.06,197,126,99.351
US3131483063,4730419,AGM,USD,2021-04-13,99.2,99.42,96.59,97.24,144,81,97.635
US3131483063,4730419,AGM,USD,2021-04-14,97.47,99.97,97.39,98.89,200,105,98.911
US3131483063,4730419,AGM,USD,2021-04-15,99.25,99.25,97.01,98.88,151,75,98.538
US3131483063,4730419,AGM,USD,2021-04-16,100.12,102.02,99.63,100.73,309,146,100.726
US3131483063,4730419,AGM,USD,2021-04-19,100.75,101.83,99.53,100.75,263,166,100.537
US3131483063,4730419,AGM,USD,2021-04-20,100.75,101.56,98.04,99.03,196,122,99.093
US3131483063,4730419,AGM,USD,2021-04-21,99.27,100.71,98.33,100.37,203,130,100.122
US3131483063,4730419,AGM,USD,2021-04-22,100.88,101.34,98.89,99.32,207,102,99.465
US3131483063,4730419,AGM,USD,2021-04-23,100.18,102.49,100.0,100.82,293,148,101.421
US3131483063,4730419,AGM,USD,2021-04-26,101.4,102.48,100.18,100.53,71,30,100.836
US3131483063,4730419,AGM,USD,2021-04-27,100.57,101.25,100.27,100.74,402,181,100.645
US3131483063,4730419,AGM,USD,2021-04-28,100.56,101.57,100.56,100.88,82,53,101.004
US3131483063,4730419,AGM,USD,2021-04-29,101.98,103.13,101.26,102.45,121,74,102.167
US3131483063,4730419,AGM,USD,2021-04-30,101.8,102.97,101.72,102.86,239,133,102.639
US3131483063,4730419,AGM,USD,2021-05-03,104.03,106.01,102.84,105.15,352,254,104.972
US3131483063,4730419,AGM,USD,2021-05-04,105.37,105.89,104.0,105.56,366,224,105.265
US3131483063,4730419,AGM,USD,2021-05-05,106.56,108.36,105.5,108.33,399,230,106.834
US3131483063,4730419,AGM,USD,2021-05-06,109.53,111.88,108.35,111.7,608,440,109.827
US3131483063,4730419,AGM,USD,2021-05-07,109.63,109.63,100.63,102.29,1014,554,103.42
US3131483063,4730419,AGM,USD,2021-05-10,102.3,103.67,101.24,101.93,667,330,102.351
US3131483063,4730419,AGM,USD,2021-05-11,101.0,101.07,98.01,100.2,485,301,99.691
US3131483063,4730419,AGM,USD,2021-05-12,100.32,101.02,95.64,96.13,535,327,97.999
US3131483063,4730419,AGM,USD,2021-05-13,96.0,101.95,95.3,101.5,440,269,99.461
US3131483063,4730419,AGM,USD,2021-05-14,102.37,103.31,100.05,103.16,191,114,102.792
US3131483063,4730419,AGM,USD,2021-05-17,103.21,104.58,102.87,103.98,273,170,103.825
US3131483063,4730419,AGM,USD,2021-05-18,104.43,105.01,102.6,102.76,207,153,103.355
US3131483063,4730419,AGM,USD,2021-05-19,101.48,102.15,99.75,101.81,240,158,101.229
US3131483063,4730419,AGM,USD,2021-05-20,102.04,102.16,100.52,101.7,183,123,101.616
US3131483063,4730419,AGM,USD,2021-05-21,102.76,103.02,101.59,102.15,123,61,102.348
US3131483063,4730419,AGM,USD,2021-05-24,102.76,102.76,100.5,101.65,131,76,101.509
US3131483063,4730419,AGM,USD,2021-05-25,102.31,102.65,98.7,98.83,277,158,99.945
US3131483063,4730419,AGM,USD,2021-05-26,98.85,101.04,98.85,100.82,192,93,100.386
US3131483063,4730419,AGM,USD,2021-05-27,101.94,103.84,101.69,102.34,223,64,102.624
US3131483063,4730419,AGM,USD,2021-05-28,99.42,101.72,99.11,101.46,243,132,100.49
US3131483063,4730419,AGM,USD,2021-06-01,101.42,103.55,101.32,102.6,177,108,102.7
US3131483063,4730419,AGM,USD,2021-06-02,103.13,103.13,101.25,101.67,154,92,101.671
US3131483063,4730419,AGM,USD,2021-06-03,101.78,102.24,101.3,101.79,96,58,101.823
US3131483063,4730419,AGM,USD,2021-06-04,101.79,101.79,99.21,100.21,116,67,100.211
US3131483063,4730419,AGM,USD,2021-06-07,100.12,100.91,99.01,100.78,153,93,100.176
US3131483063,4730419,AGM,USD,2021-06-08,100.32,102.42,99.92,101.58,298,173,101.243
US3131483063,4730419,AGM,USD,2021-06-09,101.83,101.83,100.5,101.06,268,92,101.034
US3131483063,4730419,AGM,USD,2021-06-10,102.51,102.8,101.03,101.43,252,147,101.698
US3131483063,4730419,AGM,USD,2021-06-11,102.25,103.98,101.58,103.91,236,114,103.133
US3131483063,4730419,AGM,USD,2021-06-14,103.65,104.4,101.19,101.46,195,111,102.537
US3131483063,4730419,AGM,USD,2021-06-15,101.14,102.2,100.78,101.43,102,42,101.374
US3131483063,4730419,AGM,USD,2021-06-16,100.63,102.3,100.16,101.73,139,69,101.44
US3131483063,4730419,AGM,USD,2021-06-17,101.61,102.29,99.47,101.52,229,169,100.917
US3131483063,4730419,AGM,USD,2021-06-18,100.58,100.93,97.12,97.39,455,175,98.825
US3131483063,4730419,AGM,USD,2021-06-21,98.56,101.79,98.27,100.98,189,121,100.962
US3131483063,4730419,AGM,USD,2021-06-22,100.21,101.54,99.13,101.36,128,90,100.902
US3131483063,4730419,AGM,USD,2021-06-23,101.36,102.98,100.79,101.83,259,145,101.777
US3131483063,4730419,AGM,USD,2021-06-24,102.97,104.44,101.78,103.74,208,158,103.351
US3131483063,4730419,AGM,USD,2021-06-25,104.29,104.8,103.38,103.64,2091,309,103.723
US3131483063,4730419,AGM,USD,2021-06-28,102.92,103.4,98.55,99.12,361,227,99.341
US3131483063,4730419,AGM,USD,2021-06-29,99.6,99.6,97.28,97.82,168,116,98.12
US3131483063,4730419,AGM,USD,2021-06-30,97.29,99.34,97.06,98.9,241,149,98.306
US3131483063,4730419,AGM,USD,2021-07-01,99.52,100.65,99.39,99.91,113,68,100.016
US3131483063,4730419,AGM,USD,2021-07-02,99.54,100.56,98.64,100.31,200,132,99.962
US3131483063,4730419,AGM,USD,2021-07-06,100.58,100.58,96.25,97.62,189,116,97.525
US3131483063,4730419,AGM,USD,2021-07-07,96.82,98.47,96.76,97.52,111,66,97.486
US3131483063,4730419,AGM,USD,2021-07-08,96.01,97.31,94.51,95.85,174,117,95.896
US3131483063,4730419,AGM,USD,2021-07-09,97.61,99.4,96.81,98.92,98,64,98.604
US3131483063,4730419,AGM,USD,2021-07-12,98.29,99.88,98.29,99.08,188,101,99.092
US3131483063,4730419,AGM,USD,2021-07-13,99.14,99.14,96.52,96.66,91,40,97.232
US3131483063,4730419,AGM,USD,2021-07-14,96.78,97.28,96.01,96.27,122,73,96.45
US3131483063,4730419,AGM,USD,2021-07-15,95.74,97.19,95.74,96.81,128,80,96.758
US3131483063,4730419,AGM,USD,2021-07-16,97.87,97.87,95.36,96.36,269,151,96.32
US3131483063,4730419,AGM,USD,2021-07-19,94.9,96.5,94.2,96.12,300,180,95.636
US3131483063,4730419,AGM,USD,2021-07-20,96.51,98.57,96.14,96.65,281,136,96.905
US3131483063,4730419,AGM,USD,2021-07-21,97.72,98.22,96.92,97.31,109,61,97.329
US3131483063,4730419,AGM,USD,2021-07-22,97.04,97.33,95.19,95.79,92,63,96.136
US3131483063,4730419,AGM,USD,2021-07-23,96.64,97.0,95.81,96.72,92,71,96.65
US3131483063,4730419,AGM,USD,2021-07-26,97.03,97.64,96.58,97.5,95,71,97.057
US3131483063,4730419,AGM,USD,2021-07-27,96.58,97.84,96.25,97.08,134,95,97.01
US3131483063,4730419,AGM,USD,2021-07-28,97.71,97.71,96.21,97.18,178,112,96.996
US3131483063,4730419,AGM,USD,2021-07-29,98.1,98.98,97.42,97.98,111,71,98.131
US3131483063,4730419,AGM,USD,2021-07-30,98.01,98.11,96.47,97.5,148,66,97.397
US3131483063,4730419,AGM,USD,2021-08-02,97.5,99.7,95.73,95.98,149,106,96.841
US3131483063,4730419,AGM,USD,2021-08-03,96.53,97.38,94.98,96.57,117,71,96.506
US3131483063,4730419,AGM,USD,2021-08-04,95.27,96.5,94.44,94.64,145,79,95.012
US3131483063,4730419,AGM,USD,2021-08-05,95.3,96.31,94.68,96.25,107,76,95.718
US3131483063,4730419,AGM,USD,2021-08-06,98.14,99.9,98.0,98.07,326,207,98.743
US3131483063,4730419,AGM,USD,2021-08-09,98.65,98.92,97.46,97.93,125,64,98.108
US3131483063,4730419,AGM,USD,2021-08-10,97.55,98.81,97.04,98.81,153,74,97.78
US3131483063,4730419,AGM,USD,2021-08-11,99.33,99.75,98.55,99.65,209,144,99.252
US3131483063,4730419,AGM,USD,2021-08-12,99.99,100.42,99.31,100.01,370,177,99.841
US3131483063,4730419,AGM,USD,2021-08-13,100.17,100.35,99.22,99.7,215,139,99.711
US3131483063,4730419,AGM,USD,2021-08-16,99.7,100.17,99.04,99.73,207,117,99.671
US3131483063,4730419,AGM,USD,2021-08-17,99.5,99.55,98.02,98.49,85,48,98.682
US3131483063,4730419,AGM,USD,2021-08-18,98.5,99.0,97.63,98.02,246,127,98.46
US3131483063,4730419,AGM,USD,2021-08-19,97.09,98.25,96.25,98.25,191,112,97.602
US3131483063,4730419,AGM,USD,2021-08-20,97.83,98.95,96.81,98.34,410,126,98.396
US3131483063,4730419,AGM,USD,2021-08-23,99.43,99.43,97.41,97.7,182,62,98.256
US3131483063,4730419,AGM,USD,2021-08-24,97.62,98.28,97.3,97.86,150,72,97.661
US3131483063,4730419,AGM,USD,2021-08-25,98.16,98.85,97.6,97.78,195,116,97.888
US3131483063,4730419,AGM,USD,2021-08-26,97.55,97.78,95.74,95.78,223,113,96.547
US3131483063,4730419,AGM,USD,2021-08-27,95.7,99.43,95.6,99.11,372,210,98.283
US3131483063,4730419,AGM,USD,2021-08-30,99.04,99.06,97.39,97.67,300,140,98.025
US3131483063,4730419,AGM,USD,2021-08-31,97.64,98.29,97.27,97.9,168,101,97.816
US3131483063,4730419,AGM,USD,2021-09-01,98.08,98.08,96.75,97.7,101,51,97.652
US3131483063,4730419,AGM,USD,2021-09-02,97.91,99.19,97.59,99.19,216,117,98.658
US3131483063,4730419,AGM,USD,2021-09-03,99.46,101.0,99.25,100.99,248,79,100.162
US3131483063,4730419,AGM,USD,2021-09-07,100.4,101.71,100.08,100.19,135,84,100.58
US3131483063,4730419,AGM,USD,2021-09-08,100.09,100.4,99.65,99.99,118,56,100.01
US3131483063,4730419,AGM,USD,2021-09-09,100.05,100.71,99.53,99.54,129,72,99.977
US3131483063,4730419,AGM,USD,2021-09-10,100.23,100.23,98.1,98.62,156,84,98.699
US3131483063,4730419,AGM,USD,2021-09-13,98.92,100.53,98.92,99.43,80,49,99.351
US3131483063,4730419,AGM,USD,2021-09-14,99.11,99.11,96.45,97.31,160,104,97.246
US3131483063,4730419,AGM,USD,2021-09-15,97.26,98.93,96.64,98.56,168,57,98.394
US3131483063,4730419,AGM,USD,2021-09-16,98.54,98.94,97.67,98.56,172,63,98.391
US3131483063,4730419,AGM,USD,2021-09-17,98.45,101.56,97.64,101.0,582,179,99.628
US3131483063,4730419,AGM,USD,2021-09-20,98.48,100.48,97.98,100.35,320,174,99.584
US3131483063,4730419,AGM,USD,2021-09-21,101.19,101.19,99.75,100.64,279,143,100.482
US3131483063,4730419,AGM,USD,2021-09-22,100.95,102.51,100.95,101.91,217,134,101.876
US3131483063,4730419,AGM,USD,2021-09-23,102.03,104.22,101.4,104.17,211,123,103.503
US3131483063,4730419,AGM,USD,2021-09-24,103.88,106.24,103.88,105.92,132,86,105.768
US3131483063,4730419,AGM,USD,2021-09-27,105.56,111.19,105.56,111.03,267,152,110.355
US3131483063,4730419,AGM,USD,2021-09-28,110.68,111.61,110.02,111.17,295,171,110.896
US3131483063,4730419,AGM,USD,2021-09-29,110.93,111.23,109.94,110.06,532,175,110.406
US3131483063,4730419,AGM,USD,2021-09-30,110.91,110.91,108.48,108.52,240,127,109.063
US3131483063,4730419,AGM,USD,2021-10-01,108.17,113.09,108.17,112.95,326,166,111.872
US3131483063,4730419,AGM,USD,2021-10-04,112.65,113.66,112.25,113.3,316,107,113.291
US3131483063,4730419,AGM,USD,2021-10-05,111.83,113.83,111.65,113.67,113,49,113.46
US3131483063,4730419,AGM,USD,2021-10-06,113.0,114.0,112.35,113.96,175,121,113.071
US3131483063,4730419,AGM,USD,2021-10-07,113.55,115.97,113.08,115.49,273,139,115.017
US3131483063,4730419,AGM,USD,2021-10-08,115.88,116.24,114.68,116.13,156,60,115.86
US3131483063,4730419,AGM,USD,2021-10-11,116.97,117.82,115.81,117.39,242,122,117.205
US3131483063,4730419,AGM,USD,2021-10-12,116.4,117.45,116.3,116.52,228,123,116.71
US3131483063,4730419,AGM,USD,2021-10-13,116.54,116.54,114.9,115.54,209,143,115.413
US3131483063,4730419,AGM,USD,2021-10-14,115.96,117.53,115.96,117.52,146,78,116.989
US3131483063,4730419,AGM,USD,2021-10-15,119.62,120.61,117.34,118.1,469,288,118.461
US3131483063,4730419,AGM,USD,2021-10-18,117.52,118.41,117.28,118.27,157,90,117.889
US3131483063,4730419,AGM,USD,2021-10-19,118.57,118.59,116.52,117.76,106,69,117.472
US3131483063,4730419,AGM,USD,2021-10-20,118.1,120.18,117.97,119.57,145,88,119.613
US3131483063,4730419,AGM,USD,2021-10-21,119.82,121.16,119.16,121.07,116,62,120.546
US3131483063,4730419,AGM,USD,2021-10-22,121.62,122.4,120.48,121.93,171,87,121.659
US3131483063,4730419,AGM,USD,2021-10-25,122.33,123.66,121.18,123.44,188,77,122.691
US3131483063,4730419,AGM,USD,2021-10-26,123.35,123.78,122.0,122.74,183,85,123.061
US3131483063,4730419,AGM,USD,2021-10-27,122.7,122.7,120.0,121.12,215,144,121.021
US3131483063,4730419,AGM,USD,2021-10-28,121.76,123.87,121.76,123.67,110,59,123.183
US3131483063,4730419,AGM,USD,2021-10-29,123.67,126.4,123.43,126.09,238,144,125.682
US3131483063,4730419,AGM,USD,2021-11-01,126.09,131.17,126.09,128.2,444,279,128.601
US3131483063,4730419,AGM,USD,2021-11-02,128.97,129.28,127.42,129.18,170,79,128.822
US3131483063,4730419,AGM,USD,2021-11-03,129.18,134.4,128.8,134.23,225,143,133.193
US3131483063,4730419,AGM,USD,2021-11-04,133.55,133.55,128.41,131.27,361,237,130.284
US3131483063,4730419,AGM,USD,2021-11-05,132.6,134.84,131.26,133.91,370,231,133.319
US3131483063,4730419,AGM,USD,2021-11-08,134.37,137.01,133.74,136.81,187,124,135.835
US3131483063,4730419,AGM,USD,2021-11-09,134.64,136.0,127.88,128.89,434,233,130.7
US3131483063,4730419,AGM,USD,2021-11-10,128.05,131.97,127.37,131.5,291,135,130.422
US3131483063,4730419,AGM,USD,2021-11-11,131.57,134.99,131.57,133.46,158,88,133.323
US3131483063,4730419,AGM,USD,2021-11-12,132.99,132.99,130.04,131.79,129,66,131.485
US3131483063,4730419,AGM,USD,2021-11-15,131.53,131.84,130.62,131.25,284,96,131.213
US3131483063,4730419,AGM,USD,2021-11-16,131.78,131.95,129.85,130.54,195,129,130.55
US3131483063,4730419,AGM,USD,2021-11-17,129.63,129.63,126.12,127.27,234,137,126.949
US3131483063,4730419,AGM,USD,2021-11-18,126.41,128.87,126.41,127.21,210,106,127.347
US3131483063,4730419,AGM,USD,2021-11-19,125.67,127.43,125.02,126.52,109,63,126.433
US3131483063,4730419,AGM,USD,2021-11-22,127.96,130.6,127.67,127.89,148,77,128.486
US3131483063,4730419,AGM,USD,2021-11-23,128.0,130.91,127.99,130.19,149,44,130.143
US3131483063,4730419,AGM,USD,2021-11-24,131.04,131.04,129.6,129.71,71,40,129.93
US3131483063,4730419,AGM,USD,2021-11-26,126.52,127.59,120.39,123.82,155,103,123.261
US3131483063,4730419,AGM,USD,2021-11-29,125.93,125.93,122.14,122.78,158,83,123.214
US3131483063,4730419,AGM,USD,2021-11-30,121.22,123.05,119.16,121.72,176,77,121.675
US3131483063,4730419,AGM,USD,2021-12-01,124.81,124.83,120.05,120.05,170,111,122.168
US3131483063,4730419,AGM,USD,2021-12-02,120.85,124.98,119.97,124.66,180,104,123.951
US3131483063,4730419,AGM,USD,2021-12-03,124.84,124.84,120.57,121.25,161,99,121.658
US3131483063,4730419,AGM,USD,2021-12-06,123.37,125.52,122.26,123.39,177,95,123.684
US3131483063,4730419,AGM,USD,2021-12-07,123.75,125.77,123.33,124.97,176,102,124.879
US3131483063,4730419,AGM,USD,2021-12-08,126.26,126.26,123.76,124.8,160,74,124.652
US3131483063,4730419,AGM,USD,2021-12-09,124.78,124.78,121.79,121.79,144,77,122.296
US3131483063,4730419,AGM,USD,2021-12-10,121.41,122.02,120.74,121.49,129,81,121.298
US3131483063,4730419,AGM,USD,2021-12-13,120.31,120.91,118.7,119.54,208,113,119.662
US3131483063,4730419,AGM,USD,2021-12-14,118.22,119.96,117.3,117.8,256,80,118.1
US3131483063,4730419,AGM,USD,2021-12-15,118.99,121.34,116.51,118.35,239,132,118.433
US3131483063,4730419,AGM,USD,2021-12-16,119.39,121.63,117.76,118.35,296,141,119.44
US3131483063,4730419,AGM,USD,2021-12-17,117.52,118.64,115.43,117.01,671,116,117.105
US3131483063,4730419,AGM,USD,2021-12-20,115.58,116.98,112.8,116.5,212,92,114.811
US3131483063,4730419,AGM,USD,2021-12-21,117.15,120.12,117.15,119.76,240,65,118.996
US3131483063,4730419,AGM,USD,2021-12-22,119.61,120.63,118.95,119.88,191,67,120.001
US3131483063,4730419,AGM,USD,2021-12-23,119.9,122.18,119.9,120.67,98,58,120.799
US3131483063,4730419,AGM,USD,2021-12-27,121.31,123.96,120.27,123.95,222,56,122.173
US3131483063,4730419,AGM,USD,2021-12-28,123.23,124.46,123.23,123.75,177,46,123.846
US3131483063,4730419,AGM,USD,2021-12-29,124.33,125.35,123.1,124.91,185,62,124.17
US3131483063,4730419,AGM,USD,2021-12-30,124.2,124.79,123.35,123.48,81,40,123.765
US3131483063,4730419,AGM,USD,2021-12-31,123.98,124.07,122.94,123.93,97,38,123.77
US3131483063,4730419,AGM,USD,2022-01-03,125.66,127.56,123.19,124.55,285,99,125.507
US3131483063,4730419,AGM,USD,2022-01-04,125.43,128.75,125.43,127.58,202,143,127.575
US3131483063,4730419,AGM,USD,2022-01-05,127.3,128.5,125.07,125.31,122,78,126.108
US3131483063,4730419,AGM,USD,2022-01-06,126.42,128.53,125.83,127.64,124,76,127.585
US3131483063,4730419,AGM,USD,2022-01-07,127.8,129.09,127.44,127.67,90,47,128.013
US3131483063,4730419,AGM,USD,2022-01-10,127.25,127.25,125.52,126.88,122,58,126.472
US3131483063,4730419,AGM,USD,2022-01-11,127.35,127.75,124.91,127.67,173,87,127.088
US3131483063,4730419,AGM,USD,2022-01-12,128.48,128.71,126.21,126.83,127,61,126.971
US3131483063,4730419,AGM,USD,2022-01-13,127.63,130.61,126.75,129.84,214,127,129.62
US3131483063,4730419,AGM,USD,2022-01-14,128.67,129.19,126.84,128.95,125,58,128.776
US3131483063,4730419,AGM,USD,2022-01-18,128.3,128.35,126.12,126.76,122,52,126.886
US3131483063,4730419,AGM,USD,2022-01-19,127.81,127.81,123.99,124.87,102,65,125.064
US3131483063,4730419,AGM,USD,2022-01-20,125.71,127.09,123.0,123.43,133,77,124.564
US3131483063,4730419,AGM,USD,2022-01-21,123.07,124.9,122.98,123.17,129,42,123.268
US3131483063,4730419,AGM,USD,2022-01-24,122.1,124.92,120.91,124.82,189,95,123.555
US3131483063,4730419,AGM,USD,2022-01-25,123.25,124.98,122.16,123.5,132,73,123.57
US3131483063,4730419,AGM,USD,2022-01-26,124.0,125.4,120.0,122.05,277,150,122.347
US3131483063,4730419,AGM,USD,2022-01-27,122.94,123.58,117.42,118.29,118,69,119.225
US3131483063,4730419,AGM,USD,2022-01-28,119.0,119.37,115.21,119.37,189,125,117.755
US3131483063,4730419,AGM,USD,2022-01-31,117.93,121.8,117.78,121.8,188,77,120.648
US3131483063,4730419,AGM,USD,2022-02-01,121.81,122.79,120.05,122.56,109,60,122.067
US3131483063,4730419,AGM,USD,2022-02-02,121.71,122.99,120.38,122.52,91,48,122.091
US3131483063,4730419,AGM,USD,2022-02-03,122.87,124.73,122.46,123.24,132,76,123.316
US3131483063,4730419,AGM,USD,2022-02-04,123.33,124.09,122.44,123.77,111,44,123.717
US3131483063,4730419,AGM,USD,2022-02-07,123.77,124.91,122.99,123.52,68,46,123.637
US3131483063,4730419,AGM,USD,2022-02-08,123.65,126.25,123.65,126.01,111,43,125.729
US3131483063,4730419,AGM,USD,2022-02-09,126.38,126.43,122.9,123.05,112,53,123.537
US3131483063,4730419,AGM,USD,2022-02-10,122.3,124.37,122.19,122.95,122,67,122.82
US3131483063,4730419,AGM,USD,2022-02-11,122.19,125.46,115.13,115.13,65,37,123.183
US3131483063,4730419,AGM,USD,2022-02-14,123.6,123.78,120.78,122.51,139,65,122.161
US3131483063,4730419,AGM,USD,2022-02-15,123.0,125.32,123.0,123.88,92,35,124.011
US3131483063,4730419,AGM,USD,2022-02-16,123.39,127.21,123.0,126.45,136,71,125.694
US3131483063,4730419,AGM,USD,2022-02-17,124.98,124.98,123.3,123.98,79,35,124.072
US3131483063,4730419,AGM,USD,2022-02-18,122.87,126.23,122.87,124.83,98,57,124.754
US3131483063,4730419,AGM,USD,2022-02-22,124.08,125.59,122.32,123.17,158,92,123.853
US3131483063,4730419,AGM,USD,2022-02-23,124.57,124.57,120.42,121.68,249,137,121.297
US3131483063,4730419,AGM,USD,2022-02-24,119.31,119.41,115.96,118.74,141,82,118.163
US3131483063,4730419,AGM,USD,2022-02-25,120.11,124.14,120.11,124.1,89,41,123.668
US3131483063,4730419,AGM,USD,2022-02-28,123.87,124.86,121.9,123.7,226,55,123.603
US3131483063,4730419,AGM,USD,2022-03-01,126.92,127.08,115.39,116.92,288,138,118.002
US3131483063,4730419,AGM,USD,2022-03-02,118.09,122.76,117.2,122.46,119,64,121.917
US3131483063,4730419,AGM,USD,2022-03-03,121.01,123.1,120.81,122.34,116,60,121.914
US3131483063,4730419,AGM,USD,2022-03-04,120.33,120.99,117.18,118.18,90,53,118.32
US3131483063,4730419,AGM,USD,2022-03-07,118.0,118.0,115.11,115.29,141,76,116.088
US3131483063,4730419,AGM,USD,2022-03-08,115.47,118.56,114.95,115.84,148,62,116.569
US3131483063,4730419,AGM,USD,2022-03-09,118.94,121.64,118.58,120.38,188,120,120.323
US3131483063,4730419,AGM,USD,2022-03-10,118.6,121.9,118.5,120.24,134,86,119.888
US3131483063,4730419,AGM,USD,2022-03-11,122.15,123.87,121.98,123.22,184,112,123.038
US3131483063,4730419,AGM,USD,2022-03-14,125.24,129.1,124.46,128.73,266,189,128.056
US3131483063,4730419,AGM,USD,2022-03-15,128.66,128.9,125.68,128.5,302,198,128.043
US3131483063,4730419,AGM,USD,2022-03-16,128.73,130.03,126.59,127.59,189,80,127.955
US3131483063,4730419,AGM,USD,2022-03-17,126.52,126.52,122.13,122.98,188,108,123.064
US3131483063,4730419,AGM,USD,2022-03-18,123.17,123.17,118.4,119.27,1413,178,119.688
US3131483063,4730419,AGM,USD,2022-03-21,120.51,122.08,118.04,120.0,526,190,120.143
US3131483063,4730419,AGM,USD,2022-03-22,121.68,123.24,119.55,119.66,333,114,120.089
US3131483063,4730419,AGM,USD,2022-03-23,118.16,118.73,115.01,115.19,200,120,115.825
US3131483063,4730419,AGM,USD,2022-03-24,115.42,117.06,115.4,116.29,135,71,116.262
US3131483063,4730419,AGM,USD,2022-03-25,115.62,118.61,115.0,116.5,91,46,117.184
US3131483063,4730419,AGM,USD,2022-03-28,116.22,116.22,110.57,112.76,457,303,112.394
US3131483063,4730419,AGM,USD,2022-03-29,113.33,114.93,111.5,112.82,460,271,112.722
US3131483063,4730419,AGM,USD,2022-03-30,112.53,114.44,110.62,111.05,215,135,112.072
US3131483063,4730419,AGM,USD,2022-03-31,110.11,112.52,108.48,108.48,90,63,109.509
US3131483063,4730419,AGM,USD,2022-04-01,109.92,110.77,107.57,110.33,194,118,109.576
US3131483063,4730419,AGM,USD,2022-04-04,109.24,111.44,108.12,110.25,214,149,109.968
US3131483063,4730419,AGM,USD,2022-04-05,109.89,110.0,107.48,107.7,113,48,108.164
US3131483063,4730419,AGM,USD,2022-04-06,106.96,108.0,105.74,106.08,93,49,106.519
US3131483063,4730419,AGM,USD,2022-04-07,106.82,107.24,104.17,107.13,152,99,106.273
US3131483063,4730419,AGM,USD,2022-04-08,107.95,108.91,106.36,108.89,98,71,108.4
US3131483063,4730419,AGM,USD,2022-04-11,108.68,111.38,108.68,110.09,216,110,110.363
US3131483063,4730419,AGM,USD,2022-04-12,110.5,111.54,108.09,108.67,100,46,108.821
US3131483063,4730419,AGM,USD,2022-04-13,107.86,109.51,107.86,109.08,130,71,108.906
US3131483063,4730419,AGM,USD,2022-04-14,109.35,110.36,109.0,109.61,130,54,109.579
US3131483063,4730419,AGM,USD,2022-04-18,109.48,110.31,108.66,109.34,132,56,109.434
US3131483063,4730419,AGM,USD,2022-04-19,109.44,112.17,109.44,111.69,87,44,111.533
US3131483063,4730419,AGM,USD,2022-04-20,112.43,114.57,111.79,112.18,113,62,112.734
US3131483063,4730419,AGM,USD,2022-04-21,113.94,113.94,108.66,109.32,167,106,109.924
US3131483063,4730419,AGM,USD,2022-04-22,109.16,109.16,105.49,105.64,111,73,106.381
US3131483063,4730419,AGM,USD,2022-04-25,105.1,105.89,103.47,105.37,119,63,104.888
US3131483063,4730419,AGM,USD,2022-04-26,104.0,104.2,102.49,102.52,137,69,102.874
US3131483063,4730419,AGM,USD,2022-04-27,102.41,103.6,101.84,101.98,79,57,102.474
US3131483063,4730419,AGM,USD,2022-04-28,103.29,105.89,101.23,105.38,148,96,104.545
US3131483063,4730419,AGM,USD,2022-04-29,104.7,105.3,101.73,102.43,185,85,102.532
US3131483063,4730419,AGM,USD,2022-05-02,101.97,103.8,100.9,102.6,181,113,102.594
US3131483063,4730419,AGM,USD,2022-05-03,103.11,104.55,102.4,104.0,113,66,103.864
US3131483063,4730419,AGM,USD,2022-05-04,103.13,106.77,103.12,106.36,125,68,105.088
US3131483063,4730419,AGM,USD,2022-05-05,107.98,107.98,103.65,106.1,215,116,105.962
US3131483063,4730419,AGM,USD,2022-05-06,106.38,106.68,105.02,106.54,185,66,105.96
US3131483063,4730419,AGM,USD,2022-05-09,105.23,106.76,103.97,104.7,207,88,105.053
US3131483063,4730419,AGM,USD,2022-05-10,105.06,105.7,102.47,102.47,207,131,103.24
US3131483063,4730419,AGM,USD,2022-05-11,103.44,103.72,101.66,102.08,161,95,102.884
US3131483063,4730419,AGM,USD,2022-05-12,101.22,101.79,98.39,100.27,244,130,99.947
US3131483063,4730419,AGM,USD,2022-05-13,100.99,101.77,99.52,100.63,155,87,100.648
US3131483063,4730419,AGM,USD,2022-05-16,101.24,102.93,100.4,101.93,141,76,101.85
US3131483063,4730419,AGM,USD,2022-05-17,102.83,105.5,102.83,105.5,156,83,104.911
US3131483063,4730419,AGM,USD,2022-05-18,104.64,104.64,101.04,101.7,185,113,102.082
US3131483063,4730419,AGM,USD,2022-05-19,101.35,101.79,100.07,101.13,219,102,101.093
US3131483063,4730419,AGM,USD,2022-05-20,101.69,101.69,97.35,99.08,145,79,98.842
US3131483063,4730419,AGM,USD,2022-05-23,100.99,102.47,100.0,101.12,134,82,101.078
US3131483063,4730419,AGM,USD,2022-05-24,99.11,102.89,98.93,102.4,103,66,101.463
US3131483063,4730419,AGM,USD,2022-05-25,103.2,104.06,102.11,102.76,101,56,102.806
US3131483063,4730419,AGM,USD,2022-05-26,104.05,104.74,103.37,103.65,86,43,103.777
US3131483063,4730419,AGM,USD,2022-05-27,102.57,105.09,102.57,103.75,137,42,103.598
US3131483063,4730419,AGM,USD,2022-05-31,103.0,105.02,102.43,105.01,372,76,104.778
US3131483063,4730419,AGM,USD,2022-06-01,105.49,105.49,102.38,105.02,187,115,104.184
US3131483063,4730419,AGM,USD,2022-06-02,105.37,106.05,103.45,105.26,123,64,105.184
US3131483063,4730419,AGM,USD,2022-06-03,104.0,104.0,102.36,102.62,54,34,102.864
US3131483063,4730419,AGM,USD,2022-06-06,103.05,105.1,103.05,103.76,62,35,103.796
US3131483063,4730419,AGM,USD,2022-06-07,102.52,104.59,102.36,104.26,130,70,103.987
US3131483063,4730419,AGM,USD,2022-06-08,104.05,104.05,100.42,101.92,141,72,101.709
US3131483063,4730419,AGM,USD,2022-06-09,99.65,100.22,98.75,99.04,159,70,99.331
US3131483063,4730419,AGM,USD,2022-06-10,98.0,98.0,95.21,95.22,136,79,95.915
US3131483063,4730419,AGM,USD,2022-06-13,94.72,94.72,90.99,91.97,260,145,92.444
US3131483063,4730419,AGM,USD,2022-06-14,91.0,92.24,90.49,91.62,243,157,91.351
US3131483063,4730419,AGM,USD,2022-06-15,92.74,94.85,92.37,93.88,190,96,93.608
US3131483063,4730419,AGM,USD,2022-06-16,92.35,92.58,90.38,90.71,211,116,91.147
US3131483063,4730419,AGM,USD,2022-06-17,91.37,95.11,91.25,93.63,735,253,93.36
US3131483063,4730419,AGM,USD,2022-06-21,94.57,96.99,94.57,96.14,266,154,96.047
US3131483063,4730419,AGM,USD,2022-06-22,94.58,97.57,94.53,96.32,213,115,96.288
US3131483063,4730419,AGM,USD,2022-06-23,96.27,98.99,95.63,96.95,146,90,96.622
US3131483063,4730419,AGM,USD,2022-06-24,97.41,99.26,97.41,98.29,309,90,98.316
US3131483063,4730419,AGM,USD,2022-06-27,99.44,99.44,97.34,98.0,179,90,97.987
US3131483063,4730419,AGM,USD,2022-06-28,99.23,99.42,96.89,96.89,114,54,98.11
US3131483063,4730419,AGM,USD,2022-06-29,96.73,96.99,95.82,96.48,151,73,96.239
US3131483063,4730419,AGM,USD,2022-06-30,95.72,97.76,94.78,97.65,225,131,96.626
US3131483063,4730419,AGM,USD,2022-07-01,96.71,98.88,95.46,98.86,283,178,97.419
US3131483063,4730419,AGM,USD,2022-07-05,97.11,97.84,95.43,97.72,165,93,96.633
US3131483063,4730419,AGM,USD,2022-07-06,98.4,98.4,96.21,97.2,138,93,96.887
US3131483063,4730419,AGM,USD,2022-07-07,98.11,99.15,97.52,98.11,158,60,98.333
US3131483063,4730419,AGM,USD,2022-07-08,97.9,98.6,96.61,98.13,136,69,98.018
US3131483063,4730419,AGM,USD,2022-07-11,97.62,98.15,97.0,97.15,132,65,97.494
US3131483063,4730419,AGM,USD,2022-07-12,97.0,99.2,96.56,96.78,94,61,97.262
US3131483063,4730419,AGM,USD,2022-07-13,96.4,96.4,94.69,95.6,202,108,95.698
US3131483063,4730419,AGM,USD,2022-07-14,93.86,94.04,92.43,93.37,155,89,93.25
US3131483063,4730419,AGM,USD,2022-07-15,95.19,96.95,95.1,96.51,245,120,96.301
US3131483063,4730419,AGM,USD,2022-07-18,97.9,99.13,97.02,97.75,158,110,97.595
US3131483063,4730419,AGM,USD,2022-07-19,98.45,101.76,98.42,100.88,233,119,100.606
US3131483063,4730419,AGM,USD,2022-07-20,100.07,102.24,100.02,102.09,282,169,101.046
US3131483063,4730419,AGM,USD,2022-07-21,101.01,101.69,100.01,101.5,130,74,101.098
US3131483063,4730419,AGM,USD,2022-07-22,101.14,101.52,99.74,100.61,177,96,100.618
US3131483063,4730419,AGM,USD,2022-07-25,102.23,103.7,102.02,103.4,204,120,102.884
US3131483063,4730419,AGM,USD,2022-07-26,103.48,104.16,102.94,103.46,87,48,103.42
US3131483063,4730419,AGM,USD,2022-07-27,104.26,108.37,104.26,107.75,302,181,106.48
US3131483063,4730419,AGM,USD,2022-07-28,107.53,109.41,107.37,108.96,193,110,108.573
US3131483063,4730419,AGM,USD,2022-07-29,109.0,111.24,109.0,110.29,190,100,110.213
US3131483063,4730419,AGM,USD,2022-08-01,109.68,110.5,107.14,107.34,273,207,108.676
US3131483063,4730419,AGM,USD,2022-08-02,106.25,107.04,105.02,105.48,183,117,105.791
US3131483063,4730419,AGM,USD,2022-08-03,105.91,109.04,105.55,108.54,77,44,107.746
US3131483063,4730419,AGM,USD,2022-08-04,107.86,108.52,106.84,108.52,154,93,107.65
US3131483063,4730419,AGM,USD,2022-08-05,107.61,110.29,107.61,109.07,75,41,109.278
US3131483063,4730419,AGM,USD,2022-08-08,109.35,111.17,108.72,109.98,137,74,110.044
US3131483063,4730419,AGM,USD,2022-08-09,110.57,111.83,109.22,111.43,125,74,110.901
US3131483063,4730419,AGM,USD,2022-08-10,113.07,113.9,112.04,112.06,131,87,112.606
US3131483063,4730419,AGM,USD,2022-08-11,112.36,113.92,111.81,113.38,89,50,112.83
US3131483063,4730419,AGM,USD,2022-08-12,113.98,116.07,113.17,115.82,147,91,115.471
US3131483063,4730419,AGM,USD,2022-08-15,114.99,115.82,114.42,114.68,151,82,115.054
US3131483063,4730419,AGM,USD,2022-08-16,114.73,116.71,114.49,116.47,160,105,115.798
US3131483063,4730419,AGM,USD,2022-08-17,115.09,116.68,114.57,116.23,108,59,115.857
US3131483063,4730419,AGM,USD,2022-08-18,116.78,116.78,115.31,116.46,120,64,116.05
US3131483063,4730419,AGM,USD,2022-08-19,115.82,115.82,113.28,114.28,292,93,114.286
US3131483063,4730419,AGM,USD,2022-08-22,113.13,113.88,112.15,113.09,175,96,113.125
US3131483063,4730419,AGM,USD,2022-08-23,112.75,113.62,112.35,113.0,169,107,112.991
US3131483063,4730419,AGM,USD,2022-08-24,113.0,114.08,112.51,113.78,143,74,113.413
US3131483063,4730419,AGM,USD,2022-08-25,113.7,115.2,113.7,115.08,93,49,114.889
US3131483063,4730419,AGM,USD,2022-08-26,115.1,115.1,111.17,111.23,99,50,112.125
US3131483063,4730419,AGM,USD,2022-08-29,110.67,111.78,109.71,110.63,100,50,110.897
US3131483063,4730419,AGM,USD,2022-08-30,111.45,111.45,109.17,110.3,130,75,109.984
US3131483063,4730419,AGM,USD,2022-08-31,111.24,111.24,109.01,109.24,180,108,109.894
US3131483063,4730419,AGM,USD,2022-09-01,108.96,109.47,107.5,108.93,144,85,108.871
US3131483063,4730419,AGM,USD,2022-09-02,108.93,111.01,107.85,108.18,77,45,109.073
US3131483063,4730419,AGM,USD,2022-09-06,107.95,107.95,106.07,106.32,97,54,106.489
US3131483063,4730419,AGM,USD,2022-09-07,106.2,107.91,106.04,107.59,141,80,107.478
US3131483063,4730419,AGM,USD,2022-09-08,106.56,108.05,106.5,107.04,101,63,107.249
US3131483063,4730419,AGM,USD,2022-09-09,107.45,108.56,106.11,106.46,82,38,106.704
US3131483063,4730419,AGM,USD,2022-09-12,106.94,107.6,106.18,107.6,136,56,107.309
US3131483063,4730419,AGM,USD,2022-09-13,106.2,106.76,103.67,103.91,172,82,104.476
US3131483063,4730419,AGM,USD,2022-09-14,103.03,103.94,101.99,103.94,188,75,103.507
US3131483063,4730419,AGM,USD,2022-09-15,104.0,105.51,103.53,105.14,204,64,104.982
US3131483063,4730419,AGM,USD,2022-09-16,104.51,105.82,103.37,105.02,431,75,104.857
US3131483063,4730419,AGM,USD,2022-09-19,103.82,108.03,103.82,108.03,164,61,107.643
US3131483063,4730419,AGM,USD,2022-09-20,106.69,106.94,104.54,106.94,209,96,106.331
US3131483063,4730419,AGM,USD,2022-09-21,108.01,111.25,107.77,108.13,221,137,108.965
US3131483063,4730419,AGM,USD,2022-09-22,107.35,108.58,104.22,107.29,165,86,107.013
US3131483063,4730419,AGM,USD,2022-09-23,104.97,105.96,102.24,103.55,171,103,103.621
US3131483063,4730419,AGM,USD,2022-09-26,104.0,104.82,102.83,102.87,148,74,103.369
US3131483063,4730419,AGM,USD,2022-09-27,103.93,103.97,100.83,100.92,200,118,102.082
US3131483063,4730419,AGM,USD,2022-09-28,101.98,103.19,101.34,101.82,244,119,101.983
US3131483063,4730419,AGM,USD,2022-09-29,103.6,103.6,97.76,98.36,266,137,98.587
US3131483063,4730419,AGM,USD,2022-09-30,98.91,101.06,98.5,99.14,278,127,99.345
US3131483063,4730419,AGM,USD,2022-10-03,100.29,101.38,98.24,101.15,189,92,100.792
US3131483063,4730419,AGM,USD,2022-10-04,102.26,106.68,102.05,106.11,176,85,105.943
US3131483063,4730419,AGM,USD,2022-10-05,104.57,105.07,103.16,104.36,140,74,104.085
US3131483063,4730419,AGM,USD,2022-10-06,103.83,105.01,102.6,103.23,216,121,103.206
US3131483063,4730419,AGM,USD,2022-10-07,103.26,104.14,100.4,101.12,169,113,101.432
US3131483063,4730419,AGM,USD,2022-10-10,101.61,102.45,101.03,101.45,82,50,101.523
US3131483063,4730419,AGM,USD,2022-10-11,101.1,102.62,100.01,101.61,101,56,101.467
US3131483063,4730419,AGM,USD,2022-10-12,101.95,103.21,100.69,102.87,174,106,102.306
US3131483063,4730419,AGM,USD,2022-10-13,100.92,107.39,100.92,107.39,200,110,106.383
US3131483063,4730419,AGM,USD,2022-10-14,107.7,109.4,104.71,104.86,212,127,106.122
US3131483063,4730419,AGM,USD,2022-10-17,107.18,107.92,106.38,107.32,213,117,107.254
US3131483063,4730419,AGM,USD,2022-10-18,108.38,108.79,107.23,107.58,141,81,107.751
US3131483063,4730419,AGM,USD,2022-10-19,106.27,107.99,104.72,106.62,142,97,106.487
US3131483063,4730419,AGM,USD,2022-10-20,107.17,108.11,104.94,105.05,134,77,105.759
US3131483063,4730419,AGM,USD,2022-10-21,105.6,107.97,104.97,107.71,146,67,106.876
US3131483063,4730419,AGM,USD,2022-10-24,108.6,108.6,107.16,107.32,121,84,107.83
US3131483063,4730419,AGM,USD,2022-10-25,106.77,110.78,106.65,110.08,171,89,109.819
US3131483063,4730419,AGM,USD,2022-10-26,111.23,111.47,109.93,110.53,104,52,110.794
US3131483063,4730419,AGM,USD,2022-10-27,111.84,115.69,111.78,112.09,267,128,113.431
US3131483063,4730419,AGM,USD,2022-10-28,112.07,115.4,112.07,114.46,332,166,113.521
US3131483063,4730419,AGM,USD,2022-10-31,114.17,116.47,113.67,115.2,229,107,115.338
US3131483063,4730419,AGM,USD,2022-11-01,116.08,117.97,115.67,116.94,290,209,116.794
US3131483063,4730419,AGM,USD,2022-11-02,116.1,117.81,113.8,113.94,161,82,115.023
US3131483063,4730419,AGM,USD,2022-11-03,112.36,114.74,111.64,113.6,86,46,113.429
US3131483063,4730419,AGM,USD,2022-11-04,115.42,115.8,113.19,115.33,80,34,114.893
US3131483063,4730419,AGM,USD,2022-11-07,114.8,116.01,113.93,114.9,168,103,115.196
US3131483063,4730419,AGM,USD,2022-11-08,113.49,118.81,113.2,117.34,318,209,116.929
US3131483063,4730419,AGM,USD,2022-11-09,117.71,118.84,115.26,115.5,180,55,117.001
US3131483063,4730419,AGM,USD,2022-11-10,119.58,123.73,118.43,122.48,413,177,121.563
US3131483063,4730419,AGM,USD,2022-11-11,122.6,123.86,119.45,121.51,210,126,120.977
US3131483063,4730419,AGM,USD,2022-11-14,120.87,123.42,120.73,121.6,141,84,122.069
US3131483063,4730419,AGM,USD,2022-11-15,123.48,124.71,121.83,123.26,238,126,123.566
US3131483063,4730419,AGM,USD,2022-11-16,123.87,123.92,120.91,123.57,133,47,123.149
US3131483063,4730419,AGM,USD,2022-11-17,123.31,123.47,121.18,123.28,155,95,122.419
US3131483063,4730419,AGM,USD,2022-11-18,124.92,124.92,122.7,124.19,208,96,123.95
US3131483063,4730419,AGM,USD,2022-11-21,123.37,126.28,123.24,125.92,159,73,124.818
US3131483063,4730419,AGM,USD,2022-11-22,125.4,126.53,124.82,125.51,177,109,125.634
US3131483063,4730419,AGM,USD,2022-11-23,125.9,126.29,124.96,125.59,144,96,125.48
US3131483063,4730419,AGM,USD,2022-11-25,126.1,127.88,125.28,126.82,127,85,126.978
US3131483063,4730419,AGM,USD,2022-11-28,124.66,125.46,124.09,124.76,168,110,124.783
US3131483063,4730419,AGM,USD,2022-11-29,125.61,126.36,124.25,124.78,165,90,125.057
US3131483063,4730419,AGM,USD,2022-11-30,125.39,126.75,122.75,125.85,336,157,124.935
US3131483063,4730419,AGM,USD,2022-12-01,126.26,126.7,124.82,125.0,166,75,125.399
US3131483063,4730419,AGM,USD,2022-12-02,123.28,126.33,123.28,125.25,145,80,125.17
US3131483063,4730419,AGM,USD,2022-12-05,124.29,124.29,120.53,120.96,174,96,121.724
US3131483063,4730419,AGM,USD,2022-12-06,120.03,122.11,118.87,121.69,214,127,120.978
US3131483063,4730419,AGM,USD,2022-12-07,120.23,121.45,118.26,118.78,240,137,119.83
US3131483063,4730419,AGM,USD,2022-12-08,120.0,121.32,118.21,119.8,251,171,119.647
US3131483063,4730419,AGM,USD,2022-12-09,118.49,120.03,117.88,119.06,277,158,119.11
US3131483063,4730419,AGM,USD,2022-12-12,119.49,120.94,118.72,120.09,194,94,120.23
US3131483063,4730419,AGM,USD,2022-12-13,123.38,123.38,119.61,121.21,393,186,121.376
US3131483063,4730419,AGM,USD,2022-12-14,119.97,121.06,116.16,116.78,310,179,118.964
US3131483063,4730419,AGM,USD,2022-12-15,115.26,116.94,114.47,115.42,319,182,115.455
US3131483063,4730419,AGM,USD,2022-12-16,113.58,116.09,113.47,115.23,593,198,114.561
US3131483063,4730419,AGM,USD,2022-12-19,115.17,117.09,113.53,114.42,305,210,114.89
US3131483063,4730419,AGM,USD,2022-12-20,115.03,116.54,112.08,115.34,232,103,115.493
US3131483063,4730419,AGM,USD,2022-12-21,116.29,117.02,114.64,115.02,499,318,115.912
US3131483063,4730419,AGM,USD,2022-12-22,115.55,115.89,111.8,113.8,703,377,112.867
US3131483063,4730419,AGM,USD,2022-12-23,114.59,115.38,112.93,113.99,259,195,114.257
US3131483063,4730419,AGM,USD,2022-12-27,115.03,115.54,113.1,113.46,285,189,113.845
US3131483063,4730419,AGM,USD,2022-12-28,114.08,114.26,111.28,111.28,459,295,112.586
US3131483063,4730419,AGM,USD,2022-12-29,112.58,114.44,111.4,113.49,304,188,113.231
US3131483063,4730419,AGM,USD,2022-12-30,113.0,113.56,112.12,112.71,269,183,112.879
US3131483063,4730419,AGM,USD,2023-01-03,113.84,114.26,112.47,113.53,316,208,113.444
US3131483063,4730419,AGM,USD,2023-01-04,113.55,117.01,113.55,115.63,350,219,115.886
US3131483063,4730419,AGM,USD,2023-01-05,115.34,115.34,112.91,114.79,317,235,114.063
US3131483063,4730419,AGM,USD,2023-01-06,116.07,121.85,115.31,120.75,376,234,119.586
US3131483063,4730419,AGM,USD,2023-01-09,120.98,122.07,118.31,118.55,296,193,119.952
US3131483063,4730419,AGM,USD,2023-01-10,118.06,120.16,117.94,120.12,391,246,119.289
US3131483063,4730419,AGM,USD,2023-01-11,120.96,124.57,119.75,123.35,1267,329,121.747
US3131483063,4730419,AGM,USD,2023-01-12,123.57,126.53,122.96,124.72,387,195,124.616
US3131483063,4730419,AGM,USD,2023-01-13,123.71,125.86,122.37,124.8,446,251,124.444
US3131483063,4730419,AGM,USD,2023-01-17,125.6,125.75,122.4,122.56,508,314,123.622
US3131483063,4730419,AGM,USD,2023-01-18,122.01,122.72,120.13,120.35,463,278,121.109
US3131483063,4730419,AGM,USD,2023-01-19,119.51,121.8,118.43,121.79,367,263,119.996
US3131483063,4730419,AGM,USD,2023-01-20,122.73,124.22,121.18,123.93,334,152,123.169
US3131483063,4730419,AGM,USD,2023-01-23,124.76,127.91,123.76,127.11,306,192,126.31
US3131483063,4730419,AGM,USD,2023-01-24,125.8,127.05,125.11,126.0,219,130,126.08
US3131483063,4730419,AGM,USD,2023-01-25,125.37,131.39,124.43,131.24,351,211,128.629
US3131483063,4730419,AGM,USD,2023-01-26,132.53,134.5,130.53,132.71,479,255,132.774
US3131483063,4730419,AGM,USD,2023-01-27,131.92,134.74,131.92,132.22,519,337,133.393
US3131483063,4730419,AGM,USD,2023-01-30,131.79,132.62,128.31,128.43,377,272,130.134
US3131483063,4730419,AGM,USD,2023-01-31,128.15,132.97,128.15,132.97,381,192,131.687
US3131483063,4730419,AGM,USD,2023-02-01,132.86,134.94,131.26,132.8,352,230,132.705
US3131483063,4730419,AGM,USD,2023-02-02,132.91,134.45,132.61,133.54,299,190,133.384
US3131483063,4730419,AGM,USD,2023-02-03,133.17,135.96,132.53,134.72,342,208,134.731
US3131483063,4730419,AGM,USD,2023-02-06,133.96,135.46,132.76,134.38,331,228,134.034
US3131483063,4730419,AGM,USD,2023-02-07,133.47,137.15,132.92,136.86,384,251,134.937
US3131483063,4730419,AGM,USD,2023-02-08,135.41,136.87,134.82,135.5,283,175,135.785
US3131483063,4730419,AGM,USD,2023-02-09,135.98,137.29,134.73,135.88,428,280,135.919
US3131483063,4730419,AGM,USD,2023-02-10,135.6,139.21,135.1,138.68,267,172,137.463
US3131483063,4730419,AGM,USD,2023-02-13,138.36,139.16,137.66,138.63,254,162,138.4
US3131483063,4730419,AGM,USD,2023-02-14,138.2,139.63,136.74,137.17,421,271,138.002
US3131483063,4730419,AGM,USD,2023-02-15,135.77,139.98,135.5,139.1,399,294,138.603
US3131483063,4730419,AGM,USD,2023-02-16,137.57,140.37,134.8,138.27,319,205,138.636
US3131483063,4730419,AGM,USD,2023-02-17,138.66,140.11,137.52,139.44,405,235,138.932
US3131483063,4730419,AGM,USD,2023-02-21,137.94,138.72,136.2,136.57,452,283,136.992
US3131483063,4730419,AGM,USD,2023-02-22,136.88,138.35,136.05,137.04,395,224,137.26
US3131483063,4730419,AGM,USD,2023-02-23,135.06,137.84,134.3,135.54,495,327,135.853
US3131483063,4730419,AGM,USD,2023-02-24,135.6,141.9,132.58,141.5,901,572,139.339
US3131483063,4730419,AGM,USD,2023-02-27,141.94,143.87,139.87,141.29,636,393,141.208
US3131483063,4730419,AGM,USD,2023-02-28,141.76,144.49,140.65,141.86,701,371,142.719
US3131483063,4730419,AGM,USD,2023-03-01,142.23,146.32,140.98,145.07,369,246,144.449
US3131483063,4730419,AGM,USD,2023-03-02,144.33,146.15,143.13,145.14,409,284,144.749
US3131483063,4730419,AGM,USD,2023-03-03,146.14,148.5,144.96,147.5,273,165,147.001
US3131483063,4730419,AGM,USD,2023-03-06,147.51,149.37,146.32,147.2,485,265,147.368
US3131483063,4730419,AGM,USD,2023-03-07,146.72,147.17,142.82,143.37,499,311,144.509
US3131483063,4730419,AGM,USD,2023-03-08,143.87,145.32,142.12,142.94,558,340,143.533
US3131483063,4730419,AGM,USD,2023-03-09,142.63,142.89,135.11,135.2,879,566,137.878
US3131483063,4730419,AGM,USD,2023-03-10,133.57,134.65,128.29,130.21,684,454,130.989
US3131483063,4730419,AGM,USD,2023-03-13,125.65,130.81,122.39,126.01,889,565,126.21
US3131483063,4730419,AGM,USD,2023-03-14,131.12,133.07,127.31,129.04,505,311,130.068
US3131483063,4730419,AGM,USD,2023-03-15,123.99,127.23,123.08,125.93,623,371,125.422
US3131483063,4730419,AGM,USD,2023-03-16,123.82,132.95,122.6,131.21,1023,606,130.032
US3131483063,4730419,AGM,USD,2023-03-17,130.21,130.95,123.5,126.14,2330,619,125.879
US3131483063,4730419,AGM,USD,2023-03-20,128.34,130.24,126.82,127.14,500,294,128.173
US3131483063,4730419,AGM,USD,2023-03-21,129.74,133.3,129.74,130.88,904,523,131.342
US3131483063,4730419,AGM,USD,2023-03-22,131.18,131.18,125.19,125.2,730,493,128.317
US3131483063,4730419,AGM,USD,2023-03-23,125.58,127.74,123.89,124.64,778,527,125.952
US3131483063,4730419,AGM,USD,2023-03-24,122.88,125.92,122.1,125.35,317,182,124.802
US3131483063,4730419,AGM,USD,2023-03-27,127.54,128.96,126.25,127.88,318,198,127.846
US3131483063,4730419,AGM,USD,2023-03-28,127.72,128.34,126.0,126.74,504,308,127.272
US3131483063,4730419,AGM,USD,2023-03-29,129.87,132.59,128.61,132.29,479,314,130.713
US3131483063,4730419,AGM,USD,2023-03-30,133.07,134.89,129.65,130.46,694,474,131.297
US3131483063,4730419,AGM,USD,2023-03-31,131.72,133.88,129.88,133.19,681,366,132.302
US3131483063,4730419,AGM,USD,2023-04-03,133.77,136.0,131.07,133.19,487,304,133.307
US3131483063,4730419,AGM,USD,2023-04-04,134.01,134.01,130.0,131.37,453,284,131.254
US3131483063,4730419,AGM,USD,2023-04-05,129.95,131.55,129.55,130.21,518,354,130.546
US3131483063,4730419,AGM,USD,2023-04-06,130.27,133.9,128.56,133.09,375,265,132.49
US3131483063,4730419,AGM,USD,2023-04-10,132.81,134.13,131.34,131.94,1138,426,132.16
US3131483063,4730419,AGM,USD,2023-04-11,132.41,133.6,131.17,131.3,395,253,132.191
US3131483063,4730419,AGM,USD,2023-04-12,132.18,132.54,130.73,131.03,299,191,131.528
US3131483063,4730419,AGM,USD,2023-04-13,131.33,132.54,130.47,131.29,315,196,131.671
US3131483063,4730419,AGM,USD,2023-04-14,132.25,133.22,130.66,131.05,204,96,131.186
US3131483063,4730419,AGM,USD,2023-04-17,131.0,133.0,130.39,132.92,182,115,132.441
US3131483063,4730419,AGM,USD,2023-04-18,133.22,134.02,132.31,134.0,219,139,133.48
US3131483063,4730419,AGM,USD,2023-04-19,133.99,137.9,132.73,137.86,635,420,136.761
US3131483063,4730419,AGM,USD,2023-04-20,136.61,136.69,134.97,135.39,445,223,135.649
US3131483063,4730419,AGM,USD,2023-04-21,135.32,137.08,134.46,135.87,314,165,135.83
US3131483063,4730419,AGM,USD,2023-04-24,135.42,137.37,135.16,135.24,213,119,135.66
US3131483063,4730419,AGM,USD,2023-04-25,133.91,135.11,132.56,132.63,320,201,133.709
US3131483063,4730419,AGM,USD,2023-04-26,131.09,132.97,131.0,131.94,236,125,131.885
US3131483063,4730419,AGM,USD,2023-04-27,132.04,133.39,132.04,133.09,165,97,132.961
US3131483063,4730419,AGM,USD,2023-04-28,131.92,134.0,131.92,133.29,285,132,133.094
US3131483063,4730419,AGM,USD,2023-05-01,132.97,135.0,132.11,132.69,298,180,133.149
US3131483063,4730419,AGM,USD,2023-05-02,131.69,131.69,128.35,129.04,279,145,129.286
US3131483063,4730419,AGM,USD,2023-05-03,129.15,131.13,126.71,126.92,256,157,128.477
US3131483063,4730419,AGM,USD,2023-05-04,125.48,127.57,124.57,126.9,320,216,126.383
US3131483063,4730419,AGM,USD,2023-05-05,129.15,130.4,128.41,129.88,204,105,129.718
US3131483063,4730419,AGM,USD,2023-05-08,130.07,130.67,129.4,130.07,191,99,130.1
US3131483063,4730419,AGM,USD,2023-05-09,128.89,131.0,127.82,130.05,928,648,129.696
US3131483063,4730419,AGM,USD,2023-05-10,129.6,133.02,123.41,123.66,1023,634,125.838
US3131483063,4730419,AGM,USD,2023-05-11,123.2,130.98,122.96,128.83,370,233,127.672
US3131483063,4730419,AGM,USD,2023-05-12,128.63,129.23,125.9,128.76,224,132,128.077
US3131483063,4730419,AGM,USD,2023-05-15,130.61,136.94,130.1,136.71,412,241,135.154
US3131483063,4730419,AGM,USD,2023-05-16,135.18,136.17,133.65,133.81,226,142,134.725
US3131483063,4730419,AGM,USD,2023-05-17,135.09,137.37,134.07,136.57,220,118,136.439
US3131483063,4730419,AGM,USD,2023-05-18,136.27,140.86,136.05,140.41,324,172,138.612
US3131483063,4730419,AGM,USD,2023-05-19,141.78,143.02,139.49,140.93,245,146,140.487
US3131483063,4730419,AGM,USD,2023-05-22,141.34,142.15,139.22,139.85,145,93,140.099
US3131483063,4730419,AGM,USD,2023-05-23,139.26,141.7,138.74,139.46,128,39,139.907
US3131483063,4730419,AGM,USD,2023-05-24,138.22,138.22,136.5,137.25,120,67,137.327
US3131483063,4730419,AGM,USD,2023-05-25,137.43,137.64,135.14,135.36,252,121,135.781
US3131483063,4730419,AGM,USD,2023-05-26,135.69,137.61,135.69,136.37,150,73,136.431
US3131483063,4730419,AGM,USD,2023-05-30,136.88,137.31,134.83,135.39,121,65,135.572
US3131483063,4730419,AGM,USD,2023-05-31,134.9,135.86,132.47,133.81,411,107,133.761
US3131483063,4730419,AGM,USD,2023-06-01,135.0,138.26,134.03,136.31,206,128,136.549
US3131483063,4730419,AGM,USD,2023-06-02,138.55,140.94,137.45,140.81,176,96,139.927
US3131483063,4730419,AGM,USD,2023-06-05,140.08,140.62,137.21,138.25,200,102,138.487
US3131483063,4730419,AGM,USD,2023-06-06,138.11,146.16,138.11,145.92,319,202,144.48
US3131483063,4730419,AGM,USD,2023-06-07,146.64,148.52,144.6,148.29,216,110,147.387
US3131483063,4730419,AGM,USD,2023-06-08,148.28,151.02,147.32,150.45,457,185,149.066
US3131483063,4730419,AGM,USD,2023-06-09,150.07,150.61,147.74,150.59,135,72,149.592
US3131483063,4730419,AGM,USD,2023-06-12,150.03,153.54,149.4,150.35,354,211,150.774
US3131483063,4730419,AGM,USD,2023-06-13,150.46,151.75,149.29,150.0,201,133,150.161
US3131483063,4730419,AGM,USD,2023-06-14,150.07,150.77,148.56,149.82,156,84,149.892
US3131483063,4730419,AGM,USD,2023-06-15,148.96,150.28,147.28,149.55,197,108,149.405
US3131483063,4730419,AGM,USD,2023-06-16,150.9,151.0,146.89,148.5,481,167,148.897
US3131483063,4730419,AGM,USD,2023-06-20,148.39,148.54,146.59,146.64,175,109,147.275
US3131483063,4730419,AGM,USD,2023-06-21,146.37,147.0,144.5,144.61,235,150,145.54
US3131483063,4730419,AGM,USD,2023-06-22,145.04,145.05,142.01,143.72,204,128,143.765
US3131483063,4730419,AGM,USD,2023-06-23,141.67,143.67,139.64,140.97,1553,313,140.989
US3131483063,4730419,AGM,USD,2023-06-26,141.14,142.6,140.08,140.23,293,162,141.387
US3131483063,4730419,AGM,USD,2023-06-27,140.46,143.0,140.27,140.82,199,126,141.412
US3131483063,4730419,AGM,USD,2023-06-28,140.77,143.04,140.55,141.95,260,159,142.205
US3131483063,4730419,AGM,USD,2023-06-29,142.66,143.44,141.45,141.64,141,64,142.125
US3131483063,4730419,AGM,USD,2023-06-30,143.45,145.41,141.99,143.74,431,134,143.676
US3131483063,4730419,AGM,USD,2023-07-03,143.26,145.3,143.26,144.66,80,44,144.488
US3131483063,4730419,AGM,USD,2023-07-05,142.62,143.63,140.85,141.06,147,75,141.758
US3131483063,4730419,AGM,USD,2023-07-06,139.52,139.53,137.16,138.51,207,119,138.395
US3131483063,4730419,AGM,USD,2023-07-07,139.01,140.82,137.84,139.69,195,119,139.839
US3131483063,4730419,AGM,USD,2023-07-10,139.62,142.1,139.51,141.64,163,84,141.493
US3131483063,4730419,AGM,USD,2023-07-11,141.91,143.83,141.91,143.03,200,119,142.778
US3131483063,4730419,AGM,USD,2023-07-12,145.72,145.72,143.65,144.59,215,142,144.666
US3131483063,4730419,AGM,USD,2023-07-13,145.47,147.29,144.25,147.29,571,238,146.078
US3131483063,4730419,AGM,USD,2023-07-14,147.79,150.0,146.28,149.97,180,116,148.876
US3131483063,4730419,AGM,USD,2023-07-17,149.95,153.12,149.95,153.11,341,153,152.565
US3131483063,4730419,AGM,USD,2023-07-18,153.1,156.27,153.1,155.93,282,186,155.067
US3131483063,4730419,AGM,USD,2023-07-19,155.08,156.98,155.08,156.27,293,147,156.111
US3131483063,4730419,AGM,USD,2023-07-20,156.17,157.5,153.46,156.33,282,205,155.416
US3131483063,4730419,AGM,USD,2023-07-21,157.15,157.23,155.19,156.38,230,123,156.384
US3131483063,4730419,AGM,USD,2023-07-24,156.5,159.11,156.5,157.4,222,134,157.846
US3131483063,4730419,AGM,USD,2023-07-25,157.19,159.2,156.47,158.43,212,137,158.284
US3131483063,4730419,AGM,USD,2023-07-26,158.32,160.49,158.1,159.23,226,142,159.278
US3131483063,4730419,AGM,USD,2023-07-27,159.79,160.49,157.97,158.58,417,243,158.732
US3131483063,4730419,AGM,USD,2023-07-28,160.4,161.15,158.71,160.06,512,201,159.874
US3131483063,4730419,AGM,USD,2023-07-31,160.78,162.35,159.63,160.75,218,137,160.635
US3131483063,4730419,AGM,USD,2023-08-01,160.25,163.51,160.25,162.84,175,99,162.414
US3131483063,4730419,AGM,USD,2023-08-02,162.54,166.14,162.54,165.73,217,137,165.185
US3131483063,4730419,AGM,USD,2023-08-03,165.41,166.17,164.43,165.82,315,149,165.434
US3131483063,4730419,AGM,USD,2023-08-04,165.82,168.13,165.13,165.9,378,222,166.616
US3131483063,4730419,AGM,USD,2023-08-07,170.52,176.5,162.46,166.92,438,277,167.721
US3131483063,4730419,AGM,USD,2023-08-08,166.85,174.09,165.89,173.7,355,238,172.554
US3131483063,4730419,AGM,USD,2023-08-09,175.0,176.42,172.81,175.11,309,121,175.297
US3131483063,4730419,AGM,USD,2023-08-10,175.17,178.03,174.81,177.51,256,171,176.693
US3131483063,4730419,AGM,USD,2023-08-11,178.13,180.03,177.24,179.41,553,318,179.017
US3131483063,4730419,AGM,USD,2023-08-14,178.51,180.16,176.76,179.37,284,195,178.671
US3131483063,4730419,AGM,USD,2023-08-15,178.06,178.69,173.93,174.53,660,262,175.171
US3131483063,4730419,AGM,USD,2023-08-16,173.83,176.22,172.76,173.02,415,240,174.097
US3131483063,4730419,AGM,USD,2023-08-17,173.78,174.93,167.61,168.8,458,264,169.989
US3131483063,4730419,AGM,USD,2023-08-18,167.52,173.2,166.05,171.19,296,191,170.903
US3131483063,4730419,AGM,USD,2023-08-21,171.5,172.09,169.1,171.07,198,131,171.101
US3131483063,4730419,AGM,USD,2023-08-22,170.09,170.77,167.05,167.62,388,157,168.245
US3131483063,4730419,AGM,USD,2023-08-23,168.37,170.0,167.81,168.09,155,76,168.534
US3131483063,4730419,AGM,USD,2023-08-24,167.52,170.54,167.52,168.21,139,54,168.53
US3131483063,4730419,AGM,USD,2023-08-25,168.42,168.87,166.93,166.93,170,87,167.553
US3131483063,4730419,AGM,USD,2023-08-28,167.11,170.83,167.11,169.66,202,117,169.69
US3131483063,4730419,AGM,USD,2023-08-29,169.95,170.83,168.63,169.18,154,99,169.617
US3131483063,4730419,AGM,USD,2023-08-30,168.46,170.85,167.84,168.14,144,73,168.741
US3131483063,4730419,AGM,USD,2023-08-31,168.96,171.21,167.77,168.32,251,114,168.601
US3131483063,4730419,AGM,USD,2023-09-01,169.6,171.99,169.6,170.42,194,99,170.747
US3131483063,4730419,AGM,USD,2023-09-05,169.38,169.74,165.97,166.06,226,119,167.66
US3131483063,4730419,AGM,USD,2023-09-06,168.0,170.24,164.99,165.46,322,198,166.082
US3131483063,4730419,AGM,USD,2023-09-07,165.31,165.96,164.02,165.53,248,130,165.103
US3131483063,4730419,AGM,USD,2023-09-08,166.03,167.98,165.47,167.91,178,107,167.195
US3131483063,4730419,AGM,USD,2023-09-11,168.48,169.16,166.79,167.69,224,115,167.877
US3131483063,4730419,AGM,USD,2023-09-12,167.29,168.8,166.45,167.39,156,73,167.646
US3131483063,4730419,AGM,USD,2023-09-13,167.69,167.69,164.25,166.41,231,135,165.737
US3131483063,4730419,AGM,USD,2023-09-14,167.1,167.1,164.71,165.59,154,97,165.553
US3131483063,4730419,AGM,USD,2023-09-15,164.83,166.05,163.16,165.66,852,114,165.462
US3131483063,4730419,AGM,USD,2023-09-18,166.41,167.44,164.0,164.31,175,106,165.006
US3131483063,4730419,AGM,USD,2023-09-19,164.08,164.08,161.91,162.32,144,65,162.531
US3131483063,4730419,AGM,USD,2023-09-20,162.82,165.22,162.82,163.55,202,119,164.082
US3131483063,4730419,AGM,USD,2023-09-21,163.1,163.1,157.16,157.34,149,80,158.774
US3131483063,4730419,AGM,USD,2023-09-22,157.17,158.73,157.15,157.76,185,112,157.875
US3131483063,4730419,AGM,USD,2023-09-25,157.6,159.26,156.08,157.54,187,108,157.327
US3131483063,4730419,AGM,USD,2023-09-26,157.43,157.87,155.47,155.9,152,95,156.075
US3131483063,4730419,AGM,USD,2023-09-27,156.74,157.85,155.17,156.2,122,66,156.186
US3131483063,4730419,AGM,USD,2023-09-28,157.38,158.04,156.05,157.93,504,245,156.829
US3131483063,4730419,AGM,USD,2023-09-29,158.4,159.28,153.86,154.3,277,132,155.077
US3131483063,4730419,AGM,USD,2023-10-02,154.07,154.39,150.71,151.42,259,151,152.057
US3131483063,4730419,AGM,USD,2023-10-03,151.39,151.96,147.91,149.7,234,129,149.758
US3131483063,4730419,AGM,USD,2023-10-04,148.61,150.7,148.55,150.29,221,128,149.793
US3131483063,4730419,AGM,USD,2023-10-05,149.9,151.22,148.48,150.36,282,117,150.118
US3131483063,4730419,AGM,USD,2023-10-06,149.13,152.43,148.83,150.68,192,105,150.688
US3131483063,4730419,AGM,USD,2023-10-09,150.55,152.16,149.75,151.64,125,69,151.312
US3131483063,4730419,AGM,USD,2023-10-10,151.64,153.72,151.36,151.4,208,124,152.505
US3131483063,4730419,AGM,USD,2023-10-11,151.12,153.11,149.27,150.33,152,83,150.451
US3131483063,4730419,AGM,USD,2023-10-12,150.35,150.35,148.85,149.44,201,123,149.442
US3131483063,4730419,AGM,USD,2023-10-13,149.61,149.61,145.85,145.94,199,132,147.167
US3131483063,4730419,AGM,USD,2023-10-16,147.17,150.68,146.24,148.13,171,97,148.333
US3131483063,4730419,AGM,USD,2023-10-17,147.7,152.13,147.7,150.31,143,52,150.481
US3131483063,4730419,AGM,USD,2023-10-18,149.24,149.24,145.94,146.11,140,71,147.014
US3131483063,4730419,AGM,USD,2023-10-19,146.74,147.23,143.17,143.32,248,135,144.602
US3131483063,4730419,AGM,USD,2023-10-20,144.44,144.44,141.65,141.85,251,127,142.79
US3131483063,4730419,AGM,USD,2023-10-23,140.45,144.36,140.44,143.25,315,225,143.114
US3131483063,4730419,AGM,USD,2023-10-24,144.69,145.09,142.34,144.43,185,113,144.013
US3131483063,4730419,AGM,USD,2023-10-25,142.93,144.92,142.32,143.08,267,134,143.197
US3131483063,4730419,AGM,USD,2023-10-26,143.9,147.0,142.92,145.77,241,142,145.647
US3131483063,4730419,AGM,USD,2023-10-27,145.06,146.0,143.72,144.94,203,103,145.032
US3131483063,4730419,AGM,USD,2023-10-30,146.64,148.65,145.89,147.92,110,53,147.471
US3131483063,4730419,AGM,USD,2023-10-31,147.07,149.36,146.68,148.56,138,50,148.285
US3131483063,4730419,AGM,USD,2023-11-01,149.69,152.88,149.28,152.65,238,123,151.359
US3131483063,4730419,AGM,USD,2023-11-02,155.29,158.75,155.29,158.52,275,139,157.118
US3131483063,4730419,AGM,USD,2023-11-03,160.27,164.44,160.27,162.83,330,160,162.655
US3131483063,4730419,AGM,USD,2023-11-06,162.47,162.47,159.78,160.97,346,130,160.944
US3131483063,4730419,AGM,USD,2023-11-07,159.52,161.05,156.5,156.66,286,152,157.974
US3131483063,4730419,AGM,USD,2023-11-08,158.37,159.84,157.12,158.96,145,49,158.692
US3131483063,4730419,AGM,USD,2023-11-09,160.52,160.52,155.11,155.11,133,63,156.522
US3131483063,4730419,AGM,USD,2023-11-10,156.76,158.89,155.97,158.14,155,60,157.935
US3131483063,4730419,AGM,USD,2023-11-13,156.94,158.46,156.74,157.78,143,91,157.708
US3131483063,4730419,AGM,USD,2023-11-14,162.03,165.96,160.94,165.78,246,133,164.729
US3131483063,4730419,AGM,USD,2023-11-15,165.22,169.42,165.22,167.35,351,230,167.415
US3131483063,4730419,AGM,USD,2023-11-16,167.35,167.35,162.31,163.04,252,169,163.559
US3131483063,4730419,AGM,USD,2023-11-17,164.54,165.71,163.64,163.93,263,110,164.479
US3131483063,4730419,AGM,USD,2023-11-20,163.51,168.29,163.44,167.33,278,179,166.891
US3131483063,4730419,AGM,USD,2023-11-21,166.63,167.03,163.76,163.76,148,77,164.609
US3131483063,4730419,AGM,USD,2023-11-22,165.57,165.94,163.76,164.87,119,61,164.957
US3131483063,4730419,AGM,USD,2023-11-24,165.34,166.03,165.0,165.21,69,49,165.339
US3131483063,4730419,AGM,USD,2023-11-27,165.59,165.69,163.03,163.76,216,135,163.869
US3131483063,4730419,AGM,USD,2023-11-28,163.75,164.01,161.72,162.09,165,95,162.862
US3131483063,4730419,AGM,USD,2023-11-29,163.97,166.9,163.0,164.23,177,107,165.272
US3131483063,4730419,AGM,USD,2023-11-30,164.77,168.44,164.77,165.84,327,91,166.171
US3131483063,4730419,AGM,USD,2023-12-01,165.9,169.79,165.06,168.7,245,111,168.101
US3131483063,4730419,AGM,USD,2023-12-04,168.86,171.58,167.44,171.2,230,131,170.07
US3131483063,4730419,AGM,USD,2023-12-05,170.16,171.55,168.33,169.95,291,125,169.979
US3131483063,4730419,AGM,USD,2023-12-06,170.79,173.86,166.66,166.88,244,151,169.221
US3131483063,4730419,AGM,USD,2023-12-07,168.08,172.59,165.5,172.57,317,137,170.249
US3131483063,4730419,AGM,USD,2023-12-08,171.74,175.77,170.81,172.12,291,189,173.442
US3131483063,4730419,AGM,USD,2023-12-11,171.0,171.9,170.42,170.85,213,88,170.927
US3131483063,4730419,AGM,USD,2023-12-12,171.0,172.22,168.71,171.26,270,152,170.712
US3131483063,4730419,AGM,USD,2023-12-13,172.45,178.12,171.19,177.66,373,163,176.268
US3131483063,4730419,AGM,USD,2023-12-14,179.77,183.78,177.42,182.26,487,260,181.767
US3131483063,4730419,AGM,USD,2023-12-15,182.35,182.35,178.64,178.95,733,162,180.115
US3131483063,4730419,AGM,USD,2023-12-18,179.17,181.32,178.11,180.94,315,178,180.08
US3131483063,4730419,AGM,USD,2023-12-19,182.15,185.31,181.3,185.04,354,158,183.807
US3131483063,4730419,AGM,USD,2023-12-20,183.94,188.87,183.45,183.82,513,307,185.88
US3131483063,4730419,AGM,USD,2023-12-21,185.12,188.43,184.6,188.42,311,106,187.328
US3131483063,4730419,AGM,USD,2023-12-22,189.63,189.97,187.46,188.27,195,109,188.27
US3131483063,4730419,AGM,USD,2023-12-26,189.32,192.43,188.53,190.66,294,154,190.984
US3131483063,4730419,AGM,USD,2023-12-27,192.0,198.17,190.7,194.92,443,310,194.102
US3131483063,4730419,AGM,USD,2023-12-28,193.23,194.75,192.63,192.71,149,68,193.013
US3131483063,4730419,AGM,USD,2023-12-29,193.65,193.65,191.14,191.22,213,92,191.74
