ISIN,conId,Symbol,Currency,date,open,high,low,close,volume,barCount,average
US4567881085,4813460,INFY,USD,2019-01-02,9.5,9.73,9.47,9.53,89575,29303,9.651
US4567881085,4813460,INFY,USD,2019-01-03,9.56,9.59,9.47,9.47,90527,24195,9.522
US4567881085,4813460,INFY,USD,2019-01-04,9.52,9.72,9.5,9.59,68980,22348,9.626
US4567881085,4813460,INFY,USD,2019-01-07,9.71,9.81,9.66,9.71,73667,19909,9.73
US4567881085,4813460,INFY,USD,2019-01-08,9.78,9.85,9.71,9.75,88218,25082,9.767
US4567881085,4813460,INFY,USD,2019-01-09,9.75,9.89,9.74,9.88,94046,26451,9.843
US4567881085,4813460,INFY,USD,2019-01-10,9.74,9.89,9.7,9.89,132278,35350,9.833
US4567881085,4813460,INFY,USD,2019-01-11,9.7,10.68,9.7,10.23,391482,89236,10.452
US4567881085,4813460,INFY,USD,2019-01-14,10.22,10.53,10.09,10.42,317280,50558,10.318
US4567881085,4813460,INFY,USD,2019-01-15,10.75,10.75,10.45,10.45,119452,35057,10.524
US4567881085,4813460,INFY,USD,2019-01-16,10.5,10.64,10.5,10.61,118535,26215,10.59
US4567881085,4813460,INFY,USD,2019-01-17,10.54,10.63,10.5,10.58,94008,25901,10.58
US4567881085,4813460,INFY,USD,2019-01-18,10.6,10.69,10.58,10.67,98845,26556,10.655
US4567881085,4813460,INFY,USD,2019-01-22,10.7,10.75,10.47,10.53,101390,27610,10.542
US4567881085,4813460,INFY,USD,2019-01-23,10.55,10.56,10.43,10.54,79714,24522,10.501
US4567881085,4813460,INFY,USD,2019-01-24,10.53,10.55,10.43,10.43,63112,23463,10.467
US4567881085,4813460,INFY,USD,2019-01-25,10.57,10.58,10.41,10.56,84679,26300,10.512
US4567881085,4813460,INFY,USD,2019-01-28,10.19,10.57,10.19,10.52,50331,19931,10.513
US4567881085,4813460,INFY,USD,2019-01-29,10.53,10.53,10.42,10.48,79901,24866,10.461
US4567881085,4813460,INFY,USD,2019-01-30,10.43,10.63,10.41,10.59,67473,18901,10.561
US4567881085,4813460,INFY,USD,2019-01-31,10.72,10.82,10.67,10.8,94576,23235,10.752
US4567881085,4813460,INFY,USD,2019-02-01,10.87,10.93,10.81,10.9,64458,20956,10.873
US4567881085,4813460,INFY,USD,2019-02-04,10.81,10.88,10.79,10.84,70005,13843,10.851
US4567881085,4813460,INFY,USD,2019-02-05,10.85,10.92,10.82,10.84,65641,18972,10.86
US4567881085,4813460,INFY,USD,2019-02-06,10.83,10.94,10.83,10.9,53381,19241,10.891
US4567881085,4813460,INFY,USD,2019-02-07,10.92,10.93,10.8,10.85,68154,15217,10.855
US4567881085,4813460,INFY,USD,2019-02-08,10.8,10.89,10.8,10.86,39179,10518,10.848
US4567881085,4813460,INFY,USD,2019-02-11,10.86,10.89,10.79,10.81,55849,15875,10.822
US4567881085,4813460,INFY,USD,2019-02-12,10.98,11.0,10.76,10.77,60855,18565,10.783
US4567881085,4813460,INFY,USD,2019-02-13,10.85,10.87,10.77,10.87,90363,16742,10.806
US4567881085,4813460,INFY,USD,2019-02-14,10.65,10.76,10.62,10.76,80496,23254,10.712
US4567881085,4813460,INFY,USD,2019-02-15,10.66,10.78,10.64,10.67,89340,15454,10.741
US4567881085,4813460,INFY,USD,2019-02-19,10.49,10.57,10.38,10.55,125521,25382,10.509
US4567881085,4813460,INFY,USD,2019-02-20,10.62,10.73,10.62,10.7,64883,17711,10.698
US4567881085,4813460,INFY,USD,2019-02-21,10.54,10.62,10.49,10.52,67702,18111,10.542
US4567881085,4813460,INFY,USD,2019-02-22,10.55,10.71,10.54,10.63,44989,13312,10.633
US4567881085,4813460,INFY,USD,2019-02-25,10.85,10.92,10.78,10.8,75268,21058,10.831
US4567881085,4813460,INFY,USD,2019-02-26,10.73,10.76,10.62,10.73,62302,13794,10.711
US4567881085,4813460,INFY,USD,2019-02-27,10.63,10.73,10.56,10.71,67088,13556,10.671
US4567881085,4813460,INFY,USD,2019-02-28,10.72,10.77,10.65,10.7,65898,12514,10.726
US4567881085,4813460,INFY,USD,2019-03-01,10.79,10.87,10.74,10.84,73824,15663,10.805
US4567881085,4813460,INFY,USD,2019-03-04,10.95,10.95,10.66,10.72,54372,12652,10.737
US4567881085,4813460,INFY,USD,2019-03-05,10.74,10.8,10.59,10.7,54664,15155,10.729
US4567881085,4813460,INFY,USD,2019-03-06,10.77,10.77,10.66,10.68,51331,13886,10.715
US4567881085,4813460,INFY,USD,2019-03-07,10.61,10.71,10.48,10.49,81432,18283,10.552
US4567881085,4813460,INFY,USD,2019-03-08,10.38,10.48,10.36,10.47,60107,15778,10.425
US4567881085,4813460,INFY,USD,2019-03-11,10.48,10.57,10.46,10.55,50228,11992,10.543
US4567881085,4813460,INFY,USD,2019-03-12,10.55,10.58,10.46,10.52,87254,20348,10.495
US4567881085,4813460,INFY,USD,2019-03-13,10.52,10.6,10.48,10.55,105348,23766,10.551
US4567881085,4813460,INFY,USD,2019-03-14,10.52,10.61,10.47,10.6,55977,14294,10.581
US4567881085,4813460,INFY,USD,2019-03-15,10.65,10.77,10.65,10.76,69887,15206,10.726
US4567881085,4813460,INFY,USD,2019-03-18,10.69,10.74,10.68,10.72,56845,13819,10.715
US4567881085,4813460,INFY,USD,2019-03-19,10.8,10.91,10.79,10.9,69813,15128,10.868
US4567881085,4813460,INFY,USD,2019-03-20,10.96,11.04,10.88,10.94,73740,19934,10.946
US4567881085,4813460,INFY,USD,2019-03-21,10.94,11.09,10.94,11.09,49732,14935,11.02
US4567881085,4813460,INFY,USD,2019-03-22,11.08,11.12,10.86,10.88,83618,24870,10.958
US4567881085,4813460,INFY,USD,2019-03-25,10.8,10.88,10.77,10.82,68452,19349,10.816
US4567881085,4813460,INFY,USD,2019-03-26,10.86,10.88,10.77,10.82,42604,14129,10.813
US4567881085,4813460,INFY,USD,2019-03-27,10.86,10.93,10.67,10.72,49322,15039,10.743
US4567881085,4813460,INFY,USD,2019-03-28,10.85,10.99,10.83,10.87,52869,14584,10.88
US4567881085,4813460,INFY,USD,2019-03-29,10.93,11.03,10.91,10.93,56543,16753,10.96
US4567881085,4813460,INFY,USD,2019-04-01,11.07,11.16,11.03,11.09,55710,14248,11.085
US4567881085,4813460,INFY,USD,2019-04-02,11.22,11.26,11.1,11.18,73963,17013,11.161
US4567881085,4813460,INFY,USD,2019-04-03,11.22,11.28,11.16,11.2,72819,15953,11.223
US4567881085,4813460,INFY,USD,2019-04-04,11.18,11.18,11.0,11.08,49629,17439,11.065
US4567881085,4813460,INFY,USD,2019-04-05,11.24,11.36,11.15,11.36,88336,24067,11.303
US4567881085,4813460,INFY,USD,2019-04-08,11.28,11.38,11.27,11.31,45930,16987,11.321
US4567881085,4813460,INFY,USD,2019-04-09,11.29,11.29,11.14,11.15,155362,28780,11.203
US4567881085,4813460,INFY,USD,2019-04-10,11.15,11.17,11.04,11.07,145218,32218,11.079
US4567881085,4813460,INFY,USD,2019-04-11,11.03,11.16,10.9,11.08,193704,34081,10.981
US4567881085,4813460,INFY,USD,2019-04-12,11.1,11.15,10.45,10.56,260503,58880,10.579
US4567881085,4813460,INFY,USD,2019-04-15,10.45,10.65,10.45,10.57,152260,38857,10.546
US4567881085,4813460,INFY,USD,2019-04-16,10.57,10.69,10.36,10.37,209287,35072,10.438
US4567881085,4813460,INFY,USD,2019-04-17,10.41,10.46,10.37,10.4,94524,27076,10.419
US4567881085,4813460,INFY,USD,2019-04-18,10.48,10.49,10.33,10.39,175776,26535,10.38
US4567881085,4813460,INFY,USD,2019-04-22,10.42,10.47,10.39,10.45,71849,19316,10.444
US4567881085,4813460,INFY,USD,2019-04-23,10.5,10.64,10.47,10.53,129826,27472,10.567
US4567881085,4813460,INFY,USD,2019-04-24,10.62,10.7,10.56,10.58,114402,28379,10.614
US4567881085,4813460,INFY,USD,2019-04-25,10.57,10.57,10.4,10.52,68778,19487,10.477
US4567881085,4813460,INFY,USD,2019-04-26,10.6,10.68,10.53,10.53,48689,13470,10.629
US4567881085,4813460,INFY,USD,2019-04-29,10.72,10.78,10.65,10.75,66290,19233,10.725
US4567881085,4813460,INFY,USD,2019-04-30,10.81,10.88,10.75,10.76,82798,16560,10.79
US4567881085,4813460,INFY,USD,2019-05-01,10.85,10.88,10.76,10.77,90428,16744,10.808
US4567881085,4813460,INFY,USD,2019-05-02,10.69,10.72,10.47,10.58,123500,24802,10.612
US4567881085,4813460,INFY,USD,2019-05-03,10.55,10.56,10.07,10.38,287396,54851,10.28
US4567881085,4813460,INFY,USD,2019-05-06,10.29,10.52,10.29,10.45,122189,26147,10.458
US4567881085,4813460,INFY,USD,2019-05-07,10.44,10.46,10.29,10.34,124707,29243,10.343
US4567881085,4813460,INFY,USD,2019-05-08,10.36,10.43,10.26,10.39,114746,31787,10.363
US4567881085,4813460,INFY,USD,2019-05-09,10.34,10.36,10.19,10.2,163804,34288,10.248
US4567881085,4813460,INFY,USD,2019-05-10,10.2,10.27,10.11,10.26,179567,30107,10.2
US4567881085,4813460,INFY,USD,2019-05-13,10.25,10.26,10.04,10.11,117849,22597,10.105
US4567881085,4813460,INFY,USD,2019-05-14,10.15,10.29,10.13,10.21,57776,14064,10.219
US4567881085,4813460,INFY,USD,2019-05-15,10.23,10.39,10.19,10.37,114180,24799,10.344
US4567881085,4813460,INFY,USD,2019-05-16,10.48,10.56,10.46,10.51,79954,24910,10.519
US4567881085,4813460,INFY,USD,2019-05-17,10.5,10.5,10.15,10.19,122385,28467,10.244
US4567881085,4813460,INFY,USD,2019-05-20,10.31,10.36,10.15,10.2,158539,35054,10.228
US4567881085,4813460,INFY,USD,2019-05-21,10.2,10.21,10.12,10.16,131396,28097,10.159
US4567881085,4813460,INFY,USD,2019-05-22,10.19,10.32,10.17,10.22,85077,19583,10.251
US4567881085,4813460,INFY,USD,2019-05-23,10.08,10.2,10.01,10.16,59196,16655,10.148
US4567881085,4813460,INFY,USD,2019-05-24,10.33,10.35,10.23,10.23,86182,14317,10.275
US4567881085,4813460,INFY,USD,2019-05-28,10.41,10.46,10.3,10.3,121634,23636,10.349
US4567881085,4813460,INFY,USD,2019-05-29,10.29,10.34,10.23,10.27,97253,22209,10.275
US4567881085,4813460,INFY,USD,2019-05-30,10.38,10.6,10.35,10.57,93542,25032,10.544
US4567881085,4813460,INFY,USD,2019-05-31,10.55,10.57,10.41,10.45,81761,20245,10.456
US4567881085,4813460,INFY,USD,2019-06-03,10.55,10.71,10.4,10.45,156817,33654,10.497
US4567881085,4813460,INFY,USD,2019-06-04,10.5,10.6,10.41,10.58,87996,20409,10.51
US4567881085,4813460,INFY,USD,2019-06-05,10.53,10.57,10.43,10.43,75731,20792,10.472
US4567881085,4813460,INFY,USD,2019-06-06,10.48,10.61,10.46,10.61,47027,12595,10.539
US4567881085,4813460,INFY,USD,2019-06-07,10.41,10.68,10.33,10.63,44926,12075,10.627
US4567881085,4813460,INFY,USD,2019-06-10,10.78,10.86,10.73,10.78,59006,19074,10.777
US4567881085,4813460,INFY,USD,2019-06-11,10.84,10.85,10.72,10.84,64181,15088,10.79
US4567881085,4813460,INFY,USD,2019-06-12,10.96,10.96,10.77,10.8,64248,16746,10.83
US4567881085,4813460,INFY,USD,2019-06-13,10.63,10.7,10.54,10.6,111235,23253,10.59
US4567881085,4813460,INFY,USD,2019-06-14,10.59,10.67,10.57,10.6,47870,13909,10.62
US4567881085,4813460,INFY,USD,2019-06-17,10.52,10.65,10.47,10.6,51269,14939,10.583
US4567881085,4813460,INFY,USD,2019-06-18,10.82,10.83,10.74,10.75,91434,18368,10.777
US4567881085,4813460,INFY,USD,2019-06-19,10.87,10.87,10.59,10.6,170105,27403,10.674
US4567881085,4813460,INFY,USD,2019-06-20,10.79,10.83,10.67,10.77,147694,25862,10.731
US4567881085,4813460,INFY,USD,2019-06-21,10.72,10.79,10.68,10.72,87907,16480,10.725
US4567881085,4813460,INFY,USD,2019-06-24,10.72,10.77,10.65,10.68,65093,10911,10.714
US4567881085,4813460,INFY,USD,2019-06-25,10.7,10.7,10.61,10.69,78727,13797,10.642
US4567881085,4813460,INFY,USD,2019-06-26,10.57,10.68,10.57,10.66,43070,11796,10.649
US4567881085,4813460,INFY,USD,2019-06-27,10.59,10.67,10.52,10.62,75406,15302,10.619
US4567881085,4813460,INFY,USD,2019-06-28,10.66,10.71,10.56,10.7,61914,12998,10.665
US4567881085,4813460,INFY,USD,2019-07-01,10.69,10.7,10.61,10.7,86957,18860,10.659
US4567881085,4813460,INFY,USD,2019-07-02,10.73,10.79,10.71,10.76,68779,17094,10.754
US4567881085,4813460,INFY,USD,2019-07-03,10.69,10.77,10.67,10.74,66353,14975,10.73
US4567881085,4813460,INFY,USD,2019-07-05,10.65,10.7,10.51,10.69,186202,32402,10.625
US4567881085,4813460,INFY,USD,2019-07-08,10.59,10.62,10.55,10.58,132249,31058,10.586
US4567881085,4813460,INFY,USD,2019-07-09,10.55,10.55,10.37,10.42,232220,45243,10.445
US4567881085,4813460,INFY,USD,2019-07-10,10.46,10.61,10.42,10.48,146007,33045,10.515
US4567881085,4813460,INFY,USD,2019-07-11,10.55,10.73,10.53,10.73,153836,34321,10.648
US4567881085,4813460,INFY,USD,2019-07-12,10.65,11.56,10.65,11.4,404740,77607,11.413
US4567881085,4813460,INFY,USD,2019-07-15,11.4,11.63,11.4,11.52,129418,25470,11.541
US4567881085,4813460,INFY,USD,2019-07-16,11.5,11.59,11.49,11.49,83954,21868,11.534
US4567881085,4813460,INFY,USD,2019-07-17,11.61,11.64,11.48,11.56,90448,20205,11.532
US4567881085,4813460,INFY,USD,2019-07-18,11.47,11.59,11.47,11.53,92008,20849,11.541
US4567881085,4813460,INFY,USD,2019-07-19,11.4,11.54,11.37,11.37,100958,20822,11.484
US4567881085,4813460,INFY,USD,2019-07-22,11.5,11.52,11.42,11.42,61788,13753,11.492
US4567881085,4813460,INFY,USD,2019-07-23,11.47,11.59,11.43,11.49,66306,13704,11.488
US4567881085,4813460,INFY,USD,2019-07-24,11.49,11.56,11.45,11.46,88449,20214,11.511
US4567881085,4813460,INFY,USD,2019-07-25,11.52,11.55,11.47,11.51,68191,15510,11.519
US4567881085,4813460,INFY,USD,2019-07-26,11.53,11.56,11.46,11.48,41104,11125,11.492
US4567881085,4813460,INFY,USD,2019-07-29,11.56,11.56,11.47,11.51,59530,12933,11.497
US4567881085,4813460,INFY,USD,2019-07-30,11.47,11.49,11.39,11.4,51958,15652,11.428
US4567881085,4813460,INFY,USD,2019-07-31,11.47,11.52,11.18,11.32,199347,28658,11.349
US4567881085,4813460,INFY,USD,2019-08-01,11.21,11.39,11.2,11.26,88475,22111,11.305
US4567881085,4813460,INFY,USD,2019-08-02,11.19,11.21,11.04,11.08,98796,25341,11.099
US4567881085,4813460,INFY,USD,2019-08-05,11.0,11.03,10.84,10.9,69142,16129,10.914
US4567881085,4813460,INFY,USD,2019-08-06,11.03,11.04,10.91,10.93,146862,23522,10.972
US4567881085,4813460,INFY,USD,2019-08-07,10.95,11.16,10.87,11.1,139052,32603,11.075
US4567881085,4813460,INFY,USD,2019-08-08,11.25,11.35,11.2,11.25,117302,21814,11.286
US4567881085,4813460,INFY,USD,2019-08-09,11.17,11.26,11.08,11.13,59107,14497,11.156
US4567881085,4813460,INFY,USD,2019-08-12,11.06,11.13,11.04,11.1,43058,8294,11.086
US4567881085,4813460,INFY,USD,2019-08-13,10.89,11.1,10.78,11.04,122751,26664,11.02
US4567881085,4813460,INFY,USD,2019-08-14,10.96,10.97,10.79,10.8,79607,20915,10.855
US4567881085,4813460,INFY,USD,2019-08-15,10.87,11.05,10.77,10.94,135245,32134,10.962
US4567881085,4813460,INFY,USD,2019-08-16,10.96,11.09,10.91,11.08,92791,19568,11.033
US4567881085,4813460,INFY,USD,2019-08-19,11.0,11.18,11.0,11.13,110359,25961,11.14
US4567881085,4813460,INFY,USD,2019-08-20,11.14,11.39,11.14,11.33,131146,26882,11.339
US4567881085,4813460,INFY,USD,2019-08-21,11.48,11.49,11.28,11.3,68439,16167,11.312
US4567881085,4813460,INFY,USD,2019-08-22,11.26,11.33,11.19,11.21,61126,15917,11.239
US4567881085,4813460,INFY,USD,2019-08-23,11.28,11.32,10.98,11.11,81591,18697,11.184
US4567881085,4813460,INFY,USD,2019-08-26,11.21,11.23,11.1,11.14,58547,14260,11.145
US4567881085,4813460,INFY,USD,2019-08-27,11.11,11.16,11.08,11.15,67931,14498,11.125
US4567881085,4813460,INFY,USD,2019-08-28,11.26,11.26,11.13,11.2,54046,11906,11.19
US4567881085,4813460,INFY,USD,2019-08-29,11.28,11.48,11.28,11.39,106634,19241,11.423
US4567881085,4813460,INFY,USD,2019-08-30,11.5,11.52,11.37,11.49,69280,15982,11.437
US4567881085,4813460,INFY,USD,2019-09-03,11.41,11.42,11.22,11.29,90885,17047,11.289
US4567881085,4813460,INFY,USD,2019-09-04,11.5,11.68,11.41,11.68,172652,22895,11.598
US4567881085,4813460,INFY,USD,2019-09-05,11.71,12.08,11.68,12.01,247149,40610,11.95
US4567881085,4813460,INFY,USD,2019-09-06,12.0,12.05,11.81,11.81,101312,33448,11.895
US4567881085,4813460,INFY,USD,2019-09-09,11.8,11.8,11.59,11.7,63886,13798,11.649
US4567881085,4813460,INFY,USD,2019-09-10,11.58,11.64,11.49,11.62,91065,17515,11.583
US4567881085,4813460,INFY,USD,2019-09-11,11.62,11.66,11.56,11.58,87489,17481,11.605
US4567881085,4813460,INFY,USD,2019-09-12,11.51,11.71,11.5,11.68,78001,15081,11.653
US4567881085,4813460,INFY,USD,2019-09-13,11.78,11.87,11.71,11.77,91902,16336,11.806
US4567881085,4813460,INFY,USD,2019-09-16,11.61,11.76,11.56,11.76,82115,17017,11.698
US4567881085,4813460,INFY,USD,2019-09-17,11.75,11.76,11.66,11.67,76923,14621,11.708
US4567881085,4813460,INFY,USD,2019-09-18,11.72,11.76,11.57,11.7,81485,15551,11.666
US4567881085,4813460,INFY,USD,2019-09-19,11.66,11.68,11.58,11.6,79475,19790,11.629
US4567881085,4813460,INFY,USD,2019-09-20,11.64,11.65,11.35,11.42,146343,25858,11.442
US4567881085,4813460,INFY,USD,2019-09-23,11.06,11.07,10.81,11.05,183251,36164,10.992
US4567881085,4813460,INFY,USD,2019-09-24,11.13,11.27,11.01,11.04,136734,31557,11.101
US4567881085,4813460,INFY,USD,2019-09-25,11.14,11.15,11.03,11.06,163156,28130,11.077
US4567881085,4813460,INFY,USD,2019-09-26,11.06,11.17,11.0,11.13,94457,20786,11.12
US4567881085,4813460,INFY,USD,2019-09-27,11.16,11.22,11.05,11.2,102614,16173,11.135
US4567881085,4813460,INFY,USD,2019-09-30,11.3,11.42,11.3,11.37,116410,29540,11.352
US4567881085,4813460,INFY,USD,2019-10-01,11.15,11.25,11.0,11.04,104155,23897,11.058
US4567881085,4813460,INFY,USD,2019-10-02,10.97,11.12,10.94,11.08,84061,19687,11.062
US4567881085,4813460,INFY,USD,2019-10-03,11.14,11.21,11.06,11.16,69914,19714,11.136
US4567881085,4813460,INFY,USD,2019-10-04,11.21,11.26,11.14,11.22,69135,18132,11.197
US4567881085,4813460,INFY,USD,2019-10-07,11.18,11.31,11.1,11.29,84528,16090,11.253
US4567881085,4813460,INFY,USD,2019-10-08,11.2,11.25,11.11,11.14,85217,22359,11.157
US4567881085,4813460,INFY,USD,2019-10-09,11.15,11.24,11.08,11.15,85775,21066,11.197
US4567881085,4813460,INFY,USD,2019-10-10,11.11,11.35,10.93,11.19,131349,34813,11.126
US4567881085,4813460,INFY,USD,2019-10-11,11.54,11.65,10.96,11.0,299338,45837,11.058
US4567881085,4813460,INFY,USD,2019-10-14,11.05,11.05,10.55,10.62,354920,59936,10.673
US4567881085,4813460,INFY,USD,2019-10-15,10.65,10.77,10.51,10.66,405725,55702,10.623
US4567881085,4813460,INFY,USD,2019-10-16,10.66,10.76,10.56,10.6,287017,33881,10.625
US4567881085,4813460,INFY,USD,2019-10-17,10.65,10.73,10.49,10.59,370189,42168,10.587
US4567881085,4813460,INFY,USD,2019-10-18,10.65,10.69,10.57,10.57,221774,29158,10.624
US4567881085,4813460,INFY,USD,2019-10-21,10.57,10.6,8.61,9.33,764457,127155,9.195
US4567881085,4813460,INFY,USD,2019-10-22,9.28,9.28,8.9,9.0,462770,58335,8.98
US4567881085,4813460,INFY,USD,2019-10-23,9.11,9.21,8.95,9.04,251572,49999,9.077
US4567881085,4813460,INFY,USD,2019-10-24,8.95,8.99,8.76,8.93,268477,46191,8.903
US4567881085,4813460,INFY,USD,2019-10-25,8.9,9.25,8.8,9.19,223046,37090,9.146
US4567881085,4813460,INFY,USD,2019-10-28,9.19,9.3,9.15,9.19,111861,21262,9.244
US4567881085,4813460,INFY,USD,2019-10-29,9.16,9.39,9.16,9.32,234513,35729,9.331
US4567881085,4813460,INFY,USD,2019-10-30,9.32,9.44,9.31,9.33,143892,26643,9.387
US4567881085,4813460,INFY,USD,2019-10-31,9.72,9.73,9.54,9.55,298346,41109,9.626
US4567881085,4813460,INFY,USD,2019-11-01,9.62,9.69,9.5,9.54,100233,24305,9.562
US4567881085,4813460,INFY,USD,2019-11-04,9.94,10.09,9.76,9.77,214108,42164,9.83
US4567881085,4813460,INFY,USD,2019-11-05,9.77,9.82,9.66,9.72,113183,22846,9.722
US4567881085,4813460,INFY,USD,2019-11-06,9.89,10.0,9.82,9.86,121415,23633,9.869
US4567881085,4813460,INFY,USD,2019-11-07,9.98,10.12,9.97,10.06,118835,25156,10.031
US4567881085,4813460,INFY,USD,2019-11-08,9.93,9.97,9.66,9.73,322290,45328,9.74
US4567881085,4813460,INFY,USD,2019-11-11,9.69,9.87,9.69,9.79,166025,26979,9.785
US4567881085,4813460,INFY,USD,2019-11-12,9.5,9.79,9.5,9.75,96895,19534,9.737
US4567881085,4813460,INFY,USD,2019-11-13,9.59,9.72,9.55,9.71,90859,16801,9.691
US4567881085,4813460,INFY,USD,2019-11-14,9.75,9.89,9.73,9.84,61721,12723,9.835
US4567881085,4813460,INFY,USD,2019-11-15,9.86,9.92,9.8,9.8,97765,17726,9.869
US4567881085,4813460,INFY,USD,2019-11-18,9.89,9.91,9.78,9.86,98116,18918,9.816
US4567881085,4813460,INFY,USD,2019-11-19,9.92,9.94,9.81,9.83,128571,18008,9.846
US4567881085,4813460,INFY,USD,2019-11-20,9.8,9.98,9.8,9.9,81233,16906,9.915
US4567881085,4813460,INFY,USD,2019-11-21,9.9,9.93,9.82,9.87,41991,11740,9.858
US4567881085,4813460,INFY,USD,2019-11-22,9.65,9.76,9.58,9.64,229475,27460,9.652
US4567881085,4813460,INFY,USD,2019-11-25,9.8,9.88,9.65,9.88,163355,23774,9.799
US4567881085,4813460,INFY,USD,2019-11-26,9.69,9.79,9.65,9.65,194835,24813,9.71
US4567881085,4813460,INFY,USD,2019-11-27,9.75,9.79,9.65,9.74,88197,16580,9.718
US4567881085,4813460,INFY,USD,2019-11-29,9.71,9.84,9.71,9.83,46100,7173,9.802
US4567881085,4813460,INFY,USD,2019-12-02,9.57,9.74,9.57,9.69,94504,18831,9.686
US4567881085,4813460,INFY,USD,2019-12-03,9.72,9.77,9.65,9.67,40004,9577,9.688
US4567881085,4813460,INFY,USD,2019-12-04,9.85,9.91,9.78,9.82,77763,19520,9.845
US4567881085,4813460,INFY,USD,2019-12-05,9.94,9.95,9.85,9.89,64098,15496,9.897
US4567881085,4813460,INFY,USD,2019-12-06,9.9,9.98,9.9,9.94,35583,11910,9.957
US4567881085,4813460,INFY,USD,2019-12-09,9.97,10.06,9.93,10.02,63201,14876,9.976
US4567881085,4813460,INFY,USD,2019-12-10,10.02,10.06,9.92,10.04,121265,21493,9.996
US4567881085,4813460,INFY,USD,2019-12-11,10.1,10.12,10.02,10.07,146199,22212,10.056
US4567881085,4813460,INFY,USD,2019-12-12,9.92,10.04,9.88,10.03,93419,19673,9.999
US4567881085,4813460,INFY,USD,2019-12-13,10.08,10.14,10.03,10.08,79411,15495,10.085
US4567881085,4813460,INFY,USD,2019-12-16,10.08,10.14,10.07,10.13,74714,12046,10.118
US4567881085,4813460,INFY,USD,2019-12-17,10.2,10.32,10.17,10.29,148841,27501,10.253
US4567881085,4813460,INFY,USD,2019-12-18,10.31,10.37,10.29,10.33,96389,24460,10.331
US4567881085,4813460,INFY,USD,2019-12-19,10.29,10.3,10.16,10.27,70312,13040,10.243
US4567881085,4813460,INFY,USD,2019-12-20,10.25,10.33,10.24,10.25,61806,10901,10.293
US4567881085,4813460,INFY,USD,2019-12-23,10.29,10.37,10.24,10.24,34089,9430,10.263
US4567881085,4813460,INFY,USD,2019-12-24,10.22,10.28,10.21,10.24,16539,4219,10.252
US4567881085,4813460,INFY,USD,2019-12-26,10.24,10.28,10.16,10.17,57329,11029,10.206
US4567881085,4813460,INFY,USD,2019-12-27,10.27,10.34,10.23,10.23,78919,15448,10.275
US4567881085,4813460,INFY,USD,2019-12-30,10.26,10.27,10.12,10.16,62549,11869,10.168
US4567881085,4813460,INFY,USD,2019-12-31,10.19,10.32,10.16,10.3,53611,8224,10.262
US4567881085,4813460,INFY,USD,2020-01-02,10.39,10.39,10.23,10.29,54137,10227,10.276
US4567881085,4813460,INFY,USD,2020-01-03,10.28,10.35,10.26,10.31,68666,14504,10.308
US4567881085,4813460,INFY,USD,2020-01-06,10.24,10.25,10.17,10.21,98687,16849,10.2
US4567881085,4813460,INFY,USD,2020-01-07,10.11,10.17,10.08,10.1,104283,22890,10.13
US4567881085,4813460,INFY,USD,2020-01-08,10.06,10.12,9.99,10.12,131172,26729,10.07
US4567881085,4813460,INFY,USD,2020-01-09,10.22,10.52,10.15,10.52,279898,40660,10.393
US4567881085,4813460,INFY,USD,2020-01-10,10.75,11.18,10.61,10.69,301117,61658,10.857
US4567881085,4813460,INFY,USD,2020-01-13,10.8,10.98,10.8,10.88,132004,35661,10.865
US4567881085,4813460,INFY,USD,2020-01-14,10.84,10.9,10.77,10.86,146682,34381,10.826
US4567881085,4813460,INFY,USD,2020-01-15,10.83,10.93,10.73,10.85,115241,20757,10.868
US4567881085,4813460,INFY,USD,2020-01-16,10.75,10.94,10.75,10.85,81088,20427,10.879
US4567881085,4813460,INFY,USD,2020-01-17,10.85,10.92,10.72,10.88,63262,14638,10.837
US4567881085,4813460,INFY,USD,2020-01-21,10.78,10.91,10.75,10.85,152130,27543,10.855
US4567881085,4813460,INFY,USD,2020-01-22,10.88,11.07,10.88,11.04,220339,30144,11.016
US4567881085,4813460,INFY,USD,2020-01-23,11.08,11.13,10.88,11.06,275155,36792,11.009
US4567881085,4813460,INFY,USD,2020-01-24,11.1,11.12,10.93,11.03,208356,33407,11.042
US4567881085,4813460,INFY,USD,2020-01-27,10.9,11.01,10.82,10.9,123448,20669,10.942
US4567881085,4813460,INFY,USD,2020-01-28,10.95,11.18,10.94,11.15,152139,23004,11.083
US4567881085,4813460,INFY,USD,2020-01-29,11.12,11.27,11.04,11.12,195120,26553,11.159
US4567881085,4813460,INFY,USD,2020-01-30,11.06,11.09,10.97,11.09,101564,25021,11.031
US4567881085,4813460,INFY,USD,2020-01-31,11.0,11.2,10.9,11.01,237689,35477,10.956
US4567881085,4813460,INFY,USD,2020-02-03,10.88,10.95,10.78,10.91,113558,24615,10.895
US4567881085,4813460,INFY,USD,2020-02-04,10.96,11.23,10.96,11.11,72560,18814,11.096
US4567881085,4813460,INFY,USD,2020-02-05,11.1,11.13,11.03,11.04,101127,20913,11.06
US4567881085,4813460,INFY,USD,2020-02-06,10.95,11.04,10.95,11.01,153712,25850,10.991
US4567881085,4813460,INFY,USD,2020-02-07,10.95,10.99,10.83,10.86,74844,13482,10.899
US4567881085,4813460,INFY,USD,2020-02-10,10.85,10.96,10.82,10.92,42711,10058,10.92
US4567881085,4813460,INFY,USD,2020-02-11,11.03,11.03,10.91,10.91,61642,18638,10.978
US4567881085,4813460,INFY,USD,2020-02-12,11.08,11.22,11.05,11.18,96023,21539,11.182
US4567881085,4813460,INFY,USD,2020-02-13,11.2,11.26,11.09,11.1,91672,23780,11.159
US4567881085,4813460,INFY,USD,2020-02-14,11.08,11.12,11.01,11.01,52861,13481,11.047
US4567881085,4813460,INFY,USD,2020-02-18,11.15,11.27,11.14,11.19,81570,16471,11.213
US4567881085,4813460,INFY,USD,2020-02-19,11.24,11.34,11.22,11.3,59332,15635,11.298
US4567881085,4813460,INFY,USD,2020-02-20,11.23,11.38,11.18,11.3,114408,19273,11.31
US4567881085,4813460,INFY,USD,2020-02-21,11.34,11.44,11.29,11.32,103901,19769,11.388
US4567881085,4813460,INFY,USD,2020-02-24,11.2,11.29,11.11,11.23,109732,28797,11.196
US4567881085,4813460,INFY,USD,2020-02-25,11.15,11.34,10.94,11.01,197570,39407,11.105
US4567881085,4813460,INFY,USD,2020-02-26,11.0,11.14,10.95,11.0,161026,37235,11.025
US4567881085,4813460,INFY,USD,2020-02-27,10.97,10.97,10.6,10.61,223552,54097,10.716
US4567881085,4813460,INFY,USD,2020-02-28,10.34,10.35,9.98,10.15,208400,51572,10.122
US4567881085,4813460,INFY,USD,2020-03-02,10.25,10.39,10.02,10.35,157299,46901,10.202
US4567881085,4813460,INFY,USD,2020-03-03,10.29,10.54,10.13,10.21,123045,39861,10.341
US4567881085,4813460,INFY,USD,2020-03-04,10.35,10.48,10.22,10.47,117866,29642,10.376
US4567881085,4813460,INFY,USD,2020-03-05,10.4,10.44,10.07,10.13,120067,30478,10.193
US4567881085,4813460,INFY,USD,2020-03-06,10.0,10.04,9.59,9.87,151055,38597,9.778
US4567881085,4813460,INFY,USD,2020-03-09,9.26,9.52,8.79,9.1,126588,28385,9.165
US4567881085,4813460,INFY,USD,2020-03-10,9.39,9.45,9.01,9.26,215177,45554,9.154
US4567881085,4813460,INFY,USD,2020-03-11,9.15,9.18,8.85,8.95,236866,55660,8.999
US4567881085,4813460,INFY,USD,2020-03-12,8.55,8.59,7.82,7.82,168406,48039,8.182
US4567881085,4813460,INFY,USD,2020-03-13,8.58,8.67,8.0,8.43,348434,56249,8.251
US4567881085,4813460,INFY,USD,2020-03-16,8.02,8.02,7.24,7.45,191054,55285,7.541
US4567881085,4813460,INFY,USD,2020-03-17,7.5,7.93,7.12,7.62,189466,57529,7.62
US4567881085,4813460,INFY,USD,2020-03-18,7.2,7.53,7.05,7.39,246083,78011,7.315
US4567881085,4813460,INFY,USD,2020-03-19,7.39,7.39,7.03,7.18,133131,36817,7.17
US4567881085,4813460,INFY,USD,2020-03-20,7.51,7.72,6.86,6.95,221211,61737,7.087
US4567881085,4813460,INFY,USD,2020-03-23,6.75,7.19,6.68,7.12,253451,75763,7.003
US4567881085,4813460,INFY,USD,2020-03-24,7.75,8.06,7.5,7.74,197788,76498,7.792
US4567881085,4813460,INFY,USD,2020-03-25,7.8,8.38,7.5,8.07,216839,60973,8.096
US4567881085,4813460,INFY,USD,2020-03-26,8.5,9.13,8.42,9.1,288231,62587,8.85
US4567881085,4813460,INFY,USD,2020-03-27,8.9,8.9,8.26,8.57,229236,60150,8.65
US4567881085,4813460,INFY,USD,2020-03-30,8.15,8.65,8.15,8.49,124397,35965,8.522
US4567881085,4813460,INFY,USD,2020-03-31,8.5,8.52,8.14,8.17,200823,49930,8.311
US4567881085,4813460,INFY,USD,2020-04-01,7.9,8.02,7.75,7.76,149871,40467,7.823
US4567881085,4813460,INFY,USD,2020-04-02,8.0,8.02,7.74,7.92,68927,26067,7.871
US4567881085,4813460,INFY,USD,2020-04-03,7.85,7.85,7.46,7.6,149701,27897,7.581
US4567881085,4813460,INFY,USD,2020-04-06,7.83,8.28,7.62,8.23,149315,34348,8.106
US4567881085,4813460,INFY,USD,2020-04-07,8.3,8.77,8.3,8.38,144806,38618,8.547
US4567881085,4813460,INFY,USD,2020-04-08,8.42,8.52,8.19,8.5,130766,29895,8.396
US4567881085,4813460,INFY,USD,2020-04-09,8.52,8.68,8.44,8.52,95847,31356,8.569
US4567881085,4813460,INFY,USD,2020-04-13,8.57,8.6,8.31,8.6,52918,19421,8.447
US4567881085,4813460,INFY,USD,2020-04-14,8.8,8.8,8.47,8.6,72544,24358,8.606
US4567881085,4813460,INFY,USD,2020-04-15,8.25,8.46,8.25,8.33,77288,24228,8.348
US4567881085,4813460,INFY,USD,2020-04-16,8.27,8.56,8.09,8.56,95061,23368,8.205
US4567881085,4813460,INFY,USD,2020-04-17,8.44,8.59,8.39,8.58,143593,39633,8.489
US4567881085,4813460,INFY,USD,2020-04-20,8.71,8.73,8.34,8.66,92119,34850,8.566
US4567881085,4813460,INFY,USD,2020-04-21,8.52,8.52,8.1,8.29,92494,30050,8.295
US4567881085,4813460,INFY,USD,2020-04-22,8.49,8.6,8.34,8.51,95973,24744,8.479
US4567881085,4813460,INFY,USD,2020-04-23,8.82,8.99,8.75,8.79,110096,32992,8.836
US4567881085,4813460,INFY,USD,2020-04-24,8.73,8.81,8.6,8.7,77065,24702,8.727
US4567881085,4813460,INFY,USD,2020-04-27,8.77,9.0,8.77,9.0,53590,17855,8.875
US4567881085,4813460,INFY,USD,2020-04-28,8.94,8.94,8.68,8.78,93205,28176,8.798
US4567881085,4813460,INFY,USD,2020-04-29,8.92,9.6,8.91,9.58,202731,38189,9.378
US4567881085,4813460,INFY,USD,2020-04-30,9.6,9.6,9.05,9.05,127952,34393,9.239
US4567881085,4813460,INFY,USD,2020-05-01,9.0,9.28,8.96,9.28,55159,16990,9.049
US4567881085,4813460,INFY,USD,2020-05-04,8.88,9.0,8.8,8.95,84199,19951,8.894
US4567881085,4813460,INFY,USD,2020-05-05,9.06,9.19,8.86,8.86,50860,16067,8.993
US4567881085,4813460,INFY,USD,2020-05-06,8.95,8.95,8.74,8.83,50206,16331,8.861
US4567881085,4813460,INFY,USD,2020-05-07,8.92,9.07,8.91,9.07,76057,19606,9.002
US4567881085,4813460,INFY,USD,2020-05-08,9.1,9.18,8.99,9.17,79016,21633,9.113
US4567881085,4813460,INFY,USD,2020-05-11,9.2,9.2,8.9,9.01,65250,17300,9.007
US4567881085,4813460,INFY,USD,2020-05-12,9.06,9.39,9.06,9.15,124914,37328,9.23
US4567881085,4813460,INFY,USD,2020-05-13,9.2,9.34,8.5,8.6,250002,54088,8.735
US4567881085,4813460,INFY,USD,2020-05-14,8.52,8.69,8.37,8.68,140225,38110,8.548
US4567881085,4813460,INFY,USD,2020-05-15,8.68,8.76,8.54,8.76,56896,21856,8.67
US4567881085,4813460,INFY,USD,2020-05-18,8.78,9.07,8.75,9.07,76296,22763,8.962
US4567881085,4813460,INFY,USD,2020-05-19,8.86,8.98,8.72,8.8,106785,25248,8.853
US4567881085,4813460,INFY,USD,2020-05-20,8.9,9.04,8.85,9.0,97565,18990,8.977
US4567881085,4813460,INFY,USD,2020-05-21,9.0,9.02,8.87,8.93,111340,22900,8.965
US4567881085,4813460,INFY,USD,2020-05-22,8.98,9.12,8.98,9.05,55212,14720,9.037
US4567881085,4813460,INFY,USD,2020-05-26,9.07,9.2,8.92,9.07,83196,27522,9.049
US4567881085,4813460,INFY,USD,2020-05-27,9.2,9.39,9.18,9.35,98455,27211,9.3
US4567881085,4813460,INFY,USD,2020-05-28,9.29,9.41,9.17,9.27,118681,28466,9.277
US4567881085,4813460,INFY,USD,2020-05-29,9.06,9.14,8.98,9.1,71132,16427,9.055
US4567881085,4813460,INFY,USD,2020-06-01,9.21,9.3,9.15,9.26,31134,11036,9.246
US4567881085,4813460,INFY,USD,2020-06-02,9.33,9.41,9.29,9.4,60369,19164,9.354
US4567881085,4813460,INFY,USD,2020-06-03,9.4,9.46,9.23,9.33,120452,26982,9.329
US4567881085,4813460,INFY,USD,2020-06-04,9.3,9.39,9.18,9.25,131919,31581,9.28
US4567881085,4813460,INFY,USD,2020-06-05,9.3,9.55,9.3,9.39,81847,19150,9.45
US4567881085,4813460,INFY,USD,2020-06-08,9.66,9.66,9.42,9.56,116532,26930,9.51
US4567881085,4813460,INFY,USD,2020-06-09,9.4,9.5,9.27,9.36,78405,23523,9.345
US4567881085,4813460,INFY,USD,2020-06-10,9.54,9.54,9.21,9.28,118566,29465,9.302
US4567881085,4813460,INFY,USD,2020-06-11,9.23,9.23,8.83,8.85,97142,27840,8.953
US4567881085,4813460,INFY,USD,2020-06-12,8.94,9.15,8.88,9.06,63837,20833,9.016
US4567881085,4813460,INFY,USD,2020-06-15,8.93,9.27,8.91,9.27,72329,18747,9.13
US4567881085,4813460,INFY,USD,2020-06-16,9.22,9.33,9.07,9.13,145837,25874,9.148
US4567881085,4813460,INFY,USD,2020-06-17,9.11,9.36,9.1,9.32,149769,35974,9.272
US4567881085,4813460,INFY,USD,2020-06-18,9.39,9.39,9.17,9.21,87324,26702,9.237
US4567881085,4813460,INFY,USD,2020-06-19,9.32,9.37,9.15,9.16,82632,18650,9.244
US4567881085,4813460,INFY,USD,2020-06-22,9.1,9.26,9.1,9.14,73382,19763,9.172
US4567881085,4813460,INFY,USD,2020-06-23,9.41,9.57,9.4,9.55,81723,19327,9.478
US4567881085,4813460,INFY,USD,2020-06-24,9.42,9.42,9.03,9.15,129045,29554,9.139
US4567881085,4813460,INFY,USD,2020-06-25,9.06,9.3,9.04,9.29,78371,20078,9.182
US4567881085,4813460,INFY,USD,2020-06-26,9.72,9.74,9.47,9.5,136175,30135,9.562
US4567881085,4813460,INFY,USD,2020-06-29,9.6,9.6,9.43,9.6,75000,19172,9.505
US4567881085,4813460,INFY,USD,2020-06-30,9.55,9.7,9.52,9.63,98827,24414,9.622
US4567881085,4813460,INFY,USD,2020-07-01,9.59,9.73,9.53,9.68,119920,31004,9.627
US4567881085,4813460,INFY,USD,2020-07-02,9.96,10.04,9.89,9.95,121599,29643,9.956
US4567881085,4813460,INFY,USD,2020-07-06,10.14,10.24,10.07,10.11,83382,21621,10.142
US4567881085,4813460,INFY,USD,2020-07-07,10.25,10.45,10.22,10.29,162376,34728,10.282
US4567881085,4813460,INFY,USD,2020-07-08,10.18,10.38,10.09,10.38,145250,34494,10.281
US4567881085,4813460,INFY,USD,2020-07-09,10.34,10.37,10.15,10.28,93793,25036,10.237
US4567881085,4813460,INFY,USD,2020-07-10,10.12,10.44,10.12,10.4,78057,19020,10.307
US4567881085,4813460,INFY,USD,2020-07-13,10.7,10.7,10.44,10.53,129985,30416,10.531
US4567881085,4813460,INFY,USD,2020-07-14,10.38,10.63,10.27,10.6,128405,36281,10.478
US4567881085,4813460,INFY,USD,2020-07-15,10.96,12.2,10.96,11.87,331497,86362,11.954
US4567881085,4813460,INFY,USD,2020-07-16,11.93,12.27,11.86,12.24,207465,51447,12.152
US4567881085,4813460,INFY,USD,2020-07-17,12.04,12.36,12.0,12.26,199401,47958,12.242
US4567881085,4813460,INFY,USD,2020-07-20,12.33,12.69,12.33,12.6,160158,39390,12.513
US4567881085,4813460,INFY,USD,2020-07-21,12.58,12.63,12.46,12.51,135669,36149,12.537
US4567881085,4813460,INFY,USD,2020-07-22,12.4,12.46,12.26,12.32,99447,26854,12.35
US4567881085,4813460,INFY,USD,2020-07-23,12.24,12.4,12.17,12.25,114916,35595,12.289
US4567881085,4813460,INFY,USD,2020-07-24,12.25,12.4,12.16,12.33,84453,19824,12.32
US4567881085,4813460,INFY,USD,2020-07-27,12.5,12.7,12.5,12.67,61159,21993,12.632
US4567881085,4813460,INFY,USD,2020-07-28,12.72,12.79,12.57,12.6,94481,25287,12.672
US4567881085,4813460,INFY,USD,2020-07-29,12.62,12.92,12.62,12.84,130161,32740,12.842
US4567881085,4813460,INFY,USD,2020-07-30,12.75,13.0,12.69,13.0,98725,27594,12.921
US4567881085,4813460,INFY,USD,2020-07-31,13.0,13.14,12.75,12.96,77676,22271,12.843
US4567881085,4813460,INFY,USD,2020-08-03,12.78,12.97,12.7,12.91,84672,21848,12.889
US4567881085,4813460,INFY,USD,2020-08-04,12.69,12.79,12.6,12.64,89854,24186,12.66
US4567881085,4813460,INFY,USD,2020-08-05,12.65,12.73,12.6,12.65,91414,25347,12.673
US4567881085,4813460,INFY,USD,2020-08-06,12.88,12.94,12.73,12.83,94499,21990,12.791
US4567881085,4813460,INFY,USD,2020-08-07,12.73,12.74,12.54,12.62,98563,24864,12.603
US4567881085,4813460,INFY,USD,2020-08-10,12.6,12.7,12.52,12.6,68400,18572,12.594
US4567881085,4813460,INFY,USD,2020-08-11,12.64,12.8,12.63,12.63,70267,20736,12.695
US4567881085,4813460,INFY,USD,2020-08-12,12.72,12.79,12.63,12.76,79903,18705,12.697
US4567881085,4813460,INFY,USD,2020-08-13,12.61,12.81,12.61,12.78,79861,17540,12.758
US4567881085,4813460,INFY,USD,2020-08-14,12.74,12.77,12.64,12.72,68287,16757,12.694
US4567881085,4813460,INFY,USD,2020-08-17,12.79,12.95,12.79,12.88,58689,18679,12.89
US4567881085,4813460,INFY,USD,2020-08-18,12.89,12.99,12.82,12.9,53720,12648,12.921
US4567881085,4813460,INFY,USD,2020-08-19,12.88,13.03,12.77,12.8,58681,14665,12.899
US4567881085,4813460,INFY,USD,2020-08-20,12.83,12.92,12.65,12.78,67383,16831,12.844
US4567881085,4813460,INFY,USD,2020-08-21,12.68,12.73,12.56,12.63,96546,22814,12.606
US4567881085,4813460,INFY,USD,2020-08-24,12.72,12.87,12.67,12.79,91213,20530,12.797
US4567881085,4813460,INFY,USD,2020-08-25,12.67,12.86,12.6,12.79,66525,19944,12.786
US4567881085,4813460,INFY,USD,2020-08-26,12.84,12.94,12.84,12.88,40436,12623,12.898
US4567881085,4813460,INFY,USD,2020-08-27,12.9,12.94,12.72,12.78,44534,14582,12.808
US4567881085,4813460,INFY,USD,2020-08-28,12.82,12.96,12.77,12.81,74136,18899,12.861
US4567881085,4813460,INFY,USD,2020-08-31,12.72,12.73,12.59,12.64,66445,15378,12.634
US4567881085,4813460,INFY,USD,2020-09-01,12.6,12.71,12.53,12.68,50939,16816,12.637
US4567881085,4813460,INFY,USD,2020-09-02,12.65,12.75,12.65,12.73,54041,15588,12.719
US4567881085,4813460,INFY,USD,2020-09-03,12.78,12.85,12.39,12.44,100636,28503,12.501
US4567881085,4813460,INFY,USD,2020-09-04,12.48,12.56,12.2,12.44,79002,24829,12.392
US4567881085,4813460,INFY,USD,2020-09-08,12.83,12.83,11.8,12.65,122195,29239,12.642
US4567881085,4813460,INFY,USD,2020-09-09,12.52,12.8,12.52,12.75,81192,20130,12.75
US4567881085,4813460,INFY,USD,2020-09-10,12.8,12.87,12.59,12.6,60252,15161,12.71
US4567881085,4813460,INFY,USD,2020-09-11,12.79,12.88,12.68,12.78,63957,17789,12.776
US4567881085,4813460,INFY,USD,2020-09-14,13.33,13.33,13.11,13.25,85907,20414,13.213
US4567881085,4813460,INFY,USD,2020-09-15,13.25,13.49,13.25,13.33,62349,16822,13.394
US4567881085,4813460,INFY,USD,2020-09-16,13.56,13.74,13.54,13.58,91265,23389,13.62
US4567881085,4813460,INFY,USD,2020-09-17,13.65,13.75,13.51,13.7,77641,21661,13.611
US4567881085,4813460,INFY,USD,2020-09-18,13.58,13.64,13.44,13.6,95424,22183,13.533
US4567881085,4813460,INFY,USD,2020-09-21,13.82,13.82,13.41,13.61,74261,20521,13.512
US4567881085,4813460,INFY,USD,2020-09-22,12.67,13.85,12.67,13.83,67578,16961,13.723
US4567881085,4813460,INFY,USD,2020-09-23,13.68,13.81,13.56,13.59,71104,22307,13.651
US4567881085,4813460,INFY,USD,2020-09-24,13.31,13.31,13.02,13.05,86415,26001,13.095
US4567881085,4813460,INFY,USD,2020-09-25,13.47,13.58,13.3,13.55,76866,20382,13.45
US4567881085,4813460,INFY,USD,2020-09-28,13.55,13.71,13.46,13.63,56545,17802,13.643
US4567881085,4813460,INFY,USD,2020-09-29,13.65,13.69,13.49,13.56,77482,21924,13.574
US4567881085,4813460,INFY,USD,2020-09-30,13.56,13.94,13.56,13.82,137097,31400,13.819
US4567881085,4813460,INFY,USD,2020-10-01,13.78,13.9,13.71,13.76,52134,17020,13.768
US4567881085,4813460,INFY,USD,2020-10-02,13.33,13.74,13.33,13.6,75341,19083,13.665
US4567881085,4813460,INFY,USD,2020-10-05,13.95,14.2,13.95,14.05,89672,22113,14.08
US4567881085,4813460,INFY,USD,2020-10-06,14.12,14.28,13.79,13.9,107825,21637,14.023
US4567881085,4813460,INFY,USD,2020-10-07,14.2,14.58,14.18,14.57,176417,38640,14.481
US4567881085,4813460,INFY,USD,2020-10-08,14.7,14.95,14.64,14.9,106872,22685,14.799
US4567881085,4813460,INFY,USD,2020-10-09,15.0,15.26,14.91,15.2,81953,19425,15.12
US4567881085,4813460,INFY,USD,2020-10-12,15.3,15.6,15.3,15.58,174338,47289,15.475
US4567881085,4813460,INFY,USD,2020-10-13,15.5,15.89,15.46,15.89,139938,36895,15.711
US4567881085,4813460,INFY,USD,2020-10-14,15.95,16.62,15.8,16.36,258677,82573,16.435
US4567881085,4813460,INFY,USD,2020-10-15,15.01,15.3,14.75,15.2,153551,42759,15.217
US4567881085,4813460,INFY,USD,2020-10-16,15.43,15.57,15.3,15.5,121981,29081,15.509
US4567881085,4813460,INFY,USD,2020-10-19,15.5,15.5,15.12,15.19,276431,52784,15.252
US4567881085,4813460,INFY,USD,2020-10-20,15.33,15.48,15.24,15.33,139690,30513,15.325
US4567881085,4813460,INFY,USD,2020-10-21,15.42,15.65,15.29,15.33,133160,36797,15.396
US4567881085,4813460,INFY,USD,2020-10-22,15.32,15.38,15.12,15.36,66803,20768,15.278
US4567881085,4813460,INFY,USD,2020-10-23,15.25,15.3,15.13,15.23,68050,16436,15.233
US4567881085,4813460,INFY,USD,2020-10-26,15.03,15.09,14.85,14.92,93671,27070,14.95
US4567881085,4813460,INFY,USD,2020-10-27,14.81,14.9,14.71,14.85,86980,28268,14.837
US4567881085,4813460,INFY,USD,2020-10-28,14.5,14.55,14.29,14.36,110287,37544,14.387
US4567881085,4813460,INFY,USD,2020-10-29,14.4,14.46,14.21,14.23,109128,27263,14.286
US4567881085,4813460,INFY,USD,2020-10-30,14.2,14.29,14.05,14.29,87255,27258,14.175
US4567881085,4813460,INFY,USD,2020-11-02,14.34,14.44,14.17,14.25,56668,17922,14.274
US4567881085,4813460,INFY,USD,2020-11-03,14.29,14.46,14.2,14.38,42283,14187,14.339
US4567881085,4813460,INFY,USD,2020-11-04,14.5,14.86,14.5,14.68,53366,16696,14.745
US4567881085,4813460,INFY,USD,2020-11-05,14.72,15.07,14.72,15.01,59417,22423,14.997
US4567881085,4813460,INFY,USD,2020-11-06,14.84,15.14,14.82,14.98,53287,18743,14.905
US4567881085,4813460,INFY,USD,2020-11-09,15.34,15.54,14.83,14.93,63817,23017,15.072
US4567881085,4813460,INFY,USD,2020-11-10,14.51,14.7,14.39,14.5,58814,22622,14.523
US4567881085,4813460,INFY,USD,2020-11-11,14.96,15.09,14.8,15.09,85497,26477,14.993
US4567881085,4813460,INFY,USD,2020-11-12,14.98,15.16,14.84,14.86,151111,33919,15.009
US4567881085,4813460,INFY,USD,2020-11-13,15.05,15.29,14.98,15.29,68488,17771,15.19
US4567881085,4813460,INFY,USD,2020-11-16,15.34,15.53,15.27,15.36,68676,18936,15.457
US4567881085,4813460,INFY,USD,2020-11-17,15.17,15.35,14.25,15.21,124038,30074,15.276
US4567881085,4813460,INFY,USD,2020-11-18,15.08,15.2,14.98,15.04,77532,23848,15.09
US4567881085,4813460,INFY,USD,2020-11-19,14.88,14.93,14.76,14.8,56314,17971,14.824
US4567881085,4813460,INFY,USD,2020-11-20,14.83,15.04,14.83,14.91,40402,14594,14.961
US4567881085,4813460,INFY,USD,2020-11-23,15.34,15.49,15.22,15.49,50870,14648,15.313
US4567881085,4813460,INFY,USD,2020-11-24,15.53,15.6,15.38,15.55,121794,32411,15.518
US4567881085,4813460,INFY,USD,2020-11-25,15.2,15.26,15.04,15.1,49004,15113,15.106
US4567881085,4813460,INFY,USD,2020-11-27,15.0,15.11,14.88,14.91,39852,14905,14.962
US4567881085,4813460,INFY,USD,2020-11-30,14.92,15.24,14.84,15.21,86175,24521,15.123
US4567881085,4813460,INFY,USD,2020-12-01,15.45,15.51,15.32,15.38,79017,24399,15.406
US4567881085,4813460,INFY,USD,2020-12-02,15.52,15.56,15.27,15.41,71155,24733,15.373
US4567881085,4813460,INFY,USD,2020-12-03,15.29,15.32,15.17,15.27,135572,24390,15.269
US4567881085,4813460,INFY,USD,2020-12-04,15.89,15.89,15.4,15.7,84632,20728,15.677
US4567881085,4813460,INFY,USD,2020-12-07,15.58,15.73,15.4,15.62,50859,17437,15.662
US4567881085,4813460,INFY,USD,2020-12-08,15.71,16.03,15.66,16.01,101010,21348,15.954
US4567881085,4813460,INFY,USD,2020-12-09,16.09,16.1,15.45,15.53,132095,37638,15.653
US4567881085,4813460,INFY,USD,2020-12-10,15.74,15.79,15.46,15.55,97801,22718,15.557
US4567881085,4813460,INFY,USD,2020-12-11,15.62,15.8,15.61,15.74,70489,23799,15.714
US4567881085,4813460,INFY,USD,2020-12-14,15.8,15.82,15.64,15.64,52812,18160,15.692
US4567881085,4813460,INFY,USD,2020-12-15,15.59,15.74,15.48,15.64,135645,33215,15.576
US4567881085,4813460,INFY,USD,2020-12-16,15.66,15.75,15.53,15.65,68915,18926,15.623
US4567881085,4813460,INFY,USD,2020-12-17,15.66,16.35,15.66,16.17,84076,26152,16.196
US4567881085,4813460,INFY,USD,2020-12-18,16.26,16.26,16.02,16.26,75382,20409,16.199
US4567881085,4813460,INFY,USD,2020-12-21,16.1,16.1,15.78,15.93,37562,11387,15.889
US4567881085,4813460,INFY,USD,2020-12-22,16.5,16.74,16.36,16.58,64567,22376,16.569
US4567881085,4813460,INFY,USD,2020-12-23,16.81,17.12,16.56,16.68,57158,18277,16.647
US4567881085,4813460,INFY,USD,2020-12-24,16.65,16.7,16.52,16.56,12587,4932,16.582
US4567881085,4813460,INFY,USD,2020-12-28,16.56,16.84,16.56,16.72,37015,11319,16.789
US4567881085,4813460,INFY,USD,2020-12-29,16.83,16.92,16.67,16.76,82855,23646,16.771
US4567881085,4813460,INFY,USD,2020-12-30,16.88,17.0,16.83,16.93,37558,11891,16.934
US4567881085,4813460,INFY,USD,2020-12-31,16.96,17.03,16.88,16.95,32352,12208,16.937
US4567881085,4813460,INFY,USD,2021-01-04,17.46,17.46,17.06,17.29,122744,34602,17.203
US4567881085,4813460,INFY,USD,2021-01-05,17.41,17.7,17.32,17.7,78151,26620,17.577
US4567881085,4813460,INFY,USD,2021-01-06,17.49,17.79,17.27,17.74,87384,26680,17.668
US4567881085,4813460,INFY,USD,2021-01-07,17.38,17.55,17.26,17.55,100232,26597,17.471
US4567881085,4813460,INFY,USD,2021-01-08,17.78,18.61,17.75,18.6,174263,42725,18.407
US4567881085,4813460,INFY,USD,2021-01-11,18.87,18.93,18.54,18.79,109755,31366,18.775
US4567881085,4813460,INFY,USD,2021-01-12,18.84,19.19,18.54,18.75,102974,28698,18.67
US4567881085,4813460,INFY,USD,2021-01-13,19.0,19.44,18.38,18.53,171502,42785,18.564
US4567881085,4813460,INFY,USD,2021-01-14,18.74,18.74,18.14,18.3,129492,36243,18.315
US4567881085,4813460,INFY,USD,2021-01-15,18.11,18.38,18.11,18.15,68478,20566,18.221
US4567881085,4813460,INFY,USD,2021-01-19,18.01,18.18,17.94,18.07,69699,21114,18.079
US4567881085,4813460,INFY,USD,2021-01-20,18.21,18.47,18.21,18.47,51561,15850,18.374
US4567881085,4813460,INFY,USD,2021-01-21,18.5,18.5,18.14,18.15,77399,27546,18.212
US4567881085,4813460,INFY,USD,2021-01-22,18.36,18.36,18.06,18.25,53930,16510,18.187
US4567881085,4813460,INFY,USD,2021-01-25,18.07,18.22,17.84,17.92,58171,19395,17.954
US4567881085,4813460,INFY,USD,2021-01-26,17.96,17.96,17.71,17.95,52254,19263,17.826
US4567881085,4813460,INFY,USD,2021-01-27,17.88,17.89,17.44,17.47,110773,26812,17.585
US4567881085,4813460,INFY,USD,2021-01-28,17.2,17.75,17.2,17.61,63222,24728,17.641
US4567881085,4813460,INFY,USD,2021-01-29,17.2,17.64,16.87,16.89,93037,28979,17.031
US4567881085,4813460,INFY,USD,2021-02-01,17.33,17.42,17.05,17.38,55047,20536,17.269
US4567881085,4813460,INFY,USD,2021-02-02,17.38,17.55,17.34,17.55,39097,13476,17.432
US4567881085,4813460,INFY,USD,2021-02-03,17.64,17.75,17.42,17.65,42715,16790,17.632
US4567881085,4813460,INFY,USD,2021-02-04,17.54,17.64,17.36,17.59,42354,14103,17.546
US4567881085,4813460,INFY,USD,2021-02-05,17.49,17.69,17.39,17.69,67627,23055,17.582
US4567881085,4813460,INFY,USD,2021-02-08,17.99,18.01,17.81,17.95,34720,11221,17.903
US4567881085,4813460,INFY,USD,2021-02-09,17.75,17.97,17.63,17.67,77153,18826,17.735
US4567881085,4813460,INFY,USD,2021-02-10,18.0,18.0,17.42,17.54,118028,22851,17.537
US4567881085,4813460,INFY,USD,2021-02-11,17.55,17.92,17.55,17.77,61352,21967,17.825
US4567881085,4813460,INFY,USD,2021-02-12,17.82,18.16,17.82,18.07,95528,22602,18.068
US4567881085,4813460,INFY,USD,2021-02-16,17.76,17.9,17.6,17.72,56413,14120,17.736
US4567881085,4813460,INFY,USD,2021-02-17,17.74,17.74,17.48,17.6,80797,27003,17.599
US4567881085,4813460,INFY,USD,2021-02-18,17.68,17.83,17.59,17.77,93949,23173,17.739
US4567881085,4813460,INFY,USD,2021-02-19,17.73,17.99,17.73,17.94,85456,24012,17.936
US4567881085,4813460,INFY,USD,2021-02-22,17.56,17.68,17.5,17.55,102220,25185,17.611
US4567881085,4813460,INFY,USD,2021-02-23,17.5,17.5,17.15,17.38,80984,29267,17.336
US4567881085,4813460,INFY,USD,2021-02-24,17.48,17.75,17.3,17.67,78270,25129,17.587
US4567881085,4813460,INFY,USD,2021-02-25,17.52,17.71,17.2,17.36,65840,22030,17.496
US4567881085,4813460,INFY,USD,2021-02-26,17.12,17.29,16.94,17.12,70973,24765,17.151
US4567881085,4813460,INFY,USD,2021-03-01,17.28,17.67,17.27,17.62,73851,21192,17.561
US4567881085,4813460,INFY,USD,2021-03-02,17.91,18.09,17.79,18.02,89966,20931,18.005
US4567881085,4813460,INFY,USD,2021-03-03,18.79,18.95,18.11,18.43,223265,61006,18.374
US4567881085,4813460,INFY,USD,2021-03-04,18.12,18.68,18.0,18.06,114467,41806,18.37
US4567881085,4813460,INFY,USD,2021-03-05,18.0,18.3,17.84,18.25,82495,26577,18.111
US4567881085,4813460,INFY,USD,2021-03-08,18.29,18.41,17.98,18.1,75112,28013,18.17
US4567881085,4813460,INFY,USD,2021-03-09,18.29,18.63,18.29,18.61,66809,23340,18.535
US4567881085,4813460,INFY,USD,2021-03-10,18.87,19.0,18.57,18.78,71780,23586,18.667
US4567881085,4813460,INFY,USD,2021-03-11,18.74,19.16,18.74,19.12,54878,20373,19.027
US4567881085,4813460,INFY,USD,2021-03-12,18.96,18.99,18.75,18.82,45203,17054,18.834
US4567881085,4813460,INFY,USD,2021-03-15,18.95,19.16,18.85,19.05,48686,15412,19.022
US4567881085,4813460,INFY,USD,2021-03-16,19.15,19.37,19.15,19.33,67204,23058,19.321
US4567881085,4813460,INFY,USD,2021-03-17,19.34,19.34,18.85,19.15,87110,30454,19.033
US4567881085,4813460,INFY,USD,2021-03-18,18.51,18.74,18.35,18.64,91470,30027,18.55
US4567881085,4813460,INFY,USD,2021-03-19,18.73,18.79,18.39,18.75,166593,37749,18.67
US4567881085,4813460,INFY,USD,2021-03-22,19.0,19.18,18.8,19.07,61510,21583,19.055
US4567881085,4813460,INFY,USD,2021-03-23,19.03,19.03,18.7,18.78,85295,22319,18.792
US4567881085,4813460,INFY,USD,2021-03-24,18.86,18.86,18.58,18.66,74939,28058,18.725
US4567881085,4813460,INFY,USD,2021-03-25,18.41,18.56,18.25,18.5,62557,22691,18.417
US4567881085,4813460,INFY,USD,2021-03-26,18.5,18.72,18.3,18.63,129355,42437,18.534
US4567881085,4813460,INFY,USD,2021-03-29,18.66,18.74,18.36,18.45,65590,22378,18.469
US4567881085,4813460,INFY,USD,2021-03-30,18.85,18.95,18.74,18.8,76355,26632,18.809
US4567881085,4813460,INFY,USD,2021-03-31,18.8,18.83,18.66,18.72,80587,21868,18.74
US4567881085,4813460,INFY,USD,2021-04-01,18.81,19.04,18.81,19.01,37488,14468,18.946
US4567881085,4813460,INFY,USD,2021-04-05,19.27,19.41,19.15,19.41,37901,9284,19.312
US4567881085,4813460,INFY,USD,2021-04-06,19.25,19.41,19.25,19.38,42770,14953,19.362
US4567881085,4813460,INFY,USD,2021-04-07,19.33,19.33,19.16,19.21,44810,14185,19.225
US4567881085,4813460,INFY,USD,2021-04-08,19.2,19.4,19.2,19.32,36316,14948,19.302
US4567881085,4813460,INFY,USD,2021-04-09,19.35,19.56,19.33,19.52,50532,17343,19.503
US4567881085,4813460,INFY,USD,2021-04-12,19.07,19.26,19.0,19.07,78019,23221,19.079
US4567881085,4813460,INFY,USD,2021-04-13,18.4,18.98,18.4,18.55,108956,35843,18.603
US4567881085,4813460,INFY,USD,2021-04-14,18.8,18.8,17.24,17.4,143246,46246,17.447
US4567881085,4813460,INFY,USD,2021-04-15,17.88,18.15,17.81,17.97,122237,36463,17.959
US4567881085,4813460,INFY,USD,2021-04-16,18.2,18.55,17.96,18.22,146490,28301,18.2
US4567881085,4813460,INFY,USD,2021-04-19,18.19,18.29,18.05,18.26,52791,16035,18.198
US4567881085,4813460,INFY,USD,2021-04-20,18.08,18.12,17.9,18.03,67639,19603,18.024
US4567881085,4813460,INFY,USD,2021-04-21,18.02,18.2,17.91,18.1,70137,21455,18.1
US4567881085,4813460,INFY,USD,2021-04-22,18.04,18.11,17.81,17.84,91920,27290,17.904
US4567881085,4813460,INFY,USD,2021-04-23,17.86,17.97,17.77,17.97,44566,13978,17.885
US4567881085,4813460,INFY,USD,2021-04-26,17.97,18.01,17.83,17.95,50698,17211,17.932
US4567881085,4813460,INFY,USD,2021-04-27,17.9,18.14,17.9,18.0,48624,14140,18.028
US4567881085,4813460,INFY,USD,2021-04-28,18.15,18.36,18.13,18.3,49252,17436,18.288
US4567881085,4813460,INFY,USD,2021-04-29,18.28,18.46,18.27,18.41,63669,18058,18.387
US4567881085,4813460,INFY,USD,2021-04-30,18.33,18.37,18.04,18.04,68170,17455,18.17
US4567881085,4813460,INFY,USD,2021-05-03,18.38,18.38,18.15,18.2,36288,13010,18.207
US4567881085,4813460,INFY,USD,2021-05-04,18.04,18.11,17.92,18.11,38162,11236,18.023
US4567881085,4813460,INFY,USD,2021-05-05,18.13,18.34,18.13,18.29,35960,12179,18.281
US4567881085,4813460,INFY,USD,2021-05-06,18.4,18.62,18.32,18.54,100020,25922,18.522
US4567881085,4813460,INFY,USD,2021-05-07,18.53,18.65,18.38,18.43,50819,15700,18.491
US4567881085,4813460,INFY,USD,2021-05-10,18.32,18.44,18.27,18.33,89373,19126,18.384
US4567881085,4813460,INFY,USD,2021-05-11,18.28,18.28,18.02,18.18,34828,12034,18.13
US4567881085,4813460,INFY,USD,2021-05-12,18.12,18.17,17.81,17.87,50245,14611,17.92
US4567881085,4813460,INFY,USD,2021-05-13,17.84,18.06,17.83,17.88,60580,16729,17.932
US4567881085,4813460,INFY,USD,2021-05-14,18.0,18.18,17.96,18.16,31548,8974,18.108
US4567881085,4813460,INFY,USD,2021-05-17,18.29,18.29,18.09,18.17,26172,9246,18.162
US4567881085,4813460,INFY,USD,2021-05-18,18.37,18.48,18.26,18.27,38292,9380,18.383
US4567881085,4813460,INFY,USD,2021-05-19,18.24,18.45,18.18,18.43,41805,12847,18.341
US4567881085,4813460,INFY,USD,2021-05-20,18.42,18.69,18.41,18.55,68484,16280,18.617
US4567881085,4813460,INFY,USD,2021-05-21,18.68,18.83,18.68,18.72,62930,15712,18.756
US4567881085,4813460,INFY,USD,2021-05-24,18.64,18.71,18.5,18.53,37137,11734,18.671
US4567881085,4813460,INFY,USD,2021-05-25,18.73,18.94,18.71,18.73,69568,19417,18.787
US4567881085,4813460,INFY,USD,2021-05-26,19.16,19.36,19.12,19.26,35604,12056,19.268
US4567881085,4813460,INFY,USD,2021-05-27,19.42,19.48,19.37,19.37,27232,7709,19.411
US4567881085,4813460,INFY,USD,2021-05-28,19.3,19.41,19.12,19.38,20346,6459,19.345
US4567881085,4813460,INFY,USD,2021-06-01,19.16,19.33,19.1,19.25,88324,18614,19.246
US4567881085,4813460,INFY,USD,2021-06-02,19.01,19.29,19.0,19.21,66104,15452,19.233
US4567881085,4813460,INFY,USD,2021-06-03,19.2,19.26,19.09,19.14,56355,13231,19.182
US4567881085,4813460,INFY,USD,2021-06-04,19.14,19.29,19.08,19.2,63377,15382,19.177
US4567881085,4813460,INFY,USD,2021-06-07,19.24,19.48,19.22,19.4,105325,18080,19.42
US4567881085,4813460,INFY,USD,2021-06-08,19.58,19.65,19.39,19.45,77397,17579,19.467
US4567881085,4813460,INFY,USD,2021-06-09,19.41,19.7,19.4,19.67,47989,13391,19.641
US4567881085,4813460,INFY,USD,2021-06-10,19.63,19.91,19.63,19.89,64127,18216,19.852
US4567881085,4813460,INFY,USD,2021-06-11,19.96,20.7,19.89,20.7,136619,31553,20.338
US4567881085,4813460,INFY,USD,2021-06-14,20.2,20.6,20.12,20.45,98494,26209,20.493
US4567881085,4813460,INFY,USD,2021-06-15,20.58,20.65,20.21,20.22,72071,18820,20.33
US4567881085,4813460,INFY,USD,2021-06-16,20.33,20.5,20.3,20.4,55325,16259,20.398
US4567881085,4813460,INFY,USD,2021-06-17,20.46,20.74,20.42,20.65,83539,20848,20.634
US4567881085,4813460,INFY,USD,2021-06-18,20.66,20.66,20.16,20.23,111085,23940,20.304
US4567881085,4813460,INFY,USD,2021-06-21,20.34,20.55,20.19,20.53,38018,11910,20.461
US4567881085,4813460,INFY,USD,2021-06-22,20.52,20.78,20.41,20.76,53584,13581,20.627
US4567881085,4813460,INFY,USD,2021-06-23,20.59,20.71,20.52,20.69,55636,13079,20.672
US4567881085,4813460,INFY,USD,2021-06-24,21.08,21.45,21.08,21.19,57580,14033,21.293
US4567881085,4813460,INFY,USD,2021-06-25,21.34,21.59,21.12,21.25,50591,16092,21.247
US4567881085,4813460,INFY,USD,2021-06-28,21.42,21.5,21.2,21.29,44908,14101,21.289
US4567881085,4813460,INFY,USD,2021-06-29,21.31,21.5,21.22,21.45,44809,12968,21.399
US4567881085,4813460,INFY,USD,2021-06-30,21.49,21.5,21.17,21.28,62893,16492,21.235
US4567881085,4813460,INFY,USD,2021-07-01,21.19,21.24,20.84,20.96,44371,13411,20.958
US4567881085,4813460,INFY,USD,2021-07-02,20.99,21.15,20.81,21.13,35538,10462,21.075
US4567881085,4813460,INFY,USD,2021-07-06,21.01,21.11,20.98,21.11,31196,8496,21.064
US4567881085,4813460,INFY,USD,2021-07-07,21.05,21.23,20.96,21.21,34527,11088,21.125
US4567881085,4813460,INFY,USD,2021-07-08,20.79,20.95,20.67,20.84,42300,13417,20.878
US4567881085,4813460,INFY,USD,2021-07-09,21.1,21.34,20.99,21.33,44847,14417,21.247
US4567881085,4813460,INFY,USD,2021-07-12,21.12,21.12,20.77,21.1,47122,14304,21.059
US4567881085,4813460,INFY,USD,2021-07-13,20.95,21.45,20.87,21.44,84152,23832,21.002
US4567881085,4813460,INFY,USD,2021-07-14,21.5,21.9,21.11,21.4,61848,23266,21.491
US4567881085,4813460,INFY,USD,2021-07-15,21.34,21.4,21.07,21.13,43491,18325,21.149
US4567881085,4813460,INFY,USD,2021-07-16,21.13,21.2,20.79,20.9,104026,18816,20.913
US4567881085,4813460,INFY,USD,2021-07-19,20.71,20.77,20.5,20.65,58202,23161,20.614
US4567881085,4813460,INFY,USD,2021-07-20,20.8,21.02,20.74,20.94,34173,11612,20.907
US4567881085,4813460,INFY,USD,2021-07-21,20.83,21.33,20.83,21.3,38130,13776,21.215
US4567881085,4813460,INFY,USD,2021-07-22,21.49,21.5,21.31,21.33,37134,12529,21.373
US4567881085,4813460,INFY,USD,2021-07-23,21.43,21.74,21.35,21.7,46102,12763,21.62
US4567881085,4813460,INFY,USD,2021-07-26,21.73,21.84,21.57,21.75,45730,17269,21.667
US4567881085,4813460,INFY,USD,2021-07-27,21.6,21.79,21.54,21.71,89537,28104,21.681
US4567881085,4813460,INFY,USD,2021-07-28,21.71,21.93,21.65,21.85,34363,11706,21.836
US4567881085,4813460,INFY,USD,2021-07-29,21.86,22.14,21.86,21.88,56978,18088,22.009
US4567881085,4813460,INFY,USD,2021-07-30,21.8,22.13,21.8,22.11,42353,12329,22.051
US4567881085,4813460,INFY,USD,2021-08-02,22.12,22.47,22.12,22.47,53399,20228,22.3
US4567881085,4813460,INFY,USD,2021-08-03,22.47,22.94,22.47,22.9,61078,23046,22.836
US4567881085,4813460,INFY,USD,2021-08-04,22.64,22.75,22.5,22.75,49836,16109,22.641
US4567881085,4813460,INFY,USD,2021-08-05,22.65,22.79,22.53,22.56,49540,16114,22.606
US4567881085,4813460,INFY,USD,2021-08-06,22.45,22.81,22.43,22.74,38051,14840,22.673
US4567881085,4813460,INFY,USD,2021-08-09,22.46,22.95,22.46,22.95,47317,14079,22.854
US4567881085,4813460,INFY,USD,2021-08-10,22.86,23.08,22.74,22.78,43732,15059,22.846
US4567881085,4813460,INFY,USD,2021-08-11,22.8,22.99,22.78,22.99,26523,10013,22.913
US4567881085,4813460,INFY,USD,2021-08-12,22.99,23.45,22.99,23.26,39381,12951,23.303
US4567881085,4813460,INFY,USD,2021-08-13,23.48,23.74,23.37,23.58,35164,12517,23.588
US4567881085,4813460,INFY,USD,2021-08-16,23.54,23.65,23.32,23.45,33056,11082,23.425
US4567881085,4813460,INFY,USD,2021-08-17,23.61,23.75,23.38,23.57,46004,15474,23.51
US4567881085,4813460,INFY,USD,2021-08-18,23.56,23.87,23.45,23.47,50670,23288,23.648
US4567881085,4813460,INFY,USD,2021-08-19,23.25,23.68,23.2,23.55,47094,15526,23.557
US4567881085,4813460,INFY,USD,2021-08-20,23.67,23.91,23.56,23.88,31528,10654,23.771
US4567881085,4813460,INFY,USD,2021-08-23,23.85,24.14,23.77,24.13,42764,15122,24.044
US4567881085,4813460,INFY,USD,2021-08-24,23.67,24.03,23.67,23.88,61243,22565,23.881
US4567881085,4813460,INFY,USD,2021-08-25,23.9,24.07,23.75,24.02,39174,13470,23.907
US4567881085,4813460,INFY,USD,2021-08-26,23.8,23.9,23.64,23.67,39758,11526,23.754
US4567881085,4813460,INFY,USD,2021-08-27,23.68,23.89,23.68,23.84,43926,14215,23.748
US4567881085,4813460,INFY,USD,2021-08-30,23.67,23.84,23.56,23.79,32516,10911,23.744
US4567881085,4813460,INFY,USD,2021-08-31,23.81,24.0,23.78,23.87,51750,17154,23.874
US4567881085,4813460,INFY,USD,2021-09-01,23.55,23.69,23.5,23.59,86648,30309,23.599
US4567881085,4813460,INFY,USD,2021-09-02,23.58,23.7,23.41,23.7,59757,24545,23.621
US4567881085,4813460,INFY,USD,2021-09-03,23.85,24.08,23.79,24.01,34517,13368,24.001
US4567881085,4813460,INFY,USD,2021-09-07,23.97,24.07,23.4,23.42,79055,26796,23.597
US4567881085,4813460,INFY,USD,2021-09-08,23.42,23.73,23.12,23.3,41029,16833,23.216
US4567881085,4813460,INFY,USD,2021-09-09,23.22,23.28,22.91,22.99,75378,28995,23.034
US4567881085,4813460,INFY,USD,2021-09-10,23.17,23.18,22.93,22.99,38999,15126,23.016
US4567881085,4813460,INFY,USD,2021-09-13,23.21,23.21,22.82,22.98,54708,18030,22.927
US4567881085,4813460,INFY,USD,2021-09-14,22.91,23.14,22.91,23.01,37417,16165,23.038
US4567881085,4813460,INFY,USD,2021-09-15,23.33,23.41,23.21,23.37,45265,19231,23.302
US4567881085,4813460,INFY,USD,2021-09-16,23.3,23.37,22.97,23.07,61443,20741,23.077
US4567881085,4813460,INFY,USD,2021-09-17,23.05,23.05,22.72,22.81,62159,22466,22.826
US4567881085,4813460,INFY,USD,2021-09-20,22.92,23.13,22.49,22.79,66557,24172,22.75
US4567881085,4813460,INFY,USD,2021-09-21,23.07,23.23,23.07,23.12,45419,20738,23.152
US4567881085,4813460,INFY,USD,2021-09-22,23.25,23.38,23.07,23.27,59257,20577,23.275
US4567881085,4813460,INFY,USD,2021-09-23,23.48,24.0,23.48,23.8,49543,22450,23.705
US4567881085,4813460,INFY,USD,2021-09-24,23.84,23.93,23.58,23.78,48333,21076,23.665
US4567881085,4813460,INFY,USD,2021-09-27,23.36,23.36,22.87,22.9,70645,27814,22.962
US4567881085,4813460,INFY,USD,2021-09-28,22.7,22.7,22.07,22.1,65756,26845,22.21
US4567881085,4813460,INFY,USD,2021-09-29,22.31,22.58,22.2,22.48,91425,30168,22.484
US4567881085,4813460,INFY,USD,2021-09-30,22.5,22.52,22.22,22.25,63140,23103,22.337
US4567881085,4813460,INFY,USD,2021-10-01,22.3,22.4,22.06,22.33,66990,26541,22.275
US4567881085,4813460,INFY,USD,2021-10-04,22.41,22.41,22.03,22.15,82620,31888,22.168
US4567881085,4813460,INFY,USD,2021-10-05,22.52,22.78,22.27,22.75,91558,29500,22.622
US4567881085,4813460,INFY,USD,2021-10-06,22.24,22.5,22.15,22.45,67370,28273,22.349
US4567881085,4813460,INFY,USD,2021-10-07,22.64,22.84,22.55,22.77,54019,22641,22.763
US4567881085,4813460,INFY,USD,2021-10-08,22.8,23.4,21.73,21.9,150008,55872,22.028
US4567881085,4813460,INFY,USD,2021-10-11,22.44,22.44,21.81,21.81,111640,39507,21.912
US4567881085,4813460,INFY,USD,2021-10-12,21.88,22.1,21.86,22.1,134544,42269,21.948
US4567881085,4813460,INFY,USD,2021-10-13,22.28,23.5,22.01,22.75,125213,41963,22.726
US4567881085,4813460,INFY,USD,2021-10-14,22.54,22.74,22.23,22.7,109072,30330,22.522
US4567881085,4813460,INFY,USD,2021-10-15,22.73,23.4,22.73,23.3,206196,48862,23.204
US4567881085,4813460,INFY,USD,2021-10-18,23.4,23.86,23.4,23.84,122471,34858,23.658
US4567881085,4813460,INFY,USD,2021-10-19,24.1,24.29,23.91,24.29,74227,25249,24.149
US4567881085,4813460,INFY,USD,2021-10-20,24.07,24.19,23.84,24.15,59553,22261,24.029
US4567881085,4813460,INFY,USD,2021-10-21,23.52,23.56,23.33,23.4,54962,21328,23.438
US4567881085,4813460,INFY,USD,2021-10-22,22.93,23.22,22.9,23.0,74178,26779,23.084
US4567881085,4813460,INFY,USD,2021-10-25,22.89,22.98,22.73,22.88,90123,24623,22.899
US4567881085,4813460,INFY,USD,2021-10-26,22.71,22.92,22.59,22.69,55781,20600,22.748
US4567881085,4813460,INFY,USD,2021-10-27,22.77,22.99,22.55,22.58,120395,27477,22.609
US4567881085,4813460,INFY,USD,2021-10-28,22.58,22.71,22.45,22.57,65501,21243,22.566
US4567881085,4813460,INFY,USD,2021-10-29,22.16,22.32,22.15,22.29,52933,20110,22.258
US4567881085,4813460,INFY,USD,2021-11-01,22.69,22.7,22.38,22.47,40681,15771,22.477
US4567881085,4813460,INFY,USD,2021-11-02,22.47,22.69,22.43,22.68,35407,11069,22.611
US4567881085,4813460,INFY,USD,2021-11-03,21.93,22.73,21.93,22.71,68482,12511,22.668
US4567881085,4813460,INFY,USD,2021-11-04,22.71,22.88,22.68,22.71,38152,16508,22.787
US4567881085,4813460,INFY,USD,2021-11-05,22.66,22.92,22.66,22.8,30885,13290,22.779
US4567881085,4813460,INFY,USD,2021-11-08,23.16,23.47,23.16,23.42,64088,26301,23.371
US4567881085,4813460,INFY,USD,2021-11-09,23.6,23.6,23.06,23.23,53161,21481,23.256
US4567881085,4813460,INFY,USD,2021-11-10,23.21,23.25,22.93,22.97,57924,21088,23.037
US4567881085,4813460,INFY,USD,2021-11-11,23.03,23.28,23.03,23.2,34438,14233,23.222
US4567881085,4813460,INFY,USD,2021-11-12,23.62,23.78,23.53,23.7,50666,15454,23.62
US4567881085,4813460,INFY,USD,2021-11-15,23.87,23.87,23.57,23.57,33232,13013,23.702
US4567881085,4813460,INFY,USD,2021-11-16,23.74,24.09,23.59,24.03,78381,23550,23.967
US4567881085,4813460,INFY,USD,2021-11-17,23.94,24.02,23.73,23.74,49317,17957,23.837
US4567881085,4813460,INFY,USD,2021-11-18,23.75,23.78,23.52,23.65,62207,21336,23.619
US4567881085,4813460,INFY,USD,2021-11-19,23.63,23.7,23.52,23.59,29474,11865,23.634
US4567881085,4813460,INFY,USD,2021-11-22,23.54,23.56,22.76,22.96,113773,26247,22.929
US4567881085,4813460,INFY,USD,2021-11-23,22.89,23.19,22.73,22.89,82625,22515,22.876
US4567881085,4813460,INFY,USD,2021-11-24,22.68,22.68,22.3,22.63,36029,13666,22.534
US4567881085,4813460,INFY,USD,2021-11-26,22.31,22.5,22.14,22.2,33864,15683,22.311
US4567881085,4813460,INFY,USD,2021-11-29,22.7,22.7,22.3,22.63,90422,18528,22.595
US4567881085,4813460,INFY,USD,2021-11-30,22.64,23.08,22.51,22.51,80942,24823,22.674
US4567881085,4813460,INFY,USD,2021-12-01,22.69,22.9,22.4,22.44,63864,28009,22.681
US4567881085,4813460,INFY,USD,2021-12-02,22.92,23.51,22.83,23.4,89034,32199,23.28
US4567881085,4813460,INFY,USD,2021-12-03,23.18,23.19,22.7,22.8,64286,26901,22.887
US4567881085,4813460,INFY,USD,2021-12-06,22.53,22.53,21.88,22.36,42946,18361,22.194
US4567881085,4813460,INFY,USD,2021-12-07,22.6,23.07,22.43,23.06,80286,32665,22.868
US4567881085,4813460,INFY,USD,2021-12-08,23.29,23.52,23.11,23.45,49901,21044,23.392
US4567881085,4813460,INFY,USD,2021-12-09,23.4,23.44,23.22,23.22,42427,19684,23.323
US4567881085,4813460,INFY,USD,2021-12-10,23.3,23.54,23.06,23.19,37931,17928,23.21
US4567881085,4813460,INFY,USD,2021-12-13,23.01,23.08,22.57,22.61,43078,20809,22.7
US4567881085,4813460,INFY,USD,2021-12-14,22.91,22.97,22.61,22.77,49776,21642,22.815
US4567881085,4813460,INFY,USD,2021-12-15,22.72,23.28,22.72,23.28,65461,27545,23.002
US4567881085,4813460,INFY,USD,2021-12-16,23.63,24.5,23.38,24.11,100192,41040,24.222
US4567881085,4813460,INFY,USD,2021-12-17,24.23,24.62,23.87,24.05,61590,24461,24.1
US4567881085,4813460,INFY,USD,2021-12-20,23.93,23.93,23.4,23.76,36926,17809,23.609
US4567881085,4813460,INFY,USD,2021-12-21,23.91,24.25,23.84,24.22,32206,14659,24.09
US4567881085,4813460,INFY,USD,2021-12-22,24.22,24.54,24.15,24.54,67283,19498,24.447
US4567881085,4813460,INFY,USD,2021-12-23,24.81,24.86,24.5,24.73,23543,9075,24.709
US4567881085,4813460,INFY,USD,2021-12-27,24.97,25.34,24.83,25.32,32340,14014,25.215
US4567881085,4813460,INFY,USD,2021-12-28,25.34,25.41,25.18,25.36,22410,9206,25.283
US4567881085,4813460,INFY,USD,2021-12-29,25.39,25.41,25.13,25.3,21731,8564,25.329
US4567881085,4813460,INFY,USD,2021-12-30,25.6,25.63,25.38,25.39,20262,9897,25.453
US4567881085,4813460,INFY,USD,2021-12-31,25.5,25.57,25.31,25.31,28117,12085,25.439
US4567881085,4813460,INFY,USD,2022-01-03,25.61,25.67,25.15,25.27,41841,17963,25.263
US4567881085,4813460,INFY,USD,2022-01-04,25.32,25.58,24.98,25.11,77200,27323,25.09
US4567881085,4813460,INFY,USD,2022-01-05,24.61,24.92,24.25,24.3,84539,29077,24.532
US4567881085,4813460,INFY,USD,2022-01-06,24.12,24.49,23.97,24.2,109475,36401,24.094
US4567881085,4813460,INFY,USD,2022-01-07,24.13,24.37,23.97,24.2,61046,26448,24.153
US4567881085,4813460,INFY,USD,2022-01-10,24.76,24.9,24.42,24.88,92378,36146,24.585
US4567881085,4813460,INFY,USD,2022-01-11,24.9,25.1,24.65,25.05,93524,35835,24.898
US4567881085,4813460,INFY,USD,2022-01-12,25.05,26.39,25.05,26.19,146912,50948,25.861
US4567881085,4813460,INFY,USD,2022-01-13,25.66,25.78,25.46,25.55,188986,57689,25.619
US4567881085,4813460,INFY,USD,2022-01-14,25.8,26.29,25.58,26.2,108501,43863,26.031
US4567881085,4813460,INFY,USD,2022-01-18,25.64,25.83,25.41,25.51,63723,27153,25.538
US4567881085,4813460,INFY,USD,2022-01-19,25.17,25.17,24.45,24.52,130499,50702,24.673
US4567881085,4813460,INFY,USD,2022-01-20,24.28,24.4,23.61,23.82,164316,52844,24.057
US4567881085,4813460,INFY,USD,2022-01-21,23.58,23.77,23.31,23.32,101929,37563,23.549
US4567881085,4813460,INFY,USD,2022-01-24,23.09,23.12,21.97,22.94,174623,66424,22.508
US4567881085,4813460,INFY,USD,2022-01-25,22.73,22.9,22.4,22.48,90124,40006,22.574
US4567881085,4813460,INFY,USD,2022-01-26,22.53,22.84,22.17,22.39,101937,38659,22.497
US4567881085,4813460,INFY,USD,2022-01-27,22.22,22.39,21.72,21.9,138141,55707,22.036
US4567881085,4813460,INFY,USD,2022-01-28,22.0,22.7,21.81,22.66,149119,50140,22.43
US4567881085,4813460,INFY,USD,2022-01-31,23.41,23.61,23.01,23.56,53588,24384,23.401
US4567881085,4813460,INFY,USD,2022-02-01,23.79,23.79,23.23,23.52,98906,36817,23.444
US4567881085,4813460,INFY,USD,2022-02-02,23.7,23.85,23.52,23.52,87196,23267,23.775
US4567881085,4813460,INFY,USD,2022-02-03,23.12,23.26,22.73,23.02,117334,40085,22.926
US4567881085,4813460,INFY,USD,2022-02-04,22.98,23.21,22.66,22.89,175405,62406,22.862
US4567881085,4813460,INFY,USD,2022-02-07,22.72,22.91,22.41,22.47,152860,46794,22.556
US4567881085,4813460,INFY,USD,2022-02-08,22.56,22.97,22.33,22.89,159218,46681,22.687
US4567881085,4813460,INFY,USD,2022-02-09,23.1,23.46,23.05,23.41,71545,26195,23.343
US4567881085,4813460,INFY,USD,2022-02-10,23.42,23.56,22.87,22.94,102173,28008,23.015
US4567881085,4813460,INFY,USD,2022-02-11,22.79,22.79,22.21,22.22,73618,30200,22.402
US4567881085,4813460,INFY,USD,2022-02-14,22.2,22.26,21.89,22.19,61405,26301,22.096
US4567881085,4813460,INFY,USD,2022-02-15,22.76,23.03,22.65,22.89,96052,30905,22.804
US4567881085,4813460,INFY,USD,2022-02-16,22.71,22.85,22.49,22.84,62227,25104,22.703
US4567881085,4813460,INFY,USD,2022-02-17,22.68,22.86,22.37,22.43,80873,28906,22.513
US4567881085,4813460,INFY,USD,2022-02-18,22.48,22.75,22.31,22.51,70409,28598,22.483
US4567881085,4813460,INFY,USD,2022-02-22,22.81,23.32,22.44,23.05,152430,45694,23.034
US4567881085,4813460,INFY,USD,2022-02-23,23.23,23.24,22.5,22.5,79775,30122,22.812
US4567881085,4813460,INFY,USD,2022-02-24,21.88,22.72,21.04,22.26,185132,75847,21.701
US4567881085,4813460,INFY,USD,2022-02-25,21.99,22.9,21.99,22.9,78222,26620,22.714
US4567881085,4813460,INFY,USD,2022-02-28,22.36,22.89,22.28,22.89,63608,30209,22.51
US4567881085,4813460,INFY,USD,2022-03-01,22.26,22.5,22.03,22.19,64280,27470,22.203
US4567881085,4813460,INFY,USD,2022-03-02,22.16,22.78,22.01,22.57,83899,25093,22.559
US4567881085,4813460,INFY,USD,2022-03-03,22.59,22.94,22.42,22.45,66883,27972,22.587
US4567881085,4813460,INFY,USD,2022-03-04,22.33,22.55,22.14,22.54,93019,29528,22.37
US4567881085,4813460,INFY,USD,2022-03-07,22.27,22.65,22.19,22.25,135519,38059,22.467
US4567881085,4813460,INFY,USD,2022-03-08,22.94,23.61,22.54,23.26,194623,62385,23.291
US4567881085,4813460,INFY,USD,2022-03-09,23.96,24.15,23.54,23.94,98793,41764,23.87
US4567881085,4813460,INFY,USD,2022-03-10,23.87,23.93,23.54,23.56,73886,24285,23.762
US4567881085,4813460,INFY,USD,2022-03-11,24.07,24.29,23.91,24.01,74644,28784,24.091
US4567881085,4813460,INFY,USD,2022-03-14,24.58,25.04,24.43,24.84,132680,47878,24.774
US4567881085,4813460,INFY,USD,2022-03-15,24.19,24.31,23.59,24.09,85685,38107,23.964
US4567881085,4813460,INFY,USD,2022-03-16,24.7,25.15,24.4,25.15,117206,36110,24.887
US4567881085,4813460,INFY,USD,2022-03-17,24.41,25.05,24.4,24.46,124592,46909,24.67
US4567881085,4813460,INFY,USD,2022-03-18,24.37,25.04,24.21,24.93,273005,53903,24.841
US4567881085,4813460,INFY,USD,2022-03-21,24.36,24.72,24.07,24.21,76293,34987,24.198
US4567881085,4813460,INFY,USD,2022-03-22,24.21,24.95,24.21,24.8,50058,23175,24.774
US4567881085,4813460,INFY,USD,2022-03-23,24.46,24.65,24.28,24.31,85698,27565,24.442
US4567881085,4813460,INFY,USD,2022-03-24,24.57,24.69,24.31,24.67,32567,14156,24.576
US4567881085,4813460,INFY,USD,2022-03-25,24.56,24.75,24.51,24.62,29707,13503,24.657
US4567881085,4813460,INFY,USD,2022-03-28,24.68,24.77,24.51,24.75,26598,11528,24.675
US4567881085,4813460,INFY,USD,2022-03-29,24.75,25.12,24.75,25.11,35690,15764,24.955
US4567881085,4813460,INFY,USD,2022-03-30,25.09,25.17,24.82,25.11,29596,11987,25.031
US4567881085,4813460,INFY,USD,2022-03-31,25.08,25.21,24.86,24.86,60654,18191,25.064
US4567881085,4813460,INFY,USD,2022-04-01,24.9,25.13,24.54,24.58,141246,41899,24.683
US4567881085,4813460,INFY,USD,2022-04-04,24.99,24.99,24.53,24.74,117682,41123,24.65
US4567881085,4813460,INFY,USD,2022-04-05,24.6,24.6,24.27,24.45,58762,25063,24.387
US4567881085,4813460,INFY,USD,2022-04-06,24.25,24.25,23.74,24.01,118304,28022,23.954
US4567881085,4813460,INFY,USD,2022-04-07,24.03,24.03,23.67,23.82,79476,32600,23.831
US4567881085,4813460,INFY,USD,2022-04-08,23.78,23.9,23.64,23.7,49648,20637,23.778
US4567881085,4813460,INFY,USD,2022-04-11,23.5,23.5,22.96,23.1,61834,24785,23.137
US4567881085,4813460,INFY,USD,2022-04-12,23.1,23.27,22.47,22.74,109326,38103,22.682
US4567881085,4813460,INFY,USD,2022-04-13,22.86,22.86,20.92,21.36,184444,70003,21.289
US4567881085,4813460,INFY,USD,2022-04-14,21.38,21.6,20.42,20.5,153263,57686,20.655
US4567881085,4813460,INFY,USD,2022-04-18,20.93,20.97,20.37,20.65,106714,40079,20.518
US4567881085,4813460,INFY,USD,2022-04-19,20.4,20.47,19.75,20.45,151990,56702,20.179
US4567881085,4813460,INFY,USD,2022-04-20,20.65,20.73,20.46,20.57,93973,37106,20.59
US4567881085,4813460,INFY,USD,2022-04-21,21.0,21.03,20.62,20.68,172035,52315,20.735
US4567881085,4813460,INFY,USD,2022-04-22,20.6,20.61,20.12,20.26,114914,40844,20.251
US4567881085,4813460,INFY,USD,2022-04-25,20.36,20.47,20.03,20.47,84716,29829,20.222
US4567881085,4813460,INFY,USD,2022-04-26,20.32,20.38,20.01,20.01,124767,39466,20.161
US4567881085,4813460,INFY,USD,2022-04-27,20.12,20.32,19.98,20.12,90382,31674,20.159
US4567881085,4813460,INFY,USD,2022-04-28,20.5,20.66,20.35,20.5,237676,54175,20.478
US4567881085,4813460,INFY,USD,2022-04-29,20.32,20.32,19.87,19.9,112130,43023,19.998
US4567881085,4813460,INFY,USD,2022-05-02,19.87,20.22,19.84,20.19,140983,28243,20.069
US4567881085,4813460,INFY,USD,2022-05-03,20.1,20.29,20.09,20.22,67863,18589,20.215
US4567881085,4813460,INFY,USD,2022-05-04,20.13,20.66,20.03,20.37,72396,22573,20.322
US4567881085,4813460,INFY,USD,2022-05-05,20.69,20.98,20.06,20.06,91494,34226,20.333
US4567881085,4813460,INFY,USD,2022-05-06,20.03,20.03,19.71,19.78,63337,26372,19.861
US4567881085,4813460,INFY,USD,2022-05-09,20.08,20.16,19.76,19.89,98039,35727,19.883
US4567881085,4813460,INFY,USD,2022-05-10,19.99,20.12,19.51,19.61,178671,46920,19.751
US4567881085,4813460,INFY,USD,2022-05-11,19.76,19.78,19.23,19.23,76660,33223,19.54
US4567881085,4813460,INFY,USD,2022-05-12,19.28,19.65,19.12,19.53,124905,32442,19.473
US4567881085,4813460,INFY,USD,2022-05-13,19.34,19.53,19.19,19.53,130287,42877,19.388
US4567881085,4813460,INFY,USD,2022-05-16,19.05,19.26,18.9,18.95,105719,31594,18.98
US4567881085,4813460,INFY,USD,2022-05-17,19.31,19.62,19.31,19.61,68066,26590,19.551
US4567881085,4813460,INFY,USD,2022-05-18,19.37,19.47,18.76,18.78,102768,33636,18.972
US4567881085,4813460,INFY,USD,2022-05-19,18.33,18.83,18.22,18.63,89602,31504,18.619
US4567881085,4813460,INFY,USD,2022-05-20,18.75,18.85,18.38,18.82,55387,21414,18.576
US4567881085,4813460,INFY,USD,2022-05-23,18.91,19.0,18.63,19.0,49596,16653,18.849
US4567881085,4813460,INFY,USD,2022-05-24,18.56,18.57,18.25,18.4,94866,30053,18.392
US4567881085,4813460,INFY,USD,2022-05-25,18.06,18.38,17.89,18.38,182386,36571,18.106
US4567881085,4813460,INFY,USD,2022-05-26,18.04,18.56,18.04,18.45,88014,32878,18.413
US4567881085,4813460,INFY,USD,2022-05-27,18.87,19.04,18.74,18.91,131800,24806,18.967
US4567881085,4813460,INFY,USD,2022-05-31,19.32,19.33,18.67,18.94,145382,36605,18.878
US4567881085,4813460,INFY,USD,2022-06-01,18.91,19.15,18.85,18.94,110806,27641,19.018
US4567881085,4813460,INFY,USD,2022-06-02,19.38,19.52,19.24,19.52,44597,16992,19.42
US4567881085,4813460,INFY,USD,2022-06-03,19.6,19.6,19.33,19.38,76276,15144,19.42
US4567881085,4813460,INFY,USD,2022-06-06,19.52,19.65,19.39,19.43,36364,11742,19.481
US4567881085,4813460,INFY,USD,2022-06-07,19.26,19.39,19.04,19.38,60632,21369,19.252
US4567881085,4813460,INFY,USD,2022-06-08,19.14,19.31,19.14,19.16,30021,11347,19.218
US4567881085,4813460,INFY,USD,2022-06-09,19.32,19.5,18.88,18.93,57405,17947,19.039
US4567881085,4813460,INFY,USD,2022-06-10,18.71,18.74,18.2,18.33,76306,26900,18.389
US4567881085,4813460,INFY,USD,2022-06-13,18.07,18.07,17.76,17.85,90522,30455,17.886
US4567881085,4813460,INFY,USD,2022-06-14,18.03,18.31,18.0,18.24,112516,33831,18.199
US4567881085,4813460,INFY,USD,2022-06-15,18.23,18.33,17.89,18.29,128583,42350,18.146
US4567881085,4813460,INFY,USD,2022-06-16,17.84,17.91,17.59,17.69,55370,19416,17.677
US4567881085,4813460,INFY,USD,2022-06-17,17.65,17.95,17.52,17.76,129033,37592,17.768
US4567881085,4813460,INFY,USD,2022-06-21,18.0,18.95,18.0,18.77,130146,33437,18.8
US4567881085,4813460,INFY,USD,2022-06-22,18.4,18.58,18.19,18.32,123591,31161,18.349
US4567881085,4813460,INFY,USD,2022-06-23,18.43,18.6,18.28,18.44,116844,31234,18.413
US4567881085,4813460,INFY,USD,2022-06-24,18.45,18.71,18.24,18.7,62614,20347,18.569
US4567881085,4813460,INFY,USD,2022-06-27,18.87,18.87,18.57,18.76,50095,17768,18.704
US4567881085,4813460,INFY,USD,2022-06-28,18.79,18.84,18.44,18.46,49057,16440,18.591
US4567881085,4813460,INFY,USD,2022-06-29,18.52,18.67,18.28,18.61,49373,18310,18.573
US4567881085,4813460,INFY,USD,2022-06-30,18.35,18.57,18.34,18.51,91132,23184,18.436
US4567881085,4813460,INFY,USD,2022-07-01,18.56,18.91,18.5,18.73,88571,17297,18.788
US4567881085,4813460,INFY,USD,2022-07-05,18.56,18.69,18.36,18.66,100204,20271,18.584
US4567881085,4813460,INFY,USD,2022-07-06,18.69,19.02,18.66,18.93,85504,22818,18.887
US4567881085,4813460,INFY,USD,2022-07-07,18.94,19.18,18.9,19.07,86494,21191,19.06
US4567881085,4813460,INFY,USD,2022-07-08,19.14,19.17,18.76,19.06,155209,39079,19.016
US4567881085,4813460,INFY,USD,2022-07-11,18.51,18.64,18.22,18.64,75927,21565,18.433
US4567881085,4813460,INFY,USD,2022-07-12,18.08,18.37,18.01,18.18,120808,27373,18.227
US4567881085,4813460,INFY,USD,2022-07-13,18.29,18.6,17.94,18.11,82999,23686,18.125
US4567881085,4813460,INFY,USD,2022-07-14,17.89,17.95,17.63,17.92,58754,22690,17.788
US4567881085,4813460,INFY,USD,2022-07-15,17.9,18.21,17.9,18.17,46404,14895,18.126
US4567881085,4813460,INFY,USD,2022-07-18,18.58,18.77,18.39,18.44,72738,14943,18.51
US4567881085,4813460,INFY,USD,2022-07-19,18.53,18.79,18.53,18.79,47849,14277,18.708
US4567881085,4813460,INFY,USD,2022-07-20,18.87,18.87,18.61,18.72,100766,25451,18.745
US4567881085,4813460,INFY,USD,2022-07-21,19.01,19.28,18.94,19.02,147268,34892,19.077
US4567881085,4813460,INFY,USD,2022-07-22,18.95,19.06,18.79,18.88,95937,22850,18.891
US4567881085,4813460,INFY,USD,2022-07-25,18.9,18.9,18.25,18.55,146225,48511,18.455
US4567881085,4813460,INFY,USD,2022-07-26,18.08,18.09,17.84,17.97,96985,30248,17.926
US4567881085,4813460,INFY,USD,2022-07-27,18.17,18.79,18.1,18.79,93798,32022,18.657
US4567881085,4813460,INFY,USD,2022-07-28,18.66,19.17,18.66,19.15,92612,31605,18.986
US4567881085,4813460,INFY,USD,2022-07-29,19.41,19.6,19.32,19.49,67747,19607,19.48
US4567881085,4813460,INFY,USD,2022-08-01,19.51,19.62,19.35,19.62,82451,19445,19.538
US4567881085,4813460,INFY,USD,2022-08-02,19.49,19.62,19.44,19.49,38139,11797,19.533
US4567881085,4813460,INFY,USD,2022-08-03,19.67,20.1,19.67,20.0,70169,23111,19.965
US4567881085,4813460,INFY,USD,2022-08-04,20.14,20.27,20.08,20.08,79909,25536,20.16
US4567881085,4813460,INFY,USD,2022-08-05,20.3,20.33,20.02,20.33,54449,16322,20.186
US4567881085,4813460,INFY,USD,2022-08-08,20.34,20.38,20.2,20.2,93399,20805,20.27
US4567881085,4813460,INFY,USD,2022-08-09,20.2,20.26,20.13,20.18,49786,12985,20.185
US4567881085,4813460,INFY,USD,2022-08-10,20.2,20.6,20.2,20.38,55660,19489,20.408
US4567881085,4813460,INFY,USD,2022-08-11,20.44,20.44,20.09,20.12,70578,21212,20.18
US4567881085,4813460,INFY,USD,2022-08-12,20.2,20.2,19.78,20.11,45851,16755,20.051
US4567881085,4813460,INFY,USD,2022-08-15,20.04,20.15,20.02,20.13,21826,9032,20.104
US4567881085,4813460,INFY,USD,2022-08-16,20.05,20.16,19.98,20.15,73192,16270,20.093
US4567881085,4813460,INFY,USD,2022-08-17,20.16,20.99,19.9,20.09,96400,19109,20.042
US4567881085,4813460,INFY,USD,2022-08-18,19.88,20.05,19.76,19.99,45817,12866,19.98
US4567881085,4813460,INFY,USD,2022-08-19,19.98,20.08,19.75,19.76,25965,10258,19.815
US4567881085,4813460,INFY,USD,2022-08-22,19.73,19.74,19.32,19.46,83352,14429,19.531
US4567881085,4813460,INFY,USD,2022-08-23,19.32,19.47,19.25,19.25,63429,17945,19.343
US4567881085,4813460,INFY,USD,2022-08-24,19.24,19.39,19.2,19.25,45509,12712,19.279
US4567881085,4813460,INFY,USD,2022-08-25,19.15,19.21,19.02,19.17,36588,13916,19.115
US4567881085,4813460,INFY,USD,2022-08-26,19.16,19.21,18.62,18.75,49513,17565,18.765
US4567881085,4813460,INFY,USD,2022-08-29,18.31,18.47,18.21,18.37,40234,14216,18.38
US4567881085,4813460,INFY,USD,2022-08-30,18.61,18.97,18.36,18.48,60935,12602,18.458
US4567881085,4813460,INFY,USD,2022-08-31,18.48,18.55,18.3,18.31,71018,13773,18.35
US4567881085,4813460,INFY,USD,2022-09-01,18.24,18.42,18.19,18.42,41809,15906,18.294
US4567881085,4813460,INFY,USD,2022-09-02,18.33,18.44,17.99,18.09,49176,18028,18.173
US4567881085,4813460,INFY,USD,2022-09-06,18.14,18.22,17.93,18.1,46926,15078,18.03
US4567881085,4813460,INFY,USD,2022-09-07,18.05,18.45,18.05,18.42,40078,15328,18.311
US4567881085,4813460,INFY,USD,2022-09-08,18.35,18.53,18.28,18.46,37608,11988,18.451
US4567881085,4813460,INFY,USD,2022-09-09,19.16,19.16,18.75,18.98,51647,17772,18.978
US4567881085,4813460,INFY,USD,2022-09-12,19.33,19.41,19.19,19.24,34425,11251,19.302
US4567881085,4813460,INFY,USD,2022-09-13,19.63,19.81,18.49,18.56,146646,43889,18.667
US4567881085,4813460,INFY,USD,2022-09-14,18.56,18.62,17.97,18.41,164570,35752,18.154
US4567881085,4813460,INFY,USD,2022-09-15,17.97,17.97,17.51,17.79,183671,47813,17.672
US4567881085,4813460,INFY,USD,2022-09-16,17.5,17.5,17.09,17.42,421561,65206,17.297
US4567881085,4813460,INFY,USD,2022-09-19,17.43,17.53,17.29,17.41,145003,32984,17.434
US4567881085,4813460,INFY,USD,2022-09-20,17.31,17.31,16.95,17.02,130215,33769,17.1
US4567881085,4813460,INFY,USD,2022-09-21,17.2,17.29,16.99,17.05,100954,31073,17.134
US4567881085,4813460,INFY,USD,2022-09-22,16.99,17.01,16.59,16.69,175865,29810,16.741
US4567881085,4813460,INFY,USD,2022-09-23,16.58,16.76,16.39,16.76,176463,40729,16.549
US4567881085,4813460,INFY,USD,2022-09-26,16.64,16.94,16.64,16.69,98880,26179,16.776
US4567881085,4813460,INFY,USD,2022-09-27,16.89,17.04,16.68,16.82,99918,30080,16.821
US4567881085,4813460,INFY,USD,2022-09-28,16.83,17.2,16.76,17.11,83246,24807,17.063
US4567881085,4813460,INFY,USD,2022-09-29,16.89,16.9,16.69,16.86,58047,17318,16.815
US4567881085,4813460,INFY,USD,2022-09-30,17.34,17.34,16.97,16.97,60064,15322,17.067
US4567881085,4813460,INFY,USD,2022-10-03,16.88,17.18,16.75,17.18,93497,27873,17.026
US4567881085,4813460,INFY,USD,2022-10-04,17.46,17.71,17.29,17.7,77702,21900,17.59
US4567881085,4813460,INFY,USD,2022-10-05,17.57,17.75,17.4,17.64,58483,17177,17.599
US4567881085,4813460,INFY,USD,2022-10-06,17.67,17.73,17.47,17.5,80756,27771,17.56
US4567881085,4813460,INFY,USD,2022-10-07,17.39,17.39,17.0,17.06,107276,27101,17.135
US4567881085,4813460,INFY,USD,2022-10-10,17.26,17.93,17.26,17.51,227202,59086,17.506
US4567881085,4813460,INFY,USD,2022-10-11,17.13,17.28,16.83,17.13,120438,37138,17.125
US4567881085,4813460,INFY,USD,2022-10-12,17.1,17.36,17.03,17.36,110744,32050,17.197
US4567881085,4813460,INFY,USD,2022-10-13,17.43,18.23,16.89,18.1,154082,50098,17.772
US4567881085,4813460,INFY,USD,2022-10-14,18.21,18.21,17.76,17.81,131061,41869,17.941
US4567881085,4813460,INFY,USD,2022-10-17,17.94,18.38,17.94,18.24,93938,26127,18.207
US4567881085,4813460,INFY,USD,2022-10-18,18.16,18.38,17.88,18.07,72521,23440,18.059
US4567881085,4813460,INFY,USD,2022-10-19,17.9,17.98,17.72,17.8,60021,20194,17.847
US4567881085,4813460,INFY,USD,2022-10-20,17.88,18.28,17.82,17.89,66104,22722,18.032
US4567881085,4813460,INFY,USD,2022-10-21,17.86,18.36,17.8,18.3,70466,22301,18.209
US4567881085,4813460,INFY,USD,2022-10-24,18.41,18.54,18.21,18.53,80042,24794,18.397
US4567881085,4813460,INFY,USD,2022-10-25,18.44,18.68,18.44,18.62,53960,18091,18.602
US4567881085,4813460,INFY,USD,2022-10-26,18.73,18.88,18.55,18.68,72033,24982,18.727
US4567881085,4813460,INFY,USD,2022-10-27,18.42,18.63,18.41,18.51,69918,22011,18.527
US4567881085,4813460,INFY,USD,2022-10-28,18.41,18.81,18.2,18.78,82260,27462,18.67
US4567881085,4813460,INFY,USD,2022-10-31,18.69,18.83,18.61,18.77,82308,21419,18.735
US4567881085,4813460,INFY,USD,2022-11-01,18.92,19.28,18.83,18.88,51837,18828,18.961
US4567881085,4813460,INFY,USD,2022-11-02,18.78,18.88,18.4,18.41,60447,18802,18.607
US4567881085,4813460,INFY,USD,2022-11-03,18.34,18.34,18.08,18.19,109922,26631,18.174
US4567881085,4813460,INFY,USD,2022-11-04,18.31,18.46,18.09,18.28,105012,28943,18.244
US4567881085,4813460,INFY,USD,2022-11-07,18.36,18.66,18.17,18.64,59043,17676,18.479
US4567881085,4813460,INFY,USD,2022-11-08,18.6,18.95,18.6,18.69,57928,19098,18.797
US4567881085,4813460,INFY,USD,2022-11-09,18.6,18.75,18.36,18.48,98053,21917,18.566
US4567881085,4813460,INFY,USD,2022-11-10,18.63,19.29,18.58,19.2,88400,30161,19.123
US4567881085,4813460,INFY,USD,2022-11-11,19.49,19.79,19.35,19.75,58755,18894,19.608
US4567881085,4813460,INFY,USD,2022-11-14,19.72,19.8,19.38,19.56,52206,17614,19.647
US4567881085,4813460,INFY,USD,2022-11-15,19.56,20.06,19.56,19.79,48237,16430,19.887
US4567881085,4813460,INFY,USD,2022-11-16,19.96,19.97,19.57,19.69,43484,13378,19.689
US4567881085,4813460,INFY,USD,2022-11-17,19.51,19.54,19.34,19.48,38932,11790,19.449
US4567881085,4813460,INFY,USD,2022-11-18,19.57,19.68,19.35,19.4,25504,9407,19.45
US4567881085,4813460,INFY,USD,2022-11-21,19.07,19.34,19.06,19.3,41895,13910,19.289
US4567881085,4813460,INFY,USD,2022-11-22,19.49,19.49,19.25,19.37,39177,17028,19.33
US4567881085,4813460,INFY,USD,2022-11-23,19.32,19.55,19.28,19.32,31133,11882,19.475
US4567881085,4813460,INFY,USD,2022-11-25,20.02,20.11,19.78,19.92,30288,10466,19.913
US4567881085,4813460,INFY,USD,2022-11-28,19.9,19.96,19.61,19.63,38449,13851,19.786
US4567881085,4813460,INFY,USD,2022-11-29,19.79,19.89,19.66,19.66,52910,15375,19.745
US4567881085,4813460,INFY,USD,2022-11-30,19.83,20.36,19.77,20.34,63919,18724,20.133
US4567881085,4813460,INFY,USD,2022-12-01,20.42,20.57,20.24,20.5,52831,20016,20.463
US4567881085,4813460,INFY,USD,2022-12-02,20.29,20.33,19.86,20.19,53693,22702,20.106
US4567881085,4813460,INFY,USD,2022-12-05,20.13,20.15,19.59,19.78,54605,19136,19.77
US4567881085,4813460,INFY,USD,2022-12-06,19.51,19.65,19.18,19.4,111789,29670,19.371
US4567881085,4813460,INFY,USD,2022-12-07,19.35,19.43,19.23,19.42,64325,23186,19.35
US4567881085,4813460,INFY,USD,2022-12-08,19.53,19.82,19.48,19.5,65744,25052,19.605
US4567881085,4813460,INFY,USD,2022-12-09,19.1,19.1,18.41,18.55,120582,43034,18.561
US4567881085,4813460,INFY,USD,2022-12-12,18.44,18.53,18.36,18.41,63070,20507,18.417
US4567881085,4813460,INFY,USD,2022-12-13,18.66,19.15,18.63,18.73,127052,46364,18.855
US4567881085,4813460,INFY,USD,2022-12-14,18.81,18.97,18.6,18.94,74097,23399,18.8
US4567881085,4813460,INFY,USD,2022-12-15,18.49,18.5,18.01,18.17,47890,16179,18.142
US4567881085,4813460,INFY,USD,2022-12-16,18.14,18.22,17.69,17.73,149192,40454,17.86
US4567881085,4813460,INFY,USD,2022-12-19,17.91,17.99,17.79,17.88,83863,27554,17.882
US4567881085,4813460,INFY,USD,2022-12-20,17.96,18.21,17.9,18.06,62224,21140,18.095
US4567881085,4813460,INFY,USD,2022-12-21,18.24,18.28,18.02,18.26,40709,13259,18.203
US4567881085,4813460,INFY,USD,2022-12-22,18.27,18.27,17.72,17.92,63693,21803,17.898
US4567881085,4813460,INFY,USD,2022-12-23,17.83,17.95,17.73,17.92,34974,11753,17.884
US4567881085,4813460,INFY,USD,2022-12-27,18.1,18.15,17.83,17.99,47815,15703,18.005
US4567881085,4813460,INFY,USD,2022-12-28,18.05,18.19,17.92,17.94,56717,18940,18.027
US4567881085,4813460,INFY,USD,2022-12-29,18.11,18.38,18.09,18.13,47876,13207,18.26
US4567881085,4813460,INFY,USD,2022-12-30,18.1,18.18,17.85,18.01,42822,15217,17.98
US4567881085,4813460,INFY,USD,2023-01-03,18.18,18.35,18.05,18.23,91273,29356,18.169
US4567881085,4813460,INFY,USD,2023-01-04,17.99,18.17,17.85,18.1,101021,23918,18.061
US4567881085,4813460,INFY,USD,2023-01-05,17.78,17.87,17.68,17.71,61338,19116,17.751
US4567881085,4813460,INFY,USD,2023-01-06,17.54,17.84,17.46,17.84,85106,22740,17.714
US4567881085,4813460,INFY,USD,2023-01-09,17.89,18.24,17.89,18.24,104552,29728,18.113
US4567881085,4813460,INFY,USD,2023-01-10,17.89,17.97,17.69,17.77,92138,32847,17.779
US4567881085,4813460,INFY,USD,2023-01-11,17.86,18.15,17.74,18.12,86844,29975,18.015
US4567881085,4813460,INFY,USD,2023-01-12,18.5,18.8,18.05,18.4,100767,40846,18.343
US4567881085,4813460,INFY,USD,2023-01-13,18.41,18.58,18.21,18.48,95581,26050,18.435
US4567881085,4813460,INFY,USD,2023-01-17,18.58,18.88,18.58,18.67,69183,22652,18.727
US4567881085,4813460,INFY,USD,2023-01-18,18.8,18.99,18.75,18.75,58695,23008,18.83
US4567881085,4813460,INFY,USD,2023-01-19,18.69,18.92,18.63,18.81,42846,15083,18.822
US4567881085,4813460,INFY,USD,2023-01-20,18.78,18.83,18.59,18.75,58107,16771,18.764
US4567881085,4813460,INFY,USD,2023-01-23,18.92,19.11,18.81,19.05,41343,12849,19.012
US4567881085,4813460,INFY,USD,2023-01-24,19.07,19.07,18.8,18.8,55299,16750,18.918
US4567881085,4813460,INFY,USD,2023-01-25,18.71,18.74,18.53,18.63,79848,18643,18.636
US4567881085,4813460,INFY,USD,2023-01-26,18.67,18.96,18.58,18.94,60338,16703,18.783
US4567881085,4813460,INFY,USD,2023-01-27,18.43,18.76,18.43,18.63,52241,15751,18.658
US4567881085,4813460,INFY,USD,2023-01-30,18.8,18.88,18.65,18.69,84749,27310,18.75
US4567881085,4813460,INFY,USD,2023-01-31,18.54,18.8,18.54,18.8,76515,17762,18.721
US4567881085,4813460,INFY,USD,2023-02-01,18.84,19.14,18.77,19.02,74872,22286,18.947
US4567881085,4813460,INFY,USD,2023-02-02,19.05,19.54,19.02,19.49,99269,24558,19.396
US4567881085,4813460,INFY,USD,2023-02-03,19.5,19.55,19.2,19.26,51705,16119,19.312
US4567881085,4813460,INFY,USD,2023-02-06,18.98,19.02,18.74,18.82,74771,22807,18.855
US4567881085,4813460,INFY,USD,2023-02-07,18.78,19.07,18.68,19.0,51507,14281,18.92
US4567881085,4813460,INFY,USD,2023-02-08,19.18,19.34,19.13,19.16,54665,17566,19.205
US4567881085,4813460,INFY,USD,2023-02-09,19.41,19.67,19.3,19.34,45364,15574,19.432
US4567881085,4813460,INFY,USD,2023-02-10,19.33,19.38,19.03,19.16,113951,36947,19.15
US4567881085,4813460,INFY,USD,2023-02-13,18.94,19.05,18.79,18.93,53114,16907,18.973
US4567881085,4813460,INFY,USD,2023-02-14,19.28,19.28,18.95,19.02,59140,20810,19.084
US4567881085,4813460,INFY,USD,2023-02-15,19.15,19.27,19.08,19.23,83533,19750,19.194
US4567881085,4813460,INFY,USD,2023-02-16,19.26,19.29,19.07,19.12,62713,22792,19.168
US4567881085,4813460,INFY,USD,2023-02-17,19.01,19.12,18.94,19.08,54796,17107,19.021
US4567881085,4813460,INFY,USD,2023-02-21,19.0,19.03,18.78,18.79,90294,21351,18.829
US4567881085,4813460,INFY,USD,2023-02-22,18.74,18.76,18.59,18.62,73873,25603,18.653
US4567881085,4813460,INFY,USD,2023-02-23,18.64,18.78,18.54,18.7,69211,19706,18.657
US4567881085,4813460,INFY,USD,2023-02-24,18.61,18.69,18.25,18.4,114501,28790,18.349
US4567881085,4813460,INFY,USD,2023-02-27,18.1,18.28,18.1,18.16,59576,19114,18.185
US4567881085,4813460,INFY,USD,2023-02-28,17.99,18.05,17.91,18.0,76634,22790,17.987
US4567881085,4813460,INFY,USD,2023-03-01,18.06,18.17,17.88,17.97,40325,16259,17.979
US4567881085,4813460,INFY,USD,2023-03-02,17.75,18.09,17.57,18.08,48590,16071,17.991
US4567881085,4813460,INFY,USD,2023-03-03,18.13,18.26,17.92,18.26,64631,23782,18.073
US4567881085,4813460,INFY,USD,2023-03-06,18.36,18.36,18.22,18.31,71162,23644,18.268
US4567881085,4813460,INFY,USD,2023-03-07,18.25,18.32,18.12,18.28,51572,15951,18.19
US4567881085,4813460,INFY,USD,2023-03-08,18.12,18.23,18.06,18.16,44713,13732,18.139
US4567881085,4813460,INFY,USD,2023-03-09,17.99,18.09,17.6,17.79,63562,18797,17.886
US4567881085,4813460,INFY,USD,2023-03-10,17.82,17.95,17.63,17.68,64572,20613,17.759
US4567881085,4813460,INFY,USD,2023-03-13,17.54,17.54,16.97,17.27,113639,36335,17.299
US4567881085,4813460,INFY,USD,2023-03-14,17.15,17.47,17.1,17.33,66609,19694,17.333
US4567881085,4813460,INFY,USD,2023-03-15,17.23,17.23,16.73,17.07,139448,45292,16.865
US4567881085,4813460,INFY,USD,2023-03-16,16.94,17.2,16.77,17.19,68992,22815,17.075
US4567881085,4813460,INFY,USD,2023-03-17,17.19,17.25,16.85,16.96,128777,26474,16.941
US4567881085,4813460,INFY,USD,2023-03-20,16.83,17.04,16.82,16.93,89669,27025,16.949
US4567881085,4813460,INFY,USD,2023-03-21,16.86,16.91,16.68,16.84,127279,29261,16.834
US4567881085,4813460,INFY,USD,2023-03-22,16.76,16.91,16.59,16.64,81183,22957,16.78
US4567881085,4813460,INFY,USD,2023-03-23,16.76,17.06,16.66,17.0,137035,46980,16.934
US4567881085,4813460,INFY,USD,2023-03-24,16.79,16.85,16.65,16.85,58774,24918,16.754
US4567881085,4813460,INFY,USD,2023-03-27,16.91,17.04,16.83,16.98,113918,29037,16.966
US4567881085,4813460,INFY,USD,2023-03-28,16.85,16.91,16.64,16.64,91740,29960,16.772
US4567881085,4813460,INFY,USD,2023-03-29,16.76,17.0,16.76,16.87,74404,22105,16.924
US4567881085,4813460,INFY,USD,2023-03-30,17.0,17.14,17.0,17.14,59715,18077,17.089
US4567881085,4813460,INFY,USD,2023-03-31,17.19,17.49,17.18,17.44,77143,21254,17.374
US4567881085,4813460,INFY,USD,2023-04-03,17.24,17.44,17.16,17.42,80907,22447,17.371
US4567881085,4813460,INFY,USD,2023-04-04,17.45,17.46,17.34,17.4,71683,21385,17.383
US4567881085,4813460,INFY,USD,2023-04-05,17.4,17.51,17.24,17.33,52636,17210,17.319
US4567881085,4813460,INFY,USD,2023-04-06,17.28,17.37,17.15,17.34,65156,17707,17.265
US4567881085,4813460,INFY,USD,2023-04-10,17.38,17.44,17.2,17.33,89495,21586,17.321
US4567881085,4813460,INFY,USD,2023-04-11,16.98,17.45,16.98,17.44,111385,32977,17.376
US4567881085,4813460,INFY,USD,2023-04-12,17.44,17.8,17.01,17.05,160055,44276,17.215
US4567881085,4813460,INFY,USD,2023-04-13,17.05,17.05,15.33,15.5,381655,115837,15.536
US4567881085,4813460,INFY,USD,2023-04-14,15.56,15.56,15.06,15.15,252339,63743,15.23
US4567881085,4813460,INFY,USD,2023-04-17,15.06,15.33,14.15,15.24,164320,50427,15.158
US4567881085,4813460,INFY,USD,2023-04-18,15.24,15.33,14.94,15.0,198277,48173,15.023
US4567881085,4813460,INFY,USD,2023-04-19,14.96,14.97,14.76,14.79,172668,46834,14.836
US4567881085,4813460,INFY,USD,2023-04-20,14.7,14.99,14.7,14.92,133315,37892,14.911
US4567881085,4813460,INFY,USD,2023-04-21,14.92,14.96,14.82,14.92,64222,21832,14.884
US4567881085,4813460,INFY,USD,2023-04-24,14.91,14.92,14.71,14.82,110997,30359,14.788
US4567881085,4813460,INFY,USD,2023-04-25,14.8,14.89,14.78,14.89,133220,39134,14.82
US4567881085,4813460,INFY,USD,2023-04-26,14.88,14.95,14.78,14.85,104321,28270,14.878
US4567881085,4813460,INFY,USD,2023-04-27,15.04,15.34,14.98,15.2,107968,32039,15.246
US4567881085,4813460,INFY,USD,2023-04-28,15.29,15.55,15.2,15.54,110559,29453,15.441
US4567881085,4813460,INFY,USD,2023-05-01,15.54,15.56,15.43,15.5,73881,18526,15.477
US4567881085,4813460,INFY,USD,2023-05-02,15.44,15.62,15.36,15.55,99867,26805,15.474
US4567881085,4813460,INFY,USD,2023-05-03,15.6,15.6,15.35,15.38,89786,25812,15.451
US4567881085,4813460,INFY,USD,2023-05-04,15.45,15.5,15.28,15.37,118957,38926,15.327
US4567881085,4813460,INFY,USD,2023-05-05,15.33,15.33,15.17,15.25,108017,29527,15.221
US4567881085,4813460,INFY,USD,2023-05-08,15.32,15.37,15.25,15.25,116834,25508,15.294
US4567881085,4813460,INFY,USD,2023-05-09,15.2,15.34,15.2,15.34,119291,32084,15.247
US4567881085,4813460,INFY,USD,2023-05-10,15.06,15.44,15.05,15.3,148392,39558,15.256
US4567881085,4813460,INFY,USD,2023-05-11,15.29,15.29,15.01,15.09,154754,37709,15.062
US4567881085,4813460,INFY,USD,2023-05-12,15.03,15.11,14.98,15.05,103429,33022,15.043
US4567881085,4813460,INFY,USD,2023-05-15,15.19,15.38,15.08,15.34,84722,24671,15.282
US4567881085,4813460,INFY,USD,2023-05-16,15.34,15.34,15.1,15.1,125107,31374,15.14
US4567881085,4813460,INFY,USD,2023-05-17,15.0,15.22,14.99,15.19,73400,22400,15.144
US4567881085,4813460,INFY,USD,2023-05-18,15.13,15.17,15.06,15.14,90256,23945,15.128
US4567881085,4813460,INFY,USD,2023-05-19,15.26,15.4,15.23,15.29,71063,22213,15.312
US4567881085,4813460,INFY,USD,2023-05-22,15.37,15.73,15.37,15.67,96166,27802,15.636
US4567881085,4813460,INFY,USD,2023-05-23,15.7,15.72,15.5,15.53,67439,22520,15.567
US4567881085,4813460,INFY,USD,2023-05-24,15.59,15.64,15.45,15.56,59992,16692,15.585
US4567881085,4813460,INFY,USD,2023-05-25,15.53,15.77,15.51,15.66,82931,19779,15.631
US4567881085,4813460,INFY,USD,2023-05-26,15.76,15.94,15.76,15.87,60290,17410,15.877
US4567881085,4813460,INFY,USD,2023-05-30,15.86,15.97,15.83,15.9,63288,16870,15.901
US4567881085,4813460,INFY,USD,2023-05-31,15.85,16.01,15.8,15.97,85227,24308,15.938
US4567881085,4813460,INFY,USD,2023-06-01,15.8,15.9,15.67,15.8,76796,20962,15.818
US4567881085,4813460,INFY,USD,2023-06-02,15.91,15.93,15.7,15.8,71795,22436,15.788
US4567881085,4813460,INFY,USD,2023-06-05,15.76,15.76,15.34,15.4,142720,41719,15.443
US4567881085,4813460,INFY,USD,2023-06-06,15.43,15.67,15.23,15.64,119731,32808,15.584
US4567881085,4813460,INFY,USD,2023-06-07,15.64,15.7,15.53,15.69,69996,21863,15.627
US4567881085,4813460,INFY,USD,2023-06-08,15.68,15.68,15.39,15.51,95289,23720,15.462
US4567881085,4813460,INFY,USD,2023-06-09,15.36,15.52,15.28,15.41,77966,24689,15.462
US4567881085,4813460,INFY,USD,2023-06-12,15.58,15.84,15.48,15.81,90636,24171,15.78
US4567881085,4813460,INFY,USD,2023-06-13,15.87,15.94,15.7,15.87,54651,15748,15.811
US4567881085,4813460,INFY,USD,2023-06-14,15.71,15.89,15.49,15.68,148842,38699,15.653
US4567881085,4813460,INFY,USD,2023-06-15,15.56,15.66,15.41,15.62,91214,24895,15.596
US4567881085,4813460,INFY,USD,2023-06-16,15.65,15.86,15.64,15.83,142208,26375,15.789
US4567881085,4813460,INFY,USD,2023-06-20,15.92,15.92,15.57,15.71,72325,20312,15.669
US4567881085,4813460,INFY,USD,2023-06-21,15.58,15.58,15.11,15.36,142985,41102,15.334
US4567881085,4813460,INFY,USD,2023-06-22,15.33,15.51,15.17,15.47,112720,31975,15.392
US4567881085,4813460,INFY,USD,2023-06-23,15.36,15.37,15.15,15.24,81015,19845,15.21
US4567881085,4813460,INFY,USD,2023-06-26,15.27,15.54,15.27,15.5,81128,23382,15.477
US4567881085,4813460,INFY,USD,2023-06-27,15.48,15.67,15.41,15.41,74124,22029,15.581
US4567881085,4813460,INFY,USD,2023-06-28,15.75,15.77,15.55,15.75,69548,19877,15.713
US4567881085,4813460,INFY,USD,2023-06-29,15.71,15.92,15.69,15.87,75958,20091,15.883
US4567881085,4813460,INFY,USD,2023-06-30,16.14,16.4,16.02,16.07,122139,27643,16.1
US4567881085,4813460,INFY,USD,2023-07-03,16.12,16.3,16.05,16.21,66631,17098,16.142
US4567881085,4813460,INFY,USD,2023-07-05,16.22,16.37,16.13,16.33,104145,23401,16.271
US4567881085,4813460,INFY,USD,2023-07-06,16.24,16.25,16.0,16.05,60804,18960,16.073
US4567881085,4813460,INFY,USD,2023-07-07,16.0,16.18,15.95,16.07,47910,16237,16.088
US4567881085,4813460,INFY,USD,2023-07-10,16.14,16.14,15.98,16.05,64173,16944,16.016
US4567881085,4813460,INFY,USD,2023-07-11,16.22,16.35,16.15,16.24,70974,22056,16.211
US4567881085,4813460,INFY,USD,2023-07-12,16.17,16.29,16.03,16.04,66698,19252,16.14
US4567881085,4813460,INFY,USD,2023-07-13,16.4,16.85,16.07,16.68,125430,34662,16.756
US4567881085,4813460,INFY,USD,2023-07-14,16.86,17.38,16.86,17.14,109910,29979,17.102
US4567881085,4813460,INFY,USD,2023-07-17,17.1,17.33,17.03,17.31,121478,32705,17.217
US4567881085,4813460,INFY,USD,2023-07-18,17.52,18.14,17.45,17.89,242328,56946,17.957
US4567881085,4813460,INFY,USD,2023-07-19,17.73,17.95,17.64,17.69,202379,46340,17.777
US4567881085,4813460,INFY,USD,2023-07-20,17.6,17.6,15.33,16.2,352252,82441,16.08
US4567881085,4813460,INFY,USD,2023-07-21,16.11,16.47,15.98,16.28,145924,42953,16.307
US4567881085,4813460,INFY,USD,2023-07-24,16.32,16.34,16.17,16.25,91990,24776,16.245
US4567881085,4813460,INFY,USD,2023-07-25,16.28,16.44,16.23,16.37,72119,20161,16.36
US4567881085,4813460,INFY,USD,2023-07-26,16.43,16.67,16.39,16.58,91154,26705,16.603
US4567881085,4813460,INFY,USD,2023-07-27,16.61,16.78,16.61,16.64,111700,30195,16.677
US4567881085,4813460,INFY,USD,2023-07-28,16.4,16.5,16.19,16.5,84229,26471,16.423
US4567881085,4813460,INFY,USD,2023-07-31,16.61,16.75,16.53,16.66,60187,18699,16.66
US4567881085,4813460,INFY,USD,2023-08-01,16.68,16.84,16.65,16.8,70786,19555,16.768
US4567881085,4813460,INFY,USD,2023-08-02,16.68,16.68,16.4,16.49,109001,27064,16.531
US4567881085,4813460,INFY,USD,2023-08-03,16.51,16.56,16.44,16.48,96032,25122,16.496
US4567881085,4813460,INFY,USD,2023-08-04,16.61,16.88,16.61,16.79,66560,16228,16.734
US4567881085,4813460,INFY,USD,2023-08-07,16.84,16.89,16.71,16.75,52122,16839,16.769
US4567881085,4813460,INFY,USD,2023-08-08,16.7,16.77,16.58,16.77,59976,16794,16.709
US4567881085,4813460,INFY,USD,2023-08-09,16.83,16.85,16.63,16.71,75626,18910,16.75
US4567881085,4813460,INFY,USD,2023-08-10,16.75,17.0,16.75,16.88,84148,27107,16.905
US4567881085,4813460,INFY,USD,2023-08-11,16.7,16.71,16.55,16.71,65241,19598,16.66
US4567881085,4813460,INFY,USD,2023-08-14,16.78,16.95,16.74,16.86,50730,16528,16.862
US4567881085,4813460,INFY,USD,2023-08-15,16.76,17.18,16.75,17.13,127644,31050,17.082
US4567881085,4813460,INFY,USD,2023-08-16,17.18,17.31,17.02,17.02,83254,24318,17.158
US4567881085,4813460,INFY,USD,2023-08-17,17.1,17.18,16.95,16.95,57787,20391,17.022
US4567881085,4813460,INFY,USD,2023-08-18,16.83,16.83,16.59,16.7,49753,15277,16.691
US4567881085,4813460,INFY,USD,2023-08-21,16.86,16.98,16.21,16.88,64673,20864,16.854
US4567881085,4813460,INFY,USD,2023-08-22,16.9,17.1,16.88,16.99,37307,13006,17.009
US4567881085,4813460,INFY,USD,2023-08-23,17.03,17.29,17.03,17.27,57559,18808,17.243
US4567881085,4813460,INFY,USD,2023-08-24,17.2,17.34,17.09,17.13,43656,18124,17.16
US4567881085,4813460,INFY,USD,2023-08-25,17.22,17.31,17.06,17.24,43588,15026,17.218
US4567881085,4813460,INFY,USD,2023-08-28,17.2,17.4,17.2,17.31,49527,14118,17.337
US4567881085,4813460,INFY,USD,2023-08-29,17.31,17.43,17.26,17.42,74838,17114,17.375
US4567881085,4813460,INFY,USD,2023-08-30,17.4,17.59,17.4,17.52,42146,12654,17.542
US4567881085,4813460,INFY,USD,2023-08-31,17.92,17.92,17.36,17.4,46882,13241,17.403
US4567881085,4813460,INFY,USD,2023-09-01,17.52,17.58,17.45,17.47,48079,15005,17.515
US4567881085,4813460,INFY,USD,2023-09-05,17.8,17.96,17.76,17.77,51929,19564,17.827
US4567881085,4813460,INFY,USD,2023-09-06,17.72,17.75,17.54,17.6,46738,12331,17.625
US4567881085,4813460,INFY,USD,2023-09-07,17.61,17.61,17.48,17.5,56152,16277,17.537
US4567881085,4813460,INFY,USD,2023-09-08,17.62,17.79,17.58,17.79,54500,14954,17.699
US4567881085,4813460,INFY,USD,2023-09-11,17.79,17.95,17.73,17.89,45505,15306,17.877
US4567881085,4813460,INFY,USD,2023-09-12,17.99,18.18,17.99,18.16,59853,18381,18.084
US4567881085,4813460,INFY,USD,2023-09-13,18.0,18.05,17.93,17.99,36665,12990,17.999
US4567881085,4813460,INFY,USD,2023-09-14,17.95,18.18,17.95,18.11,24804,9123,18.1
US4567881085,4813460,INFY,USD,2023-09-15,18.15,18.2,17.69,17.81,161506,25742,17.845
US4567881085,4813460,INFY,USD,2023-09-18,17.73,17.88,17.7,17.76,35363,12261,17.804
US4567881085,4813460,INFY,USD,2023-09-19,17.75,17.82,17.69,17.79,28400,9892,17.765
US4567881085,4813460,INFY,USD,2023-09-20,17.9,18.11,17.88,17.91,44551,15300,17.987
US4567881085,4813460,INFY,USD,2023-09-21,17.99,17.99,17.74,17.74,53350,16645,17.837
US4567881085,4813460,INFY,USD,2023-09-22,17.96,17.96,17.74,17.78,48402,15183,17.803
US4567881085,4813460,INFY,USD,2023-09-25,17.65,17.68,17.41,17.61,46937,14310,17.58
US4567881085,4813460,INFY,USD,2023-09-26,17.48,17.63,17.25,17.29,56013,19881,17.33
US4567881085,4813460,INFY,USD,2023-09-27,17.35,17.52,17.33,17.52,97995,28061,17.413
US4567881085,4813460,INFY,USD,2023-09-28,17.33,17.37,16.72,16.96,173095,48889,16.957
US4567881085,4813460,INFY,USD,2023-09-29,17.05,17.29,16.99,17.19,89626,25238,17.144
US4567881085,4813460,INFY,USD,2023-10-02,17.03,17.19,17.03,17.17,42702,13697,17.129
US4567881085,4813460,INFY,USD,2023-10-03,17.09,17.24,16.98,17.0,64043,19736,17.039
US4567881085,4813460,INFY,USD,2023-10-04,17.18,17.46,17.15,17.39,68930,19772,17.323
US4567881085,4813460,INFY,USD,2023-10-05,17.47,17.65,17.46,17.61,47365,16874,17.562
US4567881085,4813460,INFY,USD,2023-10-06,17.78,17.86,17.53,17.78,50978,13992,17.759
US4567881085,4813460,INFY,USD,2023-10-09,17.78,17.8,17.53,17.75,80684,24324,17.653
US4567881085,4813460,INFY,USD,2023-10-10,17.95,18.01,17.78,17.8,103332,27648,17.875
US4567881085,4813460,INFY,USD,2023-10-11,18.08,18.08,17.55,17.57,149776,37705,17.672
US4567881085,4813460,INFY,USD,2023-10-12,17.55,17.76,16.21,16.58,250084,68592,16.492
US4567881085,4813460,INFY,USD,2023-10-13,16.89,17.19,16.76,16.99,123555,37107,16.977
US4567881085,4813460,INFY,USD,2023-10-16,17.0,17.3,16.97,17.22,69533,21935,17.18
US4567881085,4813460,INFY,USD,2023-10-17,17.27,17.4,17.09,17.35,67829,21837,17.332
US4567881085,4813460,INFY,USD,2023-10-18,17.23,17.28,17.1,17.14,57798,15574,17.187
US4567881085,4813460,INFY,USD,2023-10-19,17.06,17.26,17.04,17.18,44326,12913,17.134
US4567881085,4813460,INFY,USD,2023-10-20,17.03,17.18,16.93,16.97,52525,15438,17.008
US4567881085,4813460,INFY,USD,2023-10-23,16.8,17.01,16.71,16.78,81313,19588,16.867
US4567881085,4813460,INFY,USD,2023-10-24,16.72,16.82,16.65,16.66,52672,16614,16.749
US4567881085,4813460,INFY,USD,2023-10-25,16.44,16.53,16.36,16.38,44383,12802,16.426
US4567881085,4813460,INFY,USD,2023-10-26,16.38,16.47,16.27,16.38,66554,16206,16.361
US4567881085,4813460,INFY,USD,2023-10-27,16.55,16.61,16.39,16.44,52446,16727,16.444
US4567881085,4813460,INFY,USD,2023-10-30,16.5,16.56,16.38,16.52,51834,14783,16.478
US4567881085,4813460,INFY,USD,2023-10-31,16.53,16.53,16.31,16.42,42980,12192,16.442
US4567881085,4813460,INFY,USD,2023-11-01,16.26,16.41,16.26,16.4,55635,18129,16.342
US4567881085,4813460,INFY,USD,2023-11-02,16.55,16.74,16.54,16.69,88828,22255,16.615
US4567881085,4813460,INFY,USD,2023-11-03,16.7,16.85,16.67,16.7,79016,25359,16.734
US4567881085,4813460,INFY,USD,2023-11-06,16.78,16.87,16.72,16.86,36634,12078,16.821
US4567881085,4813460,INFY,USD,2023-11-07,16.48,16.85,16.48,16.79,26049,10786,16.805
US4567881085,4813460,INFY,USD,2023-11-08,16.68,16.73,16.62,16.67,30772,10955,16.678
US4567881085,4813460,INFY,USD,2023-11-09,16.55,16.58,16.34,16.36,69736,19300,16.446
US4567881085,4813460,INFY,USD,2023-11-10,16.38,16.68,16.37,16.61,47875,15414,16.597
US4567881085,4813460,INFY,USD,2023-11-13,16.54,16.61,16.42,16.55,42891,12241,16.552
US4567881085,4813460,INFY,USD,2023-11-14,16.64,16.99,16.64,16.97,65378,20443,16.909
US4567881085,4813460,INFY,USD,2023-11-15,17.07,17.38,16.92,17.25,96098,28649,17.268
US4567881085,4813460,INFY,USD,2023-11-16,17.4,17.55,17.27,17.27,55355,15761,17.336
US4567881085,4813460,INFY,USD,2023-11-17,17.29,17.52,17.27,17.43,39304,13484,17.436
US4567881085,4813460,INFY,USD,2023-11-20,17.42,17.58,17.35,17.54,44449,13179,17.496
US4567881085,4813460,INFY,USD,2023-11-21,17.5,17.55,17.41,17.44,43923,14504,17.453
US4567881085,4813460,INFY,USD,2023-11-22,17.65,17.7,17.49,17.58,51396,13769,17.577
US4567881085,4813460,INFY,USD,2023-11-24,17.39,17.47,17.29,17.47,25987,7327,17.398
US4567881085,4813460,INFY,USD,2023-11-27,17.39,17.42,17.26,17.28,34569,12774,17.377
US4567881085,4813460,INFY,USD,2023-11-28,17.15,17.67,17.15,17.63,63203,19477,17.516
US4567881085,4813460,INFY,USD,2023-11-29,17.41,17.75,17.4,17.61,56839,12977,17.606
US4567881085,4813460,INFY,USD,2023-11-30,17.68,17.69,17.47,17.55,51252,15760,17.56
US4567881085,4813460,INFY,USD,2023-12-01,17.46,17.75,17.43,17.73,45608,15910,17.617
US4567881085,4813460,INFY,USD,2023-12-04,17.82,17.88,17.64,17.69,51456,18776,17.754
US4567881085,4813460,INFY,USD,2023-12-05,17.71,17.72,17.39,17.46,45964,17757,17.454
US4567881085,4813460,INFY,USD,2023-12-06,17.71,17.86,17.59,17.66,64238,17593,17.757
US4567881085,4813460,INFY,USD,2023-12-07,17.64,17.71,17.57,17.58,28706,10874,17.635
US4567881085,4813460,INFY,USD,2023-12-08,17.84,17.93,17.73,17.89,42221,13033,17.857
US4567881085,4813460,INFY,USD,2023-12-11,17.82,17.89,17.32,17.5,77231,24237,17.503
US4567881085,4813460,INFY,USD,2023-12-12,17.59,17.6,17.34,17.57,51183,18901,17.501
US4567881085,4813460,INFY,USD,2023-12-13,17.29,17.53,17.29,17.47,83927,28925,17.394
US4567881085,4813460,INFY,USD,2023-12-14,17.98,18.47,17.91,18.37,132191,37093,18.275
US4567881085,4813460,INFY,USD,2023-12-15,18.79,19.05,18.62,18.93,77187,22860,18.702
US4567881085,4813460,INFY,USD,2023-12-18,18.81,18.86,18.55,18.85,45533,15872,18.738
US4567881085,4813460,INFY,USD,2023-12-19,18.7,18.95,18.6,18.81,47775,17410,18.809
US4567881085,4813460,INFY,USD,2023-12-20,18.58,18.68,18.4,18.45,57740,20184,18.552
US4567881085,4813460,INFY,USD,2023-12-21,18.58,18.58,18.18,18.43,65458,23660,18.33
US4567881085,4813460,INFY,USD,2023-12-22,18.69,18.89,18.64,18.77,65160,17954,18.775
US4567881085,4813460,INFY,USD,2023-12-26,18.51,18.67,18.37,18.45,33708,12147,18.464
US4567881085,4813460,INFY,USD,2023-12-27,18.62,18.76,18.45,18.65,39478,15376,18.558
US4567881085,4813460,INFY,USD,2023-12-28,18.65,18.69,18.53,18.56,29418,11748,18.577
US4567881085,4813460,INFY,USD,2023-12-29,18.55,18.55,18.32,18.37,26676,9189,18.393
