ISIN,conId,Symbol,Currency,date,open,high,low,close,volume,barCount,average
US6174464486,2841574,MS,USD,2019-01-02,39.0,40.72,38.76,39.62,99963,53179,40.18
US6174464486,2841574,MS,USD,2019-01-03,40.0,40.22,39.25,39.69,119800,62451,39.737
US6174464486,2841574,MS,USD,2019-01-04,40.2,41.58,40.2,41.4,135815,57992,41.182
US6174464486,2841574,MS,USD,2019-01-07,41.48,42.16,40.98,41.64,108539,53873,41.721
US6174464486,2841574,MS,USD,2019-01-08,42.12,42.41,41.08,41.6,105127,51855,41.442
US6174464486,2841574,MS,USD,2019-01-09,41.89,42.21,41.25,41.5,79656,43049,41.714
US6174464486,2841574,MS,USD,2019-01-10,41.5,41.96,41.24,41.66,70000,35816,41.627
US6174464486,2841574,MS,USD,2019-01-11,41.4,41.9,40.96,41.83,75854,36092,41.502
US6174464486,2841574,MS,USD,2019-01-14,41.72,42.79,41.09,42.6,115908,52198,42.322
US6174464486,2841574,MS,USD,2019-01-15,42.6,43.05,42.01,43.05,107673,50998,42.655
US6174464486,2841574,MS,USD,2019-01-16,43.0,45.49,42.88,45.42,287693,126066,44.526
US6174464486,2841574,MS,USD,2019-01-17,44.75,45.99,41.61,42.66,445628,179198,42.431
US6174464486,2841574,MS,USD,2019-01-18,42.95,43.79,42.5,43.56,189538,87274,43.326
US6174464486,2841574,MS,USD,2019-01-22,42.94,43.69,41.93,42.26,190928,88929,42.363
US6174464486,2841574,MS,USD,2019-01-23,42.5,42.7,41.65,42.05,141598,69871,42.108
US6174464486,2841574,MS,USD,2019-01-24,42.15,42.58,41.82,42.24,125454,62049,42.136
US6174464486,2841574,MS,USD,2019-01-25,42.3,43.25,42.26,43.04,126784,57381,42.937
US6174464486,2841574,MS,USD,2019-01-28,42.9,42.9,42.06,42.64,97139,38577,42.471
US6174464486,2841574,MS,USD,2019-01-29,42.6,42.7,42.11,42.5,81567,40957,42.442
US6174464486,2841574,MS,USD,2019-01-30,42.35,42.97,42.06,42.83,116695,56348,42.54
US6174464486,2841574,MS,USD,2019-01-31,42.65,42.67,42.17,42.49,103054,48781,42.381
US6174464486,2841574,MS,USD,2019-02-01,42.32,42.73,41.79,41.82,127045,53108,42.204
US6174464486,2841574,MS,USD,2019-02-04,42.0,42.46,41.68,42.36,81700,36804,42.141
US6174464486,2841574,MS,USD,2019-02-05,42.66,42.66,42.22,42.31,92363,43881,42.399
US6174464486,2841574,MS,USD,2019-02-06,42.45,42.85,42.09,42.21,91485,44203,42.386
US6174464486,2841574,MS,USD,2019-02-07,42.11,42.18,41.03,41.4,119257,60210,41.416
US6174464486,2841574,MS,USD,2019-02-08,41.35,41.35,40.11,40.81,130843,59125,40.659
US6174464486,2841574,MS,USD,2019-02-11,40.93,41.18,40.19,40.28,159219,63382,40.402
US6174464486,2841574,MS,USD,2019-02-12,40.52,41.5,40.5,41.22,115693,48188,41.219
US6174464486,2841574,MS,USD,2019-02-13,41.35,42.03,40.99,41.19,88617,38724,41.458
US6174464486,2841574,MS,USD,2019-02-14,41.19,41.6,40.28,40.61,96046,47929,40.808
US6174464486,2841574,MS,USD,2019-02-15,40.75,42.08,40.75,41.99,122916,53924,41.864
US6174464486,2841574,MS,USD,2019-02-19,41.78,42.28,41.43,42.05,85865,40796,41.989
US6174464486,2841574,MS,USD,2019-02-20,42.1,42.48,42.02,42.42,91378,39937,42.321
US6174464486,2841574,MS,USD,2019-02-21,42.42,42.52,41.68,41.86,88165,41563,41.949
US6174464486,2841574,MS,USD,2019-02-22,41.96,42.24,41.6,41.8,92980,38520,41.809
US6174464486,2841574,MS,USD,2019-02-25,42.15,42.86,42.1,42.16,98198,44782,42.47
US6174464486,2841574,MS,USD,2019-02-26,42.0,42.68,41.63,42.41,95300,42787,42.369
US6174464486,2841574,MS,USD,2019-02-27,42.35,42.71,42.25,42.67,63588,34316,42.544
US6174464486,2841574,MS,USD,2019-02-28,42.5,42.62,41.84,41.9,111659,44408,42.074
US6174464486,2841574,MS,USD,2019-03-01,42.21,42.87,41.98,42.5,113016,41953,42.574
US6174464486,2841574,MS,USD,2019-03-04,42.88,43.1,41.8,41.91,112888,55374,42.273
US6174464486,2841574,MS,USD,2019-03-05,41.99,42.04,41.19,41.8,95427,49736,41.678
US6174464486,2841574,MS,USD,2019-03-06,41.42,42.22,41.42,41.44,64772,34837,41.772
US6174464486,2841574,MS,USD,2019-03-07,41.56,41.56,40.63,41.17,116944,63222,40.965
US6174464486,2841574,MS,USD,2019-03-08,40.87,41.5,40.35,41.36,99823,48505,41.152
US6174464486,2841574,MS,USD,2019-03-11,41.95,42.21,41.66,41.87,66710,35190,41.961
US6174464486,2841574,MS,USD,2019-03-12,42.2,42.2,41.82,42.03,67884,31876,42.024
US6174464486,2841574,MS,USD,2019-03-13,42.18,42.65,42.18,42.41,84258,40113,42.461
US6174464486,2841574,MS,USD,2019-03-14,42.45,42.92,42.27,42.75,72919,34486,42.689
US6174464486,2841574,MS,USD,2019-03-15,42.0,43.47,42.0,43.33,180730,59082,43.197
US6174464486,2841574,MS,USD,2019-03-18,43.33,44.21,43.33,44.03,96233,47523,43.948
US6174464486,2841574,MS,USD,2019-03-19,44.26,44.89,43.88,44.0,116647,56707,44.357
US6174464486,2841574,MS,USD,2019-03-20,43.7,43.8,42.83,43.0,141157,73631,43.371
US6174464486,2841574,MS,USD,2019-03-21,43.01,43.63,42.2,43.06,132597,73158,42.971
US6174464486,2841574,MS,USD,2019-03-22,42.8,42.8,41.28,41.75,182395,94880,41.783
US6174464486,2841574,MS,USD,2019-03-25,41.74,41.93,40.91,41.25,133445,73689,41.287
US6174464486,2841574,MS,USD,2019-03-26,41.86,42.23,41.33,41.79,88070,48774,41.721
US6174464486,2841574,MS,USD,2019-03-27,41.87,42.05,41.29,41.3,104789,56162,41.557
US6174464486,2841574,MS,USD,2019-03-28,41.64,42.23,41.36,42.23,77474,43594,41.755
US6174464486,2841574,MS,USD,2019-03-29,42.47,42.63,41.96,42.31,107673,41300,42.207
US6174464486,2841574,MS,USD,2019-04-01,42.75,43.95,42.5,43.57,246462,93227,43.529
US6174464486,2841574,MS,USD,2019-04-02,43.08,43.89,43.08,43.7,119866,63533,43.644
US6174464486,2841574,MS,USD,2019-04-03,43.9,44.64,43.9,44.4,109921,60575,44.313
US6174464486,2841574,MS,USD,2019-04-04,44.27,45.24,44.27,44.94,85260,44274,44.927
US6174464486,2841574,MS,USD,2019-04-05,45.0,45.45,44.73,44.88,79740,38141,44.927
US6174464486,2841574,MS,USD,2019-04-08,44.88,45.02,44.36,44.98,103964,40693,44.801
US6174464486,2841574,MS,USD,2019-04-09,44.55,44.71,43.94,44.25,69845,34078,44.261
US6174464486,2841574,MS,USD,2019-04-10,44.33,44.62,44.1,44.4,63421,30998,44.367
US6174464486,2841574,MS,USD,2019-04-11,44.45,45.08,44.45,44.95,71960,40746,44.814
US6174464486,2841574,MS,USD,2019-04-12,45.44,47.07,45.42,46.65,205453,91745,46.59
US6174464486,2841574,MS,USD,2019-04-15,46.8,47.15,45.92,46.1,109603,46005,46.147
US6174464486,2841574,MS,USD,2019-04-16,46.3,47.45,45.95,47.4,121512,62692,46.768
US6174464486,2841574,MS,USD,2019-04-17,47.4,48.68,47.02,48.11,187040,77548,48.094
US6174464486,2841574,MS,USD,2019-04-18,47.73,48.14,47.29,47.5,189082,77136,47.641
US6174464486,2841574,MS,USD,2019-04-22,47.29,47.45,46.97,47.29,65830,33854,47.271
US6174464486,2841574,MS,USD,2019-04-23,47.15,47.49,46.85,47.4,75732,36145,47.244
US6174464486,2841574,MS,USD,2019-04-24,47.13,47.61,47.05,47.48,81082,39650,47.369
US6174464486,2841574,MS,USD,2019-04-25,47.38,47.74,47.01,47.27,52288,27185,47.413
US6174464486,2841574,MS,USD,2019-04-26,47.29,47.93,47.23,47.8,62746,34637,47.645
US6174464486,2841574,MS,USD,2019-04-29,47.6,48.67,47.52,48.46,91308,44482,48.383
US6174464486,2841574,MS,USD,2019-04-30,48.6,48.69,47.86,48.38,73794,37705,48.17
US6174464486,2841574,MS,USD,2019-05-01,48.2,48.62,47.4,47.57,83617,48211,47.826
US6174464486,2841574,MS,USD,2019-05-02,47.6,48.03,47.4,47.81,64082,37452,47.741
US6174464486,2841574,MS,USD,2019-05-03,48.07,48.49,47.82,48.06,53978,27579,48.072
US6174464486,2841574,MS,USD,2019-05-06,47.28,47.86,46.84,47.6,58251,32156,47.492
US6174464486,2841574,MS,USD,2019-05-07,47.25,47.32,46.25,46.96,96832,50515,46.667
US6174464486,2841574,MS,USD,2019-05-08,46.85,47.19,46.47,46.6,66609,37675,46.796
US6174464486,2841574,MS,USD,2019-05-09,46.47,46.5,45.49,46.5,73616,44889,46.088
US6174464486,2841574,MS,USD,2019-05-10,46.25,46.42,45.71,46.28,86019,48812,46.143
US6174464486,2841574,MS,USD,2019-05-13,45.58,45.8,43.92,44.09,153252,78194,44.419
US6174464486,2841574,MS,USD,2019-05-14,44.54,44.6,43.95,44.2,161763,73824,44.279
US6174464486,2841574,MS,USD,2019-05-15,44.15,44.28,42.85,43.85,96120,54996,43.851
US6174464486,2841574,MS,USD,2019-05-16,44.0,44.72,43.81,44.28,84332,48554,44.357
US6174464486,2841574,MS,USD,2019-05-17,43.76,44.32,43.46,43.8,76333,40102,43.992
US6174464486,2841574,MS,USD,2019-05-20,43.67,44.16,43.32,44.07,83083,43848,43.869
US6174464486,2841574,MS,USD,2019-05-21,44.2,44.6,44.14,44.47,54075,26446,44.376
US6174464486,2841574,MS,USD,2019-05-22,44.26,44.3,43.38,43.49,88438,44341,43.79
US6174464486,2841574,MS,USD,2019-05-23,42.9,42.98,42.15,42.71,120968,67823,42.483
US6174464486,2841574,MS,USD,2019-05-24,42.75,43.2,42.69,42.87,55534,27458,42.96
US6174464486,2841574,MS,USD,2019-05-28,42.8,43.07,42.12,42.15,95842,43468,42.51
US6174464486,2841574,MS,USD,2019-05-29,42.0,42.24,41.56,42.19,89622,48401,41.954
US6174464486,2841574,MS,USD,2019-05-30,42.46,42.63,41.5,41.54,69488,34641,41.922
US6174464486,2841574,MS,USD,2019-05-31,41.11,41.3,40.59,40.69,102909,50551,40.891
US6174464486,2841574,MS,USD,2019-06-03,40.42,41.1,40.23,40.85,92345,48039,40.736
US6174464486,2841574,MS,USD,2019-06-04,41.23,42.8,41.2,42.7,103255,52109,42.242
US6174464486,2841574,MS,USD,2019-06-05,43.04,43.04,41.94,42.43,56117,30210,42.331
US6174464486,2841574,MS,USD,2019-06-06,42.35,42.99,42.15,42.81,51384,25794,42.632
US6174464486,2841574,MS,USD,2019-06-07,42.5,43.07,42.5,42.65,63751,34889,42.784
US6174464486,2841574,MS,USD,2019-06-10,43.24,43.84,43.12,43.35,79369,43628,43.503
US6174464486,2841574,MS,USD,2019-06-11,43.4,44.18,43.4,43.62,97698,48683,43.75
US6174464486,2841574,MS,USD,2019-06-12,43.6,43.6,42.54,42.72,73731,35992,42.804
US6174464486,2841574,MS,USD,2019-06-13,42.72,43.22,42.54,43.0,69623,29868,42.97
US6174464486,2841574,MS,USD,2019-06-14,42.9,43.29,42.51,42.73,65693,30480,42.772
US6174464486,2841574,MS,USD,2019-06-17,43.0,43.08,42.44,42.6,51113,22733,42.707
US6174464486,2841574,MS,USD,2019-06-18,42.53,43.81,42.44,43.33,90206,49272,43.411
US6174464486,2841574,MS,USD,2019-06-19,43.46,43.91,43.04,43.14,72456,37825,43.432
US6174464486,2841574,MS,USD,2019-06-20,43.49,43.95,42.99,43.54,89808,42091,43.43
US6174464486,2841574,MS,USD,2019-06-21,43.61,44.17,43.37,43.45,111672,34227,43.75
US6174464486,2841574,MS,USD,2019-06-24,43.5,43.9,42.98,43.15,72330,34020,43.31
US6174464486,2841574,MS,USD,2019-06-25,43.1,43.1,42.24,42.57,93494,45658,42.603
US6174464486,2841574,MS,USD,2019-06-26,42.9,43.29,42.69,42.8,68786,34644,43.039
US6174464486,2841574,MS,USD,2019-06-27,43.0,44.19,43.0,43.95,64485,32131,43.429
US6174464486,2841574,MS,USD,2019-06-28,44.23,44.57,43.74,44.0,139908,63375,44.071
US6174464486,2841574,MS,USD,2019-07-01,44.26,45.06,43.52,43.9,111701,54558,44.064
US6174464486,2841574,MS,USD,2019-07-02,43.74,43.95,43.4,43.93,73653,38344,43.709
US6174464486,2841574,MS,USD,2019-07-03,43.94,44.21,43.82,44.09,40530,20675,44.006
US6174464486,2841574,MS,USD,2019-07-05,44.2,44.82,44.07,44.24,57055,29592,44.284
US6174464486,2841574,MS,USD,2019-07-08,44.08,44.08,43.28,43.44,64194,29277,43.57
US6174464486,2841574,MS,USD,2019-07-09,43.39,43.87,43.01,43.84,51731,27696,43.637
US6174464486,2841574,MS,USD,2019-07-10,43.78,44.0,43.24,43.3,47744,23850,43.457
US6174464486,2841574,MS,USD,2019-07-11,43.52,44.33,43.38,44.25,80094,34875,43.998
US6174464486,2841574,MS,USD,2019-07-12,44.43,45.0,44.38,44.89,88404,37380,44.718
US6174464486,2841574,MS,USD,2019-07-15,45.22,45.5,44.29,44.54,71225,36382,44.587
US6174464486,2841574,MS,USD,2019-07-16,44.59,45.06,44.27,44.33,92771,43643,44.613
US6174464486,2841574,MS,USD,2019-07-17,44.45,44.45,43.6,43.69,84607,40124,43.867
US6174464486,2841574,MS,USD,2019-07-18,43.77,44.52,43.0,44.4,101416,48308,44.12
US6174464486,2841574,MS,USD,2019-07-19,44.6,44.71,44.22,44.23,88633,41404,44.541
US6174464486,2841574,MS,USD,2019-07-22,44.41,44.6,43.94,44.42,60842,26467,44.341
US6174464486,2841574,MS,USD,2019-07-23,44.6,45.29,44.6,44.96,91218,38071,45.144
US6174464486,2841574,MS,USD,2019-07-24,44.98,45.71,44.86,45.58,73045,34064,45.442
US6174464486,2841574,MS,USD,2019-07-25,45.55,45.57,44.6,44.83,79190,35449,44.958
US6174464486,2841574,MS,USD,2019-07-26,44.98,45.77,44.91,45.74,76539,34215,45.506
US6174464486,2841574,MS,USD,2019-07-29,45.55,45.73,45.07,45.27,63697,29132,45.378
US6174464486,2841574,MS,USD,2019-07-30,44.91,44.91,44.16,44.72,64922,29542,44.543
US6174464486,2841574,MS,USD,2019-07-31,44.67,44.99,44.28,44.32,75155,37603,44.634
US6174464486,2841574,MS,USD,2019-08-01,44.55,44.74,42.68,42.75,115773,56677,43.415
US6174464486,2841574,MS,USD,2019-08-02,42.58,42.93,41.24,42.08,142340,70503,41.839
US6174464486,2841574,MS,USD,2019-08-05,41.4,41.46,39.51,39.51,136582,68856,40.464
US6174464486,2841574,MS,USD,2019-08-06,40.43,41.33,40.43,41.01,93293,44812,40.96
US6174464486,2841574,MS,USD,2019-08-07,41.22,41.22,39.47,40.56,122491,65119,40.06
US6174464486,2841574,MS,USD,2019-08-08,40.56,41.46,40.56,41.03,87954,40875,41.199
US6174464486,2841574,MS,USD,2019-08-09,41.08,41.82,40.64,41.41,100546,46548,41.263
US6174464486,2841574,MS,USD,2019-08-12,41.01,41.01,40.15,40.36,72827,38992,40.489
US6174464486,2841574,MS,USD,2019-08-13,40.31,41.33,40.08,40.69,100922,52885,40.872
US6174464486,2841574,MS,USD,2019-08-14,40.23,40.23,38.83,39.25,155813,72785,39.249
US6174464486,2841574,MS,USD,2019-08-15,39.55,39.85,38.76,39.2,98100,52926,39.167
US6174464486,2841574,MS,USD,2019-08-16,39.69,40.19,39.1,40.0,88289,41708,39.883
US6174464486,2841574,MS,USD,2019-08-19,40.3,40.83,40.23,40.25,71985,35085,40.417
US6174464486,2841574,MS,USD,2019-08-20,40.15,40.29,39.8,39.9,97984,45478,40.045
US6174464486,2841574,MS,USD,2019-08-21,40.19,40.53,39.83,40.03,90775,38893,40.036
US6174464486,2841574,MS,USD,2019-08-22,40.03,40.42,39.87,40.1,73686,35989,40.267
US6174464486,2841574,MS,USD,2019-08-23,40.49,40.56,39.11,39.33,109319,56057,39.631
US6174464486,2841574,MS,USD,2019-08-26,39.67,40.27,39.66,40.16,95685,40571,40.056
US6174464486,2841574,MS,USD,2019-08-27,40.12,40.34,39.45,39.79,78117,37923,39.77
US6174464486,2841574,MS,USD,2019-08-28,38.78,40.7,38.78,40.38,88765,44990,40.327
US6174464486,2841574,MS,USD,2019-08-29,40.83,41.5,40.83,41.1,114249,46475,41.315
US6174464486,2841574,MS,USD,2019-08-30,41.48,41.87,41.29,41.57,66859,30275,41.585
US6174464486,2841574,MS,USD,2019-09-03,41.05,41.2,40.2,40.92,77460,37714,40.794
US6174464486,2841574,MS,USD,2019-09-04,41.43,41.69,41.12,41.45,62619,26637,41.48
US6174464486,2841574,MS,USD,2019-09-05,41.95,43.11,41.95,42.47,74132,37141,42.657
US6174464486,2841574,MS,USD,2019-09-06,42.49,42.55,42.01,42.16,64483,30653,42.267
US6174464486,2841574,MS,USD,2019-09-09,42.56,43.49,42.51,43.19,110572,42048,43.161
US6174464486,2841574,MS,USD,2019-09-10,43.19,43.81,43.05,43.55,113103,53203,43.419
US6174464486,2841574,MS,USD,2019-09-11,43.5,44.14,43.2,44.14,89271,44345,43.674
US6174464486,2841574,MS,USD,2019-09-12,43.9,44.44,43.38,44.38,121444,61310,44.084
US6174464486,2841574,MS,USD,2019-09-13,44.55,45.45,44.55,45.1,103213,48811,45.16
US6174464486,2841574,MS,USD,2019-09-16,44.81,45.05,44.25,44.84,54439,29252,44.739
US6174464486,2841574,MS,USD,2019-09-17,44.72,44.75,43.55,44.22,90123,43940,44.04
US6174464486,2841574,MS,USD,2019-09-18,43.97,44.49,43.65,44.29,75516,40438,44.124
US6174464486,2841574,MS,USD,2019-09-19,44.18,44.47,43.9,44.12,58281,28857,44.177
US6174464486,2841574,MS,USD,2019-09-20,44.09,44.6,43.0,43.51,130043,40893,43.954
US6174464486,2841574,MS,USD,2019-09-23,43.67,43.78,42.94,43.56,64312,32077,43.463
US6174464486,2841574,MS,USD,2019-09-24,43.7,43.93,42.36,42.54,103035,50636,42.734
US6174464486,2841574,MS,USD,2019-09-25,42.27,43.16,42.22,43.04,62681,31816,42.971
US6174464486,2841574,MS,USD,2019-09-26,42.96,43.01,42.53,42.62,46589,25285,42.737
US6174464486,2841574,MS,USD,2019-09-27,43.06,43.22,42.5,42.84,66731,35798,42.832
US6174464486,2841574,MS,USD,2019-09-30,42.95,43.2,42.58,42.76,56995,24661,42.747
US6174464486,2841574,MS,USD,2019-10-01,43.07,43.2,41.25,41.35,123600,59395,41.6
US6174464486,2841574,MS,USD,2019-10-02,41.0,41.25,40.09,40.14,106244,55910,40.367
US6174464486,2841574,MS,USD,2019-10-03,40.23,40.34,39.3,40.18,112486,44038,40.055
US6174464486,2841574,MS,USD,2019-10-04,40.01,40.82,40.01,40.74,54261,23473,40.583
US6174464486,2841574,MS,USD,2019-10-07,40.68,41.11,40.55,40.76,55110,27464,40.784
US6174464486,2841574,MS,USD,2019-10-08,40.16,40.2,39.69,39.77,73268,38116,39.934
US6174464486,2841574,MS,USD,2019-10-09,40.08,40.65,40.03,40.1,79631,35464,40.428
US6174464486,2841574,MS,USD,2019-10-10,40.42,41.41,40.4,41.11,74528,36059,41.117
US6174464486,2841574,MS,USD,2019-10-11,41.7,42.59,41.61,42.07,137402,60654,42.228
US6174464486,2841574,MS,USD,2019-10-14,41.74,42.31,41.65,42.15,61931,28427,42.158
US6174464486,2841574,MS,USD,2019-10-15,42.39,42.92,41.9,42.7,90680,48249,42.585
US6174464486,2841574,MS,USD,2019-10-16,42.7,43.21,42.45,43.19,91862,45459,42.852
US6174464486,2841574,MS,USD,2019-10-17,43.15,44.84,43.1,43.44,168402,72467,43.888
US6174464486,2841574,MS,USD,2019-10-18,43.44,43.86,43.22,43.67,93438,44913,43.584
US6174464486,2841574,MS,USD,2019-10-21,43.91,45.09,43.91,44.93,130329,55382,44.898
US6174464486,2841574,MS,USD,2019-10-22,44.99,45.62,44.57,45.22,114514,52661,45.361
US6174464486,2841574,MS,USD,2019-10-23,45.38,45.98,45.0,45.75,77171,37307,45.658
US6174464486,2841574,MS,USD,2019-10-24,46.0,46.13,45.51,45.76,68823,34189,45.759
US6174464486,2841574,MS,USD,2019-10-25,45.6,46.46,45.5,46.37,89356,36234,46.295
US6174464486,2841574,MS,USD,2019-10-28,46.61,47.16,46.45,46.87,94278,36532,46.939
US6174464486,2841574,MS,USD,2019-10-29,46.82,46.93,46.32,46.81,58638,29018,46.772
US6174464486,2841574,MS,USD,2019-10-30,46.25,46.46,45.83,46.29,62787,34074,46.116
US6174464486,2841574,MS,USD,2019-10-31,45.86,46.14,45.33,46.0,85343,34889,45.834
US6174464486,2841574,MS,USD,2019-11-01,45.95,47.4,45.95,47.23,89635,38611,47.05
US6174464486,2841574,MS,USD,2019-11-04,47.5,49.0,47.5,48.9,144063,63552,48.532
US6174464486,2841574,MS,USD,2019-11-05,49.0,49.89,48.6,48.7,120212,55794,49.093
US6174464486,2841574,MS,USD,2019-11-06,48.96,49.15,48.23,48.56,69554,35024,48.527
US6174464486,2841574,MS,USD,2019-11-07,48.94,49.95,48.57,48.77,123422,49030,48.991
US6174464486,2841574,MS,USD,2019-11-08,48.66,49.24,48.29,49.05,72453,33173,48.876
US6174464486,2841574,MS,USD,2019-11-11,48.96,49.39,48.71,49.05,65909,26344,49.153
US6174464486,2841574,MS,USD,2019-11-12,49.07,49.21,48.77,48.96,57531,31388,49.01
US6174464486,2841574,MS,USD,2019-11-13,49.0,49.0,48.19,48.28,62852,31010,48.401
US6174464486,2841574,MS,USD,2019-11-14,48.13,48.93,48.07,48.93,49925,23602,48.53
US6174464486,2841574,MS,USD,2019-11-15,48.93,49.16,48.55,48.99,58662,25753,48.951
US6174464486,2841574,MS,USD,2019-11-18,49.29,49.37,48.56,49.03,54987,21226,48.942
US6174464486,2841574,MS,USD,2019-11-19,49.07,49.6,49.07,49.25,63965,26061,49.405
US6174464486,2841574,MS,USD,2019-11-20,49.2,49.2,48.39,49.09,84069,40201,48.901
US6174464486,2841574,MS,USD,2019-11-21,49.1,49.34,48.73,48.85,70935,30019,48.925
US6174464486,2841574,MS,USD,2019-11-22,49.31,49.5,48.82,49.3,55981,26686,49.097
US6174464486,2841574,MS,USD,2019-11-25,49.51,50.0,49.2,50.0,73437,28770,49.798
US6174464486,2841574,MS,USD,2019-11-26,49.95,49.95,49.07,49.41,84840,35909,49.334
US6174464486,2841574,MS,USD,2019-11-27,49.67,49.87,49.48,49.62,70678,33621,49.69
US6174464486,2841574,MS,USD,2019-11-29,49.6,49.72,49.37,49.48,38560,14796,49.569
US6174464486,2841574,MS,USD,2019-12-02,49.62,50.04,49.0,49.0,71872,33532,49.346
US6174464486,2841574,MS,USD,2019-12-03,49.08,49.65,47.44,48.1,115848,47993,47.912
US6174464486,2841574,MS,USD,2019-12-04,48.52,49.09,48.11,48.87,72727,33876,48.874
US6174464486,2841574,MS,USD,2019-12-05,48.84,49.35,48.84,48.98,54699,24729,49.105
US6174464486,2841574,MS,USD,2019-12-06,49.37,50.24,49.3,49.8,86238,34348,49.96
US6174464486,2841574,MS,USD,2019-12-09,49.8,49.9,49.43,49.5,52730,24953,49.685
US6174464486,2841574,MS,USD,2019-12-10,49.4,49.93,49.27,49.67,47870,24568,49.689
US6174464486,2841574,MS,USD,2019-12-11,49.66,49.79,49.36,49.36,45866,23478,49.549
US6174464486,2841574,MS,USD,2019-12-12,49.45,51.0,49.25,50.99,102221,50557,50.444
US6174464486,2841574,MS,USD,2019-12-13,51.09,51.15,50.14,50.18,89453,44947,50.463
US6174464486,2841574,MS,USD,2019-12-16,50.72,51.12,50.51,50.51,97347,42179,50.866
US6174464486,2841574,MS,USD,2019-12-17,50.72,51.22,50.7,50.85,89581,39744,50.996
US6174464486,2841574,MS,USD,2019-12-18,51.14,51.14,50.56,50.66,72693,34410,50.829
US6174464486,2841574,MS,USD,2019-12-19,50.84,51.0,50.54,50.86,81182,36331,50.788
US6174464486,2841574,MS,USD,2019-12-20,51.2,51.57,49.16,50.75,165784,30352,50.361
US6174464486,2841574,MS,USD,2019-12-23,50.69,51.1,50.6,50.6,59654,25832,50.85
US6174464486,2841574,MS,USD,2019-12-24,50.88,50.93,50.57,50.69,18883,8169,50.719
US6174464486,2841574,MS,USD,2019-12-26,50.99,51.29,50.86,51.11,47377,15861,51.058
US6174464486,2841574,MS,USD,2019-12-27,51.11,51.46,50.91,50.99,37470,16210,51.109
US6174464486,2841574,MS,USD,2019-12-30,51.15,51.39,50.86,50.86,38410,18377,51.043
US6174464486,2841574,MS,USD,2019-12-31,50.96,51.22,50.74,51.17,45346,20190,51.004
US6174464486,2841574,MS,USD,2020-01-02,51.49,52.28,51.17,52.28,66561,31152,51.746
US6174464486,2841574,MS,USD,2020-01-03,51.61,51.61,50.83,51.15,58008,27346,51.162
US6174464486,2841574,MS,USD,2020-01-06,50.59,51.12,50.46,50.91,64719,27670,50.869
US6174464486,2841574,MS,USD,2020-01-07,51.09,51.28,49.9,49.9,40536,20118,50.947
US6174464486,2841574,MS,USD,2020-01-08,51.0,51.8,50.8,51.8,53110,30510,51.552
US6174464486,2841574,MS,USD,2020-01-09,52.04,52.28,51.82,52.28,65151,29137,52.044
US6174464486,2841574,MS,USD,2020-01-10,52.0,52.47,51.83,52.27,70938,31221,52.259
US6174464486,2841574,MS,USD,2020-01-13,52.13,53.0,52.07,53.0,77166,32385,52.581
US6174464486,2841574,MS,USD,2020-01-14,53.08,53.43,52.67,52.9,86163,42905,52.938
US6174464486,2841574,MS,USD,2020-01-15,52.73,53.11,52.11,52.85,100122,50475,52.673
US6174464486,2841574,MS,USD,2020-01-16,52.88,57.36,52.65,56.65,321761,136275,56.55
US6174464486,2841574,MS,USD,2020-01-17,56.6,57.57,56.0,57.55,138940,54652,57.09
US6174464486,2841574,MS,USD,2020-01-21,56.92,57.03,55.18,55.93,189934,84306,55.831
US6174464486,2841574,MS,USD,2020-01-22,56.09,56.51,55.8,55.8,94159,40451,56.083
US6174464486,2841574,MS,USD,2020-01-23,55.5,55.9,54.8,55.56,89998,40286,55.345
US6174464486,2841574,MS,USD,2020-01-24,55.7,55.7,54.1,54.55,86113,42280,54.608
US6174464486,2841574,MS,USD,2020-01-27,53.72,53.72,52.86,53.1,97677,45970,53.142
US6174464486,2841574,MS,USD,2020-01-28,53.23,54.44,53.21,54.0,84200,39737,54.081
US6174464486,2841574,MS,USD,2020-01-29,54.28,54.55,53.36,53.57,71729,32640,54.035
US6174464486,2841574,MS,USD,2020-01-30,53.09,53.93,52.4,53.65,75181,39682,53.132
US6174464486,2841574,MS,USD,2020-01-31,53.55,54.29,51.88,52.2,97894,42321,52.45
US6174464486,2841574,MS,USD,2020-02-03,52.58,53.59,52.47,52.55,73776,39096,52.966
US6174464486,2841574,MS,USD,2020-02-04,53.6,54.6,53.35,54.1,82727,40024,54.208
US6174464486,2841574,MS,USD,2020-02-05,54.7,55.15,54.38,55.1,70524,38571,54.822
US6174464486,2841574,MS,USD,2020-02-06,55.33,55.49,54.61,55.05,61154,27532,54.944
US6174464486,2841574,MS,USD,2020-02-07,55.01,55.49,54.42,54.9,65025,29853,54.886
US6174464486,2841574,MS,USD,2020-02-10,54.84,55.48,54.55,55.35,46798,19884,55.088
US6174464486,2841574,MS,USD,2020-02-11,55.38,56.25,55.35,55.78,63458,31947,55.912
US6174464486,2841574,MS,USD,2020-02-12,56.15,56.66,55.3,55.3,63653,24666,56.332
US6174464486,2841574,MS,USD,2020-02-13,55.6,55.99,55.5,55.99,51504,20918,55.847
US6174464486,2841574,MS,USD,2020-02-14,56.19,56.19,55.54,55.83,39884,18929,55.781
US6174464486,2841574,MS,USD,2020-02-18,55.68,55.96,54.93,55.6,57486,25101,55.396
US6174464486,2841574,MS,USD,2020-02-19,55.83,56.43,55.49,56.38,52202,25585,56.242
US6174464486,2841574,MS,USD,2020-02-20,56.03,56.03,52.93,53.86,513411,271282,54.154
US6174464486,2841574,MS,USD,2020-02-21,53.8,54.58,52.09,52.35,254252,139105,52.56
US6174464486,2841574,MS,USD,2020-02-24,51.09,51.09,49.21,50.02,242760,114860,49.773
US6174464486,2841574,MS,USD,2020-02-25,50.08,50.25,47.56,48.28,223527,121227,48.687
US6174464486,2841574,MS,USD,2020-02-26,47.4,48.55,46.68,47.15,197978,104023,47.634
US6174464486,2841574,MS,USD,2020-02-27,46.69,47.24,45.1,45.41,232358,135126,46.094
US6174464486,2841574,MS,USD,2020-02-28,44.45,45.55,43.53,45.47,335399,180015,44.483
US6174464486,2841574,MS,USD,2020-03-02,45.63,46.57,44.1,46.48,204194,119109,45.45
US6174464486,2841574,MS,USD,2020-03-03,46.69,46.94,43.85,44.4,270828,160969,44.896
US6174464486,2841574,MS,USD,2020-03-04,45.01,45.53,44.21,44.95,196174,109572,44.813
US6174464486,2841574,MS,USD,2020-03-05,44.18,44.37,42.14,42.67,216958,117804,42.966
US6174464486,2841574,MS,USD,2020-03-06,42.0,42.24,40.1,41.45,263400,143489,41.604
US6174464486,2841574,MS,USD,2020-03-09,39.1,39.1,36.7,38.53,250618,127232,37.888
US6174464486,2841574,MS,USD,2020-03-10,39.04,40.1,37.05,38.79,235177,121011,38.699
US6174464486,2841574,MS,USD,2020-03-11,38.33,38.86,36.44,36.95,241100,142277,37.548
US6174464486,2841574,MS,USD,2020-03-12,35.0,35.01,30.1,30.75,252504,128269,32.567
US6174464486,2841574,MS,USD,2020-03-13,33.33,37.68,31.11,36.51,291417,144821,35.023
US6174464486,2841574,MS,USD,2020-03-16,33.55,35.27,30.55,32.87,182208,92938,32.544
US6174464486,2841574,MS,USD,2020-03-17,33.61,35.12,30.11,33.01,218796,112540,32.964
US6174464486,2841574,MS,USD,2020-03-18,31.76,32.84,27.2,31.7,233638,121804,29.975
US6174464486,2841574,MS,USD,2020-03-19,30.53,32.9,28.74,30.3,197813,115399,30.929
US6174464486,2841574,MS,USD,2020-03-20,32.1,32.43,29.19,29.63,236409,138669,30.299
US6174464486,2841574,MS,USD,2020-03-23,28.48,30.51,27.29,28.84,214175,134880,28.607
US6174464486,2841574,MS,USD,2020-03-24,29.33,33.57,29.05,33.29,237750,134976,31.682
US6174464486,2841574,MS,USD,2020-03-25,34.4,35.48,32.25,34.24,246729,145894,34.179
US6174464486,2841574,MS,USD,2020-03-26,33.92,36.85,33.08,35.98,231345,138872,35.418
US6174464486,2841574,MS,USD,2020-03-27,35.14,35.14,33.12,33.9,283707,134314,34.034
US6174464486,2841574,MS,USD,2020-03-30,33.98,35.34,32.97,34.7,155199,102251,34.583
US6174464486,2841574,MS,USD,2020-03-31,34.51,35.29,33.32,33.33,148172,84254,34.441
US6174464486,2841574,MS,USD,2020-04-01,32.78,32.78,31.16,31.9,203271,117652,31.664
US6174464486,2841574,MS,USD,2020-04-02,32.0,34.0,31.17,33.73,194594,106858,33.218
US6174464486,2841574,MS,USD,2020-04-03,33.7,34.3,32.86,33.8,151504,81761,33.542
US6174464486,2841574,MS,USD,2020-04-06,35.12,37.5,35.02,36.92,164008,95824,36.532
US6174464486,2841574,MS,USD,2020-04-07,37.9,39.66,36.58,37.25,166232,97925,38.086
US6174464486,2841574,MS,USD,2020-04-08,37.5,39.79,37.39,39.56,133925,81567,38.859
US6174464486,2841574,MS,USD,2020-04-09,39.69,41.85,38.96,41.3,187041,99239,41.127
US6174464486,2841574,MS,USD,2020-04-13,40.0,41.35,39.25,39.86,118664,56578,39.722
US6174464486,2841574,MS,USD,2020-04-14,40.2,40.77,38.37,39.85,132806,74407,39.603
US6174464486,2841574,MS,USD,2020-04-15,40.1,40.1,37.59,37.87,137586,83282,38.565
US6174464486,2841574,MS,USD,2020-04-16,38.53,41.0,37.05,40.41,249758,113039,38.104
US6174464486,2841574,MS,USD,2020-04-17,40.09,40.65,38.19,39.05,215301,98736,38.876
US6174464486,2841574,MS,USD,2020-04-20,38.25,39.54,37.61,38.5,148702,70585,38.664
US6174464486,2841574,MS,USD,2020-04-21,38.24,38.24,36.56,37.35,127688,67612,37.15
US6174464486,2841574,MS,USD,2020-04-22,37.43,38.18,37.35,37.65,92946,47617,37.791
US6174464486,2841574,MS,USD,2020-04-23,37.79,38.39,37.25,37.25,74616,41780,37.769
US6174464486,2841574,MS,USD,2020-04-24,37.72,38.19,37.26,37.99,74771,36057,37.64
US6174464486,2841574,MS,USD,2020-04-27,38.17,39.55,38.17,39.38,105577,52463,39.075
US6174464486,2841574,MS,USD,2020-04-28,39.8,41.38,39.8,40.37,104370,59336,40.389
US6174464486,2841574,MS,USD,2020-04-29,41.1,41.73,40.32,41.21,127575,65495,40.973
US6174464486,2841574,MS,USD,2020-04-30,41.33,41.33,38.78,38.78,121288,55363,39.514
US6174464486,2841574,MS,USD,2020-05-01,38.55,38.95,37.62,38.6,114355,60744,38.31
US6174464486,2841574,MS,USD,2020-05-04,37.88,38.22,37.17,38.1,105598,49789,37.761
US6174464486,2841574,MS,USD,2020-05-05,38.45,39.31,37.9,38.06,73122,45626,38.568
US6174464486,2841574,MS,USD,2020-05-06,38.1,38.63,37.05,37.07,67227,40235,37.527
US6174464486,2841574,MS,USD,2020-05-07,37.9,39.14,37.75,39.09,81735,46254,38.804
US6174464486,2841574,MS,USD,2020-05-08,39.26,40.26,39.2,40.19,106241,57764,39.849
US6174464486,2841574,MS,USD,2020-05-11,39.66,40.06,39.3,39.6,89443,49661,39.758
US6174464486,2841574,MS,USD,2020-05-12,40.03,40.24,38.01,38.01,119597,63976,38.816
US6174464486,2841574,MS,USD,2020-05-13,38.19,38.68,36.6,37.07,93534,58418,37.142
US6174464486,2841574,MS,USD,2020-05-14,36.51,38.12,35.53,38.12,131444,73602,37.145
US6174464486,2841574,MS,USD,2020-05-15,37.37,37.81,37.02,37.24,80829,46298,37.392
US6174464486,2841574,MS,USD,2020-05-18,37.96,40.65,37.92,40.35,115794,66943,39.832
US6174464486,2841574,MS,USD,2020-05-19,40.38,40.55,39.25,39.46,76046,44870,39.924
US6174464486,2841574,MS,USD,2020-05-20,39.94,41.25,39.74,41.11,105917,56627,40.93
US6174464486,2841574,MS,USD,2020-05-21,40.97,40.97,39.84,40.45,81795,47504,40.337
US6174464486,2841574,MS,USD,2020-05-22,40.02,40.54,39.8,40.19,55044,31995,40.105
US6174464486,2841574,MS,USD,2020-05-26,41.3,43.87,40.85,43.8,174969,77987,43.121
US6174464486,2841574,MS,USD,2020-05-27,45.5,47.1,43.96,47.06,223844,112376,46.13
US6174464486,2841574,MS,USD,2020-05-28,47.32,47.67,44.27,44.35,151241,88768,45.179
US6174464486,2841574,MS,USD,2020-05-29,44.24,44.79,43.52,44.53,94801,61705,44.256
US6174464486,2841574,MS,USD,2020-06-01,44.2,45.07,43.95,44.39,70106,41838,44.737
US6174464486,2841574,MS,USD,2020-06-02,45.66,46.26,44.88,45.54,96024,55378,45.664
US6174464486,2841574,MS,USD,2020-06-03,45.92,47.49,45.92,47.23,96748,52542,47.01
US6174464486,2841574,MS,USD,2020-06-04,46.96,48.82,46.43,48.68,129603,69087,48.099
US6174464486,2841574,MS,USD,2020-06-05,49.7,51.85,49.23,49.53,155432,93406,50.204
US6174464486,2841574,MS,USD,2020-06-08,50.26,51.29,49.38,50.17,104810,60752,49.968
US6174464486,2841574,MS,USD,2020-06-09,49.0,50.69,48.5,50.6,122145,71578,50.06
US6174464486,2841574,MS,USD,2020-06-10,49.95,50.75,48.0,48.0,128113,81300,49.192
US6174464486,2841574,MS,USD,2020-06-11,47.35,47.35,44.44,45.3,157848,88193,45.524
US6174464486,2841574,MS,USD,2020-06-12,45.98,46.95,45.12,46.21,120264,78278,45.974
US6174464486,2841574,MS,USD,2020-06-15,44.1,48.11,44.1,48.11,130372,81735,46.783
US6174464486,2841574,MS,USD,2020-06-16,48.11,49.78,46.91,48.4,114168,73564,48.526
US6174464486,2841574,MS,USD,2020-06-17,49.4,49.4,47.21,47.21,74179,46944,48.022
US6174464486,2841574,MS,USD,2020-06-18,47.76,48.38,46.81,47.75,88230,52967,47.653
US6174464486,2841574,MS,USD,2020-06-19,48.01,48.68,46.4,46.49,175738,68737,47.198
US6174464486,2841574,MS,USD,2020-06-22,46.69,47.84,46.5,47.69,103600,56659,47.25
US6174464486,2841574,MS,USD,2020-06-23,47.82,48.5,47.55,47.65,86348,49023,48.055
US6174464486,2841574,MS,USD,2020-06-24,47.2,47.89,46.41,46.9,113021,65567,47.02
US6174464486,2841574,MS,USD,2020-06-25,47.08,49.61,46.4,49.61,133368,76473,48.234
US6174464486,2841574,MS,USD,2020-06-26,49.05,49.7,46.6,47.05,179631,83882,47.138
US6174464486,2841574,MS,USD,2020-06-29,47.41,47.8,46.64,47.46,80411,50607,47.15
US6174464486,2841574,MS,USD,2020-06-30,47.14,48.53,46.37,48.22,102188,55914,47.991
US6174464486,2841574,MS,USD,2020-07-01,47.76,49.08,47.24,47.4,97855,61721,47.897
US6174464486,2841574,MS,USD,2020-07-02,48.13,49.03,47.68,47.95,64146,37226,48.147
US6174464486,2841574,MS,USD,2020-07-06,48.88,49.38,48.41,49.0,94932,52186,48.985
US6174464486,2841574,MS,USD,2020-07-07,48.18,48.72,47.39,47.5,69827,37667,47.806
US6174464486,2841574,MS,USD,2020-07-08,47.53,49.18,47.27,48.96,106891,56800,48.286
US6174464486,2841574,MS,USD,2020-07-09,48.9,49.05,47.02,47.56,78987,48023,47.564
US6174464486,2841574,MS,USD,2020-07-10,46.8,50.43,46.8,50.4,119623,65185,49.126
US6174464486,2841574,MS,USD,2020-07-13,50.45,51.33,49.88,50.52,129290,73179,50.362
US6174464486,2841574,MS,USD,2020-07-14,50.11,51.88,48.91,51.2,144735,76136,49.866
US6174464486,2841574,MS,USD,2020-07-15,51.1,52.75,50.45,51.73,154670,79601,51.197
US6174464486,2841574,MS,USD,2020-07-16,51.7,53.51,50.81,52.83,211143,90061,52.448
US6174464486,2841574,MS,USD,2020-07-17,53.13,53.2,51.98,52.55,145755,65813,52.565
US6174464486,2841574,MS,USD,2020-07-20,52.0,52.47,51.35,51.92,90665,47359,51.806
US6174464486,2841574,MS,USD,2020-07-21,52.55,52.55,51.52,52.52,102873,53257,52.173
US6174464486,2841574,MS,USD,2020-07-22,51.94,52.38,50.95,51.0,123178,59501,51.395
US6174464486,2841574,MS,USD,2020-07-23,51.3,51.38,50.31,50.6,105587,54904,50.719
US6174464486,2841574,MS,USD,2020-07-24,50.61,50.8,50.05,50.19,58218,32123,50.394
US6174464486,2841574,MS,USD,2020-07-27,50.18,51.57,49.73,51.32,108922,47463,50.886
US6174464486,2841574,MS,USD,2020-07-28,51.0,51.32,50.2,50.5,61608,33974,50.58
US6174464486,2841574,MS,USD,2020-07-29,50.49,50.73,49.88,50.64,67336,37115,50.381
US6174464486,2841574,MS,USD,2020-07-30,49.8,49.8,48.55,49.18,81430,43066,48.826
US6174464486,2841574,MS,USD,2020-07-31,48.85,49.03,48.27,48.88,78746,35124,48.671
US6174464486,2841574,MS,USD,2020-08-03,49.29,49.91,48.72,49.4,54349,30873,49.458
US6174464486,2841574,MS,USD,2020-08-04,50.0,50.0,49.08,49.26,51107,25616,49.281
US6174464486,2841574,MS,USD,2020-08-05,49.75,49.96,49.24,49.75,56290,29111,49.762
US6174464486,2841574,MS,USD,2020-08-06,49.77,50.11,49.24,49.45,49234,24105,49.521
US6174464486,2841574,MS,USD,2020-08-07,49.3,50.47,49.08,50.31,52722,30203,49.942
US6174464486,2841574,MS,USD,2020-08-10,50.55,50.83,50.26,50.58,55809,31390,50.543
US6174464486,2841574,MS,USD,2020-08-11,51.05,52.87,51.05,51.92,103133,55161,52.112
US6174464486,2841574,MS,USD,2020-08-12,52.95,53.42,51.91,52.28,75748,41090,52.649
US6174464486,2841574,MS,USD,2020-08-13,52.4,52.46,51.71,52.21,48962,27445,52.101
US6174464486,2841574,MS,USD,2020-08-14,51.91,52.55,51.65,52.25,48821,28369,52.224
US6174464486,2841574,MS,USD,2020-08-17,52.21,52.3,51.09,51.2,60141,27107,51.375
US6174464486,2841574,MS,USD,2020-08-18,51.2,51.38,50.65,51.05,48128,24253,51.001
US6174464486,2841574,MS,USD,2020-08-19,50.93,52.03,50.91,51.31,52102,27221,51.546
US6174464486,2841574,MS,USD,2020-08-20,50.77,51.2,50.49,50.85,44559,23428,50.791
US6174464486,2841574,MS,USD,2020-08-21,50.75,51.42,50.49,51.1,50643,26433,51.051
US6174464486,2841574,MS,USD,2020-08-24,51.4,52.47,51.16,52.33,68196,36603,52.038
US6174464486,2841574,MS,USD,2020-08-25,52.78,53.0,51.85,52.12,75112,35215,52.159
US6174464486,2841574,MS,USD,2020-08-26,52.1,52.11,51.6,51.6,52985,26098,51.843
US6174464486,2841574,MS,USD,2020-08-27,51.55,52.87,51.55,52.79,78765,43508,52.512
US6174464486,2841574,MS,USD,2020-08-28,52.88,53.29,52.45,53.17,74089,36213,52.774
US6174464486,2841574,MS,USD,2020-08-31,53.04,53.33,52.15,52.23,68226,27081,52.416
US6174464486,2841574,MS,USD,2020-09-01,52.4,52.82,51.69,52.6,46479,26262,52.359
US6174464486,2841574,MS,USD,2020-09-02,52.41,53.49,52.41,53.48,65331,30225,53.067
US6174464486,2841574,MS,USD,2020-09-03,53.48,54.38,52.2,52.5,95589,57591,52.949
US6174464486,2841574,MS,USD,2020-09-04,53.28,54.0,51.75,52.5,79371,49760,52.679
US6174464486,2841574,MS,USD,2020-09-08,52.74,52.74,49.7,50.09,92635,57890,50.604
US6174464486,2841574,MS,USD,2020-09-09,50.1,51.63,50.1,51.25,77079,43447,51.183
US6174464486,2841574,MS,USD,2020-09-10,51.03,51.59,50.16,50.41,74931,46901,50.7
US6174464486,2841574,MS,USD,2020-09-11,50.56,50.95,50.05,50.3,76474,44530,50.521
US6174464486,2841574,MS,USD,2020-09-14,50.45,51.57,50.3,51.15,76434,44864,51.128
US6174464486,2841574,MS,USD,2020-09-15,51.41,51.42,50.27,50.41,65135,37498,50.635
US6174464486,2841574,MS,USD,2020-09-16,50.61,51.91,50.31,51.2,74676,42840,51.386
US6174464486,2841574,MS,USD,2020-09-17,50.8,51.15,49.98,50.2,62692,34874,50.262
US6174464486,2841574,MS,USD,2020-09-18,50.31,50.94,49.8,50.01,84491,35430,50.293
US6174464486,2841574,MS,USD,2020-09-21,49.41,49.41,47.51,48.5,108464,57325,48.205
US6174464486,2841574,MS,USD,2020-09-22,48.34,48.59,46.92,47.63,98980,49892,47.479
US6174464486,2841574,MS,USD,2020-09-23,47.87,48.24,46.39,46.42,70513,36450,47.132
US6174464486,2841574,MS,USD,2020-09-24,46.62,47.42,45.86,47.0,86032,50653,46.689
US6174464486,2841574,MS,USD,2020-09-25,46.3,47.33,45.91,46.98,84312,48513,46.656
US6174464486,2841574,MS,USD,2020-09-28,47.21,49.14,47.21,48.45,84096,43090,48.557
US6174464486,2841574,MS,USD,2020-09-29,48.35,48.46,47.19,47.35,99502,52324,47.493
US6174464486,2841574,MS,USD,2020-09-30,47.17,48.99,47.1,48.46,131875,68645,48.365
US6174464486,2841574,MS,USD,2020-10-01,48.66,49.07,46.9,47.34,224401,97968,47.75
US6174464486,2841574,MS,USD,2020-10-02,46.6,48.34,46.11,47.71,110254,63190,47.805
US6174464486,2841574,MS,USD,2020-10-05,48.4,48.89,47.78,48.74,173668,55076,48.484
US6174464486,2841574,MS,USD,2020-10-06,48.63,49.41,47.47,47.73,206771,82233,48.294
US6174464486,2841574,MS,USD,2020-10-07,48.17,49.17,47.74,48.71,108786,46496,48.669
US6174464486,2841574,MS,USD,2020-10-08,49.25,49.49,46.5,49.39,210038,99528,48.851
US6174464486,2841574,MS,USD,2020-10-09,49.62,49.73,48.73,48.89,97759,59264,49.016
US6174464486,2841574,MS,USD,2020-10-12,49.1,51.64,48.78,51.45,152667,73329,50.231
US6174464486,2841574,MS,USD,2020-10-13,50.74,51.79,49.98,50.47,153126,69575,50.521
US6174464486,2841574,MS,USD,2020-10-14,50.8,51.5,50.38,51.08,181162,79625,50.752
US6174464486,2841574,MS,USD,2020-10-15,49.96,51.87,49.4,51.4,187525,81632,51.171
US6174464486,2841574,MS,USD,2020-10-16,51.62,52.27,51.43,51.68,142169,62118,51.809
US6174464486,2841574,MS,USD,2020-10-19,52.05,52.28,50.78,51.13,108062,47012,51.235
US6174464486,2841574,MS,USD,2020-10-20,51.55,52.27,51.11,51.59,95099,46658,51.795
US6174464486,2841574,MS,USD,2020-10-21,51.33,51.81,50.15,50.17,167847,56988,50.679
US6174464486,2841574,MS,USD,2020-10-22,50.35,52.0,50.12,52.0,114954,57628,51.364
US6174464486,2841574,MS,USD,2020-10-23,52.12,52.61,51.54,51.87,88945,49950,51.904
US6174464486,2841574,MS,USD,2020-10-26,51.25,51.87,49.8,50.4,136110,49769,50.361
US6174464486,2841574,MS,USD,2020-10-27,50.54,50.54,48.37,48.48,94171,50899,49.085
US6174464486,2841574,MS,USD,2020-10-28,48.27,48.27,47.19,47.72,120569,55916,47.7
US6174464486,2841574,MS,USD,2020-10-29,47.46,48.43,46.55,47.67,92834,51123,47.793
US6174464486,2841574,MS,USD,2020-10-30,47.89,48.33,47.01,48.28,129178,61463,47.803
US6174464486,2841574,MS,USD,2020-11-02,48.7,49.84,48.44,49.5,144366,71481,49.325
US6174464486,2841574,MS,USD,2020-11-03,50.1,51.63,50.0,51.25,115374,62853,51.065
US6174464486,2841574,MS,USD,2020-11-04,51.31,52.32,50.05,51.57,132538,76803,51.584
US6174464486,2841574,MS,USD,2020-11-05,52.14,52.78,51.58,52.12,82546,41775,52.346
US6174464486,2841574,MS,USD,2020-11-06,51.85,52.72,51.51,51.8,55218,27839,51.808
US6174464486,2841574,MS,USD,2020-11-09,52.76,56.91,52.51,56.2,211233,108564,56.082
US6174464486,2841574,MS,USD,2020-11-10,56.13,56.94,54.89,56.01,135175,69319,55.652
US6174464486,2841574,MS,USD,2020-11-11,55.58,56.67,55.39,56.0,81314,39626,56.175
US6174464486,2841574,MS,USD,2020-11-12,55.99,56.0,54.99,55.36,65138,40047,55.464
US6174464486,2841574,MS,USD,2020-11-13,55.92,57.05,55.85,56.61,84146,46020,56.582
US6174464486,2841574,MS,USD,2020-11-16,57.49,58.39,57.03,58.27,107363,50091,57.801
US6174464486,2841574,MS,USD,2020-11-17,57.6,58.9,57.2,58.82,83234,44558,58.402
US6174464486,2841574,MS,USD,2020-11-18,58.8,60.13,58.26,58.74,99517,50774,59.406
US6174464486,2841574,MS,USD,2020-11-19,58.5,58.99,57.86,58.1,60032,32668,58.334
US6174464486,2841574,MS,USD,2020-11-20,58.42,58.74,57.5,57.84,67305,30958,57.907
US6174464486,2841574,MS,USD,2020-11-23,58.28,60.89,58.28,60.89,108751,51012,60.036
US6174464486,2841574,MS,USD,2020-11-24,61.55,64.39,60.27,64.39,186396,87867,62.539
US6174464486,2841574,MS,USD,2020-11-25,63.33,63.78,62.25,63.69,92255,47889,63.21
US6174464486,2841574,MS,USD,2020-11-27,63.5,63.96,63.06,63.86,42120,23090,63.618
US6174464486,2841574,MS,USD,2020-11-30,63.0,63.83,61.37,62.31,131732,54113,62.183
US6174464486,2841574,MS,USD,2020-12-01,62.7,63.8,62.7,63.0,125458,68650,63.251
US6174464486,2841574,MS,USD,2020-12-02,63.27,64.26,62.85,63.76,90147,42626,63.924
US6174464486,2841574,MS,USD,2020-12-03,64.01,64.62,63.82,64.19,97929,42914,64.175
US6174464486,2841574,MS,USD,2020-12-04,64.35,65.19,64.08,64.95,73067,39509,64.823
US6174464486,2841574,MS,USD,2020-12-07,64.77,65.18,63.88,64.02,86120,42304,64.403
US6174464486,2841574,MS,USD,2020-12-08,64.0,64.44,63.41,64.31,52529,27464,63.961
US6174464486,2841574,MS,USD,2020-12-09,64.46,65.43,64.1,64.49,85056,45332,64.613
US6174464486,2841574,MS,USD,2020-12-10,64.37,64.68,63.27,64.68,73778,33648,64.164
US6174464486,2841574,MS,USD,2020-12-11,63.67,63.9,62.7,63.2,75798,40987,63.194
US6174464486,2841574,MS,USD,2020-12-14,63.6,64.57,61.85,61.88,87011,43994,62.441
US6174464486,2841574,MS,USD,2020-12-15,62.77,64.08,62.11,64.08,80344,42999,63.5
US6174464486,2841574,MS,USD,2020-12-16,64.1,64.5,63.59,64.06,68933,32845,64.07
US6174464486,2841574,MS,USD,2020-12-17,64.5,64.75,64.07,64.51,55832,28404,64.565
US6174464486,2841574,MS,USD,2020-12-18,64.68,68.01,63.35,67.5,136968,43845,64.147
US6174464486,2841574,MS,USD,2020-12-21,66.78,68.77,64.18,68.33,120705,62408,67.438
US6174464486,2841574,MS,USD,2020-12-22,68.06,68.9,66.4,66.4,85907,38551,66.956
US6174464486,2841574,MS,USD,2020-12-23,66.83,68.97,66.65,68.5,73425,39780,68.249
US6174464486,2841574,MS,USD,2020-12-24,68.5,68.62,67.76,68.08,27468,13973,67.998
US6174464486,2841574,MS,USD,2020-12-28,68.71,68.9,67.97,68.37,64489,26920,68.285
US6174464486,2841574,MS,USD,2020-12-29,68.51,68.65,67.31,67.71,39103,21922,67.84
US6174464486,2841574,MS,USD,2020-12-30,68.05,68.19,67.57,67.95,42616,24024,67.917
US6174464486,2841574,MS,USD,2020-12-31,67.62,68.88,67.41,68.65,33645,22741,68.216
US6174464486,2841574,MS,USD,2021-01-04,69.0,69.93,67.72,68.35,105372,62441,68.654
US6174464486,2841574,MS,USD,2021-01-05,68.65,70.08,68.08,69.95,93786,51915,69.353
US6174464486,2841574,MS,USD,2021-01-06,70.09,74.88,69.9,74.2,145764,83051,73.499
US6174464486,2841574,MS,USD,2021-01-07,74.21,76.51,74.19,75.15,110840,59574,75.589
US6174464486,2841574,MS,USD,2021-01-08,76.17,76.17,73.85,75.4,109506,55212,74.708
US6174464486,2841574,MS,USD,2021-01-11,74.61,76.5,73.67,76.39,75380,42671,75.635
US6174464486,2841574,MS,USD,2021-01-12,76.77,77.17,75.52,75.83,103692,58696,76.052
US6174464486,2841574,MS,USD,2021-01-13,75.83,76.43,75.0,75.75,84256,47641,75.584
US6174464486,2841574,MS,USD,2021-01-14,76.05,76.98,75.72,76.75,85751,48515,76.487
US6174464486,2841574,MS,USD,2021-01-15,76.48,76.48,74.15,75.32,112900,53831,74.99
US6174464486,2841574,MS,USD,2021-01-19,76.11,77.1,74.69,76.32,124786,64153,75.353
US6174464486,2841574,MS,USD,2021-01-20,75.39,77.76,74.3,74.96,140839,63878,75.283
US6174464486,2841574,MS,USD,2021-01-21,74.99,75.89,73.74,74.6,118681,57743,74.853
US6174464486,2841574,MS,USD,2021-01-22,73.91,74.7,72.22,74.03,132588,58516,73.702
US6174464486,2841574,MS,USD,2021-01-25,74.05,74.13,71.91,72.36,113084,60244,72.645
US6174464486,2841574,MS,USD,2021-01-26,72.36,73.32,70.92,71.04,92087,49512,71.899
US6174464486,2841574,MS,USD,2021-01-27,70.8,70.8,67.85,68.03,138529,76339,68.92
US6174464486,2841574,MS,USD,2021-01-28,67.83,70.77,67.21,69.0,125951,70651,69.635
US6174464486,2841574,MS,USD,2021-01-29,69.0,70.06,66.84,67.0,139215,75773,67.7
US6174464486,2841574,MS,USD,2021-02-01,67.9,68.7,67.05,67.7,103464,55285,67.73
US6174464486,2841574,MS,USD,2021-02-02,68.4,71.4,68.4,71.4,122694,69452,70.631
US6174464486,2841574,MS,USD,2021-02-03,71.14,71.43,70.31,70.75,70343,37310,70.748
US6174464486,2841574,MS,USD,2021-02-04,70.6,72.36,70.4,72.29,75851,41861,71.913
US6174464486,2841574,MS,USD,2021-02-05,72.6,73.72,72.2,73.36,70559,40748,73.163
US6174464486,2841574,MS,USD,2021-02-08,73.36,74.29,73.36,74.01,79673,35929,73.998
US6174464486,2841574,MS,USD,2021-02-09,73.76,74.68,73.37,74.25,65222,32662,74.181
US6174464486,2841574,MS,USD,2021-02-10,74.74,74.94,73.55,74.0,60393,37107,74.311
US6174464486,2841574,MS,USD,2021-02-11,74.1,74.77,72.78,73.74,60605,31360,73.607
US6174464486,2841574,MS,USD,2021-02-12,73.48,75.02,73.48,74.7,62074,32805,74.651
US6174464486,2841574,MS,USD,2021-02-16,75.1,76.42,75.1,75.9,73345,36599,76.025
US6174464486,2841574,MS,USD,2021-02-17,75.61,76.02,74.71,75.58,65470,37102,75.292
US6174464486,2841574,MS,USD,2021-02-18,75.59,75.59,74.17,74.83,57590,33377,74.774
US6174464486,2841574,MS,USD,2021-02-19,75.27,76.36,75.27,75.96,65667,36641,76.034
US6174464486,2841574,MS,USD,2021-02-22,75.75,77.99,75.35,77.3,94045,47771,77.233
US6174464486,2841574,MS,USD,2021-02-23,77.16,77.99,76.26,77.45,100394,58930,77.283
US6174464486,2841574,MS,USD,2021-02-24,77.88,80.1,77.63,80.0,104348,61706,79.274
US6174464486,2841574,MS,USD,2021-02-25,80.2,81.6,77.75,78.0,94251,56687,79.483
US6174464486,2841574,MS,USD,2021-02-26,78.45,78.85,76.33,76.82,247135,78371,77.063
US6174464486,2841574,MS,USD,2021-03-01,77.91,79.54,76.87,79.41,96628,57734,78.788
US6174464486,2841574,MS,USD,2021-03-02,78.85,81.55,78.85,80.91,98789,60032,80.808
US6174464486,2841574,MS,USD,2021-03-03,81.98,82.94,81.02,82.1,110105,63540,82.166
US6174464486,2841574,MS,USD,2021-03-04,81.86,83.48,79.81,80.01,128244,78833,81.692
US6174464486,2841574,MS,USD,2021-03-05,81.62,82.97,78.38,80.99,128928,75593,80.483
US6174464486,2841574,MS,USD,2021-03-08,80.9,82.96,80.35,81.2,83388,52455,81.834
US6174464486,2841574,MS,USD,2021-03-09,81.34,82.33,79.43,80.85,94661,53883,81.227
US6174464486,2841574,MS,USD,2021-03-10,81.79,83.54,80.48,83.15,85257,48233,82.702
US6174464486,2841574,MS,USD,2021-03-11,83.35,83.81,82.2,83.5,74412,45559,83.294
US6174464486,2841574,MS,USD,2021-03-12,83.62,85.08,83.62,84.47,72124,43907,84.348
US6174464486,2841574,MS,USD,2021-03-15,84.8,85.08,82.97,83.88,73168,34042,83.737
US6174464486,2841574,MS,USD,2021-03-16,83.85,83.85,81.84,82.54,81568,36278,82.508
US6174464486,2841574,MS,USD,2021-03-17,82.82,84.15,82.45,84.12,65117,37246,83.445
US6174464486,2841574,MS,USD,2021-03-18,84.5,86.64,83.73,84.0,74303,44363,85.197
US6174464486,2841574,MS,USD,2021-03-19,83.9,84.6,81.4,82.8,95820,34771,82.918
US6174464486,2841574,MS,USD,2021-03-22,82.35,82.94,81.49,82.1,56281,30022,81.988
US6174464486,2841574,MS,USD,2021-03-23,81.42,81.92,78.85,79.35,83930,47853,79.966
US6174464486,2841574,MS,USD,2021-03-24,78.64,81.44,78.64,79.61,68514,38822,80.281
US6174464486,2841574,MS,USD,2021-03-25,79.8,81.06,78.31,81.05,94114,52364,79.621
US6174464486,2841574,MS,USD,2021-03-26,80.97,81.79,79.05,80.19,93770,49366,79.987
US6174464486,2841574,MS,USD,2021-03-29,78.9,78.9,76.0,77.9,188316,93351,77.485
US6174464486,2841574,MS,USD,2021-03-30,78.5,80.04,78.02,79.09,102541,55384,79.224
US6174464486,2841574,MS,USD,2021-03-31,79.04,79.04,77.53,77.65,102204,44831,78.012
US6174464486,2841574,MS,USD,2021-04-01,77.64,78.78,77.25,78.45,112774,59541,77.996
US6174464486,2841574,MS,USD,2021-04-05,78.9,79.6,77.77,78.1,91664,47952,78.301
US6174464486,2841574,MS,USD,2021-04-06,77.96,79.39,77.51,79.11,79236,42725,78.68
US6174464486,2841574,MS,USD,2021-04-07,79.17,79.72,78.45,79.2,71627,36845,78.976
US6174464486,2841574,MS,USD,2021-04-08,78.99,80.49,78.16,80.38,80168,42447,79.678
US6174464486,2841574,MS,USD,2021-04-09,80.6,81.0,79.37,80.68,92856,45172,80.192
US6174464486,2841574,MS,USD,2021-04-12,80.96,81.21,79.52,80.1,77174,39515,80.156
US6174464486,2841574,MS,USD,2021-04-13,80.45,80.45,78.96,79.42,56078,30195,79.663
US6174464486,2841574,MS,USD,2021-04-14,79.55,82.05,79.08,80.8,90494,49876,81.249
US6174464486,2841574,MS,USD,2021-04-15,81.39,81.99,79.85,81.1,81258,40005,80.622
US6174464486,2841574,MS,USD,2021-04-16,81.25,81.78,77.76,78.62,248798,109352,79.039
US6174464486,2841574,MS,USD,2021-04-19,79.0,80.37,78.05,80.03,129511,61000,79.726
US6174464486,2841574,MS,USD,2021-04-20,79.9,79.9,76.6,77.21,108847,59874,77.452
US6174464486,2841574,MS,USD,2021-04-21,77.5,79.34,76.25,79.2,94287,50931,78.566
US6174464486,2841574,MS,USD,2021-04-22,79.18,79.5,78.15,78.3,83884,46772,78.672
US6174464486,2841574,MS,USD,2021-04-23,78.38,81.3,78.16,81.05,101924,51049,80.505
US6174464486,2841574,MS,USD,2021-04-26,81.4,82.43,81.26,81.54,67621,34694,81.837
US6174464486,2841574,MS,USD,2021-04-27,81.5,82.05,81.03,81.9,59335,31858,81.686
US6174464486,2841574,MS,USD,2021-04-28,81.95,82.95,81.95,82.57,59909,33013,82.585
US6174464486,2841574,MS,USD,2021-04-29,82.6,83.79,82.13,83.62,83165,43979,83.104
US6174464486,2841574,MS,USD,2021-04-30,83.1,83.28,82.23,82.57,78017,37173,82.639
US6174464486,2841574,MS,USD,2021-05-03,83.19,83.49,82.3,82.44,55905,26509,82.683
US6174464486,2841574,MS,USD,2021-05-04,82.42,82.83,80.75,82.55,68014,39866,82.047
US6174464486,2841574,MS,USD,2021-05-05,83.51,84.88,82.24,84.6,69265,39562,84.039
US6174464486,2841574,MS,USD,2021-05-06,84.64,86.91,84.4,86.91,96859,55204,85.878
US6174464486,2841574,MS,USD,2021-05-07,86.95,88.04,84.43,87.7,81647,40834,87.241
US6174464486,2841574,MS,USD,2021-05-10,87.8,88.88,86.15,86.31,76778,40869,87.36
US6174464486,2841574,MS,USD,2021-05-11,85.95,86.47,83.86,84.8,82556,50332,84.874
US6174464486,2841574,MS,USD,2021-05-12,84.65,86.5,83.23,83.75,101117,59821,84.29
US6174464486,2841574,MS,USD,2021-05-13,82.8,85.65,82.71,84.9,69933,41322,84.909
US6174464486,2841574,MS,USD,2021-05-14,85.55,87.68,85.13,87.64,62283,35651,86.924
US6174464486,2841574,MS,USD,2021-05-17,87.07,88.66,86.3,88.1,56497,35347,87.511
US6174464486,2841574,MS,USD,2021-05-18,88.24,88.57,86.7,86.8,53071,30005,87.588
US6174464486,2841574,MS,USD,2021-05-19,86.5,86.5,84.32,86.05,81336,48195,85.349
US6174464486,2841574,MS,USD,2021-05-20,86.12,87.03,85.32,86.43,62083,33748,86.349
US6174464486,2841574,MS,USD,2021-05-21,87.04,88.78,86.73,88.32,77505,39807,88.204
US6174464486,2841574,MS,USD,2021-05-24,88.51,90.2,88.32,89.9,62394,34047,89.549
US6174464486,2841574,MS,USD,2021-05-25,90.25,91.35,88.71,89.13,86968,43200,89.624
US6174464486,2841574,MS,USD,2021-05-26,89.32,89.85,87.95,89.35,73291,31968,89.235
US6174464486,2841574,MS,USD,2021-05-27,89.55,90.92,88.59,90.35,164457,57837,89.929
US6174464486,2841574,MS,USD,2021-05-28,90.49,91.28,89.9,90.82,77233,44083,90.704
US6174464486,2841574,MS,USD,2021-06-01,91.5,93.31,91.01,92.08,73061,41633,92.446
US6174464486,2841574,MS,USD,2021-06-02,92.25,93.15,91.56,92.77,55114,32440,92.662
US6174464486,2841574,MS,USD,2021-06-03,92.4,93.92,92.02,93.49,63581,32927,93.352
US6174464486,2841574,MS,USD,2021-06-04,93.73,94.28,92.64,93.9,47707,26483,93.508
US6174464486,2841574,MS,USD,2021-06-07,94.0,94.62,92.74,93.25,52240,27520,93.168
US6174464486,2841574,MS,USD,2021-06-08,93.24,93.3,91.69,92.79,55935,31941,92.647
US6174464486,2841574,MS,USD,2021-06-09,92.87,93.22,91.79,92.67,63896,34586,92.74
US6174464486,2841574,MS,USD,2021-06-10,92.98,93.98,91.5,91.6,52555,30218,92.386
US6174464486,2841574,MS,USD,2021-06-11,91.55,92.56,91.55,92.01,50229,27863,92.009
US6174464486,2841574,MS,USD,2021-06-14,91.84,92.5,89.89,90.72,84641,43542,90.689
US6174464486,2841574,MS,USD,2021-06-15,90.81,91.2,89.9,90.63,61053,34695,90.578
US6174464486,2841574,MS,USD,2021-06-16,90.68,91.64,89.45,91.0,89843,55235,90.669
US6174464486,2841574,MS,USD,2021-06-17,90.9,91.75,87.06,87.9,91214,50564,88.215
US6174464486,2841574,MS,USD,2021-06-18,87.81,87.81,83.65,83.95,189102,86535,84.881
US6174464486,2841574,MS,USD,2021-06-21,84.5,86.45,84.22,86.0,88219,50565,85.599
US6174464486,2841574,MS,USD,2021-06-22,85.9,86.48,84.98,85.99,81969,33679,85.693
US6174464486,2841574,MS,USD,2021-06-23,86.05,86.32,85.57,86.03,59102,33415,86.008
US6174464486,2841574,MS,USD,2021-06-24,86.38,88.29,85.83,87.15,66518,36064,86.911
US6174464486,2841574,MS,USD,2021-06-25,87.53,88.69,86.72,88.45,93288,41313,88.222
US6174464486,2841574,MS,USD,2021-06-28,88.4,91.49,86.43,90.08,50741,28711,87.463
US6174464486,2841574,MS,USD,2021-06-29,89.91,91.63,89.78,91.0,128232,70308,90.768
US6174464486,2841574,MS,USD,2021-06-30,90.05,92.0,90.05,91.9,79739,41641,91.304
US6174464486,2841574,MS,USD,2021-07-01,92.2,92.35,87.7,91.95,54617,29532,91.626
US6174464486,2841574,MS,USD,2021-07-02,92.6,92.6,91.33,91.99,40103,20868,91.783
US6174464486,2841574,MS,USD,2021-07-06,92.21,92.47,89.66,90.3,55441,27057,90.335
US6174464486,2841574,MS,USD,2021-07-07,90.21,90.58,88.57,90.0,54552,27633,89.793
US6174464486,2841574,MS,USD,2021-07-08,89.1,89.1,86.95,87.66,73864,40559,87.689
US6174464486,2841574,MS,USD,2021-07-09,87.66,90.62,87.66,90.16,62254,30447,89.926
US6174464486,2841574,MS,USD,2021-07-12,90.0,93.52,89.14,92.76,101981,49614,92.517
US6174464486,2841574,MS,USD,2021-07-13,92.9,93.59,91.74,93.2,103262,52508,92.82
US6174464486,2841574,MS,USD,2021-07-14,93.15,93.83,91.44,92.2,100756,48641,92.402
US6174464486,2841574,MS,USD,2021-07-15,91.8,94.06,90.5,92.54,97719,50269,92.631
US6174464486,2841574,MS,USD,2021-07-16,92.99,93.5,91.1,91.25,96496,48674,92.178
US6174464486,2841574,MS,USD,2021-07-19,90.16,90.16,87.58,89.75,110964,58059,88.742
US6174464486,2841574,MS,USD,2021-07-20,90.0,93.6,89.0,92.7,95716,49643,92.474
US6174464486,2841574,MS,USD,2021-07-21,93.2,96.05,92.29,95.74,118959,61724,95.252
US6174464486,2841574,MS,USD,2021-07-22,95.97,96.3,94.84,95.74,75772,38817,95.594
US6174464486,2841574,MS,USD,2021-07-23,96.0,97.17,94.19,94.55,112353,65570,94.945
US6174464486,2841574,MS,USD,2021-07-26,94.02,96.69,93.9,96.56,95064,46511,96.127
US6174464486,2841574,MS,USD,2021-07-27,96.33,97.05,95.52,96.45,72200,40779,96.268
US6174464486,2841574,MS,USD,2021-07-28,96.81,96.89,95.55,96.2,80267,38510,96.29
US6174464486,2841574,MS,USD,2021-07-29,96.2,96.85,95.53,96.05,74766,34689,96.341
US6174464486,2841574,MS,USD,2021-07-30,95.71,97.21,95.53,95.98,67311,29641,96.143
US6174464486,2841574,MS,USD,2021-08-02,96.84,98.4,95.97,96.54,72952,35075,96.859
US6174464486,2841574,MS,USD,2021-08-03,96.99,97.03,94.83,96.25,59260,32619,96.335
US6174464486,2841574,MS,USD,2021-08-04,96.27,97.54,95.55,96.35,59127,32605,96.594
US6174464486,2841574,MS,USD,2021-08-05,96.5,97.99,96.41,97.79,47807,26148,97.67
US6174464486,2841574,MS,USD,2021-08-06,98.0,99.98,98.0,99.7,78982,45697,99.299
US6174464486,2841574,MS,USD,2021-08-09,99.8,100.99,98.6,100.88,67741,34266,100.436
US6174464486,2841574,MS,USD,2021-08-10,101.0,102.93,100.59,102.15,70026,39399,102.095
US6174464486,2841574,MS,USD,2021-08-11,102.65,103.95,101.6,103.95,71313,38316,103.36
US6174464486,2841574,MS,USD,2021-08-12,103.88,104.87,103.23,104.46,49419,26231,104.338
US6174464486,2841574,MS,USD,2021-08-13,104.67,104.77,102.68,103.95,68519,36517,103.55
US6174464486,2841574,MS,USD,2021-08-16,103.3,103.82,102.19,103.56,44206,21290,103.313
US6174464486,2841574,MS,USD,2021-08-17,102.83,103.85,101.6,102.61,52551,28551,102.711
US6174464486,2841574,MS,USD,2021-08-18,102.6,103.06,101.0,101.26,55860,31690,102.243
US6174464486,2841574,MS,USD,2021-08-19,99.77,100.75,98.71,99.43,86822,57771,99.558
US6174464486,2841574,MS,USD,2021-08-20,99.0,101.1,98.99,101.1,52962,29750,100.422
US6174464486,2841574,MS,USD,2021-08-23,101.7,102.88,101.33,102.7,45371,25384,102.377
US6174464486,2841574,MS,USD,2021-08-24,102.09,103.44,101.99,103.4,42784,23325,103.104
US6174464486,2841574,MS,USD,2021-08-25,103.29,104.97,103.04,104.4,44793,21921,104.343
US6174464486,2841574,MS,USD,2021-08-26,104.49,105.65,103.66,103.85,55379,27019,104.43
US6174464486,2841574,MS,USD,2021-08-27,104.52,105.69,103.68,105.45,48503,23612,105.209
US6174464486,2841574,MS,USD,2021-08-30,105.47,105.81,103.88,104.07,52670,26380,104.431
US6174464486,2841574,MS,USD,2021-08-31,104.3,104.75,103.37,104.56,54114,23826,104.345
US6174464486,2841574,MS,USD,2021-09-01,105.0,105.35,103.57,104.35,45618,24730,104.429
US6174464486,2841574,MS,USD,2021-09-02,104.42,105.51,104.32,104.96,43048,23779,104.884
US6174464486,2841574,MS,USD,2021-09-03,105.01,105.5,103.77,104.04,55393,33801,104.378
US6174464486,2841574,MS,USD,2021-09-07,104.51,105.37,104.03,104.2,54163,35535,104.676
US6174464486,2841574,MS,USD,2021-09-08,104.14,104.57,103.07,103.45,44128,27551,103.709
US6174464486,2841574,MS,USD,2021-09-09,103.23,105.23,103.22,103.75,47871,28419,104.334
US6174464486,2841574,MS,USD,2021-09-10,104.5,104.79,102.31,102.35,48016,29460,103.879
US6174464486,2841574,MS,USD,2021-09-13,103.55,104.64,103.22,104.43,47386,29549,104.075
US6174464486,2841574,MS,USD,2021-09-14,104.53,105.4,101.63,101.63,63300,37402,102.657
US6174464486,2841574,MS,USD,2021-09-15,102.1,103.34,101.64,103.25,54288,29863,102.847
US6174464486,2841574,MS,USD,2021-09-16,102.99,104.17,101.75,102.45,48569,26082,102.535
US6174464486,2841574,MS,USD,2021-09-17,102.24,103.89,101.23,101.35,146170,36730,102.097
US6174464486,2841574,MS,USD,2021-09-20,99.71,99.71,96.86,98.55,125516,63553,98.066
US6174464486,2841574,MS,USD,2021-09-21,99.84,100.01,97.94,98.1,73544,41665,98.692
US6174464486,2841574,MS,USD,2021-09-22,99.19,101.82,99.02,101.25,67169,36993,100.961
US6174464486,2841574,MS,USD,2021-09-23,102.51,103.99,101.16,103.72,47993,26773,103.301
US6174464486,2841574,MS,USD,2021-09-24,103.15,104.14,102.81,102.9,45207,26284,103.138
US6174464486,2841574,MS,USD,2021-09-27,103.43,105.76,103.4,105.2,65407,33326,105.075
US6174464486,2841574,MS,USD,2021-09-28,104.81,107.48,101.72,102.05,119009,45260,102.663
US6174464486,2841574,MS,USD,2021-09-29,102.4,102.4,99.11,99.7,92454,47437,99.79
US6174464486,2841574,MS,USD,2021-09-30,100.68,100.68,96.25,97.2,98454,57548,97.913
US6174464486,2841574,MS,USD,2021-10-01,96.94,99.91,96.38,99.24,58171,34285,98.681
US6174464486,2841574,MS,USD,2021-10-04,98.81,100.51,96.97,97.1,77480,35097,97.612
US6174464486,2841574,MS,USD,2021-10-05,98.0,99.73,97.47,99.5,73028,35631,98.904
US6174464486,2841574,MS,USD,2021-10-06,97.66,99.46,97.22,99.35,52298,27948,98.436
US6174464486,2841574,MS,USD,2021-10-07,99.5,101.0,98.35,98.92,58167,26978,99.492
US6174464486,2841574,MS,USD,2021-10-08,99.25,100.69,98.3,100.04,41195,22915,99.918
US6174464486,2841574,MS,USD,2021-10-11,100.6,100.68,97.21,97.38,58785,29744,98.541
US6174464486,2841574,MS,USD,2021-10-12,96.78,98.72,96.69,97.7,64856,30459,97.73
US6174464486,2841574,MS,USD,2021-10-13,97.87,99.2,96.68,99.0,80744,42187,98.256
US6174464486,2841574,MS,USD,2021-10-14,99.21,101.6,97.81,101.24,120086,57734,99.898
US6174464486,2841574,MS,USD,2021-10-15,101.4,103.22,101.01,102.14,94987,41642,102.539
US6174464486,2841574,MS,USD,2021-10-18,102.0,103.94,100.55,101.47,66980,31796,101.871
US6174464486,2841574,MS,USD,2021-10-19,101.95,102.45,101.29,102.0,48144,25135,101.795
US6174464486,2841574,MS,USD,2021-10-20,101.91,102.35,99.93,100.63,60658,34025,100.675
US6174464486,2841574,MS,USD,2021-10-21,100.21,101.75,99.57,100.15,48655,27249,100.298
US6174464486,2841574,MS,USD,2021-10-22,100.5,102.24,100.38,101.49,54904,26021,101.735
US6174464486,2841574,MS,USD,2021-10-25,101.6,102.74,101.51,102.08,30671,15078,102.061
US6174464486,2841574,MS,USD,2021-10-26,102.21,103.98,101.69,103.43,58024,29786,103.124
US6174464486,2841574,MS,USD,2021-10-27,103.19,103.84,101.82,102.36,58591,34657,102.423
US6174464486,2841574,MS,USD,2021-10-28,101.97,102.8,100.8,102.45,42875,22017,101.834
US6174464486,2841574,MS,USD,2021-10-29,102.01,103.31,101.93,102.74,57056,25439,102.81
US6174464486,2841574,MS,USD,2021-11-01,103.34,104.33,102.69,104.08,42776,21474,103.667
US6174464486,2841574,MS,USD,2021-11-02,100.0,105.34,100.0,104.66,59415,24909,104.693
US6174464486,2841574,MS,USD,2021-11-03,104.53,104.87,101.88,102.81,73154,36651,102.793
US6174464486,2841574,MS,USD,2021-11-04,101.55,102.75,98.17,100.5,120060,64375,99.469
US6174464486,2841574,MS,USD,2021-11-05,100.5,101.98,99.72,99.9,67233,37689,100.525
US6174464486,2841574,MS,USD,2021-11-08,100.25,101.8,99.95,100.03,56874,27974,100.617
US6174464486,2841574,MS,USD,2021-11-09,99.83,100.31,98.28,99.61,70844,33662,99.333
US6174464486,2841574,MS,USD,2021-11-10,99.25,99.97,97.51,97.88,75405,39322,98.356
US6174464486,2841574,MS,USD,2021-11-11,98.16,99.31,97.47,99.2,49095,28578,98.476
US6174464486,2841574,MS,USD,2021-11-12,98.94,100.0,98.05,100.0,56867,21344,99.412
US6174464486,2841574,MS,USD,2021-11-15,99.85,100.8,99.85,100.28,45456,22795,100.341
US6174464486,2841574,MS,USD,2021-11-16,100.31,101.56,99.51,100.7,50204,27366,100.677
US6174464486,2841574,MS,USD,2021-11-17,100.86,100.86,97.35,97.77,79549,38129,98.059
US6174464486,2841574,MS,USD,2021-11-18,98.0,98.26,96.49,97.88,55670,29346,97.363
US6174464486,2841574,MS,USD,2021-11-19,97.68,97.88,94.95,97.0,80384,37954,96.588
US6174464486,2841574,MS,USD,2021-11-22,97.8,100.53,97.21,99.79,78667,38308,99.62
US6174464486,2841574,MS,USD,2021-11-23,99.57,102.22,98.81,102.0,67193,34500,101.301
US6174464486,2841574,MS,USD,2021-11-24,101.8,102.23,100.11,101.29,58843,27997,101.087
US6174464486,2841574,MS,USD,2021-11-26,99.89,100.08,95.87,97.75,95644,51224,97.084
US6174464486,2841574,MS,USD,2021-11-29,99.07,99.6,95.96,97.35,106234,42082,97.257
US6174464486,2841574,MS,USD,2021-11-30,95.4,96.7,93.88,95.1,142591,60636,94.956
US6174464486,2841574,MS,USD,2021-12-01,96.38,98.61,95.07,95.98,85770,44057,96.728
US6174464486,2841574,MS,USD,2021-12-02,96.5,99.75,95.3,98.58,87214,43993,98.607
US6174464486,2841574,MS,USD,2021-12-03,98.86,100.87,96.85,98.3,77508,42943,98.434
US6174464486,2841574,MS,USD,2021-12-06,99.0,100.71,98.3,99.57,77547,37466,99.631
US6174464486,2841574,MS,USD,2021-12-07,100.41,103.11,100.2,102.5,87285,36312,102.455
US6174464486,2841574,MS,USD,2021-12-08,102.43,103.25,100.6,100.6,76356,31516,101.797
US6174464486,2841574,MS,USD,2021-12-09,100.75,101.82,100.1,100.15,61856,34363,100.891
US6174464486,2841574,MS,USD,2021-12-10,100.73,101.43,98.38,98.58,85186,42940,98.833
US6174464486,2841574,MS,USD,2021-12-13,98.5,98.64,96.8,97.1,83552,42170,97.273
US6174464486,2841574,MS,USD,2021-12-14,97.3,99.44,96.57,99.25,91313,42019,98.67
US6174464486,2841574,MS,USD,2021-12-15,99.2,99.95,97.13,99.92,53602,28672,98.776
US6174464486,2841574,MS,USD,2021-12-16,100.4,101.43,99.66,100.6,60808,30466,100.533
US6174464486,2841574,MS,USD,2021-12-17,100.99,101.03,96.81,97.06,167041,46989,97.546
US6174464486,2841574,MS,USD,2021-12-20,95.8,96.02,94.21,95.75,91754,43572,95.02
US6174464486,2841574,MS,USD,2021-12-21,96.55,98.51,95.85,97.72,65337,28967,97.734
US6174464486,2841574,MS,USD,2021-12-22,97.91,98.68,97.01,98.45,38589,19890,98.244
US6174464486,2841574,MS,USD,2021-12-23,98.61,99.97,98.55,99.22,35213,16009,99.441
US6174464486,2841574,MS,USD,2021-12-27,99.25,100.53,99.11,100.03,32064,15225,100.232
US6174464486,2841574,MS,USD,2021-12-28,100.5,101.0,99.58,100.2,34226,12959,100.077
US6174464486,2841574,MS,USD,2021-12-29,100.0,100.51,98.3,98.52,59076,23833,99.071
US6174464486,2841574,MS,USD,2021-12-30,98.74,99.97,98.7,98.72,28851,13438,99.158
US6174464486,2841574,MS,USD,2021-12-31,98.63,99.21,97.47,98.15,42659,19394,98.096
US6174464486,2841574,MS,USD,2022-01-03,99.29,101.4,98.16,100.7,62408,29969,100.53
US6174464486,2841574,MS,USD,2022-01-04,100.75,104.68,100.69,103.25,72727,33456,103.989
US6174464486,2841574,MS,USD,2022-01-05,103.51,105.03,101.51,102.36,83696,31771,102.848
US6174464486,2841574,MS,USD,2022-01-06,102.7,104.66,100.62,103.75,85150,33230,102.672
US6174464486,2841574,MS,USD,2022-01-07,103.9,104.53,102.93,104.14,50797,22033,103.958
US6174464486,2841574,MS,USD,2022-01-10,106.38,106.38,102.83,104.03,69815,33130,103.885
US6174464486,2841574,MS,USD,2022-01-11,104.25,106.1,103.58,106.04,60153,28888,105.159
US6174464486,2841574,MS,USD,2022-01-12,106.48,106.91,102.35,103.0,89686,38478,103.555
US6174464486,2841574,MS,USD,2022-01-13,103.5,104.35,102.0,102.51,49834,23247,103.06
US6174464486,2841574,MS,USD,2022-01-14,102.55,102.55,97.39,99.13,136854,68781,99.103
US6174464486,2841574,MS,USD,2022-01-18,98.37,99.25,92.94,93.79,180184,85193,94.306
US6174464486,2841574,MS,USD,2022-01-19,94.51,99.45,93.11,96.22,164994,75375,96.218
US6174464486,2841574,MS,USD,2022-01-20,96.48,101.96,96.1,99.48,188636,87172,100.088
US6174464486,2841574,MS,USD,2022-01-21,99.78,99.8,96.35,98.77,188259,84281,98.482
US6174464486,2841574,MS,USD,2022-01-24,98.93,98.93,93.67,97.8,142738,64952,96.209
US6174464486,2841574,MS,USD,2022-01-25,96.57,99.83,95.01,98.79,127127,63354,98.077
US6174464486,2841574,MS,USD,2022-01-26,99.98,101.75,98.9,100.41,101287,52071,100.488
US6174464486,2841574,MS,USD,2022-01-27,100.28,102.23,99.66,101.35,144955,64943,100.631
US6174464486,2841574,MS,USD,2022-01-28,100.19,102.0,98.15,101.5,115544,54671,100.183
US6174464486,2841574,MS,USD,2022-01-31,100.81,102.74,100.28,102.45,66850,33550,102.057
US6174464486,2841574,MS,USD,2022-02-01,102.0,104.1,101.68,103.75,61346,30089,103.499
US6174464486,2841574,MS,USD,2022-02-02,103.09,104.3,102.3,103.0,68342,30413,103.527
US6174464486,2841574,MS,USD,2022-02-03,103.5,104.1,102.13,102.33,48322,24474,102.928
US6174464486,2841574,MS,USD,2022-02-04,102.13,105.02,101.01,104.12,62559,30606,103.921
US6174464486,2841574,MS,USD,2022-02-07,103.99,106.18,103.64,105.32,73678,32936,105.186
US6174464486,2841574,MS,USD,2022-02-08,105.54,107.32,105.18,106.45,62315,30370,106.172
US6174464486,2841574,MS,USD,2022-02-09,106.82,109.09,106.11,108.75,76073,38984,108.366
US6174464486,2841574,MS,USD,2022-02-10,108.53,109.73,107.04,107.04,57198,29909,108.371
US6174464486,2841574,MS,USD,2022-02-11,106.55,108.39,103.82,104.5,69964,37611,105.744
US6174464486,2841574,MS,USD,2022-02-14,103.78,105.13,100.21,102.14,83370,44110,102.559
US6174464486,2841574,MS,USD,2022-02-15,103.56,104.35,102.12,103.3,51472,29257,103.564
US6174464486,2841574,MS,USD,2022-02-16,103.25,103.6,100.67,101.09,80496,43769,101.424
US6174464486,2841574,MS,USD,2022-02-17,101.0,101.01,95.89,96.1,124399,62106,97.029
US6174464486,2841574,MS,USD,2022-02-18,97.0,97.24,93.11,95.07,128465,66416,95.07
US6174464486,2841574,MS,USD,2022-02-22,93.62,96.77,93.62,95.2,72697,37932,95.194
US6174464486,2841574,MS,USD,2022-02-23,96.01,96.17,93.08,93.3,69449,33063,93.899
US6174464486,2841574,MS,USD,2022-02-24,90.86,92.18,88.53,91.07,137706,70812,90.231
US6174464486,2841574,MS,USD,2022-02-25,90.82,94.7,90.6,94.5,73480,36558,93.812
US6174464486,2841574,MS,USD,2022-02-28,93.41,93.59,89.92,90.65,145665,65090,91.072
US6174464486,2841574,MS,USD,2022-03-01,90.3,90.5,86.49,87.6,144597,72795,87.566
US6174464486,2841574,MS,USD,2022-03-02,88.5,89.28,87.02,89.04,146410,68326,88.164
US6174464486,2841574,MS,USD,2022-03-03,88.6,90.25,86.5,86.5,93074,43448,88.114
US6174464486,2841574,MS,USD,2022-03-04,87.0,87.0,84.76,86.1,93727,48633,85.736
US6174464486,2841574,MS,USD,2022-03-07,84.44,86.36,82.79,82.95,98629,50050,84.259
US6174464486,2841574,MS,USD,2022-03-08,83.99,85.75,81.97,83.99,91791,41508,83.621
US6174464486,2841574,MS,USD,2022-03-09,85.82,88.99,85.1,87.52,102785,49831,87.711
US6174464486,2841574,MS,USD,2022-03-10,87.01,87.8,85.01,85.9,86331,50581,85.873
US6174464486,2841574,MS,USD,2022-03-11,87.5,87.85,85.01,85.12,66728,31975,86.265
US6174464486,2841574,MS,USD,2022-03-14,86.49,86.71,84.47,84.9,61447,31839,85.343
US6174464486,2841574,MS,USD,2022-03-15,84.5,86.7,84.0,86.5,67872,33879,85.967
US6174464486,2841574,MS,USD,2022-03-16,87.98,92.35,87.51,92.09,145899,65955,91.024
US6174464486,2841574,MS,USD,2022-03-17,91.76,94.19,89.91,93.4,129068,56835,92.963
US6174464486,2841574,MS,USD,2022-03-18,93.01,94.98,92.42,94.75,143039,43780,94.465
US6174464486,2841574,MS,USD,2022-03-21,94.46,95.28,92.21,92.61,65555,32914,93.036
US6174464486,2841574,MS,USD,2022-03-22,92.71,94.6,92.71,94.1,62446,28625,94.007
US6174464486,2841574,MS,USD,2022-03-23,93.78,94.66,91.89,92.61,55361,25834,92.716
US6174464486,2841574,MS,USD,2022-03-24,93.0,93.14,91.85,92.17,48900,21666,92.301
US6174464486,2841574,MS,USD,2022-03-25,92.16,93.97,91.98,92.4,53622,26093,92.614
US6174464486,2841574,MS,USD,2022-03-28,92.78,93.0,90.14,91.4,70731,31778,90.934
US6174464486,2841574,MS,USD,2022-03-29,91.98,93.76,91.05,91.98,60947,30401,91.922
US6174464486,2841574,MS,USD,2022-03-30,91.94,92.01,89.76,90.45,56014,25793,90.437
US6174464486,2841574,MS,USD,2022-03-31,89.11,90.38,87.15,87.6,68174,27266,88.173
US6174464486,2841574,MS,USD,2022-04-01,88.05,88.53,85.91,87.11,65586,32398,86.909
US6174464486,2841574,MS,USD,2022-04-04,86.57,87.57,85.81,87.25,64416,32310,86.817
US6174464486,2841574,MS,USD,2022-04-05,87.28,87.49,84.93,85.3,99573,43541,85.531
US6174464486,2841574,MS,USD,2022-04-06,85.0,85.0,82.75,83.01,87097,42275,83.443
US6174464486,2841574,MS,USD,2022-04-07,83.25,83.95,81.4,83.1,98290,44062,82.345
US6174464486,2841574,MS,USD,2022-04-08,83.69,84.77,82.96,84.2,56349,29334,84.079
US6174464486,2841574,MS,USD,2022-04-11,83.77,85.82,83.02,84.03,68234,34174,84.414
US6174464486,2841574,MS,USD,2022-04-12,83.92,85.98,83.54,84.0,65757,33726,84.527
US6174464486,2841574,MS,USD,2022-04-13,84.02,84.58,82.55,84.2,67181,30871,83.852
US6174464486,2841574,MS,USD,2022-04-14,84.65,87.9,84.13,84.77,130470,60741,85.491
US6174464486,2841574,MS,USD,2022-04-18,84.49,87.18,84.01,86.85,63291,31136,86.113
US6174464486,2841574,MS,USD,2022-04-19,86.14,89.11,86.14,88.9,81638,40506,88.344
US6174464486,2841574,MS,USD,2022-04-20,89.0,91.58,88.99,91.0,93645,48989,90.826
US6174464486,2841574,MS,USD,2022-04-21,91.62,92.93,88.7,88.75,77932,43971,90.222
US6174464486,2841574,MS,USD,2022-04-22,89.05,89.05,84.12,84.23,80985,40742,85.793
US6174464486,2841574,MS,USD,2022-04-25,83.7,85.31,82.53,85.25,74339,43825,83.986
US6174464486,2841574,MS,USD,2022-04-26,84.35,85.22,82.0,82.58,75855,39687,83.255
US6174464486,2841574,MS,USD,2022-04-27,83.33,83.67,81.81,82.6,71712,36144,82.401
US6174464486,2841574,MS,USD,2022-04-28,82.34,83.85,81.61,83.0,55279,28048,82.991
US6174464486,2841574,MS,USD,2022-04-29,83.42,83.74,80.31,80.78,63148,28158,81.557
US6174464486,2841574,MS,USD,2022-05-02,80.9,82.15,80.03,81.7,66121,37823,81.279
US6174464486,2841574,MS,USD,2022-05-03,82.32,84.81,81.7,83.94,62309,34495,83.848
US6174464486,2841574,MS,USD,2022-05-04,84.21,87.53,83.81,87.15,73969,39607,86.027
US6174464486,2841574,MS,USD,2022-05-05,86.86,87.05,83.41,85.15,65447,37236,84.723
US6174464486,2841574,MS,USD,2022-05-06,84.9,85.19,82.31,84.23,57311,33008,83.767
US6174464486,2841574,MS,USD,2022-05-09,82.37,83.24,80.72,81.39,88960,47415,81.646
US6174464486,2841574,MS,USD,2022-05-10,82.0,82.66,78.72,79.92,71331,38260,80.281
US6174464486,2841574,MS,USD,2022-05-11,81.29,82.06,78.76,78.92,58434,32855,79.937
US6174464486,2841574,MS,USD,2022-05-12,78.42,79.52,76.75,78.89,72106,40732,77.968
US6174464486,2841574,MS,USD,2022-05-13,79.32,81.5,79.09,81.29,56183,31313,80.619
US6174464486,2841574,MS,USD,2022-05-16,80.47,80.93,78.85,80.59,45554,21824,79.979
US6174464486,2841574,MS,USD,2022-05-17,81.49,83.26,81.2,83.01,52470,26858,82.546
US6174464486,2841574,MS,USD,2022-05-18,82.75,82.75,80.16,80.16,47352,24717,80.992
US6174464486,2841574,MS,USD,2022-05-19,80.0,81.18,79.0,80.1,61416,35101,80.182
US6174464486,2841574,MS,USD,2022-05-20,80.8,81.21,77.57,79.3,70365,34615,79.133
US6174464486,2841574,MS,USD,2022-05-23,80.48,83.34,80.1,81.9,61548,31442,82.194
US6174464486,2841574,MS,USD,2022-05-24,81.41,82.4,80.05,82.4,48335,27146,81.314
US6174464486,2841574,MS,USD,2022-05-25,81.95,82.96,81.0,81.81,52880,29887,81.975
US6174464486,2841574,MS,USD,2022-05-26,82.45,85.55,82.45,84.97,72594,30254,84.972
US6174464486,2841574,MS,USD,2022-05-27,85.12,86.8,84.91,86.55,50622,21831,85.94
US6174464486,2841574,MS,USD,2022-05-31,85.78,86.82,84.92,86.29,86738,25850,86.162
US6174464486,2841574,MS,USD,2022-06-01,86.14,86.99,83.71,85.05,50658,27671,84.918
US6174464486,2841574,MS,USD,2022-06-02,85.5,85.5,83.67,85.35,61039,27165,84.883
US6174464486,2841574,MS,USD,2022-06-03,84.69,84.99,83.68,84.1,41974,20575,84.2
US6174464486,2841574,MS,USD,2022-06-06,85.15,86.28,84.6,84.8,31336,15452,85.211
US6174464486,2841574,MS,USD,2022-06-07,84.15,85.4,83.88,85.2,35711,15352,85.004
US6174464486,2841574,MS,USD,2022-06-08,84.52,85.13,82.74,83.19,54670,28298,83.524
US6174464486,2841574,MS,USD,2022-06-09,83.83,83.83,81.04,81.25,56697,30553,81.775
US6174464486,2841574,MS,USD,2022-06-10,80.67,81.2,76.95,77.48,76255,38481,77.659
US6174464486,2841574,MS,USD,2022-06-13,76.19,76.4,74.14,75.2,82737,40275,75.233
US6174464486,2841574,MS,USD,2022-06-14,75.5,76.77,74.27,74.96,56265,30575,75.258
US6174464486,2841574,MS,USD,2022-06-15,75.24,77.2,74.33,76.5,71254,40593,76.052
US6174464486,2841574,MS,USD,2022-06-16,74.42,75.29,72.49,74.26,90826,46463,73.503
US6174464486,2841574,MS,USD,2022-06-17,74.85,75.2,72.66,73.1,146250,52187,73.283
US6174464486,2841574,MS,USD,2022-06-21,74.3,75.25,73.8,74.48,68418,32675,74.643
US6174464486,2841574,MS,USD,2022-06-22,73.09,74.91,73.09,74.4,48583,24123,74.293
US6174464486,2841574,MS,USD,2022-06-23,74.2,75.0,72.23,73.8,66789,27103,73.644
US6174464486,2841574,MS,USD,2022-06-24,74.55,78.55,74.25,77.82,89125,37957,77.637
US6174464486,2841574,MS,USD,2022-06-27,78.8,80.35,76.91,79.94,47696,21676,77.525
US6174464486,2841574,MS,USD,2022-06-28,80.19,81.22,78.05,78.65,84126,41535,79.113
US6174464486,2841574,MS,USD,2022-06-29,79.42,79.42,77.51,78.23,68427,24493,78.34
US6174464486,2841574,MS,USD,2022-06-30,77.42,77.69,74.53,76.0,78241,34035,75.849
US6174464486,2841574,MS,USD,2022-07-01,75.43,77.19,74.68,76.76,47500,22782,76.151
US6174464486,2841574,MS,USD,2022-07-05,76.5,76.5,73.6,76.12,68035,33700,74.738
US6174464486,2841574,MS,USD,2022-07-06,76.0,76.32,74.69,75.5,56248,28399,75.275
US6174464486,2841574,MS,USD,2022-07-07,75.91,77.21,75.9,76.71,51876,23444,76.809
US6174464486,2841574,MS,USD,2022-07-08,76.5,78.05,76.4,76.73,47421,19702,76.88
US6174464486,2841574,MS,USD,2022-07-11,76.38,76.5,75.28,76.0,35763,18052,75.856
US6174464486,2841574,MS,USD,2022-07-12,75.25,77.26,74.9,75.85,50094,25010,76.28
US6174464486,2841574,MS,USD,2022-07-13,76.01,76.25,74.01,74.55,58930,30771,74.918
US6174464486,2841574,MS,USD,2022-07-14,74.7,75.28,72.05,74.95,107410,53405,73.978
US6174464486,2841574,MS,USD,2022-07-15,74.95,78.77,74.6,78.2,92754,44845,77.69
US6174464486,2841574,MS,USD,2022-07-18,78.73,80.4,78.05,78.86,91009,42863,79.225
US6174464486,2841574,MS,USD,2022-07-19,79.48,81.99,79.48,81.85,82946,37879,81.238
US6174464486,2841574,MS,USD,2022-07-20,81.36,82.27,80.65,81.65,61764,24497,81.71
US6174464486,2841574,MS,USD,2022-07-21,81.11,83.1,81.11,82.53,54041,24109,82.566
US6174464486,2841574,MS,USD,2022-07-22,82.89,83.53,81.66,82.05,49970,22346,82.394
US6174464486,2841574,MS,USD,2022-07-25,83.2,83.3,82.12,82.22,51245,24735,82.538
US6174464486,2841574,MS,USD,2022-07-26,82.4,82.57,80.63,81.15,56768,29366,81.355
US6174464486,2841574,MS,USD,2022-07-27,81.39,82.86,80.96,82.43,61837,31034,81.963
US6174464486,2841574,MS,USD,2022-07-28,81.42,83.24,80.9,83.2,51458,25039,82.522
US6174464486,2841574,MS,USD,2022-07-29,83.0,84.63,82.95,84.33,71548,26722,84.254
US6174464486,2841574,MS,USD,2022-08-01,84.24,84.54,83.01,84.0,44567,21480,83.904
US6174464486,2841574,MS,USD,2022-08-02,83.0,84.59,82.96,83.55,52398,24616,83.755
US6174464486,2841574,MS,USD,2022-08-03,84.03,85.59,83.95,84.83,57833,25070,84.968
US6174464486,2841574,MS,USD,2022-08-04,85.0,85.65,84.8,85.3,45730,21787,85.348
US6174464486,2841574,MS,USD,2022-08-05,85.35,86.71,84.71,86.06,47430,23776,86.004
US6174464486,2841574,MS,USD,2022-08-08,86.38,87.22,85.95,86.26,43332,21424,86.409
US6174464486,2841574,MS,USD,2022-08-09,86.5,86.84,85.8,86.38,38248,19487,86.332
US6174464486,2841574,MS,USD,2022-08-10,86.85,89.66,86.06,88.9,61687,28758,88.992
US6174464486,2841574,MS,USD,2022-08-11,89.5,90.84,89.25,90.45,72840,32285,90.283
US6174464486,2841574,MS,USD,2022-08-12,91.0,91.75,90.06,91.58,49049,22104,91.162
US6174464486,2841574,MS,USD,2022-08-15,91.75,92.29,90.46,92.02,61900,27900,91.812
US6174464486,2841574,MS,USD,2022-08-16,91.75,92.27,91.33,91.82,48728,21918,91.819
US6174464486,2841574,MS,USD,2022-08-17,91.29,91.83,90.35,91.05,43371,23420,91.137
US6174464486,2841574,MS,USD,2022-08-18,91.42,92.0,90.99,91.55,39344,19743,91.571
US6174464486,2841574,MS,USD,2022-08-19,90.5,91.2,89.6,89.6,52230,23828,90.134
US6174464486,2841574,MS,USD,2022-08-22,89.3,89.3,87.71,88.83,48230,25842,88.381
US6174464486,2841574,MS,USD,2022-08-23,88.2,89.25,87.95,88.2,64438,27138,88.4
US6174464486,2841574,MS,USD,2022-08-24,88.23,89.04,87.81,88.61,43564,17030,88.55
US6174464486,2841574,MS,USD,2022-08-25,89.01,90.1,88.8,89.83,40291,19412,89.682
US6174464486,2841574,MS,USD,2022-08-26,89.82,90.49,86.66,86.76,53778,27752,87.608
US6174464486,2841574,MS,USD,2022-08-29,86.0,86.43,85.06,85.45,56356,30445,85.706
US6174464486,2841574,MS,USD,2022-08-30,85.99,86.23,84.2,84.28,72850,36512,84.668
US6174464486,2841574,MS,USD,2022-08-31,84.36,85.94,84.06,85.16,77157,31164,85.147
US6174464486,2841574,MS,USD,2022-09-01,84.8,86.31,83.39,86.2,64173,31679,85.105
US6174464486,2841574,MS,USD,2022-09-02,86.26,89.03,85.72,86.6,82090,42750,87.371
US6174464486,2841574,MS,USD,2022-09-06,86.73,87.4,83.16,85.13,87283,47189,84.798
US6174464486,2841574,MS,USD,2022-09-07,85.0,87.26,84.37,86.86,59884,29934,86.505
US6174464486,2841574,MS,USD,2022-09-08,86.53,88.5,86.0,88.5,60055,28692,88.049
US6174464486,2841574,MS,USD,2022-09-09,88.5,89.82,88.25,89.31,44842,23977,89.404
US6174464486,2841574,MS,USD,2022-09-12,90.0,91.04,89.6,90.2,66561,29013,90.281
US6174464486,2841574,MS,USD,2022-09-13,90.7,90.75,86.8,87.0,61109,31747,87.535
US6174464486,2841574,MS,USD,2022-09-14,86.56,88.11,86.13,87.19,68448,34485,87.023
US6174464486,2841574,MS,USD,2022-09-15,87.18,89.46,87.14,87.5,71985,31217,88.416
US6174464486,2841574,MS,USD,2022-09-16,87.35,87.7,85.58,87.6,178271,40527,87.272
US6174464486,2841574,MS,USD,2022-09-19,87.6,89.02,86.08,88.74,49746,21014,88.406
US6174464486,2841574,MS,USD,2022-09-20,88.6,88.6,86.37,86.83,68790,32330,87.197
US6174464486,2841574,MS,USD,2022-09-21,87.25,89.15,86.0,86.0,78805,43558,87.719
US6174464486,2841574,MS,USD,2022-09-22,86.6,87.25,84.27,85.05,69608,36435,85.105
US6174464486,2841574,MS,USD,2022-09-23,84.0,84.0,80.22,81.5,80659,42420,81.35
US6174464486,2841574,MS,USD,2022-09-26,81.0,81.66,79.01,79.79,61276,32400,79.931
US6174464486,2841574,MS,USD,2022-09-27,80.6,81.0,78.35,79.53,56307,28274,79.466
US6174464486,2841574,MS,USD,2022-09-28,78.65,81.89,78.4,81.47,47863,24068,81.227
US6174464486,2841574,MS,USD,2022-09-29,80.5,81.2,79.03,80.17,45543,20921,79.818
US6174464486,2841574,MS,USD,2022-09-30,80.15,81.16,78.86,79.2,66478,27258,79.558
US6174464486,2841574,MS,USD,2022-10-03,78.9,80.98,78.31,80.3,60283,28478,80.297
US6174464486,2841574,MS,USD,2022-10-04,81.0,84.74,81.0,83.75,65627,33556,83.879
US6174464486,2841574,MS,USD,2022-10-05,83.4,83.59,81.37,83.11,49338,23297,82.629
US6174464486,2841574,MS,USD,2022-10-06,82.31,83.19,81.03,81.15,51174,27375,81.691
US6174464486,2841574,MS,USD,2022-10-07,81.41,81.77,78.37,78.7,59102,30069,79.129
US6174464486,2841574,MS,USD,2022-10-10,78.95,79.8,77.82,78.41,44833,20796,78.599
US6174464486,2841574,MS,USD,2022-10-11,77.62,78.41,76.54,77.19,51056,24906,77.314
US6174464486,2841574,MS,USD,2022-10-12,77.67,78.18,76.33,76.64,53767,25126,77.096
US6174464486,2841574,MS,USD,2022-10-13,76.5,79.66,74.67,79.34,96558,46749,78.413
US6174464486,2841574,MS,USD,2022-10-14,79.4,80.9,74.83,75.03,112405,57565,76.13
US6174464486,2841574,MS,USD,2022-10-17,74.7,78.24,74.7,77.36,98300,44445,77.212
US6174464486,2841574,MS,USD,2022-10-18,78.36,80.59,77.7,79.85,74843,37968,79.472
US6174464486,2841574,MS,USD,2022-10-19,79.01,79.59,77.21,77.21,59845,27090,77.951
US6174464486,2841574,MS,USD,2022-10-20,78.0,78.54,76.14,76.16,63307,29944,76.938
US6174464486,2841574,MS,USD,2022-10-21,76.56,79.53,76.12,79.35,69710,28476,78.765
US6174464486,2841574,MS,USD,2022-10-24,79.37,81.1,78.52,79.57,68474,28088,79.358
US6174464486,2841574,MS,USD,2022-10-25,79.3,80.67,78.61,80.22,66471,30833,80.262
US6174464486,2841574,MS,USD,2022-10-26,80.82,82.05,80.47,80.94,47332,20749,81.107
US6174464486,2841574,MS,USD,2022-10-27,81.5,82.48,80.17,80.69,52456,23775,81.28
US6174464486,2841574,MS,USD,2022-10-28,79.71,82.46,79.51,82.26,64915,29988,81.415
US6174464486,2841574,MS,USD,2022-10-31,81.77,83.36,81.65,82.2,55600,23963,82.498
US6174464486,2841574,MS,USD,2022-11-01,83.0,84.0,82.65,83.85,61739,28860,83.485
US6174464486,2841574,MS,USD,2022-11-02,83.75,86.72,83.31,84.25,88145,45845,84.86
US6174464486,2841574,MS,USD,2022-11-03,83.75,84.63,82.55,83.27,52568,28308,83.666
US6174464486,2841574,MS,USD,2022-11-04,84.22,85.75,83.62,84.85,51424,27048,84.672
US6174464486,2841574,MS,USD,2022-11-07,85.37,86.13,85.11,85.61,36129,18893,85.548
US6174464486,2841574,MS,USD,2022-11-08,86.19,86.23,84.5,85.25,38306,20087,85.562
US6174464486,2841574,MS,USD,2022-11-09,85.38,85.38,83.05,83.05,37039,18623,83.815
US6174464486,2841574,MS,USD,2022-11-10,83.3,89.0,83.1,88.4,81481,40770,88.139
US6174464486,2841574,MS,USD,2022-11-11,88.75,91.7,88.75,90.73,70294,36115,90.71
US6174464486,2841574,MS,USD,2022-11-14,90.29,91.36,89.68,89.83,39077,20214,90.416
US6174464486,2841574,MS,USD,2022-11-15,89.86,91.86,89.36,90.3,56675,24973,90.705
US6174464486,2841574,MS,USD,2022-11-16,90.8,90.8,89.06,90.07,31781,16795,89.789
US6174464486,2841574,MS,USD,2022-11-17,89.75,89.75,87.51,89.0,38721,19011,88.557
US6174464486,2841574,MS,USD,2022-11-18,89.5,90.41,88.59,89.24,41695,18717,89.247
US6174464486,2841574,MS,USD,2022-11-21,88.94,89.68,88.56,89.1,37458,20452,89.095
US6174464486,2841574,MS,USD,2022-11-22,89.47,90.19,89.3,89.67,29260,14027,89.706
US6174464486,2841574,MS,USD,2022-11-23,89.72,90.45,89.67,89.95,38645,14040,89.976
US6174464486,2841574,MS,USD,2022-11-25,90.32,91.09,89.47,90.91,18983,8844,90.692
US6174464486,2841574,MS,USD,2022-11-28,90.5,91.1,89.7,89.8,50936,18215,90.012
US6174464486,2841574,MS,USD,2022-11-29,90.65,91.47,89.6,91.0,41188,20301,90.898
US6174464486,2841574,MS,USD,2022-11-30,90.9,93.25,89.13,93.0,85403,33136,91.997
US6174464486,2841574,MS,USD,2022-12-01,92.61,93.49,92.04,92.95,52206,22431,92.87
US6174464486,2841574,MS,USD,2022-12-02,92.16,92.66,91.46,91.92,41130,20875,92.037
US6174464486,2841574,MS,USD,2022-12-05,91.92,91.92,89.08,90.1,66383,36394,89.985
US6174464486,2841574,MS,USD,2022-12-06,90.0,90.0,86.41,87.5,82181,45983,87.387
US6174464486,2841574,MS,USD,2022-12-07,87.25,88.03,86.64,87.4,52436,20630,87.275
US6174464486,2841574,MS,USD,2022-12-08,87.28,88.81,87.0,88.72,46623,21325,88.5
US6174464486,2841574,MS,USD,2022-12-09,89.12,89.76,88.33,89.49,51861,22194,89.375
US6174464486,2841574,MS,USD,2022-12-12,89.8,91.33,88.28,91.0,50775,26782,90.521
US6174464486,2841574,MS,USD,2022-12-13,91.55,95.16,91.55,92.7,79938,34600,93.065
US6174464486,2841574,MS,USD,2022-12-14,92.85,92.85,89.87,90.64,57037,29077,91.096
US6174464486,2841574,MS,USD,2022-12-15,89.7,89.9,86.92,87.54,70739,34329,87.753
US6174464486,2841574,MS,USD,2022-12-16,87.0,87.2,85.83,86.64,133523,30493,86.68
US6174464486,2841574,MS,USD,2022-12-19,87.1,87.1,84.95,85.6,40925,18536,85.773
US6174464486,2841574,MS,USD,2022-12-20,85.51,86.46,85.13,85.45,41065,18820,85.617
US6174464486,2841574,MS,USD,2022-12-21,85.8,87.82,85.8,87.05,43703,20700,86.978
US6174464486,2841574,MS,USD,2022-12-22,87.17,87.17,84.77,86.28,44356,21818,85.827
US6174464486,2841574,MS,USD,2022-12-23,86.55,87.02,85.35,86.11,26353,13427,86.075
US6174464486,2841574,MS,USD,2022-12-27,86.75,86.76,84.94,85.06,39944,19492,85.324
US6174464486,2841574,MS,USD,2022-12-28,85.88,85.88,84.02,84.46,29078,16167,84.603
US6174464486,2841574,MS,USD,2022-12-29,85.09,85.59,84.56,85.0,27312,14171,85.18
US6174464486,2841574,MS,USD,2022-12-30,84.67,85.21,84.17,85.15,34755,16484,84.823
US6174464486,2841574,MS,USD,2023-01-03,85.9,86.6,84.98,85.56,40422,19784,85.613
US6174464486,2841574,MS,USD,2023-01-04,85.3,87.35,84.91,86.97,59383,27187,86.417
US6174464486,2841574,MS,USD,2023-01-05,86.46,86.46,84.83,85.92,38815,20672,85.637
US6174464486,2841574,MS,USD,2023-01-06,86.18,87.96,85.65,87.42,47236,21794,87.32
US6174464486,2841574,MS,USD,2023-01-09,87.88,88.92,87.41,87.48,35956,18562,88.096
US6174464486,2841574,MS,USD,2023-01-10,87.69,88.93,86.84,88.9,35796,15742,88.366
US6174464486,2841574,MS,USD,2023-01-11,89.01,89.81,88.85,89.45,49952,25508,89.446
US6174464486,2841574,MS,USD,2023-01-12,89.43,91.81,89.35,90.6,63395,31928,90.75
US6174464486,2841574,MS,USD,2023-01-13,90.51,91.98,88.27,91.59,66969,36603,91.178
US6174464486,2841574,MS,USD,2023-01-17,91.44,99.1,91.02,97.0,230601,97738,97.387
US6174464486,2841574,MS,USD,2023-01-18,96.7,97.95,96.3,96.31,115932,58258,96.931
US6174464486,2841574,MS,USD,2023-01-19,95.75,95.75,92.94,94.31,108160,52483,94.027
US6174464486,2841574,MS,USD,2023-01-20,94.98,96.28,93.7,96.0,74413,32864,95.306
US6174464486,2841574,MS,USD,2023-01-23,95.97,97.26,95.24,97.0,68723,31910,96.521
US6174464486,2841574,MS,USD,2023-01-24,97.02,97.02,85.15,95.1,38463,19054,95.891
US6174464486,2841574,MS,USD,2023-01-25,95.0,95.93,94.44,95.8,47999,23544,95.286
US6174464486,2841574,MS,USD,2023-01-26,96.0,96.54,95.31,96.48,46695,24911,96.019
US6174464486,2841574,MS,USD,2023-01-27,96.2,97.43,95.71,96.98,62391,30689,96.659
US6174464486,2841574,MS,USD,2023-01-30,95.5,96.61,94.92,96.1,46301,23654,95.963
US6174464486,2841574,MS,USD,2023-01-31,95.97,97.37,95.76,97.16,59748,21337,96.945
US6174464486,2841574,MS,USD,2023-02-01,97.22,99.06,96.56,98.59,78978,36095,98.056
US6174464486,2841574,MS,USD,2023-02-02,98.5,100.27,97.96,99.28,63232,33224,99.373
US6174464486,2841574,MS,USD,2023-02-03,99.0,100.18,98.02,99.65,52449,28495,99.329
US6174464486,2841574,MS,USD,2023-02-06,98.82,99.2,98.07,99.0,37405,15273,98.789
US6174464486,2841574,MS,USD,2023-02-07,98.74,99.82,98.05,98.59,32702,17426,99.153
US6174464486,2841574,MS,USD,2023-02-08,98.82,99.94,98.06,98.96,30219,16655,99.165
US6174464486,2841574,MS,USD,2023-02-09,99.71,99.99,97.73,98.08,39861,21974,98.632
US6174464486,2841574,MS,USD,2023-02-10,97.69,98.6,97.56,97.69,40471,18499,98.247
US6174464486,2841574,MS,USD,2023-02-13,98.75,99.76,98.05,98.1,38335,15618,99.357
US6174464486,2841574,MS,USD,2023-02-14,98.99,100.99,98.97,100.54,60681,31482,100.468
US6174464486,2841574,MS,USD,2023-02-15,100.48,100.96,99.44,100.83,53188,26197,100.314
US6174464486,2841574,MS,USD,2023-02-16,100.5,100.5,98.81,99.12,49744,25721,99.694
US6174464486,2841574,MS,USD,2023-02-17,99.0,100.02,98.3,99.37,61771,26590,99.286
US6174464486,2841574,MS,USD,2023-02-21,99.25,99.25,97.17,97.65,50439,27980,97.971
US6174464486,2841574,MS,USD,2023-02-22,97.41,98.07,96.62,97.41,39179,21631,97.418
US6174464486,2841574,MS,USD,2023-02-23,97.7,98.42,96.6,97.9,47245,25950,97.728
US6174464486,2841574,MS,USD,2023-02-24,97.52,97.98,96.61,97.65,43095,21687,97.516
US6174464486,2841574,MS,USD,2023-02-27,98.1,98.98,96.58,96.7,43150,24726,97.155
US6174464486,2841574,MS,USD,2023-02-28,97.01,97.29,96.01,96.48,52785,20384,96.715
US6174464486,2841574,MS,USD,2023-03-01,96.72,96.76,95.26,96.19,40801,22227,96.122
US6174464486,2841574,MS,USD,2023-03-02,95.8,96.37,94.48,95.89,35397,17532,95.739
US6174464486,2841574,MS,USD,2023-03-03,96.48,98.5,96.45,98.5,49650,19991,97.923
US6174464486,2841574,MS,USD,2023-03-06,98.0,99.2,98.0,98.38,39320,22573,98.585
US6174464486,2841574,MS,USD,2023-03-07,98.28,98.28,95.97,96.06,40834,20937,96.528
US6174464486,2841574,MS,USD,2023-03-08,96.4,96.5,95.13,95.95,30861,16544,95.85
US6174464486,2841574,MS,USD,2023-03-09,95.37,95.95,91.77,92.4,71003,34973,93.204
US6174464486,2841574,MS,USD,2023-03-10,92.17,93.01,89.23,90.65,121151,65640,90.812
US6174464486,2841574,MS,USD,2023-03-13,90.5,90.5,86.65,88.78,116264,63843,88.631
US6174464486,2841574,MS,USD,2023-03-14,89.94,92.74,89.07,90.0,87136,44655,90.175
US6174464486,2841574,MS,USD,2023-03-15,88.9,88.9,83.68,85.35,115916,56994,85.154
US6174464486,2841574,MS,USD,2023-03-16,85.71,88.28,83.28,86.55,123293,50879,86.491
US6174464486,2841574,MS,USD,2023-03-17,86.35,87.66,83.69,84.08,165912,50507,84.501
US6174464486,2841574,MS,USD,2023-03-20,82.6,86.31,82.6,85.51,69351,35459,85.575
US6174464486,2841574,MS,USD,2023-03-21,85.8,89.18,85.78,88.93,68888,35089,88.731
US6174464486,2841574,MS,USD,2023-03-22,89.1,90.08,87.45,87.91,58579,34645,88.728
US6174464486,2841574,MS,USD,2023-03-23,88.01,88.9,85.24,85.95,73937,35169,86.68
US6174464486,2841574,MS,USD,2023-03-24,84.92,84.94,81.72,83.97,87456,42000,83.154
US6174464486,2841574,MS,USD,2023-03-27,84.2,86.5,84.2,84.78,52909,23381,84.95
US6174464486,2841574,MS,USD,2023-03-28,84.7,85.17,83.93,84.92,38645,19921,84.611
US6174464486,2841574,MS,USD,2023-03-29,85.6,86.35,85.35,86.06,39640,18439,86.053
US6174464486,2841574,MS,USD,2023-03-30,86.5,87.61,85.46,86.25,32234,15894,86.212
US6174464486,2841574,MS,USD,2023-03-31,86.4,87.97,86.17,87.92,51143,18911,87.382
US6174464486,2841574,MS,USD,2023-04-03,87.9,88.32,86.67,86.91,51368,24381,87.271
US6174464486,2841574,MS,USD,2023-04-04,87.6,87.6,84.26,84.91,51230,23046,84.991
US6174464486,2841574,MS,USD,2023-04-05,84.9,85.25,83.2,83.66,48458,23794,83.782
US6174464486,2841574,MS,USD,2023-04-06,84.2,84.42,83.21,84.19,30402,14547,84.084
US6174464486,2841574,MS,USD,2023-04-10,84.5,84.5,83.43,84.2,48640,20440,83.915
US6174464486,2841574,MS,USD,2023-04-11,84.4,85.76,84.13,85.25,45358,20692,85.112
US6174464486,2841574,MS,USD,2023-04-12,85.5,86.02,84.79,85.5,37599,17723,85.482
US6174464486,2841574,MS,USD,2023-04-13,85.73,85.9,84.44,85.61,41514,20569,85.475
US6174464486,2841574,MS,USD,2023-04-14,86.1,87.59,85.9,86.9,61520,30222,86.649
US6174464486,2841574,MS,USD,2023-04-17,87.65,89.86,86.27,89.8,72204,33751,88.468
US6174464486,2841574,MS,USD,2023-04-18,89.88,90.55,88.01,90.42,77513,40639,89.846
US6174464486,2841574,MS,USD,2023-04-19,90.05,91.9,85.6,90.0,115767,48566,89.221
US6174464486,2841574,MS,USD,2023-04-20,89.76,91.82,89.4,90.16,49489,23752,90.706
US6174464486,2841574,MS,USD,2023-04-21,90.43,91.34,89.17,91.12,50239,22883,90.829
US6174464486,2841574,MS,USD,2023-04-24,91.2,91.48,89.55,89.99,39247,16901,90.165
US6174464486,2841574,MS,USD,2023-04-25,88.87,89.83,87.88,88.1,46794,22328,88.424
US6174464486,2841574,MS,USD,2023-04-26,87.85,89.79,87.85,88.42,43819,22102,88.612
US6174464486,2841574,MS,USD,2023-04-27,88.69,90.96,88.69,90.2,49968,25564,90.031
US6174464486,2841574,MS,USD,2023-04-28,89.03,90.33,88.98,89.92,50446,23976,89.908
US6174464486,2841574,MS,USD,2023-05-01,90.01,90.52,87.77,88.04,62198,23385,88.449
US6174464486,2841574,MS,USD,2023-05-02,87.9,88.25,85.33,86.35,47645,23326,86.145
US6174464486,2841574,MS,USD,2023-05-03,86.55,87.18,84.16,84.48,51493,23229,85.614
US6174464486,2841574,MS,USD,2023-05-04,84.5,84.9,81.61,82.75,82897,43145,82.576
US6174464486,2841574,MS,USD,2023-05-05,83.41,85.02,82.61,84.88,59500,27729,84.562
US6174464486,2841574,MS,USD,2023-05-08,85.59,85.75,84.32,84.34,46916,23962,84.768
US6174464486,2841574,MS,USD,2023-05-09,84.63,84.91,83.69,84.38,34676,17427,84.434
US6174464486,2841574,MS,USD,2023-05-10,84.38,85.36,82.8,83.7,38904,16582,83.705
US6174464486,2841574,MS,USD,2023-05-11,83.89,83.89,81.62,82.7,49623,26570,82.491
US6174464486,2841574,MS,USD,2023-05-12,83.4,83.7,81.67,82.37,39521,20735,82.244
US6174464486,2841574,MS,USD,2023-05-15,82.61,83.38,82.24,83.0,40980,21412,82.83
US6174464486,2841574,MS,USD,2023-05-16,82.95,83.11,81.81,81.9,35218,18702,82.156
US6174464486,2841574,MS,USD,2023-05-17,82.17,84.02,82.17,83.8,48330,21634,83.475
US6174464486,2841574,MS,USD,2023-05-18,83.8,84.66,83.02,84.6,40698,21825,83.959
US6174464486,2841574,MS,USD,2023-05-19,84.48,84.75,82.2,82.25,92367,42616,82.842
US6174464486,2841574,MS,USD,2023-05-22,82.25,83.16,81.9,82.42,44254,22998,82.418
US6174464486,2841574,MS,USD,2023-05-23,82.45,83.57,81.89,82.72,44445,23577,82.906
US6174464486,2841574,MS,USD,2023-05-24,82.11,82.39,80.74,81.25,49679,22269,81.211
US6174464486,2841574,MS,USD,2023-05-25,81.1,83.13,80.75,82.83,56140,27393,82.546
US6174464486,2841574,MS,USD,2023-05-26,83.0,84.64,82.67,83.8,54142,26291,84.087
US6174464486,2841574,MS,USD,2023-05-30,84.0,84.57,83.11,83.42,44702,19807,83.487
US6174464486,2841574,MS,USD,2023-05-31,83.08,83.28,81.13,81.8,75547,28141,81.84
US6174464486,2841574,MS,USD,2023-06-01,82.28,82.84,81.47,82.15,51760,25363,82.076
US6174464486,2841574,MS,USD,2023-06-02,82.75,84.68,82.75,84.0,47421,23470,84.274
US6174464486,2841574,MS,USD,2023-06-05,84.4,84.76,83.22,83.7,55516,22789,83.817
US6174464486,2841574,MS,USD,2023-06-06,83.8,86.23,83.27,85.95,55179,28676,85.543
US6174464486,2841574,MS,USD,2023-06-07,86.22,87.01,85.78,86.48,60334,27850,86.447
US6174464486,2841574,MS,USD,2023-06-08,86.56,87.28,85.18,86.23,54935,28366,86.177
US6174464486,2841574,MS,USD,2023-06-09,86.32,86.96,85.66,86.13,50487,24902,86.244
US6174464486,2841574,MS,USD,2023-06-12,86.43,87.65,86.01,87.42,56788,25591,87.082
US6174464486,2841574,MS,USD,2023-06-13,87.8,88.98,87.48,88.31,46070,24143,88.486
US6174464486,2841574,MS,USD,2023-06-14,87.83,89.49,87.64,87.99,44779,23587,88.302
US6174464486,2841574,MS,USD,2023-06-15,87.64,89.33,87.4,88.54,53900,24905,88.756
US6174464486,2841574,MS,USD,2023-06-16,88.7,89.71,87.94,88.15,114285,25197,88.351
US6174464486,2841574,MS,USD,2023-06-20,87.8,87.81,86.25,86.68,56638,24058,86.779
US6174464486,2841574,MS,USD,2023-06-21,86.8,87.28,86.3,86.4,51801,20745,86.647
US6174464486,2841574,MS,USD,2023-06-22,86.2,86.2,84.35,84.52,49178,24328,84.72
US6174464486,2841574,MS,USD,2023-06-23,83.8,84.2,82.6,83.58,83416,30497,83.481
US6174464486,2841574,MS,USD,2023-06-26,83.25,84.66,83.24,83.81,47782,18291,83.623
US6174464486,2841574,MS,USD,2023-06-27,83.67,84.87,83.37,84.4,48857,21291,84.328
US6174464486,2841574,MS,USD,2023-06-28,84.59,85.94,83.64,85.5,36194,17671,83.936
US6174464486,2841574,MS,USD,2023-06-29,85.39,86.06,84.63,85.35,76744,34496,85.281
US6174464486,2841574,MS,USD,2023-06-30,85.8,87.05,85.4,86.0,48035,21485,85.725
US6174464486,2841574,MS,USD,2023-07-03,85.6,87.66,85.6,86.75,48007,23910,86.691
US6174464486,2841574,MS,USD,2023-07-05,85.98,86.41,85.35,85.83,52171,25511,85.89
US6174464486,2841574,MS,USD,2023-07-06,85.69,86.0,83.02,83.32,71019,35020,83.541
US6174464486,2841574,MS,USD,2023-07-07,83.15,84.04,82.9,83.5,65302,36810,83.641
US6174464486,2841574,MS,USD,2023-07-10,83.24,84.39,83.18,83.5,47574,25032,83.628
US6174464486,2841574,MS,USD,2023-07-11,83.68,85.43,83.62,85.0,94893,40176,84.762
US6174464486,2841574,MS,USD,2023-07-12,85.57,87.71,85.05,85.85,70738,31234,86.361
US6174464486,2841574,MS,USD,2023-07-13,86.1,86.64,85.74,86.15,48370,22716,86.063
US6174464486,2841574,MS,USD,2023-07-14,86.95,87.83,85.56,85.8,61256,32315,85.977
US6174464486,2841574,MS,USD,2023-07-17,85.5,87.2,85.5,87.15,60934,32644,86.458
US6174464486,2841574,MS,USD,2023-07-18,87.2,92.56,86.0,92.06,171156,79632,91.221
US6174464486,2841574,MS,USD,2023-07-19,92.0,93.86,91.3,92.77,90596,49729,93.037
US6174464486,2841574,MS,USD,2023-07-20,93.16,94.14,92.86,93.75,77336,39694,93.683
US6174464486,2841574,MS,USD,2023-07-21,94.08,94.6,93.06,93.9,51108,25772,93.947
US6174464486,2841574,MS,USD,2023-07-24,94.01,95.4,93.7,94.73,58332,26549,94.663
US6174464486,2841574,MS,USD,2023-07-25,94.7,95.66,94.32,94.96,56761,26970,94.852
US6174464486,2841574,MS,USD,2023-07-26,94.89,95.15,93.28,93.83,59010,28442,93.79
US6174464486,2841574,MS,USD,2023-07-27,93.99,94.71,92.44,92.74,52569,26485,93.417
US6174464486,2841574,MS,USD,2023-07-28,92.38,92.6,91.09,91.65,44540,23469,91.68
US6174464486,2841574,MS,USD,2023-07-31,91.94,92.2,91.04,91.59,41911,19652,91.551
US6174464486,2841574,MS,USD,2023-08-01,91.4,91.56,90.55,90.55,35054,17631,90.938
US6174464486,2841574,MS,USD,2023-08-02,90.11,90.34,88.79,89.32,51237,24625,89.417
US6174464486,2841574,MS,USD,2023-08-03,89.19,89.52,88.51,89.12,41712,21547,89.175
US6174464486,2841574,MS,USD,2023-08-04,89.27,90.05,88.52,88.75,48586,25675,89.326
US6174464486,2841574,MS,USD,2023-08-07,88.9,89.71,88.81,89.0,35247,17251,89.25
US6174464486,2841574,MS,USD,2023-08-08,88.58,88.58,86.25,88.4,48778,23810,87.594
US6174464486,2841574,MS,USD,2023-08-09,88.6,89.01,87.47,87.56,40809,20082,87.915
US6174464486,2841574,MS,USD,2023-08-10,88.07,88.93,87.32,87.85,30214,16764,87.927
US6174464486,2841574,MS,USD,2023-08-11,87.64,88.2,87.02,87.7,31125,17385,87.71
US6174464486,2841574,MS,USD,2023-08-14,87.91,87.91,86.52,87.35,28247,14580,87.128
US6174464486,2841574,MS,USD,2023-08-15,86.6,86.7,85.72,86.12,64770,30922,86.119
US6174464486,2841574,MS,USD,2023-08-16,86.16,86.79,85.59,85.98,46875,25142,86.221
US6174464486,2841574,MS,USD,2023-08-17,86.01,86.9,85.2,85.65,64236,29250,86.112
US6174464486,2841574,MS,USD,2023-08-18,85.79,86.3,84.7,84.82,54953,28046,85.14
US6174464486,2841574,MS,USD,2023-08-21,85.5,85.5,83.66,84.24,40486,17636,84.264
US6174464486,2841574,MS,USD,2023-08-22,84.36,84.77,82.84,82.95,47941,23579,83.326
US6174464486,2841574,MS,USD,2023-08-23,82.98,83.72,82.88,83.43,47298,25782,83.303
US6174464486,2841574,MS,USD,2023-08-24,83.56,84.75,83.1,83.44,38025,21107,83.655
US6174464486,2841574,MS,USD,2023-08-25,83.69,84.15,82.74,83.2,42686,21800,83.204
US6174464486,2841574,MS,USD,2023-08-28,83.19,84.87,83.15,84.12,53742,24451,84.422
US6174464486,2841574,MS,USD,2023-08-29,84.52,85.59,84.32,85.45,51719,23520,85.253
US6174464486,2841574,MS,USD,2023-08-30,85.55,86.0,85.03,85.26,39919,21345,85.332
US6174464486,2841574,MS,USD,2023-08-31,85.55,85.67,84.76,85.04,45517,15847,85.112
US6174464486,2841574,MS,USD,2023-09-01,85.65,86.45,85.15,85.61,38104,20420,85.795
US6174464486,2841574,MS,USD,2023-09-05,85.37,86.27,84.77,84.95,38017,20417,85.214
US6174464486,2841574,MS,USD,2023-09-06,84.84,85.06,83.35,84.12,43301,20558,84.072
US6174464486,2841574,MS,USD,2023-09-07,84.29,84.87,83.75,83.89,43750,22084,84.221
US6174464486,2841574,MS,USD,2023-09-08,83.84,84.99,83.65,84.6,41188,22731,84.608
US6174464486,2841574,MS,USD,2023-09-11,85.2,85.67,83.35,83.54,61420,32300,84.04
US6174464486,2841574,MS,USD,2023-09-12,83.51,86.53,83.23,85.55,69347,38269,85.381
US6174464486,2841574,MS,USD,2023-09-13,86.0,87.8,85.42,87.4,83938,44127,87.239
US6174464486,2841574,MS,USD,2023-09-14,87.6,89.16,87.6,89.09,66831,33110,88.807
US6174464486,2841574,MS,USD,2023-09-15,89.34,89.47,87.94,88.44,139635,30744,88.38
US6174464486,2841574,MS,USD,2023-09-18,88.41,89.05,87.55,88.83,43885,23319,88.584
US6174464486,2841574,MS,USD,2023-09-19,88.8,89.47,87.94,88.6,44948,23092,88.539
US6174464486,2841574,MS,USD,2023-09-20,88.85,89.19,87.06,87.12,43178,25920,88.09
US6174464486,2841574,MS,USD,2023-09-21,87.0,87.0,84.79,84.83,58290,28064,85.281
US6174464486,2841574,MS,USD,2023-09-22,85.0,85.23,83.0,83.3,59802,32050,83.667
US6174464486,2841574,MS,USD,2023-09-25,83.06,83.28,82.3,83.23,38677,18530,82.941
US6174464486,2841574,MS,USD,2023-09-26,82.3,82.94,81.72,82.33,44872,22017,82.185
US6174464486,2841574,MS,USD,2023-09-27,82.97,82.97,81.09,81.65,46009,25639,81.749
US6174464486,2841574,MS,USD,2023-09-28,81.1,82.55,81.1,82.4,44292,21533,82.041
US6174464486,2841574,MS,USD,2023-09-29,82.48,83.09,81.02,81.51,56376,29897,81.77
US6174464486,2841574,MS,USD,2023-10-02,81.94,81.94,79.9,80.23,55289,28537,80.362
US6174464486,2841574,MS,USD,2023-10-03,80.49,80.49,77.83,78.04,61556,32108,78.411
US6174464486,2841574,MS,USD,2023-10-04,78.2,79.29,77.61,78.9,55495,28498,78.591
US6174464486,2841574,MS,USD,2023-10-05,79.0,79.54,78.01,79.29,42034,21650,78.992
US6174464486,2841574,MS,USD,2023-10-06,79.61,80.79,78.3,80.33,50333,26842,80.077
US6174464486,2841574,MS,USD,2023-10-09,79.33,80.09,78.93,79.91,39634,21919,79.534
US6174464486,2841574,MS,USD,2023-10-10,80.02,81.11,79.33,79.35,52054,27549,80.398
US6174464486,2841574,MS,USD,2023-10-11,79.49,80.21,78.71,79.0,76467,39141,79.097
US6174464486,2841574,MS,USD,2023-10-12,79.43,79.56,77.29,77.82,99542,52349,77.912
US6174464486,2841574,MS,USD,2023-10-13,78.0,79.23,77.34,77.8,52676,28936,78.029
US6174464486,2841574,MS,USD,2023-10-16,78.21,79.18,77.87,78.71,54972,29956,78.697
US6174464486,2841574,MS,USD,2023-10-17,78.5,80.63,77.98,80.1,103857,47265,79.798
US6174464486,2841574,MS,USD,2023-10-18,80.1,80.2,73.4,74.77,297856,131098,74.786
US6174464486,2841574,MS,USD,2023-10-19,74.5,76.46,72.75,72.75,146985,69410,73.964
US6174464486,2841574,MS,USD,2023-10-20,73.11,74.0,72.35,73.15,90803,43540,73.257
US6174464486,2841574,MS,USD,2023-10-23,72.9,72.9,71.24,71.87,106999,49397,71.95
US6174464486,2841574,MS,USD,2023-10-24,71.99,72.19,71.08,71.46,70756,35887,71.6
US6174464486,2841574,MS,USD,2023-10-25,71.56,71.9,71.09,71.09,68318,33320,71.455
US6174464486,2841574,MS,USD,2023-10-26,71.35,72.69,71.15,72.3,92972,43159,72.174
US6174464486,2841574,MS,USD,2023-10-27,72.1,72.16,70.19,70.35,88308,43635,70.786
US6174464486,2841574,MS,USD,2023-10-30,70.5,70.89,69.42,70.41,84169,39766,70.212
US6174464486,2841574,MS,USD,2023-10-31,70.99,71.02,70.27,70.8,76549,34408,70.679
US6174464486,2841574,MS,USD,2023-11-01,70.78,71.91,70.28,71.21,77565,38178,71.141
US6174464486,2841574,MS,USD,2023-11-02,71.63,73.53,71.2,73.49,100911,41376,72.954
US6174464486,2841574,MS,USD,2023-11-03,73.53,76.68,73.53,76.06,125264,64794,76.139
US6174464486,2841574,MS,USD,2023-11-06,76.35,76.76,75.36,75.82,67380,34272,75.808
US6174464486,2841574,MS,USD,2023-11-07,75.65,76.17,74.93,75.41,63823,31931,75.509
US6174464486,2841574,MS,USD,2023-11-08,75.51,76.19,74.76,75.71,63573,32156,75.751
US6174464486,2841574,MS,USD,2023-11-09,76.0,76.29,73.96,74.25,76158,39104,74.64
US6174464486,2841574,MS,USD,2023-11-10,74.34,75.39,74.05,75.07,68057,32657,74.915
US6174464486,2841574,MS,USD,2023-11-13,75.02,75.52,74.55,75.05,38031,21259,75.147
US6174464486,2841574,MS,USD,2023-11-14,75.25,78.96,75.25,78.5,99332,47089,78.267
US6174464486,2841574,MS,USD,2023-11-15,78.95,80.04,78.31,79.6,78838,39641,79.549
US6174464486,2841574,MS,USD,2023-11-16,79.49,80.28,79.04,79.6,54687,26283,79.549
US6174464486,2841574,MS,USD,2023-11-17,80.11,80.45,79.66,80.28,48710,22407,80.238
US6174464486,2841574,MS,USD,2023-11-20,80.2,80.2,79.34,79.75,65045,28168,79.868
US6174464486,2841574,MS,USD,2023-11-21,79.64,79.89,78.22,78.37,57781,27373,78.698
US6174464486,2841574,MS,USD,2023-11-22,78.89,78.89,78.0,78.4,33359,17357,78.489
US6174464486,2841574,MS,USD,2023-11-24,78.59,78.91,78.04,78.6,19300,8374,78.637
US6174464486,2841574,MS,USD,2023-11-27,78.48,78.48,77.59,77.98,43840,19475,77.94
US6174464486,2841574,MS,USD,2023-11-28,77.47,77.7,76.33,77.0,77305,33798,76.813
US6174464486,2841574,MS,USD,2023-11-29,77.05,79.53,77.05,78.59,59882,28962,78.646
US6174464486,2841574,MS,USD,2023-11-30,78.5,79.53,78.21,79.3,65071,28062,79.172
US6174464486,2841574,MS,USD,2023-12-01,79.53,81.0,78.74,81.0,76350,32737,80.286
US6174464486,2841574,MS,USD,2023-12-04,80.51,81.48,80.06,81.15,55436,24539,81.075
US6174464486,2841574,MS,USD,2023-12-05,81.1,81.1,79.59,80.25,50004,23310,80.096
US6174464486,2841574,MS,USD,2023-12-06,80.33,81.76,79.27,79.68,60261,31975,80.194
US6174464486,2841574,MS,USD,2023-12-07,79.45,80.57,79.43,80.25,43781,21538,80.277
US6174464486,2841574,MS,USD,2023-12-08,80.39,82.66,80.15,82.31,77303,32965,82.045
US6174464486,2841574,MS,USD,2023-12-11,82.55,82.9,81.96,82.87,51666,24849,82.566
US6174464486,2841574,MS,USD,2023-12-12,82.94,83.71,82.56,83.6,56284,26576,83.438
US6174464486,2841574,MS,USD,2023-12-13,83.79,86.52,83.3,86.52,80936,32573,85.045
US6174464486,2841574,MS,USD,2023-12-14,86.55,92.0,86.4,91.1,159038,80121,90.533
US6174464486,2841574,MS,USD,2023-12-15,91.0,92.0,90.26,91.62,142257,44906,91.297
US6174464486,2841574,MS,USD,2023-12-18,91.88,91.88,90.52,90.73,72465,30323,90.991
US6174464486,2841574,MS,USD,2023-12-19,91.0,92.36,90.7,91.91,64823,25034,91.948
US6174464486,2841574,MS,USD,2023-12-20,91.85,92.31,90.93,91.14,81687,31296,91.46
US6174464486,2841574,MS,USD,2023-12-21,91.14,92.75,91.14,92.45,61206,23356,92.284
US6174464486,2841574,MS,USD,2023-12-22,92.55,93.66,92.23,92.41,45005,21207,92.753
US6174464486,2841574,MS,USD,2023-12-26,92.38,93.02,92.15,92.84,21006,10516,92.847
US6174464486,2841574,MS,USD,2023-12-27,92.66,93.79,92.4,93.66,31875,15229,93.366
US6174464486,2841574,MS,USD,2023-12-28,93.75,93.96,93.24,93.64,30091,15543,93.689
US6174464486,2841574,MS,USD,2023-12-29,93.64,93.77,93.06,93.21,36323,17315,93.363
