ISIN,conId,Symbol,Currency,date,open,high,low,close,volume,barCount,average
US68752M1080,328085402,OFIX,USD,2019-01-02,51.99,52.6,51.16,51.62,1477,1116,51.799
US68752M1080,328085402,OFIX,USD,2019-01-03,51.51,52.16,47.79,49.57,833,618,50.224
US68752M1080,328085402,OFIX,USD,2019-01-04,49.9,51.18,49.76,50.22,2377,1814,50.234
US68752M1080,328085402,OFIX,USD,2019-01-07,50.21,51.72,48.99,49.19,679,537,49.928
US68752M1080,328085402,OFIX,USD,2019-01-08,49.21,50.62,49.05,50.51,1490,637,50.128
US68752M1080,328085402,OFIX,USD,2019-01-09,50.66,51.67,50.06,50.31,2187,680,50.434
US68752M1080,328085402,OFIX,USD,2019-01-10,50.01,51.37,50.01,51.18,614,437,51.057
US68752M1080,328085402,OFIX,USD,2019-01-11,50.92,51.36,50.21,50.75,734,500,50.732
US68752M1080,328085402,OFIX,USD,2019-01-14,50.62,50.65,48.87,49.02,671,538,49.652
US68752M1080,328085402,OFIX,USD,2019-01-15,49.03,50.57,48.82,50.4,535,347,50.167
US68752M1080,328085402,OFIX,USD,2019-01-16,50.41,51.32,50.31,50.93,520,383,50.96
US68752M1080,328085402,OFIX,USD,2019-01-17,50.67,51.67,50.66,51.19,748,500,51.216
US68752M1080,328085402,OFIX,USD,2019-01-18,51.21,52.08,50.94,51.93,823,597,51.695
US68752M1080,328085402,OFIX,USD,2019-01-22,51.83,51.83,51.06,51.46,733,532,51.395
US68752M1080,328085402,OFIX,USD,2019-01-23,51.39,52.52,50.96,52.46,915,649,52.033
US68752M1080,328085402,OFIX,USD,2019-01-24,52.47,52.72,51.7,52.67,482,403,52.438
US68752M1080,328085402,OFIX,USD,2019-01-25,53.06,53.81,52.46,53.36,571,391,53.215
US68752M1080,328085402,OFIX,USD,2019-01-28,52.86,53.25,51.46,52.0,841,276,51.884
US68752M1080,328085402,OFIX,USD,2019-01-29,51.99,52.56,51.58,52.36,736,520,52.015
US68752M1080,328085402,OFIX,USD,2019-01-30,52.17,53.27,51.99,52.75,398,218,52.654
US68752M1080,328085402,OFIX,USD,2019-01-31,52.83,54.18,52.16,54.11,972,482,53.783
US68752M1080,328085402,OFIX,USD,2019-02-01,54.12,54.3,53.4,53.79,648,516,53.893
US68752M1080,328085402,OFIX,USD,2019-02-04,54.2,55.63,53.93,55.63,1070,808,54.958
US68752M1080,328085402,OFIX,USD,2019-02-05,55.77,56.4,55.28,56.14,751,648,55.97
US68752M1080,328085402,OFIX,USD,2019-02-06,56.15,57.92,56.15,57.74,881,755,57.408
US68752M1080,328085402,OFIX,USD,2019-02-07,59.75,62.0,57.56,60.8,1439,845,60.328
US68752M1080,328085402,OFIX,USD,2019-02-08,59.86,60.61,59.04,60.42,553,324,60.314
US68752M1080,328085402,OFIX,USD,2019-02-11,60.81,61.01,59.49,60.87,656,432,60.382
US68752M1080,328085402,OFIX,USD,2019-02-12,61.22,62.86,60.65,62.71,1370,684,62.061
US68752M1080,328085402,OFIX,USD,2019-02-13,62.88,63.47,61.97,62.58,771,576,62.485
US68752M1080,328085402,OFIX,USD,2019-02-14,62.31,64.83,61.81,63.7,897,639,63.857
US68752M1080,328085402,OFIX,USD,2019-02-15,64.09,65.0,63.86,64.5,702,461,64.412
US68752M1080,328085402,OFIX,USD,2019-02-19,64.4,66.1,64.02,65.48,1112,666,65.336
US68752M1080,328085402,OFIX,USD,2019-02-20,65.31,66.03,64.29,65.75,1233,662,65.318
US68752M1080,328085402,OFIX,USD,2019-02-21,65.61,65.75,64.18,64.77,570,482,64.747
US68752M1080,328085402,OFIX,USD,2019-02-22,65.03,65.55,64.06,65.51,1025,775,64.987
US68752M1080,328085402,OFIX,USD,2019-02-25,65.52,68.09,65.38,66.0,2218,1054,67.295
US68752M1080,328085402,OFIX,USD,2019-02-26,57.9,65.74,56.35,59.92,2631,2099,60.124
US68752M1080,328085402,OFIX,USD,2019-02-27,59.69,60.88,59.37,59.55,659,499,59.839
US68752M1080,328085402,OFIX,USD,2019-02-28,59.54,61.86,59.2,61.1,732,460,61.041
US68752M1080,328085402,OFIX,USD,2019-03-01,61.53,61.53,58.74,58.98,1254,967,59.544
US68752M1080,328085402,OFIX,USD,2019-03-04,59.22,59.94,57.38,57.44,751,481,57.804
US68752M1080,328085402,OFIX,USD,2019-03-05,57.47,57.84,56.98,57.06,764,586,57.272
US68752M1080,328085402,OFIX,USD,2019-03-06,57.06,57.27,54.31,54.65,1598,953,55.028
US68752M1080,328085402,OFIX,USD,2019-03-07,54.88,55.4,53.38,54.99,978,559,55.008
US68752M1080,328085402,OFIX,USD,2019-03-08,54.72,55.47,54.68,54.99,968,328,55.017
US68752M1080,328085402,OFIX,USD,2019-03-11,55.37,55.66,54.75,55.57,548,436,55.284
US68752M1080,328085402,OFIX,USD,2019-03-12,55.44,55.74,54.92,55.66,463,338,55.5
US68752M1080,328085402,OFIX,USD,2019-03-13,55.7,56.38,55.28,55.63,566,304,55.876
US68752M1080,328085402,OFIX,USD,2019-03-14,55.64,56.41,55.27,55.6,673,507,55.865
US68752M1080,328085402,OFIX,USD,2019-03-15,55.59,57.05,55.59,56.52,2654,573,56.354
US68752M1080,328085402,OFIX,USD,2019-03-18,56.53,57.16,56.02,56.19,661,392,56.354
US68752M1080,328085402,OFIX,USD,2019-03-19,56.41,57.25,55.9,56.8,609,319,56.681
US68752M1080,328085402,OFIX,USD,2019-03-20,56.85,56.85,55.59,55.92,820,423,56.089
US68752M1080,328085402,OFIX,USD,2019-03-21,55.88,56.76,55.81,56.24,852,425,56.33
US68752M1080,328085402,OFIX,USD,2019-03-22,56.02,56.26,54.8,55.54,1307,764,55.586
US68752M1080,328085402,OFIX,USD,2019-03-25,55.56,56.12,55.03,56.01,846,494,55.736
US68752M1080,328085402,OFIX,USD,2019-03-26,56.34,56.76,55.75,56.54,494,334,56.446
US68752M1080,328085402,OFIX,USD,2019-03-27,56.35,56.41,55.08,55.84,380,283,55.765
US68752M1080,328085402,OFIX,USD,2019-03-28,56.02,56.28,55.0,55.96,501,327,55.672
US68752M1080,328085402,OFIX,USD,2019-03-29,56.25,56.49,55.61,56.41,859,310,56.251
US68752M1080,328085402,OFIX,USD,2019-04-01,56.56,56.65,55.38,56.2,558,315,56.084
US68752M1080,328085402,OFIX,USD,2019-04-02,56.15,56.15,54.94,55.36,635,423,55.366
US68752M1080,328085402,OFIX,USD,2019-04-03,55.65,55.83,54.61,55.04,605,438,55.059
US68752M1080,328085402,OFIX,USD,2019-04-04,55.05,55.21,54.5,55.13,336,232,54.904
US68752M1080,328085402,OFIX,USD,2019-04-05,55.12,55.86,54.57,55.25,717,314,55.221
US68752M1080,328085402,OFIX,USD,2019-04-08,55.24,55.95,54.74,55.86,481,323,55.723
US68752M1080,328085402,OFIX,USD,2019-04-09,55.72,56.06,55.27,55.35,448,266,55.703
US68752M1080,328085402,OFIX,USD,2019-04-10,55.44,56.12,54.13,55.44,700,431,55.644
US68752M1080,328085402,OFIX,USD,2019-04-11,55.5,55.55,55.08,55.5,1147,376,55.471
US68752M1080,328085402,OFIX,USD,2019-04-12,55.51,55.8,54.97,55.05,304,225,55.286
US68752M1080,328085402,OFIX,USD,2019-04-15,55.12,55.51,54.83,55.18,493,375,55.295
US68752M1080,328085402,OFIX,USD,2019-04-16,55.45,55.45,53.12,53.2,696,420,53.852
US68752M1080,328085402,OFIX,USD,2019-04-17,53.36,53.36,51.31,52.76,1302,900,52.478
US68752M1080,328085402,OFIX,USD,2019-04-18,52.61,53.49,52.02,52.54,861,602,52.491
US68752M1080,328085402,OFIX,USD,2019-04-22,52.28,53.51,52.11,53.32,533,396,53.05
US68752M1080,328085402,OFIX,USD,2019-04-23,53.99,54.96,53.56,54.73,725,558,54.709
US68752M1080,328085402,OFIX,USD,2019-04-24,54.62,54.94,54.58,54.85,388,290,54.807
US68752M1080,328085402,OFIX,USD,2019-04-25,54.61,54.85,53.86,54.63,615,302,54.517
US68752M1080,328085402,OFIX,USD,2019-04-26,54.84,54.86,54.27,54.84,764,645,54.719
US68752M1080,328085402,OFIX,USD,2019-04-29,54.85,54.85,53.71,54.0,529,408,54.163
US68752M1080,328085402,OFIX,USD,2019-04-30,54.27,54.89,53.32,54.79,682,391,54.557
US68752M1080,328085402,OFIX,USD,2019-05-01,54.85,54.95,54.22,54.33,1138,233,54.394
US68752M1080,328085402,OFIX,USD,2019-05-02,54.33,55.35,54.02,55.26,381,283,54.925
US68752M1080,328085402,OFIX,USD,2019-05-03,55.51,57.02,55.51,56.67,594,451,56.618
US68752M1080,328085402,OFIX,USD,2019-05-06,55.99,57.85,55.2,57.36,1379,768,56.971
US68752M1080,328085402,OFIX,USD,2019-05-07,53.74,57.21,51.6,55.21,2377,1974,54.763
US68752M1080,328085402,OFIX,USD,2019-05-08,55.09,57.4,55.09,56.43,806,621,56.619
US68752M1080,328085402,OFIX,USD,2019-05-09,55.96,56.76,55.21,56.44,1043,816,56.013
US68752M1080,328085402,OFIX,USD,2019-05-10,56.13,56.52,55.34,56.48,1212,869,55.955
US68752M1080,328085402,OFIX,USD,2019-05-13,56.37,56.37,54.07,54.26,1021,674,54.639
US68752M1080,328085402,OFIX,USD,2019-05-14,54.24,54.74,53.2,53.85,928,692,53.801
US68752M1080,328085402,OFIX,USD,2019-05-15,53.49,54.5,52.92,54.22,486,349,54.205
US68752M1080,328085402,OFIX,USD,2019-05-16,54.52,55.11,53.84,53.88,727,493,54.339
US68752M1080,328085402,OFIX,USD,2019-05-17,53.52,53.89,52.07,52.23,668,433,52.69
US68752M1080,328085402,OFIX,USD,2019-05-20,51.83,52.28,51.04,51.84,636,453,51.9
US68752M1080,328085402,OFIX,USD,2019-05-21,51.98,52.36,51.02,51.31,521,337,51.474
US68752M1080,328085402,OFIX,USD,2019-05-22,51.27,51.77,50.91,51.22,509,336,51.417
US68752M1080,328085402,OFIX,USD,2019-05-23,50.97,50.97,48.85,49.73,818,462,49.598
US68752M1080,328085402,OFIX,USD,2019-05-24,50.01,50.66,49.72,49.99,301,215,50.032
US68752M1080,328085402,OFIX,USD,2019-05-28,50.04,50.63,49.5,49.6,616,401,49.888
US68752M1080,328085402,OFIX,USD,2019-05-29,49.24,49.24,48.32,49.0,473,340,48.835
US68752M1080,328085402,OFIX,USD,2019-05-30,49.2,49.61,48.59,49.27,334,258,49.259
US68752M1080,328085402,OFIX,USD,2019-05-31,48.76,49.43,48.02,49.33,782,520,49.098
US68752M1080,328085402,OFIX,USD,2019-06-03,49.39,49.39,48.53,49.02,743,553,48.984
US68752M1080,328085402,OFIX,USD,2019-06-04,49.4,50.49,49.12,50.43,454,286,50.008
US68752M1080,328085402,OFIX,USD,2019-06-05,50.47,51.88,48.73,50.5,625,404,50.24
US68752M1080,328085402,OFIX,USD,2019-06-06,50.63,51.11,50.12,50.9,560,407,50.739
US68752M1080,328085402,OFIX,USD,2019-06-07,51.24,51.98,50.84,51.57,683,564,51.522
US68752M1080,328085402,OFIX,USD,2019-06-10,51.7,53.12,51.47,52.76,690,560,52.565
US68752M1080,328085402,OFIX,USD,2019-06-11,53.11,53.53,50.22,51.0,1016,781,51.126
US68752M1080,328085402,OFIX,USD,2019-06-12,51.2,51.34,50.58,51.06,803,483,51.03
US68752M1080,328085402,OFIX,USD,2019-06-13,51.29,51.87,50.3,51.49,661,384,51.371
US68752M1080,328085402,OFIX,USD,2019-06-14,51.59,51.79,50.92,51.34,559,433,51.335
US68752M1080,328085402,OFIX,USD,2019-06-17,51.55,51.55,50.51,51.36,599,467,51.091
US68752M1080,328085402,OFIX,USD,2019-06-18,51.8,52.44,51.7,52.05,410,304,52.105
US68752M1080,328085402,OFIX,USD,2019-06-19,52.14,52.98,51.75,52.82,331,245,52.607
US68752M1080,328085402,OFIX,USD,2019-06-20,53.45,53.6,51.97,52.49,562,367,52.581
US68752M1080,328085402,OFIX,USD,2019-06-21,52.3,52.39,51.5,52.27,1290,366,52.173
US68752M1080,328085402,OFIX,USD,2019-06-24,52.4,52.91,51.74,52.53,974,594,52.255
US68752M1080,328085402,OFIX,USD,2019-06-25,52.53,52.88,52.14,52.57,473,243,52.567
US68752M1080,328085402,OFIX,USD,2019-06-26,52.79,53.49,51.98,52.21,547,402,52.311
US68752M1080,328085402,OFIX,USD,2019-06-27,52.3,53.41,52.05,52.55,1001,468,52.458
US68752M1080,328085402,OFIX,USD,2019-06-28,52.69,53.63,52.0,52.88,2841,1008,52.858
US68752M1080,328085402,OFIX,USD,2019-07-01,53.37,53.53,52.07,52.27,1050,672,52.388
US68752M1080,328085402,OFIX,USD,2019-07-02,52.31,52.62,51.9,52.21,1322,863,52.267
US68752M1080,328085402,OFIX,USD,2019-07-03,52.5,52.68,51.65,51.84,389,263,52.132
US68752M1080,328085402,OFIX,USD,2019-07-05,51.56,51.97,50.96,51.0,654,467,51.187
US68752M1080,328085402,OFIX,USD,2019-07-08,50.81,51.03,50.34,50.38,792,451,50.577
US68752M1080,328085402,OFIX,USD,2019-07-09,50.35,51.06,50.0,50.86,1189,887,50.654
US68752M1080,328085402,OFIX,USD,2019-07-10,51.15,51.42,50.91,51.07,802,524,51.176
US68752M1080,328085402,OFIX,USD,2019-07-11,51.23,52.5,50.64,51.86,858,571,51.667
US68752M1080,328085402,OFIX,USD,2019-07-12,51.73,52.16,51.22,51.55,382,214,51.623
US68752M1080,328085402,OFIX,USD,2019-07-15,51.4,52.0,50.76,51.54,1145,499,51.389
US68752M1080,328085402,OFIX,USD,2019-07-16,51.29,51.52,50.18,50.64,1143,680,50.665
US68752M1080,328085402,OFIX,USD,2019-07-17,50.73,51.62,50.44,51.12,2444,657,51.189
US68752M1080,328085402,OFIX,USD,2019-07-18,51.02,51.4,51.02,51.24,587,450,51.272
US68752M1080,328085402,OFIX,USD,2019-07-19,51.13,51.5,50.46,50.49,582,284,50.806
US68752M1080,328085402,OFIX,USD,2019-07-22,50.53,50.71,48.96,48.97,1302,746,49.364
US68752M1080,328085402,OFIX,USD,2019-07-23,49.15,49.61,48.77,49.23,1715,1332,49.239
US68752M1080,328085402,OFIX,USD,2019-07-24,49.18,50.59,48.87,50.42,952,649,50.171
US68752M1080,328085402,OFIX,USD,2019-07-25,50.44,50.92,49.74,49.85,993,585,50.096
US68752M1080,328085402,OFIX,USD,2019-07-26,50.21,50.97,49.8,49.87,1505,950,50.21
US68752M1080,328085402,OFIX,USD,2019-07-29,49.72,50.1,49.39,50.01,774,588,49.874
US68752M1080,328085402,OFIX,USD,2019-07-30,49.63,52.83,49.59,52.38,1495,1080,51.743
US68752M1080,328085402,OFIX,USD,2019-07-31,52.37,53.94,52.23,53.45,1175,834,53.398
US68752M1080,328085402,OFIX,USD,2019-08-01,53.24,55.17,53.24,54.84,1188,897,54.801
US68752M1080,328085402,OFIX,USD,2019-08-02,54.34,54.98,52.75,52.89,1735,1154,53.592
US68752M1080,328085402,OFIX,USD,2019-08-05,52.53,53.15,50.26,50.87,2025,1395,51.058
US68752M1080,328085402,OFIX,USD,2019-08-06,49.14,54.95,49.14,52.94,1465,1123,52.378
US68752M1080,328085402,OFIX,USD,2019-08-07,52.48,52.89,51.7,52.56,1160,818,52.311
US68752M1080,328085402,OFIX,USD,2019-08-08,52.74,54.05,51.9,53.76,763,576,53.427
US68752M1080,328085402,OFIX,USD,2019-08-09,53.63,54.57,53.41,54.25,1170,727,54.243
US68752M1080,328085402,OFIX,USD,2019-08-12,53.99,54.76,52.62,52.69,736,549,53.255
US68752M1080,328085402,OFIX,USD,2019-08-13,52.61,53.74,51.57,52.89,781,541,53.064
US68752M1080,328085402,OFIX,USD,2019-08-14,52.09,52.39,49.96,50.03,615,490,50.628
US68752M1080,328085402,OFIX,USD,2019-08-15,50.14,50.21,49.13,49.92,738,544,49.84
US68752M1080,328085402,OFIX,USD,2019-08-16,49.8,51.29,49.8,51.14,499,359,50.876
US68752M1080,328085402,OFIX,USD,2019-08-19,51.76,52.23,51.35,51.93,564,364,51.866
US68752M1080,328085402,OFIX,USD,2019-08-20,51.94,53.14,51.41,52.23,555,354,52.387
US68752M1080,328085402,OFIX,USD,2019-08-21,52.23,53.61,52.12,53.56,763,487,53.195
US68752M1080,328085402,OFIX,USD,2019-08-22,53.96,54.0,52.93,53.58,903,465,53.547
US68752M1080,328085402,OFIX,USD,2019-08-23,53.62,53.62,51.06,51.37,756,487,51.588
US68752M1080,328085402,OFIX,USD,2019-08-26,51.87,51.95,50.98,51.46,355,199,51.344
US68752M1080,328085402,OFIX,USD,2019-08-27,51.5,51.5,50.7,50.77,809,548,51.046
US68752M1080,328085402,OFIX,USD,2019-08-28,50.5,51.52,50.02,50.88,356,223,51.002
US68752M1080,328085402,OFIX,USD,2019-08-29,51.36,51.85,50.97,51.34,528,311,51.391
US68752M1080,328085402,OFIX,USD,2019-08-30,51.7,51.7,50.56,50.84,285,199,50.908
US68752M1080,328085402,OFIX,USD,2019-09-03,50.56,51.02,48.88,49.78,900,605,49.776
US68752M1080,328085402,OFIX,USD,2019-09-04,50.28,50.29,49.33,49.99,450,333,49.823
US68752M1080,328085402,OFIX,USD,2019-09-05,50.45,51.37,50.01,50.61,389,267,50.689
US68752M1080,328085402,OFIX,USD,2019-09-06,50.75,50.89,50.09,50.34,407,266,50.431
US68752M1080,328085402,OFIX,USD,2019-09-09,50.53,51.35,49.8,50.84,741,577,50.728
US68752M1080,328085402,OFIX,USD,2019-09-10,50.76,51.57,49.89,50.77,578,491,50.918
US68752M1080,328085402,OFIX,USD,2019-09-11,50.92,52.41,50.47,52.04,927,759,51.894
US68752M1080,328085402,OFIX,USD,2019-09-12,52.29,52.36,51.62,51.89,1056,631,51.984
US68752M1080,328085402,OFIX,USD,2019-09-13,52.2,52.2,50.94,50.99,565,398,51.304
US68752M1080,328085402,OFIX,USD,2019-09-16,50.64,51.23,50.18,51.1,334,240,50.828
US68752M1080,328085402,OFIX,USD,2019-09-17,50.92,51.01,50.35,50.77,424,306,50.661
US68752M1080,328085402,OFIX,USD,2019-09-18,50.78,50.93,49.96,50.67,437,326,50.507
US68752M1080,328085402,OFIX,USD,2019-09-19,50.8,51.49,50.51,51.29,572,353,51.294
US68752M1080,328085402,OFIX,USD,2019-09-20,51.31,51.73,51.05,51.45,2000,532,51.429
US68752M1080,328085402,OFIX,USD,2019-09-23,51.2,52.84,50.99,52.75,636,419,52.252
US68752M1080,328085402,OFIX,USD,2019-09-24,52.94,53.53,52.45,53.04,719,523,53.004
US68752M1080,328085402,OFIX,USD,2019-09-25,52.93,54.65,52.42,54.23,780,555,53.973
US68752M1080,328085402,OFIX,USD,2019-09-26,54.11,54.9,53.79,54.26,849,648,54.187
US68752M1080,328085402,OFIX,USD,2019-09-27,54.57,54.62,52.63,52.8,1014,384,53.783
US68752M1080,328085402,OFIX,USD,2019-09-30,53.09,54.18,52.93,53.02,666,416,53.377
US68752M1080,328085402,OFIX,USD,2019-10-01,53.82,54.02,51.55,51.86,447,348,52.257
US68752M1080,328085402,OFIX,USD,2019-10-02,51.58,51.58,50.49,51.34,920,622,51.098
US68752M1080,328085402,OFIX,USD,2019-10-03,51.24,51.33,49.79,51.19,336,225,51.064
US68752M1080,328085402,OFIX,USD,2019-10-04,51.37,51.9,51.12,51.71,249,171,51.59
US68752M1080,328085402,OFIX,USD,2019-10-07,51.5,51.94,51.24,51.57,526,227,51.593
US68752M1080,328085402,OFIX,USD,2019-10-08,51.16,51.26,49.73,50.23,359,254,50.249
US68752M1080,328085402,OFIX,USD,2019-10-09,50.6,51.01,50.1,50.7,328,219,50.644
US68752M1080,328085402,OFIX,USD,2019-10-10,50.75,50.96,50.19,50.76,343,220,50.721
US68752M1080,328085402,OFIX,USD,2019-10-11,51.36,52.5,51.35,52.08,644,378,52.094
US68752M1080,328085402,OFIX,USD,2019-10-14,51.9,52.12,51.11,51.45,370,271,51.422
US68752M1080,328085402,OFIX,USD,2019-10-15,51.68,52.3,51.37,51.75,309,209,51.856
US68752M1080,328085402,OFIX,USD,2019-10-16,51.6,52.24,51.22,52.16,345,271,51.921
US68752M1080,328085402,OFIX,USD,2019-10-17,52.3,52.36,52.13,52.27,1068,672,52.281
US68752M1080,328085402,OFIX,USD,2019-10-18,51.99,52.76,51.78,52.5,912,631,52.284
US68752M1080,328085402,OFIX,USD,2019-10-21,53.07,53.53,52.34,52.88,385,293,53.01
US68752M1080,328085402,OFIX,USD,2019-10-22,52.86,53.55,52.65,52.74,350,254,53.023
US68752M1080,328085402,OFIX,USD,2019-10-23,52.72,53.71,52.67,53.12,717,290,53.313
US68752M1080,328085402,OFIX,USD,2019-10-24,53.35,53.35,51.8,52.0,496,329,52.386
US68752M1080,328085402,OFIX,USD,2019-10-25,51.69,51.69,49.88,50.0,843,503,50.604
US68752M1080,328085402,OFIX,USD,2019-10-28,50.22,50.56,43.0,43.0,2504,1830,49.57
US68752M1080,328085402,OFIX,USD,2019-10-29,42.0,42.5,39.75,41.55,9284,5763,41.273
US68752M1080,328085402,OFIX,USD,2019-10-30,41.12,43.64,41.12,42.16,3225,1835,42.514
US68752M1080,328085402,OFIX,USD,2019-10-31,42.06,42.86,41.98,42.03,1547,851,42.267
US68752M1080,328085402,OFIX,USD,2019-11-01,42.32,42.81,40.88,41.52,1524,893,41.58
US68752M1080,328085402,OFIX,USD,2019-11-04,42.14,42.98,41.81,42.8,1538,967,42.415
US68752M1080,328085402,OFIX,USD,2019-11-05,43.61,46.61,43.6,45.12,1245,917,45.256
US68752M1080,328085402,OFIX,USD,2019-11-06,45.12,45.58,43.66,44.04,1213,725,44.3
US68752M1080,328085402,OFIX,USD,2019-11-07,44.32,44.83,44.15,44.42,704,501,44.482
US68752M1080,328085402,OFIX,USD,2019-11-08,44.42,45.19,44.17,44.58,601,458,44.792
US68752M1080,328085402,OFIX,USD,2019-11-11,44.36,45.11,44.09,44.22,738,573,44.385
US68752M1080,328085402,OFIX,USD,2019-11-12,44.34,45.47,43.45,44.96,607,513,45.061
US68752M1080,328085402,OFIX,USD,2019-11-13,44.62,45.27,44.11,44.32,649,471,44.42
US68752M1080,328085402,OFIX,USD,2019-11-14,44.26,45.34,44.23,44.45,546,421,44.63
US68752M1080,328085402,OFIX,USD,2019-11-15,44.82,45.33,44.78,44.92,753,531,44.986
US68752M1080,328085402,OFIX,USD,2019-11-18,44.94,45.41,44.86,44.98,768,548,45.103
US68752M1080,328085402,OFIX,USD,2019-11-19,44.98,45.68,44.8,44.83,809,573,45.161
US68752M1080,328085402,OFIX,USD,2019-11-20,44.56,45.34,43.89,44.69,1177,768,44.813
US68752M1080,328085402,OFIX,USD,2019-11-21,44.69,44.97,44.24,44.8,753,543,44.737
US68752M1080,328085402,OFIX,USD,2019-11-22,45.11,45.58,44.05,44.07,661,491,44.562
US68752M1080,328085402,OFIX,USD,2019-11-25,43.97,45.54,43.97,45.25,1212,870,45.187
US68752M1080,328085402,OFIX,USD,2019-11-26,45.2,45.65,44.85,44.97,1325,807,45.074
US68752M1080,328085402,OFIX,USD,2019-11-27,44.95,45.51,44.85,45.2,1204,951,45.185
US68752M1080,328085402,OFIX,USD,2019-11-29,45.34,45.58,44.73,45.4,451,289,45.271
US68752M1080,328085402,OFIX,USD,2019-12-02,45.4,45.55,44.43,45.08,1043,479,44.835
US68752M1080,328085402,OFIX,USD,2019-12-03,44.5,45.26,44.5,44.97,1560,1076,44.765
US68752M1080,328085402,OFIX,USD,2019-12-04,44.97,45.36,44.63,44.96,1312,947,44.966
US68752M1080,328085402,OFIX,USD,2019-12-05,45.12,45.29,44.18,44.65,2083,1493,44.821
US68752M1080,328085402,OFIX,USD,2019-12-06,45.25,47.48,44.98,46.31,1734,794,46.452
US68752M1080,328085402,OFIX,USD,2019-12-09,46.19,46.77,45.79,45.85,752,332,46.046
US68752M1080,328085402,OFIX,USD,2019-12-10,45.75,45.89,44.33,44.93,1385,564,44.799
US68752M1080,328085402,OFIX,USD,2019-12-11,44.57,45.73,44.3,45.4,788,498,45.049
US68752M1080,328085402,OFIX,USD,2019-12-12,44.79,46.31,44.79,45.47,823,561,45.468
US68752M1080,328085402,OFIX,USD,2019-12-13,45.33,45.97,45.13,45.57,1073,367,45.504
US68752M1080,328085402,OFIX,USD,2019-12-16,45.95,46.64,45.5,45.64,1495,683,45.889
US68752M1080,328085402,OFIX,USD,2019-12-17,45.86,46.17,45.23,46.07,821,432,45.902
US68752M1080,328085402,OFIX,USD,2019-12-18,46.05,46.55,45.53,46.45,699,517,46.216
US68752M1080,328085402,OFIX,USD,2019-12-19,46.47,46.69,45.75,46.21,702,440,46.362
US68752M1080,328085402,OFIX,USD,2019-12-20,46.74,46.85,45.77,46.27,2094,747,46.368
US68752M1080,328085402,OFIX,USD,2019-12-23,46.43,47.24,46.24,46.69,467,294,46.765
US68752M1080,328085402,OFIX,USD,2019-12-24,46.76,47.28,46.6,47.07,227,151,46.931
US68752M1080,328085402,OFIX,USD,2019-12-26,47.34,47.47,46.17,46.5,261,160,46.619
US68752M1080,328085402,OFIX,USD,2019-12-27,46.56,46.56,45.9,46.02,412,238,46.127
US68752M1080,328085402,OFIX,USD,2019-12-30,45.82,46.35,45.31,45.87,485,348,45.809
US68752M1080,328085402,OFIX,USD,2019-12-31,45.64,46.29,45.64,46.18,728,379,46.073
US68752M1080,328085402,OFIX,USD,2020-01-02,46.54,46.54,45.04,46.36,795,621,45.803
US68752M1080,328085402,OFIX,USD,2020-01-03,45.83,46.86,45.79,46.54,923,446,46.479
US68752M1080,328085402,OFIX,USD,2020-01-06,46.25,47.24,45.72,47.05,1040,533,46.82
US68752M1080,328085402,OFIX,USD,2020-01-07,46.9,47.36,45.88,46.06,511,370,46.198
US68752M1080,328085402,OFIX,USD,2020-01-08,46.03,46.58,45.94,45.95,710,265,46.261
US68752M1080,328085402,OFIX,USD,2020-01-09,46.58,47.18,46.31,46.71,500,341,46.733
US68752M1080,328085402,OFIX,USD,2020-01-10,46.92,47.12,46.05,46.2,389,238,46.316
US68752M1080,328085402,OFIX,USD,2020-01-13,46.33,46.86,46.01,46.82,757,361,46.64
US68752M1080,328085402,OFIX,USD,2020-01-14,46.79,47.84,46.63,47.15,392,270,47.234
US68752M1080,328085402,OFIX,USD,2020-01-15,47.2,47.56,46.97,47.21,529,255,47.224
US68752M1080,328085402,OFIX,USD,2020-01-16,47.59,47.91,47.33,47.58,346,212,47.57
US68752M1080,328085402,OFIX,USD,2020-01-17,47.75,47.8,46.85,46.94,440,217,47.237
US68752M1080,328085402,OFIX,USD,2020-01-21,46.84,46.84,45.91,46.2,446,269,46.209
US68752M1080,328085402,OFIX,USD,2020-01-22,46.29,46.36,45.86,45.89,467,348,46.034
US68752M1080,328085402,OFIX,USD,2020-01-23,45.92,45.92,44.9,45.2,794,236,45.236
US68752M1080,328085402,OFIX,USD,2020-01-24,45.27,45.57,44.77,45.0,934,400,45.002
US68752M1080,328085402,OFIX,USD,2020-01-27,44.54,45.13,44.41,44.74,2878,1108,44.796
US68752M1080,328085402,OFIX,USD,2020-01-28,44.95,44.95,43.94,44.45,927,617,44.537
US68752M1080,328085402,OFIX,USD,2020-01-29,44.4,44.67,44.32,44.48,604,418,44.488
US68752M1080,328085402,OFIX,USD,2020-01-30,44.11,44.5,43.75,44.48,546,400,44.327
US68752M1080,328085402,OFIX,USD,2020-01-31,44.24,44.39,43.18,43.26,510,331,43.384
US68752M1080,328085402,OFIX,USD,2020-02-03,43.53,44.13,43.2,44.11,626,325,43.968
US68752M1080,328085402,OFIX,USD,2020-02-04,44.68,44.75,43.43,43.49,507,345,44.003
US68752M1080,328085402,OFIX,USD,2020-02-05,44.0,44.5,43.56,44.31,481,323,44.155
US68752M1080,328085402,OFIX,USD,2020-02-06,44.36,44.66,43.95,44.21,283,164,44.279
US68752M1080,328085402,OFIX,USD,2020-02-07,43.74,43.95,43.32,43.51,319,229,43.594
US68752M1080,328085402,OFIX,USD,2020-02-10,43.28,43.61,42.82,43.16,827,470,43.139
US68752M1080,328085402,OFIX,USD,2020-02-11,43.48,44.23,43.46,43.93,723,297,43.894
US68752M1080,328085402,OFIX,USD,2020-02-12,44.21,44.3,43.68,43.95,714,410,43.851
US68752M1080,328085402,OFIX,USD,2020-02-13,43.7,44.06,43.32,43.88,320,199,43.701
US68752M1080,328085402,OFIX,USD,2020-02-14,43.7,43.93,43.26,43.86,930,643,43.573
US68752M1080,328085402,OFIX,USD,2020-02-18,43.9,44.93,43.76,44.91,451,264,44.595
US68752M1080,328085402,OFIX,USD,2020-02-19,44.95,46.54,44.63,45.8,1077,645,45.978
US68752M1080,328085402,OFIX,USD,2020-02-20,46.01,46.57,44.93,45.36,491,334,45.452
US68752M1080,328085402,OFIX,USD,2020-02-21,45.32,45.48,44.46,45.04,1018,450,44.921
US68752M1080,328085402,OFIX,USD,2020-02-24,43.81,45.2,38.51,38.6,844,586,44.564
US68752M1080,328085402,OFIX,USD,2020-02-25,39.75,40.49,36.38,36.7,3338,2368,37.475
US68752M1080,328085402,OFIX,USD,2020-02-26,36.93,38.2,35.99,36.49,2375,1298,37.021
US68752M1080,328085402,OFIX,USD,2020-02-27,35.58,36.59,35.08,35.91,2279,1204,35.975
US68752M1080,328085402,OFIX,USD,2020-02-28,35.13,36.29,34.73,35.34,1510,1066,35.301
US68752M1080,328085402,OFIX,USD,2020-03-02,35.88,38.0,35.46,36.45,995,709,36.584
US68752M1080,328085402,OFIX,USD,2020-03-03,36.36,37.52,35.46,35.84,1179,615,36.072
US68752M1080,328085402,OFIX,USD,2020-03-04,36.32,36.32,34.56,34.98,810,561,34.987
US68752M1080,328085402,OFIX,USD,2020-03-05,34.24,34.46,32.59,33.08,1754,1045,33.099
US68752M1080,328085402,OFIX,USD,2020-03-06,32.44,33.59,32.08,32.82,2388,1219,32.79
US68752M1080,328085402,OFIX,USD,2020-03-09,31.45,32.63,29.78,29.82,1292,787,30.442
US68752M1080,328085402,OFIX,USD,2020-03-10,30.0,30.9,28.81,30.68,1355,971,30.074
US68752M1080,328085402,OFIX,USD,2020-03-11,30.01,30.89,29.74,30.67,1159,845,30.459
US68752M1080,328085402,OFIX,USD,2020-03-12,29.45,30.02,25.78,26.99,2254,1341,27.101
US68752M1080,328085402,OFIX,USD,2020-03-13,28.11,28.35,24.41,26.4,2229,914,26.036
US68752M1080,328085402,OFIX,USD,2020-03-16,24.02,24.9,23.08,24.0,2345,1093,24.101
US68752M1080,328085402,OFIX,USD,2020-03-17,24.42,25.28,22.56,24.19,1335,820,23.78
US68752M1080,328085402,OFIX,USD,2020-03-18,23.15,24.07,22.11,22.73,1986,1231,22.799
US68752M1080,328085402,OFIX,USD,2020-03-19,22.88,25.16,22.88,24.09,1214,866,24.438
US68752M1080,328085402,OFIX,USD,2020-03-20,24.53,25.37,22.81,23.32,3077,1588,23.719
US68752M1080,328085402,OFIX,USD,2020-03-23,23.81,24.81,22.98,24.5,1027,769,24.093
US68752M1080,328085402,OFIX,USD,2020-03-24,25.56,27.48,25.01,27.31,862,585,26.942
US68752M1080,328085402,OFIX,USD,2020-03-25,27.17,27.75,26.15,26.61,979,752,26.686
US68752M1080,328085402,OFIX,USD,2020-03-26,27.18,28.88,27.18,27.61,1283,836,27.794
US68752M1080,328085402,OFIX,USD,2020-03-27,26.85,29.54,25.9,25.95,1599,1038,26.389
US68752M1080,328085402,OFIX,USD,2020-03-30,26.27,28.39,26.03,28.3,2761,1161,27.726
US68752M1080,328085402,OFIX,USD,2020-03-31,28.3,29.41,27.88,28.01,1606,990,28.331
US68752M1080,328085402,OFIX,USD,2020-04-01,27.56,28.07,25.8,26.09,2044,808,26.41
US68752M1080,328085402,OFIX,USD,2020-04-02,26.03,27.18,25.68,26.66,1233,725,26.415
US68752M1080,328085402,OFIX,USD,2020-04-03,26.22,27.04,25.23,26.01,1157,596,26.143
US68752M1080,328085402,OFIX,USD,2020-04-06,26.96,28.13,26.83,27.37,1794,1237,27.388
US68752M1080,328085402,OFIX,USD,2020-04-07,27.85,29.9,27.85,28.73,1708,1336,28.827
US68752M1080,328085402,OFIX,USD,2020-04-08,29.27,31.07,28.55,30.35,1018,695,30.086
US68752M1080,328085402,OFIX,USD,2020-04-09,30.04,31.39,29.4,30.68,1667,914,30.207
US68752M1080,328085402,OFIX,USD,2020-04-13,30.29,30.96,29.78,30.85,995,717,30.544
US68752M1080,328085402,OFIX,USD,2020-04-14,31.58,31.94,31.0,31.32,597,380,31.341
US68752M1080,328085402,OFIX,USD,2020-04-15,30.23,31.29,30.14,30.52,1037,713,30.731
US68752M1080,328085402,OFIX,USD,2020-04-16,30.76,31.0,29.38,30.26,788,505,30.105
US68752M1080,328085402,OFIX,USD,2020-04-17,31.01,32.3,30.76,32.02,626,421,31.663
US68752M1080,328085402,OFIX,USD,2020-04-20,31.76,32.94,31.65,31.98,551,390,32.204
US68752M1080,328085402,OFIX,USD,2020-04-21,31.19,31.78,30.72,31.64,649,537,31.422
US68752M1080,328085402,OFIX,USD,2020-04-22,32.14,32.5,31.45,31.93,923,742,31.927
US68752M1080,328085402,OFIX,USD,2020-04-23,32.31,33.64,32.31,33.0,553,426,33.049
US68752M1080,328085402,OFIX,USD,2020-04-24,33.27,33.88,32.96,33.19,845,683,33.408
US68752M1080,328085402,OFIX,USD,2020-04-27,33.39,34.36,33.19,33.53,763,478,33.617
US68752M1080,328085402,OFIX,USD,2020-04-28,34.43,34.69,33.58,34.39,776,582,34.309
US68752M1080,328085402,OFIX,USD,2020-04-29,35.32,35.85,34.58,35.38,1588,1240,35.119
US68752M1080,328085402,OFIX,USD,2020-04-30,34.79,35.78,34.53,35.45,965,688,35.352
US68752M1080,328085402,OFIX,USD,2020-05-01,34.86,35.05,33.26,33.8,611,395,33.889
US68752M1080,328085402,OFIX,USD,2020-05-04,33.69,34.35,33.28,33.54,982,589,33.643
US68752M1080,328085402,OFIX,USD,2020-05-05,33.79,35.81,33.33,34.06,1510,513,34.264
US68752M1080,328085402,OFIX,USD,2020-05-06,34.27,35.02,33.91,34.86,1155,743,34.623
US68752M1080,328085402,OFIX,USD,2020-05-07,35.46,36.68,35.21,36.16,1347,806,36.091
US68752M1080,328085402,OFIX,USD,2020-05-08,37.89,39.7,35.99,36.54,1188,706,37.334
US68752M1080,328085402,OFIX,USD,2020-05-11,35.94,37.3,35.18,35.48,998,706,35.667
US68752M1080,328085402,OFIX,USD,2020-05-12,35.57,35.58,33.95,34.06,1417,747,34.354
US68752M1080,328085402,OFIX,USD,2020-05-13,33.87,33.97,33.0,33.65,1056,788,33.469
US68752M1080,328085402,OFIX,USD,2020-05-14,32.9,33.71,32.52,33.51,1255,1004,33.231
US68752M1080,328085402,OFIX,USD,2020-05-15,33.26,34.59,32.21,33.64,3992,913,33.711
US68752M1080,328085402,OFIX,USD,2020-05-18,34.79,35.68,34.05,34.72,1376,1009,34.716
US68752M1080,328085402,OFIX,USD,2020-05-19,34.23,35.19,33.92,34.03,899,619,34.328
US68752M1080,328085402,OFIX,USD,2020-05-20,34.67,35.06,34.34,34.48,692,427,34.546
US68752M1080,328085402,OFIX,USD,2020-05-21,34.27,35.06,34.27,34.48,717,482,34.601
US68752M1080,328085402,OFIX,USD,2020-05-22,34.48,34.62,33.49,33.72,336,208,33.752
US68752M1080,328085402,OFIX,USD,2020-05-26,34.52,34.99,33.83,33.97,640,439,34.347
US68752M1080,328085402,OFIX,USD,2020-05-27,34.52,35.43,33.91,35.01,811,574,34.811
US68752M1080,328085402,OFIX,USD,2020-05-28,35.35,36.01,34.49,34.65,966,772,34.952
US68752M1080,328085402,OFIX,USD,2020-05-29,34.31,34.81,33.4,34.08,934,577,33.99
US68752M1080,328085402,OFIX,USD,2020-06-01,34.16,34.67,33.52,34.42,1006,660,34.45
US68752M1080,328085402,OFIX,USD,2020-06-02,34.63,34.88,34.0,34.57,562,360,34.501
US68752M1080,328085402,OFIX,USD,2020-06-03,35.01,35.38,34.48,34.91,1263,576,34.893
US68752M1080,328085402,OFIX,USD,2020-06-04,34.65,35.88,34.61,35.47,904,570,35.495
US68752M1080,328085402,OFIX,USD,2020-06-05,36.42,37.9,35.59,37.56,1691,718,37.488
US68752M1080,328085402,OFIX,USD,2020-06-08,37.9,38.38,37.56,38.15,666,469,38.071
US68752M1080,328085402,OFIX,USD,2020-06-09,37.76,38.47,37.16,37.78,829,601,37.883
US68752M1080,328085402,OFIX,USD,2020-06-10,37.67,38.35,36.42,36.62,1022,751,37.043
US68752M1080,328085402,OFIX,USD,2020-06-11,35.47,35.47,33.48,33.63,1464,1156,33.821
US68752M1080,328085402,OFIX,USD,2020-06-12,34.74,35.04,34.01,34.63,666,482,34.596
US68752M1080,328085402,OFIX,USD,2020-06-15,33.89,34.97,33.55,34.88,777,487,34.412
US68752M1080,328085402,OFIX,USD,2020-06-16,35.98,36.19,34.94,35.31,669,385,35.432
US68752M1080,328085402,OFIX,USD,2020-06-17,35.33,35.33,34.47,34.68,588,279,34.717
US68752M1080,328085402,OFIX,USD,2020-06-18,34.52,34.66,33.42,33.52,346,215,33.903
US68752M1080,328085402,OFIX,USD,2020-06-19,34.02,34.31,33.46,33.49,1808,429,33.689
US68752M1080,328085402,OFIX,USD,2020-06-22,33.24,33.85,32.61,32.71,531,313,32.844
US68752M1080,328085402,OFIX,USD,2020-06-23,32.98,33.87,32.92,33.48,587,354,33.497
US68752M1080,328085402,OFIX,USD,2020-06-24,33.16,33.28,31.34,31.61,1220,832,31.878
US68752M1080,328085402,OFIX,USD,2020-06-25,31.47,31.48,30.05,30.56,876,575,30.592
US68752M1080,328085402,OFIX,USD,2020-06-26,30.34,30.84,29.59,29.87,3350,435,29.876
US68752M1080,328085402,OFIX,USD,2020-06-29,30.06,31.18,29.84,31.04,755,535,30.846
US68752M1080,328085402,OFIX,USD,2020-06-30,30.93,32.14,30.93,32.0,427,237,31.864
US68752M1080,328085402,OFIX,USD,2020-07-01,32.15,32.83,31.66,32.34,555,367,32.234
US68752M1080,328085402,OFIX,USD,2020-07-02,32.79,33.14,32.13,32.19,352,229,32.419
US68752M1080,328085402,OFIX,USD,2020-07-06,32.83,33.08,31.78,32.0,380,294,32.037
US68752M1080,328085402,OFIX,USD,2020-07-07,31.68,31.95,30.52,30.61,485,215,30.819
US68752M1080,328085402,OFIX,USD,2020-07-08,30.57,31.09,29.95,30.34,902,267,30.343
US68752M1080,328085402,OFIX,USD,2020-07-09,30.08,30.28,28.98,29.68,612,354,29.65
US68752M1080,328085402,OFIX,USD,2020-07-10,29.67,30.38,29.66,30.13,528,320,30.043
US68752M1080,328085402,OFIX,USD,2020-07-13,30.49,31.26,30.25,30.51,715,515,30.726
US68752M1080,328085402,OFIX,USD,2020-07-14,30.45,30.69,30.19,30.56,480,338,30.456
US68752M1080,328085402,OFIX,USD,2020-07-15,31.45,32.77,31.31,32.26,888,515,32.291
US68752M1080,328085402,OFIX,USD,2020-07-16,31.92,32.96,30.99,31.42,472,267,31.411
US68752M1080,328085402,OFIX,USD,2020-07-17,31.35,32.13,31.24,31.91,462,228,31.839
US68752M1080,328085402,OFIX,USD,2020-07-20,33.0,36.66,31.05,31.17,355,195,31.495
US68752M1080,328085402,OFIX,USD,2020-07-21,31.49,32.61,31.49,32.4,1025,581,32.322
US68752M1080,328085402,OFIX,USD,2020-07-22,31.3,32.59,31.23,31.31,544,355,31.438
US68752M1080,328085402,OFIX,USD,2020-07-23,31.21,31.98,31.21,31.93,543,312,31.828
US68752M1080,328085402,OFIX,USD,2020-07-24,31.99,32.04,31.03,31.43,418,296,31.6
US68752M1080,328085402,OFIX,USD,2020-07-27,31.4,32.09,31.03,31.88,340,245,31.743
US68752M1080,328085402,OFIX,USD,2020-07-28,31.72,32.3,30.87,30.96,307,217,31.155
US68752M1080,328085402,OFIX,USD,2020-07-29,30.97,31.97,30.97,31.64,584,410,31.614
US68752M1080,328085402,OFIX,USD,2020-07-30,31.14,31.4,30.52,31.24,675,503,31.117
US68752M1080,328085402,OFIX,USD,2020-07-31,31.12,31.12,29.9,30.71,831,514,30.48
US68752M1080,328085402,OFIX,USD,2020-08-03,30.96,32.02,30.64,31.18,644,442,31.375
US68752M1080,328085402,OFIX,USD,2020-08-04,31.05,32.33,30.98,31.95,825,574,31.848
US68752M1080,328085402,OFIX,USD,2020-08-05,32.22,33.94,32.22,33.0,1571,998,33.272
US68752M1080,328085402,OFIX,USD,2020-08-06,33.1,34.34,32.67,33.13,1172,746,33.253
US68752M1080,328085402,OFIX,USD,2020-08-07,32.93,34.74,32.02,34.72,782,580,34.297
US68752M1080,328085402,OFIX,USD,2020-08-10,34.72,35.76,34.72,34.98,559,420,35.054
US68752M1080,328085402,OFIX,USD,2020-08-11,35.08,36.0,34.73,34.78,704,507,35.18
US68752M1080,328085402,OFIX,USD,2020-08-12,35.23,35.29,34.21,34.35,469,323,34.557
US68752M1080,328085402,OFIX,USD,2020-08-13,34.14,34.41,33.71,34.07,558,425,34.055
US68752M1080,328085402,OFIX,USD,2020-08-14,33.73,34.77,32.94,33.43,452,288,33.284
US68752M1080,328085402,OFIX,USD,2020-08-17,33.2,33.52,32.99,33.21,543,392,33.221
US68752M1080,328085402,OFIX,USD,2020-08-18,33.02,33.4,31.6,31.78,741,522,31.877
US68752M1080,328085402,OFIX,USD,2020-08-19,31.8,32.16,31.18,31.2,876,622,31.562
US68752M1080,328085402,OFIX,USD,2020-08-20,30.81,32.05,30.81,31.22,757,570,31.155
US68752M1080,328085402,OFIX,USD,2020-08-21,31.21,32.22,30.02,30.41,1244,385,30.445
US68752M1080,328085402,OFIX,USD,2020-08-24,30.55,31.43,30.21,30.39,990,559,30.609
US68752M1080,328085402,OFIX,USD,2020-08-25,30.98,31.26,30.46,30.99,989,628,30.911
US68752M1080,328085402,OFIX,USD,2020-08-26,31.18,31.18,30.0,30.28,533,371,30.334
US68752M1080,328085402,OFIX,USD,2020-08-27,30.42,30.85,29.86,30.65,608,399,30.61
US68752M1080,328085402,OFIX,USD,2020-08-28,30.93,30.93,29.52,30.7,883,548,30.42
US68752M1080,328085402,OFIX,USD,2020-08-31,30.5,30.83,30.06,30.33,706,415,30.435
US68752M1080,328085402,OFIX,USD,2020-09-01,30.21,30.52,29.79,30.04,592,394,30.05
US68752M1080,328085402,OFIX,USD,2020-09-02,29.92,30.06,29.51,29.96,1504,1138,29.841
US68752M1080,328085402,OFIX,USD,2020-09-03,29.96,30.16,28.98,29.31,918,667,29.389
US68752M1080,328085402,OFIX,USD,2020-09-04,29.71,29.71,28.23,28.79,542,393,28.751
US68752M1080,328085402,OFIX,USD,2020-09-08,28.7,28.99,28.07,28.44,645,429,28.567
US68752M1080,328085402,OFIX,USD,2020-09-09,28.63,28.98,28.03,28.46,819,507,28.415
US68752M1080,328085402,OFIX,USD,2020-09-10,28.71,29.27,28.66,28.74,790,615,28.872
US68752M1080,328085402,OFIX,USD,2020-09-11,28.91,29.09,28.04,28.24,572,417,28.412
US68752M1080,328085402,OFIX,USD,2020-09-14,28.54,29.24,28.11,29.04,489,382,29.015
US68752M1080,328085402,OFIX,USD,2020-09-15,29.16,29.63,28.83,29.48,500,398,29.361
US68752M1080,328085402,OFIX,USD,2020-09-16,29.59,30.58,29.43,30.41,897,537,30.354
US68752M1080,328085402,OFIX,USD,2020-09-17,30.08,30.31,29.82,30.03,632,414,30.041
US68752M1080,328085402,OFIX,USD,2020-09-18,30.27,30.27,29.39,29.85,2348,554,29.872
US68752M1080,328085402,OFIX,USD,2020-09-21,29.17,29.3,28.78,29.23,985,735,29.056
US68752M1080,328085402,OFIX,USD,2020-09-22,29.4,30.68,28.9,29.62,830,423,29.499
US68752M1080,328085402,OFIX,USD,2020-09-23,29.55,30.52,28.92,28.95,734,451,29.252
US68752M1080,328085402,OFIX,USD,2020-09-24,28.81,29.87,28.51,28.64,420,237,28.845
US68752M1080,328085402,OFIX,USD,2020-09-25,28.34,29.4,28.32,29.4,434,265,29.262
US68752M1080,328085402,OFIX,USD,2020-09-28,29.77,30.56,29.14,30.5,646,455,30.434
US68752M1080,328085402,OFIX,USD,2020-09-29,30.53,31.05,30.32,30.9,1082,854,30.751
US68752M1080,328085402,OFIX,USD,2020-09-30,30.91,31.63,30.91,31.14,1199,555,31.182
US68752M1080,328085402,OFIX,USD,2020-10-01,31.32,31.87,30.56,31.39,689,511,31.317
US68752M1080,328085402,OFIX,USD,2020-10-02,30.9,31.54,30.55,31.35,955,600,31.302
US68752M1080,328085402,OFIX,USD,2020-10-05,31.61,32.56,31.03,32.39,475,311,32.267
US68752M1080,328085402,OFIX,USD,2020-10-06,32.56,32.85,31.73,32.38,1099,608,32.404
US68752M1080,328085402,OFIX,USD,2020-10-07,32.71,33.47,32.27,33.29,720,452,33.085
US68752M1080,328085402,OFIX,USD,2020-10-08,33.61,34.08,33.08,33.89,651,441,33.831
US68752M1080,328085402,OFIX,USD,2020-10-09,34.01,34.42,33.11,34.17,371,240,34.052
US68752M1080,328085402,OFIX,USD,2020-10-12,34.08,34.82,32.93,34.57,355,224,34.396
US68752M1080,328085402,OFIX,USD,2020-10-13,34.24,34.68,33.52,34.23,531,362,34.195
US68752M1080,328085402,OFIX,USD,2020-10-14,34.47,34.93,34.28,34.57,343,264,34.623
US68752M1080,328085402,OFIX,USD,2020-10-15,34.0,34.84,33.15,34.61,449,238,34.419
US68752M1080,328085402,OFIX,USD,2020-10-16,34.51,35.26,34.22,34.7,403,257,34.765
US68752M1080,328085402,OFIX,USD,2020-10-19,34.75,35.02,33.66,34.05,600,448,34.148
US68752M1080,328085402,OFIX,USD,2020-10-20,33.78,34.04,33.47,33.67,343,244,33.684
US68752M1080,328085402,OFIX,USD,2020-10-21,33.58,34.2,33.21,33.43,383,299,33.479
US68752M1080,328085402,OFIX,USD,2020-10-22,33.39,33.52,32.81,33.22,452,300,33.133
US68752M1080,328085402,OFIX,USD,2020-10-23,33.48,33.64,32.98,33.48,302,218,33.413
US68752M1080,328085402,OFIX,USD,2020-10-26,33.07,33.96,32.72,33.06,327,225,33.078
US68752M1080,328085402,OFIX,USD,2020-10-27,32.93,33.57,32.43,32.49,500,355,32.783
US68752M1080,328085402,OFIX,USD,2020-10-28,31.87,33.18,31.33,31.95,891,664,31.893
US68752M1080,328085402,OFIX,USD,2020-10-29,31.78,32.2,31.18,31.66,503,309,31.602
US68752M1080,328085402,OFIX,USD,2020-10-30,31.33,31.66,30.58,31.26,880,473,31.136
US68752M1080,328085402,OFIX,USD,2020-11-02,31.44,31.89,30.76,31.7,757,425,31.327
US68752M1080,328085402,OFIX,USD,2020-11-03,32.27,33.8,32.06,32.65,622,397,32.63
US68752M1080,328085402,OFIX,USD,2020-11-04,32.42,33.85,32.4,33.48,989,602,33.265
US68752M1080,328085402,OFIX,USD,2020-11-05,35.11,38.32,35.11,38.26,1475,880,37.46
US68752M1080,328085402,OFIX,USD,2020-11-06,38.12,38.12,35.04,35.21,1305,710,36.135
US68752M1080,328085402,OFIX,USD,2020-11-09,37.81,38.93,37.16,37.21,1171,812,37.787
US68752M1080,328085402,OFIX,USD,2020-11-10,37.5,38.17,36.29,38.05,923,581,37.716
US68752M1080,328085402,OFIX,USD,2020-11-11,38.14,38.72,36.68,36.99,462,292,37.078
US68752M1080,328085402,OFIX,USD,2020-11-12,36.79,37.15,35.96,36.44,355,183,36.417
US68752M1080,328085402,OFIX,USD,2020-11-13,36.85,36.95,36.48,36.78,490,358,36.817
US68752M1080,328085402,OFIX,USD,2020-11-16,37.43,37.82,36.26,36.85,514,283,36.79
US68752M1080,328085402,OFIX,USD,2020-11-17,36.48,37.57,35.97,36.99,662,389,36.953
US68752M1080,328085402,OFIX,USD,2020-11-18,37.28,37.48,36.37,36.37,411,225,36.627
US68752M1080,328085402,OFIX,USD,2020-11-19,36.33,36.33,35.44,36.0,294,176,35.945
US68752M1080,328085402,OFIX,USD,2020-11-20,35.75,36.39,35.24,36.15,512,148,36.1
US68752M1080,328085402,OFIX,USD,2020-11-23,36.67,37.62,36.38,37.14,594,363,37.145
US68752M1080,328085402,OFIX,USD,2020-11-24,37.67,38.83,36.68,38.67,885,598,38.444
US68752M1080,328085402,OFIX,USD,2020-11-25,38.39,39.12,37.46,38.14,1311,1011,38.185
US68752M1080,328085402,OFIX,USD,2020-11-27,38.02,38.31,37.65,38.07,180,115,38.032
US68752M1080,328085402,OFIX,USD,2020-11-30,37.97,38.0,36.7,36.76,1236,549,36.93
US68752M1080,328085402,OFIX,USD,2020-12-01,37.17,37.74,35.82,36.08,709,535,36.265
US68752M1080,328085402,OFIX,USD,2020-12-02,35.87,36.43,35.71,36.19,711,550,36.066
US68752M1080,328085402,OFIX,USD,2020-12-03,36.09,36.62,35.76,36.24,591,271,36.268
US68752M1080,328085402,OFIX,USD,2020-12-04,36.32,37.25,36.23,37.09,410,286,36.941
US68752M1080,328085402,OFIX,USD,2020-12-07,36.94,38.48,36.86,37.62,508,344,37.637
US68752M1080,328085402,OFIX,USD,2020-12-08,37.24,38.38,37.24,38.23,481,357,38.113
US68752M1080,328085402,OFIX,USD,2020-12-09,38.69,38.69,38.04,38.4,519,320,38.297
US68752M1080,328085402,OFIX,USD,2020-12-10,38.07,39.02,37.66,38.87,246,154,38.79
US68752M1080,328085402,OFIX,USD,2020-12-11,38.47,38.95,37.39,37.87,440,308,37.886
US68752M1080,328085402,OFIX,USD,2020-12-14,38.44,39.02,38.17,38.64,556,335,38.675
US68752M1080,328085402,OFIX,USD,2020-12-15,39.01,40.0,38.27,39.81,597,388,39.69
US68752M1080,328085402,OFIX,USD,2020-12-16,40.14,40.99,39.27,40.86,2520,1093,40.368
US68752M1080,328085402,OFIX,USD,2020-12-17,40.88,42.69,40.62,42.61,1599,683,42.093
US68752M1080,328085402,OFIX,USD,2020-12-18,42.52,43.68,41.38,42.17,2600,583,42.295
US68752M1080,328085402,OFIX,USD,2020-12-21,41.11,41.76,40.16,40.48,1095,560,40.932
US68752M1080,328085402,OFIX,USD,2020-12-22,41.03,42.41,40.79,42.1,1597,771,41.688
US68752M1080,328085402,OFIX,USD,2020-12-23,42.36,42.61,41.67,42.32,392,268,42.283
US68752M1080,328085402,OFIX,USD,2020-12-24,42.67,42.94,42.2,42.59,221,134,42.579
US68752M1080,328085402,OFIX,USD,2020-12-28,43.11,43.76,42.64,43.13,452,251,43.223
US68752M1080,328085402,OFIX,USD,2020-12-29,43.22,43.24,41.35,42.26,484,271,42.123
US68752M1080,328085402,OFIX,USD,2020-12-30,42.25,43.32,42.01,43.14,680,455,42.965
US68752M1080,328085402,OFIX,USD,2020-12-31,43.0,44.3,42.17,42.98,467,290,42.848
US68752M1080,328085402,OFIX,USD,2021-01-04,43.13,43.34,41.45,43.06,1102,622,42.97
US68752M1080,328085402,OFIX,USD,2021-01-05,43.08,43.92,42.54,43.03,763,522,43.221
US68752M1080,328085402,OFIX,USD,2021-01-06,43.49,44.88,43.49,44.37,1305,580,44.447
US68752M1080,328085402,OFIX,USD,2021-01-07,44.51,44.86,40.92,43.04,614,414,43.163
US68752M1080,328085402,OFIX,USD,2021-01-08,43.45,43.88,42.62,43.61,959,572,43.389
US68752M1080,328085402,OFIX,USD,2021-01-11,43.16,43.96,42.44,42.89,552,324,42.867
US68752M1080,328085402,OFIX,USD,2021-01-12,43.38,45.9,42.84,44.98,1233,851,44.658
US68752M1080,328085402,OFIX,USD,2021-01-13,45.13,45.39,44.38,44.73,936,696,44.744
US68752M1080,328085402,OFIX,USD,2021-01-14,44.86,46.3,44.64,44.83,541,354,45.138
US68752M1080,328085402,OFIX,USD,2021-01-15,44.31,45.54,43.55,43.68,424,233,44.016
US68752M1080,328085402,OFIX,USD,2021-01-19,43.91,44.72,43.82,44.56,498,318,44.412
US68752M1080,328085402,OFIX,USD,2021-01-20,44.79,45.86,43.97,44.28,549,362,44.453
US68752M1080,328085402,OFIX,USD,2021-01-21,44.2,44.73,43.0,43.58,665,386,43.601
US68752M1080,328085402,OFIX,USD,2021-01-22,43.07,43.97,42.69,43.93,542,270,43.633
US68752M1080,328085402,OFIX,USD,2021-01-25,43.71,44.96,43.71,44.94,589,358,44.559
US68752M1080,328085402,OFIX,USD,2021-01-26,45.37,45.5,43.89,44.07,451,352,44.387
US68752M1080,328085402,OFIX,USD,2021-01-27,43.12,44.17,41.84,41.92,516,293,42.327
US68752M1080,328085402,OFIX,USD,2021-01-28,42.33,42.69,41.46,41.89,570,363,41.876
US68752M1080,328085402,OFIX,USD,2021-01-29,41.87,42.02,39.8,40.41,521,293,40.524
US68752M1080,328085402,OFIX,USD,2021-02-01,40.51,41.01,39.72,40.69,525,325,40.456
US68752M1080,328085402,OFIX,USD,2021-02-02,41.16,41.64,40.14,41.35,538,388,41.097
US68752M1080,328085402,OFIX,USD,2021-02-03,41.14,42.45,40.63,41.0,341,205,41.06
US68752M1080,328085402,OFIX,USD,2021-02-04,41.2,42.15,40.55,42.15,353,240,41.862
US68752M1080,328085402,OFIX,USD,2021-02-05,42.5,43.74,41.35,41.88,458,359,42.071
US68752M1080,328085402,OFIX,USD,2021-02-08,42.25,42.84,42.22,42.8,464,150,42.704
US68752M1080,328085402,OFIX,USD,2021-02-09,42.92,43.49,42.6,43.18,326,216,43.087
US68752M1080,328085402,OFIX,USD,2021-02-10,43.29,43.78,39.34,42.97,399,209,43.017
US68752M1080,328085402,OFIX,USD,2021-02-11,43.01,43.74,42.21,42.99,649,211,42.945
US68752M1080,328085402,OFIX,USD,2021-02-12,43.11,43.77,42.53,43.19,945,196,43.216
US68752M1080,328085402,OFIX,USD,2021-02-16,43.52,43.86,42.92,43.21,377,255,43.304
US68752M1080,328085402,OFIX,USD,2021-02-17,42.81,42.86,42.07,42.5,221,151,42.461
US68752M1080,328085402,OFIX,USD,2021-02-18,42.35,42.35,41.23,42.0,262,140,41.923
US68752M1080,328085402,OFIX,USD,2021-02-19,42.07,43.79,41.46,42.01,766,223,42.218
US68752M1080,328085402,OFIX,USD,2021-02-22,42.11,46.47,42.06,44.98,1110,776,44.995
US68752M1080,328085402,OFIX,USD,2021-02-23,44.62,47.66,44.41,47.47,981,663,46.935
US68752M1080,328085402,OFIX,USD,2021-02-24,47.42,48.5,46.56,47.87,1230,913,48.016
US68752M1080,328085402,OFIX,USD,2021-02-25,47.28,48.49,45.32,46.41,814,448,46.757
US68752M1080,328085402,OFIX,USD,2021-02-26,46.01,48.06,45.94,46.51,897,447,46.74
US68752M1080,328085402,OFIX,USD,2021-03-01,47.79,47.83,46.32,46.67,621,373,46.827
US68752M1080,328085402,OFIX,USD,2021-03-02,46.66,46.95,45.74,45.74,389,264,46.23
US68752M1080,328085402,OFIX,USD,2021-03-03,45.87,47.09,45.4,46.19,632,399,46.278
US68752M1080,328085402,OFIX,USD,2021-03-04,46.45,46.74,44.99,45.13,827,564,45.681
US68752M1080,328085402,OFIX,USD,2021-03-05,45.72,46.29,44.03,45.33,610,360,45.002
US68752M1080,328085402,OFIX,USD,2021-03-08,45.34,46.51,44.74,45.68,474,315,45.692
US68752M1080,328085402,OFIX,USD,2021-03-09,46.35,47.89,46.06,46.19,596,375,46.785
US68752M1080,328085402,OFIX,USD,2021-03-10,46.31,46.97,45.32,46.16,593,364,46.305
US68752M1080,328085402,OFIX,USD,2021-03-11,46.2,46.53,44.93,46.53,356,202,46.332
US68752M1080,328085402,OFIX,USD,2021-03-12,46.39,46.93,44.72,46.76,398,257,46.367
US68752M1080,328085402,OFIX,USD,2021-03-15,46.5,47.46,46.26,46.93,509,344,46.994
US68752M1080,328085402,OFIX,USD,2021-03-16,46.77,47.5,46.15,46.19,644,449,46.614
US68752M1080,328085402,OFIX,USD,2021-03-17,46.17,47.47,45.57,46.06,435,229,46.144
US68752M1080,328085402,OFIX,USD,2021-03-18,45.85,47.07,45.46,45.73,386,197,45.944
US68752M1080,328085402,OFIX,USD,2021-03-19,46.15,46.78,45.07,45.85,2137,392,46.028
US68752M1080,328085402,OFIX,USD,2021-03-22,45.86,46.52,44.34,44.89,487,297,44.996
US68752M1080,328085402,OFIX,USD,2021-03-23,44.51,44.98,42.33,42.93,509,293,43.084
US68752M1080,328085402,OFIX,USD,2021-03-24,43.38,46.33,42.9,42.9,937,360,43.579
US68752M1080,328085402,OFIX,USD,2021-03-25,42.84,43.47,40.9,41.89,1114,765,41.862
US68752M1080,328085402,OFIX,USD,2021-03-26,42.42,43.98,41.96,43.04,754,435,43.054
US68752M1080,328085402,OFIX,USD,2021-03-29,42.78,47.06,42.52,42.86,897,559,43.335
US68752M1080,328085402,OFIX,USD,2021-03-30,42.8,44.09,42.26,43.28,594,378,43.251
US68752M1080,328085402,OFIX,USD,2021-03-31,43.3,43.87,43.12,43.35,816,222,43.389
US68752M1080,328085402,OFIX,USD,2021-04-01,43.4,43.68,42.53,42.93,456,279,43.075
US68752M1080,328085402,OFIX,USD,2021-04-05,43.96,44.35,42.54,43.03,349,193,42.983
US68752M1080,328085402,OFIX,USD,2021-04-06,42.87,43.98,42.86,42.92,360,238,43.26
US68752M1080,328085402,OFIX,USD,2021-04-07,42.68,43.38,41.7,41.98,419,242,42.111
US68752M1080,328085402,OFIX,USD,2021-04-08,42.13,42.88,41.55,42.2,1097,747,42.168
US68752M1080,328085402,OFIX,USD,2021-04-09,42.2,43.4,42.2,42.87,642,471,42.852
US68752M1080,328085402,OFIX,USD,2021-04-12,42.91,43.23,41.84,42.05,553,393,42.177
US68752M1080,328085402,OFIX,USD,2021-04-13,42.29,43.74,42.29,43.46,725,457,43.282
US68752M1080,328085402,OFIX,USD,2021-04-14,43.49,43.7,42.78,42.87,227,167,43.039
US68752M1080,328085402,OFIX,USD,2021-04-15,43.37,43.91,43.08,43.63,305,202,43.526
US68752M1080,328085402,OFIX,USD,2021-04-16,44.12,44.5,43.71,44.17,327,192,44.184
US68752M1080,328085402,OFIX,USD,2021-04-19,44.29,44.29,43.28,43.77,650,430,43.664
US68752M1080,328085402,OFIX,USD,2021-04-20,43.7,44.28,43.41,43.89,406,263,43.902
US68752M1080,328085402,OFIX,USD,2021-04-21,44.12,45.25,43.52,45.25,496,350,44.819
US68752M1080,328085402,OFIX,USD,2021-04-22,45.41,45.41,44.27,44.64,470,339,44.663
US68752M1080,328085402,OFIX,USD,2021-04-23,44.61,45.3,44.61,44.79,468,228,44.873
US68752M1080,328085402,OFIX,USD,2021-04-26,44.97,45.38,44.19,44.44,264,168,44.559
US68752M1080,328085402,OFIX,USD,2021-04-27,44.42,44.97,43.49,43.94,292,207,43.929
US68752M1080,328085402,OFIX,USD,2021-04-28,44.13,44.54,43.4,44.15,270,219,44.108
US68752M1080,328085402,OFIX,USD,2021-04-29,44.59,45.0,42.99,44.56,641,405,44.511
US68752M1080,328085402,OFIX,USD,2021-04-30,44.6,45.26,43.81,44.35,785,407,44.333
US68752M1080,328085402,OFIX,USD,2021-05-03,44.71,45.96,43.83,44.8,312,163,44.941
US68752M1080,328085402,OFIX,USD,2021-05-04,44.67,44.72,43.85,44.35,490,267,44.23
US68752M1080,328085402,OFIX,USD,2021-05-05,44.35,44.64,43.2,43.66,374,191,43.669
US68752M1080,328085402,OFIX,USD,2021-05-06,43.63,44.86,43.29,43.79,831,434,43.676
US68752M1080,328085402,OFIX,USD,2021-05-07,43.72,44.86,43.72,44.16,461,226,44.295
US68752M1080,328085402,OFIX,USD,2021-05-10,46.7,46.7,41.81,42.31,1222,469,42.355
US68752M1080,328085402,OFIX,USD,2021-05-11,41.75,42.38,41.22,41.38,691,402,41.649
US68752M1080,328085402,OFIX,USD,2021-05-12,41.1,41.33,40.2,40.4,826,469,40.587
US68752M1080,328085402,OFIX,USD,2021-05-13,40.85,42.15,40.77,41.72,742,435,41.697
US68752M1080,328085402,OFIX,USD,2021-05-14,41.82,42.86,41.82,42.55,437,245,42.521
US68752M1080,328085402,OFIX,USD,2021-05-17,42.08,42.5,40.91,41.06,696,370,41.356
US68752M1080,328085402,OFIX,USD,2021-05-18,40.97,41.79,40.91,40.92,376,233,41.131
US68752M1080,328085402,OFIX,USD,2021-05-19,40.46,41.82,40.46,41.2,477,260,41.198
US68752M1080,328085402,OFIX,USD,2021-05-20,41.38,42.03,40.77,41.13,446,217,41.209
US68752M1080,328085402,OFIX,USD,2021-05-21,41.25,42.02,41.14,41.3,698,166,41.37
US68752M1080,328085402,OFIX,USD,2021-05-24,41.3,42.28,40.78,41.81,738,415,41.698
US68752M1080,328085402,OFIX,USD,2021-05-25,41.76,42.22,41.2,41.2,970,439,41.39
US68752M1080,328085402,OFIX,USD,2021-05-26,41.2,41.4,40.28,40.84,497,299,40.736
US68752M1080,328085402,OFIX,USD,2021-05-27,40.86,41.98,40.57,40.79,596,179,40.836
US68752M1080,328085402,OFIX,USD,2021-05-28,41.3,41.35,40.7,40.7,441,208,40.804
US68752M1080,328085402,OFIX,USD,2021-06-01,41.02,41.99,40.71,41.77,877,490,41.614
US68752M1080,328085402,OFIX,USD,2021-06-02,41.78,41.78,40.03,40.13,394,237,40.331
US68752M1080,328085402,OFIX,USD,2021-06-03,40.03,40.35,39.23,40.16,429,259,40.013
US68752M1080,328085402,OFIX,USD,2021-06-04,39.9,40.97,39.86,40.81,399,226,40.71
US68752M1080,328085402,OFIX,USD,2021-06-07,40.77,41.07,40.51,40.99,440,261,40.92
US68752M1080,328085402,OFIX,USD,2021-06-08,41.12,41.65,40.67,41.26,563,265,41.326
US68752M1080,328085402,OFIX,USD,2021-06-09,41.5,42.22,41.26,41.97,807,398,41.886
US68752M1080,328085402,OFIX,USD,2021-06-10,42.0,42.44,41.12,42.22,435,259,42.097
US68752M1080,328085402,OFIX,USD,2021-06-11,42.11,42.49,40.86,42.35,415,278,42.226
US68752M1080,328085402,OFIX,USD,2021-06-14,42.45,42.97,41.5,42.48,449,235,42.485
US68752M1080,328085402,OFIX,USD,2021-06-15,42.56,42.97,41.73,42.18,373,194,42.104
US68752M1080,328085402,OFIX,USD,2021-06-16,42.12,42.22,41.61,41.87,481,276,41.832
US68752M1080,328085402,OFIX,USD,2021-06-17,41.84,42.63,41.63,42.15,305,152,42.084
US68752M1080,328085402,OFIX,USD,2021-06-18,41.76,42.95,41.33,41.56,1038,228,41.714
US68752M1080,328085402,OFIX,USD,2021-06-21,41.77,41.77,40.2,40.58,1124,634,40.756
US68752M1080,328085402,OFIX,USD,2021-06-22,40.4,40.45,39.6,40.11,380,242,40.023
US68752M1080,328085402,OFIX,USD,2021-06-23,40.01,41.03,39.87,40.75,651,353,40.537
US68752M1080,328085402,OFIX,USD,2021-06-24,41.25,41.4,40.33,40.53,346,211,40.741
US68752M1080,328085402,OFIX,USD,2021-06-25,40.57,42.37,40.36,41.76,1875,395,41.727
US68752M1080,328085402,OFIX,USD,2021-06-28,41.45,42.06,40.1,40.29,537,233,40.447
US68752M1080,328085402,OFIX,USD,2021-06-29,40.21,40.49,39.72,40.13,438,250,40.063
US68752M1080,328085402,OFIX,USD,2021-06-30,40.04,40.31,39.65,40.11,596,373,40.036
US68752M1080,328085402,OFIX,USD,2021-07-01,40.5,41.17,40.18,41.14,429,249,40.928
US68752M1080,328085402,OFIX,USD,2021-07-02,41.39,41.75,40.37,40.48,370,242,40.702
US68752M1080,328085402,OFIX,USD,2021-07-06,40.38,40.38,39.34,39.76,586,316,39.733
US68752M1080,328085402,OFIX,USD,2021-07-07,39.67,39.85,38.67,39.05,294,158,39.137
US68752M1080,328085402,OFIX,USD,2021-07-08,38.35,39.68,37.57,39.31,814,328,39.085
US68752M1080,328085402,OFIX,USD,2021-07-09,39.68,40.29,39.4,40.23,390,231,40.06
US68752M1080,328085402,OFIX,USD,2021-07-12,39.92,41.19,39.79,40.8,636,459,40.779
US68752M1080,328085402,OFIX,USD,2021-07-13,40.6,41.79,39.81,39.86,196,84,40.006
US68752M1080,328085402,OFIX,USD,2021-07-14,39.83,39.83,38.57,38.77,441,302,38.855
US68752M1080,328085402,OFIX,USD,2021-07-15,38.45,38.45,37.46,37.88,365,246,37.824
US68752M1080,328085402,OFIX,USD,2021-07-16,38.25,38.25,37.5,37.8,282,163,37.867
US68752M1080,328085402,OFIX,USD,2021-07-19,37.17,37.65,36.64,37.38,473,240,37.25
US68752M1080,328085402,OFIX,USD,2021-07-20,37.47,38.28,37.33,37.34,511,205,37.512
US68752M1080,328085402,OFIX,USD,2021-07-21,37.52,38.24,36.35,38.09,419,207,37.873
US68752M1080,328085402,OFIX,USD,2021-07-22,37.95,37.97,37.14,37.82,384,240,37.716
US68752M1080,328085402,OFIX,USD,2021-07-23,38.37,38.37,37.61,38.21,423,195,38.085
US68752M1080,328085402,OFIX,USD,2021-07-26,38.27,38.46,38.07,38.38,269,176,38.332
US68752M1080,328085402,OFIX,USD,2021-07-27,38.2,39.31,37.92,38.24,220,149,38.148
US68752M1080,328085402,OFIX,USD,2021-07-28,38.8,38.88,37.88,38.82,270,163,38.645
US68752M1080,328085402,OFIX,USD,2021-07-29,39.01,39.49,38.4,39.14,504,331,39.018
US68752M1080,328085402,OFIX,USD,2021-07-30,39.17,39.74,38.94,39.74,409,210,39.616
US68752M1080,328085402,OFIX,USD,2021-08-02,39.88,40.47,38.86,39.64,636,390,39.876
US68752M1080,328085402,OFIX,USD,2021-08-03,39.64,39.98,38.01,38.4,789,361,38.454
US68752M1080,328085402,OFIX,USD,2021-08-04,38.02,38.23,37.13,37.55,758,470,37.518
US68752M1080,328085402,OFIX,USD,2021-08-05,37.65,38.59,37.24,37.98,1366,850,38.114
US68752M1080,328085402,OFIX,USD,2021-08-06,39.97,40.64,37.92,40.58,1156,719,39.858
US68752M1080,328085402,OFIX,USD,2021-08-09,40.97,42.99,40.38,41.37,1001,677,41.636
US68752M1080,328085402,OFIX,USD,2021-08-10,41.58,41.62,39.06,39.33,814,491,39.562
US68752M1080,328085402,OFIX,USD,2021-08-11,39.33,40.78,38.17,39.52,701,532,39.031
US68752M1080,328085402,OFIX,USD,2021-08-12,39.65,39.71,39.06,39.59,487,267,39.478
US68752M1080,328085402,OFIX,USD,2021-08-13,39.42,40.11,38.72,39.97,445,293,39.624
US68752M1080,328085402,OFIX,USD,2021-08-16,40.12,40.46,39.14,39.72,384,278,39.714
US68752M1080,328085402,OFIX,USD,2021-08-17,39.65,39.9,38.94,39.79,363,254,39.629
US68752M1080,328085402,OFIX,USD,2021-08-18,39.99,40.46,39.53,39.91,384,260,39.974
US68752M1080,328085402,OFIX,USD,2021-08-19,39.53,40.05,39.28,39.61,654,355,39.679
US68752M1080,328085402,OFIX,USD,2021-08-20,39.42,41.23,39.02,41.12,3169,621,40.896
US68752M1080,328085402,OFIX,USD,2021-08-23,41.32,42.22,40.92,41.85,420,285,41.766
US68752M1080,328085402,OFIX,USD,2021-08-24,41.84,42.28,40.94,41.2,679,486,41.383
US68752M1080,328085402,OFIX,USD,2021-08-25,41.35,41.42,40.67,41.04,533,362,41.004
US68752M1080,328085402,OFIX,USD,2021-08-26,40.99,41.2,40.01,40.82,481,311,40.621
US68752M1080,328085402,OFIX,USD,2021-08-27,40.78,42.03,40.43,41.9,717,316,41.807
US68752M1080,328085402,OFIX,USD,2021-08-30,41.9,41.9,41.37,41.67,347,207,41.642
US68752M1080,328085402,OFIX,USD,2021-08-31,41.72,42.43,41.69,42.4,739,309,42.191
US68752M1080,328085402,OFIX,USD,2021-09-01,42.55,42.87,41.88,42.78,526,328,42.537
US68752M1080,328085402,OFIX,USD,2021-09-02,42.92,43.0,42.08,42.86,445,285,42.706
US68752M1080,328085402,OFIX,USD,2021-09-03,42.9,43.3,42.52,42.69,437,242,42.749
US68752M1080,328085402,OFIX,USD,2021-09-07,42.69,42.69,41.35,41.64,258,178,41.709
US68752M1080,328085402,OFIX,USD,2021-09-08,41.44,41.84,41.03,41.51,403,226,41.521
US68752M1080,328085402,OFIX,USD,2021-09-09,41.63,41.88,41.11,41.44,469,287,41.488
US68752M1080,328085402,OFIX,USD,2021-09-10,41.63,41.77,40.5,40.59,478,314,40.884
US68752M1080,328085402,OFIX,USD,2021-09-13,40.97,41.17,39.32,40.19,699,435,40.035
US68752M1080,328085402,OFIX,USD,2021-09-14,40.18,40.46,39.92,40.1,599,334,40.155
US68752M1080,328085402,OFIX,USD,2021-09-15,40.25,40.95,40.0,40.95,421,215,40.708
US68752M1080,328085402,OFIX,USD,2021-09-16,40.89,41.08,40.37,40.5,591,366,40.596
US68752M1080,328085402,OFIX,USD,2021-09-17,40.2,40.71,39.59,40.66,2224,606,40.51
US68752M1080,328085402,OFIX,USD,2021-09-20,40.17,40.26,38.56,38.97,607,391,39.009
US68752M1080,328085402,OFIX,USD,2021-09-21,39.25,39.25,38.11,38.47,383,261,38.466
US68752M1080,328085402,OFIX,USD,2021-09-22,38.67,39.49,38.59,39.36,394,256,39.292
US68752M1080,328085402,OFIX,USD,2021-09-23,39.59,39.69,38.28,39.32,314,216,39.339
US68752M1080,328085402,OFIX,USD,2021-09-24,39.99,40.37,38.7,38.91,330,215,38.999
US68752M1080,328085402,OFIX,USD,2021-09-27,39.79,39.79,38.79,38.97,416,231,39.088
US68752M1080,328085402,OFIX,USD,2021-09-28,38.78,39.98,38.4,38.86,481,355,38.903
US68752M1080,328085402,OFIX,USD,2021-09-29,38.95,38.98,37.7,38.07,430,312,38.123
US68752M1080,328085402,OFIX,USD,2021-09-30,38.33,39.53,38.0,38.12,554,301,38.205
US68752M1080,328085402,OFIX,USD,2021-10-01,38.35,39.66,38.04,39.31,499,264,39.145
US68752M1080,328085402,OFIX,USD,2021-10-04,39.15,39.98,37.94,38.07,376,210,38.116
US68752M1080,328085402,OFIX,USD,2021-10-05,38.07,38.48,37.31,37.39,554,294,37.659
US68752M1080,328085402,OFIX,USD,2021-10-06,37.06,38.08,37.0,37.7,543,385,37.545
US68752M1080,328085402,OFIX,USD,2021-10-07,38.02,38.84,37.85,37.99,224,117,38.178
US68752M1080,328085402,OFIX,USD,2021-10-08,38.03,38.27,36.62,36.69,218,155,36.967
US68752M1080,328085402,OFIX,USD,2021-10-11,36.6,37.06,36.48,36.53,345,217,36.704
US68752M1080,328085402,OFIX,USD,2021-10-12,36.7,37.19,36.4,37.0,375,296,36.944
US68752M1080,328085402,OFIX,USD,2021-10-13,37.24,37.3,35.85,36.5,484,378,36.489
US68752M1080,328085402,OFIX,USD,2021-10-14,36.72,37.32,36.24,36.35,408,215,36.456
US68752M1080,328085402,OFIX,USD,2021-10-15,36.35,37.15,36.22,36.24,346,134,36.452
US68752M1080,328085402,OFIX,USD,2021-10-18,36.34,36.78,35.61,36.17,244,176,36.102
US68752M1080,328085402,OFIX,USD,2021-10-19,36.53,36.69,35.92,36.22,329,230,36.218
US68752M1080,328085402,OFIX,USD,2021-10-20,36.24,36.65,35.88,36.57,340,251,36.377
US68752M1080,328085402,OFIX,USD,2021-10-21,36.6,36.89,35.83,36.15,298,160,36.204
US68752M1080,328085402,OFIX,USD,2021-10-22,35.87,36.07,35.35,35.97,687,357,35.777
US68752M1080,328085402,OFIX,USD,2021-10-25,36.1,36.27,35.05,35.05,354,256,35.619
US68752M1080,328085402,OFIX,USD,2021-10-26,35.92,36.21,35.58,35.77,383,210,35.879
US68752M1080,328085402,OFIX,USD,2021-10-27,35.88,36.0,35.46,35.68,356,221,35.727
US68752M1080,328085402,OFIX,USD,2021-10-28,35.88,36.31,35.35,35.39,304,165,35.547
US68752M1080,328085402,OFIX,USD,2021-10-29,35.41,36.03,35.0,35.98,417,223,35.774
US68752M1080,328085402,OFIX,USD,2021-11-01,36.3,37.0,35.91,36.87,366,201,36.752
US68752M1080,328085402,OFIX,USD,2021-11-02,36.99,37.52,36.79,37.28,427,313,37.244
US68752M1080,328085402,OFIX,USD,2021-11-03,37.29,38.52,37.29,38.52,278,164,38.244
US68752M1080,328085402,OFIX,USD,2021-11-04,38.51,38.83,36.93,37.16,497,302,37.379
US68752M1080,328085402,OFIX,USD,2021-11-05,37.0,37.79,35.88,36.07,415,282,36.331
US68752M1080,328085402,OFIX,USD,2021-11-08,36.04,36.04,34.69,34.95,570,400,35.03
US68752M1080,328085402,OFIX,USD,2021-11-09,34.8,34.8,33.36,33.7,703,335,33.712
US68752M1080,328085402,OFIX,USD,2021-11-10,33.08,34.0,33.08,33.11,546,339,33.377
US68752M1080,328085402,OFIX,USD,2021-11-11,33.25,33.25,32.16,32.64,457,284,32.55
US68752M1080,328085402,OFIX,USD,2021-11-12,33.28,33.28,32.32,32.47,772,489,32.68
US68752M1080,328085402,OFIX,USD,2021-11-15,32.67,33.16,31.46,32.0,825,513,32.016
US68752M1080,328085402,OFIX,USD,2021-11-16,32.14,32.16,31.42,31.6,662,510,31.692
US68752M1080,328085402,OFIX,USD,2021-11-17,31.38,31.79,29.85,29.93,679,406,30.263
US68752M1080,328085402,OFIX,USD,2021-11-18,29.91,31.14,29.66,30.02,1160,752,30.183
US68752M1080,328085402,OFIX,USD,2021-11-19,30.05,31.76,30.05,31.07,1208,622,30.948
US68752M1080,328085402,OFIX,USD,2021-11-22,31.42,32.54,30.96,32.27,1037,540,32.08
US68752M1080,328085402,OFIX,USD,2021-11-23,32.44,32.86,31.41,31.87,516,261,31.964
US68752M1080,328085402,OFIX,USD,2021-11-24,31.85,32.98,31.52,32.82,773,537,32.592
US68752M1080,328085402,OFIX,USD,2021-11-26,32.45,32.8,30.78,31.36,400,270,31.484
US68752M1080,328085402,OFIX,USD,2021-11-29,32.62,32.62,30.94,31.02,866,627,31.342
US68752M1080,328085402,OFIX,USD,2021-11-30,30.89,31.25,30.0,30.61,759,290,30.517
US68752M1080,328085402,OFIX,USD,2021-12-01,31.13,31.64,30.55,30.74,876,410,30.922
US68752M1080,328085402,OFIX,USD,2021-12-02,30.74,31.47,30.63,31.35,522,269,31.22
US68752M1080,328085402,OFIX,USD,2021-12-03,31.36,31.66,30.03,30.24,805,300,30.608
US68752M1080,328085402,OFIX,USD,2021-12-06,30.62,31.75,30.53,31.09,829,515,31.097
US68752M1080,328085402,OFIX,USD,2021-12-07,31.38,31.81,30.87,31.04,953,690,31.246
US68752M1080,328085402,OFIX,USD,2021-12-08,31.21,31.4,30.18,30.22,601,404,30.441
US68752M1080,328085402,OFIX,USD,2021-12-09,29.89,30.81,29.67,29.95,740,546,30.034
US68752M1080,328085402,OFIX,USD,2021-12-10,30.25,30.78,29.85,30.07,567,331,30.085
US68752M1080,328085402,OFIX,USD,2021-12-13,29.87,30.51,29.11,29.12,687,452,29.444
US68752M1080,328085402,OFIX,USD,2021-12-14,29.21,29.96,28.82,29.25,504,228,29.367
US68752M1080,328085402,OFIX,USD,2021-12-15,29.31,29.71,28.64,29.71,794,404,29.443
US68752M1080,328085402,OFIX,USD,2021-12-16,29.88,30.13,28.85,28.91,558,315,29.263
US68752M1080,328085402,OFIX,USD,2021-12-17,28.91,30.19,28.88,30.03,3158,643,29.912
US68752M1080,328085402,OFIX,USD,2021-12-20,29.59,30.09,29.0,30.03,603,389,29.802
US68752M1080,328085402,OFIX,USD,2021-12-21,30.39,31.74,29.91,31.48,1066,741,31.262
US68752M1080,328085402,OFIX,USD,2021-12-22,31.63,32.2,31.44,31.74,804,582,31.801
US68752M1080,328085402,OFIX,USD,2021-12-23,31.69,31.9,31.25,31.52,261,162,31.511
US68752M1080,328085402,OFIX,USD,2021-12-27,31.72,32.02,30.86,31.72,585,368,31.787
US68752M1080,328085402,OFIX,USD,2021-12-28,32.28,32.28,31.35,31.42,191,126,31.522
US68752M1080,328085402,OFIX,USD,2021-12-29,31.57,31.69,30.95,31.18,384,261,31.124
US68752M1080,328085402,OFIX,USD,2021-12-30,31.12,31.51,30.91,30.98,502,344,31.109
US68752M1080,328085402,OFIX,USD,2021-12-31,31.08,31.62,30.67,31.09,382,269,31.112
US68752M1080,328085402,OFIX,USD,2022-01-03,31.09,32.4,30.89,32.37,426,298,31.989
US68752M1080,328085402,OFIX,USD,2022-01-04,32.64,32.82,31.78,32.24,397,265,32.207
US68752M1080,328085402,OFIX,USD,2022-01-05,32.3,32.54,31.66,31.7,428,299,32.056
US68752M1080,328085402,OFIX,USD,2022-01-06,31.85,31.91,30.97,31.5,479,352,31.474
US68752M1080,328085402,OFIX,USD,2022-01-07,31.46,31.46,30.89,31.05,206,114,31.086
US68752M1080,328085402,OFIX,USD,2022-01-10,31.07,33.93,31.07,33.14,1195,947,33.054
US68752M1080,328085402,OFIX,USD,2022-01-11,33.85,33.85,31.83,32.52,895,589,32.575
US68752M1080,328085402,OFIX,USD,2022-01-12,32.6,33.0,31.63,32.43,542,313,32.355
US68752M1080,328085402,OFIX,USD,2022-01-13,32.28,33.41,32.28,32.9,1005,672,32.963
US68752M1080,328085402,OFIX,USD,2022-01-14,32.85,33.05,31.75,32.9,765,616,32.751
US68752M1080,328085402,OFIX,USD,2022-01-18,33.53,33.53,32.08,32.7,713,492,32.692
US68752M1080,328085402,OFIX,USD,2022-01-19,32.77,32.97,31.67,31.83,519,369,31.945
US68752M1080,328085402,OFIX,USD,2022-01-20,31.73,32.99,31.73,31.93,349,230,32.314
US68752M1080,328085402,OFIX,USD,2022-01-21,31.64,32.57,31.45,31.61,463,216,31.842
US68752M1080,328085402,OFIX,USD,2022-01-24,31.27,32.31,30.69,32.0,895,492,31.877
US68752M1080,328085402,OFIX,USD,2022-01-25,31.73,32.06,30.19,30.73,2594,369,30.748
US68752M1080,328085402,OFIX,USD,2022-01-26,31.08,31.71,30.08,30.46,609,384,30.719
US68752M1080,328085402,OFIX,USD,2022-01-27,30.47,30.85,29.54,29.78,605,421,29.898
US68752M1080,328085402,OFIX,USD,2022-01-28,29.62,29.88,28.66,29.75,575,433,29.4
US68752M1080,328085402,OFIX,USD,2022-01-31,29.58,31.11,29.58,30.4,1126,551,30.453
US68752M1080,328085402,OFIX,USD,2022-02-01,30.12,31.13,29.74,30.5,1079,680,30.467
US68752M1080,328085402,OFIX,USD,2022-02-02,30.72,30.72,29.65,30.0,852,562,30.001
US68752M1080,328085402,OFIX,USD,2022-02-03,29.9,30.41,29.77,29.98,794,509,30.068
US68752M1080,328085402,OFIX,USD,2022-02-04,30.09,30.62,29.23,30.26,934,544,30.236
US68752M1080,328085402,OFIX,USD,2022-02-07,30.14,30.57,29.79,30.4,1503,816,30.258
US68752M1080,328085402,OFIX,USD,2022-02-08,30.51,31.92,30.24,31.75,1626,701,31.361
US68752M1080,328085402,OFIX,USD,2022-02-09,31.74,32.33,31.13,31.24,1036,447,31.394
US68752M1080,328085402,OFIX,USD,2022-02-10,30.92,31.43,30.65,30.91,598,378,30.958
US68752M1080,328085402,OFIX,USD,2022-02-11,30.94,31.27,30.57,31.05,522,344,30.964
US68752M1080,328085402,OFIX,USD,2022-02-14,31.24,31.81,31.05,31.22,862,571,31.368
US68752M1080,328085402,OFIX,USD,2022-02-15,31.45,32.4,30.09,32.32,674,449,32.056
US68752M1080,328085402,OFIX,USD,2022-02-16,32.36,33.18,32.03,33.11,598,390,32.898
US68752M1080,328085402,OFIX,USD,2022-02-17,32.83,32.93,32.12,32.4,771,452,32.413
US68752M1080,328085402,OFIX,USD,2022-02-18,32.5,32.99,30.99,31.43,940,683,31.586
US68752M1080,328085402,OFIX,USD,2022-02-22,31.14,31.97,31.03,31.12,615,473,31.364
US68752M1080,328085402,OFIX,USD,2022-02-23,31.44,31.9,31.33,31.67,518,368,31.645
US68752M1080,328085402,OFIX,USD,2022-02-24,31.04,33.19,31.04,32.67,745,485,32.543
US68752M1080,328085402,OFIX,USD,2022-02-25,33.26,33.26,31.82,33.1,500,339,32.799
US68752M1080,328085402,OFIX,USD,2022-02-28,32.71,34.18,32.71,33.98,805,445,33.851
US68752M1080,328085402,OFIX,USD,2022-03-01,33.74,34.53,33.13,33.29,706,445,33.377
US68752M1080,328085402,OFIX,USD,2022-03-02,33.32,33.97,33.3,33.8,544,399,33.736
US68752M1080,328085402,OFIX,USD,2022-03-03,33.81,34.01,33.16,33.63,359,197,33.573
US68752M1080,328085402,OFIX,USD,2022-03-04,34.85,36.13,34.11,35.83,1155,826,35.764
US68752M1080,328085402,OFIX,USD,2022-03-07,35.96,36.08,34.83,34.86,547,376,35.203
US68752M1080,328085402,OFIX,USD,2022-03-08,34.83,34.88,33.85,33.94,467,302,34.096
US68752M1080,328085402,OFIX,USD,2022-03-09,34.17,34.83,32.8,33.95,398,263,33.973
US68752M1080,328085402,OFIX,USD,2022-03-10,33.37,33.67,32.77,33.18,347,260,33.169
US68752M1080,328085402,OFIX,USD,2022-03-11,33.47,33.47,32.07,32.07,581,383,32.503
US68752M1080,328085402,OFIX,USD,2022-03-14,32.29,32.45,31.4,31.55,563,393,31.711
US68752M1080,328085402,OFIX,USD,2022-03-15,31.79,31.98,31.24,31.65,430,290,31.609
US68752M1080,328085402,OFIX,USD,2022-03-16,31.89,32.09,30.82,31.9,406,245,31.759
US68752M1080,328085402,OFIX,USD,2022-03-17,31.56,32.51,31.56,32.38,378,275,32.327
US68752M1080,328085402,OFIX,USD,2022-03-18,32.12,33.14,31.87,32.79,1440,427,32.632
US68752M1080,328085402,OFIX,USD,2022-03-21,32.8,33.0,31.95,32.05,361,226,32.234
US68752M1080,328085402,OFIX,USD,2022-03-22,32.32,32.57,31.78,32.4,936,464,32.201
US68752M1080,328085402,OFIX,USD,2022-03-23,32.11,32.54,31.82,32.39,685,403,32.196
US68752M1080,328085402,OFIX,USD,2022-03-24,32.63,32.86,32.52,32.84,283,187,32.759
US68752M1080,328085402,OFIX,USD,2022-03-25,32.78,33.25,32.6,32.79,353,201,32.818
US68752M1080,328085402,OFIX,USD,2022-03-28,32.98,32.98,32.4,32.76,345,246,32.65
US68752M1080,328085402,OFIX,USD,2022-03-29,32.97,33.38,32.96,33.04,645,310,33.102
US68752M1080,328085402,OFIX,USD,2022-03-30,33.09,33.36,32.85,33.08,542,361,33.146
US68752M1080,328085402,OFIX,USD,2022-03-31,32.98,33.37,32.67,32.7,706,394,32.911
US68752M1080,328085402,OFIX,USD,2022-04-01,32.76,33.53,32.61,33.53,706,389,33.054
US68752M1080,328085402,OFIX,USD,2022-04-04,33.1,33.52,32.54,33.15,921,647,33.007
US68752M1080,328085402,OFIX,USD,2022-04-05,33.11,33.33,32.49,32.78,685,442,32.867
US68752M1080,328085402,OFIX,USD,2022-04-06,32.57,32.98,31.99,32.65,721,439,32.691
US68752M1080,328085402,OFIX,USD,2022-04-07,32.82,33.12,32.67,32.87,482,286,32.894
US68752M1080,328085402,OFIX,USD,2022-04-08,32.79,33.14,32.0,32.13,668,384,32.267
US68752M1080,328085402,OFIX,USD,2022-04-11,32.1,32.34,31.68,31.8,1002,504,31.952
US68752M1080,328085402,OFIX,USD,2022-04-12,32.07,32.7,32.07,32.44,593,267,32.422
US68752M1080,328085402,OFIX,USD,2022-04-13,32.43,32.96,32.29,32.33,506,222,32.552
US68752M1080,328085402,OFIX,USD,2022-04-14,32.48,32.64,31.66,32.38,685,353,32.317
US68752M1080,328085402,OFIX,USD,2022-04-18,32.16,32.4,31.61,31.9,409,281,31.858
US68752M1080,328085402,OFIX,USD,2022-04-19,31.95,34.1,31.92,33.58,799,505,33.474
US68752M1080,328085402,OFIX,USD,2022-04-20,33.67,35.22,33.67,34.89,454,302,34.838
US68752M1080,328085402,OFIX,USD,2022-04-21,35.0,35.34,34.85,34.85,590,416,34.992
US68752M1080,328085402,OFIX,USD,2022-04-22,34.62,34.62,32.21,32.3,610,376,32.647
US68752M1080,328085402,OFIX,USD,2022-04-25,32.38,33.31,32.13,32.64,472,305,32.578
US68752M1080,328085402,OFIX,USD,2022-04-26,32.27,32.78,31.49,31.75,362,174,31.759
US68752M1080,328085402,OFIX,USD,2022-04-27,31.7,31.92,30.9,31.04,395,328,31.356
US68752M1080,328085402,OFIX,USD,2022-04-28,31.32,31.43,30.06,30.92,430,266,30.792
US68752M1080,328085402,OFIX,USD,2022-04-29,31.04,31.65,30.31,31.0,757,403,31.099
US68752M1080,328085402,OFIX,USD,2022-05-02,31.23,31.59,30.62,31.05,441,279,31.108
US68752M1080,328085402,OFIX,USD,2022-05-03,31.3,31.67,30.63,31.4,490,310,31.407
US68752M1080,328085402,OFIX,USD,2022-05-04,31.45,32.03,30.89,31.85,483,357,31.705
US68752M1080,328085402,OFIX,USD,2022-05-05,31.51,31.94,30.85,31.09,555,389,31.083
US68752M1080,328085402,OFIX,USD,2022-05-06,28.25,30.23,27.44,28.5,1931,1326,28.192
US68752M1080,328085402,OFIX,USD,2022-05-09,28.49,28.98,27.5,27.82,1439,1089,27.985
US68752M1080,328085402,OFIX,USD,2022-05-10,28.04,28.04,26.15,26.69,1723,1109,26.814
US68752M1080,328085402,OFIX,USD,2022-05-11,26.8,27.98,26.45,26.64,804,543,26.927
US68752M1080,328085402,OFIX,USD,2022-05-12,26.45,27.02,26.13,26.49,810,512,26.454
US68752M1080,328085402,OFIX,USD,2022-05-13,26.62,27.57,26.59,27.18,607,482,27.134
US68752M1080,328085402,OFIX,USD,2022-05-16,26.99,27.87,26.84,27.58,426,210,27.517
US68752M1080,328085402,OFIX,USD,2022-05-17,27.94,28.95,27.64,28.47,527,361,28.448
US68752M1080,328085402,OFIX,USD,2022-05-18,28.46,29.1,27.75,27.78,1001,514,28.119
US68752M1080,328085402,OFIX,USD,2022-05-19,27.62,27.78,26.81,27.25,1088,579,27.209
US68752M1080,328085402,OFIX,USD,2022-05-20,27.32,27.86,26.32,26.82,485,274,26.765
US68752M1080,328085402,OFIX,USD,2022-05-23,27.13,27.28,26.8,27.1,498,350,27.076
US68752M1080,328085402,OFIX,USD,2022-05-24,27.09,27.37,26.24,26.67,318,223,26.624
US68752M1080,328085402,OFIX,USD,2022-05-25,26.6,27.34,26.07,27.04,1003,393,26.909
US68752M1080,328085402,OFIX,USD,2022-05-26,27.26,27.26,26.79,27.11,485,358,27.065
US68752M1080,328085402,OFIX,USD,2022-05-27,27.35,27.61,27.24,27.29,354,232,27.403
US68752M1080,328085402,OFIX,USD,2022-05-31,27.18,27.86,27.08,27.49,755,214,27.448
US68752M1080,328085402,OFIX,USD,2022-06-01,27.51,27.91,26.98,27.23,480,354,27.235
US68752M1080,328085402,OFIX,USD,2022-06-02,27.59,27.85,26.94,27.79,429,281,27.559
US68752M1080,328085402,OFIX,USD,2022-06-03,27.48,27.79,27.0,27.47,464,356,27.453
US68752M1080,328085402,OFIX,USD,2022-06-06,27.72,27.91,27.21,27.42,560,396,27.459
US68752M1080,328085402,OFIX,USD,2022-06-07,27.11,27.51,27.09,27.16,446,256,27.229
US68752M1080,328085402,OFIX,USD,2022-06-08,26.95,27.47,26.95,27.24,454,275,27.238
US68752M1080,328085402,OFIX,USD,2022-06-09,27.02,27.12,26.66,26.66,534,407,26.833
US68752M1080,328085402,OFIX,USD,2022-06-10,26.24,26.72,26.15,26.34,793,542,26.424
US68752M1080,328085402,OFIX,USD,2022-06-13,25.84,26.12,25.06,25.18,673,414,25.322
US68752M1080,328085402,OFIX,USD,2022-06-14,25.13,25.13,23.96,24.17,395,248,24.256
US68752M1080,328085402,OFIX,USD,2022-06-15,24.44,25.72,24.11,25.13,1051,735,25.068
US68752M1080,328085402,OFIX,USD,2022-06-16,24.8,24.87,24.15,24.38,1375,610,24.4
US68752M1080,328085402,OFIX,USD,2022-06-17,24.54,25.09,24.45,24.76,1120,362,24.768
US68752M1080,328085402,OFIX,USD,2022-06-21,24.95,25.59,24.83,25.05,895,501,25.194
US68752M1080,328085402,OFIX,USD,2022-06-22,24.82,25.66,24.82,25.06,412,260,25.19
US68752M1080,328085402,OFIX,USD,2022-06-23,24.98,26.4,23.6,24.9,656,418,25.111
US68752M1080,328085402,OFIX,USD,2022-06-24,24.9,25.17,24.38,24.47,2106,712,24.615
US68752M1080,328085402,OFIX,USD,2022-06-27,24.69,24.98,24.27,24.62,1938,1225,24.69
US68752M1080,328085402,OFIX,USD,2022-06-28,24.79,25.54,23.66,23.75,904,678,24.188
US68752M1080,328085402,OFIX,USD,2022-06-29,23.7,24.05,23.36,23.55,600,358,23.528
US68752M1080,328085402,OFIX,USD,2022-06-30,23.2,25.51,23.17,23.54,888,455,23.544
US68752M1080,328085402,OFIX,USD,2022-07-01,23.35,24.38,23.35,24.29,538,328,24.107
US68752M1080,328085402,OFIX,USD,2022-07-05,23.95,24.55,23.42,24.4,870,517,24.273
US68752M1080,328085402,OFIX,USD,2022-07-06,24.4,24.63,23.86,24.14,690,511,24.142
US68752M1080,328085402,OFIX,USD,2022-07-07,24.22,24.74,23.96,24.47,540,345,24.393
US68752M1080,328085402,OFIX,USD,2022-07-08,24.41,24.94,24.4,24.57,279,192,24.59
US68752M1080,328085402,OFIX,USD,2022-07-11,24.45,24.75,23.55,23.72,733,460,23.862
US68752M1080,328085402,OFIX,USD,2022-07-12,23.78,24.03,23.31,23.5,498,284,23.511
US68752M1080,328085402,OFIX,USD,2022-07-13,23.38,23.61,23.26,23.48,506,336,23.473
US68752M1080,328085402,OFIX,USD,2022-07-14,23.35,23.85,23.15,23.71,393,232,23.546
US68752M1080,328085402,OFIX,USD,2022-07-15,24.1,24.51,23.66,24.41,711,454,24.26
US68752M1080,328085402,OFIX,USD,2022-07-18,24.64,24.78,23.79,24.29,1057,743,24.314
US68752M1080,328085402,OFIX,USD,2022-07-19,24.61,25.13,24.22,24.7,477,228,24.801
US68752M1080,328085402,OFIX,USD,2022-07-20,24.69,25.13,24.58,24.81,409,234,24.89
US68752M1080,328085402,OFIX,USD,2022-07-21,24.62,25.23,23.91,24.67,291,184,24.609
US68752M1080,328085402,OFIX,USD,2022-07-22,24.62,24.71,23.94,24.47,439,283,24.369
US68752M1080,328085402,OFIX,USD,2022-07-25,24.54,25.02,24.45,25.02,297,182,24.914
US68752M1080,328085402,OFIX,USD,2022-07-26,25.24,25.46,24.9,25.4,321,207,25.221
US68752M1080,328085402,OFIX,USD,2022-07-27,25.53,26.29,25.44,25.93,582,299,26.0
US68752M1080,328085402,OFIX,USD,2022-07-28,26.01,26.01,25.57,25.66,180,112,25.727
US68752M1080,328085402,OFIX,USD,2022-07-29,25.76,25.76,25.23,25.65,286,150,25.575
US68752M1080,328085402,OFIX,USD,2022-08-01,25.49,26.07,25.2,25.9,272,184,25.867
US68752M1080,328085402,OFIX,USD,2022-08-02,25.9,26.29,25.78,25.81,351,216,26.012
US68752M1080,328085402,OFIX,USD,2022-08-03,25.99,26.35,25.58,25.89,1388,893,25.9
US68752M1080,328085402,OFIX,USD,2022-08-04,26.02,26.17,24.56,24.7,907,623,24.944
US68752M1080,328085402,OFIX,USD,2022-08-05,22.76,23.47,22.66,22.77,1167,670,22.908
US68752M1080,328085402,OFIX,USD,2022-08-08,22.76,23.28,22.21,23.06,768,491,22.844
US68752M1080,328085402,OFIX,USD,2022-08-09,23.13,23.23,21.66,21.98,723,383,22.131
US68752M1080,328085402,OFIX,USD,2022-08-10,22.19,22.73,21.98,22.52,620,313,22.48
US68752M1080,328085402,OFIX,USD,2022-08-11,22.83,23.09,22.63,23.03,393,242,22.923
US68752M1080,328085402,OFIX,USD,2022-08-12,23.3,23.45,22.62,22.83,494,262,22.934
US68752M1080,328085402,OFIX,USD,2022-08-15,22.59,22.88,22.29,22.74,941,444,22.746
US68752M1080,328085402,OFIX,USD,2022-08-16,22.83,22.83,22.13,22.28,435,281,22.325
US68752M1080,328085402,OFIX,USD,2022-08-17,22.05,22.29,21.73,22.25,1214,800,22.131
US68752M1080,328085402,OFIX,USD,2022-08-18,22.56,22.62,22.06,22.35,458,268,22.392
US68752M1080,328085402,OFIX,USD,2022-08-19,22.2,22.43,21.97,22.12,548,308,22.097
US68752M1080,328085402,OFIX,USD,2022-08-22,22.0,22.24,21.42,21.49,1390,911,21.769
US68752M1080,328085402,OFIX,USD,2022-08-23,21.4,21.4,20.89,21.18,503,316,21.187
US68752M1080,328085402,OFIX,USD,2022-08-24,21.21,21.46,21.06,21.24,630,341,21.272
US68752M1080,328085402,OFIX,USD,2022-08-25,21.25,21.71,21.21,21.42,893,553,21.48
US68752M1080,328085402,OFIX,USD,2022-08-26,21.33,21.41,20.75,20.86,629,414,20.965
US68752M1080,328085402,OFIX,USD,2022-08-29,20.85,20.85,20.25,20.28,666,422,20.378
US68752M1080,328085402,OFIX,USD,2022-08-30,20.29,20.41,20.06,20.09,720,441,20.15
US68752M1080,328085402,OFIX,USD,2022-08-31,20.29,20.42,19.82,20.2,942,572,19.982
US68752M1080,328085402,OFIX,USD,2022-09-01,20.05,20.05,19.43,19.76,1083,617,19.718
US68752M1080,328085402,OFIX,USD,2022-09-02,19.97,19.97,19.43,19.53,1055,700,19.664
US68752M1080,328085402,OFIX,USD,2022-09-06,19.54,19.92,19.32,19.68,2780,1280,19.682
US68752M1080,328085402,OFIX,USD,2022-09-07,19.71,20.77,19.45,20.75,1761,1276,20.159
US68752M1080,328085402,OFIX,USD,2022-09-08,20.57,21.0,20.41,20.84,725,562,20.787
US68752M1080,328085402,OFIX,USD,2022-09-09,21.03,21.59,20.83,21.43,616,398,21.325
US68752M1080,328085402,OFIX,USD,2022-09-12,21.66,22.11,21.29,21.36,1247,875,21.537
US68752M1080,328085402,OFIX,USD,2022-09-13,20.96,21.32,20.68,21.13,1336,1023,21.096
US68752M1080,328085402,OFIX,USD,2022-09-14,21.13,21.59,20.71,21.33,2430,1122,21.196
US68752M1080,328085402,OFIX,USD,2022-09-15,21.19,21.79,21.19,21.5,1610,569,21.482
US68752M1080,328085402,OFIX,USD,2022-09-16,21.28,21.79,20.93,21.6,3133,933,21.561
US68752M1080,328085402,OFIX,USD,2022-09-19,21.5,21.76,21.11,21.75,2212,823,21.653
US68752M1080,328085402,OFIX,USD,2022-09-20,21.61,22.25,21.34,21.74,1817,588,21.748
US68752M1080,328085402,OFIX,USD,2022-09-21,21.73,22.01,21.13,21.15,936,613,21.503
US68752M1080,328085402,OFIX,USD,2022-09-22,21.04,21.4,20.28,20.67,852,497,20.631
US68752M1080,328085402,OFIX,USD,2022-09-23,20.33,20.33,19.73,19.98,496,238,19.96
US68752M1080,328085402,OFIX,USD,2022-09-26,19.96,20.19,19.3,19.55,699,416,19.611
US68752M1080,328085402,OFIX,USD,2022-09-27,19.75,20.35,19.05,19.23,974,585,19.307
US68752M1080,328085402,OFIX,USD,2022-09-28,19.58,19.84,19.22,19.61,1423,884,19.578
US68752M1080,328085402,OFIX,USD,2022-09-29,19.16,19.57,18.97,19.38,1310,959,19.372
US68752M1080,328085402,OFIX,USD,2022-09-30,19.5,19.8,19.07,19.11,970,565,19.338
US68752M1080,328085402,OFIX,USD,2022-10-03,19.21,19.52,19.02,19.08,925,584,19.164
US68752M1080,328085402,OFIX,USD,2022-10-04,19.39,19.66,19.26,19.59,1376,707,19.538
US68752M1080,328085402,OFIX,USD,2022-10-05,19.39,19.52,19.04,19.43,941,535,19.336
US68752M1080,328085402,OFIX,USD,2022-10-06,19.48,19.48,18.76,18.9,738,491,18.975
US68752M1080,328085402,OFIX,USD,2022-10-07,18.74,18.8,18.2,18.34,1271,814,18.334
US68752M1080,328085402,OFIX,USD,2022-10-10,18.7,18.95,18.3,18.4,836,593,18.515
US68752M1080,328085402,OFIX,USD,2022-10-11,18.66,18.66,14.25,14.87,10017,5597,14.745
US68752M1080,328085402,OFIX,USD,2022-10-12,14.79,15.25,14.25,14.34,4905,3169,14.727
US68752M1080,328085402,OFIX,USD,2022-10-13,14.05,15.1,13.76,15.06,4230,3313,14.746
US68752M1080,328085402,OFIX,USD,2022-10-14,15.21,15.55,14.79,14.83,2049,1353,15.004
US68752M1080,328085402,OFIX,USD,2022-10-17,15.1,15.95,15.1,15.88,2091,1424,15.74
US68752M1080,328085402,OFIX,USD,2022-10-18,16.08,19.85,15.97,16.2,2095,1531,16.235
US68752M1080,328085402,OFIX,USD,2022-10-19,15.9,15.98,15.15,15.38,2201,1436,15.449
US68752M1080,328085402,OFIX,USD,2022-10-20,15.36,15.56,14.98,15.02,1518,1022,15.182
US68752M1080,328085402,OFIX,USD,2022-10-21,14.89,15.17,14.45,14.87,1435,1001,14.819
US68752M1080,328085402,OFIX,USD,2022-10-24,14.98,15.59,14.25,14.33,1975,1253,14.468
US68752M1080,328085402,OFIX,USD,2022-10-25,14.39,14.9,14.3,14.74,2558,1905,14.719
US68752M1080,328085402,OFIX,USD,2022-10-26,14.92,15.7,14.78,15.61,1726,1430,15.398
US68752M1080,328085402,OFIX,USD,2022-10-27,15.79,16.18,15.51,16.0,1486,984,15.856
US68752M1080,328085402,OFIX,USD,2022-10-28,15.93,16.04,15.73,15.85,1314,813,15.873
US68752M1080,328085402,OFIX,USD,2022-10-31,15.95,16.18,15.72,16.06,1225,697,16.047
US68752M1080,328085402,OFIX,USD,2022-11-01,16.31,16.32,15.88,16.21,1069,774,16.172
US68752M1080,328085402,OFIX,USD,2022-11-02,16.09,16.16,14.98,15.34,2335,1674,15.429
US68752M1080,328085402,OFIX,USD,2022-11-03,15.0,15.17,14.51,14.66,1403,1044,14.8
US68752M1080,328085402,OFIX,USD,2022-11-04,15.0,15.36,14.67,15.0,1546,1098,15.026
US68752M1080,328085402,OFIX,USD,2022-11-07,15.16,15.9,15.02,15.7,2494,1068,15.655
US68752M1080,328085402,OFIX,USD,2022-11-08,15.8,16.44,15.47,15.97,2682,1606,16.059
US68752M1080,328085402,OFIX,USD,2022-11-09,15.81,16.29,15.49,16.03,1684,1129,15.982
US68752M1080,328085402,OFIX,USD,2022-11-10,16.54,17.58,16.54,17.4,3224,1285,17.124
US68752M1080,328085402,OFIX,USD,2022-11-11,17.41,18.06,17.41,17.9,1761,1039,17.846
US68752M1080,328085402,OFIX,USD,2022-11-14,17.71,17.81,16.92,17.13,1406,851,17.156
US68752M1080,328085402,OFIX,USD,2022-11-15,17.45,17.89,17.25,17.32,873,636,17.504
US68752M1080,328085402,OFIX,USD,2022-11-16,17.18,17.45,16.87,17.03,981,632,17.076
US68752M1080,328085402,OFIX,USD,2022-11-17,16.87,16.87,16.11,16.18,909,627,16.304
US68752M1080,328085402,OFIX,USD,2022-11-18,16.47,16.87,16.31,16.74,2447,1338,16.722
US68752M1080,328085402,OFIX,USD,2022-11-21,16.71,16.99,16.53,16.7,814,537,16.646
US68752M1080,328085402,OFIX,USD,2022-11-22,16.83,16.83,16.24,16.54,841,521,16.5
US68752M1080,328085402,OFIX,USD,2022-11-23,16.59,17.03,16.5,16.83,851,579,16.803
US68752M1080,328085402,OFIX,USD,2022-11-25,17.05,17.37,16.75,17.17,534,417,17.138
US68752M1080,328085402,OFIX,USD,2022-11-28,17.06,17.34,16.74,17.02,2369,1418,16.986
US68752M1080,328085402,OFIX,USD,2022-11-29,17.0,17.75,16.94,17.37,1438,1006,17.468
US68752M1080,328085402,OFIX,USD,2022-11-30,17.5,21.42,17.25,19.0,3051,1859,17.911
US68752M1080,328085402,OFIX,USD,2022-12-01,19.89,20.02,18.65,20.0,5767,3206,19.469
US68752M1080,328085402,OFIX,USD,2022-12-02,19.7,20.54,19.34,20.02,2970,1526,20.046
US68752M1080,328085402,OFIX,USD,2022-12-05,20.02,21.98,19.33,20.52,1336,896,19.588
US68752M1080,328085402,OFIX,USD,2022-12-06,20.78,20.78,19.68,20.11,2037,1450,20.052
US68752M1080,328085402,OFIX,USD,2022-12-07,20.05,21.1,20.05,20.69,2646,1688,20.789
US68752M1080,328085402,OFIX,USD,2022-12-08,21.72,21.72,20.58,20.87,1395,1001,20.839
US68752M1080,328085402,OFIX,USD,2022-12-09,20.74,20.95,20.3,20.34,3041,1438,20.52
US68752M1080,328085402,OFIX,USD,2022-12-12,20.31,20.53,20.11,20.21,868,587,20.204
US68752M1080,328085402,OFIX,USD,2022-12-13,20.77,21.12,20.04,20.11,1611,953,20.458
US68752M1080,328085402,OFIX,USD,2022-12-14,20.13,20.56,20.01,20.23,1947,699,20.272
US68752M1080,328085402,OFIX,USD,2022-12-15,20.01,20.47,20.0,20.42,1606,476,20.392
US68752M1080,328085402,OFIX,USD,2022-12-16,20.25,20.55,20.09,20.46,3401,778,20.41
US68752M1080,328085402,OFIX,USD,2022-12-19,20.37,20.37,19.82,20.23,1876,747,20.179
US68752M1080,328085402,OFIX,USD,2022-12-20,20.24,20.38,19.93,20.06,1498,509,20.107
US68752M1080,328085402,OFIX,USD,2022-12-21,20.35,20.35,19.72,19.86,687,458,19.934
US68752M1080,328085402,OFIX,USD,2022-12-22,20.0,20.23,19.23,19.49,929,652,19.481
US68752M1080,328085402,OFIX,USD,2022-12-23,19.47,19.67,19.16,19.34,517,324,19.321
US68752M1080,328085402,OFIX,USD,2022-12-27,19.28,19.89,19.01,19.27,742,531,19.296
US68752M1080,328085402,OFIX,USD,2022-12-28,19.27,19.69,19.02,19.25,894,550,19.235
US68752M1080,328085402,OFIX,USD,2022-12-29,19.35,19.87,19.34,19.83,1185,855,19.733
US68752M1080,328085402,OFIX,USD,2022-12-30,19.85,20.75,19.45,20.53,3265,2100,20.281
US68752M1080,328085402,OFIX,USD,2023-01-03,20.7,21.56,20.47,21.35,5261,4109,21.096
US68752M1080,328085402,OFIX,USD,2023-01-04,21.43,23.19,20.48,22.65,32927,7761,22.61
US68752M1080,328085402,OFIX,USD,2023-01-05,22.44,22.63,20.9,20.9,6188,4508,21.348
US68752M1080,328085402,OFIX,USD,2023-01-06,21.06,21.23,20.0,20.16,5677,3772,20.296
US68752M1080,328085402,OFIX,USD,2023-01-09,20.23,20.57,18.51,18.83,4360,3002,19.144
US68752M1080,328085402,OFIX,USD,2023-01-10,18.69,19.2,18.62,18.81,4363,1807,18.882
US68752M1080,328085402,OFIX,USD,2023-01-11,18.75,18.97,18.29,18.83,2311,1386,18.795
US68752M1080,328085402,OFIX,USD,2023-01-12,18.93,19.13,18.27,19.06,2631,1772,18.874
US68752M1080,328085402,OFIX,USD,2023-01-13,18.96,19.4,18.8,19.35,1814,1317,19.251
US68752M1080,328085402,OFIX,USD,2023-01-17,19.33,19.57,18.67,18.78,3093,1378,18.999
US68752M1080,328085402,OFIX,USD,2023-01-18,18.86,19.24,18.86,19.11,1700,1022,19.101
US68752M1080,328085402,OFIX,USD,2023-01-19,19.03,19.32,18.75,19.27,1544,836,19.221
US68752M1080,328085402,OFIX,USD,2023-01-20,19.47,20.5,19.22,20.48,14668,1458,20.415
US68752M1080,328085402,OFIX,USD,2023-01-23,20.62,21.27,20.28,21.01,2916,1961,20.982
US68752M1080,328085402,OFIX,USD,2023-01-24,20.72,21.21,20.65,20.67,1770,1161,20.8
US68752M1080,328085402,OFIX,USD,2023-01-25,20.47,20.66,20.29,20.6,900,458,20.489
US68752M1080,328085402,OFIX,USD,2023-01-26,20.92,21.59,20.66,21.42,1973,1075,21.276
US68752M1080,328085402,OFIX,USD,2023-01-27,21.3,21.56,21.05,21.22,933,585,21.236
US68752M1080,328085402,OFIX,USD,2023-01-30,21.07,21.18,20.64,21.07,1015,675,21.028
US68752M1080,328085402,OFIX,USD,2023-01-31,21.08,21.67,21.08,21.63,2010,897,21.546
US68752M1080,328085402,OFIX,USD,2023-02-01,21.7,21.79,21.31,21.54,1876,1072,21.548
US68752M1080,328085402,OFIX,USD,2023-02-02,21.44,22.39,21.44,22.37,4180,1513,22.058
US68752M1080,328085402,OFIX,USD,2023-02-03,22.17,22.62,21.99,22.53,2274,1069,22.493
US68752M1080,328085402,OFIX,USD,2023-02-06,22.5,22.55,21.55,21.86,2093,1407,21.857
US68752M1080,328085402,OFIX,USD,2023-02-07,21.73,22.27,21.52,22.24,1311,778,22.094
US68752M1080,328085402,OFIX,USD,2023-02-08,22.08,22.25,21.4,21.47,1070,705,21.784
US68752M1080,328085402,OFIX,USD,2023-02-09,21.81,21.81,20.83,21.54,1461,803,21.431
US68752M1080,328085402,OFIX,USD,2023-02-10,21.51,21.51,20.88,21.2,886,592,21.188
US68752M1080,328085402,OFIX,USD,2023-02-13,21.25,21.54,20.93,21.5,1290,798,21.465
US68752M1080,328085402,OFIX,USD,2023-02-14,21.41,21.56,20.78,21.2,1395,856,21.164
US68752M1080,328085402,OFIX,USD,2023-02-15,21.08,21.62,20.8,21.53,896,544,21.412
US68752M1080,328085402,OFIX,USD,2023-02-16,21.2,21.46,20.88,21.2,1234,701,21.223
US68752M1080,328085402,OFIX,USD,2023-02-17,21.31,21.74,21.15,21.73,1521,900,21.568
US68752M1080,328085402,OFIX,USD,2023-02-21,21.44,21.75,20.95,20.98,2385,1216,21.216
US68752M1080,328085402,OFIX,USD,2023-02-22,20.89,21.65,20.63,20.77,1956,868,20.918
US68752M1080,328085402,OFIX,USD,2023-02-23,20.87,21.19,20.52,20.93,978,556,20.887
US68752M1080,328085402,OFIX,USD,2023-02-24,20.58,20.81,19.98,20.35,1080,686,20.276
US68752M1080,328085402,OFIX,USD,2023-02-27,20.43,20.7,20.25,20.51,1187,535,20.47
US68752M1080,328085402,OFIX,USD,2023-02-28,20.49,20.9,20.16,20.6,3909,1312,20.611
US68752M1080,328085402,OFIX,USD,2023-03-01,20.53,20.89,20.15,20.18,2311,787,20.468
US68752M1080,328085402,OFIX,USD,2023-03-02,19.9,20.25,19.64,20.19,1135,754,20.099
US68752M1080,328085402,OFIX,USD,2023-03-03,20.21,20.52,20.02,20.32,1095,616,20.331
US68752M1080,328085402,OFIX,USD,2023-03-06,20.7,22.2,19.54,21.45,1704,1001,19.863
US68752M1080,328085402,OFIX,USD,2023-03-07,20.65,20.7,18.28,18.75,3678,2131,18.832
US68752M1080,328085402,OFIX,USD,2023-03-08,18.7,18.72,18.14,18.51,2655,1404,18.446
US68752M1080,328085402,OFIX,USD,2023-03-09,18.55,18.79,18.4,18.54,1961,1150,18.598
US68752M1080,328085402,OFIX,USD,2023-03-10,18.42,18.5,17.57,17.64,2947,1813,17.858
US68752M1080,328085402,OFIX,USD,2023-03-13,17.29,17.62,16.68,16.92,3380,2237,17.051
US68752M1080,328085402,OFIX,USD,2023-03-14,17.35,18.0,17.35,17.97,3373,2003,17.812
US68752M1080,328085402,OFIX,USD,2023-03-15,17.46,18.02,17.08,18.0,2398,1533,17.701
US68752M1080,328085402,OFIX,USD,2023-03-16,17.78,18.02,17.33,17.88,2690,1872,17.798
US68752M1080,328085402,OFIX,USD,2023-03-17,17.61,17.77,16.72,16.83,5768,1839,17.016
US68752M1080,328085402,OFIX,USD,2023-03-20,16.99,17.35,16.54,16.8,2507,1661,16.84
US68752M1080,328085402,OFIX,USD,2023-03-21,17.05,17.33,16.75,16.92,2954,1583,16.933
US68752M1080,328085402,OFIX,USD,2023-03-22,16.88,16.96,15.92,15.94,1737,1111,16.287
US68752M1080,328085402,OFIX,USD,2023-03-23,15.96,16.1,15.43,15.45,1588,1088,15.626
US68752M1080,328085402,OFIX,USD,2023-03-24,15.25,15.79,15.09,15.62,1928,963,15.531
US68752M1080,328085402,OFIX,USD,2023-03-27,15.84,16.01,15.62,15.63,2437,1420,15.772
US68752M1080,328085402,OFIX,USD,2023-03-28,15.58,15.99,15.57,15.66,1181,661,15.73
US68752M1080,328085402,OFIX,USD,2023-03-29,15.8,15.85,15.55,15.69,1195,468,15.687
US68752M1080,328085402,OFIX,USD,2023-03-30,15.73,16.17,15.72,16.12,1724,1055,16.014
US68752M1080,328085402,OFIX,USD,2023-03-31,16.2,16.85,16.2,16.75,2744,1536,16.676
US68752M1080,328085402,OFIX,USD,2023-04-03,17.05,17.5,16.27,16.58,2212,1360,16.557
US68752M1080,328085402,OFIX,USD,2023-04-04,16.63,16.84,16.34,16.78,2177,1280,16.655
US68752M1080,328085402,OFIX,USD,2023-04-05,16.74,17.23,16.73,17.18,1515,962,17.057
US68752M1080,328085402,OFIX,USD,2023-04-06,17.22,17.4,17.03,17.33,1445,954,17.226
US68752M1080,328085402,OFIX,USD,2023-04-10,17.22,17.35,16.98,17.29,1436,717,17.233
US68752M1080,328085402,OFIX,USD,2023-04-11,17.38,17.9,17.38,17.77,880,548,17.77
US68752M1080,328085402,OFIX,USD,2023-04-12,17.87,17.9,17.36,17.49,1667,892,17.576
US68752M1080,328085402,OFIX,USD,2023-04-13,17.61,18.03,17.44,18.0,1886,702,17.865
US68752M1080,328085402,OFIX,USD,2023-04-14,18.05,18.26,17.95,18.25,1546,831,18.132
US68752M1080,328085402,OFIX,USD,2023-04-17,18.04,18.45,18.0,18.44,1317,852,18.216
US68752M1080,328085402,OFIX,USD,2023-04-18,18.58,18.79,17.57,17.69,2333,1218,17.801
US68752M1080,328085402,OFIX,USD,2023-04-19,17.68,18.8,17.53,18.72,2481,1366,18.533
US68752M1080,328085402,OFIX,USD,2023-04-20,18.6,19.8,18.47,19.74,2479,1534,19.478
US68752M1080,328085402,OFIX,USD,2023-04-21,19.78,20.11,19.58,19.93,1470,803,19.836
US68752M1080,328085402,OFIX,USD,2023-04-24,19.93,20.03,18.97,19.09,1551,951,19.282
US68752M1080,328085402,OFIX,USD,2023-04-25,18.82,19.08,18.66,18.71,1213,636,18.798
US68752M1080,328085402,OFIX,USD,2023-04-26,18.56,18.63,18.19,18.42,1029,687,18.452
US68752M1080,328085402,OFIX,USD,2023-04-27,18.38,18.85,18.27,18.52,691,359,18.565
US68752M1080,328085402,OFIX,USD,2023-04-28,18.44,19.01,18.01,18.83,1041,524,18.807
US68752M1080,328085402,OFIX,USD,2023-05-01,18.8,19.57,18.77,19.1,983,577,19.151
US68752M1080,328085402,OFIX,USD,2023-05-02,18.93,19.35,18.53,18.57,1258,736,18.737
US68752M1080,328085402,OFIX,USD,2023-05-03,18.65,18.86,18.38,18.47,1395,820,18.572
US68752M1080,328085402,OFIX,USD,2023-05-04,18.3,18.5,17.93,18.08,999,605,18.143
US68752M1080,328085402,OFIX,USD,2023-05-05,18.48,18.88,18.26,18.48,1936,1018,18.503
US68752M1080,328085402,OFIX,USD,2023-05-08,18.55,18.89,18.27,18.61,1952,1116,18.617
US68752M1080,328085402,OFIX,USD,2023-05-09,18.34,18.72,18.23,18.5,1493,866,18.514
US68752M1080,328085402,OFIX,USD,2023-05-10,18.46,19.04,18.16,18.79,2379,1511,18.591
US68752M1080,328085402,OFIX,USD,2023-05-11,18.61,18.71,17.86,18.32,1825,1067,18.254
US68752M1080,328085402,OFIX,USD,2023-05-12,18.34,18.67,17.56,18.18,1721,1028,18.042
US68752M1080,328085402,OFIX,USD,2023-05-15,18.23,18.75,18.13,18.73,1649,828,18.517
US68752M1080,328085402,OFIX,USD,2023-05-16,18.72,18.72,18.13,18.19,1016,597,18.302
US68752M1080,328085402,OFIX,USD,2023-05-17,18.32,18.94,17.76,18.84,1521,892,18.526
US68752M1080,328085402,OFIX,USD,2023-05-18,18.8,19.62,18.65,19.15,1615,1091,19.342
US68752M1080,328085402,OFIX,USD,2023-05-19,19.83,19.94,19.46,19.87,1906,1126,19.761
US68752M1080,328085402,OFIX,USD,2023-05-22,19.92,20.65,19.9,20.31,2495,1400,20.253
US68752M1080,328085402,OFIX,USD,2023-05-23,20.23,20.55,19.32,19.48,1375,800,19.732
US68752M1080,328085402,OFIX,USD,2023-05-24,19.39,19.39,18.49,18.82,1423,848,18.83
US68752M1080,328085402,OFIX,USD,2023-05-25,18.71,18.97,18.0,18.94,2152,1515,18.662
US68752M1080,328085402,OFIX,USD,2023-05-26,18.94,19.12,18.4,18.86,976,628,18.899
US68752M1080,328085402,OFIX,USD,2023-05-30,18.85,18.92,18.17,18.67,1352,765,18.61
US68752M1080,328085402,OFIX,USD,2023-05-31,18.55,18.77,18.26,18.69,1643,857,18.597
US68752M1080,328085402,OFIX,USD,2023-06-01,18.73,18.95,18.33,18.78,1073,613,18.729
US68752M1080,328085402,OFIX,USD,2023-06-02,19.09,19.96,18.96,19.89,1309,769,19.679
US68752M1080,328085402,OFIX,USD,2023-06-05,19.87,19.87,18.93,19.68,1974,939,19.515
US68752M1080,328085402,OFIX,USD,2023-06-06,19.7,20.28,19.56,19.72,1187,736,19.786
US68752M1080,328085402,OFIX,USD,2023-06-07,19.92,20.38,19.66,19.94,1570,775,20.069
US68752M1080,328085402,OFIX,USD,2023-06-08,19.91,20.08,19.52,19.86,1025,605,19.869
US68752M1080,328085402,OFIX,USD,2023-06-09,19.86,19.86,18.82,19.06,1757,1202,19.105
US68752M1080,328085402,OFIX,USD,2023-06-12,19.05,19.2,18.77,18.87,873,478,18.914
US68752M1080,328085402,OFIX,USD,2023-06-13,18.87,19.24,18.7,18.72,1708,890,18.873
US68752M1080,328085402,OFIX,USD,2023-06-14,18.88,19.66,18.58,18.64,1657,867,18.98
US68752M1080,328085402,OFIX,USD,2023-06-15,18.63,18.84,18.38,18.8,1629,804,18.665
US68752M1080,328085402,OFIX,USD,2023-06-16,19.06,19.76,19.04,19.68,4084,888,19.588
US68752M1080,328085402,OFIX,USD,2023-06-20,19.7,19.86,19.21,19.71,1325,741,19.615
US68752M1080,328085402,OFIX,USD,2023-06-21,19.62,19.95,19.45,19.67,770,466,19.664
US68752M1080,328085402,OFIX,USD,2023-06-22,19.66,19.66,19.02,19.03,1498,950,19.196
US68752M1080,328085402,OFIX,USD,2023-06-23,18.8,19.16,18.19,18.39,3328,1169,18.475
US68752M1080,328085402,OFIX,USD,2023-06-26,18.36,18.55,17.99,18.03,1497,1049,18.158
US68752M1080,328085402,OFIX,USD,2023-06-27,18.12,18.75,17.82,18.56,2148,1377,18.31
US68752M1080,328085402,OFIX,USD,2023-06-28,18.65,18.73,18.07,18.1,913,425,18.198
US68752M1080,328085402,OFIX,USD,2023-06-29,18.12,18.58,18.05,18.26,709,408,18.286
US68752M1080,328085402,OFIX,USD,2023-06-30,18.34,18.67,18.05,18.06,812,320,18.162
US68752M1080,328085402,OFIX,USD,2023-07-03,18.0,18.27,17.87,18.07,500,259,18.08
US68752M1080,328085402,OFIX,USD,2023-07-05,18.05,18.05,17.31,17.51,2135,947,17.542
US68752M1080,328085402,OFIX,USD,2023-07-06,17.32,17.48,16.84,17.4,1377,847,17.268
US68752M1080,328085402,OFIX,USD,2023-07-07,17.5,17.95,17.47,17.84,625,350,17.817
US68752M1080,328085402,OFIX,USD,2023-07-10,17.79,18.47,17.79,18.43,1302,838,18.279
US68752M1080,328085402,OFIX,USD,2023-07-11,18.52,19.82,18.43,19.78,2708,1417,19.397
US68752M1080,328085402,OFIX,USD,2023-07-12,20.12,20.32,19.83,20.19,2611,1583,20.096
US68752M1080,328085402,OFIX,USD,2023-07-13,20.01,20.81,20.01,20.66,1409,820,20.601
US68752M1080,328085402,OFIX,USD,2023-07-14,20.65,20.81,20.42,20.62,1126,708,20.576
US68752M1080,328085402,OFIX,USD,2023-07-17,20.57,20.9,20.4,20.78,894,564,20.75
US68752M1080,328085402,OFIX,USD,2023-07-18,20.76,21.05,20.34,20.65,1597,1020,20.675
US68752M1080,328085402,OFIX,USD,2023-07-19,20.99,21.49,20.89,21.07,1492,898,21.153
US68752M1080,328085402,OFIX,USD,2023-07-20,21.22,21.22,20.57,20.68,784,446,20.808
US68752M1080,328085402,OFIX,USD,2023-07-21,20.72,20.83,20.49,20.71,1506,732,20.667
US68752M1080,328085402,OFIX,USD,2023-07-24,20.7,20.88,19.63,19.98,767,472,20.061
US68752M1080,328085402,OFIX,USD,2023-07-25,19.78,20.87,19.38,19.73,1127,681,19.782
US68752M1080,328085402,OFIX,USD,2023-07-26,19.6,20.0,19.51,19.61,857,515,19.667
US68752M1080,328085402,OFIX,USD,2023-07-27,19.77,19.83,19.4,19.56,628,357,19.551
US68752M1080,328085402,OFIX,USD,2023-07-28,19.7,19.87,19.12,19.34,541,296,19.373
US68752M1080,328085402,OFIX,USD,2023-07-31,19.37,19.91,19.33,19.69,1062,609,19.664
US68752M1080,328085402,OFIX,USD,2023-08-01,19.55,19.85,19.49,19.82,613,369,19.743
US68752M1080,328085402,OFIX,USD,2023-08-02,19.56,19.73,18.94,19.46,874,492,19.287
US68752M1080,328085402,OFIX,USD,2023-08-03,19.37,19.37,18.85,18.97,900,498,19.031
US68752M1080,328085402,OFIX,USD,2023-08-04,18.99,18.99,18.36,18.44,828,524,18.552
US68752M1080,328085402,OFIX,USD,2023-08-07,18.4,18.62,18.25,18.52,664,425,18.5
US68752M1080,328085402,OFIX,USD,2023-08-08,18.31,18.31,17.48,17.96,1253,804,17.854
US68752M1080,328085402,OFIX,USD,2023-08-09,20.0,21.02,19.53,20.35,3557,2071,20.401
US68752M1080,328085402,OFIX,USD,2023-08-10,20.19,20.55,19.79,20.0,996,599,20.077
US68752M1080,328085402,OFIX,USD,2023-08-11,19.93,20.14,19.8,19.92,583,304,19.937
US68752M1080,328085402,OFIX,USD,2023-08-14,19.6,19.76,18.65,18.8,1494,853,18.9
US68752M1080,328085402,OFIX,USD,2023-08-15,18.58,18.89,18.33,18.81,831,478,18.725
US68752M1080,328085402,OFIX,USD,2023-08-16,18.75,18.89,18.16,18.32,972,527,18.412
US68752M1080,328085402,OFIX,USD,2023-08-17,18.4,18.44,18.12,18.37,1165,744,18.329
US68752M1080,328085402,OFIX,USD,2023-08-18,18.21,18.52,18.18,18.23,610,286,18.292
US68752M1080,328085402,OFIX,USD,2023-08-21,18.23,18.74,18.2,18.52,1557,676,18.529
US68752M1080,328085402,OFIX,USD,2023-08-22,18.59,18.8,18.39,18.46,963,579,18.511
US68752M1080,328085402,OFIX,USD,2023-08-23,18.6,19.13,18.34,18.9,1062,638,18.898
US68752M1080,328085402,OFIX,USD,2023-08-24,18.79,19.49,18.63,19.41,1488,814,19.33
US68752M1080,328085402,OFIX,USD,2023-08-25,19.41,19.76,19.22,19.49,1432,753,19.53
US68752M1080,328085402,OFIX,USD,2023-08-28,19.52,20.67,19.52,20.51,5314,2273,20.123
US68752M1080,328085402,OFIX,USD,2023-08-29,20.58,21.06,20.41,20.79,1696,974,20.806
US68752M1080,328085402,OFIX,USD,2023-08-30,20.71,21.43,20.56,21.36,1233,714,21.213
US68752M1080,328085402,OFIX,USD,2023-08-31,21.41,21.6,21.0,21.16,1682,788,21.166
US68752M1080,328085402,OFIX,USD,2023-09-01,21.41,21.58,21.05,21.28,1098,640,21.326
US68752M1080,328085402,OFIX,USD,2023-09-05,21.15,21.15,20.11,20.16,1403,867,20.299
US68752M1080,328085402,OFIX,USD,2023-09-06,20.16,20.63,19.47,19.55,1271,699,19.667
US68752M1080,328085402,OFIX,USD,2023-09-07,19.51,19.51,18.5,18.76,2238,1123,18.774
US68752M1080,328085402,OFIX,USD,2023-09-08,18.69,18.69,18.07,18.37,1062,531,18.384
US68752M1080,328085402,OFIX,USD,2023-09-11,18.55,18.81,18.47,18.63,676,347,18.647
US68752M1080,328085402,OFIX,USD,2023-09-12,16.27,16.4,12.93,13.03,49455,18042,13.999
US68752M1080,328085402,OFIX,USD,2023-09-13,13.22,13.64,12.82,13.29,12912,7392,13.304
US68752M1080,328085402,OFIX,USD,2023-09-14,13.07,13.67,12.99,13.55,5215,2864,13.247
US68752M1080,328085402,OFIX,USD,2023-09-15,13.35,13.82,12.95,13.25,10082,4046,13.226
US68752M1080,328085402,OFIX,USD,2023-09-18,13.2,13.49,12.84,13.11,5683,3068,13.097
US68752M1080,328085402,OFIX,USD,2023-09-19,13.44,13.44,12.83,12.88,3768,2147,12.994
US68752M1080,328085402,OFIX,USD,2023-09-20,12.88,13.13,12.68,12.73,4142,2014,12.805
US68752M1080,328085402,OFIX,USD,2023-09-21,12.66,12.95,12.42,12.7,4231,2691,12.684
US68752M1080,328085402,OFIX,USD,2023-09-22,13.33,13.33,12.26,13.1,3800,2330,12.527
US68752M1080,328085402,OFIX,USD,2023-09-25,12.47,12.7,12.36,12.69,3225,1834,12.634
US68752M1080,328085402,OFIX,USD,2023-09-26,12.59,12.78,12.38,12.4,4336,2753,12.496
US68752M1080,328085402,OFIX,USD,2023-09-27,12.15,12.74,12.15,12.61,3312,1868,12.519
US68752M1080,328085402,OFIX,USD,2023-09-28,12.62,12.99,12.49,12.94,4016,2070,12.823
US68752M1080,328085402,OFIX,USD,2023-09-29,13.06,13.11,12.79,12.86,3123,1808,12.919
US68752M1080,328085402,OFIX,USD,2023-10-02,12.79,12.85,12.53,12.72,3054,1673,12.698
US68752M1080,328085402,OFIX,USD,2023-10-03,12.64,12.84,12.4,12.71,2125,1205,12.68
US68752M1080,328085402,OFIX,USD,2023-10-04,12.64,12.71,12.22,12.36,2794,1608,12.352
US68752M1080,328085402,OFIX,USD,2023-10-05,12.34,12.48,11.48,11.78,3977,2041,11.788
US68752M1080,328085402,OFIX,USD,2023-10-06,11.64,11.85,11.39,11.57,4790,2413,11.602
US68752M1080,328085402,OFIX,USD,2023-10-09,11.03,11.56,11.03,11.16,4616,2613,11.157
US68752M1080,328085402,OFIX,USD,2023-10-10,11.16,11.48,11.01,11.1,3758,2234,11.172
US68752M1080,328085402,OFIX,USD,2023-10-11,11.0,11.25,10.54,11.24,6094,2661,10.96
US68752M1080,328085402,OFIX,USD,2023-10-12,11.3,11.97,11.22,11.96,12736,4472,11.802
US68752M1080,328085402,OFIX,USD,2023-10-13,11.97,12.63,11.69,12.43,12058,4744,12.223
US68752M1080,328085402,OFIX,USD,2023-10-16,12.42,13.09,12.31,13.05,14737,4654,12.855
US68752M1080,328085402,OFIX,USD,2023-10-17,12.98,13.43,12.74,13.07,3165,1708,13.111
US68752M1080,328085402,OFIX,USD,2023-10-18,13.0,13.15,12.18,12.2,9555,3437,12.722
US68752M1080,328085402,OFIX,USD,2023-10-19,12.38,12.43,11.48,11.5,5839,3083,11.768
US68752M1080,328085402,OFIX,USD,2023-10-20,11.55,11.55,10.99,10.99,6576,3827,11.163
US68752M1080,328085402,OFIX,USD,2023-10-23,10.91,11.83,10.7,11.37,8255,3358,11.39
US68752M1080,328085402,OFIX,USD,2023-10-24,11.32,12.15,11.32,11.78,10367,2846,11.873
US68752M1080,328085402,OFIX,USD,2023-10-25,11.64,11.91,10.89,10.91,6999,2996,11.208
US68752M1080,328085402,OFIX,USD,2023-10-26,10.83,10.87,10.58,10.63,6353,2721,10.738
US68752M1080,328085402,OFIX,USD,2023-10-27,10.75,10.92,10.62,10.74,5008,1742,10.78
US68752M1080,328085402,OFIX,USD,2023-10-30,10.43,11.06,10.43,11.03,2578,1085,10.908
US68752M1080,328085402,OFIX,USD,2023-10-31,11.07,11.21,10.7,11.04,3412,1728,10.981
US68752M1080,328085402,OFIX,USD,2023-11-01,11.09,11.15,10.86,11.03,1219,647,11.029
US68752M1080,328085402,OFIX,USD,2023-11-02,11.29,11.85,11.29,11.69,1877,988,11.704
US68752M1080,328085402,OFIX,USD,2023-11-03,11.98,12.46,11.98,12.28,2150,1053,12.292
US68752M1080,328085402,OFIX,USD,2023-11-06,12.33,12.52,12.18,12.33,1919,955,12.348
US68752M1080,328085402,OFIX,USD,2023-11-07,12.35,12.69,12.1,12.39,2446,1227,12.244
US68752M1080,328085402,OFIX,USD,2023-11-08,12.05,12.24,10.89,10.9,3403,1689,11.815
US68752M1080,328085402,OFIX,USD,2023-11-09,10.73,11.45,10.55,11.0,8987,4263,10.866
US68752M1080,328085402,OFIX,USD,2023-11-10,10.84,10.87,9.7,10.0,7383,2908,9.961
US68752M1080,328085402,OFIX,USD,2023-11-13,10.03,10.15,9.57,9.69,6988,2934,9.744
US68752M1080,328085402,OFIX,USD,2023-11-14,10.13,10.52,9.88,10.46,4112,2458,10.384
US68752M1080,328085402,OFIX,USD,2023-11-15,10.52,10.78,10.4,10.72,3340,1948,10.62
US68752M1080,328085402,OFIX,USD,2023-11-16,10.61,10.72,10.18,10.39,1824,879,10.374
US68752M1080,328085402,OFIX,USD,2023-11-17,10.39,10.82,10.36,10.49,2541,1169,10.506
US68752M1080,328085402,OFIX,USD,2023-11-20,10.53,10.89,10.4,10.82,1874,975,10.794
US68752M1080,328085402,OFIX,USD,2023-11-21,10.79,11.24,10.52,11.19,3329,1769,11.076
US68752M1080,328085402,OFIX,USD,2023-11-22,11.31,11.64,11.16,11.33,2637,1610,11.349
US68752M1080,328085402,OFIX,USD,2023-11-24,11.34,11.53,11.27,11.45,1490,1039,11.446
US68752M1080,328085402,OFIX,USD,2023-11-27,11.46,11.71,11.29,11.65,3531,2068,11.576
US68752M1080,328085402,OFIX,USD,2023-11-28,11.66,11.96,11.16,11.18,5747,3510,11.371
US68752M1080,328085402,OFIX,USD,2023-11-29,11.32,11.58,11.25,11.26,4120,2490,11.33
US68752M1080,328085402,OFIX,USD,2023-11-30,11.38,11.41,11.03,11.05,4799,2212,11.12
US68752M1080,328085402,OFIX,USD,2023-12-01,11.01,11.2,10.52,10.52,5318,3101,10.967
US68752M1080,328085402,OFIX,USD,2023-12-04,10.52,11.33,10.28,10.79,12857,8000,10.689
US68752M1080,328085402,OFIX,USD,2023-12-05,10.61,11.19,10.37,10.45,4312,2870,10.526
US68752M1080,328085402,OFIX,USD,2023-12-06,10.55,11.04,10.46,10.83,4910,2330,10.843
US68752M1080,328085402,OFIX,USD,2023-12-07,10.84,11.37,10.75,11.37,5132,3353,11.086
US68752M1080,328085402,OFIX,USD,2023-12-08,11.37,11.89,11.21,11.76,5789,3386,11.689
US68752M1080,328085402,OFIX,USD,2023-12-11,11.8,12.02,11.61,11.68,6438,3929,11.769
US68752M1080,328085402,OFIX,USD,2023-12-12,11.66,11.7,11.4,11.68,5288,3321,11.566
US68752M1080,328085402,OFIX,USD,2023-12-13,11.62,12.06,11.17,12.04,4208,2282,11.724
US68752M1080,328085402,OFIX,USD,2023-12-14,12.29,12.8,12.08,12.37,8630,4681,12.444
US68752M1080,328085402,OFIX,USD,2023-12-15,12.51,12.56,11.86,12.12,61279,5665,12.116
US68752M1080,328085402,OFIX,USD,2023-12-18,12.33,13.25,12.04,13.06,10585,6095,12.916
US68752M1080,328085402,OFIX,USD,2023-12-19,13.09,13.48,13.09,13.4,7462,3910,13.36
US68752M1080,328085402,OFIX,USD,2023-12-20,13.43,14.06,13.04,13.4,11621,5395,13.684
US68752M1080,328085402,OFIX,USD,2023-12-21,13.64,13.99,13.59,13.89,8633,3790,13.843
US68752M1080,328085402,OFIX,USD,2023-12-22,13.93,14.39,13.79,14.21,8235,4830,14.068
US68752M1080,328085402,OFIX,USD,2023-12-26,14.21,14.22,13.64,13.78,7765,5859,13.831
US68752M1080,328085402,OFIX,USD,2023-12-27,13.82,14.12,13.62,13.83,8798,6089,13.793
US68752M1080,328085402,OFIX,USD,2023-12-28,13.51,14.1,13.51,13.87,8387,6389,13.894
US68752M1080,328085402,OFIX,USD,2023-12-29,13.8,13.98,13.46,13.48,4956,2719,13.577
