ISIN,conId,Symbol,Currency,date,open,high,low,close,volume,barCount,average
US7802871084,4817403,RGLD,USD,2019-01-02,86.0,86.0,84.21,84.64,11452,2512,84.949
US7802871084,4817403,RGLD,USD,2019-01-03,85.1,85.62,84.56,84.91,10131,2911,85.039
US7802871084,4817403,RGLD,USD,2019-01-04,84.86,85.1,83.07,84.72,10173,2402,84.406
US7802871084,4817403,RGLD,USD,2019-01-07,85.27,85.27,83.97,84.5,7612,2193,84.332
US7802871084,4817403,RGLD,USD,2019-01-08,83.95,85.14,83.28,84.88,8338,1935,84.642
US7802871084,4817403,RGLD,USD,2019-01-09,84.31,85.25,84.16,85.0,9793,2703,84.671
US7802871084,4817403,RGLD,USD,2019-01-10,84.41,84.76,82.75,83.5,8898,2464,83.489
US7802871084,4817403,RGLD,USD,2019-01-11,83.84,84.59,83.16,84.21,7039,1951,84.048
US7802871084,4817403,RGLD,USD,2019-01-14,84.25,84.86,83.04,83.75,8514,2421,83.749
US7802871084,4817403,RGLD,USD,2019-01-15,83.88,84.01,81.22,81.38,10464,3115,81.924
US7802871084,4817403,RGLD,USD,2019-01-16,81.37,82.7,81.31,82.35,9091,2974,82.187
US7802871084,4817403,RGLD,USD,2019-01-17,82.32,84.0,82.21,84.0,9446,2435,82.779
US7802871084,4817403,RGLD,USD,2019-01-18,82.58,82.82,81.6,82.37,9733,2777,82.287
US7802871084,4817403,RGLD,USD,2019-01-22,82.3,82.48,81.56,81.92,15093,3985,82.067
US7802871084,4817403,RGLD,USD,2019-01-23,81.75,82.25,80.72,81.74,12297,3245,81.43
US7802871084,4817403,RGLD,USD,2019-01-24,81.43,81.62,80.85,81.1,12660,2682,81.075
US7802871084,4817403,RGLD,USD,2019-01-25,81.57,83.74,81.57,83.2,8184,2170,83.081
US7802871084,4817403,RGLD,USD,2019-01-28,83.25,83.6,82.72,83.03,4495,1304,83.016
US7802871084,4817403,RGLD,USD,2019-01-29,83.94,85.17,82.83,84.89,7789,2099,84.51
US7802871084,4817403,RGLD,USD,2019-01-30,84.37,87.11,84.29,85.75,6743,1929,85.583
US7802871084,4817403,RGLD,USD,2019-01-31,86.11,87.7,85.77,87.37,8107,2011,87.102
US7802871084,4817403,RGLD,USD,2019-02-01,87.28,87.34,85.6,86.2,10081,2229,86.568
US7802871084,4817403,RGLD,USD,2019-02-04,86.17,87.55,85.99,87.52,4796,1332,87.171
US7802871084,4817403,RGLD,USD,2019-02-05,87.52,87.93,86.54,87.81,13942,1854,87.667
US7802871084,4817403,RGLD,USD,2019-02-06,87.23,88.69,86.39,87.81,12157,2753,87.795
US7802871084,4817403,RGLD,USD,2019-02-07,89.0,89.0,84.53,85.3,11903,3417,85.588
US7802871084,4817403,RGLD,USD,2019-02-08,85.3,87.35,85.1,86.87,7822,2304,86.7
US7802871084,4817403,RGLD,USD,2019-02-11,86.58,86.83,85.5,86.37,6024,1500,86.325
US7802871084,4817403,RGLD,USD,2019-02-12,86.85,87.97,86.11,87.51,8267,2203,87.282
US7802871084,4817403,RGLD,USD,2019-02-13,87.71,88.25,86.55,86.98,6170,1692,87.252
US7802871084,4817403,RGLD,USD,2019-02-14,86.92,87.74,86.51,87.74,8609,2225,87.25
US7802871084,4817403,RGLD,USD,2019-02-15,87.88,88.02,86.01,87.19,15733,3820,86.901
US7802871084,4817403,RGLD,USD,2019-02-19,88.07,89.77,87.88,89.3,8302,2231,89.143
US7802871084,4817403,RGLD,USD,2019-02-20,89.51,90.69,88.78,89.49,10440,2578,89.792
US7802871084,4817403,RGLD,USD,2019-02-21,89.35,89.94,88.73,89.89,13113,2957,89.47
US7802871084,4817403,RGLD,USD,2019-02-22,90.4,91.06,89.53,89.98,6879,2032,90.358
US7802871084,4817403,RGLD,USD,2019-02-25,89.9,90.87,88.64,89.31,10674,2894,89.548
US7802871084,4817403,RGLD,USD,2019-02-26,89.39,89.69,88.13,89.45,9466,1896,89.254
US7802871084,4817403,RGLD,USD,2019-02-27,89.45,89.87,88.51,89.21,7683,2199,89.124
US7802871084,4817403,RGLD,USD,2019-02-28,89.1,89.59,88.08,88.41,6781,1858,88.527
US7802871084,4817403,RGLD,USD,2019-03-01,87.93,88.78,87.23,87.37,5412,1419,87.635
US7802871084,4817403,RGLD,USD,2019-03-04,87.22,87.68,86.65,87.64,8475,1822,87.379
US7802871084,4817403,RGLD,USD,2019-03-05,87.48,88.18,87.37,87.86,12021,1563,87.932
US7802871084,4817403,RGLD,USD,2019-03-06,87.99,88.18,86.93,87.1,8017,2052,87.302
US7802871084,4817403,RGLD,USD,2019-03-07,86.71,87.71,86.17,87.27,6175,1683,87.18
US7802871084,4817403,RGLD,USD,2019-03-08,87.76,89.63,87.35,89.26,9025,2506,88.735
US7802871084,4817403,RGLD,USD,2019-03-11,89.11,89.81,88.18,89.47,8742,2407,89.177
US7802871084,4817403,RGLD,USD,2019-03-12,89.65,91.0,89.62,90.76,12002,2412,90.578
US7802871084,4817403,RGLD,USD,2019-03-13,91.26,91.91,90.28,90.28,9667,2127,91.497
US7802871084,4817403,RGLD,USD,2019-03-14,91.11,91.11,89.48,90.19,7823,2370,90.107
US7802871084,4817403,RGLD,USD,2019-03-15,90.52,91.55,89.93,90.65,14071,1978,90.592
US7802871084,4817403,RGLD,USD,2019-03-18,90.98,91.37,89.54,89.86,6877,1844,90.294
US7802871084,4817403,RGLD,USD,2019-03-19,90.62,91.15,89.88,90.33,6082,1575,90.492
US7802871084,4817403,RGLD,USD,2019-03-20,89.93,91.86,88.72,91.48,6606,1954,90.521
US7802871084,4817403,RGLD,USD,2019-03-21,91.54,92.4,91.0,92.24,6181,1766,91.87
US7802871084,4817403,RGLD,USD,2019-03-22,92.16,92.9,91.55,92.06,4345,1158,92.169
US7802871084,4817403,RGLD,USD,2019-03-25,92.26,93.81,92.12,93.25,7912,2180,93.282
US7802871084,4817403,RGLD,USD,2019-03-26,93.05,94.49,92.36,94.34,7497,2089,93.908
US7802871084,4817403,RGLD,USD,2019-03-27,93.98,94.17,92.53,92.75,5820,1685,93.096
US7802871084,4817403,RGLD,USD,2019-03-28,92.2,92.32,90.35,91.76,12315,3134,91.475
US7802871084,4817403,RGLD,USD,2019-03-29,92.03,92.5,90.85,90.93,9380,2200,91.264
US7802871084,4817403,RGLD,USD,2019-04-01,91.71,92.18,90.47,90.96,6063,1735,90.98
US7802871084,4817403,RGLD,USD,2019-04-02,91.2,91.61,90.64,91.46,6569,1431,91.297
US7802871084,4817403,RGLD,USD,2019-04-03,91.93,92.24,91.32,91.78,5901,1504,91.83
US7802871084,4817403,RGLD,USD,2019-04-04,91.25,92.81,90.55,92.69,6526,1357,92.139
US7802871084,4817403,RGLD,USD,2019-04-05,92.61,93.08,91.91,92.97,4266,1128,92.656
US7802871084,4817403,RGLD,USD,2019-04-08,92.75,93.97,92.75,93.88,5461,1373,93.675
US7802871084,4817403,RGLD,USD,2019-04-09,94.19,94.27,92.99,93.52,5138,1409,93.542
US7802871084,4817403,RGLD,USD,2019-04-10,93.46,94.26,93.1,93.25,4526,1258,93.487
US7802871084,4817403,RGLD,USD,2019-04-11,92.46,93.3,91.75,92.52,5526,1536,92.466
US7802871084,4817403,RGLD,USD,2019-04-12,92.28,92.95,91.57,92.56,5354,1500,92.442
US7802871084,4817403,RGLD,USD,2019-04-15,91.88,92.81,91.0,92.79,6023,1623,92.267
US7802871084,4817403,RGLD,USD,2019-04-16,92.3,92.31,91.13,91.48,6606,1989,91.523
US7802871084,4817403,RGLD,USD,2019-04-17,91.39,91.87,89.64,90.28,8685,2218,90.298
US7802871084,4817403,RGLD,USD,2019-04-18,90.19,90.86,89.15,89.71,7247,1898,89.668
US7802871084,4817403,RGLD,USD,2019-04-22,89.74,89.79,86.89,87.2,9572,2441,87.63
US7802871084,4817403,RGLD,USD,2019-04-23,86.97,87.77,86.01,86.01,5761,1551,87.095
US7802871084,4817403,RGLD,USD,2019-04-24,86.75,87.85,86.14,86.94,6340,1752,87.057
US7802871084,4817403,RGLD,USD,2019-04-25,87.24,87.67,86.44,86.74,4384,1311,86.843
US7802871084,4817403,RGLD,USD,2019-04-26,87.27,89.37,87.0,88.62,5093,1581,88.69
US7802871084,4817403,RGLD,USD,2019-04-29,88.52,88.52,86.24,86.83,5923,1470,86.797
US7802871084,4817403,RGLD,USD,2019-04-30,86.4,87.72,86.4,87.06,4612,1215,87.192
US7802871084,4817403,RGLD,USD,2019-05-01,87.18,87.2,83.39,84.45,7767,2256,85.137
US7802871084,4817403,RGLD,USD,2019-05-02,83.73,85.44,81.12,81.6,13492,3637,82.2
US7802871084,4817403,RGLD,USD,2019-05-03,82.0,83.08,81.06,81.32,12728,3623,81.699
US7802871084,4817403,RGLD,USD,2019-05-06,81.0,82.06,80.65,81.61,8501,2391,81.563
US7802871084,4817403,RGLD,USD,2019-05-07,81.62,83.7,81.25,83.27,7540,2255,82.845
US7802871084,4817403,RGLD,USD,2019-05-08,83.39,83.81,81.86,82.44,5927,1638,82.554
US7802871084,4817403,RGLD,USD,2019-05-09,82.55,83.61,82.2,83.09,6955,1860,83.112
US7802871084,4817403,RGLD,USD,2019-05-10,84.1,84.1,82.74,82.92,6591,2042,83.164
US7802871084,4817403,RGLD,USD,2019-05-13,83.3,84.72,82.8,84.16,7650,2040,83.869
US7802871084,4817403,RGLD,USD,2019-05-14,84.12,84.19,82.91,83.68,5287,1608,83.588
US7802871084,4817403,RGLD,USD,2019-05-15,83.86,85.02,83.86,84.44,6221,1714,84.491
US7802871084,4817403,RGLD,USD,2019-05-16,84.49,84.49,82.72,83.51,4856,1054,83.422
US7802871084,4817403,RGLD,USD,2019-05-17,83.31,84.91,83.1,84.62,5560,1573,84.185
US7802871084,4817403,RGLD,USD,2019-05-20,84.83,84.96,83.1,83.99,3875,1153,84.221
US7802871084,4817403,RGLD,USD,2019-05-21,83.98,84.75,83.32,84.45,4566,1399,84.354
US7802871084,4817403,RGLD,USD,2019-05-22,84.64,85.31,83.67,83.91,3589,1000,84.415
US7802871084,4817403,RGLD,USD,2019-05-23,84.11,87.02,84.11,85.04,8875,2363,85.714
US7802871084,4817403,RGLD,USD,2019-05-24,85.1,86.66,85.1,86.23,4359,1264,86.117
US7802871084,4817403,RGLD,USD,2019-05-28,85.97,86.26,84.64,85.02,5107,1535,85.163
US7802871084,4817403,RGLD,USD,2019-05-29,85.0,85.56,84.06,85.56,3869,1229,84.526
US7802871084,4817403,RGLD,USD,2019-05-30,84.51,86.45,84.51,86.45,4639,1343,85.305
US7802871084,4817403,RGLD,USD,2019-05-31,86.13,88.48,85.56,88.25,7865,2014,87.853
US7802871084,4817403,RGLD,USD,2019-06-03,90.0,90.29,88.5,90.0,6801,1735,89.771
US7802871084,4817403,RGLD,USD,2019-06-04,89.43,90.46,88.25,90.42,7513,2003,89.729
US7802871084,4817403,RGLD,USD,2019-06-05,90.99,93.49,90.99,92.26,8823,2307,92.254
US7802871084,4817403,RGLD,USD,2019-06-06,92.35,93.82,91.44,93.57,8755,2218,93.088
US7802871084,4817403,RGLD,USD,2019-06-07,93.5,94.77,93.25,94.3,8817,2456,94.176
US7802871084,4817403,RGLD,USD,2019-06-10,91.97,93.35,91.1,92.33,7730,1994,92.045
US7802871084,4817403,RGLD,USD,2019-06-11,92.15,93.23,91.96,92.4,4160,1188,92.536
US7802871084,4817403,RGLD,USD,2019-06-12,92.98,94.09,92.84,93.65,6749,1826,93.639
US7802871084,4817403,RGLD,USD,2019-06-13,93.5,94.72,93.5,94.57,4646,1256,94.426
US7802871084,4817403,RGLD,USD,2019-06-14,95.7,96.19,94.21,95.1,5694,1575,95.294
US7802871084,4817403,RGLD,USD,2019-06-17,94.97,95.85,94.33,95.3,6206,1455,95.272
US7802871084,4817403,RGLD,USD,2019-06-18,95.33,96.84,95.29,96.57,4662,1463,96.354
US7802871084,4817403,RGLD,USD,2019-06-19,95.26,98.12,95.01,98.06,7168,2052,97.245
US7802871084,4817403,RGLD,USD,2019-06-20,99.5,102.0,99.47,99.77,9716,2906,100.312
US7802871084,4817403,RGLD,USD,2019-06-21,99.9,100.61,98.5,99.11,15021,2375,99.273
US7802871084,4817403,RGLD,USD,2019-06-24,100.47,101.12,99.18,101.03,7103,1986,100.506
US7802871084,4817403,RGLD,USD,2019-06-25,101.36,102.62,99.64,101.26,11090,2777,101.228
US7802871084,4817403,RGLD,USD,2019-06-26,100.4,102.62,99.62,102.2,8195,2143,101.928
US7802871084,4817403,RGLD,USD,2019-06-27,101.84,102.32,101.33,101.96,5001,1470,101.927
US7802871084,4817403,RGLD,USD,2019-06-28,103.32,104.79,100.04,102.49,10686,1999,101.983
US7802871084,4817403,RGLD,USD,2019-07-01,100.98,102.09,100.1,101.28,6995,2098,101.286
US7802871084,4817403,RGLD,USD,2019-07-02,101.88,104.4,101.29,104.4,8319,1886,103.118
US7802871084,4817403,RGLD,USD,2019-07-03,103.64,104.67,103.3,104.67,5843,1564,104.086
US7802871084,4817403,RGLD,USD,2019-07-05,103.25,104.85,101.09,104.68,6208,1781,103.542
US7802871084,4817403,RGLD,USD,2019-07-08,105.0,105.98,104.18,104.93,6324,1447,104.893
US7802871084,4817403,RGLD,USD,2019-07-09,104.0,107.05,104.0,106.83,10850,2545,106.236
US7802871084,4817403,RGLD,USD,2019-07-10,107.73,108.48,107.07,108.12,7402,2116,107.93
US7802871084,4817403,RGLD,USD,2019-07-11,108.0,109.24,107.45,108.37,8446,2326,108.411
US7802871084,4817403,RGLD,USD,2019-07-12,108.5,110.28,108.5,109.97,7751,2086,109.706
US7802871084,4817403,RGLD,USD,2019-07-15,111.0,111.24,109.97,111.24,5599,1524,110.754
US7802871084,4817403,RGLD,USD,2019-07-16,109.94,110.62,108.49,109.56,8585,2419,109.761
US7802871084,4817403,RGLD,USD,2019-07-17,109.75,113.58,109.75,113.2,8294,2338,112.521
US7802871084,4817403,RGLD,USD,2019-07-18,113.25,117.8,112.89,117.78,15407,4652,116.053
US7802871084,4817403,RGLD,USD,2019-07-19,116.89,118.5,116.13,117.98,11880,3038,117.373
US7802871084,4817403,RGLD,USD,2019-07-22,117.55,118.91,116.88,118.65,6779,1846,118.317
US7802871084,4817403,RGLD,USD,2019-07-23,118.56,120.35,117.28,118.16,8716,2381,118.694
US7802871084,4817403,RGLD,USD,2019-07-24,118.48,118.59,116.84,118.56,8655,2165,117.901
US7802871084,4817403,RGLD,USD,2019-07-25,118.37,118.87,116.82,117.21,7913,2461,117.32
US7802871084,4817403,RGLD,USD,2019-07-26,117.75,118.42,117.0,117.86,5773,1709,117.869
US7802871084,4817403,RGLD,USD,2019-07-29,118.04,119.25,117.27,119.19,6659,1845,118.444
US7802871084,4817403,RGLD,USD,2019-07-30,119.26,121.06,119.22,119.46,5937,1698,119.809
US7802871084,4817403,RGLD,USD,2019-07-31,118.89,119.2,114.13,114.5,14144,3813,116.282
US7802871084,4817403,RGLD,USD,2019-08-01,111.0,119.2,111.0,117.5,12013,3111,116.924
US7802871084,4817403,RGLD,USD,2019-08-02,118.65,118.87,116.07,116.49,9447,2208,116.915
US7802871084,4817403,RGLD,USD,2019-08-05,119.4,121.4,118.69,119.25,11970,3197,119.907
US7802871084,4817403,RGLD,USD,2019-08-06,119.15,120.6,118.16,119.6,8638,2656,119.75
US7802871084,4817403,RGLD,USD,2019-08-07,122.35,125.21,120.5,120.5,18971,5008,123.113
US7802871084,4817403,RGLD,USD,2019-08-08,122.0,127.8,121.02,127.8,13415,4362,125.099
US7802871084,4817403,RGLD,USD,2019-08-09,124.5,129.86,124.5,129.03,13244,3554,128.772
US7802871084,4817403,RGLD,USD,2019-08-12,129.55,131.29,128.08,128.31,11303,3060,129.556
US7802871084,4817403,RGLD,USD,2019-08-13,130.62,130.98,122.52,124.6,19931,5236,124.725
US7802871084,4817403,RGLD,USD,2019-08-14,125.79,126.68,123.25,123.46,13243,3497,124.217
US7802871084,4817403,RGLD,USD,2019-08-15,123.46,125.78,122.2,125.03,9751,2687,124.653
US7802871084,4817403,RGLD,USD,2019-08-16,123.59,125.19,122.88,124.64,12438,3241,124.493
US7802871084,4817403,RGLD,USD,2019-08-19,122.65,126.9,121.51,125.52,13167,3177,125.242
US7802871084,4817403,RGLD,USD,2019-08-20,126.43,128.13,125.97,127.52,4663,1301,127.2
US7802871084,4817403,RGLD,USD,2019-08-21,126.76,129.26,126.0,127.88,9705,2417,128.049
US7802871084,4817403,RGLD,USD,2019-08-22,127.77,128.76,126.3,127.82,6002,1508,126.888
US7802871084,4817403,RGLD,USD,2019-08-23,127.82,130.38,126.92,129.35,12016,2589,129.24
US7802871084,4817403,RGLD,USD,2019-08-26,130.0,131.96,128.67,131.67,10890,2839,131.112
US7802871084,4817403,RGLD,USD,2019-08-27,132.27,135.67,131.25,135.67,8988,2462,134.185
US7802871084,4817403,RGLD,USD,2019-08-28,134.93,136.88,134.09,136.01,8349,2378,135.84
US7802871084,4817403,RGLD,USD,2019-08-29,136.3,136.66,131.54,132.64,10269,2615,133.173
US7802871084,4817403,RGLD,USD,2019-08-30,132.0,134.59,131.57,133.38,4979,1294,133.454
US7802871084,4817403,RGLD,USD,2019-09-03,134.5,138.21,134.36,136.0,10803,3029,136.685
US7802871084,4817403,RGLD,USD,2019-09-04,136.18,138.78,135.51,138.65,8470,2332,137.962
US7802871084,4817403,RGLD,USD,2019-09-05,137.7,137.99,133.23,135.0,14514,3779,134.786
US7802871084,4817403,RGLD,USD,2019-09-06,133.5,135.5,129.88,129.98,15981,4524,131.87
US7802871084,4817403,RGLD,USD,2019-09-09,130.98,130.98,121.75,124.5,13649,3723,125.851
US7802871084,4817403,RGLD,USD,2019-09-10,124.0,126.44,122.1,124.0,10590,2704,124.727
US7802871084,4817403,RGLD,USD,2019-09-11,124.9,126.35,122.43,124.0,11288,3020,124.239
US7802871084,4817403,RGLD,USD,2019-09-12,126.5,129.59,122.6,122.6,11183,3078,125.385
US7802871084,4817403,RGLD,USD,2019-09-13,123.02,124.94,120.7,121.12,10458,2798,122.209
US7802871084,4817403,RGLD,USD,2019-09-16,123.0,124.46,121.29,122.39,11240,3129,122.277
US7802871084,4817403,RGLD,USD,2019-09-17,122.4,126.32,121.65,125.8,11607,2349,125.229
US7802871084,4817403,RGLD,USD,2019-09-18,125.62,126.35,121.9,124.09,10613,2289,124.151
US7802871084,4817403,RGLD,USD,2019-09-19,124.33,125.99,124.05,124.81,6457,1692,124.795
US7802871084,4817403,RGLD,USD,2019-09-20,124.79,127.6,124.55,127.25,19984,2915,126.829
US7802871084,4817403,RGLD,USD,2019-09-23,129.0,130.57,128.02,129.95,10084,2584,129.729
US7802871084,4817403,RGLD,USD,2019-09-24,129.95,131.54,128.33,130.69,9642,2380,130.539
US7802871084,4817403,RGLD,USD,2019-09-25,130.05,130.84,126.89,128.18,8312,2019,128.563
US7802871084,4817403,RGLD,USD,2019-09-26,128.95,129.96,127.3,127.36,7621,1708,128.101
US7802871084,4817403,RGLD,USD,2019-09-27,126.0,126.77,124.1,125.0,8840,2195,125.356
US7802871084,4817403,RGLD,USD,2019-09-30,122.55,125.13,122.36,123.21,7900,2084,123.372
US7802871084,4817403,RGLD,USD,2019-10-01,122.0,125.35,121.13,123.96,8814,2346,123.853
US7802871084,4817403,RGLD,USD,2019-10-02,125.49,127.0,123.67,126.65,8279,2142,125.749
US7802871084,4817403,RGLD,USD,2019-10-03,126.32,128.97,125.14,125.26,7651,1967,126.554
US7802871084,4817403,RGLD,USD,2019-10-04,125.06,129.31,124.66,128.86,7412,1959,128.088
US7802871084,4817403,RGLD,USD,2019-10-07,128.14,129.27,126.7,127.41,6039,1131,127.647
US7802871084,4817403,RGLD,USD,2019-10-08,132.4,132.4,127.59,130.03,6816,1832,129.377
US7802871084,4817403,RGLD,USD,2019-10-09,129.59,130.53,128.56,129.88,6574,1689,129.829
US7802871084,4817403,RGLD,USD,2019-10-10,129.88,131.52,128.51,131.0,6389,1889,130.566
US7802871084,4817403,RGLD,USD,2019-10-11,130.38,130.38,123.16,124.34,13488,3323,124.703
US7802871084,4817403,RGLD,USD,2019-10-14,124.0,127.41,124.0,125.0,6041,1568,125.706
US7802871084,4817403,RGLD,USD,2019-10-15,124.0,125.0,115.74,116.5,23905,6215,117.911
US7802871084,4817403,RGLD,USD,2019-10-16,116.62,118.33,114.5,118.15,15840,3315,117.433
US7802871084,4817403,RGLD,USD,2019-10-17,118.15,121.8,117.42,120.44,10406,2862,120.426
US7802871084,4817403,RGLD,USD,2019-10-18,120.0,122.25,120.0,121.86,8718,1593,121.508
US7802871084,4817403,RGLD,USD,2019-10-21,121.96,122.24,118.31,118.35,7741,2087,119.416
US7802871084,4817403,RGLD,USD,2019-10-22,119.22,120.48,117.17,118.5,5891,1632,118.598
US7802871084,4817403,RGLD,USD,2019-10-23,118.76,120.62,118.16,118.3,6320,1820,118.945
US7802871084,4817403,RGLD,USD,2019-10-24,118.85,122.5,118.42,121.5,10916,3029,120.722
US7802871084,4817403,RGLD,USD,2019-10-25,122.02,124.35,118.8,120.48,9466,2622,120.651
US7802871084,4817403,RGLD,USD,2019-10-28,119.51,120.93,118.6,119.58,7906,1865,119.921
US7802871084,4817403,RGLD,USD,2019-10-29,119.49,121.64,118.27,120.89,6807,1823,120.598
US7802871084,4817403,RGLD,USD,2019-10-30,120.7,120.7,112.83,114.18,24746,6487,114.564
US7802871084,4817403,RGLD,USD,2019-10-31,114.4,115.78,113.38,115.5,17647,5031,114.431
US7802871084,4817403,RGLD,USD,2019-11-01,116.02,116.24,112.0,113.99,9785,2857,113.424
US7802871084,4817403,RGLD,USD,2019-11-04,114.0,114.0,110.2,112.0,11818,3467,111.473
US7802871084,4817403,RGLD,USD,2019-11-05,110.0,110.98,108.23,110.0,13445,3809,110.117
US7802871084,4817403,RGLD,USD,2019-11-06,110.81,111.61,109.15,109.48,14233,4015,110.228
US7802871084,4817403,RGLD,USD,2019-11-07,109.68,114.67,107.0,113.9,24298,6265,112.121
US7802871084,4817403,RGLD,USD,2019-11-08,113.89,114.86,111.96,113.56,16184,3608,113.309
US7802871084,4817403,RGLD,USD,2019-11-11,113.37,114.16,112.13,112.27,8991,2367,112.828
US7802871084,4817403,RGLD,USD,2019-11-12,112.2,113.25,110.92,112.71,8280,2348,112.351
US7802871084,4817403,RGLD,USD,2019-11-13,112.88,115.13,112.84,113.66,7825,2233,113.938
US7802871084,4817403,RGLD,USD,2019-11-14,113.83,115.16,113.07,114.07,12615,1989,113.915
US7802871084,4817403,RGLD,USD,2019-11-15,113.94,115.71,113.65,115.18,9311,2454,115.056
US7802871084,4817403,RGLD,USD,2019-11-18,115.18,116.75,114.73,116.53,7496,1922,116.336
US7802871084,4817403,RGLD,USD,2019-11-19,116.2,118.96,116.2,117.79,10231,2015,117.868
US7802871084,4817403,RGLD,USD,2019-11-20,118.75,120.67,118.41,119.54,8692,2295,119.58
US7802871084,4817403,RGLD,USD,2019-11-21,119.29,120.3,117.01,117.44,6208,1514,117.949
US7802871084,4817403,RGLD,USD,2019-11-22,117.63,118.76,116.4,117.05,4087,1167,117.152
US7802871084,4817403,RGLD,USD,2019-11-25,116.48,117.73,115.3,115.34,5815,1485,116.033
US7802871084,4817403,RGLD,USD,2019-11-26,115.3,117.55,115.28,117.45,6132,1313,117.045
US7802871084,4817403,RGLD,USD,2019-11-27,115.95,117.58,115.95,117.15,4877,1113,116.951
US7802871084,4817403,RGLD,USD,2019-11-29,117.15,118.31,116.5,117.27,3129,733,117.515
US7802871084,4817403,RGLD,USD,2019-12-02,117.0,117.6,115.95,117.28,7471,1784,116.981
US7802871084,4817403,RGLD,USD,2019-12-03,118.87,120.59,117.36,118.25,7562,1982,118.546
US7802871084,4817403,RGLD,USD,2019-12-04,117.68,119.07,116.87,117.02,5366,1343,117.457
US7802871084,4817403,RGLD,USD,2019-12-05,117.09,119.43,116.72,117.96,7077,1834,118.292
US7802871084,4817403,RGLD,USD,2019-12-06,117.96,117.96,113.57,113.65,9978,2613,114.86
US7802871084,4817403,RGLD,USD,2019-12-09,116.65,116.65,113.13,113.8,5291,1246,113.915
US7802871084,4817403,RGLD,USD,2019-12-10,115.2,115.2,113.42,113.57,5122,1379,113.751
US7802871084,4817403,RGLD,USD,2019-12-11,113.63,116.39,113.4,115.37,8068,2008,115.392
US7802871084,4817403,RGLD,USD,2019-12-12,116.56,117.27,113.92,114.25,6217,1723,114.715
US7802871084,4817403,RGLD,USD,2019-12-13,114.25,116.12,113.91,115.69,4334,1215,115.575
US7802871084,4817403,RGLD,USD,2019-12-16,116.22,116.22,114.21,114.66,9515,1253,114.7
US7802871084,4817403,RGLD,USD,2019-12-17,115.76,115.76,114.26,114.35,5667,1602,114.732
US7802871084,4817403,RGLD,USD,2019-12-18,114.12,116.78,114.01,115.77,9374,1529,115.767
US7802871084,4817403,RGLD,USD,2019-12-19,115.7,116.13,114.52,115.27,3727,942,115.469
US7802871084,4817403,RGLD,USD,2019-12-20,115.47,115.69,113.84,114.65,18742,1737,114.708
US7802871084,4817403,RGLD,USD,2019-12-23,115.0,119.0,115.0,119.0,8526,1424,117.589
US7802871084,4817403,RGLD,USD,2019-12-24,119.0,120.76,117.92,120.55,4279,1024,119.944
US7802871084,4817403,RGLD,USD,2019-12-26,121.5,122.67,120.56,121.54,5249,1341,121.557
US7802871084,4817403,RGLD,USD,2019-12-27,121.5,122.32,120.2,121.95,4603,1236,121.591
US7802871084,4817403,RGLD,USD,2019-12-30,121.41,123.67,121.07,123.1,5892,1577,122.722
US7802871084,4817403,RGLD,USD,2019-12-31,123.57,124.87,122.09,122.5,7994,1760,122.637
US7802871084,4817403,RGLD,USD,2020-01-02,122.64,123.34,119.85,121.12,7165,1998,121.147
US7802871084,4817403,RGLD,USD,2020-01-03,121.66,123.0,119.72,120.13,6702,1675,120.801
US7802871084,4817403,RGLD,USD,2020-01-06,122.49,122.5,117.39,118.81,18873,2200,118.882
US7802871084,4817403,RGLD,USD,2020-01-07,118.78,122.75,118.45,122.75,13640,2480,120.091
US7802871084,4817403,RGLD,USD,2020-01-08,120.18,120.88,110.4,112.99,20887,5737,113.106
US7802871084,4817403,RGLD,USD,2020-01-09,111.37,113.46,110.68,112.19,16050,2580,112.375
US7802871084,4817403,RGLD,USD,2020-01-10,112.7,114.56,112.7,113.79,7374,1834,113.925
US7802871084,4817403,RGLD,USD,2020-01-13,113.52,113.8,111.0,111.18,11726,2412,111.604
US7802871084,4817403,RGLD,USD,2020-01-14,110.96,112.53,109.21,112.37,19198,3521,111.574
US7802871084,4817403,RGLD,USD,2020-01-15,112.6,115.5,112.25,114.6,9018,2446,114.184
US7802871084,4817403,RGLD,USD,2020-01-16,114.51,115.67,113.37,114.97,10546,2490,114.866
US7802871084,4817403,RGLD,USD,2020-01-17,115.66,115.84,112.6,112.6,6831,1846,113.621
US7802871084,4817403,RGLD,USD,2020-01-21,113.0,114.31,109.64,114.09,13659,3439,112.393
US7802871084,4817403,RGLD,USD,2020-01-22,113.85,114.02,112.17,112.93,8667,1945,112.976
US7802871084,4817403,RGLD,USD,2020-01-23,112.12,113.91,111.9,112.64,12884,1978,112.702
US7802871084,4817403,RGLD,USD,2020-01-24,112.64,115.65,112.17,114.86,6336,1636,114.721
US7802871084,4817403,RGLD,USD,2020-01-27,115.5,117.49,113.74,114.18,8148,2161,114.839
US7802871084,4817403,RGLD,USD,2020-01-28,113.34,113.88,110.36,111.72,7577,2243,111.695
US7802871084,4817403,RGLD,USD,2020-01-29,111.72,113.93,111.18,113.4,6548,1585,113.282
US7802871084,4817403,RGLD,USD,2020-01-30,114.15,115.19,113.02,113.91,5655,1448,114.251
US7802871084,4817403,RGLD,USD,2020-01-31,114.01,115.92,114.0,115.32,8573,2109,115.259
US7802871084,4817403,RGLD,USD,2020-02-03,114.5,114.84,111.83,112.39,10790,2924,112.467
US7802871084,4817403,RGLD,USD,2020-02-04,111.78,112.66,110.57,111.33,10958,2131,111.379
US7802871084,4817403,RGLD,USD,2020-02-05,110.81,113.69,110.71,112.09,8817,2722,112.321
US7802871084,4817403,RGLD,USD,2020-02-06,110.5,113.0,105.0,108.89,19828,3605,108.816
US7802871084,4817403,RGLD,USD,2020-02-07,109.94,110.03,105.52,105.66,7218,1928,106.407
US7802871084,4817403,RGLD,USD,2020-02-10,105.51,107.19,105.11,106.85,10034,1355,106.666
US7802871084,4817403,RGLD,USD,2020-02-11,106.49,107.74,105.72,106.64,8729,1641,106.581
US7802871084,4817403,RGLD,USD,2020-02-12,106.0,107.61,104.76,105.34,8206,2205,105.564
US7802871084,4817403,RGLD,USD,2020-02-13,106.5,107.0,104.12,104.22,12127,3390,104.908
US7802871084,4817403,RGLD,USD,2020-02-14,104.21,104.21,101.39,102.92,12026,3314,102.69
US7802871084,4817403,RGLD,USD,2020-02-18,103.2,105.61,102.93,104.61,8119,1967,104.524
US7802871084,4817403,RGLD,USD,2020-02-19,105.2,107.39,104.61,105.76,15288,2985,106.063
US7802871084,4817403,RGLD,USD,2020-02-20,105.74,107.95,105.58,107.27,9223,2780,106.913
US7802871084,4817403,RGLD,USD,2020-02-21,109.0,110.3,107.27,108.11,12402,2676,108.754
US7802871084,4817403,RGLD,USD,2020-02-24,112.0,114.69,109.2,110.18,13306,3144,111.406
US7802871084,4817403,RGLD,USD,2020-02-25,107.96,110.56,107.33,107.34,12884,2925,108.463
US7802871084,4817403,RGLD,USD,2020-02-26,107.68,108.43,106.15,106.6,16123,2486,107.332
US7802871084,4817403,RGLD,USD,2020-02-27,107.2,108.34,101.68,101.73,23955,6151,103.661
US7802871084,4817403,RGLD,USD,2020-02-28,100.0,100.0,91.76,96.03,29602,7696,96.224
US7802871084,4817403,RGLD,USD,2020-03-02,97.99,100.89,96.57,100.89,16335,3227,99.512
US7802871084,4817403,RGLD,USD,2020-03-03,100.0,106.22,100.0,104.56,13548,3318,103.36
US7802871084,4817403,RGLD,USD,2020-03-04,103.0,105.95,101.74,105.95,9037,2418,103.645
US7802871084,4817403,RGLD,USD,2020-03-05,104.75,107.02,104.5,106.59,11795,3404,106.017
US7802871084,4817403,RGLD,USD,2020-03-06,107.65,112.92,100.89,104.65,15100,3691,103.92
US7802871084,4817403,RGLD,USD,2020-03-09,101.07,103.8,98.47,99.5,11905,3670,100.567
US7802871084,4817403,RGLD,USD,2020-03-10,99.42,101.85,95.56,97.36,19512,6440,97.618
US7802871084,4817403,RGLD,USD,2020-03-11,95.5,96.73,86.96,88.02,29517,8693,90.321
US7802871084,4817403,RGLD,USD,2020-03-12,86.75,86.75,71.01,80.89,31723,9224,80.171
US7802871084,4817403,RGLD,USD,2020-03-13,82.84,83.57,71.09,72.26,23650,6209,76.307
US7802871084,4817403,RGLD,USD,2020-03-16,65.04,84.62,59.78,82.12,27846,8099,75.493
US7802871084,4817403,RGLD,USD,2020-03-17,79.0,90.3,79.0,88.63,24218,7049,85.659
US7802871084,4817403,RGLD,USD,2020-03-18,88.49,88.83,68.18,70.0,21484,5662,75.031
US7802871084,4817403,RGLD,USD,2020-03-19,71.37,84.45,65.46,73.51,26587,7152,72.902
US7802871084,4817403,RGLD,USD,2020-03-20,76.26,77.77,71.12,72.7,23946,5337,72.964
US7802871084,4817403,RGLD,USD,2020-03-23,74.94,81.45,72.5,77.3,13519,4098,77.598
US7802871084,4817403,RGLD,USD,2020-03-24,78.57,97.96,78.57,95.75,23272,7280,90.811
US7802871084,4817403,RGLD,USD,2020-03-25,94.51,98.0,89.13,93.38,18202,5242,93.511
US7802871084,4817403,RGLD,USD,2020-03-26,92.85,95.39,87.48,91.39,19745,5636,91.542
US7802871084,4817403,RGLD,USD,2020-03-27,90.14,93.7,88.19,90.7,12793,4013,90.713
US7802871084,4817403,RGLD,USD,2020-03-30,91.07,96.86,87.66,88.75,14417,4104,91.734
US7802871084,4817403,RGLD,USD,2020-03-31,89.0,91.0,86.65,87.19,16456,3881,88.511
US7802871084,4817403,RGLD,USD,2020-04-01,87.6,93.35,86.27,92.83,16265,5014,90.423
US7802871084,4817403,RGLD,USD,2020-04-02,91.9,94.56,90.1,92.39,13048,4038,92.307
US7802871084,4817403,RGLD,USD,2020-04-03,92.85,97.59,92.62,93.5,12000,3350,94.853
US7802871084,4817403,RGLD,USD,2020-04-06,95.23,96.96,93.05,96.0,11247,3409,95.386
US7802871084,4817403,RGLD,USD,2020-04-07,94.81,97.62,91.1,95.02,10185,2637,94.788
US7802871084,4817403,RGLD,USD,2020-04-08,94.83,95.99,92.93,93.0,9079,2191,94.904
US7802871084,4817403,RGLD,USD,2020-04-09,96.2,105.38,96.2,104.5,17146,4441,102.47
US7802871084,4817403,RGLD,USD,2020-04-13,105.0,106.42,100.02,105.02,12344,3413,104.005
US7802871084,4817403,RGLD,USD,2020-04-14,104.5,109.16,103.07,105.43,15874,2835,105.59
US7802871084,4817403,RGLD,USD,2020-04-15,102.87,105.99,100.65,104.81,10884,2678,104.216
US7802871084,4817403,RGLD,USD,2020-04-16,106.17,111.88,105.26,111.73,11856,3234,109.838
US7802871084,4817403,RGLD,USD,2020-04-17,108.44,110.84,106.96,107.5,22983,3796,108.007
US7802871084,4817403,RGLD,USD,2020-04-20,108.08,112.69,108.0,111.6,15517,3032,111.15
US7802871084,4817403,RGLD,USD,2020-04-21,108.9,112.99,107.42,110.0,11561,3151,109.551
US7802871084,4817403,RGLD,USD,2020-04-22,110.02,117.44,109.79,116.66,13055,2928,115.821
US7802871084,4817403,RGLD,USD,2020-04-23,119.99,126.7,116.66,123.1,20777,4830,123.256
US7802871084,4817403,RGLD,USD,2020-04-24,124.59,127.0,122.63,125.43,15075,3559,125.066
US7802871084,4817403,RGLD,USD,2020-04-27,124.25,127.89,123.11,126.34,14955,3411,126.188
US7802871084,4817403,RGLD,USD,2020-04-28,125.99,127.34,123.2,125.93,11127,3317,125.524
US7802871084,4817403,RGLD,USD,2020-04-29,126.08,131.09,124.17,130.4,16478,3854,128.52
US7802871084,4817403,RGLD,USD,2020-04-30,128.4,130.0,122.38,122.53,12259,3255,124.841
US7802871084,4817403,RGLD,USD,2020-05-01,120.03,126.03,118.5,125.86,16171,2720,124.71
US7802871084,4817403,RGLD,USD,2020-05-04,126.98,129.93,124.87,125.21,13229,3683,127.213
US7802871084,4817403,RGLD,USD,2020-05-05,124.6,129.75,123.6,128.44,7056,1891,127.228
US7802871084,4817403,RGLD,USD,2020-05-06,126.52,129.13,125.33,126.62,10046,2951,126.746
US7802871084,4817403,RGLD,USD,2020-05-07,126.62,137.9,126.62,136.0,18006,4256,135.169
US7802871084,4817403,RGLD,USD,2020-05-08,138.5,138.54,135.24,136.4,12111,3277,136.654
US7802871084,4817403,RGLD,USD,2020-05-11,137.0,137.39,130.51,132.84,10826,2575,132.645
US7802871084,4817403,RGLD,USD,2020-05-12,133.19,135.9,128.78,128.78,12287,2722,130.947
US7802871084,4817403,RGLD,USD,2020-05-13,129.46,131.52,125.35,128.19,10909,3106,128.175
US7802871084,4817403,RGLD,USD,2020-05-14,127.71,132.32,127.69,129.18,10077,3217,129.539
US7802871084,4817403,RGLD,USD,2020-05-15,130.73,134.43,130.73,133.88,21388,4620,133.309
US7802871084,4817403,RGLD,USD,2020-05-18,137.97,137.97,132.0,134.64,11883,2363,134.239
US7802871084,4817403,RGLD,USD,2020-05-19,137.0,139.16,136.0,137.76,8465,2186,137.683
US7802871084,4817403,RGLD,USD,2020-05-20,137.49,139.63,135.88,135.99,9437,2824,137.393
US7802871084,4817403,RGLD,USD,2020-05-21,134.75,136.94,130.47,135.95,12652,2995,135.497
US7802871084,4817403,RGLD,USD,2020-05-22,136.29,138.69,134.9,136.96,5831,1752,136.69
US7802871084,4817403,RGLD,USD,2020-05-26,136.96,136.96,131.73,132.46,7373,2267,133.259
US7802871084,4817403,RGLD,USD,2020-05-27,130.82,133.51,126.0,132.61,13254,3339,131.755
US7802871084,4817403,RGLD,USD,2020-05-28,133.98,135.19,130.34,131.66,8857,2549,132.19
US7802871084,4817403,RGLD,USD,2020-05-29,134.1,136.91,132.73,133.2,12061,2568,133.849
US7802871084,4817403,RGLD,USD,2020-06-01,135.0,135.32,132.12,135.11,6134,1779,134.436
US7802871084,4817403,RGLD,USD,2020-06-02,135.09,135.09,130.14,130.47,7845,2200,131.473
US7802871084,4817403,RGLD,USD,2020-06-03,129.01,129.01,124.39,125.86,13213,3716,125.956
US7802871084,4817403,RGLD,USD,2020-06-04,126.52,128.98,125.35,126.19,10518,3312,126.893
US7802871084,4817403,RGLD,USD,2020-06-05,126.49,126.49,119.74,122.52,7723,2181,121.677
US7802871084,4817403,RGLD,USD,2020-06-08,124.91,124.99,120.55,122.23,7979,2155,122.356
US7802871084,4817403,RGLD,USD,2020-06-09,120.0,124.35,120.0,122.25,8107,2390,122.565
US7802871084,4817403,RGLD,USD,2020-06-10,124.29,128.69,120.63,128.5,11394,2803,126.204
US7802871084,4817403,RGLD,USD,2020-06-11,128.14,129.88,120.81,121.5,10575,3183,124.673
US7802871084,4817403,RGLD,USD,2020-06-12,124.17,125.98,119.74,120.35,6948,1737,121.36
US7802871084,4817403,RGLD,USD,2020-06-15,119.0,121.36,113.35,121.01,9334,2692,118.389
US7802871084,4817403,RGLD,USD,2020-06-16,121.17,121.88,116.83,117.71,7535,2219,118.424
US7802871084,4817403,RGLD,USD,2020-06-17,117.22,118.5,114.58,115.57,7888,2356,116.034
US7802871084,4817403,RGLD,USD,2020-06-18,115.57,116.06,112.13,112.9,8638,2293,113.122
US7802871084,4817403,RGLD,USD,2020-06-19,112.9,117.77,112.9,115.01,13880,2138,115.024
US7802871084,4817403,RGLD,USD,2020-06-22,116.01,119.95,116.01,118.25,8633,2349,118.065
US7802871084,4817403,RGLD,USD,2020-06-23,120.0,121.12,119.2,119.58,10478,2377,119.87
US7802871084,4817403,RGLD,USD,2020-06-24,118.89,120.79,116.23,118.36,8161,2330,118.468
US7802871084,4817403,RGLD,USD,2020-06-25,118.55,119.19,116.68,119.13,5166,1249,118.374
US7802871084,4817403,RGLD,USD,2020-06-26,119.0,119.35,116.33,118.24,18732,2068,117.61
US7802871084,4817403,RGLD,USD,2020-06-29,117.5,120.46,117.02,120.33,5223,1508,119.473
US7802871084,4817403,RGLD,USD,2020-06-30,120.18,124.84,119.44,124.32,9038,2435,123.389
US7802871084,4817403,RGLD,USD,2020-07-01,125.68,125.68,119.67,123.41,6490,1732,122.033
US7802871084,4817403,RGLD,USD,2020-07-02,123.2,124.33,120.84,121.0,5463,1577,122.156
US7802871084,4817403,RGLD,USD,2020-07-06,122.99,124.59,121.21,122.54,6042,1895,122.498
US7802871084,4817403,RGLD,USD,2020-07-07,121.43,125.17,121.43,124.87,17574,2212,124.523
US7802871084,4817403,RGLD,USD,2020-07-08,126.91,127.99,124.09,126.75,9562,2619,126.246
US7802871084,4817403,RGLD,USD,2020-07-09,126.75,128.26,123.27,126.3,7757,1746,125.88
US7802871084,4817403,RGLD,USD,2020-07-10,126.94,128.29,125.72,127.63,8963,2896,127.257
US7802871084,4817403,RGLD,USD,2020-07-13,128.2,129.45,120.81,121.14,9565,2653,124.058
US7802871084,4817403,RGLD,USD,2020-07-14,121.2,125.91,120.54,125.9,7510,2093,124.208
US7802871084,4817403,RGLD,USD,2020-07-15,126.05,127.2,123.31,126.95,6612,2041,125.823
US7802871084,4817403,RGLD,USD,2020-07-16,126.94,127.17,124.09,124.94,4966,1597,125.179
US7802871084,4817403,RGLD,USD,2020-07-17,126.5,130.29,125.8,129.5,8450,2429,129.043
US7802871084,4817403,RGLD,USD,2020-07-20,129.26,134.71,129.26,132.83,6588,1968,132.634
US7802871084,4817403,RGLD,USD,2020-07-21,136.0,138.91,131.84,134.18,7735,2004,133.374
US7802871084,4817403,RGLD,USD,2020-07-22,135.5,135.5,131.8,134.66,5896,1485,133.767
US7802871084,4817403,RGLD,USD,2020-07-23,134.0,135.8,130.13,134.2,10022,3007,133.59
US7802871084,4817403,RGLD,USD,2020-07-24,135.33,138.67,134.99,137.0,7443,1305,136.573
US7802871084,4817403,RGLD,USD,2020-07-27,138.91,144.75,138.91,144.5,7244,1857,141.418
US7802871084,4817403,RGLD,USD,2020-07-28,138.5,141.37,137.0,140.5,6777,1829,140.086
US7802871084,4817403,RGLD,USD,2020-07-29,141.24,141.89,138.12,139.95,6061,1725,139.892
US7802871084,4817403,RGLD,USD,2020-07-30,136.06,138.4,135.21,137.0,5725,1598,136.763
US7802871084,4817403,RGLD,USD,2020-07-31,140.0,141.0,137.43,141.0,8317,2217,139.49
US7802871084,4817403,RGLD,USD,2020-08-03,139.55,141.14,137.14,141.07,6649,1848,139.793
US7802871084,4817403,RGLD,USD,2020-08-04,140.05,144.0,139.01,144.0,10128,2939,142.729
US7802871084,4817403,RGLD,USD,2020-08-05,145.4,147.64,143.25,145.25,9471,2828,145.716
US7802871084,4817403,RGLD,USD,2020-08-06,147.0,148.0,140.77,143.95,6981,1980,142.854
US7802871084,4817403,RGLD,USD,2020-08-07,140.05,140.61,137.37,139.02,8616,2370,139.107
US7802871084,4817403,RGLD,USD,2020-08-10,141.24,142.5,137.06,137.52,5068,1450,139.087
US7802871084,4817403,RGLD,USD,2020-08-11,132.98,134.34,129.37,130.18,10874,2988,131.059
US7802871084,4817403,RGLD,USD,2020-08-12,132.94,133.65,129.24,129.77,8565,2594,130.649
US7802871084,4817403,RGLD,USD,2020-08-13,131.98,134.42,130.99,132.92,5643,1768,132.739
US7802871084,4817403,RGLD,USD,2020-08-14,132.56,132.99,129.7,132.99,5606,1786,130.981
US7802871084,4817403,RGLD,USD,2020-08-17,132.99,137.89,132.99,137.45,5796,1531,137.047
US7802871084,4817403,RGLD,USD,2020-08-18,139.58,140.2,136.37,139.84,11134,2781,138.955
US7802871084,4817403,RGLD,USD,2020-08-19,138.0,140.6,137.06,137.43,8678,2347,138.427
US7802871084,4817403,RGLD,USD,2020-08-20,137.04,140.13,135.7,139.0,5409,1463,138.904
US7802871084,4817403,RGLD,USD,2020-08-21,138.9,138.9,135.84,137.81,6481,1775,137.233
US7802871084,4817403,RGLD,USD,2020-08-24,139.67,140.3,136.07,137.11,5901,1368,137.28
US7802871084,4817403,RGLD,USD,2020-08-25,135.5,136.15,133.37,135.27,5816,1848,134.86
US7802871084,4817403,RGLD,USD,2020-08-26,134.47,136.95,133.43,136.74,5189,1502,136.145
US7802871084,4817403,RGLD,USD,2020-08-27,136.0,138.53,133.75,134.92,4918,1271,135.47
US7802871084,4817403,RGLD,USD,2020-08-28,137.68,137.68,135.0,135.44,4988,1228,135.891
US7802871084,4817403,RGLD,USD,2020-08-31,135.48,138.12,135.13,136.32,4437,1112,136.582
US7802871084,4817403,RGLD,USD,2020-09-01,138.23,138.23,131.8,133.17,5400,1509,133.675
US7802871084,4817403,RGLD,USD,2020-09-02,132.0,134.79,130.03,134.0,6697,1712,133.535
US7802871084,4817403,RGLD,USD,2020-09-03,133.5,135.44,131.73,133.98,5342,1353,133.798
US7802871084,4817403,RGLD,USD,2020-09-04,133.54,134.78,128.29,130.56,18172,2167,130.557
US7802871084,4817403,RGLD,USD,2020-09-08,129.0,131.44,124.77,128.57,6965,1825,128.382
US7802871084,4817403,RGLD,USD,2020-09-09,129.74,133.34,129.74,132.74,6386,1569,132.349
US7802871084,4817403,RGLD,USD,2020-09-10,134.25,134.5,130.74,130.76,5177,1570,131.819
US7802871084,4817403,RGLD,USD,2020-09-11,131.0,133.43,130.05,130.45,4445,1304,130.872
US7802871084,4817403,RGLD,USD,2020-09-14,131.52,131.77,127.82,131.0,9915,3013,130.009
US7802871084,4817403,RGLD,USD,2020-09-15,132.18,132.66,129.06,130.23,4961,1520,130.669
US7802871084,4817403,RGLD,USD,2020-09-16,131.88,132.19,129.57,130.46,5910,1614,130.722
US7802871084,4817403,RGLD,USD,2020-09-17,127.45,128.91,126.5,128.09,5441,1475,127.912
US7802871084,4817403,RGLD,USD,2020-09-18,128.52,129.59,123.03,123.47,19457,2129,124.221
US7802871084,4817403,RGLD,USD,2020-09-21,120.24,123.06,119.26,122.64,9082,2516,122.062
US7802871084,4817403,RGLD,USD,2020-09-22,123.33,124.67,121.75,123.21,5857,1554,123.12
US7802871084,4817403,RGLD,USD,2020-09-23,122.1,123.18,115.72,115.91,7847,2238,117.481
US7802871084,4817403,RGLD,USD,2020-09-24,115.06,120.81,114.99,119.53,7061,2007,118.951
US7802871084,4817403,RGLD,USD,2020-09-25,119.5,119.5,116.97,118.08,5051,1387,117.983
US7802871084,4817403,RGLD,USD,2020-09-28,119.75,120.52,118.01,119.2,4644,1320,119.174
US7802871084,4817403,RGLD,USD,2020-09-29,119.2,122.81,119.2,119.98,4677,1352,120.582
US7802871084,4817403,RGLD,USD,2020-09-30,119.0,120.75,118.29,120.17,6412,1636,119.964
US7802871084,4817403,RGLD,USD,2020-10-01,120.57,122.12,119.12,120.42,6179,1193,120.626
US7802871084,4817403,RGLD,USD,2020-10-02,119.75,120.63,118.45,119.4,6035,1377,119.901
US7802871084,4817403,RGLD,USD,2020-10-05,120.0,122.28,119.11,120.4,14801,1235,120.393
US7802871084,4817403,RGLD,USD,2020-10-06,121.86,122.1,117.29,117.3,5525,1390,118.672
US7802871084,4817403,RGLD,USD,2020-10-07,119.0,119.18,116.78,117.46,5817,1276,117.793
US7802871084,4817403,RGLD,USD,2020-10-08,118.58,119.74,117.68,118.77,5783,931,118.757
US7802871084,4817403,RGLD,USD,2020-10-09,119.0,121.98,119.0,121.49,7820,1009,121.2
US7802871084,4817403,RGLD,USD,2020-10-12,121.43,124.15,121.0,123.3,5035,1388,123.157
US7802871084,4817403,RGLD,USD,2020-10-13,122.05,124.18,121.0,123.91,4848,1413,122.973
US7802871084,4817403,RGLD,USD,2020-10-14,125.52,126.4,124.36,124.76,3792,1037,125.155
US7802871084,4817403,RGLD,USD,2020-10-15,124.2,125.63,122.27,123.84,3413,970,124.241
US7802871084,4817403,RGLD,USD,2020-10-16,123.9,124.35,122.2,122.47,3963,1176,123.01
US7802871084,4817403,RGLD,USD,2020-10-19,123.24,123.88,119.16,119.6,4286,1171,121.253
US7802871084,4817403,RGLD,USD,2020-10-20,122.25,122.25,119.01,121.18,4184,1081,120.811
US7802871084,4817403,RGLD,USD,2020-10-21,122.01,123.98,121.09,121.6,3934,975,122.015
US7802871084,4817403,RGLD,USD,2020-10-22,120.39,122.09,119.57,121.78,5369,1295,121.332
US7802871084,4817403,RGLD,USD,2020-10-23,121.19,122.55,120.37,121.79,4484,1055,121.692
US7802871084,4817403,RGLD,USD,2020-10-26,121.07,122.49,119.72,120.19,2616,769,120.731
US7802871084,4817403,RGLD,USD,2020-10-27,120.1,121.81,119.15,121.33,2802,821,121.024
US7802871084,4817403,RGLD,USD,2020-10-28,119.02,119.02,114.72,116.62,9546,2484,116.389
US7802871084,4817403,RGLD,USD,2020-10-29,114.87,118.82,114.87,118.36,5144,1339,117.977
US7802871084,4817403,RGLD,USD,2020-10-30,119.23,120.98,116.83,118.81,6171,1471,118.646
US7802871084,4817403,RGLD,USD,2020-11-02,120.41,122.63,119.29,121.46,6004,1636,121.244
US7802871084,4817403,RGLD,USD,2020-11-03,124.7,124.7,121.28,121.69,3606,952,122.14
US7802871084,4817403,RGLD,USD,2020-11-04,122.33,123.7,120.15,121.87,6088,1309,121.854
US7802871084,4817403,RGLD,USD,2020-11-05,123.58,126.64,122.72,123.0,12924,3148,124.213
US7802871084,4817403,RGLD,USD,2020-11-06,123.0,126.46,123.0,126.0,5740,1553,125.399
US7802871084,4817403,RGLD,USD,2020-11-09,125.98,126.0,118.4,120.4,8637,2324,120.775
US7802871084,4817403,RGLD,USD,2020-11-10,121.36,122.37,116.98,117.36,9283,2642,118.018
US7802871084,4817403,RGLD,USD,2020-11-11,116.96,117.96,115.52,116.75,6778,1823,116.719
US7802871084,4817403,RGLD,USD,2020-11-12,117.07,119.1,116.38,118.97,6266,1518,117.445
US7802871084,4817403,RGLD,USD,2020-11-13,118.29,119.58,117.78,118.69,3568,866,118.66
US7802871084,4817403,RGLD,USD,2020-11-16,118.29,119.35,117.48,118.5,3948,861,118.442
US7802871084,4817403,RGLD,USD,2020-11-17,117.61,119.29,115.62,115.84,4935,1329,116.603
US7802871084,4817403,RGLD,USD,2020-11-18,115.79,116.34,111.94,111.99,6411,1612,113.041
US7802871084,4817403,RGLD,USD,2020-11-19,110.12,111.24,108.0,110.05,7292,1563,109.906
US7802871084,4817403,RGLD,USD,2020-11-20,111.6,111.91,109.45,109.97,12015,3026,110.159
US7802871084,4817403,RGLD,USD,2020-11-23,109.5,111.06,107.27,109.6,8954,2131,109.492
US7802871084,4817403,RGLD,USD,2020-11-24,108.67,110.12,106.18,107.5,11706,2970,107.556
US7802871084,4817403,RGLD,USD,2020-11-25,108.95,110.81,108.72,109.5,7487,1786,109.544
US7802871084,4817403,RGLD,USD,2020-11-27,109.39,110.14,107.33,109.97,4501,1224,109.38
US7802871084,4817403,RGLD,USD,2020-11-30,109.09,110.58,107.45,110.48,8882,1869,109.626
US7802871084,4817403,RGLD,USD,2020-12-01,113.0,113.2,109.6,112.5,6445,1730,111.899
US7802871084,4817403,RGLD,USD,2020-12-02,113.0,113.39,111.32,112.1,5024,1208,112.159
US7802871084,4817403,RGLD,USD,2020-12-03,112.0,112.35,109.42,110.06,4424,902,110.818
US7802871084,4817403,RGLD,USD,2020-12-04,110.52,111.34,109.28,110.27,5529,1219,110.252
US7802871084,4817403,RGLD,USD,2020-12-07,110.0,113.3,110.0,112.67,7844,1680,112.293
US7802871084,4817403,RGLD,USD,2020-12-08,113.0,113.34,110.78,112.68,7055,1732,112.492
US7802871084,4817403,RGLD,USD,2020-12-09,112.09,112.5,109.58,111.07,4487,1151,110.857
US7802871084,4817403,RGLD,USD,2020-12-10,112.23,112.59,110.3,110.44,4211,955,110.716
US7802871084,4817403,RGLD,USD,2020-12-11,110.64,111.74,109.12,109.26,3205,774,109.96
US7802871084,4817403,RGLD,USD,2020-12-14,108.51,109.77,106.95,107.11,8245,2175,107.622
US7802871084,4817403,RGLD,USD,2020-12-15,108.58,110.15,108.47,108.9,7793,2019,109.119
US7802871084,4817403,RGLD,USD,2020-12-16,109.45,110.73,108.1,110.43,10004,2671,109.836
US7802871084,4817403,RGLD,USD,2020-12-17,112.3,115.66,112.3,115.36,8468,2220,114.642
US7802871084,4817403,RGLD,USD,2020-12-18,115.47,115.47,111.35,111.84,19923,1467,112.264
US7802871084,4817403,RGLD,USD,2020-12-21,111.52,113.43,109.68,110.41,10175,1917,110.784
US7802871084,4817403,RGLD,USD,2020-12-22,111.0,111.74,108.98,109.15,5584,1424,109.985
US7802871084,4817403,RGLD,USD,2020-12-23,109.26,110.16,108.03,108.75,5222,1174,108.968
US7802871084,4817403,RGLD,USD,2020-12-24,108.48,109.05,107.25,108.65,2264,681,108.317
US7802871084,4817403,RGLD,USD,2020-12-28,109.73,111.55,106.71,106.8,4627,1148,107.889
US7802871084,4817403,RGLD,USD,2020-12-29,107.19,108.25,106.5,107.55,6499,1643,107.297
US7802871084,4817403,RGLD,USD,2020-12-30,108.02,109.16,107.44,108.2,4744,1178,108.097
US7802871084,4817403,RGLD,USD,2020-12-31,108.16,108.33,105.73,106.36,6031,1183,106.522
US7802871084,4817403,RGLD,USD,2021-01-04,108.05,111.39,108.05,110.28,8892,2322,110.298
US7802871084,4817403,RGLD,USD,2021-01-05,111.0,111.14,108.49,110.7,7785,1786,110.241
US7802871084,4817403,RGLD,USD,2021-01-06,110.25,112.42,108.54,111.05,10687,1824,110.567
US7802871084,4817403,RGLD,USD,2021-01-07,110.1,110.1,108.0,110.0,7493,1858,109.035
US7802871084,4817403,RGLD,USD,2021-01-08,107.75,107.75,103.76,105.6,10567,1973,105.467
US7802871084,4817403,RGLD,USD,2021-01-11,104.51,107.07,104.51,106.08,5746,1453,106.19
US7802871084,4817403,RGLD,USD,2021-01-12,106.08,107.92,105.24,107.57,12401,2614,106.891
US7802871084,4817403,RGLD,USD,2021-01-13,107.48,108.0,105.36,105.58,8318,1924,106.149
US7802871084,4817403,RGLD,USD,2021-01-14,106.65,107.43,105.21,105.4,11008,2504,105.741
US7802871084,4817403,RGLD,USD,2021-01-15,105.11,105.16,102.94,104.15,11647,2808,104.134
US7802871084,4817403,RGLD,USD,2021-01-19,104.15,106.46,103.94,105.86,13260,2602,105.419
US7802871084,4817403,RGLD,USD,2021-01-20,107.1,108.67,106.22,107.91,7724,1995,107.714
US7802871084,4817403,RGLD,USD,2021-01-21,107.45,107.9,105.09,105.49,4971,1345,105.82
US7802871084,4817403,RGLD,USD,2021-01-22,104.89,106.28,103.43,104.94,3170,858,105.049
US7802871084,4817403,RGLD,USD,2021-01-25,104.94,105.9,103.01,104.74,7036,1915,104.423
US7802871084,4817403,RGLD,USD,2021-01-26,104.75,105.63,104.01,104.22,3400,972,104.809
US7802871084,4817403,RGLD,USD,2021-01-27,103.54,104.0,99.32,102.15,8426,2288,102.228
US7802871084,4817403,RGLD,USD,2021-01-28,103.99,106.9,103.12,104.3,10190,2919,104.597
US7802871084,4817403,RGLD,USD,2021-01-29,105.0,110.69,105.0,106.8,13927,3840,107.778
US7802871084,4817403,RGLD,USD,2021-02-01,108.25,110.96,106.18,107.53,5730,1669,107.849
US7802871084,4817403,RGLD,USD,2021-02-02,105.5,106.43,105.0,106.0,6017,1367,105.661
US7802871084,4817403,RGLD,USD,2021-02-03,105.7,106.28,104.57,105.72,5101,1429,105.475
US7802871084,4817403,RGLD,USD,2021-02-04,106.2,106.2,102.44,104.35,8000,2183,103.856
US7802871084,4817403,RGLD,USD,2021-02-05,104.79,106.18,103.72,105.69,5946,1653,105.253
US7802871084,4817403,RGLD,USD,2021-02-08,106.53,110.24,105.71,109.0,10969,2867,108.918
US7802871084,4817403,RGLD,USD,2021-02-09,110.0,110.25,107.91,109.07,6655,1718,108.974
US7802871084,4817403,RGLD,USD,2021-02-10,109.02,110.4,108.01,110.3,8752,2208,109.396
US7802871084,4817403,RGLD,USD,2021-02-11,110.31,111.45,109.21,110.49,12449,2919,110.443
US7802871084,4817403,RGLD,USD,2021-02-12,108.01,111.99,108.01,111.05,13243,3251,111.101
US7802871084,4817403,RGLD,USD,2021-02-16,113.0,113.0,108.24,108.53,11806,2899,109.766
US7802871084,4817403,RGLD,USD,2021-02-17,108.0,108.0,105.36,107.23,14544,3752,106.589
US7802871084,4817403,RGLD,USD,2021-02-18,107.44,108.79,106.32,108.22,8176,1984,108.008
US7802871084,4817403,RGLD,USD,2021-02-19,108.58,108.95,106.78,108.1,20983,2350,107.94
US7802871084,4817403,RGLD,USD,2021-02-22,109.06,111.27,108.61,110.32,12090,2498,110.337
US7802871084,4817403,RGLD,USD,2021-02-23,109.08,109.22,105.88,106.91,8805,2508,106.735
US7802871084,4817403,RGLD,USD,2021-02-24,106.72,108.6,105.73,107.59,8193,1608,107.62
US7802871084,4817403,RGLD,USD,2021-02-25,105.71,109.04,105.0,106.06,6588,1878,106.167
US7802871084,4817403,RGLD,USD,2021-02-26,105.0,105.48,102.83,103.71,13516,2797,103.924
US7802871084,4817403,RGLD,USD,2021-03-01,103.71,105.9,103.04,103.7,7382,1878,103.86
US7802871084,4817403,RGLD,USD,2021-03-02,104.25,106.96,103.42,106.3,8570,2119,105.689
US7802871084,4817403,RGLD,USD,2021-03-03,105.0,105.01,101.79,103.59,8595,2339,103.657
US7802871084,4817403,RGLD,USD,2021-03-04,103.95,106.54,102.23,104.5,8477,2117,104.204
US7802871084,4817403,RGLD,USD,2021-03-05,103.14,104.86,101.86,104.74,5309,1484,103.934
US7802871084,4817403,RGLD,USD,2021-03-08,104.38,104.97,102.62,104.82,5117,1476,104.0
US7802871084,4817403,RGLD,USD,2021-03-09,106.83,108.7,105.11,106.21,7076,2117,106.324
US7802871084,4817403,RGLD,USD,2021-03-10,106.69,107.92,104.6,107.43,6297,1873,107.248
US7802871084,4817403,RGLD,USD,2021-03-11,108.0,109.49,107.18,109.14,8492,2015,108.776
US7802871084,4817403,RGLD,USD,2021-03-12,106.99,109.79,106.97,109.75,5414,1433,109.22
US7802871084,4817403,RGLD,USD,2021-03-15,110.0,110.11,106.13,108.08,13107,3417,107.634
US7802871084,4817403,RGLD,USD,2021-03-16,108.1,108.14,105.11,105.11,10032,2501,106.472
US7802871084,4817403,RGLD,USD,2021-03-17,106.1,110.18,105.7,109.0,6873,1792,108.665
US7802871084,4817403,RGLD,USD,2021-03-18,106.01,108.1,105.25,105.27,6568,1825,106.099
US7802871084,4817403,RGLD,USD,2021-03-19,106.01,107.0,104.6,105.99,32161,3277,105.8
US7802871084,4817403,RGLD,USD,2021-03-22,106.0,108.82,104.5,106.8,15085,2347,105.967
US7802871084,4817403,RGLD,USD,2021-03-23,106.8,106.8,103.92,104.71,8608,2249,104.648
US7802871084,4817403,RGLD,USD,2021-03-24,105.11,105.79,103.6,103.68,7270,1909,104.344
US7802871084,4817403,RGLD,USD,2021-03-25,103.51,104.1,102.55,103.36,6426,1742,103.26
US7802871084,4817403,RGLD,USD,2021-03-26,103.37,106.34,102.95,105.94,8465,2320,105.395
US7802871084,4817403,RGLD,USD,2021-03-29,105.8,107.9,104.06,107.79,8607,2161,106.92
US7802871084,4817403,RGLD,USD,2021-03-30,105.96,107.21,105.17,106.0,7005,1892,105.775
US7802871084,4817403,RGLD,USD,2021-03-31,105.48,108.24,105.48,107.62,12971,1841,107.57
US7802871084,4817403,RGLD,USD,2021-04-01,108.0,112.68,107.74,112.68,8784,2249,110.738
US7802871084,4817403,RGLD,USD,2021-04-05,112.0,112.67,110.1,110.71,6620,1762,111.101
US7802871084,4817403,RGLD,USD,2021-04-06,112.42,113.23,111.07,111.07,6198,1586,112.212
US7802871084,4817403,RGLD,USD,2021-04-07,111.97,112.1,110.05,110.49,4473,1190,110.646
US7802871084,4817403,RGLD,USD,2021-04-08,112.06,112.44,110.71,110.96,5956,1371,111.184
US7802871084,4817403,RGLD,USD,2021-04-09,110.1,111.49,108.5,110.61,4951,1343,110.514
US7802871084,4817403,RGLD,USD,2021-04-12,110.57,111.82,110.17,110.81,3370,895,110.828
US7802871084,4817403,RGLD,USD,2021-04-13,111.9,113.0,111.34,113.0,5008,1472,112.233
US7802871084,4817403,RGLD,USD,2021-04-14,113.0,113.67,111.9,112.59,5931,1468,112.738
US7802871084,4817403,RGLD,USD,2021-04-15,113.25,117.07,113.08,116.26,6860,1734,115.878
US7802871084,4817403,RGLD,USD,2021-04-16,117.0,117.87,116.19,117.63,5754,1297,117.35
US7802871084,4817403,RGLD,USD,2021-04-19,117.8,118.8,116.45,117.18,4736,1014,117.148
US7802871084,4817403,RGLD,USD,2021-04-20,117.17,119.21,116.29,118.2,7128,1752,118.192
US7802871084,4817403,RGLD,USD,2021-04-21,118.53,119.9,118.1,118.8,5700,1244,118.79
US7802871084,4817403,RGLD,USD,2021-04-22,117.98,118.56,116.93,118.12,3567,844,117.822
US7802871084,4817403,RGLD,USD,2021-04-23,118.99,119.34,117.34,118.14,4255,973,118.074
US7802871084,4817403,RGLD,USD,2021-04-26,118.2,118.62,116.22,117.01,3643,1028,117.041
US7802871084,4817403,RGLD,USD,2021-04-27,115.0,117.08,114.4,114.4,3687,833,115.536
US7802871084,4817403,RGLD,USD,2021-04-28,114.55,116.31,113.74,115.84,4190,904,115.547
US7802871084,4817403,RGLD,USD,2021-04-29,115.96,115.96,112.28,113.77,3906,1003,113.702
US7802871084,4817403,RGLD,USD,2021-04-30,113.53,114.52,111.46,111.86,8027,1912,112.287
US7802871084,4817403,RGLD,USD,2021-05-03,113.76,116.88,113.64,116.09,4490,1213,115.97
US7802871084,4817403,RGLD,USD,2021-05-04,116.3,118.74,115.0,115.4,4210,1334,116.025
US7802871084,4817403,RGLD,USD,2021-05-05,115.45,116.53,114.62,115.13,7383,2072,115.449
US7802871084,4817403,RGLD,USD,2021-05-06,115.55,120.0,115.46,119.57,7381,1911,119.305
US7802871084,4817403,RGLD,USD,2021-05-07,120.2,121.96,118.27,119.95,6146,1624,119.575
US7802871084,4817403,RGLD,USD,2021-05-10,120.58,121.61,118.28,118.96,7154,1203,119.357
US7802871084,4817403,RGLD,USD,2021-05-11,118.5,120.4,116.41,120.16,4518,1179,119.545
US7802871084,4817403,RGLD,USD,2021-05-12,120.22,121.08,119.12,119.84,6013,1550,120.068
US7802871084,4817403,RGLD,USD,2021-05-13,119.55,122.41,118.28,121.04,8291,2182,121.468
US7802871084,4817403,RGLD,USD,2021-05-14,123.5,123.86,122.14,123.6,5411,1462,123.123
US7802871084,4817403,RGLD,USD,2021-05-17,124.1,128.89,124.1,127.69,10059,1960,127.568
US7802871084,4817403,RGLD,USD,2021-05-18,129.48,129.48,126.15,127.25,5289,1380,127.272
US7802871084,4817403,RGLD,USD,2021-05-19,126.88,129.69,123.4,124.68,8446,2535,125.676
US7802871084,4817403,RGLD,USD,2021-05-20,124.7,126.58,123.51,126.03,4501,1244,125.789
US7802871084,4817403,RGLD,USD,2021-05-21,126.32,126.89,124.22,124.38,13201,1468,125.357
US7802871084,4817403,RGLD,USD,2021-05-24,125.34,126.62,125.18,125.43,5407,901,125.523
US7802871084,4817403,RGLD,USD,2021-05-25,125.2,125.9,123.79,125.27,3067,824,125.209
US7802871084,4817403,RGLD,USD,2021-05-26,125.79,126.84,123.9,123.9,3867,984,125.344
US7802871084,4817403,RGLD,USD,2021-05-27,124.85,125.43,123.88,124.25,4754,834,124.399
US7802871084,4817403,RGLD,USD,2021-05-28,123.21,124.7,123.18,123.77,7823,1313,123.819
US7802871084,4817403,RGLD,USD,2021-06-01,124.77,125.19,122.51,123.96,5123,999,124.006
US7802871084,4817403,RGLD,USD,2021-06-02,124.0,124.95,123.46,123.95,3461,864,124.148
US7802871084,4817403,RGLD,USD,2021-06-03,122.7,122.7,119.37,120.31,5919,1639,120.297
US7802871084,4817403,RGLD,USD,2021-06-04,121.49,122.69,121.26,122.12,3901,872,122.027
US7802871084,4817403,RGLD,USD,2021-06-07,122.0,122.54,121.0,121.95,4538,1315,121.998
US7802871084,4817403,RGLD,USD,2021-06-08,121.61,122.0,120.58,122.0,4160,1233,121.323
US7802871084,4817403,RGLD,USD,2021-06-09,121.88,122.52,121.62,121.63,4259,1272,121.98
US7802871084,4817403,RGLD,USD,2021-06-10,121.61,125.7,121.61,125.34,5336,1467,124.538
US7802871084,4817403,RGLD,USD,2021-06-11,125.08,125.08,122.18,122.86,3879,894,122.906
US7802871084,4817403,RGLD,USD,2021-06-14,121.17,123.67,120.92,123.11,5584,1430,122.885
US7802871084,4817403,RGLD,USD,2021-06-15,123.57,123.8,120.5,121.02,6542,1826,121.579
US7802871084,4817403,RGLD,USD,2021-06-16,120.9,122.81,118.53,118.53,6623,1964,120.148
US7802871084,4817403,RGLD,USD,2021-06-17,116.0,117.1,110.71,112.07,12866,3356,112.583
US7802871084,4817403,RGLD,USD,2021-06-18,112.26,113.2,109.01,109.31,18337,2181,110.07
US7802871084,4817403,RGLD,USD,2021-06-21,111.78,116.31,109.18,110.23,6157,1447,110.31
US7802871084,4817403,RGLD,USD,2021-06-22,110.0,112.02,109.55,110.9,7613,1759,110.995
US7802871084,4817403,RGLD,USD,2021-06-23,111.81,112.07,109.97,110.18,6053,1436,110.515
US7802871084,4817403,RGLD,USD,2021-06-24,110.71,112.29,110.0,111.97,7403,1997,111.496
US7802871084,4817403,RGLD,USD,2021-06-25,112.06,113.36,111.19,112.4,25272,1706,112.377
US7802871084,4817403,RGLD,USD,2021-06-28,113.55,113.55,111.49,113.0,5187,1334,112.573
US7802871084,4817403,RGLD,USD,2021-06-29,112.0,114.22,111.36,114.02,9854,2542,113.689
US7802871084,4817403,RGLD,USD,2021-06-30,115.84,116.72,113.27,114.1,10239,2673,114.277
US7802871084,4817403,RGLD,USD,2021-07-01,114.75,115.32,113.69,114.53,7558,1784,114.475
US7802871084,4817403,RGLD,USD,2021-07-02,114.99,117.15,114.99,116.94,5522,1543,116.551
US7802871084,4817403,RGLD,USD,2021-07-06,118.06,118.34,115.59,115.61,11380,1995,116.663
US7802871084,4817403,RGLD,USD,2021-07-07,117.42,119.56,115.69,118.8,10055,2647,118.41
US7802871084,4817403,RGLD,USD,2021-07-08,120.0,120.0,114.51,114.89,10196,2033,115.488
US7802871084,4817403,RGLD,USD,2021-07-09,115.13,117.26,115.13,116.68,3634,959,116.752
US7802871084,4817403,RGLD,USD,2021-07-12,115.83,117.18,115.24,115.78,6487,1134,115.907
US7802871084,4817403,RGLD,USD,2021-07-13,116.59,117.86,115.98,116.2,4366,1246,116.777
US7802871084,4817403,RGLD,USD,2021-07-14,116.53,118.47,115.8,116.47,4760,1319,116.572
US7802871084,4817403,RGLD,USD,2021-07-15,116.63,118.54,115.98,118.09,3887,1023,117.721
US7802871084,4817403,RGLD,USD,2021-07-16,119.64,119.88,115.02,115.42,5203,1304,116.069
US7802871084,4817403,RGLD,USD,2021-07-19,115.42,115.51,113.38,114.64,4382,1238,114.305
US7802871084,4817403,RGLD,USD,2021-07-20,114.49,117.48,114.49,115.75,8837,2237,115.898
US7802871084,4817403,RGLD,USD,2021-07-21,115.29,116.96,114.46,116.32,3983,840,116.269
US7802871084,4817403,RGLD,USD,2021-07-22,116.04,117.0,114.51,116.01,2666,555,116.089
US7802871084,4817403,RGLD,USD,2021-07-23,115.71,116.8,114.69,116.45,2189,580,116.127
US7802871084,4817403,RGLD,USD,2021-07-26,116.64,118.06,116.55,117.26,4408,869,117.197
US7802871084,4817403,RGLD,USD,2021-07-27,117.3,118.32,116.84,117.9,3560,820,117.777
US7802871084,4817403,RGLD,USD,2021-07-28,117.93,118.81,116.93,118.69,3930,809,118.215
US7802871084,4817403,RGLD,USD,2021-07-29,119.25,122.54,119.25,121.49,3813,1124,121.52
US7802871084,4817403,RGLD,USD,2021-07-30,120.96,122.61,120.71,121.52,3839,743,121.42
US7802871084,4817403,RGLD,USD,2021-08-02,121.47,121.47,119.59,120.29,2420,628,120.476
US7802871084,4817403,RGLD,USD,2021-08-03,120.39,121.71,119.81,120.97,3166,685,120.954
US7802871084,4817403,RGLD,USD,2021-08-04,121.75,122.27,118.44,119.76,4047,991,119.11
US7802871084,4817403,RGLD,USD,2021-08-05,118.45,118.62,116.55,116.83,2998,778,117.095
US7802871084,4817403,RGLD,USD,2021-08-06,114.8,116.51,114.11,116.06,5482,1288,115.819
US7802871084,4817403,RGLD,USD,2021-08-09,114.29,115.44,113.65,114.19,3552,941,114.165
US7802871084,4817403,RGLD,USD,2021-08-10,114.08,114.54,112.49,112.81,3630,1024,113.361
US7802871084,4817403,RGLD,USD,2021-08-11,114.3,115.87,114.07,114.94,4867,1426,114.927
US7802871084,4817403,RGLD,USD,2021-08-12,114.94,116.27,111.24,113.85,6712,1895,112.835
US7802871084,4817403,RGLD,USD,2021-08-13,114.69,116.23,114.1,116.08,3251,777,115.706
US7802871084,4817403,RGLD,USD,2021-08-16,116.2,116.37,114.47,114.56,3805,839,114.943
US7802871084,4817403,RGLD,USD,2021-08-17,114.56,114.81,112.52,113.44,4602,1127,113.405
US7802871084,4817403,RGLD,USD,2021-08-18,113.48,113.7,110.0,110.0,5497,1464,110.798
US7802871084,4817403,RGLD,USD,2021-08-19,110.0,111.46,108.35,109.68,4619,1330,109.986
US7802871084,4817403,RGLD,USD,2021-08-20,109.19,110.5,108.5,108.66,5391,1454,109.08
US7802871084,4817403,RGLD,USD,2021-08-23,108.64,112.65,108.64,112.1,3926,1083,111.803
US7802871084,4817403,RGLD,USD,2021-08-24,112.59,113.21,111.06,111.28,2923,785,111.57
US7802871084,4817403,RGLD,USD,2021-08-25,110.4,110.81,108.76,109.79,2967,670,109.83
US7802871084,4817403,RGLD,USD,2021-08-26,109.25,110.67,108.65,109.28,4948,831,109.375
US7802871084,4817403,RGLD,USD,2021-08-27,109.4,113.04,108.96,112.58,4332,962,112.28
US7802871084,4817403,RGLD,USD,2021-08-30,112.65,112.83,110.45,111.04,3894,1039,111.191
US7802871084,4817403,RGLD,USD,2021-08-31,111.03,111.78,110.61,111.33,3791,872,111.35
US7802871084,4817403,RGLD,USD,2021-09-01,111.0,111.99,109.55,110.68,3850,1002,110.698
US7802871084,4817403,RGLD,USD,2021-09-02,110.88,111.48,109.36,111.38,5210,1175,110.309
US7802871084,4817403,RGLD,USD,2021-09-03,112.34,113.66,111.91,113.44,3550,848,113.061
US7802871084,4817403,RGLD,USD,2021-09-07,112.74,112.74,110.28,110.5,3462,997,110.811
US7802871084,4817403,RGLD,USD,2021-09-08,111.04,112.79,110.05,110.93,4448,1382,111.355
US7802871084,4817403,RGLD,USD,2021-09-09,111.24,111.32,109.32,110.11,3074,795,110.113
US7802871084,4817403,RGLD,USD,2021-09-10,109.98,110.47,108.6,108.66,4199,986,109.09
US7802871084,4817403,RGLD,USD,2021-09-13,109.01,111.0,108.47,109.63,4217,1118,110.017
US7802871084,4817403,RGLD,USD,2021-09-14,110.46,110.96,108.99,109.28,3022,830,109.788
US7802871084,4817403,RGLD,USD,2021-09-15,108.51,110.31,108.4,110.07,4177,856,109.858
US7802871084,4817403,RGLD,USD,2021-09-16,108.23,108.43,104.43,105.4,4998,1073,105.408
US7802871084,4817403,RGLD,USD,2021-09-17,104.98,105.1,103.56,104.59,15398,1642,104.565
US7802871084,4817403,RGLD,USD,2021-09-20,104.01,104.8,103.1,104.47,5387,1287,104.089
US7802871084,4817403,RGLD,USD,2021-09-21,105.05,105.75,103.74,103.87,3551,787,104.357
US7802871084,4817403,RGLD,USD,2021-09-22,104.13,105.75,102.75,102.97,5112,1309,103.736
US7802871084,4817403,RGLD,USD,2021-09-23,102.35,102.51,100.0,100.55,4675,1192,101.092
US7802871084,4817403,RGLD,USD,2021-09-24,100.56,101.3,99.61,100.23,4045,768,100.421
US7802871084,4817403,RGLD,USD,2021-09-27,100.2,102.12,98.87,99.04,5288,1108,99.709
US7802871084,4817403,RGLD,USD,2021-09-28,98.0,99.55,97.5,98.26,4888,1164,98.397
US7802871084,4817403,RGLD,USD,2021-09-29,98.19,98.5,96.5,96.87,9188,1781,97.227
US7802871084,4817403,RGLD,USD,2021-09-30,97.23,97.96,95.22,95.75,8431,1910,96.254
US7802871084,4817403,RGLD,USD,2021-10-01,96.23,96.42,94.45,95.03,6591,1821,95.106
US7802871084,4817403,RGLD,USD,2021-10-04,94.5,96.38,94.14,94.81,13851,2039,94.87
US7802871084,4817403,RGLD,USD,2021-10-05,94.42,95.02,93.65,94.12,7885,1599,94.261
US7802871084,4817403,RGLD,USD,2021-10-06,93.81,95.22,93.08,95.11,4363,1088,94.469
US7802871084,4817403,RGLD,USD,2021-10-07,95.3,96.1,94.32,94.79,6789,1442,95.073
US7802871084,4817403,RGLD,USD,2021-10-08,96.6,97.8,94.05,94.07,6511,1195,94.921
US7802871084,4817403,RGLD,USD,2021-10-11,94.0,94.91,92.13,92.27,4053,960,93.063
US7802871084,4817403,RGLD,USD,2021-10-12,93.24,96.13,92.01,95.81,10842,2800,95.315
US7802871084,4817403,RGLD,USD,2021-10-13,95.95,98.3,95.78,97.09,7247,2110,97.351
US7802871084,4817403,RGLD,USD,2021-10-14,97.82,99.84,97.5,99.74,5840,1545,99.368
US7802871084,4817403,RGLD,USD,2021-10-15,99.74,99.74,97.23,98.96,5482,1144,99.034
US7802871084,4817403,RGLD,USD,2021-10-18,98.4,99.23,97.55,98.25,3778,749,98.536
US7802871084,4817403,RGLD,USD,2021-10-19,99.51,99.62,97.63,98.31,3534,797,98.195
US7802871084,4817403,RGLD,USD,2021-10-20,98.68,99.89,98.11,99.2,4001,1000,98.993
US7802871084,4817403,RGLD,USD,2021-10-21,98.76,99.13,97.8,98.9,3823,909,98.774
US7802871084,4817403,RGLD,USD,2021-10-22,100.0,101.95,98.37,99.15,4689,1380,99.837
US7802871084,4817403,RGLD,USD,2021-10-25,100.21,102.08,99.7,100.49,6585,1637,101.184
US7802871084,4817403,RGLD,USD,2021-10-26,100.05,101.06,99.59,100.85,4571,1313,100.456
US7802871084,4817403,RGLD,USD,2021-10-27,100.84,101.67,100.23,101.26,4995,1065,101.247
US7802871084,4817403,RGLD,USD,2021-10-28,101.06,102.5,100.38,101.64,7057,1383,101.589
US7802871084,4817403,RGLD,USD,2021-10-29,100.62,101.55,98.35,99.02,10137,2342,99.7
US7802871084,4817403,RGLD,USD,2021-11-01,98.87,101.94,98.53,101.46,5078,1279,101.172
US7802871084,4817403,RGLD,USD,2021-11-02,100.89,102.16,99.59,102.09,5350,1555,101.386
US7802871084,4817403,RGLD,USD,2021-11-03,101.08,105.0,100.39,105.0,5660,1385,102.26
US7802871084,4817403,RGLD,USD,2021-11-04,103.24,108.18,102.92,103.13,8918,2351,104.276
US7802871084,4817403,RGLD,USD,2021-11-05,104.05,106.16,103.67,105.16,12887,1824,105.241
US7802871084,4817403,RGLD,USD,2021-11-08,106.46,106.46,100.62,102.04,22526,4741,101.898
US7802871084,4817403,RGLD,USD,2021-11-09,102.06,104.47,101.7,104.24,6392,1087,103.344
US7802871084,4817403,RGLD,USD,2021-11-10,105.22,107.82,103.06,103.94,8956,1470,104.969
US7802871084,4817403,RGLD,USD,2021-11-11,106.19,106.74,105.02,106.26,9269,1480,106.232
US7802871084,4817403,RGLD,USD,2021-11-12,105.58,107.6,105.4,106.71,6840,1334,106.744
US7802871084,4817403,RGLD,USD,2021-11-15,106.43,108.18,106.04,107.34,9564,1857,107.194
US7802871084,4817403,RGLD,USD,2021-11-16,106.7,107.56,106.7,107.17,6705,1414,107.184
US7802871084,4817403,RGLD,USD,2021-11-17,108.49,108.88,107.25,107.63,7670,1802,108.091
US7802871084,4817403,RGLD,USD,2021-11-18,107.37,107.97,106.61,107.21,4767,1179,107.157
US7802871084,4817403,RGLD,USD,2021-11-19,107.0,107.35,105.05,105.05,7755,1974,106.004
US7802871084,4817403,RGLD,USD,2021-11-22,106.05,106.16,103.36,104.64,7396,1689,105.114
US7802871084,4817403,RGLD,USD,2021-11-23,103.32,104.33,101.47,101.84,6577,1717,102.057
US7802871084,4817403,RGLD,USD,2021-11-24,101.79,102.47,101.01,101.31,6599,800,101.431
US7802871084,4817403,RGLD,USD,2021-11-26,102.5,102.86,100.89,102.32,3344,932,101.878
US7802871084,4817403,RGLD,USD,2021-11-29,102.3,103.1,100.47,102.7,8494,1817,102.123
US7802871084,4817403,RGLD,USD,2021-11-30,103.43,104.56,99.18,100.03,8605,1697,100.815
US7802871084,4817403,RGLD,USD,2021-12-01,100.33,101.91,97.47,97.65,7326,1687,99.11
US7802871084,4817403,RGLD,USD,2021-12-02,97.5,99.51,96.64,98.9,8725,2384,98.436
US7802871084,4817403,RGLD,USD,2021-12-03,99.37,100.2,97.95,98.66,8659,1932,98.769
US7802871084,4817403,RGLD,USD,2021-12-06,98.62,99.95,97.48,98.07,8433,2377,98.412
US7802871084,4817403,RGLD,USD,2021-12-07,98.52,101.05,98.48,100.56,8297,2212,100.208
US7802871084,4817403,RGLD,USD,2021-12-08,100.65,101.48,99.6,101.22,6279,1460,100.56
US7802871084,4817403,RGLD,USD,2021-12-09,100.31,100.48,98.35,99.44,6724,1784,99.28
US7802871084,4817403,RGLD,USD,2021-12-10,99.44,99.93,98.04,98.15,9194,1978,98.68
US7802871084,4817403,RGLD,USD,2021-12-13,98.26,99.06,97.6,98.11,8561,2059,98.268
US7802871084,4817403,RGLD,USD,2021-12-14,97.03,98.9,95.94,96.12,8204,2108,96.886
US7802871084,4817403,RGLD,USD,2021-12-15,95.98,97.06,94.0,96.38,8254,2236,95.638
US7802871084,4817403,RGLD,USD,2021-12-16,97.75,98.7,97.13,98.01,7700,1970,97.916
US7802871084,4817403,RGLD,USD,2021-12-17,98.66,101.77,98.25,101.34,27676,3222,101.076
US7802871084,4817403,RGLD,USD,2021-12-20,101.3,102.64,99.52,102.3,7308,1608,101.713
US7802871084,4817403,RGLD,USD,2021-12-21,102.69,103.89,101.43,103.13,4633,1230,102.854
US7802871084,4817403,RGLD,USD,2021-12-22,103.88,103.99,101.87,103.39,9221,783,103.149
US7802871084,4817403,RGLD,USD,2021-12-23,103.39,104.09,102.07,103.63,7871,1127,103.634
US7802871084,4817403,RGLD,USD,2021-12-27,103.69,104.75,102.75,104.63,5947,1051,104.431
US7802871084,4817403,RGLD,USD,2021-12-28,105.0,105.39,104.07,104.44,5211,1108,104.54
US7802871084,4817403,RGLD,USD,2021-12-29,103.6,104.56,103.2,104.23,4749,1357,104.112
US7802871084,4817403,RGLD,USD,2021-12-30,104.1,105.07,103.91,104.73,3821,991,104.496
US7802871084,4817403,RGLD,USD,2021-12-31,104.98,106.75,104.57,106.75,1985,423,105.135
US7802871084,4817403,RGLD,USD,2022-01-03,103.67,104.8,103.07,103.57,5012,923,103.577
US7802871084,4817403,RGLD,USD,2022-01-04,104.0,104.69,102.3,102.61,8533,1401,102.964
US7802871084,4817403,RGLD,USD,2022-01-05,103.35,104.61,101.4,102.66,7576,1651,102.382
US7802871084,4817403,RGLD,USD,2022-01-06,99.98,100.39,97.98,98.0,7316,1963,98.774
US7802871084,4817403,RGLD,USD,2022-01-07,98.55,99.82,97.57,99.29,9365,2092,98.999
US7802871084,4817403,RGLD,USD,2022-01-10,99.29,102.78,98.92,101.96,13941,2887,101.683
US7802871084,4817403,RGLD,USD,2022-01-11,101.96,102.61,100.7,102.32,10722,2152,101.786
US7802871084,4817403,RGLD,USD,2022-01-12,102.32,103.07,101.0,102.37,7190,1875,102.0
US7802871084,4817403,RGLD,USD,2022-01-13,102.43,102.73,100.92,101.18,4119,1181,101.568
US7802871084,4817403,RGLD,USD,2022-01-14,100.06,101.37,98.71,99.53,4487,795,99.56
US7802871084,4817403,RGLD,USD,2022-01-18,99.45,100.01,98.14,99.45,6643,1849,99.268
US7802871084,4817403,RGLD,USD,2022-01-19,100.25,105.54,100.25,105.5,7426,1966,104.013
US7802871084,4817403,RGLD,USD,2022-01-20,105.5,106.45,103.87,103.94,7756,1969,104.766
US7802871084,4817403,RGLD,USD,2022-01-21,104.26,104.6,101.38,102.25,7409,1646,102.572
US7802871084,4817403,RGLD,USD,2022-01-24,101.76,102.92,100.35,102.53,14743,4021,101.854
US7802871084,4817403,RGLD,USD,2022-01-25,102.45,104.06,101.86,103.2,11941,3693,103.042
US7802871084,4817403,RGLD,USD,2022-01-26,103.0,103.5,101.42,101.62,19542,5052,102.152
US7802871084,4817403,RGLD,USD,2022-01-27,100.06,102.42,99.69,99.97,11044,2957,100.594
US7802871084,4817403,RGLD,USD,2022-01-28,100.0,100.0,97.96,99.35,14429,4108,98.959
US7802871084,4817403,RGLD,USD,2022-01-31,99.65,102.21,98.66,101.55,47950,3342,101.442
US7802871084,4817403,RGLD,USD,2022-02-01,102.27,103.43,101.3,102.9,7160,2122,102.713
US7802871084,4817403,RGLD,USD,2022-02-02,103.45,104.96,102.15,103.93,8644,2239,103.979
US7802871084,4817403,RGLD,USD,2022-02-03,103.47,103.63,101.66,101.8,4585,1387,102.354
US7802871084,4817403,RGLD,USD,2022-02-04,102.58,103.43,101.21,101.65,3999,1079,102.377
US7802871084,4817403,RGLD,USD,2022-02-07,103.17,105.05,101.78,104.47,4057,1110,104.002
US7802871084,4817403,RGLD,USD,2022-02-08,104.75,106.44,104.53,106.35,7378,1086,106.07
US7802871084,4817403,RGLD,USD,2022-02-09,106.44,107.29,105.13,105.38,8132,1714,105.756
US7802871084,4817403,RGLD,USD,2022-02-10,104.59,106.0,100.75,101.38,7871,2137,102.631
US7802871084,4817403,RGLD,USD,2022-02-11,101.65,108.72,101.63,108.24,8567,2458,107.058
US7802871084,4817403,RGLD,USD,2022-02-14,108.73,109.53,107.43,109.04,7266,1837,108.781
US7802871084,4817403,RGLD,USD,2022-02-15,108.43,109.31,105.52,109.01,9226,2140,108.405
US7802871084,4817403,RGLD,USD,2022-02-16,109.05,113.59,106.8,113.59,8330,2337,110.553
US7802871084,4817403,RGLD,USD,2022-02-17,110.51,119.99,110.51,118.79,12889,3623,117.992
US7802871084,4817403,RGLD,USD,2022-02-18,118.0,121.74,117.44,121.12,13627,2488,119.555
US7802871084,4817403,RGLD,USD,2022-02-22,119.71,123.16,118.53,118.55,12858,3350,119.975
US7802871084,4817403,RGLD,USD,2022-02-23,118.01,122.0,116.91,122.0,9548,2405,119.541
US7802871084,4817403,RGLD,USD,2022-02-24,125.65,127.4,114.28,116.34,10336,2686,118.049
US7802871084,4817403,RGLD,USD,2022-02-25,115.57,120.66,114.86,120.48,6781,1822,119.522
US7802871084,4817403,RGLD,USD,2022-02-28,120.14,122.21,120.01,121.26,8391,1634,121.309
US7802871084,4817403,RGLD,USD,2022-03-01,121.58,128.17,121.58,127.1,14081,3439,126.39
US7802871084,4817403,RGLD,USD,2022-03-02,124.98,126.67,123.53,126.13,9722,2510,125.595
US7802871084,4817403,RGLD,USD,2022-03-03,126.5,127.41,124.89,126.69,6012,1722,126.055
US7802871084,4817403,RGLD,USD,2022-03-04,125.94,129.37,125.94,128.55,8276,2408,128.625
US7802871084,4817403,RGLD,USD,2022-03-07,130.05,131.1,127.12,130.5,13265,3150,129.592
US7802871084,4817403,RGLD,USD,2022-03-08,131.62,134.0,129.07,130.49,13992,3732,131.093
US7802871084,4817403,RGLD,USD,2022-03-09,129.18,131.78,122.68,131.37,10913,2819,129.357
US7802871084,4817403,RGLD,USD,2022-03-10,131.95,137.15,131.5,135.23,15805,3482,135.963
US7802871084,4817403,RGLD,USD,2022-03-11,132.16,138.7,131.87,137.18,13277,3157,136.595
US7802871084,4817403,RGLD,USD,2022-03-14,136.8,136.8,132.29,133.5,12766,2868,133.973
US7802871084,4817403,RGLD,USD,2022-03-15,131.0,137.2,130.53,136.15,9423,2192,135.367
US7802871084,4817403,RGLD,USD,2022-03-16,137.0,137.36,133.04,134.95,9710,2318,135.059
US7802871084,4817403,RGLD,USD,2022-03-17,134.95,139.71,134.95,136.68,8516,2155,137.423
US7802871084,4817403,RGLD,USD,2022-03-18,136.38,137.49,134.25,137.16,28415,2952,136.855
US7802871084,4817403,RGLD,USD,2022-03-21,137.83,140.96,137.73,139.22,9018,2139,139.451
US7802871084,4817403,RGLD,USD,2022-03-22,138.8,139.09,136.38,137.41,7065,1826,137.383
US7802871084,4817403,RGLD,USD,2022-03-23,137.49,141.51,137.49,140.79,5476,1488,140.002
US7802871084,4817403,RGLD,USD,2022-03-24,141.95,142.67,139.01,140.28,7495,1758,140.437
US7802871084,4817403,RGLD,USD,2022-03-25,139.31,140.5,137.79,140.33,7731,1703,139.375
US7802871084,4817403,RGLD,USD,2022-03-28,138.29,141.33,138.12,139.74,5533,1448,139.964
US7802871084,4817403,RGLD,USD,2022-03-29,136.8,141.19,135.25,140.8,6429,1669,139.723
US7802871084,4817403,RGLD,USD,2022-03-30,141.5,142.46,140.44,142.4,5018,1167,141.735
US7802871084,4817403,RGLD,USD,2022-03-31,142.42,143.35,141.0,141.28,6333,1102,141.988
US7802871084,4817403,RGLD,USD,2022-04-01,140.13,146.62,140.13,146.33,7482,1637,145.224
US7802871084,4817403,RGLD,USD,2022-04-04,146.33,147.52,143.18,144.92,4764,1324,144.733
US7802871084,4817403,RGLD,USD,2022-04-05,145.15,146.33,140.78,141.97,9846,1450,142.302
US7802871084,4817403,RGLD,USD,2022-04-06,142.2,144.9,141.81,143.16,7146,2122,143.419
US7802871084,4817403,RGLD,USD,2022-04-07,142.7,144.81,142.7,144.37,5618,1366,144.154
US7802871084,4817403,RGLD,USD,2022-04-08,145.0,146.31,143.96,145.05,5116,1464,145.227
US7802871084,4817403,RGLD,USD,2022-04-11,145.26,147.82,143.46,145.3,6922,1300,144.675
US7802871084,4817403,RGLD,USD,2022-04-12,145.5,146.81,143.42,143.62,6100,1734,144.77
US7802871084,4817403,RGLD,USD,2022-04-13,144.47,145.68,143.36,144.62,7958,1713,144.568
US7802871084,4817403,RGLD,USD,2022-04-14,143.64,145.06,142.45,144.93,6664,1662,144.222
US7802871084,4817403,RGLD,USD,2022-04-18,149.45,149.46,143.33,143.42,5836,1391,144.33
US7802871084,4817403,RGLD,USD,2022-04-19,143.0,143.5,141.11,142.11,5010,1212,142.173
US7802871084,4817403,RGLD,USD,2022-04-20,141.61,144.46,141.5,144.23,4361,1096,143.423
US7802871084,4817403,RGLD,USD,2022-04-21,143.45,143.45,138.34,140.04,6557,1737,140.008
US7802871084,4817403,RGLD,USD,2022-04-22,139.0,139.53,135.53,137.29,8056,2099,137.417
US7802871084,4817403,RGLD,USD,2022-04-25,134.44,136.17,130.7,134.96,12905,3789,133.954
US7802871084,4817403,RGLD,USD,2022-04-26,136.11,136.11,131.34,131.5,8078,1808,132.271
US7802871084,4817403,RGLD,USD,2022-04-27,131.0,132.92,127.51,127.51,6801,1877,131.193
US7802871084,4817403,RGLD,USD,2022-04-28,130.77,131.71,129.03,131.36,7232,1940,130.944
US7802871084,4817403,RGLD,USD,2022-04-29,133.51,133.51,129.45,130.48,27941,2409,130.655
US7802871084,4817403,RGLD,USD,2022-05-02,129.5,131.39,127.54,130.32,10436,2840,129.684
US7802871084,4817403,RGLD,USD,2022-05-03,128.97,133.0,128.97,131.22,5203,1528,131.643
US7802871084,4817403,RGLD,USD,2022-05-04,130.67,133.38,129.52,133.21,7617,1792,132.224
US7802871084,4817403,RGLD,USD,2022-05-05,136.67,137.33,130.17,132.58,6664,2015,132.242
US7802871084,4817403,RGLD,USD,2022-05-06,131.7,133.38,129.18,130.14,6951,1879,130.82
US7802871084,4817403,RGLD,USD,2022-05-09,127.16,127.65,122.68,123.58,7924,2325,124.57
US7802871084,4817403,RGLD,USD,2022-05-10,124.49,125.13,120.45,121.48,10906,2879,121.943
US7802871084,4817403,RGLD,USD,2022-05-11,121.49,125.08,121.49,122.17,7005,1852,122.944
US7802871084,4817403,RGLD,USD,2022-05-12,122.97,123.27,116.25,117.88,10463,2566,118.388
US7802871084,4817403,RGLD,USD,2022-05-13,117.46,119.59,116.45,118.0,6169,1579,118.11
US7802871084,4817403,RGLD,USD,2022-05-16,116.9,118.43,116.08,116.61,4789,1219,116.881
US7802871084,4817403,RGLD,USD,2022-05-17,118.21,118.57,115.41,117.47,5143,1325,116.436
US7802871084,4817403,RGLD,USD,2022-05-18,116.3,117.02,112.25,112.3,6896,1748,113.134
US7802871084,4817403,RGLD,USD,2022-05-19,111.66,116.77,111.01,115.92,8301,2369,115.726
US7802871084,4817403,RGLD,USD,2022-05-20,115.39,115.43,112.1,114.41,7993,2032,113.607
US7802871084,4817403,RGLD,USD,2022-05-23,115.95,117.31,113.59,113.87,7152,2060,114.496
US7802871084,4817403,RGLD,USD,2022-05-24,114.59,115.85,113.32,114.8,7114,2072,114.698
US7802871084,4817403,RGLD,USD,2022-05-25,114.05,115.44,113.25,114.83,4787,1441,114.588
US7802871084,4817403,RGLD,USD,2022-05-26,114.73,115.31,113.78,115.02,9330,2060,114.688
US7802871084,4817403,RGLD,USD,2022-05-27,116.23,116.97,114.68,115.33,7299,1876,115.496
US7802871084,4817403,RGLD,USD,2022-05-31,113.74,116.74,112.6,113.08,9566,2215,113.77
US7802871084,4817403,RGLD,USD,2022-06-01,113.08,115.5,112.13,114.44,6702,1851,114.259
US7802871084,4817403,RGLD,USD,2022-06-02,115.39,118.73,115.39,118.6,6339,1723,117.916
US7802871084,4817403,RGLD,USD,2022-06-03,118.0,118.33,112.7,116.06,6522,1724,116.265
US7802871084,4817403,RGLD,USD,2022-06-06,116.71,117.27,114.0,114.84,7620,2165,114.83
US7802871084,4817403,RGLD,USD,2022-06-07,115.0,117.69,114.47,116.48,6670,1580,115.83
US7802871084,4817403,RGLD,USD,2022-06-08,116.48,116.48,114.62,115.18,9883,1866,115.196
US7802871084,4817403,RGLD,USD,2022-06-09,114.72,114.94,110.92,111.02,9792,2973,112.226
US7802871084,4817403,RGLD,USD,2022-06-10,110.8,115.72,108.89,115.7,8953,2272,113.673
US7802871084,4817403,RGLD,USD,2022-06-13,115.06,115.98,108.0,108.0,10208,2921,109.544
US7802871084,4817403,RGLD,USD,2022-06-14,108.87,109.0,105.06,105.06,12590,3484,106.48
US7802871084,4817403,RGLD,USD,2022-06-15,115.66,115.66,103.57,107.07,15662,4168,106.14
US7802871084,4817403,RGLD,USD,2022-06-16,107.12,109.77,105.43,109.19,11260,3137,107.968
US7802871084,4817403,RGLD,USD,2022-06-17,109.07,110.05,108.12,108.93,21777,2261,109.017
US7802871084,4817403,RGLD,USD,2022-06-21,108.52,111.24,108.33,109.69,5823,1267,110.049
US7802871084,4817403,RGLD,USD,2022-06-22,110.32,111.54,108.69,109.2,4768,938,109.599
US7802871084,4817403,RGLD,USD,2022-06-23,108.97,110.5,106.52,107.28,6098,1514,107.573
US7802871084,4817403,RGLD,USD,2022-06-24,107.0,109.85,106.17,109.68,11462,1484,109.395
US7802871084,4817403,RGLD,USD,2022-06-27,109.84,110.54,108.19,110.15,5790,1413,109.847
US7802871084,4817403,RGLD,USD,2022-06-28,110.32,110.98,109.55,110.29,7044,1506,110.155
US7802871084,4817403,RGLD,USD,2022-06-29,111.04,111.77,108.88,109.76,6279,1392,109.704
US7802871084,4817403,RGLD,USD,2022-06-30,110.29,110.29,106.31,107.11,5608,999,107.404
US7802871084,4817403,RGLD,USD,2022-07-01,105.65,110.73,105.28,110.25,5036,1378,109.27
US7802871084,4817403,RGLD,USD,2022-07-05,110.0,110.14,104.78,107.0,9566,2426,107.199
US7802871084,4817403,RGLD,USD,2022-07-06,107.98,108.06,103.77,106.66,7495,1835,105.955
US7802871084,4817403,RGLD,USD,2022-07-07,106.91,108.94,106.5,108.04,5583,1358,107.785
US7802871084,4817403,RGLD,USD,2022-07-08,108.5,109.7,106.98,107.79,8699,1474,108.123
US7802871084,4817403,RGLD,USD,2022-07-11,107.46,109.57,106.78,108.71,7610,1494,108.561
US7802871084,4817403,RGLD,USD,2022-07-12,108.9,109.13,104.57,105.25,10541,2719,106.425
US7802871084,4817403,RGLD,USD,2022-07-13,103.84,108.93,103.84,106.61,6880,1706,106.776
US7802871084,4817403,RGLD,USD,2022-07-14,104.78,104.78,101.1,103.76,6803,1680,103.152
US7802871084,4817403,RGLD,USD,2022-07-15,104.0,104.61,102.37,104.0,5502,1241,103.375
US7802871084,4817403,RGLD,USD,2022-07-18,104.11,105.28,102.4,102.46,5802,1389,103.267
US7802871084,4817403,RGLD,USD,2022-07-19,102.87,103.9,102.21,103.08,6603,1541,102.887
US7802871084,4817403,RGLD,USD,2022-07-20,103.1,103.67,99.54,99.73,9905,1981,100.405
US7802871084,4817403,RGLD,USD,2022-07-21,99.05,104.09,99.03,102.8,8079,1952,102.51
US7802871084,4817403,RGLD,USD,2022-07-22,103.94,105.4,101.8,102.31,5148,1419,103.023
US7802871084,4817403,RGLD,USD,2022-07-25,102.3,102.69,99.57,100.5,6470,1787,100.58
US7802871084,4817403,RGLD,USD,2022-07-26,101.62,103.3,100.54,102.96,6586,1861,102.715
US7802871084,4817403,RGLD,USD,2022-07-27,102.96,104.46,101.27,103.73,5492,1505,103.314
US7802871084,4817403,RGLD,USD,2022-07-28,105.66,107.12,103.81,105.0,6110,1745,104.962
US7802871084,4817403,RGLD,USD,2022-07-29,104.46,105.5,102.5,104.77,17786,1642,104.736
US7802871084,4817403,RGLD,USD,2022-08-01,105.1,105.66,103.13,105.59,5749,1483,105.002
US7802871084,4817403,RGLD,USD,2022-08-02,105.55,107.0,103.39,104.33,11079,3228,104.527
US7802871084,4817403,RGLD,USD,2022-08-03,103.86,103.95,101.21,101.71,8437,2357,101.999
US7802871084,4817403,RGLD,USD,2022-08-04,101.86,103.83,98.22,102.88,14463,4326,101.477
US7802871084,4817403,RGLD,USD,2022-08-05,101.06,102.8,98.48,102.8,9846,2714,101.854
US7802871084,4817403,RGLD,USD,2022-08-08,103.8,105.5,103.08,105.4,8681,2445,104.671
US7802871084,4817403,RGLD,USD,2022-08-09,105.58,105.74,103.12,104.12,7964,1962,104.009
US7802871084,4817403,RGLD,USD,2022-08-10,105.0,105.28,103.42,104.08,7526,2082,104.258
US7802871084,4817403,RGLD,USD,2022-08-11,104.16,104.21,101.15,101.45,8392,2107,101.951
US7802871084,4817403,RGLD,USD,2022-08-12,102.15,103.25,101.92,102.86,6360,1709,102.716
US7802871084,4817403,RGLD,USD,2022-08-15,101.95,101.95,99.62,100.86,7142,1492,100.644
US7802871084,4817403,RGLD,USD,2022-08-16,100.05,101.81,99.24,101.67,5725,1432,101.094
US7802871084,4817403,RGLD,USD,2022-08-17,101.37,101.37,99.17,99.4,12043,3173,100.041
US7802871084,4817403,RGLD,USD,2022-08-18,100.39,101.1,99.78,100.15,10388,1975,100.258
US7802871084,4817403,RGLD,USD,2022-08-19,99.73,99.97,96.93,97.2,7901,2198,97.788
US7802871084,4817403,RGLD,USD,2022-08-22,97.05,98.3,94.1,97.24,5149,1268,97.277
US7802871084,4817403,RGLD,USD,2022-08-23,97.0,99.54,97.0,98.86,7849,1844,98.638
US7802871084,4817403,RGLD,USD,2022-08-24,98.4,100.57,97.77,100.04,4218,1129,99.691
US7802871084,4817403,RGLD,USD,2022-08-25,100.44,100.66,98.79,99.83,5030,1222,99.461
US7802871084,4817403,RGLD,USD,2022-08-26,99.58,99.71,95.62,96.26,4505,1314,96.87
US7802871084,4817403,RGLD,USD,2022-08-29,95.45,97.02,95.12,95.27,3994,1041,95.586
US7802871084,4817403,RGLD,USD,2022-08-30,95.0,95.02,93.62,93.98,6427,1610,94.118
US7802871084,4817403,RGLD,USD,2022-08-31,93.46,94.21,91.81,91.9,11867,2594,92.324
US7802871084,4817403,RGLD,USD,2022-09-01,91.72,91.72,88.64,89.43,8207,2255,89.347
US7802871084,4817403,RGLD,USD,2022-09-02,90.38,92.12,89.28,90.29,8174,2365,90.833
US7802871084,4817403,RGLD,USD,2022-09-06,91.35,91.95,90.51,90.82,8680,2317,91.297
US7802871084,4817403,RGLD,USD,2022-09-07,91.26,95.04,91.15,94.26,5996,1571,93.827
US7802871084,4817403,RGLD,USD,2022-09-08,95.0,95.19,93.18,94.44,6357,1770,94.166
US7802871084,4817403,RGLD,USD,2022-09-09,95.15,96.46,94.77,96.05,4866,1038,95.875
US7802871084,4817403,RGLD,USD,2022-09-12,96.45,98.0,95.56,96.14,6769,1604,96.41
US7802871084,4817403,RGLD,USD,2022-09-13,95.06,95.22,93.0,93.37,7209,1772,93.758
US7802871084,4817403,RGLD,USD,2022-09-14,94.44,94.95,92.99,93.59,5122,1362,93.797
US7802871084,4817403,RGLD,USD,2022-09-15,94.73,95.02,90.69,91.71,8887,2394,91.584
US7802871084,4817403,RGLD,USD,2022-09-16,91.34,94.72,90.37,93.26,15337,1894,93.027
US7802871084,4817403,RGLD,USD,2022-09-19,92.35,94.19,91.8,93.72,5069,1310,93.344
US7802871084,4817403,RGLD,USD,2022-09-20,92.46,93.3,91.15,92.64,5100,1279,92.46
US7802871084,4817403,RGLD,USD,2022-09-21,93.43,94.61,91.73,92.7,5512,1544,92.862
US7802871084,4817403,RGLD,USD,2022-09-22,92.8,93.77,91.22,91.88,4113,1031,91.926
US7802871084,4817403,RGLD,USD,2022-09-23,90.0,90.0,87.06,87.73,7184,1861,88.085
US7802871084,4817403,RGLD,USD,2022-09-26,87.45,88.43,84.54,85.84,8007,1767,86.328
US7802871084,4817403,RGLD,USD,2022-09-27,87.56,88.29,86.15,86.73,5450,1420,86.922
US7802871084,4817403,RGLD,USD,2022-09-28,88.2,94.07,88.2,92.85,10316,2723,91.654
US7802871084,4817403,RGLD,USD,2022-09-29,92.3,93.79,91.66,92.92,9250,2218,92.723
US7802871084,4817403,RGLD,USD,2022-09-30,92.4,95.3,92.29,93.82,7965,1715,93.974
US7802871084,4817403,RGLD,USD,2022-10-03,95.29,97.94,94.2,96.46,9550,2674,96.724
US7802871084,4817403,RGLD,USD,2022-10-04,97.83,99.77,97.59,99.16,5513,1242,98.942
US7802871084,4817403,RGLD,USD,2022-10-05,96.69,97.73,95.69,97.24,4195,1091,97.202
US7802871084,4817403,RGLD,USD,2022-10-06,97.34,99.66,96.76,99.41,6617,1771,98.893
US7802871084,4817403,RGLD,USD,2022-10-07,98.34,98.34,93.71,93.88,9004,2144,95.128
US7802871084,4817403,RGLD,USD,2022-10-10,93.05,95.22,92.56,94.18,3559,917,94.143
US7802871084,4817403,RGLD,USD,2022-10-11,93.79,96.78,93.11,94.79,6305,1373,95.009
US7802871084,4817403,RGLD,USD,2022-10-12,94.05,96.0,93.42,94.32,4144,1174,94.435
US7802871084,4817403,RGLD,USD,2022-10-13,92.6,93.62,87.68,92.65,7193,1996,91.548
US7802871084,4817403,RGLD,USD,2022-10-14,92.55,92.55,89.07,89.53,5565,1382,89.697
US7802871084,4817403,RGLD,USD,2022-10-17,90.16,93.76,90.16,91.67,6925,1956,92.304
US7802871084,4817403,RGLD,USD,2022-10-18,92.86,93.58,92.25,93.48,5534,1547,93.161
US7802871084,4817403,RGLD,USD,2022-10-19,92.81,92.81,90.0,90.8,6165,1740,90.826
US7802871084,4817403,RGLD,USD,2022-10-20,90.99,93.29,90.45,91.58,4937,1363,91.761
US7802871084,4817403,RGLD,USD,2022-10-21,91.62,95.94,91.56,95.2,6823,1806,94.662
US7802871084,4817403,RGLD,USD,2022-10-24,95.0,95.0,93.22,94.43,4576,1001,94.215
US7802871084,4817403,RGLD,USD,2022-10-25,94.85,96.43,94.62,96.36,4471,1108,95.961
US7802871084,4817403,RGLD,USD,2022-10-26,97.26,99.92,97.03,98.45,5856,1380,98.638
US7802871084,4817403,RGLD,USD,2022-10-27,98.45,98.89,96.95,97.06,4031,1029,97.532
US7802871084,4817403,RGLD,USD,2022-10-28,96.0,96.75,95.24,96.65,3361,849,96.233
US7802871084,4817403,RGLD,USD,2022-10-31,95.77,96.49,94.46,94.96,10587,1342,95.064
US7802871084,4817403,RGLD,USD,2022-11-01,96.81,97.44,95.64,97.13,6061,1586,96.811
US7802871084,4817403,RGLD,USD,2022-11-02,97.85,98.15,90.0,90.0,9689,2448,94.554
US7802871084,4817403,RGLD,USD,2022-11-03,89.68,89.82,86.75,87.57,16093,3954,87.72
US7802871084,4817403,RGLD,USD,2022-11-04,89.52,96.02,89.52,95.68,10550,3109,93.808
US7802871084,4817403,RGLD,USD,2022-11-07,95.68,97.27,95.37,95.86,7304,2183,96.188
US7802871084,4817403,RGLD,USD,2022-11-08,95.87,102.42,95.65,101.43,7937,2257,101.109
US7802871084,4817403,RGLD,USD,2022-11-09,101.0,102.26,99.83,100.29,7032,1887,100.805
US7802871084,4817403,RGLD,USD,2022-11-10,102.28,106.64,102.28,105.03,7607,2150,105.325
US7802871084,4817403,RGLD,USD,2022-11-11,105.03,109.96,103.07,107.11,4122,986,104.605
US7802871084,4817403,RGLD,USD,2022-11-14,105.77,106.8,103.02,106.48,5639,1532,105.978
US7802871084,4817403,RGLD,USD,2022-11-15,108.79,108.79,104.61,105.65,4067,1011,105.636
US7802871084,4817403,RGLD,USD,2022-11-16,105.65,106.73,104.92,105.71,3863,968,105.821
US7802871084,4817403,RGLD,USD,2022-11-17,103.91,104.16,101.93,102.95,4003,916,102.901
US7802871084,4817403,RGLD,USD,2022-11-18,102.94,104.47,101.64,104.4,3217,662,103.786
US7802871084,4817403,RGLD,USD,2022-11-21,104.34,105.12,103.63,104.99,2959,678,104.676
US7802871084,4817403,RGLD,USD,2022-11-22,105.91,110.12,105.84,109.48,6341,1475,109.218
US7802871084,4817403,RGLD,USD,2022-11-23,110.0,110.71,107.66,110.1,4063,1139,109.636
US7802871084,4817403,RGLD,USD,2022-11-25,110.42,110.42,107.92,108.52,1845,418,108.738
US7802871084,4817403,RGLD,USD,2022-11-28,108.01,108.34,105.08,105.21,4049,953,105.922
US7802871084,4817403,RGLD,USD,2022-11-29,106.67,111.6,106.5,111.6,19834,1529,110.482
US7802871084,4817403,RGLD,USD,2022-11-30,109.9,112.74,108.44,112.33,10605,2112,111.325
US7802871084,4817403,RGLD,USD,2022-12-01,113.0,116.04,112.54,114.0,10033,2127,114.19
US7802871084,4817403,RGLD,USD,2022-12-02,111.54,114.63,111.54,113.72,5598,1347,113.549
US7802871084,4817403,RGLD,USD,2022-12-05,112.57,112.66,110.04,110.47,5210,1256,110.969
US7802871084,4817403,RGLD,USD,2022-12-06,111.98,112.49,110.23,110.67,6235,1344,110.878
US7802871084,4817403,RGLD,USD,2022-12-07,112.05,113.13,110.66,111.6,4893,977,111.688
US7802871084,4817403,RGLD,USD,2022-12-08,112.53,113.13,111.35,111.99,4162,906,112.047
US7802871084,4817403,RGLD,USD,2022-12-09,112.59,113.63,110.4,110.55,4808,963,111.306
US7802871084,4817403,RGLD,USD,2022-12-12,109.1,109.63,106.75,108.99,8125,2147,108.069
US7802871084,4817403,RGLD,USD,2022-12-13,112.0,113.73,110.68,112.86,7397,1827,112.122
US7802871084,4817403,RGLD,USD,2022-12-14,112.27,113.16,110.31,111.56,8394,2400,111.644
US7802871084,4817403,RGLD,USD,2022-12-15,108.84,109.73,106.58,106.95,7930,2113,107.826
US7802871084,4817403,RGLD,USD,2022-12-16,106.44,108.28,106.34,107.4,27548,1890,107.327
US7802871084,4817403,RGLD,USD,2022-12-19,107.93,108.69,105.78,107.0,6503,1598,106.646
US7802871084,4817403,RGLD,USD,2022-12-20,109.0,111.76,108.65,110.39,8073,2170,110.638
US7802871084,4817403,RGLD,USD,2022-12-21,111.09,112.7,110.66,111.98,7598,1728,111.995
US7802871084,4817403,RGLD,USD,2022-12-22,111.65,111.85,109.73,111.79,6685,1818,111.178
US7802871084,4817403,RGLD,USD,2022-12-23,112.34,113.7,110.91,113.0,5178,1401,112.785
US7802871084,4817403,RGLD,USD,2022-12-27,114.55,115.89,112.9,114.41,5377,1272,114.48
US7802871084,4817403,RGLD,USD,2022-12-28,113.01,114.06,111.21,111.5,4720,1125,112.166
US7802871084,4817403,RGLD,USD,2022-12-29,112.87,113.41,111.98,112.25,6173,1485,112.518
US7802871084,4817403,RGLD,USD,2022-12-30,112.65,112.95,111.5,112.0,4933,1080,112.392
US7802871084,4817403,RGLD,USD,2023-01-03,114.59,117.0,114.29,116.84,9875,2172,116.049
US7802871084,4817403,RGLD,USD,2023-01-04,117.12,120.97,117.1,119.22,10883,2450,119.633
US7802871084,4817403,RGLD,USD,2023-01-05,117.42,120.62,116.76,119.64,5196,1093,119.48
US7802871084,4817403,RGLD,USD,2023-01-06,123.02,126.48,122.3,124.87,9690,2349,124.72
US7802871084,4817403,RGLD,USD,2023-01-09,125.63,125.8,122.21,122.41,8936,2038,123.485
US7802871084,4817403,RGLD,USD,2023-01-10,122.4,124.77,121.76,124.73,5634,1348,123.812
US7802871084,4817403,RGLD,USD,2023-01-11,125.14,125.14,122.51,124.43,5975,1468,124.406
US7802871084,4817403,RGLD,USD,2023-01-12,124.77,127.84,124.26,126.78,4710,1150,126.661
US7802871084,4817403,RGLD,USD,2023-01-13,127.51,129.22,127.01,128.65,6761,1527,128.622
US7802871084,4817403,RGLD,USD,2023-01-17,127.92,127.94,123.63,123.86,10329,2492,125.546
US7802871084,4817403,RGLD,USD,2023-01-18,125.26,126.43,122.44,122.59,4108,1089,123.355
US7802871084,4817403,RGLD,USD,2023-01-19,121.85,125.73,121.85,125.11,5889,1725,124.593
US7802871084,4817403,RGLD,USD,2023-01-20,125.15,126.28,123.6,126.07,3931,1059,125.598
US7802871084,4817403,RGLD,USD,2023-01-23,125.51,126.62,124.2,126.34,4251,1127,125.649
US7802871084,4817403,RGLD,USD,2023-01-24,125.04,128.6,125.04,128.31,4304,1094,127.778
US7802871084,4817403,RGLD,USD,2023-01-25,127.5,131.89,127.5,131.43,6418,1728,130.818
US7802871084,4817403,RGLD,USD,2023-01-26,132.26,132.27,128.13,129.72,5625,1396,129.566
US7802871084,4817403,RGLD,USD,2023-01-27,128.94,129.23,127.61,128.16,3005,717,128.408
US7802871084,4817403,RGLD,USD,2023-01-30,127.0,128.84,127.0,127.85,4749,1219,128.106
US7802871084,4817403,RGLD,USD,2023-01-31,126.89,127.65,125.62,127.03,18721,1505,127.042
US7802871084,4817403,RGLD,USD,2023-02-01,127.03,131.44,126.39,131.44,6866,1894,128.891
US7802871084,4817403,RGLD,USD,2023-02-02,130.76,131.25,125.86,125.86,6009,1474,127.622
US7802871084,4817403,RGLD,USD,2023-02-03,125.08,126.32,122.88,124.49,7134,1532,124.29
US7802871084,4817403,RGLD,USD,2023-02-06,123.42,126.0,122.71,125.25,11259,2382,125.307
US7802871084,4817403,RGLD,USD,2023-02-07,126.64,127.15,124.3,126.5,11293,2412,125.855
US7802871084,4817403,RGLD,USD,2023-02-08,126.43,127.55,125.23,126.17,5442,1618,126.535
US7802871084,4817403,RGLD,USD,2023-02-09,127.87,127.87,123.19,123.35,4430,1023,124.039
US7802871084,4817403,RGLD,USD,2023-02-10,123.44,124.37,122.1,123.77,5640,1515,123.338
US7802871084,4817403,RGLD,USD,2023-02-13,122.95,124.58,122.02,124.02,5340,1307,123.984
US7802871084,4817403,RGLD,USD,2023-02-14,123.63,126.3,122.13,125.91,6602,1876,125.086
US7802871084,4817403,RGLD,USD,2023-02-15,123.77,129.38,122.71,122.9,5626,1454,123.284
US7802871084,4817403,RGLD,USD,2023-02-16,123.0,124.18,121.45,122.76,8519,2328,122.889
US7802871084,4817403,RGLD,USD,2023-02-17,121.99,122.76,119.77,121.94,5100,1317,121.799
US7802871084,4817403,RGLD,USD,2023-02-21,121.05,122.79,120.53,121.44,4657,1036,121.476
US7802871084,4817403,RGLD,USD,2023-02-22,120.81,121.0,118.11,120.29,6433,1798,119.188
US7802871084,4817403,RGLD,USD,2023-02-23,119.12,119.65,117.21,117.93,6595,1707,118.052
US7802871084,4817403,RGLD,USD,2023-02-24,116.1,117.06,115.6,116.54,7233,1541,116.463
US7802871084,4817403,RGLD,USD,2023-02-27,116.95,118.49,116.93,118.25,4323,1153,117.895
US7802871084,4817403,RGLD,USD,2023-02-28,117.04,120.47,117.04,118.79,7593,1287,118.969
US7802871084,4817403,RGLD,USD,2023-03-01,120.32,121.77,119.4,120.8,4067,1058,120.983
US7802871084,4817403,RGLD,USD,2023-03-02,119.4,120.73,119.08,120.3,4929,941,120.272
US7802871084,4817403,RGLD,USD,2023-03-03,122.15,122.36,120.13,120.47,8724,2546,120.623
US7802871084,4817403,RGLD,USD,2023-03-06,119.58,120.0,116.27,117.98,11703,3344,117.649
US7802871084,4817403,RGLD,USD,2023-03-07,116.02,116.74,111.64,113.25,7777,2303,113.249
US7802871084,4817403,RGLD,USD,2023-03-08,113.19,113.96,111.53,111.98,6215,1677,112.417
US7802871084,4817403,RGLD,USD,2023-03-09,111.98,114.5,111.98,112.91,5721,1540,113.227
US7802871084,4817403,RGLD,USD,2023-03-10,114.24,116.43,113.3,113.44,10269,2794,114.49
US7802871084,4817403,RGLD,USD,2023-03-13,114.92,120.04,114.91,118.07,11733,3343,118.112
US7802871084,4817403,RGLD,USD,2023-03-14,118.76,120.03,117.48,119.88,8385,1804,119.577
US7802871084,4817403,RGLD,USD,2023-03-15,121.45,122.68,119.16,120.56,9609,2166,120.677
US7802871084,4817403,RGLD,USD,2023-03-16,121.1,121.1,117.54,120.06,6319,1607,119.27
US7802871084,4817403,RGLD,USD,2023-03-17,120.39,126.14,120.39,126.0,24838,3229,124.907
US7802871084,4817403,RGLD,USD,2023-03-20,126.0,127.0,123.62,126.0,9204,2079,125.793
US7802871084,4817403,RGLD,USD,2023-03-21,125.7,125.94,120.57,121.76,8750,1935,121.942
US7802871084,4817403,RGLD,USD,2023-03-22,121.5,124.41,121.17,122.04,6176,1539,122.216
US7802871084,4817403,RGLD,USD,2023-03-23,122.63,126.42,121.68,124.78,5795,1276,124.837
US7802871084,4817403,RGLD,USD,2023-03-24,124.85,128.09,124.62,127.29,6613,1639,126.607
US7802871084,4817403,RGLD,USD,2023-03-27,125.98,126.66,123.19,125.98,5163,1102,125.735
US7802871084,4817403,RGLD,USD,2023-03-28,126.86,127.29,123.98,126.82,9160,2023,126.001
US7802871084,4817403,RGLD,USD,2023-03-29,126.3,127.99,125.42,127.82,5267,1091,127.278
US7802871084,4817403,RGLD,USD,2023-03-30,129.0,129.65,127.44,129.41,4814,1229,129.086
US7802871084,4817403,RGLD,USD,2023-03-31,129.88,130.0,127.98,129.7,6374,1187,129.291
US7802871084,4817403,RGLD,USD,2023-04-03,130.41,132.41,128.86,131.52,7704,1757,131.237
US7802871084,4817403,RGLD,USD,2023-04-04,131.2,136.66,130.36,136.04,13075,3271,134.957
US7802871084,4817403,RGLD,USD,2023-04-05,136.84,137.55,134.39,136.4,13615,2416,136.424
US7802871084,4817403,RGLD,USD,2023-04-06,136.4,138.27,134.52,137.34,5675,1395,137.162
US7802871084,4817403,RGLD,USD,2023-04-10,136.7,137.29,135.71,136.81,6252,1085,136.723
US7802871084,4817403,RGLD,USD,2023-04-11,137.95,140.66,137.24,140.66,6069,1542,138.953
US7802871084,4817403,RGLD,USD,2023-04-12,140.75,141.63,138.6,140.25,5695,1329,139.964
US7802871084,4817403,RGLD,USD,2023-04-13,141.99,144.96,140.25,143.88,9414,2390,143.686
US7802871084,4817403,RGLD,USD,2023-04-14,142.01,143.98,139.11,141.2,7495,1908,141.072
US7802871084,4817403,RGLD,USD,2023-04-17,140.72,140.72,137.58,138.91,4924,1171,138.863
US7802871084,4817403,RGLD,USD,2023-04-18,139.66,141.29,138.4,139.47,4910,1066,139.658
US7802871084,4817403,RGLD,USD,2023-04-19,138.99,139.56,136.68,137.78,5582,1526,137.959
US7802871084,4817403,RGLD,USD,2023-04-20,137.8,138.88,130.12,130.8,16029,4044,132.469
US7802871084,4817403,RGLD,USD,2023-04-21,130.0,130.79,128.1,130.01,10678,2777,129.748
US7802871084,4817403,RGLD,USD,2023-04-24,130.18,132.43,129.4,131.98,5713,1493,131.768
US7802871084,4817403,RGLD,USD,2023-04-25,131.0,134.31,130.2,134.05,4903,1248,133.213
US7802871084,4817403,RGLD,USD,2023-04-26,135.0,135.25,132.08,132.97,7088,1664,132.941
US7802871084,4817403,RGLD,USD,2023-04-27,132.38,134.93,131.27,134.71,4993,1369,134.093
US7802871084,4817403,RGLD,USD,2023-04-28,133.86,135.83,131.68,132.96,10982,1328,132.539
US7802871084,4817403,RGLD,USD,2023-05-01,134.51,135.25,132.72,133.48,3736,799,133.507
US7802871084,4817403,RGLD,USD,2023-05-02,133.21,138.25,132.62,137.06,5428,1369,136.486
US7802871084,4817403,RGLD,USD,2023-05-03,138.0,139.9,136.56,139.9,5717,1206,137.731
US7802871084,4817403,RGLD,USD,2023-05-04,141.01,147.82,140.04,143.83,12216,3426,144.163
US7802871084,4817403,RGLD,USD,2023-05-05,143.5,143.5,138.37,141.05,6167,1672,141.179
US7802871084,4817403,RGLD,USD,2023-05-08,145.62,145.63,140.35,141.16,4353,1078,141.737
US7802871084,4817403,RGLD,USD,2023-05-09,140.82,142.8,140.63,140.75,3819,883,141.319
US7802871084,4817403,RGLD,USD,2023-05-10,140.65,141.63,138.7,140.32,3061,720,139.93
US7802871084,4817403,RGLD,USD,2023-05-11,138.81,139.8,135.4,135.69,5927,1404,136.246
US7802871084,4817403,RGLD,USD,2023-05-12,135.0,137.19,135.0,136.58,3602,1036,136.376
US7802871084,4817403,RGLD,USD,2023-05-15,136.61,138.4,136.61,137.33,3645,971,137.269
US7802871084,4817403,RGLD,USD,2023-05-16,137.2,137.36,133.36,134.19,3640,920,134.497
US7802871084,4817403,RGLD,USD,2023-05-17,134.0,134.0,131.41,132.49,5337,979,132.388
US7802871084,4817403,RGLD,USD,2023-05-18,130.71,130.71,127.78,130.0,4091,985,129.153
US7802871084,4817403,RGLD,USD,2023-05-19,129.98,131.76,128.73,129.5,5024,1059,129.717
US7802871084,4817403,RGLD,USD,2023-05-22,129.07,129.95,128.63,129.95,2453,569,128.979
US7802871084,4817403,RGLD,USD,2023-05-23,128.23,128.59,126.36,127.1,3683,876,127.206
US7802871084,4817403,RGLD,USD,2023-05-24,128.0,128.0,124.87,125.02,3369,783,125.663
US7802871084,4817403,RGLD,USD,2023-05-25,125.82,126.0,123.16,123.83,3677,874,123.966
US7802871084,4817403,RGLD,USD,2023-05-26,124.87,125.31,122.49,123.58,2558,655,123.593
US7802871084,4817403,RGLD,USD,2023-05-30,123.77,123.94,120.91,121.07,4750,1049,121.622
US7802871084,4817403,RGLD,USD,2023-05-31,121.89,124.81,121.23,123.84,6487,1068,123.698
US7802871084,4817403,RGLD,USD,2023-06-01,124.59,127.98,124.59,126.77,4372,1029,126.586
US7802871084,4817403,RGLD,USD,2023-06-02,126.42,127.22,122.37,123.49,5875,1544,123.683
US7802871084,4817403,RGLD,USD,2023-06-05,122.58,122.67,121.03,122.09,5382,1211,122.024
US7802871084,4817403,RGLD,USD,2023-06-06,122.18,122.75,121.49,122.58,4328,1129,122.156
US7802871084,4817403,RGLD,USD,2023-06-07,122.99,124.12,119.6,120.57,6321,1211,120.782
US7802871084,4817403,RGLD,USD,2023-06-08,122.0,123.55,119.55,120.0,11776,2555,120.841
US7802871084,4817403,RGLD,USD,2023-06-09,120.64,120.9,117.37,119.18,6717,1512,119.11
US7802871084,4817403,RGLD,USD,2023-06-12,119.5,121.0,117.87,121.0,7435,1452,119.672
US7802871084,4817403,RGLD,USD,2023-06-13,122.5,122.5,118.06,119.08,5803,1325,119.157
US7802871084,4817403,RGLD,USD,2023-06-14,120.61,120.74,116.88,117.76,5902,1361,118.17
US7802871084,4817403,RGLD,USD,2023-06-15,117.61,118.49,116.21,117.35,6458,1567,117.259
US7802871084,4817403,RGLD,USD,2023-06-16,117.65,119.64,116.24,117.61,22955,1299,117.636
US7802871084,4817403,RGLD,USD,2023-06-20,117.0,117.0,112.82,113.27,9989,2561,113.663
US7802871084,4817403,RGLD,USD,2023-06-21,112.77,113.8,111.12,113.25,7583,1621,113.031
US7802871084,4817403,RGLD,USD,2023-06-22,112.36,114.09,112.2,113.5,4167,987,113.41
US7802871084,4817403,RGLD,USD,2023-06-23,113.93,116.33,113.74,114.01,8854,1617,114.204
US7802871084,4817403,RGLD,USD,2023-06-26,114.66,115.45,113.73,114.25,3410,866,114.575
US7802871084,4817403,RGLD,USD,2023-06-27,114.0,115.24,111.85,112.52,5048,1363,112.575
US7802871084,4817403,RGLD,USD,2023-06-28,112.21,112.93,110.81,111.59,5506,1156,111.379
US7802871084,4817403,RGLD,USD,2023-06-29,110.89,113.25,110.12,113.25,5043,1118,112.545
US7802871084,4817403,RGLD,USD,2023-06-30,113.63,115.02,113.09,114.78,6974,1458,114.558
US7802871084,4817403,RGLD,USD,2023-07-03,115.65,117.92,114.73,117.92,3626,963,116.143
US7802871084,4817403,RGLD,USD,2023-07-05,117.45,117.45,114.43,114.5,6268,1382,115.175
US7802871084,4817403,RGLD,USD,2023-07-06,113.56,113.81,111.42,113.1,7908,1721,113.0
US7802871084,4817403,RGLD,USD,2023-07-07,114.32,117.12,114.32,116.13,9872,2791,116.055
US7802871084,4817403,RGLD,USD,2023-07-10,115.13,118.36,115.13,117.72,6049,1547,117.368
US7802871084,4817403,RGLD,USD,2023-07-11,118.26,118.49,115.92,117.03,7801,1928,117.09
US7802871084,4817403,RGLD,USD,2023-07-12,118.82,122.23,118.67,122.18,5083,1105,121.379
US7802871084,4817403,RGLD,USD,2023-07-13,123.0,123.38,121.52,122.32,5261,1235,122.272
US7802871084,4817403,RGLD,USD,2023-07-14,121.74,122.91,120.75,121.11,3552,892,121.529
US7802871084,4817403,RGLD,USD,2023-07-17,120.34,121.13,119.4,120.52,4121,996,120.612
US7802871084,4817403,RGLD,USD,2023-07-18,122.51,122.79,120.57,121.8,6975,1421,121.706
US7802871084,4817403,RGLD,USD,2023-07-19,121.3,122.78,120.88,121.5,4371,1011,121.859
US7802871084,4817403,RGLD,USD,2023-07-20,123.93,124.91,120.31,120.54,6832,1256,120.908
US7802871084,4817403,RGLD,USD,2023-07-21,121.97,122.02,120.1,121.95,4287,966,121.543
US7802871084,4817403,RGLD,USD,2023-07-24,121.95,122.09,120.72,121.54,4916,1450,121.367
US7802871084,4817403,RGLD,USD,2023-07-25,121.9,123.02,121.41,122.87,4702,1242,122.492
US7802871084,4817403,RGLD,USD,2023-07-26,122.87,123.05,121.55,122.36,5005,1331,122.202
US7802871084,4817403,RGLD,USD,2023-07-27,121.08,121.08,117.81,118.5,8611,2375,118.731
US7802871084,4817403,RGLD,USD,2023-07-28,119.34,119.84,118.07,118.7,4954,1204,118.655
US7802871084,4817403,RGLD,USD,2023-07-31,119.0,121.32,119.0,120.14,17656,1595,120.15
US7802871084,4817403,RGLD,USD,2023-08-01,118.41,118.41,115.58,115.78,6700,1604,116.263
US7802871084,4817403,RGLD,USD,2023-08-02,115.68,115.92,113.05,114.15,9720,2675,113.857
US7802871084,4817403,RGLD,USD,2023-08-03,113.0,115.78,112.05,112.61,7021,1887,113.081
US7802871084,4817403,RGLD,USD,2023-08-04,111.7,114.52,111.7,113.39,9959,2570,113.124
US7802871084,4817403,RGLD,USD,2023-08-07,113.0,113.83,112.21,113.35,5195,1454,113.309
US7802871084,4817403,RGLD,USD,2023-08-08,112.0,113.31,111.54,112.0,7039,1557,112.513
US7802871084,4817403,RGLD,USD,2023-08-09,112.51,113.79,112.37,113.54,4604,1083,113.356
US7802871084,4817403,RGLD,USD,2023-08-10,113.54,114.79,112.82,113.25,5261,1041,113.509
US7802871084,4817403,RGLD,USD,2023-08-11,112.8,113.83,112.17,113.37,5842,1646,113.483
US7802871084,4817403,RGLD,USD,2023-08-14,113.77,113.77,111.76,112.8,4484,1097,112.86
US7802871084,4817403,RGLD,USD,2023-08-15,112.5,112.9,108.83,109.51,6032,1282,109.892
US7802871084,4817403,RGLD,USD,2023-08-16,109.01,109.24,107.69,107.99,3541,731,108.274
US7802871084,4817403,RGLD,USD,2023-08-17,108.13,108.35,106.0,106.0,3408,850,107.128
US7802871084,4817403,RGLD,USD,2023-08-18,106.06,107.99,106.06,106.85,8191,1600,106.91
US7802871084,4817403,RGLD,USD,2023-08-21,107.0,108.22,106.29,107.7,7065,1499,107.249
US7802871084,4817403,RGLD,USD,2023-08-22,107.82,108.54,107.07,108.29,5024,1139,107.976
US7802871084,4817403,RGLD,USD,2023-08-23,108.29,111.23,108.29,110.78,9246,2069,110.155
US7802871084,4817403,RGLD,USD,2023-08-24,111.44,111.44,108.76,110.85,5053,1255,110.859
US7802871084,4817403,RGLD,USD,2023-08-25,110.85,111.34,108.9,110.41,3894,688,110.426
US7802871084,4817403,RGLD,USD,2023-08-28,110.51,112.17,110.51,111.64,4010,760,111.568
US7802871084,4817403,RGLD,USD,2023-08-29,110.9,113.5,110.9,113.5,5328,1152,112.963
US7802871084,4817403,RGLD,USD,2023-08-30,113.85,114.51,112.67,113.46,4157,640,113.474
US7802871084,4817403,RGLD,USD,2023-08-31,113.46,113.91,111.35,112.09,5002,991,112.221
US7802871084,4817403,RGLD,USD,2023-09-01,112.1,113.45,111.35,111.44,2622,573,111.862
US7802871084,4817403,RGLD,USD,2023-09-05,110.1,110.54,107.17,108.19,4220,1000,108.29
US7802871084,4817403,RGLD,USD,2023-09-06,107.67,108.85,106.6,108.73,3337,651,108.314
US7802871084,4817403,RGLD,USD,2023-09-07,108.0,109.64,107.66,109.33,3473,743,109.114
US7802871084,4817403,RGLD,USD,2023-09-08,109.69,110.92,108.76,108.91,3678,873,109.347
US7802871084,4817403,RGLD,USD,2023-09-11,110.41,110.6,108.62,109.55,3614,812,109.456
US7802871084,4817403,RGLD,USD,2023-09-12,108.19,110.12,108.19,109.01,2233,389,109.147
US7802871084,4817403,RGLD,USD,2023-09-13,108.77,112.13,108.57,112.13,5574,1045,109.47
US7802871084,4817403,RGLD,USD,2023-09-14,109.61,111.82,109.23,110.62,6180,1245,111.006
US7802871084,4817403,RGLD,USD,2023-09-15,111.21,113.12,111.21,112.27,15043,1057,112.485
US7802871084,4817403,RGLD,USD,2023-09-18,113.12,113.99,111.89,113.85,4168,824,113.369
US7802871084,4817403,RGLD,USD,2023-09-19,114.08,114.5,113.09,114.04,4617,984,113.931
US7802871084,4817403,RGLD,USD,2023-09-20,113.98,116.32,113.98,115.46,3464,775,115.465
US7802871084,4817403,RGLD,USD,2023-09-21,114.8,114.91,112.84,113.41,6027,1380,113.669
US7802871084,4817403,RGLD,USD,2023-09-22,113.99,115.0,112.22,112.31,3524,646,112.795
US7802871084,4817403,RGLD,USD,2023-09-25,112.31,112.31,109.89,110.43,4937,1109,110.603
US7802871084,4817403,RGLD,USD,2023-09-26,109.63,110.21,108.61,108.67,5135,1082,109.185
US7802871084,4817403,RGLD,USD,2023-09-27,107.87,108.0,104.9,106.3,5447,1494,105.983
US7802871084,4817403,RGLD,USD,2023-09-28,105.83,107.0,105.2,106.76,5456,977,106.583
US7802871084,4817403,RGLD,USD,2023-09-29,108.22,108.22,105.36,107.0,4588,930,106.266
US7802871084,4817403,RGLD,USD,2023-10-02,105.49,105.49,102.21,102.87,5236,1051,103.026
US7802871084,4817403,RGLD,USD,2023-10-03,102.22,104.37,101.82,103.27,4506,990,103.461
US7802871084,4817403,RGLD,USD,2023-10-04,103.49,103.5,101.89,103.01,6914,1211,102.87
US7802871084,4817403,RGLD,USD,2023-10-05,102.25,103.89,102.01,103.82,6425,1215,103.355
US7802871084,4817403,RGLD,USD,2023-10-06,104.08,105.63,103.49,104.54,5879,1562,104.678
US7802871084,4817403,RGLD,USD,2023-10-09,105.42,106.9,105.11,105.73,4765,1170,105.805
US7802871084,4817403,RGLD,USD,2023-10-10,105.71,106.53,105.47,106.01,6954,1281,106.088
US7802871084,4817403,RGLD,USD,2023-10-11,106.79,108.01,105.94,107.04,5517,1190,106.957
US7802871084,4817403,RGLD,USD,2023-10-12,106.96,107.38,104.53,105.5,4996,1204,105.591
US7802871084,4817403,RGLD,USD,2023-10-13,107.89,109.58,107.72,108.88,8274,2178,108.888
US7802871084,4817403,RGLD,USD,2023-10-16,108.99,110.7,107.93,109.69,3963,853,109.829
US7802871084,4817403,RGLD,USD,2023-10-17,109.74,112.39,109.58,112.04,6597,1089,111.923
US7802871084,4817403,RGLD,USD,2023-10-18,112.65,114.37,110.93,111.06,6129,1246,111.721
US7802871084,4817403,RGLD,USD,2023-10-19,111.07,111.79,109.59,111.07,5290,1240,110.909
US7802871084,4817403,RGLD,USD,2023-10-20,111.5,113.11,110.15,110.21,5284,1258,111.156
US7802871084,4817403,RGLD,USD,2023-10-23,109.57,110.22,107.65,108.31,5288,1430,108.891
US7802871084,4817403,RGLD,USD,2023-10-24,107.92,109.28,107.36,108.91,3364,723,108.78
US7802871084,4817403,RGLD,USD,2023-10-25,108.1,110.04,107.05,107.16,4630,1184,107.994
US7802871084,4817403,RGLD,USD,2023-10-26,107.07,107.65,104.43,105.31,7385,1850,105.712
US7802871084,4817403,RGLD,USD,2023-10-27,105.55,106.73,104.33,106.57,7233,1875,106.124
US7802871084,4817403,RGLD,USD,2023-10-30,107.0,107.0,105.41,106.22,5551,1421,106.152
US7802871084,4817403,RGLD,USD,2023-10-31,106.03,106.87,103.58,104.33,8485,1521,104.617
US7802871084,4817403,RGLD,USD,2023-11-01,107.97,107.97,103.09,104.69,6425,1616,104.345
US7802871084,4817403,RGLD,USD,2023-11-02,105.83,106.66,104.17,106.63,7950,2205,105.763
US7802871084,4817403,RGLD,USD,2023-11-03,107.99,111.96,107.45,110.84,7626,2050,110.38
US7802871084,4817403,RGLD,USD,2023-11-06,110.08,111.48,109.21,109.39,6577,1386,109.864
US7802871084,4817403,RGLD,USD,2023-11-07,108.54,108.54,104.87,107.31,5207,1117,107.022
US7802871084,4817403,RGLD,USD,2023-11-08,106.78,107.15,105.02,105.53,5790,1354,105.957
US7802871084,4817403,RGLD,USD,2023-11-09,107.12,107.62,104.76,104.94,5341,1402,106.497
US7802871084,4817403,RGLD,USD,2023-11-10,105.81,107.27,105.0,107.13,6128,1630,106.475
US7802871084,4817403,RGLD,USD,2023-11-13,106.88,108.04,105.85,105.9,5460,1512,106.788
US7802871084,4817403,RGLD,USD,2023-11-14,107.76,111.16,107.76,110.69,6884,1687,110.444
US7802871084,4817403,RGLD,USD,2023-11-15,112.5,112.5,109.5,111.18,4527,894,110.951
US7802871084,4817403,RGLD,USD,2023-11-16,112.01,114.84,111.25,113.8,7207,1714,113.875
US7802871084,4817403,RGLD,USD,2023-11-17,113.81,114.05,111.39,111.69,3742,782,112.016
US7802871084,4817403,RGLD,USD,2023-11-20,111.22,112.92,110.2,112.89,3592,793,112.622
US7802871084,4817403,RGLD,USD,2023-11-21,113.8,117.05,113.8,116.08,6023,1454,116.21
US7802871084,4817403,RGLD,USD,2023-11-22,115.96,117.07,115.6,116.22,3525,745,116.177
US7802871084,4817403,RGLD,USD,2023-11-24,116.45,117.74,116.23,117.19,1464,288,117.083
US7802871084,4817403,RGLD,USD,2023-11-27,118.43,120.99,118.15,120.99,7352,1166,119.398
US7802871084,4817403,RGLD,USD,2023-11-28,120.0,123.12,119.87,121.6,8364,2040,121.822
US7802871084,4817403,RGLD,USD,2023-11-29,121.6,122.0,119.72,121.55,5371,1030,121.288
US7802871084,4817403,RGLD,USD,2023-11-30,121.33,122.09,120.82,121.8,4341,741,121.74
US7802871084,4817403,RGLD,USD,2023-12-01,121.8,123.56,121.8,122.84,4292,868,122.891
US7802871084,4817403,RGLD,USD,2023-12-04,120.89,121.73,119.52,119.52,5637,1129,120.717
US7802871084,4817403,RGLD,USD,2023-12-05,120.55,120.55,117.88,118.27,5986,916,118.447
US7802871084,4817403,RGLD,USD,2023-12-06,124.57,124.58,118.22,119.43,3813,862,119.109
US7802871084,4817403,RGLD,USD,2023-12-07,119.97,120.47,118.34,119.71,3061,701,119.672
US7802871084,4817403,RGLD,USD,2023-12-08,117.92,120.0,116.71,117.3,3985,878,118.234
US7802871084,4817403,RGLD,USD,2023-12-11,116.82,117.96,115.68,117.92,3449,641,117.401
US7802871084,4817403,RGLD,USD,2023-12-12,117.92,118.34,113.97,114.26,4093,743,114.965
US7802871084,4817403,RGLD,USD,2023-12-13,114.25,120.12,113.8,120.08,6901,1532,118.172
US7802871084,4817403,RGLD,USD,2023-12-14,124.07,124.07,121.0,121.5,6612,1413,121.828
US7802871084,4817403,RGLD,USD,2023-12-15,122.0,122.0,118.46,119.08,15091,1092,119.232
US7802871084,4817403,RGLD,USD,2023-12-18,119.86,121.38,119.67,120.42,5282,906,120.545
US7802871084,4817403,RGLD,USD,2023-12-19,120.58,124.23,120.58,122.75,5543,1057,123.003
US7802871084,4817403,RGLD,USD,2023-12-20,122.98,123.38,120.16,120.2,4378,786,121.041
US7802871084,4817403,RGLD,USD,2023-12-21,121.76,122.69,121.09,121.7,2842,529,121.75
US7802871084,4817403,RGLD,USD,2023-12-22,122.87,124.95,122.29,122.44,3506,645,122.919
US7802871084,4817403,RGLD,USD,2023-12-26,122.63,123.53,121.71,123.35,2370,462,123.067
US7802871084,4817403,RGLD,USD,2023-12-27,123.42,125.09,123.21,124.3,3256,715,124.245
US7802871084,4817403,RGLD,USD,2023-12-28,124.03,124.37,121.79,122.0,2777,621,122.39
US7802871084,4817403,RGLD,USD,2023-12-29,121.03,121.74,119.31,120.96,4937,1129,120.878
