ISIN,conId,Symbol,Currency,date,open,high,low,close,volume,barCount,average
US82312B1061,10628209,SHEN,USD,2019-01-02,43.82,45.29,43.28,45.27,1422,909,44.499
US82312B1061,10628209,SHEN,USD,2019-01-03,45.15,46.36,44.75,45.25,1156,858,45.435
US82312B1061,10628209,SHEN,USD,2019-01-04,45.82,47.16,45.24,46.7,1682,893,46.606
US82312B1061,10628209,SHEN,USD,2019-01-07,46.8,48.0,46.51,47.59,2738,993,47.555
US82312B1061,10628209,SHEN,USD,2019-01-08,47.6,48.68,47.3,48.68,2255,971,48.203
US82312B1061,10628209,SHEN,USD,2019-01-09,48.94,49.0,47.48,48.3,3867,1930,48.262
US82312B1061,10628209,SHEN,USD,2019-01-10,48.29,49.08,47.83,49.04,1163,736,48.805
US82312B1061,10628209,SHEN,USD,2019-01-11,49.04,49.75,48.46,49.38,1124,754,49.385
US82312B1061,10628209,SHEN,USD,2019-01-14,49.45,49.73,47.74,47.76,729,488,48.064
US82312B1061,10628209,SHEN,USD,2019-01-15,47.77,48.36,46.5,47.31,953,667,47.563
US82312B1061,10628209,SHEN,USD,2019-01-16,47.18,48.73,46.59,47.33,1424,501,46.91
US82312B1061,10628209,SHEN,USD,2019-01-17,46.86,47.41,46.46,47.0,1226,838,46.919
US82312B1061,10628209,SHEN,USD,2019-01-18,47.01,47.52,46.71,47.29,1417,678,47.159
US82312B1061,10628209,SHEN,USD,2019-01-22,47.3,47.76,46.54,47.58,1661,1137,47.337
US82312B1061,10628209,SHEN,USD,2019-01-23,47.69,48.17,47.08,47.96,1353,846,47.722
US82312B1061,10628209,SHEN,USD,2019-01-24,47.98,48.28,47.04,47.54,384,258,47.528
US82312B1061,10628209,SHEN,USD,2019-01-25,48.02,48.58,47.52,47.72,1254,770,48.038
US82312B1061,10628209,SHEN,USD,2019-01-28,47.71,47.8,46.0,47.25,845,516,46.601
US82312B1061,10628209,SHEN,USD,2019-01-29,46.14,46.45,45.57,46.33,669,446,46.177
US82312B1061,10628209,SHEN,USD,2019-01-30,46.25,46.57,45.3,46.2,811,479,46.11
US82312B1061,10628209,SHEN,USD,2019-01-31,46.41,47.81,46.35,47.63,1244,698,47.486
US82312B1061,10628209,SHEN,USD,2019-02-01,47.73,47.97,47.13,47.23,1032,564,47.416
US82312B1061,10628209,SHEN,USD,2019-02-04,47.28,47.66,46.88,46.96,576,416,47.393
US82312B1061,10628209,SHEN,USD,2019-02-05,47.52,48.0,46.26,46.48,887,593,46.889
US82312B1061,10628209,SHEN,USD,2019-02-06,46.62,46.68,45.99,46.22,355,247,46.426
US82312B1061,10628209,SHEN,USD,2019-02-07,46.22,46.96,45.9,46.9,521,376,46.65
US82312B1061,10628209,SHEN,USD,2019-02-08,46.74,47.32,46.36,47.25,676,437,47.023
US82312B1061,10628209,SHEN,USD,2019-02-11,47.18,48.14,46.86,47.48,760,519,47.557
US82312B1061,10628209,SHEN,USD,2019-02-12,47.82,48.47,47.32,48.38,1139,478,48.247
US82312B1061,10628209,SHEN,USD,2019-02-13,48.48,48.48,47.42,47.72,543,379,47.788
US82312B1061,10628209,SHEN,USD,2019-02-14,47.62,49.57,47.62,48.5,1844,1111,49.011
US82312B1061,10628209,SHEN,USD,2019-02-15,49.11,50.46,48.78,50.04,1527,899,49.903
US82312B1061,10628209,SHEN,USD,2019-02-19,49.98,50.99,49.02,50.81,1410,978,50.389
US82312B1061,10628209,SHEN,USD,2019-02-20,50.83,51.18,50.24,50.79,960,706,50.808
US82312B1061,10628209,SHEN,USD,2019-02-21,50.88,51.01,50.04,50.43,705,503,50.387
US82312B1061,10628209,SHEN,USD,2019-02-22,50.52,50.56,48.57,48.75,1435,950,49.075
US82312B1061,10628209,SHEN,USD,2019-02-25,48.8,48.84,46.3,46.57,2467,1176,46.98
US82312B1061,10628209,SHEN,USD,2019-02-26,46.35,46.35,44.91,45.93,1811,1023,45.589
US82312B1061,10628209,SHEN,USD,2019-02-27,45.81,46.05,44.97,46.0,1427,904,45.724
US82312B1061,10628209,SHEN,USD,2019-02-28,45.93,46.64,44.22,44.44,3880,1666,44.994
US82312B1061,10628209,SHEN,USD,2019-03-01,44.95,46.92,44.5,46.26,2671,2055,45.903
US82312B1061,10628209,SHEN,USD,2019-03-04,46.26,47.0,45.31,46.07,1763,1319,45.939
US82312B1061,10628209,SHEN,USD,2019-03-05,46.4,46.99,45.79,45.86,985,743,46.072
US82312B1061,10628209,SHEN,USD,2019-03-06,45.78,45.85,45.05,45.35,1462,876,45.41
US82312B1061,10628209,SHEN,USD,2019-03-07,45.17,46.11,45.06,45.36,930,708,45.573
US82312B1061,10628209,SHEN,USD,2019-03-08,45.4,45.77,44.86,45.12,788,523,45.263
US82312B1061,10628209,SHEN,USD,2019-03-11,45.24,46.08,45.14,45.92,1436,1037,45.78
US82312B1061,10628209,SHEN,USD,2019-03-12,45.99,47.0,45.74,46.42,1125,836,46.55
US82312B1061,10628209,SHEN,USD,2019-03-13,46.43,46.99,46.43,46.84,969,714,46.767
US82312B1061,10628209,SHEN,USD,2019-03-14,47.05,47.05,46.22,46.38,945,634,46.527
US82312B1061,10628209,SHEN,USD,2019-03-15,46.63,46.73,45.88,46.61,3054,603,46.532
US82312B1061,10628209,SHEN,USD,2019-03-18,46.6,47.07,46.09,46.58,958,559,46.502
US82312B1061,10628209,SHEN,USD,2019-03-19,46.74,46.91,44.75,44.81,1022,633,45.24
US82312B1061,10628209,SHEN,USD,2019-03-20,44.67,45.65,44.63,45.13,888,559,45.14
US82312B1061,10628209,SHEN,USD,2019-03-21,44.94,46.37,44.93,45.59,795,469,45.634
US82312B1061,10628209,SHEN,USD,2019-03-22,45.35,45.58,44.64,44.68,1282,950,44.959
US82312B1061,10628209,SHEN,USD,2019-03-25,44.68,46.03,44.12,46.01,1244,912,45.318
US82312B1061,10628209,SHEN,USD,2019-03-26,46.33,46.9,45.95,46.5,772,407,46.383
US82312B1061,10628209,SHEN,USD,2019-03-27,46.38,46.46,45.76,46.08,529,348,46.114
US82312B1061,10628209,SHEN,USD,2019-03-28,46.01,46.1,44.71,44.89,613,429,45.156
US82312B1061,10628209,SHEN,USD,2019-03-29,45.03,45.56,44.2,44.36,1294,591,44.508
US82312B1061,10628209,SHEN,USD,2019-04-01,44.41,44.89,44.06,44.87,675,447,44.609
US82312B1061,10628209,SHEN,USD,2019-04-02,44.86,44.86,43.52,43.59,1878,1058,43.753
US82312B1061,10628209,SHEN,USD,2019-04-03,43.8,44.11,43.55,43.55,740,516,43.721
US82312B1061,10628209,SHEN,USD,2019-04-04,43.75,44.12,43.4,43.9,891,666,43.725
US82312B1061,10628209,SHEN,USD,2019-04-05,43.9,44.48,43.59,43.82,1086,489,43.829
US82312B1061,10628209,SHEN,USD,2019-04-08,43.65,43.95,43.05,43.93,794,411,43.765
US82312B1061,10628209,SHEN,USD,2019-04-09,43.95,44.47,43.5,44.03,928,583,43.928
US82312B1061,10628209,SHEN,USD,2019-04-10,44.12,45.27,43.64,45.18,872,598,45.028
US82312B1061,10628209,SHEN,USD,2019-04-11,45.18,45.18,44.4,44.52,347,239,44.664
US82312B1061,10628209,SHEN,USD,2019-04-12,44.79,44.79,43.66,44.04,601,432,43.946
US82312B1061,10628209,SHEN,USD,2019-04-15,44.11,44.61,43.61,43.79,442,314,43.84
US82312B1061,10628209,SHEN,USD,2019-04-16,43.93,44.27,43.3,43.6,722,296,43.561
US82312B1061,10628209,SHEN,USD,2019-04-17,43.63,43.81,41.88,42.18,1299,650,42.369
US82312B1061,10628209,SHEN,USD,2019-04-18,42.0,42.56,41.42,42.3,3219,1411,41.915
US82312B1061,10628209,SHEN,USD,2019-04-22,42.02,42.77,41.98,42.72,787,405,42.491
US82312B1061,10628209,SHEN,USD,2019-04-23,42.43,42.93,41.78,42.31,1091,712,42.203
US82312B1061,10628209,SHEN,USD,2019-04-24,42.12,42.76,41.93,42.2,635,455,42.25
US82312B1061,10628209,SHEN,USD,2019-04-25,42.11,42.5,41.37,41.5,785,490,41.685
US82312B1061,10628209,SHEN,USD,2019-04-26,41.68,42.37,41.64,41.92,931,669,42.008
US82312B1061,10628209,SHEN,USD,2019-04-29,41.96,42.18,41.28,41.28,811,619,41.535
US82312B1061,10628209,SHEN,USD,2019-04-30,41.3,41.73,40.86,41.33,1730,884,41.276
US82312B1061,10628209,SHEN,USD,2019-05-01,41.11,42.0,40.89,41.42,1163,612,41.555
US82312B1061,10628209,SHEN,USD,2019-05-02,41.44,41.77,40.92,41.09,671,509,41.213
US82312B1061,10628209,SHEN,USD,2019-05-03,41.32,42.62,41.31,42.58,920,628,42.265
US82312B1061,10628209,SHEN,USD,2019-05-06,41.98,42.34,41.86,42.11,532,305,42.059
US82312B1061,10628209,SHEN,USD,2019-05-07,41.83,42.6,41.49,41.83,813,543,41.957
US82312B1061,10628209,SHEN,USD,2019-05-08,41.92,42.68,41.53,41.6,941,672,41.791
US82312B1061,10628209,SHEN,USD,2019-05-09,41.27,42.68,40.84,42.15,1422,664,41.854
US82312B1061,10628209,SHEN,USD,2019-05-10,42.19,42.49,41.32,41.49,1121,765,41.673
US82312B1061,10628209,SHEN,USD,2019-05-13,40.89,41.08,39.93,41.0,963,684,40.68
US82312B1061,10628209,SHEN,USD,2019-05-14,40.99,41.59,40.6,41.16,1315,704,41.155
US82312B1061,10628209,SHEN,USD,2019-05-15,40.89,41.63,40.89,41.61,792,482,41.421
US82312B1061,10628209,SHEN,USD,2019-05-16,41.62,42.59,41.56,42.35,680,459,42.237
US82312B1061,10628209,SHEN,USD,2019-05-17,41.95,42.39,41.68,41.93,869,573,41.923
US82312B1061,10628209,SHEN,USD,2019-05-20,42.03,44.28,41.91,43.94,1359,929,43.59
US82312B1061,10628209,SHEN,USD,2019-05-21,43.78,44.46,43.2,44.12,1054,771,44.018
US82312B1061,10628209,SHEN,USD,2019-05-22,43.9,44.44,43.53,43.61,809,583,43.894
US82312B1061,10628209,SHEN,USD,2019-05-23,43.31,43.55,42.58,42.9,896,447,42.902
US82312B1061,10628209,SHEN,USD,2019-05-24,42.97,43.33,42.59,43.03,640,371,43.033
US82312B1061,10628209,SHEN,USD,2019-05-28,43.24,43.24,42.01,42.06,1448,623,42.264
US82312B1061,10628209,SHEN,USD,2019-05-29,41.81,42.6,41.58,41.96,820,485,42.061
US82312B1061,10628209,SHEN,USD,2019-05-30,42.02,42.2,41.45,41.77,686,456,41.777
US82312B1061,10628209,SHEN,USD,2019-05-31,41.53,41.53,40.16,40.21,1678,708,40.379
US82312B1061,10628209,SHEN,USD,2019-06-03,40.18,40.77,39.87,40.4,1054,627,40.44
US82312B1061,10628209,SHEN,USD,2019-06-04,40.91,41.33,39.44,39.95,1025,568,39.863
US82312B1061,10628209,SHEN,USD,2019-06-05,39.82,40.76,39.14,39.4,889,633,39.509
US82312B1061,10628209,SHEN,USD,2019-06-06,39.41,39.53,38.65,38.88,689,477,38.874
US82312B1061,10628209,SHEN,USD,2019-06-07,38.98,39.08,38.33,38.36,917,711,38.582
US82312B1061,10628209,SHEN,USD,2019-06-10,38.3,39.35,38.24,38.71,1487,740,38.612
US82312B1061,10628209,SHEN,USD,2019-06-11,38.89,38.96,37.78,38.05,916,593,38.071
US82312B1061,10628209,SHEN,USD,2019-06-12,37.94,38.44,37.91,37.96,1104,710,38.153
US82312B1061,10628209,SHEN,USD,2019-06-13,38.15,38.47,37.84,38.18,1779,809,38.113
US82312B1061,10628209,SHEN,USD,2019-06-14,38.1,39.04,37.58,38.99,2112,1051,38.502
US82312B1061,10628209,SHEN,USD,2019-06-17,39.03,39.27,37.79,37.81,924,621,38.143
US82312B1061,10628209,SHEN,USD,2019-06-18,37.81,39.57,37.67,39.49,1211,872,39.163
US82312B1061,10628209,SHEN,USD,2019-06-19,39.5,41.02,39.5,40.89,1462,1072,40.576
US82312B1061,10628209,SHEN,USD,2019-06-20,41.11,41.11,39.88,40.33,1144,735,40.316
US82312B1061,10628209,SHEN,USD,2019-06-21,40.14,40.45,39.87,40.09,2184,867,40.115
US82312B1061,10628209,SHEN,USD,2019-06-24,40.15,40.15,39.45,39.57,1277,690,39.746
US82312B1061,10628209,SHEN,USD,2019-06-25,39.7,39.7,38.36,38.43,2055,693,38.612
US82312B1061,10628209,SHEN,USD,2019-06-26,38.43,38.67,36.4,36.94,2676,1489,36.995
US82312B1061,10628209,SHEN,USD,2019-06-27,37.02,38.82,36.7,38.76,1609,1030,38.274
US82312B1061,10628209,SHEN,USD,2019-06-28,38.7,39.33,38.38,38.52,4399,846,38.577
US82312B1061,10628209,SHEN,USD,2019-07-01,38.81,38.83,38.06,38.33,940,511,38.316
US82312B1061,10628209,SHEN,USD,2019-07-02,38.42,39.15,38.42,39.07,483,323,38.901
US82312B1061,10628209,SHEN,USD,2019-07-03,39.29,39.29,38.85,39.0,415,274,39.044
US82312B1061,10628209,SHEN,USD,2019-07-05,38.96,39.78,38.78,39.64,419,302,39.463
US82312B1061,10628209,SHEN,USD,2019-07-08,39.44,39.75,38.92,39.14,617,306,39.143
US82312B1061,10628209,SHEN,USD,2019-07-09,38.94,39.24,38.81,38.84,504,359,38.97
US82312B1061,10628209,SHEN,USD,2019-07-10,39.03,39.35,38.39,38.68,735,531,38.716
US82312B1061,10628209,SHEN,USD,2019-07-11,38.67,38.79,38.12,38.23,935,652,38.383
US82312B1061,10628209,SHEN,USD,2019-07-12,38.38,39.07,38.06,38.99,860,560,38.865
US82312B1061,10628209,SHEN,USD,2019-07-15,38.85,39.1,38.68,39.09,483,342,38.913
US82312B1061,10628209,SHEN,USD,2019-07-16,38.93,39.23,38.6,38.64,463,334,38.758
US82312B1061,10628209,SHEN,USD,2019-07-17,38.57,38.69,37.9,38.33,851,584,38.328
US82312B1061,10628209,SHEN,USD,2019-07-18,38.44,38.61,37.93,38.5,684,532,38.33
US82312B1061,10628209,SHEN,USD,2019-07-19,38.33,39.0,37.68,37.74,871,562,37.978
US82312B1061,10628209,SHEN,USD,2019-07-22,37.98,38.21,36.66,36.96,837,498,37.184
US82312B1061,10628209,SHEN,USD,2019-07-23,37.21,37.56,36.69,37.45,707,475,37.283
US82312B1061,10628209,SHEN,USD,2019-07-24,37.42,38.37,37.42,38.28,980,719,37.972
US82312B1061,10628209,SHEN,USD,2019-07-25,38.48,38.83,38.09,38.75,813,472,38.668
US82312B1061,10628209,SHEN,USD,2019-07-26,38.92,41.63,38.39,41.3,2129,1420,40.895
US82312B1061,10628209,SHEN,USD,2019-07-29,41.39,41.41,40.44,41.16,1108,699,40.965
US82312B1061,10628209,SHEN,USD,2019-07-30,40.94,41.28,40.02,40.38,1145,797,40.423
US82312B1061,10628209,SHEN,USD,2019-07-31,40.61,40.82,39.12,39.36,2000,1343,39.79
US82312B1061,10628209,SHEN,USD,2019-08-01,39.35,39.5,37.86,37.9,1462,1071,38.376
US82312B1061,10628209,SHEN,USD,2019-08-02,37.77,37.86,35.97,36.98,1632,1073,36.657
US82312B1061,10628209,SHEN,USD,2019-08-05,36.17,36.72,35.79,36.19,1227,913,36.192
US82312B1061,10628209,SHEN,USD,2019-08-06,35.61,36.85,34.21,34.55,2396,1356,34.781
US82312B1061,10628209,SHEN,USD,2019-08-07,34.82,35.21,32.96,33.89,2918,1591,33.78
US82312B1061,10628209,SHEN,USD,2019-08-08,34.19,35.69,34.19,35.29,1594,1127,35.168
US82312B1061,10628209,SHEN,USD,2019-08-09,35.28,35.28,33.7,33.72,1034,677,34.012
US82312B1061,10628209,SHEN,USD,2019-08-12,33.57,33.85,32.96,33.23,527,390,33.343
US82312B1061,10628209,SHEN,USD,2019-08-13,33.19,34.28,33.19,34.26,888,607,33.951
US82312B1061,10628209,SHEN,USD,2019-08-14,33.56,34.04,33.37,33.47,1304,918,33.691
US82312B1061,10628209,SHEN,USD,2019-08-15,33.61,34.13,33.43,33.72,1313,779,33.762
US82312B1061,10628209,SHEN,USD,2019-08-16,33.8,33.87,32.76,32.79,645,410,33.104
US82312B1061,10628209,SHEN,USD,2019-08-19,32.98,32.98,32.56,32.8,445,294,32.803
US82312B1061,10628209,SHEN,USD,2019-08-20,32.67,32.83,32.4,32.43,293,181,32.516
US82312B1061,10628209,SHEN,USD,2019-08-21,32.43,32.78,32.32,32.76,444,212,32.66
US82312B1061,10628209,SHEN,USD,2019-08-22,32.79,32.92,32.12,32.46,735,424,32.505
US82312B1061,10628209,SHEN,USD,2019-08-23,32.39,32.55,31.21,31.31,1365,637,31.488
US82312B1061,10628209,SHEN,USD,2019-08-26,31.64,32.21,31.31,32.11,792,468,31.979
US82312B1061,10628209,SHEN,USD,2019-08-27,32.34,32.34,30.81,30.87,1202,754,31.298
US82312B1061,10628209,SHEN,USD,2019-08-28,30.85,31.68,30.85,31.49,628,440,31.456
US82312B1061,10628209,SHEN,USD,2019-08-29,31.82,32.09,31.65,31.93,426,275,31.898
US82312B1061,10628209,SHEN,USD,2019-08-30,32.0,32.51,31.28,32.51,548,310,31.608
US82312B1061,10628209,SHEN,USD,2019-09-03,31.6,31.8,31.15,31.7,762,499,31.598
US82312B1061,10628209,SHEN,USD,2019-09-04,32.06,32.11,31.47,31.71,497,292,31.683
US82312B1061,10628209,SHEN,USD,2019-09-05,32.0,32.74,31.82,32.17,959,664,32.291
US82312B1061,10628209,SHEN,USD,2019-09-06,32.29,32.9,31.98,32.4,483,298,32.514
US82312B1061,10628209,SHEN,USD,2019-09-09,32.41,33.41,32.25,33.24,689,479,33.117
US82312B1061,10628209,SHEN,USD,2019-09-10,33.15,34.19,32.72,33.57,569,398,33.624
US82312B1061,10628209,SHEN,USD,2019-09-11,33.8,34.51,33.68,34.39,736,523,34.193
US82312B1061,10628209,SHEN,USD,2019-09-12,34.33,34.76,33.94,34.06,1488,793,34.177
US82312B1061,10628209,SHEN,USD,2019-09-13,34.33,34.53,33.29,33.38,1002,794,33.66
US82312B1061,10628209,SHEN,USD,2019-09-16,33.19,33.46,32.77,33.24,857,558,33.22
US82312B1061,10628209,SHEN,USD,2019-09-17,33.03,33.37,32.54,33.25,613,391,33.175
US82312B1061,10628209,SHEN,USD,2019-09-18,33.35,33.35,32.43,32.91,709,476,32.857
US82312B1061,10628209,SHEN,USD,2019-09-19,32.99,33.35,32.35,32.38,763,501,32.692
US82312B1061,10628209,SHEN,USD,2019-09-20,32.3,32.88,32.07,32.27,1953,414,32.304
US82312B1061,10628209,SHEN,USD,2019-09-23,32.02,32.86,31.69,32.22,943,604,32.267
US82312B1061,10628209,SHEN,USD,2019-09-24,32.23,33.09,32.0,32.12,1959,889,32.417
US82312B1061,10628209,SHEN,USD,2019-09-25,32.13,32.95,31.88,32.65,1140,764,32.513
US82312B1061,10628209,SHEN,USD,2019-09-26,32.51,32.89,31.7,31.73,618,363,32.031
US82312B1061,10628209,SHEN,USD,2019-09-27,31.69,31.91,30.7,30.9,637,381,31.104
US82312B1061,10628209,SHEN,USD,2019-09-30,30.85,32.4,30.85,31.77,1229,733,31.826
US82312B1061,10628209,SHEN,USD,2019-10-01,31.74,32.18,30.67,30.82,625,390,31.097
US82312B1061,10628209,SHEN,USD,2019-10-02,31.9,31.9,30.25,30.68,1083,624,30.637
US82312B1061,10628209,SHEN,USD,2019-10-03,30.48,30.83,30.13,30.24,578,412,30.344
US82312B1061,10628209,SHEN,USD,2019-10-04,30.35,31.12,30.24,30.97,942,605,30.815
US82312B1061,10628209,SHEN,USD,2019-10-07,30.96,31.25,30.72,30.81,370,248,30.998
US82312B1061,10628209,SHEN,USD,2019-10-08,30.64,30.64,30.04,30.19,405,273,30.303
US82312B1061,10628209,SHEN,USD,2019-10-09,30.49,30.67,30.2,30.31,503,358,30.347
US82312B1061,10628209,SHEN,USD,2019-10-10,30.39,30.48,29.61,29.69,517,365,29.859
US82312B1061,10628209,SHEN,USD,2019-10-11,30.02,31.55,29.95,31.14,1182,862,30.861
US82312B1061,10628209,SHEN,USD,2019-10-14,30.87,30.87,30.09,30.35,515,342,30.396
US82312B1061,10628209,SHEN,USD,2019-10-15,30.29,31.2,30.19,31.12,591,396,30.973
US82312B1061,10628209,SHEN,USD,2019-10-16,31.01,31.28,29.9,30.36,2553,1132,30.216
US82312B1061,10628209,SHEN,USD,2019-10-17,30.53,31.77,30.53,31.39,1134,571,31.371
US82312B1061,10628209,SHEN,USD,2019-10-18,31.19,31.33,30.45,30.77,765,447,30.833
US82312B1061,10628209,SHEN,USD,2019-10-21,31.18,31.55,30.81,30.83,786,405,31.109
US82312B1061,10628209,SHEN,USD,2019-10-22,30.91,31.08,30.49,30.89,4200,766,30.631
US82312B1061,10628209,SHEN,USD,2019-10-23,31.04,33.04,31.04,32.57,1144,518,32.095
US82312B1061,10628209,SHEN,USD,2019-10-24,32.53,32.79,31.64,31.8,735,455,31.891
US82312B1061,10628209,SHEN,USD,2019-10-25,31.68,32.69,31.62,32.13,1059,481,32.346
US82312B1061,10628209,SHEN,USD,2019-10-28,32.3,32.97,32.3,32.55,949,731,32.632
US82312B1061,10628209,SHEN,USD,2019-10-29,32.37,33.27,32.1,33.13,1329,1048,32.874
US82312B1061,10628209,SHEN,USD,2019-10-30,32.87,33.03,32.39,32.73,1497,1009,32.685
US82312B1061,10628209,SHEN,USD,2019-10-31,30.88,32.43,30.25,32.16,2229,1276,31.935
US82312B1061,10628209,SHEN,USD,2019-11-01,32.42,32.62,31.95,32.26,1467,796,32.247
US82312B1061,10628209,SHEN,USD,2019-11-04,32.22,36.69,31.96,36.69,1973,1051,33.045
US82312B1061,10628209,SHEN,USD,2019-11-05,36.49,41.16,36.47,39.64,23204,16051,39.496
US82312B1061,10628209,SHEN,USD,2019-11-06,39.12,39.25,37.91,38.3,12451,9301,38.354
US82312B1061,10628209,SHEN,USD,2019-11-07,38.0,39.2,37.33,37.71,69795,17163,38.059
US82312B1061,10628209,SHEN,USD,2019-11-08,37.54,37.71,36.75,37.35,5585,4403,37.301
US82312B1061,10628209,SHEN,USD,2019-11-11,37.2,37.5,36.81,36.98,3216,2469,37.017
US82312B1061,10628209,SHEN,USD,2019-11-12,36.78,37.17,36.25,36.57,2827,2196,36.61
US82312B1061,10628209,SHEN,USD,2019-11-13,35.92,36.23,35.32,36.0,3374,2392,35.916
US82312B1061,10628209,SHEN,USD,2019-11-14,35.83,36.46,35.49,35.65,3743,2265,35.848
US82312B1061,10628209,SHEN,USD,2019-11-15,35.9,36.48,35.28,36.44,2984,1789,36.118
US82312B1061,10628209,SHEN,USD,2019-11-18,36.32,36.7,35.34,36.05,2758,2136,35.912
US82312B1061,10628209,SHEN,USD,2019-11-19,36.0,36.59,35.43,36.05,2643,1665,36.171
US82312B1061,10628209,SHEN,USD,2019-11-20,35.76,36.3,35.44,35.88,2430,1645,35.824
US82312B1061,10628209,SHEN,USD,2019-11-21,36.05,36.18,35.55,36.16,3255,1750,35.839
US82312B1061,10628209,SHEN,USD,2019-11-22,36.39,36.79,36.1,36.27,2409,1496,36.341
US82312B1061,10628209,SHEN,USD,2019-11-25,36.39,37.29,36.02,37.26,1380,959,37.008
US82312B1061,10628209,SHEN,USD,2019-11-26,37.11,37.83,36.86,37.76,2687,1526,37.656
US82312B1061,10628209,SHEN,USD,2019-11-27,37.84,37.96,37.41,37.75,2352,1828,37.694
US82312B1061,10628209,SHEN,USD,2019-11-29,37.55,37.75,37.0,37.55,1164,819,37.495
US82312B1061,10628209,SHEN,USD,2019-12-02,37.55,37.55,36.99,37.1,3235,1644,37.271
US82312B1061,10628209,SHEN,USD,2019-12-03,36.98,37.79,36.8,37.69,2067,1426,37.412
US82312B1061,10628209,SHEN,USD,2019-12-04,37.82,37.92,37.3,37.59,1516,924,37.564
US82312B1061,10628209,SHEN,USD,2019-12-05,37.83,38.23,37.33,37.77,1519,856,37.747
US82312B1061,10628209,SHEN,USD,2019-12-06,38.06,38.42,37.93,38.29,2439,1184,38.211
US82312B1061,10628209,SHEN,USD,2019-12-09,38.12,38.24,37.42,37.47,4958,2151,37.744
US82312B1061,10628209,SHEN,USD,2019-12-10,37.3,37.6,37.13,37.51,3487,1399,37.404
US82312B1061,10628209,SHEN,USD,2019-12-11,37.4,37.72,37.09,37.29,1339,705,37.481
US82312B1061,10628209,SHEN,USD,2019-12-12,37.44,38.55,37.37,38.16,1621,1015,38.147
US82312B1061,10628209,SHEN,USD,2019-12-13,38.04,38.56,37.77,38.05,1963,1232,38.015
US82312B1061,10628209,SHEN,USD,2019-12-16,38.29,39.02,38.04,38.64,1500,890,38.731
US82312B1061,10628209,SHEN,USD,2019-12-17,38.8,39.05,38.53,38.87,1137,703,38.759
US82312B1061,10628209,SHEN,USD,2019-12-18,39.11,39.2,38.58,38.87,1466,952,38.826
US82312B1061,10628209,SHEN,USD,2019-12-19,38.93,39.3,38.58,39.21,1270,759,39.134
US82312B1061,10628209,SHEN,USD,2019-12-20,39.38,40.16,38.94,39.97,6915,1757,39.857
US82312B1061,10628209,SHEN,USD,2019-12-23,39.95,40.12,39.44,39.93,2030,1331,39.829
US82312B1061,10628209,SHEN,USD,2019-12-24,39.93,40.34,39.44,39.44,1000,643,40.218
US82312B1061,10628209,SHEN,USD,2019-12-26,40.41,40.95,40.13,40.91,3647,1597,40.765
US82312B1061,10628209,SHEN,USD,2019-12-27,40.91,41.1,40.64,41.09,3128,1715,40.92
US82312B1061,10628209,SHEN,USD,2019-12-30,41.18,41.51,40.71,41.29,1070,738,41.259
US82312B1061,10628209,SHEN,USD,2019-12-31,41.16,41.73,41.06,41.61,2173,949,41.567
US82312B1061,10628209,SHEN,USD,2020-01-02,41.87,41.87,40.6,41.44,2891,1658,41.205
US82312B1061,10628209,SHEN,USD,2020-01-03,40.78,41.44,40.21,40.83,2907,1411,40.64
US82312B1061,10628209,SHEN,USD,2020-01-06,40.48,41.16,40.21,40.95,1676,1123,40.865
US82312B1061,10628209,SHEN,USD,2020-01-07,40.71,41.17,40.46,40.9,1737,1025,40.981
US82312B1061,10628209,SHEN,USD,2020-01-08,41.17,42.3,40.99,42.16,2047,1130,41.991
US82312B1061,10628209,SHEN,USD,2020-01-09,42.61,43.35,42.38,43.12,3064,1647,42.991
US82312B1061,10628209,SHEN,USD,2020-01-10,43.16,43.5,42.13,42.21,1423,972,42.675
US82312B1061,10628209,SHEN,USD,2020-01-13,42.24,42.69,42.14,42.54,1077,756,42.545
US82312B1061,10628209,SHEN,USD,2020-01-14,42.39,43.07,42.07,42.97,988,592,42.762
US82312B1061,10628209,SHEN,USD,2020-01-15,42.82,43.76,42.73,43.18,1586,797,43.223
US82312B1061,10628209,SHEN,USD,2020-01-16,43.47,44.14,43.07,44.13,1381,924,43.861
US82312B1061,10628209,SHEN,USD,2020-01-17,44.45,44.45,43.84,44.06,1201,756,44.093
US82312B1061,10628209,SHEN,USD,2020-01-21,43.99,44.42,43.86,44.2,1794,1083,44.162
US82312B1061,10628209,SHEN,USD,2020-01-22,44.29,44.36,43.87,44.04,1099,772,44.068
US82312B1061,10628209,SHEN,USD,2020-01-23,43.92,44.44,43.57,43.98,1525,782,44.163
US82312B1061,10628209,SHEN,USD,2020-01-24,44.45,44.55,43.93,44.29,1164,748,44.293
US82312B1061,10628209,SHEN,USD,2020-01-27,42.38,43.52,41.47,43.09,3083,1034,43.104
US82312B1061,10628209,SHEN,USD,2020-01-28,43.49,44.11,43.24,43.8,2715,1762,43.789
US82312B1061,10628209,SHEN,USD,2020-01-29,43.91,43.91,41.41,41.43,1328,954,42.064
US82312B1061,10628209,SHEN,USD,2020-01-30,41.06,41.75,41.05,41.61,1741,1198,41.484
US82312B1061,10628209,SHEN,USD,2020-01-31,41.43,41.73,40.25,40.35,1323,942,40.576
US82312B1061,10628209,SHEN,USD,2020-02-03,40.56,40.89,40.18,40.36,2584,1553,40.427
US82312B1061,10628209,SHEN,USD,2020-02-04,40.92,41.49,40.36,40.36,1214,799,41.203
US82312B1061,10628209,SHEN,USD,2020-02-05,41.89,42.65,41.57,42.3,1185,788,42.246
US82312B1061,10628209,SHEN,USD,2020-02-06,42.63,42.87,42.43,42.7,713,442,42.707
US82312B1061,10628209,SHEN,USD,2020-02-07,42.54,42.93,42.31,42.63,906,539,42.623
US82312B1061,10628209,SHEN,USD,2020-02-10,42.46,43.11,42.18,42.68,1329,533,42.525
US82312B1061,10628209,SHEN,USD,2020-02-11,42.8,47.97,42.76,47.97,5018,3130,46.693
US82312B1061,10628209,SHEN,USD,2020-02-12,47.0,47.39,46.15,46.24,1670,1218,46.631
US82312B1061,10628209,SHEN,USD,2020-02-13,46.26,46.89,45.97,46.36,3841,1352,46.312
US82312B1061,10628209,SHEN,USD,2020-02-14,46.95,47.55,46.63,47.23,1857,1160,47.112
US82312B1061,10628209,SHEN,USD,2020-02-18,46.9,48.43,46.8,48.35,1346,784,47.739
US82312B1061,10628209,SHEN,USD,2020-02-19,48.48,49.8,47.14,49.36,2217,1096,49.325
US82312B1061,10628209,SHEN,USD,2020-02-20,49.18,49.46,48.26,49.36,1109,672,49.1
US82312B1061,10628209,SHEN,USD,2020-02-21,49.27,49.67,48.1,48.44,906,546,48.6
US82312B1061,10628209,SHEN,USD,2020-02-24,46.7,49.03,46.65,48.47,1496,946,48.449
US82312B1061,10628209,SHEN,USD,2020-02-25,48.55,48.55,46.28,46.32,1235,884,46.92
US82312B1061,10628209,SHEN,USD,2020-02-26,46.74,47.89,46.74,47.6,1422,1030,47.425
US82312B1061,10628209,SHEN,USD,2020-02-27,45.62,48.11,42.01,45.71,2102,1691,46.628
US82312B1061,10628209,SHEN,USD,2020-02-28,44.27,45.25,42.02,44.43,3059,2077,43.561
US82312B1061,10628209,SHEN,USD,2020-03-02,44.58,45.9,43.64,45.13,1318,725,45.266
US82312B1061,10628209,SHEN,USD,2020-03-03,45.69,46.67,44.02,44.37,1616,1031,44.87
US82312B1061,10628209,SHEN,USD,2020-03-04,45.15,46.3,44.71,46.26,1024,584,45.856
US82312B1061,10628209,SHEN,USD,2020-03-05,44.79,46.01,43.84,44.32,1165,560,44.403
US82312B1061,10628209,SHEN,USD,2020-03-06,42.92,44.47,42.79,43.91,931,580,43.623
US82312B1061,10628209,SHEN,USD,2020-03-09,40.82,42.71,40.41,41.01,1075,474,41.22
US82312B1061,10628209,SHEN,USD,2020-03-10,42.24,43.27,40.25,43.11,1330,1024,42.174
US82312B1061,10628209,SHEN,USD,2020-03-11,41.84,42.7,41.08,41.85,901,523,41.915
US82312B1061,10628209,SHEN,USD,2020-03-12,39.5,41.54,38.45,39.32,2061,1105,39.745
US82312B1061,10628209,SHEN,USD,2020-03-13,40.93,44.06,38.73,44.06,2020,1069,42.749
US82312B1061,10628209,SHEN,USD,2020-03-16,38.43,43.81,38.35,42.77,1980,1167,42.032
US82312B1061,10628209,SHEN,USD,2020-03-17,43.57,50.1,43.47,48.89,5267,3158,48.466
US82312B1061,10628209,SHEN,USD,2020-03-18,46.23,50.93,44.99,47.54,2389,1287,48.352
US82312B1061,10628209,SHEN,USD,2020-03-19,47.93,51.0,44.4,46.17,3930,1693,46.45
US82312B1061,10628209,SHEN,USD,2020-03-20,46.59,47.11,42.83,43.93,3134,1467,45.063
US82312B1061,10628209,SHEN,USD,2020-03-23,43.7,46.94,42.9,44.8,1322,921,44.639
US82312B1061,10628209,SHEN,USD,2020-03-24,46.46,48.52,46.13,48.3,1701,842,47.966
US82312B1061,10628209,SHEN,USD,2020-03-25,48.1,49.31,42.05,42.66,2381,1408,45.201
US82312B1061,10628209,SHEN,USD,2020-03-26,42.66,47.52,42.15,46.79,1736,901,46.244
US82312B1061,10628209,SHEN,USD,2020-03-27,45.4,48.3,45.2,46.17,1676,976,46.73
US82312B1061,10628209,SHEN,USD,2020-03-30,46.98,49.68,46.0,49.5,1240,851,48.252
US82312B1061,10628209,SHEN,USD,2020-03-31,49.09,49.98,47.84,49.25,2423,1080,49.252
US82312B1061,10628209,SHEN,USD,2020-04-01,47.93,48.86,46.04,46.56,1555,858,46.912
US82312B1061,10628209,SHEN,USD,2020-04-02,46.21,48.66,46.21,47.95,1337,683,47.484
US82312B1061,10628209,SHEN,USD,2020-04-03,47.52,48.28,46.5,47.98,1001,471,47.723
US82312B1061,10628209,SHEN,USD,2020-04-06,49.1,52.25,49.0,51.57,2302,1128,50.956
US82312B1061,10628209,SHEN,USD,2020-04-07,53.12,53.51,48.13,48.66,2801,1362,49.666
US82312B1061,10628209,SHEN,USD,2020-04-08,46.95,48.64,46.1,47.48,1160,621,47.673
US82312B1061,10628209,SHEN,USD,2020-04-09,48.32,50.85,47.64,50.31,1608,1095,49.717
US82312B1061,10628209,SHEN,USD,2020-04-13,49.88,50.71,48.45,49.27,881,566,49.439
US82312B1061,10628209,SHEN,USD,2020-04-14,50.67,51.52,50.24,51.08,765,400,51.0
US82312B1061,10628209,SHEN,USD,2020-04-15,50.58,50.58,47.9,48.44,1164,613,48.618
US82312B1061,10628209,SHEN,USD,2020-04-16,48.44,51.77,47.52,51.58,1989,1281,50.556
US82312B1061,10628209,SHEN,USD,2020-04-17,52.62,52.82,50.81,51.01,1657,989,51.385
US82312B1061,10628209,SHEN,USD,2020-04-20,50.0,51.18,49.51,50.78,861,557,50.605
US82312B1061,10628209,SHEN,USD,2020-04-21,49.79,50.78,49.19,50.04,844,589,50.089
US82312B1061,10628209,SHEN,USD,2020-04-22,50.97,51.95,50.09,51.39,1386,876,51.396
US82312B1061,10628209,SHEN,USD,2020-04-23,51.75,53.93,51.6,53.0,2091,1518,53.035
US82312B1061,10628209,SHEN,USD,2020-04-24,53.41,53.41,51.72,52.3,1199,794,52.479
US82312B1061,10628209,SHEN,USD,2020-04-27,53.04,54.7,52.54,54.45,1451,735,53.927
US82312B1061,10628209,SHEN,USD,2020-04-28,55.0,56.94,54.46,56.58,2459,1439,56.115
US82312B1061,10628209,SHEN,USD,2020-04-29,57.0,59.93,56.98,58.64,7335,2440,58.752
US82312B1061,10628209,SHEN,USD,2020-04-30,56.13,57.92,53.3,53.51,2568,1546,54.364
US82312B1061,10628209,SHEN,USD,2020-05-01,53.0,53.0,44.6,45.65,2498,1715,46.936
US82312B1061,10628209,SHEN,USD,2020-05-04,45.41,46.35,44.39,45.22,2014,884,45.306
US82312B1061,10628209,SHEN,USD,2020-05-05,46.08,48.13,45.0,45.0,1355,813,46.174
US82312B1061,10628209,SHEN,USD,2020-05-06,45.6,46.47,44.05,44.22,1188,521,44.473
US82312B1061,10628209,SHEN,USD,2020-05-07,44.98,47.34,44.95,47.08,1148,786,46.769
US82312B1061,10628209,SHEN,USD,2020-05-08,48.2,48.99,47.37,48.74,1358,552,48.508
US82312B1061,10628209,SHEN,USD,2020-05-11,48.17,48.54,46.75,47.52,1046,486,47.601
US82312B1061,10628209,SHEN,USD,2020-05-12,47.82,48.6,46.72,46.93,991,565,47.411
US82312B1061,10628209,SHEN,USD,2020-05-13,46.93,46.93,45.02,45.97,1093,650,45.907
US82312B1061,10628209,SHEN,USD,2020-05-14,45.11,45.76,44.04,45.69,1063,801,45.146
US82312B1061,10628209,SHEN,USD,2020-05-15,45.25,47.25,44.65,46.9,772,498,46.671
US82312B1061,10628209,SHEN,USD,2020-05-18,48.6,51.44,48.23,50.75,2075,1183,50.627
US82312B1061,10628209,SHEN,USD,2020-05-19,50.24,50.83,48.14,48.36,1153,776,49.026
US82312B1061,10628209,SHEN,USD,2020-05-20,49.37,49.65,48.3,49.47,1296,722,49.366
US82312B1061,10628209,SHEN,USD,2020-05-21,49.37,49.62,48.32,48.9,736,489,48.973
US82312B1061,10628209,SHEN,USD,2020-05-22,49.3,52.11,49.01,52.08,786,546,51.389
US82312B1061,10628209,SHEN,USD,2020-05-26,53.79,53.79,52.25,53.0,1518,703,53.049
US82312B1061,10628209,SHEN,USD,2020-05-27,54.11,55.21,52.6,54.7,1472,1020,54.387
US82312B1061,10628209,SHEN,USD,2020-05-28,55.29,55.95,52.18,52.72,1252,738,53.512
US82312B1061,10628209,SHEN,USD,2020-05-29,52.25,52.87,50.79,52.61,2011,846,52.389
US82312B1061,10628209,SHEN,USD,2020-06-01,52.7,53.84,52.03,52.77,1133,566,52.962
US82312B1061,10628209,SHEN,USD,2020-06-02,52.57,53.46,51.45,53.27,1096,673,52.904
US82312B1061,10628209,SHEN,USD,2020-06-03,53.9,55.65,53.28,55.02,954,570,54.885
US82312B1061,10628209,SHEN,USD,2020-06-04,54.79,55.35,53.17,54.84,1110,596,54.574
US82312B1061,10628209,SHEN,USD,2020-06-05,55.0,58.0,54.93,55.75,1866,1165,56.616
US82312B1061,10628209,SHEN,USD,2020-06-08,56.4,56.7,54.87,56.44,1104,747,56.369
US82312B1061,10628209,SHEN,USD,2020-06-09,55.54,56.56,54.72,55.86,768,489,55.677
US82312B1061,10628209,SHEN,USD,2020-06-10,55.89,56.1,53.43,54.3,1616,1227,54.222
US82312B1061,10628209,SHEN,USD,2020-06-11,53.28,53.28,51.14,51.33,1004,559,51.749
US82312B1061,10628209,SHEN,USD,2020-06-12,53.19,53.19,50.47,51.36,1007,734,51.398
US82312B1061,10628209,SHEN,USD,2020-06-15,50.29,52.31,49.75,51.55,1641,1246,51.232
US82312B1061,10628209,SHEN,USD,2020-06-16,52.08,52.63,50.5,51.9,1617,1056,51.713
US82312B1061,10628209,SHEN,USD,2020-06-17,52.32,52.48,51.04,51.14,768,418,51.404
US82312B1061,10628209,SHEN,USD,2020-06-18,51.05,51.68,50.89,51.38,862,569,51.296
US82312B1061,10628209,SHEN,USD,2020-06-19,51.78,52.04,50.84,51.4,4053,844,51.498
US82312B1061,10628209,SHEN,USD,2020-06-22,51.4,51.71,50.5,51.17,883,587,51.106
US82312B1061,10628209,SHEN,USD,2020-06-23,51.51,52.65,50.54,51.58,940,615,51.67
US82312B1061,10628209,SHEN,USD,2020-06-24,50.89,52.44,50.57,51.59,1535,826,51.602
US82312B1061,10628209,SHEN,USD,2020-06-25,51.54,52.43,50.9,52.15,1168,707,52.068
US82312B1061,10628209,SHEN,USD,2020-06-26,51.8,51.83,46.65,46.69,3229,796,47.025
US82312B1061,10628209,SHEN,USD,2020-06-29,47.23,49.71,47.23,49.23,974,609,49.001
US82312B1061,10628209,SHEN,USD,2020-06-30,49.21,50.17,48.94,49.29,901,399,49.39
US82312B1061,10628209,SHEN,USD,2020-07-01,49.69,51.19,49.69,50.78,1633,1053,50.693
US82312B1061,10628209,SHEN,USD,2020-07-02,51.66,51.66,49.83,50.33,1117,573,50.45
US82312B1061,10628209,SHEN,USD,2020-07-06,51.3,51.66,50.26,50.29,657,453,50.443
US82312B1061,10628209,SHEN,USD,2020-07-07,49.78,50.41,49.22,49.41,955,358,49.479
US82312B1061,10628209,SHEN,USD,2020-07-08,49.19,49.69,47.98,49.63,713,431,49.218
US82312B1061,10628209,SHEN,USD,2020-07-09,49.72,49.72,48.09,48.73,889,529,48.774
US82312B1061,10628209,SHEN,USD,2020-07-10,48.93,50.04,48.49,49.94,761,343,49.806
US82312B1061,10628209,SHEN,USD,2020-07-13,50.0,50.94,48.65,48.88,1261,558,49.441
US82312B1061,10628209,SHEN,USD,2020-07-14,48.95,50.4,48.92,50.21,656,450,49.865
US82312B1061,10628209,SHEN,USD,2020-07-15,50.88,51.55,50.13,50.27,1454,584,50.442
US82312B1061,10628209,SHEN,USD,2020-07-16,50.29,50.72,49.61,50.37,1704,417,50.3
US82312B1061,10628209,SHEN,USD,2020-07-17,50.14,50.78,49.65,50.02,877,398,50.059
US82312B1061,10628209,SHEN,USD,2020-07-20,49.76,50.41,49.36,49.54,483,331,49.679
US82312B1061,10628209,SHEN,USD,2020-07-21,50.0,50.66,49.49,49.73,598,310,49.94
US82312B1061,10628209,SHEN,USD,2020-07-22,49.53,49.93,48.12,48.12,629,356,48.918
US82312B1061,10628209,SHEN,USD,2020-07-23,48.48,49.61,48.48,49.52,836,351,49.333
US82312B1061,10628209,SHEN,USD,2020-07-24,49.51,49.99,49.07,49.63,592,383,49.582
US82312B1061,10628209,SHEN,USD,2020-07-27,49.56,50.74,49.56,50.1,1048,550,50.209
US82312B1061,10628209,SHEN,USD,2020-07-28,50.4,50.81,48.68,49.67,1222,707,49.916
US82312B1061,10628209,SHEN,USD,2020-07-29,49.98,50.26,48.92,49.22,774,506,49.434
US82312B1061,10628209,SHEN,USD,2020-07-30,50.2,51.36,49.29,49.63,1103,830,50.031
US82312B1061,10628209,SHEN,USD,2020-07-31,49.37,50.31,48.19,50.27,1484,860,49.723
US82312B1061,10628209,SHEN,USD,2020-08-03,50.27,50.81,50.14,50.35,874,465,50.393
US82312B1061,10628209,SHEN,USD,2020-08-04,50.44,53.05,50.25,52.29,1913,927,52.344
US82312B1061,10628209,SHEN,USD,2020-08-05,52.71,53.78,51.47,52.36,1220,568,52.286
US82312B1061,10628209,SHEN,USD,2020-08-06,52.09,53.39,51.83,53.14,781,544,52.862
US82312B1061,10628209,SHEN,USD,2020-08-07,53.26,55.74,53.12,55.11,1252,847,55.09
US82312B1061,10628209,SHEN,USD,2020-08-10,55.12,55.91,54.51,55.31,931,677,55.314
US82312B1061,10628209,SHEN,USD,2020-08-11,55.65,56.0,54.43,54.97,913,624,55.037
US82312B1061,10628209,SHEN,USD,2020-08-12,55.48,56.64,55.1,55.41,956,483,55.567
US82312B1061,10628209,SHEN,USD,2020-08-13,55.29,56.47,55.04,56.12,622,407,55.969
US82312B1061,10628209,SHEN,USD,2020-08-14,55.85,56.55,55.73,56.14,638,367,56.133
US82312B1061,10628209,SHEN,USD,2020-08-17,55.95,56.36,55.15,55.3,941,689,55.716
US82312B1061,10628209,SHEN,USD,2020-08-18,55.13,55.26,54.52,55.19,878,640,54.987
US82312B1061,10628209,SHEN,USD,2020-08-19,55.38,55.62,54.64,55.05,822,466,55.152
US82312B1061,10628209,SHEN,USD,2020-08-20,54.48,55.49,53.88,54.49,633,430,54.385
US82312B1061,10628209,SHEN,USD,2020-08-21,54.48,54.8,50.83,53.69,591,265,53.766
US82312B1061,10628209,SHEN,USD,2020-08-24,54.25,54.52,53.16,53.8,777,400,53.752
US82312B1061,10628209,SHEN,USD,2020-08-25,54.05,54.05,52.95,53.45,498,291,53.411
US82312B1061,10628209,SHEN,USD,2020-08-26,53.46,53.75,52.94,53.49,702,396,53.421
US82312B1061,10628209,SHEN,USD,2020-08-27,53.9,54.88,53.7,54.67,949,593,54.567
US82312B1061,10628209,SHEN,USD,2020-08-28,54.81,55.43,54.81,55.08,1069,591,55.081
US82312B1061,10628209,SHEN,USD,2020-08-31,55.05,55.63,54.53,55.29,1215,549,55.298
US82312B1061,10628209,SHEN,USD,2020-09-01,55.5,56.05,55.01,55.64,1407,699,55.655
US82312B1061,10628209,SHEN,USD,2020-09-02,55.69,56.45,55.29,55.78,1081,710,55.759
US82312B1061,10628209,SHEN,USD,2020-09-03,55.64,55.87,54.6,54.97,1740,1196,55.205
US82312B1061,10628209,SHEN,USD,2020-09-04,55.38,55.69,52.93,53.8,782,543,53.845
US82312B1061,10628209,SHEN,USD,2020-09-08,53.37,55.78,52.53,54.96,1173,859,54.855
US82312B1061,10628209,SHEN,USD,2020-09-09,55.35,56.77,54.89,54.99,1171,736,55.454
US82312B1061,10628209,SHEN,USD,2020-09-10,54.99,55.82,53.75,54.0,948,558,54.544
US82312B1061,10628209,SHEN,USD,2020-09-11,54.15,54.7,51.8,52.05,955,718,52.553
US82312B1061,10628209,SHEN,USD,2020-09-14,52.29,52.62,47.75,47.9,1985,1403,48.589
US82312B1061,10628209,SHEN,USD,2020-09-15,47.9,48.12,46.78,47.59,1157,774,47.544
US82312B1061,10628209,SHEN,USD,2020-09-16,47.58,49.3,47.58,48.0,1184,607,48.244
US82312B1061,10628209,SHEN,USD,2020-09-17,47.55,48.36,46.72,47.27,1255,700,47.279
US82312B1061,10628209,SHEN,USD,2020-09-18,48.03,49.64,46.58,47.85,8937,1176,47.871
US82312B1061,10628209,SHEN,USD,2020-09-21,48.1,48.58,44.14,44.62,1838,1074,44.854
US82312B1061,10628209,SHEN,USD,2020-09-22,44.45,45.84,43.63,44.02,1220,686,44.13
US82312B1061,10628209,SHEN,USD,2020-09-23,43.82,44.37,42.18,42.36,1800,1115,42.532
US82312B1061,10628209,SHEN,USD,2020-09-24,42.61,44.69,42.2,44.09,1387,973,44.024
US82312B1061,10628209,SHEN,USD,2020-09-25,43.63,44.18,43.1,43.4,721,464,43.441
US82312B1061,10628209,SHEN,USD,2020-09-28,43.84,44.66,43.78,44.22,1059,620,44.227
US82312B1061,10628209,SHEN,USD,2020-09-29,44.42,44.78,43.83,44.49,1466,585,44.435
US82312B1061,10628209,SHEN,USD,2020-09-30,44.77,45.1,44.04,44.44,2028,901,44.491
US82312B1061,10628209,SHEN,USD,2020-10-01,44.81,44.84,43.22,44.57,949,586,44.243
US82312B1061,10628209,SHEN,USD,2020-10-02,44.03,44.97,43.66,44.42,1048,581,44.442
US82312B1061,10628209,SHEN,USD,2020-10-05,44.42,45.4,44.42,45.21,811,360,45.124
US82312B1061,10628209,SHEN,USD,2020-10-06,45.24,46.18,45.02,45.07,1339,580,45.328
US82312B1061,10628209,SHEN,USD,2020-10-07,45.22,45.55,44.16,45.07,1336,786,44.937
US82312B1061,10628209,SHEN,USD,2020-10-08,45.07,46.07,45.07,45.93,783,511,45.812
US82312B1061,10628209,SHEN,USD,2020-10-09,46.42,47.0,46.04,46.99,847,499,46.776
US82312B1061,10628209,SHEN,USD,2020-10-12,46.95,47.56,46.84,47.47,682,448,47.335
US82312B1061,10628209,SHEN,USD,2020-10-13,47.3,47.88,46.44,47.34,931,292,47.359
US82312B1061,10628209,SHEN,USD,2020-10-14,47.31,47.31,45.66,45.69,405,217,45.978
US82312B1061,10628209,SHEN,USD,2020-10-15,45.44,45.87,44.58,45.85,567,375,45.556
US82312B1061,10628209,SHEN,USD,2020-10-16,45.71,46.54,45.01,45.61,647,303,45.706
US82312B1061,10628209,SHEN,USD,2020-10-19,45.96,46.15,44.52,44.7,541,281,44.989
US82312B1061,10628209,SHEN,USD,2020-10-20,45.13,45.15,44.24,44.59,363,166,44.6
US82312B1061,10628209,SHEN,USD,2020-10-21,44.78,45.01,43.79,44.43,603,359,44.476
US82312B1061,10628209,SHEN,USD,2020-10-22,44.76,45.06,44.44,44.68,819,335,44.714
US82312B1061,10628209,SHEN,USD,2020-10-23,44.84,45.46,44.46,45.33,625,350,45.173
US82312B1061,10628209,SHEN,USD,2020-10-26,44.66,45.51,43.98,44.75,469,259,44.691
US82312B1061,10628209,SHEN,USD,2020-10-27,44.62,45.36,44.29,44.91,758,369,44.917
US82312B1061,10628209,SHEN,USD,2020-10-28,44.43,44.77,43.72,43.84,736,432,44.111
US82312B1061,10628209,SHEN,USD,2020-10-29,43.68,44.24,43.29,43.91,785,414,43.857
US82312B1061,10628209,SHEN,USD,2020-10-30,43.75,44.05,43.03,43.62,1000,458,43.552
US82312B1061,10628209,SHEN,USD,2020-11-02,44.22,44.43,43.05,43.51,1249,651,43.521
US82312B1061,10628209,SHEN,USD,2020-11-03,44.06,44.97,43.67,44.58,863,394,44.49
US82312B1061,10628209,SHEN,USD,2020-11-04,44.28,45.82,44.07,45.1,435,195,45.125
US82312B1061,10628209,SHEN,USD,2020-11-05,45.44,46.0,44.9,45.36,722,408,45.422
US82312B1061,10628209,SHEN,USD,2020-11-06,45.8,45.82,42.31,42.9,1011,545,43.093
US82312B1061,10628209,SHEN,USD,2020-11-09,44.83,47.96,44.59,46.75,1477,945,46.954
US82312B1061,10628209,SHEN,USD,2020-11-10,47.07,48.01,46.74,47.44,1646,924,47.407
US82312B1061,10628209,SHEN,USD,2020-11-11,47.58,47.61,46.45,46.88,1209,644,46.871
US82312B1061,10628209,SHEN,USD,2020-11-12,46.4,47.53,44.48,45.07,1294,524,45.224
US82312B1061,10628209,SHEN,USD,2020-11-13,45.48,45.98,44.94,45.29,1663,936,45.65
US82312B1061,10628209,SHEN,USD,2020-11-16,46.53,46.53,45.01,45.2,1447,729,45.416
US82312B1061,10628209,SHEN,USD,2020-11-17,44.77,45.75,43.81,45.55,1078,559,45.341
US82312B1061,10628209,SHEN,USD,2020-11-18,45.73,45.97,44.83,45.23,817,392,45.319
US82312B1061,10628209,SHEN,USD,2020-11-19,44.95,45.59,44.51,45.11,984,576,45.024
US82312B1061,10628209,SHEN,USD,2020-11-20,44.81,45.1,44.05,44.45,1276,455,44.499
US82312B1061,10628209,SHEN,USD,2020-11-23,44.87,44.87,43.42,44.14,1424,647,44.064
US82312B1061,10628209,SHEN,USD,2020-11-24,44.7,46.18,44.16,45.66,1061,568,45.62
US82312B1061,10628209,SHEN,USD,2020-11-25,45.42,45.67,43.94,45.56,644,396,45.444
US82312B1061,10628209,SHEN,USD,2020-11-27,45.39,45.6,43.2,45.37,373,198,45.064
US82312B1061,10628209,SHEN,USD,2020-11-30,45.37,45.37,43.51,44.45,1267,420,44.427
US82312B1061,10628209,SHEN,USD,2020-12-01,45.12,45.44,44.03,45.13,1278,601,44.951
US82312B1061,10628209,SHEN,USD,2020-12-02,45.11,45.43,44.38,44.93,714,401,44.917
US82312B1061,10628209,SHEN,USD,2020-12-03,44.79,45.63,44.46,44.59,446,241,44.785
US82312B1061,10628209,SHEN,USD,2020-12-04,44.59,45.75,44.43,45.53,797,517,45.375
US82312B1061,10628209,SHEN,USD,2020-12-07,45.72,45.87,45.36,45.68,532,288,45.619
US82312B1061,10628209,SHEN,USD,2020-12-08,45.21,45.37,44.63,44.97,803,466,45.001
US82312B1061,10628209,SHEN,USD,2020-12-09,45.42,45.73,45.05,45.35,1050,489,45.371
US82312B1061,10628209,SHEN,USD,2020-12-10,45.36,45.46,43.83,44.43,805,473,44.509
US82312B1061,10628209,SHEN,USD,2020-12-11,44.15,44.93,43.58,44.74,413,229,44.544
US82312B1061,10628209,SHEN,USD,2020-12-14,45.0,45.96,44.82,44.87,1308,404,45.022
US82312B1061,10628209,SHEN,USD,2020-12-15,45.06,46.23,44.68,45.92,929,452,45.815
US82312B1061,10628209,SHEN,USD,2020-12-16,45.85,45.94,43.67,44.09,1789,797,44.2
US82312B1061,10628209,SHEN,USD,2020-12-17,44.05,44.72,43.75,44.63,957,516,44.418
US82312B1061,10628209,SHEN,USD,2020-12-18,44.84,45.18,43.7,44.0,5012,621,44.204
US82312B1061,10628209,SHEN,USD,2020-12-21,43.41,43.72,42.9,43.38,1124,358,43.321
US82312B1061,10628209,SHEN,USD,2020-12-22,43.2,43.56,42.77,42.93,987,304,42.963
US82312B1061,10628209,SHEN,USD,2020-12-23,42.97,43.73,42.84,43.4,765,494,43.352
US82312B1061,10628209,SHEN,USD,2020-12-24,44.09,44.1,43.15,43.62,232,140,43.573
US82312B1061,10628209,SHEN,USD,2020-12-28,44.0,44.22,43.27,44.02,932,532,43.892
US82312B1061,10628209,SHEN,USD,2020-12-29,43.94,44.31,42.78,43.65,959,630,43.332
US82312B1061,10628209,SHEN,USD,2020-12-30,43.5,43.58,42.75,42.87,671,369,42.986
US82312B1061,10628209,SHEN,USD,2020-12-31,42.99,43.75,42.43,43.75,1171,446,43.16
US82312B1061,10628209,SHEN,USD,2021-01-04,43.51,43.84,42.47,43.46,1616,773,43.388
US82312B1061,10628209,SHEN,USD,2021-01-05,43.56,45.72,43.56,44.5,1359,793,44.769
US82312B1061,10628209,SHEN,USD,2021-01-06,44.93,46.95,44.6,46.5,2133,1149,46.377
US82312B1061,10628209,SHEN,USD,2021-01-07,46.21,46.98,45.92,46.57,933,495,46.452
US82312B1061,10628209,SHEN,USD,2021-01-08,46.74,46.84,44.65,45.18,1011,426,45.224
US82312B1061,10628209,SHEN,USD,2021-01-11,44.77,45.65,43.26,43.64,870,394,43.702
US82312B1061,10628209,SHEN,USD,2021-01-12,43.64,43.83,42.73,43.77,593,339,43.462
US82312B1061,10628209,SHEN,USD,2021-01-13,43.52,43.81,43.04,43.46,952,413,43.317
US82312B1061,10628209,SHEN,USD,2021-01-14,43.57,44.03,43.37,43.59,1073,644,43.795
US82312B1061,10628209,SHEN,USD,2021-01-15,43.31,43.69,43.01,43.28,827,445,43.324
US82312B1061,10628209,SHEN,USD,2021-01-19,43.72,44.1,43.34,43.94,1238,546,43.927
US82312B1061,10628209,SHEN,USD,2021-01-20,44.19,44.3,42.82,42.82,2198,1229,43.386
US82312B1061,10628209,SHEN,USD,2021-01-21,43.27,43.86,42.73,43.14,1167,550,43.203
US82312B1061,10628209,SHEN,USD,2021-01-22,42.74,44.46,42.74,44.29,1240,540,44.074
US82312B1061,10628209,SHEN,USD,2021-01-25,44.11,44.71,43.43,44.11,705,425,43.955
US82312B1061,10628209,SHEN,USD,2021-01-26,44.42,45.38,44.16,45.05,880,543,44.91
US82312B1061,10628209,SHEN,USD,2021-01-27,44.23,44.96,42.28,42.55,1536,980,42.945
US82312B1061,10628209,SHEN,USD,2021-01-28,42.9,43.65,39.89,39.98,1641,1047,40.459
US82312B1061,10628209,SHEN,USD,2021-01-29,40.38,40.42,38.77,38.87,1740,1030,39.255
US82312B1061,10628209,SHEN,USD,2021-02-01,39.52,40.13,38.98,39.5,1005,657,39.743
US82312B1061,10628209,SHEN,USD,2021-02-02,40.9,42.95,40.46,42.23,2703,1618,42.127
US82312B1061,10628209,SHEN,USD,2021-02-03,43.49,51.0,42.24,44.65,2394,1449,44.251
US82312B1061,10628209,SHEN,USD,2021-02-04,44.66,44.8,42.51,44.06,1825,1013,43.525
US82312B1061,10628209,SHEN,USD,2021-02-05,44.17,47.0,44.05,46.0,1727,1138,44.717
US82312B1061,10628209,SHEN,USD,2021-02-08,47.0,47.5,44.69,46.26,1827,1069,45.658
US82312B1061,10628209,SHEN,USD,2021-02-09,47.0,48.16,45.53,46.46,3635,1848,47.085
US82312B1061,10628209,SHEN,USD,2021-02-10,46.96,46.99,45.2,45.65,1267,733,45.678
US82312B1061,10628209,SHEN,USD,2021-02-11,45.6,45.8,44.48,44.96,1864,1075,45.474
US82312B1061,10628209,SHEN,USD,2021-02-12,44.57,46.38,44.57,45.09,1519,1121,45.258
US82312B1061,10628209,SHEN,USD,2021-02-16,45.24,45.34,43.5,44.25,1755,928,44.243
US82312B1061,10628209,SHEN,USD,2021-02-17,43.87,44.93,43.87,44.88,1281,906,44.648
US82312B1061,10628209,SHEN,USD,2021-02-18,44.8,44.8,43.65,43.75,3351,1786,43.909
US82312B1061,10628209,SHEN,USD,2021-02-19,43.89,44.38,43.13,43.46,7907,2367,43.437
US82312B1061,10628209,SHEN,USD,2021-02-22,43.04,44.22,42.84,43.02,2543,1385,43.677
US82312B1061,10628209,SHEN,USD,2021-02-23,43.88,45.36,43.82,45.03,1766,1206,44.809
US82312B1061,10628209,SHEN,USD,2021-02-24,45.2,45.71,44.18,45.46,1487,961,45.331
US82312B1061,10628209,SHEN,USD,2021-02-25,45.37,47.4,44.08,45.46,1651,1057,44.968
US82312B1061,10628209,SHEN,USD,2021-02-26,44.24,44.94,43.51,44.35,1641,628,44.356
US82312B1061,10628209,SHEN,USD,2021-03-01,44.76,45.36,44.13,45.13,2224,1094,44.926
US82312B1061,10628209,SHEN,USD,2021-03-02,45.36,45.37,44.15,44.2,1197,696,44.637
US82312B1061,10628209,SHEN,USD,2021-03-03,44.38,44.75,43.9,44.31,856,523,44.405
US82312B1061,10628209,SHEN,USD,2021-03-04,44.45,45.67,44.32,44.78,1672,865,44.906
US82312B1061,10628209,SHEN,USD,2021-03-05,45.46,48.0,44.66,47.5,2455,1394,47.158
US82312B1061,10628209,SHEN,USD,2021-03-08,47.9,51.32,47.52,50.25,2223,1375,49.99
US82312B1061,10628209,SHEN,USD,2021-03-09,50.53,51.12,49.38,50.12,1857,1433,50.244
US82312B1061,10628209,SHEN,USD,2021-03-10,50.12,52.12,49.15,51.0,1351,922,51.346
US82312B1061,10628209,SHEN,USD,2021-03-11,51.52,51.85,50.65,51.14,1470,905,51.182
US82312B1061,10628209,SHEN,USD,2021-03-12,51.26,52.19,51.03,51.78,1217,818,51.63
US82312B1061,10628209,SHEN,USD,2021-03-15,51.63,52.2,50.98,51.58,992,619,51.533
US82312B1061,10628209,SHEN,USD,2021-03-16,51.31,51.53,50.69,50.85,930,634,51.069
US82312B1061,10628209,SHEN,USD,2021-03-17,50.97,51.28,50.2,50.53,936,525,50.615
US82312B1061,10628209,SHEN,USD,2021-03-18,50.28,50.73,49.18,49.37,987,603,49.597
US82312B1061,10628209,SHEN,USD,2021-03-19,49.28,49.7,48.46,49.01,5341,757,49.068
US82312B1061,10628209,SHEN,USD,2021-03-22,48.81,49.41,48.25,49.25,698,371,49.064
US82312B1061,10628209,SHEN,USD,2021-03-23,48.95,49.29,48.13,48.24,905,465,48.491
US82312B1061,10628209,SHEN,USD,2021-03-24,48.52,48.74,47.12,47.18,996,725,47.648
US82312B1061,10628209,SHEN,USD,2021-03-25,47.11,48.37,46.46,48.2,1118,656,47.792
US82312B1061,10628209,SHEN,USD,2021-03-26,48.25,49.17,47.77,48.58,842,476,48.599
US82312B1061,10628209,SHEN,USD,2021-03-29,48.22,49.75,47.95,48.74,1478,854,48.85
US82312B1061,10628209,SHEN,USD,2021-03-30,48.39,48.79,48.12,48.61,613,341,48.502
US82312B1061,10628209,SHEN,USD,2021-03-31,48.56,49.16,48.3,48.81,1453,615,48.803
US82312B1061,10628209,SHEN,USD,2021-04-01,48.81,49.74,48.16,49.74,613,314,49.0
US82312B1061,10628209,SHEN,USD,2021-04-05,49.49,50.24,48.72,50.09,978,538,49.956
US82312B1061,10628209,SHEN,USD,2021-04-06,50.23,50.51,49.64,49.81,1792,1075,50.036
US82312B1061,10628209,SHEN,USD,2021-04-07,49.97,50.15,49.18,49.63,1024,686,49.595
US82312B1061,10628209,SHEN,USD,2021-04-08,49.76,49.76,49.1,49.49,698,382,49.441
US82312B1061,10628209,SHEN,USD,2021-04-09,49.64,49.79,48.25,49.0,1025,695,48.89
US82312B1061,10628209,SHEN,USD,2021-04-12,49.0,49.73,48.34,49.39,596,389,49.368
US82312B1061,10628209,SHEN,USD,2021-04-13,49.12,49.56,48.9,49.0,682,330,49.177
US82312B1061,10628209,SHEN,USD,2021-04-14,49.18,49.9,49.01,49.45,672,422,49.537
US82312B1061,10628209,SHEN,USD,2021-04-15,49.5,49.66,49.05,49.62,553,341,49.457
US82312B1061,10628209,SHEN,USD,2021-04-16,49.95,50.21,49.44,49.88,618,285,49.876
US82312B1061,10628209,SHEN,USD,2021-04-19,49.95,50.16,49.31,49.86,530,322,49.785
US82312B1061,10628209,SHEN,USD,2021-04-20,49.77,49.85,48.34,48.34,744,375,49.106
US82312B1061,10628209,SHEN,USD,2021-04-21,48.97,50.12,48.88,49.82,696,374,49.772
US82312B1061,10628209,SHEN,USD,2021-04-22,49.83,50.13,49.57,49.72,722,434,49.797
US82312B1061,10628209,SHEN,USD,2021-04-23,49.74,50.98,49.55,50.38,948,527,50.511
US82312B1061,10628209,SHEN,USD,2021-04-26,50.7,50.7,48.88,48.99,652,363,49.479
US82312B1061,10628209,SHEN,USD,2021-04-27,48.9,49.21,47.95,48.19,978,629,48.377
US82312B1061,10628209,SHEN,USD,2021-04-28,48.31,48.67,47.89,48.38,697,426,48.394
US82312B1061,10628209,SHEN,USD,2021-04-29,48.73,49.4,48.24,48.61,1333,852,48.613
US82312B1061,10628209,SHEN,USD,2021-04-30,47.85,47.86,46.0,47.54,3144,1680,46.961
US82312B1061,10628209,SHEN,USD,2021-05-03,47.82,48.47,47.24,48.22,1262,888,48.062
US82312B1061,10628209,SHEN,USD,2021-05-04,48.2,48.53,47.36,48.01,712,405,47.985
US82312B1061,10628209,SHEN,USD,2021-05-05,47.99,48.95,47.82,48.51,584,338,48.518
US82312B1061,10628209,SHEN,USD,2021-05-06,48.66,49.73,48.11,49.7,1009,548,49.426
US82312B1061,10628209,SHEN,USD,2021-05-07,49.45,49.61,48.68,49.15,682,422,49.126
US82312B1061,10628209,SHEN,USD,2021-05-10,49.26,50.68,49.0,49.22,1886,718,49.442
US82312B1061,10628209,SHEN,USD,2021-05-11,48.66,49.71,48.26,48.9,651,441,49.08
US82312B1061,10628209,SHEN,USD,2021-05-12,48.68,49.77,48.3,48.57,696,389,48.922
US82312B1061,10628209,SHEN,USD,2021-05-13,49.0,50.42,49.0,50.2,1353,728,50.061
US82312B1061,10628209,SHEN,USD,2021-05-14,50.52,50.97,49.88,50.5,1031,597,50.66
US82312B1061,10628209,SHEN,USD,2021-05-17,50.86,50.87,49.77,49.95,919,559,50.126
US82312B1061,10628209,SHEN,USD,2021-05-18,49.78,50.66,49.14,50.15,1081,702,50.212
US82312B1061,10628209,SHEN,USD,2021-05-19,49.8,50.35,49.18,49.47,777,413,49.497
US82312B1061,10628209,SHEN,USD,2021-05-20,49.45,50.61,49.44,50.27,607,423,50.194
US82312B1061,10628209,SHEN,USD,2021-05-21,50.53,50.98,50.03,50.6,1113,392,50.565
US82312B1061,10628209,SHEN,USD,2021-05-24,50.71,50.9,50.22,50.8,739,437,50.662
US82312B1061,10628209,SHEN,USD,2021-05-25,50.59,50.83,49.44,49.61,1088,692,49.849
US82312B1061,10628209,SHEN,USD,2021-05-26,49.5,50.66,49.25,50.16,794,450,50.158
US82312B1061,10628209,SHEN,USD,2021-05-27,50.5,50.81,50.27,50.42,1157,361,50.463
US82312B1061,10628209,SHEN,USD,2021-05-28,50.32,50.66,49.8,49.89,1130,701,50.025
US82312B1061,10628209,SHEN,USD,2021-06-01,49.9,51.82,49.46,51.39,2129,1108,51.373
US82312B1061,10628209,SHEN,USD,2021-06-02,51.45,51.45,50.42,51.19,911,685,50.969
US82312B1061,10628209,SHEN,USD,2021-06-03,51.02,51.47,50.28,51.33,1201,548,51.175
US82312B1061,10628209,SHEN,USD,2021-06-04,51.35,51.62,50.88,51.02,566,224,51.094
US82312B1061,10628209,SHEN,USD,2021-06-07,50.9,51.59,50.78,50.94,796,560,51.027
US82312B1061,10628209,SHEN,USD,2021-06-08,51.13,51.51,50.7,51.07,995,684,51.19
US82312B1061,10628209,SHEN,USD,2021-06-09,50.89,51.25,50.5,50.58,1131,571,50.651
US82312B1061,10628209,SHEN,USD,2021-06-10,50.74,50.74,49.91,50.0,628,360,50.157
US82312B1061,10628209,SHEN,USD,2021-06-11,50.29,50.39,49.43,49.82,662,357,49.764
US82312B1061,10628209,SHEN,USD,2021-06-14,49.77,49.8,48.25,48.61,966,568,48.704
US82312B1061,10628209,SHEN,USD,2021-06-15,48.68,49.2,48.41,49.07,918,476,49.016
US82312B1061,10628209,SHEN,USD,2021-06-16,49.17,49.17,48.27,48.49,783,444,48.617
US82312B1061,10628209,SHEN,USD,2021-06-17,48.49,49.27,48.24,49.06,1046,619,48.907
US82312B1061,10628209,SHEN,USD,2021-06-18,48.39,48.7,47.6,48.02,3251,582,48.071
US82312B1061,10628209,SHEN,USD,2021-06-21,48.19,49.07,47.88,48.89,711,363,48.843
US82312B1061,10628209,SHEN,USD,2021-06-22,48.78,49.4,48.53,49.16,656,370,49.004
US82312B1061,10628209,SHEN,USD,2021-06-23,49.31,49.44,48.65,48.76,970,355,48.886
US82312B1061,10628209,SHEN,USD,2021-06-24,48.74,49.6,48.6,49.49,466,287,49.341
US82312B1061,10628209,SHEN,USD,2021-06-25,49.56,50.25,48.95,50.05,8910,1340,49.961
US82312B1061,10628209,SHEN,USD,2021-06-28,50.21,50.21,48.36,48.53,1166,543,48.723
US82312B1061,10628209,SHEN,USD,2021-06-29,48.76,49.32,48.24,48.3,956,695,48.578
US82312B1061,10628209,SHEN,USD,2021-06-30,48.34,48.83,48.01,48.51,989,541,48.513
US82312B1061,10628209,SHEN,USD,2021-07-01,48.7,49.38,48.26,49.19,907,549,49.136
US82312B1061,10628209,SHEN,USD,2021-07-02,50.1,57.65,50.1,56.13,13886,7336,56.094
US82312B1061,10628209,SHEN,USD,2021-07-06,59.99,63.0,57.54,61.5,12260,6763,60.044
US82312B1061,10628209,SHEN,USD,2021-07-07,59.9,60.9,54.7,55.99,8505,5582,56.675
US82312B1061,10628209,SHEN,USD,2021-07-08,54.0,55.4,53.05,55.0,3271,2072,54.294
US82312B1061,10628209,SHEN,USD,2021-07-09,56.04,56.8,53.07,54.2,3172,1565,54.149
US82312B1061,10628209,SHEN,USD,2021-07-12,53.27,54.17,51.8,53.63,4038,2214,53.01
US82312B1061,10628209,SHEN,USD,2021-07-13,53.4,54.02,51.9,52.26,1995,996,53.254
US82312B1061,10628209,SHEN,USD,2021-07-14,50.52,53.0,50.5,51.98,2316,1293,52.022
US82312B1061,10628209,SHEN,USD,2021-07-15,51.98,52.8,51.57,52.4,994,636,52.282
US82312B1061,10628209,SHEN,USD,2021-07-16,52.4,53.19,52.4,52.71,1076,548,52.782
US82312B1061,10628209,SHEN,USD,2021-07-19,53.51,54.06,51.95,52.96,2146,987,53.204
US82312B1061,10628209,SHEN,USD,2021-07-20,53.0,54.0,52.78,52.95,2007,1156,53.198
US82312B1061,10628209,SHEN,USD,2021-07-21,53.1,53.74,52.35,52.4,1052,573,52.699
US82312B1061,10628209,SHEN,USD,2021-07-22,52.73,53.01,51.82,52.84,1421,942,52.611
US82312B1061,10628209,SHEN,USD,2021-07-23,53.0,53.12,52.51,52.8,2059,831,52.832
US82312B1061,10628209,SHEN,USD,2021-07-26,53.0,53.67,52.91,52.95,1427,883,53.155
US82312B1061,10628209,SHEN,USD,2021-07-27,52.83,53.07,52.11,52.96,1651,982,52.751
US82312B1061,10628209,SHEN,USD,2021-07-28,53.0,53.4,52.61,52.97,1298,798,52.941
US82312B1061,10628209,SHEN,USD,2021-07-29,52.97,53.42,51.92,51.92,2485,1313,52.722
US82312B1061,10628209,SHEN,USD,2021-07-30,52.38,53.97,50.78,53.97,2629,1311,52.303
US82312B1061,10628209,SHEN,USD,2021-08-02,53.98,53.98,50.25,50.5,4498,2827,51.426
US82312B1061,10628209,SHEN,USD,2021-08-03,34.94,34.94,29.15,29.5,12202,6260,30.485
US82312B1061,10628209,SHEN,USD,2021-08-04,30.03,30.35,29.02,29.4,5236,2514,29.504
US82312B1061,10628209,SHEN,USD,2021-08-05,29.99,30.61,29.65,30.4,2405,1654,30.289
US82312B1061,10628209,SHEN,USD,2021-08-06,30.39,30.68,29.69,30.2,2392,1604,30.182
US82312B1061,10628209,SHEN,USD,2021-08-09,30.17,30.83,30.01,30.62,1417,925,30.599
US82312B1061,10628209,SHEN,USD,2021-08-10,30.47,30.84,30.33,30.47,2280,1175,30.504
US82312B1061,10628209,SHEN,USD,2021-08-11,29.8,31.0,29.8,30.65,1498,1037,30.68
US82312B1061,10628209,SHEN,USD,2021-08-12,30.52,30.68,30.25,30.31,1143,710,30.397
US82312B1061,10628209,SHEN,USD,2021-08-13,30.23,30.48,30.02,30.27,1239,818,30.245
US82312B1061,10628209,SHEN,USD,2021-08-16,30.27,30.45,29.32,29.39,1849,1271,29.638
US82312B1061,10628209,SHEN,USD,2021-08-17,29.09,29.29,28.76,29.24,1521,1037,29.088
US82312B1061,10628209,SHEN,USD,2021-08-18,29.96,31.21,29.96,31.21,3249,2200,30.389
US82312B1061,10628209,SHEN,USD,2021-08-19,29.87,30.49,29.87,30.31,2983,1433,30.278
US82312B1061,10628209,SHEN,USD,2021-08-20,30.2,30.84,30.03,30.7,4064,1315,30.659
US82312B1061,10628209,SHEN,USD,2021-08-23,30.93,31.08,30.63,30.93,1694,1160,30.843
US82312B1061,10628209,SHEN,USD,2021-08-24,30.85,30.85,29.68,29.73,1939,1051,29.937
US82312B1061,10628209,SHEN,USD,2021-08-25,29.62,29.64,28.94,29.3,1805,994,29.243
US82312B1061,10628209,SHEN,USD,2021-08-26,29.26,29.5,28.95,28.95,1427,811,29.107
US82312B1061,10628209,SHEN,USD,2021-08-27,28.84,29.95,28.8,29.95,2423,948,29.484
US82312B1061,10628209,SHEN,USD,2021-08-30,29.55,29.7,29.06,29.34,1261,788,29.299
US82312B1061,10628209,SHEN,USD,2021-08-31,29.26,29.97,29.14,29.83,1366,743,29.758
US82312B1061,10628209,SHEN,USD,2021-09-01,29.9,30.15,29.58,29.91,1045,681,29.898
US82312B1061,10628209,SHEN,USD,2021-09-02,29.81,30.22,29.81,30.09,1038,596,30.062
US82312B1061,10628209,SHEN,USD,2021-09-03,30.0,30.49,29.9,30.44,1656,757,30.342
US82312B1061,10628209,SHEN,USD,2021-09-07,30.29,30.71,29.71,29.77,2851,1196,30.114
US82312B1061,10628209,SHEN,USD,2021-09-08,29.87,30.03,29.31,29.83,1909,1069,29.769
US82312B1061,10628209,SHEN,USD,2021-09-09,29.7,30.07,29.35,30.0,3078,1813,29.878
US82312B1061,10628209,SHEN,USD,2021-09-10,29.94,29.98,29.11,29.36,2142,1399,29.41
US82312B1061,10628209,SHEN,USD,2021-09-13,29.46,29.97,29.25,29.55,1851,1052,29.589
US82312B1061,10628209,SHEN,USD,2021-09-14,29.52,29.63,28.7,28.96,1558,848,29.023
US82312B1061,10628209,SHEN,USD,2021-09-15,28.85,29.42,28.79,29.32,1544,939,29.243
US82312B1061,10628209,SHEN,USD,2021-09-16,29.32,29.68,28.97,29.55,1251,756,29.41
US82312B1061,10628209,SHEN,USD,2021-09-17,29.57,30.49,29.41,30.36,6868,1551,30.229
US82312B1061,10628209,SHEN,USD,2021-09-20,30.0,30.34,29.76,30.2,1356,783,30.108
US82312B1061,10628209,SHEN,USD,2021-09-21,30.19,30.6,30.02,30.1,1120,638,30.246
US82312B1061,10628209,SHEN,USD,2021-09-22,30.19,30.36,29.87,29.92,1168,683,30.056
US82312B1061,10628209,SHEN,USD,2021-09-23,29.92,30.39,29.9,30.23,802,507,30.218
US82312B1061,10628209,SHEN,USD,2021-09-24,30.19,30.19,29.43,30.02,1712,995,29.887
US82312B1061,10628209,SHEN,USD,2021-09-27,30.11,30.98,29.89,30.62,1536,731,30.579
US82312B1061,10628209,SHEN,USD,2021-09-28,30.67,31.17,30.28,30.8,1560,961,30.846
US82312B1061,10628209,SHEN,USD,2021-09-29,30.25,31.71,30.22,31.62,1183,640,31.464
US82312B1061,10628209,SHEN,USD,2021-09-30,31.44,32.13,31.24,31.58,1640,1010,31.665
US82312B1061,10628209,SHEN,USD,2021-10-01,31.57,32.55,31.48,32.2,1759,827,32.166
US82312B1061,10628209,SHEN,USD,2021-10-04,32.06,32.55,31.98,32.29,1852,893,32.266
US82312B1061,10628209,SHEN,USD,2021-10-05,32.25,32.71,32.15,32.28,1918,796,32.412
US82312B1061,10628209,SHEN,USD,2021-10-06,31.96,32.25,31.3,31.99,987,664,31.819
US82312B1061,10628209,SHEN,USD,2021-10-07,32.08,32.26,31.97,32.05,2705,952,32.085
US82312B1061,10628209,SHEN,USD,2021-10-08,32.13,32.13,31.42,31.49,734,510,31.631
US82312B1061,10628209,SHEN,USD,2021-10-11,31.03,31.59,30.0,31.09,629,408,31.217
US82312B1061,10628209,SHEN,USD,2021-10-12,31.04,31.56,31.04,31.37,553,373,31.345
US82312B1061,10628209,SHEN,USD,2021-10-13,31.3,31.4,30.94,31.23,500,287,31.182
US82312B1061,10628209,SHEN,USD,2021-10-14,31.46,31.56,31.16,31.29,675,419,31.327
US82312B1061,10628209,SHEN,USD,2021-10-15,31.29,31.67,31.17,31.24,882,403,31.32
US82312B1061,10628209,SHEN,USD,2021-10-18,31.16,31.33,30.9,30.97,668,394,31.039
US82312B1061,10628209,SHEN,USD,2021-10-19,30.89,31.08,30.66,31.06,497,293,30.927
US82312B1061,10628209,SHEN,USD,2021-10-20,31.02,31.59,30.81,31.19,640,420,31.311
US82312B1061,10628209,SHEN,USD,2021-10-21,31.3,31.47,30.7,30.93,874,502,30.959
US82312B1061,10628209,SHEN,USD,2021-10-22,30.89,30.91,30.5,30.73,703,353,30.717
US82312B1061,10628209,SHEN,USD,2021-10-25,30.76,30.82,30.39,30.67,968,524,30.638
US82312B1061,10628209,SHEN,USD,2021-10-26,30.74,30.95,30.3,30.32,745,409,30.461
US82312B1061,10628209,SHEN,USD,2021-10-27,30.2,30.23,27.49,28.04,2644,1572,28.114
US82312B1061,10628209,SHEN,USD,2021-10-28,28.1,29.95,27.16,29.0,2491,1490,27.445
US82312B1061,10628209,SHEN,USD,2021-10-29,28.94,29.58,27.38,27.64,2448,1539,27.774
US82312B1061,10628209,SHEN,USD,2021-11-01,27.88,29.32,27.73,28.77,2081,1164,28.819
US82312B1061,10628209,SHEN,USD,2021-11-02,28.71,28.71,28.03,28.21,1168,676,28.293
US82312B1061,10628209,SHEN,USD,2021-11-03,28.1,28.52,27.67,27.95,1911,1293,28.055
US82312B1061,10628209,SHEN,USD,2021-11-04,28.01,28.37,27.28,27.49,1472,782,27.572
US82312B1061,10628209,SHEN,USD,2021-11-05,27.7,28.66,27.58,28.1,1065,654,28.21
US82312B1061,10628209,SHEN,USD,2021-11-08,28.14,28.45,27.6,28.22,1447,796,28.162
US82312B1061,10628209,SHEN,USD,2021-11-09,28.52,28.73,27.81,28.26,1064,673,28.215
US82312B1061,10628209,SHEN,USD,2021-11-10,28.11,28.8,28.11,28.49,820,424,28.412
US82312B1061,10628209,SHEN,USD,2021-11-11,28.5,28.68,28.16,28.51,592,377,28.473
US82312B1061,10628209,SHEN,USD,2021-11-12,28.5,28.55,28.08,28.13,720,435,28.199
US82312B1061,10628209,SHEN,USD,2021-11-15,28.23,28.29,27.44,27.79,1055,564,27.74
US82312B1061,10628209,SHEN,USD,2021-11-16,27.88,28.02,27.33,27.95,803,514,27.872
US82312B1061,10628209,SHEN,USD,2021-11-17,27.75,27.92,27.41,27.85,968,382,27.752
US82312B1061,10628209,SHEN,USD,2021-11-18,27.94,27.94,27.18,27.56,1154,570,27.482
US82312B1061,10628209,SHEN,USD,2021-11-19,27.44,27.6,26.77,26.93,889,497,26.961
US82312B1061,10628209,SHEN,USD,2021-11-22,27.09,28.11,26.88,27.26,1952,921,27.464
US82312B1061,10628209,SHEN,USD,2021-11-23,27.16,27.49,27.13,27.34,899,422,27.32
US82312B1061,10628209,SHEN,USD,2021-11-24,27.3,27.3,26.69,26.86,492,282,26.868
US82312B1061,10628209,SHEN,USD,2021-11-26,26.41,26.74,25.61,26.01,849,529,25.951
US82312B1061,10628209,SHEN,USD,2021-11-29,26.2,26.27,25.43,25.78,1471,812,25.843
US82312B1061,10628209,SHEN,USD,2021-11-30,25.52,26.0,25.2,25.39,2144,894,25.487
US82312B1061,10628209,SHEN,USD,2021-12-01,25.68,26.02,24.55,24.63,1474,846,25.197
US82312B1061,10628209,SHEN,USD,2021-12-02,24.6,25.62,24.44,25.32,2037,1118,25.262
US82312B1061,10628209,SHEN,USD,2021-12-03,25.39,25.56,24.88,25.24,1394,898,25.179
US82312B1061,10628209,SHEN,USD,2021-12-06,25.54,26.41,25.17,26.27,1726,1128,26.167
US82312B1061,10628209,SHEN,USD,2021-12-07,26.29,26.35,25.72,26.04,1242,834,26.048
US82312B1061,10628209,SHEN,USD,2021-12-08,26.19,26.32,25.62,25.89,732,466,25.91
US82312B1061,10628209,SHEN,USD,2021-12-09,25.62,25.89,25.37,25.55,902,575,25.588
US82312B1061,10628209,SHEN,USD,2021-12-10,25.82,25.83,25.33,25.41,651,394,25.477
US82312B1061,10628209,SHEN,USD,2021-12-13,25.3,25.73,25.16,25.36,851,465,25.44
US82312B1061,10628209,SHEN,USD,2021-12-14,26.11,26.96,26.0,26.5,2598,878,26.441
US82312B1061,10628209,SHEN,USD,2021-12-15,26.46,26.68,25.97,26.42,1420,662,26.345
US82312B1061,10628209,SHEN,USD,2021-12-16,26.32,26.82,26.3,26.62,1868,1168,26.6
US82312B1061,10628209,SHEN,USD,2021-12-17,26.4,26.6,25.4,26.18,9791,1928,26.157
US82312B1061,10628209,SHEN,USD,2021-12-20,25.87,26.72,25.11,25.92,1603,899,25.736
US82312B1061,10628209,SHEN,USD,2021-12-21,26.1,26.87,26.0,26.45,1254,666,26.523
US82312B1061,10628209,SHEN,USD,2021-12-22,26.53,26.75,26.22,26.65,1766,742,26.591
US82312B1061,10628209,SHEN,USD,2021-12-23,26.67,26.7,26.35,26.56,775,380,26.538
US82312B1061,10628209,SHEN,USD,2021-12-27,26.72,26.72,25.73,26.11,2067,1165,26.045
US82312B1061,10628209,SHEN,USD,2021-12-28,25.98,26.62,25.98,26.33,1322,731,26.331
US82312B1061,10628209,SHEN,USD,2021-12-29,26.34,26.34,25.73,25.9,1219,730,25.935
US82312B1061,10628209,SHEN,USD,2021-12-30,25.88,26.26,25.78,25.87,920,528,25.925
US82312B1061,10628209,SHEN,USD,2021-12-31,25.76,26.24,25.36,25.5,1911,668,25.541
US82312B1061,10628209,SHEN,USD,2022-01-03,25.65,26.25,25.44,26.14,964,627,26.032
US82312B1061,10628209,SHEN,USD,2022-01-04,26.21,26.53,25.96,26.17,1151,714,26.179
US82312B1061,10628209,SHEN,USD,2022-01-05,26.09,26.58,25.54,25.59,949,574,25.896
US82312B1061,10628209,SHEN,USD,2022-01-06,25.68,25.75,25.22,25.37,1004,612,25.458
US82312B1061,10628209,SHEN,USD,2022-01-07,25.27,26.24,25.25,25.92,1915,720,25.903
US82312B1061,10628209,SHEN,USD,2022-01-10,25.92,25.95,24.89,25.11,1079,667,25.196
US82312B1061,10628209,SHEN,USD,2022-01-11,25.09,25.28,24.48,25.25,918,626,25.008
US82312B1061,10628209,SHEN,USD,2022-01-12,25.45,25.47,24.67,24.68,1029,549,24.866
US82312B1061,10628209,SHEN,USD,2022-01-13,24.68,24.84,24.4,24.62,1065,792,24.642
US82312B1061,10628209,SHEN,USD,2022-01-14,24.61,24.73,24.36,24.39,760,529,24.467
US82312B1061,10628209,SHEN,USD,2022-01-18,24.33,24.51,23.65,23.69,1044,557,23.816
US82312B1061,10628209,SHEN,USD,2022-01-19,23.65,23.72,23.03,23.21,1236,845,23.337
US82312B1061,10628209,SHEN,USD,2022-01-20,23.42,23.53,22.4,22.46,1044,640,22.794
US82312B1061,10628209,SHEN,USD,2022-01-21,22.29,23.35,22.29,22.45,1529,824,22.606
US82312B1061,10628209,SHEN,USD,2022-01-24,22.27,23.2,22.27,23.07,1312,718,22.953
US82312B1061,10628209,SHEN,USD,2022-01-25,22.92,23.16,22.57,22.9,780,477,22.912
US82312B1061,10628209,SHEN,USD,2022-01-26,23.01,23.16,21.81,21.95,1473,913,22.241
US82312B1061,10628209,SHEN,USD,2022-01-27,22.36,22.44,21.55,21.89,1756,867,21.809
US82312B1061,10628209,SHEN,USD,2022-01-28,21.92,22.53,21.69,22.53,965,624,22.262
US82312B1061,10628209,SHEN,USD,2022-01-31,22.16,22.95,22.16,22.77,1824,816,22.68
US82312B1061,10628209,SHEN,USD,2022-02-01,22.67,22.78,21.88,22.5,1765,958,22.367
US82312B1061,10628209,SHEN,USD,2022-02-02,22.6,22.73,22.12,22.38,2756,967,22.343
US82312B1061,10628209,SHEN,USD,2022-02-03,22.35,22.77,22.15,22.52,2871,1425,22.499
US82312B1061,10628209,SHEN,USD,2022-02-04,22.5,22.57,21.85,22.26,1639,1141,22.232
US82312B1061,10628209,SHEN,USD,2022-02-07,22.29,22.58,21.92,22.21,1837,1117,22.155
US82312B1061,10628209,SHEN,USD,2022-02-08,22.29,22.5,22.02,22.43,2687,1421,22.293
US82312B1061,10628209,SHEN,USD,2022-02-09,22.65,22.77,22.31,22.67,2153,1189,22.533
US82312B1061,10628209,SHEN,USD,2022-02-10,22.49,22.62,22.27,22.4,2057,1271,22.408
US82312B1061,10628209,SHEN,USD,2022-02-11,22.39,22.6,22.07,22.47,1849,1172,22.342
US82312B1061,10628209,SHEN,USD,2022-02-14,22.58,22.86,22.39,22.8,2071,1281,22.696
US82312B1061,10628209,SHEN,USD,2022-02-15,22.95,23.35,22.93,22.94,1498,964,23.018
US82312B1061,10628209,SHEN,USD,2022-02-16,22.98,22.99,22.39,22.65,1587,1061,22.61
US82312B1061,10628209,SHEN,USD,2022-02-17,22.63,22.63,21.99,22.38,1759,967,22.25
US82312B1061,10628209,SHEN,USD,2022-02-18,22.29,22.29,21.47,21.57,2747,1881,21.659
US82312B1061,10628209,SHEN,USD,2022-02-22,21.67,21.85,21.28,21.68,2633,1878,21.558
US82312B1061,10628209,SHEN,USD,2022-02-23,21.72,21.88,21.24,21.61,2343,1608,21.711
US82312B1061,10628209,SHEN,USD,2022-02-24,21.33,22.11,21.15,22.07,2282,1539,21.713
US82312B1061,10628209,SHEN,USD,2022-02-25,22.2,22.66,22.09,22.39,1649,1105,22.414
US82312B1061,10628209,SHEN,USD,2022-02-28,22.25,22.55,22.15,22.35,1886,956,22.319
US82312B1061,10628209,SHEN,USD,2022-03-01,21.95,21.95,20.11,20.2,4163,2514,20.474
US82312B1061,10628209,SHEN,USD,2022-03-02,21.24,21.24,19.65,19.82,3242,2135,19.895
US82312B1061,10628209,SHEN,USD,2022-03-03,19.86,20.03,19.23,19.37,3005,1893,19.404
US82312B1061,10628209,SHEN,USD,2022-03-04,19.2,19.21,18.77,18.89,2626,1508,18.912
US82312B1061,10628209,SHEN,USD,2022-03-07,18.84,20.59,18.84,20.54,1927,1252,20.237
US82312B1061,10628209,SHEN,USD,2022-03-08,20.27,20.94,20.01,20.41,2155,1455,20.433
US82312B1061,10628209,SHEN,USD,2022-03-09,20.56,20.81,20.33,20.47,1577,850,20.473
US82312B1061,10628209,SHEN,USD,2022-03-10,20.27,20.59,20.2,20.45,1291,779,20.418
US82312B1061,10628209,SHEN,USD,2022-03-11,20.46,21.02,20.46,20.6,1246,703,20.645
US82312B1061,10628209,SHEN,USD,2022-03-14,20.77,21.31,20.42,21.24,2608,1190,21.111
US82312B1061,10628209,SHEN,USD,2022-03-15,20.16,21.6,20.16,21.28,2309,1162,21.295
US82312B1061,10628209,SHEN,USD,2022-03-16,21.23,21.8,20.95,21.76,1853,1099,21.569
US82312B1061,10628209,SHEN,USD,2022-03-17,21.64,21.86,21.25,21.62,1160,675,21.618
US82312B1061,10628209,SHEN,USD,2022-03-18,21.56,22.13,21.26,21.99,5278,1763,21.91
US82312B1061,10628209,SHEN,USD,2022-03-21,22.0,22.35,21.86,21.99,1909,1298,22.046
US82312B1061,10628209,SHEN,USD,2022-03-22,21.95,22.35,21.85,22.12,1985,1140,22.139
US82312B1061,10628209,SHEN,USD,2022-03-23,21.93,22.85,21.93,22.64,1847,1346,22.605
US82312B1061,10628209,SHEN,USD,2022-03-24,22.66,22.87,22.39,22.61,1944,1224,22.606
US82312B1061,10628209,SHEN,USD,2022-03-25,22.64,23.36,22.6,23.11,2062,1156,23.081
US82312B1061,10628209,SHEN,USD,2022-03-28,22.96,23.11,22.79,23.07,1893,1238,22.955
US82312B1061,10628209,SHEN,USD,2022-03-29,23.17,23.72,23.17,23.53,2096,968,23.541
US82312B1061,10628209,SHEN,USD,2022-03-30,23.58,23.98,23.49,23.54,1960,1120,23.63
US82312B1061,10628209,SHEN,USD,2022-03-31,23.53,23.97,23.02,23.58,2017,870,23.56
US82312B1061,10628209,SHEN,USD,2022-04-01,23.61,24.18,23.29,24.08,2371,975,23.96
US82312B1061,10628209,SHEN,USD,2022-04-04,24.08,24.28,23.46,23.93,1624,1150,23.747
US82312B1061,10628209,SHEN,USD,2022-04-05,23.77,24.53,23.76,24.08,2422,1448,24.143
US82312B1061,10628209,SHEN,USD,2022-04-06,23.95,24.01,23.69,23.99,1710,1055,23.911
US82312B1061,10628209,SHEN,USD,2022-04-07,24.08,24.4,23.83,24.17,4262,1420,24.163
US82312B1061,10628209,SHEN,USD,2022-04-08,24.26,24.52,24.21,24.31,1383,870,24.316
US82312B1061,10628209,SHEN,USD,2022-04-11,24.34,24.45,23.61,23.68,1491,883,23.806
US82312B1061,10628209,SHEN,USD,2022-04-12,23.69,24.24,23.46,24.06,1090,550,24.057
US82312B1061,10628209,SHEN,USD,2022-04-13,24.05,24.44,24.05,24.2,1066,602,24.227
US82312B1061,10628209,SHEN,USD,2022-04-14,23.98,24.47,23.65,23.77,1337,735,23.821
US82312B1061,10628209,SHEN,USD,2022-04-18,23.83,23.83,22.99,23.09,1100,647,23.221
US82312B1061,10628209,SHEN,USD,2022-04-19,22.81,23.13,22.6,22.81,1201,634,22.834
US82312B1061,10628209,SHEN,USD,2022-04-20,22.83,22.93,22.56,22.67,639,365,22.708
US82312B1061,10628209,SHEN,USD,2022-04-21,22.68,22.93,22.53,22.76,1115,594,22.768
US82312B1061,10628209,SHEN,USD,2022-04-22,22.75,23.15,22.44,23.03,1431,810,22.887
US82312B1061,10628209,SHEN,USD,2022-04-25,22.99,23.16,22.26,22.79,1417,781,22.644
US82312B1061,10628209,SHEN,USD,2022-04-26,22.54,22.77,22.15,22.18,1570,750,22.485
US82312B1061,10628209,SHEN,USD,2022-04-27,22.23,22.67,22.07,22.27,1079,686,22.348
US82312B1061,10628209,SHEN,USD,2022-04-28,22.5,22.93,22.26,22.7,1993,1024,22.587
US82312B1061,10628209,SHEN,USD,2022-04-29,21.95,22.2,19.92,20.2,2834,1567,20.398
US82312B1061,10628209,SHEN,USD,2022-05-02,19.18,19.24,17.06,18.66,8296,5063,18.46
US82312B1061,10628209,SHEN,USD,2022-05-03,19.86,19.92,18.92,19.68,3671,2148,19.548
US82312B1061,10628209,SHEN,USD,2022-05-04,19.98,21.82,19.61,21.75,2709,1721,21.215
US82312B1061,10628209,SHEN,USD,2022-05-05,21.67,21.97,20.88,21.23,1692,1083,21.251
US82312B1061,10628209,SHEN,USD,2022-05-06,20.68,21.6,20.68,21.0,1673,991,21.025
US82312B1061,10628209,SHEN,USD,2022-05-09,20.62,21.41,20.54,21.07,1425,878,21.073
US82312B1061,10628209,SHEN,USD,2022-05-10,21.26,21.48,19.78,20.21,1406,1059,20.323
US82312B1061,10628209,SHEN,USD,2022-05-11,20.33,20.93,20.17,20.66,1835,1194,20.637
US82312B1061,10628209,SHEN,USD,2022-05-12,21.44,21.44,20.27,20.73,1706,862,20.64
US82312B1061,10628209,SHEN,USD,2022-05-13,20.8,20.93,20.36,20.65,883,519,20.612
US82312B1061,10628209,SHEN,USD,2022-05-16,20.48,20.89,20.32,20.79,908,527,20.772
US82312B1061,10628209,SHEN,USD,2022-05-17,21.04,21.46,20.81,21.39,1203,739,21.278
US82312B1061,10628209,SHEN,USD,2022-05-18,21.55,21.84,21.2,21.7,1852,877,21.677
US82312B1061,10628209,SHEN,USD,2022-05-19,21.54,21.84,21.33,21.5,1772,830,21.526
US82312B1061,10628209,SHEN,USD,2022-05-20,22.57,22.57,20.98,21.43,1148,677,21.358
US82312B1061,10628209,SHEN,USD,2022-05-23,22.5,22.75,21.49,22.48,1378,846,22.387
US82312B1061,10628209,SHEN,USD,2022-05-24,22.48,23.0,22.03,23.0,901,629,22.777
US82312B1061,10628209,SHEN,USD,2022-05-25,22.96,23.34,22.77,23.31,765,441,23.174
US82312B1061,10628209,SHEN,USD,2022-05-26,23.23,23.61,23.05,23.07,815,530,23.183
US82312B1061,10628209,SHEN,USD,2022-05-27,22.94,23.54,22.68,23.21,937,557,23.196
US82312B1061,10628209,SHEN,USD,2022-05-31,23.02,23.31,22.75,22.96,1290,508,22.972
US82312B1061,10628209,SHEN,USD,2022-06-01,22.96,23.06,22.49,22.86,2227,935,22.846
US82312B1061,10628209,SHEN,USD,2022-06-02,22.98,23.09,22.39,22.98,626,248,22.923
US82312B1061,10628209,SHEN,USD,2022-06-03,22.79,23.25,22.71,23.13,993,605,23.103
US82312B1061,10628209,SHEN,USD,2022-06-06,23.39,23.72,22.8,23.12,684,349,23.141
US82312B1061,10628209,SHEN,USD,2022-06-07,22.96,22.97,22.23,22.7,897,402,22.642
US82312B1061,10628209,SHEN,USD,2022-06-08,22.47,22.93,22.43,22.74,880,477,22.726
US82312B1061,10628209,SHEN,USD,2022-06-09,22.67,22.98,22.44,22.73,694,398,22.781
US82312B1061,10628209,SHEN,USD,2022-06-10,22.6,22.99,22.31,22.64,885,471,22.692
US82312B1061,10628209,SHEN,USD,2022-06-13,22.4,22.57,20.31,20.31,1810,1148,21.679
US82312B1061,10628209,SHEN,USD,2022-06-14,21.68,22.15,21.57,21.95,1242,576,21.876
US82312B1061,10628209,SHEN,USD,2022-06-15,21.92,22.66,21.84,22.49,1241,555,22.412
US82312B1061,10628209,SHEN,USD,2022-06-16,22.34,22.65,21.88,22.34,1132,464,22.288
US82312B1061,10628209,SHEN,USD,2022-06-17,22.73,23.58,22.4,23.54,2597,687,23.295
US82312B1061,10628209,SHEN,USD,2022-06-21,23.64,24.43,23.17,24.35,1313,655,24.178
US82312B1061,10628209,SHEN,USD,2022-06-22,24.02,24.99,23.9,24.73,1548,724,24.777
US82312B1061,10628209,SHEN,USD,2022-06-23,24.7,25.29,24.61,25.07,854,558,25.0
US82312B1061,10628209,SHEN,USD,2022-06-24,24.9,25.93,24.9,25.76,3269,872,25.707
US82312B1061,10628209,SHEN,USD,2022-06-27,25.84,25.88,25.29,25.56,812,383,25.532
US82312B1061,10628209,SHEN,USD,2022-06-28,24.97,24.97,21.36,21.48,2451,1557,22.452
US82312B1061,10628209,SHEN,USD,2022-06-29,22.14,22.14,20.95,21.86,1600,963,21.75
US82312B1061,10628209,SHEN,USD,2022-06-30,21.64,22.48,21.64,22.2,1352,559,22.182
US82312B1061,10628209,SHEN,USD,2022-07-01,22.1,23.27,21.77,23.01,1407,835,22.95
US82312B1061,10628209,SHEN,USD,2022-07-05,22.71,23.23,21.83,23.14,1432,574,22.929
US82312B1061,10628209,SHEN,USD,2022-07-06,23.15,23.3,22.27,22.35,914,560,22.471
US82312B1061,10628209,SHEN,USD,2022-07-07,22.36,22.56,21.38,21.45,803,443,21.551
US82312B1061,10628209,SHEN,USD,2022-07-08,21.28,21.65,20.98,21.24,609,429,21.249
US82312B1061,10628209,SHEN,USD,2022-07-11,21.03,21.3,20.59,20.64,538,239,20.725
US82312B1061,10628209,SHEN,USD,2022-07-12,20.61,21.25,20.35,21.08,735,422,20.97
US82312B1061,10628209,SHEN,USD,2022-07-13,20.83,21.21,20.59,21.06,798,430,20.921
US82312B1061,10628209,SHEN,USD,2022-07-14,20.76,21.08,20.51,20.95,969,385,20.846
US82312B1061,10628209,SHEN,USD,2022-07-15,21.3,21.45,20.79,21.41,984,361,21.315
US82312B1061,10628209,SHEN,USD,2022-07-18,21.4,21.78,20.82,20.94,569,292,21.029
US82312B1061,10628209,SHEN,USD,2022-07-19,21.05,21.64,20.45,21.28,1260,440,21.302
US82312B1061,10628209,SHEN,USD,2022-07-20,22.34,22.34,20.94,21.08,1070,444,21.122
US82312B1061,10628209,SHEN,USD,2022-07-21,20.8,20.8,19.8,20.35,1630,873,20.226
US82312B1061,10628209,SHEN,USD,2022-07-22,20.25,20.44,19.79,20.28,1445,702,20.12
US82312B1061,10628209,SHEN,USD,2022-07-25,20.37,21.17,20.18,20.65,840,387,20.637
US82312B1061,10628209,SHEN,USD,2022-07-26,20.57,21.6,20.52,21.6,614,341,21.06
US82312B1061,10628209,SHEN,USD,2022-07-27,21.23,22.0,21.14,21.85,908,408,21.767
US82312B1061,10628209,SHEN,USD,2022-07-28,21.64,22.07,21.64,21.99,648,297,21.965
US82312B1061,10628209,SHEN,USD,2022-07-29,21.92,22.33,21.55,22.3,754,211,22.224
US82312B1061,10628209,SHEN,USD,2022-08-01,22.33,22.56,21.89,22.41,1055,601,22.356
US82312B1061,10628209,SHEN,USD,2022-08-02,22.51,22.78,22.04,22.05,769,462,22.224
US82312B1061,10628209,SHEN,USD,2022-08-03,21.71,21.92,20.97,21.89,664,352,21.735
US82312B1061,10628209,SHEN,USD,2022-08-04,21.99,22.58,21.89,22.21,920,381,22.204
US82312B1061,10628209,SHEN,USD,2022-08-05,22.11,22.96,22.02,22.95,639,288,22.823
US82312B1061,10628209,SHEN,USD,2022-08-08,22.99,23.63,22.83,23.26,924,424,23.283
US82312B1061,10628209,SHEN,USD,2022-08-09,23.27,23.62,22.49,23.62,868,364,23.518
US82312B1061,10628209,SHEN,USD,2022-08-10,23.77,24.0,23.28,23.31,1160,433,23.365
US82312B1061,10628209,SHEN,USD,2022-08-11,23.33,23.62,23.17,23.21,485,215,23.286
US82312B1061,10628209,SHEN,USD,2022-08-12,23.22,24.04,23.13,24.03,697,357,23.867
US82312B1061,10628209,SHEN,USD,2022-08-15,23.87,24.33,23.44,24.29,670,339,24.146
US82312B1061,10628209,SHEN,USD,2022-08-16,24.5,24.5,23.02,24.12,908,461,24.152
US82312B1061,10628209,SHEN,USD,2022-08-17,23.88,23.88,23.45,23.69,476,156,23.689
US82312B1061,10628209,SHEN,USD,2022-08-18,23.62,23.84,23.21,23.75,357,144,23.697
US82312B1061,10628209,SHEN,USD,2022-08-19,24.0,24.01,23.46,23.96,544,203,23.803
US82312B1061,10628209,SHEN,USD,2022-08-22,23.83,23.83,23.19,23.26,701,376,23.33
US82312B1061,10628209,SHEN,USD,2022-08-23,23.15,23.34,22.93,22.94,708,341,23.032
US82312B1061,10628209,SHEN,USD,2022-08-24,22.8,23.16,22.68,23.03,667,309,23.04
US82312B1061,10628209,SHEN,USD,2022-08-25,23.08,23.61,22.83,23.28,966,526,23.237
US82312B1061,10628209,SHEN,USD,2022-08-26,23.21,23.26,22.78,22.8,544,268,22.885
US82312B1061,10628209,SHEN,USD,2022-08-29,22.75,22.78,22.35,22.45,473,248,22.488
US82312B1061,10628209,SHEN,USD,2022-08-30,22.2,22.37,21.93,22.11,921,373,22.103
US82312B1061,10628209,SHEN,USD,2022-08-31,22.0,22.34,21.78,22.29,890,330,22.229
US82312B1061,10628209,SHEN,USD,2022-09-01,22.18,22.25,21.7,22.13,700,383,22.027
US82312B1061,10628209,SHEN,USD,2022-09-02,22.32,22.37,21.39,21.96,488,183,21.68
US82312B1061,10628209,SHEN,USD,2022-09-06,21.75,21.83,20.87,21.43,962,444,21.316
US82312B1061,10628209,SHEN,USD,2022-09-07,21.49,21.61,20.98,21.55,690,260,21.474
US82312B1061,10628209,SHEN,USD,2022-09-08,21.75,21.75,20.77,20.81,657,391,20.955
US82312B1061,10628209,SHEN,USD,2022-09-09,20.96,21.3,20.52,21.2,782,400,21.063
US82312B1061,10628209,SHEN,USD,2022-09-12,21.55,21.72,21.17,21.51,1037,652,21.489
US82312B1061,10628209,SHEN,USD,2022-09-13,21.17,21.17,19.34,19.45,970,566,19.755
US82312B1061,10628209,SHEN,USD,2022-09-14,19.46,19.68,18.66,19.08,976,426,19.036
US82312B1061,10628209,SHEN,USD,2022-09-15,18.86,19.21,18.68,18.81,892,413,18.866
US82312B1061,10628209,SHEN,USD,2022-09-16,18.63,18.97,18.29,18.95,3082,630,18.887
US82312B1061,10628209,SHEN,USD,2022-09-19,18.85,19.02,18.48,18.84,853,365,18.771
US82312B1061,10628209,SHEN,USD,2022-09-20,18.6,18.68,18.02,18.61,623,317,18.582
US82312B1061,10628209,SHEN,USD,2022-09-21,18.69,19.05,18.47,18.79,1002,589,18.779
US82312B1061,10628209,SHEN,USD,2022-09-22,18.79,18.79,18.34,18.34,934,465,18.409
US82312B1061,10628209,SHEN,USD,2022-09-23,18.63,18.63,17.63,17.84,928,483,17.821
US82312B1061,10628209,SHEN,USD,2022-09-26,17.84,18.13,17.53,17.72,751,355,17.755
US82312B1061,10628209,SHEN,USD,2022-09-27,17.82,18.08,17.2,17.23,651,311,17.357
US82312B1061,10628209,SHEN,USD,2022-09-28,17.46,18.02,17.34,17.83,850,336,17.823
US82312B1061,10628209,SHEN,USD,2022-09-29,17.63,17.74,16.99,17.22,808,377,17.178
US82312B1061,10628209,SHEN,USD,2022-09-30,17.22,17.66,16.97,17.02,1397,527,17.118
US82312B1061,10628209,SHEN,USD,2022-10-03,17.12,17.77,16.98,17.51,1375,850,17.518
US82312B1061,10628209,SHEN,USD,2022-10-04,17.64,17.96,17.41,17.68,1567,884,17.638
US82312B1061,10628209,SHEN,USD,2022-10-05,17.68,17.68,16.5,16.57,1091,549,16.647
US82312B1061,10628209,SHEN,USD,2022-10-06,16.5,16.62,16.17,16.2,1095,555,16.258
US82312B1061,10628209,SHEN,USD,2022-10-07,16.11,16.12,15.63,15.83,1152,508,15.804
US82312B1061,10628209,SHEN,USD,2022-10-10,15.88,16.31,15.75,16.21,1402,787,16.181
US82312B1061,10628209,SHEN,USD,2022-10-11,16.14,16.58,16.09,16.45,1330,630,16.427
US82312B1061,10628209,SHEN,USD,2022-10-12,16.55,16.55,16.05,16.44,740,360,16.433
US82312B1061,10628209,SHEN,USD,2022-10-13,16.29,17.44,16.13,17.42,941,495,17.278
US82312B1061,10628209,SHEN,USD,2022-10-14,17.48,17.78,17.18,17.33,1094,444,17.354
US82312B1061,10628209,SHEN,USD,2022-10-17,17.69,18.45,17.69,18.4,1484,638,18.342
US82312B1061,10628209,SHEN,USD,2022-10-18,18.68,19.2,18.18,18.5,930,465,18.528
US82312B1061,10628209,SHEN,USD,2022-10-19,18.28,18.84,18.25,18.81,718,394,18.732
US82312B1061,10628209,SHEN,USD,2022-10-20,18.79,19.35,18.73,19.04,1107,675,19.056
US82312B1061,10628209,SHEN,USD,2022-10-21,19.08,19.27,18.78,19.16,828,351,19.11
US82312B1061,10628209,SHEN,USD,2022-10-24,19.31,19.39,19.05,19.26,742,361,19.23
US82312B1061,10628209,SHEN,USD,2022-10-25,19.43,19.86,19.34,19.71,867,452,19.693
US82312B1061,10628209,SHEN,USD,2022-10-26,20.0,21.37,19.94,20.59,1211,606,20.714
US82312B1061,10628209,SHEN,USD,2022-10-27,20.64,21.79,20.63,21.48,880,516,21.427
US82312B1061,10628209,SHEN,USD,2022-10-28,21.85,22.53,21.5,22.5,792,499,22.373
US82312B1061,10628209,SHEN,USD,2022-10-31,22.49,22.69,22.08,22.66,1328,381,22.58
US82312B1061,10628209,SHEN,USD,2022-11-01,22.81,22.81,20.75,22.49,1103,569,22.437
US82312B1061,10628209,SHEN,USD,2022-11-02,21.38,21.85,18.86,19.25,1209,682,19.925
US82312B1061,10628209,SHEN,USD,2022-11-03,18.89,18.89,17.98,18.35,1762,990,18.31
US82312B1061,10628209,SHEN,USD,2022-11-04,18.24,19.25,17.52,19.19,1298,837,18.711
US82312B1061,10628209,SHEN,USD,2022-11-07,19.12,19.36,17.19,17.91,1667,1028,17.827
US82312B1061,10628209,SHEN,USD,2022-11-08,17.94,18.16,17.67,17.97,1200,849,17.887
US82312B1061,10628209,SHEN,USD,2022-11-09,17.89,18.57,17.29,17.53,1271,731,17.566
US82312B1061,10628209,SHEN,USD,2022-11-10,18.15,18.88,18.15,18.79,1193,576,18.752
US82312B1061,10628209,SHEN,USD,2022-11-11,18.79,19.42,17.18,19.06,872,409,19.09
US82312B1061,10628209,SHEN,USD,2022-11-14,18.95,18.96,18.37,18.4,800,491,18.559
US82312B1061,10628209,SHEN,USD,2022-11-15,18.62,19.08,18.31,18.89,715,320,18.824
US82312B1061,10628209,SHEN,USD,2022-11-16,18.9,18.99,18.49,18.97,553,247,18.899
US82312B1061,10628209,SHEN,USD,2022-11-17,18.8,19.25,18.67,19.19,555,229,19.123
US82312B1061,10628209,SHEN,USD,2022-11-18,19.58,19.64,19.01,19.07,1037,375,19.263
US82312B1061,10628209,SHEN,USD,2022-11-21,19.04,19.51,18.87,19.45,690,395,19.327
US82312B1061,10628209,SHEN,USD,2022-11-22,19.5,19.5,18.85,19.35,554,254,19.22
US82312B1061,10628209,SHEN,USD,2022-11-23,19.37,19.56,19.15,19.55,305,105,19.503
US82312B1061,10628209,SHEN,USD,2022-11-25,19.47,19.89,19.47,19.89,258,133,19.808
US82312B1061,10628209,SHEN,USD,2022-11-28,19.88,19.88,18.8,18.88,636,333,18.949
US82312B1061,10628209,SHEN,USD,2022-11-29,18.87,19.02,18.63,18.92,815,382,18.871
US82312B1061,10628209,SHEN,USD,2022-11-30,18.88,19.64,18.62,19.47,1219,398,19.362
US82312B1061,10628209,SHEN,USD,2022-12-01,19.42,19.95,18.75,18.83,957,563,19.034
US82312B1061,10628209,SHEN,USD,2022-12-02,18.69,18.91,18.47,18.73,747,359,18.747
US82312B1061,10628209,SHEN,USD,2022-12-05,18.54,18.91,18.35,18.41,761,382,18.484
US82312B1061,10628209,SHEN,USD,2022-12-06,18.36,18.4,17.94,18.17,431,252,18.155
US82312B1061,10628209,SHEN,USD,2022-12-07,18.29,18.61,18.14,18.29,573,289,18.344
US82312B1061,10628209,SHEN,USD,2022-12-08,18.3,18.53,18.1,18.2,599,294,18.267
US82312B1061,10628209,SHEN,USD,2022-12-09,18.05,18.52,18.0,18.26,521,187,18.278
US82312B1061,10628209,SHEN,USD,2022-12-12,18.24,18.45,17.98,18.02,597,207,18.057
US82312B1061,10628209,SHEN,USD,2022-12-13,18.28,18.94,18.0,18.05,1367,422,18.156
US82312B1061,10628209,SHEN,USD,2022-12-14,17.94,18.42,17.76,17.91,840,356,18.019
US82312B1061,10628209,SHEN,USD,2022-12-15,17.76,17.9,17.16,17.26,1430,700,17.32
US82312B1061,10628209,SHEN,USD,2022-12-16,17.0,17.15,16.52,16.91,3365,507,16.93
US82312B1061,10628209,SHEN,USD,2022-12-19,16.8,17.24,16.47,16.52,1266,418,16.637
US82312B1061,10628209,SHEN,USD,2022-12-20,16.49,16.95,16.17,16.59,1004,468,16.633
US82312B1061,10628209,SHEN,USD,2022-12-21,16.99,17.41,16.7,17.07,687,292,17.082
US82312B1061,10628209,SHEN,USD,2022-12-22,16.88,17.6,16.27,16.6,1131,543,16.573
US82312B1061,10628209,SHEN,USD,2022-12-23,16.56,16.99,16.16,16.66,582,223,16.631
US82312B1061,10628209,SHEN,USD,2022-12-27,16.66,16.72,16.29,16.35,521,264,16.406
US82312B1061,10628209,SHEN,USD,2022-12-28,16.32,16.42,15.76,15.78,699,343,15.878
US82312B1061,10628209,SHEN,USD,2022-12-29,15.97,16.22,15.81,15.99,815,345,16.024
US82312B1061,10628209,SHEN,USD,2022-12-30,15.88,15.93,15.64,15.85,1016,397,15.827
US82312B1061,10628209,SHEN,USD,2023-01-03,16.12,16.64,15.62,16.36,1019,463,16.358
US82312B1061,10628209,SHEN,USD,2023-01-04,16.59,16.82,16.18,16.51,883,359,16.516
US82312B1061,10628209,SHEN,USD,2023-01-05,16.52,16.54,16.2,16.34,674,325,16.352
US82312B1061,10628209,SHEN,USD,2023-01-06,16.6,17.04,16.47,16.9,691,270,16.891
US82312B1061,10628209,SHEN,USD,2023-01-09,16.92,17.09,16.68,16.74,592,245,16.8
US82312B1061,10628209,SHEN,USD,2023-01-10,16.65,16.89,16.47,16.88,604,151,16.837
US82312B1061,10628209,SHEN,USD,2023-01-11,17.03,17.26,16.93,17.26,592,251,17.206
US82312B1061,10628209,SHEN,USD,2023-01-12,17.36,17.97,17.25,17.91,741,277,17.852
US82312B1061,10628209,SHEN,USD,2023-01-13,17.74,18.23,17.74,18.1,447,209,18.081
US82312B1061,10628209,SHEN,USD,2023-01-17,18.1,18.23,17.94,18.21,354,134,18.161
US82312B1061,10628209,SHEN,USD,2023-01-18,18.24,18.37,17.83,18.21,539,279,18.164
US82312B1061,10628209,SHEN,USD,2023-01-19,17.96,18.36,17.68,18.34,601,262,18.243
US82312B1061,10628209,SHEN,USD,2023-01-20,18.57,19.47,18.21,18.75,889,214,18.57
US82312B1061,10628209,SHEN,USD,2023-01-23,18.48,19.02,18.3,18.97,529,256,18.86
US82312B1061,10628209,SHEN,USD,2023-01-24,18.81,19.11,18.46,18.54,436,241,18.698
US82312B1061,10628209,SHEN,USD,2023-01-25,18.44,18.94,18.33,18.91,338,161,18.781
US82312B1061,10628209,SHEN,USD,2023-01-26,19.05,19.37,18.72,19.02,410,173,18.961
US82312B1061,10628209,SHEN,USD,2023-01-27,18.9,19.6,18.9,19.51,453,260,19.437
US82312B1061,10628209,SHEN,USD,2023-01-30,19.51,19.65,19.19,19.22,486,184,19.296
US82312B1061,10628209,SHEN,USD,2023-01-31,19.24,19.79,19.19,19.55,1630,665,19.484
US82312B1061,10628209,SHEN,USD,2023-02-01,19.41,20.42,19.41,20.07,1029,458,19.999
US82312B1061,10628209,SHEN,USD,2023-02-02,20.11,21.07,19.72,20.74,868,384,20.681
US82312B1061,10628209,SHEN,USD,2023-02-03,20.44,20.81,20.06,20.28,1425,489,20.359
US82312B1061,10628209,SHEN,USD,2023-02-06,20.06,20.06,18.29,18.94,692,396,18.897
US82312B1061,10628209,SHEN,USD,2023-02-07,18.75,18.91,18.14,18.57,883,415,18.552
US82312B1061,10628209,SHEN,USD,2023-02-08,18.39,18.76,18.35,18.51,525,317,18.511
US82312B1061,10628209,SHEN,USD,2023-02-09,18.54,18.83,18.37,18.46,540,306,18.51
US82312B1061,10628209,SHEN,USD,2023-02-10,18.39,18.86,18.28,18.71,446,164,18.687
US82312B1061,10628209,SHEN,USD,2023-02-13,18.7,19.33,18.56,19.31,403,172,19.181
US82312B1061,10628209,SHEN,USD,2023-02-14,19.11,19.49,18.92,19.04,560,252,19.064
US82312B1061,10628209,SHEN,USD,2023-02-15,18.81,19.32,18.69,19.29,534,213,19.219
US82312B1061,10628209,SHEN,USD,2023-02-16,19.04,19.09,18.3,18.81,703,331,18.754
US82312B1061,10628209,SHEN,USD,2023-02-17,18.92,19.72,18.92,19.66,819,355,19.461
US82312B1061,10628209,SHEN,USD,2023-02-21,19.33,19.53,18.76,18.86,997,413,18.902
US82312B1061,10628209,SHEN,USD,2023-02-22,18.41,20.23,18.41,19.9,1505,721,19.843
US82312B1061,10628209,SHEN,USD,2023-02-23,19.99,19.99,19.02,19.59,794,432,19.54
US82312B1061,10628209,SHEN,USD,2023-02-24,19.26,19.75,19.0,19.68,1093,592,19.604
US82312B1061,10628209,SHEN,USD,2023-02-27,19.86,19.93,18.99,19.07,707,380,19.204
US82312B1061,10628209,SHEN,USD,2023-02-28,18.97,19.75,18.97,19.52,791,292,19.535
US82312B1061,10628209,SHEN,USD,2023-03-01,19.5,19.64,18.93,19.36,477,219,19.348
US82312B1061,10628209,SHEN,USD,2023-03-02,19.25,19.31,19.01,19.16,501,239,19.148
US82312B1061,10628209,SHEN,USD,2023-03-03,19.36,19.63,18.97,19.53,1103,397,19.465
US82312B1061,10628209,SHEN,USD,2023-03-06,19.48,19.53,17.72,17.81,1479,722,18.032
US82312B1061,10628209,SHEN,USD,2023-03-07,17.89,18.08,17.24,17.62,1256,632,17.659
US82312B1061,10628209,SHEN,USD,2023-03-08,17.74,18.75,17.01,18.65,992,476,18.486
US82312B1061,10628209,SHEN,USD,2023-03-09,18.64,19.19,18.45,18.61,1065,391,18.661
US82312B1061,10628209,SHEN,USD,2023-03-10,18.52,18.95,18.18,18.69,800,394,18.564
US82312B1061,10628209,SHEN,USD,2023-03-13,18.23,18.76,17.57,18.46,665,335,18.424
US82312B1061,10628209,SHEN,USD,2023-03-14,19.07,19.07,18.55,18.93,941,406,18.882
US82312B1061,10628209,SHEN,USD,2023-03-15,18.46,19.01,17.72,18.99,1373,600,18.796
US82312B1061,10628209,SHEN,USD,2023-03-16,18.65,19.42,17.88,19.35,1525,627,19.123
US82312B1061,10628209,SHEN,USD,2023-03-17,19.18,19.69,18.6,19.03,5175,767,19.043
US82312B1061,10628209,SHEN,USD,2023-03-20,19.13,19.51,19.07,19.36,1040,483,19.346
US82312B1061,10628209,SHEN,USD,2023-03-21,19.62,19.85,19.1,19.18,1096,572,19.263
US82312B1061,10628209,SHEN,USD,2023-03-22,19.18,19.18,18.57,18.59,1238,521,18.808
US82312B1061,10628209,SHEN,USD,2023-03-23,18.7,19.15,18.25,18.46,987,490,18.486
US82312B1061,10628209,SHEN,USD,2023-03-24,18.32,18.58,17.94,18.33,834,430,18.31
US82312B1061,10628209,SHEN,USD,2023-03-27,18.49,19.19,18.35,18.49,713,388,18.507
US82312B1061,10628209,SHEN,USD,2023-03-28,18.48,18.8,18.34,18.53,458,213,18.553
US82312B1061,10628209,SHEN,USD,2023-03-29,18.64,19.23,18.51,18.64,765,239,18.654
US82312B1061,10628209,SHEN,USD,2023-03-30,18.74,18.74,18.45,18.51,472,221,18.537
US82312B1061,10628209,SHEN,USD,2023-03-31,18.72,19.1,18.55,19.02,1580,414,18.998
US82312B1061,10628209,SHEN,USD,2023-04-03,19.0,19.22,18.78,18.93,907,344,18.921
US82312B1061,10628209,SHEN,USD,2023-04-04,18.92,19.14,18.59,19.13,1084,569,18.994
US82312B1061,10628209,SHEN,USD,2023-04-05,19.09,19.61,19.04,19.57,609,252,19.479
US82312B1061,10628209,SHEN,USD,2023-04-06,19.61,19.84,19.49,19.81,391,139,19.757
US82312B1061,10628209,SHEN,USD,2023-04-10,19.65,20.05,19.51,19.98,789,262,19.926
US82312B1061,10628209,SHEN,USD,2023-04-11,19.98,20.45,19.98,20.21,489,235,20.238
US82312B1061,10628209,SHEN,USD,2023-04-12,20.4,20.4,19.82,19.96,392,194,19.98
US82312B1061,10628209,SHEN,USD,2023-04-13,19.96,20.29,19.95,20.26,597,243,20.188
US82312B1061,10628209,SHEN,USD,2023-04-14,20.21,20.38,19.78,20.04,660,320,20.038
US82312B1061,10628209,SHEN,USD,2023-04-17,20.06,20.34,19.93,20.31,549,280,20.224
US82312B1061,10628209,SHEN,USD,2023-04-18,20.29,20.38,19.48,19.66,496,291,19.725
US82312B1061,10628209,SHEN,USD,2023-04-19,19.51,19.72,19.41,19.48,650,286,19.495
US82312B1061,10628209,SHEN,USD,2023-04-20,19.34,19.45,18.91,19.35,830,314,19.296
US82312B1061,10628209,SHEN,USD,2023-04-21,19.25,19.47,19.04,19.26,684,274,19.228
US82312B1061,10628209,SHEN,USD,2023-04-24,19.26,19.56,18.83,18.84,473,239,18.984
US82312B1061,10628209,SHEN,USD,2023-04-25,18.65,18.91,18.31,18.44,642,277,18.483
US82312B1061,10628209,SHEN,USD,2023-04-26,18.32,18.69,18.26,18.38,553,276,18.387
US82312B1061,10628209,SHEN,USD,2023-04-27,18.53,19.49,18.5,19.49,693,302,18.938
US82312B1061,10628209,SHEN,USD,2023-04-28,19.94,20.93,18.79,20.81,1183,613,20.707
US82312B1061,10628209,SHEN,USD,2023-05-01,20.81,20.99,19.84,19.95,783,481,20.169
US82312B1061,10628209,SHEN,USD,2023-05-02,19.84,20.13,19.28,19.61,945,538,19.691
US82312B1061,10628209,SHEN,USD,2023-05-03,19.73,20.19,19.56,19.64,781,399,19.714
US82312B1061,10628209,SHEN,USD,2023-05-04,19.63,19.73,19.39,19.58,546,246,19.564
US82312B1061,10628209,SHEN,USD,2023-05-05,19.7,19.96,18.95,19.41,774,300,19.385
US82312B1061,10628209,SHEN,USD,2023-05-08,19.34,19.7,18.68,19.14,676,323,19.079
US82312B1061,10628209,SHEN,USD,2023-05-09,19.02,19.17,18.52,18.94,498,205,18.955
US82312B1061,10628209,SHEN,USD,2023-05-10,19.22,19.51,19.08,19.43,582,252,19.394
US82312B1061,10628209,SHEN,USD,2023-05-11,19.35,19.6,19.19,19.38,471,193,19.371
US82312B1061,10628209,SHEN,USD,2023-05-12,19.39,19.53,19.15,19.31,324,148,19.282
US82312B1061,10628209,SHEN,USD,2023-05-15,19.35,19.55,19.14,19.52,431,218,19.458
US82312B1061,10628209,SHEN,USD,2023-05-16,19.38,19.49,19.15,19.16,305,136,19.244
US82312B1061,10628209,SHEN,USD,2023-05-17,19.24,19.7,18.97,19.66,595,344,19.56
US82312B1061,10628209,SHEN,USD,2023-05-18,19.65,19.94,19.47,19.88,471,214,19.794
US82312B1061,10628209,SHEN,USD,2023-05-19,20.06,20.13,19.82,20.02,565,226,20.011
US82312B1061,10628209,SHEN,USD,2023-05-22,20.1,20.64,19.89,20.39,453,208,20.388
US82312B1061,10628209,SHEN,USD,2023-05-23,20.31,20.39,19.63,20.05,715,330,20.172
US82312B1061,10628209,SHEN,USD,2023-05-24,19.96,20.28,19.5,19.54,406,145,19.588
US82312B1061,10628209,SHEN,USD,2023-05-25,19.4,19.4,18.34,18.87,388,162,18.929
US82312B1061,10628209,SHEN,USD,2023-05-26,18.75,19.33,18.75,19.18,489,229,19.158
US82312B1061,10628209,SHEN,USD,2023-05-30,19.23,19.44,19.03,19.22,333,152,19.241
US82312B1061,10628209,SHEN,USD,2023-05-31,19.24,19.35,18.84,18.98,734,209,18.986
US82312B1061,10628209,SHEN,USD,2023-06-01,18.98,19.01,18.49,18.99,468,178,18.932
US82312B1061,10628209,SHEN,USD,2023-06-02,19.01,19.98,19.01,19.9,856,459,19.737
US82312B1061,10628209,SHEN,USD,2023-06-05,19.56,19.56,18.2,18.86,651,328,18.822
US82312B1061,10628209,SHEN,USD,2023-06-06,18.69,19.61,18.69,19.49,647,313,19.411
US82312B1061,10628209,SHEN,USD,2023-06-07,19.6,20.54,19.6,20.48,768,316,20.357
US82312B1061,10628209,SHEN,USD,2023-06-08,20.38,20.58,19.85,20.56,672,369,20.41
US82312B1061,10628209,SHEN,USD,2023-06-09,20.59,20.59,20.0,20.35,448,242,20.278
US82312B1061,10628209,SHEN,USD,2023-06-12,20.41,20.73,20.26,20.71,655,263,20.624
US82312B1061,10628209,SHEN,USD,2023-06-13,20.75,21.0,19.94,20.46,751,372,20.511
US82312B1061,10628209,SHEN,USD,2023-06-14,20.49,20.71,19.95,20.16,1006,426,20.201
US82312B1061,10628209,SHEN,USD,2023-06-15,20.16,20.36,19.61,20.36,1030,414,20.274
US82312B1061,10628209,SHEN,USD,2023-06-16,20.62,20.62,19.8,20.12,4259,345,20.179
US82312B1061,10628209,SHEN,USD,2023-06-20,20.14,20.14,19.68,19.85,832,273,19.896
US82312B1061,10628209,SHEN,USD,2023-06-21,19.84,19.92,19.47,19.71,757,248,19.74
US82312B1061,10628209,SHEN,USD,2023-06-22,19.73,19.73,19.2,19.22,497,234,19.266
US82312B1061,10628209,SHEN,USD,2023-06-23,19.0,19.82,18.55,18.7,2608,857,18.842
US82312B1061,10628209,SHEN,USD,2023-06-26,18.68,19.26,18.61,19.06,523,230,19.067
US82312B1061,10628209,SHEN,USD,2023-06-27,19.04,19.54,18.83,19.34,508,278,19.324
US82312B1061,10628209,SHEN,USD,2023-06-28,19.37,19.53,19.14,19.5,507,201,19.398
US82312B1061,10628209,SHEN,USD,2023-06-29,19.51,19.92,19.43,19.56,926,406,19.568
US82312B1061,10628209,SHEN,USD,2023-06-30,19.7,19.7,19.42,19.43,676,259,19.474
US82312B1061,10628209,SHEN,USD,2023-07-03,19.43,19.95,19.43,19.8,305,163,19.777
US82312B1061,10628209,SHEN,USD,2023-07-05,19.76,19.76,18.6,18.63,1112,648,18.916
US82312B1061,10628209,SHEN,USD,2023-07-06,18.4,18.61,18.09,18.57,628,295,18.486
US82312B1061,10628209,SHEN,USD,2023-07-07,18.68,19.1,18.59,18.9,485,180,18.912
US82312B1061,10628209,SHEN,USD,2023-07-10,18.81,19.05,18.55,18.66,551,272,18.694
US82312B1061,10628209,SHEN,USD,2023-07-11,18.64,18.81,18.24,18.55,510,253,18.456
US82312B1061,10628209,SHEN,USD,2023-07-12,18.87,19.03,18.76,18.86,735,317,18.884
US82312B1061,10628209,SHEN,USD,2023-07-13,18.85,18.94,18.72,18.84,523,157,18.831
US82312B1061,10628209,SHEN,USD,2023-07-14,18.71,18.71,18.31,18.43,414,194,18.462
US82312B1061,10628209,SHEN,USD,2023-07-17,18.37,18.55,18.02,18.07,708,393,18.178
US82312B1061,10628209,SHEN,USD,2023-07-18,18.05,18.65,18.05,18.48,649,385,18.4
US82312B1061,10628209,SHEN,USD,2023-07-19,18.65,18.9,18.57,18.76,437,205,18.731
US82312B1061,10628209,SHEN,USD,2023-07-20,18.83,19.06,18.59,19.04,436,207,18.932
US82312B1061,10628209,SHEN,USD,2023-07-21,19.16,19.27,18.52,18.54,690,232,18.808
US82312B1061,10628209,SHEN,USD,2023-07-24,18.51,19.16,18.25,18.87,489,216,18.892
US82312B1061,10628209,SHEN,USD,2023-07-25,18.77,18.96,18.52,18.8,328,165,18.747
US82312B1061,10628209,SHEN,USD,2023-07-26,18.8,19.17,18.8,19.0,294,147,18.98
US82312B1061,10628209,SHEN,USD,2023-07-27,19.08,19.19,18.67,18.74,358,147,18.774
US82312B1061,10628209,SHEN,USD,2023-07-28,18.83,19.09,18.83,18.84,365,133,18.893
US82312B1061,10628209,SHEN,USD,2023-07-31,18.86,19.05,18.58,18.67,671,201,18.689
US82312B1061,10628209,SHEN,USD,2023-08-01,18.62,18.62,18.13,18.43,554,245,18.396
US82312B1061,10628209,SHEN,USD,2023-08-02,18.95,19.57,18.45,19.09,902,558,19.099
US82312B1061,10628209,SHEN,USD,2023-08-03,19.26,19.28,18.86,18.86,442,211,18.938
US82312B1061,10628209,SHEN,USD,2023-08-04,19.1,19.8,19.02,19.7,747,438,19.598
US82312B1061,10628209,SHEN,USD,2023-08-07,19.85,20.0,19.45,19.86,631,279,19.835
US82312B1061,10628209,SHEN,USD,2023-08-08,19.85,21.84,19.56,21.42,2155,1010,21.0
US82312B1061,10628209,SHEN,USD,2023-08-09,21.46,21.66,20.64,21.17,740,239,21.127
US82312B1061,10628209,SHEN,USD,2023-08-10,21.2,21.69,20.98,21.66,592,208,21.548
US82312B1061,10628209,SHEN,USD,2023-08-11,21.77,23.5,21.6,23.5,1225,462,22.48
US82312B1061,10628209,SHEN,USD,2023-08-14,23.33,23.84,22.23,23.84,1785,930,22.983
US82312B1061,10628209,SHEN,USD,2023-08-15,22.88,23.25,22.65,23.06,692,409,23.021
US82312B1061,10628209,SHEN,USD,2023-08-16,23.0,23.19,22.26,22.29,857,507,22.73
US82312B1061,10628209,SHEN,USD,2023-08-17,22.4,22.74,22.11,22.59,664,313,22.526
US82312B1061,10628209,SHEN,USD,2023-08-18,22.36,22.95,22.36,22.84,914,384,22.746
US82312B1061,10628209,SHEN,USD,2023-08-21,22.65,22.8,22.33,22.45,577,309,22.54
US82312B1061,10628209,SHEN,USD,2023-08-22,22.37,22.59,22.02,22.23,802,471,22.277
US82312B1061,10628209,SHEN,USD,2023-08-23,22.22,22.59,22.15,22.48,381,163,22.451
US82312B1061,10628209,SHEN,USD,2023-08-24,22.35,22.75,22.16,22.47,751,242,22.454
US82312B1061,10628209,SHEN,USD,2023-08-25,22.47,22.54,21.99,22.01,967,340,22.169
US82312B1061,10628209,SHEN,USD,2023-08-28,22.01,22.35,22.0,22.24,511,256,22.172
US82312B1061,10628209,SHEN,USD,2023-08-29,22.24,22.79,21.53,22.73,436,242,22.584
US82312B1061,10628209,SHEN,USD,2023-08-30,22.72,23.11,22.58,22.91,309,152,22.897
US82312B1061,10628209,SHEN,USD,2023-08-31,22.97,23.17,21.45,22.5,558,165,22.78
US82312B1061,10628209,SHEN,USD,2023-09-01,22.79,23.0,22.46,22.55,635,237,22.641
US82312B1061,10628209,SHEN,USD,2023-09-05,22.3,22.53,20.52,20.91,1011,604,21.042
US82312B1061,10628209,SHEN,USD,2023-09-06,20.91,21.13,20.51,20.58,639,430,20.711
US82312B1061,10628209,SHEN,USD,2023-09-07,20.6,20.84,20.29,20.76,623,228,20.732
US82312B1061,10628209,SHEN,USD,2023-09-08,20.8,21.04,20.5,20.85,408,199,20.833
US82312B1061,10628209,SHEN,USD,2023-09-11,20.85,21.04,20.6,20.87,518,276,20.851
US82312B1061,10628209,SHEN,USD,2023-09-12,21.0,21.22,20.69,20.77,353,164,20.844
US82312B1061,10628209,SHEN,USD,2023-09-13,20.57,20.76,20.29,20.45,861,265,20.465
US82312B1061,10628209,SHEN,USD,2023-09-14,20.69,20.98,20.58,20.93,672,229,20.883
US82312B1061,10628209,SHEN,USD,2023-09-15,20.96,21.35,20.79,20.98,5524,463,20.98
US82312B1061,10628209,SHEN,USD,2023-09-18,21.08,21.23,20.57,20.66,819,254,20.728
US82312B1061,10628209,SHEN,USD,2023-09-19,20.69,20.89,20.41,20.8,980,262,20.769
US82312B1061,10628209,SHEN,USD,2023-09-20,20.97,21.13,20.47,20.54,698,324,20.625
US82312B1061,10628209,SHEN,USD,2023-09-21,20.43,20.86,20.29,20.7,588,254,20.687
US82312B1061,10628209,SHEN,USD,2023-09-22,20.74,20.86,20.35,20.4,482,204,20.478
US82312B1061,10628209,SHEN,USD,2023-09-25,20.36,20.69,20.28,20.66,420,165,20.615
US82312B1061,10628209,SHEN,USD,2023-09-26,20.45,20.67,20.25,20.42,584,222,20.403
US82312B1061,10628209,SHEN,USD,2023-09-27,20.57,21.02,20.57,20.85,557,239,20.862
US82312B1061,10628209,SHEN,USD,2023-09-28,20.91,21.45,20.91,21.03,1048,351,21.078
US82312B1061,10628209,SHEN,USD,2023-09-29,21.03,21.08,20.53,20.61,1119,466,20.68
US82312B1061,10628209,SHEN,USD,2023-10-02,20.58,20.85,20.5,20.81,1166,415,20.76
US82312B1061,10628209,SHEN,USD,2023-10-03,20.61,21.22,20.45,21.1,591,299,21.033
US82312B1061,10628209,SHEN,USD,2023-10-04,21.16,21.9,21.05,21.84,698,338,21.724
US82312B1061,10628209,SHEN,USD,2023-10-05,21.76,22.29,21.65,22.0,1091,313,21.991
US82312B1061,10628209,SHEN,USD,2023-10-06,21.82,21.95,21.36,21.7,575,212,21.742
US82312B1061,10628209,SHEN,USD,2023-10-09,21.67,22.17,21.67,22.14,408,154,22.074
US82312B1061,10628209,SHEN,USD,2023-10-10,22.1,22.49,22.1,22.2,645,215,22.237
US82312B1061,10628209,SHEN,USD,2023-10-11,22.04,22.31,22.0,22.19,414,163,22.153
US82312B1061,10628209,SHEN,USD,2023-10-12,22.26,22.26,21.58,21.86,486,190,21.834
US82312B1061,10628209,SHEN,USD,2023-10-13,21.88,21.88,21.52,21.66,508,90,21.658
US82312B1061,10628209,SHEN,USD,2023-10-16,21.74,22.41,21.74,22.38,559,183,22.302
US82312B1061,10628209,SHEN,USD,2023-10-17,22.22,22.85,22.22,22.72,1096,338,22.705
US82312B1061,10628209,SHEN,USD,2023-10-18,22.51,22.57,22.25,22.47,372,142,22.471
US82312B1061,10628209,SHEN,USD,2023-10-19,22.55,22.66,22.18,22.21,566,184,22.255
US82312B1061,10628209,SHEN,USD,2023-10-20,22.35,22.43,21.93,21.94,916,266,22.076
US82312B1061,10628209,SHEN,USD,2023-10-23,21.87,22.31,21.76,21.85,536,226,21.938
US82312B1061,10628209,SHEN,USD,2023-10-24,22.1,22.44,22.1,22.35,430,170,22.333
US82312B1061,10628209,SHEN,USD,2023-10-25,21.7,24.8,21.3,24.69,1929,873,24.136
US82312B1061,10628209,SHEN,USD,2023-10-26,24.81,25.02,24.24,24.5,984,478,24.64
US82312B1061,10628209,SHEN,USD,2023-10-27,24.4,24.4,22.74,23.04,732,353,23.13
US82312B1061,10628209,SHEN,USD,2023-10-30,22.86,23.35,22.73,23.14,572,259,23.086
US82312B1061,10628209,SHEN,USD,2023-10-31,23.19,23.75,23.15,23.66,628,220,23.632
US82312B1061,10628209,SHEN,USD,2023-11-01,23.66,23.75,23.15,23.51,717,243,23.512
US82312B1061,10628209,SHEN,USD,2023-11-02,23.62,24.13,23.44,24.13,975,330,24.012
US82312B1061,10628209,SHEN,USD,2023-11-03,24.5,25.51,23.79,24.74,986,373,24.716
US82312B1061,10628209,SHEN,USD,2023-11-06,24.5,24.81,22.24,24.61,836,296,24.53
US82312B1061,10628209,SHEN,USD,2023-11-07,24.49,24.54,23.94,24.08,502,172,24.102
US82312B1061,10628209,SHEN,USD,2023-11-08,24.05,24.05,23.57,23.79,459,185,23.756
US82312B1061,10628209,SHEN,USD,2023-11-09,23.86,23.87,23.49,23.66,692,211,23.656
US82312B1061,10628209,SHEN,USD,2023-11-10,23.85,23.85,23.35,23.44,706,249,23.487
US82312B1061,10628209,SHEN,USD,2023-11-13,23.2,23.41,22.95,23.17,369,153,23.185
US82312B1061,10628209,SHEN,USD,2023-11-14,23.7,24.24,23.31,24.15,1019,509,24.061
US82312B1061,10628209,SHEN,USD,2023-11-15,23.93,24.32,23.65,24.07,722,306,24.023
US82312B1061,10628209,SHEN,USD,2023-11-16,24.11,24.22,23.56,23.65,599,317,23.692
US82312B1061,10628209,SHEN,USD,2023-11-17,23.65,24.13,23.48,23.6,997,293,23.706
US82312B1061,10628209,SHEN,USD,2023-11-20,23.5,23.72,23.23,23.45,747,331,23.482
US82312B1061,10628209,SHEN,USD,2023-11-21,23.47,23.49,23.07,23.11,428,205,23.164
US82312B1061,10628209,SHEN,USD,2023-11-22,23.31,23.47,22.89,23.12,355,205,23.115
US82312B1061,10628209,SHEN,USD,2023-11-24,23.12,23.56,23.12,23.55,165,86,23.456
US82312B1061,10628209,SHEN,USD,2023-11-27,23.25,23.4,23.03,23.13,517,206,23.156
US82312B1061,10628209,SHEN,USD,2023-11-28,23.05,23.05,22.58,22.7,484,211,22.737
US82312B1061,10628209,SHEN,USD,2023-11-29,22.83,23.13,22.3,22.35,735,289,22.441
US82312B1061,10628209,SHEN,USD,2023-11-30,22.58,22.68,22.0,22.27,761,184,22.288
US82312B1061,10628209,SHEN,USD,2023-12-01,22.29,22.87,22.21,22.75,862,309,22.718
US82312B1061,10628209,SHEN,USD,2023-12-04,22.51,22.97,22.37,22.64,807,415,22.622
US82312B1061,10628209,SHEN,USD,2023-12-05,22.64,22.64,21.57,21.65,1087,475,21.735
US82312B1061,10628209,SHEN,USD,2023-12-06,21.71,21.87,20.93,21.18,810,419,21.217
US82312B1061,10628209,SHEN,USD,2023-12-07,21.33,21.4,20.67,21.35,1178,606,21.291
US82312B1061,10628209,SHEN,USD,2023-12-08,21.29,21.46,20.46,20.82,834,416,20.787
US82312B1061,10628209,SHEN,USD,2023-12-11,20.87,21.04,20.67,20.99,877,360,20.935
US82312B1061,10628209,SHEN,USD,2023-12-12,20.96,21.02,20.47,20.57,747,338,20.663
US82312B1061,10628209,SHEN,USD,2023-12-13,20.46,20.98,20.07,20.89,1303,581,20.699
US82312B1061,10628209,SHEN,USD,2023-12-14,21.17,21.43,20.43,20.64,1135,486,20.681
US82312B1061,10628209,SHEN,USD,2023-12-15,20.84,20.84,20.02,20.28,9734,707,20.335
US82312B1061,10628209,SHEN,USD,2023-12-18,20.53,21.03,20.28,20.43,1201,592,20.452
US82312B1061,10628209,SHEN,USD,2023-12-19,20.5,21.27,20.15,21.23,1596,772,21.096
US82312B1061,10628209,SHEN,USD,2023-12-20,21.22,21.71,20.82,20.9,1193,668,21.089
US82312B1061,10628209,SHEN,USD,2023-12-21,21.01,21.64,20.74,21.03,812,372,21.008
US82312B1061,10628209,SHEN,USD,2023-12-22,21.14,21.35,20.94,21.09,673,360,21.1
US82312B1061,10628209,SHEN,USD,2023-12-26,21.19,21.51,21.04,21.44,567,278,21.408
US82312B1061,10628209,SHEN,USD,2023-12-27,21.43,21.57,20.9,21.42,629,304,21.415
US82312B1061,10628209,SHEN,USD,2023-12-28,21.42,21.61,21.26,21.42,577,196,21.421
US82312B1061,10628209,SHEN,USD,2023-12-29,21.35,21.67,21.32,21.62,954,246,21.599
